Step,Time,SpeedX,SpeedY,SpeedZ,TrackPos,Angle,RPM,Gear_State,CurLapTime,DistFromStart,DistRaced,Fuel,Damage,RacePos,Accel,Brake,Steer,Gear_Control,Clutch,Meta,IsAutoShifting,LastManualShiftTime,SteerDirection,IsStopped
0,1746968212.1747396,0.0921063,0.126593,-0.0916573,0.343006,0.0121934,1047.2,0,-0.982,2952.63,0,50,1,1,0.0,0.0,0.0,1,0.0,0,True,1746968150.7545493,,False
1,1746968212.1927278,0.0921063,0.126593,-0.0916573,0.343006,0.0121934,1047.2,0,-0.962,2952.63,0,50,1,1,0.0,0.0,0.0,1,0.0,0,True,1746968150.7545493,,False
2,1746968212.2141762,0.0921063,0.126593,-0.0916573,0.343006,0.0121934,1047.2,0,-0.942,2952.63,0,50,1,1,0.0,0.0,0.0,1,0.0,0,True,1746968150.7545493,,False
3,1746968212.2329063,0.0921063,0.126593,-0.0916573,0.343006,0.0121934,1047.2,0,-0.922,2952.63,0,50,1,1,0.0,0.0,0.0,1,0.0,0,True,1746968150.7545493,,False
4,1746968212.2540438,0.0921063,0.126593,-0.0916573,0.343006,0.0121934,1047.2,0,-0.902,2952.63,0,50,1,1,0.0,0.0,0.0,1,0.0,0,True,1746968150.7545493,,False
5,1746968212.2724595,0.0921063,0.126593,-0.0916573,0.343006,0.0121934,1047.2,0,-0.882,2952.63,0,50,1,1,0.0,0.0,0.0,1,0.0,0,True,1746968150.7545493,,False
6,1746968212.2945626,0.0921063,0.126593,-0.0916573,0.343006,0.0121934,1047.2,0,-0.862,2952.63,0,50,1,1,0.0,0.0,0.0,1,0.0,0,True,1746968150.7545493,,False
7,1746968212.3142788,0.0921063,0.126593,-0.0916573,0.343006,0.0121934,1047.2,0,-0.842,2952.63,0,50,1,1,0.0,0.0,0.0,1,0.0,0,True,1746968150.7545493,,False
8,1746968212.3325343,0.0921063,0.126593,-0.0916573,0.343006,0.0121934,1047.2,0,-0.822,2952.63,0,50,1,1,0.0,0.0,0.0,1,0.0,0,True,1746968150.7545493,,False
9,1746968212.3542793,0.0921063,0.126593,-0.0916573,0.343006,0.0121934,1047.2,0,-0.802,2952.63,0,50,1,1,0.0,0.0,0.0,1,0.0,0,True,1746968150.7545493,,False
10,1746968212.37286,0.0921063,0.126593,-0.0916573,0.343006,0.0121934,1047.2,0,-0.782,2952.63,0,50,1,1,0.0,0.0,0.0,1,0.0,0,True,1746968150.7545493,,False
11,1746968212.396781,0.0921063,0.126593,-0.0916573,0.343006,0.0121934,1047.2,0,-0.762,2952.63,0,50,1,1,0.0,0.0,0.0,1,0.0,0,True,1746968150.7545493,,False
12,1746968212.4133887,0.0921063,0.126593,-0.0916573,0.343006,0.0121934,1047.2,0,-0.742,2952.63,0,50,1,1,0.0,0.0,0.0,1,0.0,0,True,1746968150.7545493,,False
13,1746968212.43511,0.0921063,0.126593,-0.0916573,0.343006,0.0121934,1047.2,0,-0.722,2952.63,0,50,1,1,0.0,0.0,0.0,1,0.0,0,True,1746968150.7545493,,False
14,1746968212.4560883,0.0921063,0.126593,-0.0916573,0.343006,0.0121934,1047.2,0,-0.702,2952.63,0,50,1,1,0.0,0.0,0.0,1,0.0,0,True,1746968150.7545493,,False
15,1746968212.472138,0.0921063,0.126593,-0.0916573,0.343006,0.0121934,1047.2,0,-0.682,2952.63,0,50,1,1,0.0,0.0,0.0,1,0.0,0,True,1746968150.7545493,,False
16,1746968212.4931514,0.0921063,0.126593,-0.0916573,0.343006,0.0121934,1047.2,0,-0.662,2952.63,0,50,1,1,0.0,0.0,0.0,1,0.0,0,True,1746968150.7545493,,False
17,1746968212.5139663,0.0921063,0.126593,-0.0916573,0.343006,0.0121934,1047.2,0,-0.642,2952.63,0,50,1,1,0.0,0.0,0.0,1,0.0,0,True,1746968150.7545493,,False
18,1746968212.5348384,0.0921063,0.126593,-0.0916573,0.343006,0.0121934,1047.2,0,-0.622,2952.63,0,50,1,1,0.0,0.0,0.0,1,0.0,0,True,1746968150.7545493,,False
19,1746968212.5536194,0.0921063,0.126593,-0.0916573,0.343006,0.0121934,1047.2,0,-0.602,2952.63,0,50,1,1,0.0,0.0,0.0,1,0.0,0,True,1746968150.7545493,,False
20,1746968212.5750546,0.0921063,0.126593,-0.0916573,0.343006,0.0121934,1047.2,0,-0.582,2952.63,0,50,1,1,0.0,0.0,0.0,1,0.0,0,True,1746968150.7545493,,False
21,1746968212.5982103,0.0921063,0.126593,-0.0916573,0.343006,0.0121934,1047.2,0,-0.562,2952.63,0,50,1,1,0.0,0.0,0.0,1,0.0,0,True,1746968150.7545493,,False
22,1746968212.6177456,0.0921063,0.126593,-0.0916573,0.343006,0.0121934,1047.2,0,-0.542,2952.63,0,50,1,1,0.0,0.0,0.0,1,0.0,0,True,1746968150.7545493,,False
23,1746968212.6335657,0.0921063,0.126593,-0.0916573,0.343006,0.0121934,1047.2,0,-0.522,2952.63,0,50,1,1,0.0,0.0,0.0,1,0.0,0,True,1746968150.7545493,,False
24,1746968212.6550725,0.0921063,0.126593,-0.0916573,0.343006,0.0121934,1047.2,0,-0.502,2952.63,0,50,1,1,0.0,0.0,0.0,1,0.0,0,True,1746968150.7545493,,False
25,1746968212.672896,0.0921063,0.126593,-0.0916573,0.343006,0.0121934,1047.2,0,-0.482,2952.63,0,50,1,1,0.0,0.0,0.0,1,0.0,0,True,1746968150.7545493,,False
26,1746968212.695719,0.0921063,0.126593,-0.0916573,0.343006,0.0121934,1047.2,0,-0.462,2952.63,0,50,1,1,0.0,0.0,0.0,1,0.0,0,True,1746968150.7545493,,False
27,1746968212.7133029,0.0921063,0.126593,-0.0916573,0.343006,0.0121934,1047.2,0,-0.442,2952.63,0,50,1,1,0.0,0.0,0.0,1,0.0,0,True,1746968150.7545493,,False
28,1746968212.733622,0.0921063,0.126593,-0.0916573,0.343006,0.0121934,1047.2,0,-0.422,2952.63,0,50,1,1,0.0,0.0,0.0,1,0.0,0,True,1746968150.7545493,,False
29,1746968212.7556944,0.0921063,0.126593,-0.0916573,0.343006,0.0121934,1047.2,0,-0.402,2952.63,0,50,1,1,0.0,0.0,0.0,1,0.0,0,True,1746968150.7545493,,False
30,1746968212.7751913,0.0921063,0.126593,-0.0916573,0.343006,0.0121934,1047.2,0,-0.382,2952.63,0,50,1,1,0.0,0.0,0.0,1,0.0,0,True,1746968150.7545493,,False
31,1746968212.795147,0.0921063,0.126593,-0.0916573,0.343006,0.0121934,1047.2,0,-0.362,2952.63,0,50,1,1,0.0,0.0,0.0,1,0.0,0,True,1746968150.7545493,,False
32,1746968212.8206265,0.0921063,0.126593,-0.0916573,0.343006,0.0121934,1047.2,0,-0.342,2952.63,0,50,1,1,0.0,0.0,0.0,1,0.0,0,True,1746968150.7545493,,False
33,1746968212.8327017,0.0921063,0.126593,-0.0916573,0.343006,0.0121934,1047.2,0,-0.322,2952.63,0,50,1,1,0.0,0.0,0.0,1,0.0,0,True,1746968150.7545493,,False
34,1746968212.8549862,0.0921063,0.126593,-0.0916573,0.343006,0.0121934,1047.2,0,-0.302,2952.63,0,50,1,1,0.0,0.0,0.0,1,0.0,0,True,1746968150.7545493,,False
35,1746968212.8762176,0.0921063,0.126593,-0.0916573,0.343006,0.0121934,1047.2,0,-0.282,2952.63,0,50,1,1,0.0,0.0,0.0,1,0.0,0,True,1746968150.7545493,,False
36,1746968212.8951015,0.0921063,0.126593,-0.0916573,0.343006,0.0121934,1047.2,0,-0.262,2952.63,0,50,1,1,0.0,0.0,0.0,1,0.0,0,True,1746968150.7545493,,False
37,1746968212.918426,0.0921063,0.126593,-0.0916573,0.343006,0.0121934,1047.2,0,-0.242,2952.63,0,50,1,1,0.0,0.0,0.0,1,0.0,0,True,1746968150.7545493,,False
38,1746968212.9370778,0.0921063,0.126593,-0.0916573,0.343006,0.0121934,1047.2,0,-0.222,2952.63,0,50,1,1,0.0,0.0,0.0,1,0.0,0,True,1746968150.7545493,,False
39,1746968212.9527354,0.0921063,0.126593,-0.0916573,0.343006,0.0121934,1047.2,0,-0.202,2952.63,0,50,1,1,0.0,0.0,0.0,1,0.0,0,True,1746968150.7545493,,False
40,1746968212.9731066,0.0921063,0.126593,-0.0916573,0.343006,0.0121934,1047.2,0,-0.182,2952.63,0,50,1,1,0.0,0.0,0.0,1,0.0,0,True,1746968150.7545493,,False
41,1746968212.9945197,0.0921063,0.126593,-0.0916573,0.343006,0.0121934,1047.2,0,-0.162,2952.63,0,50,1,1,0.0,0.0,0.0,1,0.0,0,True,1746968150.7545493,,False
42,1746968213.0147426,0.0921063,0.126593,-0.0916573,0.343006,0.0121934,1047.2,0,-0.142,2952.63,0,50,1,1,0.0,0.0,0.0,1,0.0,0,True,1746968150.7545493,,False
43,1746968213.0329914,0.0921063,0.126593,-0.0916573,0.343006,0.0121934,1047.2,0,-0.122,2952.63,0,50,1,1,0.0,0.0,0.0,1,0.0,0,True,1746968150.7545493,,False
44,1746968213.053682,0.0921063,0.126593,-0.0916573,0.343006,0.0121934,1047.2,0,-0.102,2952.63,0,50,1,1,0.0,0.0,0.0,1,0.0,0,True,1746968150.7545493,,False
45,1746968213.0723426,0.0921063,0.126593,-0.0916573,0.343006,0.0121934,1047.2,0,-0.082,2952.63,0,50,1,1,0.0,0.0,0.0,1,0.0,0,True,1746968150.7545493,,False
46,1746968213.093864,0.0921063,0.126593,-0.0916573,0.343006,0.0121934,1047.2,0,-0.062,2952.63,0,50,1,1,0.0,0.0,0.0,1,0.0,0,True,1746968150.7545493,,False
47,1746968213.1148047,0.0921063,0.126593,-0.0916573,0.343006,0.0121934,1047.2,0,-0.042,2952.63,0,50,1,1,0.0,0.0,0.0,1,0.0,0,True,1746968150.7545493,,False
48,1746968213.1338654,0.0921063,0.126593,-0.0916573,0.343006,0.0121934,1047.2,0,-0.022,2952.63,0,50,1,1,0.0,0.0,0.0,1,0.0,0,True,1746968150.7545493,,False
49,1746968213.1760778,0.021515,0.211392,-0.0623429,0.343068,0.0123565,1047.2,0,0.018,2952.63,0.000244141,50,1,1,0.0,0.0,0.0,1,0.0,0,True,1746968150.7545493,,False
50,1746968213.1934104,0.0645475,0.280669,-0.0408981,0.343157,0.012653,1047.2,1,0.038,2952.63,0.000488281,50,1,1,0.0,0.0,0.0,1,0.0,0,True,1746968150.7545493,,False
51,1746968213.2154067,-0.0166296,0.406558,-0.0318669,0.343286,0.0129034,1047.2,1,0.058,2952.63,0.000976563,50,1,1,0.0,0.0,0.0,1,0.0,0,True,1746968150.7545493,,False
52,1746968213.2351952,0.061035,0.534529,-0.0312476,0.343461,0.0129906,1047.2,1,0.078,2952.63,0.00146484,50,1,1,0.0,0.0,0.0,1,0.0,0,True,1746968150.7545493,,False
53,1746968213.2528925,-0.0193331,0.667965,-0.042339,0.343686,0.0129353,1047.2,1,0.098,2952.63,0.00170898,50,1,1,0.0,0.0,0.0,1,0.0,0,True,1746968150.7545493,,False
54,1746968213.274047,0.0528289,0.793677,-0.0669225,0.343958,0.0127255,1047.2,1,0.118,2952.63,0.00219727,50,1,1,0.0,0.0,0.0,1,0.0,0,True,1746968150.7545493,,False
55,1746968213.2934659,-0.0243795,0.928688,-0.0961952,0.34428,0.0123703,1047.2,1,0.138,2952.63,0.00268555,50,1,1,0.0,0.0,0.0,1,0.0,0,True,1746968150.7545493,,False
56,1746968213.31695,0.0473922,1.03343,-0.133531,0.344645,0.0118381,1047.2,1,0.158,2952.63,0.00317383,50,1,1,0.0,0.0,0.0,1,0.0,0,True,1746968150.7545493,,False
57,1746968213.341359,-0.0275923,1.13228,-0.175769,0.345048,0.0110604,1047.2,1,0.178,2952.64,0.00341797,50,1,1,0.0,0.0,0.0,1,0.0,0,True,1746968150.7545493,,False
58,1746968213.355353,0.0623126,1.20298,-0.221824,0.345485,0.0100581,1047.2,1,0.198,2952.64,0.00390625,50,1,1,0.0,0.0,0.0,1,0.0,0,True,1746968150.7545493,,False
59,1746968213.3726919,0.00478705,1.22658,-0.263194,0.345932,0.00859564,1047.2,1,0.218,2952.64,0.00415039,50,1,1,0.0,0.0,0.0,1,0.0,0,True,1746968150.7545493,,False
60,1746968213.3947608,0.00399435,1.22856,-0.3014,0.346387,0.00678128,1047.2,1,0.238,2952.64,0.00439453,50,1,1,0.0,0.0,0.0,1,0.0,0,True,1746968150.7545493,,False
61,1746968213.4162703,0.0834233,1.18742,-0.336742,0.346878,0.00437706,1047.2,1,0.26,2952.64,0.00463867,50,1,1,0.0,0.0,0.0,1,0.0,0,True,1746968150.7545493,,False
62,1746968213.436411,0.100661,1.11593,-0.357412,0.347304,0.00177449,1047.2,1,0.28,2952.64,0.00512695,50,1,1,0.0,0.0,0.0,1,0.0,0,True,1746968150.7545493,,False
63,1746968213.4561138,0.0394375,1.03509,-0.372386,0.347701,-0.0010522,1047.2,1,0.3,2952.64,0.00537109,50,1,1,0.0,0.0,0.0,1,0.0,0,True,1746968150.7545493,,False
64,1746968213.4773784,0.0323694,1.00367,-0.374213,0.348077,-0.00400812,1047.2,1,0.32,2952.64,0.00585938,50,1,1,0.0,0.0,0.0,1,0.0,0,True,1746968150.7545493,,False
65,1746968213.4970193,0.117425,0.99668,-0.375018,0.348447,-0.00706226,1047.2,1,0.34,2952.64,0.00610352,50,1,1,0.0,0.0,0.0,1,0.0,0,True,1746968150.7545493,,False
66,1746968213.515723,0.0239751,0.987164,-0.362769,0.348813,-0.0102347,1047.2,1,0.36,2952.64,0.00634766,50,1,1,0.0,0.0,0.0,1,0.0,0,True,1746968150.7545493,,False
67,1746968213.535216,0.0696641,0.972217,-0.350833,0.349176,-0.013336,1047.2,1,0.38,2952.64,0.00683594,50,1,1,0.0,0.0,0.0,1,0.0,0,True,1746968150.7545493,,False
68,1746968213.5551443,0.102147,0.967265,-0.33498,0.349535,-0.0163463,1047.2,1,0.4,2952.64,0.00708008,50,1,1,0.0,0.0,0.0,1,0.0,0,True,1746968150.7545493,,False
69,1746968213.5762162,0.0648008,0.95686,-0.309327,0.349891,-0.0194381,1047.2,1,0.42,2952.64,0.00732422,50,1,1,0.0,0.0,0.0,1,0.0,0,True,1746968150.7545493,,False
70,1746968213.5981312,0.0587006,0.939997,-0.295133,0.350245,-0.0224212,1047.2,1,0.44,2952.64,0.0078125,50,1,1,0.0,0.0,0.0,1,0.0,0,True,1746968150.7545493,,False
71,1746968213.6166792,0.15327,0.934752,-0.288974,0.350594,-0.0253041,1047.2,1,0.46,2952.64,0.00830078,50,1,1,0.0,0.0,0.0,1,0.0,0,True,1746968150.7545493,,False
72,1746968213.634197,0.0499848,0.934548,-0.271289,0.350939,-0.0282338,1047.2,1,0.48,2952.64,0.00854492,50,1,1,0.0,0.0,0.0,1,0.0,0,True,1746968150.7545493,,False
73,1746968213.6575227,0.0902822,0.942225,-0.25266,0.351321,-0.0314754,1047.2,1,0.502,2952.64,0.0090332,50,1,1,0.0,0.0,0.0,1,0.0,0,True,1746968150.7545493,,False
74,1746968213.6770437,0.131043,0.939744,-0.243677,0.351672,-0.0343812,1047.2,1,0.522,2952.64,0.00952148,50,1,1,0.0,0.0,0.0,1,0.0,0,True,1746968150.7545493,,False
75,1746968213.7009957,0.158615,0.94625,-0.239317,0.352024,-0.0373791,1047.2,1,0.542,2952.64,0.0100098,50,1,1,0.0,0.0,0.0,1,0.0,0,True,1746968150.7545493,,False
76,1746968213.721796,0.0737923,0.957188,-0.228937,0.352378,-0.040397,1047.2,1,0.562,2952.64,0.010498,50,1,1,0.0,0.0,0.0,1,0.0,0,True,1746968150.7545493,,False
77,1746968213.7384074,0.199713,0.959286,-0.228996,0.352735,-0.0433992,1047.2,1,0.582,2952.64,0.0112305,50,1,1,0.0,0.0,0.0,1,0.0,0,True,1746968150.7545493,,False
78,1746968213.7595131,0.146104,0.962064,-0.2284,0.353093,-0.0464128,1047.2,1,0.602,2952.64,0.0117188,50,1,1,0.0,0.0,0.0,1,0.0,0,True,1746968150.7545493,,False
79,1746968213.7766447,0.150356,0.969498,-0.227804,0.353454,-0.0495155,1047.2,1,0.622,2952.64,0.0124512,50,1,1,0.0,0.0,0.0,1,0.0,0,True,1746968150.7545493,,False
80,1746968213.8024244,0.191001,0.963625,-0.228598,0.353815,-0.0524929,1047.2,1,0.642,2952.64,0.0131836,50,1,1,0.0,0.0,0.0,1,0.0,0,True,1746968150.7545493,,False
81,1746968213.8181028,0.218531,0.96866,-0.231676,0.354176,-0.0555127,1047.2,1,0.662,2952.65,0.013916,50,1,1,0.0,0.0,0.0,1,0.0,0,True,1746968150.7545493,,False
82,1746968213.8372214,0.145211,0.971564,-0.236074,0.354538,-0.0585497,1047.2,1,0.682,2952.65,0.0146484,50,1,1,0.0,0.0,0.0,1,0.0,0,True,1746968150.7545493,,False
83,1746968213.8573976,0.266622,0.970249,-0.237167,0.354902,-0.0615342,1047.2,1,0.702,2952.65,0.015625,50,1,1,0.0,0.0,0.0,1,0.0,0,True,1746968150.7545493,,False
84,1746968213.878745,0.227891,0.983308,-0.24502,0.355268,-0.0645579,1047.2,1,0.722,2952.65,0.0163574,50,1,1,0.0,0.0,0.0,1,0.0,0,True,1746968150.7545493,,False
85,1746968213.8993213,0.218977,0.991554,-0.24778,0.355638,-0.067642,1047.2,1,0.742,2952.65,0.017334,50,1,1,0.0,0.0,0.0,1,0.0,0,True,1746968150.7545493,,False
86,1746968213.9199517,0.282867,0.989644,-0.251138,0.35601,-0.0706304,1047.2,1,0.762,2952.65,0.0183105,50,1,1,0.0,0.0,0.0,1,0.0,0,True,1746968150.7545493,,False
87,1746968213.9397533,0.309793,0.983478,-0.260102,0.356385,-0.0736864,1047.2,1,0.782,2952.65,0.0195313,50,1,1,0.0,0.0,0.0,1,0.0,0,True,1746968150.7545493,,False
88,1746968213.9584594,0.234262,0.999495,-0.267162,0.356758,-0.0766638,1047.2,1,0.802,2952.65,0.0205078,50,1,1,0.0,0.0,0.0,1,0.0,0,True,1746968150.7545493,,False
89,1746968213.9787018,0.364287,1.00332,-0.270386,0.357136,-0.079625,1047.2,1,0.822,2952.65,0.0219727,50,1,1,0.0,0.0,0.0,1,0.0,0,True,1746968150.7545493,,False
90,1746968213.9978137,0.315937,1.01392,-0.274576,0.357518,-0.0825818,1047.2,1,0.842,2952.65,0.0231934,50,1,1,0.0,0.0,0.0,1,0.0,0,True,1746968150.7545493,,False
91,1746968214.016588,0.324696,1.03253,-0.281616,0.357906,-0.085614,1047.2,1,0.862,2952.66,0.0246582,50,1,1,0.0,0.0,0.0,1,0.0,0,True,1746968150.7545493,,False
92,1746968214.0379794,0.38368,1.03255,-0.280303,0.358298,-0.0885299,1047.2,1,0.882,2952.66,0.026123,50,1,1,0.0,0.0,0.0,1,0.0,0,True,1746968150.7545493,,False
93,1746968214.0604918,0.41564,1.03757,-0.286098,0.358694,-0.0914763,1047.2,1,0.902,2952.66,0.0275879,50,1,1,0.0,0.0,0.0,1,0.0,0,True,1746968150.7545493,,False
94,1746968214.079081,0.34446,1.05268,-0.292088,0.359093,-0.0944179,1047.2,1,0.922,2952.66,0.0292969,50,1,1,0.0,0.0,0.0,1,0.0,0,True,1746968150.7545493,,False
95,1746968214.0975704,0.475386,1.04252,-0.290651,0.359494,-0.0973175,1047.2,1,0.942,2952.66,0.0310059,50,1,1,0.0,0.0,0.0,1,0.0,0,True,1746968150.7545493,,False
96,1746968214.1202385,0.442883,1.02688,-0.29801,0.35989,-0.100161,1047.2,1,0.962,2952.66,0.0327148,50,1,1,0.0,0.0,0.0,1,0.0,0,True,1746968150.7545493,,False
97,1746968214.138837,0.43757,1.01929,-0.301378,0.360283,-0.103049,1047.2,1,0.982,2952.67,0.034668,50,1,1,0.0,0.0,0.0,1,0.0,0,True,1746968150.7545493,,False
98,1746968214.160785,0.495373,0.984233,-0.295205,0.36071,-0.106117,1047.2,1,1.004,2952.67,0.0371094,50,1,1,0.0,0.0,0.0,1,0.0,0,True,1746968150.7545493,,False
99,1746968214.178009,0.541092,0.973825,-0.295447,0.361092,-0.108847,1047.2,1,1.024,2952.67,0.0393066,50,1,1,0.0,0.0,0.0,1,0.0,0,True,1746968150.7545493,,False
100,1746968214.2009227,0.51996,0.939394,-0.29242,0.361463,-0.111599,1047.2,1,1.044,2952.67,0.0415039,50,1,1,0.0,0.0,0.0,1,0.0,0,True,1746968150.7545493,,False
101,1746968214.2183964,0.529801,0.897596,-0.290816,0.361825,-0.114256,1047.2,1,1.064,2952.68,0.0441895,50,1,1,0.0,0.0,0.0,1,0.0,0,True,1746968150.7545493,,False
102,1746968214.2388515,0.644396,0.854412,-0.279711,0.362171,-0.116748,1047.2,1,1.084,2952.68,0.0466309,50,1,1,0.0,0.0,0.0,1,0.0,0,True,1746968150.7545493,,False
103,1746968214.2586374,0.561473,0.771942,-0.268426,0.362495,-0.119102,1047.2,1,1.104,2952.68,0.0493164,50,1,1,0.0,0.0,0.0,1,0.0,0,True,1746968150.7545493,,False
104,1746968214.2787917,0.64446,0.656734,-0.252828,0.362784,-0.120943,1047.2,1,1.124,2952.68,0.0522461,50,1,1,0.0,0.0,0.0,1,0.0,0,True,1746968150.7545493,,False
105,1746968214.3038905,0.670669,0.523897,-0.230815,0.363022,-0.122274,1047.2,1,1.144,2952.69,0.0551758,50,1,1,0.0,0.0,0.0,1,0.0,0,True,1746968150.7545493,,False
106,1746968214.318945,0.654863,0.465862,-0.205727,0.363231,-0.123372,1047.2,1,1.164,2952.69,0.0585938,50,1,1,0.0,0.0,0.0,1,0.0,0,True,1746968150.7545493,,False
107,1746968214.3388464,0.674027,0.434459,-0.179732,0.363427,-0.124337,1047.2,1,1.184,2952.69,0.0620117,50,1,1,0.0,0.0,0.0,1,0.0,0,True,1746968150.7545493,,False
108,1746968214.3611374,0.782842,0.404899,-0.158974,0.363613,-0.125246,1047.2,1,1.204,2952.7,0.0656738,50,1,1,0.0,0.0,0.0,1,0.0,0,True,1746968150.7545493,,False
109,1746968214.3832636,0.677927,0.375512,-0.13702,0.36379,-0.126068,1047.2,1,1.224,2952.7,0.0693359,50,1,1,0.0,0.0,0.0,1,0.0,0,True,1746968150.7545493,,False
110,1746968214.3999224,0.780246,0.358802,-0.111476,0.363961,-0.126779,1047.2,1,1.244,2952.71,0.0734863,50,1,1,0.0,0.0,0.0,1,0.0,0,True,1746968150.7545493,,False
111,1746968214.4201667,0.802015,0.344534,-0.101987,0.364125,-0.127471,1047.2,1,1.264,2952.71,0.0773926,50,1,1,0.0,0.0,0.0,1,0.0,0,True,1746968150.7545493,,False
112,1746968214.4418736,0.787211,0.328647,-0.0856501,0.364285,-0.12814,1047.2,1,1.284,2952.71,0.081543,50,1,1,0.0,0.0,0.0,1,0.0,0,True,1746968150.7545493,,False
113,1746968214.464368,0.802235,0.322112,-0.0783383,0.364443,-0.128713,1047.2,1,1.304,2952.72,0.0859375,50,1,1,0.0,0.0,0.0,1,0.0,0,True,1746968150.7545493,,False
114,1746968214.482515,0.910915,0.311106,-0.0755376,0.364599,-0.129316,1047.2,1,1.324,2952.72,0.0900879,50,1,1,0.0,0.0,0.0,1,0.0,0,True,1746968150.7545493,,False
115,1746968214.501518,0.814368,0.296546,-0.0703231,0.364753,-0.129909,1047.2,1,1.344,2952.73,0.0947266,50,1,1,0.0,0.0,0.0,1,0.0,0,True,1746968150.7545493,,False
116,1746968214.5223649,0.910544,0.299307,-0.0656043,0.364905,-0.130466,1047.2,1,1.364,2952.73,0.0993652,50,1,1,0.0,0.0,0.0,1,0.0,0,True,1746968150.7545493,,False
117,1746968214.540552,0.935274,0.296621,-0.0715137,0.365058,-0.131026,1047.2,1,1.384,2952.74,0.104248,50,1,1,0.0,0.0,0.0,1,0.0,0,True,1746968150.7545493,,False
118,1746968214.56543,0.92325,0.293858,-0.0742446,0.36521,-0.13159,1047.2,1,1.404,2952.74,0.109131,50,1,1,0.0,0.0,0.0,1,0.0,0,True,1746968150.7545493,,False
119,1746968214.5827787,0.926172,0.273341,-0.0710859,0.365361,-0.132158,1047.2,1,1.424,2952.75,0.114014,50,1,1,0.0,0.0,0.0,1,0.0,0,True,1746968150.7545493,,False
120,1746968214.6019266,1.0257,0.291422,-0.0811819,0.365513,-0.132708,1047.2,1,1.444,2952.75,0.119385,50,1,1,0.0,0.0,0.0,1,0.0,0,True,1746968150.7545493,,False
121,1746968214.625187,0.968719,0.294636,-0.0867467,0.36567,-0.133196,1047.2,1,1.464,2952.76,0.124512,50,1,1,0.0,0.0,0.0,1,0.0,0,True,1746968150.7545493,,False
122,1746968214.644395,1.06858,0.295028,-0.0921563,0.365829,-0.133668,1047.2,1,1.484,2952.76,0.129883,50,1,1,0.0,0.0,0.0,1,0.0,0,True,1746968150.7545493,,False
123,1746968214.6594791,1.01619,0.293812,-0.102206,0.365989,-0.134136,1047.2,1,1.504,2952.77,0.135254,50,1,1,0.0,0.0,0.0,1,0.0,0,True,1746968150.7545493,,False
124,1746968214.6860797,1.11557,0.292431,-0.107321,0.366149,-0.134598,1047.2,1,1.524,2952.77,0.141113,50,1,1,0.0,0.0,0.0,1,0.0,0,True,1746968150.7545493,,False
125,1746968214.7050827,1.0633,0.292385,-0.11085,0.366311,-0.135061,1047.2,1,1.544,2952.78,0.146973,50,1,1,0.0,0.0,0.0,1,0.0,0,True,1746968150.7545493,,False
126,1746968214.7235985,1.16403,0.290673,-0.118948,0.366473,-0.135519,1047.2,1,1.564,2952.78,0.152832,50,1,1,0.0,0.0,0.0,1,0.0,0,True,1746968150.7545493,,False
127,1746968214.741851,1.10844,0.289533,-0.125652,0.366637,-0.135975,1047.2,1,1.584,2952.79,0.158691,50,1,1,0.0,0.0,0.0,1,0.0,0,True,1746968150.7545493,,False
128,1746968214.7612402,1.2099,0.288021,-0.124785,0.366801,-0.136425,1047.2,1,1.604,2952.8,0.165039,50,1,1,0.0,0.0,0.0,1,0.0,0,True,1746968150.7545493,,False
129,1746968214.7795823,1.15649,0.287885,-0.1285,0.366967,-0.136878,1047.2,1,1.624,2952.8,0.171387,50,1,1,0.0,0.0,0.0,1,0.0,0,True,1746968150.7545493,,False
130,1746968214.7992911,1.25733,0.286308,-0.129036,0.367133,-0.137324,1047.2,1,1.644,2952.81,0.177734,50,1,1,0.0,0.0,0.0,1,0.0,0,True,1746968150.7545493,,False
131,1746968214.8188233,1.20278,0.286094,-0.132216,0.3673,-0.137771,1047.2,1,1.664,2952.82,0.184082,50,1,1,0.0,0.0,0.0,1,0.0,0,True,1746968150.7545493,,False
132,1746968214.8402464,1.30609,0.285331,-0.129241,0.367469,-0.138217,1047.2,1,1.684,2952.82,0.190918,50,1,1,0.0,0.0,0.0,1,0.0,0,True,1746968150.7545493,,False
133,1746968214.862315,1.25132,0.284995,-0.137728,0.36764,-0.138664,1047.2,1,1.704,2952.83,0.197754,50,1,1,0.0,0.0,0.0,1,0.0,0,True,1746968150.7545493,,False
134,1746968214.884352,1.35281,0.285042,-0.131043,0.367811,-0.139111,1047.2,1,1.724,2952.84,0.204834,50,1,1,0.0,0.0,0.0,1,0.0,0,True,1746968150.7545493,,False
135,1746968214.9004622,1.3013,0.284772,-0.134816,0.367984,-0.139556,1047.2,1,1.744,2952.84,0.21167,50,1,1,0.0,0.0,0.0,1,0.0,0,True,1746968150.7545493,,False
136,1746968214.9234893,1.3991,0.284415,-0.131598,0.368158,-0.140001,1047.2,1,1.764,2952.85,0.218994,50,1,1,0.0,0.0,0.0,1,0.0,0,True,1746968150.7545493,,False
137,1746968214.9388645,1.35107,0.284609,-0.131942,0.368334,-0.140447,1047.2,1,1.784,2952.86,0.226318,50,1,1,0.0,0.0,0.0,1,0.0,0,True,1746968150.7545493,,False
138,1746968214.9587414,1.44718,0.283031,-0.130499,0.36851,-0.140889,1047.2,1,1.804,2952.87,0.233887,50,1,1,0.0,0.0,0.0,1,0.0,0,True,1746968150.7545493,,False
139,1746968214.979441,1.40066,0.283282,-0.13168,0.368688,-0.14133,1047.2,1,1.824,2952.87,0.241455,50,1,1,0.0,0.0,0.0,1,0.0,0,True,1746968150.7545493,,False
140,1746968215.001105,1.49873,0.282767,-0.12935,0.368868,-0.141772,1047.2,1,1.844,2952.88,0.249268,50,1,1,0.0,0.0,0.0,1,0.0,0,True,1746968150.7545493,,False
141,1746968215.0189745,1.44696,0.282393,-0.133363,0.369049,-0.142208,1047.2,1,1.864,2952.89,0.25708,50,1,1,0.0,0.0,0.0,1,0.0,0,True,1746968150.7545493,,False
142,1746968215.0410237,1.5494,0.281932,-0.132806,0.369231,-0.142649,1047.2,1,1.884,2952.9,0.265137,50,1,1,0.0,0.0,0.0,1,0.0,0,True,1746968150.7545493,,False
143,1746968215.0613034,1.49476,0.2807,-0.135982,0.369414,-0.143086,1047.2,1,1.904,2952.9,0.273193,50,1,1,0.0,0.0,0.0,1,0.0,0,True,1746968150.7545493,,False
144,1746968215.079449,1.59862,0.280873,-0.13485,0.369599,-0.143522,1047.2,1,1.924,2952.91,0.281494,50,1,1,0.0,0.0,0.0,1,0.0,0,True,1746968150.7545493,,False
145,1746968215.0984154,1.54457,0.28124,-0.131804,0.369786,-0.143963,1047.2,1,1.944,2952.92,0.289795,50,1,1,0.0,0.0,0.0,1,0.0,0,True,1746968150.7545493,,False
146,1746968215.1197178,1.64761,0.282256,-0.13323,0.369974,-0.144402,1047.2,1,1.964,2952.93,0.29834,50,1,1,0.0,0.0,0.0,1,0.0,0,True,1746968150.7545493,,False
147,1746968215.140814,1.59691,0.282198,-0.1317,0.370164,-0.144837,1047.2,1,1.984,2952.94,0.307129,50,1,1,0.0,0.0,0.0,1,0.0,0,True,1746968150.7545493,,False
148,1746968215.1614301,1.70111,0.280849,-0.137149,0.370374,-0.145301,1047.2,1,2.006,2952.95,0.316895,50,1,1,0.0,0.0,0.0,1,0.0,0,True,1746968150.7545493,,False
149,1746968215.1836386,1.72841,0.280043,-0.14258,0.370586,-0.145796,1047.2,1,2.028,2952.96,0.32666,50,1,1,0.0,0.0,0.0,1,0.0,0,True,1746968150.7545493,,False
150,1746968215.2087862,1.67383,0.280309,-0.139337,0.3708,-0.146288,1047.2,1,2.05,2952.97,0.33667,50,1,1,0.0,0.0,0.0,1,0.0,0,True,1746968150.7545493,,False
151,1746968215.2327483,1.71024,0.280565,-0.140319,0.371017,-0.14675,1047.2,1,2.072,2952.98,0.347168,50,1,1,0.0,0.0,0.0,1,0.0,0,True,1746968150.7545493,,False
152,1746968215.253123,1.81478,0.280499,-0.142186,0.371235,-0.147214,1047.2,1,2.094,2952.99,0.357422,50,1,1,0.0,0.0,0.0,1,0.0,0,True,1746968150.7545493,,False
153,1746968215.2727027,1.83365,0.280217,-0.143564,0.371454,-0.147701,1047.2,1,2.116,2953,0.36792,50,1,1,0.0,0.0,0.0,1,0.0,0,True,1746968150.7545493,,False
154,1746968215.2950113,1.78747,0.278073,-0.150315,0.371675,-0.148187,1047.2,1,2.138,2953.01,0.378662,50,1,1,0.0,0.0,0.0,1,0.0,0,True,1746968150.7545493,,False
155,1746968215.3152747,1.8199,0.277402,-0.144262,0.371898,-0.148639,1047.2,1,2.16,2953.02,0.389648,50,1,1,0.0,0.0,0.0,1,0.0,0,True,1746968150.7545493,,False
156,1746968215.338084,1.92435,0.277975,-0.152525,0.372123,-0.149091,1047.2,1,2.182,2953.03,0.400635,50,1,1,0.0,0.0,0.0,1,0.0,0,True,1746968150.7545493,,False
157,1746968215.3605554,1.95264,0.276014,-0.148011,0.37235,-0.149567,1047.2,1,2.204,2953.04,0.411865,50,1,1,0.0,0.0,0.0,1,0.0,0,True,1746968150.7545493,,False
158,1746968215.3816226,1.89998,0.276643,-0.151174,0.372578,-0.150036,1047.2,1,2.226,2953.05,0.423096,50,1,1,0.0,0.0,0.0,1,0.0,0,True,1746968150.7545493,,False
159,1746968215.402486,1.92948,0.273803,-0.153536,0.372809,-0.15048,1047.2,1,2.248,2953.07,0.434814,50,1,1,0.0,0.0,0.0,1,0.0,0,True,1746968150.7545493,,False
160,1746968215.4277525,2.03922,0.274589,-0.153908,0.373041,-0.150923,1047.2,1,2.27,2953.08,0.446533,50,1,2,0.0,0.0,0.0,1,0.0,0,True,1746968150.7545493,,False
161,1746968215.4483895,2.06342,0.275227,-0.153456,0.373275,-0.151394,1047.2,1,2.292,2953.09,0.458252,50,1,2,0.0,0.0,0.0,1,0.0,0,True,1746968150.7545493,,False
162,1746968215.4681687,2.01742,0.274652,-0.151407,0.373511,-0.151867,1047.2,1,2.314,2953.1,0.470459,50,1,2,0.0,0.0,0.0,1,0.0,0,True,1746968150.7545493,,False
163,1746968215.490166,2.05386,0.274493,-0.156987,0.37375,-0.152304,1047.2,1,2.336,2953.11,0.48291,50,1,2,0.0,0.0,0.0,1,0.0,0,True,1746968150.7545493,,False
164,1746968215.5134454,2.15704,0.274451,-0.159767,0.373991,-0.152745,1047.2,1,2.358,2953.13,0.495361,50,1,2,0.0,0.0,0.0,1,0.0,0,True,1746968150.7545493,,False
165,1746968215.5374286,2.18006,0.273571,-0.160503,0.374233,-0.153211,1047.2,1,2.38,2953.14,0.507813,50,1,2,0.0,0.0,0.0,1,0.0,0,True,1746968150.7545493,,False
166,1746968215.5585487,2.13168,0.272198,-0.157981,0.374477,-0.153677,1047.2,1,2.402,2953.15,0.520508,50,1,2,0.0,0.0,0.0,1,0.0,0,True,1746968150.7545493,,False
167,1746968215.5798843,2.16645,0.271202,-0.161516,0.374723,-0.154117,1047.2,1,2.424,2953.17,0.533691,50,1,2,0.0,0.0,0.0,1,0.0,0,True,1746968150.7545493,,False
168,1746968215.6037474,2.27589,0.272662,-0.162051,0.374972,-0.154556,1047.2,1,2.446,2953.18,0.546875,50,1,2,0.0,0.0,0.0,1,0.0,0,True,1746968150.7545493,,False
169,1746968215.62462,2.30272,0.271035,-0.163187,0.375222,-0.155012,1047.2,1,2.468,2953.19,0.560059,50,1,2,0.0,0.0,0.0,1,0.0,0,True,1746968150.7545493,,False
170,1746968215.6498554,2.2558,0.26885,-0.164788,0.375474,-0.155463,1047.2,1,2.49,2953.21,0.573486,50,1,2,0.0,0.0,0.0,1,0.0,0,True,1746968150.7545493,,False
171,1746968215.6681106,2.28869,0.26799,-0.164919,0.375728,-0.155883,1047.2,1,2.512,2953.22,0.587402,50,1,2,0.0,0.0,0.0,1,0.0,0,True,1746968150.7545493,,False
172,1746968215.6914318,2.38994,0.268145,-0.169116,0.375984,-0.156306,1047.2,1,2.534,2953.23,0.601074,50,1,2,0.0,0.0,0.0,1,0.0,0,True,1746968150.7545493,,False
173,1746968215.7127135,2.41112,0.268875,-0.173632,0.376243,-0.156757,1047.2,1,2.556,2953.25,0.61499,50,1,2,0.0,0.0,0.0,1,0.0,0,True,1746968150.7545493,,False
174,1746968215.7328224,2.36907,0.268808,-0.172919,0.376503,-0.157208,1047.2,1,2.578,2953.26,0.629395,50,1,2,0.0,0.0,0.0,1,0.0,0,True,1746968150.7545493,,False
175,1746968215.7570467,2.40366,0.269164,-0.171538,0.376766,-0.157631,1047.2,1,2.6,2953.28,0.643799,50,1,2,0.0,0.0,0.0,1,0.0,0,True,1746968150.7545493,,False
176,1746968215.7787817,2.51152,0.267859,-0.17338,0.377032,-0.158057,1047.2,1,2.622,2953.29,0.658203,50,1,2,0.0,0.0,0.0,1,0.0,0,True,1746968150.7545493,,False
177,1746968215.7994828,2.53931,0.268178,-0.174723,0.377299,-0.158508,1047.2,1,2.644,2953.3,0.673096,50,1,2,0.0,0.0,0.0,1,0.0,0,True,1746968150.7545493,,False
178,1746968215.8214352,2.49363,0.267805,-0.175263,0.377568,-0.158962,1047.2,1,2.666,2953.32,0.687988,50,1,2,0.0,0.0,0.0,1,0.0,0,True,1746968150.7545493,,False
179,1746968215.8428633,2.51982,0.266421,-0.178724,0.377841,-0.159391,1047.2,1,2.688,2953.33,0.703125,50,1,2,0.0,0.0,0.0,1,0.0,0,True,1746968150.7545493,,False
180,1746968215.8645859,2.62478,0.266827,-0.181515,0.378115,-0.159816,1047.2,1,2.71,2953.35,0.718506,50,1,2,0.0,0.0,0.0,1,0.0,0,True,1746968150.7545493,,False
181,1746968215.890887,2.66503,0.266354,-0.181322,0.378391,-0.160266,1047.2,1,2.732,2953.37,0.733887,50,1,2,0.0,0.0,0.0,1,0.0,0,True,1746968150.7545493,,False
182,1746968215.910071,2.61564,0.260911,-0.183431,0.378668,-0.160702,1047.2,1,2.754,2953.38,0.749756,50,1,2,0.0,0.0,0.0,1,0.0,0,True,1746968150.7545493,,False
183,1746968215.929981,2.65167,0.260349,-0.190325,0.378947,-0.161096,1047.2,1,2.776,2953.4,0.765381,50,1,2,0.0,0.0,0.0,1,0.0,0,True,1746968150.7545493,,False
184,1746968215.9567826,2.74454,0.261174,-0.194256,0.379228,-0.161493,1047.2,1,2.798,2953.41,0.781494,50,1,2,0.0,0.0,0.0,1,0.0,0,True,1746968150.7545493,,False
185,1746968215.9787667,2.77848,0.254998,-0.190588,0.379511,-0.161914,1047.2,1,2.82,2953.43,0.797852,50,1,2,0.0,0.0,0.0,1,0.0,0,True,1746968150.7545493,,False
186,1746968215.9988494,2.74339,0.257936,-0.187321,0.379796,-0.162341,1047.2,1,2.842,2953.45,0.814209,50,1,2,0.0,0.0,0.0,1,0.0,0,True,1746968150.7545493,,False
187,1746968216.022896,2.773,0.254661,-0.190506,0.380084,-0.162726,1047.2,1,2.864,2953.46,0.830811,50,1,2,0.0,0.0,0.0,1,0.0,0,True,1746968150.7545493,,False
188,1746968216.0449831,2.87458,0.258712,-0.190432,0.380375,-0.163138,1047.2,1,2.886,2953.48,0.847656,50,1,2,0.0,0.0,0.0,1,0.0,0,True,1746968150.7545493,,False
189,1746968216.0652556,2.90665,0.262305,-0.190327,0.380667,-0.163579,1047.2,1,2.908,2953.5,0.864502,50,1,2,0.0,0.0,0.0,1,0.0,0,True,1746968150.7545493,,False
190,1746968216.0889976,2.85901,0.261112,-0.194996,0.380964,-0.164025,1047.2,1,2.93,2953.51,0.881592,50,1,2,0.0,0.0,0.0,1,0.0,0,True,1746968150.7545493,,False
191,1746968216.1093574,2.90547,0.261474,-0.197185,0.381264,-0.164451,1047.2,1,2.952,2953.53,0.898926,50,1,2,0.0,0.0,0.0,1,0.0,0,True,1746968150.7545493,,False
192,1746968216.1294854,2.9927,0.263546,-0.201201,0.381567,-0.16486,1047.2,1,2.974,2953.55,0.91626,50,1,2,0.0,0.0,0.0,1,0.0,0,True,1746968150.7545493,,False
193,1746968216.1505587,3.0359,0.260132,-0.200189,0.381872,-0.165308,1047.2,1,2.996,2953.57,0.934082,50,1,2,0.0,0.0,0.0,1,0.0,0,True,1746968150.7545493,,False
194,1746968216.17523,2.98044,0.257522,-0.198029,0.382178,-0.165762,1047.2,1,3.018,2953.58,0.951904,50,1,2,0.0,0.0,0.0,1,0.0,0,True,1746968150.7545493,,False
195,1746968216.1970115,3.02734,0.257747,-0.20362,0.382487,-0.166154,1047.2,1,3.04,2953.6,0.969727,50,1,2,0.0,0.0,0.0,1,0.0,0,True,1746968150.7545493,,False
196,1746968216.2194002,3.12856,0.254406,-0.21071,0.382797,-0.166572,1047.2,1,3.062,2953.62,0.988281,50,1,2,0.0,0.0,0.0,1,0.0,0,True,1746968150.7545493,,False
197,1746968216.2385561,3.15466,0.250884,-0.205902,0.383109,-0.166961,1047.2,1,3.084,2953.64,1.00659,50,1,2,0.0,0.0,0.0,1,0.0,0,True,1746968150.7545493,,False
198,1746968216.262124,3.11068,0.246777,-0.203656,0.383421,-0.167357,1047.2,1,3.106,2953.66,1.02515,50,1,2,0.0,0.0,0.0,1,0.0,0,True,1746968150.7545493,,False
199,1746968216.283312,3.15969,0.251954,-0.214455,0.383738,-0.167749,1047.2,1,3.128,2953.68,1.04395,50,1,2,0.0,0.0,0.0,1,0.0,0,True,1746968150.7545493,,False
200,1746968216.3067625,3.25671,0.247917,-0.207583,0.384056,-0.168115,1047.2,1,3.15,2953.69,1.06323,50,1,2,0.0,0.0,0.0,1,0.0,0,True,1746968150.7545493,,False
201,1746968216.325978,3.26973,0.249653,-0.212554,0.384376,-0.168522,1047.2,1,3.172,2953.71,1.08228,50,1,2,0.0,0.0,0.0,1,0.0,0,True,1746968150.7545493,,False
202,1746968216.350677,3.24325,0.250573,-0.212888,0.3847,-0.168961,1047.2,1,3.194,2953.73,1.10156,50,1,2,0.0,0.0,0.0,1,0.0,0,True,1746968150.7545493,,False
203,1746968216.370286,3.2982,0.252889,-0.216285,0.385029,-0.169354,1047.2,1,3.216,2953.75,1.12134,50,1,2,0.0,0.0,0.0,1,0.0,0,True,1746968150.7545493,,False
204,1746968216.3959923,3.38522,0.250329,-0.216561,0.385359,-0.169744,1047.2,1,3.238,2953.77,1.14136,50,1,2,0.0,0.0,0.0,1,0.0,0,True,1746968150.7545493,,False
205,1746968216.4184494,3.39094,0.253184,-0.220214,0.385692,-0.170184,1047.2,1,3.26,2953.79,1.16113,50,1,2,0.0,0.0,0.0,1,0.0,0,True,1746968150.7545493,,False
206,1746968216.44213,3.36679,0.251158,-0.22064,0.386026,-0.170589,1047.2,1,3.282,2953.81,1.18115,50,1,2,0.0,0.0,0.0,1,0.0,0,True,1746968150.7545493,,False
207,1746968216.460985,3.42044,0.250896,-0.222253,0.386365,-0.170962,1047.2,1,3.304,2953.83,1.20142,50,1,2,0.0,0.0,0.0,1,0.0,0,True,1746968150.7545493,,False
208,1746968216.4816923,3.5276,0.250592,-0.224718,0.386707,-0.171362,1047.2,1,3.326,2953.85,1.22217,50,1,2,0.0,0.0,0.0,1,0.0,0,True,1746968150.7545493,,False
209,1746968216.5026207,3.54843,0.248847,-0.228731,0.387049,-0.171793,1047.2,1,3.348,2953.87,1.24292,50,1,2,0.0,0.0,0.0,1,0.0,0,True,1746968150.7545493,,False
210,1746968216.526922,3.5052,0.249297,-0.228143,0.387395,-0.172185,1047.2,1,3.37,2953.9,1.26392,50,1,2,0.0,0.0,0.0,1,0.0,0,True,1746968150.7545493,,False
211,1746968216.5479896,3.54784,0.241092,-0.231164,0.387743,-0.172575,1047.2,1,3.392,2953.92,1.28516,50,1,2,0.0,0.0,0.0,1,0.0,0,True,1746968150.7545493,,False
212,1746968216.572209,3.6507,0.251649,-0.232915,0.388094,-0.172955,1047.2,1,3.414,2953.94,1.3064,50,1,2,0.0,0.0,0.0,1,0.0,0,True,1746968150.7545493,,False
213,1746968216.592449,3.67761,0.257611,-0.236076,0.388451,-0.17338,1047.2,1,3.436,2953.96,1.32813,50,1,2,0.0,0.0,0.0,1,0.0,0,True,1746968150.7545493,,False
214,1746968216.6151977,3.64252,0.251205,-0.233813,0.388809,-0.173813,1047.2,1,3.458,2953.98,1.34985,50,1,2,0.0,0.0,0.0,1,0.0,0,True,1746968150.7545493,,False
215,1746968216.6369703,3.67993,0.2473,-0.239385,0.389172,-0.174211,1047.2,1,3.48,2954,1.37183,50,1,2,0.0,0.0,0.0,1,0.0,0,True,1746968150.7545493,,False
216,1746968216.6586545,3.78198,0.249435,-0.239503,0.389536,-0.174579,1047.2,1,3.502,2954.03,1.39404,50,1,2,0.0,0.0,0.0,1,0.0,0,True,1746968150.7545493,,False
217,1746968216.6812372,3.80774,0.252641,-0.241623,0.389904,-0.174985,1047.2,1,3.524,2954.05,1.4165,50,1,2,0.0,0.0,0.0,1,0.0,0,True,1746968150.7545493,,False
218,1746968216.70573,3.76282,0.256198,-0.244757,0.390275,-0.1754,1047.2,1,3.546,2954.07,1.43896,50,1,2,0.0,0.0,0.0,1,0.0,0,True,1746968150.7545493,,False
219,1746968216.7239301,3.79441,0.252565,-0.247342,0.390649,-0.175783,1047.2,1,3.568,2954.09,1.46167,50,1,2,0.0,0.0,0.0,1,0.0,0,True,1746968150.7545493,,False
220,1746968216.748249,3.89835,0.244285,-0.252299,0.391022,-0.176142,1047.2,1,3.59,2954.12,1.48462,50,1,2,0.0,0.0,0.0,1,0.0,0,True,1746968150.7545493,,False
221,1746968216.771046,3.90178,0.248862,-0.249265,0.391396,-0.176537,1047.2,1,3.612,2954.14,1.50781,50,1,2,0.0,0.0,0.0,1,0.0,0,True,1746968150.7545493,,False
222,1746968216.7894747,3.91756,0.24511,-0.245337,0.391776,-0.176978,1047.2,1,3.634,2954.16,1.53125,50,1,2,0.0,0.0,0.0,1,0.0,0,True,1746968150.7545493,,False
223,1746968216.8149016,3.97654,0.236617,-0.251123,0.392158,-0.177362,1047.2,1,3.656,2954.19,1.55469,50,1,2,0.0,0.0,0.0,1,0.0,0,True,1746968150.7545493,,False
224,1746968216.833954,4.00864,0.233922,-0.256287,0.39254,-0.177722,1047.2,1,3.678,2954.21,1.57813,50,1,2,0.0,0.0,0.0,1,0.0,0,True,1746968150.7545493,,False
225,1746968216.856474,4.04148,0.249224,-0.257749,0.392925,-0.178179,1047.2,1,3.7,2954.23,1.60229,50,1,2,0.0,0.0,0.0,1,0.0,0,True,1746968150.7545493,,False
226,1746968216.881368,4.07648,0.245264,-0.261046,0.393315,-0.178545,1047.2,1,3.722,2954.26,1.62646,50,1,2,0.0,0.0,0.0,1,0.0,0,True,1746968150.7545493,,False
227,1746968216.8998487,4.08827,0.24124,-0.265233,0.393709,-0.178901,1047.2,1,3.744,2954.28,1.65088,50,1,2,0.0,0.0,0.0,1,0.0,0,True,1746968150.7545493,,False
228,1746968216.9249973,4.18172,0.242167,-0.265457,0.394105,-0.179251,1047.2,1,3.766,2954.31,1.67554,50,1,2,0.0,0.0,0.0,1,0.0,0,True,1746968150.7545493,,False
229,1746968216.9426994,4.16301,0.239442,-0.264421,0.394504,-0.179659,1047.2,1,3.788,2954.33,1.70044,50,1,2,0.0,0.0,0.0,1,0.0,0,True,1746968150.7545493,,False
230,1746968216.96738,4.20402,0.2422,-0.264835,0.394907,-0.180061,1047.2,1,3.81,2954.36,1.7251,50,1,2,0.0,0.0,0.0,1,0.0,0,True,1746968150.7545493,,False
231,1746968216.9878397,4.21428,0.240124,-0.266952,0.395314,-0.180441,1047.2,1,3.832,2954.38,1.75049,50,1,2,0.0,0.0,0.0,1,0.0,0,True,1746968150.7545493,,False
232,1746968217.0124624,4.31053,0.250682,-0.27124,0.395725,-0.180849,1047.2,1,3.854,2954.41,1.77588,50,1,2,0.0,0.0,0.0,1,0.0,0,True,1746968150.7545493,,False
233,1746968217.0304105,4.33383,0.248134,-0.274383,0.39614,-0.181299,1047.2,1,3.876,2954.43,1.80151,50,1,2,0.0,0.0,0.0,1,0.0,0,True,1746968150.7545493,,False
234,1746968217.0547283,4.33275,0.2555,-0.275094,0.396559,-0.181737,1047.2,1,3.898,2954.46,1.82715,50,1,2,0.0,0.0,0.0,1,0.0,0,True,1746968150.7545493,,False
235,1746968217.079679,4.37388,0.252621,-0.276893,0.396984,-0.182143,1047.2,1,3.92,2954.48,1.85303,50,1,2,0.0,0.0,0.0,1,0.0,0,True,1746968150.7545493,,False
236,1746968217.101054,4.45441,0.252226,-0.277529,0.397409,-0.182571,1047.2,1,3.942,2954.51,1.87915,50,1,2,0.0,0.0,0.0,1,0.0,0,True,1746968150.7545493,,False
237,1746968217.1278584,4.44903,0.246114,-0.28031,0.397839,-0.183015,1047.2,1,3.964,2954.54,1.90552,50,1,2,0.0,0.0,0.0,1,0.0,0,True,1746968150.7545493,,False
238,1746968217.1432056,4.48095,0.226959,-0.285585,0.398269,-0.183418,1047.2,1,3.986,2954.56,1.93213,50,1,2,0.0,0.0,0.0,1,0.0,0,True,1746968150.7545493,,False
239,1746968217.1647089,4.52483,0.216988,-0.278948,0.398694,-0.18369,1047.2,1,4.008,2954.59,1.95898,50,1,2,0.0,0.0,0.0,1,0.0,0,True,1746968150.7545493,,False
240,1746968217.1853027,4.56573,0.23214,-0.283376,0.399122,-0.183977,1047.2,1,4.03,2954.62,1.98584,50,1,2,0.0,0.0,0.0,1,0.0,0,True,1746968150.7545493,,False
241,1746968217.2066472,4.63208,0.24432,-0.28931,0.39956,-0.184371,1047.2,1,4.052,2954.64,2.01318,50,1,2,0.0,0.0,0.0,1,0.0,0,True,1746968150.7545493,,False
242,1746968217.23024,4.60441,0.252165,-0.285051,0.400005,-0.184773,1047.2,1,4.074,2954.67,2.04053,50,1,2,0.0,0.0,0.0,1,0.0,0,True,1746968150.7545493,,False
243,1746968217.2520409,4.65208,0.257927,-0.294891,0.400455,-0.185172,1047.2,1,4.096,2954.7,2.06812,50,1,2,0.0,0.0,0.0,1,0.0,0,True,1746968150.7545493,,False
244,1746968217.2962468,4.71587,0.258847,-0.293624,0.400911,-0.185575,1047.2,1,4.118,2954.73,2.09595,50,1,2,0.0,0.0,0.0,1,0.0,0,True,1746968150.7545493,,False
245,1746968217.3008018,4.74979,0.257436,-0.297548,0.401369,-0.186024,1047.2,1,4.14,2954.76,2.12402,50,1,2,0.0,0.0,0.0,1,0.0,0,True,1746968150.7545493,,False
246,1746968217.3228552,4.78232,0.255149,-0.29741,0.401831,-0.186499,1047.2,1,4.162,2954.78,2.15234,50,1,2,0.0,0.0,0.0,1,0.0,0,True,1746968150.7545493,,False
247,1746968217.3445075,4.77161,0.252666,-0.305425,0.402295,-0.186879,1047.2,1,4.184,2954.81,2.18066,50,1,2,0.0,0.0,0.0,1,0.0,0,True,1746968150.7545493,,False
248,1746968217.3646004,4.89108,0.252874,-0.308682,0.402762,-0.187314,1047.2,1,4.206,2954.84,2.20947,50,1,2,0.0,0.0,0.0,1,0.0,0,True,1746968150.7545493,,False
249,1746968217.3859947,4.84739,0.257058,-0.313917,0.403232,-0.187774,1047.2,1,4.228,2954.87,2.23828,50,1,2,0.0,0.0,0.0,1,0.0,0,True,1746968150.7545493,,False
250,1746968217.4040325,4.92465,0.251695,-0.313425,0.403705,-0.188216,1047.2,1,4.25,2954.9,2.26733,50,1,2,0.0,0.0,0.0,1,0.0,0,True,1746968150.7545493,,False
251,1746968217.4313607,4.96042,0.257179,-0.31472,0.404183,-0.188618,1047.2,1,4.272,2954.93,2.29663,50,1,2,0.0,0.0,0.0,1,0.0,0,True,1746968150.7545493,,False
252,1746968217.450333,4.97468,0.256402,-0.32249,0.404666,-0.188995,1047.2,1,4.294,2954.96,2.32617,50,1,2,0.0,0.0,0.0,1,0.0,0,True,1746968150.7545493,,False
253,1746968217.470571,5.03855,0.244021,-0.322521,0.405149,-0.189428,1047.2,1,4.316,2954.99,2.35596,50,1,2,0.0,0.0,0.0,1,0.0,0,True,1746968150.7545493,,False
254,1746968217.4948554,5.04656,0.23806,-0.320824,0.405632,-0.189779,1047.2,1,4.338,2955.02,2.38599,50,1,2,0.0,0.0,0.0,1,0.0,0,True,1746968150.7545493,,False
255,1746968217.5169432,5.12431,0.23304,-0.322282,0.406117,-0.190076,1047.2,1,4.36,2955.05,2.41626,50,1,2,0.0,0.0,0.0,1,0.0,0,True,1746968150.7545493,,False
256,1746968217.5385997,5.1289,0.228199,-0.326969,0.406605,-0.190419,1047.2,1,4.382,2955.08,2.44653,50,1,2,0.0,0.0,0.0,1,0.0,0,True,1746968150.7545493,,False
257,1746968217.558118,5.21797,0.241434,-0.327738,0.407097,-0.190786,1047.2,1,4.404,2955.11,2.47729,50,1,2,0.0,0.0,0.0,1,0.0,0,True,1746968150.7545493,,False
258,1746968217.5806923,5.18459,0.245871,-0.329685,0.407595,-0.191109,1047.2,1,4.426,2955.14,2.50806,50,1,2,0.0,0.0,0.0,1,0.0,0,True,1746968150.7545493,,False
259,1746968217.6099424,5.21435,0.238529,-0.330269,0.408098,-0.191467,1047.2,1,4.448,2955.17,2.53906,50,1,2,0.0,0.0,0.0,1,0.0,0,True,1746968150.7545493,,False
260,1746968217.627417,5.30966,0.255796,-0.329731,0.408606,-0.19183,1047.2,1,4.47,2955.2,2.57031,50,1,2,0.0,0.0,0.0,1,0.0,0,True,1746968150.7545493,,False
261,1746968217.653187,5.28093,0.250526,-0.337267,0.409118,-0.192214,1047.2,1,4.492,2955.23,2.60181,50,1,2,0.0,0.0,0.0,1,0.0,0,True,1746968150.7545493,,False
262,1746968217.6725564,5.40261,0.248269,-0.333617,0.409634,-0.192622,1047.2,1,4.514,2955.27,2.63354,50,1,2,0.0,0.0,0.0,1,0.0,0,True,1746968150.7545493,,False
263,1746968217.696874,5.36288,0.251504,-0.344575,0.410154,-0.193016,1047.2,1,4.536,2955.3,2.66553,50,1,2,0.0,0.0,0.0,1,0.0,0,True,1746968150.7545493,,False
264,1746968217.718324,5.42573,0.254268,-0.344294,0.410679,-0.193379,1047.2,1,4.558,2955.33,2.69751,50,1,2,0.0,0.0,0.0,1,0.0,0,True,1746968150.7545493,,False
265,1746968217.739683,5.4636,0.247622,-0.348972,0.411207,-0.193769,1047.2,1,4.58,2955.36,2.72974,50,1,2,0.0,0.0,0.0,1,0.0,0,True,1746968150.7545493,,False
266,1746968217.7608166,5.49093,0.24659,-0.349994,0.411736,-0.194149,1047.2,1,4.602,2955.39,2.76245,50,1,2,0.0,0.0,0.0,1,0.0,0,True,1746968150.7545493,,False
267,1746968217.782394,5.54037,0.254188,-0.351979,0.41227,-0.194507,1047.2,1,4.624,2955.43,2.79541,50,1,2,0.0,0.0,0.0,1,0.0,0,True,1746968150.7545493,,False
268,1746968217.8051906,5.58696,0.235148,-0.352678,0.412805,-0.194783,1047.2,1,4.646,2955.46,2.82837,50,1,2,0.0,0.0,0.0,1,0.0,0,True,1746968150.7545493,,False
269,1746968217.828079,5.61402,0.239255,-0.358229,0.413341,-0.195034,1047.2,1,4.668,2955.49,2.86157,50,1,2,0.0,0.0,0.0,1,0.0,0,True,1746968150.7545493,,False
270,1746968217.85208,5.63874,0.242977,-0.358232,0.413883,-0.195411,1047.2,1,4.69,2955.53,2.89526,50,1,2,0.0,0.0,0.0,1,0.0,0,True,1746968150.7545493,,False
271,1746968217.871481,5.72354,0.233438,-0.361648,0.414428,-0.195693,1047.2,1,4.712,2955.56,2.92896,50,1,2,0.0,0.0,0.0,1,0.0,0,True,1746968150.7545493,,False
272,1746968217.8942306,5.69039,0.231639,-0.36169,0.414973,-0.19596,1047.2,1,4.734,2955.59,2.96289,50,1,2,0.0,0.0,0.0,1,0.0,0,True,1746968150.7545493,,False
273,1746968217.916051,5.79448,0.2388,-0.363494,0.415525,-0.19626,1047.2,1,4.756,2955.63,2.99707,50,1,2,0.0,0.0,0.0,1,0.0,0,True,1746968150.7545493,,False
274,1746968217.9371054,5.76196,0.248724,-0.369623,0.416081,-0.19658,1047.2,1,4.778,2955.66,3.03125,50,1,2,0.0,0.0,0.0,1,0.0,0,True,1746968150.7545493,,False
275,1746968217.9551032,5.806,0.24429,-0.367854,0.416641,-0.196881,1047.2,1,4.8,2955.7,3.06592,50,1,2,0.0,0.0,0.0,1,0.0,0,True,1746968150.7545493,,False
276,1746968217.9844835,5.92854,0.253275,-0.372644,0.417209,-0.197184,1047.2,1,4.822,2955.73,3.10059,50,1,2,0.0,0.0,0.0,1,0.0,0,True,1746968150.7545493,,False
277,1746968218.0045824,5.89193,0.246377,-0.375227,0.417781,-0.197543,1047.2,1,4.844,2955.77,3.13574,50,1,2,0.0,0.0,0.0,1,0.0,0,True,1746968150.7545493,,False
278,1746968218.0249872,5.91211,0.253256,-0.377853,0.418357,-0.197854,1047.2,1,4.866,2955.8,3.17114,50,1,2,0.0,0.0,0.0,1,0.0,0,True,1746968150.7545493,,False
279,1746968218.044606,6.01454,0.259383,-0.38132,0.418939,-0.198188,1047.2,1,4.888,2955.84,3.20654,50,1,2,0.0,0.0,0.0,1,0.0,0,True,1746968150.7545493,,False
280,1746968218.0697985,5.9749,0.258203,-0.387167,0.419524,-0.198563,1047.2,1,4.91,2955.87,3.24219,50,1,2,0.0,0.0,0.0,1,0.0,0,True,1746968150.7545493,,False
281,1746968218.0913148,6.06022,0.258079,-0.385695,0.420112,-0.198932,1047.2,1,4.932,2955.91,3.27808,50,1,2,0.0,0.0,0.0,1,0.0,0,True,1746968150.7545493,,False
282,1746968218.109497,6.08901,0.255392,-0.388804,0.420705,-0.199303,1047.2,1,4.954,2955.95,3.31421,50,1,2,0.0,0.0,0.0,1,0.0,0,True,1746968150.7545493,,False
283,1746968218.134149,6.11314,0.260707,-0.395405,0.421301,-0.199631,1047.2,1,4.976,2955.98,3.35059,50,1,2,0.0,0.0,0.0,1,0.0,0,True,1746968150.7545493,,False
284,1746968218.1535618,6.18924,0.259039,-0.398126,0.421902,-0.199892,1047.2,1,4.998,2956.02,3.38721,50,1,2,0.0,0.0,0.0,1,0.0,0,True,1746968150.7545493,,False
285,1746968218.174793,6.24441,0.250326,-0.39975,0.422505,-0.200217,1047.2,1,5.02,2956.06,3.42407,50,1,2,0.0,0.0,0.0,1,0.0,0,True,1746968150.7545493,,False
286,1746968218.1968071,6.2154,0.243806,-0.402515,0.42311,-0.200548,1047.2,1,5.042,2956.09,3.46118,50,1,2,0.0,0.0,0.0,1,0.0,0,True,1746968150.7545493,,False
287,1746968218.2183304,6.32257,0.239072,-0.405153,0.423718,-0.20082,1047.2,1,5.064,2956.13,3.49854,50,1,2,0.0,0.0,0.0,1,0.0,0,True,1746968150.7545493,,False
288,1746968218.2428322,6.35908,0.233804,-0.404305,0.424327,-0.201023,1047.2,1,5.086,2956.17,3.53589,50,1,2,0.0,0.0,0.0,1,0.0,0,True,1746968150.7545493,,False
289,1746968218.2645495,6.32057,0.238828,-0.401777,0.424938,-0.201243,1047.2,1,5.108,2956.21,3.57373,50,1,2,0.0,0.0,0.0,1,0.0,0,True,1746968150.7545493,,False
290,1746968218.2915292,6.42566,0.25014,-0.4075,0.425557,-0.201507,1047.2,1,5.13,2956.24,3.61182,50,1,2,0.0,0.0,0.0,1,0.0,0,True,1746968150.7545493,,False
291,1746968218.3090997,6.47437,0.245429,-0.415595,0.426179,-0.201721,1047.2,1,5.152,2956.28,3.6499,50,1,2,0.0,0.0,0.0,1,0.0,0,True,1746968150.7545493,,False
292,1746968218.3405945,6.44837,0.232039,-0.415692,0.426803,-0.201896,1047.2,1,5.174,2956.32,3.68848,50,1,2,0.0,0.0,0.0,1,0.0,0,True,1746968150.7545493,,False
293,1746968218.3534434,6.54643,0.246968,-0.416696,0.427431,-0.202147,1047.2,1,5.196,2956.36,3.72705,50,1,2,0.0,0.0,0.0,1,0.0,0,True,1746968150.7545493,,False
294,1746968218.3754807,6.56645,0.265178,-0.419117,0.42807,-0.202399,1047.2,1,5.218,2956.4,3.76587,50,1,2,0.0,0.0,0.0,1,0.0,0,True,1746968150.7545493,,False
295,1746968218.3993676,6.58873,0.246701,-0.420566,0.428707,-0.202633,1047.2,1,5.24,2956.44,3.80493,50,1,2,0.0,0.0,0.0,1,0.0,0,True,1746968150.7545493,,False
296,1746968218.4223475,6.66145,0.236534,-0.422854,0.429345,-0.202822,1047.2,1,5.262,2956.48,3.84424,50,1,2,0.0,0.0,0.0,1,0.0,0,True,1746968150.7545493,,False
297,1746968218.4390755,6.65522,0.25487,-0.424155,0.429989,-0.203036,1047.2,1,5.284,2956.52,3.88379,50,1,2,0.0,0.0,0.0,1,0.0,0,True,1746968150.7545493,,False
298,1746968218.4624977,6.75173,0.248006,-0.425793,0.430639,-0.203368,1047.2,1,5.306,2956.56,3.92358,50,1,2,0.0,0.0,0.0,1,0.0,0,True,1746968150.7545493,,False
299,1746968218.4834678,6.73938,0.255494,-0.428233,0.431295,-0.203706,1047.2,1,5.328,2956.6,3.96362,50,1,2,0.0,0.0,0.0,1,0.0,0,True,1746968150.7545493,,False
300,1746968218.5080588,6.80324,0.252546,-0.431686,0.431956,-0.204058,1047.2,1,5.35,2956.64,4.00391,50,1,2,0.0,0.0,0.0,1,0.0,0,True,1746968150.7545493,,False
301,1746968218.530581,6.83337,0.259379,-0.435516,0.432622,-0.20438,1047.2,1,5.372,2956.68,4.04443,50,1,2,0.0,0.0,0.0,1,0.0,0,True,1746968150.7545493,,False
302,1746968218.5514953,6.8555,0.255903,-0.438337,0.433292,-0.204713,1047.2,1,5.394,2956.72,4.08496,50,1,2,0.0,0.0,0.0,1,0.0,0,True,1746968150.7545493,,False
303,1746968218.571227,6.9599,0.261489,-0.441343,0.43397,-0.20507,1047.2,1,5.416,2956.76,4.12598,50,1,2,0.0,0.0,0.0,1,0.0,0,True,1746968150.7545493,,False
304,1746968218.5927463,6.90732,0.249941,-0.445601,0.434647,-0.205395,1047.2,1,5.438,2956.8,4.16724,50,1,2,0.0,0.0,0.0,1,0.0,0,True,1746968150.7545493,,False
305,1746968218.6162124,7.02223,0.25741,-0.448694,0.435326,-0.205697,1047.2,1,5.46,2956.84,4.2085,50,1,2,0.0,0.0,0.0,1,0.0,0,True,1746968150.7545493,,False
306,1746968218.6430755,7.01753,0.272071,-0.45588,0.436016,-0.206056,1047.2,1,5.482,2956.88,4.25,50,1,2,0.0,0.0,0.0,1,0.0,0,True,1746968150.7545493,,False
307,1746968218.6597683,7.077,0.257977,-0.460238,0.43671,-0.20641,1047.2,1,5.504,2956.92,4.29199,50,1,2,0.0,0.0,0.0,1,0.0,0,True,1746968150.7545493,,False
308,1746968218.6811857,7.15092,0.249393,-0.458887,0.4374,-0.20664,1047.2,1,5.526,2956.97,4.33398,50,1,2,0.0,0.0,0.0,1,0.0,0,True,1746968150.7545493,,False
309,1746968218.7029858,7.11456,0.224553,-0.458129,0.438091,-0.206823,1047.2,1,5.548,2957.01,4.37646,50,1,2,0.0,0.0,0.0,1,0.0,0,True,1746968150.7545493,,False
310,1746968218.7281272,7.22281,0.237499,-0.458965,0.438784,-0.207,1047.2,1,5.57,2957.05,4.41895,50,1,2,0.0,0.0,0.0,1,0.0,0,True,1746968150.7545493,,False
311,1746968218.7469094,7.20104,0.256953,-0.469297,0.439487,-0.207293,1047.2,1,5.592,2957.09,4.46191,50,1,2,0.0,0.0,0.0,1,0.0,0,True,1746968150.7545493,,False
312,1746968218.7745566,7.26943,0.256426,-0.467702,0.440197,-0.20759,1047.2,1,5.614,2957.14,4.50488,50,1,2,0.0,0.0,0.0,1,0.0,0,True,1746968150.7545493,,False
313,1746968218.7940953,7.34277,0.239558,-0.465143,0.440909,-0.207818,1047.2,1,5.636,2957.18,4.5481,50,1,2,0.0,0.0,0.0,1,0.0,0,True,1746968150.7545493,,False
314,1746968218.813223,7.29344,0.260328,-0.467573,0.441624,-0.208082,1047.2,1,5.658,2957.22,4.59155,50,1,2,0.0,0.0,0.0,1,0.0,0,True,1746968150.7545493,,False
315,1746968218.8368456,7.42274,0.270637,-0.48119,0.442351,-0.208399,1047.2,1,5.68,2957.27,4.63525,50,1,2,0.0,0.0,0.0,1,0.0,0,True,1746968150.7545493,,False
316,1746968218.8677723,7.38172,0.269179,-0.479032,0.443083,-0.208762,1047.2,1,5.702,2957.31,4.6792,50,1,2,0.0,0.0,0.0,1,0.0,0,True,1746968150.7545493,,False
317,1746968218.886514,7.47418,0.275821,-0.488497,0.443822,-0.209143,1047.2,1,5.724,2957.35,4.72339,50,1,2,0.0,0.0,0.0,1,0.0,0,True,1746968150.7545493,,False
318,1746968218.905965,7.53653,0.276646,-0.492452,0.444566,-0.209492,1047.2,1,5.746,2957.4,4.76782,50,1,2,0.0,0.0,0.0,1,0.0,0,True,1746968150.7545493,,False
319,1746968218.9223318,7.49453,0.279318,-0.492732,0.445314,-0.209846,1047.2,1,5.768,2957.44,4.81226,50,1,2,0.0,0.0,0.0,1,0.0,0,True,1746968150.7545493,,False
320,1746968218.945258,7.61888,0.284632,-0.491781,0.44607,-0.210222,1047.2,1,5.79,2957.49,4.85742,50,1,2,0.0,0.0,0.0,1,0.0,0,True,1746968150.7545493,,False
321,1746968218.971622,7.62679,0.28355,-0.491822,0.44683,-0.210628,1047.2,1,5.812,2957.53,4.90234,50,1,2,0.0,0.0,0.0,1,0.0,0,True,1746968150.7545493,,False
322,1746968218.9895427,7.63322,0.254059,-0.506146,0.44759,-0.21095,1047.2,1,5.834,2957.58,4.94775,50,1,2,0.0,0.0,0.0,1,0.0,0,True,1746968150.7545493,,False
323,1746968219.0172184,7.73634,0.264883,-0.504541,0.44835,-0.211182,1047.2,1,5.856,2957.63,4.99341,50,1,2,0.0,0.0,0.0,1,0.0,0,True,1746968150.7545493,,False
324,1746968219.035041,7.71889,0.262467,-0.507628,0.449115,-0.211522,1047.2,1,5.878,2957.67,5.03906,50,1,2,0.0,0.0,0.0,1,0.0,0,True,1746968150.7545493,,False
325,1746968219.0556896,7.79789,0.26585,-0.507095,0.449884,-0.211784,1047.2,1,5.9,2957.72,5.08496,50,1,2,0.0,0.0,0.0,1,0.0,0,True,1746968150.7545493,,False
326,1746968219.0784566,7.86343,0.27158,-0.515679,0.45066,-0.212107,1047.2,1,5.922,2957.76,5.13135,50,1,2,0.0,0.0,0.0,1,0.0,0,True,1746968150.7545493,,False
327,1746968219.10821,7.82847,0.262971,-0.51284,0.451439,-0.212397,1047.2,1,5.944,2957.81,5.17798,50,1,2,0.0,0.0,0.0,1,0.0,0,True,1746968150.7545493,,False
328,1746968219.1229684,7.94146,0.247261,-0.518585,0.452216,-0.212591,1047.2,1,5.966,2957.86,5.22485,50,1,2,0.0,0.0,0.0,1,0.0,0,True,1746968150.7545493,,False
329,1746968219.1517382,7.93587,0.26345,-0.519571,0.453001,-0.212857,1047.2,1,5.988,2957.9,5.27197,50,1,2,0.0,0.0,0.0,1,0.0,0,True,1746968150.7545493,,False
330,1746968219.176129,7.95873,0.262167,-0.524681,0.453789,-0.213106,1047.2,1,6.01,2957.95,5.31934,50,1,2,0.0,0.0,0.0,1,0.0,0,True,1746968150.7545493,,False
331,1746968219.1897984,8.07352,0.272885,-0.523023,0.454587,-0.213399,1047.2,1,6.032,2958,5.36694,50,1,2,0.0,0.0,0.0,1,0.0,0,True,1746968150.7545493,,False
332,1746968219.2108223,8.02699,0.255902,-0.527833,0.455387,-0.213673,1047.2,1,6.054,2958.05,5.41455,50,1,2,0.0,0.0,0.0,1,0.0,0,True,1746968150.7545493,,False
333,1746968219.2389631,8.13127,0.268019,-0.529027,0.456191,-0.213911,1047.2,1,6.076,2958.09,5.46265,50,1,2,0.0,0.0,0.0,1,0.0,0,True,1746968150.7545493,,False
334,1746968219.2522848,8.16115,0.246056,-0.53321,0.456998,-0.214184,1047.2,1,6.098,2958.14,5.51099,50,1,2,0.0,0.0,0.0,1,0.0,0,True,1746968150.7545493,,False
335,1746968219.2759345,8.16869,0.252171,-0.534764,0.457806,-0.214346,1047.2,1,6.12,2958.19,5.55933,50,1,2,0.0,0.0,0.0,1,0.0,0,True,1746968150.7545493,,False
336,1746968219.2982852,8.25411,0.258885,-0.535745,0.458622,-0.214619,1047.2,1,6.142,2958.24,5.60815,50,1,2,0.0,0.0,0.0,1,0.0,0,True,1746968150.7545493,,False
337,1746968219.3211951,8.22802,0.264434,-0.538437,0.459441,-0.21487,1047.2,1,6.164,2958.29,5.65698,50,1,2,0.0,0.0,0.0,1,0.0,0,True,1746968150.7545493,,False
338,1746968219.3419602,8.35743,0.265231,-0.545041,0.460269,-0.215153,1047.2,1,6.186,2958.34,5.7063,50,1,2,0.0,0.0,0.0,1,0.0,0,True,1746968150.7545493,,False
339,1746968219.363176,8.32079,0.268211,-0.54771,0.461101,-0.215449,1047.2,1,6.208,2958.39,5.75562,50,1,2,0.0,0.0,0.0,1,0.0,0,True,1746968150.7545493,,False
340,1746968219.388222,8.42181,0.271403,-0.548598,0.461939,-0.215743,1047.2,1,6.23,2958.44,5.80542,50,1,2,0.0,0.0,0.0,1,0.0,0,True,1746968150.7545493,,False
341,1746968219.4080544,8.43899,0.273242,-0.556011,0.462782,-0.216014,1047.2,1,6.252,2958.49,5.85522,50,1,2,0.0,0.0,0.0,1,0.0,0,True,1746968150.7545493,,False
342,1746968219.4303644,8.45571,0.273611,-0.559204,0.463629,-0.216266,1047.2,1,6.274,2958.54,5.90552,50,1,2,0.0,0.0,0.0,1,0.0,0,True,1746968150.7545493,,False
343,1746968219.450829,8.576,0.261222,-0.560367,0.464478,-0.216476,1047.2,1,6.296,2958.59,5.95581,50,1,2,0.0,0.0,0.0,1,0.0,0,True,1746968150.7545493,,False
344,1746968219.4754317,8.5303,0.255259,-0.563116,0.465328,-0.216629,1047.2,1,6.318,2958.64,6.00659,50,1,2,0.0,0.0,0.0,1,0.0,0,True,1746968150.7545493,,False
345,1746968219.4947817,8.59391,0.256716,-0.566419,0.466181,-0.216767,1047.2,1,6.34,2958.69,6.05737,50,1,2,0.0,0.0,0.0,1,0.0,0,True,1746968150.7545493,,False
346,1746968219.5210931,8.68763,0.256631,-0.568612,0.467039,-0.216936,1047.2,1,6.362,2958.74,6.10864,50,1,2,0.0,0.0,0.0,1,0.0,0,True,1746968150.7545493,,False
347,1746968219.5446348,8.67515,0.264022,-0.571088,0.467903,-0.217108,1056.29,1,6.384,2958.79,6.15991,50,1,2,0.0,0.0,0.0,1,0.0,0,True,1746968150.7545493,,False
348,1746968219.5621083,8.70522,0.26513,-0.573127,0.468772,-0.217275,1047.2,1,6.406,2958.84,6.21167,50,1,2,0.0,0.0,0.0,1,0.0,0,True,1746968150.7545493,,False
349,1746968219.583029,8.80192,0.260336,-0.578427,0.469648,-0.217457,1047.2,1,6.428,2958.9,6.26343,50,1,2,0.0,0.0,0.0,1,0.0,0,True,1746968150.7545493,,False
350,1746968219.607185,8.84053,0.271397,-0.578661,0.470529,-0.217697,1047.2,1,6.45,2958.95,6.31567,50,1,2,0.0,0.0,0.0,1,0.0,0,True,1746968150.7545493,,False
351,1746968219.6285708,8.82449,0.275363,-0.584043,0.471416,-0.217917,1047.2,1,6.472,2959,6.36792,50,1,2,0.0,0.0,0.0,1,0.0,0,True,1746968150.7545493,,False
352,1746968219.6509564,8.87091,0.276572,-0.584545,0.472306,-0.218155,1071.49,1,6.494,2959.05,6.42041,50,1,2,0.0,0.0,0.0,1,0.0,0,True,1746968150.7545493,,False
353,1746968219.6751325,8.98071,0.269646,-0.589632,0.473201,-0.218375,1047.2,1,6.516,2959.1,6.47339,50,1,2,0.0,0.0,0.0,1,0.0,0,True,1746968150.7545493,,False
354,1746968219.7009356,8.96026,0.271931,-0.586761,0.474098,-0.218627,1076.03,1,6.538,2959.16,6.52637,50,1,2,0.0,0.0,0.0,1,0.0,0,True,1746968150.7545493,,False
355,1746968219.7197042,9.00529,0.274469,-0.595417,0.475002,-0.21888,1063.88,1,6.56,2959.21,6.57983,50,1,2,0.0,0.0,0.0,1,0.0,0,True,1746968150.7545493,,False
356,1746968219.7392712,9.0862,0.273655,-0.603837,0.475912,-0.219129,1047.2,1,6.582,2959.27,6.63354,50,1,2,0.0,0.0,0.0,1,0.0,0,True,1746968150.7545493,,False
357,1746968219.7654092,9.11777,0.272026,-0.598766,0.476825,-0.219345,1094.72,1,6.604,2959.32,6.68726,50,1,2,0.0,0.0,0.0,1,0.0,0,True,1746968150.7545493,,False
358,1746968219.7813005,9.10231,0.266781,-0.592329,0.477742,-0.219657,1109.69,1,6.626,2959.37,6.74121,50,1,2,0.0,0.0,0.0,1,0.0,0,True,1746968150.7545493,,False
359,1746968219.8030121,9.20427,0.269554,-0.599944,0.478665,-0.219864,1083,1,6.648,2959.43,6.79565,50,1,2,0.0,0.0,0.0,1,0.0,0,True,1746968150.7545493,,False
360,1746968219.8252249,9.24238,0.264519,-0.60934,0.47959,-0.220092,1113.95,1,6.67,2959.48,6.8501,50,1,2,0.0,0.0,0.0,1,0.0,0,True,1746968150.7545493,,False
361,1746968219.8496416,9.24367,0.268631,-0.616458,0.480519,-0.220321,1072.03,1,6.692,2959.54,6.90503,50,1,2,0.0,0.0,0.0,1,0.0,0,True,1746968150.7545493,,False
362,1746968219.873203,9.31447,0.259853,-0.620667,0.481453,-0.220508,1086.87,1,6.714,2959.59,6.96021,50,1,2,0.0,0.0,0.0,1,0.0,0,True,1746968150.7545493,,False
363,1746968219.8961778,9.38013,0.263031,-0.620458,0.482389,-0.220686,1117.47,1,6.736,2959.65,7.01538,50,1,2,0.0,0.0,0.0,1,0.0,0,True,1746968150.7545493,,False
364,1746968219.9135458,9.3682,0.262676,-0.61793,0.483329,-0.220877,1133.35,1,6.758,2959.7,7.07104,50,1,2,0.0,0.0,0.0,1,0.0,0,True,1746968150.7545493,,False
365,1746968219.938624,9.44832,0.265253,-0.617208,0.484274,-0.221075,1047.58,1,6.78,2959.76,7.12671,50,1,2,0.0,0.0,0.0,1,0.0,0,True,1746968150.7545493,,False
366,1746968219.9569495,9.50518,0.265396,-0.622512,0.485228,-0.221317,1147.49,1,6.802,2959.81,7.18286,50,1,2,0.0,0.0,0.0,1,0.0,0,True,1746968150.7545493,,False
367,1746968219.986284,9.50322,0.262306,-0.632553,0.486183,-0.221526,1093.84,1,6.824,2959.87,7.23926,50,1,2,0.0,0.0,0.0,1,0.0,0,True,1746968150.7545493,,False
368,1746968220.0056303,9.54421,0.264236,-0.632356,0.487143,-0.221724,1178.98,1,6.846,2959.93,7.29565,50,1,2,0.0,0.0,0.0,1,0.0,0,True,1746968150.7545493,,False
369,1746968220.0237763,9.6322,0.269575,-0.636168,0.48811,-0.221982,1141.78,1,6.868,2959.98,7.35254,50,1,2,0.0,0.0,0.0,1,0.0,0,True,1746968150.7545493,,False
370,1746968220.0502539,9.61453,0.269466,-0.644477,0.489082,-0.222226,1169.02,1,6.89,2960.04,7.40942,50,1,2,0.0,0.0,0.0,1,0.0,0,True,1746968150.7545493,,False
371,1746968220.066803,9.67836,0.271532,-0.65026,0.490055,-0.222404,1078.09,1,6.912,2960.1,7.4668,50,1,2,0.0,0.0,0.0,1,0.0,0,True,1746968150.7545493,,False
372,1746968220.0908585,9.76485,0.275023,-0.646531,0.491038,-0.222609,1157.3,1,6.934,2960.16,7.52441,50,1,2,0.0,0.0,0.0,1,0.0,0,True,1746968150.7545493,,False
373,1746968220.1117983,9.75999,0.276376,-0.64711,0.492024,-0.222872,1157.48,1,6.956,2960.21,7.58203,50,1,2,0.0,0.0,0.0,1,0.0,0,True,1746968150.7545493,,False
374,1746968220.137438,9.79156,0.266646,-0.656271,0.493016,-0.223088,1166.08,1,6.978,2960.27,7.63989,50,1,2,0.0,0.0,0.0,1,0.0,0,True,1746968150.7545493,,False
375,1746968220.1616151,9.87798,0.277478,-0.660802,0.494013,-0.22336,1197.57,1,7,2960.33,7.69824,50,1,2,0.0,0.0,0.0,1,0.0,0,True,1746968150.7545493,,False
376,1746968220.176383,9.91581,0.276435,-0.661638,0.495015,-0.223587,1187.18,1,7.022,2960.39,7.75684,50,1,2,0.0,0.0,0.0,1,0.0,0,True,1746968150.7545493,,False
377,1746968220.1987793,9.90398,0.274729,-0.664228,0.496021,-0.223836,1207.05,1,7.044,2960.45,7.81543,50,1,2,0.0,0.0,0.0,1,0.0,0,True,1746968150.7545493,,False
378,1746968220.2227607,9.98807,0.272167,-0.666337,0.497033,-0.224046,1138.94,1,7.066,2960.51,7.87451,50,1,2,0.0,0.0,0.0,1,0.0,0,True,1746968150.7545493,,False
379,1746968220.2442307,10.0428,0.280736,-0.672871,0.498049,-0.224311,1194.14,1,7.088,2960.57,7.93384,50,1,2,0.0,0.0,0.0,1,0.0,0,True,1746968150.7545493,,False
380,1746968220.2684276,10.0317,0.272428,-0.673936,0.499068,-0.224541,1185.25,1,7.11,2960.63,7.99341,50,1,2,0.0,0.0,0.0,1,0.0,0,True,1746968150.7545493,,False
381,1746968220.290329,10.1071,0.286143,-0.679548,0.500095,-0.224758,1194.57,1,7.132,2960.68,8.05298,50,1,2,0.0,0.0,0.0,1,0.0,0,True,1746968150.7545493,,False
382,1746968220.310591,10.1857,0.281208,-0.680405,0.501128,-0.225004,1200.9,1,7.154,2960.74,8.11304,50,1,2,0.0,0.0,0.0,1,0.0,0,True,1746968150.7545493,,False
383,1746968220.3352973,10.1938,0.28338,-0.685714,0.502164,-0.225243,1167.34,1,7.176,2960.8,8.17334,50,1,2,0.0,0.0,0.0,1,0.0,0,True,1746968150.7545493,,False
384,1746968220.355888,10.1981,0.285891,-0.688652,0.503208,-0.225513,1218.71,1,7.198,2960.87,8.23364,50,1,2,0.0,0.0,0.0,1,0.0,0,True,1746968150.7545493,,False
385,1746968220.3752458,10.2961,0.276496,-0.690859,0.504255,-0.225761,1195.61,1,7.22,2960.93,8.29443,50,1,2,0.0,0.0,0.0,1,0.0,0,True,1746968150.7545493,,False
386,1746968220.4008608,10.3378,0.272711,-0.695054,0.505305,-0.225951,1237.77,1,7.242,2960.99,8.35547,50,1,2,0.0,0.0,0.0,1,0.0,0,True,1746968150.7545493,,False
387,1746968220.420574,10.3365,0.279285,-0.689788,0.50636,-0.226245,1260.26,1,7.264,2961.05,8.41675,50,1,2,0.0,0.0,0.0,1,0.0,0,True,1746968150.7545493,,False
388,1746968220.4411752,10.4156,0.28513,-0.705863,0.507421,-0.226435,1176.83,1,7.286,2961.11,8.47827,50,1,2,0.0,0.0,0.0,1,0.0,0,True,1746968150.7545493,,False
389,1746968220.4696152,10.4453,0.2829,-0.699825,0.508488,-0.226679,1253.45,1,7.308,2961.17,8.54004,50,1,2,0.0,0.0,0.0,1,0.0,0,True,1746968150.7545493,,False
390,1746968220.4899542,10.4846,0.287287,-0.705767,0.509561,-0.226954,1207.02,1,7.33,2961.23,8.60181,50,1,2,0.0,0.0,0.0,1,0.0,0,True,1746968150.7545493,,False
391,1746968220.5100377,10.5369,0.28866,-0.710356,0.51064,-0.227119,1221.32,1,7.352,2961.3,8.66406,50,1,2,0.0,0.0,0.0,1,0.0,0,True,1746968150.7545493,,False
392,1746968220.530865,10.5716,0.297063,-0.710537,0.511725,-0.227396,1285.17,1,7.374,2961.36,8.72656,50,1,2,0.0,0.0,0.0,1,0.0,0,True,1746968150.7545493,,False
393,1746968220.5538936,10.6094,0.287059,-0.719422,0.512815,-0.227653,1240.08,1,7.396,2961.42,8.78906,50,1,2,0.0,0.0,0.0,1,0.0,0,True,1746968150.7545493,,False
394,1746968220.5750206,10.6524,0.285314,-0.722658,0.513907,-0.227835,1297.65,1,7.418,2961.48,8.85229,50,1,2,0.0,0.0,0.0,1,0.0,0,True,1746968150.7545493,,False
395,1746968220.5965073,10.7058,0.284069,-0.725535,0.515003,-0.228065,1267.75,1,7.44,2961.55,8.91528,50,1,2,0.0,0.0,0.0,1,0.0,0,True,1746968150.7545493,,False
396,1746968220.616917,10.7295,0.292443,-0.725982,0.516106,-0.228307,1261.25,1,7.462,2961.61,8.97876,50,1,2,0.0,0.0,0.0,1,0.0,0,True,1746968150.7545493,,False
397,1746968220.6407282,10.7868,0.293327,-0.728883,0.517215,-0.228548,1297.73,1,7.484,2961.67,9.04248,50,1,2,0.0,0.0,0.0,1,0.0,0,True,1746968150.7545493,,False
398,1746968220.6657817,10.8283,0.291491,-0.734098,0.518329,-0.228871,1283.05,1,7.506,2961.74,9.1062,50,1,2,0.0,0.0,0.0,1,0.0,0,True,1746968150.7545493,,False
399,1746968220.687131,10.8557,0.296699,-0.734207,0.519449,-0.229137,1273.22,1,7.528,2961.8,9.17065,50,1,2,0.0,0.0,0.0,1,0.0,0,True,1746968150.7545493,,False
400,1746968220.7076764,10.9271,0.304372,-0.735444,0.520577,-0.229447,1309.39,1,7.55,2961.87,9.23511,50,1,2,0.0,0.0,0.0,1,0.0,0,True,1746968150.7545493,,False
401,1746968220.7308676,10.942,0.305283,-0.747278,0.52171,-0.229803,1296.96,1,7.572,2961.93,9.29956,50,1,2,0.0,0.0,0.0,1,0.0,0,True,1746968150.7545493,,False
402,1746968220.750683,11.0004,0.298994,-0.754112,0.52285,-0.230085,1272.86,1,7.594,2962,9.3645,50,1,2,0.0,0.0,0.0,1,0.0,0,True,1746968150.7545493,,False
403,1746968220.7730708,11.0524,0.297824,-0.752145,0.523994,-0.230401,1294.08,1,7.616,2962.06,9.42969,50,1,2,0.0,0.0,0.0,1,0.0,0,True,1746968150.7545493,,False
404,1746968220.7948189,11.058,0.29553,-0.754809,0.525142,-0.230732,1319.62,1,7.638,2962.13,9.49512,50,1,2,0.0,0.0,0.0,1,0.0,0,True,1746968150.7545493,,False
405,1746968220.8193166,11.1429,0.288021,-0.761456,0.526293,-0.230985,1297.7,1,7.66,2962.19,9.56079,50,1,2,0.0,0.0,0.0,1,0.0,0,True,1746968150.7545493,,False
406,1746968220.8367758,11.1603,0.29274,-0.76591,0.527448,-0.231317,1342.91,1,7.682,2962.26,9.62646,50,1,2,0.0,0.0,0.0,1,0.0,0,True,1746968150.7545493,,False
407,1746968220.8608918,11.2205,0.294367,-0.770616,0.52861,-0.231597,1276.48,1,7.704,2962.32,9.69287,50,1,2,0.0,0.0,0.0,1,0.0,0,True,1746968150.7545493,,False
408,1746968220.8835704,11.2547,0.294778,-0.767777,0.529779,-0.231905,1330.25,1,7.726,2962.39,9.75928,50,1,2,0.0,0.0,0.0,1,0.0,0,True,1746968150.7545493,,False
409,1746968220.906237,11.2776,0.288361,-0.776202,0.53095,-0.232221,1355.84,1,7.748,2962.46,9.82568,50,1,2,0.0,0.0,0.0,1,0.0,0,True,1746968150.7545493,,False
410,1746968220.9292715,11.3341,0.293378,-0.777833,0.532127,-0.232445,1352.83,1,7.77,2962.52,9.89282,50,1,2,0.0,0.0,0.0,1,0.0,0,True,1746968150.7545493,,False
411,1746968220.9491968,11.3605,0.294929,-0.782118,0.53331,-0.232736,1392.57,1,7.792,2962.59,9.95996,50,1,2,0.0,0.0,0.0,1,0.0,0,True,1746968150.7545493,,False
412,1746968220.969311,11.4346,0.286287,-0.783353,0.534496,-0.233008,1317.19,1,7.814,2962.66,10.0271,50,1,2,0.0,0.0,0.0,1,0.0,0,True,1746968150.7545493,,False
413,1746968220.9935265,11.4568,0.28894,-0.787067,0.535687,-0.233267,1400.68,1,7.836,2962.73,10.095,50,1,2,0.0,0.0,0.0,1,0.0,0,True,1746968150.7545493,,False
414,1746968221.0147285,11.5025,0.295391,-0.79003,0.536884,-0.233568,1345.34,1,7.858,2962.79,10.1626,50,1,2,0.0,0.0,0.0,1,0.0,0,True,1746968150.7545493,,False
415,1746968221.0352845,11.5566,0.289751,-0.792104,0.538088,-0.23385,1391.12,1,7.88,2962.86,10.2307,50,1,2,0.0,0.0,0.0,1,0.0,0,True,1746968150.7545493,,False
416,1746968221.057065,11.5931,0.290613,-0.796994,0.539297,-0.234147,1336.73,1,7.902,2962.93,10.2991,50,1,2,0.0,0.0,0.0,1,0.0,0,True,1746968150.7545493,,False
417,1746968221.0811503,11.6329,0.296605,-0.798705,0.540512,-0.234414,1342.56,1,7.924,2963,10.3677,50,1,2,0.0,0.0,0.0,1,0.0,0,True,1746968150.7545493,,False
418,1746968221.101045,11.7062,0.290727,-0.79855,0.541735,-0.234727,1352.27,1,7.946,2963.07,10.4365,50,1,2,0.0,0.0,0.0,1,0.0,0,True,1746968150.7545493,,False
419,1746968221.1249025,11.7193,0.292191,-0.803748,0.54296,-0.234947,1407.29,1,7.968,2963.14,10.5056,50,1,2,0.0,0.0,0.0,1,0.0,0,True,1746968150.7545493,,False
420,1746968221.1469898,11.7567,0.293067,-0.809557,0.544192,-0.235249,1367.24,1,7.99,2963.21,10.575,50,1,2,0.0,0.0,0.0,1,0.0,0,True,1746968150.7545493,,False
421,1746968221.1657603,11.8089,0.294653,-0.816009,0.545316,-0.235504,1394.06,1,8.01,2963.27,10.6384,50,1,2,0.0,0.0,0.0,1,0.0,0,True,1746968150.7545493,,False
422,1746968221.1868222,11.8642,0.298914,-0.81974,0.546444,-0.235751,1405.71,1,8.03,2963.33,10.7019,50,1,2,0.0,0.0,0.0,1,0.0,0,True,1746968150.7545493,,False
423,1746968221.2068498,11.9008,0.297217,-0.81687,0.547578,-0.236032,1424.47,1,8.05,2963.4,10.7654,50,1,2,0.0,0.0,0.0,1,0.0,0,True,1746968150.7545493,,False
424,1746968221.227567,11.9396,0.300022,-0.82763,0.548717,-0.23626,1400.72,1,8.07,2963.46,10.8293,50,1,2,0.0,0.0,0.0,1,0.0,0,True,1746968150.7545493,,False
425,1746968221.2443318,11.9583,0.299342,-0.831116,0.549861,-0.236515,1432.83,1,8.09,2963.53,10.8936,50,1,2,0.0,0.0,0.0,1,0.0,0,True,1746968150.7545493,,False
426,1746968221.2669451,11.9706,0.302315,-0.830439,0.551008,-0.236788,1434.24,1,8.11,2963.59,10.9578,50,1,2,0.0,0.0,0.0,1,0.0,0,True,1746968150.7545493,,False
427,1746968221.2870092,12.0114,0.295252,-0.835666,0.552161,-0.237025,1388.49,1,8.13,2963.65,11.0225,50,1,2,0.0,0.0,0.0,1,0.0,0,True,1746968150.7545493,,False
428,1746968221.3059711,12.0481,0.301233,-0.835815,0.553317,-0.237296,1429.07,1,8.15,2963.72,11.0872,50,1,2,0.0,0.0,0.0,1,0.0,0,True,1746968150.7545493,,False
429,1746968221.3244023,12.1051,0.300157,-0.840344,0.55448,-0.237555,1449.05,1,8.17,2963.78,11.1519,50,1,2,0.0,0.0,0.0,1,0.0,0,True,1746968150.7545493,,False
430,1746968221.3462343,12.1793,0.299038,-0.849464,0.555646,-0.237791,1403.7,1,8.19,2963.85,11.217,50,1,2,0.0,0.0,0.0,1,0.0,0,True,1746968150.7545493,,False
431,1746968221.3665235,12.2247,0.296103,-0.850299,0.556816,-0.238041,1447.87,1,8.21,2963.91,11.2825,50,1,2,0.0,0.0,0.0,1,0.0,0,True,1746968150.7545493,,False
432,1746968221.38634,12.2558,0.286694,-0.851294,0.557988,-0.238266,1454.09,1,8.23,2963.98,11.3481,50,1,2,0.0,0.0,0.0,1,0.0,0,True,1746968150.7545493,,False
433,1746968221.4071665,12.2898,0.292576,-0.849755,0.559165,-0.238466,1430.51,1,8.25,2964.05,11.4138,50,1,2,0.0,0.0,0.0,1,0.0,0,True,1746968150.7545493,,False
434,1746968221.426688,12.2946,0.292158,-0.857345,0.560346,-0.238696,1473.7,1,8.27,2964.11,11.4797,50,1,2,0.0,0.0,0.0,1,0.0,0,True,1746968150.7545493,,False
435,1746968221.4444826,12.3227,0.297469,-0.865737,0.561531,-0.238908,1435.9,1,8.29,2964.18,11.5461,50,1,2,0.0,0.0,0.0,1,0.0,0,True,1746968150.7545493,,False
436,1746968221.4693217,12.3574,0.284097,-0.863135,0.56272,-0.239097,1474.74,1,8.31,2964.24,11.6125,50,1,2,0.0,0.0,0.0,1,0.0,0,True,1746968150.7545493,,False
437,1746968221.4883711,12.4108,0.298305,-0.86188,0.563915,-0.239345,1473.02,1,8.33,2964.31,11.679,50,1,2,0.0,0.0,0.0,1,0.0,0,True,1746968150.7545493,,False
438,1746968221.507566,12.4666,0.294068,-0.861632,0.565116,-0.239587,1477.11,1,8.35,2964.38,11.7458,50,1,2,0.0,0.0,0.0,1,0.0,0,True,1746968150.7545493,,False
439,1746968221.533531,12.5215,0.299065,-0.874064,0.56632,-0.239817,1509.65,1,8.37,2964.44,11.813,50,1,2,0.0,0.0,0.0,1,0.0,0,True,1746968150.7545493,,False
440,1746968221.5531607,12.5856,0.302367,-0.877415,0.567532,-0.240056,1442.6,1,8.39,2964.51,11.8801,50,1,2,0.0,0.0,0.0,1,0.0,0,True,1746968150.7545493,,False
441,1746968221.569208,12.6137,0.305918,-0.884647,0.568748,-0.240288,1458.65,1,8.41,2964.58,11.9475,50,1,2,0.0,0.0,0.0,1,0.0,0,True,1746968150.7545493,,False
442,1746968221.5883758,12.6295,0.303237,-0.892222,0.569969,-0.240545,1500.92,1,8.43,2964.65,12.0154,50,1,2,0.0,0.0,0.0,1,0.0,0,True,1746968150.7545493,,False
443,1746968221.6043909,12.6463,0.313422,-0.897444,0.571196,-0.240849,1502,1,8.45,2964.71,12.083,50,1,2,0.0,0.0,0.0,1,0.0,0,True,1746968150.7545493,,False
444,1746968221.6291156,12.6722,0.309604,-0.898488,0.572429,-0.24114,1488.9,1,8.47,2964.78,12.1511,50,1,2,0.0,0.0,0.0,1,0.0,0,True,1746968150.7545493,,False
445,1746968221.644658,12.7145,0.306217,-0.895642,0.573666,-0.241425,1499.46,1,8.49,2964.85,12.2195,50,1,2,0.0,0.0,0.0,1,0.0,0,True,1746968150.7545493,,False
446,1746968221.665182,12.7713,0.314025,-0.894221,0.574908,-0.241703,1515.35,1,8.51,2964.92,12.2878,50,1,2,0.0,0.0,0.0,1,0.0,0,True,1746968150.7545493,,False
447,1746968221.688089,12.8423,0.310277,-0.892889,0.576156,-0.241965,1515.59,1,8.53,2964.99,12.3564,50,1,2,0.0,0.0,0.0,1,0.0,0,True,1746968150.7545493,,False
448,1746968221.7067945,12.8963,0.304337,-0.895736,0.577407,-0.24224,1510.06,1,8.55,2965.06,12.4253,50,1,2,0.0,0.0,0.0,1,0.0,0,True,1746968150.7545493,,False
449,1746968221.7262776,12.9254,0.313929,-0.904096,0.578664,-0.242526,1546.73,1,8.57,2965.13,12.4944,50,1,2,0.0,0.0,0.0,1,0.0,0,True,1746968150.7545493,,False
450,1746968221.744176,12.9464,0.310235,-0.914353,0.579925,-0.24282,1540.43,1,8.59,2965.2,12.5637,50,1,2,0.0,0.0,0.0,1,0.0,0,True,1746968150.7545493,,False
451,1746968221.7667785,12.968,0.307954,-0.923619,0.581192,-0.243092,1524.09,1,8.61,2965.26,12.6333,50,1,2,0.0,0.0,0.0,1,0.0,0,True,1746968150.7545493,,False
452,1746968221.7859366,12.9937,0.312059,-0.928667,0.582462,-0.243363,1529.19,1,8.63,2965.33,12.7029,50,1,2,0.0,0.0,0.0,1,0.0,0,True,1746968150.7545493,,False
453,1746968221.8075392,13.0337,0.299663,-0.92832,0.583737,-0.243615,1541.15,1,8.65,2965.4,12.7727,50,1,2,0.0,0.0,0.0,1,0.0,0,True,1746968150.7545493,,False
454,1746968221.8269236,13.0896,0.310598,-0.931609,0.585016,-0.243894,1551.04,1,8.67,2965.47,12.843,50,1,2,0.0,0.0,0.0,1,0.0,0,True,1746968150.7545493,,False
455,1746968221.8459961,13.1497,0.306254,-0.939707,0.586301,-0.244152,1539.75,1,8.69,2965.54,12.9131,50,1,2,0.0,0.0,0.0,1,0.0,0,True,1746968150.7545493,,False
456,1746968221.8662796,13.2069,0.309267,-0.941371,0.58759,-0.244405,1545.61,1,8.71,2965.62,12.9836,50,1,2,0.0,0.0,0.0,1,0.0,0,True,1746968150.7545493,,False
457,1746968221.8867102,13.2528,0.308541,-0.939351,0.588885,-0.244664,1527.59,1,8.73,2965.69,13.0544,50,1,2,0.0,0.0,0.0,1,0.0,0,True,1746968150.7545493,,False
458,1746968221.9061806,13.2816,0.316604,-0.941159,0.590186,-0.24494,1556.68,1,8.75,2965.76,13.1255,50,1,2,0.0,0.0,0.0,1,0.0,0,True,1746968150.7545493,,False
459,1746968221.9300482,13.2901,0.301795,-0.940138,0.59149,-0.245204,1585.65,1,8.77,2965.83,13.1965,50,1,2,0.0,0.0,0.0,1,0.0,0,True,1746968150.7545493,,False
460,1746968221.9461484,13.3158,0.302968,-0.946306,0.592796,-0.245415,1559.12,1,8.79,2965.9,13.2681,50,1,2,0.0,0.0,0.0,1,0.0,0,True,1746968150.7545493,,False
461,1746968221.9684095,13.3522,0.305718,-0.952545,0.594108,-0.245651,1547.53,1,8.81,2965.97,13.3396,50,1,2,0.0,0.0,0.0,1,0.0,0,True,1746968150.7545493,,False
462,1746968221.984598,13.4002,0.306138,-0.950126,0.595425,-0.245892,1570.77,1,8.83,2966.04,13.4114,50,1,2,0.0,0.0,0.0,1,0.0,0,True,1746968150.7545493,,False
463,1746968222.0073664,13.454,0.308509,-0.954024,0.596749,-0.246174,1601.67,1,8.85,2966.11,13.4834,50,1,2,0.0,0.0,0.0,1,0.0,0,True,1746968150.7545493,,False
464,1746968222.025127,13.5118,0.307778,-0.961319,0.598077,-0.246436,1619.61,1,8.87,2966.19,13.5554,50,1,2,0.0,0.0,0.0,1,0.0,0,True,1746968150.7545493,,False
465,1746968222.0456657,13.5635,0.316626,-0.958058,0.599412,-0.246743,1600.24,1,8.89,2966.26,13.6279,50,1,2,0.0,0.0,0.0,1,0.0,0,True,1746968150.7545493,,False
466,1746968222.0670316,13.6042,0.309105,-0.966524,0.600751,-0.246995,1579.01,1,8.91,2966.33,13.7007,50,1,2,0.0,0.0,0.0,1,0.0,0,True,1746968150.7545493,,False
467,1746968222.084579,13.6308,0.312133,-0.976395,0.602094,-0.247237,1592.77,1,8.93,2966.41,13.7734,50,1,2,0.0,0.0,0.0,1,0.0,0,True,1746968150.7545493,,False
468,1746968222.1046798,13.6392,0.313042,-0.971569,0.603443,-0.247507,1632.35,1,8.95,2966.48,13.8464,50,1,2,0.0,0.0,0.0,1,0.0,0,True,1746968150.7545493,,False
469,1746968222.1264715,13.6638,0.307738,-0.976693,0.604797,-0.24778,1637.66,1,8.97,2966.55,13.9197,50,1,2,0.0,0.0,0.0,1,0.0,0,True,1746968150.7545493,,False
470,1746968222.1451466,13.7096,0.314374,-0.985529,0.606154,-0.248027,1609.76,1,8.99,2966.62,13.9932,50,1,2,0.0,0.0,0.0,1,0.0,0,True,1746968150.7545493,,False
471,1746968222.167954,13.7646,0.314835,-0.986492,0.607518,-0.248298,1606.62,1,9.01,2966.7,14.0669,50,1,2,0.0,0.0,0.0,1,0.0,0,True,1746968150.7545493,,False
472,1746968222.1843011,13.8262,0.313547,-0.992725,0.608887,-0.248547,1616,1,9.03,2966.77,14.1409,50,1,2,0.0,0.0,0.0,1,0.0,0,True,1746968150.7545493,,False
473,1746968222.2078161,13.8804,0.313247,-0.992226,0.610262,-0.248826,1629.92,1,9.05,2966.85,14.2148,50,1,2,0.0,0.0,0.0,1,0.0,0,True,1746968150.7545493,,False
474,1746968222.224849,13.9145,0.308446,-1.00013,0.611641,-0.249126,1665.72,1,9.07,2966.92,14.2891,50,1,2,0.0,0.0,0.0,1,0.0,0,True,1746968150.7545493,,False
475,1746968222.2452064,13.9465,0.309605,-1.00287,0.613024,-0.249397,1655.78,1,9.09,2967,14.3635,50,1,2,0.0,0.0,0.0,1,0.0,0,True,1746968150.7545493,,False
476,1746968222.2650752,13.9721,0.317534,-1.00904,0.614414,-0.249681,1632.2,1,9.11,2967.07,14.4382,50,1,2,0.0,0.0,0.0,1,0.0,0,True,1746968150.7545493,,False
477,1746968222.28404,13.9964,0.316401,-1.00944,0.61581,-0.249964,1629.12,1,9.13,2967.15,14.5134,50,1,2,0.0,0.0,0.0,1,0.0,0,True,1746968150.7545493,,False
478,1746968222.307388,14.0313,0.322502,-1.01221,0.61721,-0.250249,1662.74,1,9.15,2967.22,14.5884,50,1,2,0.0,0.0,0.0,1,0.0,0,True,1746968150.7545493,,False
479,1746968222.3274724,14.079,0.317199,-1.0237,0.618617,-0.25054,1655.08,1,9.17,2967.3,14.6636,50,1,2,0.0,0.0,0.0,1,0.0,0,True,1746968150.7545493,,False
480,1746968222.3462129,14.128,0.323282,-1.02379,0.620029,-0.250854,1687.17,1,9.19,2967.37,14.7393,50,1,2,0.0,0.0,0.0,1,0.0,0,True,1746968150.7545493,,False
481,1746968222.365096,14.1872,0.321746,-1.02472,0.621447,-0.251165,1678.91,1,9.21,2967.45,14.8149,50,1,2,0.0,0.0,0.0,1,0.0,0,True,1746968150.7545493,,False
482,1746968222.3855114,14.2284,0.321911,-1.03123,0.62287,-0.251451,1711.34,1,9.23,2967.52,14.8909,50,1,2,0.0,0.0,0.0,1,0.0,0,True,1746968150.7545493,,False
483,1746968222.4069147,14.2758,0.324214,-1.03975,0.624299,-0.251757,1666.4,1,9.25,2967.6,14.9673,50,1,2,0.0,0.0,0.0,1,0.0,0,True,1746968150.7545493,,False
484,1746968222.4250305,14.3139,0.321713,-1.03922,0.625733,-0.252045,1656.86,1,9.27,2967.68,15.0435,50,1,2,0.0,0.0,0.0,1,0.0,0,True,1746968150.7545493,,False
485,1746968222.4464147,14.3251,0.318446,-1.04079,0.627171,-0.252322,1708.88,1,9.29,2967.75,15.1201,50,1,2,0.0,0.0,0.0,1,0.0,0,True,1746968150.7545493,,False
486,1746968222.4677708,14.347,0.314844,-1.04455,0.628613,-0.2526,1722.19,1,9.31,2967.83,15.197,50,1,2,0.0,0.0,0.0,1,0.0,0,True,1746968150.7545493,,False
487,1746968222.4854774,14.3951,0.315297,-1.04922,0.630059,-0.252881,1698.1,1,9.33,2967.91,15.2739,50,1,2,0.0,0.0,0.0,1,0.0,0,True,1746968150.7545493,,False
488,1746968222.5107412,14.444,0.318715,-1.05575,0.631512,-0.253184,1705.84,1,9.35,2967.98,15.3511,50,1,2,0.0,0.0,0.0,1,0.0,0,True,1746968150.7545493,,False
489,1746968222.5277555,14.5013,0.326195,-1.0581,0.632971,-0.253482,1691.43,1,9.37,2968.06,15.4287,50,1,2,0.0,0.0,0.0,1,0.0,0,True,1746968150.7545493,,False
490,1746968222.549538,14.5634,0.32795,-1.06062,0.634437,-0.253774,1694.22,1,9.39,2968.14,15.5061,50,1,2,0.0,0.0,0.0,1,0.0,0,True,1746968150.7545493,,False
491,1746968222.57039,14.6002,0.327246,-1.06619,0.635908,-0.254073,1730.99,1,9.41,2968.22,15.584,50,1,2,0.0,0.0,0.0,1,0.0,0,True,1746968150.7545493,,False
492,1746968222.5880535,14.6202,0.326251,-1.06698,0.637384,-0.254372,1737.34,1,9.43,2968.29,15.6621,50,1,2,0.0,0.0,0.0,1,0.0,0,True,1746968150.7545493,,False
493,1746968222.6052012,14.6434,0.326282,-1.07464,0.638865,-0.254669,1709.3,1,9.45,2968.37,15.7402,50,1,2,0.0,0.0,0.0,1,0.0,0,True,1746968150.7545493,,False
494,1746968222.625215,14.6801,0.325087,-1.08048,0.640352,-0.254965,1716.43,1,9.47,2968.45,15.8188,50,1,2,0.0,0.0,0.0,1,0.0,0,True,1746968150.7545493,,False
495,1746968222.645503,14.7277,0.323156,-1.07861,0.641844,-0.25528,1749.96,1,9.49,2968.53,15.8977,50,1,2,0.0,0.0,0.0,1,0.0,0,True,1746968150.7545493,,False
496,1746968222.664194,14.7849,0.322627,-1.08557,0.643341,-0.255616,1764.07,1,9.51,2968.61,15.9763,50,1,2,0.0,0.0,0.0,1,0.0,0,True,1746968150.7545493,,False
497,1746968222.684481,14.8372,0.323679,-1.08437,0.644845,-0.255946,1749.08,1,9.53,2968.69,16.0554,50,1,2,0.0,0.0,0.0,1,0.0,0,True,1746968150.7545493,,False
498,1746968222.706322,14.88,0.329848,-1.09159,0.646354,-0.256263,1725.89,1,9.55,2968.77,16.1348,50,1,2,0.0,0.0,0.0,1,0.0,0,True,1746968150.7545493,,False
499,1746968222.7254355,14.9066,0.332273,-1.10176,0.647869,-0.256571,1751.99,1,9.57,2968.85,16.2141,50,1,2,0.0,0.0,0.0,1,0.0,0,True,1746968150.7545493,,False
500,1746968222.7460856,14.925,0.330566,-1.09903,0.649391,-0.256886,1782.68,1,9.59,2968.93,16.2939,50,1,2,0.0,0.0,0.0,1,0.0,0,True,1746968150.7545493,,False
501,1746968222.7660716,14.9516,0.331403,-1.10305,0.650918,-0.257208,1798.54,1,9.61,2969.01,16.374,50,1,2,0.0,0.0,0.0,1,0.0,0,True,1746968150.7545493,,False
502,1746968222.7855747,14.9947,0.336273,-1.11134,0.652452,-0.25753,1761.14,1,9.63,2969.09,16.4541,50,1,2,0.0,0.0,0.0,1,0.0,0,True,1746968150.7545493,,False
503,1746968222.804818,15.0438,0.336736,-1.11533,0.653992,-0.257836,1749.94,1,9.65,2969.17,16.5344,50,1,2,0.0,0.0,0.0,1,0.0,0,True,1746968150.7545493,,False
504,1746968222.8259509,15.0992,0.335172,-1.11717,0.655537,-0.258139,1740.8,1,9.67,2969.25,16.615,50,1,2,0.0,0.0,0.0,1,0.0,0,True,1746968150.7545493,,False
505,1746968222.8451316,15.1477,0.338963,-1.12265,0.657088,-0.258447,1793.26,1,9.69,2969.33,16.6956,50,1,2,0.0,0.0,0.0,1,0.0,0,True,1746968150.7545493,,False
506,1746968222.8651245,15.194,0.336779,-1.12503,0.658645,-0.25875,1816.9,1,9.71,2969.41,16.7769,50,1,2,0.0,0.0,0.0,1,0.0,0,True,1746968150.7545493,,False
507,1746968222.8866706,15.2392,0.335837,-1.13117,0.660207,-0.259063,1818.11,1,9.73,2969.49,16.8579,50,1,2,0.0,0.0,0.0,1,0.0,0,True,1746968150.7545493,,False
508,1746968222.907688,15.2843,0.339043,-1.13685,0.661775,-0.259393,1799.53,1,9.75,2969.57,16.9392,50,1,2,0.0,0.0,0.0,1,0.0,0,True,1746968150.7545493,,False
509,1746968222.92759,15.3247,0.335668,-1.14166,0.663349,-0.25971,1785.15,1,9.77,2969.65,17.0208,50,1,2,0.0,0.0,0.0,1,0.0,0,True,1746968150.7545493,,False
510,1746968222.9459925,15.362,0.340952,-1.14613,0.664928,-0.260011,1772.58,1,9.79,2969.73,17.1025,50,1,2,0.0,0.0,0.0,1,0.0,0,True,1746968150.7545493,,False
511,1746968222.96806,15.3953,0.336455,-1.15254,0.666513,-0.2603,1783.76,1,9.81,2969.82,17.1846,50,1,2,0.0,0.0,0.0,1,0.0,0,True,1746968150.7545493,,False
512,1746968222.9872866,15.4255,0.334625,-1.15274,0.668102,-0.260599,1799.35,1,9.83,2969.9,17.2668,50,1,2,0.0,0.0,0.0,1,0.0,0,True,1746968150.7545493,,False
513,1746968223.007992,15.4535,0.335443,-1.15747,0.669697,-0.260923,1835.68,1,9.85,2969.98,17.3494,50,1,2,0.0,0.0,0.0,1,0.0,0,True,1746968150.7545493,,False
514,1746968223.0258603,15.4856,0.331956,-1.16195,0.671296,-0.261243,1848.81,1,9.87,2970.06,17.4319,50,1,2,0.0,0.0,0.0,1,0.0,0,True,1746968150.7545493,,False
515,1746968223.0469136,15.5291,0.335008,-1.16397,0.672902,-0.261569,1842.19,1,9.89,2970.15,17.5149,50,1,2,0.0,0.0,0.0,1,0.0,0,True,1746968150.7545493,,False
516,1746968223.0673227,15.5785,0.335166,-1.16654,0.674514,-0.261906,1841.71,1,9.91,2970.23,17.5979,50,1,2,0.0,0.0,0.0,1,0.0,0,True,1746968150.7545493,,False
517,1746968223.0848413,15.6288,0.340584,-1.17057,0.676133,-0.26221,1829.82,1,9.93,2970.31,17.6812,50,1,2,0.0,0.0,0.0,1,0.0,0,True,1746968150.7545493,,False
518,1746968223.104498,15.6737,0.345644,-1.17547,0.677758,-0.26254,1827.47,1,9.95,2970.4,17.7646,50,1,2,0.0,0.0,0.0,1,0.0,0,True,1746968150.7545493,,False
519,1746968223.1275916,15.7204,0.344985,-1.17934,0.67939,-0.262849,1817.66,1,9.97,2970.48,17.8484,50,1,2,0.0,0.0,0.0,1,0.0,0,True,1746968150.7545493,,False
520,1746968223.1442235,15.762,0.345493,-1.18157,0.681028,-0.26317,1841.79,1,9.99,2970.56,17.9321,50,1,2,0.0,0.0,0.0,1,0.0,0,True,1746968150.7545493,,False
521,1746968223.166832,15.8065,0.347327,-1.18519,0.682672,-0.263521,1847.17,1,10.01,2970.65,18.0164,50,1,2,0.0,0.0,0.0,1,0.0,0,True,1746968150.7545493,,False
522,1746968223.1850426,15.8487,0.343636,-1.1914,0.684322,-0.263854,1847.3,1,10.03,2970.73,18.1006,50,1,2,0.0,0.0,0.0,1,0.0,0,True,1746968150.7545493,,False
523,1746968223.2044916,15.8775,0.341232,-1.19808,0.685978,-0.264191,1874.4,1,10.05,2970.82,18.1853,50,1,2,0.0,0.0,0.0,1,0.0,0,True,1746968150.7545493,,False
524,1746968223.2268372,15.9048,0.344647,-1.20387,0.687639,-0.264555,1893.15,1,10.07,2970.9,18.27,50,1,2,0.0,0.0,0.0,1,0.0,0,True,1746968150.7545493,,False
525,1746968223.2448018,15.941,0.346753,-1.20768,0.689306,-0.264909,1901.66,1,10.09,2970.99,18.355,50,1,2,0.0,0.0,0.0,1,0.0,0,True,1746968150.7545493,,False
526,1746968223.2673392,15.9803,0.344289,-1.21136,0.690979,-0.26522,1911.23,1,10.11,2971.07,18.4402,50,1,2,0.0,0.0,0.0,1,0.0,0,True,1746968150.7545493,,False
527,1746968223.2852905,16.0204,0.337773,-1.2158,0.692656,-0.265542,1911.97,1,10.13,2971.16,18.5256,50,1,2,0.0,0.0,0.0,1,0.0,0,True,1746968150.7545493,,False
528,1746968223.3073232,16.0688,0.335477,-1.21948,0.694338,-0.265845,1883.93,1,10.15,2971.24,18.6111,50,1,2,0.0,0.0,0.0,1,0.0,0,True,1746968150.7545493,,False
529,1746968223.3261054,16.1196,0.341733,-1.22412,0.696026,-0.266157,1871.97,1,10.17,2971.33,18.6968,50,1,2,0.0,0.0,0.0,1,0.0,0,True,1746968150.7545493,,False
530,1746968223.3472009,16.1592,0.345186,-1.2263,0.697721,-0.2665,1885.8,1,10.19,2971.41,18.783,50,1,2,0.0,0.0,0.0,1,0.0,0,True,1746968150.7545493,,False
531,1746968223.3658173,16.2021,0.339974,-1.23156,0.699423,-0.266815,1886.14,1,10.21,2971.5,18.8689,50,1,2,0.0,0.0,0.0,1,0.0,0,True,1746968150.7545493,,False
532,1746968223.3872,16.2447,0.336561,-1.23857,0.701128,-0.267102,1911.66,1,10.23,2971.59,18.9556,50,1,2,0.0,0.0,0.0,1,0.0,0,True,1746968150.7545493,,False
533,1746968223.4045622,16.2812,0.339913,-1.24118,0.702839,-0.267425,1936.63,1,10.25,2971.67,19.0422,50,1,2,0.0,0.0,0.0,1,0.0,0,True,1746968150.7545493,,False
534,1746968223.4241714,16.3194,0.342034,-1.24454,0.704557,-0.267754,1926.39,1,10.27,2971.76,19.1289,50,1,2,0.0,0.0,0.0,1,0.0,0,True,1746968150.7545493,,False
535,1746968223.4462235,16.3495,0.339576,-1.25242,0.706281,-0.268095,1932.21,1,10.29,2971.85,19.2161,50,1,2,0.0,0.0,0.0,1,0.0,0,True,1746968150.7545493,,False
536,1746968223.466226,16.3906,0.340097,-1.25357,0.70801,-0.268426,1937.22,1,10.31,2971.93,19.3032,50,1,2,0.0,0.0,0.0,1,0.0,0,True,1746968150.7545493,,False
537,1746968223.4841688,16.438,0.340988,-1.25318,0.709746,-0.26875,1930.52,1,10.33,2972.02,19.3906,50,1,2,0.0,0.0,0.0,1,0.0,0,True,1746968150.7545493,,False
538,1746968223.5050955,16.4901,0.340085,-1.26612,0.711488,-0.269064,1910.27,1,10.35,2972.11,19.4785,50,1,2,0.0,0.0,0.0,1,0.0,0,True,1746968150.7545493,,False
539,1746968223.5243607,16.5342,0.342161,-1.26572,0.713236,-0.269382,1919.65,1,10.37,2972.2,19.5664,50,1,2,0.0,0.0,0.0,1,0.0,0,True,1746968150.7545493,,False
540,1746968223.5474012,16.5709,0.33978,-1.2702,0.714989,-0.269708,1964.25,1,10.39,2972.29,19.6543,50,1,2,0.0,0.0,0.0,1,0.0,0,True,1746968150.7545493,,False
541,1746968223.5674527,16.6044,0.340184,-1.27622,0.716748,-0.27004,1983.08,1,10.41,2972.37,19.7427,50,1,2,0.0,0.0,0.0,1,0.0,0,True,1746968150.7545493,,False
542,1746968223.5863552,16.6395,0.341389,-1.28112,0.718513,-0.270382,1974.71,1,10.43,2972.46,19.8313,50,1,2,0.0,0.0,0.0,1,0.0,0,True,1746968150.7545493,,False
543,1746968223.6074324,16.6829,0.338197,-1.28587,0.720285,-0.270719,1944.42,1,10.45,2972.55,19.9199,50,1,2,0.0,0.0,0.0,1,0.0,0,True,1746968150.7545493,,False
544,1746968223.6259935,16.7166,0.341025,-1.28327,0.722061,-0.271036,1979.17,1,10.47,2972.64,20.009,50,1,2,0.0,0.0,0.0,1,0.0,0,True,1746968150.7545493,,False
545,1746968223.6462326,16.7762,0.341427,-1.29123,0.723845,-0.27136,1932.04,1,10.49,2972.73,20.0981,50,1,2,0.0,0.0,0.0,1,0.0,0,True,1746968150.7545493,,False
546,1746968223.663974,16.8137,0.342726,-1.29772,0.725634,-0.271678,1973.65,1,10.51,2972.82,20.1873,50,1,2,0.0,0.0,0.0,1,0.0,0,True,1746968150.7545493,,False
547,1746968223.6856923,16.8558,0.339282,-1.29987,0.72743,-0.271998,1995.37,1,10.53,2972.91,20.2771,50,1,2,0.0,0.0,0.0,1,0.0,0,True,1746968150.7545493,,False
548,1746968223.7065508,16.8929,0.342635,-1.30084,0.729232,-0.27234,2008.45,1,10.55,2973,20.3667,50,1,2,0.0,0.0,0.0,1,0.0,0,True,1746968150.7545493,,False
549,1746968223.7263184,16.9247,0.343612,-1.30951,0.73104,-0.272682,2019.2,1,10.57,2973.09,20.4565,50,1,2,0.0,0.0,0.0,1,0.0,0,True,1746968150.7545493,,False
550,1746968223.7447493,16.9656,0.343361,-1.31357,0.732854,-0.273023,2009.13,1,10.59,2973.18,20.5469,50,1,2,0.0,0.0,0.0,1,0.0,0,True,1746968150.7545493,,False
551,1746968223.764,17.0107,0.343247,-1.31514,0.734676,-0.27336,1996.85,1,10.61,2973.27,20.6372,50,1,2,0.0,0.0,0.0,1,0.0,0,True,1746968150.7545493,,False
552,1746968223.7846003,17.0582,0.343869,-1.31949,0.736503,-0.27366,1992.38,1,10.63,2973.36,20.7278,50,1,2,0.0,0.0,0.0,1,0.0,0,True,1746968150.7545493,,False
553,1746968223.8046637,17.1058,0.34538,-1.32443,0.738336,-0.273968,1990.47,1,10.65,2973.45,20.8188,50,1,2,0.0,0.0,0.0,1,0.0,0,True,1746968150.7545493,,False
554,1746968223.8252048,17.1493,0.346931,-1.33693,0.740175,-0.274287,1999.21,1,10.67,2973.54,20.9097,50,1,2,0.0,0.0,0.0,1,0.0,0,True,1746968150.7545493,,False
555,1746968223.8472168,17.1852,0.345243,-1.34072,0.742021,-0.274606,2023.71,1,10.69,2973.63,21.0012,50,1,2,0.0,0.0,0.0,1,0.0,0,True,1746968150.7545493,,False
556,1746968223.8663733,17.2165,0.346275,-1.34069,0.743873,-0.274933,2045.75,1,10.71,2973.72,21.0928,50,1,2,0.0,0.0,0.0,1,0.0,0,True,1746968150.7545493,,False
557,1746968223.8885655,17.2514,0.346069,-1.34748,0.745732,-0.275274,2055.77,1,10.73,2973.82,21.1843,50,1,2,0.0,0.0,0.0,1,0.0,0,True,1746968150.7545493,,False
558,1746968223.9040918,17.2868,0.346652,-1.35234,0.747596,-0.275603,2069.66,1,10.75,2973.91,21.2761,50,1,2,0.0,0.0,0.0,1,0.0,0,True,1746968150.7545493,,False
559,1746968223.926131,17.3413,0.34651,-1.35286,0.749467,-0.275927,2033.16,1,10.77,2974,21.3682,50,1,2,0.0,0.0,0.0,1,0.0,0,True,1746968150.7545493,,False
560,1746968223.9473681,17.3834,0.350623,-1.3627,0.751343,-0.276249,2043.32,1,10.79,2974.09,21.4604,50,1,2,0.0,0.0,0.0,1,0.0,0,True,1746968150.7545493,,False
561,1746968223.9663372,17.4353,0.347746,-1.36307,0.753227,-0.276547,2035.31,1,10.81,2974.18,21.553,50,1,2,0.0,0.0,0.0,1,0.0,0,True,1746968150.7545493,,False
562,1746968223.9850569,17.4713,0.349299,-1.37041,0.755116,-0.276865,2059.91,1,10.83,2974.28,21.6458,50,1,2,0.0,0.0,0.0,1,0.0,0,True,1746968150.7545493,,False
563,1746968224.005949,17.5109,0.349715,-1.37361,0.757012,-0.277191,2064.12,1,10.85,2974.37,21.7385,50,1,2,0.0,0.0,0.0,1,0.0,0,True,1746968150.7545493,,False
564,1746968224.0262084,17.5388,0.348601,-1.37919,0.758914,-0.27752,2107.27,1,10.87,2974.46,21.8318,50,1,2,0.0,0.0,0.0,1,0.0,0,True,1746968150.7545493,,False
565,1746968224.0464504,17.5828,0.350266,-1.38006,0.760823,-0.277861,2076.28,1,10.89,2974.56,21.925,50,1,2,0.0,0.0,0.0,1,0.0,0,True,1746968150.7545493,,False
566,1746968224.0652368,17.618,0.348845,-1.38944,0.762737,-0.278193,2110.49,1,10.91,2974.65,22.0186,50,1,2,0.0,0.0,0.0,1,0.0,0,True,1746968150.7545493,,False
567,1746968224.084571,17.678,0.352993,-1.39421,0.764658,-0.278511,2041.12,1,10.93,2974.74,22.1125,50,1,2,0.0,0.0,0.0,1,0.0,0,True,1746968150.7545493,,False
568,1746968224.1064205,17.7172,0.352857,-1.39773,0.766586,-0.278836,2071.2,1,10.95,2974.84,22.2065,50,1,2,0.0,0.0,0.0,1,0.0,0,True,1746968150.7545493,,False
569,1746968224.126085,17.7611,0.353306,-1.39722,0.768521,-0.279143,2076.88,1,10.97,2974.93,22.3005,50,1,2,0.0,0.0,0.0,1,0.0,0,True,1746968150.7545493,,False
570,1746968224.1445882,17.8066,0.351585,-1.4096,0.770461,-0.279451,2073.32,1,10.99,2975.03,22.395,50,1,2,0.0,0.0,0.0,1,0.0,0,True,1746968150.7545493,,False
571,1746968224.1663582,17.8351,0.354373,-1.41029,0.772409,-0.279789,2115.31,1,11.01,2975.12,22.4897,50,1,2,0.0,0.0,0.0,1,0.0,0,True,1746968150.7545493,,False
572,1746968224.1846838,17.8697,0.352492,-1.41168,0.774362,-0.280123,2133.12,1,11.03,2975.22,22.5842,50,1,2,0.0,0.0,0.0,1,0.0,0,True,1746968150.7545493,,False
573,1746968224.2046669,17.9134,0.35492,-1.42385,0.776321,-0.280452,2120.85,1,11.05,2975.31,22.6794,50,1,2,0.0,0.0,0.0,1,0.0,0,True,1746968150.7545493,,False
574,1746968224.226625,17.9547,0.353069,-1.4221,0.778288,-0.280779,2119.14,1,11.07,2975.41,22.7747,50,1,2,0.0,0.0,0.0,1,0.0,0,True,1746968150.7545493,,False
575,1746968224.2442875,18.0017,0.356217,-1.4307,0.780261,-0.281093,2108.11,1,11.09,2975.5,22.8699,50,1,2,0.0,0.0,0.0,1,0.0,0,True,1746968150.7545493,,False
576,1746968224.2673745,18.0545,0.355781,-1.43313,0.78224,-0.281404,2081.03,1,11.11,2975.6,22.9658,50,1,2,0.0,0.0,0.0,1,0.0,0,True,1746968150.7545493,,False
577,1746968224.2871435,18.0835,0.356618,-1.43659,0.784225,-0.281717,2147.81,1,11.13,2975.69,23.0615,50,1,2,0.0,0.0,0.0,1,0.0,0,True,1746968150.7545493,,False
578,1746968224.3051863,18.1345,0.353369,-1.44017,0.786217,-0.282038,2107.99,1,11.15,2975.79,23.1575,50,1,2,0.0,0.0,0.0,1,0.0,0,True,1746968150.7545493,,False
579,1746968224.324659,18.1614,0.358247,-1.44921,0.788216,-0.282371,2171.18,1,11.17,2975.89,23.2539,50,1,2,0.0,0.0,0.0,1,0.0,0,True,1746968150.7545493,,False
580,1746968224.3450902,18.2003,0.357408,-1.45281,0.790221,-0.282699,2165.84,1,11.19,2975.98,23.3503,50,1,2,0.0,0.0,0.0,1,0.0,0,True,1746968150.7545493,,False
581,1746968224.3655913,18.2414,0.358099,-1.4532,0.792233,-0.283027,2162.59,1,11.21,2976.08,23.447,50,1,2,0.0,0.0,0.0,1,0.0,0,True,1746968150.7545493,,False
582,1746968224.3853939,18.2819,0.357661,-1.45749,0.794251,-0.283357,2181.73,1,11.23,2976.18,23.5442,50,1,2,0.0,0.0,0.0,1,0.0,0,True,1746968150.7545493,,False
583,1746968224.4047136,18.3302,0.361227,-1.46337,0.796276,-0.283676,2157.02,1,11.25,2976.27,23.6411,50,1,2,0.0,0.0,0.0,1,0.0,0,True,1746968150.7545493,,False
584,1746968224.4255145,18.3865,0.360215,-1.47241,0.798308,-0.283988,2113.75,1,11.27,2976.37,23.7385,50,1,2,0.0,0.0,0.0,1,0.0,0,True,1746968150.7545493,,False
585,1746968224.44514,18.4277,0.362522,-1.47745,0.800346,-0.284308,2131.18,1,11.29,2976.47,23.8362,50,1,2,0.0,0.0,0.0,1,0.0,0,True,1746968150.7545493,,False
586,1746968224.4655948,18.4571,0.360091,-1.47777,0.802392,-0.284632,2183.35,1,11.31,2976.57,23.9338,50,1,2,0.0,0.0,0.0,1,0.0,0,True,1746968150.7545493,,False
587,1746968224.4850628,18.4918,0.362304,-1.48103,0.804443,-0.284962,2206.86,1,11.33,2976.66,24.0317,50,1,2,0.0,0.0,0.0,1,0.0,0,True,1746968150.7545493,,False
588,1746968224.5068696,18.5316,0.359952,-1.48696,0.8065,-0.285293,2206.38,1,11.35,2976.76,24.1301,50,1,2,0.0,0.0,0.0,1,0.0,0,True,1746968150.7545493,,False
589,1746968224.5275636,18.5801,0.35913,-1.49046,0.808564,-0.285615,2169.02,1,11.37,2976.86,24.2283,50,1,2,0.0,0.0,0.0,1,0.0,0,True,1746968150.7545493,,False
590,1746968224.5446618,18.6275,0.360836,-1.49632,0.810634,-0.285936,2149.56,1,11.39,2976.96,24.3269,50,1,2,0.0,0.0,0.0,1,0.0,0,True,1746968150.7545493,,False
591,1746968224.5665717,18.6717,0.363926,-1.50428,0.812712,-0.286237,2150.59,1,11.41,2977.06,24.4258,50,1,2,0.0,0.0,0.0,1,0.0,0,True,1746968150.7545493,,False
592,1746968224.585515,18.7092,0.362296,-1.51527,0.814796,-0.286543,2187.22,1,11.43,2977.16,24.5247,50,1,2,0.0,0.0,0.0,1,0.0,0,True,1746968150.7545493,,False
593,1746968224.606677,18.7437,0.36376,-1.51817,0.816886,-0.286862,2226.15,1,11.45,2977.26,24.624,50,1,2,0.0,0.0,0.0,1,0.0,0,True,1746968150.7545493,,False
594,1746968224.6260054,18.7807,0.361516,-1.51702,0.818983,-0.28718,2245.46,1,11.47,2977.35,24.7234,50,1,2,0.0,0.0,0.0,1,0.0,0,True,1746968150.7545493,,False
595,1746968224.647415,18.8172,0.363371,-1.51556,0.821085,-0.287498,2260.43,1,11.49,2977.45,24.823,50,1,2,0.0,0.0,0.0,1,0.0,0,True,1746968150.7545493,,False
596,1746968224.6651828,18.8627,0.363661,-1.51921,0.823195,-0.287827,2236.08,1,11.51,2977.55,24.9231,50,1,2,0.0,0.0,0.0,1,0.0,0,True,1746968150.7545493,,False
597,1746968224.6838696,18.9093,0.365985,-1.52508,0.825247,-0.288131,2211.94,1,11.53,0.0562134,25.021,50,1,2,0.0,0.0,0.0,1,0.0,0,True,1746968150.7545493,,False
598,1746968224.7061107,18.9578,0.365654,-1.5284,0.827371,-0.288451,2191.43,1,11.55,0.156311,25.1211,50,1,2,0.0,0.0,0.0,1,0.0,0,True,1746968150.7545493,,False
599,1746968224.7266817,19.0051,0.36779,-1.53358,0.829502,-0.288751,2182.32,1,11.57,0.256958,25.2217,50,1,2,0.0,0.0,0.0,1,0.0,0,True,1746968150.7545493,,False
600,1746968224.7441256,19.0448,0.365411,-1.54663,0.831638,-0.289057,2200.86,1,11.59,0.357666,25.3224,50,1,2,0.0,0.0,0.0,1,0.0,0,True,1746968150.7545493,,False
601,1746968224.764957,19.0857,0.36704,-1.55443,0.833782,-0.289366,2222.07,1,11.61,0.458496,25.4233,50,1,2,0.0,0.0,0.0,1,0.0,0,True,1746968150.7545493,,False
602,1746968224.7852228,19.1214,0.364949,-1.54638,0.835931,-0.289678,2247.68,1,11.63,0.559692,25.5245,50,1,2,0.0,0.0,0.0,1,0.0,0,True,1746968150.7545493,,False
603,1746968224.8048115,19.1553,0.367396,-1.56102,0.838087,-0.290006,2279.94,1,11.65,0.661011,25.6258,50,1,2,0.0,0.0,0.0,1,0.0,0,True,1746968150.7545493,,False
604,1746968224.825018,19.1942,0.369192,-1.57668,0.84025,-0.290315,2286.8,1,11.67,0.762329,25.7271,50,1,2,0.0,0.0,0.0,1,0.0,0,True,1746968150.7545493,,False
605,1746968224.8451726,19.2389,0.368923,-1.58022,0.842421,-0.290643,2272.18,1,11.69,0.864197,25.829,50,1,2,0.0,0.0,0.0,1,0.0,0,True,1746968150.7545493,,False
606,1746968224.8667207,19.2725,0.366157,-1.58582,0.844597,-0.290954,2309.2,1,11.71,0.966125,25.9309,50,1,2,0.0,0.0,0.0,1,0.0,0,True,1746968150.7545493,,False
607,1746968224.8866339,19.3262,0.370108,-1.59067,0.84678,-0.291256,2256.79,1,11.73,1.06812,26.0329,50,1,2,0.0,0.0,0.0,1,0.0,0,True,1746968150.7545493,,False
608,1746968224.9055445,19.3713,0.369586,-1.59,0.848969,-0.291561,2257.01,1,11.75,1.17065,26.1354,50,1,2,0.0,0.0,0.0,1,0.0,0,True,1746968150.7545493,,False
609,1746968224.924501,19.4122,0.371543,-1.59692,0.851166,-0.291861,2270.11,1,11.77,1.27319,26.238,50,1,2,0.0,0.0,0.0,1,0.0,0,True,1746968150.7545493,,False
610,1746968224.9453716,19.4553,0.370721,-1.59757,0.853369,-0.292164,2275.11,1,11.79,1.37592,26.3407,50,1,2,0.0,0.0,0.0,1,0.0,0,True,1746968150.7545493,,False
611,1746968224.96853,19.4888,0.372294,-1.60269,0.855578,-0.292486,2301.41,1,11.81,1.47906,26.4438,50,1,2,0.0,0.0,0.0,1,0.0,0,True,1746968150.7545493,,False
612,1746968224.985563,19.5291,0.370192,-1.60093,0.857795,-0.292791,2313.21,1,11.83,1.58221,26.547,50,1,2,0.0,0.0,0.0,1,0.0,0,True,1746968150.7545493,,False
613,1746968225.0098512,19.5699,0.3723,-1.60677,0.860018,-0.293115,2302.2,1,11.85,1.68561,26.6504,50,1,2,0.0,0.0,0.0,1,0.0,0,True,1746968150.7545493,,False
614,1746968225.0257695,19.6082,0.372661,-1.6115,0.862248,-0.293429,2329.54,1,11.87,1.78937,26.7542,50,1,2,0.0,0.0,0.0,1,0.0,0,True,1746968150.7545493,,False
615,1746968225.0465648,19.6578,0.372112,-1.61638,0.864485,-0.293728,2296.04,1,11.89,1.89313,26.8579,50,1,2,0.0,0.0,0.0,1,0.0,0,True,1746968150.7545493,,False
616,1746968225.0660748,19.7012,0.376886,-1.61966,0.866728,-0.294038,2292.9,1,11.91,1.99713,26.9619,50,1,2,0.0,0.0,0.0,1,0.0,0,True,1746968150.7545493,,False
617,1746968225.0859203,19.7431,0.372391,-1.62576,0.868979,-0.294337,2301.99,1,11.93,2.1015,27.0663,50,1,2,0.0,0.0,0.0,1,0.0,0,True,1746968150.7545493,,False
618,1746968225.1068633,19.7872,0.37435,-1.63174,0.871236,-0.294619,2305.94,1,11.95,2.20587,27.1707,50,1,2,0.0,0.0,0.0,1,0.0,0,True,1746968150.7545493,,False
619,1746968225.1250534,19.828,0.375816,-1.63822,0.8735,-0.294923,2314.38,1,11.97,2.31042,27.2752,50,1,2,0.0,0.0,0.0,1,0.0,0,True,1746968150.7545493,,False
620,1746968225.1453736,19.8633,0.373302,-1.6431,0.87577,-0.29523,2344.29,1,11.99,2.41541,27.3802,50,1,2,0.0,0.0,0.0,1,0.0,0,True,1746968150.7545493,,False
621,1746968225.1665332,19.9006,0.373979,-1.64551,0.878047,-0.295532,2360.37,1,12.01,2.52039,27.4852,50,1,2,0.0,0.0,0.0,1,0.0,0,True,1746968150.7545493,,False
622,1746968225.186507,19.9393,0.378418,-1.64961,0.880331,-0.295855,2369.5,1,12.03,2.62573,27.5905,50,1,2,0.0,0.0,0.0,1,0.0,0,True,1746968150.7545493,,False
623,1746968225.2042427,19.984,0.379616,-1.65554,0.882623,-0.29617,2360.49,1,12.05,2.73132,27.6961,50,1,2,0.0,0.0,0.0,1,0.0,0,True,1746968150.7545493,,False
624,1746968225.225944,20.0281,0.378656,-1.6624,0.884921,-0.296483,2352.14,1,12.07,2.83691,27.8017,50,1,2,0.0,0.0,0.0,1,0.0,0,True,1746968150.7545493,,False
625,1746968225.2468696,20.078,0.378673,-1.6707,0.887226,-0.296779,2320.47,1,12.09,2.94287,27.9077,50,1,2,0.0,0.0,0.0,1,0.0,0,True,1746968150.7545493,,False
626,1746968225.2643013,20.1183,0.377345,-1.67636,0.889537,-0.297067,2332.38,1,12.11,3.04907,28.0139,50,1,2,0.0,0.0,0.0,1,0.0,0,True,1746968150.7545493,,False
627,1746968225.2867444,20.1536,0.379278,-1.681,0.891854,-0.297358,2368.31,1,12.13,3.15527,28.1201,50,1,2,0.0,0.0,0.0,1,0.0,0,True,1746968150.7545493,,False
628,1746968225.3075051,20.1969,0.377434,-1.6841,0.894179,-0.297649,2372.04,1,12.15,3.2619,28.2267,50,1,2,0.0,0.0,0.0,1,0.0,0,True,1746968150.7545493,,False
629,1746968225.3282254,20.2426,0.379561,-1.68875,0.89651,-0.297955,2360.4,1,12.17,3.36871,28.3335,50,1,2,0.0,0.0,0.0,1,0.0,0,True,1746968150.7545493,,False
630,1746968225.3469388,20.2755,0.376903,-1.69639,0.898848,-0.298253,2390.87,1,12.19,3.47552,28.4403,50,1,2,0.0,0.0,0.0,1,0.0,0,True,1746968150.7545493,,False
631,1746968225.3659916,20.3105,0.377978,-1.70304,0.901191,-0.298544,2416.72,1,12.21,3.58289,28.5477,50,1,2,0.0,0.0,0.0,1,0.0,0,True,1746968150.7545493,,False
632,1746968225.3848147,20.3688,0.379173,-1.70223,0.903543,-0.298825,2356.21,1,12.23,3.69031,28.6551,50,1,2,0.0,0.0,0.0,1,0.0,0,True,1746968150.7545493,,False
633,1746968225.406501,20.409,0.379699,-1.70838,0.9059,-0.299107,2366.88,1,12.25,3.79779,28.7626,50,1,2,0.0,0.0,0.0,1,0.0,0,True,1746968150.7545493,,False
634,1746968225.4272642,20.4416,0.382379,-1.7127,0.908265,-0.299398,2421.48,1,12.27,3.90582,28.8706,50,1,2,0.0,0.0,0.0,1,0.0,0,True,1746968150.7545493,,False
635,1746968225.4450524,20.4896,0.382897,-1.72127,0.910637,-0.299704,2397.46,1,12.29,4.01385,28.9786,50,1,2,0.0,0.0,0.0,1,0.0,0,True,1746968150.7545493,,False
636,1746968225.465984,20.5203,0.381587,-1.72333,0.913016,-0.300009,2436.59,1,12.31,4.12189,29.0867,50,1,2,0.0,0.0,0.0,1,0.0,0,True,1746968150.7545493,,False
637,1746968225.486226,20.5625,0.379762,-1.73016,0.915401,-0.300301,2435.01,1,12.33,4.23047,29.1953,50,1,2,0.0,0.0,0.0,1,0.0,0,True,1746968150.7545493,,False
638,1746968225.5046875,20.6176,0.379349,-1.73489,0.917792,-0.300566,2379.14,1,12.35,4.33911,29.3039,50,1,2,0.0,0.0,0.0,1,0.0,0,True,1746968150.7545493,,False
639,1746968225.529594,20.652,0.377565,-1.7316,0.920189,-0.300819,2425.24,1,12.37,4.44781,29.4126,50,1,2,0.0,0.0,0.0,1,0.0,0,True,1746968150.7545493,,False
640,1746968225.5513425,20.7011,0.382332,-1.74588,0.922593,-0.301088,2399.37,1,12.39,4.55707,29.5219,50,1,2,0.0,0.0,0.0,1,0.0,0,True,1746968150.7545493,,False
641,1746968225.5687191,20.7344,0.383476,-1.74849,0.925005,-0.301375,2443.74,1,12.41,4.66632,29.6311,50,1,2,0.0,0.0,0.0,1,0.0,0,True,1746968150.7545493,,False
642,1746968225.589678,20.7658,0.381992,-1.66548,0.927423,-0.301662,2486.1,1,12.43,4.7757,29.7405,50,1,2,0.0,0.0,0.0,1,0.0,0,True,1746968150.7545493,,False
643,1746968225.6076498,20.8029,0.381516,-1.57266,0.929847,-0.301952,2490.39,1,12.45,4.8855,29.8503,50,1,2,0.0,0.0,0.0,1,0.0,0,True,1746968150.7545493,,False
644,1746968225.628033,20.8429,0.378889,-1.4856,0.932278,-0.302229,2472.63,1,12.47,4.99536,29.9601,50,1,2,0.0,0.0,0.0,1,0.0,0,True,1746968150.7545493,,False
645,1746968225.6453686,20.8995,0.378889,-1.40912,0.934714,-0.302485,2388.76,1,12.49,5.10529,30.0701,50,1,2,0.0,0.0,0.0,1,0.0,0,True,1746968150.7545493,,False
646,1746968225.6669075,20.9286,0.379587,-1.35063,0.937156,-0.302743,2416.97,1,12.51,5.21576,30.1805,50,1,2,0.0,0.0,0.0,1,0.0,0,True,1746968150.7545493,,False
647,1746968225.687414,20.9758,0.380606,-1.30803,0.939604,-0.302995,2385.9,1,12.53,5.32623,30.291,50,1,2,0.0,0.0,0.0,1,0.0,0,True,1746968150.7545493,,False
648,1746968225.7075481,21.0004,0.381565,-1.27175,0.942058,-0.303255,2448.97,1,12.55,5.43671,30.4015,50,1,2,0.0,0.0,0.0,1,0.0,0,True,1746968150.7545493,,False
649,1746968225.7271936,21.0355,0.381239,-1.2497,0.944518,-0.303518,2448.84,1,12.57,5.54749,30.5123,50,1,2,0.0,0.0,0.0,1,0.0,0,True,1746968150.7545493,,False
650,1746968225.7441456,21.0521,0.382487,-1.23669,0.946983,-0.303785,2522.88,1,12.59,5.65857,30.6234,50,1,2,0.0,0.0,0.0,1,0.0,0,True,1746968150.7545493,,False
651,1746968225.7653282,21.0797,0.381951,-1.23517,0.949453,-0.304065,2533.98,1,12.61,5.76965,30.7344,50,1,2,0.0,0.0,0.0,1,0.0,0,True,1746968150.7545493,,False
652,1746968225.7878697,21.0994,0.38135,-1.23626,0.951929,-0.30434,2542.81,1,12.63,5.88074,30.8455,50,1,2,0.0,0.0,0.0,1,0.0,0,True,1746968150.7545493,,False
653,1746968225.8063235,21.1315,0.380387,-1.24777,0.95441,-0.304612,2503.69,1,12.65,5.992,30.9568,50,1,2,0.0,0.0,0.0,1,0.0,0,True,1746968150.7545493,,False
654,1746968225.8251612,21.1638,0.380862,-1.25513,0.956896,-0.304881,2455.6,1,12.67,6.1037,31.0685,50,1,2,0.0,0.0,0.0,1,0.0,0,True,1746968150.7545493,,False
655,1746968225.8479695,21.2037,0.383016,-1.27454,0.959387,-0.305155,2400.13,1,12.69,6.21539,31.1802,50,1,2,0.0,0.0,0.0,1,0.0,0,True,1746968150.7545493,,False
656,1746968225.8686612,21.24,0.381108,-1.28274,0.961883,-0.30542,2408.74,1,12.71,6.32709,31.2919,50,1,2,0.0,0.0,0.0,1,0.0,0,True,1746968150.7545493,,False
657,1746968225.884778,21.2787,0.385481,-1.30656,0.964383,-0.305695,2419.5,1,12.73,6.4389,31.4037,50,1,2,0.0,0.0,0.0,1,0.0,0,True,1746968150.7545493,,False
658,1746968225.9064488,21.2885,0.387363,-1.31905,0.96689,-0.305966,2476.02,1,12.75,6.55084,31.5156,50,1,2,0.0,0.0,0.0,1,0.0,0,True,1746968150.7545493,,False
659,1746968225.9268792,21.2847,0.393697,-1.33494,0.969403,-0.306232,2529.65,1,12.77,6.6629,31.6277,50,1,2,0.0,0.0,0.0,1,0.0,0,True,1746968150.7545493,,False
660,1746968225.9489257,21.27,0.397975,-1.34911,0.971921,-0.306497,2611.34,1,12.79,6.77502,31.7398,50,1,2,0.0,0.0,0.0,1,0.0,0,True,1746968150.7545493,,False
661,1746968225.9675488,21.2829,0.399358,-1.35379,0.974445,-0.30675,2555.55,1,12.81,6.88721,31.852,50,1,2,0.0,0.0,0.0,1,0.0,0,True,1746968150.7545493,,False
662,1746968225.9901936,21.3163,0.400658,-1.36,0.976973,-0.306997,2477.87,1,12.83,6.99957,31.9644,50,1,2,0.0,0.0,0.0,1,0.0,0,True,1746968150.7545493,,False
663,1746968226.0060022,21.3758,0.395278,-1.31544,0.979507,-0.307252,2348.36,1,12.85,7.11206,32.0768,50,1,2,0.0,0.0,0.0,1,0.0,0,True,1746968150.7545493,,False
664,1746968226.026791,21.4333,0.378986,-1.22892,0.982041,-0.307582,2250.95,1,12.87,7.22473,32.1895,50,1,2,0.0,0.0,0.0,1,0.0,0,True,1746968150.7545493,,False
665,1746968226.046657,21.4743,0.362515,-1.13333,0.984574,-0.307948,2244.9,1,12.89,7.33752,32.3023,50,1,2,0.0,0.0,0.0,1,0.0,0,True,1746968150.7545493,,False
666,1746968226.0674756,21.4922,0.349317,-1.05151,0.987108,-0.308322,2267.87,1,12.91,7.45044,32.4152,50,1,2,0.0,0.0,0.0,1,0.0,0,True,1746968150.7545493,,False
667,1746968226.0843256,21.4865,0.338922,-0.975406,0.989643,-0.308689,2336.14,1,12.93,7.56348,32.5283,50,1,2,0.0,0.0,0.0,1,0.0,0,True,1746968150.7545493,,False
668,1746968226.1087925,21.456,0.325487,-0.916116,0.992179,-0.309027,2453.01,1,12.95,7.67664,32.6414,50,1,2,0.0,0.0,0.0,1,0.0,0,True,1746968150.7545493,,False
669,1746968226.12655,21.4235,0.311434,-0.861996,0.994711,-0.309291,2465.45,1,12.97,7.78979,32.7546,50,1,2,0.0,0.0,0.0,1,0.0,0,True,1746968150.7545493,,False
670,1746968226.1505752,21.426,0.300661,-0.832478,0.997239,-0.309503,2409.78,1,12.99,7.90289,32.8677,50,1,2,0.0,0.0,0.0,1,0.0,0,True,1746968150.7545493,,False
671,1746968226.1700501,21.4416,0.292478,-0.810517,0.999765,-0.309668,2365.93,1,13.01,8.01599,32.9808,50,1,2,0.0,0.0,0.0,1,0.0,0,True,1746968150.7545493,,False
672,1746968226.187655,21.4805,0.282724,-0.802939,1.00229,-0.309802,2293.57,1,13.03,8.12903,33.0938,50,1,2,0.0,0.0,0.0,1,0.0,0,True,1746968150.7545493,,False
673,1746968226.2056286,21.4807,0.271908,-0.788974,1.00481,-0.309901,2430.54,1,13.05,8.242,33.2068,50,1,2,0.0,0.0,0.0,1,0.0,0,True,1746968150.7545493,,False
674,1746968226.2267873,21.4814,0.26072,-0.784347,1.00732,-0.30997,2470.72,1,13.07,8.35492,33.3197,50,1,2,0.0,0.0,0.0,1,0.0,0,True,1746968150.7545493,,False
675,1746968226.2467616,21.4548,0.251455,-0.793849,1.00984,-0.310044,2584.82,1,13.09,8.46796,33.4327,50,1,2,0.0,0.0,0.0,1,0.0,0,True,1746968150.7545493,,False
676,1746968226.2648418,21.4121,0.239956,-0.800346,1.01235,-0.31006,2698.92,1,13.11,8.58093,33.5457,50,1,2,0.0,0.0,0.0,1,0.0,0,True,1746968150.7545493,,False
677,1746968226.2872849,21.4086,0.229359,-0.809962,1.01485,-0.310078,2602.01,1,13.13,8.69391,33.6587,50,1,2,0.0,0.0,0.0,1,0.0,0,True,1746968150.7545493,,False
678,1746968226.304706,21.3978,0.217722,-0.820215,1.01735,-0.310073,2587.13,1,13.15,8.80701,33.7718,50,1,2,0.0,0.0,0.0,1,0.0,0,True,1746968150.7545493,,False
679,1746968226.3269353,21.4089,0.205671,-0.82718,1.01985,-0.310035,2523.65,1,13.17,8.92004,33.8848,50,1,2,0.0,0.0,0.0,1,0.0,0,True,1746968150.7545493,,False
680,1746968226.34748,21.4414,0.191284,-0.750263,1.02234,-0.309985,2419.19,1,13.19,9.03308,33.9979,50,1,2,0.0,0.0,0.0,1,0.0,0,True,1746968150.7545493,,False
681,1746968226.3681526,21.4641,0.178153,-0.658685,1.02483,-0.309909,2418.1,1,13.21,9.14618,34.111,50,1,2,0.0,0.0,0.0,1,0.0,0,True,1746968150.7545493,,False
682,1746968226.3862991,21.4669,0.166319,-0.576146,1.02731,-0.309836,2435.76,1,13.23,9.25922,34.224,50,1,2,0.0,0.0,0.0,1,0.0,0,True,1746968150.7545493,,False
683,1746968226.4107702,21.447,0.155654,-0.505654,1.02979,-0.309785,2541.84,1,13.25,9.37225,34.337,50,1,2,0.0,0.0,0.0,1,0.0,0,True,1746968150.7545493,,False
684,1746968226.4318774,21.4327,0.145601,-0.448395,1.03226,-0.309745,2584.61,1,13.27,9.48523,34.45,50,1,2,0.0,0.0,0.0,1,0.0,0,True,1746968150.7545493,,False
685,1746968226.4507866,21.4074,0.135707,-0.406223,1.03473,-0.309724,2631.57,1,13.29,9.59821,34.563,50,1,2,0.0,0.0,0.0,1,0.0,0,True,1746968150.7545493,,False
686,1746968226.4674094,21.4076,0.126692,-0.372646,1.03719,-0.3097,2574.2,1,13.31,9.71112,34.6759,50,1,2,0.0,0.0,0.0,1,0.0,0,True,1746968150.7545493,,False
687,1746968226.487345,21.4024,0.11737,-0.354323,1.03965,-0.30969,2535.57,1,13.33,9.82404,34.7888,50,1,2,0.0,0.0,0.0,1,0.0,0,True,1746968150.7545493,,False
688,1746968226.5106032,21.4121,0.109837,-0.339534,1.04211,-0.309675,2446.62,1,13.35,9.93695,34.9017,50,1,2,0.0,0.0,0.0,1,0.0,0,True,1746968150.7545493,,False
689,1746968226.5302088,21.4151,0.101933,-0.334631,1.04456,-0.309667,2404.07,1,13.37,10.0499,35.0146,50,1,2,0.0,0.0,0.0,1,0.0,0,True,1746968150.7545493,,False
690,1746968226.54886,21.396,0.0927655,-0.337082,1.04701,-0.309675,2454.25,1,13.39,10.1628,35.1276,50,1,2,0.0,0.0,0.0,1,0.0,0,True,1746968150.7545493,,False
691,1746968226.567575,21.3834,0.0831602,-0.337956,1.04946,-0.3097,2450.65,1,13.41,10.2757,35.2405,50,1,2,0.0,0.0,0.0,1,0.0,0,True,1746968150.7545493,,False
692,1746968226.5895517,21.3467,0.075354,-0.351833,1.05189,-0.30974,2539.24,1,13.43,10.3886,35.3534,50,1,2,0.0,0.0,0.0,1,0.0,0,True,1746968150.7545493,,False
693,1746968226.6072118,21.3215,0.0679118,-0.362248,1.05433,-0.309784,2575.33,1,13.45,10.5015,35.4663,50,1,2,0.0,0.0,0.0,1,0.0,0,True,1746968150.7545493,,False
694,1746968226.6267164,21.3001,0.0608533,-0.377468,1.05676,-0.309829,2568.74,1,13.47,10.6144,35.5792,50,1,2,0.0,0.0,0.0,1,0.0,0,True,1746968150.7545493,,False
695,1746968226.6495264,21.2799,0.0542764,-0.384535,1.05919,-0.309871,2558.48,1,13.49,10.7272,35.692,50,1,2,0.0,0.0,0.0,1,0.0,0,True,1746968150.7545493,,False
696,1746968226.6647284,21.2725,0.0478016,-0.40057,1.06161,-0.309908,2497.12,1,13.51,10.8395,35.8043,50,1,2,0.0,0.0,0.0,1,0.0,0,True,1746968150.7545493,,False
697,1746968226.6851466,21.2585,0.0414443,-0.411302,1.06402,-0.309937,2454.61,1,13.53,10.9518,35.9166,50,1,2,0.0,0.0,0.0,1,0.0,0,True,1746968150.7545493,,False
698,1746968226.7043345,21.2382,0.0357424,-0.426775,1.06644,-0.309964,2444.23,1,13.55,11.0641,36.0289,50,1,2,0.0,0.0,0.0,1,0.0,0,True,1746968150.7545493,,False
699,1746968226.7262216,21.2088,0.0298506,-0.435464,1.06884,-0.309986,2468.01,1,13.57,11.1764,36.1412,50,1,2,0.0,0.0,0.0,1,0.0,0,True,1746968150.7545493,,False
700,1746968226.7443538,21.1736,0.0237215,-0.446811,1.07125,-0.310012,2511.46,1,13.59,11.2885,36.2533,50,1,2,0.0,0.0,0.0,1,0.0,0,True,1746968150.7545493,,False
701,1746968226.7640681,21.1473,0.017811,-0.446302,1.07365,-0.310044,2505.7,1,13.61,11.4002,36.365,50,1,2,0.0,0.0,0.0,1,0.0,0,True,1746968150.7545493,,False
702,1746968226.7891195,21.1171,0.0119355,-0.454496,1.07604,-0.310074,2512.82,1,13.63,11.5119,36.4767,50,1,2,0.0,0.0,0.0,1,0.0,0,True,1746968150.7545493,,False
703,1746968226.807408,21.0992,0.00620179,-0.422111,1.07843,-0.310107,2465.37,1,13.65,11.6236,36.5884,50,1,2,0.0,0.0,0.0,1,0.0,0,True,1746968150.7545493,,False
704,1746968226.8262107,21.0733,0.00287359,-0.347262,1.08081,-0.310129,2437.63,1,13.67,11.7353,36.7001,50,1,2,0.0,0.0,0.0,1,0.0,0,True,1746968150.7545493,,False
705,1746968226.8439872,21.0344,0.000865707,-0.256523,1.08319,-0.310144,2475.47,1,13.69,11.8466,36.8113,50,1,2,0.0,0.0,0.0,1,0.0,0,True,1746968150.7545493,,False
706,1746968226.864488,21.0058,-0.000561686,-0.184367,1.08557,-0.31015,2469.64,1,13.71,11.9576,36.9224,50,1,2,0.0,0.0,0.0,1,0.0,0,True,1746968150.7545493,,False
707,1746968226.8851721,20.9627,-0.00159996,-0.0998507,1.08794,-0.310151,2505.68,1,13.73,12.0687,37.0335,50,1,2,0.0,0.0,0.0,1,0.0,0,True,1746968150.7545493,,False
708,1746968226.904948,20.9318,-0.00232165,-0.0436454,1.09031,-0.310161,2472.36,1,13.75,12.1797,37.1445,50,1,2,0.0,0.0,0.0,1,0.0,0,True,1746968150.7545493,,False
709,1746968226.9254327,20.9072,-0.0027534,0.0222675,1.09267,-0.310181,2393.84,1,13.77,12.2902,37.255,50,1,2,0.0,0.0,0.0,1,0.0,0,True,1746968150.7545493,,False
710,1746968226.9453673,20.8545,-0.00355053,0.0569501,1.09503,-0.310203,2452.06,1,13.79,12.4007,37.3655,50,1,2,0.0,0.0,0.0,1,0.0,0,True,1746968150.7545493,,False
711,1746968226.9645705,20.8094,-0.00433189,0.0984659,1.09738,-0.310229,2476.68,1,13.81,12.511,37.4758,50,1,2,0.0,0.0,0.0,1,0.0,0,True,1746968150.7545493,,False
712,1746968226.9865034,20.7762,-0.00468808,0.114148,1.09973,-0.310247,2461.92,1,13.83,12.6208,37.5856,50,1,2,0.0,0.0,0.0,1,0.0,0,True,1746968150.7545493,,False
713,1746968227.0052104,20.7481,-0.0050621,0.135766,1.10208,-0.310256,2419.55,1,13.85,12.7307,37.6955,50,1,2,0.0,0.0,0.0,1,0.0,0,True,1746968150.7545493,,False
714,1746968227.0286167,20.7144,-0.00463109,0.136392,1.10442,-0.310266,2393.24,1,13.87,12.8406,37.8054,50,1,2,0.0,0.0,0.0,1,0.0,0,True,1746968150.7545493,,False
715,1746968227.0449402,20.6609,-0.00462126,0.145944,1.10676,-0.310276,2452.94,1,13.89,12.95,37.9147,50,1,2,0.0,0.0,0.0,1,0.0,0,True,1746968150.7545493,,False
716,1746968227.065281,20.6236,-0.00499737,0.13586,1.10909,-0.310287,2469.28,1,13.91,13.0592,38.024,50,1,2,0.0,0.0,0.0,1,0.0,0,True,1746968150.7545493,,False
717,1746968227.0878332,20.606,-0.00462181,0.139347,1.11142,-0.31031,2376.38,1,13.93,13.1685,38.1332,50,1,2,0.0,0.0,0.0,1,0.0,0,True,1746968150.7545493,,False
718,1746968227.1048489,20.562,-0.00470801,0.117026,1.11375,-0.310335,2400.42,1,13.95,13.2772,38.2419,50,1,2,0.0,0.0,0.0,1,0.0,0,True,1746968150.7545493,,False
719,1746968227.1273184,20.5138,-0.00485082,0.115427,1.11607,-0.310359,2439.22,1,13.97,13.3858,38.3506,50,1,2,0.0,0.0,0.0,1,0.0,0,True,1746968150.7545493,,False
720,1746968227.1481078,20.482,-0.00485798,0.0879082,1.11839,-0.310375,2429.18,1,13.99,13.4944,38.4592,50,1,2,0.0,0.0,0.0,1,0.0,0,True,1746968150.7545493,,False
721,1746968227.16825,20.4562,-0.00460087,0.081331,1.1207,-0.310381,2378.2,1,14.01,13.6025,38.5673,50,1,2,0.0,0.0,0.0,1,0.0,0,True,1746968150.7545493,,False
722,1746968227.1866603,20.4148,-0.00423104,0.0575723,1.12301,-0.310386,2393.84,1,14.03,13.7106,38.6754,50,1,2,0.0,0.0,0.0,1,0.0,0,True,1746968150.7545493,,False
723,1746968227.2056053,20.3729,-0.003963,0.052482,1.12531,-0.310394,2420.51,1,14.05,13.8186,38.7834,50,1,2,0.0,0.0,0.0,1,0.0,0,True,1746968150.7545493,,False
724,1746968227.225418,20.3422,-0.00419403,0.0347498,1.12762,-0.310409,2392.67,1,14.07,13.9263,38.8911,50,1,2,0.0,0.0,0.0,1,0.0,0,True,1746968150.7545493,,False
725,1746968227.2474315,20.3128,-0.00392163,0.025457,1.12991,-0.310431,2355.92,1,14.09,14.0338,38.9985,50,1,2,0.0,0.0,0.0,1,0.0,0,True,1746968150.7545493,,False
726,1746968227.2652493,20.2679,-0.00413288,0.0114038,1.13221,-0.310455,2385.09,1,14.11,14.1412,39.106,50,1,2,0.0,0.0,0.0,1,0.0,0,True,1746968150.7545493,,False
727,1746968227.2869022,20.2249,-0.00427798,0.000573572,1.1345,-0.310471,2421.31,1,14.13,14.2484,39.2131,50,1,2,0.0,0.0,0.0,1,0.0,0,True,1746968150.7545493,,False
728,1746968227.3072796,20.2039,-0.00431296,-0.00701191,1.13678,-0.310481,2360.22,1,14.15,14.3552,39.3199,50,1,2,0.0,0.0,0.0,1,0.0,0,True,1746968150.7545493,,False
729,1746968227.3250756,20.1697,-0.00399541,-0.0154664,1.13906,-0.310489,2337.12,1,14.17,14.462,39.4268,50,1,2,0.0,0.0,0.0,1,0.0,0,True,1746968150.7545493,,False
730,1746968227.3475647,20.1189,-0.00430099,-0.0100508,1.14134,-0.310488,2399.24,1,14.19,14.5685,39.5333,50,1,2,0.0,0.0,0.0,1,0.0,0,True,1746968150.7545493,,False
731,1746968227.3651497,20.0936,-0.00397666,-0.0256588,1.14362,-0.3105,2357.55,1,14.21,14.6747,39.6395,50,1,2,0.0,0.0,0.0,1,0.0,0,True,1746968150.7545493,,False
732,1746968227.3844478,20.0545,-0.00251476,-0.0194912,1.14589,-0.310515,2331.67,1,14.23,14.7809,39.7457,50,1,2,0.0,0.0,0.0,1,0.0,0,True,1746968150.7545493,,False
733,1746968227.405948,19.9971,-0.00185749,-0.0321648,1.14815,-0.310522,2391.33,1,14.25,14.8869,39.8517,50,1,2,0.0,0.0,0.0,1,0.0,0,True,1746968150.7545493,,False
734,1746968227.4261985,19.9617,-0.000882171,-0.0230131,1.15041,-0.310537,2356.63,1,14.27,14.9925,39.9573,50,1,2,0.0,0.0,0.0,1,0.0,0,True,1746968150.7545493,,False
735,1746968227.4450927,19.93,-0.000979175,-0.0208876,1.15267,-0.310535,2292.03,1,14.29,15.0981,40.0629,50,1,2,0.0,0.0,0.0,1,0.0,0,True,1746968150.7545493,,False
736,1746968227.4651597,19.8696,-0.000492995,-0.0220938,1.15492,-0.31054,2351.99,1,14.31,15.2032,40.168,50,1,2,0.0,0.0,0.0,1,0.0,0,True,1746968150.7545493,,False
737,1746968227.48529,19.8324,-0.000589767,-0.0182384,1.15717,-0.310529,2329.33,1,14.33,15.3082,40.273,50,1,2,0.0,0.0,0.0,1,0.0,0,True,1746968150.7545493,,False
738,1746968227.5048242,19.7912,0.000245098,-0.0227441,1.15941,-0.31052,2305.62,1,14.35,15.4132,40.378,50,1,2,0.0,0.0,0.0,1,0.0,0,True,1746968150.7545493,,False
739,1746968227.528074,19.7344,0.000262326,-0.00738384,1.16164,-0.310514,2356.98,1,14.37,15.5176,40.4824,50,1,2,0.0,0.0,0.0,1,0.0,0,True,1746968150.7545493,,False
740,1746968227.5468376,19.7003,-0.000109539,-0.0135327,1.16388,-0.310512,2316.73,1,14.39,15.622,40.5868,50,1,2,0.0,0.0,0.0,1,0.0,0,True,1746968150.7545493,,False
741,1746968227.5650167,19.6534,0.000246142,-0.0076264,1.1661,-0.310522,2320.62,1,14.41,15.7261,40.6909,50,1,2,0.0,0.0,0.0,1,0.0,0,True,1746968150.7545493,,False
742,1746968227.5846775,19.6136,-0.000335231,-0.00753914,1.16832,-0.310532,2310.4,1,14.43,15.8298,40.7946,50,1,2,0.0,0.0,0.0,1,0.0,0,True,1746968150.7545493,,False
743,1746968227.6051762,19.5766,-8.81476e-005,-0.00640632,1.17054,-0.310538,2263.03,1,14.45,15.9336,40.8984,50,1,2,0.0,0.0,0.0,1,0.0,0,True,1746968150.7545493,,False
744,1746968227.6260211,19.5144,-0.00040793,0.00510389,1.17275,-0.310534,2341.65,1,14.47,16.037,41.0018,50,1,2,0.0,0.0,0.0,1,0.0,0,True,1746968150.7545493,,False
745,1746968227.6454995,19.4888,0.000109729,-0.00636429,1.17496,-0.310529,2263.26,1,14.49,16.1401,41.1049,50,1,2,0.0,0.0,0.0,1,0.0,0,True,1746968150.7545493,,False
746,1746968227.664886,19.4389,0.00028983,0.00241195,1.17716,-0.310514,2281.08,1,14.51,16.2431,41.2079,50,1,2,0.0,0.0,0.0,1,0.0,0,True,1746968150.7545493,,False
747,1746968227.6861198,19.3873,-2.95894e-005,0.00699347,1.17936,-0.310511,2317.92,1,14.53,16.3456,41.3104,50,1,2,0.0,0.0,0.0,1,0.0,0,True,1746968150.7545493,,False
748,1746968227.706017,19.3553,0.000251865,-0.000860487,1.18155,-0.310511,2268.34,1,14.55,16.4482,41.413,50,1,2,0.0,0.0,0.0,1,0.0,0,True,1746968150.7545493,,False
749,1746968227.7256758,19.302,-1.02294e-005,0.00641705,1.18374,-0.310519,2303.02,1,14.57,16.5505,41.5153,50,1,2,0.0,0.0,0.0,1,0.0,0,True,1746968150.7545493,,False
750,1746968227.7452385,19.2729,-5.7817e-005,0.00269625,1.18592,-0.310531,2245.32,1,14.59,16.6524,41.6172,50,1,2,0.0,0.0,0.0,1,0.0,0,True,1746968150.7545493,,False
751,1746968227.7651036,19.2134,-0.000327569,0.00663007,1.1881,-0.310535,2298.5,1,14.61,16.7543,41.7191,50,1,2,0.0,0.0,0.0,1,0.0,0,True,1746968150.7545493,,False
752,1746968227.7856638,19.1782,-0.000241459,0.00360297,1.19027,-0.310537,2279.11,1,14.63,16.856,41.8208,50,1,2,0.0,0.0,0.0,1,0.0,0,True,1746968150.7545493,,False
753,1746968227.8065546,19.1443,4.57894e-005,0.000509729,1.19244,-0.31053,2221.22,1,14.65,16.9573,41.9221,50,1,2,0.0,0.0,0.0,1,0.0,0,True,1746968150.7545493,,False
754,1746968227.8281562,19.0904,1.03608e-005,0.00992154,1.1946,-0.310518,2269.25,1,14.67,17.0586,42.0234,50,1,2,0.0,0.0,0.0,1,0.0,0,True,1746968150.7545493,,False
755,1746968227.8440123,19.0562,0.000562353,-0.000765674,1.19676,-0.310517,2226.69,1,14.69,17.1593,42.1241,50,1,2,0.0,0.0,0.0,1,0.0,0,True,1746968150.7545493,,False
756,1746968227.8656526,19.0076,1.38402e-005,0.00709839,1.19891,-0.310511,2248.14,1,14.71,17.26,42.2248,50,1,2,0.0,0.0,0.0,1,0.0,0,True,1746968150.7545493,,False
757,1746968227.8876574,18.9676,0.000331866,0.00415971,1.20106,-0.310514,2233.52,1,14.73,17.3605,42.3253,50,1,2,0.0,0.0,0.0,1,0.0,0,True,1746968150.7545493,,False
758,1746968227.9044497,18.9288,-0.000163278,-0.00409316,1.20321,-0.310527,2211.13,1,14.75,17.4606,42.4254,50,1,2,0.0,0.0,0.0,1,0.0,0,True,1746968150.7545493,,False
759,1746968227.9283721,18.8821,-9.65939e-005,0.00668962,1.20535,-0.310534,2220.97,1,14.77,17.5607,42.5255,50,1,2,0.0,0.0,0.0,1,0.0,0,True,1746968150.7545493,,False
760,1746968227.946014,18.835,-0.00045669,-0.000138425,1.20748,-0.310543,2239.08,1,14.79,17.6605,42.6253,50,1,2,0.0,0.0,0.0,1,0.0,0,True,1746968150.7545493,,False
761,1746968227.9652288,18.7917,0.000391691,-0.00198085,1.20961,-0.310545,2233.87,1,14.81,17.76,42.7248,50,1,2,0.0,0.0,0.0,1,0.0,0,True,1746968150.7545493,,False
762,1746968227.9859884,18.7636,0.000418264,0.00401217,1.21173,-0.310537,2171.3,1,14.83,17.8595,42.8243,50,1,2,0.0,0.0,0.0,1,0.0,0,True,1746968150.7545493,,False
763,1746968228.008014,18.7141,-3.19821e-005,-0.00467115,1.21385,-0.310524,2196.2,1,14.85,17.9584,42.9232,50,1,2,0.0,0.0,0.0,1,0.0,0,True,1746968150.7545493,,False
764,1746968228.0264359,18.6811,0.00032163,0.0016811,1.21597,-0.310518,2157.79,1,14.87,18.0573,43.0221,50,1,2,0.0,0.0,0.0,1,0.0,0,True,1746968150.7545493,,False
765,1746968228.0486355,18.624,0.00010383,0.00168418,1.21808,-0.310514,2205.58,1,14.89,18.1559,43.1207,50,1,2,0.0,0.0,0.0,1,0.0,0,True,1746968150.7545493,,False
766,1746968228.0647757,18.5947,0.000213548,-0.00630783,1.22019,-0.310527,2154.74,1,14.91,18.2542,43.219,50,1,2,0.0,0.0,0.0,1,0.0,0,True,1746968150.7545493,,False
767,1746968228.086226,18.5386,-0.000182961,0.0023361,1.22229,-0.310537,2203.65,1,14.93,18.3525,43.3173,50,1,2,0.0,0.0,0.0,1,0.0,0,True,1746968150.7545493,,False
768,1746968228.1074913,18.517,-0.000419768,-0.00298782,1.22438,-0.310545,2120.08,1,14.95,18.4506,43.4154,50,1,2,0.0,0.0,0.0,1,0.0,0,True,1746968150.7545493,,False
769,1746968228.1240919,18.4573,2.93331e-005,0.000394564,1.22647,-0.310544,2183.3,1,14.97,18.5483,43.5131,50,1,2,0.0,0.0,0.0,1,0.0,0,True,1746968150.7545493,,False
770,1746968228.1485116,18.4262,-0.000242688,-0.00241269,1.22856,-0.310539,2133.3,1,14.99,18.6459,43.6107,50,1,2,0.0,0.0,0.0,1,0.0,0,True,1746968150.7545493,,False
771,1746968228.1672661,18.3699,0.000520124,-0.00130926,1.23064,-0.310522,2193.16,1,15.01,18.7433,43.7081,50,1,2,0.0,0.0,0.0,1,0.0,0,True,1746968150.7545493,,False
772,1746968228.1855567,18.3401,0.000216598,0.00263377,1.23272,-0.310523,2139.03,1,15.03,18.8403,43.8051,50,1,2,0.0,0.0,0.0,1,0.0,0,True,1746968150.7545493,,False
773,1746968228.204337,18.2994,0.000343758,-0.0057384,1.23479,-0.310523,2133.31,1,15.05,18.9374,43.9022,50,1,2,0.0,0.0,0.0,1,0.0,0,True,1746968150.7545493,,False
774,1746968228.2276046,18.2491,-0.000359873,0.00342761,1.23686,-0.310527,2157.34,1,15.07,19.0339,43.9987,50,1,2,0.0,0.0,0.0,1,0.0,0,True,1746968150.7545493,,False
775,1746968228.2461965,18.2144,-4.32765e-005,-0.00509481,1.23892,-0.310545,2132.8,1,15.09,19.1303,44.0951,50,1,2,0.0,0.0,0.0,1,0.0,0,True,1746968150.7545493,,False
776,1746968228.264385,18.1538,-0.000353991,0.00264941,1.24098,-0.310545,2198.48,1,15.11,19.2266,44.1913,50,1,2,0.0,0.0,0.0,1,0.0,0,True,1746968150.7545493,,False
777,1746968228.2861269,18.1296,-0.000129582,-0.00201139,1.24303,-0.310544,2125.08,1,15.13,19.3224,44.2872,50,1,2,0.0,0.0,0.0,1,0.0,0,True,1746968150.7545493,,False
778,1746968228.3062515,18.0834,0.000550301,0.00220894,1.24508,-0.310532,2134.22,1,15.15,19.4182,44.383,50,1,2,0.0,0.0,0.0,1,0.0,0,True,1746968150.7545493,,False
779,1746968228.3261297,18.0409,-1.69845e-005,-0.00358032,1.24713,-0.310521,2132.78,1,15.17,19.5137,44.4785,50,1,2,0.0,0.0,0.0,1,0.0,0,True,1746968150.7545493,,False
780,1746968228.3461723,18.0081,-6.97415e-005,0.00192577,1.24917,-0.310517,2093.81,1,15.19,19.6089,44.5737,50,1,2,0.0,0.0,0.0,1,0.0,0,True,1746968150.7545493,,False
781,1746968228.3663495,17.9486,0.000424423,0.000752239,1.2512,-0.310525,2163.74,1,15.21,19.7041,44.6689,50,1,2,0.0,0.0,0.0,1,0.0,0,True,1746968150.7545493,,False
782,1746968228.3870313,17.9193,-0.000472391,6.59615e-005,1.25323,-0.310536,2106.86,1,15.23,19.7989,44.7637,50,1,2,0.0,0.0,0.0,1,0.0,0,True,1746968150.7545493,,False
783,1746968228.4047527,17.8825,-0.000316827,0.00423334,1.25526,-0.310543,2093.83,1,15.25,19.8935,44.8583,50,1,2,0.0,0.0,0.0,1,0.0,0,True,1746968150.7545493,,False
784,1746968228.4253216,17.8315,-0.000452723,-0.00110466,1.25728,-0.310549,2122.61,1,15.27,19.9881,44.9529,50,1,2,0.0,0.0,0.0,1,0.0,0,True,1746968150.7545493,,False
785,1746968228.4442418,17.8093,0.000101689,0.0015306,1.25929,-0.310544,2034.28,1,15.29,20.0821,45.0469,50,1,2,0.0,0.0,0.0,1,0.0,0,True,1746968150.7545493,,False
786,1746968228.465493,17.7558,0.000236215,0.00265309,1.26131,-0.310529,2088.62,1,15.31,20.1761,45.1409,50,1,2,0.0,0.0,0.0,1,0.0,0,True,1746968150.7545493,,False
787,1746968228.4851701,17.7035,0.000448525,0.0028144,1.26331,-0.310525,2117.64,1,15.33,20.2699,45.2347,50,1,2,0.0,0.0,0.0,1,0.0,0,True,1746968150.7545493,,False
788,1746968228.507227,17.6753,0.000144043,-0.00150101,1.26531,-0.310522,2067.58,1,15.35,20.3633,45.3281,50,1,2,0.0,0.0,0.0,1,0.0,0,True,1746968150.7545493,,False
789,1746968228.5278027,17.6259,-0.000518088,-0.00227947,1.26731,-0.310529,2104.25,1,15.37,20.4567,45.4214,50,1,2,0.0,0.0,0.0,1,0.0,0,True,1746968150.7545493,,False
790,1746968228.5477743,17.5847,-0.000202065,0.00233433,1.2693,-0.310546,2090.72,1,15.39,20.5498,45.5146,50,1,2,0.0,0.0,0.0,1,0.0,0,True,1746968150.7545493,,False
791,1746968228.5667279,17.5611,-0.000119498,0.00773505,1.27129,-0.310551,2017.68,1,15.41,20.6426,45.6074,50,1,2,0.0,0.0,0.0,1,0.0,0,True,1746968150.7545493,,False
792,1746968228.5870595,17.5082,-0.000322017,-0.00521491,1.27328,-0.310552,2069.99,1,15.43,20.7354,45.7001,50,1,2,0.0,0.0,0.0,1,0.0,0,True,1746968150.7545493,,False
793,1746968228.6067643,17.4633,6.37542e-005,-0.00266908,1.27526,-0.310544,2075.46,1,15.45,20.8278,45.7925,50,1,2,0.0,0.0,0.0,1,0.0,0,True,1746968150.7545493,,False
794,1746968228.6267967,17.4316,0.000764297,0.00150196,1.27723,-0.310525,2033.38,1,15.47,20.9199,45.8847,50,1,2,0.0,0.0,0.0,1,0.0,0,True,1746968150.7545493,,False
795,1746968228.6468995,17.3887,0.000149396,0.00605463,1.2792,-0.310518,2035.26,1,15.49,21.0121,45.9769,50,1,2,0.0,0.0,0.0,1,0.0,0,True,1746968150.7545493,,False
796,1746968228.6661887,17.336,-6.51763e-005,-0.00192503,1.28116,-0.31053,2081.23,1,15.51,21.1039,46.0687,50,1,2,0.0,0.0,0.0,1,0.0,0,True,1746968150.7545493,,False
797,1746968228.685564,17.3035,0.000194361,-0.00433859,1.28312,-0.31054,2044.04,1,15.53,21.1954,46.1602,50,1,2,0.0,0.0,0.0,1,0.0,0,True,1746968150.7545493,,False
798,1746968228.7048578,17.2722,0.000115243,0.00366324,1.28508,-0.310551,2008.79,1,15.55,21.287,46.2518,50,1,2,0.0,0.0,0.0,1,0.0,0,True,1746968150.7545493,,False
799,1746968228.7247093,17.2191,-0.000526922,0.0010746,1.28703,-0.310554,2055.25,1,15.57,21.3782,46.343,50,1,2,0.0,0.0,0.0,1,0.0,0,True,1746968150.7545493,,False
800,1746968228.7447605,17.1748,-0.000947982,-0.000237988,1.28898,-0.310541,2064.58,1,15.59,21.4692,46.434,50,1,2,0.0,0.0,0.0,1,0.0,0,True,1746968150.7545493,,False
801,1746968228.7653556,17.1474,0.000806273,-0.00481015,1.29092,-0.310531,1995.88,1,15.61,21.5601,46.5249,50,1,2,0.0,0.0,0.0,1,0.0,0,True,1746968150.7545493,,False
802,1746968228.785642,17.1152,0.000833527,0.00134182,1.29286,-0.310525,1963.58,1,15.63,21.6507,46.6155,50,1,2,0.0,0.0,0.0,1,0.0,0,True,1746968150.7545493,,False
803,1746968228.8041291,17.0613,-0.000582491,0.00670184,1.29479,-0.310522,2009.14,1,15.65,21.741,46.7058,50,1,2,0.0,0.0,0.0,1,0.0,0,True,1746968150.7545493,,False
804,1746968228.826173,17.0174,-0.000466608,-0.00345217,1.29672,-0.310532,2023.41,1,15.67,21.8313,46.7961,50,1,2,0.0,0.0,0.0,1,0.0,0,True,1746968150.7545493,,False
805,1746968228.8462186,16.9832,0.000399003,-0.00460926,1.29864,-0.310549,1989.48,1,15.69,21.921,46.8858,50,1,2,0.0,0.0,0.0,1,0.0,0,True,1746968150.7545493,,False
806,1746968228.8654811,16.9465,0.000345197,-0.00220211,1.30056,-0.310557,1971.89,1,15.71,22.0107,46.9755,50,1,2,0.0,0.0,0.0,1,0.0,0,True,1746968150.7545493,,False
807,1746968228.8867009,16.8988,-0.000849488,0.00224894,1.30248,-0.310542,2001.53,1,15.73,22.1003,47.0651,50,1,2,0.0,0.0,0.0,1,0.0,0,True,1746968150.7545493,,False
808,1746968228.9070342,16.8532,-0.000186987,0.0069048,1.30439,-0.310534,2021.08,1,15.75,22.1895,47.1542,50,1,2,0.0,0.0,0.0,1,0.0,0,True,1746968150.7545493,,False
809,1746968228.925233,16.8158,0.000989024,-0.00167483,1.30629,-0.310529,2000.79,1,15.77,22.2786,47.2433,50,1,2,0.0,0.0,0.0,1,0.0,0,True,1746968150.7545493,,False
810,1746968228.9439108,16.7811,0.000941951,-0.00544022,1.3082,-0.310525,1982,1,15.79,22.3676,47.3324,50,1,2,0.0,0.0,0.0,1,0.0,0,True,1746968150.7545493,,False
811,1746968228.9646668,16.7472,-6.89562e-005,8.54768e-005,1.31009,-0.310533,1948.94,1,15.81,22.4561,47.4209,50,1,2,0.0,0.0,0.0,1,0.0,0,True,1746968150.7545493,,False
812,1746968228.9855871,16.6994,-0.000673686,0.00278937,1.31199,-0.310553,1979,1,15.83,22.5446,47.5094,50,1,2,0.0,0.0,0.0,1,0.0,0,True,1746968150.7545493,,False
813,1746968229.0062873,16.6558,-0.000862477,0.00223847,1.31387,-0.310558,1988.25,1,15.85,22.6328,47.5976,50,1,2,0.0,0.0,0.0,1,0.0,0,True,1746968150.7545493,,False
814,1746968229.0254083,16.6167,-0.000225699,0.000716769,1.31576,-0.310547,1980.98,1,15.87,22.7207,47.6855,50,1,2,0.0,0.0,0.0,1,0.0,0,True,1746968150.7545493,,False
815,1746968229.0445364,16.585,0.0012509,-0.00449718,1.31763,-0.310535,1934.46,1,15.89,22.8086,47.7734,50,1,2,0.0,0.0,0.0,1,0.0,0,True,1746968150.7545493,,False
816,1746968229.0669029,16.5548,0.00126883,-0.00201845,1.31951,-0.310529,1894.7,1,15.91,22.8963,47.8611,50,1,2,0.0,0.0,0.0,1,0.0,0,True,1746968150.7545493,,False
817,1746968229.086085,16.5072,-0.000376337,0.00548776,1.32138,-0.310527,1923.16,1,15.93,22.9836,47.9484,50,1,2,0.0,0.0,0.0,1,0.0,0,True,1746968150.7545493,,False
818,1746968229.1080296,16.459,-0.00147593,0.00447376,1.32324,-0.310529,1951.67,1,15.95,23.0709,48.0356,50,1,2,0.0,0.0,0.0,1,0.0,0,True,1746968150.7545493,,False
819,1746968229.1260993,16.4159,-0.000933599,-0.00396724,1.3251,-0.310547,1951.47,1,15.97,23.1577,48.1225,50,1,2,0.0,0.0,0.0,1,0.0,0,True,1746968150.7545493,,False
820,1746968229.1473892,16.3823,-5.41708e-005,-0.00432354,1.32696,-0.310555,1926.5,1,15.99,23.2444,48.2092,50,1,2,0.0,0.0,0.0,1,0.0,0,True,1746968150.7545493,,False
821,1746968229.1692054,16.3436,0.00179355,-0.0010665,1.329,-0.310529,1911.22,1,16.012,23.3397,48.3045,50,1,2,0.0,0.0,0.0,1,0.0,0,True,1746968150.7545493,,False
822,1746968229.1885178,16.3057,0.000302198,0.00691586,1.33103,-0.310533,1866.08,1,16.034,23.4346,48.3994,50,1,2,0.0,0.0,0.0,1,0.0,0,True,1746968150.7545493,,False
823,1746968229.2161582,16.2556,0.000111068,-0.00299404,1.33305,-0.310556,1906.62,1,16.056,23.5292,48.494,50,1,2,0.0,0.0,0.0,1,0.0,0,True,1746968150.7545493,,False
824,1746968229.2330441,16.2112,-0.000275423,-0.00378742,1.33508,-0.310526,1907,1,16.078,23.6239,48.5887,50,1,2,0.0,0.0,0.0,1,0.0,0,True,1746968150.7545493,,False
825,1746968229.259374,16.1616,-0.00103677,0.00218841,1.33709,-0.310548,1924,1,16.1,23.7179,48.6827,50,1,2,0.0,0.0,0.0,1,0.0,0,True,1746968150.7545493,,False
826,1746968229.2812555,16.1092,-0.00142648,0.00511569,1.3391,-0.310542,1961.96,1,16.122,23.8119,48.7767,50,1,2,0.0,0.0,0.0,1,0.0,0,True,1746968150.7545493,,False
827,1746968229.3001876,16.075,0.000373876,-0.00371314,1.3411,-0.310519,1912.29,1,16.144,23.9055,48.8703,50,1,2,0.0,0.0,0.0,1,0.0,0,True,1746968150.7545493,,False
828,1746968229.3236835,16.0308,0.000665141,-0.00211599,1.3431,-0.310545,1905.96,1,16.166,23.9988,48.9636,50,1,2,0.0,0.0,0.0,1,0.0,0,True,1746968150.7545493,,False
829,1746968229.3439822,15.9959,0.00209644,0.00418684,1.34509,-0.310545,1864.48,1,16.188,24.0922,49.0569,50,1,2,0.0,0.0,0.0,1,0.0,0,True,1746968150.7545493,,False
830,1746968229.3667727,15.9546,0.000974094,-0.000860725,1.34708,-0.310525,1855.26,1,16.21,24.1851,49.1498,50,1,2,0.0,0.0,0.0,1,0.0,0,True,1746968150.7545493,,False
831,1746968229.3886433,15.9156,-0.000438625,-0.004145,1.34907,-0.310554,1838.61,1,16.232,24.2777,49.2425,50,1,2,0.0,0.0,0.0,1,0.0,0,True,1746968150.7545493,,False
832,1746968229.408995,15.8692,-0.000405843,-0.00244773,1.35104,-0.310532,1851.32,1,16.254,24.3704,49.3351,50,1,2,0.0,0.0,0.0,1,0.0,0,True,1746968150.7545493,,False
833,1746968229.4308379,15.8296,-0.00116503,0.00604643,1.35302,-0.310529,1826.88,1,16.276,24.4623,49.4271,50,1,2,0.0,0.0,0.0,1,0.0,0,True,1746968150.7545493,,False
834,1746968229.453062,15.7783,-0.00168236,-0.00377143,1.35498,-0.310554,1862.37,1,16.298,24.5543,49.5191,50,1,2,0.0,0.0,0.0,1,0.0,0,True,1746968150.7545493,,False
835,1746968229.47545,15.7337,-0.00108575,-0.00500088,1.35694,-0.31053,1867.03,1,16.32,24.6461,49.6108,50,1,2,0.0,0.0,0.0,1,0.0,0,True,1746968150.7545493,,False
836,1746968229.496213,15.6825,-0.00161671,-0.000978891,1.3589,-0.310525,1899.15,1,16.342,24.7374,49.7021,50,1,2,0.0,0.0,0.0,1,0.0,0,True,1746968150.7545493,,False
837,1746968229.5193532,15.6428,-0.000742018,0.00578074,1.36085,-0.310548,1875.66,1,16.364,24.8287,49.7935,50,1,2,0.0,0.0,0.0,1,0.0,0,True,1746968150.7545493,,False
838,1746968229.5473206,15.5964,0.000327846,0.00589523,1.36279,-0.310518,1880.76,1,16.386,24.9195,49.8843,50,1,2,0.0,0.0,0.0,1,0.0,0,True,1746968150.7545493,,False
839,1746968229.56774,15.5606,-0.000192592,-0.00598207,1.36473,-0.310532,1852.2,1,16.408,25.0101,49.9749,50,1,2,0.0,0.0,0.0,1,0.0,0,True,1746968150.7545493,,False
840,1746968229.5845213,15.5121,0.00123722,-0.0012917,1.36667,-0.310542,1860.54,1,16.43,25.1006,50.0654,50,1,2,0.0,0.0,0.0,1,0.0,0,True,1746968150.7545493,,False
841,1746968229.6068158,15.477,0.00102313,0.0044751,1.36859,-0.310505,1829.93,1,16.452,25.1906,50.1554,50,1,2,0.0,0.0,0.0,1,0.0,0,True,1746968150.7545493,,False
842,1746968229.6281364,15.4309,0.00137094,0.00319278,1.37052,-0.310535,1838.16,1,16.474,25.2806,50.2454,50,1,2,0.0,0.0,0.0,1,0.0,0,True,1746968150.7545493,,False
843,1746968229.654178,15.3844,0.002124,0.00157167,1.37244,-0.310531,1838.53,1,16.496,25.3702,50.335,50,1,2,0.0,0.0,0.0,1,0.0,0,True,1746968150.7545493,,False
844,1746968229.675914,15.3459,0.00216167,-0.00456312,1.37435,-0.310514,1835.41,1,16.518,25.4595,50.4243,50,1,2,0.0,0.0,0.0,1,0.0,0,True,1746968150.7545493,,False
845,1746968229.69515,15.3006,0.00152358,0.00047187,1.37626,-0.31054,1840.49,1,16.54,25.5488,50.5135,50,1,2,0.0,0.0,0.0,1,0.0,0,True,1746968150.7545493,,False
846,1746968229.7183292,15.2575,0.00210992,0.00717375,1.37816,-0.310518,1811.45,1,16.562,25.6376,50.6024,50,1,2,0.0,0.0,0.0,1,0.0,0,True,1746968150.7545493,,False
847,1746968229.7418375,15.2162,0.00158109,0.000254727,1.38006,-0.310509,1824.51,1,16.584,25.7263,50.691,50,1,2,0.0,0.0,0.0,1,0.0,0,True,1746968150.7545493,,False
848,1746968229.7642932,15.1787,0.00139158,-0.0027294,1.38195,-0.310537,1791.69,1,16.606,25.8149,50.7797,50,1,2,0.0,0.0,0.0,1,0.0,0,True,1746968150.7545493,,False
849,1746968229.783448,15.1328,0.00222413,-0.00346963,1.38384,-0.310519,1804.17,1,16.628,25.9029,50.8677,50,1,2,0.0,0.0,0.0,1,0.0,0,True,1746968150.7545493,,False
850,1746968229.806917,15.0865,0.000699544,-0.00142769,1.38572,-0.310511,1820.75,1,16.65,25.9908,50.9556,50,1,2,0.0,0.0,0.0,1,0.0,0,True,1746968150.7545493,,False
851,1746968229.828554,15.0419,0.00105229,0.00513731,1.38759,-0.310523,1815.02,1,16.672,26.0786,51.0434,50,1,2,0.0,0.0,0.0,1,0.0,0,True,1746968150.7545493,,False
852,1746968229.8531356,15.0072,0.000985503,0.00645546,1.38947,-0.310501,1795.81,1,16.694,26.1659,51.1307,50,1,2,0.0,0.0,0.0,1,0.0,0,True,1746968150.7545493,,False
853,1746968229.8720467,14.9659,0.000133244,-0.00250256,1.39133,-0.310512,1772.17,1,16.716,26.2532,51.218,50,1,2,0.0,0.0,0.0,1,0.0,0,True,1746968150.7545493,,False
854,1746968229.8944566,14.9235,0.000212796,-0.0063679,1.39319,-0.310516,1763.53,1,16.738,26.3401,51.3049,50,1,2,0.0,0.0,0.0,1,0.0,0,True,1746968150.7545493,,False
855,1746968229.9169161,14.8888,-0.000361568,-0.0022202,1.39505,-0.310493,1758.58,1,16.76,26.4267,51.3915,50,1,2,0.0,0.0,0.0,1,0.0,0,True,1746968150.7545493,,False
856,1746968229.9389787,14.8435,-0.00107067,0.00256018,1.3969,-0.310507,1746.19,1,16.782,26.5133,51.4781,50,1,2,0.0,0.0,0.0,1,0.0,0,True,1746968150.7545493,,False
857,1746968229.9587557,14.795,-0.000136863,0.0017232,1.39874,-0.310499,1737.12,1,16.804,26.5995,51.5643,50,1,2,0.0,0.0,0.0,1,0.0,0,True,1746968150.7545493,,False
858,1746968229.9836135,14.7652,-0.00164092,-0.0053779,1.40058,-0.310483,1728.43,1,16.826,26.6855,51.6503,50,1,2,0.0,0.0,0.0,1,0.0,0,True,1746968150.7545493,,False
