Step,Time,SpeedX,SpeedY,SpeedZ,TrackPos,Angle,RPM,Gear_State,CurLapTime,DistFromStart,DistRaced,Fuel,Damage,RacePos,Accel,Brake,Steer,Gear_Control,Clutch,Meta,IsAutoShifting,LastManualShiftTime,SteerDirection,IsStopped
0,1746968433.8490622,0.0921063,0.126593,-0.0916573,0.343006,0.0121934,1047.2,0,-0.982,2952.63,0,50,1,1,0.1,0.0,0.0,1,0.0,0,True,1746968431.541274,,True
1,1746968433.8686268,0.0921063,0.126593,-0.0916573,0.343006,0.0121934,1051.6,0,-0.962,2952.63,0,50,1,1,0.1,0.0,0.0,1,0.0,0,True,1746968431.541274,,True
2,1746968433.8910606,0.0921063,0.126593,-0.0916573,0.343006,0.0121934,1055.99,0,-0.942,2952.63,0,50,1,1,0.1,0.0,0.0,1,0.0,0,True,1746968431.541274,,True
3,1746968433.9116247,0.0921063,0.126593,-0.0916573,0.343006,0.0121934,1060.38,0,-0.922,2952.63,0,50,1,1,0.1,0.0,0.0,1,0.0,0,True,1746968431.541274,,True
4,1746968433.9307203,0.0921063,0.126593,-0.0916573,0.343006,0.0121934,1064.76,0,-0.902,2952.63,0,50,1,1,0.1,0.0,0.0,1,0.0,0,True,1746968431.541274,,True
5,1746968433.9496129,0.0921063,0.126593,-0.0916573,0.343006,0.0121934,1069.14,0,-0.882,2952.63,0,50,1,1,0.1,0.0,0.0,1,0.0,0,True,1746968431.541274,,True
6,1746968433.9685142,0.0921063,0.126593,-0.0916573,0.343006,0.0121934,1073.52,0,-0.862,2952.63,0,50,1,1,0.1,0.0,0.0,1,0.0,0,True,1746968431.541274,,True
7,1746968433.9885046,0.0921063,0.126593,-0.0916573,0.343006,0.0121934,1077.89,0,-0.842,2952.63,0,50,1,1,0.1,0.0,0.0,1,0.0,0,True,1746968431.541274,,True
8,1746968434.0112143,0.0921063,0.126593,-0.0916573,0.343006,0.0121934,1082.26,0,-0.822,2952.63,0,50,1,1,0.1,0.0,0.0,1,0.0,0,True,1746968431.541274,,True
9,1746968434.030764,0.0921063,0.126593,-0.0916573,0.343006,0.0121934,1086.62,0,-0.802,2952.63,0,50,1,1,0.1,0.0,0.0,1,0.0,0,True,1746968431.541274,,True
10,1746968434.0526888,0.0921063,0.126593,-0.0916573,0.343006,0.0121934,1090.98,0,-0.782,2952.63,0,50,1,1,0.1,0.0,0.0,1,0.0,0,True,1746968431.541274,,True
11,1746968434.0704627,0.0921063,0.126593,-0.0916573,0.343006,0.0121934,1095.33,0,-0.762,2952.63,0,50,1,1,0.1,0.0,0.0,1,0.0,0,True,1746968431.541274,,True
12,1746968434.0883784,0.0921063,0.126593,-0.0916573,0.343006,0.0121934,1099.68,0,-0.742,2952.63,0,50,1,1,0.1,0.0,0.0,1,0.0,0,True,1746968431.541274,,True
13,1746968434.1114151,0.0921063,0.126593,-0.0916573,0.343006,0.0121934,1104.03,0,-0.722,2952.63,0,50,1,1,0.1,0.0,0.0,1,0.0,0,True,1746968431.541274,,True
14,1746968434.129856,0.0921063,0.126593,-0.0916573,0.343006,0.0121934,1108.37,0,-0.702,2952.63,0,50,1,1,0.1,0.0,0.0,1,0.0,0,True,1746968431.541274,,True
15,1746968434.149143,0.0921063,0.126593,-0.0916573,0.343006,0.0121934,1112.7,0,-0.682,2952.63,0,50,1,1,0.1,0.0,0.0,1,0.0,0,True,1746968431.541274,,True
16,1746968434.1701555,0.0921063,0.126593,-0.0916573,0.343006,0.0121934,1117.04,0,-0.662,2952.63,0,50,1,1,0.1,0.0,0.0,1,0.0,0,True,1746968431.541274,,True
17,1746968434.193001,0.0921063,0.126593,-0.0916573,0.343006,0.0121934,1121.36,0,-0.642,2952.63,0,50,1,1,0.2,0.0,0.0,1,0.0,0,True,1746968431.541274,,True
18,1746968434.2085614,0.0921063,0.126593,-0.0916573,0.343006,0.0121934,1130.09,0,-0.622,2952.63,0,50,1,1,0.2,0.0,0.0,1,0.0,0,True,1746968431.541274,,True
19,1746968434.231515,0.0921063,0.126593,-0.0916573,0.343006,0.0121934,1138.82,0,-0.602,2952.63,0,50,1,1,0.30000000000000004,0.0,0.0,1,0.0,0,True,1746968431.541274,,True
20,1746968434.2495883,0.0921063,0.126593,-0.0916573,0.343006,0.0121934,1151.94,0,-0.582,2952.63,0,50,1,1,0.30000000000000004,0.0,0.0,1,0.0,0,True,1746968431.541274,,True
21,1746968434.273404,0.0921063,0.126593,-0.0916573,0.343006,0.0121934,1165.05,0,-0.562,2952.63,0,50,1,1,0.30000000000000004,0.0,0.0,1,0.0,0,True,1746968431.541274,,True
22,1746968434.292203,0.0921063,0.126593,-0.0916573,0.343006,0.0121934,1178.16,0,-0.542,2952.63,0,50,1,1,0.4,0.0,0.0,1,0.0,0,True,1746968431.541274,,True
23,1746968434.310055,0.0921063,0.126593,-0.0916573,0.343006,0.0121934,1195.66,0,-0.522,2952.63,0,50,1,1,0.4,0.0,0.0,1,0.0,0,True,1746968431.541274,,True
24,1746968434.3320842,0.0921063,0.126593,-0.0916573,0.343006,0.0121934,1213.16,0,-0.502,2952.63,0,50,1,1,0.5,0.0,0.0,1,0.0,0,True,1746968431.541274,,True
25,1746968434.349563,0.0921063,0.126593,-0.0916573,0.343006,0.0121934,1235.06,0,-0.482,2952.63,0,50,1,1,0.5,0.0,0.0,1,0.0,0,True,1746968431.541274,,True
26,1746968434.3703501,0.0921063,0.126593,-0.0916573,0.343006,0.0121934,1256.95,0,-0.462,2952.63,0,50,1,1,0.5,0.0,0.0,1,0.0,0,True,1746968431.541274,,True
27,1746968434.393977,0.0921063,0.126593,-0.0916573,0.343006,0.0121934,1278.82,0,-0.442,2952.63,0,50,1,1,0.6,0.0,0.0,1,0.0,0,True,1746968431.541274,,True
28,1746968434.4113786,0.0921063,0.126593,-0.0916573,0.343006,0.0121934,1305.12,0,-0.422,2952.63,0,50,1,1,0.6,0.0,0.0,1,0.0,0,True,1746968431.541274,,True
29,1746968434.4351203,0.0921063,0.126593,-0.0916573,0.343006,0.0121934,1331.4,0,-0.402,2952.63,0,50,1,1,0.7,0.0,0.0,1,0.0,0,True,1746968431.541274,,True
30,1746968434.4521031,0.0921063,0.126593,-0.0916573,0.343006,0.0121934,1362.09,0,-0.382,2952.63,0,50,1,1,0.7,0.0,0.0,1,0.0,0,True,1746968431.541274,,True
31,1746968434.4692092,0.0921063,0.126593,-0.0916573,0.343006,0.0121934,1392.78,0,-0.362,2952.63,0,49.9999,1,1,0.7,0.0,0.0,1,0.0,0,True,1746968431.541274,,True
32,1746968434.4905713,0.0921063,0.126593,-0.0916573,0.343006,0.0121934,1423.46,0,-0.342,2952.63,0,49.9999,1,1,0.7999999999999999,0.0,0.0,1,0.0,0,True,1746968431.541274,,True
33,1746968434.5113914,0.0921063,0.126593,-0.0916573,0.343006,0.0121934,1458.58,0,-0.322,2952.63,0,49.9998,1,1,0.7999999999999999,0.0,0.0,1,0.0,0,True,1746968431.541274,,True
34,1746968434.532172,0.0921063,0.126593,-0.0916573,0.343006,0.0121934,1493.68,0,-0.302,2952.63,0,49.9998,1,1,0.7999999999999999,0.0,0.0,1,0.0,0,True,1746968431.541274,,True
35,1746968434.5486605,0.0921063,0.126593,-0.0916573,0.343006,0.0121934,1528.78,0,-0.282,2952.63,0,49.9998,1,1,0.8999999999999999,0.0,0.0,1,0.0,0,True,1746968431.541274,,True
36,1746968434.5684376,0.0921063,0.126593,-0.0916573,0.343006,0.0121934,1568.32,0,-0.262,2952.63,0,49.9997,1,1,0.8999999999999999,0.0,0.0,1,0.0,0,True,1746968431.541274,,True
37,1746968434.5906322,0.0921063,0.126593,-0.0916573,0.343006,0.0121934,1608.18,0,-0.242,2952.63,0,49.9997,1,1,0.9999999999999999,0.0,0.0,1,0.0,0,True,1746968431.541274,,True
38,1746968434.6110258,0.0921063,0.126593,-0.0916573,0.343006,0.0121934,1653.5,0,-0.222,2952.63,0,49.9997,1,1,0.9999999999999999,0.0,0.0,1,0.0,0,True,1746968431.541274,,True
39,1746968434.634565,0.0921063,0.126593,-0.0916573,0.343006,0.0121934,1699.88,0,-0.202,2952.63,0,49.9996,1,1,0.9999999999999999,0.0,0.0,1,0.0,0,True,1746968431.541274,,True
40,1746968434.649052,0.0921063,0.126593,-0.0916573,0.343006,0.0121934,1747.32,0,-0.182,2952.63,0,49.9996,1,1,1.0,0.0,0.0,1,0.0,0,True,1746968431.541274,,True
41,1746968434.6709125,0.0921063,0.126593,-0.0916573,0.343006,0.0121934,1795.87,0,-0.162,2952.63,0,49.9995,1,1,1.0,0.0,0.0,1,0.0,0,True,1746968431.541274,,True
42,1746968434.6912944,0.0921063,0.126593,-0.0916573,0.343006,0.0121934,1845.53,0,-0.142,2952.63,0,49.9995,1,1,1.0,0.0,0.0,1,0.0,0,True,1746968431.541274,,True
43,1746968434.7136774,0.0921063,0.126593,-0.0916573,0.343006,0.0121934,1896.35,0,-0.122,2952.63,0,49.9995,1,1,1.0,0.0,0.0,1,0.0,0,True,1746968431.541274,,True
44,1746968434.7287931,0.0921063,0.126593,-0.0916573,0.343006,0.0121934,1948.35,0,-0.102,2952.63,0,49.9994,1,1,1.0,0.0,0.0,1,0.0,0,True,1746968431.541274,,True
45,1746968434.7480006,0.0921063,0.126593,-0.0916573,0.343006,0.0121934,2001.55,0,-0.082,2952.63,0,49.9994,1,1,1.0,0.0,0.0,1,0.0,0,True,1746968431.541274,,True
46,1746968434.7684474,0.0921063,0.126593,-0.0916573,0.343006,0.0121934,2055.98,0,-0.062,2952.63,0,49.9993,1,1,1.0,0.0,0.0,1,0.0,0,True,1746968431.541274,,True
47,1746968434.7899096,0.0921063,0.126593,-0.0916573,0.343006,0.0121934,2111.67,0,-0.042,2952.63,0,49.9992,1,1,1.0,0.0,0.0,1,0.0,0,True,1746968431.541274,,True
48,1746968434.8100562,0.0921063,0.126593,-0.0916573,0.343006,0.0121934,2168.55,0,-0.022,2952.63,0,49.9991,1,1,1.0,0.0,0.0,1,0.0,0,True,1746968431.541274,,True
49,1746968434.8491092,0.0215149,0.211392,-0.0623425,0.343068,0.0123565,2285.89,0,0.018,2952.63,0.000244141,49.999,1,1,1.0,0.0,0.0,1,0.0,0,True,1746968431.541274,,True
50,1746968434.8711393,0.0980778,0.319145,-0.0413511,0.343167,0.0123727,1051.16,1,0.038,2952.63,0.000976563,49.999,1,1,1.0,0.0,0.0,1,0.0,0,True,1746968431.541274,,True
51,1746968434.88951,0.019641,0.425301,-0.0337445,0.343308,0.0121886,1055.55,1,0.058,2952.63,0.00146484,49.999,1,1,1.0,0.0,0.0,1,0.0,0,True,1746968431.541274,,True
52,1746968434.9123592,0.0959309,0.531914,-0.039245,0.343486,0.0118267,1059.94,1,0.078,2952.63,0.00219727,49.999,1,1,1.0,0.0,0.0,1,0.0,0,True,1746968431.541274,,True
53,1746968434.929675,0.0153671,0.633612,-0.045027,0.343704,0.0112945,1064.32,1,0.098,2952.63,0.00268555,49.999,1,1,1.0,0.0,0.0,1,0.0,0,True,1746968431.541274,,True
54,1746968434.949492,0.0920049,0.730423,-0.0630714,0.343959,0.0105802,1068.71,1,0.118,2952.64,0.00341797,49.999,1,1,1.0,0.0,0.0,1,0.0,0,True,1746968431.541274,,True
55,1746968434.9696724,0.0117282,0.811385,-0.0923666,0.344245,0.00965899,1073.08,1,0.138,2952.64,0.00390625,49.999,1,1,1.0,0.0,0.0,1,0.0,0,True,1746968431.541274,,True
56,1746968434.9905593,0.0899621,0.871249,-0.121268,0.344558,0.00851839,1077.45,1,0.158,2952.64,0.00439453,49.999,1,1,1.0,0.0,0.0,1,0.0,0,True,1746968431.541274,,True
57,1746968435.0097558,0.012014,0.906224,-0.153142,0.344887,0.00705784,1081.82,1,0.178,2952.64,0.00488281,49.999,1,1,1.0,0.0,0.0,1,0.0,0,True,1746968431.541274,,True
58,1746968435.0301824,0.0869774,0.912854,-0.186914,0.345224,0.00529307,1086.18,1,0.198,2952.64,0.00561523,49.999,1,1,1.0,0.0,0.0,1,0.0,0,True,1746968431.541274,,True
59,1746968435.0493844,0.0101621,0.902036,-0.215399,0.345559,0.00319928,1090.54,1,0.218,2952.64,0.00585938,49.999,1,1,1.0,0.0,0.0,1,0.0,0,True,1746968431.541274,,True
60,1746968435.0707908,0.0837398,0.878467,-0.235411,0.345889,0.000889953,1094.9,1,0.238,2952.64,0.00634766,49.999,1,1,1.0,0.0,0.0,1,0.0,0,True,1746968431.541274,,True
61,1746968435.0912337,0.0981083,0.871115,-0.260192,0.346244,-0.0017832,1099.68,1,0.26,2952.64,0.00683594,49.999,1,1,1.0,0.0,0.0,1,0.0,0,True,1746968431.541274,,True
62,1746968435.1120622,0.0272095,0.861375,-0.267732,0.346563,-0.00428898,1104.03,1,0.28,2952.64,0.00732422,49.999,1,1,1.0,0.0,0.0,1,0.0,0,True,1746968431.541274,,True
63,1746968435.1327434,0.147251,0.826973,-0.270846,0.346874,-0.00666839,1108.37,1,0.3,2952.64,0.00805664,49.999,1,1,1.0,0.0,0.0,1,0.0,0,True,1746968431.541274,,True
64,1746968435.150309,0.0671447,0.82973,-0.280586,0.347181,-0.00905925,1047.2,1,0.32,2952.64,0.00854492,49.999,1,1,1.0,0.0,0.0,1,0.0,0,True,1746968431.541274,,True
65,1746968435.1730514,0.267228,0.835014,-0.275167,0.347488,-0.0114606,1047.2,1,0.34,2952.64,0.00952148,49.999,1,1,1.0,0.0,0.0,1,0.0,0,True,1746968431.541274,,True
66,1746968435.1913185,0.381389,0.85796,-0.278188,0.347806,-0.0138539,1047.2,1,0.36,2952.64,0.0112305,49.9989,1,1,1.0,0.0,0.0,1,0.0,0,True,1746968431.541274,,True
67,1746968435.2140756,0.673824,0.808973,-0.27182,0.348119,-0.0161036,1047.2,1,0.38,2952.65,0.0144043,49.9989,1,1,1.0,0.0,0.0,1,0.0,0,True,1746968431.541274,,False
68,1746968435.232174,0.821627,0.654299,-0.263589,0.348392,-0.0179942,1047.2,1,0.4,2952.65,0.0187988,49.9988,1,1,1.0,0.0,0.0,1,0.0,0,True,1746968431.541274,,False
69,1746968435.2536113,1.09752,0.538032,-0.251811,0.348621,-0.019492,1047.2,1,0.42,2952.66,0.0241699,49.9988,1,1,1.0,0.0,0.0,1,0.0,0,True,1746968431.541274,,False
70,1746968435.27446,1.25891,0.432145,-0.230953,0.348809,-0.0205882,1047.2,1,0.44,2952.66,0.0307617,49.9988,1,1,1.0,0.0,0.0,1,0.0,0,True,1746968431.541274,,False
71,1746968435.2926624,1.53902,0.322549,-0.200346,0.348958,-0.0212277,1047.2,1,0.46,2952.67,0.0383301,49.9987,1,1,1.0,0.0,0.0,1,0.0,0,True,1746968431.541274,,False
72,1746968435.3117478,1.66587,0.279598,-0.177882,0.349079,-0.0216015,1047.2,1,0.48,2952.68,0.0473633,49.9987,1,1,1.0,0.0,0.0,1,0.0,0,True,1746968431.541274,,False
73,1746968435.3334365,1.99195,0.245111,-0.147812,0.349196,-0.0218495,1047.2,1,0.502,2952.69,0.0583496,49.9986,1,1,1.0,0.0,0.0,1,0.0,0,True,1746968431.541274,,False
74,1746968435.3549774,2.11465,0.217338,-0.116858,0.349293,-0.0219792,1047.2,1,0.522,2952.7,0.0698242,49.9986,1,1,1.0,0.0,0.0,1,0.0,0,True,1746968431.541274,,False
75,1746968435.374395,2.41116,0.209728,-0.0928332,0.34939,-0.0221141,1047.2,1,0.542,2952.71,0.0825195,49.9986,1,1,1.0,0.0,0.0,1,0.0,0,True,1746968431.541274,,False
76,1746968435.3927116,2.5403,0.227006,-0.0695525,0.349492,-0.0223296,1047.2,1,0.562,2952.73,0.0961914,49.9985,1,1,1.0,0.0,0.0,1,0.0,0,True,1746968431.541274,,False
77,1746968435.4142938,2.82657,0.224336,-0.0538455,0.349593,-0.0224655,1047.2,1,0.582,2952.74,0.111084,49.9985,1,1,1.0,0.0,0.0,1,0.0,0,True,1746968431.541274,,False
78,1746968435.4369469,2.96147,0.223411,-0.0464457,0.3497,-0.0227063,1047.2,1,0.602,2952.76,0.126953,49.9985,1,1,1.0,0.0,0.0,1,0.0,0,True,1746968431.541274,,False
79,1746968435.4566061,3.23233,0.234835,-0.0330049,0.349811,-0.0229481,1047.2,1,0.622,2952.78,0.144287,49.9984,1,1,1.0,0.0,0.0,1,0.0,0,True,1746968431.541274,,False
80,1746968435.474439,3.41273,0.224573,-0.0352069,0.349927,-0.0232275,1047.2,1,0.642,2952.79,0.162842,49.9984,1,1,1.0,0.0,0.0,1,0.0,0,True,1746968431.541274,,False
81,1746968435.4968722,3.66214,0.223406,-0.0373965,0.350037,-0.023414,1047.2,1,0.662,2952.81,0.182373,49.9983,1,1,1.0,0.0,0.0,1,0.0,0,True,1746968431.541274,,False
82,1746968435.5138514,3.79655,0.24147,-0.0375895,0.350155,-0.023722,1047.2,1,0.682,2952.83,0.203125,49.9983,1,1,1.0,0.0,0.0,1,0.0,0,True,1746968431.541274,,False
83,1746968435.5337293,4.10695,0.222785,-0.0416114,0.350278,-0.0240057,1047.2,1,0.702,2952.86,0.225098,49.9983,1,1,1.0,0.0,0.0,1,0.0,0,True,1746968431.541274,,False
84,1746968435.5541015,4.22407,0.236037,-0.0520064,0.350401,-0.0242966,1047.2,1,0.722,2952.88,0.248047,49.9982,1,1,1.0,0.0,0.0,1,0.0,0,True,1746968431.541274,,False
85,1746968435.5755057,4.49584,0.229933,-0.0641285,0.350524,-0.024565,1047.2,1,0.742,2952.9,0.272217,49.9982,1,1,1.0,0.0,0.0,1,0.0,0,True,1746968431.541274,,False
86,1746968435.5933678,4.63346,0.230271,-0.0643647,0.350653,-0.0248807,1047.2,1,0.762,2952.93,0.297607,49.9981,1,1,1.0,0.0,0.0,1,0.0,0,True,1746968431.541274,,False
87,1746968435.6154118,4.94399,0.202331,-0.0836144,0.350778,-0.0250958,1047.2,1,0.782,2952.96,0.324463,49.9981,1,1,1.0,0.0,0.0,1,0.0,0,True,1746968431.541274,,False
88,1746968435.6374977,5.07611,0.228308,-0.0839227,0.350905,-0.0253475,1047.2,1,0.802,2952.98,0.352051,49.9981,1,1,1.0,0.0,0.0,1,0.0,0,True,1746968431.541274,,False
89,1746968435.6559765,5.30079,0.232464,-0.0921915,0.351038,-0.0256322,1047.2,1,0.822,2953.01,0.381104,49.998,1,1,1.0,0.0,0.0,1,0.0,0,True,1746968431.541274,,False
90,1746968435.6722188,5.49327,0.232916,-0.102489,0.351175,-0.0259178,1047.2,1,0.842,2953.04,0.410889,49.998,1,1,1.0,0.0,0.0,1,0.0,0,True,1746968431.541274,,False
91,1746968435.693735,5.70954,0.228023,-0.106779,0.351313,-0.0261539,1047.2,1,0.862,2953.07,0.442383,49.998,1,1,1.0,0.0,0.0,1,0.0,0,True,1746968431.541274,,False
92,1746968435.713433,5.97571,0.240143,-0.108844,0.35146,-0.026471,1047.2,1,0.882,2953.11,0.474854,49.9979,1,1,1.0,0.0,0.0,1,0.0,0,True,1746968431.541274,,False
93,1746968435.7359529,6.1651,0.242217,-0.111643,0.351606,-0.0267327,1127.81,1,0.902,2953.14,0.508301,49.9979,1,1,1.0,0.0,0.0,1,0.0,0,True,1746968431.541274,,False
94,1746968435.7527125,6.34837,0.249411,-0.119852,0.35176,-0.0270503,1082.36,1,0.922,2953.17,0.543213,49.9978,1,1,1.0,0.0,0.0,1,0.0,0,True,1746968431.541274,,False
95,1746968435.7746599,6.5204,0.256034,-0.120572,0.351918,-0.027335,1161.45,1,0.942,2953.21,0.579102,49.9978,1,1,1.0,0.0,0.0,1,0.0,0,True,1746968431.541274,,False
96,1746968435.7953367,6.75217,0.244783,-0.124202,0.352078,-0.0276297,1050.17,1,0.962,2953.25,0.616455,49.9978,1,1,1.0,0.0,0.0,1,0.0,0,True,1746968431.541274,left,False
97,1746968435.8133252,6.98625,0.257559,-0.12635,0.352242,-0.0278671,1121.15,1,0.982,2953.29,0.654541,49.9977,1,1,1.0,0.0,0.0,1,0.0,0,True,1746968431.541274,left,False
98,1746968435.8371801,7.25077,0.268469,-0.128669,0.35243,-0.0281604,1142.52,1,1.004,2953.33,0.697998,49.9977,1,1,1.0,0.0,0.0,1,0.0,0,True,1746968431.541274,left,False
99,1746968435.854061,7.45737,0.276874,-0.133264,0.35261,-0.0284446,1199.5,1,1.024,2953.37,0.73877,49.9976,1,1,1.0,0.0,0.0,1,0.0,0,True,1746968431.541274,left,False
100,1746968435.8773084,7.64031,0.273706,-0.136629,0.352792,-0.0287645,1192.04,1,1.044,2953.41,0.780518,49.9976,1,1,1.0,0.0,0.0,1,0.0,0,True,1746968431.541274,left,False
101,1746968435.8975434,7.8113,0.280748,-0.138392,0.352978,-0.0291055,1262.92,1,1.064,2953.46,0.823486,49.9976,1,1,1.0,0.0,0.0,1,0.0,0,True,1746968431.541274,left,False
102,1746968435.9173033,8.01963,0.27663,-0.141192,0.353167,-0.0294121,1294.12,1,1.084,2953.5,0.867676,49.9975,1,1,1.0,0.0,0.0,1,0.0,0,True,1746968431.541274,left,False
103,1746968435.9346747,8.24862,0.275567,-0.146716,0.353361,-0.0297335,1193.86,1,1.104,2953.54,0.913086,49.9975,1,1,1.0,0.0,-0.1,1,0.0,0,True,1746968431.541274,left,False
104,1746968435.955595,8.47515,0.193061,-0.13744,0.353542,-0.0297568,1213.19,1,1.124,2953.59,0.959717,49.9975,1,1,1.0,0.0,-0.1,1,0.0,0,True,1746968431.541274,left,False
105,1746968435.9755495,8.6999,0.0985052,-0.143602,0.353688,-0.0292657,1324.36,1,1.144,2953.64,1.00732,49.9974,1,1,1.0,0.0,-0.1,1,0.0,0,True,1746968431.541274,left,False
106,1746968435.9949138,8.93726,0.0446235,-0.127941,0.353808,-0.0286019,1254.54,1,1.164,2953.69,1.05615,49.9974,1,1,1.0,0.0,-0.1,1,0.0,0,True,1746968431.541274,left,False
107,1746968436.0165713,9.08869,0.0116325,-0.106473,0.353912,-0.0277746,1304.54,1,1.184,2953.74,1.1062,49.9973,1,1,1.0,0.0,-0.1,1,0.0,0,True,1746968431.541274,left,False
108,1746968436.0369618,9.25671,-0.00446356,-0.0922835,0.354007,-0.0268844,1365.38,1,1.204,2953.79,1.15723,49.9973,1,1,1.0,0.0,-0.1,1,0.0,0,True,1746968431.541274,left,False
109,1746968436.0557582,9.4528,-0.00933472,-0.0699774,0.354097,-0.0259574,1385.98,1,1.224,2953.84,1.20947,49.9973,1,1,1.0,0.0,-0.1,1,0.0,0,True,1746968431.541274,left,False
110,1746968436.0766802,9.68708,-0.0111066,-0.0568809,0.354186,-0.0249861,1346.64,1,1.244,2953.89,1.26294,49.9972,1,1,1.0,0.0,-0.1,1,0.0,0,True,1746968431.541274,left,False
111,1746968436.0953386,9.94714,-0.0257485,-0.0459114,0.354267,-0.0239041,1342.9,1,1.264,2953.95,1.31763,49.9972,1,1,1.0,0.0,-0.1,1,0.0,0,True,1746968431.541274,left,False
112,1746968436.1157076,10.1385,-0.0306966,-0.0437227,0.354342,-0.0228007,1504.81,1,1.284,2954,1.37329,49.9972,1,1,1.0,0.0,-0.1,1,0.0,0,True,1746968431.541274,left,False
113,1746968436.1372356,10.3472,-0.0342574,-0.0349122,0.354415,-0.021664,1488.54,1,1.304,2954.06,1.42993,49.9971,1,1,1.0,0.0,-0.1,1,0.0,0,True,1746968431.541274,left,False
114,1746968436.1542094,10.5361,-0.0300014,-0.0377122,0.354485,-0.0205506,1521,1,1.324,2954.12,1.48779,49.9971,1,1,1.0,0.0,-0.1,1,0.0,0,True,1746968431.541274,left,False
115,1746968436.176737,10.7083,-0.0360662,-0.0433696,0.354551,-0.01942,1559.51,1,1.344,2954.18,1.54688,49.997,1,1,1.0,0.0,-0.1,1,0.0,0,True,1746968431.541274,left,False
116,1746968436.1948256,10.9118,-0.0404882,-0.0536509,0.354613,-0.0182784,1557.63,1,1.364,2954.24,1.60693,49.997,1,1,1.0,0.0,-0.1,1,0.0,0,True,1746968431.541274,left,False
117,1746968436.215635,11.1096,-0.0420816,-0.0425416,0.35467,-0.017125,1572.5,1,1.384,2954.3,1.66821,49.997,1,1,1.0,0.0,-0.1,1,0.0,0,True,1746968431.541274,left,False
118,1746968436.2372458,11.336,-0.0463552,-0.0402948,0.354723,-0.0159414,1588.39,1,1.404,2954.36,1.73071,49.9969,1,1,1.0,0.0,-0.1,1,0.0,0,True,1746968431.541274,left,False
119,1746968436.255584,11.5348,0.0707451,-0.0314114,0.354791,-0.0150698,1651.2,1,1.424,2954.43,1.79443,49.9969,1,1,1.0,0.0,0.0,1,0.0,0,True,1746968431.541274,right,False
120,1746968436.2769823,11.7549,0.177041,-0.0312292,0.354904,-0.0148252,1652.02,1,1.444,2954.49,1.85913,49.9968,1,1,1.0,0.0,0.0,1,0.0,0,True,1746968431.541274,right,False
121,1746968436.296911,11.9934,0.23654,-0.0496936,0.355048,-0.0148857,1656.23,1,1.464,2954.56,1.92505,49.9968,1,1,1.0,0.0,0.0,1,0.0,0,True,1746968431.541274,right,False
122,1746968436.3167822,12.2091,0.270337,-0.0632191,0.355211,-0.0150574,1680.98,1,1.484,2954.62,1.99219,49.9968,1,1,1.0,0.0,0.0,1,0.0,0,True,1746968431.541274,right,False
123,1746968436.33648,12.436,0.289161,-0.0851281,0.355384,-0.0152724,1653.33,1,1.504,2954.69,2.06055,49.9967,1,1,1.0,0.0,0.0,1,0.0,0,True,1746968431.541274,right,False
124,1746968436.3559191,12.6487,0.300951,-0.0962311,0.355564,-0.0155247,1662.27,1,1.524,2954.76,2.13013,49.9967,1,1,1.0,0.0,0.0,1,0.0,0,True,1746968431.541274,right,False
125,1746968436.3757153,12.8602,0.306765,-0.120291,0.355752,-0.0157998,1710.43,1,1.544,2954.83,2.20093,49.9967,1,1,1.0,0.0,0.0,1,0.0,0,True,1746968431.541274,right,False
126,1746968436.3956873,13.078,0.309571,-0.13406,0.355942,-0.0160797,1743.78,1,1.564,2954.9,2.27319,49.9966,1,1,1.0,0.0,0.0,1,0.0,0,True,1746968431.541274,right,False
127,1746968436.4164934,13.3074,0.317746,-0.14715,0.356138,-0.0163787,1768.21,1,1.584,2954.98,2.34668,49.9966,1,1,1.0,0.0,0.0,1,0.0,0,True,1746968431.541274,right,False
128,1746968436.4364982,13.5438,0.317926,-0.158998,0.356338,-0.0166929,1813.74,1,1.604,2955.05,2.42114,49.9965,1,1,1.0,0.0,0.0,1,0.0,0,True,1746968431.541274,right,False
129,1746968436.4555566,13.7833,0.317784,-0.170012,0.356541,-0.016991,1855.13,1,1.624,2955.13,2.49731,49.9965,1,1,1.0,0.0,0.0,1,0.0,0,True,1746968431.541274,right,False
130,1746968436.4742696,14.0236,0.321774,-0.175356,0.356747,-0.0172952,1911.23,1,1.644,2955.21,2.57446,49.9965,1,1,1.0,0.0,0.0,1,0.0,0,True,1746968431.541274,right,False
131,1746968436.495982,14.2852,0.326411,-0.179903,0.356959,-0.0176109,1903.7,1,1.664,2955.28,2.65308,49.9964,1,1,1.0,0.0,0.0,1,0.0,0,True,1746968431.541274,left,False
132,1746968436.5171494,14.5329,0.329279,-0.183325,0.357176,-0.0179332,1929.5,1,1.684,2955.36,2.73315,49.9964,1,1,1.0,0.0,0.0,1,0.0,0,True,1746968431.541274,left,False
133,1746968436.5375254,14.7712,0.324006,-0.185892,0.357395,-0.0182255,1963.07,1,1.704,2955.45,2.81445,49.9963,1,1,1.0,0.0,0.0,1,0.0,0,True,1746968431.541274,left,False
134,1746968436.5561547,15.0284,0.322954,-0.18808,0.357616,-0.018503,1941.46,1,1.724,2955.53,2.89722,49.9963,1,1,1.0,0.0,0.0,1,0.0,0,True,1746968431.541274,left,False
135,1746968436.5770266,15.262,0.324039,-0.190826,0.35784,-0.0187634,1997.78,1,1.744,2955.61,2.98145,49.9962,1,1,1.0,0.0,0.0,1,0.0,0,True,1746968431.541274,left,False
136,1746968436.5965598,15.5112,0.327947,-0.187392,0.358068,-0.0190399,2028.9,1,1.764,2955.7,3.06689,49.9962,1,1,1.0,0.0,0.0,1,0.0,0,True,1746968431.541274,left,False
137,1746968436.6150146,15.7662,0.333213,-0.185571,0.358302,-0.0193399,2083.73,1,1.784,2955.79,3.15381,49.9961,1,1,1.0,0.0,0.0,1,0.0,0,True,1746968431.541274,left,False
138,1746968436.6353729,16.0345,0.331637,-0.18539,0.35854,-0.019645,2127.41,1,1.804,2955.87,3.24219,49.996,1,1,1.0,0.0,0.0,1,0.0,0,True,1746968431.541274,left,False
139,1746968436.6557655,16.3136,0.331327,-0.181361,0.358781,-0.019944,2142.52,1,1.824,2955.96,3.33228,49.9959,1,1,1.0,0.0,0.0,1,0.0,0,True,1746968431.541274,left,False
140,1746968436.6768188,16.5841,0.334056,-0.183739,0.359027,-0.0202339,2204.5,1,1.844,2956.06,3.42358,49.9959,1,1,1.0,0.0,0.0,1,0.0,0,True,1746968431.541274,left,False
141,1746968436.6956801,16.867,0.334978,-0.185173,0.359277,-0.02053,2213.96,1,1.864,2956.15,3.5166,49.9958,1,1,1.0,0.0,0.0,1,0.0,0,True,1746968431.541274,left,False
142,1746968436.7157214,17.1458,0.337108,-0.187139,0.359532,-0.0208176,2242.42,1,1.884,2956.24,3.61108,49.9957,1,1,1.0,0.0,0.0,1,0.0,0,True,1746968431.541274,left,False
143,1746968436.7350018,17.4296,0.33924,-0.188365,0.359791,-0.021107,2252.47,1,1.904,2956.34,3.70703,49.9956,1,1,1.0,0.0,0.0,1,0.0,0,True,1746968431.541274,left,False
144,1746968436.7550032,17.7107,0.339848,-0.186446,0.360055,-0.0213979,2272.71,1,1.924,2956.44,3.80469,49.9956,1,1,1.0,0.0,0.0,1,0.0,0,True,1746968431.541274,left,False
145,1746968436.7745304,17.9923,0.343049,-0.192131,0.360324,-0.0216873,2294.3,1,1.944,2956.54,3.90381,49.9955,1,1,1.0,0.0,0.0,1,0.0,0,True,1746968431.541274,left,False
146,1746968436.794295,18.273,0.344302,-0.191153,0.360598,-0.0219772,2331.54,1,1.964,2956.64,4.00439,49.9954,1,1,1.0,0.0,0.0,1,0.0,0,True,1746968431.541274,left,False
147,1746968436.816027,18.5611,0.346878,-0.194537,0.360877,-0.0222738,2361.75,1,1.984,2956.74,4.10669,49.9953,1,1,1.0,0.0,0.0,1,0.0,0,True,1746968431.541274,left,False
148,1746968436.8383205,18.8831,0.349341,-0.200289,0.36119,-0.0226105,2430.66,1,2.006,2956.85,4.22119,49.9952,1,1,1.0,0.0,0.0,1,0.0,0,True,1746968431.541274,left,False
149,1746968436.8586354,19.2281,0.351583,-0.204878,0.361509,-0.0229414,2456.45,1,2.028,2956.97,4.33765,49.9952,1,1,1.0,0.0,0.0,1,0.0,0,True,1746968431.541274,left,False
150,1746968436.8801246,19.556,0.355206,-0.210245,0.361836,-0.0232642,2487.4,1,2.05,2957.09,4.4563,49.9951,1,1,1.0,0.0,0.0,1,0.0,0,True,1746968431.541274,left,False
151,1746968436.903345,19.8809,0.358782,-0.216209,0.362169,-0.0236014,2540.11,1,2.072,2957.21,4.57666,49.995,1,1,1.0,0.0,0.0,1,0.0,0,True,1746968431.541274,left,False
152,1746968436.9270968,20.229,0.362715,-0.22308,0.36251,-0.0239471,2586.45,1,2.094,2957.33,4.69922,49.9949,1,1,1.0,0.0,0.0,1,0.0,0,True,1746968431.541274,left,False
153,1746968436.9474661,20.5778,0.368377,-0.23119,0.36286,-0.0242961,2641.48,1,2.116,2957.46,4.82397,49.9948,1,1,1.0,0.0,0.0,1,0.0,0,True,1746968431.541274,left,False
154,1746968436.9710808,20.9081,0.201791,-0.231849,0.363184,-0.0241182,2700.69,1,2.138,2957.58,4.95068,49.9947,1,1,1.0,0.0,-0.1,1,0.0,0,True,1746968431.541274,left,False
155,1746968436.9918132,21.2447,0.0392667,-0.22098,0.363431,-0.0228317,2768.38,1,2.16,2957.71,5.07959,49.9946,1,1,1.0,0.0,-0.1,1,0.0,0,True,1746968431.541274,left,False
156,1746968437.0171573,21.5917,-0.0640276,-0.200787,0.363614,-0.0208557,2843.61,1,2.182,2957.84,5.21045,49.9944,1,1,1.0,0.0,-0.1,1,0.0,0,True,1746968431.541274,left,False
157,1746968437.036999,21.9601,-0.131782,-0.163378,0.363748,-0.0184854,2834.78,1,2.204,2957.98,5.34375,49.9943,1,1,1.0,0.0,-0.1,1,0.0,0,True,1746968431.541274,left,False
158,1746968437.0597327,22.3208,-0.17415,-0.135834,0.36384,-0.0158656,2892.89,1,2.226,2958.11,5.47925,49.9942,1,1,1.0,0.0,-0.1,1,0.0,0,True,1746968431.541274,left,False
159,1746968437.0785167,22.6925,-0.199693,-0.0997641,0.363897,-0.0131009,2921.22,1,2.248,2958.25,5.61694,49.9941,1,1,1.0,0.0,-0.1,1,0.0,0,True,1746968431.541274,left,False
160,1746968437.1021059,23.0618,-0.211756,-0.0696187,0.363923,-0.0102394,2997.02,1,2.27,2958.39,5.75684,49.9939,1,1,1.0,0.0,-0.1,1,0.0,0,True,1746968431.541274,left,False
161,1746968437.1280699,23.44,-0.2192,-0.0359389,0.363919,-0.00732071,3061.8,1,2.292,2958.53,5.89893,49.9938,1,1,1.0,0.0,-0.1,1,0.0,0,True,1746968431.541274,left,False
162,1746968437.1445951,23.8261,-0.22223,0.000887719,0.363887,-0.00436193,3118,1,2.314,2958.68,6.04346,49.9937,1,1,1.0,0.0,-0.1,1,0.0,0,True,1746968431.541274,left,False
163,1746968437.1691573,24.2155,-0.220145,0.0307124,0.363826,-0.00137407,3187.89,1,2.336,2958.82,6.19043,49.9935,1,1,1.0,0.0,-0.1,1,0.0,0,True,1746968431.541274,left,False
164,1746968437.1883965,24.6117,-0.216008,0.0599086,0.363738,0.00162762,3257.81,1,2.358,2958.97,6.3396,49.9934,1,1,1.0,0.0,-0.1,1,0.0,0,True,1746968431.541274,left,False
165,1746968437.2130911,25.0128,-0.210607,0.085153,0.36362,0.00464266,3333.73,1,2.38,2959.12,6.49146,49.9932,1,1,1.0,0.0,-0.1,1,0.0,0,True,1746968431.541274,left,False
166,1746968437.2350504,25.4218,-0.203706,0.11106,0.363474,0.00765484,3402.05,1,2.402,2959.28,6.64551,49.993,1,1,1.0,0.0,-0.1,1,0.0,0,True,1746968431.541274,left,False
167,1746968437.257382,25.836,-0.194434,0.127646,0.363299,0.0106761,3488.45,1,2.424,2959.43,6.80225,49.9929,1,1,1.0,0.0,-0.1,1,0.0,0,True,1746968431.541274,left,False
168,1746968437.2777503,26.2531,-0.185306,0.149139,0.363093,0.0136864,3594.78,1,2.446,2959.59,6.96143,49.9927,1,1,1.0,0.0,-0.1,1,0.0,0,True,1746968431.541274,left,False
169,1746968437.3014884,26.6833,-0.175623,0.18272,0.362857,0.0166718,3677.09,1,2.468,2959.75,7.12329,49.9925,1,1,1.0,0.0,-0.1,1,0.0,0,True,1746968431.541274,left,False
170,1746968437.3207653,27.1151,-0.162639,0.206189,0.362591,0.0196301,3787.2,1,2.49,2959.92,7.28784,49.9923,1,1,1.0,0.0,-0.1,1,0.0,0,True,1746968431.541274,left,False
171,1746968437.344579,27.5584,-0.149646,0.225336,0.362294,0.0225646,3898.78,1,2.512,2960.09,7.45483,49.9921,1,1,1.0,0.0,-0.1,1,0.0,0,True,1746968431.541274,left,False
172,1746968437.3668327,28.0045,-0.135637,0.246147,0.361965,0.0254771,4018.13,1,2.534,2960.26,7.62476,49.9919,1,1,1.0,0.0,-0.1,1,0.0,0,True,1746968431.541274,left,False
173,1746968437.3868482,28.4544,-0.117324,0.251582,0.361606,0.0283691,4171.93,1,2.556,2960.43,7.79736,49.9917,1,1,1.0,0.0,-0.1,1,0.0,0,True,1746968431.541274,left,False
174,1746968437.4113414,28.9144,-0.099941,0.261362,0.361215,0.0312406,4336.05,1,2.578,2960.6,7.97266,49.9914,1,1,1.0,0.0,0.0,1,0.0,0,True,1746968431.541274,right,False
175,1746968437.431545,29.3896,0.0524765,0.277421,0.360818,0.0336415,4525.99,1,2.6,2960.78,8.15063,49.9912,1,1,1.0,0.0,0.0,1,0.0,0,True,1746968431.541274,right,False
176,1746968437.4522703,29.8626,0.205076,0.277479,0.36046,0.0350029,4786.04,1,2.622,2960.96,8.33179,49.9909,1,1,1.0,0.0,0.0,1,0.0,0,True,1746968431.541274,right,False
177,1746968437.4772081,30.3431,0.322487,0.26994,0.360137,0.0356075,5029.91,1,2.644,2961.15,8.51587,49.9906,1,1,1.0,0.0,0.0,1,0.0,0,True,1746968431.541274,right,False
178,1746968437.4971313,30.8267,0.416595,0.257452,0.359845,0.0356385,5236.07,1,2.666,2961.33,8.70313,49.9903,1,1,1.0,0.0,0.0,1,0.0,0,True,1746968431.541274,right,False
179,1746968437.5195348,31.3134,0.493852,0.239213,0.359582,0.0352136,5422.32,1,2.688,2961.52,8.89307,49.9899,1,1,1.0,0.0,0.0,1,0.0,0,True,1746968431.541274,right,False
180,1746968437.540931,31.7974,0.55998,0.212155,0.35935,0.0344097,5602.09,1,2.71,2961.72,9.08594,49.9896,1,1,1.0,0.0,0.0,1,0.0,0,True,1746968431.541274,right,False
181,1746968437.563591,32.2961,0.615521,0.1928,0.359147,0.0332758,5694.73,1,2.732,2961.91,9.28198,49.9893,1,1,1.0,0.0,0.0,1,0.0,0,True,1746968431.541274,right,False
182,1746968437.5859234,32.7903,0.663942,0.158155,0.358976,0.0318491,5810.08,1,2.754,2962.11,9.48096,49.9889,1,1,1.0,0.0,0.0,1,0.0,0,True,1746968431.541274,right,False
183,1746968437.607428,33.2821,0.705302,0.124311,0.358837,0.0301792,5893.2,1,2.776,2962.31,9.68311,49.9886,1,1,1.0,0.0,0.0,1,0.0,0,True,1746968431.541274,right,False
184,1746968437.6299512,33.786,0.73849,0.0947992,0.358731,0.0283071,5901.05,1,2.798,2962.52,9.88818,49.9883,1,1,1.0,0.0,0.0,1,0.0,0,True,1746968431.541274,right,False
185,1746968437.6527152,34.2931,0.763506,0.0617718,0.358657,0.026293,5899.06,1,2.82,2962.73,10.0962,49.9879,1,1,1.0,0.0,0.0,1,0.0,0,True,1746968431.541274,right,False
186,1746968437.6737611,34.7876,0.781774,0.0328316,0.358616,0.0241734,5939.53,1,2.842,2962.94,10.3076,49.9876,1,1,1.0,0.0,0.0,1,0.0,0,True,1746968431.541274,right,False
187,1746968437.6944478,35.289,0.793232,-0.000146404,0.358606,0.022,5945.42,1,2.864,2963.15,10.5217,49.9872,1,2,1.0,0.0,0.0,1,0.0,0,True,1746968431.541274,right,False
188,1746968437.7224557,35.7954,0.800155,-0.0260049,0.358628,0.0197784,5939.01,1,2.886,2963.37,10.7393,49.9869,1,2,1.0,0.0,0.0,1,0.0,0,True,1746968431.541274,right,False
189,1746968437.7376013,36.3067,0.802109,-0.0483546,0.358678,0.0175487,5914.13,1,2.908,2963.59,10.9597,49.9866,1,2,1.0,0.0,0.0,1,0.0,0,True,1746968431.541274,right,False
190,1746968437.7609525,36.8118,0.799382,-0.0696784,0.358758,0.0153558,5921.67,1,2.93,2963.81,11.1833,49.9862,1,2,1.0,0.0,0.0,1,0.0,0,True,1746968431.541274,right,False
191,1746968437.7823598,37.3214,0.796825,-0.0873113,0.358866,0.0131766,5917.65,1,2.952,2964.04,11.4102,49.9859,1,2,1.0,0.0,0.0,1,0.0,0,True,1746968431.541274,left,False
192,1746968437.8075643,37.8255,0.794177,-0.107308,0.359003,0.0110356,5926.43,1,2.974,2964.27,11.6399,49.9856,1,2,1.0,0.0,0.0,1,0.0,0,True,1746968431.541274,left,False
193,1746968437.828014,38.3362,0.790106,-0.121808,0.35917,0.00893277,5919.08,1,2.996,2964.5,11.8728,49.9852,1,2,1.0,0.0,0.0,1,0.0,0,True,1746968431.541274,left,False
194,1746968437.8499587,38.8402,0.785775,-0.138088,0.359365,0.00687998,5935.22,1,3.018,2964.74,12.1086,49.9849,1,2,1.0,0.0,0.0,1,0.0,0,True,1746968431.541274,left,False
195,1746968437.872889,39.3426,0.78157,-0.151447,0.359589,0.00487631,5943.98,1,3.04,2964.98,12.3477,49.9846,1,2,1.0,0.0,0.0,1,0.0,0,True,1746968431.541274,left,False
196,1746968437.8921354,39.8412,0.778109,-0.170688,0.359842,0.00292605,5970.53,1,3.062,2965.22,12.5898,49.9842,1,2,1.0,0.0,0.0,1,0.0,0,True,1746968431.541274,left,False
197,1746968437.9141057,40.3394,0.775805,-0.195682,0.360125,0.00102108,5984.9,1,3.084,2965.47,12.835,49.9839,1,2,1.0,0.0,0.0,1,0.0,0,True,1746968431.541274,left,False
198,1746968437.9372003,40.8289,0.773284,-0.207629,0.360438,-0.000840966,6020.69,1,3.106,2965.71,13.0833,49.9836,1,2,1.0,0.0,0.0,1,0.0,0,True,1746968431.541274,left,False
199,1746968437.9613278,41.3197,0.771446,-0.229821,0.360781,-0.00266534,6051.79,1,3.128,2965.97,13.3342,49.9832,1,2,1.0,0.0,0.0,1,0.0,0,True,1746968431.541274,left,False
200,1746968437.9826396,41.8035,0.770185,-0.249552,0.361154,-0.0044573,6080.94,1,3.15,2966.22,13.5884,49.9829,1,2,1.0,0.0,0.0,1,0.0,0,True,1746968431.541274,left,False
201,1746968438.0058403,42.2849,0.769371,-0.269704,0.361558,-0.00621731,6112.4,1,3.172,2966.48,13.8452,49.9825,1,2,1.0,0.0,0.0,1,0.0,0,True,1746968431.541274,left,False
202,1746968438.0259318,42.7635,0.768459,-0.296029,0.361993,-0.00795156,6141.9,1,3.194,2966.74,14.1052,49.9822,1,2,1.0,0.0,0.0,1,0.0,0,True,1746968431.541274,left,False
203,1746968438.0496469,43.2368,0.768129,-0.313083,0.362459,-0.00966102,6168.95,1,3.216,2967,14.3682,49.9819,1,2,1.0,0.0,0.0,1,0.0,0,True,1746968431.541274,left,False
204,1746968438.071942,43.7084,0.76744,-0.332054,0.362957,-0.0113447,6198.26,1,3.238,2967.27,14.6338,49.9815,1,2,1.0,0.0,0.0,1,0.0,0,True,1746968431.541274,left,False
205,1746968438.0906656,44.1721,0.766967,-0.347887,0.363486,-0.0130013,6241.49,1,3.26,2967.53,14.9023,49.9812,1,2,1.0,0.0,0.0,1,0.0,0,True,1746968431.541274,left,False
206,1746968438.1139553,44.6336,0.766785,-0.374092,0.364047,-0.0146378,6283.26,1,3.282,2967.81,15.1738,49.9809,1,2,1.0,0.0,0.0,1,0.0,0,True,1746968431.541274,left,False
207,1746968438.1343102,45.0904,0.766677,-0.39787,0.364641,-0.0162419,6320.37,1,3.304,2968.08,15.448,49.9805,1,2,1.0,0.0,0.0,1,0.0,0,True,1746968431.541274,left,False
208,1746968438.1575756,45.547,0.767318,-0.423454,0.365267,-0.0178292,6345.59,1,3.326,2968.36,15.7249,49.9802,1,2,1.0,0.0,0.0,1,0.0,0,True,1746968431.541274,left,False
209,1746968438.181347,46.0031,0.766603,-0.443215,0.365925,-0.0193918,6373.9,1,3.348,2968.64,16.0046,49.9799,1,2,1.0,0.0,0.0,1,0.0,0,True,1746968431.541274,left,False
210,1746968438.203321,46.4568,0.765878,-0.46105,0.366616,-0.0209296,6398.99,1,3.37,2968.92,16.2874,49.9795,1,2,1.0,0.0,0.0,1,0.0,0,True,1746968431.541274,left,False
211,1746968438.2242644,46.9064,0.765956,-0.486718,0.367339,-0.0224393,6435.13,1,3.392,2969.2,16.5725,49.9792,1,2,1.0,0.0,0.0,1,0.0,0,True,1746968431.541274,left,False
212,1746968438.2466486,47.3505,0.765859,-0.506561,0.368095,-0.0239132,6476.64,1,3.414,2969.49,16.8604,49.9789,1,2,1.0,0.0,0.0,1,0.0,0,True,1746968431.541274,left,False
213,1746968438.2693293,47.7955,0.765692,-0.52878,0.368883,-0.0253642,6510.79,1,3.436,2969.78,17.1511,49.9785,1,2,1.0,0.0,0.0,1,0.0,0,True,1746968431.541274,left,False
214,1746968438.2907913,48.2351,0.766058,-0.547005,0.369704,-0.0267823,6548.08,1,3.458,2970.08,17.4443,49.9782,1,2,1.0,0.0,0.0,1,0.0,0,True,1746968431.541274,left,False
215,1746968438.3140738,48.673,0.766974,-0.572763,0.370557,-0.0281742,6583.33,1,3.48,2970.37,17.7405,49.9778,1,2,1.0,0.0,0.0,1,0.0,0,True,1746968431.541274,left,False
216,1746968438.3360884,49.1088,0.767859,-0.590818,0.371444,-0.0295385,6619.62,1,3.502,2970.67,18.0391,49.9775,1,2,1.0,0.0,0.0,1,0.0,0,True,1746968431.541274,left,False
217,1746968438.3544362,49.5418,0.768757,-0.615934,0.372362,-0.030875,6654.73,1,3.524,2970.97,18.3403,49.9772,1,2,1.0,0.0,0.0,1,0.0,0,True,1746968431.541274,left,False
218,1746968438.3775609,49.9716,0.769539,-0.630997,0.373314,-0.0321854,6687.03,1,3.546,2971.28,18.6443,49.9768,1,2,1.0,0.0,0.0,1,0.0,0,True,1746968431.541274,left,False
219,1746968438.4005713,50.3996,0.770645,-0.648975,0.374298,-0.0334733,6714.72,1,3.568,2971.58,18.9507,49.9765,1,2,1.0,0.0,0.0,1,0.0,0,True,1746968431.541274,left,False
220,1746968438.421267,50.8189,0.772783,-0.67463,0.375315,-0.0347369,6767.64,1,3.59,2971.89,19.2598,49.9762,1,2,1.0,0.0,0.0,1,0.0,0,True,1746968431.541274,left,False
221,1746968438.4438586,51.2389,0.774769,-0.69812,0.376364,-0.0359762,6814.66,1,3.612,2972.2,19.5713,49.9758,1,2,1.0,0.0,0.0,1,0.0,0,True,1746968431.541274,left,False
222,1746968438.4662464,51.6358,0.772585,-0.713913,0.377444,-0.0371864,6803.76,1,3.634,2972.52,19.8853,49.9755,1,2,1.0,0.0,0.0,1,0.0,0,True,1746968431.541274,left,False
223,1746968438.4868317,52.0188,0.772206,-0.736719,0.378555,-0.0383495,6742.96,1,3.656,2972.83,20.2019,49.9753,1,2,1.0,0.0,-0.1,1,0.0,0,True,1746968431.541274,left,False
224,1746968438.5136666,52.3468,0.60649,-0.751537,0.379661,-0.038883,6744.49,1,3.678,2973.15,20.5205,49.975,1,2,1.0,0.0,-0.1,1,0.0,0,True,1746968431.541274,left,False
225,1746968438.5352054,52.6656,0.453759,-0.753403,0.380697,-0.0379017,6832.57,1,3.7,2973.47,20.8411,49.9747,1,2,1.0,0.0,-0.1,1,0.0,0,True,1746968431.541274,left,False
226,1746968438.555425,52.9835,0.360613,-0.734087,0.381654,-0.0355642,6737.59,1,3.722,2973.8,21.1636,49.9745,1,2,1.0,0.0,-0.1,1,0.0,0,True,1746968431.541274,left,False
227,1746968438.5756676,53.293,0.310253,-0.690473,0.382526,-0.0320824,6755.85,1,3.744,2974.12,21.4883,49.9742,1,2,1.0,0.0,-0.1,1,0.0,0,True,1746968431.541274,left,False
228,1746968438.5964522,53.5913,0.303642,-0.649304,0.383306,-0.0276716,6611.18,1,3.766,2974.45,21.8147,49.974,1,2,1.0,0.0,-0.1,1,0.0,0,True,1746968431.541274,left,False
229,1746968438.6190448,53.8859,0.320651,-0.586884,0.383988,-0.0225447,6870.88,1,3.788,2974.77,22.1431,49.9737,1,2,1.0,0.0,-0.1,1,0.0,0,True,1746968431.541274,left,False
230,1746968438.6426516,54.1484,0.355282,-0.518447,0.384567,-0.0168765,6577.29,1,3.81,2975.1,22.4731,49.9735,1,2,1.0,0.0,-0.1,1,0.0,0,True,1746968431.541274,left,False
231,1746968438.6624646,54.3852,0.392877,-0.430196,0.385031,-0.0107597,6818.98,1,3.832,2975.44,22.8047,49.9733,1,2,1.0,0.0,-0.1,1,0.0,0,True,1746968431.541274,left,False
232,1746968438.6860256,54.5787,0.438514,-0.342537,0.385376,-0.00432235,6588.49,1,3.854,2975.77,23.1377,49.9731,1,2,1.0,0.0,-0.1,1,0.0,0,True,1746968431.541274,left,False
233,1746968438.7067049,54.7705,0.480518,-0.241063,0.385593,0.00236767,6850.24,1,3.876,2976.1,23.4719,49.973,1,2,1.0,0.0,-0.1,1,0.0,0,True,1746968431.541274,left,False
234,1746968438.7300167,54.9581,0.524632,-0.136927,0.385677,0.00924176,6620.47,1,3.898,2976.44,23.8071,49.9728,1,2,1.0,0.0,-0.1,1,0.0,0,True,1746968431.541274,left,False
235,1746968438.7534227,55.1397,0.56855,-0.0326199,0.385622,0.0162312,6898.75,1,3.92,2976.78,24.1436,49.9726,1,2,1.0,0.0,-0.1,1,0.0,0,True,1746968431.541274,left,False
236,1746968438.7733812,55.3191,0.60893,0.0765406,0.385425,0.0232884,6678.83,1,3.942,2977.11,24.4812,49.9725,1,2,1.0,0.0,-0.1,1,0.0,0,True,1746968431.541274,left,False
237,1746968438.7957873,55.4988,0.641387,0.190493,0.385082,0.030379,6939.64,1,3.964,2977.45,24.8198,49.9723,1,2,1.0,0.0,-0.1,1,0.0,0,True,1746968431.541274,left,False
238,1746968438.817408,55.6744,0.670073,0.306548,0.384524,0.0374923,6716.96,1,3.986,0.192688,25.1575,49.9721,1,2,1.0,0.0,-0.1,1,0.0,0,True,1746968431.541274,left,False
239,1746968438.8419514,55.8449,0.698283,0.416578,0.383878,0.0445979,6989.96,1,4.008,0.533386,25.4982,49.972,1,2,1.0,0.0,-0.1,2,0.0,0,False,1746968438.829094,left,False
240,1746968438.8637848,55.8725,0.717844,0.529822,0.383078,0.0516696,3791.88,2,4.03,0.874451,25.8392,49.972,1,2,1.0,0.0,-0.1,2,0.0,0,False,1746968438.829094,left,False
241,1746968438.8834584,55.832,0.734475,0.644954,0.382125,0.0587447,3795.55,2,4.052,1.21552,26.1803,49.972,1,2,1.0,0.0,-0.1,2,0.0,0,False,1746968438.829094,left,False
242,1746968438.9089236,55.7895,0.745547,0.764279,0.381019,0.0658524,3799.21,2,4.074,1.55615,26.5209,49.972,1,2,1.0,0.0,-0.1,2,0.0,0,False,1746968438.829094,left,False
243,1746968438.92898,55.7453,0.762325,0.873739,0.379757,0.0730246,3802.86,2,4.096,1.89655,26.8613,49.972,1,2,1.0,0.0,-0.1,2,0.0,0,False,1746968438.829094,left,False
244,1746968438.9489222,55.6993,0.775053,0.991713,0.378339,0.0802854,3806.51,2,4.118,2.23633,27.2011,49.972,1,2,1.0,0.0,-0.1,2,0.0,0,False,1746968438.829094,left,False
245,1746968438.972108,55.6517,0.794495,1.09873,0.376763,0.0876379,3810.16,2,4.14,2.57581,27.5406,49.972,1,2,1.0,0.0,-0.1,2,0.0,0,False,1746968438.829094,left,False
246,1746968438.9927506,55.6021,0.811578,1.20783,0.37503,0.0950866,3813.79,2,4.162,2.91486,27.8796,49.972,1,2,1.0,0.0,-0.1,2,0.0,0,False,1746968438.829094,left,False
247,1746968439.0154903,55.5509,0.831683,1.31216,0.373136,0.102637,3817.42,2,4.184,3.25323,28.218,49.972,1,2,1.0,0.0,-0.1,2,0.0,0,False,1746968438.829094,left,False
248,1746968439.0362558,55.4981,0.853719,1.41907,0.371083,0.110265,3821.05,2,4.206,3.59113,28.5559,49.972,1,2,1.0,0.0,-0.1,2,0.0,0,False,1746968438.829094,left,False
249,1746968439.0584416,55.4432,0.873726,1.52336,0.368868,0.117955,3824.67,2,4.228,3.92853,28.8933,49.972,1,2,1.0,0.0,-0.1,2,0.0,0,False,1746968438.829094,left,False
250,1746968439.0814023,55.3866,0.889891,1.63183,0.366489,0.125713,3828.28,2,4.25,4.26532,29.2301,49.972,1,2,1.0,0.0,-0.1,2,0.0,0,False,1746968438.829094,left,False
251,1746968439.1041193,55.3284,0.90686,1.73856,0.363946,0.133513,3831.89,2,4.272,4.6015,29.5663,49.972,1,2,1.0,0.0,-0.1,2,0.0,0,False,1746968438.829094,left,False
252,1746968439.1275446,55.2685,0.919039,1.84631,0.361237,0.141322,3835.49,2,4.294,4.93701,29.9018,49.972,1,2,1.0,0.0,-0.1,2,0.0,0,False,1746968438.829094,left,False
253,1746968439.1500506,55.2084,0.932993,1.94728,0.358362,0.149144,3672.55,2,4.316,5.27185,30.2366,49.972,1,2,1.0,0.0,-0.1,2,0.0,0,False,1746968438.829094,left,False
254,1746968439.168959,55.3418,0.946625,2.04664,0.355316,0.156977,3865.71,2,4.338,5.60645,30.5712,49.9717,1,2,1.0,0.0,-0.1,2,0.0,0,False,1746968438.829094,left,False
255,1746968439.1936169,55.5411,0.955829,2.15636,0.352088,0.164742,3886.15,2,4.36,5.94189,30.9067,49.9715,1,2,1.0,0.0,-0.1,2,0.0,0,False,1746968438.829094,left,False
256,1746968439.2153425,55.7389,0.95908,2.26655,0.348677,0.172371,3911.78,2,4.382,6.27814,31.2429,49.9713,1,2,1.0,0.0,-0.1,2,0.0,0,False,1746968438.829094,left,False
257,1746968439.2372913,55.9377,0.956507,2.37781,0.345083,0.179801,3932.44,2,4.404,6.61517,31.58,49.9711,1,2,1.0,0.0,-0.1,2,0.0,0,False,1746968438.829094,left,False
258,1746968439.2562995,56.1364,0.946782,2.48809,0.341307,0.187013,3955.23,2,4.426,6.95306,31.9178,49.9709,1,2,1.0,0.0,-0.1,2,0.0,0,False,1746968438.829094,left,False
259,1746968439.2787988,56.3363,0.930988,2.59767,0.33735,0.194003,3975.08,2,4.448,7.29169,32.2565,49.9707,1,2,1.0,0.0,-0.1,2,0.0,0,False,1746968438.829094,left,False
260,1746968439.3016045,56.5346,0.909233,2.71979,0.333214,0.200789,3998.65,2,4.47,7.63104,32.5958,49.9705,1,2,1.0,0.0,-0.1,2,0.0,0,False,1746968438.829094,left,False
261,1746968439.3239756,56.7331,0.887471,2.83649,0.328901,0.207371,4019.52,2,4.492,7.97113,32.9359,49.9703,1,2,1.0,0.0,-0.1,2,0.0,0,False,1746968438.829094,left,False
262,1746968439.3461678,56.934,0.863558,2.95294,0.324415,0.213776,4037.35,2,4.514,8.31195,33.2767,49.9701,1,2,1.0,0.0,-0.1,2,0.0,0,False,1746968438.829094,left,False
263,1746968439.3704402,57.1358,0.839992,3.07438,0.319759,0.220029,4049.13,2,4.536,8.6535,33.6183,49.9699,1,2,1.0,0.0,-0.1,2,0.0,0,False,1746968438.829094,left,False
264,1746968439.3914912,57.3342,0.819526,3.1819,0.314934,0.226171,4074.47,2,4.558,8.99579,33.9606,49.9697,1,2,1.0,0.0,-0.1,2,0.0,0,False,1746968438.829094,left,False
265,1746968439.413516,57.5378,0.799606,3.30053,0.309943,0.232239,4080.88,2,4.58,9.33881,34.3036,49.9694,1,2,1.0,0.0,-0.1,2,0.0,0,False,1746968438.829094,left,False
266,1746968439.4357538,57.7373,0.783945,3.41119,0.304788,0.238273,4100.7,2,4.602,9.6825,34.6473,49.9692,1,2,1.0,0.0,-0.1,2,0.0,0,False,1746968438.829094,left,False
267,1746968439.4542174,57.9415,0.768762,3.52745,0.299469,0.2443,4102.41,2,4.624,10.0269,34.9917,49.969,1,2,1.0,0.0,-0.1,2,0.0,0,False,1746968438.829094,left,False
268,1746968439.479727,58.1389,0.761969,3.64366,0.293987,0.250368,4121.2,2,4.646,10.372,35.3368,49.9688,1,2,1.0,0.0,-0.1,2,0.0,0,False,1746968438.829094,left,False
269,1746968439.502294,58.3392,0.756357,3.75769,0.288343,0.256484,4131.73,2,4.668,10.7178,35.6826,49.9685,1,2,1.0,0.0,0.0,2,0.0,0,False,1746968438.829094,right,False
270,1746968439.5242329,58.5623,0.972498,3.86313,0.282578,0.261922,4116.96,2,4.69,11.0645,36.0293,49.9683,1,2,1.0,0.0,0.0,2,0.0,0,False,1746968438.829094,right,False
271,1746968439.5432172,58.7738,1.13456,3.95125,0.276768,0.265557,4141.32,2,4.712,11.4124,36.3772,49.968,1,2,1.0,0.0,0.0,2,0.0,0,False,1746968438.829094,right,False
272,1746968439.567952,58.9897,1.20179,4.03027,0.270907,0.267831,4154.75,2,4.734,11.7615,36.7263,49.9678,1,2,1.0,0.0,0.0,2,0.0,0,False,1746968438.829094,right,False
273,1746968439.5870988,59.2051,1.21292,4.08772,0.264995,0.269121,4177.09,2,4.756,12.1116,37.0764,49.9675,1,2,1.0,0.0,0.0,2,0.0,0,False,1746968438.829094,right,False
274,1746968439.6097436,59.423,1.19319,4.13351,0.259035,0.269699,4195.79,2,4.778,12.4631,37.4279,49.9673,1,2,1.0,0.0,0.0,2,0.0,0,False,1746968438.829094,right,False
275,1746968439.6353357,59.6421,1.15792,4.15912,0.253031,0.269779,4213.85,2,4.8,12.8157,37.7805,49.967,1,2,1.0,0.0,0.0,2,0.0,0,False,1746968438.829094,right,False
276,1746968439.6526325,59.8646,1.11473,4.17769,0.24699,0.269514,4227.31,2,4.822,13.1696,38.1344,49.9668,1,2,1.0,0.0,0.0,2,0.0,0,False,1746968438.829094,right,False
277,1746968439.675219,60.0852,1.07336,4.18195,0.240917,0.269021,4248.09,2,4.844,13.5247,38.4895,49.9665,1,2,1.0,0.0,0.0,2,0.0,0,False,1746968438.829094,right,False
278,1746968439.696501,60.3097,1.03232,4.18331,0.234816,0.268382,4262.07,2,4.866,13.8812,38.8459,49.9662,1,2,1.0,0.0,0.0,2,0.0,0,False,1746968438.829094,right,False
279,1746968439.7206614,60.5354,0.996155,4.17651,0.228693,0.267656,4273.78,2,4.888,14.2389,39.2037,49.966,1,2,1.0,0.0,0.0,2,0.0,0,False,1746968438.829094,right,False
280,1746968439.7428162,60.7614,0.964912,4.17109,0.22255,0.266888,4286.81,2,4.91,14.598,39.5627,49.9657,1,2,1.0,0.0,0.0,2,0.0,0,False,1746968438.829094,right,False
281,1746968439.763367,60.9857,0.939039,4.16179,0.21639,0.266105,4306.37,2,4.932,14.9584,39.9232,49.9655,1,2,1.0,0.0,0.0,2,0.0,0,False,1746968438.829094,right,False
282,1746968439.78497,61.2131,0.918002,4.15001,0.210216,0.265327,4318.93,2,4.954,15.3203,40.285,49.9652,1,2,1.0,0.0,0.0,2,0.0,0,False,1746968438.829094,right,False
283,1746968439.8093429,61.4422,0.901299,4.13884,0.204028,0.264569,4331.13,2,4.976,15.6835,40.6483,49.965,1,2,1.0,0.0,0.0,2,0.0,0,False,1746968438.829094,right,False
284,1746968439.8304012,61.67,0.889183,4.1261,0.197829,0.26383,4347.9,2,4.998,16.048,41.0128,49.9647,1,2,1.0,0.0,0.0,2,0.0,0,False,1746968438.829094,right,False
285,1746968439.8530726,61.9009,0.87911,4.12743,0.191619,0.263122,4358.54,2,5.02,16.4141,41.3788,49.9645,1,2,1.0,0.0,0.0,2,0.0,0,False,1746968438.829094,right,False
286,1746968439.8740904,62.1305,0.872702,4.11743,0.185399,0.26244,4373.24,2,5.042,16.7814,41.7462,49.9642,1,2,1.0,0.0,0.0,2,0.0,0,False,1746968438.829094,right,False
287,1746968439.8955047,62.3586,0.870052,4.11775,0.179169,0.261784,4396.1,2,5.064,17.1503,42.1151,49.964,1,2,1.0,0.0,0.0,2,0.0,0,False,1746968438.829094,right,False
288,1746968439.920545,62.5904,0.86831,4.11316,0.17293,0.261146,4407.1,2,5.086,17.5204,42.4852,49.9637,1,2,1.0,0.0,0.0,2,0.0,0,False,1746968438.829094,right,False
289,1746968439.9391656,62.8206,0.868674,4.10999,0.166682,0.26052,4428.71,2,5.108,17.8922,42.8569,49.9635,1,2,1.0,0.0,0.0,2,0.0,0,False,1746968438.829094,right,False
290,1746968439.962694,63.0535,0.867954,4.1167,0.160425,0.259901,4443.34,2,5.13,18.2653,43.23,49.9632,1,2,1.0,0.0,0.1,2,0.0,0,False,1746968438.829094,right,False
291,1746968439.9857357,63.2719,1.07529,4.11212,0.154203,0.258525,4477.04,2,5.152,18.64,43.6047,49.963,1,2,1.0,0.0,0.1,2,0.0,0,False,1746968438.829094,right,False
292,1746968440.0109022,63.496,1.21572,4.09584,0.148092,0.255301,4497.73,2,5.174,19.0164,43.9811,49.9627,1,2,1.0,0.0,0.1,2,0.0,0,False,1746968438.829094,right,False
293,1746968440.0292993,63.7231,1.25308,4.05659,0.142087,0.250652,4533.74,2,5.196,19.3946,44.3594,49.9625,1,2,1.0,0.0,0.1,2,0.0,0,False,1746968438.829094,right,False
294,1746968440.053098,63.9545,1.2257,4.00359,0.136189,0.244966,4567.69,2,5.218,19.7747,44.7394,49.9622,1,2,1.0,0.0,0.1,2,0.0,0,False,1746968438.829094,right,False
295,1746968440.0718985,64.1917,1.16153,3.94518,0.130401,0.238528,4601.21,2,5.24,20.1566,45.1214,49.9619,1,2,1.0,0.0,0.1,2,0.0,0,False,1746968438.829094,right,False
296,1746968440.0934923,64.4295,1.07532,3.86788,0.124732,0.231566,4637.59,2,5.262,20.5404,45.5052,49.9616,1,2,1.0,0.0,0.1,2,0.0,0,False,1746968438.829094,right,False
297,1746968440.1151392,64.6699,0.98007,3.78203,0.119186,0.224245,4676.85,2,5.284,20.9261,45.8909,49.9613,1,2,1.0,0.0,0.1,2,0.0,0,False,1746968438.829094,right,False
298,1746968440.13777,64.9092,0.881108,3.6776,0.113772,0.216689,4724.92,2,5.306,21.3137,46.2785,49.961,1,2,1.0,0.0,0.1,2,0.0,0,False,1746968438.829094,right,False
299,1746968440.1602135,65.1556,0.787032,3.57567,0.108495,0.208988,4760.92,2,5.328,21.7032,46.668,49.9607,1,2,1.0,0.0,0.1,2,0.0,0,False,1746968438.829094,right,False
300,1746968440.181578,65.4009,0.69744,3.4596,0.103363,0.201201,4798.6,2,5.35,22.0947,47.0595,49.9604,1,2,1.0,0.0,0.1,2,0.0,0,False,1746968438.829094,right,False
301,1746968440.203146,65.6568,0.617353,3.34525,0.098381,0.193373,4805.78,2,5.372,22.4882,47.453,49.9601,1,2,1.0,0.0,0.1,2,0.0,0,False,1746968438.829094,right,False
302,1746968440.2266386,65.9107,0.544333,3.22934,0.0935548,0.185515,4824.35,2,5.394,22.8837,47.8485,49.9598,1,2,1.0,0.0,0.1,2,0.0,0,False,1746968438.829094,right,False
303,1746968440.2475405,66.1655,0.478726,3.10587,0.0888897,0.17763,4841.78,2,5.416,23.2813,48.246,49.9595,1,2,1.0,0.0,0.1,2,0.0,0,False,1746968438.829094,right,False
304,1746968440.272485,66.4247,0.419468,2.98013,0.0843908,0.169728,4846.96,2,5.438,23.6808,48.6456,49.9592,1,2,1.0,0.0,0.1,2,0.0,0,False,1746968438.829094,right,False
305,1746968440.2922041,66.6858,0.367707,2.86316,0.0800635,0.161795,4849.08,2,5.46,24.0824,49.0472,49.959,1,2,1.0,0.0,0.1,2,0.0,0,False,1746968438.829094,right,False
306,1746968440.3129601,66.9428,0.318242,2.7395,0.0759121,0.153827,4865.5,2,5.482,24.486,49.4508,49.9587,1,2,1.0,0.0,0.1,2,0.0,0,False,1746968438.829094,right,False
307,1746968440.3390393,67.2036,0.273571,2.61723,0.0719414,0.145818,4871.71,2,5.504,24.8917,49.8564,49.9584,1,2,1.0,0.0,0.1,2,0.0,0,False,1746968438.829094,right,False
308,1746968440.3574078,67.4641,0.232016,2.49614,0.0681553,0.137767,4883.13,2,5.526,25.2993,50.264,49.9581,1,2,1.0,0.0,0.0,2,0.0,0,False,1746968438.829094,left,False
309,1746968440.3784883,67.7387,0.0224806,2.37501,0.0645214,0.130293,4879.26,2,5.548,25.7089,50.6736,49.9578,1,2,1.0,0.0,0.0,2,0.0,0,False,1746968438.829094,left,False
310,1746968440.4045615,68.0197,-0.133431,2.26565,0.0609759,0.124397,4864.96,2,5.57,26.1204,51.0851,49.9575,1,2,1.0,0.0,0.0,2,0.0,0,False,1746968438.829094,left,False
311,1746968440.4267843,68.3,-0.195007,2.17292,0.0575195,0.11984,4845.01,2,5.592,26.5337,51.4985,49.9572,1,2,1.0,0.0,0.0,2,0.0,0,False,1746968438.829094,left,False
312,1746968440.4474394,68.5753,-0.187058,2.08864,0.0541525,0.116347,4850.11,2,5.614,26.9489,51.9137,49.9569,1,2,1.0,0.0,0.0,2,0.0,0,False,1746968438.829094,left,False
313,1746968440.4699006,68.8488,-0.130588,2.01931,0.0508731,0.113678,4858.68,2,5.636,27.3659,52.3307,49.9566,1,2,1.0,0.0,0.0,2,0.0,0,False,1746968438.829094,left,False
314,1746968440.4889703,69.1183,-0.0431013,1.95428,0.0476773,0.111648,4880.53,2,5.658,27.7848,52.7496,49.9563,1,2,1.0,0.0,0.0,2,0.0,0,False,1746968438.829094,left,False
315,1746968440.5125346,69.3898,0.0602764,1.90314,0.0445587,0.110101,4894.49,2,5.68,28.2055,53.1703,49.956,1,2,1.0,0.0,0.0,2,0.0,0,False,1746968438.829094,left,False
316,1746968440.5366178,69.66,0.170182,1.85739,0.0415103,0.108915,4916.5,2,5.702,28.628,53.5928,49.9557,1,2,1.0,0.0,0.0,2,0.0,0,False,1746968438.829094,left,False
317,1746968440.5585198,69.9318,0.279117,1.81856,0.0385244,0.10799,4930.04,2,5.724,29.0522,54.017,49.9554,1,2,1.0,0.0,0.0,2,0.0,0,False,1746968438.829094,left,False
318,1746968440.5787866,70.2008,0.382941,1.78824,0.0355935,0.107248,4951.3,2,5.746,29.4782,54.443,49.9551,1,2,1.0,0.0,0.0,2,0.0,0,False,1746968438.829094,left,False
319,1746968440.5988436,70.4696,0.478455,1.75888,0.0327105,0.106628,4974.31,2,5.768,29.9059,54.8707,49.9548,1,2,1.0,0.0,0.0,2,0.0,0,False,1746968438.829094,left,False
320,1746968440.6243885,70.7389,0.563693,1.74045,0.0298689,0.106081,4995.46,2,5.79,30.3354,55.3002,49.9545,1,2,1.0,0.0,0.0,2,0.0,0,False,1746968438.829094,left,False
321,1746968440.6472583,71.0069,0.638175,1.72225,0.0270631,0.105571,5019.66,2,5.812,30.7665,55.7313,49.9543,1,2,1.0,0.0,0.0,2,0.0,0,False,1746968438.829094,left,False
322,1746968440.7185843,71.2756,0.70184,1.70816,0.024288,0.10507,5040.65,2,5.834,31.1994,56.1642,49.954,1,2,1.0,0.0,0.0,2,0.0,0,False,1746968438.829094,left,False
323,1746968440.7216725,71.5434,0.754897,1.69668,0.0215394,0.104557,5064.35,2,5.856,31.6339,56.5987,49.9537,1,2,1.0,0.0,0.0,2,0.0,0,False,1746968438.829094,left,False
324,1746968440.7247372,71.8124,0.798612,1.69521,0.0188141,0.104019,5084.07,2,5.878,32.0702,57.035,49.9534,1,2,1.0,0.0,0.0,2,0.0,0,False,1746968438.829094,left,False
325,1746968440.7301388,72.0817,0.834147,1.68862,0.0161095,0.103448,5099.66,2,5.9,32.5081,57.4728,49.9531,1,2,1.0,0.0,0.0,2,0.0,0,False,1746968438.829094,left,False
326,1746968440.752424,72.3517,0.860605,1.69687,0.013423,0.10284,5115.81,2,5.922,32.9477,57.9125,49.9528,1,2,1.0,0.0,0.0,2,0.0,0,False,1746968438.829094,left,False
327,1746968440.7791414,72.6182,0.881537,1.70012,0.0107529,0.102198,5142.37,2,5.944,33.3889,58.3537,49.9525,1,2,1.0,0.0,0.0,2,0.0,0,False,1746968438.829094,left,False
328,1746968440.800686,72.8871,0.899067,1.69192,0.00809892,0.101518,5161.72,2,5.966,33.8318,58.7966,49.9522,1,2,1.0,0.0,0.0,2,0.0,0,False,1746968438.829094,left,False
329,1746968440.8184175,73.1554,0.912112,1.69182,0.00546029,0.100811,5183.87,2,5.988,34.2764,59.2412,49.9519,1,2,1.0,0.0,0.0,2,0.0,0,False,1746968438.829094,left,False
330,1746968440.8438249,73.4237,0.921705,1.6896,0.00283661,0.100079,5201.07,2,6.01,34.7227,59.6875,49.9516,1,2,1.0,0.0,0.0,2,0.0,0,False,1746968438.829094,left,False
331,1746968440.8630016,73.6918,0.929661,1.68382,0.000227547,0.0993274,5221.93,2,6.032,35.1706,60.1354,49.9512,1,2,1.0,0.0,0.0,2,0.0,0,False,1746968438.829094,left,False
332,1746968440.8857756,73.9613,0.935029,1.68027,-0.00236727,0.0985605,5239.17,2,6.054,35.6202,60.585,49.9509,1,2,1.0,0.0,0.0,2,0.0,0,True,1746968438.829094,left,False
333,1746968440.9107606,74.2315,0.938901,1.68321,-0.00494766,0.0977835,5250.21,2,6.076,36.0715,61.0363,49.9506,1,2,1.0,0.0,0.0,2,0.0,0,True,1746968438.829094,left,False
334,1746968440.9293175,74.5007,0.942041,1.68044,-0.00751381,0.097,5265.68,2,6.098,36.5245,61.4893,49.9502,1,2,1.0,0.0,0.0,2,0.0,0,True,1746968438.829094,left,False
335,1746968440.9540322,74.7684,0.945366,1.6694,-0.0100655,0.0962143,5287.78,2,6.12,36.9791,61.9438,49.9499,1,2,1.0,0.0,0.0,2,0.0,0,True,1746968438.829094,left,False
336,1746968440.9749353,75.0371,0.947709,1.67317,-0.0126028,0.0954309,5304.95,2,6.142,37.4353,62.4001,49.9496,1,2,1.0,0.0,0.0,2,0.0,0,True,1746968438.829094,left,False
337,1746968440.9954653,75.3046,0.950617,1.66599,-0.0151257,0.0946488,5323.87,2,6.164,37.8932,62.858,49.9492,1,2,1.0,0.0,0.0,2,0.0,0,True,1746968438.829094,left,False
338,1746968441.019072,75.5724,0.95434,1.65867,-0.0176336,0.0938713,5342.67,2,6.186,38.3528,63.3176,49.9489,1,2,1.0,0.0,0.0,2,0.0,0,True,1746968438.829094,left,False
339,1746968441.0412698,75.8414,0.957194,1.65305,-0.0201266,0.0930981,5357.25,2,6.208,38.8141,63.7789,49.9486,1,2,1.0,0.0,0.0,2,0.0,0,True,1746968438.829094,left,False
340,1746968441.064005,76.1067,0.961125,1.63764,-0.0226047,0.0923312,5382.83,2,6.23,39.277,64.2418,49.9482,1,2,1.0,0.0,0.0,2,0.0,0,True,1746968438.829094,left,False
341,1746968441.0822277,76.3732,0.965016,1.6295,-0.0250675,0.0915658,5403.29,2,6.252,39.7416,64.7064,49.9479,1,2,1.0,0.0,0.0,2,0.0,0,True,1746968438.829094,left,False
342,1746968441.1061254,76.6412,0.968419,1.62013,-0.0275152,0.0908024,5421.65,2,6.274,40.2078,65.1726,49.9475,1,2,1.0,0.0,0.0,2,0.0,0,True,1746968438.829094,left,False
343,1746968441.128743,76.9111,0.971419,1.60927,-0.0299476,0.0900421,5432.28,2,6.296,40.6757,65.6405,49.9472,1,2,1.0,0.0,0.0,2,0.0,0,True,1746968438.829094,left,False
344,1746968441.1508403,77.1775,0.975227,1.60074,-0.0323646,0.0892828,5451.93,2,6.318,41.1452,66.11,49.9469,1,2,1.0,0.0,0.0,2,0.0,0,True,1746968438.829094,left,False
345,1746968441.1716876,77.4449,0.97834,1.58804,-0.0347662,0.0885247,5469.26,2,6.34,41.6164,66.5812,49.9465,1,2,1.0,0.0,0.0,2,0.0,0,True,1746968438.829094,left,False
346,1746968441.1922243,77.7108,0.981798,1.57117,-0.0371523,0.0877642,5492.23,2,6.362,42.0892,67.054,49.9462,1,2,1.0,0.0,0.0,2,0.0,0,True,1746968438.829094,left,False
347,1746968441.2164545,77.9778,0.985032,1.55785,-0.0395224,0.0870054,5509.78,2,6.384,42.5638,67.5286,49.9459,1,2,1.0,0.0,0.0,2,0.0,0,True,1746968438.829094,left,False
348,1746968441.2367146,78.2443,0.987649,1.54989,-0.0418768,0.0862454,5527.94,2,6.406,43.0399,68.0047,49.9455,1,2,1.0,0.0,0.0,2,0.0,0,True,1746968438.829094,left,False
349,1746968441.26154,78.5104,0.99046,1.53785,-0.0442151,0.0854836,5546.9,2,6.428,43.5178,68.4825,49.9452,1,2,1.0,0.0,0.0,2,0.0,0,True,1746968438.829094,left,False
350,1746968441.2823036,78.7764,0.99194,1.52624,-0.0465377,0.0847166,5568.59,2,6.45,43.9972,68.962,49.9449,1,2,1.0,0.0,0.0,2,0.0,0,True,1746968438.829094,left,False
351,1746968441.3026636,79.0455,0.993582,1.51829,-0.048844,0.0839477,5576.7,2,6.472,44.4783,69.4431,49.9445,1,2,1.0,0.0,0.0,2,0.0,0,True,1746968438.829094,left,False
352,1746968441.3270564,79.3105,0.995559,1.50348,-0.0511339,0.0831771,5601.57,2,6.494,44.961,69.9258,49.9442,1,2,1.0,0.0,0.0,2,0.0,0,True,1746968438.829094,left,False
353,1746968441.3479269,79.5762,0.997333,1.49206,-0.0534073,0.0824034,5619.03,2,6.516,45.4454,70.4102,49.9439,1,2,1.0,0.0,0.0,2,0.0,0,True,1746968438.829094,left,False
354,1746968441.37212,79.8427,0.998742,1.4791,-0.055664,0.0816268,5636.68,2,6.538,45.9314,70.8962,49.9435,1,2,1.0,0.0,0.0,2,0.0,0,True,1746968438.829094,left,False
355,1746968441.3928745,80.1072,0.999929,1.47156,-0.0579037,0.0808516,5659.07,2,6.56,46.4191,71.3839,49.9432,1,2,1.0,0.0,0.0,2,0.0,0,True,1746968438.829094,left,False
356,1746968441.4144652,80.3731,1.00195,1.45459,-0.0601264,0.0800721,5676.3,2,6.582,46.9085,71.8733,49.9428,1,2,1.0,0.0,0.0,2,0.0,0,True,1746968438.829094,left,False
357,1746968441.4336243,80.6388,1.00259,1.44665,-0.0623315,0.0792917,5694.77,2,6.604,47.3995,72.3643,49.9425,1,2,1.0,0.0,0.0,2,0.0,0,True,1746968438.829094,left,False
358,1746968441.45913,80.9036,1.00447,1.43492,-0.0645191,0.0785114,5713.26,2,6.626,47.8922,72.8569,49.9422,1,2,1.0,0.0,0.0,2,0.0,0,True,1746968438.829094,left,False
359,1746968441.4817176,81.1692,1.00559,1.42245,-0.066689,0.0777298,5732.33,2,6.648,48.3864,73.3512,49.9418,1,2,1.0,0.0,0.0,2,0.0,0,True,1746968438.829094,left,False
360,1746968441.5049455,81.4329,1.00727,1.41007,-0.0688409,0.0769452,5755.12,2,6.67,48.8824,73.8472,49.9415,1,2,1.0,0.0,0.0,2,0.0,0,True,1746968438.829094,left,False
361,1746968441.5236738,81.7014,1.00816,1.40328,-0.0709745,0.0761615,5760.22,2,6.692,49.3799,74.3447,49.9412,1,2,1.0,0.0,0.0,2,0.0,0,True,1746968438.829094,left,False
362,1746968441.545011,81.9639,1.00998,1.38845,-0.0730899,0.075381,5783.71,2,6.714,49.8792,74.8439,49.9408,1,2,1.0,0.0,0.0,2,0.0,0,True,1746968438.829094,left,False
363,1746968441.5691812,82.2279,1.01119,1.37661,-0.0751869,0.074601,5800.73,2,6.736,50.38,75.3448,49.9405,1,2,1.0,0.0,0.0,2,0.0,0,True,1746968438.829094,left,False
364,1746968441.5899162,82.4915,1.01234,1.36913,-0.0772651,0.0738228,5815.15,2,6.758,50.8824,75.8472,49.9402,1,2,1.0,0.0,0.0,2,0.0,0,True,1746968438.829094,left,False
365,1746968441.6110759,82.7515,1.01473,1.34812,-0.0793244,0.0730479,5837.48,2,6.78,51.3865,76.3513,49.9398,1,2,1.0,0.0,0.0,2,0.0,0,True,1746968438.829094,left,False
366,1746968441.63537,83.0152,1.01627,1.3384,-0.0813646,0.0722727,5848.16,2,6.802,51.8922,76.857,49.9395,1,2,1.0,0.0,0.0,2,0.0,0,True,1746968438.829094,left,False
367,1746968441.657005,83.2734,1.01819,1.32415,-0.0833856,0.0715006,5871.6,2,6.824,52.3995,77.3643,49.9392,1,2,1.0,0.0,0.0,2,0.0,0,True,1746968438.829094,left,False
368,1746968441.6773841,83.5323,1.0205,1.31022,-0.0853872,0.0707284,5888.16,2,6.846,52.9084,77.8732,49.9388,1,2,1.0,0.0,0.0,2,0.0,0,True,1746968438.829094,left,False
369,1746968441.6983452,83.7912,1.02226,1.29756,-0.0873693,0.0699576,5904.4,2,6.868,53.4189,78.3837,49.9385,1,2,1.0,0.0,0.0,2,0.0,0,True,1746968438.829094,left,False
370,1746968441.7230084,84.0489,1.02399,1.28934,-0.0893318,0.0691884,5917.64,2,6.89,53.9311,78.8959,49.9381,1,2,1.0,0.0,0.0,2,0.0,0,True,1746968438.829094,left,False
371,1746968441.7434187,84.3054,1.02618,1.26989,-0.0912746,0.0684209,5935.55,2,6.912,54.4448,79.4096,49.9378,1,2,1.0,0.0,0.0,2,0.0,0,True,1746968438.829094,left,False
372,1746968441.7675498,84.5625,1.02737,1.26083,-0.0931974,0.0676551,5946.32,2,6.934,54.9601,79.9249,49.9375,1,2,1.0,0.0,0.0,2,0.0,0,True,1746968438.829094,left,False
373,1746968441.7873695,84.816,1.03,1.24677,-0.0951,0.0668923,5965.64,2,6.956,55.4769,80.4417,49.9371,1,2,1.0,0.0,0.0,2,0.0,0,True,1746968438.829094,left,False
374,1746968441.8091638,85.069,1.03193,1.23643,-0.0969824,0.0661339,5982.02,2,6.978,55.9954,80.9601,49.9368,1,2,1.0,0.0,0.0,2,0.0,0,True,1746968438.829094,left,False
375,1746968441.8317876,85.3196,1.03442,1.22009,-0.0988445,0.0653741,6002.39,2,7,56.5154,81.4802,49.9365,1,2,1.0,0.0,0.0,2,0.0,0,True,1746968438.829094,left,False
376,1746968441.8528702,85.571,1.03704,1.19722,-0.100686,0.0646103,6017.08,2,7.022,57.0369,82.0017,49.9361,1,2,1.0,0.0,0.0,2,0.0,0,True,1746968438.829094,left,False
377,1746968441.8770564,85.8231,1.03831,1.18242,-0.102506,0.0638448,6028.18,2,7.044,57.5601,82.5248,49.9358,1,2,1.0,0.0,0.0,2,0.0,0,True,1746968438.829094,left,False
378,1746968441.899263,86.0724,1.04043,1.16644,-0.104306,0.0630911,6044.92,2,7.066,58.0847,83.0494,49.9355,1,2,1.0,0.0,0.0,2,0.0,0,True,1746968438.829094,left,False
379,1746968441.9205155,86.3214,1.04131,1.16096,-0.106085,0.0623364,6059.2,2,7.088,58.6109,83.5757,49.9351,1,2,1.0,0.0,0.0,2,0.0,0,True,1746968438.829094,left,False
380,1746968441.9435794,86.5693,1.0434,1.14832,-0.107843,0.0615851,6073.33,2,7.11,59.1386,84.1034,49.9348,1,2,1.0,0.0,0.0,2,0.0,0,True,1746968438.829094,left,False
381,1746968441.9655657,86.8145,1.04569,1.13831,-0.10958,0.0608431,6093.97,2,7.132,59.6678,84.6326,49.9345,1,2,1.0,0.0,0.0,2,0.0,0,True,1746968438.829094,left,False
382,1746968441.984443,87.0609,1.04808,1.12751,-0.111297,0.0601014,6105.7,2,7.154,60.1986,85.1634,49.9341,1,2,1.0,0.0,0.0,2,0.0,0,True,1746968438.829094,left,False
383,1746968442.0083501,87.306,1.05076,1.11155,-0.112992,0.0593632,6120.89,2,7.176,60.7309,85.6957,49.9338,1,2,1.0,0.0,0.0,2,0.0,0,True,1746968438.829094,left,False
384,1746968442.032214,87.5479,1.05376,1.0989,-0.114665,0.0586267,6140.27,2,7.198,61.2646,86.2294,49.9334,1,2,1.0,0.0,0.0,2,0.0,0,True,1746968438.829094,left,False
385,1746968442.0539718,87.7896,1.05642,1.08549,-0.116317,0.0578922,6157.34,2,7.22,61.7999,86.7646,49.9331,1,2,1.0,0.0,0.0,2,0.0,0,True,1746968438.829094,left,False
386,1746968442.0724914,88.0313,1.05919,1.06754,-0.117948,0.0571596,6173.63,2,7.242,62.3367,87.3015,49.9328,1,2,1.0,0.0,0.0,2,0.0,0,True,1746968438.829094,left,False
387,1746968442.0968993,88.2738,1.06147,1.05751,-0.119557,0.0564282,6181.6,2,7.264,62.8751,87.8398,49.9324,1,2,1.0,0.0,0.0,2,0.0,0,True,1746968438.829094,left,False
388,1746968442.1174767,88.5143,1.06337,1.04335,-0.121144,0.0556991,6197.79,2,7.286,63.4149,88.3796,49.9321,1,2,1.0,0.0,0.0,2,0.0,0,True,1746968438.829094,left,False
389,1746968442.1406171,88.7515,1.06675,1.02514,-0.122709,0.0549733,6218.1,2,7.308,63.9561,88.9209,49.9318,1,2,1.0,0.0,0.0,2,0.0,0,True,1746968438.829094,left,False
390,1746968442.1629663,88.9902,1.06857,1.01686,-0.124252,0.0542475,6226.91,2,7.33,64.4988,89.4636,49.9314,1,2,1.0,0.0,0.0,2,0.0,0,True,1746968438.829094,left,False
391,1746968442.1852243,89.2257,1.07139,0.998396,-0.125773,0.0535242,6248.76,2,7.352,65.0431,90.0079,49.9311,1,2,1.0,0.0,0.0,2,0.0,0,True,1746968438.829094,left,False
392,1746968442.2052248,89.4645,1.07368,0.985741,-0.127273,0.0528052,6256.72,2,7.374,65.5888,90.5536,49.9308,1,2,1.0,0.0,0.0,2,0.0,0,True,1746968438.829094,left,False
393,1746968442.2264907,89.6982,1.0765,0.966238,-0.12875,0.0520858,6273.44,2,7.396,66.1359,91.1006,49.9304,1,2,1.0,0.0,0.0,2,0.0,0,True,1746968438.829094,left,False
394,1746968442.2512507,89.9327,1.07913,0.953497,-0.130205,0.0513705,6286.67,2,7.418,66.6844,91.6492,49.9301,1,2,1.0,0.0,0.0,2,0.0,0,True,1746968438.829094,left,False
395,1746968442.2709131,90.1657,1.08165,0.934701,-0.131637,0.050655,6303.63,2,7.44,67.2344,92.1992,49.9298,1,2,1.0,0.0,0.0,2,0.0,0,True,1746968438.829094,left,False
396,1746968442.2943454,90.3988,1.08392,0.918922,-0.133047,0.0499397,6319.29,2,7.462,67.7858,92.7506,49.9294,1,2,1.0,0.0,0.0,2,0.0,0,True,1746968438.829094,left,False
397,1746968442.3147182,90.6325,1.08555,0.908215,-0.134435,0.0492287,6330.28,2,7.484,68.3386,93.3034,49.9291,1,2,1.0,0.0,0.0,2,0.0,0,True,1746968438.829094,left,False
398,1746968442.3385687,90.8617,1.08891,0.89178,-0.1358,0.0485221,6350.77,2,7.506,68.8929,93.8577,49.9287,1,2,1.0,0.0,0.0,2,0.0,0,True,1746968438.829094,left,False
399,1746968442.3595295,91.0945,1.0908,0.878354,-0.137143,0.0478182,6360.69,2,7.528,69.4487,94.4135,49.9284,1,2,1.0,0.0,0.0,2,0.0,0,True,1746968438.829094,left,False
400,1746968442.3799055,91.3254,1.09325,0.866136,-0.138462,0.0471182,6376.5,2,7.55,70.0058,94.9706,49.9281,1,2,1.0,0.0,0.0,2,0.0,0,True,1746968438.829094,left,False
401,1746968442.4055636,91.5551,1.09566,0.854184,-0.13976,0.0464201,6389.44,2,7.572,70.5644,95.5292,49.9277,1,2,1.0,0.0,0.0,2,0.0,0,True,1746968438.829094,left,False
402,1746968442.4246004,91.7832,1.0987,0.838869,-0.141034,0.0457246,6406.28,2,7.594,71.1243,96.0891,49.9274,1,2,1.0,0.0,0.0,2,0.0,0,True,1746968438.829094,left,False
403,1746968442.4461203,92.0102,1.10183,0.821776,-0.142286,0.045031,6425.61,2,7.616,71.6857,96.6505,49.9271,1,2,1.0,0.0,0.0,2,0.0,0,True,1746968438.829094,left,False
404,1746968442.469963,92.2389,1.1046,0.806433,-0.143515,0.0443391,6438.79,2,7.638,72.2485,97.2133,49.9267,1,2,1.0,0.0,0.0,2,0.0,0,True,1746968438.829094,left,False
405,1746968442.4919896,92.4667,1.10671,0.793707,-0.144721,0.0436475,6452.11,2,7.66,72.8127,97.7775,49.9264,1,2,1.0,0.0,0.0,2,0.0,0,True,1746968438.829094,left,False
406,1746968442.512242,92.6933,1.10978,0.77487,-0.145904,0.0429607,6467.94,2,7.682,73.3782,98.343,49.9261,1,2,1.0,0.0,0.0,2,0.0,0,True,1746968438.829094,left,False
407,1746968442.534227,92.9182,1.11246,0.758621,-0.147064,0.0422711,6485.77,2,7.704,73.9452,98.91,49.9257,1,2,1.0,0.0,0.0,2,0.0,0,True,1746968438.829094,left,False
408,1746968442.558557,93.1449,1.11449,0.743915,-0.148201,0.0415801,6497.04,2,7.726,74.5136,99.4784,49.9254,1,2,1.0,0.0,0.0,2,0.0,0,True,1746968438.829094,left,False
409,1746968442.579399,93.3699,1.11622,0.729935,-0.149314,0.0408918,6513.31,2,7.748,75.0834,100.048,49.9251,1,2,1.0,0.0,0.0,2,0.0,0,True,1746968438.829094,left,False
410,1746968442.6027422,93.594,1.11932,0.710918,-0.150404,0.040205,6525.93,2,7.77,75.6545,100.619,49.9247,1,2,1.0,0.0,0.0,2,0.0,0,True,1746968438.829094,left,False
411,1746968442.6241214,93.8162,1.12129,0.698993,-0.151471,0.0395194,6544.99,2,7.792,76.2271,101.192,49.9244,1,2,1.0,0.0,0.0,2,0.0,0,True,1746968438.829094,left,False
412,1746968442.6444373,94.0395,1.12313,0.681251,-0.152514,0.038831,6561.03,2,7.814,76.801,101.766,49.924,1,2,1.0,0.0,0.0,2,0.0,0,True,1746968438.829094,left,False
413,1746968442.667892,94.2622,1.12512,0.663946,-0.153534,0.0381436,6575.18,2,7.836,77.3762,102.341,49.9237,1,2,1.0,0.0,0.0,2,0.0,0,True,1746968438.829094,left,False
414,1746968442.6914458,94.4847,1.12705,0.650055,-0.15453,0.0374559,6587.14,2,7.858,77.9529,102.918,49.9234,1,2,1.0,0.0,0.0,2,0.0,0,True,1746968438.829094,left,False
415,1746968442.7121694,94.7063,1.12888,0.635273,-0.155502,0.0367692,6601.17,2,7.88,78.5309,103.496,49.923,1,2,1.0,0.0,0.0,2,0.0,0,True,1746968438.829094,left,False
416,1746968442.733616,94.9279,1.13077,0.617339,-0.15645,0.0360846,6613.59,2,7.902,79.1102,104.075,49.9227,1,2,1.0,0.0,0.0,2,0.0,0,True,1746968438.829094,left,False
417,1746968442.7561429,95.1483,1.13232,0.606006,-0.157374,0.0353993,6626.5,2,7.924,79.691,104.656,49.9224,1,2,1.0,0.0,0.0,2,0.0,0,True,1746968438.829094,left,False
418,1746968442.7773695,95.3672,1.13453,0.584025,-0.158274,0.0347136,6643.65,2,7.946,80.2731,105.238,49.922,1,2,1.0,0.0,0.0,2,0.0,0,True,1746968438.829094,left,False
419,1746968442.7999222,95.5873,1.13599,0.572158,-0.15915,0.0340279,6653.61,2,7.968,80.8565,105.821,49.9217,1,2,1.0,0.0,0.0,2,0.0,0,True,1746968438.829094,left,False
420,1746968442.8205767,95.8052,1.13801,0.549266,-0.160001,0.0333436,6673.64,2,7.99,81.4413,106.406,49.9214,1,2,1.0,0.0,0.0,2,0.0,0,True,1746968438.829094,left,False
421,1746968442.841484,96.0027,1.13962,0.537995,-0.160754,0.0327216,6686.61,2,8.01,81.9741,106.939,49.9211,1,2,1.0,0.0,0.0,2,0.0,0,True,1746968438.829094,left,False
422,1746968442.8623545,96.2009,1.14102,0.522888,-0.161487,0.0321001,6697.05,2,8.03,82.5079,107.473,49.9208,1,2,1.0,0.0,0.0,2,0.0,0,True,1746968438.829094,left,False
423,1746968442.8802764,96.3978,1.1425,0.505903,-0.162199,0.0314796,6712.99,2,8.05,83.0429,108.008,49.9204,1,2,1.0,0.0,0.0,2,0.0,0,True,1746968438.829094,left,False
424,1746968442.9010475,96.5947,1.14404,0.496003,-0.162891,0.0308602,6724.35,2,8.07,83.579,108.544,49.9201,1,2,1.0,0.0,0.0,2,0.0,0,True,1746968438.829094,left,False
425,1746968442.9230187,96.7915,1.14536,0.48021,-0.163562,0.0302413,6736.27,2,8.09,84.1162,109.081,49.9198,1,2,1.0,0.0,0.0,2,0.0,0,True,1746968438.829094,left,False
426,1746968442.9433796,96.9866,1.1472,0.464467,-0.164213,0.0296224,6749.64,2,8.11,84.6545,109.619,49.9195,1,2,1.0,0.0,0.0,2,0.0,0,True,1746968438.829094,left,False
427,1746968442.9601943,97.1819,1.1489,0.447703,-0.164843,0.0290055,6762.99,2,8.13,85.1938,110.159,49.9192,1,2,1.0,0.0,0.0,2,0.0,0,True,1746968438.829094,left,False
428,1746968442.9833705,97.3772,1.15104,0.42914,-0.165452,0.0283912,6773.9,2,8.15,85.7343,110.699,49.9189,1,2,1.0,0.0,0.0,2,0.0,0,True,1746968438.829094,left,False
429,1746968443.0014133,97.5722,1.15258,0.414768,-0.166041,0.0277772,6786.13,2,8.17,86.2759,111.241,49.9186,1,2,1.0,0.0,0.0,2,0.0,0,True,1746968438.829094,left,False
430,1746968443.0239754,97.7649,1.15442,0.400279,-0.166608,0.0271637,6802.14,2,8.19,86.8185,111.783,49.9183,1,2,1.0,0.0,0.0,2,0.0,0,True,1746968438.829094,left,False
431,1746968443.0432653,97.9552,1.15519,0.387525,-0.167155,0.0265499,6764.1,2,8.21,87.3622,112.327,49.918,1,2,1.0,0.0,0.0,2,0.0,0,True,1746968438.829094,left,False
432,1746968443.061859,98.1269,1.15598,0.372449,-0.167682,0.0259408,6788.64,2,8.23,87.9069,112.872,49.9178,1,2,1.0,0.0,0.0,2,0.0,0,True,1746968438.829094,left,False
433,1746968443.0809305,98.2929,1.15753,0.367679,-0.168187,0.0253375,6727.15,2,8.25,88.4525,113.417,49.9175,1,2,1.0,0.0,0.0,2,0.0,0,True,1746968438.829094,left,False
434,1746968443.1025429,98.4514,1.1593,0.348189,-0.168671,0.0247454,6806.45,2,8.27,88.9991,113.964,49.9172,1,2,1.0,0.0,0.0,2,0.0,0,True,1746968438.829094,left,False
435,1746968443.1221092,98.6053,1.16231,0.331369,-0.169135,0.0241634,6727.03,2,8.29,89.5465,114.511,49.917,1,2,1.0,0.0,0.0,2,0.0,0,True,1746968438.829094,left,False
436,1746968443.1435719,98.7482,1.16478,0.318326,-0.169578,0.0235958,6787.99,2,8.31,90.0948,115.06,49.9168,1,2,1.0,0.0,0.0,2,0.0,0,True,1746968438.829094,left,False
437,1746968443.161416,98.8901,1.16978,0.300943,-0.17,0.0230477,6742.6,2,8.33,90.6438,115.609,49.9166,1,2,1.0,0.0,0.0,2,0.0,0,True,1746968438.829094,left,False
438,1746968443.185622,99.0244,1.17621,0.279041,-0.170401,0.0225156,6743.7,2,8.35,91.1936,116.158,49.9164,1,2,1.0,0.0,0.0,2,0.0,0,True,1746968438.829094,left,False
439,1746968443.20453,99.1563,1.18254,0.263238,-0.170782,0.021997,6748.95,2,8.37,91.7441,116.709,49.9161,1,2,1.0,0.0,0.0,2,0.0,0,True,1746968438.829094,left,False
440,1746968443.222087,99.2803,1.18951,0.24559,-0.171143,0.0214964,6801.86,2,8.39,92.2954,117.26,49.9159,1,2,1.0,0.0,0.0,2,0.0,0,True,1746968438.829094,left,False
441,1746968443.243271,99.4002,1.19728,0.229244,-0.171484,0.0210145,6758.1,2,8.41,92.8474,117.812,49.9157,1,2,1.0,0.0,0.0,2,0.0,0,True,1746968438.829094,left,False
442,1746968443.2608273,99.5188,1.20413,0.226002,-0.171806,0.0205472,6741.02,2,8.43,93.4,118.365,49.9156,1,2,1.0,0.0,0.0,2,0.0,0,True,1746968438.829094,left,False
443,1746968443.2820265,99.618,1.21241,0.219425,-0.172108,0.0200943,6805.13,2,8.45,93.9532,118.918,49.9154,1,2,1.0,0.0,0.0,2,0.0,0,True,1746968438.829094,left,False
444,1746968443.3007898,99.7262,1.22167,0.206127,-0.172392,0.0196594,6731.16,2,8.47,94.507,119.472,49.9152,1,2,1.0,0.0,0.0,2,0.0,0,True,1746968438.829094,left,False
445,1746968443.323182,99.8172,1.23028,0.19481,-0.172657,0.0192399,6733.93,2,8.49,95.0613,120.026,49.9151,1,2,1.0,0.0,0.0,2,0.0,0,True,1746968438.829094,left,False
446,1746968443.3428643,99.9073,1.23909,0.184188,-0.172905,0.0188351,6738.54,2,8.51,95.6161,120.581,49.9149,1,2,1.0,0.0,0.0,2,0.0,0,True,1746968438.829094,left,False
447,1746968443.3635938,99.9964,1.24994,0.167311,-0.173134,0.0184455,6744.75,2,8.53,96.1716,121.136,49.9148,1,2,1.0,0.0,0.0,3,0.0,0,False,1746968443.3622916,left,False
448,1746968443.3839438,100.086,1.26096,0.158083,-0.173346,0.0180745,6749.57,2,8.55,96.7274,121.692,49.9146,1,2,1.0,0.0,0.0,3,0.0,0,False,1746968443.3622916,left,False
449,1746968443.4033415,100.125,1.27152,0.146795,-0.173541,0.0177139,4944.56,3,8.57,97.2834,122.248,49.9146,1,2,1.0,0.0,0.0,3,0.0,0,False,1746968443.3622916,left,False
450,1746968443.4242344,100.11,1.28142,0.136155,-0.17372,0.0173751,4945.66,3,8.59,97.8395,122.804,49.9146,1,2,1.0,0.0,0.0,3,0.0,0,False,1746968443.3622916,left,False
451,1746968443.4435084,100.092,1.2942,0.115089,-0.173881,0.0170595,4946.76,3,8.61,98.3955,123.36,49.9146,1,2,1.0,0.0,0.0,3,0.0,0,False,1746968443.3622916,left,False
452,1746968443.4630136,100.074,1.30595,0.111063,-0.174027,0.0167715,4947.85,3,8.63,98.9515,123.916,49.9146,1,2,1.0,0.0,0.0,3,0.0,0,False,1746968443.3622916,left,False
453,1746968443.4805458,100.056,1.32126,0.0934956,-0.174158,0.0165179,4948.94,3,8.65,99.5076,124.472,49.9146,1,2,1.0,0.0,0.0,3,0.0,0,False,1746968443.3622916,left,False
454,1746968443.5007079,100.038,1.33586,0.0830361,-0.174273,0.0162856,4950.03,3,8.67,100.064,125.028,49.9146,1,2,1.0,0.0,0.0,3,0.0,0,False,1746968443.3622916,left,False
455,1746968443.5209584,100.02,1.35221,0.0741199,-0.174375,0.0160852,4951.12,3,8.69,100.62,125.584,49.9146,1,2,1.0,0.0,0.0,3,0.0,0,False,1746968443.3622916,left,False
456,1746968443.5428286,100.002,1.3687,0.0708654,-0.174464,0.0159183,4952.21,3,8.71,101.175,126.14,49.9146,1,2,1.0,0.0,0.0,3,0.0,0,False,1746968443.3622916,left,False
457,1746968443.5613902,99.9834,1.38571,0.0623964,-0.174541,0.0157674,4953.29,3,8.73,101.73,126.695,49.9146,1,2,1.0,0.0,0.0,3,0.0,0,False,1746968443.3622916,left,False
458,1746968443.5848882,99.9654,1.40483,0.0395247,-0.174606,0.0156337,4954.37,3,8.75,102.286,127.251,49.9146,1,2,1.0,0.0,0.0,3,0.0,0,False,1746968443.3622916,left,False
459,1746968443.6028306,99.9474,1.42287,0.0239139,-0.174658,0.0155211,4955.44,3,8.77,102.841,127.806,49.9146,1,2,1.0,0.0,0.0,3,0.0,0,False,1746968443.3622916,left,False
460,1746968443.6213024,99.9293,1.43845,0.0243984,-0.174701,0.015427,4956.52,3,8.79,103.397,128.361,49.9146,1,2,1.0,0.0,0.0,3,0.0,0,False,1746968443.3622916,left,False
461,1746968443.6415846,99.9112,1.452,0.0279798,-0.174735,0.0153423,4957.59,3,8.81,103.952,128.917,49.9146,1,2,1.0,0.0,0.0,3,0.0,0,False,1746968443.3622916,left,False
462,1746968443.6605701,99.8932,1.46422,0.0374109,-0.174761,0.0152605,4958.66,3,8.83,104.507,129.472,49.9146,1,2,1.0,0.0,0.0,3,0.0,0,False,1746968443.3622916,left,False
463,1746968443.680519,99.8751,1.47685,0.0329157,-0.174779,0.0151828,4959.72,3,8.85,105.062,130.026,49.9146,1,2,1.0,0.0,0.0,3,0.0,0,False,1746968443.3622916,left,False
464,1746968443.7027528,99.9704,1.4911,0.0326183,-0.17479,0.0151129,4993.93,3,8.87,105.617,130.581,49.9143,1,2,1.0,0.0,0.0,3,0.0,0,False,1746968443.3622916,left,False
465,1746968443.720185,100.143,1.50557,0.0178349,-0.174794,0.0150264,5017.82,3,8.89,106.173,131.137,49.9141,1,2,1.0,0.0,0.0,3,0.0,0,False,1746968443.3622916,left,False
466,1746968443.7411387,100.32,1.51559,0.0153003,-0.17479,0.0148994,5030.96,3,8.91,106.73,131.694,49.9138,1,2,1.0,0.0,0.0,3,0.0,0,False,1746968443.3622916,left,False
467,1746968443.762919,100.498,1.52044,0.00267618,-0.174779,0.014719,5043.04,3,8.93,107.288,132.252,49.9135,1,2,1.0,0.0,0.0,3,0.0,0,False,1746968443.3622916,left,False
468,1746968443.7832003,100.675,1.51973,-0.0141188,-0.17476,0.0144781,5056.81,3,8.95,107.846,132.811,49.9133,1,2,1.0,0.0,0.0,3,0.0,0,False,1746968443.3622916,left,False
469,1746968443.80046,100.852,1.51413,-0.0346835,-0.174733,0.0141673,5072.44,3,8.97,108.406,133.371,49.913,1,2,1.0,0.0,0.0,3,0.0,0,False,1746968443.3622916,left,False
470,1746968443.8237643,101.029,1.50286,-0.0555544,-0.174698,0.0137801,5086.71,3,8.99,108.967,133.932,49.9127,1,2,1.0,0.0,0.0,3,0.0,0,False,1746968443.3622916,left,False
471,1746968443.8408177,101.209,1.48537,-0.0733522,-0.174654,0.0133191,5095.8,3,9.01,109.529,134.494,49.9125,1,2,1.0,0.0,0.0,3,0.0,0,False,1746968443.3622916,left,False
472,1746968443.8623846,101.39,1.4624,-0.0800439,-0.174599,0.0127968,5100.43,3,9.03,110.092,135.057,49.9122,1,2,1.0,0.0,0.0,3,0.0,0,False,1746968443.3622916,left,False
473,1746968443.880904,101.567,1.43788,-0.0937765,-0.174534,0.0122177,5116.75,3,9.05,110.656,135.621,49.9119,1,2,1.0,0.0,0.0,3,0.0,0,False,1746968443.3622916,left,False
474,1746968443.9043126,101.747,1.41091,-0.103652,-0.174456,0.0115815,5126.26,3,9.07,111.221,136.186,49.9117,1,2,1.0,0.0,0.0,3,0.0,0,False,1746968443.3622916,left,False
475,1746968443.9230945,101.928,1.38046,-0.103729,-0.174365,0.0109036,5132.22,3,9.09,111.787,136.752,49.9114,1,2,1.0,0.0,0.0,3,0.0,0,False,1746968443.3622916,left,False
476,1746968443.941277,102.108,1.35093,-0.109163,-0.17426,0.0101888,5142.04,3,9.11,112.354,137.318,49.9111,1,2,1.0,0.0,0.0,3,0.0,0,False,1746968443.3622916,left,False
477,1746968443.9633105,102.289,1.32117,-0.110585,-0.174139,0.00944855,5148.93,3,9.13,112.921,137.886,49.9109,1,2,1.0,0.0,0.0,3,0.0,0,False,1746968443.3622916,left,False
478,1746968443.984576,102.47,1.2948,-0.118697,-0.174001,0.00869535,5154.34,3,9.15,113.49,138.455,49.9106,1,2,1.0,0.0,0.0,3,0.0,0,False,1746968443.3622916,left,False
479,1746968444.0069423,102.649,1.27172,-0.142621,-0.173843,0.00794524,5167.23,3,9.17,114.06,139.025,49.9103,1,2,1.0,0.0,0.0,3,0.0,0,False,1746968443.3622916,left,False
480,1746968444.0234122,102.831,1.25002,-0.144535,-0.173667,0.00720076,5171.96,3,9.19,114.631,139.596,49.91,1,2,1.0,0.0,0.0,3,0.0,0,False,1746968443.3622916,left,False
481,1746968444.0409625,103.011,1.23205,-0.152499,-0.173469,0.00646191,5181.2,3,9.21,115.203,140.168,49.9098,1,2,1.0,0.0,0.0,3,0.0,0,False,1746968443.3622916,left,False
482,1746968444.0615976,103.192,1.21688,-0.163216,-0.17325,0.00573804,5184.73,3,9.23,115.776,140.74,49.9095,1,2,1.0,0.0,0.0,3,0.0,0,False,1746968443.3622916,left,False
483,1746968444.0819476,103.373,1.20458,-0.172597,-0.17301,0.00503031,5192.23,3,9.25,116.35,141.314,49.9092,1,2,1.0,0.0,0.0,3,0.0,0,False,1746968443.3622916,left,False
484,1746968444.1042821,103.554,1.19573,-0.184009,-0.172746,0.00434019,5201.2,3,9.27,116.924,141.889,49.9089,1,2,1.0,0.0,0.0,3,0.0,0,False,1746968443.3622916,left,False
485,1746968444.1203496,103.733,1.18958,-0.197333,-0.172459,0.00366822,5210.85,3,9.29,117.5,142.465,49.9086,1,2,1.0,0.0,0.0,3,0.0,0,False,1746968443.3622916,left,False
486,1746968444.1428823,103.914,1.18595,-0.212497,-0.172149,0.00301475,5220.2,3,9.31,118.077,143.042,49.9083,1,2,1.0,0.0,0.0,3,0.0,0,False,1746968443.3622916,left,False
487,1746968444.1613894,104.094,1.18468,-0.225412,-0.171815,0.00237824,5227.04,3,9.33,118.655,143.62,49.908,1,2,1.0,0.0,0.0,3,0.0,0,False,1746968443.3622916,left,False
488,1746968444.180407,104.273,1.18559,-0.244828,-0.171457,0.00175922,5238.13,3,9.35,119.234,144.199,49.9077,1,2,1.0,0.0,0.0,3,0.0,0,False,1746968443.3622916,left,False
489,1746968444.2011776,104.453,1.18794,-0.263613,-0.171075,0.00115237,5248.53,3,9.37,119.814,144.779,49.9074,1,2,1.0,0.0,0.0,3,0.0,0,False,1746968443.3622916,left,False
490,1746968444.222423,104.635,1.19013,-0.276275,-0.170669,0.000559081,5251.82,3,9.39,120.395,145.359,49.9071,1,2,1.0,0.0,0.0,3,0.0,0,False,1746968443.3622916,left,False
491,1746968444.2428684,104.813,1.19473,-0.296304,-0.170239,-2.40037e-005,5265.75,3,9.41,120.977,145.941,49.9068,1,2,1.0,0.0,0.0,3,0.0,0,False,1746968443.3622916,left,False
492,1746968444.263491,104.991,1.19944,-0.314236,-0.169784,-0.000599108,5276.7,3,9.43,121.559,146.524,49.9064,1,2,1.0,0.0,0.0,3,0.0,0,False,1746968443.3622916,left,False
493,1746968444.2811854,105.172,1.20438,-0.33609,-0.169306,-0.0011666,5283.66,3,9.45,122.143,147.108,49.9061,1,2,1.0,0.0,0.0,3,0.0,0,False,1746968443.3622916,left,False
494,1746968444.3009622,105.352,1.20951,-0.353962,-0.168803,-0.00172984,5292.8,3,9.47,122.728,147.693,49.9058,1,2,1.0,0.0,0.0,3,0.0,0,False,1746968443.3622916,left,False
495,1746968444.3232782,105.531,1.21508,-0.374422,-0.168277,-0.00228938,5301.93,3,9.49,123.314,148.279,49.9055,1,2,1.0,0.0,0.0,3,0.0,0,False,1746968443.3622916,left,False
496,1746968444.342265,105.712,1.21961,-0.393038,-0.167726,-0.00284773,5309.91,3,9.51,123.901,148.865,49.9052,1,2,1.0,0.0,0.0,3,0.0,0,False,1746968443.3622916,left,False
497,1746968444.3601632,105.891,1.22455,-0.413674,-0.167152,-0.00340621,5319.66,3,9.53,124.488,149.453,49.9049,1,2,1.0,0.0,0.0,3,0.0,0,False,1746968443.3622916,left,False
498,1746968444.382165,106.07,1.22853,-0.432425,-0.166554,-0.00396474,5328.84,3,9.55,125.077,150.042,49.9046,1,2,1.0,0.0,0.0,3,0.0,0,False,1746968443.3622916,left,False
499,1746968444.4013395,106.25,1.23216,-0.452734,-0.165933,-0.00452546,5337.51,3,9.57,125.667,150.632,49.9043,1,2,1.0,0.0,0.0,3,0.0,0,False,1746968443.3622916,left,False
500,1746968444.4226222,106.43,1.23526,-0.471996,-0.165288,-0.00508762,5346.43,3,9.59,126.258,151.223,49.904,1,2,1.0,0.0,0.0,3,0.0,0,False,1746968443.3622916,left,False
501,1746968444.442713,106.608,1.23805,-0.490347,-0.164619,-0.00565243,5358.24,3,9.61,126.85,151.814,49.9037,1,2,1.0,0.0,0.0,3,0.0,0,False,1746968443.3622916,left,False
502,1746968444.4634082,106.787,1.24037,-0.509341,-0.163926,-0.00622251,5368.05,3,9.63,127.442,152.407,49.9034,1,2,1.0,0.0,0.0,3,0.0,0,False,1746968443.3622916,left,False
503,1746968444.482181,106.969,1.24186,-0.530328,-0.16321,-0.00679386,5374.15,3,9.65,128.036,153.001,49.9031,1,2,1.0,0.0,0.0,3,0.0,0,False,1746968443.3622916,left,False
504,1746968444.5026696,107.15,1.24274,-0.539467,-0.16247,-0.00736726,5379.04,3,9.67,128.631,153.596,49.9028,1,2,1.0,0.0,0.0,3,0.0,0,False,1746968443.3622916,left,False
505,1746968444.5211563,107.326,1.24524,-0.568785,-0.161707,-0.00794328,5394.53,3,9.69,129.227,154.191,49.9025,1,2,1.0,0.0,0.0,3,0.0,0,False,1746968443.3622916,left,False
506,1746968444.5418375,107.506,1.24522,-0.580904,-0.160919,-0.00852087,5402.74,3,9.71,129.823,154.788,49.9022,1,2,1.0,0.0,0.0,3,0.0,0,False,1746968443.3622916,left,False
507,1746968444.5616376,107.687,1.24566,-0.597304,-0.160108,-0.00910229,5408.99,3,9.73,130.421,155.386,49.9019,1,2,1.0,0.0,0.0,3,0.0,0,False,1746968443.3622916,left,False
508,1746968444.5833788,107.866,1.24617,-0.615081,-0.159273,-0.00968215,5417.79,3,9.75,131.02,155.985,49.9016,1,2,1.0,0.0,0.0,3,0.0,0,False,1746968443.3622916,left,False
509,1746968444.6048203,108.046,1.24692,-0.631094,-0.158413,-0.0102615,5425.78,3,9.77,131.62,156.584,49.9013,1,2,1.0,0.0,0.0,3,0.0,0,False,1746968443.3622916,left,False
510,1746968444.620326,108.226,1.24776,-0.648605,-0.15753,-0.0108404,5435.01,3,9.79,132.22,157.185,49.901,1,2,1.0,0.0,0.0,3,0.0,0,False,1746968443.3622916,left,False
511,1746968444.6400921,108.405,1.2484,-0.662536,-0.156622,-0.0114162,5445.23,3,9.81,132.822,157.787,49.9007,1,2,1.0,0.0,0.0,3,0.0,0,False,1746968443.3622916,left,False
512,1746968444.6627054,108.583,1.2501,-0.685279,-0.155691,-0.011996,5455.82,3,9.83,133.425,158.389,49.9003,1,2,1.0,0.0,0.0,3,0.0,0,False,1746968443.3622916,left,False
513,1746968444.6824,108.762,1.2506,-0.703496,-0.154734,-0.0125799,5464.9,3,9.85,134.028,158.993,49.9,1,2,1.0,0.0,0.0,3,0.0,0,False,1746968443.3622916,left,False
514,1746968444.7017703,108.942,1.25066,-0.716705,-0.153753,-0.0131642,5472.73,3,9.87,134.633,159.598,49.8997,1,2,1.0,0.0,0.0,3,0.0,0,False,1746968443.3622916,left,False
515,1746968444.7200234,109.122,1.25068,-0.730431,-0.152747,-0.0137488,5478.58,3,9.89,135.239,160.203,49.8994,1,2,1.0,0.0,0.0,3,0.0,0,False,1746968443.3622916,left,False
516,1746968444.7425976,109.302,1.25107,-0.750981,-0.151717,-0.0143337,5487.4,3,9.91,135.845,160.81,49.8991,1,2,1.0,0.0,0.0,3,0.0,0,False,1746968443.3622916,left,False
517,1746968444.7608397,109.479,1.25251,-0.77613,-0.150662,-0.0149189,5501.01,3,9.93,136.453,161.418,49.8988,1,2,1.0,0.0,0.0,3,0.0,0,False,1746968443.3622916,left,False
518,1746968444.7829814,109.66,1.25261,-0.7888,-0.149582,-0.0155054,5507.73,3,9.95,137.061,162.026,49.8985,1,2,1.0,0.0,0.0,3,0.0,0,False,1746968443.3622916,left,False
519,1746968444.8010213,109.839,1.2529,-0.807044,-0.148477,-0.016091,5516.94,3,9.97,137.671,162.636,49.8982,1,2,1.0,0.0,0.0,3,0.0,0,False,1746968443.3622916,left,False
520,1746968444.8208287,110.018,1.25381,-0.824998,-0.147347,-0.0166747,5525.17,3,9.99,138.282,163.246,49.8979,1,2,1.0,0.0,0.0,3,0.0,0,False,1746968443.3622916,left,False
521,1746968444.8422906,110.198,1.25448,-0.844367,-0.146192,-0.0172594,5534.07,3,10.01,138.893,163.858,49.8976,1,2,1.0,0.0,0.0,3,0.0,0,False,1746968443.3622916,left,False
522,1746968444.8626134,110.377,1.25509,-0.86081,-0.145012,-0.017844,5544.15,3,10.03,139.506,164.47,49.8973,1,2,1.0,0.0,0.0,3,0.0,0,False,1746968443.3622916,left,False
523,1746968444.8810644,110.557,1.25563,-0.879273,-0.143806,-0.0184309,5550.56,3,10.05,140.119,165.084,49.897,1,2,1.0,0.0,0.0,3,0.0,0,False,1746968443.3622916,left,False
524,1746968444.900204,110.735,1.25723,-0.901653,-0.142574,-0.0190123,5562.21,3,10.07,140.734,165.698,49.8967,1,2,1.0,0.0,0.0,3,0.0,0,False,1746968443.3622916,left,False
525,1746968444.9215734,110.914,1.25748,-0.912805,-0.141317,-0.0195999,5570.33,3,10.09,141.349,166.314,49.8964,1,2,1.0,0.0,0.0,3,0.0,0,False,1746968443.3622916,left,False
526,1746968444.944036,111.094,1.25778,-0.934939,-0.140035,-0.0201854,5579.09,3,10.11,141.966,166.93,49.8961,1,2,1.0,0.0,0.0,3,0.0,0,False,1746968443.3622916,left,False
527,1746968444.9620993,111.272,1.25954,-0.958249,-0.138727,-0.0207714,5588.96,3,10.13,142.583,167.548,49.8958,1,2,1.0,0.0,0.0,3,0.0,0,False,1746968443.3622916,left,False
528,1746968444.9811623,111.452,1.25975,-0.973372,-0.137393,-0.0213599,5595.95,3,10.15,143.202,168.166,49.8955,1,2,1.0,0.0,0.0,3,0.0,0,False,1746968443.3622916,left,False
529,1746968445.0028093,111.631,1.26002,-0.99037,-0.136033,-0.0219477,5604.35,3,10.17,143.821,168.786,49.8952,1,2,1.0,0.0,0.0,3,0.0,0,False,1746968443.3622916,left,False
530,1746968445.0253773,111.81,1.2608,-1.01142,-0.134647,-0.0225352,5615.07,3,10.19,144.441,169.406,49.8949,1,2,1.0,0.0,0.0,3,0.0,0,False,1746968443.3622916,left,False
531,1746968445.0440269,111.989,1.26134,-1.02857,-0.133235,-0.023124,5623.76,3,10.21,145.063,170.028,49.8945,1,2,1.0,0.0,0.0,3,0.0,0,False,1746968443.3622916,left,False
532,1746968445.0607104,112.168,1.262,-1.0487,-0.131797,-0.0237139,5632.92,3,10.23,145.685,170.65,49.8942,1,2,1.0,0.0,0.0,3,0.0,0,False,1746968443.3622916,left,False
533,1746968445.0840352,112.347,1.26279,-1.06939,-0.130332,-0.0243044,5641.71,3,10.25,146.309,171.273,49.8939,1,2,1.0,0.0,0.0,3,0.0,0,False,1746968443.3622916,left,False
534,1746968445.1028116,112.525,1.2636,-1.08823,-0.128841,-0.024895,5651.51,3,10.27,146.933,171.898,49.8936,1,2,1.0,0.0,0.0,3,0.0,0,False,1746968443.3622916,left,False
535,1746968445.120181,112.704,1.26428,-1.10854,-0.127324,-0.0254852,5660.9,3,10.29,147.558,172.523,49.8933,1,2,1.0,0.0,0.0,3,0.0,0,False,1746968443.3622916,left,False
536,1746968445.1427608,112.883,1.26423,-1.12814,-0.12578,-0.0260803,5669.75,3,10.31,148.185,173.149,49.893,1,2,1.0,0.0,0.0,3,0.0,0,False,1746968443.3622916,left,False
537,1746968445.163112,113.062,1.2645,-1.15206,-0.12421,-0.0266782,5679.29,3,10.33,148.812,173.776,49.8927,1,2,1.0,0.0,0.0,3,0.0,0,False,1746968443.3622916,left,False
538,1746968445.1802807,113.242,1.26316,-1.16097,-0.122612,-0.0272755,5684.91,3,10.35,149.44,174.405,49.8924,1,2,1.0,0.0,0.0,3,0.0,0,False,1746968443.3622916,left,False
539,1746968445.2015724,113.42,1.26398,-1.18316,-0.120988,-0.0278736,5696.52,3,10.37,150.069,175.034,49.8921,1,2,1.0,0.0,0.0,3,0.0,0,False,1746968443.3622916,left,False
540,1746968445.2209642,113.6,1.26359,-1.20114,-0.119337,-0.0284697,5701.43,3,10.39,150.699,175.664,49.8918,1,2,1.0,0.0,0.0,3,0.0,0,False,1746968443.3622916,left,False
541,1746968445.2422917,113.778,1.26483,-1.22284,-0.117659,-0.0290615,5714.06,3,10.41,151.331,176.295,49.8915,1,2,1.0,0.0,0.0,3,0.0,0,False,1746968443.3622916,left,False
542,1746968445.2617974,113.957,1.26518,-1.23953,-0.115954,-0.0296543,5720.98,3,10.43,151.963,176.928,49.8912,1,2,1.0,0.0,0.0,3,0.0,0,False,1746968443.3622916,left,False
543,1746968445.2843537,114.136,1.26652,-1.26278,-0.114222,-0.0302452,5730.42,3,10.45,152.596,177.561,49.8909,1,2,1.0,0.0,0.0,3,0.0,0,False,1746968443.3622916,left,False
544,1746968445.3015676,114.315,1.26753,-1.28223,-0.112462,-0.0308348,5739.23,3,10.47,153.23,178.195,49.8906,1,2,1.0,0.0,0.0,3,0.0,0,False,1746968443.3622916,left,False
545,1746968445.321282,114.493,1.26848,-1.30134,-0.110675,-0.0314265,5748.78,3,10.49,153.865,178.83,49.8903,1,2,1.0,0.0,0.0,3,0.0,0,False,1746968443.3622916,left,False
546,1746968445.341003,114.671,1.26914,-1.31908,-0.108861,-0.0320176,5759.66,3,10.51,154.501,179.466,49.89,1,2,1.0,0.0,0.0,3,0.0,0,False,1746968443.3622916,left,False
547,1746968445.3640466,114.851,1.27004,-1.33667,-0.107018,-0.0326083,5765.27,3,10.53,155.138,180.103,49.8897,1,2,1.0,0.0,0.0,3,0.0,0,False,1746968443.3622916,left,False
548,1746968445.3820963,115.03,1.27064,-1.35864,-0.105149,-0.0331996,5773.46,3,10.55,155.776,180.741,49.8894,1,2,1.0,0.0,0.0,3,0.0,0,False,1746968443.3622916,left,False
549,1746968445.4028227,115.208,1.27192,-1.38209,-0.103252,-0.0337915,5783.3,3,10.57,156.415,181.38,49.8891,1,2,1.0,0.0,0.0,3,0.0,0,True,1746968443.3622916,left,False
550,1746968445.4240994,115.386,1.27274,-1.40037,-0.101326,-0.0343833,5792.08,3,10.59,157.055,182.02,49.8887,1,2,1.0,0.0,0.0,3,0.0,0,True,1746968443.3622916,left,False
551,1746968445.4405642,115.563,1.27336,-1.42017,-0.0993734,-0.0349757,5800.52,3,10.61,157.696,182.661,49.8884,1,2,1.0,0.0,0.0,3,0.0,0,True,1746968443.3622916,left,False
552,1746968445.461345,115.741,1.27398,-1.44007,-0.0973925,-0.0355693,5807.28,3,10.63,158.338,183.303,49.8881,1,2,1.0,0.0,0.0,3,0.0,0,True,1746968443.3622916,left,False
553,1746968445.483325,115.918,1.2748,-1.45927,-0.0953836,-0.0361608,5815.52,3,10.65,158.981,183.946,49.8878,1,2,1.0,0.0,0.0,3,0.0,0,True,1746968443.3622916,left,False
554,1746968445.501415,116.094,1.27607,-1.48426,-0.0933467,-0.036751,5825.69,3,10.67,159.625,184.59,49.8875,1,2,1.0,0.0,0.0,3,0.0,0,True,1746968443.3622916,left,False
555,1746968445.520846,116.27,1.27658,-1.50119,-0.0912817,-0.0373428,5833.54,3,10.69,160.27,185.235,49.8872,1,2,1.0,0.0,0.0,3,0.0,0,True,1746968443.3622916,left,False
556,1746968445.5429573,116.446,1.27705,-1.51965,-0.0891886,-0.037935,5840.66,3,10.71,160.916,185.88,49.8869,1,2,1.0,0.0,0.0,3,0.0,0,True,1746968443.3622916,left,False
557,1746968445.5634742,116.622,1.27804,-1.54363,-0.0870672,-0.0385245,5847.48,3,10.73,161.562,186.527,49.8866,1,2,1.0,0.0,0.0,3,0.0,0,True,1746968443.3622916,left,False
558,1746968445.5811708,116.798,1.27915,-1.56519,-0.0849174,-0.0391135,5856.54,3,10.75,162.21,187.175,49.8863,1,2,1.0,0.0,0.0,3,0.0,0,True,1746968443.3622916,left,False
559,1746968445.6027122,116.972,1.28009,-1.58228,-0.0827394,-0.0397025,5865.47,3,10.77,162.859,187.823,49.886,1,2,1.0,0.0,0.0,3,0.0,0,True,1746968443.3622916,left,False
560,1746968445.6228592,117.147,1.28097,-1.60438,-0.0805332,-0.0402885,5875.25,3,10.79,163.508,188.473,49.8857,1,2,1.0,0.0,0.0,3,0.0,0,True,1746968443.3622916,left,False
561,1746968445.6414828,117.323,1.28173,-1.61675,-0.0782986,-0.04087,5878.1,3,10.81,164.159,189.123,49.8854,1,2,1.0,0.0,0.0,3,0.0,0,True,1746968443.3622916,left,False
562,1746968445.66104,117.494,1.28459,-1.64386,-0.0760356,-0.0414484,5893.34,3,10.83,164.81,189.775,49.8851,1,2,1.0,0.0,0.0,3,0.0,0,True,1746968443.3622916,left,False
563,1746968445.6824732,117.669,1.28598,-1.66301,-0.073744,-0.0420269,5900.68,3,10.85,165.463,190.427,49.8848,1,2,1.0,0.0,0.0,3,0.0,0,True,1746968443.3622916,left,False
564,1746968445.7026742,117.843,1.28792,-1.68501,-0.0714238,-0.0426072,5906.68,3,10.87,166.116,191.081,49.8845,1,2,1.0,0.0,0.0,3,0.0,0,True,1746968443.3622916,left,False
565,1746968445.7221358,118.015,1.28953,-1.70577,-0.069075,-0.0431871,5915.27,3,10.89,166.77,191.735,49.8842,1,2,1.0,0.0,0.0,3,0.0,0,True,1746968443.3622916,left,False
566,1746968445.742125,118.188,1.29113,-1.72967,-0.0666974,-0.0437666,5924.44,3,10.91,167.425,192.39,49.8839,1,2,1.0,0.0,0.0,3,0.0,0,True,1746968443.3622916,left,False
567,1746968445.7615392,118.36,1.29277,-1.75166,-0.0642913,-0.0443439,5932.72,3,10.93,168.082,193.046,49.8836,1,2,1.0,0.0,0.0,3,0.0,0,True,1746968443.3622916,left,False
568,1746968445.7815318,118.534,1.29394,-1.77007,-0.0618565,-0.044923,5938.07,3,10.95,168.739,193.704,49.8833,1,2,1.0,0.0,0.0,3,0.0,0,True,1746968443.3622916,left,False
569,1746968445.8033981,118.704,1.29547,-1.78835,-0.0593931,-0.0454967,5949.46,3,10.97,169.397,194.362,49.8829,1,2,1.0,0.0,0.0,3,0.0,0,True,1746968443.3622916,left,False
570,1746968445.821792,118.876,1.29743,-1.81314,-0.0569009,-0.0460727,5956.21,3,10.99,170.056,195.021,49.8826,1,2,1.0,0.0,0.0,3,0.0,0,True,1746968443.3622916,left,False
571,1746968445.8418303,119.048,1.29879,-1.82984,-0.0543797,-0.0466455,5961.98,3,11.01,170.716,195.681,49.8823,1,2,1.0,0.0,0.0,3,0.0,0,True,1746968443.3622916,left,False
572,1746968445.865466,119.22,1.30038,-1.85225,-0.0518299,-0.0472155,5969.68,3,11.03,171.377,196.341,49.882,1,2,1.0,0.0,0.0,3,0.0,0,True,1746968443.3622916,left,False
573,1746968445.8806362,119.389,1.3026,-1.87595,-0.0492514,-0.0477851,5980.26,3,11.05,172.038,197.003,49.8817,1,2,1.0,0.0,0.0,3,0.0,0,True,1746968443.3622916,left,False
574,1746968445.9001126,119.559,1.30451,-1.89743,-0.046644,-0.0483553,5989.55,3,11.07,172.701,197.666,49.8814,1,2,1.0,0.0,0.0,3,0.0,0,True,1746968443.3622916,left,False
575,1746968445.922047,119.73,1.30627,-1.91692,-0.0440077,-0.0489227,5994.5,3,11.09,173.365,198.329,49.8811,1,2,1.0,0.0,0.0,3,0.0,0,True,1746968443.3622916,left,False
576,1746968445.9432929,119.9,1.30789,-1.93626,-0.0413426,-0.0494868,6003.09,3,11.11,174.029,198.994,49.8808,1,2,1.0,0.0,0.0,3,0.0,0,True,1746968443.3622916,left,False
577,1746968445.9630811,120.068,1.30986,-1.95861,-0.0386487,-0.0500547,6013.29,3,11.13,174.695,199.659,49.8805,1,2,1.0,0.0,0.0,3,0.0,0,True,1746968443.3622916,left,False
578,1746968445.9801288,120.237,1.31137,-1.97617,-0.0359259,-0.0506194,6020.09,3,11.15,175.361,200.326,49.8802,1,2,1.0,0.0,0.0,3,0.0,0,True,1746968443.3622916,left,False
579,1746968446.0010006,120.406,1.31368,-2.00221,-0.0331742,-0.0511832,6028.21,3,11.17,176.028,200.993,49.8799,1,2,1.0,0.0,0.0,3,0.0,0,True,1746968443.3622916,left,False
580,1746968446.0227146,120.574,1.31524,-2.0224,-0.0303935,-0.0517475,6036.75,3,11.19,176.696,201.661,49.8796,1,2,1.0,0.0,0.0,3,0.0,0,True,1746968443.3622916,left,False
581,1746968446.0412192,120.744,1.31659,-2.03753,-0.0275838,-0.0523105,6041.17,3,11.21,177.365,202.33,49.8793,1,2,1.0,0.0,0.0,3,0.0,0,True,1746968443.3622916,left,False
582,1746968446.0614388,120.91,1.31892,-2.06364,-0.024745,-0.0528724,6053.24,3,11.23,178.035,203,49.879,1,2,1.0,0.0,-0.1,3,0.0,0,True,1746968443.3622916,left,False
583,1746968446.0806556,121.078,1.32037,-2.08267,-0.0218772,-0.0534349,6057.75,3,11.25,178.706,203.671,49.8787,1,2,1.0,0.0,-0.1,3,0.0,0,True,1746968443.3622916,left,False
584,1746968446.1016417,121.224,1.16993,-2.09913,-0.0190143,-0.053417,6078.77,3,11.27,179.378,204.343,49.8784,1,2,1.0,0.0,-0.1,3,0.0,0,True,1746968443.3622916,left,False
585,1746968446.1212232,121.368,1.13532,-2.1017,-0.0162221,-0.0517984,6084.48,3,11.29,180.051,205.016,49.8781,1,2,1.0,0.0,-0.1,3,0.0,0,True,1746968443.3622916,left,False
586,1746968446.1416612,121.514,1.26321,-2.08895,-0.013511,-0.0486232,6082.42,3,11.31,180.724,205.689,49.8778,1,2,1.0,0.0,-0.1,3,0.0,0,True,1746968443.3622916,left,False
587,1746968446.1630862,121.656,1.53231,-2.04616,-0.0108921,-0.0440063,6078.84,3,11.33,181.399,206.363,49.8775,1,2,1.0,0.0,-0.1,3,0.0,0,True,1746968443.3622916,left,False
588,1746968446.1832788,121.79,1.92703,-2.00177,-0.00838025,-0.038064,6081.58,3,11.35,182.074,207.039,49.8772,1,2,1.0,0.0,-0.1,3,0.0,0,True,1746968443.3622916,left,False
589,1746968446.2020173,121.915,2.42072,-1.92434,-0.005992,-0.0309385,6086.61,3,11.37,182.75,207.715,49.8768,1,2,1.0,0.0,-0.1,3,0.0,0,True,1746968443.3622916,left,False
590,1746968446.220483,122.03,2.99656,-1.84661,-0.00374591,-0.0227651,6092.65,3,11.39,183.427,208.392,49.8765,1,2,1.0,0.0,-0.1,3,0.0,0,True,1746968443.3622916,left,False
591,1746968446.242208,122.135,3.62391,-1.74034,-0.00166213,-0.0136863,6098.15,3,11.41,184.105,209.07,49.8762,1,2,1.0,0.0,-0.1,3,0.0,0,True,1746968443.3622916,left,False
592,1746968446.2619555,122.227,4.29452,-1.62163,0.00023702,-0.00382187,6105.49,3,11.43,184.783,209.748,49.8759,1,2,1.0,0.0,-0.1,3,0.0,0,True,1746968443.3622916,left,False
593,1746968446.2800887,122.303,4.99442,-1.48424,0.00193113,0.00668093,6116.77,3,11.45,185.463,210.427,49.8756,1,2,1.0,0.0,-0.1,3,0.0,0,True,1746968443.3622916,left,False
594,1746968446.302186,122.367,5.70299,-1.32954,0.00339934,0.0176837,6126.59,3,11.47,186.143,211.107,49.8753,1,2,1.0,0.0,-0.1,3,0.0,0,True,1746968443.3622916,left,False
595,1746968446.3201332,122.415,6.40257,-1.15798,0.00462106,0.0290637,6140.33,3,11.49,186.823,211.788,49.875,1,2,1.0,0.0,-0.1,3,0.0,0,True,1746968443.3622916,left,False
596,1746968446.341231,122.451,7.08818,-0.972664,0.00557664,0.0406918,6154.21,3,11.51,187.504,212.469,49.8747,1,2,1.0,0.0,-0.1,3,0.0,0,True,1746968443.3622916,left,False
597,1746968446.362643,122.472,7.74417,-0.76705,0.00624943,0.0524411,6168.25,3,11.53,188.186,213.151,49.8744,1,2,1.0,0.0,-0.1,3,0.0,0,True,1746968443.3622916,left,False
598,1746968446.381438,122.482,8.35687,-0.546854,0.00662123,0.0641758,6186.91,3,11.55,188.868,213.833,49.8741,1,2,1.0,0.0,-0.1,3,0.0,0,True,1746968443.3622916,left,False
599,1746968446.4016826,122.482,8.92078,-0.319312,0.0066789,0.0757587,6204.97,3,11.57,189.55,214.515,49.8738,1,2,1.0,0.0,-0.1,3,0.0,0,True,1746968443.3622916,left,False
600,1746968446.4215078,122.473,9.41824,-0.0728735,0.00640926,0.0870842,6227.71,3,11.59,190.232,215.197,49.8735,1,2,1.0,0.0,-0.1,3,0.0,0,True,1746968443.3622916,left,False
601,1746968446.440507,122.462,9.8404,0.193642,0.00580069,0.0980427,6244.92,3,11.61,190.915,215.88,49.8732,1,2,1.0,0.0,-0.1,3,0.0,0,True,1746968443.3622916,left,False
602,1746968446.4629335,122.442,10.19,0.466078,0.0048453,0.108533,6271.31,3,11.63,191.597,216.562,49.8729,1,2,1.0,0.0,0.0,3,0.0,0,True,1746968443.3622916,right,False
603,1746968446.480416,122.422,10.4525,0.742334,0.00353527,0.11846,6297.72,3,11.65,192.28,217.244,49.8726,1,2,1.0,0.0,0.0,3,0.0,0,True,1746968443.3622916,right,False
604,1746968446.5011156,122.444,10.7233,1.02947,0.00188535,0.127417,6305.52,3,11.67,192.962,217.927,49.8723,1,2,1.0,0.0,0.0,3,0.0,0,True,1746968443.3622916,right,False
605,1746968446.5219662,122.482,10.8297,1.31334,-6.58671e-005,0.134652,6321.59,3,11.69,193.644,218.609,49.872,1,2,1.0,0.0,0.0,3,0.0,0,True,1746968443.3622916,right,False
606,1746968446.5433395,122.537,10.7227,1.59019,-0.0023173,0.140149,6335.57,3,11.71,194.327,219.291,49.8717,1,2,1.0,0.0,0.0,3,0.0,0,True,1746968443.3622916,right,False
607,1746968446.5616405,122.607,10.4249,1.86462,-0.0048659,0.143955,6354.13,3,11.73,195.009,219.974,49.8714,1,2,1.0,0.0,0.0,3,0.0,0,True,1746968443.3622916,right,False
608,1746968446.580418,122.701,9.95498,2.13025,-0.00770283,0.146152,6358.32,3,11.75,195.691,220.656,49.871,1,2,1.0,0.0,0.0,3,0.0,0,True,1746968443.3622916,right,False
609,1746968446.6024346,122.808,9.34689,2.37917,-0.0108145,0.146843,6368.38,3,11.77,196.374,221.339,49.8707,1,2,1.0,0.0,0.0,3,0.0,0,True,1746968443.3622916,right,False
610,1746968446.62202,122.933,8.62366,2.61743,-0.0141825,0.146171,6366.76,3,11.79,197.056,222.021,49.8704,1,2,1.0,0.0,0.0,3,0.0,0,True,1746968443.3622916,right,False
611,1746968446.6433399,123.074,7.82475,2.83816,-0.0177842,0.144344,6354.49,3,11.81,197.739,222.704,49.8701,1,2,1.0,0.0,0.0,3,0.0,0,True,1746968443.3622916,right,False
612,1746968446.6625416,123.232,6.98241,3.03806,-0.0215937,0.141602,6318.08,3,11.83,198.422,223.387,49.8698,1,2,1.0,0.0,0.0,3,0.0,0,True,1746968443.3622916,right,False
613,1746968446.6810043,123.391,6.13411,3.21752,-0.025583,0.138199,6290.42,3,11.85,199.106,224.07,49.8695,1,2,1.0,0.0,0.0,3,0.0,0,True,1746968443.3622916,right,False
614,1746968446.70027,123.549,5.31476,3.36937,-0.0297222,0.13439,6263.6,3,11.87,199.789,224.754,49.8692,1,2,1.0,0.0,0.0,3,0.0,0,True,1746968443.3622916,right,False
615,1746968446.7208326,123.706,4.54661,3.492,-0.0339823,0.130404,6242.69,3,11.89,200.474,225.439,49.8689,1,2,1.0,0.0,0.0,3,0.0,0,True,1746968443.3622916,right,False
616,1746968446.7427988,123.856,3.85058,3.5874,-0.0383355,0.126428,6230.23,3,11.91,201.159,226.124,49.8686,1,2,1.0,0.0,0.0,3,0.0,0,True,1746968443.3622916,right,False
617,1746968446.763935,124.004,3.23466,3.66431,-0.0427563,0.122601,6221.11,3,11.93,201.845,226.809,49.8683,1,2,1.0,0.0,0.0,3,0.0,0,True,1746968443.3622916,right,False
618,1746968446.7813442,124.146,2.70396,3.70681,-0.0472223,0.11901,6217.06,3,11.95,202.531,227.496,49.868,1,2,1.0,0.0,0.0,3,0.0,0,True,1746968443.3622916,right,False
619,1746968446.8024755,124.285,2.25592,3.7309,-0.051714,0.115699,6216.31,3,11.97,203.218,228.183,49.8677,1,2,1.0,0.0,0.0,3,0.0,0,True,1746968443.3622916,right,False
620,1746968446.8219771,124.42,1.885,3.72656,-0.0562153,0.112692,6220.72,3,11.99,203.905,228.87,49.8674,1,2,1.0,0.0,0.0,3,0.0,0,True,1746968443.3622916,right,False
621,1746968446.8434072,124.555,1.58227,3.71353,-0.0607132,0.109989,6222.12,3,12.01,204.594,229.559,49.8671,1,2,1.0,0.0,0.0,3,0.0,0,True,1746968443.3622916,right,False
622,1746968446.8646564,124.688,1.34165,3.68169,-0.0651969,0.107576,6227.11,3,12.03,205.283,230.248,49.8668,1,2,1.0,0.0,0.0,3,0.0,0,True,1746968443.3622916,right,False
623,1746968446.8822265,124.82,1.15392,3.62799,-0.0696582,0.105431,6233.15,3,12.05,205.973,230.938,49.8665,1,2,1.0,0.0,0.0,3,0.0,0,True,1746968443.3622916,right,False
624,1746968446.9035513,124.95,1.01167,3.57101,-0.0740907,0.103528,6239.01,3,12.07,206.664,231.628,49.8662,1,2,1.0,0.0,0.0,3,0.0,0,True,1746968443.3622916,right,False
625,1746968446.9204123,125.08,0.907703,3.51004,-0.0784896,0.101841,6245.65,3,12.09,207.355,232.32,49.8659,1,2,1.0,0.0,0.0,3,0.0,0,True,1746968443.3622916,right,False
626,1746968446.9405613,125.21,0.835387,3.43945,-0.0828515,0.100348,6252.62,3,12.11,208.047,233.012,49.8656,1,2,1.0,0.0,0.0,3,0.0,0,True,1746968443.3622916,right,False
627,1746968446.9618223,125.339,0.789627,3.3706,-0.0871739,0.0990235,6260.24,3,12.13,208.74,233.705,49.8652,1,2,1.0,0.0,0.0,3,0.0,0,True,1746968443.3622916,right,False
628,1746968446.980852,125.468,0.765629,3.30072,-0.0914553,0.0978479,6266.69,3,12.15,209.434,234.399,49.8649,1,2,1.0,0.0,0.0,3,0.0,0,True,1746968443.3622916,right,False
629,1746968447.0024302,125.597,0.75912,3.23219,-0.0956949,0.0968021,6273.66,3,12.17,210.129,235.093,49.8646,1,2,1.0,0.0,0.0,3,0.0,0,True,1746968443.3622916,right,False
630,1746968447.0212815,125.726,0.766421,3.16339,-0.0998925,0.0958683,6277.96,3,12.19,210.824,235.789,49.8643,1,2,1.0,0.0,0.0,3,0.0,0,True,1746968443.3622916,right,False
631,1746968447.0429235,125.854,0.784923,3.09499,-0.104048,0.0950311,6286.76,3,12.21,211.52,236.485,49.864,1,2,1.0,0.0,0.0,3,0.0,0,True,1746968443.3622916,right,False
632,1746968447.0608664,125.983,0.811343,3.03857,-0.108163,0.0942762,6291.6,3,12.23,212.217,237.182,49.8637,1,2,1.0,0.0,0.0,3,0.0,0,True,1746968443.3622916,right,False
633,1746968447.082758,126.111,0.844303,2.97287,-0.112238,0.093591,6298.34,3,12.25,212.915,237.879,49.8634,1,2,1.0,0.0,0.0,3,0.0,0,True,1746968443.3622916,right,False
634,1746968447.0998378,126.241,0.880925,2.91761,-0.116273,0.0929637,6301.05,3,12.27,213.613,238.578,49.8631,1,2,1.0,0.0,0.0,3,0.0,0,True,1746968443.3622916,right,False
635,1746968447.1224012,126.368,0.92005,2.87384,-0.120271,0.092386,6308.29,3,12.29,214.312,239.277,49.8628,1,2,1.0,0.0,0.0,3,0.0,0,True,1746968443.3622916,right,False
636,1746968447.1434255,126.495,0.96003,2.82626,-0.124232,0.0918401,6318.26,3,12.31,215.012,239.977,49.8625,1,2,1.0,0.0,0.0,3,0.0,0,True,1746968443.3622916,right,False
637,1746968447.1601112,126.623,0.999451,2.78455,-0.128158,0.09132,6322.88,3,12.33,215.713,240.677,49.8622,1,2,1.0,0.0,0.0,3,0.0,0,True,1746968443.3622916,right,False
638,1746968447.1808033,126.75,1.03785,2.74187,-0.13205,0.0908207,6330.59,3,12.35,216.414,241.379,49.8619,1,2,1.0,0.0,0.0,3,0.0,0,True,1746968443.3622916,right,False
639,1746968447.2022636,126.879,1.07396,2.72644,-0.13591,0.0903365,6332.99,3,12.37,217.116,242.081,49.8616,1,2,1.0,0.0,0.0,3,0.0,0,True,1746968443.3622916,right,False
640,1746968447.2201407,127.005,1.10966,2.68322,-0.139738,0.0898641,6342.9,3,12.39,217.819,242.784,49.8613,1,2,1.0,0.0,0.0,3,0.0,0,True,1746968443.3622916,right,False
641,1746968447.241309,127.133,1.14161,2.66372,-0.143536,0.089397,6346.46,3,12.41,218.523,243.488,49.861,1,2,1.0,0.0,0.0,3,0.0,0,True,1746968443.3622916,right,False
642,1746968447.2604618,127.261,1.17125,2.64248,-0.147305,0.0889331,6351.83,3,12.43,219.227,244.192,49.8607,1,2,1.0,0.0,0.0,3,0.0,0,True,1746968443.3622916,right,False
643,1746968447.2822886,127.387,1.19835,2.62314,-0.151046,0.0884686,6358.45,3,12.45,219.933,244.897,49.8604,1,2,1.0,0.0,0.0,3,0.0,0,True,1746968443.3622916,right,False
644,1746968447.3023484,127.514,1.22269,2.60476,-0.15476,0.0880015,6364.26,3,12.47,220.639,245.603,49.8601,1,2,1.0,0.0,0.0,3,0.0,0,True,1746968443.3622916,right,False
645,1746968447.319833,127.642,1.24373,2.59246,-0.158447,0.0875293,6368.18,3,12.49,221.345,246.31,49.8598,1,2,1.0,0.0,0.0,3,0.0,0,True,1746968443.3622916,right,False
646,1746968447.3428206,127.768,1.26309,2.57836,-0.162109,0.0870518,6375.39,3,12.51,222.053,247.017,49.8595,1,2,1.0,0.0,0.0,3,0.0,0,True,1746968443.3622916,right,False
647,1746968447.3611078,127.894,1.27973,2.56892,-0.165746,0.08657,6381.62,3,12.53,222.761,247.726,49.8591,1,2,1.0,0.0,0.0,3,0.0,0,True,1746968443.3622916,right,False
648,1746968447.381391,128.02,1.2941,2.55759,-0.169358,0.0860811,6388.22,3,12.55,223.47,248.435,49.8588,1,2,1.0,0.0,0.0,3,0.0,0,True,1746968443.3622916,right,False
649,1746968447.4005651,128.147,1.30625,2.55173,-0.172947,0.0855856,6392.9,3,12.57,224.179,249.144,49.8585,1,2,1.0,0.0,0.0,3,0.0,0,True,1746968443.3622916,right,False
650,1746968447.422303,128.273,1.31716,2.53661,-0.176511,0.0850833,6399.05,3,12.59,224.89,249.854,49.8582,1,2,1.0,0.0,0.0,3,0.0,0,True,1746968443.3622916,right,False
651,1746968447.4441032,128.4,1.32532,2.53822,-0.180052,0.0845763,6402.5,3,12.61,225.601,250.565,49.8579,1,2,1.0,0.0,0.0,3,0.0,0,True,1746968443.3622916,right,False
652,1746968447.4633336,128.524,1.33374,2.51743,-0.183569,0.0840645,6412.7,3,12.63,226.313,251.277,49.8576,1,2,1.0,0.0,0.0,3,0.0,0,True,1746968443.3622916,right,False
653,1746968447.4812212,128.652,1.33988,2.51279,-0.187064,0.0835465,6413.09,3,12.65,227.025,251.99,49.8573,1,2,1.0,0.0,0.0,3,0.0,0,True,1746968443.3622916,right,False
654,1746968447.5009735,128.777,1.34524,2.50654,-0.190536,0.0830279,6422.94,3,12.67,227.738,252.703,49.857,1,2,1.0,0.0,0.0,3,0.0,0,True,1746968443.3622916,right,False
655,1746968447.520544,128.901,1.35186,2.48352,-0.193984,0.0825061,6431.94,3,12.69,228.452,253.417,49.8567,1,2,1.0,0.0,0.0,3,0.0,0,True,1746968443.3622916,right,False
656,1746968447.5406337,129.027,1.35571,2.47016,-0.197409,0.0819755,6437.17,3,12.71,229.167,254.132,49.8564,1,2,1.0,0.0,0.0,3,0.0,0,True,1746968443.3622916,right,False
657,1746968447.5618675,129.153,1.35946,2.45024,-0.200812,0.0814435,6440.49,3,12.73,229.882,254.847,49.8561,1,2,1.0,0.0,0.0,3,0.0,0,True,1746968443.3622916,right,False
658,1746968447.5829268,129.279,1.36273,2.44144,-0.204192,0.0809156,6445.05,3,12.75,230.599,255.563,49.8558,1,2,1.0,0.0,0.0,3,0.0,0,True,1746968443.3622916,right,False
659,1746968447.6002464,129.403,1.36504,2.43382,-0.207549,0.0803856,6452.45,3,12.77,231.315,256.28,49.8555,1,2,1.0,0.0,0.0,3,0.0,0,True,1746968443.3622916,right,False
660,1746968447.6225965,129.527,1.36799,2.41818,-0.210884,0.0798522,6460.65,3,12.79,232.033,256.998,49.8552,1,2,1.0,0.0,0.0,3,0.0,0,True,1746968443.3622916,right,False
661,1746968447.6422715,129.652,1.37132,2.39434,-0.214195,0.0793177,6466.07,3,12.81,232.751,257.716,49.8549,1,2,1.0,0.0,0.0,3,0.0,0,True,1746968443.3622916,right,False
662,1746968447.6625314,129.778,1.37427,2.37326,-0.217483,0.0787877,6470.08,3,12.83,233.47,258.435,49.8546,1,2,1.0,0.0,0.0,3,0.0,0,True,1746968443.3622916,right,False
663,1746968447.6812794,129.902,1.37749,2.35954,-0.220749,0.0782654,6475.87,3,12.85,234.19,259.155,49.8543,1,2,1.0,0.0,0.0,3,0.0,0,True,1746968443.3622916,right,False
664,1746968447.7023497,130.026,1.38117,2.3432,-0.223992,0.0777447,6482.42,3,12.87,234.911,259.875,49.854,1,2,1.0,0.0,0.0,3,0.0,0,True,1746968443.3622916,right,False
665,1746968447.7213342,130.152,1.38314,2.33875,-0.227213,0.0772218,6484.81,3,12.89,235.632,260.596,49.8537,1,2,1.0,0.0,0.0,3,0.0,0,True,1746968443.3622916,right,False
666,1746968447.7409806,130.275,1.38525,2.31967,-0.230411,0.0766952,6494.9,3,12.91,236.354,261.318,49.8533,1,2,1.0,0.0,0.0,3,0.0,0,True,1746968443.3622916,right,False
667,1746968447.762571,130.4,1.38781,2.30437,-0.233586,0.07617,6497.69,3,12.93,237.076,262.041,49.853,1,2,1.0,0.0,0.0,3,0.0,0,True,1746968443.3622916,right,False
668,1746968447.7811787,130.524,1.3905,2.28602,-0.236739,0.075647,6504.04,3,12.95,237.799,262.764,49.8527,1,2,1.0,0.0,0.0,3,0.0,0,True,1746968443.3622916,right,False
669,1746968447.8022616,130.646,1.39284,2.26955,-0.239869,0.0751211,6513.55,3,12.97,238.523,263.488,49.8524,1,2,1.0,0.0,0.0,3,0.0,0,True,1746968443.3622916,right,False
670,1746968447.8201065,130.769,1.39522,2.24841,-0.242976,0.0745954,6519.32,3,12.99,239.248,264.213,49.8521,1,2,1.0,0.0,0.0,3,0.0,0,True,1746968443.3622916,right,False
671,1746968447.8407698,130.893,1.39729,2.2262,-0.24606,0.0740686,6525.36,3,13.01,239.974,264.938,49.8518,1,2,1.0,0.0,0.0,3,0.0,0,True,1746968443.3622916,right,False
672,1746968447.8615403,131.017,1.39864,2.21178,-0.249122,0.0735417,6530.52,3,13.03,240.7,265.665,49.8515,1,2,1.0,0.0,0.0,3,0.0,0,True,1746968443.3622916,right,False
673,1746968447.8832176,131.141,1.40007,2.19722,-0.25216,0.0730143,6535.06,3,13.05,241.427,266.391,49.8512,1,2,1.0,0.0,0.1,3,0.0,0,True,1746968443.3622916,right,False
674,1746968447.902491,131.263,1.40163,2.17715,-0.255176,0.0724861,6541.03,3,13.07,242.154,267.119,49.8509,1,2,1.0,0.0,0.1,3,0.0,0,True,1746968443.3622916,right,False
675,1746968447.9225671,131.372,1.56628,2.15649,-0.258132,0.071303,6557.22,3,13.09,242.883,267.847,49.8506,1,2,1.0,0.0,0.1,3,0.0,0,True,1746968443.3622916,right,False
676,1746968447.9426486,131.479,1.56955,2.11843,-0.260955,0.0683582,6573.44,3,13.11,243.612,268.576,49.8503,1,2,1.0,0.0,0.1,3,0.0,0,True,1746968443.3622916,right,False
677,1746968447.9606695,131.591,1.37102,2.06911,-0.263645,0.063862,6586.84,3,13.13,244.341,269.306,49.85,1,2,1.0,0.0,0.1,3,0.0,0,True,1746968443.3622916,right,False
678,1746968447.9814048,131.703,1.0147,2.00279,-0.266196,0.0580643,6601.51,3,13.15,245.072,270.036,49.8497,1,2,1.0,0.0,0.1,3,0.0,0,True,1746968443.3622916,right,False
679,1746968448.0036876,131.813,0.540641,1.91352,-0.2686,0.051201,6620.81,3,13.17,245.803,270.768,49.8494,1,2,1.0,0.0,0.1,3,0.0,0,True,1746968443.3622916,right,False
680,1746968448.021341,131.921,-0.0138198,1.81377,-0.270844,0.0435004,6639.22,3,13.19,246.535,271.5,49.8491,1,2,1.0,0.0,0.1,3,0.0,0,True,1746968443.3622916,right,False
681,1746968448.041535,132.021,-0.622752,1.70038,-0.272916,0.0351622,6663.91,3,13.21,247.267,272.232,49.8488,1,2,1.0,0.0,0.1,3,0.0,0,True,1746968443.3622916,right,False
682,1746968448.0624733,132.115,-1.26221,1.56868,-0.274804,0.0263717,6693.87,3,13.23,248,272.965,49.8485,1,2,1.0,0.0,0.1,3,0.0,0,True,1746968443.3622916,right,False
683,1746968448.0804858,132.202,-1.91135,1.42239,-0.276495,0.0172801,6722.28,3,13.25,248.734,273.699,49.8482,1,2,1.0,0.0,0.1,3,0.0,0,True,1746968443.3622916,right,False
684,1746968448.101758,132.281,-2.5589,1.26419,-0.277977,0.00800583,6757.08,3,13.27,249.469,274.434,49.8479,1,2,1.0,0.0,0.0,3,0.0,0,True,1746968443.3622916,left,False
685,1746968448.1200948,132.353,-3.19219,1.09412,-0.279241,-0.00135616,6791.83,3,13.29,250.204,275.169,49.8475,1,2,1.0,0.0,0.0,3,0.0,0,True,1746968443.3622916,left,False
686,1746968448.1430056,132.444,-3.9044,0.909906,-0.280296,-0.0103853,6784.71,3,13.31,250.94,275.904,49.8473,1,2,1.0,0.0,0.0,3,0.0,0,True,1746968443.3622916,left,False
687,1746968448.1647906,132.545,-4.49965,0.73541,-0.281179,-0.0183213,6774.21,3,13.33,251.676,276.641,49.847,1,2,1.0,0.0,0.0,3,0.0,0,True,1746968443.3622916,left,False
688,1746968448.1815488,132.657,-4.93474,0.557581,-0.281882,-0.0252579,6756.58,3,13.35,252.413,277.378,49.8467,1,2,1.0,0.0,0.0,3,0.0,0,True,1746968443.3622916,left,False
689,1746968448.2025092,132.777,-5.23078,0.387849,-0.282394,-0.0313268,6730.1,3,13.37,253.151,278.116,49.8464,1,2,1.0,0.0,0.0,3,0.0,0,True,1746968443.3622916,left,False
690,1746968448.221954,132.899,-5.41509,0.222504,-0.282709,-0.0366667,6710.61,3,13.39,253.889,278.854,49.8461,1,2,1.0,0.0,0.0,3,0.0,0,True,1746968443.3622916,left,False
691,1746968448.2408147,133.019,-5.50666,0.0565936,-0.282822,-0.04139,6702.08,3,13.41,254.629,279.594,49.8457,1,2,1.0,0.0,0.0,3,0.0,0,True,1746968443.3622916,left,False
692,1746968448.2638278,133.14,-5.52303,-0.0991759,-0.28273,-0.0455817,6694.69,3,13.43,255.369,280.333,49.8454,1,2,1.0,0.0,0.0,3,0.0,0,True,1746968443.3622916,left,False
693,1746968448.2800233,133.263,-5.47437,-0.261114,-0.282433,-0.0493104,6694.08,3,13.45,256.109,281.074,49.8451,1,2,1.0,0.0,0.0,3,0.0,0,True,1746968443.3622916,left,False
694,1746968448.3036227,133.387,-5.37414,-0.418267,-0.28193,-0.0526246,6695.04,3,13.47,256.851,281.815,49.8448,1,2,1.0,0.0,0.0,3,0.0,0,True,1746968443.3622916,left,False
695,1746968448.32127,133.51,-5.22907,-0.56704,-0.281222,-0.0555559,6704.24,3,13.49,257.593,282.557,49.8445,1,2,1.0,0.0,0.0,3,0.0,0,True,1746968443.3622916,left,False
696,1746968448.3413167,133.64,-5.04269,-0.719033,-0.280314,-0.0581256,6705.29,3,13.51,258.335,283.3,49.8442,1,2,1.0,0.0,0.0,3,0.0,0,True,1746968443.3622916,left,False
697,1746968448.3625238,133.769,-4.82285,-0.865918,-0.279207,-0.0603513,6711.35,3,13.53,259.078,284.043,49.8439,1,2,1.0,0.0,0.0,3,0.0,0,True,1746968443.3622916,left,False
698,1746968448.3808784,133.901,-4.57178,-1.01725,-0.277906,-0.0622513,6716.98,3,13.55,259.822,284.787,49.8436,1,2,1.0,0.0,0.0,3,0.0,0,True,1746968443.3622916,left,False
699,1746968448.4029918,134.036,-4.29467,-1.15807,-0.276417,-0.0638471,6721.48,3,13.57,260.566,285.531,49.8433,1,2,1.0,0.0,0.0,3,0.0,0,True,1746968443.3622916,left,False
700,1746968448.4225733,134.17,-3.99819,-1.30496,-0.274746,-0.0651543,6731.57,3,13.59,261.311,286.276,49.843,1,2,1.0,0.0,0.0,3,0.0,0,True,1746968443.3622916,left,False
701,1746968448.4404235,134.308,-3.68146,-1.44102,-0.272897,-0.0661931,6734.64,3,13.61,262.057,287.022,49.8427,1,2,1.0,0.0,0.0,3,0.0,0,True,1746968443.3622916,left,False
702,1746968448.4603257,134.448,-3.35093,-1.57328,-0.27088,-0.0669852,6738.89,3,13.63,262.803,287.768,49.8424,1,2,1.0,0.0,0.0,3,0.0,0,True,1746968443.3622916,left,False
703,1746968448.480196,134.586,-3.01294,-1.70342,-0.268702,-0.0675553,6745.36,3,13.65,263.55,288.515,49.8421,1,2,1.0,0.0,0.0,3,0.0,0,True,1746968443.3622916,left,False
704,1746968448.5049424,134.727,-2.67045,-1.82756,-0.266369,-0.0679296,6749.38,3,13.67,264.298,289.262,49.8418,1,2,1.0,0.0,0.0,3,0.0,0,True,1746968443.3622916,left,False
705,1746968448.5228617,134.87,-2.32602,-1.94044,-0.263892,-0.0681336,6748.95,3,13.69,265.046,290.01,49.8415,1,2,1.0,0.0,0.0,3,0.0,0,True,1746968443.3622916,left,False
706,1746968448.5427775,135.012,-1.98759,-2.05416,-0.261278,-0.0682036,6752.29,3,13.71,265.794,290.759,49.8412,1,2,1.0,0.0,0.0,3,0.0,0,True,1746968443.3622916,left,False
707,1746968448.5627253,135.154,-1.65705,-2.15647,-0.258535,-0.068168,6755.62,3,13.73,266.544,291.509,49.8409,1,2,1.0,0.0,0.0,3,0.0,0,True,1746968443.3622916,left,False
708,1746968448.5808563,135.298,-1.338,-2.2467,-0.255673,-0.0680523,6756.44,3,13.75,267.294,292.259,49.8406,1,2,1.0,0.0,0.0,3,0.0,0,True,1746968443.3622916,left,False
709,1746968448.6006627,135.44,-1.03438,-2.33391,-0.252699,-0.06788,6758.75,3,13.77,268.045,293.01,49.8403,1,2,1.0,0.0,0.0,3,0.0,0,True,1746968443.3622916,left,False
710,1746968448.621088,135.58,-0.748762,-2.41687,-0.249623,-0.0676795,6765.58,3,13.79,268.796,293.761,49.84,1,2,1.0,0.0,0.0,3,0.0,0,True,1746968443.3622916,left,False
711,1746968448.640594,135.722,-0.480689,-2.48174,-0.246451,-0.0674599,6766.1,3,13.81,269.548,294.513,49.8396,1,2,1.0,0.0,0.0,3,0.0,0,True,1746968443.3622916,left,False
712,1746968448.661663,135.861,-0.23373,-2.55259,-0.243193,-0.0672464,6773.38,3,13.83,270.301,295.266,49.8393,1,2,1.0,0.0,0.0,3,0.0,0,True,1746968443.3622916,left,False
713,1746968448.6826868,136.002,-0.00672428,-2.60582,-0.239854,-0.0670456,6777.31,3,13.85,271.055,296.02,49.839,1,2,1.0,0.0,0.0,3,0.0,0,True,1746968443.3622916,left,False
714,1746968448.7051528,136.142,0.199601,-2.6523,-0.236441,-0.0668704,6780.74,3,13.87,271.809,296.774,49.8387,1,2,1.0,0.0,0.0,3,0.0,0,True,1746968443.3622916,left,False
715,1746968448.7213564,136.281,0.385579,-2.69403,-0.232961,-0.0667286,6785.99,3,13.89,272.564,297.529,49.8384,1,2,1.0,0.0,0.0,3,0.0,0,True,1746968443.3622916,left,False
716,1746968448.7421434,136.419,0.552145,-2.73341,-0.22942,-0.0666255,6793.55,3,13.91,273.32,298.285,49.8381,1,2,1.0,0.0,0.0,3,0.0,0,True,1746968443.3622916,left,False
717,1746968448.7603922,136.557,0.699917,-2.76777,-0.225821,-0.066566,6799.44,3,13.93,274.076,299.041,49.8378,1,2,1.0,0.0,0.0,3,0.0,0,True,1746968443.3622916,left,False
718,1746968448.780975,136.696,0.830094,-2.79373,-0.22217,-0.0665497,6803.18,3,13.95,274.833,299.798,49.8375,1,2,1.0,0.0,0.0,3,0.0,0,True,1746968443.3622916,left,False
719,1746968448.8025503,136.83,0.943289,-2.81013,-0.21847,-0.0665788,6789.81,3,13.97,275.591,300.556,49.8372,1,2,1.0,0.0,0.0,3,0.0,0,True,1746968443.3622916,left,False
720,1746968448.8207197,136.958,1.04208,-2.8318,-0.214726,-0.0666533,6791.52,3,13.99,276.35,301.314,49.837,1,2,1.0,0.0,0.0,3,0.0,0,True,1746968443.3622916,left,False
721,1746968448.8428938,137.078,1.12657,-2.84614,-0.210941,-0.0667717,6796,3,14.01,277.109,302.074,49.8367,1,2,1.0,0.0,0.0,3,0.0,0,True,1746968443.3622916,left,False
722,1746968448.8610759,137.196,1.20016,-2.8663,-0.207117,-0.0669268,6807.79,3,14.03,277.869,302.833,49.8364,1,2,1.0,0.0,0.0,3,0.0,0,True,1746968443.3622916,left,False
723,1746968448.8804293,137.311,1.26242,-2.8771,-0.203256,-0.0671158,6801.67,3,14.05,278.629,303.594,49.8362,1,2,1.0,0.0,0.0,3,0.0,0,True,1746968443.3622916,left,False
724,1746968448.9004323,137.425,1.31503,-2.88444,-0.199362,-0.0673373,6798.51,3,14.07,279.39,304.355,49.8359,1,2,1.0,0.0,0.0,3,0.0,0,True,1746968443.3622916,left,False
725,1746968448.921041,137.532,1.36075,-2.90043,-0.195435,-0.0675852,6793.53,3,14.09,280.151,305.116,49.8357,1,2,1.0,0.0,0.0,3,0.0,0,True,1746968443.3622916,left,False
726,1746968448.9433112,137.636,1.39954,-2.91081,-0.191476,-0.0678544,6809.97,3,14.11,280.914,305.878,49.8354,1,2,1.0,0.0,0.0,3,0.0,0,True,1746968443.3622916,left,False
727,1746968448.9621494,137.738,1.43265,-2.91945,-0.187488,-0.0681435,6801.97,3,14.13,281.676,306.641,49.8352,1,2,1.0,0.0,0.0,3,0.0,0,True,1746968443.3622916,left,False
728,1746968448.9804423,137.837,1.46128,-2.9348,-0.183471,-0.0684506,6817.59,3,14.15,282.439,307.404,49.835,1,2,1.0,0.0,0.0,3,0.0,0,True,1746968443.3622916,left,False
729,1746968449.0048673,137.932,1.48545,-2.94567,-0.179425,-0.0687698,6816.16,3,14.17,283.203,308.168,49.8348,1,2,1.0,0.0,0.0,3,0.0,0,True,1746968443.3622916,left,False
730,1746968449.0222952,138.024,1.5068,-2.96169,-0.175353,-0.0690963,6820.43,3,14.19,283.967,308.932,49.8345,1,2,1.0,0.0,0.0,3,0.0,0,True,1746968443.3622916,left,False
731,1746968449.041248,138.115,1.52612,-2.97214,-0.171254,-0.0694274,6804.77,3,14.21,284.732,309.697,49.8344,1,2,1.0,0.0,0.0,3,0.0,0,True,1746968443.3622916,left,False
732,1746968449.062031,138.199,1.54302,-2.99123,-0.167129,-0.0697681,6818,3,14.23,285.497,310.462,49.8342,1,2,1.0,0.0,0.0,3,0.0,0,True,1746968443.3622916,left,False
733,1746968449.0808644,138.285,1.5577,-3.004,-0.162978,-0.070112,6810.43,3,14.25,286.263,311.227,49.834,1,2,1.0,0.0,0.0,3,0.0,0,True,1746968443.3622916,left,False
734,1746968449.1055002,138.365,1.57159,-3.0195,-0.158803,-0.0704539,6808.77,3,14.27,287.029,311.993,49.8338,1,2,1.0,0.0,0.0,3,0.0,0,True,1746968443.3622916,left,False
735,1746968449.1210806,138.442,1.58446,-3.03792,-0.154603,-0.0707984,6812.45,3,14.29,287.795,312.76,49.8336,1,2,1.0,0.0,0.0,3,0.0,0,True,1746968443.3622916,left,False
736,1746968449.1405382,138.51,1.59598,-3.05548,-0.15038,-0.0711452,6825.86,3,14.31,288.562,313.526,49.8334,1,2,1.0,0.0,0.0,3,0.0,0,True,1746968443.3622916,left,False
737,1746968449.1616948,138.585,1.60694,-3.07257,-0.146132,-0.0714872,6812.17,3,14.33,289.329,314.294,49.8333,1,2,1.0,0.0,0.0,3,0.0,0,True,1746968443.3622916,left,False
738,1746968449.1832645,138.649,1.61672,-3.08929,-0.141862,-0.0718302,6811.31,3,14.35,290.096,315.061,49.8331,1,2,1.0,0.0,0.0,3,0.0,0,True,1746968443.3622916,left,False
739,1746968449.2052956,138.711,1.62712,-3.10671,-0.137568,-0.0721668,6813.42,3,14.37,290.864,315.829,49.833,1,2,1.0,0.0,0.0,3,0.0,0,True,1746968443.3622916,left,False
740,1746968449.2207577,138.772,1.63634,-3.11891,-0.133252,-0.0724999,6815.86,3,14.39,291.632,316.597,49.8328,1,2,1.0,0.0,0.0,3,0.0,0,True,1746968443.3622916,left,False
741,1746968449.2426863,138.834,1.6459,-3.14107,-0.128914,-0.0728319,6819.17,3,14.41,292.401,317.366,49.8327,1,2,1.0,0.0,0.0,3,0.0,0,True,1746968443.3622916,left,False
742,1746968449.2608337,138.896,1.65443,-3.15362,-0.124555,-0.0731613,6821.73,3,14.43,293.17,318.134,49.8325,1,2,1.0,0.0,0.0,3,0.0,0,True,1746968443.3622916,left,False
743,1746968449.2828674,138.958,1.66419,-3.17916,-0.120173,-0.0734842,6825,3,14.45,293.939,318.903,49.8324,1,2,1.0,0.0,0.0,3,0.0,0,True,1746968443.3622916,left,False
744,1746968449.3022497,139.02,1.67191,-3.18537,-0.11577,-0.0738046,6827.19,3,14.47,294.708,319.673,49.8322,1,2,1.0,0.0,0.0,3,0.0,0,True,1746968443.3622916,left,False
745,1746968449.320843,139.081,1.68066,-3.20868,-0.111345,-0.074124,6830.58,3,14.49,295.478,320.443,49.832,1,2,1.0,0.0,0.0,3,0.0,0,True,1746968443.3622916,left,False
746,1746968449.3427103,139.143,1.68896,-3.22634,-0.1069,-0.07444,6834.01,3,14.51,296.248,321.213,49.8319,1,2,1.0,0.0,0.0,3,0.0,0,True,1746968443.3622916,left,False
747,1746968449.362191,139.205,1.69559,-3.2357,-0.102434,-0.0747565,6836.26,3,14.53,297.018,321.983,49.8317,1,2,1.0,0.0,0.0,3,0.0,0,True,1746968443.3622916,left,False
748,1746968449.380622,139.266,1.70288,-3.2572,-0.0979472,-0.0750708,6839.38,3,14.55,297.789,322.754,49.8316,1,2,1.0,0.0,0.0,3,0.0,0,True,1746968443.3622916,left,False
749,1746968449.4006407,139.328,1.70967,-3.27489,-0.0934402,-0.075385,6842.95,3,14.57,298.56,323.524,49.8314,1,2,1.0,0.0,0.0,3,0.0,0,True,1746968443.3622916,left,False
750,1746968449.4218433,139.39,1.7145,-3.28237,-0.0889131,-0.0757003,6844.48,3,14.59,299.331,324.296,49.8313,1,2,1.0,0.0,0.0,3,0.0,0,True,1746968443.3622916,left,False
751,1746968449.44238,139.452,1.71913,-3.28804,-0.0843689,-0.0756695,6845.97,3,14.61,300.102,325.067,49.8311,1,2,1.0,0.0,0.0,3,0.0,0,True,1746968443.3622916,left,False
752,1746968449.4620254,139.514,1.72353,-3.27622,-0.0798869,-0.0733997,6847.35,3,14.63,300.871,325.836,49.831,1,2,1.0,0.0,0.0,3,0.0,0,True,1746968443.3622916,left,False
753,1746968449.4841938,139.576,1.72862,-3.25764,-0.0755188,-0.0711111,6847.71,3,14.65,301.641,326.605,49.8308,1,2,1.0,0.0,0.0,3,0.0,0,True,1746968443.3622916,left,False
754,1746968449.5030422,139.637,1.73419,-3.22421,-0.0712646,-0.0687966,6849.98,3,14.67,302.411,327.376,49.8307,1,2,1.0,0.0,0.0,3,0.0,0,True,1746968443.3622916,left,False
755,1746968449.523996,139.698,1.74003,-3.17342,-0.0671265,-0.0664612,6851.15,3,14.69,303.182,328.147,49.8305,1,2,1.0,0.0,0.0,3,0.0,0,True,1746968443.3622916,left,False
756,1746968449.5427415,139.758,1.74442,-3.10328,-0.0631063,-0.064108,6851.96,3,14.71,303.953,328.918,49.8304,1,2,1.0,0.0,0.0,3,0.0,0,True,1746968443.3622916,left,False
757,1746968449.5623837,139.805,1.74868,-3.02685,-0.0592061,-0.061746,6848.17,3,14.73,304.725,329.69,49.8302,1,2,1.0,0.0,0.0,3,0.0,0,True,1746968443.3622916,left,False
758,1746968449.5826569,139.853,1.7513,-2.93596,-0.055424,-0.0593748,6840.77,3,14.75,305.498,330.463,49.8301,1,2,1.0,0.0,0.0,3,0.0,0,True,1746968443.3622916,left,False
759,1746968449.6012678,139.895,1.75353,-2.83926,-0.0517639,-0.0570009,6842.08,3,14.77,306.271,331.236,49.83,1,2,1.0,0.0,0.0,3,0.0,0,True,1746968443.3622916,left,False
760,1746968449.6213078,139.938,1.75397,-2.734,-0.0482259,-0.0546252,6842.95,3,14.79,307.045,332.01,49.8299,1,2,1.0,0.0,0.0,3,0.0,0,True,1746968443.3622916,left,False
761,1746968449.6430936,139.98,1.75319,-2.61936,-0.0448079,-0.0522512,6844.07,3,14.81,307.819,332.784,49.8298,1,2,1.0,0.0,0.0,3,0.0,0,True,1746968443.3622916,left,False
762,1746968449.6606662,140.018,1.75141,-2.50501,-0.0415141,-0.0498834,6852.26,3,14.83,308.594,333.558,49.8296,1,2,1.0,0.0,0.0,3,0.0,0,True,1746968443.3622916,left,False
763,1746968449.6808372,140.057,1.74853,-2.39344,-0.0383423,-0.0475226,6812.65,3,14.85,309.369,334.333,49.8295,1,2,1.0,0.0,0.0,3,0.0,0,True,1746968443.3622916,left,False
764,1746968449.701183,140.088,1.74441,-2.27598,-0.0352926,-0.0451706,6847.78,3,14.87,310.144,335.109,49.8294,1,2,1.0,0.0,0.0,3,0.0,0,True,1746968443.3622916,left,False
765,1746968449.720045,140.118,1.73856,-2.15887,-0.0323669,-0.0428276,6835.26,3,14.89,310.92,335.885,49.8293,1,2,1.0,0.0,0.0,3,0.0,0,True,1746968443.3622916,left,False
766,1746968449.7419894,140.148,1.73352,-2.04526,-0.0295634,-0.0404926,6812.11,3,14.91,311.696,336.661,49.8292,1,2,1.0,0.0,0.0,3,0.0,0,True,1746968443.3622916,left,False
767,1746968449.7617285,140.175,1.72782,-1.933,-0.0268819,-0.0381633,6852.26,3,14.93,312.473,337.437,49.8291,1,2,1.0,0.0,0.0,3,0.0,0,True,1746968443.3622916,left,False
768,1746968449.7820754,140.204,1.72151,-1.81936,-0.0243266,-0.0358389,6839.74,3,14.95,313.25,338.215,49.829,1,2,1.0,0.0,0.0,3,0.0,0,True,1746968443.3622916,left,False
769,1746968449.8009262,140.229,1.71629,-1.71802,-0.0218892,-0.03352,6837.14,3,14.97,314.027,338.992,49.8289,1,2,1.0,0.0,0.0,3,0.0,0,True,1746968443.3622916,left,False
770,1746968449.8226817,140.252,1.71116,-1.62031,-0.019574,-0.0312054,6838.03,3,14.99,314.805,339.769,49.8288,1,2,1.0,0.0,0.0,3,0.0,0,True,1746968443.3622916,left,False
771,1746968449.8434322,140.274,1.70606,-1.51437,-0.0173808,-0.0288906,6838.96,3,15.01,315.582,340.547,49.8288,1,2,1.0,0.0,0.0,3,0.0,0,True,1746968443.3622916,left,False
772,1746968449.8606422,140.295,1.70235,-1.42225,-0.0153117,-0.026575,6839.85,3,15.03,316.36,341.325,49.8287,1,2,1.0,0.0,0.0,3,0.0,0,True,1746968443.3622916,right,False
773,1746968449.8818629,140.315,1.69919,-1.32142,-0.0133626,-0.0242562,6843.9,3,15.05,317.139,342.104,49.8286,1,2,1.0,0.0,0.0,3,0.0,0,True,1746968443.3622916,right,False
774,1746968449.9007077,140.33,1.69688,-1.2351,-0.0115356,-0.0219379,6810.78,3,15.07,317.918,342.883,49.8285,1,2,1.0,0.0,0.0,3,0.0,0,True,1746968443.3622916,right,False
775,1746968449.9215941,140.343,1.69448,-1.14404,-0.00982666,-0.0196223,6840.02,3,15.09,318.697,343.662,49.8284,1,2,1.0,0.0,0.0,3,0.0,0,True,1746968443.3622916,right,False
776,1746968449.9408076,140.356,1.69358,-1.06159,-0.00824178,-0.0173028,6810.93,3,15.11,319.476,344.441,49.8284,1,2,1.0,0.0,0.0,3,0.0,0,True,1746968443.3622916,right,False
777,1746968449.9618688,140.367,1.69323,-0.97912,-0.0067749,-0.0149789,6841.2,3,15.13,320.255,345.22,49.8283,1,2,1.0,0.0,0.0,3,0.0,0,True,1746968443.3622916,right,False
778,1746968449.9824932,140.378,1.69442,-0.900638,-0.00543213,-0.0126484,6812.4,3,15.15,321.035,345.999,49.8282,1,2,1.0,0.0,0.0,3,0.0,0,True,1746968443.3622916,right,False
779,1746968450.0008612,140.389,1.69563,-0.818152,-0.00420736,-0.0103127,6842.32,3,15.17,321.814,346.779,49.8281,1,2,1.0,0.0,0.0,3,0.0,0,True,1746968443.3622916,right,False
780,1746968450.022208,140.4,1.69769,-0.739353,-0.00310262,-0.00797193,6813.13,3,15.19,322.594,347.558,49.828,1,2,1.0,0.0,0.0,3,0.0,0,True,1746968443.3622916,right,False
781,1746968450.0417368,140.409,1.69984,-0.654581,-0.00211995,-0.00562509,6843.1,3,15.21,323.373,348.338,49.828,1,2,1.0,0.0,0.0,3,0.0,0,True,1746968443.3622916,right,False
782,1746968450.061049,140.419,1.70275,-0.572958,-0.00125936,-0.00327256,6813.83,3,15.23,324.153,349.118,49.8279,1,2,1.0,0.0,0.0,3,0.0,0,True,1746968443.3622916,right,False
783,1746968450.0820735,140.428,1.70585,-0.488681,-0.000516764,-0.000915661,6843.97,3,15.25,324.933,349.898,49.8278,1,2,1.0,0.0,0.0,3,0.0,0,True,1746968443.3622916,right,False
784,1746968450.1007497,140.437,1.70951,-0.406412,0.00010376,0.00144755,6814.8,3,15.27,325.713,350.678,49.8277,1,2,1.0,0.0,0.0,3,0.0,0,True,1746968443.3622916,right,False
785,1746968450.1216984,140.445,1.71337,-0.321905,0.000602214,0.00381421,6844.53,3,15.29,326.493,351.458,49.8277,1,2,1.0,0.0,0.0,3,0.0,0,True,1746968443.3622916,right,False
786,1746968450.1415489,140.453,1.71705,-0.234715,0.000974528,0.00618713,6815.06,3,15.31,327.273,352.238,49.8276,1,2,1.0,0.0,0.0,3,0.0,0,True,1746968443.3622916,right,False
787,1746968450.1618805,140.46,1.72,-0.142634,0.00122477,0.0085657,6844.59,3,15.33,328.054,353.019,49.8275,1,2,1.0,0.0,0.0,3,0.0,0,True,1746968443.3622916,right,False
788,1746968450.1826189,140.467,1.72459,-0.0572294,0.00135295,0.0109475,6815.48,3,15.35,328.835,353.8,49.8274,1,2,1.0,0.0,0.0,3,0.0,0,True,1746968443.3622916,right,False
789,1746968450.2034736,140.473,1.72834,0.0325204,0.00135905,0.0133326,6846.05,3,15.37,329.616,354.58,49.8273,1,2,1.0,0.0,0.0,3,0.0,0,True,1746968443.3622916,right,False
790,1746968450.220716,140.48,1.73215,0.117558,0.00124105,0.0157168,6816.63,3,15.39,330.396,355.361,49.8273,1,2,1.0,0.0,0.0,3,0.0,0,True,1746968443.3622916,right,False
791,1746968450.2409763,140.485,1.73554,0.208264,0.00100098,0.018103,6846.62,3,15.41,331.177,356.142,49.8272,1,2,1.0,0.0,0.0,3,0.0,0,True,1746968443.3622916,right,False
792,1746968450.2630942,140.49,1.7387,0.297324,0.000638835,0.0204905,6817.19,3,15.43,331.958,356.923,49.8271,1,2,1.0,0.0,0.0,3,0.0,0,True,1746968443.3622916,right,False
793,1746968450.2822993,140.495,1.74122,0.389897,0.000154622,0.0228759,6846.77,3,15.45,332.739,357.703,49.827,1,2,1.0,0.0,0.0,3,0.0,0,True,1746968443.3622916,right,False
794,1746968450.3011384,140.499,1.74365,0.47581,-0.000455729,0.0252603,6817.45,3,15.47,333.519,358.484,49.827,1,2,1.0,0.0,0.0,3,0.0,0,True,1746968443.3622916,right,False
795,1746968450.3220901,140.503,1.74559,0.568337,-0.00118815,0.0276456,6847.17,3,15.49,334.3,359.265,49.8269,1,2,1.0,0.0,0.0,3,0.0,0,True,1746968443.3622916,right,False
796,1746968450.3425899,140.506,1.74824,0.652562,-0.00204264,0.0300322,6818.31,3,15.51,335.081,360.045,49.8268,1,2,1.0,0.0,0.0,3,0.0,0,True,1746968443.3622916,right,False
797,1746968450.3626862,140.509,1.74972,0.744714,-0.00302124,0.0324152,6847.58,3,15.53,335.861,360.826,49.8267,1,2,1.0,0.0,0.0,3,0.0,0,True,1746968443.3622916,right,False
798,1746968450.3820255,140.512,1.75111,0.834951,-0.00412598,0.0347999,6818.52,3,15.55,336.642,361.607,49.8267,1,2,1.0,0.0,0.0,3,0.0,0,True,1746968443.3622916,right,False
799,1746968450.4004557,140.513,1.75229,0.926074,-0.00535075,0.0371807,6848.35,3,15.57,337.422,362.387,49.8266,1,2,1.0,0.0,0.0,3,0.0,0,True,1746968443.3622916,right,False
800,1746968450.4207132,140.515,1.75309,1.01373,-0.00670166,0.0395598,6818.82,3,15.59,338.203,363.167,49.8265,1,2,1.0,0.0,0.1,3,0.0,0,True,1746968443.3622916,right,False
801,1746968450.4417067,140.516,1.75315,1.10682,-0.00817464,0.0419356,6848.1,3,15.61,338.983,363.948,49.8264,1,2,1.0,0.0,0.1,3,0.0,0,True,1746968443.3622916,right,False
802,1746968450.4606864,140.508,1.94201,1.18879,-0.00972493,0.0435441,6816.27,3,15.63,339.763,364.728,49.8264,1,2,1.0,0.0,0.1,3,0.0,0,True,1746968443.3622916,right,False
803,1746968450.4804926,140.497,1.92299,1.25398,-0.0112732,0.0430839,6846.91,3,15.65,340.543,365.508,49.8263,1,2,1.0,0.0,0.1,3,0.0,0,True,1746968443.3622916,right,False
804,1746968450.5039563,140.49,1.65086,1.30162,-0.0128113,0.0407986,6819.71,3,15.67,341.323,366.287,49.8262,1,2,1.0,0.0,0.1,3,0.0,0,True,1746968443.3622916,right,False
805,1746968450.5237582,140.483,1.18607,1.33169,-0.0143351,0.0369911,6804.71,3,15.69,342.102,367.067,49.8262,1,2,1.0,0.0,0.1,3,0.0,0,True,1746968443.3622916,right,False
806,1746968450.5416262,140.472,0.578365,1.34205,-0.0158346,0.0319363,6848.59,3,15.71,342.882,367.846,49.8261,1,2,1.0,0.0,0.1,3,0.0,0,True,1746968443.3622916,right,False
807,1746968450.5621986,140.457,-0.127783,1.3273,-0.0172933,0.0258955,6818.4,3,15.73,343.661,368.626,49.826,1,2,1.0,0.0,0.1,3,0.0,0,True,1746968443.3622916,right,False
808,1746968450.5821354,140.436,-0.894229,1.30243,-0.018689,0.0190962,6815.17,3,15.75,344.44,369.405,49.8259,1,2,1.0,0.0,0.1,3,0.0,0,True,1746968443.3622916,right,False
809,1746968450.6021712,140.408,-1.7015,1.25042,-0.0200134,0.0117334,6820.79,3,15.77,345.22,370.184,49.8259,1,2,1.0,0.0,0.1,3,0.0,0,True,1746968443.3622916,right,False
810,1746968450.6201952,140.371,-2.52073,1.17686,-0.0212484,0.00397702,6819.88,3,15.79,345.999,370.963,49.8258,1,2,1.0,0.0,0.1,3,0.0,0,True,1746968443.3622916,right,False
811,1746968450.6409361,140.324,-3.34212,1.09627,-0.0223755,-0.00404252,6820.1,3,15.81,346.777,371.742,49.8258,1,2,1.0,0.0,0.1,3,0.0,0,True,1746968443.3622916,right,False
812,1746968450.6609097,140.269,-4.15025,0.997718,-0.0233866,-0.0122321,6819.83,3,15.83,347.556,372.521,49.8257,1,2,1.0,0.0,0.1,3,0.0,0,True,1746968443.3622916,right,False
813,1746968450.6807013,140.205,-4.94621,0.883304,-0.0242655,-0.0205257,6820.26,3,15.85,348.335,373.299,49.8256,1,2,1.0,0.0,0.1,3,0.0,0,True,1746968443.3622916,right,False
814,1746968450.7006865,140.135,-5.72424,0.755553,-0.025002,-0.0288827,6820.21,3,15.87,349.113,374.078,49.8256,1,2,1.0,0.0,0.1,3,0.0,0,True,1746968443.3622916,right,False
815,1746968450.720872,140.057,-6.47864,0.626226,-0.025588,-0.0372992,6818.46,3,15.89,349.891,374.856,49.8255,1,2,1.0,0.0,0.1,3,0.0,0,True,1746968443.3622916,right,False
816,1746968450.7411656,139.972,-7.22582,0.486596,-0.0260111,-0.0457906,6809.47,3,15.91,350.669,375.633,49.8255,1,2,1.0,0.0,0.1,3,0.0,0,True,1746968443.3622916,right,False
817,1746968450.7614915,139.881,-7.95202,0.344577,-0.0262675,-0.0543663,6804.07,3,15.93,351.446,376.411,49.8254,1,2,1.0,0.0,0.1,3,0.0,0,True,1746968443.3622916,right,False
818,1746968450.7822027,139.783,-8.67515,0.199762,-0.0263489,-0.0630336,6840.5,3,15.95,352.223,377.188,49.8253,1,2,1.0,0.0,0.1,3,0.0,0,True,1746968443.3622916,right,False
819,1746968450.8026552,139.679,-9.39048,0.0486301,-0.0262431,-0.071779,6818.56,3,15.97,353,377.965,49.8252,1,2,1.0,0.0,0.1,3,0.0,0,True,1746968443.3622916,right,False
820,1746968450.8231473,139.569,-10.0959,-0.101832,-0.025946,-0.0806274,6846.99,3,15.99,353.777,378.742,49.8251,1,2,1.0,0.0,0.1,3,0.0,0,True,1746968443.3622916,right,False
821,1746968450.8462088,139.44,-10.8763,-0.279865,-0.0253967,-0.0904413,6805.9,3,16.012,354.63,379.595,49.8251,1,2,1.0,0.0,0.0,3,0.0,0,True,1746968443.3622916,left,False
822,1746968450.8663673,139.303,-11.6397,-0.447861,-0.0246012,-0.100346,6816.67,3,16.034,355.484,380.449,49.825,1,2,1.0,0.0,0.0,3,0.0,0,True,1746968443.3622916,left,False
823,1746968450.8862886,139.179,-12.4711,-0.627574,-0.0235738,-0.11003,6816.23,3,16.056,356.337,381.302,49.8249,1,2,1.0,0.0,0.0,3,0.0,0,True,1746968443.3622916,left,False
824,1746968450.9107976,139.067,-13.1959,-0.801089,-0.0223409,-0.118939,6841.26,3,16.078,357.189,382.154,49.8248,1,2,1.0,0.0,0.0,3,0.0,0,True,1746968443.3622916,left,False
825,1746968450.9316804,138.961,-13.7997,-0.966411,-0.0208862,-0.127194,6809.94,3,16.1,358.042,383.006,49.8247,1,2,1.0,0.0,0.0,3,0.0,0,True,1746968443.3622916,left,False
826,1746968450.9536183,138.861,-14.302,-1.13045,-0.0192037,-0.134888,6811.35,3,16.122,358.894,383.858,49.8246,1,2,1.0,0.0,0.0,3,0.0,0,True,1746968443.3622916,left,False
827,1746968450.9758213,138.765,-14.7231,-1.29909,-0.0172872,-0.142103,6816.12,3,16.144,359.745,384.71,49.8245,1,2,1.0,0.0,0.0,3,0.0,0,True,1746968443.3622916,left,False
828,1746968450.9968772,138.676,-15.0625,-1.46573,-0.0151306,-0.148844,6815.48,3,16.166,360.597,385.561,49.8244,1,2,1.0,0.0,0.0,3,0.0,0,True,1746968443.3622916,left,False
829,1746968451.0183992,138.591,-15.3314,-1.63158,-0.0127279,-0.15514,6796,3,16.188,361.448,386.412,49.8243,1,2,1.0,0.0,0.0,3,0.0,0,True,1746968443.3622916,left,False
830,1746968451.0433757,138.51,-15.5284,-1.79697,-0.0100769,-0.160992,6833.98,3,16.21,362.298,387.263,49.8242,1,2,1.0,0.0,0.0,3,0.0,0,True,1746968443.3622916,left,False
831,1746968451.063089,138.438,-15.6613,-1.96511,-0.0071757,-0.16639,6802.02,3,16.232,363.148,388.113,49.8241,1,2,1.0,0.0,0.0,3,0.0,0,True,1746968443.3622916,left,False
832,1746968451.0850403,138.371,-15.7249,-2.13076,-0.00402629,-0.171305,6841.89,3,16.254,363.998,388.963,49.824,1,2,1.0,0.0,0.0,3,0.0,0,True,1746968443.3622916,left,False
833,1746968451.1091883,138.312,-15.7255,-2.30185,-0.000622559,-0.175743,6809.52,3,16.276,364.847,389.812,49.8239,1,2,1.0,0.0,0.0,3,0.0,0,True,1746968443.3622916,left,False
834,1746968451.129535,138.262,-15.6507,-2.46503,0.00302938,-0.179705,6812.3,3,16.298,365.696,390.661,49.8238,1,2,1.0,0.0,0.0,3,0.0,0,True,1746968443.3622916,left,False
835,1746968451.150796,138.218,-15.5196,-2.63569,0.00693359,-0.183187,6801.83,3,16.32,366.544,391.509,49.8237,1,2,1.0,0.0,0.0,3,0.0,0,True,1746968443.3622916,left,False
836,1746968451.173734,138.185,-15.3201,-2.80359,0.0110901,-0.186185,6843.25,3,16.342,367.392,392.357,49.8236,1,2,1.0,0.0,0.0,3,0.0,0,True,1746968443.3622916,left,False
837,1746968451.19618,138.161,-15.0573,-2.963,0.0154907,-0.188704,6809.87,3,16.364,368.239,393.204,49.8235,1,2,1.0,0.0,0.0,3,0.0,0,True,1746968443.3622916,left,False
838,1746968451.2170272,138.146,-14.7353,-3.1262,0.0201375,-0.190741,6814.31,3,16.386,369.086,394.051,49.8234,1,2,1.0,0.0,0.0,3,0.0,0,True,1746968443.3622916,left,False
839,1746968451.2376657,138.142,-14.3664,-3.29363,0.0250285,-0.192333,6796.53,3,16.408,369.933,394.898,49.8233,1,2,1.0,0.0,0.0,3,0.0,0,True,1746968443.3622916,left,False
840,1746968451.2637482,138.145,-13.9374,-3.45686,0.0301554,-0.193461,6836.61,3,16.43,370.779,395.744,49.8232,1,2,1.0,0.0,0.0,3,0.0,0,True,1746968443.3622916,left,False
841,1746968451.2835062,138.161,-13.4564,-3.61668,0.0355184,-0.194145,6797.08,3,16.452,371.625,396.59,49.8231,1,2,1.0,0.0,0.0,3,0.0,0,True,1746968443.3622916,left,False
842,1746968451.3074572,138.183,-12.9307,-3.77489,0.0411153,-0.194397,6831.27,3,16.474,372.471,397.436,49.823,1,2,1.0,0.0,0.0,3,0.0,0,True,1746968443.3622916,left,False
843,1746968451.3263092,138.216,-12.3631,-3.93637,0.046936,-0.194249,6810.24,3,16.496,373.316,398.281,49.8229,1,2,1.0,0.0,0.0,3,0.0,0,True,1746968443.3622916,left,False
844,1746968451.3527594,138.254,-11.7634,-4.09438,0.0529744,-0.193698,6847.45,3,16.518,374.162,399.126,49.8227,1,2,1.0,0.0,0.0,3,0.0,0,True,1746968443.3622916,left,False
845,1746968451.3714354,138.305,-11.1164,-4.24024,0.0592265,-0.192772,6789.7,3,16.54,375.007,399.972,49.8226,1,2,1.0,0.0,0.0,3,0.0,0,True,1746968443.3622916,left,False
846,1746968451.3945153,138.36,-10.4449,-4.38022,0.065686,-0.191492,6833.37,3,16.562,375.852,400.817,49.8225,1,2,1.0,0.0,0.0,3,0.0,0,True,1746968443.3622916,left,False
847,1746968451.4172232,138.422,-9.74751,-4.51299,0.072345,-0.189872,6798.54,3,16.584,376.697,401.662,49.8224,1,2,1.0,0.0,0.0,3,0.0,0,True,1746968443.3622916,left,False
848,1746968451.4384663,138.491,-9.03334,-4.63988,0.079189,-0.187933,6840.28,3,16.606,377.542,402.507,49.8222,1,2,1.0,0.0,0.0,3,0.0,0,True,1746968443.3622916,left,False
849,1746968451.458917,138.565,-8.31472,-4.77031,0.0862122,-0.185706,6792.72,3,16.628,378.387,403.352,49.8221,1,2,1.0,0.0,0.0,3,0.0,0,True,1746968443.3622916,left,False
850,1746968451.4830053,138.644,-7.58934,-4.88573,0.0934001,-0.183229,6851.57,3,16.65,379.232,404.197,49.8219,1,2,1.0,0.0,0.0,3,0.0,0,True,1746968443.3622916,left,False
851,1746968451.5034118,138.722,-6.86973,-4.99062,0.100736,-0.180518,6798.22,3,16.672,380.078,405.043,49.8218,1,2,1.0,0.0,-0.1,3,0.0,0,True,1746968443.3622916,left,False
852,1746968451.5275135,138.814,-6.32319,-5.08184,0.108167,-0.176848,6844.63,3,16.694,380.924,405.889,49.8216,1,2,1.0,0.0,-0.1,3,0.0,0,True,1746968443.3622916,left,False
853,1746968451.5467544,138.919,-5.59113,-5.14765,0.115586,-0.170838,6789.58,3,16.716,381.771,406.736,49.8215,1,2,1.0,0.0,-0.1,3,0.0,0,True,1746968443.3622916,left,False
854,1746968451.5718591,139.028,-4.62326,-5.17663,0.122961,-0.162633,6829.37,3,16.738,382.619,407.584,49.8213,1,2,1.0,0.0,-0.1,3,0.0,0,True,1746968443.3622916,left,False
855,1746968451.5933495,139.134,-3.46868,-5.16308,0.130261,-0.152434,6779.61,3,16.76,383.468,408.432,49.8211,1,2,1.0,0.0,-0.1,3,0.0,0,True,1746968443.3622916,left,False
856,1746968451.6134183,139.23,-2.17107,-5.1261,0.137447,-0.140427,6825.31,3,16.782,384.317,409.282,49.8209,1,2,1.0,0.0,-0.1,3,0.0,0,True,1746968443.3622916,left,False
857,1746968451.6345918,139.31,-0.773376,-5.05099,0.144468,-0.12679,6779.18,3,16.804,385.168,410.133,49.8208,1,2,1.0,0.0,-0.1,3,0.0,0,True,1746968443.3622916,left,False
858,1746968451.6572795,139.369,0.690144,-4.93682,0.15127,-0.111713,6824.86,3,16.826,386.02,410.984,49.8206,1,2,1.0,0.0,-0.1,3,0.0,0,True,1746968443.3622916,left,False
859,1746968451.6785865,139.401,2.19138,-4.78723,0.157788,-0.0953726,6778.89,3,16.848,386.873,411.837,49.8204,1,2,1.0,0.0,-0.1,3,0.0,0,True,1746968443.3622916,left,False
860,1746968451.699884,139.403,3.70193,-4.6026,0.163971,-0.077965,6825.13,3,16.87,387.727,412.691,49.8203,1,2,1.0,0.0,0.0,3,0.0,0,True,1746968443.3622916,right,False
861,1746968451.7249072,139.372,5.2004,-4.36988,0.169755,-0.0596606,6777.95,3,16.892,388.581,413.546,49.8201,1,2,1.0,0.0,0.0,3,0.0,0,True,1746968443.3622916,right,False
862,1746968451.747249,139.338,6.86602,-4.09968,0.17514,-0.0415068,6828.16,3,16.914,389.437,414.402,49.8199,1,2,1.0,0.0,0.0,3,0.0,0,True,1746968443.3622916,right,False
863,1746968451.766441,139.295,8.21899,-3.8087,0.180172,-0.0252635,6786.56,3,16.936,390.294,415.259,49.8198,1,2,1.0,0.0,0.0,3,0.0,0,True,1746968443.3622916,right,False
864,1746968451.7883937,139.249,9.19777,-3.50178,0.184792,-0.010824,6838.36,3,16.958,391.152,416.117,49.8196,1,2,1.0,0.0,0.0,3,0.0,0,True,1746968443.3622916,right,False
865,1746968451.8122518,139.205,9.8487,-3.17719,0.188967,0.00188449,6799.28,3,16.98,392.011,416.975,49.8194,1,2,1.0,0.0,0.0,3,0.0,0,True,1746968443.3622916,right,False
866,1746968451.8324578,139.171,10.2059,-2.82938,0.192662,0.0128825,6852.15,3,17.002,392.87,417.835,49.8193,1,2,1.0,0.0,0.0,3,0.0,0,True,1746968443.3622916,right,False
867,1746968451.8563907,139.141,10.2905,-2.4722,0.195862,0.0221506,6802.5,3,17.024,393.73,418.694,49.8191,1,2,1.0,0.0,0.0,3,0.0,0,True,1746968443.3622916,right,False
868,1746968451.8774004,139.125,10.1224,-2.0848,0.19856,0.0297045,6846.82,3,17.046,394.59,419.554,49.819,1,2,1.0,0.0,0.0,3,0.0,0,True,1746968443.3622916,right,False
869,1746968451.8994055,139.122,9.73399,-1.69511,0.200753,0.0355942,6805.01,3,17.068,395.45,420.415,49.8189,1,2,1.0,0.0,0.0,3,0.0,0,True,1746968443.3622916,right,False
870,1746968451.9220707,139.134,9.16136,-1.30054,0.202452,0.0399319,6854.77,3,17.09,396.31,421.275,49.8187,1,2,1.0,0.0,0.0,3,0.0,0,True,1746968443.3622916,right,False
871,1746968451.9437897,139.161,8.44518,-0.900004,0.203672,0.042888,6808.69,3,17.112,397.171,422.136,49.8186,1,2,1.0,0.0,0.0,3,0.0,0,True,1746968443.3622916,right,False
872,1746968451.9668987,139.198,7.6351,-0.498941,0.204441,0.0447397,6850.53,3,17.134,398.032,422.996,49.8184,1,2,1.0,0.0,0.0,3,0.0,0,True,1746968443.3622916,right,False
873,1746968451.9888968,139.242,6.79028,-0.119041,0.204787,0.0457625,6797.81,3,17.156,398.892,423.857,49.8183,1,2,1.0,0.0,0.0,3,0.0,0,True,1746968443.3622916,right,False
874,1746968452.0117397,139.298,5.95828,0.242574,0.204746,0.0462616,6847.12,3,17.178,399.753,424.718,49.8181,1,2,1.0,0.0,0.0,3,0.0,0,True,1746968443.3622916,right,False
875,1746968452.0339046,139.357,5.18397,0.565308,0.204358,0.0465102,6799.16,3,17.2,400.614,425.579,49.818,1,2,1.0,0.0,0.0,3,0.0,0,True,1746968443.3622916,right,False
876,1746968452.052526,139.414,4.48614,0.858179,0.203656,0.0467196,6842.79,3,17.222,401.475,426.44,49.8178,1,2,1.0,0.0,0.0,3,0.0,0,True,1746968443.3622916,right,False
877,1746968452.076015,139.469,3.87912,1.11494,0.202675,0.0470329,6795.2,3,17.244,402.336,427.301,49.8176,1,2,1.0,0.0,0.0,3,0.0,0,True,1746968443.3622916,right,False
878,1746968452.099351,139.521,3.36488,1.33859,0.201447,0.047536,6841.32,3,17.266,403.197,428.162,49.8175,1,2,1.0,0.0,0.0,3,0.0,0,True,1746968443.3622916,right,False
879,1746968452.1196864,139.57,2.94138,1.51599,0.199994,0.0482648,6797.47,3,17.288,404.059,429.024,49.8173,1,2,1.0,0.0,0.0,3,0.0,0,True,1746968443.3622916,right,False
880,1746968452.1426058,139.618,2.59582,1.67283,0.198334,0.0492386,6844.11,3,17.31,404.92,429.885,49.8171,1,2,1.0,0.0,0.0,3,0.0,0,True,1746968443.3622916,right,False
881,1746968452.164764,139.664,2.32202,1.78905,0.196493,0.0504459,6800.95,3,17.332,405.782,430.747,49.817,1,2,1.0,0.0,0.1,3,0.0,0,True,1746968443.3622916,right,False
882,1746968452.1856744,139.708,2.10666,1.88684,0.194472,0.0518745,6848.98,3,17.354,406.644,431.608,49.8168,1,2,1.0,0.0,0.1,3,0.0,0,True,1746968443.3622916,right,False
883,1746968452.2075675,139.741,2.1462,1.95831,0.192348,0.0525198,6806.44,3,17.376,407.505,432.47,49.8166,1,2,1.0,0.0,0.1,3,0.0,0,True,1746968443.3622916,right,False
884,1746968452.228728,139.76,1.9518,1.99,0.190224,0.0508185,6851.34,3,17.398,408.367,433.332,49.8165,1,2,1.0,0.0,0.1,3,0.0,0,True,1746968443.3622916,right,False
885,1746968452.251456,139.779,1.49147,1.99569,0.188112,0.0471318,6792.04,3,17.42,409.229,434.194,49.8164,1,2,1.0,0.0,0.1,3,0.0,0,True,1746968443.3622916,right,False
886,1746968452.2733455,139.791,0.841132,1.96553,0.186017,0.0418499,6848.91,3,17.442,410.091,435.055,49.8162,1,2,1.0,0.0,0.1,3,0.0,0,True,1746968443.3622916,right,False
887,1746968452.2950873,139.795,0.0590145,1.90599,0.183964,0.0353195,6802.64,3,17.464,410.952,435.917,49.8161,1,2,1.0,0.0,0.1,3,0.0,0,True,1746968443.3622916,right,False
888,1746968452.3190172,139.792,-0.806731,1.81888,0.18197,0.027849,6841.85,3,17.486,411.814,436.779,49.816,1,2,1.0,0.0,0.1,3,0.0,0,True,1746968443.3622916,right,False
889,1746968452.341251,139.774,-1.72,1.71315,0.180052,0.0197049,6810.48,3,17.508,412.676,437.64,49.8159,1,2,1.0,0.0,0.1,3,0.0,0,True,1746968443.3622916,right,False
890,1746968452.364366,139.745,-2.64471,1.58932,0.178241,0.011103,6820.67,3,17.53,413.537,438.502,49.8158,1,2,1.0,0.0,0.1,3,0.0,0,True,1746968443.3622916,right,False
891,1746968452.3822114,139.702,-3.56868,1.44837,0.176546,0.00221062,6810.29,3,17.552,414.398,439.363,49.8158,1,2,1.0,0.0,0.1,3,0.0,0,True,1746968443.3622916,right,False
892,1746968452.4065857,139.648,-4.47308,1.30107,0.174992,-0.00686246,6840.15,3,17.574,415.26,440.224,49.8157,1,2,1.0,0.0,0.1,3,0.0,0,True,1746968443.3622916,right,False
893,1746968452.4294481,139.582,-5.35558,1.14669,0.173592,-0.0160521,6797.71,3,17.596,416.121,441.085,49.8156,1,2,1.0,0.0,0.1,3,0.0,0,True,1746968443.3622916,right,False
894,1746968452.4497483,139.507,-6.21076,0.983412,0.172363,-0.0253261,6854.89,3,17.618,416.981,441.946,49.8155,1,2,1.0,0.0,0.1,3,0.0,0,True,1746968443.3622916,right,False
895,1746968452.4721887,139.428,-7.0435,0.822504,0.171322,-0.0346969,6798.65,3,17.64,417.842,442.807,49.8154,1,2,1.0,0.0,0.1,3,0.0,0,True,1746968443.3622916,right,False
896,1746968452.4939315,139.338,-7.85336,0.661838,0.170481,-0.0441745,6844.77,3,17.662,418.702,443.667,49.8153,1,2,1.0,0.0,0.1,3,0.0,0,True,1746968443.3622916,right,False
897,1746968452.514045,139.241,-8.65542,0.497075,0.169851,-0.0537733,6811.24,3,17.684,419.562,444.527,49.8152,1,2,1.0,0.0,0.1,3,0.0,0,True,1746968443.3622916,right,False
898,1746968452.538047,139.136,-9.44146,0.334838,0.169444,-0.063476,6812.68,3,17.706,420.422,445.387,49.8151,1,2,1.0,0.0,0.1,3,0.0,0,True,1746968443.3622916,right,False
899,1746968452.557531,139.021,-10.2189,0.167401,0.169271,-0.0732735,6795.96,3,17.728,421.281,446.246,49.815,1,2,1.0,0.0,0.0,3,0.0,0,True,1746968443.3622916,left,False
900,1746968452.5801253,138.896,-10.9941,-0.00741468,0.169338,-0.0831607,6837.65,3,17.75,422.14,447.105,49.8149,1,2,1.0,0.0,0.0,3,0.0,0,True,1746968443.3622916,left,False
901,1746968452.6035118,138.787,-11.8217,-0.170658,0.169633,-0.0927846,6805.12,3,17.772,422.999,447.963,49.8148,1,2,1.0,0.0,0.0,3,0.0,0,True,1746968443.3622916,left,False
902,1746968452.6249425,138.689,-12.5428,-0.330215,0.170133,-0.101582,6846.42,3,17.794,423.857,448.822,49.8147,1,2,1.0,0.0,0.0,3,0.0,0,True,1746968443.3622916,left,False
903,1746968452.64629,138.601,-13.1379,-0.491675,0.170846,-0.109674,6795.2,3,17.816,424.715,449.68,49.8146,1,2,1.0,0.0,0.0,3,0.0,0,True,1746968443.3622916,left,False
904,1746968452.6725254,138.513,-13.6258,-0.650946,0.171781,-0.117163,6809.59,3,17.838,425.573,450.538,49.8145,1,2,1.0,0.0,0.0,3,0.0,0,True,1746968443.3622916,left,False
905,1746968452.6932902,138.433,-14.0201,-0.813354,0.172947,-0.124123,6797.65,3,17.86,426.431,451.395,49.8143,1,2,1.0,0.0,0.0,3,0.0,0,True,1746968443.3622916,left,False
906,1746968452.7134311,138.36,-14.3308,-0.964016,0.174351,-0.130608,6853.39,3,17.882,427.288,452.253,49.8142,1,2,1.0,0.0,0.0,3,0.0,0,True,1746968443.3622916,left,False
907,1746968452.7387807,138.293,-14.5724,-1.12083,0.175997,-0.136632,6794.61,3,17.904,428.145,453.11,49.8141,1,2,1.0,0.0,0.0,3,0.0,0,True,1746968443.3622916,left,False
908,1746968452.7571926,138.226,-14.7531,-1.29071,0.177885,-0.142193,6855.37,3,17.926,429.002,453.966,49.8139,1,2,1.0,0.0,0.0,3,0.0,0,True,1746968443.3622916,left,False
909,1746968452.7801204,138.17,-14.8591,-1.44824,0.180017,-0.147301,6800.56,3,17.948,429.858,454.823,49.8139,1,2,1.0,0.0,0.0,3,0.0,0,True,1746968443.3622916,left,False
910,1746968452.80084,138.118,-14.892,-1.60765,0.182393,-0.151921,6812.53,3,17.97,430.714,455.679,49.8137,1,2,1.0,0.0,0.0,3,0.0,0,True,1746968443.3622916,left,False
911,1746968452.8222694,138.071,-14.869,-1.77432,0.185018,-0.156057,6810.47,3,17.992,431.57,456.535,49.8136,1,2,1.0,0.0,0.0,3,0.0,0,True,1746968443.3622916,left,False
912,1746968452.8465776,138.033,-14.7738,-1.94122,0.187882,-0.159698,6849.92,3,18.014,432.425,457.39,49.8135,1,2,1.0,0.0,0.0,3,0.0,0,True,1746968443.3622916,left,False
913,1746968452.8679254,138.002,-14.6163,-2.10887,0.190989,-0.162857,6803.55,3,18.036,433.28,458.245,49.8134,1,2,1.0,0.0,0.0,3,0.0,0,True,1746968443.3622916,left,False
914,1746968452.889247,137.983,-14.3923,-2.26707,0.19434,-0.165534,6835.25,3,18.058,434.135,459.1,49.8133,1,2,1.0,0.0,0.0,3,0.0,0,True,1746968443.3622916,left,False
915,1746968452.9121249,137.971,-14.1111,-2.4298,0.197931,-0.167723,6794.59,3,18.08,434.989,459.954,49.8132,1,2,1.0,0.0,0.0,3,0.0,0,True,1746968443.3622916,left,False
916,1746968452.9360332,137.968,-13.7627,-2.58826,0.201756,-0.169395,6811.55,3,18.102,435.843,460.808,49.8131,1,2,1.0,0.0,0.0,3,0.0,0,True,1746968443.3622916,left,False
917,1746968452.9560797,137.973,-13.3633,-2.75373,0.205819,-0.170567,6808.06,3,18.124,436.697,461.662,49.8129,1,2,1.0,0.0,0.0,3,0.0,0,True,1746968443.3622916,left,False
918,1746968452.9763334,137.991,-12.9026,-2.91303,0.210107,-0.171273,6837.2,3,18.146,437.55,462.515,49.8128,1,2,1.0,0.0,0.0,3,0.0,0,True,1746968443.3622916,left,False
919,1746968453.0013163,138.016,-12.3921,-3.06956,0.214622,-0.171519,6810.2,3,18.168,438.403,463.368,49.8127,1,2,1.0,0.0,0.0,3,0.0,0,True,1746968443.3622916,left,False
920,1746968453.0216744,138.052,-11.8349,-3.22254,0.219358,-0.171343,6832.42,3,18.19,439.257,464.221,49.8126,1,2,1.0,0.0,0.0,3,0.0,0,True,1746968443.3622916,left,False
921,1746968453.043041,138.095,-11.2397,-3.36945,0.224304,-0.170748,6799.11,3,18.212,440.109,465.074,49.8125,1,2,1.0,0.0,0.0,3,0.0,0,True,1746968443.3622916,left,False
922,1746968453.066872,138.147,-10.6022,-3.50733,0.22946,-0.169754,6845.28,3,18.234,440.962,465.927,49.8123,1,2,1.0,0.0,0.0,3,0.0,0,True,1746968443.3622916,left,False
923,1746968453.0866542,138.205,-9.93962,-3.64977,0.234812,-0.16838,6799.32,3,18.256,441.815,466.78,49.8122,1,2,1.0,0.0,0.0,3,0.0,0,True,1746968443.3622916,left,False
924,1746968453.1093545,138.271,-9.24972,-3.78374,0.240361,-0.166648,6835,3,18.278,442.668,467.633,49.812,1,2,1.0,0.0,0.0,3,0.0,0,True,1746968443.3622916,left,False
925,1746968453.1315594,138.344,-8.54757,-3.91046,0.246088,-0.164615,6803.14,3,18.3,443.521,468.486,49.8119,1,2,1.0,0.0,0.0,3,0.0,0,True,1746968443.3622916,left,False
926,1746968453.152257,138.425,-7.83664,-4.02637,0.25198,-0.162306,6850.59,3,18.322,444.374,469.339,49.8117,1,2,1.0,0.0,0.0,3,0.0,0,True,1746968443.3622916,left,False
927,1746968453.1747322,138.511,-7.12916,-4.13872,0.258026,-0.15975,6803.44,3,18.344,445.228,470.193,49.8115,1,2,1.0,0.0,0.0,3,0.0,0,True,1746968443.3622916,left,False
928,1746968453.2001758,138.597,-6.42365,-4.2413,0.264221,-0.156962,6846.15,3,18.366,446.081,471.046,49.8114,1,2,1.0,0.0,0.0,3,0.0,0,True,1746968443.3622916,left,False
929,1746968453.2184634,138.685,-5.7306,-4.33337,0.270536,-0.153986,6797.77,3,18.388,446.936,471.9,49.8112,1,2,1.0,0.0,0.0,3,0.0,0,True,1746968443.3622916,left,False
930,1746968453.24371,138.773,-5.05608,-4.41599,0.276961,-0.150847,6839.4,3,18.41,447.79,472.755,49.811,1,2,1.0,0.0,0.0,3,0.0,0,True,1746968443.3622916,left,False
931,1746968453.2619567,138.86,-4.40888,-4.48851,0.283478,-0.147597,6792.92,3,18.432,448.645,473.61,49.8109,1,2,1.0,0.0,0.0,3,0.0,0,True,1746968443.3622916,left,False
932,1746968453.2856061,138.946,-3.79012,-4.5472,0.290063,-0.14425,6837.86,3,18.454,449.501,474.466,49.8107,1,2,1.0,0.0,0.0,3,0.0,0,True,1746968443.3622916,left,False
933,1746968453.3074327,139.031,-3.20661,-4.58733,0.296712,-0.14085,6791.03,3,18.476,450.358,475.322,49.8105,1,2,1.0,0.0,0.0,3,0.0,0,True,1746968443.3622916,left,False
934,1746968453.3292549,139.115,-2.66162,-4.62048,0.303398,-0.137412,6836.73,3,18.498,451.215,476.18,49.8103,1,2,1.0,0.0,0.0,3,0.0,0,True,1746968443.3622916,left,False
935,1746968453.3519125,139.196,-2.15783,-4.64359,0.310107,-0.133967,6793.77,3,18.52,452.072,477.037,49.8102,1,2,1.0,0.0,0.0,3,0.0,0,True,1746968443.3622916,left,False
936,1746968453.3731642,139.278,-1.69409,-4.64428,0.316821,-0.130526,6839.74,3,18.542,452.931,477.896,49.81,1,2,1.0,0.0,0.0,3,0.0,0,True,1746968443.3622916,left,False
937,1746968453.3951335,139.357,-1.27229,-4.63365,0.323525,-0.127111,6795.86,3,18.564,453.79,478.755,49.8099,1,2,1.0,0.0,0.0,3,0.0,0,True,1746968443.3622916,left,False
938,1746968453.4175403,139.435,-0.891562,-4.61583,0.330198,-0.123732,6844.32,3,18.586,454.65,479.615,49.8097,1,2,1.0,0.0,0.0,3,0.0,0,True,1746968443.3622916,left,False
939,1746968453.4387293,139.513,-0.549747,-4.58312,0.336837,-0.120395,6800.02,3,18.608,455.511,480.476,49.8095,1,2,1.0,0.0,0.0,3,0.0,0,True,1746968443.3622916,left,False
940,1746968453.4614053,139.589,-0.245315,-4.53602,0.343418,-0.117109,6848.7,3,18.63,456.373,481.338,49.8093,1,2,1.0,0.0,0.0,3,0.0,0,True,1746968443.3622916,left,False
941,1746968453.482509,139.665,0.0236459,-4.47692,0.349921,-0.113771,6804.67,3,18.652,457.236,482.201,49.8092,1,2,1.0,0.0,0.0,3,0.0,0,True,1746968443.3622916,left,False
942,1746968453.507418,139.735,0.259985,-4.40652,0.356356,-0.11001,6801.44,3,18.674,458.103,483.067,49.809,1,2,1.0,0.0,0.0,3,0.0,0,True,1746968443.3622916,left,False
943,1746968453.5320663,139.798,0.466267,-4.3256,0.362661,-0.106303,6840.17,3,18.696,458.97,483.935,49.8089,1,2,1.0,0.0,0.0,3,0.0,0,True,1746968443.3622916,left,False
944,1746968453.550301,139.858,0.645261,-4.23017,0.368826,-0.102646,6794.42,3,18.718,459.839,484.804,49.8088,1,2,1.0,0.0,0.0,3,0.0,0,True,1746968443.3622916,left,False
945,1746968453.5732632,139.913,0.799536,-4.12209,0.374848,-0.0990371,6842.37,3,18.74,460.709,485.673,49.8086,1,2,1.0,0.0,0.0,3,0.0,0,True,1746968443.3622916,left,False
946,1746968453.5926428,139.967,0.932277,-4.01074,0.38072,-0.0954714,6803.03,3,18.762,461.579,486.544,49.8085,1,2,1.0,0.0,0.0,3,0.0,0,True,1746968443.3622916,left,False
947,1746968453.6148427,140.019,1.0461,-3.89304,0.386475,-0.0919493,6810.86,3,18.784,462.45,487.415,49.8084,1,2,1.0,0.0,0.0,3,0.0,0,True,1746968443.3622916,left,False
948,1746968453.6376119,140.065,1.14391,-3.77039,0.392078,-0.0884635,6800.65,3,18.806,463.322,488.287,49.8082,1,2,1.0,0.0,0.0,3,0.0,0,True,1746968443.3622916,left,False
949,1746968453.6583319,140.108,1.22728,-3.65158,0.397518,-0.0850087,6834.72,3,18.828,464.195,489.159,49.8081,1,2,1.0,0.0,0.0,3,0.0,0,True,1746968443.3622916,left,False
950,1746968453.6819835,140.149,1.29791,-3.52124,0.402791,-0.0815795,6793.76,3,18.85,465.068,490.033,49.808,1,2,1.0,0.0,0.0,3,0.0,0,True,1746968443.3622916,left,False
951,1746968453.7029214,140.188,1.35848,-3.39066,0.407897,-0.0781736,6813.18,3,18.872,465.942,490.907,49.8079,1,2,1.0,0.0,0.0,3,0.0,0,True,1746968443.3622916,left,False
952,1746968453.7275412,140.226,1.40999,-3.26096,0.412829,-0.0747865,6812.61,3,18.894,466.818,491.782,49.8078,1,2,1.0,0.0,0.0,3,0.0,0,True,1746968443.3622916,left,False
953,1746968453.7473533,140.263,1.45443,-3.1338,0.417586,-0.0714161,6809.41,3,18.916,467.693,492.658,49.8077,1,2,1.0,0.0,0.0,3,0.0,0,True,1746968443.3622916,left,False
954,1746968453.7720873,140.295,1.49171,-3.00447,0.422169,-0.0680586,6795.48,3,18.938,468.57,493.535,49.8076,1,2,1.0,0.0,0.0,3,0.0,0,True,1746968443.3622916,left,False
955,1746968453.7926495,140.325,1.52451,-2.88,0.426575,-0.0647108,6839.47,3,18.96,469.447,494.412,49.8075,1,2,1.0,0.0,0.0,3,0.0,0,True,1746968443.3622916,left,False
956,1746968453.814109,140.354,1.55323,-2.75172,0.430799,-0.0613705,6810.59,3,18.982,470.325,495.29,49.8074,1,2,1.0,0.0,0.0,3,0.0,0,True,1746968443.3622916,left,False
957,1746968453.835624,140.377,1.57763,-2.61961,0.434844,-0.058035,6840.25,3,19.004,471.204,496.169,49.8073,1,2,1.0,0.0,0.0,3,0.0,0,True,1746968443.3622916,left,False
958,1746968453.8585882,140.399,1.59871,-2.49458,0.438704,-0.0547013,6797.65,3,19.026,472.083,497.048,49.8072,1,2,1.0,0.0,0.0,3,0.0,0,True,1746968443.3622916,left,False
959,1746968453.8792543,140.418,1.6162,-2.35873,0.442381,-0.0513811,6812.42,3,19.048,472.963,497.928,49.8071,1,2,1.0,0.0,0.0,3,0.0,0,True,1746968443.3622916,left,False
960,1746968453.9006255,140.437,1.63194,-2.24244,0.445874,-0.0480654,6810.71,3,19.07,473.843,498.808,49.8071,1,2,1.0,0.0,0.0,3,0.0,0,True,1746968443.3622916,left,False
961,1746968453.9249582,140.456,1.64488,-2.11898,0.449179,-0.0447536,6844.22,3,19.092,474.724,499.689,49.807,1,2,1.0,0.0,0.0,3,0.0,0,True,1746968443.3622916,left,False
962,1746968453.9464228,140.474,1.65645,-1.99609,0.452299,-0.0414476,6802.02,3,19.114,475.606,500.57,49.8069,1,2,1.0,0.0,0.0,3,0.0,0,True,1746968443.3622916,left,False
963,1746968453.9669828,140.491,1.66478,-1.86888,0.455232,-0.0381483,6816.94,3,19.136,476.488,501.452,49.8068,1,2,1.0,0.0,0.0,3,0.0,0,True,1746968443.3622916,left,False
964,1746968453.9902627,140.507,1.67154,-1.73987,0.457976,-0.0348523,6814.26,3,19.158,477.37,502.335,49.8067,1,2,1.0,0.0,0.0,3,0.0,0,True,1746968443.3622916,left,False
965,1746968454.012562,140.523,1.67855,-1.6263,0.460556,-0.0315598,6847.61,3,19.18,478.252,503.217,49.8066,1,2,1.0,0.0,0.0,3,0.0,0,True,1746968443.3622916,left,False
966,1746968454.032865,140.539,1.68463,-1.50471,0.462975,-0.0282692,6805.28,3,19.202,479.134,504.099,49.8066,1,2,1.0,0.0,0.0,3,0.0,0,True,1746968443.3622916,left,False
967,1746968454.0570781,140.554,1.6899,-1.38637,0.465207,-0.0249818,6819.2,3,19.224,480.017,504.981,49.8065,1,2,1.0,0.0,0.0,3,0.0,0,True,1746968443.3622916,left,False
968,1746968454.0771737,140.567,1.69357,-1.26945,0.46725,-0.0216988,6817.4,3,19.246,480.9,505.864,49.8064,1,2,1.0,0.0,0.0,4,0.0,0,False,1746968454.0734286,left,False
969,1746968454.1001408,140.579,1.69632,-1.15101,0.469102,-0.0184198,6805.28,3,19.268,481.783,506.747,49.8063,1,2,1.0,0.0,0.0,4,0.0,0,False,1746968454.0734286,left,False
970,1746968454.1216133,140.573,1.69879,-1.03798,0.470765,-0.0151438,5304.74,4,19.29,482.666,507.631,49.8063,1,2,1.0,0.0,0.0,4,0.0,0,False,1746968454.0734286,left,False
971,1746968454.143121,140.544,1.69967,-0.91463,0.472231,-0.011865,5305.01,4,19.312,483.55,508.515,49.8063,1,2,1.0,0.0,0.0,4,0.0,0,False,1746968454.0734286,left,False
972,1746968454.1676347,140.514,1.70188,-0.797003,0.473496,-0.0085783,5305.28,4,19.334,484.434,509.399,49.8063,1,2,1.0,0.0,0.0,4,0.0,0,False,1746968454.0734286,left,False
973,1746968454.1873875,140.482,1.70472,-0.67264,0.474569,-0.00527978,5305.55,4,19.356,485.318,510.283,49.8063,1,2,1.0,0.0,0.0,4,0.0,0,False,1746968454.0734286,left,False
974,1746968454.207452,140.45,1.7082,-0.549575,0.475491,-0.00197905,5305.82,4,19.378,486.201,511.166,49.8063,1,2,1.0,0.0,0.0,4,0.0,0,False,1746968454.0734286,left,False
975,1746968454.233515,140.417,1.71274,-0.428206,0.476214,0.00133115,5306.09,4,19.4,487.084,512.049,49.8063,1,2,1.0,0.0,0.0,4,0.0,0,False,1746968454.0734286,left,False
976,1746968454.2521782,140.383,1.71805,-0.302652,0.476737,0.00465369,5306.36,4,19.422,487.968,512.932,49.8063,1,2,1.0,0.0,0.0,4,0.0,0,False,1746968454.0734286,left,False
977,1746968454.2762914,140.349,1.72266,-0.163395,0.47706,0.00799036,5306.62,4,19.444,488.851,513.816,49.8063,1,2,1.0,0.0,0.0,4,0.0,0,False,1746968454.0734286,left,False
978,1746968454.297105,140.314,1.73017,-0.0421039,0.477213,0.0113332,5306.89,4,19.466,489.734,514.699,49.8063,1,2,1.0,0.0,0.0,4,0.0,0,False,1746968454.0734286,left,False
979,1746968454.3196235,140.278,1.73705,0.0855796,0.477189,0.0146806,5307.16,4,19.488,490.616,515.581,49.8063,1,2,1.0,0.0,0.0,4,0.0,0,False,1746968454.0734286,left,False
980,1746968454.3433466,140.242,1.74556,0.210817,0.476966,0.018044,5307.42,4,19.51,491.499,516.463,49.8063,1,2,1.0,0.0,0.0,4,0.0,0,False,1746968454.0734286,left,False
981,1746968454.3620265,140.205,1.75404,0.338923,0.476543,0.0214142,5307.68,4,19.532,492.381,517.346,49.8063,1,2,1.0,0.0,0.0,4,0.0,0,False,1746968454.0734286,left,False
982,1746968454.3854449,140.168,1.76219,0.472203,0.47592,0.0247949,5307.95,4,19.554,493.263,518.228,49.8063,1,2,1.0,0.0,0.0,4,0.0,0,False,1746968454.0734286,left,False
983,1746968454.4082894,140.129,1.7718,0.592289,0.47515,0.0281759,5242.85,4,19.576,494.145,519.109,49.8063,1,2,1.0,0.0,0.0,4,0.0,0,False,1746968454.0734286,left,False
984,1746968454.4307904,140.182,1.78189,0.714599,0.474184,0.0315644,5366.59,4,19.598,495.026,519.99,49.806,1,2,1.0,0.0,0.0,4,0.0,0,False,1746968454.0734286,left,False
985,1746968454.4511034,140.302,1.79149,0.841053,0.473004,0.0349506,5382.1,4,19.62,495.908,520.873,49.8056,1,2,1.0,0.0,0.0,4,0.0,0,False,1746968454.0734286,left,False
986,1746968454.4725442,140.427,1.79731,0.963984,0.471637,0.0383143,5388.88,4,19.642,496.791,521.755,49.8053,1,2,1.0,0.0,0.0,4,0.0,0,False,1746968454.0734286,left,False
987,1746968454.4942968,140.551,1.79891,1.08375,0.470096,0.0416459,5395.05,4,19.664,497.674,522.638,49.8049,1,2,1.0,0.0,0.0,4,0.0,0,False,1746968454.0734286,right,False
988,1746968454.517064,140.676,1.79505,1.20599,0.46833,0.0449414,5400.91,4,19.686,498.558,523.523,49.8046,1,2,1.0,0.0,0.0,4,0.0,0,False,1746968454.0734286,right,False
989,1746968454.5392244,140.8,1.78488,1.33014,0.466392,0.0481938,5406.57,4,19.708,499.442,524.407,49.8043,1,2,1.0,0.0,0.0,4,0.0,0,False,1746968454.0734286,right,False
990,1746968454.562447,140.921,1.77116,1.44911,0.464268,0.0514024,5414.03,4,19.73,500.327,525.292,49.8039,1,2,1.0,0.0,0.0,4,0.0,0,False,1746968454.0734286,right,False
991,1746968454.5824125,141.045,1.7516,1.5727,0.461928,0.0545654,5418.54,4,19.752,501.213,526.178,49.8036,1,2,1.0,0.0,0.0,4,0.0,0,False,1746968454.0734286,right,False
992,1746968454.6046348,141.165,1.72854,1.69222,0.459419,0.0576839,5425.99,4,19.774,502.099,527.064,49.8033,1,2,1.0,0.0,0.0,4,0.0,0,False,1746968454.0734286,right,False
993,1746968454.626949,141.288,1.70116,1.81261,0.456715,0.0607612,5429.37,4,19.796,502.985,527.95,49.8029,1,2,1.0,0.0,0.0,4,0.0,0,False,1746968454.0734286,right,False
994,1746968454.6506882,141.408,1.67169,1.93571,0.453802,0.0638071,5434.4,4,19.818,503.872,528.837,49.8026,1,2,1.0,0.0,0.0,4,0.0,0,False,1746968454.0734286,right,False
995,1746968454.6717644,141.528,1.64109,2.06149,0.450718,0.0668212,5439.56,4,19.84,504.76,529.725,49.8023,1,2,1.0,0.0,0.0,4,0.0,0,False,1746968454.0734286,right,False
996,1746968454.6928096,141.647,1.60972,2.18481,0.447453,0.0698109,5445.4,4,19.862,505.647,530.612,49.8019,1,2,1.0,0.0,0.0,4,0.0,0,False,1746968454.0734286,right,False
997,1746968454.716069,141.767,1.57847,2.30664,0.443969,0.072781,5448.42,4,19.884,506.536,531.501,49.8016,1,2,1.0,0.0,0.0,4,0.0,0,False,1746968454.0734286,right,False
998,1746968454.7369857,141.887,1.54745,2.43613,0.440314,0.0757434,5451.56,4,19.906,507.425,532.39,49.8013,1,2,1.0,0.0,0.0,4,0.0,0,False,1746968454.0734286,right,False
999,1746968454.7600098,142.004,1.52063,2.55315,0.43649,0.0787035,5456.87,4,19.928,508.313,533.278,49.8009,1,2,1.0,0.0,0.0,4,0.0,0,False,1746968454.0734286,right,False
1000,1746968454.7828138,142.122,1.49566,2.67495,0.432456,0.0816669,5460.47,4,19.95,509.203,534.168,49.8006,1,2,1.0,0.0,0.0,4,0.0,0,False,1746968454.0734286,right,False
1001,1746968454.8034601,142.238,1.47325,2.80531,0.428234,0.0846387,5463.94,4,19.972,510.093,535.057,49.8002,1,2,1.0,0.0,0.0,4,0.0,0,False,1746968454.0734286,right,False
1002,1746968454.826545,142.355,1.45417,2.92999,0.423841,0.0876178,5468.66,4,19.994,510.983,535.947,49.7999,1,2,1.0,0.0,0.0,4,0.0,0,False,1746968454.0734286,right,False
1003,1746968454.8468444,142.47,1.43824,3.05254,0.419279,0.0906085,5471.58,4,20.016,511.872,536.837,49.7996,1,2,1.0,0.0,0.0,4,0.0,0,False,1746968454.0734286,right,False
1004,1746968454.8713129,142.585,1.4255,3.18502,0.414514,0.093614,5475.8,4,20.038,512.763,537.728,49.7992,1,2,1.0,0.0,0.0,4,0.0,0,False,1746968454.0734286,right,False
1005,1746968454.890997,142.698,1.41536,3.3131,0.409552,0.0966346,5480.31,4,20.06,513.654,538.619,49.7989,1,2,1.0,0.0,0.1,4,0.0,0,False,1746968454.0734286,right,False
1006,1746968454.912256,142.81,1.40873,3.4344,0.40442,0.0996665,5485.83,4,20.082,514.545,539.51,49.7986,1,2,1.0,0.0,0.1,4,0.0,0,False,1746968454.0734286,right,False
1007,1746968454.9383981,142.907,1.59779,3.55403,0.399159,0.101766,5494.39,4,20.104,515.436,540.401,49.7982,1,2,1.0,0.0,0.1,4,0.0,0,False,1746968454.0734286,right,False
1008,1746968454.9577255,143.002,1.52342,3.65485,0.393867,0.101447,5504.64,4,20.126,516.327,541.292,49.7979,1,2,1.0,0.0,0.1,4,0.0,0,False,1746968454.0734286,right,False
1009,1746968454.9802063,143.1,1.16145,3.72486,0.388555,0.0990549,5516.12,4,20.148,517.219,542.184,49.7976,1,2,1.0,0.0,0.1,4,0.0,0,False,1746968454.0734286,right,False
1010,1746968455.0045764,143.197,0.589738,3.77509,0.383231,0.0949847,5527.99,4,20.17,518.111,543.075,49.7972,1,2,1.0,0.0,0.1,4,0.0,0,False,1746968454.0734286,right,False
1011,1746968455.0238056,143.289,-0.129142,3.79792,0.37791,0.0896055,5542.64,4,20.192,519.003,543.967,49.7969,1,2,1.0,0.0,0.1,4,0.0,0,False,1746968454.0734286,right,False
1012,1746968455.0461638,143.374,-0.940231,3.79461,0.372608,0.0832583,5558.95,4,20.214,519.895,544.86,49.7966,1,2,1.0,0.0,0.1,4,0.0,0,False,1746968454.0734286,right,False
1013,1746968455.0678666,143.448,-1.79897,3.77455,0.367354,0.0762284,5578.01,4,20.236,520.788,545.753,49.7962,1,2,1.0,0.0,0.1,4,0.0,0,False,1746968454.0734286,right,False
1014,1746968455.0885403,143.512,-2.67548,3.7312,0.362167,0.0687625,5597.93,4,20.258,521.681,546.646,49.7959,1,2,1.0,0.0,0.1,4,0.0,0,False,1746968454.0734286,right,False
1015,1746968455.1108818,143.563,-3.55211,3.66103,0.357062,0.061051,5626.19,4,20.28,522.574,547.539,49.7955,1,2,1.0,0.0,0.1,4,0.0,0,False,1746968454.0734286,right,False
1016,1746968455.1337988,143.605,-4.4056,3.57511,0.352055,0.0532362,5652,4,20.302,523.468,548.432,49.7952,1,2,1.0,0.0,0.1,4,0.0,0,False,1746968454.0734286,right,False
1017,1746968455.1572895,143.636,-5.22807,3.47299,0.34716,0.0454283,5681.26,4,20.324,524.362,549.326,49.7949,1,2,1.0,0.0,0.1,4,0.0,0,False,1746968454.0734286,right,False
1018,1746968455.1768737,143.66,-6.01329,3.36652,0.342399,0.037666,5706.97,4,20.346,525.256,550.221,49.7945,1,2,1.0,0.0,0.1,4,0.0,0,False,1746968454.0734286,right,False
1019,1746968455.1995165,143.681,-6.76069,3.2492,0.337776,0.0299785,5730.34,4,20.368,526.15,551.115,49.7942,1,2,1.0,0.0,0.1,4,0.0,0,False,1746968454.0734286,right,False
1020,1746968455.2220654,143.694,-7.47786,3.11573,0.333299,0.0223799,5752.02,4,20.39,527.045,552.01,49.7939,1,2,1.0,0.0,0.1,4,0.0,0,False,1746968454.0734286,right,False
1021,1746968455.2461092,143.709,-8.14976,2.99045,0.328984,0.0148722,5761.43,4,20.412,527.94,552.904,49.7935,1,2,1.0,0.0,0.1,4,0.0,0,False,1746968454.0734286,right,False
1022,1746968455.2673237,143.712,-8.80058,2.84964,0.32484,0.00744599,5781.41,4,20.434,528.835,553.799,49.7932,1,2,1.0,0.0,0.1,4,0.0,0,False,1746968454.0734286,right,False
1023,1746968455.2905111,143.714,-9.41801,2.70866,0.320869,9.28044e-005,5793.45,4,20.456,529.73,554.695,49.7929,1,2,1.0,0.0,0.1,4,0.0,0,False,1746968454.0734286,right,False
1024,1746968455.3129668,143.712,-10.0041,2.57573,0.317078,-0.00717992,5802.43,4,20.478,530.626,555.59,49.7925,1,2,1.0,0.0,0.0,4,0.0,0,False,1746968454.0734286,left,False
1025,1746968455.3317516,143.7,-10.5672,2.43042,0.313479,-0.0143504,5820.01,4,20.5,531.521,556.486,49.7922,1,2,1.0,0.0,0.0,4,0.0,0,False,1746968454.0734286,left,False
1026,1746968455.353973,143.726,-11.1727,2.29623,0.310058,-0.0210812,5806.74,4,20.522,532.417,557.382,49.7919,1,2,1.0,0.0,0.0,4,0.0,0,False,1746968454.0734286,left,False
1027,1746968455.377295,143.773,-11.6423,2.16255,0.306774,-0.0267254,5783.48,4,20.544,533.314,558.279,49.7915,1,2,1.0,0.0,0.0,4,0.0,0,False,1746968454.0734286,left,False
1028,1746968455.396325,143.834,-11.9499,2.02542,0.303652,-0.0314058,5756.09,4,20.566,534.211,559.175,49.7912,1,2,1.0,0.0,0.0,4,0.0,0,False,1746968454.0734286,left,False
1029,1746968455.4194152,143.903,-12.1074,1.9021,0.300675,-0.0352042,5727.48,4,20.588,535.108,560.073,49.7908,1,2,1.0,0.0,0.0,4,0.0,0,False,1746968454.0734286,left,False
1030,1746968455.443445,143.978,-12.1402,1.78256,0.297865,-0.0381998,5708.43,4,20.61,536.006,560.971,49.7905,1,2,1.0,0.0,0.0,4,0.0,0,False,1746968454.0734286,left,False
1031,1746968455.4634438,144.056,-12.0603,1.67726,0.295236,-0.0404629,5696.18,4,20.632,536.905,561.869,49.7902,1,2,1.0,0.0,0.0,4,0.0,0,False,1746968454.0734286,left,False
1032,1746968455.4863398,144.138,-11.8847,1.56355,0.292775,-0.042057,5692.52,4,20.654,537.803,562.768,49.7898,1,2,1.0,0.0,0.0,4,0.0,0,False,1746968454.0734286,left,False
1033,1746968455.5093658,144.225,-11.6225,1.45066,0.290481,-0.0429895,5695.28,4,20.676,538.702,563.667,49.7895,1,2,1.0,0.0,0.0,4,0.0,0,False,1746968454.0734286,left,False
1034,1746968455.531839,144.323,-11.2756,1.34102,0.288353,-0.0432674,5694.94,4,20.698,539.602,564.567,49.7892,1,2,1.0,0.0,0.0,4,0.0,0,False,1746968454.0734286,left,False
1035,1746968455.552352,144.427,-10.8586,1.2322,0.28638,-0.0429496,5696.59,4,20.72,540.502,565.467,49.7888,1,2,1.0,0.0,0.0,4,0.0,0,False,1746968454.0734286,left,False
1036,1746968455.5727026,144.537,-10.3763,1.12164,0.284555,-0.0420458,5700.43,4,20.742,541.402,566.367,49.7885,1,2,1.0,0.0,0.0,4,0.0,0,False,1746968454.0734286,left,False
1037,1746968455.5945683,144.66,-9.82727,1.02135,0.282881,-0.0405637,5696.38,4,20.764,542.303,567.268,49.7882,1,2,1.0,0.0,0.0,4,0.0,0,False,1746968454.0734286,left,False
1038,1746968455.6188898,144.786,-9.22408,0.923414,0.281343,-0.0385445,5695.18,4,20.786,543.204,568.169,49.7878,1,2,1.0,0.0,0.0,4,0.0,0,False,1746968454.0734286,left,False
1039,1746968455.6384523,144.919,-8.57343,0.829635,0.279929,-0.036002,5691.88,4,20.808,544.106,569.071,49.7875,1,2,1.0,0.0,0.0,4,0.0,0,False,1746968454.0734286,left,False
1040,1746968455.662933,145.059,-7.88081,0.746996,0.278629,-0.0329764,5683.34,4,20.83,545.009,569.973,49.7872,1,2,1.0,0.0,0.0,4,0.0,0,False,1746968454.0734286,left,False
1041,1746968455.6852667,145.2,-7.16553,0.662116,0.277428,-0.0295396,5678.74,4,20.852,545.912,570.876,49.7868,1,2,1.0,0.0,0.0,4,0.0,0,False,1746968454.0734286,left,False
1042,1746968455.7068324,145.344,-6.43387,0.590849,0.27631,-0.0257355,5671.23,4,20.874,546.815,571.78,49.7865,1,2,1.0,0.0,0.0,4,0.0,0,False,1746968454.0734286,left,False
1043,1746968455.7273924,145.491,-5.69863,0.531944,0.275261,-0.0216348,5660.8,4,20.896,547.719,572.684,49.7861,1,2,1.0,0.0,0.0,4,0.0,0,False,1746968454.0734286,left,False
1044,1746968455.7503614,145.638,-4.97202,0.48155,0.27426,-0.0172961,5650.84,4,20.918,548.624,573.589,49.7858,1,2,1.0,0.0,0.0,4,0.0,0,False,1746968454.0734286,left,False
1045,1746968455.7718942,145.78,-4.26558,0.44581,0.27329,-0.0127812,5646.33,4,20.94,549.53,574.495,49.7855,1,2,1.0,0.0,0.0,4,0.0,0,False,1746968454.0734286,left,False
1046,1746968455.7928686,145.921,-3.58761,0.42365,0.272332,-0.00814199,5642.61,4,20.962,550.436,575.401,49.7851,1,2,1.0,0.0,0.0,4,0.0,0,False,1746968454.0734286,left,False
1047,1746968455.8157964,146.06,-2.94667,0.414942,0.271354,-0.00343072,5639.82,4,20.984,551.344,576.308,49.7848,1,2,1.0,0.0,0.0,4,0.0,0,False,1746968454.0734286,left,False
1048,1746968455.837356,146.197,-2.34826,0.426373,0.270359,0.00130659,5638.11,4,21.006,552.251,577.216,49.7845,1,2,1.0,0.0,0.0,4,0.0,0,False,1746968454.0734286,left,False
1049,1746968455.8591237,146.332,-1.79744,0.449677,0.269311,0.00602925,5636.67,4,21.028,553.16,578.125,49.7841,1,2,1.0,0.0,0.0,4,0.0,0,False,1746968454.0734286,left,False
1050,1746968455.881477,146.464,-1.29707,0.491424,0.268193,0.0107098,5637.29,4,21.05,554.069,579.034,49.7838,1,2,1.0,0.0,0.0,4,0.0,0,False,1746968454.0734286,left,False
1051,1746968455.90299,146.594,-0.847519,0.54655,0.266995,0.0153216,5638.68,4,21.072,554.979,579.944,49.7835,1,2,1.0,0.0,0.0,4,0.0,0,False,1746968454.0734286,left,False
1052,1746968455.924582,146.721,-0.448414,0.615731,0.265696,0.0198472,5641.4,4,21.094,555.89,580.854,49.7831,1,2,1.0,0.0,0.0,4,0.0,0,False,1746968454.0734286,right,False
1053,1746968455.947388,146.847,-0.0979868,0.701284,0.264268,0.0242739,5644.37,4,21.116,556.801,581.766,49.7828,1,2,1.0,0.0,0.0,4,0.0,0,False,1746968454.0734286,right,False
1054,1746968455.9697745,146.971,0.205801,0.801823,0.262718,0.0285934,5647.76,4,21.138,557.713,582.678,49.7825,1,2,1.0,0.0,0.0,4,0.0,0,False,1746968454.0734286,right,False
1055,1746968455.9924638,147.094,0.465929,0.908176,0.261034,0.0328,5651.93,4,21.16,558.625,583.59,49.7821,1,2,1.0,0.0,0.0,4,0.0,0,False,1746968454.0734286,right,False
1056,1746968456.0129454,147.217,0.685845,1.02789,0.25918,0.0368946,5654.44,4,21.182,559.539,584.503,49.7818,1,2,1.0,0.0,0.0,4,0.0,0,False,1746968454.0734286,right,False
1057,1746968456.035698,147.338,0.869189,1.15758,0.25715,0.0408794,5657.5,4,21.204,560.453,585.417,49.7814,1,2,1.0,0.0,0.0,4,0.0,0,False,1746968454.0734286,right,False
1058,1746968456.0582693,147.459,1.02012,1.29816,0.254945,0.0447608,5660.64,4,21.226,561.367,586.332,49.7811,1,2,1.0,0.0,0.0,4,0.0,0,False,1746968454.0734286,right,False
1059,1746968456.0804827,147.577,1.14312,1.44281,0.252556,0.048546,5665.58,4,21.248,562.282,587.247,49.7808,1,2,1.0,0.0,0.0,4,0.0,0,False,1746968454.0734286,right,False
1060,1746968456.1021113,147.696,1.24157,1.59379,0.249986,0.0522439,5668.84,4,21.27,563.198,588.163,49.7804,1,2,1.0,0.0,0.0,4,0.0,0,False,1746968454.0734286,right,False
1061,1746968456.1280272,147.814,1.31962,1.74426,0.247229,0.055864,5673.28,4,21.292,564.114,589.079,49.7801,1,2,1.0,0.0,0.0,4,0.0,0,True,1746968454.0734286,right,False
1062,1746968456.1484556,147.93,1.3802,1.89504,0.244285,0.0594136,5678.05,4,21.314,565.03,589.995,49.7798,1,2,1.0,0.0,0.0,4,0.0,0,True,1746968454.0734286,right,False
1063,1746968456.1680572,148.047,1.42576,2.05174,0.241154,0.0629029,5681.8,4,21.336,565.947,590.912,49.7794,1,2,1.0,0.0,0.1,4,0.0,0,True,1746968454.0734286,right,False
1064,1746968456.1892254,148.161,1.46139,2.19218,0.237832,0.066341,5688.01,4,21.358,566.864,591.829,49.7791,1,2,1.0,0.0,0.1,4,0.0,0,True,1746968454.0734286,right,False
1065,1746968456.210584,148.26,1.67804,2.33537,0.234379,0.0687791,5697.73,4,21.38,567.781,592.746,49.7788,1,2,1.0,0.0,0.1,4,0.0,0,True,1746968454.0734286,right,False
1066,1746968456.23237,148.357,1.60773,2.45046,0.230884,0.0687255,5707.86,4,21.402,568.699,593.664,49.7784,1,2,1.0,0.0,0.1,4,0.0,0,True,1746968454.0734286,right,False
1067,1746968456.2562613,148.458,1.23005,2.54198,0.227358,0.0665182,5717.53,4,21.424,569.617,594.582,49.7781,1,2,1.0,0.0,0.1,4,0.0,0,True,1746968454.0734286,right,False
1068,1746968456.277073,148.557,0.620376,2.60986,0.223788,0.0625648,5731.26,4,21.446,570.536,595.501,49.7778,1,2,1.0,0.0,0.1,4,0.0,0,True,1746968454.0734286,right,False
1069,1746968456.3003683,148.652,-0.146666,2.64783,0.220224,0.0572364,5744.72,4,21.468,571.455,596.419,49.7774,1,2,1.0,0.0,0.1,4,0.0,0,True,1746968454.0734286,right,False
1070,1746968456.322963,148.739,-1.01693,2.66793,0.216668,0.050881,5759.97,4,21.49,572.374,597.339,49.7771,1,2,1.0,0.0,0.1,4,0.0,0,True,1746968454.0734286,right,False
1071,1746968456.3440242,148.814,-1.94655,2.65285,0.213147,0.0438182,5780.19,4,21.512,573.293,598.258,49.7767,1,2,1.0,0.0,0.1,4,0.0,0,True,1746968454.0734286,right,False
1072,1746968456.3673441,148.876,-2.89631,2.61978,0.209691,0.0363021,5801.44,4,21.534,574.213,599.178,49.7764,1,2,1.0,0.0,0.1,4,0.0,0,True,1746968454.0734286,right,False
1073,1746968456.386863,148.925,-3.84146,2.56368,0.206298,0.0285295,5826.62,4,21.556,575.134,600.098,49.7761,1,2,1.0,0.0,0.1,4,0.0,0,True,1746968454.0734286,right,False
1074,1746968456.4104242,148.962,-4.76744,2.47884,0.203006,0.0206642,5853.63,4,21.578,576.054,601.019,49.7757,1,2,1.0,0.0,0.1,4,0.0,0,True,1746968454.0734286,right,False
1075,1746968456.4326062,148.989,-5.66009,2.38972,0.199812,0.0127847,5878.4,4,21.6,576.975,601.94,49.7754,1,2,1.0,0.0,0.1,4,0.0,0,True,1746968454.0734286,right,False
1076,1746968456.4527664,149.004,-6.52003,2.27994,0.196745,0.00496042,5907.03,4,21.622,577.896,602.861,49.7751,1,2,1.0,0.0,0.1,4,0.0,0,True,1746968454.0734286,right,False
1077,1746968456.4767923,149.012,-7.34086,2.16056,0.193806,-0.00278401,5931.49,4,21.644,578.818,603.782,49.7747,1,2,1.0,0.0,0.1,4,0.0,0,True,1746968454.0734286,right,False
1078,1746968456.4969838,149.015,-8.12285,2.03596,0.191012,-0.0104425,5952.04,4,21.666,579.739,604.704,49.7744,1,2,1.0,0.0,0.1,4,0.0,0,True,1746968454.0734286,right,False
1079,1746968456.5208955,149.017,-8.86397,1.90915,0.188369,-0.0180146,5962.53,4,21.688,580.661,605.626,49.7741,1,2,1.0,0.0,0.1,4,0.0,0,True,1746968454.0734286,right,False
1080,1746968456.5418274,149.011,-9.57989,1.77239,0.185893,-0.0255144,5973.6,4,21.71,581.583,606.548,49.7737,1,2,1.0,0.0,0.1,4,0.0,0,True,1746968454.0734286,right,False
1081,1746968456.5655117,148.996,-10.2674,1.63555,0.183592,-0.0329586,5989.64,4,21.732,582.505,607.47,49.7734,1,2,1.0,0.0,0.0,4,0.0,0,True,1746968454.0734286,left,False
1082,1746968456.5851672,148.98,-10.9181,1.50246,0.181471,-0.0403118,5996.19,4,21.754,583.427,608.392,49.7731,1,2,1.0,0.0,0.0,4,0.0,0,True,1746968454.0734286,left,False
1083,1746968456.6076555,148.989,-11.6161,1.36198,0.179501,-0.0472139,5994.62,4,21.776,584.35,609.314,49.7727,1,2,1.0,0.0,0.0,4,0.0,0,True,1746968454.0734286,left,False
1084,1746968456.629877,149.029,-12.1707,1.23443,0.177664,-0.0530623,5964.07,4,21.798,585.273,610.237,49.7724,1,2,1.0,0.0,0.0,4,0.0,0,True,1746968454.0734286,left,False
1085,1746968456.6505349,149.076,-12.5546,1.10675,0.175977,-0.0579448,5936.18,4,21.82,586.196,611.161,49.772,1,2,1.0,0.0,0.0,4,0.0,0,True,1746968454.0734286,left,False
1086,1746968456.6736884,149.13,-12.7951,0.988929,0.174438,-0.0619971,5911.71,4,21.842,587.12,612.085,49.7717,1,2,1.0,0.0,0.0,4,0.0,0,True,1746968454.0734286,left,False
1087,1746968456.6953826,149.191,-12.9044,0.875043,0.173055,-0.0653038,5893.29,4,21.864,588.044,613.009,49.7714,1,2,1.0,0.0,0.0,4,0.0,0,True,1746968454.0734286,left,False
1088,1746968456.716647,149.25,-12.914,0.759351,0.171833,-0.0679295,5889.86,4,21.886,588.969,613.934,49.771,1,2,1.0,0.0,0.0,4,0.0,0,True,1746968454.0734286,left,False
1089,1746968456.7405555,149.318,-12.8277,0.650911,0.170786,-0.0699185,5887.29,4,21.908,589.894,614.859,49.7707,1,2,1.0,0.0,0.0,4,0.0,0,True,1746968454.0734286,left,False
1090,1746968456.760113,149.394,-12.6487,0.536582,0.169902,-0.0712943,5886.24,4,21.93,590.819,615.784,49.7704,1,2,1.0,0.0,0.0,4,0.0,0,True,1746968454.0734286,left,False
1091,1746968456.7825453,149.476,-12.39,0.426555,0.169159,-0.0720748,5890.77,4,21.952,591.745,616.71,49.77,1,2,1.0,0.0,0.0,4,0.0,0,True,1746968454.0734286,left,False
1092,1746968456.8049738,149.564,-12.0542,0.320115,0.168578,-0.072273,5896.18,4,21.974,592.671,617.636,49.7697,1,2,1.0,0.0,0.0,4,0.0,0,True,1746968454.0734286,left,False
1093,1746968456.8274448,149.661,-11.6441,0.213961,0.168156,-0.0718838,5900.81,4,21.996,593.598,618.563,49.7694,1,2,1.0,0.0,0.0,4,0.0,0,True,1746968454.0734286,left,False
1094,1746968456.8500657,149.769,-11.1614,0.109203,0.167869,-0.070907,5900.48,4,22.018,594.525,619.49,49.769,1,2,1.0,0.0,0.0,4,0.0,0,True,1746968454.0734286,left,False
1095,1746968456.8734045,149.884,-10.6007,0.0143482,0.167731,-0.0693266,5901.4,4,22.04,595.452,620.417,49.7687,1,2,1.0,0.0,0.0,4,0.0,0,True,1746968454.0734286,left,False
1096,1746968456.893522,150.006,-9.9804,-0.0766698,0.167717,-0.0671613,5900.12,4,22.062,596.38,621.345,49.7684,1,2,1.0,0.0,0.0,4,0.0,0,True,1746968454.0734286,left,False
1097,1746968456.9158847,150.137,-9.31241,-0.170658,0.167834,-0.0644891,5894.81,4,22.084,597.308,622.273,49.768,1,2,1.0,0.0,0.0,4,0.0,0,True,1746968454.0734286,left,False
1098,1746968456.9380524,150.271,-8.60155,-0.261623,0.168055,-0.0613433,5893,4,22.106,598.237,623.202,49.7677,1,2,1.0,0.0,0.0,4,0.0,0,True,1746968454.0734286,left,False
1099,1746968456.9587836,150.411,-7.85547,-0.334368,0.168372,-0.0577639,5884.86,4,22.128,599.167,624.132,49.7673,1,2,1.0,0.0,0.0,4,0.0,0,True,1746968454.0734286,left,False
1100,1746968456.9829166,150.556,-7.0917,-0.405032,0.168765,-0.0538068,5874.5,4,22.15,600.097,625.062,49.767,1,2,1.0,0.0,0.0,4,0.0,0,True,1746968454.0734286,left,False
1101,1746968457.0072064,150.702,-6.31611,-0.456197,0.169233,-0.0495369,5863.55,4,22.172,601.028,625.993,49.7667,1,2,1.0,0.0,0.0,4,0.0,0,True,1746968454.0734286,left,False
1102,1746968457.0246537,150.849,-5.54598,-0.499615,0.169737,-0.0450195,5851.82,4,22.194,601.959,626.924,49.7663,1,2,1.0,0.0,0.0,4,0.0,0,True,1746968454.0734286,left,False
1103,1746968457.0499468,150.992,-4.79491,-0.539729,0.170271,-0.0403068,5847.57,4,22.216,602.892,627.857,49.766,1,2,1.0,0.0,0.0,4,0.0,0,True,1746968454.0734286,left,False
1104,1746968457.0740154,151.134,-4.06782,-0.5596,0.170816,-0.0354551,5842.23,4,22.238,603.825,628.79,49.7657,1,2,1.0,0.0,0.0,4,0.0,0,True,1746968454.0734286,right,False
1105,1746968457.0945032,151.274,-3.37758,-0.564369,0.171347,-0.0305319,5837.35,4,22.26,604.759,629.724,49.7653,1,2,1.0,0.0,0.0,4,0.0,0,True,1746968454.0734286,right,False
1106,1746968457.1141176,151.409,-2.73269,-0.554094,0.171849,-0.0255767,5837.81,4,22.282,605.693,630.658,49.765,1,2,1.0,0.0,0.0,4,0.0,0,True,1746968454.0734286,right,False
1107,1746968457.1359127,151.544,-2.13437,-0.534731,0.172299,-0.0206199,5837.05,4,22.304,606.629,631.594,49.7647,1,2,1.0,0.0,0.0,4,0.0,0,True,1746968454.0734286,right,False
1108,1746968457.1585972,151.676,-1.58643,-0.493987,0.172679,-0.0156981,5836.53,4,22.326,607.565,632.53,49.7643,1,2,1.0,0.0,0.0,4,0.0,0,True,1746968454.0734286,right,False
1109,1746968457.1790617,151.807,-1.09122,-0.433359,0.172968,-0.0108465,5835.54,4,22.348,608.502,633.467,49.764,1,2,1.0,0.0,0.0,4,0.0,0,True,1746968454.0734286,right,False
1110,1746968457.2024894,151.933,-0.650416,-0.363707,0.173148,-0.00608373,5838.86,4,22.37,609.44,634.405,49.7637,1,2,1.0,0.0,0.0,4,0.0,0,True,1746968454.0734286,right,False
1111,1746968457.2252867,152.058,-0.261333,-0.274772,0.173209,-0.00142217,5840.92,4,22.392,610.379,635.344,49.7633,1,2,1.0,0.0,0.0,4,0.0,0,True,1746968454.0734286,right,False
1112,1746968457.2441475,152.181,0.0779145,-0.178264,0.173117,0.00312936,5845.08,4,22.414,611.318,636.283,49.763,1,2,1.0,0.0,0.0,4,0.0,0,True,1746968454.0734286,right,False
1113,1746968457.2666972,152.304,0.36993,-0.070286,0.172899,0.0075624,5846.13,4,22.436,612.258,637.223,49.7626,1,2,1.0,0.0,0.0,4,0.0,0,True,1746968454.0734286,right,False
1114,1746968457.288659,152.425,0.618067,0.0631017,0.172486,0.0118772,5849.76,4,22.458,613.199,638.164,49.7623,1,2,1.0,0.0,0.0,4,0.0,0,True,1746968454.0734286,right,False
1115,1746968457.3147132,152.545,0.826394,0.192876,0.171943,0.0160725,5852.07,4,22.48,614.141,639.106,49.762,1,2,1.0,0.0,0.0,4,0.0,0,True,1746968454.0734286,right,False
1116,1746968457.3351707,152.662,0.999081,0.334208,0.171192,0.0201566,5857.77,4,22.502,615.083,640.048,49.7616,1,2,1.0,0.0,0.1,4,0.0,0,True,1746968454.0734286,right,False
1117,1746968457.3544483,152.78,1.13942,0.48841,0.170232,0.0241362,5860.99,4,22.524,616.026,640.991,49.7613,1,2,1.0,0.0,0.1,4,0.0,0,True,1746968454.0734286,right,False
1118,1746968457.3786552,152.878,1.43852,0.629335,0.169152,0.0270731,5871.71,4,22.546,616.97,641.934,49.761,1,2,1.0,0.0,0.1,4,0.0,0,True,1746968454.0734286,right,False
1119,1746968457.3998666,152.975,1.42861,0.763127,0.168024,0.0274866,5880.49,4,22.568,617.914,642.878,49.7606,1,2,1.0,0.0,0.1,4,0.0,0,True,1746968454.0734286,right,False
1120,1746968457.4209871,153.076,1.0893,0.871269,0.166855,0.0257151,5890.59,4,22.59,618.858,643.823,49.7603,1,2,1.0,0.0,0.1,4,0.0,0,True,1746968454.0734286,right,False
1121,1746968457.444707,153.176,0.50457,0.960884,0.165657,0.0221472,5900.21,4,22.612,619.803,644.768,49.76,1,2,1.0,0.0,0.1,4,0.0,0,True,1746968454.0734286,right,False
1122,1746968457.4647534,153.269,-0.256327,1.02572,0.164449,0.0171555,5913.28,4,22.634,620.749,645.714,49.7596,1,2,1.0,0.0,0.1,4,0.0,0,True,1746968454.0734286,right,False
1123,1746968457.4868538,153.355,-1.13342,1.06142,0.163244,0.0110921,5927.69,4,22.656,621.695,646.66,49.7593,1,2,1.0,0.0,0.1,4,0.0,0,True,1746968454.0734286,right,False
1124,1746968457.510893,153.429,-2.07719,1.07109,0.162056,0.00426018,5943.76,4,22.678,622.642,647.606,49.759,1,2,1.0,0.0,0.1,4,0.0,0,True,1746968454.0734286,right,False
1125,1746968457.5310767,153.491,-3.0508,1.06031,0.16092,-0.00308347,5962.8,4,22.7,623.589,648.553,49.7586,1,2,1.0,0.0,0.1,4,0.0,0,True,1746968454.0734286,right,False
1126,1746968457.554295,153.538,-4.03304,1.02126,0.159859,-0.0107331,5984.73,4,22.722,624.536,649.501,49.7583,1,2,1.0,0.0,0.1,4,0.0,0,True,1746968454.0734286,right,False
1127,1746968457.5762095,153.572,-5.0026,0.957249,0.15888,-0.0185331,6011.08,4,22.744,625.484,650.449,49.7579,1,2,1.0,0.0,0.1,4,0.0,0,True,1746968454.0734286,right,False
1128,1746968457.597918,153.594,-5.94643,0.876101,0.158006,-0.0263802,6038.01,4,22.766,626.432,651.397,49.7576,1,2,1.0,0.0,0.1,4,0.0,0,True,1746968454.0734286,right,False
1129,1746968457.619061,153.604,-6.86074,0.776244,0.157237,-0.0342033,6065.32,4,22.788,627.38,652.345,49.7573,1,2,1.0,0.0,0.1,4,0.0,0,True,1746968454.0734286,right,False
1130,1746968457.6412814,153.607,-7.73382,0.671177,0.156589,-0.0419505,6089.58,4,22.81,628.329,653.294,49.7569,1,2,1.0,0.0,0.1,4,0.0,0,True,1746968454.0734286,right,False
1131,1746968457.6645248,153.604,-8.57431,0.557129,0.156091,-0.0496473,6108.56,4,22.832,629.278,654.243,49.7566,1,2,1.0,0.0,0.1,4,0.0,0,True,1746968454.0734286,right,False
1132,1746968457.6845508,153.594,-9.38592,0.432548,0.155729,-0.057292,6123.43,4,22.854,630.227,655.192,49.7563,1,2,1.0,0.0,0.1,4,0.0,0,True,1746968454.0734286,right,False
1133,1746968457.7089565,153.577,-10.1678,0.304399,0.155525,-0.0648774,6139.37,4,22.876,631.176,656.141,49.7559,1,2,1.0,0.0,0.1,4,0.0,0,True,1746968454.0734286,right,False
1134,1746968457.7294843,153.555,-10.9196,0.176198,0.155486,-0.0724057,6150.34,4,22.898,632.126,657.091,49.7556,1,2,1.0,0.0,0.1,4,0.0,0,True,1746968454.0734286,right,False
1135,1746968457.7510633,153.522,-11.6486,0.0381103,0.155611,-0.0798595,6165.6,4,22.92,633.076,658.04,49.7553,1,2,1.0,0.0,0.1,4,0.0,0,True,1746968454.0734286,right,False
1136,1746968457.7742088,153.486,-12.3442,-0.0974298,0.155913,-0.0872259,6178.16,4,22.942,634.025,658.99,49.7549,1,2,1.0,0.0,0.1,4,0.0,0,True,1746968454.0734286,right,False
1137,1746968457.79616,153.444,-13.0121,-0.23288,0.156394,-0.0944861,6190.01,4,22.964,634.975,659.94,49.7546,1,2,1.0,0.0,0.1,4,0.0,0,True,1746968454.0734286,right,False
1138,1746968457.8168406,153.395,-13.6486,-0.379168,0.157067,-0.101615,6207.91,4,22.986,635.925,660.89,49.7543,1,2,1.0,0.0,0.1,4,0.0,0,True,1746968454.0734286,right,False
1139,1746968457.8405435,153.341,-14.2459,-0.520481,0.157922,-0.108565,6226.38,4,23.008,636.875,661.84,49.7539,1,2,1.0,0.0,0.1,4,0.0,0,True,1746968454.0734286,right,False
1140,1746968457.860878,153.282,-14.8125,-0.665676,0.158983,-0.115347,6247.75,4,23.03,637.825,662.79,49.7536,1,2,1.0,0.0,0.1,4,0.0,0,True,1746968454.0734286,right,False
1141,1746968457.884517,153.22,-15.3327,-0.811846,0.160232,-0.121912,6271.71,4,23.052,638.775,663.74,49.7533,1,2,1.0,0.0,0.1,4,0.0,0,True,1746968454.0734286,right,False
1142,1746968457.9059775,153.161,-15.8037,-0.956089,0.161682,-0.128218,6285.17,4,23.074,639.725,664.69,49.7529,1,2,1.0,0.0,0.0,4,0.0,0,True,1746968454.0734286,left,False
1143,1746968457.9277155,153.13,-16.2806,-1.09827,0.163327,-0.134037,6299.16,4,23.096,640.675,665.64,49.7526,1,2,1.0,0.0,0.0,4,0.0,0,True,1746968454.0734286,left,False
1144,1746968457.9492571,153.13,-16.6334,-1.23728,0.165146,-0.138926,6287.69,4,23.118,641.625,666.59,49.7522,1,2,1.0,0.0,0.0,4,0.0,0,True,1746968454.0734286,left,False
1145,1746968457.971606,153.15,-16.8275,-1.3702,0.167137,-0.14291,6267.9,4,23.14,642.576,667.54,49.7519,1,2,1.0,0.0,0.0,4,0.0,0,True,1746968454.0734286,left,False
1146,1746968457.9964335,153.182,-16.8861,-1.5,0.169308,-0.146045,6253.02,4,23.162,643.526,668.491,49.7516,1,2,1.0,0.0,0.0,4,0.0,0,True,1746968454.0734286,left,False
1147,1746968458.0174284,153.239,-16.8101,-1.6261,0.171651,-0.148371,6223.58,4,23.184,644.477,669.442,49.7512,1,2,1.0,0.0,0.0,4,0.0,0,True,1746968454.0734286,left,False
1148,1746968458.0370471,153.303,-16.6141,-1.7489,0.174191,-0.149924,6204.47,4,23.206,645.429,670.393,49.7509,1,2,1.0,0.0,0.0,4,0.0,0,True,1746968454.0734286,left,False
1149,1746968458.058606,153.378,-16.3094,-1.87101,0.176907,-0.15073,6191.65,4,23.228,646.38,671.345,49.7506,1,2,1.0,0.0,0.0,4,0.0,0,True,1746968454.0734286,left,False
1150,1746968458.082791,153.466,-15.9028,-1.98828,0.179809,-0.15084,6176.58,4,23.25,647.332,672.297,49.7502,1,2,1.0,0.0,0.0,4,0.0,0,True,1746968454.0734286,left,False
1151,1746968458.102897,153.562,-15.4001,-2.10599,0.18288,-0.150259,6170.61,4,23.272,648.284,673.249,49.7499,1,2,1.0,0.0,0.0,4,0.0,0,True,1746968454.0734286,left,False
1152,1746968458.1244278,153.673,-14.8061,-2.21972,0.186126,-0.149021,6161.56,4,23.294,649.237,674.202,49.7496,1,2,1.0,0.0,0.0,4,0.0,0,True,1746968454.0734286,left,False
1153,1746968458.1490514,153.791,-14.1297,-2.33212,0.189546,-0.147143,6155.77,4,23.316,650.19,675.155,49.7492,1,2,1.0,0.0,0.0,4,0.0,0,True,1746968454.0734286,left,False
1154,1746968458.1692848,153.923,-13.3826,-2.44095,0.193125,-0.144655,6140.97,4,23.338,651.143,676.108,49.7489,1,2,1.0,0.0,0.0,4,0.0,0,True,1746968454.0734286,left,False
1155,1746968458.1905837,154.063,-12.5653,-2.54422,0.196856,-0.141592,6131.05,4,23.36,652.097,677.062,49.7486,1,2,1.0,0.0,0.0,4,0.0,0,True,1746968454.0734286,left,False
1156,1746968458.21332,154.208,-11.6968,-2.64891,0.200727,-0.137989,6119.16,4,23.382,653.052,678.017,49.7482,1,2,1.0,0.0,0.0,4,0.0,0,True,1746968454.0734286,left,False
1157,1746968458.235178,154.362,-10.7808,-2.74866,0.204731,-0.133898,6106.48,4,23.404,654.007,678.972,49.7479,1,2,1.0,0.0,0.0,4,0.0,0,True,1746968454.0734286,left,False
1158,1746968458.25905,154.523,-9.82663,-2.83238,0.208845,-0.129376,6085.04,4,23.426,654.963,679.927,49.7475,1,2,1.0,0.0,0.0,4,0.0,0,True,1746968454.0734286,left,False
1159,1746968458.2784033,154.688,-8.8521,-2.90918,0.213061,-0.124473,6063.01,4,23.448,655.919,680.884,49.7472,1,2,1.0,0.0,0.0,4,0.0,0,True,1746968454.0734286,left,False
1160,1746968458.3006737,154.85,-7.8773,-2.98558,0.217367,-0.119268,6046.54,4,23.47,656.877,681.841,49.7469,1,2,1.0,0.0,0.0,4,0.0,0,True,1746968454.0734286,left,False
1161,1746968458.3231268,155.013,-6.90962,-3.04526,0.22174,-0.113821,6030.84,4,23.492,657.835,682.8,49.7465,1,2,1.0,0.0,0.0,4,0.0,0,True,1746968454.0734286,left,False
1162,1746968458.3445358,155.169,-5.96572,-3.09831,0.226163,-0.108204,6022.34,4,23.514,658.794,683.759,49.7462,1,2,1.0,0.0,0.0,4,0.0,0,True,1746968454.0734286,left,False
1163,1746968458.3664927,155.325,-5.05451,-3.12897,0.230604,-0.102477,6011.74,4,23.536,659.754,684.719,49.7459,1,2,1.0,0.0,0.0,4,0.0,0,True,1746968454.0734286,left,False
1164,1746968458.391267,155.476,-4.1925,-3.14751,0.235044,-0.0967036,6003.59,4,23.558,660.716,685.68,49.7455,1,2,1.0,0.0,0.0,4,0.0,0,True,1746968454.0734286,left,False
1165,1746968458.4107492,155.623,-3.38589,-3.14897,0.239476,-0.0909361,5999.29,4,23.58,661.678,686.643,49.7452,1,2,1.0,0.0,0.0,4,0.0,0,True,1746968454.0734286,left,False
1166,1746968458.4349027,155.767,-2.64197,-3.13476,0.243848,-0.0852157,5995.4,4,23.602,662.641,687.606,49.7449,1,2,1.0,0.0,0.0,4,0.0,0,True,1746968454.0734286,left,False
1167,1746968458.4567273,155.906,-1.9648,-3.10096,0.24816,-0.0795825,5995.38,4,23.624,663.606,688.57,49.7445,1,2,1.0,0.0,0.0,4,0.0,0,True,1746968454.0734286,left,False
1168,1746968458.4775052,156.042,-1.35592,-3.04733,0.252379,-0.0740618,5994.88,4,23.646,664.571,689.536,49.7442,1,2,1.0,0.0,0.0,4,0.0,0,True,1746968454.0734286,left,False
1169,1746968458.5008194,156.174,-0.815523,-2.98632,0.256488,-0.0686752,5997.79,4,23.668,665.538,690.503,49.7439,1,2,1.0,0.0,0.0,4,0.0,0,True,1746968454.0734286,left,False
1170,1746968458.525439,156.306,-0.341296,-2.89423,0.26047,-0.0634409,5996.99,4,23.69,666.506,691.471,49.7435,1,2,1.0,0.0,0.0,4,0.0,0,True,1746968454.0734286,left,False
1171,1746968458.5421557,156.433,0.0681474,-2.78752,0.264305,-0.0583681,6000.14,4,23.712,667.475,692.44,49.7432,1,2,1.0,0.0,0.0,4,0.0,0,True,1746968454.0734286,left,False
1172,1746968458.5671494,156.56,0.417247,-2.67209,0.267971,-0.053461,6003.33,4,23.734,668.446,693.41,49.7428,1,2,1.0,0.0,0.0,4,0.0,0,True,1746968454.0734286,left,False
1173,1746968458.5869293,156.685,0.710373,-2.53442,0.271465,-0.0487187,6005.62,4,23.756,669.417,694.382,49.7425,1,2,1.0,0.0,0.0,4,0.0,0,True,1746968454.0734286,left,False
1174,1746968458.6119874,156.808,0.952944,-2.39523,0.274779,-0.0441369,6010.54,4,23.778,670.39,695.354,49.7422,1,2,1.0,0.0,0.0,4,0.0,0,True,1746968454.0734286,left,False
1175,1746968458.632034,156.93,1.1496,-2.23632,0.277888,-0.0397086,6012.99,4,23.8,671.363,696.328,49.7418,1,2,1.0,0.0,0.0,4,0.0,0,True,1746968454.0734286,left,False
1176,1746968458.6519022,157.051,1.30581,-2.07077,0.280782,-0.0354239,6016.55,4,23.822,672.338,697.303,49.7415,1,2,1.0,0.0,0.0,4,0.0,0,True,1746968454.0734286,left,False
1177,1746968458.6749997,157.171,1.4281,-1.90275,0.283501,-0.0312694,6021.78,4,23.844,673.314,698.279,49.7412,1,2,1.0,0.0,0.0,4,0.0,0,True,1746968454.0734286,left,False
1178,1746968458.6974907,157.29,1.52123,-1.72983,0.28598,-0.0272295,6024.81,4,23.866,674.291,699.256,49.7408,1,2,1.0,0.0,0.0,4,0.0,0,True,1746968454.0734286,left,False
1179,1746968458.7201772,157.407,1.58947,-1.55155,0.288217,-0.0232909,6029.35,4,23.888,675.269,700.234,49.7405,1,2,1.0,0.0,0.0,4,0.0,0,True,1746968454.0734286,left,False
1180,1746968458.7413619,157.525,1.63695,-1.36697,0.290213,-0.0194401,6032.78,4,23.91,676.248,701.213,49.7402,1,2,1.0,0.0,0.0,4,0.0,0,True,1746968454.0734286,left,False
1181,1746968458.763328,157.641,1.66953,-1.19237,0.292037,-0.0156653,6037.17,4,23.932,677.228,702.192,49.7398,1,2,1.0,0.0,0.0,4,0.0,0,True,1746968454.0734286,left,False
1182,1746968458.7860858,157.756,1.68954,-1.02011,0.293635,-0.0119518,6041.8,4,23.954,678.208,703.173,49.7395,1,2,1.0,0.0,0.0,4,0.0,0,True,1746968454.0734286,left,False
1183,1746968458.8099928,157.87,1.69968,-0.8492,0.294988,-0.00829101,6045.66,4,23.976,679.19,704.155,49.7392,1,2,1.0,0.0,0.0,4,0.0,0,True,1746968454.0734286,left,False
1184,1746968458.8286433,157.985,1.70231,-0.678229,0.296096,-0.00466967,6048.55,4,23.998,680.172,705.137,49.7388,1,2,1.0,0.0,0.0,4,0.0,0,True,1746968454.0734286,left,False
1185,1746968458.8532677,158.097,1.69863,-0.505083,0.296958,-0.00108325,6053.08,4,24.02,681.156,706.12,49.7385,1,2,1.0,0.0,0.0,5,0.0,0,False,1746968458.8512743,left,False
1186,1746968458.875487,158.209,1.69164,-0.339707,0.297574,0.00247753,6057.1,4,24.042,682.14,707.105,49.7381,1,2,1.0,0.0,0.0,5,0.0,0,False,1746968458.8512743,left,False
1187,1746968458.8975086,158.253,1.68133,-0.177241,0.297983,0.00601721,4852.32,5,24.064,683.125,708.089,49.7381,1,2,1.0,0.0,0.0,5,0.0,0,False,1746968458.8512743,left,False
1188,1746968458.9177043,158.22,1.67013,-0.0184018,0.298185,0.009547,4853.77,5,24.086,684.109,709.074,49.7381,1,2,1.0,0.0,0.0,5,0.0,0,False,1746968458.8512743,left,False
1189,1746968458.9432106,158.177,1.66149,0.139544,0.298132,0.0130868,4855.22,5,24.108,685.094,710.058,49.7381,1,2,1.0,0.0,0.0,5,0.0,0,False,1746968458.8512743,left,False
1190,1746968458.962046,158.133,1.65574,0.304025,0.297824,0.0166472,4856.67,5,24.13,686.078,711.043,49.7381,1,2,1.0,0.0,0.0,5,0.0,0,False,1746968458.8512743,left,False
1191,1746968458.9842627,158.088,1.65603,0.454784,0.297324,0.0202329,4858.11,5,24.152,687.062,712.026,49.7381,1,2,1.0,0.0,0.0,5,0.0,0,False,1746968458.8512743,left,False
1192,1746968459.0047593,158.042,1.66141,0.6003,0.296593,0.0238478,4859.55,5,24.174,688.045,713.01,49.7381,1,2,1.0,0.0,0.0,5,0.0,0,False,1746968458.8512743,left,False
1193,1746968459.0263138,157.995,1.67016,0.759502,0.295608,0.0274973,4860.98,5,24.196,689.028,713.993,49.7381,1,2,1.0,0.0,0.0,5,0.0,0,False,1746968458.8512743,left,False
1194,1746968459.0491555,157.948,1.68353,0.913783,0.294375,0.0311753,4862.41,5,24.218,690.011,714.976,49.7381,1,2,1.0,0.0,0.0,5,0.0,0,False,1746968458.8512743,left,False
1195,1746968459.0712807,157.9,1.70016,1.06506,0.292968,0.03488,4863.84,5,24.24,690.993,715.958,49.7381,1,2,1.0,0.0,0.0,5,0.0,0,False,1746968458.8512743,left,False
1196,1746968459.0935555,157.851,1.72056,1.21126,0.291307,0.03861,4865.27,5,24.262,691.975,716.939,49.7381,1,2,1.0,0.0,0.0,5,0.0,0,False,1746968458.8512743,left,False
1197,1746968459.1169686,157.801,1.74192,1.36137,0.289392,0.0423629,4866.69,5,24.284,692.956,717.921,49.7381,1,2,1.0,0.0,0.0,5,0.0,0,False,1746968458.8512743,left,False
1198,1746968459.136473,157.751,1.76423,1.51367,0.287246,0.0461329,4868.1,5,24.306,693.937,718.901,49.7381,1,2,1.0,0.0,0.0,5,0.0,0,False,1746968458.8512743,left,False
1199,1746968459.1619172,157.7,1.78816,1.65591,0.284912,0.049915,4869.51,5,24.328,694.917,719.881,49.7381,1,2,1.0,0.0,0.0,5,0.0,0,False,1746968458.8512743,left,False
1200,1746968459.180495,157.648,1.81127,1.79636,0.282325,0.0537034,4729.14,5,24.35,695.896,720.861,49.7381,1,2,1.0,0.0,0.0,5,0.0,0,False,1746968458.8512743,left,False
1201,1746968459.2070863,157.667,1.83301,1.94539,0.279485,0.0574975,4814.36,5,24.372,696.875,721.84,49.7378,1,2,1.0,0.0,0.0,5,0.0,0,False,1746968458.8512743,left,False
1202,1746968459.2270994,157.743,1.85307,2.09179,0.276397,0.0612888,4825.14,5,24.394,697.854,722.819,49.7375,1,2,1.0,0.0,0.0,5,0.0,0,False,1746968458.8512743,left,False
1203,1746968459.2502246,157.824,1.86848,2.24104,0.27306,0.0650595,4829.57,5,24.416,698.833,723.798,49.7372,1,2,1.0,0.0,0.0,5,0.0,0,False,1746968458.8512743,left,False
1204,1746968459.271526,157.905,1.87841,2.38393,0.269523,0.0688001,4833.84,5,24.438,699.813,724.778,49.7369,1,2,1.0,0.0,0.0,5,0.0,0,False,1746968458.8512743,right,False
1205,1746968459.2901998,157.985,1.88254,2.53031,0.265778,0.0725074,4837.11,5,24.46,700.792,725.757,49.7366,1,2,1.0,0.0,0.0,5,0.0,0,False,1746968458.8512743,right,False
1206,1746968459.3131747,158.065,1.87899,2.68517,0.261783,0.0761712,4840.01,5,24.482,701.771,726.736,49.7364,1,2,1.0,0.0,0.0,5,0.0,0,False,1746968458.8512743,right,False
1207,1746968459.3358765,158.143,1.86971,2.83114,0.257539,0.0797898,4843.52,5,24.504,702.751,727.716,49.7361,1,2,1.0,0.0,0.0,5,0.0,0,False,1746968458.8512743,right,False
1208,1746968459.3573465,158.222,1.85465,2.98244,0.253046,0.0833688,4846.31,5,24.526,703.73,728.695,49.7358,1,2,1.0,0.0,0.0,5,0.0,0,False,1746968458.8512743,right,False
1209,1746968459.3807685,158.3,1.83443,3.14161,0.248301,0.0869094,4848.67,5,24.548,704.71,729.674,49.7355,1,2,1.0,0.0,0.0,5,0.0,0,False,1746968458.8512743,right,False
1210,1746968459.4029794,158.378,1.81035,3.3001,0.243308,0.0904144,4850.95,5,24.57,705.689,730.654,49.7352,1,2,1.0,0.0,0.0,5,0.0,0,False,1746968458.8512743,right,False
1211,1746968459.4246233,158.454,1.78277,3.46691,0.238064,0.0938869,4852.65,5,24.592,706.668,731.633,49.7349,1,2,1.0,0.0,0.0,5,0.0,0,False,1746968458.8512743,right,False
1212,1746968459.4456735,158.529,1.75459,3.62281,0.232618,0.0973333,4856.52,5,24.614,707.647,732.612,49.7346,1,2,1.0,0.0,0.0,5,0.0,0,False,1746968458.8512743,right,False
1213,1746968459.4692507,158.605,1.72527,3.78107,0.226963,0.100756,4857.89,5,24.636,708.626,733.591,49.7343,1,2,1.0,0.0,0.0,5,0.0,0,False,1746968458.8512743,right,False
1214,1746968459.491317,158.68,1.69603,3.93604,0.221057,0.104161,4860.2,5,24.658,709.605,734.569,49.734,1,2,1.0,0.0,0.0,5,0.0,0,False,1746968458.8512743,right,False
1215,1746968459.5129995,158.754,1.66669,4.09895,0.214901,0.107556,4861.44,5,24.68,710.583,735.548,49.7337,1,2,1.0,0.0,0.0,5,0.0,0,False,1746968458.8512743,right,False
1216,1746968459.5327854,158.828,1.63944,4.26081,0.208493,0.110943,4863.24,5,24.702,711.561,736.526,49.7334,1,2,1.0,0.0,0.0,5,0.0,0,False,1746968458.8512743,right,False
1217,1746968459.5554342,158.901,1.61383,4.42627,0.201859,0.114328,4864.91,5,24.724,712.539,737.504,49.7331,1,2,1.0,0.0,0.0,5,0.0,0,False,1746968458.8512743,right,False
1218,1746968459.5782864,158.972,1.59236,4.57775,0.195039,0.117719,4867.56,5,24.746,713.517,738.481,49.7328,1,2,1.0,0.0,0.0,5,0.0,0,False,1746968458.8512743,right,False
1219,1746968459.599709,159.043,1.57361,4.72999,0.187967,0.121113,4870,5,24.768,714.494,739.459,49.7325,1,2,1.0,0.0,0.0,5,0.0,0,False,1746968458.8512743,right,False
1220,1746968459.6213043,159.114,1.5573,4.89052,0.180645,0.124517,4871.05,5,24.79,715.471,740.435,49.7322,1,2,1.0,0.0,0.0,5,0.0,0,False,1746968458.8512743,right,False
1221,1746968459.6423454,159.183,1.54434,5.04651,0.17308,0.127931,4873.13,5,24.812,716.447,741.412,49.7319,1,2,1.0,0.0,0.0,5,0.0,0,False,1746968458.8512743,right,False
1222,1746968459.6663826,159.252,1.53496,5.19965,0.165345,0.131357,4875.31,5,24.834,717.423,742.388,49.7317,1,2,1.0,0.0,0.0,5,0.0,0,False,1746968458.8512743,right,False
1223,1746968459.687141,159.32,1.52873,5.35022,0.157359,0.134797,4877.26,5,24.856,718.398,743.363,49.7314,1,2,1.0,0.0,0.0,5,0.0,0,False,1746968458.8512743,right,False
1224,1746968459.7098916,159.387,1.52481,5.50391,0.149123,0.137915,4879.92,5,24.878,719.373,744.338,49.7311,1,2,1.0,0.0,0.0,5,0.0,0,False,1746968458.8512743,right,False
1225,1746968459.734465,159.453,1.52393,5.64396,0.1407,0.140719,4882.8,5,24.9,720.346,745.311,49.7308,1,2,1.0,0.0,0.0,5,0.0,0,False,1746968458.8512743,right,False
1226,1746968459.7542577,159.518,1.52513,5.78094,0.132135,0.14353,4885.09,5,24.922,721.319,746.284,49.7305,1,2,1.0,0.0,0.0,5,0.0,0,False,1746968458.8512743,right,False
1227,1746968459.7753243,159.583,1.52739,5.90992,0.12336,0.146342,4887.91,5,24.944,722.291,747.256,49.7302,1,2,1.0,0.0,0.1,5,0.0,0,False,1746968458.8512743,right,False
1228,1746968459.798423,159.648,1.52988,6.04,0.114376,0.149155,4889.57,5,24.966,723.263,748.228,49.7299,1,2,1.0,0.0,0.1,5,0.0,0,False,1746968458.8512743,right,False
1229,1746968459.8202648,159.696,1.71701,6.1504,0.105298,0.151017,4895.8,5,24.988,724.235,749.199,49.7296,1,2,1.0,0.0,0.1,5,0.0,0,False,1746968458.8512743,right,False
1230,1746968459.8438373,159.743,1.59228,6.23397,0.0961792,0.150417,4902.99,5,25.01,725.206,750.171,49.7293,1,2,1.0,0.0,0.1,5,0.0,0,False,1746968458.8512743,right,False
1231,1746968459.8634431,159.793,1.13844,6.29957,0.0870321,0.147684,4910.55,5,25.032,726.177,751.142,49.729,1,2,1.0,0.0,0.1,5,0.0,0,False,1746968458.8512743,right,False
1232,1746968459.884942,159.842,0.438863,6.3409,0.0778687,0.143211,4918.01,5,25.054,727.148,752.113,49.7287,1,2,1.0,0.0,0.1,5,0.0,0,False,1746968458.8512743,right,False
1233,1746968459.9064593,159.884,-0.436103,6.35209,0.0687256,0.137368,4927.29,5,25.076,728.119,753.084,49.7284,1,2,1.0,0.0,0.1,5,0.0,0,False,1746968458.8512743,right,False
1234,1746968459.9282918,159.917,-1.42585,6.33888,0.0595866,0.130504,4939.05,5,25.098,729.09,754.055,49.7281,1,2,1.0,0.0,0.1,5,0.0,0,False,1746968458.8512743,right,False
1235,1746968459.9505372,159.938,-2.47785,6.2989,0.0505107,0.122921,4951.75,5,25.12,730.06,755.025,49.7278,1,2,1.0,0.0,0.1,5,0.0,0,False,1746968458.8512743,right,False
1236,1746968459.9732437,159.943,-3.55924,6.23997,0.041508,0.114882,4969.7,5,25.142,731.031,755.996,49.7275,1,2,1.0,0.0,0.1,5,0.0,0,False,1746968458.8512743,right,False
1237,1746968459.9955342,159.938,-4.63227,6.16215,0.0325968,0.106595,4986.31,5,25.164,732.001,756.966,49.7272,1,2,1.0,0.0,0.1,5,0.0,0,False,1746968458.8512743,right,False
1238,1746968460.0270088,159.918,-5.68445,6.07141,0.0237834,0.0982046,5005.49,5,25.186,732.971,757.936,49.727,1,2,1.0,0.0,0.1,5,0.0,0,False,1746968458.8512743,right,False
1239,1746968460.0403943,159.888,-6.70234,5.95726,0.0151082,0.0898112,5024.25,5,25.208,733.942,758.906,49.7267,1,2,1.0,0.0,0.1,5,0.0,0,False,1746968458.8512743,right,False
1240,1746968460.0628622,159.847,-7.68202,5.83507,0.00656535,0.0814674,5042.59,5,25.23,734.912,759.877,49.7264,1,2,1.0,0.0,0.1,5,0.0,0,False,1746968458.8512743,right,False
1241,1746968460.0835886,159.8,-8.61944,5.7072,-0.00183309,0.0731868,5057.77,5,25.252,735.882,760.846,49.7261,1,2,1.0,0.0,0.1,5,0.0,0,False,1746968458.8512743,right,False
1242,1746968460.1044526,159.743,-9.52266,5.57238,-0.0100667,0.0649766,5073.16,5,25.274,736.852,761.816,49.7258,1,2,1.0,0.0,0.1,5,0.0,0,False,1746968458.8512743,right,False
1243,1746968460.1264393,159.684,-10.3855,5.4405,-0.0181193,0.0568181,5079.68,5,25.296,737.821,762.786,49.7255,1,2,1.0,0.0,0.1,5,0.0,0,False,1746968458.8512743,right,False
1244,1746968460.1495245,159.617,-11.2201,5.2994,-0.0259949,0.0486926,5086.51,5,25.318,738.791,763.756,49.7252,1,2,1.0,0.0,0.1,5,0.0,0,False,1746968458.8512743,right,False
1245,1746968460.171082,159.545,-12.026,5.15721,-0.0336812,0.040627,5091.51,5,25.34,739.76,764.725,49.7249,1,2,1.0,0.0,0.1,5,0.0,0,False,1746968458.8512743,right,False
1246,1746968460.1934693,159.461,-12.8178,5.00684,-0.0411723,0.0325967,5103.1,5,25.362,740.73,765.695,49.7246,1,2,1.0,0.0,0.0,5,0.0,0,False,1746968458.8512743,left,False
1247,1746968460.2171862,159.373,-13.5706,4.86212,-0.0484517,0.0246317,5110.12,5,25.384,741.699,766.664,49.7243,1,2,1.0,0.0,0.0,5,0.0,0,False,1746968458.8512743,left,False
1248,1746968460.2384808,159.309,-14.366,4.71011,-0.0555339,0.0170258,5110.49,5,25.406,742.668,767.633,49.724,1,2,1.0,0.0,0.0,5,0.0,0,False,1746968458.8512743,left,False
1249,1746968460.2597513,159.27,-15.0205,4.57223,-0.0624532,0.0103351,5093.51,5,25.428,743.638,768.602,49.7237,1,2,1.0,0.0,0.0,5,0.0,0,False,1746968458.8512743,left,False
1250,1746968460.2821667,159.241,-15.5192,4.43075,-0.0691956,0.0044868,5075.09,5,25.45,744.607,769.572,49.7234,1,2,1.0,0.0,0.0,5,0.0,0,False,1746968458.8512743,left,False
1251,1746968460.3025796,159.221,-15.8743,4.29522,-0.0757507,-0.00060904,5057.37,5,25.472,745.576,770.541,49.7231,1,2,1.0,0.0,0.0,5,0.0,0,False,1746968458.8512743,left,False
1252,1746968460.324175,159.201,-16.1131,4.16001,-0.0821126,-0.00502026,5050.1,5,25.494,746.546,771.51,49.7228,1,2,1.0,0.0,0.0,5,0.0,0,False,1746968458.8512743,left,False
1253,1746968460.3474548,159.193,-16.2436,4.02242,-0.0882772,-0.00880706,5042,5,25.516,747.515,772.48,49.7225,1,2,1.0,0.0,0.0,5,0.0,0,False,1746968458.8512743,left,False
1254,1746968460.3692183,159.19,-16.2706,3.89113,-0.0942464,-0.0119976,5036.91,5,25.538,748.484,773.449,49.7223,1,2,1.0,0.0,0.0,5,0.0,0,False,1746968458.8512743,left,False
1255,1746968460.3909729,159.194,-16.2127,3.75205,-0.100012,-0.0146153,5038.43,5,25.56,749.454,774.418,49.722,1,2,1.0,0.0,0.0,5,0.0,0,False,1746968458.8512743,left,False
1256,1746968460.41457,159.205,-16.0559,3.61784,-0.105593,-0.0166296,5042.07,5,25.582,750.423,775.388,49.7217,1,2,1.0,0.0,0.0,5,0.0,0,False,1746968458.8512743,left,False
1257,1746968460.4342604,159.228,-15.8175,3.4795,-0.110966,-0.0180825,5044.25,5,25.604,751.392,776.357,49.7214,1,2,1.0,0.0,0.0,5,0.0,0,False,1746968458.8512743,left,False
1258,1746968460.456911,159.263,-15.4887,3.35605,-0.116146,-0.0189654,5043.84,5,25.626,752.362,777.326,49.7211,1,2,1.0,0.0,0.0,5,0.0,0,False,1746968458.8512743,left,False
1259,1746968460.4789562,159.304,-15.0915,3.21648,-0.121136,-0.0193048,5049.31,5,25.648,753.331,778.296,49.7208,1,2,1.0,0.0,0.0,5,0.0,0,False,1746968458.8512743,left,False
1260,1746968460.5012465,159.356,-14.6095,3.08588,-0.125948,-0.0190603,5052.2,5,25.67,754.3,779.265,49.7205,1,2,1.0,0.0,0.0,5,0.0,0,False,1746968458.8512743,left,False
1261,1746968460.5249054,159.419,-14.0466,2.95679,-0.130581,-0.0182134,5054.56,5,25.692,755.269,780.234,49.7202,1,2,1.0,0.0,0.0,5,0.0,0,False,1746968458.8512743,left,False
1262,1746968460.543647,159.496,-13.4055,2.83511,-0.135026,-0.0167915,5050.54,5,25.714,756.239,781.203,49.7199,1,2,1.0,0.0,0.0,5,0.0,0,False,1746968458.8512743,left,False
1263,1746968460.5675662,159.581,-12.694,2.70883,-0.139301,-0.0148073,5047.25,5,25.736,757.208,782.173,49.7196,1,2,1.0,0.0,0.0,5,0.0,0,False,1746968458.8512743,left,False
1264,1746968460.5916083,159.677,-11.9179,2.59835,-0.143418,-0.0122987,5037.7,5,25.758,758.178,783.142,49.7193,1,2,1.0,0.0,0.0,5,0.0,0,False,1746968458.8512743,left,False
1265,1746968460.6110091,159.779,-11.0879,2.48812,-0.147386,-0.00928032,5028.03,5,25.78,759.148,784.112,49.719,1,2,1.0,0.0,0.0,5,0.0,0,False,1746968458.8512743,left,False
1266,1746968460.63461,159.889,-10.2147,2.38945,-0.151215,-0.00583005,5012.76,5,25.802,760.118,785.082,49.7187,1,2,1.0,0.0,0.0,5,0.0,0,False,1746968458.8512743,left,False
1267,1746968460.6566045,160.001,-9.31428,2.29344,-0.154915,-0.00199318,5001.31,5,25.824,761.088,786.053,49.7184,1,2,1.0,0.0,0.0,5,0.0,0,False,1746968458.8512743,left,False
1268,1746968460.6784396,160.112,-8.39916,2.20615,-0.158502,0.00216603,4991.5,5,25.846,762.058,787.023,49.7181,1,2,1.0,0.0,0.0,5,0.0,0,False,1746968458.8512743,left,False
1269,1746968460.6992657,160.226,-7.4806,2.1292,-0.161995,0.00658274,4977.37,5,25.868,763.029,787.994,49.7178,1,2,1.0,0.0,0.0,5,0.0,0,False,1746968458.8512743,left,False
1270,1746968460.7231255,160.336,-6.57312,2.06741,-0.165417,0.011196,4968.27,5,25.89,764,788.965,49.7176,1,2,1.0,0.0,0.0,5,0.0,0,False,1746968458.8512743,left,False
1271,1746968460.742448,160.443,-5.69016,2.00885,-0.168778,0.0159602,4962.39,5,25.912,764.972,789.936,49.7173,1,2,1.0,0.0,0.0,5,0.0,0,False,1746968458.8512743,right,False
1272,1746968460.7661986,160.549,-4.8396,1.97428,-0.172111,0.0208123,4954.97,5,25.934,765.943,790.908,49.717,1,2,1.0,0.0,0.0,5,0.0,0,False,1746968458.8512743,right,False
1273,1746968460.7878876,160.65,-4.03504,1.95465,-0.175415,0.0256959,4950.43,5,25.956,766.916,791.88,49.7167,1,2,1.0,0.0,0.0,5,0.0,0,False,1746968458.8512743,right,False
1274,1746968460.8089874,160.747,-3.28309,1.93682,-0.178719,0.0305765,4947.84,5,25.978,767.888,792.853,49.7164,1,2,1.0,0.0,0.0,5,0.0,0,False,1746968458.8512743,right,False
1275,1746968460.8324559,160.842,-2.586,1.94622,-0.182058,0.0354209,4945.83,5,26,768.861,793.826,49.7161,1,2,1.0,0.0,0.0,5,0.0,0,False,1746968458.8512743,right,False
1276,1746968460.8525112,160.935,-1.94807,1.97581,-0.185433,0.0401902,4943.06,5,26.022,769.834,794.799,49.7158,1,2,1.0,0.0,0.0,5,0.0,0,False,1746968458.8512743,right,False
1277,1746968460.8750691,161.024,-1.37217,2.01489,-0.188888,0.0448633,4941.81,5,26.044,770.807,795.772,49.7155,1,2,1.0,0.0,0.0,5,0.0,0,False,1746968458.8512743,right,False
1278,1746968460.8967605,161.11,-0.85845,2.07349,-0.192415,0.0494193,4942.99,5,26.066,771.781,796.746,49.7152,1,2,1.0,0.0,0.0,5,0.0,0,True,1746968458.8512743,right,False
1279,1746968460.9186437,161.195,-0.404322,2.13805,-0.196053,0.0538478,4944.05,5,26.088,772.755,797.72,49.7149,1,2,1.0,0.0,0.0,5,0.0,0,True,1746968458.8512743,right,False
1280,1746968460.9406343,161.278,-0.00770993,2.22763,-0.199805,0.0581405,4943.96,5,26.11,773.729,798.694,49.7146,1,2,1.0,0.0,0.0,5,0.0,0,True,1746968458.8512743,right,False
1281,1746968460.962418,161.359,0.334574,2.32107,-0.203684,0.0622934,4945.94,5,26.132,774.703,799.668,49.7143,1,2,1.0,0.0,0.0,5,0.0,0,True,1746968458.8512743,right,False
1282,1746968460.9883077,161.439,0.626354,2.43575,-0.207701,0.0663056,4947.3,5,26.154,775.678,800.643,49.714,1,2,1.0,0.0,0.0,5,0.0,0,True,1746968458.8512743,right,False
1283,1746968461.0141368,161.518,0.871784,2.55133,-0.211879,0.0701793,4948.88,5,26.176,776.652,801.617,49.7137,1,2,1.0,0.0,0.1,5,0.0,0,True,1746968458.8512743,right,False
1284,1746968461.0287268,161.578,1.25149,2.67648,-0.216164,0.072996,4954.89,5,26.198,777.627,802.592,49.7134,1,2,1.0,0.0,0.1,5,0.0,0,True,1746968458.8512743,right,False
1285,1746968461.0521555,161.636,1.29418,2.78096,-0.220469,0.0733014,4960.56,5,26.22,778.602,803.567,49.7131,1,2,1.0,0.0,0.1,5,0.0,0,True,1746968458.8512743,right,False
1286,1746968461.0733488,161.698,0.980238,2.87014,-0.224795,0.0713961,4967.71,5,26.242,779.577,804.542,49.7129,1,2,1.0,0.0,0.1,5,0.0,0,True,1746968458.8512743,right,False
1287,1746968461.0973458,161.759,0.394954,2.94863,-0.229126,0.067652,4974.45,5,26.264,780.552,805.517,49.7126,1,2,1.0,0.0,0.1,5,0.0,0,True,1746968458.8512743,right,False
1288,1746968461.1169994,161.816,-0.388148,3.00306,-0.233449,0.0624231,4981.9,5,26.286,781.527,806.492,49.7123,1,2,1.0,0.0,0.1,5,0.0,0,True,1746968458.8512743,right,False
1289,1746968461.1393285,161.865,-1.30956,3.02622,-0.237742,0.0560583,4992.19,5,26.308,782.503,807.468,49.712,1,2,1.0,0.0,0.1,5,0.0,0,True,1746968458.8512743,right,False
1290,1746968461.1615198,161.903,-2.31169,3.0325,-0.241992,0.0488592,5001.79,5,26.33,783.478,808.443,49.7117,1,2,1.0,0.0,0.1,5,0.0,0,True,1746968458.8512743,right,False
1291,1746968461.1846395,161.928,-3.35954,3.01389,-0.246173,0.0410895,5014.64,5,26.352,784.454,809.419,49.7114,1,2,1.0,0.0,0.1,5,0.0,0,True,1746968458.8512743,right,False
1292,1746968461.2052362,161.938,-4.42592,2.9672,-0.250242,0.0329461,5030.57,5,26.374,785.43,810.395,49.7111,1,2,1.0,0.0,0.1,5,0.0,0,True,1746968458.8512743,right,False
1293,1746968461.2270398,161.935,-5.48729,2.89877,-0.254207,0.0245975,5048.42,5,26.396,786.406,811.371,49.7108,1,2,1.0,0.0,0.1,5,0.0,0,True,1746968458.8512743,right,False
1294,1746968461.251164,161.92,-6.53054,2.80972,-0.258053,0.0161598,5067.13,5,26.418,787.382,812.347,49.7105,1,2,1.0,0.0,0.1,5,0.0,0,True,1746968458.8512743,right,False
1295,1746968461.2711213,161.891,-7.54693,2.704,-0.261757,0.00771642,5089.48,5,26.44,788.358,813.323,49.7102,1,2,1.0,0.0,0.1,5,0.0,0,True,1746968458.8512743,right,False
1296,1746968461.2929204,161.854,-8.53007,2.58959,-0.265318,-0.00070703,5107.54,5,26.462,789.334,814.299,49.7099,1,2,1.0,0.0,0.1,5,0.0,0,True,1746968458.8512743,right,False
1297,1746968461.3163595,161.808,-9.48543,2.45811,-0.268711,-0.00908661,5125.32,5,26.484,790.311,815.275,49.7096,1,2,1.0,0.0,0.1,5,0.0,0,True,1746968458.8512743,right,False
1298,1746968461.3361945,161.753,-10.4134,2.31951,-0.271948,-0.0174258,5143.68,5,26.506,791.287,816.252,49.7093,1,2,1.0,0.0,0.1,5,0.0,0,True,1746968458.8512743,right,False
1299,1746968461.359218,161.695,-11.3045,2.18593,-0.275002,-0.0257,5153.29,5,26.528,792.263,817.228,49.709,1,2,1.0,0.0,0.1,5,0.0,0,True,1746968458.8512743,right,False
1300,1746968461.3821313,161.626,-12.1687,2.03719,-0.277867,-0.0339112,5166.4,5,26.55,793.239,818.204,49.7087,1,2,1.0,0.0,0.1,5,0.0,0,True,1746968458.8512743,right,False
1301,1746968461.403112,161.553,-13.0036,1.88791,-0.280542,-0.042053,5176.86,5,26.572,794.215,819.18,49.7084,1,2,1.0,0.0,0.1,5,0.0,0,True,1746968458.8512743,right,False
1302,1746968461.424246,161.469,-13.8157,1.72956,-0.283018,-0.0501218,5191.64,5,26.594,795.191,820.156,49.7081,1,2,1.0,0.0,0.1,5,0.0,0,True,1746968458.8512743,right,False
1303,1746968461.4473746,161.383,-14.5985,1.5738,-0.285288,-0.0581063,5200.33,5,26.616,796.167,821.132,49.7078,1,2,1.0,0.0,0.1,5,0.0,0,True,1746968458.8512743,right,False
1304,1746968461.4698462,161.288,-15.3444,1.41433,-0.287347,-0.0659636,5213.09,5,26.638,797.143,822.108,49.7075,1,2,1.0,0.0,0.1,5,0.0,0,True,1746968458.8512743,right,False
1305,1746968461.490226,161.19,-16.0593,1.25616,-0.289199,-0.0736743,5226.24,5,26.66,798.118,823.083,49.7071,1,2,1.0,0.0,0.1,5,0.0,0,True,1746968458.8512743,right,False
1306,1746968461.51278,161.083,-16.7295,1.09668,-0.290826,-0.0812017,5246.54,5,26.682,799.094,824.058,49.7068,1,2,1.0,0.0,0.1,5,0.0,0,True,1746968458.8512743,right,False
1307,1746968461.5360057,160.975,-17.3647,0.935072,-0.292226,-0.0885332,5262.89,5,26.704,800.069,825.034,49.7065,1,2,1.0,0.0,0.1,5,0.0,0,True,1746968458.8512743,right,False
1308,1746968461.5573633,160.867,-17.9441,0.772447,-0.2934,-0.0956012,5279.15,5,26.726,801.044,826.008,49.7061,1,2,1.0,0.0,0.0,5,0.0,0,True,1746968458.8512743,left,False
1309,1746968461.5807028,160.755,-18.4787,0.609272,-0.294354,-0.102386,5305.15,5,26.748,802.018,826.983,49.7058,1,2,1.0,0.0,0.0,5,0.0,0,True,1746968458.8512743,left,False
1310,1746968461.600186,160.679,-18.9883,0.453516,-0.295079,-0.108687,5314.21,5,26.77,802.993,827.957,49.7054,1,2,1.0,0.0,0.0,5,0.0,0,True,1746968458.8512743,left,False
1311,1746968461.6243236,160.633,-19.3748,0.29455,-0.295603,-0.11413,5311.55,5,26.792,803.967,828.932,49.7051,1,2,1.0,0.0,0.0,5,0.0,0,True,1746968458.8512743,left,False
1312,1746968461.644934,160.605,-19.6169,0.143883,-0.295919,-0.118742,5303.22,5,26.814,804.941,829.906,49.7048,1,2,1.0,0.0,0.0,5,0.0,0,True,1746968458.8512743,left,False
1313,1746968461.666873,160.596,-19.7184,-0.00149946,-0.296027,-0.122549,5289.63,5,26.836,805.916,830.88,49.7044,1,2,1.0,0.0,0.0,5,0.0,0,True,1746968458.8512743,left,False
1314,1746968461.691337,160.601,-19.6966,-0.147085,-0.295915,-0.125597,5277.87,5,26.858,806.89,831.855,49.7041,1,2,1.0,0.0,0.0,5,0.0,0,True,1746968458.8512743,left,False
1315,1746968461.7113066,160.627,-19.5488,-0.290824,-0.295585,-0.127912,5259.66,5,26.88,807.865,832.829,49.7038,1,2,1.0,0.0,0.0,5,0.0,0,True,1746968458.8512743,left,False
1316,1746968461.7347333,160.666,-19.2946,-0.434506,-0.29505,-0.129521,5241.98,5,26.902,808.839,833.804,49.7034,1,2,1.0,0.0,0.0,5,0.0,0,True,1746968458.8512743,left,False
1317,1746968461.7563145,160.711,-18.9326,-0.572706,-0.294287,-0.13046,5235.84,5,26.924,809.813,834.778,49.7031,1,2,1.0,0.0,0.0,5,0.0,0,True,1746968458.8512743,left,False
1318,1746968461.777907,160.775,-18.4757,-0.71601,-0.293319,-0.130748,5224.14,5,26.946,810.788,835.753,49.7028,1,2,1.0,0.0,0.0,5,0.0,0,True,1746968458.8512743,left,False
1319,1746968461.800299,160.848,-17.9215,-0.853347,-0.292137,-0.130397,5217.3,5,26.968,811.763,836.727,49.7024,1,2,1.0,0.0,0.0,5,0.0,0,True,1746968458.8512743,left,False
1320,1746968461.820134,160.937,-17.2837,-0.996586,-0.290757,-0.129421,5206.86,5,26.99,812.737,837.702,49.7021,1,2,1.0,0.0,0.0,5,0.0,0,True,1746968458.8512743,left,False
1321,1746968461.8444762,161.034,-16.5574,-1.1271,-0.289172,-0.127844,5198.44,5,27.012,813.712,838.677,49.7018,1,2,1.0,0.0,0.0,5,0.0,0,True,1746968458.8512743,left,False
1322,1746968461.8652904,161.142,-15.7538,-1.26727,-0.287392,-0.125675,5191.22,5,27.034,814.687,839.652,49.7014,1,2,1.0,0.0,0.0,5,0.0,0,True,1746968458.8512743,left,False
1323,1746968461.8873715,161.263,-14.8734,-1.39387,-0.285431,-0.122929,5177.6,5,27.056,815.662,840.627,49.7011,1,2,1.0,0.0,0.0,5,0.0,0,True,1746968458.8512743,left,False
1324,1746968461.9087389,161.394,-13.9331,-1.51894,-0.283285,-0.119648,5161.21,5,27.078,816.637,841.602,49.7008,1,2,1.0,0.0,0.0,5,0.0,0,True,1746968458.8512743,left,False
1325,1746968461.9305344,161.531,-12.9347,-1.6454,-0.280969,-0.115859,5144.77,5,27.1,817.613,842.578,49.7005,1,2,1.0,0.0,0.0,5,0.0,0,True,1746968458.8512743,left,False
1326,1746968461.9557977,161.675,-11.8874,-1.75644,-0.278491,-0.111607,5126.44,5,27.122,818.589,843.554,49.7002,1,2,1.0,0.0,0.0,5,0.0,0,True,1746968458.8512743,left,False
1327,1746968461.975046,161.819,-10.8111,-1.87195,-0.275873,-0.106941,5111.09,5,27.144,819.566,844.531,49.6999,1,2,1.0,0.0,0.0,5,0.0,0,True,1746968458.8512743,left,False
1328,1746968461.9968815,161.97,-9.70905,-1.96628,-0.27313,-0.101915,5087.87,5,27.166,820.543,845.508,49.6996,1,2,1.0,0.0,0.0,5,0.0,0,True,1746968458.8512743,left,False
1329,1746968462.020398,162.119,-8.60056,-2.05505,-0.270266,-0.0965971,5066.22,5,27.188,821.521,846.486,49.6993,1,2,1.0,0.0,0.0,5,0.0,0,True,1746968458.8512743,left,False
1330,1746968462.0424693,162.262,-7.50541,-2.13394,-0.267312,-0.0910662,5051.05,5,27.21,822.499,847.464,49.6991,1,2,1.0,0.0,0.0,5,0.0,0,True,1746968458.8512743,left,False
1331,1746968462.062643,162.402,-6.43769,-2.19392,-0.264278,-0.0853946,5036.67,5,27.232,823.478,848.443,49.6988,1,2,1.0,0.0,0.0,5,0.0,0,True,1746968458.8512743,left,False
1332,1746968462.0863762,162.535,-5.4169,-2.24497,-0.261204,-0.0796618,5026.52,5,27.254,824.458,849.422,49.6985,1,2,1.0,0.0,0.0,5,0.0,0,True,1746968458.8512743,left,False
1333,1746968462.1062813,162.663,-4.45145,-2.28352,-0.258097,-0.0739352,5018.74,5,27.276,825.438,850.403,49.6982,1,2,1.0,0.0,0.0,5,0.0,0,True,1746968458.8512743,left,False
1334,1746968462.1290212,162.784,-3.5536,-2.29723,-0.254991,-0.0682652,5014.12,5,27.298,826.419,851.384,49.6979,1,2,1.0,0.0,0.0,5,0.0,0,True,1746968458.8512743,left,False
1335,1746968462.1525896,162.901,-2.72664,-2.29548,-0.251904,-0.0626878,5011.25,5,27.32,827.401,852.366,49.6976,1,2,1.0,0.0,0.0,5,0.0,0,True,1746968458.8512743,left,False
1336,1746968462.1756637,163.014,-1.97722,-2.26908,-0.248865,-0.0572432,5007.07,5,27.342,828.383,853.348,49.6973,1,2,1.0,0.0,0.0,5,0.0,0,True,1746968458.8512743,left,False
1337,1746968462.1941905,163.122,-1.30839,-2.23273,-0.24589,-0.0519626,5007.42,5,27.364,829.367,854.332,49.697,1,2,1.0,0.0,0.0,5,0.0,0,True,1746968458.8512743,left,False
1338,1746968462.217239,163.227,-0.717801,-2.17966,-0.242999,-0.0468621,5008.01,5,27.386,830.351,855.316,49.6967,1,2,1.0,0.0,0.0,5,0.0,0,True,1746968458.8512743,right,False
1339,1746968462.2385666,163.329,-0.203031,-2.11263,-0.240218,-0.0419528,5009.81,5,27.408,831.336,856.301,49.6964,1,2,1.0,0.0,0.0,5,0.0,0,True,1746968458.8512743,right,False
1340,1746968462.2626772,163.43,0.239691,-2.01743,-0.237563,-0.0372394,5009.45,5,27.43,832.322,857.287,49.6961,1,2,1.0,0.0,0.0,5,0.0,0,True,1746968458.8512743,right,False
1341,1746968462.2834857,163.529,0.614974,-1.91887,-0.235048,-0.0327228,5010.94,5,27.452,833.309,858.273,49.6958,1,2,1.0,0.0,0.0,5,0.0,0,True,1746968458.8512743,right,False
1342,1746968462.3052278,163.625,0.928371,-1.80045,-0.232688,-0.028399,5014.12,5,27.474,834.296,859.261,49.6955,1,2,1.0,0.0,0.0,5,0.0,0,True,1746968458.8512743,right,False
1343,1746968462.3262787,163.721,1.18487,-1.66562,-0.230503,-0.0242615,5015.46,5,27.496,835.284,860.249,49.6952,1,2,1.0,0.0,0.0,5,0.0,0,True,1746968458.8512743,right,False
1344,1746968462.3495667,163.816,1.39131,-1.52802,-0.228475,-0.0203022,5018.11,5,27.518,836.274,861.238,49.6949,1,2,1.0,0.0,0.0,5,0.0,0,True,1746968458.8512743,right,False
1345,1746968462.3705,163.909,1.55292,-1.37967,-0.226654,-0.0165095,5021.32,5,27.54,837.263,862.228,49.6946,1,2,1.0,0.0,0.0,5,0.0,0,True,1746968458.8512743,right,False
1346,1746968462.3936353,164.003,1.67563,-1.21857,-0.225,-0.0128675,5022.17,5,27.562,838.254,863.219,49.6944,1,2,1.0,0.0,0.0,5,0.0,0,True,1746968458.8512743,right,False
1347,1746968462.4153125,164.096,1.76666,-1.05948,-0.223576,-0.00936043,5024.96,5,27.584,839.245,864.21,49.6941,1,2,1.0,0.0,0.0,5,0.0,0,True,1746968458.8512743,right,False
1348,1746968462.4375818,164.188,1.83013,-0.897563,-0.22231,-0.00597084,5027.04,5,27.606,840.237,865.202,49.6938,1,2,1.0,0.0,0.0,5,0.0,0,True,1746968458.8512743,right,False
1349,1746968462.4579954,164.279,1.87179,-0.730312,-0.221267,-0.00268209,5030.29,5,27.628,841.23,866.194,49.6935,1,2,1.0,0.0,0.0,5,0.0,0,True,1746968458.8512743,right,False
1350,1746968462.4815354,164.371,1.89502,-0.558699,-0.220451,0.000519633,5031.55,5,27.65,842.223,867.188,49.6932,1,2,1.0,0.0,0.0,5,0.0,0,True,1746968458.8512743,right,False
1351,1746968462.5029426,164.46,1.90732,-0.406567,-0.21979,0.00365269,5035.4,5,27.672,843.217,868.182,49.6929,1,2,1.0,0.0,0.0,5,0.0,0,True,1746968458.8512743,right,False
1352,1746968462.5248575,164.55,1.90786,-0.246813,-0.219364,0.00672436,5037.59,5,27.694,844.211,869.176,49.6926,1,2,1.0,0.0,0.0,5,0.0,0,True,1746968458.8512743,right,False
1353,1746968462.547625,164.638,1.90137,-0.0828071,-0.219163,0.00975609,5040.66,5,27.716,845.206,870.171,49.6923,1,2,1.0,0.0,0.0,5,0.0,0,True,1746968458.8512743,right,False
1354,1746968462.5693402,164.727,1.89017,0.06565,-0.219122,0.0127474,5043.35,5,27.738,846.202,871.167,49.692,1,2,1.0,0.0,0.0,5,0.0,0,True,1746968458.8512743,right,False
1355,1746968462.5905643,164.815,1.87597,0.213022,-0.219314,0.0157149,5045.02,5,27.76,847.198,872.163,49.6917,1,2,1.0,0.0,0.0,5,0.0,0,True,1746968458.8512743,right,False
1356,1746968462.614346,164.902,1.85915,0.366562,-0.219731,0.0186616,5048.04,5,27.782,848.195,873.159,49.6914,1,2,1.0,0.0,0.0,5,0.0,0,True,1746968458.8512743,right,False
1357,1746968462.634913,164.988,1.84359,0.502994,-0.220308,0.0215979,5050.81,5,27.804,849.192,874.157,49.6911,1,2,1.0,0.0,0.0,5,0.0,0,True,1746968458.8512743,right,False
1358,1746968462.6575553,165.074,1.82745,0.638687,-0.221118,0.0245256,5054.43,5,27.826,850.189,875.154,49.6908,1,2,1.0,0.0,0.0,5,0.0,0,True,1746968458.8512743,right,False
1359,1746968462.6797886,165.159,1.81174,0.779953,-0.222133,0.0274496,5056.63,5,27.848,851.187,876.152,49.6905,1,2,1.0,0.0,0.0,5,0.0,0,True,1746968458.8512743,right,False
1360,1746968462.7005339,165.243,1.79806,0.907947,-0.22333,0.0303711,5060.6,5,27.87,852.186,877.15,49.6902,1,2,1.0,0.0,0.0,5,0.0,0,True,1746968458.8512743,right,False
1361,1746968462.72369,165.328,1.78371,1.04334,-0.22476,0.0332887,5061.72,5,27.892,853.184,878.149,49.6899,1,2,1.0,0.0,0.1,5,0.0,0,True,1746968458.8512743,right,False
1362,1746968462.7445617,165.411,1.77099,1.17623,-0.226373,0.0362062,5064.74,5,27.914,854.183,879.148,49.6897,1,2,1.0,0.0,0.1,5,0.0,0,True,1746968458.8512743,right,False
1363,1746968462.7697523,165.478,1.9412,1.29277,-0.228143,0.0381495,5070.71,5,27.936,855.183,880.148,49.6894,1,2,1.0,0.0,0.1,5,0.0,0,True,1746968458.8512743,right,False
1364,1746968462.79182,165.545,1.78183,1.392,-0.229954,0.0375761,5077.49,5,27.958,856.183,881.147,49.6891,1,2,1.0,0.0,0.1,5,0.0,0,True,1746968458.8512743,right,False
1365,1746968462.8132849,165.614,1.27118,1.46283,-0.231805,0.0348179,5086.25,5,27.98,857.183,882.147,49.6888,1,2,1.0,0.0,0.1,5,0.0,0,True,1746968458.8512743,right,False
1366,1746968462.833995,165.682,0.500381,1.51573,-0.233679,0.0302694,5093.84,5,28.002,858.183,883.148,49.6885,1,2,1.0,0.0,0.1,5,0.0,0,True,1746968458.8512743,right,False
1367,1746968462.856687,165.743,-0.458492,1.53878,-0.235559,0.024308,5103.9,5,28.024,859.183,884.148,49.6882,1,2,1.0,0.0,0.1,5,0.0,0,True,1746968458.8512743,right,False
1368,1746968462.876978,165.793,-1.53913,1.54567,-0.237415,0.0172846,5115.78,5,28.046,860.184,885.149,49.6879,1,2,1.0,0.0,0.1,5,0.0,0,True,1746968458.8512743,right,False
1369,1746968462.8994107,165.829,-2.68742,1.52241,-0.239237,0.00952864,5129.88,5,28.068,861.185,886.15,49.6876,1,2,1.0,0.0,0.1,5,0.0,0,True,1746968458.8512743,right,False
1370,1746968462.9249544,165.849,-3.86318,1.47206,-0.240997,0.00131607,5147.12,5,28.09,862.187,887.152,49.6873,1,2,1.0,0.0,0.1,5,0.0,0,True,1746968458.8512743,right,False
1371,1746968462.9440584,165.857,-5.02857,1.41004,-0.242672,-0.0071311,5163.45,5,28.112,863.188,888.153,49.687,1,2,1.0,0.0,0.1,5,0.0,0,True,1746968458.8512743,right,False
1372,1746968462.9667559,165.847,-6.17628,1.31781,-0.244244,-0.0156581,5185.74,5,28.134,864.19,889.155,49.6867,1,2,1.0,0.0,0.1,5,0.0,0,True,1746968458.8512743,right,False
1373,1746968462.9897554,165.824,-7.28386,1.21862,-0.245701,-0.0241809,5209,5,28.156,865.192,890.156,49.6864,1,2,1.0,0.0,0.1,5,0.0,0,True,1746968458.8512743,right,False
1374,1746968463.0119777,165.791,-8.34799,1.10294,-0.247026,-0.0326233,5230.85,5,28.178,866.194,891.158,49.686,1,2,1.0,0.0,0.1,5,0.0,0,True,1746968458.8512743,right,False
1375,1746968463.0327923,165.75,-9.36672,0.982147,-0.24821,-0.0409737,5248.56,5,28.2,867.195,892.16,49.6857,1,2,1.0,0.0,0.1,5,0.0,0,True,1746968458.8512743,right,False
1376,1746968463.0561008,165.7,-10.3471,0.848104,-0.249231,-0.0492299,5266.12,5,28.222,868.197,893.162,49.6854,1,2,1.0,0.0,0.1,5,0.0,0,True,1746968458.8512743,right,False
1377,1746968463.073895,165.64,-11.2904,0.711656,-0.250092,-0.0573947,5284.46,5,28.244,869.199,894.164,49.685,1,2,1.0,0.0,0.1,5,0.0,0,True,1746968458.8512743,right,False
1378,1746968463.0966804,165.584,-12.1926,0.572002,-0.250775,-0.065496,5287.3,5,28.266,870.201,895.166,49.6847,1,2,1.0,0.0,0.1,5,0.0,0,True,1746968458.8512743,right,False
1379,1746968463.119914,165.512,-13.068,0.430534,-0.251278,-0.0735393,5298.67,5,28.288,871.203,896.168,49.6844,1,2,1.0,0.0,0.1,5,0.0,0,True,1746968458.8512743,right,False
1380,1746968463.1415617,165.437,-13.9119,0.290853,-0.251589,-0.0815105,5305.55,5,28.31,872.205,897.17,49.684,1,2,1.0,0.0,0.1,5,0.0,0,True,1746968458.8512743,right,False
1381,1746968463.164764,165.352,-14.7309,0.142966,-0.251701,-0.0894072,5316.62,5,28.332,873.207,898.172,49.6837,1,2,1.0,0.0,0.1,5,0.0,0,True,1746968458.8512743,right,False
1382,1746968463.1861193,165.266,-15.5168,-0.00102178,-0.251609,-0.0972376,5319.88,5,28.354,874.209,899.174,49.6834,1,2,1.0,0.0,0.1,5,0.0,0,True,1746968458.8512743,right,False
1383,1746968463.2083442,165.169,-16.2752,-0.146475,-0.251306,-0.104961,5329.84,5,28.376,875.211,900.176,49.683,1,2,1.0,0.0,0.1,5,0.0,0,True,1746968458.8512743,right,False
1384,1746968463.2321823,165.063,-16.9969,-0.292352,-0.250789,-0.112522,5346.53,5,28.398,876.212,901.177,49.6827,1,2,1.0,0.0,0.1,5,0.0,0,True,1746968458.8512743,right,False
1385,1746968463.251301,164.955,-17.6883,-0.4427,-0.250059,-0.119938,5358.32,5,28.42,877.214,902.178,49.6823,1,2,1.0,0.0,0.1,5,0.0,0,True,1746968458.8512743,right,False
1386,1746968463.2743611,164.839,-18.3341,-0.594374,-0.249107,-0.127123,5381.5,5,28.442,878.215,903.18,49.682,1,2,1.0,0.0,0.1,5,0.0,0,True,1746968458.8512743,right,False
1387,1746968463.2953057,164.723,-18.9344,-0.749634,-0.247933,-0.134075,5402.15,5,28.464,879.216,904.18,49.6817,1,2,1.0,0.0,0.1,5,0.0,0,True,1746968458.8512743,right,False
1388,1746968463.3183804,164.605,-19.4861,-0.910217,-0.246535,-0.140747,5428.16,5,28.486,880.216,905.181,49.6813,1,2,1.0,0.0,0.1,5,0.0,0,True,1746968458.8512743,right,False
1389,1746968463.34105,164.487,-19.9826,-1.06336,-0.244916,-0.147125,5454.42,5,28.508,881.216,906.181,49.681,1,2,1.0,0.0,0.1,5,0.0,0,True,1746968458.8512743,right,False
1390,1746968463.3631134,164.373,-20.4259,-1.22815,-0.243075,-0.153184,5481.16,5,28.53,882.216,907.181,49.6807,1,2,1.0,0.0,0.1,5,0.0,0,True,1746968458.8512743,right,False
1391,1746968463.3841753,164.262,-20.8087,-1.38892,-0.240999,-0.15891,5507.91,5,28.552,883.216,908.18,49.6803,1,2,1.0,0.0,0.1,5,0.0,0,True,1746968458.8512743,right,False
1392,1746968463.4074702,164.154,-21.1368,-1.5512,-0.2387,-0.164287,5536.45,5,28.574,884.215,909.179,49.68,1,2,1.0,0.0,0.1,5,0.0,0,True,1746968458.8512743,right,False
1393,1746968463.42857,164.055,-21.3968,-1.70932,-0.236171,-0.169307,5563.21,5,28.596,885.213,910.178,49.6797,1,2,1.0,0.0,0.1,5,0.0,0,True,1746968458.8512743,right,False
1394,1746968463.4516904,163.967,-21.5868,-1.86747,-0.233419,-0.173934,5583.89,5,28.618,886.212,911.176,49.6793,1,2,1.0,0.0,0.1,5,0.0,0,True,1746968458.8512743,right,False
1395,1746968463.473136,163.887,-21.7158,-2.02124,-0.23043,-0.178187,5605.42,5,28.64,887.209,912.174,49.679,1,2,1.0,0.0,0.1,5,0.0,0,True,1746968458.8512743,right,False
1396,1746968463.493393,163.808,-21.7816,-2.18123,-0.227212,-0.182049,5635.06,5,28.662,888.207,913.172,49.6787,1,2,1.0,0.0,0.0,5,0.0,0,True,1746968458.8512743,left,False
1397,1746968463.51679,163.738,-21.7802,-2.34176,-0.223761,-0.185508,5665.41,5,28.684,889.204,914.169,49.6783,1,2,1.0,0.0,0.0,5,0.0,0,True,1746968458.8512743,left,False
1398,1746968463.5422292,163.711,-21.7428,-2.49826,-0.220091,-0.188396,5682.9,5,28.706,890.201,915.166,49.678,1,2,1.0,0.0,0.0,5,0.0,0,True,1746968458.8512743,left,False
1399,1746968463.5615857,163.725,-21.571,-2.64349,-0.216215,-0.190413,5684.45,5,28.728,891.197,916.162,49.6776,1,2,1.0,0.0,0.0,5,0.0,0,True,1746968458.8512743,left,False
1400,1746968463.5823328,163.768,-21.2675,-2.79396,-0.212122,-0.191583,5670.4,5,28.75,892.194,917.159,49.6773,1,2,1.0,0.0,0.0,5,0.0,0,True,1746968458.8512743,left,False
1401,1746968463.6055467,163.84,-20.8285,-2.93327,-0.207827,-0.19193,5643.97,5,28.772,893.191,918.156,49.677,1,2,1.0,0.0,0.0,5,0.0,0,True,1746968458.8512743,left,False
1402,1746968463.6252236,163.932,-20.2707,-3.07084,-0.203318,-0.191499,5615.36,5,28.794,894.188,919.152,49.6766,1,2,1.0,0.0,0.0,5,0.0,0,True,1746968458.8512743,left,False
1403,1746968463.6487062,164.045,-19.5906,-3.20701,-0.198608,-0.190292,5581.05,5,28.816,895.185,920.149,49.6763,1,2,1.0,0.0,0.0,5,0.0,0,True,1746968458.8512743,left,False
1404,1746968463.66959,164.177,-18.7926,-3.34438,-0.193699,-0.188316,5545.3,5,28.838,896.182,921.147,49.676,1,2,1.0,0.0,0.0,5,0.0,0,True,1746968458.8512743,left,False
1405,1746968463.690073,164.323,-17.8883,-3.47883,-0.188584,-0.185592,5509.34,5,28.86,897.18,922.144,49.6756,1,2,1.0,0.0,0.0,5,0.0,0,True,1746968458.8512743,left,False
1406,1746968463.7157106,164.487,-16.8766,-3.59633,-0.183287,-0.182153,5462.56,5,28.882,898.177,923.142,49.6753,1,2,1.0,0.0,0.0,5,0.0,0,True,1746968458.8512743,left,False
1407,1746968463.734694,164.661,-15.7738,-3.71947,-0.177808,-0.178034,5421.06,5,28.904,899.176,924.14,49.675,1,2,1.0,0.0,0.0,5,0.0,0,True,1746968458.8512743,left,False
1408,1746968463.7574935,164.841,-14.5926,-3.83319,-0.172146,-0.17329,5377.24,5,28.926,900.174,925.139,49.6746,1,2,1.0,0.0,0.0,5,0.0,0,True,1746968458.8512743,left,False
1409,1746968463.7831755,165.028,-13.3508,-3.95241,-0.166317,-0.167977,5335.57,5,28.948,901.174,926.138,49.6743,1,2,1.0,0.0,0.0,5,0.0,0,True,1746968458.8512743,left,False
1410,1746968463.802801,165.217,-12.0582,-4.05944,-0.160333,-0.162164,5291.76,5,28.97,902.174,927.138,49.674,1,2,1.0,0.0,0.0,5,0.0,0,True,1746968458.8512743,left,False
1411,1746968463.8240356,165.404,-10.7313,-4.15655,-0.15422,-0.155931,5252.71,5,28.992,903.174,928.139,49.6736,1,2,1.0,0.0,0.0,5,0.0,0,True,1746968458.8512743,left,False
1412,1746968463.849959,165.584,-9.40897,-4.25602,-0.147984,-0.149389,5220.23,5,29.014,904.175,929.14,49.6733,1,2,1.0,0.0,0.0,5,0.0,0,True,1746968458.8512743,left,False
1413,1746968463.86655,165.763,-8.09282,-4.32695,-0.14165,-0.142639,5184.04,5,29.036,905.178,930.142,49.6729,1,2,1.0,0.0,0.0,5,0.0,0,True,1746968458.8512743,left,False
1414,1746968463.89158,165.925,-6.824,-4.4031,-0.135244,-0.135785,5162.69,5,29.058,906.181,931.146,49.6727,1,2,1.0,0.0,0.0,5,0.0,0,True,1746968458.8512743,left,False
1415,1746968463.9124572,166.08,-5.61063,-4.4546,-0.128802,-0.128916,5144.43,5,29.08,907.185,932.149,49.6724,1,2,1.0,0.0,0.0,5,0.0,0,True,1746968458.8512743,left,False
1416,1746968463.9336915,166.223,-4.47607,-4.49557,-0.122325,-0.122128,5132.46,5,29.102,908.19,933.154,49.6721,1,2,1.0,0.0,0.0,5,0.0,0,True,1746968458.8512743,left,False
1417,1746968463.955389,166.358,-3.43074,-4.50808,-0.115863,-0.115487,5123.57,5,29.124,909.196,934.16,49.6718,1,2,1.0,0.0,0.0,5,0.0,0,True,1746968458.8512743,left,False
1418,1746968463.976144,166.485,-2.48401,-4.51373,-0.109438,-0.109039,5119.79,5,29.146,910.203,935.167,49.6715,1,2,1.0,0.0,0.0,5,0.0,0,True,1746968458.8512743,left,False
1419,1746968463.9986577,166.606,-1.63775,-4.48781,-0.103068,-0.102822,5116.38,5,29.168,911.211,936.175,49.6712,1,2,1.0,0.0,0.0,5,0.0,0,True,1746968458.8512743,left,False
1420,1746968464.0207925,166.721,-0.8937,-4.44757,-0.0967936,-0.096863,5116.42,5,29.19,912.22,937.184,49.6709,1,2,1.0,0.0,0.0,5,0.0,0,True,1746968458.8512743,left,False
1421,1746968464.0468802,166.832,-0.248243,-4.37618,-0.090625,-0.0911696,5116.14,5,29.212,913.23,938.195,49.6706,1,2,1.0,0.0,0.0,5,0.0,0,True,1746968458.8512743,left,False
1422,1746968464.0667293,166.94,0.303248,-4.29383,-0.0845866,-0.0857465,5117.04,5,29.234,914.241,939.206,49.6703,1,2,1.0,0.0,0.0,5,0.0,0,True,1746968458.8512743,left,False
1423,1746968464.0927145,167.046,0.76646,-4.18624,-0.0787028,-0.0805943,5118.36,5,29.256,915.254,940.219,49.67,1,2,1.0,0.0,0.0,5,0.0,0,True,1746968458.8512743,right,False
1424,1746968464.1091664,167.149,1.14849,-4.05721,-0.0729879,-0.0757058,5120.14,5,29.278,916.268,941.233,49.6697,1,2,1.0,0.0,0.0,5,0.0,0,True,1746968458.8512743,right,False
1425,1746968464.1326523,167.251,1.45701,-3.92051,-0.0674459,-0.0710721,5123.02,5,29.3,917.283,942.248,49.6694,1,2,1.0,0.0,0.0,5,0.0,0,True,1746968458.8512743,right,False
1426,1746968464.1542382,167.352,1.69918,-3.76554,-0.0621155,-0.0666802,5124.67,5,29.322,918.299,943.263,49.6691,1,2,1.0,0.0,0.0,5,0.0,0,True,1746968458.8512743,right,False
1427,1746968464.1744792,167.451,1.88456,-3.61154,-0.0569641,-0.0625112,5128.5,5,29.344,919.316,944.281,49.6688,1,2,1.0,0.0,0.0,5,0.0,0,True,1746968458.8512743,right,False
1428,1746968464.1984558,167.551,2.01816,-3.43263,-0.0520548,-0.0585525,5130.09,5,29.366,920.334,945.299,49.6685,1,2,1.0,0.0,0.0,5,0.0,0,True,1746968458.8512743,right,False
1429,1746968464.2200367,167.649,2.10926,-3.25461,-0.0473328,-0.05478,5133.4,5,29.388,921.354,946.318,49.6682,1,2,1.0,0.0,0.0,5,0.0,0,True,1746968458.8512743,right,False
1430,1746968464.2428455,167.748,2.16465,-3.06901,-0.0428446,-0.0511739,5135.55,5,29.41,922.374,947.339,49.668,1,2,1.0,0.0,0.0,5,0.0,0,True,1746968458.8512743,right,False
1431,1746968464.264512,167.846,2.1917,-2.88216,-0.0385966,-0.0477068,5137.52,5,29.432,923.395,948.36,49.6677,1,2,1.0,0.0,0.0,5,0.0,0,True,1746968458.8512743,right,False
1432,1746968464.2854803,167.943,2.19815,-2.70084,-0.0345378,-0.0443563,5140.98,5,29.454,924.418,949.383,49.6674,1,2,1.0,0.0,0.0,5,0.0,0,True,1746968458.8512743,right,False
1433,1746968464.3072584,168.04,2.18776,-2.51652,-0.0307251,-0.0411024,5143.29,5,29.476,925.441,950.406,49.6671,1,2,1.0,0.0,0.0,5,0.0,0,True,1746968458.8512743,right,False
1434,1746968464.3319163,168.136,2.16518,-2.33686,-0.0271505,-0.0379252,5146.54,5,29.498,926.466,951.43,49.6668,1,2,1.0,0.0,0.0,5,0.0,0,True,1746968458.8512743,right,False
1435,1746968464.3524466,168.231,2.13611,-2.15834,-0.0237671,-0.0348029,5148.7,5,29.52,927.491,952.456,49.6665,1,2,1.0,0.0,0.0,5,0.0,0,True,1746968458.8512743,right,False
1436,1746968464.3746314,168.326,2.10216,-1.98783,-0.020634,-0.0317278,5152.02,5,29.542,928.517,953.482,49.6662,1,2,1.0,0.0,0.0,5,0.0,0,True,1746968458.8512743,right,False
1437,1746968464.3941216,168.421,2.06479,-1.81474,-0.0177165,-0.0286844,5154.02,5,29.564,929.545,954.509,49.6659,1,2,1.0,0.0,0.0,5,0.0,0,True,1746968458.8512743,right,False
1438,1746968464.4165554,168.514,2.02889,-1.65657,-0.0150106,-0.0256631,5157.01,5,29.586,930.573,955.537,49.6656,1,2,1.0,0.0,0.0,5,0.0,0,True,1746968458.8512743,right,False
1439,1746968464.4391668,168.607,1.99267,-1.50499,-0.0125509,-0.0226591,5160.53,5,29.608,931.601,956.566,49.6653,1,2,1.0,0.0,0.0,5,0.0,0,True,1746968458.8512743,right,False
1440,1746968464.4606662,168.699,1.95852,-1.35393,-0.0102783,-0.0196612,5163.47,5,29.63,932.631,957.596,49.665,1,2,1.0,0.0,0.0,5,0.0,0,True,1746968458.8512743,right,False
1441,1746968464.4827049,168.79,1.92618,-1.2036,-0.00824585,-0.0166714,5166.73,5,29.652,933.661,958.626,49.6647,1,2,1.0,0.0,0.0,5,0.0,0,True,1746968458.8512743,right,False
1442,1746968464.5047932,168.881,1.8961,-1.05814,-0.006427,-0.0136836,5169.46,5,29.674,934.693,959.657,49.6644,1,2,1.0,0.0,0.0,5,0.0,0,True,1746968458.8512743,right,False
1443,1746968464.5275745,168.971,1.86873,-0.918817,-0.00481974,-0.0106955,5171.81,5,29.696,935.724,960.689,49.6641,1,2,1.0,0.0,0.0,5,0.0,0,True,1746968458.8512743,right,False
1444,1746968464.5507343,169.061,1.84336,-0.783113,-0.00344442,-0.0077076,5175.14,5,29.718,936.757,961.722,49.6638,1,2,1.0,0.0,0.0,5,0.0,0,True,1746968458.8512743,right,False
1445,1746968464.5759866,169.149,1.82108,-0.648997,-0.0022583,-0.00471663,5178.2,5,29.74,937.79,962.755,49.6635,1,2,1.0,0.0,0.0,5,0.0,0,True,1746968458.8512743,right,False
1446,1746968464.5935366,169.238,1.79953,-0.521993,-0.00132039,-0.00172758,5180.83,5,29.762,938.824,963.789,49.6633,1,2,1.0,0.0,0.0,5,0.0,0,True,1746968458.8512743,right,False
1447,1746968464.615853,169.325,1.78057,-0.38874,-0.000557454,0.00126457,5184.89,5,29.784,939.858,964.823,49.663,1,2,1.0,0.0,0.1,5,0.0,0,True,1746968458.8512743,right,False
1448,1746968464.6363592,169.412,1.76254,-0.250457,-4.06901e-005,0.0042572,5187.24,5,29.806,940.893,965.858,49.6626,1,2,1.0,0.0,0.1,5,0.0,0,True,1746968458.8512743,right,False
1449,1746968464.6608243,169.483,1.92457,-0.125489,0.000335693,0.00627947,5192.58,5,29.828,941.929,966.894,49.6623,1,2,1.0,0.0,0.1,5,0.0,0,True,1746968458.8512743,right,False
1450,1746968464.6845353,169.553,1.74681,-0.0193945,0.000646973,0.00577331,5199.87,5,29.85,942.965,967.93,49.662,1,2,1.0,0.0,0.1,5,0.0,0,True,1746968458.8512743,right,False
1451,1746968464.7030923,169.626,1.21117,0.0635146,0.000911458,0.00307631,5207.32,5,29.872,944.001,968.966,49.6616,1,2,1.0,0.0,0.1,5,0.0,0,True,1746968458.8512743,right,False
1452,1746968464.7250357,169.696,0.405505,0.124437,0.00114746,-0.00141668,5215.56,5,29.894,945.038,970.003,49.6613,1,2,1.0,0.0,0.1,5,0.0,0,True,1746968458.8512743,right,False
1453,1746968464.7471218,169.759,-0.593101,0.158266,0.00135701,-0.00733495,5225.29,5,29.916,946.076,971.04,49.6609,1,2,1.0,0.0,0.1,5,0.0,0,True,1746968458.8512743,right,False
1454,1746968464.7704859,169.811,-1.71764,0.169004,0.00158081,-0.0143254,5236.76,5,29.938,947.113,972.078,49.6606,1,2,1.0,0.0,0.1,5,0.0,0,True,1746968458.8512743,right,False
1455,1746968464.791599,169.848,-2.9186,0.144264,0.00183512,-0.0220592,5251.51,5,29.96,948.151,973.116,49.6603,1,2,1.0,0.0,0.1,5,0.0,0,True,1746968458.8512743,right,False
1456,1746968464.8136039,169.869,-4.1446,0.10908,0.00214844,-0.0302603,5266.82,5,29.982,949.19,974.154,49.6599,1,2,1.0,0.0,0.1,5,0.0,0,True,1746968458.8512743,right,False
1457,1746968464.83563,169.873,-5.36983,0.0466893,0.00253092,-0.0387256,5286.13,5,30.004,950.228,975.193,49.6596,1,2,1.0,0.0,0.1,5,0.0,0,True,1746968458.8512743,right,False
1458,1746968464.8562675,169.861,-6.57345,-0.0288904,0.00301107,-0.0472972,5308.81,5,30.026,951.267,976.232,49.6593,1,2,1.0,0.0,0.1,5,0.0,0,True,1746968458.8512743,right,False
1459,1746968464.8805213,169.834,-7.7348,-0.117187,0.00361532,-0.0558443,5332.14,5,30.048,952.306,977.271,49.6589,1,2,1.0,0.0,0.1,5,0.0,0,True,1746968458.8512743,right,False
1460,1746968464.9006772,169.796,-8.85398,-0.224447,0.0043396,-0.0642946,5356.51,5,30.07,953.345,978.31,49.6586,1,2,1.0,0.0,0.1,5,0.0,0,True,1746968458.8512743,right,False
1461,1746968464.922605,169.748,-9.92836,-0.343169,0.00519409,-0.0726366,5377.48,5,30.092,954.384,979.349,49.6583,1,2,1.0,0.0,0.1,5,0.0,0,True,1746968458.8512743,right,False
1462,1746968464.9455576,169.692,-10.9599,-0.470098,0.0061971,-0.0808811,5397.3,5,30.114,955.424,980.389,49.6579,1,2,1.0,0.0,0.1,5,0.0,0,True,1746968458.8512743,right,False
1463,1746968464.9687426,169.633,-11.9458,-0.591375,0.0073527,-0.0890298,5406.97,5,30.136,956.463,981.428,49.6576,1,2,1.0,0.0,0.0,5,0.0,0,True,1746968458.8512743,left,False
1464,1746968464.9896848,169.563,-12.9027,-0.735374,0.00867513,-0.0970833,5420.97,5,30.158,957.502,982.467,49.6573,1,2,1.0,0.0,0.0,5,0.0,0,True,1746968458.8512743,left,False
1465,1746968465.011332,169.524,-13.8899,-0.871763,0.0101562,-0.104745,5416.17,5,30.18,958.542,983.507,49.6569,1,2,1.0,0.0,0.0,5,0.0,0,True,1746968458.8512743,left,False
1466,1746968465.0336266,169.503,-14.7193,-1.00277,0.0117655,-0.111446,5398.87,5,30.202,959.582,984.547,49.6566,1,2,1.0,0.0,0.0,5,0.0,0,True,1746968458.8512743,left,False
1467,1746968465.0571892,169.497,-15.3652,-1.12023,0.0135173,-0.117284,5373.21,5,30.224,960.622,985.587,49.6562,1,2,1.0,0.0,0.0,5,0.0,0,True,1746968458.8512743,left,False
1468,1746968465.0791306,169.494,-15.8646,-1.24088,0.0154236,-0.1224,5351.82,5,30.246,961.663,986.628,49.6559,1,2,1.0,0.0,0.0,5,0.0,0,True,1746968458.8512743,left,False
1469,1746968465.100354,169.493,-16.2339,-1.35128,0.0174866,-0.126868,5335.68,5,30.268,962.703,987.668,49.6556,1,2,1.0,0.0,0.0,5,0.0,0,True,1746968458.8512743,left,False
1470,1746968465.1231997,169.492,-16.5013,-1.47673,0.0197123,-0.130763,5331.91,5,30.29,963.745,988.709,49.6552,1,2,1.0,0.0,0.0,5,0.0,0,True,1746968458.8512743,left,False
1471,1746968465.1424592,169.496,-16.661,-1.58928,0.0221069,-0.13412,5330.51,5,30.312,964.786,989.75,49.6549,1,2,1.0,0.0,0.0,5,0.0,0,True,1746968458.8512743,left,False
1472,1746968465.1650152,169.506,-16.7385,-1.71243,0.0246806,-0.136953,5333.05,5,30.334,965.827,990.792,49.6546,1,2,1.0,0.0,0.0,5,0.0,0,True,1746968458.8512743,left,False
1473,1746968465.1862087,169.527,-16.709,-1.82027,0.0274211,-0.139239,5332.59,5,30.356,966.869,991.833,49.6542,1,2,1.0,0.0,0.0,5,0.0,0,True,1746968458.8512743,left,False
1474,1746968465.210165,169.55,-16.598,-1.93766,0.0303324,-0.140979,5342.57,5,30.378,967.91,992.875,49.6539,1,2,1.0,0.0,0.0,5,0.0,0,True,1746968458.8512743,left,False
1475,1746968465.2331748,169.587,-16.3919,-2.05372,0.0334106,-0.142138,5346.9,5,30.4,968.952,993.917,49.6536,1,2,1.0,0.0,0.0,5,0.0,0,True,1746968458.8512743,left,False
1476,1746968465.2544072,169.633,-16.0954,-2.17007,0.0366638,-0.142731,5353.47,5,30.422,969.994,994.959,49.6532,1,2,1.0,0.0,0.0,5,0.0,0,True,1746968458.8512743,left,False
1477,1746968465.274493,169.693,-15.7087,-2.28359,0.0400757,-0.142737,5356.64,5,30.444,971.036,996.001,49.6529,1,2,1.0,0.0,0.0,5,0.0,0,True,1746968458.8512743,left,False
1478,1746968465.2986727,169.759,-15.24,-2.39753,0.0436564,-0.142179,5363.68,5,30.466,972.078,997.043,49.6526,1,2,1.0,0.0,0.0,5,0.0,0,True,1746968458.8512743,left,False
1479,1746968465.3209505,169.841,-14.6821,-2.50614,0.0473836,-0.141034,5362.88,5,30.488,973.121,998.086,49.6522,1,2,1.0,0.0,0.0,5,0.0,0,True,1746968458.8512743,left,False
1480,1746968465.3404315,169.934,-14.0518,-2.61242,0.0512716,-0.139372,5359.58,5,30.51,974.164,999.129,49.6519,1,2,1.0,0.0,0.0,5,0.0,0,True,1746968458.8512743,left,False
1481,1746968465.3629556,170.037,-13.3603,-2.72146,0.0552999,-0.137219,5352.82,5,30.532,975.207,1000.17,49.6515,1,2,1.0,0.0,0.0,5,0.0,0,True,1746968458.8512743,left,False
1482,1746968465.3854876,170.143,-12.6084,-2.82522,0.0594645,-0.134588,5349.87,5,30.554,976.251,1001.22,49.6512,1,2,1.0,0.0,0.0,5,0.0,0,True,1746968458.8512743,left,False
1483,1746968465.4069521,170.263,-11.7982,-2.92148,0.0637492,-0.131492,5337.17,5,30.576,977.295,1002.26,49.6509,1,2,1.0,0.0,0.0,5,0.0,0,True,1746968458.8512743,left,False
1484,1746968465.4309993,170.388,-10.9454,-3.00906,0.0681458,-0.127999,5324,5,30.598,978.339,1003.3,49.6505,1,2,1.0,0.0,0.0,5,0.0,0,True,1746968458.8512743,left,False
1485,1746968465.4522235,170.51,-10.0669,-3.09446,0.0726563,-0.124157,5317.82,5,30.62,979.384,1004.35,49.6502,1,2,1.0,0.0,0.0,5,0.0,0,True,1746968458.8512743,left,False
1486,1746968465.4744675,170.634,-9.16945,-3.17209,0.0772461,-0.119998,5310.4,5,30.642,980.43,1005.39,49.6499,1,2,1.0,0.0,0.0,5,0.0,0,True,1746968458.8512743,left,False
1487,1746968465.4974732,170.759,-8.2623,-3.24738,0.0819539,-0.117097,5304.28,5,30.664,981.474,1006.44,49.6495,1,2,1.0,0.0,0.0,5,0.0,0,True,1746968458.8512743,left,False
1488,1746968465.5194464,170.88,-7.35416,-3.32738,0.0868571,-0.114406,5304.07,5,30.686,982.519,1007.48,49.6492,1,2,1.0,0.0,0.0,5,0.0,0,True,1746968458.8512743,left,False
1489,1746968465.5383492,171.003,-6.4539,-3.40868,0.0919311,-0.111469,5301.45,5,30.708,983.563,1008.53,49.6489,1,2,1.0,0.0,0.0,5,0.0,0,True,1746968458.8512743,left,False
1490,1746968465.5638652,171.125,-5.57469,-3.49746,0.0971598,-0.108347,5298.35,5,30.73,984.608,1009.57,49.6485,1,2,1.0,0.0,0.0,5,0.0,0,True,1746968458.8512743,left,False
1491,1746968465.5827625,171.248,-4.72161,-3.57885,0.102519,-0.105104,5293.77,5,30.752,985.654,1010.62,49.6482,1,2,1.0,0.0,0.0,5,0.0,0,True,1746968458.8512743,left,False
1492,1746968465.6049173,171.366,-3.91097,-3.6641,0.108008,-0.1018,5290.18,5,30.774,986.7,1011.67,49.6479,1,2,1.0,0.0,0.0,5,0.0,0,True,1746968458.8512743,left,False
1493,1746968465.62706,171.483,-3.14567,-3.73928,0.113578,-0.0984912,5287.08,5,30.796,987.747,1012.71,49.6475,1,2,1.0,0.0,0.0,5,0.0,0,True,1746968458.8512743,left,False
1494,1746968465.6507332,171.596,-2.43226,-3.8097,0.11923,-0.0952141,5285.86,5,30.818,988.795,1013.76,49.6472,1,2,1.0,0.0,0.0,5,0.0,0,True,1746968458.8512743,left,False
1495,1746968465.671147,171.707,-1.77451,-3.86894,0.124931,-0.0920086,5285.18,5,30.84,989.843,1014.81,49.6468,1,2,1.0,0.0,0.0,5,0.0,0,True,1746968458.8512743,left,False
1496,1746968465.6950603,171.816,-1.17554,-3.91395,0.130668,-0.0889032,5284.22,5,30.862,990.892,1015.86,49.6465,1,2,1.0,0.0,0.0,5,0.0,0,True,1746968458.8512743,left,False
1497,1746968465.7149568,171.922,-0.637455,-3.95776,0.136434,-0.085923,5285.38,5,30.884,991.942,1016.91,49.6462,1,2,1.0,0.0,0.0,5,0.0,0,True,1746968458.8512743,left,False
1498,1746968465.7370148,172.027,-0.158823,-3.9733,0.1422,-0.0830841,5285.57,5,30.906,992.992,1017.96,49.6458,1,2,1.0,0.0,0.0,5,0.0,0,True,1746968458.8512743,left,False
1499,1746968465.7612648,172.13,0.261381,-3.98077,0.147949,-0.0803964,5285.39,5,30.928,994.043,1019.01,49.6455,1,2,1.0,0.0,0.0,5,0.0,0,True,1746968458.8512743,left,False
1500,1746968465.782379,172.232,0.625803,-3.97885,0.153687,-0.0778637,5287.68,5,30.95,995.095,1020.06,49.6452,1,2,1.0,0.0,0.0,5,0.0,0,True,1746968458.8512743,left,False
1501,1746968465.8024135,172.332,0.937799,-3.95718,0.159395,-0.0754857,5288.69,5,30.972,996.148,1021.11,49.6448,1,2,1.0,0.0,0.0,5,0.0,0,True,1746968458.8512743,left,False
1502,1746968465.8262575,172.432,1.20076,-3.92631,0.165059,-0.0732603,5290.31,5,30.994,997.202,1022.17,49.6445,1,2,1.0,0.0,0.0,5,0.0,0,True,1746968458.8512743,left,False
1503,1746968465.8470006,172.531,1.41883,-3.8802,0.170662,-0.0711839,5292.1,5,31.016,998.256,1023.22,49.6442,1,2,1.0,0.0,0.0,5,0.0,0,True,1746968458.8512743,left,False
1504,1746968465.868333,172.629,1.59671,-3.83293,0.176225,-0.0692489,5294.88,5,31.038,999.311,1024.28,49.6438,1,2,1.0,0.0,0.0,5,0.0,0,True,1746968458.8512743,left,False
1505,1746968465.893072,172.728,1.73774,-3.76995,0.181706,-0.0674458,5296.42,5,31.06,1000.37,1025.33,49.6435,1,2,1.0,0.0,0.0,5,0.0,0,True,1746968458.8512743,left,False
1506,1746968465.9123213,172.825,1.84834,-3.70394,0.18713,-0.0657628,5299.2,5,31.082,1001.42,1026.39,49.6432,1,2,1.0,0.0,0.0,5,0.0,0,True,1746968458.8512743,left,False
1507,1746968465.9344409,172.923,1.93127,-3.63822,0.192489,-0.0641899,5301.94,5,31.104,1002.48,1027.45,49.6428,1,2,1.0,0.0,0.0,5,0.0,0,True,1746968458.8512743,left,False
1508,1746968465.9574223,173.02,1.99188,-3.56846,0.197762,-0.0627124,5304.46,5,31.126,1003.54,1028.5,49.6425,1,2,1.0,0.0,0.0,5,0.0,0,True,1746968458.8512743,left,False
1509,1746968465.98164,173.116,2.03236,-3.48767,0.202938,-0.0613184,5307.21,5,31.148,1004.6,1029.56,49.6421,1,2,1.0,0.0,0.0,5,0.0,0,True,1746968458.8512743,left,False
1510,1746968466.0000966,173.213,2.0571,-3.41152,0.20804,-0.0600014,5310.41,5,31.17,1005.66,1030.62,49.6418,1,2,1.0,0.0,0.0,5,0.0,0,True,1746968458.8512743,left,False
1511,1746968466.0232525,173.309,2.06939,-3.33481,0.213057,-0.0587466,5312.43,5,31.192,1006.72,1031.69,49.6415,1,2,1.0,0.0,0.0,5,0.0,0,True,1746968458.8512743,left,False
1512,1746968466.045044,173.405,2.07144,-3.26235,0.218005,-0.0575488,5316.15,5,31.214,1007.78,1032.75,49.6411,1,2,1.0,0.0,0.0,5,0.0,0,True,1746968458.8512743,left,False
1513,1746968466.0670424,173.501,2.06626,-3.19478,0.222872,-0.0563958,5319.28,5,31.236,1008.84,1033.81,49.6408,1,2,1.0,0.0,0.0,5,0.0,0,True,1746968458.8512743,left,False
1514,1746968466.0886157,173.596,2.05499,-3.1273,0.227669,-0.0552814,5322.58,5,31.258,1009.91,1034.87,49.6405,1,2,1.0,0.0,0.0,5,0.0,0,True,1746968458.8512743,left,False
1515,1746968466.1125789,173.692,2.03897,-3.05597,0.232373,-0.0542004,5324.86,5,31.28,1010.97,1035.94,49.6401,1,2,1.0,0.0,0.0,5,0.0,0,True,1746968458.8512743,left,False
1516,1746968466.1334221,173.787,2.01949,-2.99394,0.237,-0.0531468,5327.6,5,31.302,1012.04,1037,49.6398,1,2,1.0,0.0,0.0,5,0.0,0,True,1746968458.8512743,left,False
1517,1746968466.1575575,173.882,1.99812,-2.93196,0.24152,-0.0521142,5330.49,5,31.324,1013.1,1038.07,49.6395,1,2,1.0,0.0,0.0,5,0.0,0,True,1746968458.8512743,left,False
1518,1746968466.1798236,173.977,1.97603,-2.87471,0.245976,-0.0510986,5333.85,5,31.346,1014.17,1039.13,49.6391,1,2,1.0,0.0,0.0,5,0.0,0,True,1746968458.8512743,left,False
1519,1746968466.201386,174.071,1.95333,-2.81795,0.250342,-0.0500965,5337.55,5,31.368,1015.24,1040.2,49.6388,1,2,1.0,0.0,0.0,5,0.0,0,True,1746968458.8512743,left,False
1520,1746968466.2204556,174.165,1.93044,-2.7657,0.254651,-0.0491068,5340.48,5,31.39,1016.3,1041.27,49.6385,1,2,1.0,0.0,0.0,5,0.0,0,True,1746968458.8512743,left,False
1521,1746968466.242757,174.258,1.90774,-2.71769,0.258862,-0.0481272,5344.27,5,31.412,1017.37,1042.34,49.6381,1,2,1.0,0.0,0.0,5,0.0,0,True,1746968458.8512743,left,False
1522,1746968466.265805,174.352,1.88574,-2.66732,0.263017,-0.0471542,5347.01,5,31.434,1018.44,1043.41,49.6378,1,2,1.0,0.0,0.0,5,0.0,0,True,1746968458.8512743,left,False
1523,1746968466.2872374,174.446,1.86393,-2.61358,0.267074,-0.0461867,5348.75,5,31.456,1019.51,1044.48,49.6374,1,2,1.0,0.0,0.0,5,0.0,0,True,1746968458.8512743,left,False
1524,1746968466.311847,174.538,1.84373,-2.57154,0.271069,-0.045224,5352.1,5,31.478,1020.58,1045.55,49.6371,1,2,1.0,0.0,0.0,5,0.0,0,True,1746968458.8512743,left,False
1525,1746968466.3310986,174.632,1.82414,-2.52467,0.274988,-0.0442615,5354.78,5,31.5,1021.65,1046.62,49.6368,1,2,1.0,0.0,0.0,5,0.0,0,True,1746968458.8512743,left,False
1526,1746968466.3550622,174.723,1.80655,-2.48284,0.278825,-0.0433002,5358.61,5,31.522,1022.73,1047.69,49.6364,1,2,1.0,0.0,0.0,5,0.0,0,True,1746968458.8512743,left,False
1527,1746968466.3770192,174.816,1.7897,-2.44538,0.282585,-0.0423412,5361.61,5,31.544,1023.8,1048.76,49.6361,1,2,1.0,0.0,0.0,5,0.0,0,True,1746968458.8512743,left,False
1528,1746968466.3972163,174.908,1.77332,-2.39981,0.2863,-0.0413833,5364.32,5,31.566,1024.87,1049.84,49.6358,1,2,1.0,0.0,0.0,5,0.0,0,True,1746968458.8512743,left,False
1529,1746968466.4195437,175,1.7592,-2.36486,0.289945,-0.0404234,5367.53,5,31.588,1025.95,1050.91,49.6354,1,2,1.0,0.0,0.0,5,0.0,0,True,1746968458.8512743,left,False
1530,1746968466.4418352,175.092,1.7461,-2.321,0.293514,-0.0394566,5369.4,5,31.61,1027.02,1051.99,49.6351,1,2,1.0,0.0,0.0,5,0.0,0,True,1746968458.8512743,left,False
1531,1746968466.4660895,175.184,1.73486,-2.27598,0.297005,-0.0384839,5371.41,5,31.632,1028.1,1053.06,49.6348,1,2,1.0,0.0,0.0,5,0.0,0,True,1746968458.8512743,left,False
1532,1746968466.4869213,175.275,1.72406,-2.2261,0.300419,-0.0375099,5374.62,5,31.654,1029.17,1054.14,49.6344,1,2,1.0,0.0,0.0,5,0.0,0,True,1746968458.8512743,left,False
1533,1746968466.507124,175.365,1.71459,-2.1768,0.30376,-0.0365338,5377.1,5,31.676,1030.25,1055.21,49.6341,1,2,1.0,0.0,0.0,5,0.0,0,True,1746968458.8512743,left,False
1534,1746968466.5300293,175.456,1.70587,-2.12844,0.307015,-0.0355556,5379.41,5,31.698,1031.33,1056.29,49.6338,1,2,1.0,0.0,0.0,5,0.0,0,True,1746968458.8512743,left,False
1535,1746968466.550413,175.546,1.69781,-2.07919,0.310201,-0.034574,5382.93,5,31.72,1032.41,1057.37,49.6334,1,2,1.0,0.0,0.0,5,0.0,0,True,1746968458.8512743,left,False
1536,1746968466.5720992,175.637,1.69068,-2.03151,0.313334,-0.0335908,5385.2,5,31.742,1033.49,1058.45,49.6331,1,2,1.0,0.0,0.0,5,0.0,0,True,1746968458.8512743,left,False
1537,1746968466.5990164,175.725,1.68539,-1.9897,0.316398,-0.0326049,5389.16,5,31.764,1034.56,1059.53,49.6327,1,2,1.0,0.0,0.0,5,0.0,0,True,1746968458.8512743,left,False
1538,1746968466.6162415,175.815,1.68008,-1.94321,0.319385,-0.0316169,5391.26,5,31.786,1035.64,1060.61,49.6324,1,2,1.0,0.0,0.0,5,0.0,0,True,1746968458.8512743,left,False
1539,1746968466.6392634,175.904,1.67525,-1.89168,0.32229,-0.0306258,5393.57,5,31.808,1036.73,1061.69,49.6321,1,2,1.0,0.0,0.0,5,0.0,0,True,1746968458.8512743,left,False
1540,1746968466.6638446,175.994,1.67125,-1.84187,0.325122,-0.0296323,5396.11,5,31.83,1037.81,1062.77,49.6317,1,2,1.0,0.0,0.0,5,0.0,0,True,1746968458.8512743,left,False
1541,1746968466.683416,176.082,1.66722,-1.79426,0.327877,-0.028636,5399.04,5,31.852,1038.89,1063.86,49.6314,1,2,1.0,0.0,0.0,5,0.0,0,True,1746968458.8512743,left,False
1542,1746968466.7071488,176.171,1.66458,-1.74926,0.330587,-0.027638,5401.92,5,31.874,1039.97,1064.94,49.6311,1,2,1.0,0.0,0.0,5,0.0,0,True,1746968458.8512743,left,False
1543,1746968466.7264075,176.258,1.6623,-1.70321,0.333219,-0.0266387,5405.78,5,31.896,1041.06,1066.02,49.6307,1,2,1.0,0.0,0.0,5,0.0,0,True,1746968458.8512743,left,False
1544,1746968466.7510006,176.346,1.66053,-1.6588,0.335775,-0.0256386,5408.09,5,31.918,1042.14,1067.11,49.6304,1,2,1.0,0.0,0.0,5,0.0,0,True,1746968458.8512743,left,False
1545,1746968466.770807,176.434,1.65805,-1.61267,0.338245,-0.0246372,5410.55,5,31.94,1043.23,1068.19,49.6301,1,2,1.0,0.0,0.0,5,0.0,0,True,1746968458.8512743,left,False
1546,1746968466.7932858,176.521,1.65601,-1.56416,0.340641,-0.023634,5412.95,5,31.962,1044.31,1069.28,49.6297,1,2,1.0,0.0,0.0,5,0.0,0,True,1746968458.8512743,left,False
1547,1746968466.815375,176.608,1.65468,-1.52061,0.342993,-0.0226305,5415.89,5,31.984,1045.4,1070.36,49.6294,1,2,1.0,0.0,0.0,5,0.0,0,True,1746968458.8512743,left,False
1548,1746968466.839331,176.695,1.65304,-1.47189,0.345264,-0.021626,5417.8,5,32.006,1046.48,1071.45,49.6291,1,2,1.0,0.0,0.0,5,0.0,0,True,1746968458.8512743,left,False
1549,1746968466.859809,176.774,1.6516,-1.42581,0.347262,-0.0207124,5419.72,5,32.026,1047.47,1072.44,49.6287,1,2,1.0,0.0,0.0,5,0.0,0,True,1746968458.8512743,left,False
1550,1746968466.878614,176.852,1.65063,-1.38615,0.34919,-0.0197973,5423.16,5,32.046,1048.46,1073.43,49.6284,1,2,1.0,0.0,0.0,5,0.0,0,True,1746968458.8512743,left,False
1551,1746968466.9008176,176.931,1.64914,-1.33921,0.351054,-0.0188806,5424.82,5,32.066,1049.45,1074.42,49.6281,1,2,1.0,0.0,0.0,5,0.0,0,True,1746968458.8512743,left,False
1552,1746968466.9173532,177.008,1.64838,-1.29748,0.352885,-0.0179639,5427.81,5,32.086,1050.44,1075.41,49.6278,1,2,1.0,0.0,0.0,5,0.0,0,True,1746968458.8512743,left,False
1553,1746968466.9369915,177.086,1.64812,-1.25485,0.354651,-0.017045,5430.88,5,32.106,1051.43,1076.4,49.6275,1,2,1.0,0.0,0.0,5,0.0,0,True,1746968458.8512743,left,False
1554,1746968466.95644,177.164,1.6469,-1.20655,0.356348,-0.0161254,5431.78,5,32.126,1052.42,1077.39,49.6272,1,2,1.0,0.0,0.0,5,0.0,0,True,1746968458.8512743,left,False
1555,1746968466.9783747,177.241,1.64664,-1.16799,0.357975,-0.0152049,5434.75,5,32.146,1053.41,1078.38,49.6269,1,2,1.0,0.0,0.0,5,0.0,0,True,1746968458.8512743,left,False
1556,1746968467.0018632,177.319,1.64593,-1.11994,0.359542,-0.014282,5435.89,5,32.166,1054.41,1079.37,49.6266,1,2,1.0,0.0,0.0,5,0.0,0,True,1746968458.8512743,left,False
1557,1746968467.0217004,177.395,1.64643,-1.08093,0.361068,-0.0133581,5439.58,5,32.186,1055.4,1080.36,49.6263,1,2,1.0,0.0,0.0,5,0.0,0,True,1746968458.8512743,left,False
1558,1746968467.0412102,177.472,1.64664,-1.039,0.362528,-0.0124316,5441.48,5,32.206,1056.39,1081.36,49.626,1,2,1.0,0.0,0.0,5,0.0,0,True,1746968458.8512743,left,False
1559,1746968467.0566802,177.549,1.64669,-0.992176,0.363924,-0.0115039,5444,5,32.226,1057.39,1082.35,49.6257,1,2,1.0,0.0,0.0,5,0.0,0,True,1746968458.8512743,left,False
1560,1746968467.0767064,177.625,1.64682,-0.947685,0.365251,-0.0105755,5446.12,5,32.246,1058.38,1083.34,49.6254,1,2,1.0,0.0,0.0,5,0.0,0,True,1746968458.8512743,left,False
1561,1746968467.0975838,177.702,1.64684,-0.896442,0.36652,-0.00964451,5447.48,5,32.266,1059.37,1084.34,49.6251,1,2,1.0,0.0,0.0,5,0.0,0,True,1746968458.8512743,left,False
1562,1746968467.1169698,177.777,1.64787,-0.860026,0.367741,-0.00871253,5450.81,5,32.286,1060.37,1085.33,49.6248,1,2,1.0,0.0,0.0,5,0.0,0,True,1746968458.8512743,left,False
1563,1746968467.1370165,177.852,1.64875,-0.81695,0.368896,-0.0077796,5453.77,5,32.306,1061.36,1086.33,49.6245,1,2,1.0,0.0,0.0,5,0.0,0,True,1746968458.8512743,left,False
1564,1746968467.1579387,177.928,1.6491,-0.771511,0.369983,-0.0068469,5456.14,5,32.326,1062.36,1087.33,49.6242,1,2,1.0,0.0,0.0,5,0.0,0,True,1746968458.8512743,left,False
1565,1746968467.1768553,178.003,1.64966,-0.72477,0.371,-0.00591254,5457.63,5,32.346,1063.36,1088.32,49.6239,1,2,1.0,0.0,0.0,5,0.0,0,True,1746968458.8512743,left,False
1566,1746968467.1993551,178.078,1.65032,-0.679687,0.371981,-0.0049777,5460.11,5,32.366,1064.35,1089.32,49.6236,1,2,1.0,0.0,0.0,5,0.0,0,True,1746968458.8512743,left,False
1567,1746968467.2437043,178.153,1.65104,-0.63679,0.372896,-0.00404096,5461.94,5,32.386,1065.35,1090.32,49.6233,1,2,1.0,0.0,0.0,5,0.0,0,True,1746968458.8512743,left,False
1568,1746968467.2473578,178.227,1.65164,-0.591983,0.373739,-0.00310445,5464.95,5,32.406,1066.35,1091.31,49.623,1,2,1.0,0.0,0.0,5,0.0,0,True,1746968458.8512743,left,False
1569,1746968467.2947283,178.301,1.65288,-0.552094,0.374516,-0.00216675,5468.11,5,32.426,1067.35,1092.31,49.6226,1,2,1.0,0.0,0.0,5,0.0,0,True,1746968458.8512743,left,False
1570,1746968467.2973998,178.375,1.65333,-0.50405,0.375236,-0.0012269,5470.02,5,32.446,1068.34,1093.31,49.6223,1,2,1.0,0.0,0.0,5,0.0,0,True,1746968458.8512743,left,False
1571,1746968467.3037574,178.45,1.65402,-0.456385,0.375907,-0.000284672,5470.94,5,32.466,1069.34,1094.31,49.622,1,2,1.0,0.0,0.0,5,0.0,0,True,1746968458.8512743,left,False
1572,1746968467.3170092,178.523,1.65536,-0.413794,0.376506,0.00065732,5474.02,5,32.486,1070.34,1095.31,49.6217,1,2,1.0,0.0,0.0,5,0.0,0,True,1746968458.8512743,left,False
1573,1746968467.3392613,178.597,1.65637,-0.368729,0.377039,0.00160122,5475.74,5,32.506,1071.34,1096.31,49.6214,1,2,1.0,0.0,0.0,5,0.0,0,True,1746968458.8512743,left,False
1574,1746968467.3573995,178.67,1.65719,-0.325098,0.377507,0.00254488,5478.66,5,32.526,1072.34,1097.31,49.6211,1,2,1.0,0.0,0.0,5,0.0,0,True,1746968458.8512743,left,False
1575,1746968467.3775394,178.744,1.65738,-0.276696,0.37793,0.00348735,5479.4,5,32.546,1073.34,1098.31,49.6208,1,2,1.0,0.0,0.0,5,0.0,0,True,1746968458.8512743,left,False
1576,1746968467.400176,178.815,1.65865,-0.237219,0.378284,0.00443244,5483.87,5,32.566,1074.34,1099.31,49.6205,1,2,1.0,0.0,0.0,5,0.0,0,True,1746968458.8512743,left,False
1577,1746968467.4174035,178.889,1.6587,-0.187629,0.378569,0.0053761,5484.16,5,32.586,1075.35,1100.31,49.6202,1,2,1.0,0.0,0.0,5,0.0,0,True,1746968458.8512743,left,False
1578,1746968467.4394875,178.96,1.65949,-0.142401,0.378784,0.00632167,5487.13,5,32.606,1076.35,1101.31,49.6199,1,2,1.0,0.0,0.0,5,0.0,0,True,1746968458.8512743,left,False
1579,1746968467.458567,179.033,1.66035,-0.101609,0.378959,0.00726843,5489.15,5,32.626,1077.35,1102.32,49.6196,1,2,1.0,0.0,0.0,5,0.0,0,True,1746968458.8512743,left,False
1580,1746968467.4783418,179.105,1.66087,-0.0505718,0.379061,0.00821829,5491.18,5,32.646,1078.35,1103.32,49.6193,1,2,1.0,0.0,0.0,5,0.0,0,True,1746968458.8512743,left,False
1581,1746968467.4982367,179.177,1.66216,-0.00821562,0.379093,0.0091691,5493.15,5,32.666,1079.36,1104.32,49.619,1,2,1.0,0.0,0.0,5,0.0,0,True,1746968458.8512743,left,False
1582,1746968467.5158625,179.249,1.6619,0.0471679,0.379057,0.0101192,5494.48,5,32.686,1080.36,1105.32,49.6187,1,2,1.0,0.0,0.0,5,0.0,0,True,1746968458.8512743,left,False
1583,1746968467.53709,179.319,1.66406,0.0866732,0.378971,0.0110726,5498.27,5,32.706,1081.36,1106.33,49.6184,1,2,1.0,0.0,0.0,5,0.0,0,True,1746968458.8512743,left,False
1584,1746968467.5592625,179.39,1.66547,0.136116,0.378825,0.0120301,5499.83,5,32.726,1082.37,1107.33,49.6181,1,2,1.0,0.0,0.0,5,0.0,0,True,1746968458.8512743,left,False
1585,1746968467.5791578,179.461,1.66686,0.180659,0.378609,0.0129876,5501.59,5,32.746,1083.37,1108.34,49.6178,1,2,1.0,0.0,0.0,5,0.0,0,True,1746968458.8512743,left,False
1586,1746968467.5974078,179.532,1.6687,0.22529,0.378316,0.0139477,5503.92,5,32.766,1084.38,1109.34,49.6175,1,2,1.0,0.0,0.0,5,0.0,0,True,1746968458.8512743,left,False
1587,1746968467.6196606,179.602,1.67046,0.272532,0.377983,0.0149088,5506.16,5,32.786,1085.38,1110.35,49.6172,1,2,1.0,0.0,0.0,5,0.0,0,True,1746968458.8512743,left,False
1588,1746968467.6392071,179.672,1.67201,0.319326,0.377584,0.0158708,5508.16,5,32.806,1086.39,1111.35,49.6168,1,2,1.0,0.0,0.0,5,0.0,0,True,1746968458.8512743,left,False
1589,1746968467.657044,179.741,1.67405,0.362725,0.377108,0.0168328,5511,5,32.826,1087.4,1112.36,49.6165,1,2,1.0,0.0,0.0,5,0.0,0,True,1746968458.8512743,left,False
1590,1746968467.6789842,179.811,1.67524,0.408767,0.376563,0.0177953,5513.07,5,32.846,1088.4,1113.37,49.6162,1,2,1.0,0.0,0.0,5,0.0,0,True,1746968458.8512743,left,False
1591,1746968467.6984453,179.881,1.67666,0.457358,0.375977,0.018759,5514.61,5,32.866,1089.41,1114.37,49.6159,1,2,1.0,0.0,0.0,5,0.0,0,True,1746968458.8512743,left,False
1592,1746968467.7190075,179.949,1.67834,0.49865,0.375321,0.0197222,5517.97,5,32.886,1090.42,1115.38,49.6156,1,2,1.0,0.0,0.0,5,0.0,0,True,1746968458.8512743,left,False
1593,1746968467.7395444,180.019,1.67898,0.551312,0.374589,0.0206854,5518.86,5,32.906,1091.42,1116.39,49.6153,1,2,1.0,0.0,0.0,5,0.0,0,True,1746968458.8512743,left,False
1594,1746968467.7591946,180.088,1.68118,0.591275,0.373787,0.0216525,5520.96,5,32.926,1092.43,1117.4,49.615,1,2,1.0,0.0,0.0,5,0.0,0,True,1746968458.8512743,left,False
1595,1746968467.7790785,180.156,1.68212,0.636573,0.372941,0.0226164,5523.8,5,32.946,1093.44,1118.41,49.6147,1,2,1.0,0.0,0.0,5,0.0,0,True,1746968458.8512743,left,False
1596,1746968467.7991564,180.224,1.68292,0.6811,0.37203,0.0235796,5526.02,5,32.966,1094.45,1119.41,49.6144,1,2,1.0,0.0,0.0,5,0.0,0,True,1746968458.8512743,left,False
1597,1746968467.8160715,180.294,1.68301,0.729997,0.371041,0.0245421,5526.53,5,32.986,1095.46,1120.42,49.6141,1,2,1.0,0.0,0.0,5,0.0,0,True,1746968458.8512743,left,False
1598,1746968467.8365211,180.36,1.68387,0.776085,0.369983,0.0255051,5529.87,5,33.006,1096.47,1121.43,49.6138,1,2,1.0,0.0,0.0,5,0.0,0,True,1746968458.8512743,left,False
1599,1746968467.8601542,180.428,1.6838,0.817083,0.36888,0.0264657,5532.95,5,33.026,1097.48,1122.44,49.6135,1,2,1.0,0.0,0.0,5,0.0,0,True,1746968458.8512743,left,False
1600,1746968467.880353,180.495,1.68349,0.868269,0.367704,0.0274265,5534.39,5,33.046,1098.49,1123.45,49.6132,1,2,1.0,0.0,0.0,5,0.0,0,True,1746968458.8512743,left,False
1601,1746968467.8975515,180.563,1.68301,0.913033,0.366455,0.0283847,5535.94,5,33.066,1099.5,1124.46,49.6129,1,2,1.0,0.0,0.0,5,0.0,0,True,1746968458.8512743,left,False
1602,1746968467.921746,180.63,1.68158,0.963908,0.365137,0.0293419,5537.52,5,33.086,1100.51,1125.47,49.6126,1,2,1.0,0.0,0.0,5,0.0,0,True,1746968458.8512743,left,False
1603,1746968467.9367356,180.697,1.68051,1.01027,0.36377,0.0302987,5539.41,5,33.106,1101.52,1126.49,49.6123,1,2,1.0,0.0,0.0,5,0.0,0,True,1746968458.8512743,left,False
1604,1746968467.9584913,180.763,1.67958,1.05386,0.362329,0.0312543,5542.86,5,33.126,1102.53,1127.5,49.612,1,2,1.0,0.0,0.0,5,0.0,0,True,1746968458.8512743,left,False
1605,1746968467.9785726,180.83,1.6784,1.1015,0.360815,0.0322101,5544.28,5,33.146,1103.54,1128.51,49.6117,1,2,1.0,0.0,0.0,5,0.0,0,True,1746968458.8512743,left,False
1606,1746968467.9975257,180.896,1.67724,1.151,0.359257,0.0331655,5546.21,5,33.166,1104.56,1129.52,49.6114,1,2,1.0,0.0,0.0,5,0.0,0,True,1746968458.8512743,left,False
1607,1746968468.017128,180.962,1.6757,1.19655,0.357625,0.0341206,5547.85,5,33.186,1105.57,1130.53,49.611,1,2,1.0,0.0,0.0,5,0.0,0,True,1746968458.8512743,left,False
1608,1746968468.0389857,181.028,1.67439,1.24976,0.35592,0.0350764,5549.76,5,33.206,1106.58,1131.55,49.6107,1,2,1.0,0.0,0.0,5,0.0,0,True,1746968458.8512743,left,False
1609,1746968468.062301,181.093,1.6728,1.2983,0.354146,0.0360312,5552,5,33.226,1107.59,1132.56,49.6104,1,2,1.0,0.0,0.0,5,0.0,0,True,1746968458.8512743,left,False
1610,1746968468.0782254,181.159,1.67143,1.34292,0.352327,0.0369864,5553.37,5,33.246,1108.61,1133.57,49.6101,1,2,1.0,0.0,0.0,5,0.0,0,True,1746968458.8512743,left,False
1611,1746968468.0998502,181.225,1.67006,1.39191,0.350427,0.0379412,5554.75,5,33.266,1109.62,1134.59,49.6098,1,2,1.0,0.0,0.0,5,0.0,0,True,1746968458.8512743,left,False
1612,1746968468.1201198,181.289,1.66946,1.4358,0.348454,0.0388973,5558.31,5,33.286,1110.63,1135.6,49.6095,1,2,1.0,0.0,0.0,5,0.0,0,True,1746968458.8512743,left,False
1613,1746968468.1399028,181.353,1.66828,1.48687,0.346436,0.0398536,5560.73,5,33.306,1111.65,1136.61,49.6092,1,2,1.0,0.0,0.0,5,0.0,0,True,1746968458.8512743,left,False
1614,1746968468.1589668,181.417,1.66741,1.53268,0.344348,0.0408106,5562.71,5,33.326,1112.66,1137.63,49.6089,1,2,1.0,0.0,0.0,5,0.0,0,True,1746968458.8512743,left,False
1615,1746968468.1792326,181.482,1.66636,1.57617,0.342183,0.0417655,5563.86,5,33.346,1113.68,1138.64,49.6086,1,2,1.0,0.0,0.0,5,0.0,0,True,1746968458.8512743,left,False
1616,1746968468.200047,181.546,1.66472,1.62926,0.339958,0.0427208,5566.4,5,33.366,1114.69,1139.66,49.6083,1,2,1.0,0.0,0.0,5,0.0,0,True,1746968458.8512743,left,False
1617,1746968468.2191894,181.609,1.66437,1.66733,0.337675,0.0436749,5569.05,5,33.386,1115.71,1140.67,49.608,1,2,1.0,0.0,0.0,5,0.0,0,True,1746968458.8512743,left,False
1618,1746968468.2369764,181.674,1.6631,1.71523,0.335319,0.044631,5569.68,5,33.406,1116.72,1141.69,49.6077,1,2,1.0,0.0,0.0,5,0.0,0,True,1746968458.8512743,left,False
1619,1746968468.2570214,181.738,1.66129,1.77625,0.332886,0.0455883,5570.43,5,33.426,1117.74,1142.71,49.6074,1,2,1.0,0.0,0.0,5,0.0,0,True,1746968458.8512743,left,False
1620,1746968468.2761312,181.8,1.66047,1.82323,0.330412,0.0465453,5573.35,5,33.446,1118.76,1143.72,49.6071,1,2,1.0,0.0,0.0,5,0.0,0,True,1746968458.8512743,left,False
1621,1746968468.2983465,181.863,1.65992,1.87072,0.327856,0.0475042,5575.05,5,33.466,1119.77,1144.74,49.6068,1,2,1.0,0.0,0.0,5,0.0,0,True,1746968458.8512743,left,False
1622,1746968468.3215542,181.926,1.65941,1.91729,0.325228,0.048466,5576.93,5,33.486,1120.79,1145.75,49.6065,1,2,1.0,0.0,0.0,5,0.0,0,True,1746968458.8512743,left,False
1623,1746968468.3370304,181.988,1.65988,1.96075,0.322555,0.0494277,5579.59,5,33.506,1121.81,1146.77,49.6062,1,2,1.0,0.0,0.0,5,0.0,0,True,1746968458.8512743,left,False
1624,1746968468.3584714,182.05,1.65997,2.00793,0.319808,0.0503902,5581.81,5,33.526,1122.82,1147.79,49.6059,1,2,1.0,0.0,0.0,5,0.0,0,True,1746968458.8512743,left,False
1625,1746968468.3761706,182.113,1.6595,2.0598,0.316976,0.0513535,5583.2,5,33.546,1123.84,1148.81,49.6056,1,2,1.0,0.0,0.0,5,0.0,0,True,1746968458.8512743,left,False
1626,1746968468.3985481,182.175,1.65942,2.11284,0.314099,0.0523174,5584.08,5,33.566,1124.86,1149.82,49.6053,1,2,1.0,0.0,0.0,5,0.0,0,True,1746968458.8512743,left,False
1627,1746968468.4179525,182.236,1.66017,2.15698,0.311153,0.0532825,5586.49,5,33.586,1125.88,1150.84,49.6049,1,2,1.0,0.0,0.0,5,0.0,0,True,1746968458.8512743,left,False
1628,1746968468.43985,182.297,1.66033,2.2042,0.30813,0.0542488,5588.79,5,33.606,1126.89,1151.86,49.6046,1,2,1.0,0.0,0.0,5,0.0,0,True,1746968458.8512743,left,False
1629,1746968468.4560318,182.359,1.66062,2.25041,0.305058,0.0552146,5591.25,5,33.626,1127.91,1152.88,49.6043,1,2,1.0,0.0,0.0,5,0.0,0,True,1746968458.8512743,left,False
1630,1746968468.477189,182.42,1.66109,2.29803,0.301912,0.0561817,5592.36,5,33.646,1128.93,1153.9,49.604,1,2,1.0,0.0,0.0,5,0.0,0,True,1746968458.8512743,left,False
1631,1746968468.4984024,182.481,1.66097,2.34827,0.29869,0.0571489,5593.86,5,33.666,1129.95,1154.92,49.6037,1,2,1.0,0.0,0.0,5,0.0,0,True,1746968458.8512743,left,False
1632,1746968468.5188017,182.541,1.66139,2.39765,0.29541,0.0581169,5596.37,5,33.686,1130.97,1155.93,49.6034,1,2,1.0,0.0,0.0,5,0.0,0,True,1746968458.8512743,left,False
1633,1746968468.5381632,182.602,1.66208,2.44584,0.292065,0.0590868,5597.73,5,33.706,1131.99,1156.95,49.6031,1,2,1.0,0.0,0.0,5,0.0,0,True,1746968458.8512743,left,False
1634,1746968468.5583937,182.661,1.66246,2.4918,0.288643,0.0600567,5600.1,5,33.726,1133.01,1157.97,49.6028,1,2,1.0,0.0,0.0,5,0.0,0,True,1746968458.8512743,left,False
1635,1746968468.5793693,182.721,1.66242,2.53997,0.285168,0.0610242,5602.23,5,33.746,1134.03,1158.99,49.6025,1,2,1.0,0.0,0.0,5,0.0,0,True,1746968458.8512743,left,False
1636,1746968468.5977216,182.781,1.66265,2.5892,0.281624,0.0619919,5603.22,5,33.766,1135.05,1160.01,49.6022,1,2,1.0,0.0,0.0,5,0.0,0,True,1746968458.8512743,left,False
1637,1746968468.615888,182.841,1.66263,2.63161,0.277999,0.0629601,5605.34,5,33.786,1136.07,1161.03,49.6019,1,2,1.0,0.0,0.0,5,0.0,0,True,1746968458.8512743,left,False
1638,1746968468.6374774,182.899,1.66267,2.68496,0.27432,0.0639286,5607.74,5,33.806,1137.09,1162.05,49.6016,1,2,1.0,0.0,0.0,5,0.0,0,True,1746968458.8512743,left,False
1639,1746968468.6590583,182.959,1.66276,2.72977,0.270577,0.0648966,5608.96,5,33.826,1138.11,1163.07,49.6013,1,2,1.0,0.0,0.0,5,0.0,0,True,1746968458.8512743,left,False
1640,1746968468.677061,183.018,1.66246,2.78129,0.266752,0.0658658,5611.15,5,33.846,1139.13,1164.09,49.601,1,2,1.0,0.0,0.0,5,0.0,0,True,1746968458.8512743,left,False
1641,1746968468.6977546,183.076,1.66253,2.82661,0.262878,0.0668347,5613.25,5,33.866,1140.15,1165.12,49.6007,1,2,1.0,0.0,0.0,5,0.0,0,True,1746968458.8512743,left,False
1642,1746968468.7222748,183.134,1.66266,2.87119,0.258931,0.0678039,5615.29,5,33.886,1141.17,1166.14,49.6004,1,2,1.0,0.0,0.0,5,0.0,0,True,1746968458.8512743,left,False
1643,1746968468.7370105,183.193,1.66235,2.92378,0.254903,0.0687742,5616.65,5,33.906,1142.19,1167.16,49.6001,1,2,1.0,0.0,0.0,5,0.0,0,True,1746968458.8512743,left,False
1644,1746968468.7587502,183.252,1.66215,2.97734,0.25083,0.0697446,5617.34,5,33.926,1143.21,1168.18,49.5998,1,2,1.0,0.0,0.0,5,0.0,0,True,1746968458.8512743,left,False
1645,1746968468.777369,183.308,1.66298,3.01928,0.24668,0.0707159,5620.15,5,33.946,1144.24,1169.2,49.5995,1,2,1.0,0.0,0.0,5,0.0,0,True,1746968458.8512743,left,False
1646,1746968468.7960446,183.367,1.66252,3.07248,0.242452,0.0716879,5621.14,5,33.966,1145.26,1170.22,49.5991,1,2,1.0,0.0,0.0,5,0.0,0,True,1746968458.8512743,left,False
1647,1746968468.8174548,183.424,1.66287,3.12258,0.238175,0.07266,5623,5,33.986,1146.28,1171.24,49.5988,1,2,1.0,0.0,0.0,5,0.0,0,True,1746968458.8512743,left,False
1648,1746968468.8398602,183.481,1.66287,3.16878,0.233822,0.073632,5624.62,5,34.006,1147.3,1172.27,49.5985,1,2,1.0,0.0,0.0,5,0.0,0,True,1746968458.8512743,left,False
1649,1746968468.858342,183.538,1.6626,3.22411,0.229395,0.0746047,5625.89,5,34.026,1148.32,1173.29,49.5982,1,2,1.0,0.0,0.0,5,0.0,0,True,1746968458.8512743,left,False
1650,1746968468.8782332,183.595,1.66273,3.2709,0.224915,0.0755787,5628.02,5,34.046,1149.35,1174.31,49.5979,1,2,1.0,0.0,0.0,5,0.0,0,True,1746968458.8512743,right,False
1651,1746968468.8991196,183.652,1.6628,3.32289,0.220357,0.0765514,5629.31,5,34.066,1150.37,1175.33,49.5976,1,2,1.0,0.0,0.0,5,0.0,0,True,1746968458.8512743,right,False
1652,1746968468.9185572,183.707,1.66353,3.3676,0.215731,0.0775273,5632.06,5,34.086,1151.39,1176.36,49.5973,1,2,1.0,0.0,0.0,5,0.0,0,True,1746968458.8512743,right,False
1653,1746968468.9362476,183.762,1.66397,3.41189,0.211047,0.0785,5634.72,5,34.106,1152.41,1177.38,49.597,1,2,1.0,0.0,0.0,5,0.0,0,True,1746968458.8512743,right,False
1654,1746968468.9562838,183.819,1.66377,3.46012,0.206283,0.0794716,5635.39,5,34.126,1153.44,1178.4,49.5967,1,2,1.0,0.0,0.0,5,0.0,0,True,1746968458.8512743,right,False
1655,1746968468.9768462,183.875,1.66328,3.51374,0.201457,0.0804434,5636.68,5,34.146,1154.46,1179.43,49.5964,1,2,1.0,0.0,0.0,5,0.0,0,True,1746968458.8512743,right,False
1656,1746968469.0000522,183.931,1.66249,3.56903,0.196566,0.0814168,5637.45,5,34.166,1155.48,1180.45,49.5961,1,2,1.0,0.0,0.0,5,0.0,0,True,1746968458.8512743,right,False
1657,1746968469.0171208,183.985,1.66391,3.60733,0.191597,0.0823944,5640.26,5,34.186,1156.51,1181.47,49.5958,1,2,1.0,0.0,0.0,5,0.0,0,True,1746968458.8512743,right,False
1658,1746968469.0366437,184.04,1.6651,3.65773,0.18658,0.0833752,5641.77,5,34.206,1157.53,1182.5,49.5955,1,2,1.0,0.0,0.0,5,0.0,0,True,1746968458.8512743,right,False
1659,1746968469.0587556,184.095,1.66629,3.70531,0.181482,0.0843554,5643.96,5,34.226,1158.55,1183.52,49.5952,1,2,1.0,0.0,0.0,5,0.0,0,True,1746968458.8512743,right,False
1660,1746968469.0767634,184.15,1.66755,3.75175,0.17631,0.0853376,5645.16,5,34.246,1159.58,1184.54,49.5949,1,2,1.0,0.0,0.0,5,0.0,0,True,1746968458.8512743,right,False
1661,1746968469.1019511,184.204,1.66812,3.80839,0.171082,0.0863202,5646.55,5,34.266,1160.6,1185.57,49.5946,1,2,1.0,0.0,0.0,5,0.0,0,True,1746968458.8512743,right,False
1662,1746968469.1167047,184.258,1.66896,3.85319,0.16578,0.0872998,5649.16,5,34.286,1161.63,1186.59,49.5943,1,2,1.0,0.0,0.0,5,0.0,0,True,1746968458.8512743,right,False
1663,1746968469.13789,184.313,1.66811,3.9092,0.160409,0.0882778,5649.32,5,34.306,1162.65,1187.62,49.594,1,2,1.0,0.0,0.0,5,0.0,0,True,1746968458.8512743,right,False
1664,1746968469.1573882,184.365,1.6688,3.95387,0.154972,0.0892551,5652.56,5,34.326,1163.67,1188.64,49.5937,1,2,1.0,0.0,0.0,5,0.0,0,True,1746968458.8512743,right,False
1665,1746968469.176928,184.419,1.66823,4.00363,0.149459,0.0902319,5653.88,5,34.346,1164.7,1189.66,49.5933,1,2,1.0,0.0,0.0,5,0.0,0,True,1746968458.8512743,right,False
1666,1746968469.198051,184.473,1.66794,4.05532,0.143892,0.0912085,5655.16,5,34.366,1165.72,1190.69,49.593,1,2,1.0,0.0,0.0,5,0.0,0,True,1746968458.8512743,right,False
1667,1746968469.2175212,184.526,1.66751,4.10842,0.138249,0.0921843,5656.51,5,34.386,1166.75,1191.71,49.5927,1,2,1.0,0.0,0.0,5,0.0,0,True,1746968458.8512743,right,False
1668,1746968469.2375343,184.579,1.66659,4.1606,0.132524,0.0931597,5657.58,5,34.406,1167.77,1192.74,49.5924,1,2,1.0,0.0,0.0,5,0.0,0,True,1746968458.8512743,right,False
1669,1746968469.256586,184.631,1.66611,4.20752,0.126754,0.0941339,5659.42,5,34.426,1168.8,1193.76,49.5921,1,2,1.0,0.0,0.0,5,0.0,0,True,1746968458.8512743,right,False
1670,1746968469.278043,184.684,1.66572,4.25284,0.120903,0.0951085,5661.86,5,34.446,1169.82,1194.79,49.5918,1,2,1.0,0.0,0.0,5,0.0,0,True,1746968458.8512743,right,False
1671,1746968469.303179,184.735,1.6653,4.30762,0.114986,0.0960829,5663.03,5,34.466,1170.85,1195.81,49.5915,1,2,1.0,0.0,0.0,5,0.0,0,True,1746968458.8512743,right,False
1672,1746968469.3200207,184.788,1.6648,4.35076,0.109001,0.0970576,5664.56,5,34.486,1171.87,1196.84,49.5912,1,2,1.0,0.0,0.0,5,0.0,0,True,1746968458.8512743,right,False
1673,1746968469.3407862,184.839,1.66419,4.40157,0.102938,0.0980334,5666.91,5,34.506,1172.9,1197.86,49.5909,1,2,0.9,0.0,0.0,4,0.0,0,False,1746968469.3342557,right,False
1674,1746968469.3568423,184.891,1.66383,4.45431,0.0968221,0.0990093,5667.84,5,34.526,1173.92,1198.89,49.5906,1,2,0.9,0.0,0.0,4,0.0,0,False,1746968469.3342557,right,False
1675,1746968469.3805156,184.906,1.66319,4.50259,0.0906291,0.0999856,6804.74,4,34.546,1174.95,1199.91,49.5906,1,2,0.9,0.0,0.0,4,0.0,0,False,1746968469.3342557,right,False
1676,1746968469.397921,184.856,1.66248,4.5517,0.0843791,0.100964,6802.18,4,34.566,1175.97,1200.94,49.5906,1,2,0.9,0.0,0.0,4,0.0,0,False,1746968469.3342557,right,False
1677,1746968469.4170423,184.791,1.66354,4.60312,0.078068,0.101952,6799.63,4,34.586,1177,1201.96,49.5906,1,2,0.9,0.0,0.0,4,0.0,0,False,1746968469.3342557,right,False
1678,1746968469.4376237,184.723,1.66732,4.64791,0.0716797,0.102954,6797.08,4,34.606,1178.02,1202.99,49.5906,1,2,0.9,0.0,0.0,4,0.0,0,False,1746968469.3342557,right,False
1679,1746968469.4573503,184.653,1.67398,4.69435,0.0652222,0.103975,6794.54,4,34.626,1179.04,1204.01,49.5906,1,2,0.9,0.0,0.0,4,0.0,0,False,1746968469.3342557,right,False
1680,1746968469.4764814,184.584,1.68361,4.74299,0.0587077,0.105015,6791.99,4,34.646,1180.07,1205.03,49.5906,1,2,0.9,0.0,0.0,4,0.0,0,False,1746968469.3342557,right,False
1681,1746968469.4966989,184.514,1.69698,4.79099,0.0521322,0.106078,6789.46,4,34.666,1181.09,1206.05,49.5906,1,2,0.9,0.0,0.0,4,0.0,0,False,1746968469.3342557,right,False
1682,1746968469.517437,184.444,1.71374,4.83798,0.0454915,0.107162,6786.92,4,34.686,1182.11,1207.07,49.5906,1,2,0.9,0.0,0.0,4,0.0,0,False,1746968469.3342557,right,False
1683,1746968469.5362492,184.374,1.73345,4.88406,0.0387817,0.10827,6784.39,4,34.706,1183.13,1208.09,49.5906,1,2,0.9,0.0,0.0,4,0.0,0,False,1746968469.3342557,right,False
1684,1746968469.5562909,184.303,1.75597,4.93232,0.0320028,0.109402,6781.86,4,34.726,1184.15,1209.11,49.5906,1,2,0.9,0.0,0.0,4,0.0,0,False,1746968469.3342557,right,False
1685,1746968469.5804467,184.233,1.78135,4.97903,0.0251628,0.110554,6779.34,4,34.746,1185.17,1210.13,49.5906,1,2,0.9,0.0,0.0,4,0.0,0,False,1746968469.3342557,right,False
1686,1746968469.5973597,184.162,1.80875,5.02912,0.0182576,0.111728,6776.81,4,34.766,1186.19,1211.15,49.5906,1,2,0.9,0.0,0.1,4,0.0,0,False,1746968469.3342557,right,False
1687,1746968469.619873,184.091,1.83767,5.07919,0.0112915,0.112919,6774.3,4,34.786,1187.2,1212.17,49.5906,1,2,0.9,0.0,0.1,4,0.0,0,False,1746968469.3342557,right,False
1688,1746968469.6391377,184.012,2.02645,5.12607,0.00429281,0.113366,6771.78,4,34.806,1188.22,1213.19,49.5906,1,2,0.9,0.0,0.1,4,0.0,0,False,1746968469.3342557,right,False
1689,1746968469.6564739,183.93,1.92105,5.15204,-0.00264486,0.111764,6769.27,4,34.826,1189.24,1214.2,49.5906,1,2,0.9,0.0,0.1,4,0.0,0,False,1746968469.3342557,right,False
1690,1746968469.6806192,183.858,1.48133,5.1616,-0.00952148,0.108308,6878.02,4,34.846,1190.25,1215.22,49.5905,1,2,0.9,0.0,0.1,4,0.0,0,False,1746968469.3342557,right,False
1691,1746968469.6977453,183.782,0.768626,5.15091,-0.0163289,0.103258,6871.17,4,34.866,1191.27,1216.24,49.5905,1,2,0.9,0.0,0.1,4,0.0,0,False,1746968469.3342557,right,False
1692,1746968469.7219405,183.701,-0.158271,5.12097,-0.0230591,0.0968676,6866.52,4,34.886,1192.29,1217.25,49.5905,1,2,0.9,0.0,0.1,4,0.0,0,False,1746968469.3342557,right,False
1693,1746968469.737515,183.612,-1.24183,5.06991,-0.0296956,0.0893936,6861.92,4,34.906,1193.3,1218.27,49.5905,1,2,0.9,0.0,0.1,4,0.0,0,False,1746968469.3342557,right,False
1694,1746968469.7576344,183.513,-2.43521,5.00518,-0.0362142,0.0810723,6856.87,4,34.926,1194.32,1219.28,49.5905,1,2,0.9,0.0,0.1,4,0.0,0,False,1746968469.3342557,right,False
1695,1746968469.7759886,183.403,-3.70058,4.91147,-0.0426066,0.0721285,6851.36,4,34.946,1195.33,1220.29,49.5905,1,2,0.9,0.0,0.1,4,0.0,0,False,1746968469.3342557,right,False
1696,1746968469.7972524,183.279,-5.00484,4.80133,-0.0488525,0.0627573,6845.28,4,34.966,1196.34,1221.31,49.5905,1,2,0.9,0.0,0.1,4,0.0,0,False,1746968469.3342557,right,False
1697,1746968469.8177032,183.141,-6.31911,4.67842,-0.0549398,0.0531244,6838.81,4,34.986,1197.36,1222.32,49.5905,1,2,0.9,0.0,0.1,4,0.0,0,False,1746968469.3342557,right,False
1698,1746968469.8387582,182.99,-7.62473,4.53735,-0.060848,0.0433474,6831.95,4,35.006,1198.37,1223.33,49.5905,1,2,0.9,0.0,0.1,4,0.0,0,False,1746968469.3342557,right,False
1699,1746968469.8585026,182.825,-8.92004,4.3772,-0.0665731,0.0334847,6824.67,4,35.026,1199.38,1224.35,49.5905,1,2,0.9,0.0,0.1,4,0.0,0,False,1746968469.3342557,right,False
1700,1746968469.8766227,182.647,-10.1882,4.21717,-0.072111,0.0235953,6817.14,4,35.046,1200.39,1225.36,49.5905,1,2,0.9,0.0,0.1,4,0.0,0,False,1746968469.3342557,right,False
1701,1746968469.8984566,182.457,-11.4343,4.04676,-0.0774333,0.0136871,6809.15,4,35.066,1201.4,1226.37,49.5905,1,2,0.9,0.0,0.1,4,0.0,0,False,1746968469.3342557,right,False
1702,1746968469.9219687,182.257,-12.6578,3.86366,-0.082548,0.00377035,6812.57,4,35.086,1202.41,1227.38,49.5905,1,2,0.9,0.0,0.1,4,0.0,0,False,1746968469.3342557,right,False
1703,1746968469.939928,182.046,-13.8703,3.67609,-0.087439,-0.00618291,6813.79,4,35.106,1203.42,1228.39,49.5905,1,2,0.9,0.0,0.1,4,0.0,0,False,1746968469.3342557,right,False
1704,1746968469.9575107,181.825,-15.0647,3.49868,-0.0921061,-0.0162163,6809.05,4,35.126,1204.43,1229.4,49.5905,1,2,0.9,0.0,0.0,4,0.0,0,False,1746968469.3342557,left,False
1705,1746968469.9792137,181.592,-16.2627,3.3021,-0.0965332,-0.0263305,6828.6,4,35.146,1205.44,1230.41,49.5904,1,2,0.9,0.0,0.0,4,0.0,0,False,1746968469.3342557,left,False
1706,1746968469.999726,181.36,-17.4945,3.10939,-0.100736,-0.0362933,6810.05,4,35.166,1206.45,1231.42,49.5904,1,2,0.9,0.0,0.0,4,0.0,0,False,1746968469.3342557,left,False
1707,1746968470.0180068,181.134,-18.6356,2.91887,-0.104724,-0.0457931,6809.34,4,35.186,1207.46,1232.42,49.5904,1,2,0.9,0.0,0.0,4,0.0,0,False,1746968469.3342557,left,False
1708,1746968470.040444,180.908,-19.6802,2.73927,-0.108492,-0.0549319,6829.18,4,35.206,1208.47,1233.43,49.5903,1,2,0.9,0.0,0.0,4,0.0,0,False,1746968469.3342557,left,False
1709,1746968470.0610747,180.683,-20.6511,2.55085,-0.112024,-0.0637877,6808.92,4,35.226,1209.47,1234.44,49.5903,1,2,0.9,0.0,0.0,4,0.0,0,False,1746968469.3342557,left,False
1710,1746968470.0773022,180.457,-21.5644,2.3718,-0.11532,-0.072433,6814.07,4,35.246,1210.48,1235.45,49.5903,1,2,0.9,0.0,0.0,4,0.0,0,False,1746968469.3342557,left,False
1711,1746968470.0992048,180.229,-22.4358,2.18367,-0.11838,-0.0809035,6813.81,4,35.266,1211.49,1236.45,49.5902,1,2,0.9,0.0,0.0,4,0.0,0,False,1746968469.3342557,left,False
1712,1746968470.1178012,180.002,-23.2399,2.00441,-0.121187,-0.0891404,6807.75,4,35.286,1212.49,1237.46,49.5901,1,2,0.9,0.0,0.0,4,0.0,0,False,1746968469.3342557,left,False
1713,1746968470.137707,179.776,-23.9955,1.81804,-0.123747,-0.0971637,6828.76,4,35.306,1213.5,1238.46,49.5901,1,2,0.9,0.0,0.0,4,0.0,0,False,1746968469.3342557,left,False
1714,1746968470.15625,179.55,-24.7096,1.63121,-0.12605,-0.104964,6810.13,4,35.326,1214.5,1239.47,49.59,1,2,0.9,0.0,0.0,4,0.0,0,False,1746968469.3342557,left,False
1715,1746968470.177262,179.325,-25.3799,1.43694,-0.128105,-0.112545,6805.13,4,35.346,1215.5,1240.47,49.59,1,2,0.9,0.0,0.0,4,0.0,0,False,1746968469.3342557,left,False
1716,1746968470.1985705,179.103,-25.9976,1.24679,-0.129895,-0.119896,6810.87,4,35.366,1216.51,1241.47,49.5899,1,2,0.9,0.0,0.0,4,0.0,0,False,1746968469.3342557,left,False
1717,1746968470.218657,178.885,-26.5472,1.06064,-0.131429,-0.126932,6806.23,4,35.386,1217.51,1242.47,49.5898,1,2,0.9,0.0,0.0,4,0.0,0,False,1746968469.3342557,left,False
1718,1746968470.2374043,178.673,-27.043,0.866918,-0.132703,-0.13366,6811.59,4,35.406,1218.51,1243.48,49.5897,1,2,0.9,0.0,0.0,4,0.0,0,False,1746968469.3342557,left,False
1719,1746968470.2566636,178.468,-27.4668,0.675276,-0.13372,-0.140063,6805.29,4,35.426,1219.51,1244.48,49.5897,1,2,0.9,0.0,0.0,4,0.0,0,False,1746968469.3342557,left,False
1720,1746968470.27911,178.269,-27.8289,0.481135,-0.134469,-0.146094,6825.65,4,35.446,1220.51,1245.48,49.5896,1,2,0.9,0.0,0.0,4,0.0,0,False,1746968469.3342557,left,False
1721,1746968470.298578,178.078,-28.1289,0.280311,-0.134957,-0.151747,6814.56,4,35.466,1221.51,1246.47,49.5896,1,2,0.9,0.0,0.0,4,0.0,0,False,1746968469.3342557,left,False
1722,1746968470.3165538,177.9,-28.3421,0.088864,-0.135181,-0.157023,6828.86,4,35.486,1222.51,1247.47,49.5895,1,2,0.9,0.0,0.0,4,0.0,0,False,1746968469.3342557,left,False
1723,1746968470.338567,177.733,-28.4894,-0.102418,-0.135132,-0.161935,6811.96,4,35.506,1223.51,1248.47,49.5894,1,2,0.9,0.0,0.0,4,0.0,0,False,1746968469.3342557,left,False
1724,1746968470.3562663,177.575,-28.5658,-0.292639,-0.134823,-0.166467,6827.16,4,35.526,1224.5,1249.47,49.5893,1,2,0.9,0.0,0.0,4,0.0,0,False,1746968469.3342557,left,False
1725,1746968470.3792825,177.43,-28.5733,-0.479389,-0.134245,-0.170623,6810.64,4,35.546,1225.5,1250.46,49.5893,1,2,0.9,0.0,0.0,4,0.0,0,False,1746968469.3342557,left,False
1726,1746968470.3973596,177.296,-28.5269,-0.673122,-0.133398,-0.174474,6816.37,4,35.566,1226.49,1251.46,49.5892,1,2,0.9,0.0,0.0,4,0.0,0,False,1746968469.3342557,left,False
1727,1746968470.4174798,177.171,-28.4329,-0.870839,-0.132288,-0.178012,6800.7,4,35.586,1227.49,1252.45,49.5892,1,2,0.9,0.0,0.0,4,0.0,0,False,1746968469.3342557,left,False
1728,1746968470.4392576,177.059,-28.2751,-1.05708,-0.130912,-0.181257,6802,4,35.606,1228.48,1253.45,49.5891,1,2,0.9,0.0,0.0,4,0.0,0,False,1746968469.3342557,left,False
1729,1746968470.461024,176.954,-28.0848,-1.25567,-0.129272,-0.184223,6804.74,4,35.626,1229.47,1254.44,49.589,1,2,0.9,0.0,0.0,4,0.0,0,False,1746968469.3342557,left,False
1730,1746968470.4769108,176.86,-27.8405,-1.45085,-0.127368,-0.186902,6804.87,4,35.646,1230.47,1255.43,49.5889,1,2,0.9,0.0,0.0,4,0.0,0,False,1746968469.3342557,left,False
1731,1746968470.4985588,176.778,-27.5428,-1.65307,-0.125203,-0.189287,6803.52,4,35.666,1231.46,1256.42,49.5888,1,2,0.9,0.0,0.0,4,0.0,0,False,1746968469.3342557,left,False
1732,1746968470.5185091,176.704,-27.2011,-1.84518,-0.122774,-0.191389,6802.53,4,35.686,1232.45,1257.41,49.5888,1,2,0.9,0.0,0.0,4,0.0,0,False,1746968469.3342557,left,False
1733,1746968470.5389915,176.643,-26.801,-2.03884,-0.120093,-0.193174,6810.95,4,35.706,1233.44,1258.4,49.5887,1,2,0.9,0.0,0.0,4,0.0,0,False,1746968469.3342557,left,False
1734,1746968470.5569828,176.591,-26.3489,-2.231,-0.117143,-0.194654,6806.21,4,35.726,1234.43,1259.39,49.5886,1,2,0.9,0.0,-0.1,4,0.0,0,False,1746968469.3342557,left,False
1735,1746968470.5785995,176.552,-25.8459,-2.42269,-0.11394,-0.195807,6802.21,4,35.746,1235.41,1260.38,49.5885,1,2,0.9,0.0,-0.1,4,0.0,0,False,1746968469.3342557,left,False
1736,1746968470.5986388,176.537,-25.3349,-2.61512,-0.110486,-0.196437,6828.63,4,35.766,1236.4,1261.37,49.5884,1,2,0.9,0.0,-0.1,4,0.0,0,False,1746968469.3342557,left,False
1737,1746968470.6191895,176.557,-24.6936,-2.79712,-0.106807,-0.196133,6828.87,4,35.786,1237.39,1262.35,49.5883,1,2,0.9,0.0,-0.1,4,0.0,0,False,1746968469.3342557,left,False
1738,1746968470.6374679,176.61,-23.8908,-2.97372,-0.102913,-0.194899,6830.49,4,35.806,1238.38,1263.34,49.5881,1,2,0.9,0.0,-0.1,4,0.0,0,False,1746968469.3342557,left,False
1739,1746968470.658654,176.69,-22.9333,-3.13553,-0.0987956,-0.192764,6823.06,4,35.826,1239.36,1264.33,49.588,1,2,0.9,0.0,-0.1,4,0.0,0,False,1746968469.3342557,left,False
1740,1746968470.6759138,176.79,-21.8309,-3.29864,-0.0944661,-0.189721,6810.59,4,35.846,1240.35,1265.31,49.5879,1,2,0.9,0.0,-0.1,4,0.0,0,False,1746968469.3342557,left,False
1741,1746968470.701962,176.909,-20.5857,-3.45327,-0.0899251,-0.185752,6811.65,4,35.866,1241.33,1266.3,49.5877,1,2,0.9,0.0,-0.1,4,0.0,0,False,1746968469.3342557,left,False
1742,1746968470.7176442,177.046,-19.2059,-3.60133,-0.0851847,-0.180862,6803.85,4,35.886,1242.32,1267.28,49.5876,1,2,0.8,0.0,-0.1,3,0.0,0,False,1746968470.7086968,left,False
1743,1746968470.7399693,177.197,-17.6901,-3.74171,-0.0802572,-0.174998,6800.83,4,35.906,1243.3,1268.27,49.5874,1,2,0.8,0.0,-0.1,3,0.0,0,False,1746968470.7086968,left,False
1744,1746968470.7588751,177.342,-16.0374,-3.87525,-0.0751506,-0.168111,6804.74,3,35.926,1244.29,1269.25,49.5873,1,2,0.8,0.0,-0.1,3,0.0,0,False,1746968470.7086968,left,False
1745,1746968470.7795067,177.456,-14.2459,-3.99658,-0.0698893,-0.160159,6802.18,3,35.946,1245.27,1270.24,49.5873,1,2,0.8,0.0,-0.1,3,0.0,0,False,1746968470.7086968,left,False
1746,1746968470.799096,177.551,-12.335,-4.11331,-0.0644979,-0.151134,6799.63,3,35.966,1246.26,1271.22,49.5873,1,2,0.8,0.0,-0.1,3,0.0,0,False,1746968470.7086968,left,False
1747,1746968470.817344,177.634,-10.3136,-4.20794,-0.0590007,-0.141008,6797.08,3,35.986,1247.24,1272.2,49.5873,1,2,0.8,0.0,-0.1,3,0.0,0,False,1746968470.7086968,left,False
1748,1746968470.837011,177.701,-8.19377,-4.28702,-0.0534424,-0.129755,6794.54,3,36.006,1248.22,1273.19,49.5873,1,2,0.8,0.0,-0.1,3,0.0,0,False,1746968470.7086968,left,False
1749,1746968470.8590531,177.749,-5.98684,-4.34624,-0.0478475,-0.117357,6791.99,3,36.026,1249.21,1274.17,49.5873,1,2,0.8,0.0,-0.1,3,0.0,0,False,1746968470.7086968,left,False
1750,1746968470.8777153,177.773,-3.70881,-4.37965,-0.042277,-0.103812,6789.46,3,36.046,1250.19,1275.16,49.5873,1,2,0.8,0.0,-0.1,3,0.0,0,False,1746968470.7086968,left,False
1751,1746968470.8973622,177.765,-1.37414,-4.39028,-0.0367676,-0.0891438,6786.92,3,36.066,1251.17,1276.14,49.5873,1,2,0.8,0.0,-0.1,3,0.0,0,False,1746968470.7086968,left,False
1752,1746968470.9194965,177.721,1.00042,-4.35851,-0.0314006,-0.0734029,6784.39,3,36.086,1252.16,1277.12,49.5873,1,2,0.8,0.0,-0.1,3,0.0,0,False,1746968470.7086968,left,False
1753,1746968470.9384968,177.634,3.40717,-4.29941,-0.0262085,-0.056649,6781.86,3,36.106,1253.14,1278.11,49.5873,1,2,0.8,0.0,-0.1,3,0.0,0,False,1746968470.7086968,left,False
1754,1746968470.9564722,177.5,5.8216,-4.18677,-0.0212484,-0.0389814,6779.34,3,36.126,1254.12,1279.09,49.5873,1,2,0.8,0.0,-0.1,3,0.0,0,False,1746968470.7086968,left,False
1755,1746968470.9770935,177.316,8.24717,-4.04309,-0.0165853,-0.0204723,6776.81,3,36.146,1255.11,1280.07,49.5873,1,2,0.8,0.0,-0.1,3,0.0,0,False,1746968470.7086968,left,False
1756,1746968470.9984548,177.078,10.6704,-3.85899,-0.012264,-0.00125194,6774.3,3,36.166,1256.09,1281.06,49.5873,1,2,0.8,0.0,-0.1,3,0.0,0,False,1746968470.7086968,left,False
1757,1746968471.0171263,176.785,13.0688,-3.62856,-0.00832519,0.0185616,6771.78,3,36.186,1257.07,1282.04,49.5873,1,2,0.8,0.0,-0.1,3,0.0,0,False,1746968470.7086968,left,False
1758,1746968471.0383892,176.436,15.4348,-3.34708,-0.00482178,0.0388753,6769.27,3,36.206,1258.06,1283.02,49.5873,1,2,0.8,0.0,-0.1,3,0.0,0,False,1746968470.7086968,left,False
1759,1746968471.0575385,176.039,17.7573,-3.02251,-0.00178223,0.0595453,8468.4,3,36.226,1259.04,1284,49.5873,1,2,0.8,0.0,-0.1,3,0.0,0,False,1746968470.7086968,left,False
1760,1746968471.078885,175.585,20.01,-2.64913,0.00074056,0.0804269,8440.02,3,36.246,1260.02,1284.99,49.5873,1,2,0.8,0.0,-0.1,3,0.0,0,False,1746968470.7086968,left,False
1761,1746968471.0966382,175.08,22.1741,-2.2275,0.00272624,0.10137,8412.93,3,36.266,1261,1285.97,49.5873,1,2,0.8,0.0,-0.1,3,0.0,0,False,1746968470.7086968,left,False
1762,1746968471.116687,174.533,24.2438,-1.78027,0.00415446,0.12218,8386.99,3,36.286,1261.98,1286.95,49.5873,1,2,0.8,0.0,-0.1,3,0.0,0,False,1746968470.7086968,left,False
1763,1746968471.1374772,173.95,26.1708,-1.29311,0.00498861,0.14263,8360.59,3,36.306,1262.96,1287.92,49.5873,1,2,0.8,0.0,-0.1,3,0.0,0,False,1746968470.7086968,left,False
1764,1746968471.1605148,173.346,27.9407,-0.786012,0.00521647,0.162449,8334.72,3,36.326,1263.94,1288.9,49.5873,1,2,0.8,0.0,-0.1,3,0.0,0,False,1746968470.7086968,left,False
1765,1746968471.1759253,172.733,29.4976,-0.256832,0.00482178,0.181369,8307.91,3,36.346,1264.91,1289.88,49.5873,1,2,0.8,0.0,0.0,3,0.0,0,False,1746968470.7086968,right,False
1766,1746968471.1976976,172.127,30.8145,0.280527,0.00379232,0.199167,8276.65,3,36.366,1265.88,1290.85,49.5873,1,2,0.8,0.0,0.0,3,0.0,0,False,1746968470.7086968,right,False
1767,1746968471.21922,171.56,31.9104,0.837249,0.00212809,0.21557,8282.66,3,36.386,1266.85,1291.82,49.5873,1,2,0.8,0.0,0.0,3,0.0,0,False,1746968470.7086968,right,False
1768,1746968471.236891,171.034,32.8413,1.62237,-0.000154622,0.230213,8271.88,3,36.406,1267.82,1292.79,49.5873,1,2,0.8,0.0,0.0,3,0.0,0,False,1746968470.7086968,right,False
1769,1746968471.2585902,170.571,33.5256,2.00193,-0.00298665,0.242964,8262.75,3,36.426,1268.79,1293.75,49.5873,1,2,0.8,0.0,0.0,3,0.0,0,False,1746968470.7086968,right,False
1770,1746968471.2774222,170.167,33.8563,2.37705,-0.00637614,0.253676,8254.46,3,36.446,1269.75,1294.71,49.5873,1,2,0.8,0.0,0.0,3,0.0,0,False,1746968470.7086968,right,False
1771,1746968471.296782,169.833,33.7971,2.76705,-0.0102865,0.262186,8246.28,3,36.466,1270.71,1295.68,49.5873,1,2,0.8,0.0,0.0,3,0.0,0,False,1746968470.7086968,right,False
1772,1746968471.317469,169.547,33.4689,3.55329,-0.0147176,0.268369,8238.78,3,36.486,1271.67,1296.63,49.5873,1,2,0.8,0.0,0.0,3,0.0,0,False,1746968470.7086968,right,False
1773,1746968471.339138,169.368,32.641,3.91805,-0.019694,0.272158,8232.42,3,36.506,1272.62,1297.59,49.5873,1,2,0.8,0.0,0.0,3,0.0,0,False,1746968470.7086968,right,False
1774,1746968471.3580334,169.268,31.4173,4.28116,-0.0251872,0.273566,8223.66,3,36.526,1273.58,1298.54,49.5873,1,2,0.8,0.0,0.0,3,0.0,0,False,1746968470.7086968,right,False
1775,1746968471.3780274,169.236,29.8336,4.63472,-0.0312093,0.272734,8213.17,3,36.546,1274.53,1299.49,49.5873,1,2,0.8,0.0,0.0,3,0.0,0,False,1746968470.7086968,right,False
1776,1746968471.3982756,169.262,27.9271,4.96787,-0.0377523,0.269762,8203.79,3,36.566,1275.48,1300.44,49.5873,1,2,0.8,0.0,0.0,3,0.0,0,False,1746968470.7086968,right,False
1777,1746968471.4172368,169.333,25.71,5.30325,-0.0447917,0.264774,8195.06,3,36.586,1276.42,1301.39,49.5873,1,2,0.8,0.0,0.0,3,0.0,0,False,1746968470.7086968,right,False
1778,1746968471.436098,169.432,23.2241,5.63859,-0.0523234,0.258044,8186.77,3,36.606,1277.37,1302.33,49.5873,1,2,0.8,0.0,0.0,3,0.0,0,False,1746968470.7086968,right,False
1779,1746968471.45697,169.542,20.5506,5.98021,-0.0603312,0.249956,8181.49,3,36.626,1278.31,1303.27,49.5873,1,2,0.8,0.0,0.0,3,0.0,0,False,1746968470.7086968,right,False
1780,1746968471.4774904,169.644,17.7854,6.32086,-0.0687948,0.240929,8180.27,3,36.646,1279.24,1304.21,49.5873,1,2,0.8,0.0,0.0,3,0.0,0,False,1746968470.7086968,right,False
1781,1746968471.499178,169.727,15.0337,6.64725,-0.0776774,0.231416,8182.11,3,36.666,1280.18,1305.15,49.5873,1,2,0.8,0.0,0.0,3,0.0,0,False,1746968470.7086968,right,False
1782,1746968471.5171587,169.783,12.3901,6.96205,-0.0869466,0.221896,8185.4,3,36.686,1281.11,1306.08,49.5873,1,2,0.8,0.0,0.0,3,0.0,0,False,1746968470.7086968,right,False
1783,1746968471.53794,169.81,9.95282,7.26225,-0.0965495,0.212802,8188.28,3,36.706,1282.05,1307.01,49.5873,1,2,0.8,0.0,0.0,3,0.0,0,False,1746968470.7086968,right,False
1784,1746968471.5560522,169.81,7.78619,7.53513,-0.106437,0.204442,8189.73,3,36.726,1282.98,1307.94,49.5873,1,2,0.8,0.0,0.0,3,0.0,0,False,1746968470.7086968,right,False
1785,1746968471.576626,169.786,5.9165,7.78609,-0.116561,0.197015,8189.58,3,36.746,1283.91,1308.87,49.5873,1,2,0.8,0.0,0.0,3,0.0,0,False,1746968470.7086968,right,False
1786,1746968471.5968437,169.745,4.35212,7.996,-0.126855,0.190579,8188.14,3,36.766,1284.84,1309.8,49.5873,1,2,0.8,0.0,0.0,3,0.0,0,False,1746968470.7086968,right,False
1787,1746968471.617336,169.692,3.06605,8.1872,-0.137292,0.185098,8185.78,3,36.786,1285.76,1310.73,49.5873,1,2,0.8,0.0,0.0,3,0.0,0,False,1746968470.7086968,right,False
1788,1746968471.638535,169.629,2.02483,8.33382,-0.147815,0.180473,8182.86,3,36.806,1286.69,1311.66,49.5873,1,2,0.8,0.0,0.0,3,0.0,0,False,1746968470.7086968,right,False
1789,1746968471.658157,169.561,1.19196,8.44751,-0.158427,0.176589,8179.7,3,36.826,1287.62,1312.58,49.5873,1,2,0.8,0.0,0.0,3,0.0,0,False,1746968470.7086968,right,False
1790,1746968471.6808517,169.49,0.527814,8.52668,-0.169067,0.173332,8176.31,3,36.846,1288.54,1313.51,49.5873,1,2,0.8,0.0,0.0,4,0.0,0,False,1746968471.6744738,right,False
1791,1746968471.6990898,169.416,0.00128113,8.56263,-0.179736,0.1706,8172.81,3,36.866,1289.47,1314.43,49.5873,1,2,0.8,0.0,0.0,4,0.0,0,False,1746968471.6744738,right,False
1792,1746968471.7199492,169.342,-0.414102,8.56108,-0.190405,0.168304,6337.22,4,36.886,1290.39,1315.35,49.5873,1,2,0.8,0.0,0.0,4,0.0,0,False,1746968471.6744738,right,False
1793,1746968471.740316,169.266,-0.740967,8.52001,-0.201078,0.166374,6335.37,4,36.906,1291.31,1316.28,49.5873,1,2,0.8,0.0,0.0,4,0.0,0,False,1746968471.6744738,right,False
1794,1746968471.7598124,169.19,-0.99529,8.44411,-0.211739,0.164753,6333.53,4,36.926,1292.24,1317.2,49.5873,1,2,0.8,0.0,0.0,4,0.0,0,False,1746968471.6744738,right,False
1795,1746968471.7777507,169.115,-1.19098,8.34996,-0.22238,0.163397,6331.68,4,36.946,1293.16,1318.12,49.5873,1,2,0.8,0.0,0.0,4,0.0,0,False,1746968471.6744738,right,False
1796,1746968471.7967646,169.039,-1.33594,8.2391,-0.233008,0.162274,6329.84,4,36.966,1294.08,1319.04,49.5873,1,2,0.8,0.0,0.0,4,0.0,0,False,1746968471.6744738,right,False
1797,1746968471.8160274,168.964,-1.43702,8.12245,-0.243608,0.161366,6328,4,36.986,1295,1319.96,49.5873,1,2,0.8,0.0,0.0,4,0.0,0,False,1746968471.6744738,right,False
1798,1746968471.8374412,168.889,-1.49836,8.00312,-0.254179,0.160658,6326.17,4,37.006,1295.92,1320.88,49.5873,1,2,0.8,0.0,0.0,4,0.0,0,False,1746968471.6744738,right,False
1799,1746968471.8562138,168.815,-1.52404,7.89106,-0.264722,0.160139,6324.34,4,37.026,1296.84,1321.8,49.5873,1,2,0.8,0.0,0.0,4,0.0,0,False,1746968471.6744738,right,False
1800,1746968471.8759882,168.741,-1.51815,7.78562,-0.275244,0.159796,6322.51,4,37.046,1297.76,1322.72,49.5873,1,2,0.8,0.0,0.0,4,0.0,0,False,1746968471.6744738,right,False
1801,1746968471.89814,168.667,-1.48509,7.68352,-0.285734,0.159614,6320.68,4,37.066,1298.68,1323.64,49.5873,1,2,0.8,0.0,0.0,4,0.0,0,False,1746968471.6744738,right,False
1802,1746968471.9172885,168.593,-1.4283,7.58842,-0.296191,0.159582,6318.86,4,37.086,1299.6,1324.56,49.5873,1,2,0.8,0.0,0.0,4,0.0,0,False,1746968471.6744738,right,False
1803,1746968471.9388735,168.52,-1.35012,7.51366,-0.306628,0.159686,6317.04,4,37.106,1300.51,1325.48,49.5873,1,2,0.8,0.0,0.0,4,0.0,0,False,1746968471.6744738,right,False
1804,1746968471.9595356,168.447,-1.25567,7.44419,-0.317037,0.159916,6315.23,4,37.126,1301.43,1326.4,49.5873,1,2,0.8,0.0,0.0,4,0.0,0,False,1746968471.6744738,right,False
1805,1746968471.9778304,168.375,-1.14701,7.38397,-0.327421,0.160258,6313.41,4,37.146,1302.35,1327.31,49.5873,1,2,0.8,0.0,0.0,4,0.0,0,False,1746968471.6744738,right,False
1806,1746968471.9977212,168.302,-1.02681,7.34131,-0.337777,0.160702,6311.6,4,37.166,1303.26,1328.23,49.5873,1,2,0.8,0.0,0.0,4,0.0,0,False,1746968471.6744738,right,False
1807,1746968472.016483,168.271,-0.898362,7.30768,-0.348116,0.161238,6391.53,4,37.186,1304.18,1329.14,49.5871,1,2,0.8,0.0,0.0,4,0.0,0,False,1746968471.6744738,right,False
1808,1746968472.0363188,168.287,-0.763719,7.28698,-0.358447,0.161859,6409.12,4,37.206,1305.09,1330.06,49.5869,1,2,0.8,0.0,0.0,4,0.0,0,False,1746968471.6744738,right,False
1809,1746968472.057611,168.312,-0.624588,7.27334,-0.368766,0.162557,6413.21,4,37.226,1306.01,1330.97,49.5866,1,2,0.8,0.0,0.0,4,0.0,0,False,1746968471.6744738,right,False
1810,1746968472.077951,168.339,-0.482171,7.26815,-0.379081,0.163329,6414.81,4,37.246,1306.92,1331.89,49.5864,1,2,0.8,0.0,0.0,4,0.0,0,False,1746968471.6744738,right,False
1811,1746968472.0976484,168.365,-0.337993,7.26835,-0.389396,0.164165,6416.4,4,37.266,1307.84,1332.8,49.5862,1,2,0.8,0.0,0.0,4,0.0,0,False,1746968471.6744738,right,False
1812,1746968472.1184497,168.392,-0.193919,7.28302,-0.399711,0.165059,6417.07,4,37.286,1308.75,1333.72,49.586,1,2,0.8,0.0,0.0,4,0.0,0,False,1746968471.6744738,right,False
1813,1746968472.1365523,168.418,-0.0512992,7.30007,-0.410038,0.166002,6418.3,4,37.306,1309.67,1334.63,49.5857,1,2,0.8,0.0,0.0,4,0.0,0,False,1746968471.6744738,right,False
1814,1746968472.1575649,168.445,0.0883616,7.32108,-0.420361,0.166984,6418.93,4,37.326,1310.58,1335.55,49.5855,1,2,0.8,0.0,0.0,4,0.0,0,False,1746968471.6744738,right,False
1815,1746968472.1770961,168.471,0.223554,7.34144,-0.430705,0.167998,6419.94,4,37.346,1311.5,1336.46,49.5853,1,2,0.8,0.0,0.0,4,0.0,0,False,1746968471.6744738,right,False
1816,1746968472.1967719,168.497,0.353291,7.36745,-0.44106,0.169034,6420.74,4,37.366,1312.41,1337.38,49.585,1,2,0.8,0.0,0.0,4,0.0,0,False,1746968471.6744738,right,False
1817,1746968472.2166784,168.523,0.476997,7.39949,-0.45144,0.170087,6421.81,4,37.386,1313.33,1338.29,49.5848,1,2,0.8,0.0,0.0,4,0.0,0,False,1746968471.6744738,right,False
1818,1746968472.2366064,168.548,0.593884,7.43351,-0.461841,0.171151,6422.74,4,37.406,1314.24,1339.21,49.5846,1,2,0.8,0.0,0.0,4,0.0,0,False,1746968471.6744738,right,False
1819,1746968472.2600973,168.573,0.703549,7.46145,-0.47227,0.17222,6424.59,4,37.426,1315.16,1340.12,49.5844,1,2,0.8,0.0,0.0,4,0.0,0,False,1746968471.6744738,right,False
1820,1746968472.2787068,168.599,0.805545,7.49593,-0.482727,0.173289,6424.58,4,37.446,1316.07,1341.04,49.5841,1,2,0.8,0.0,0.0,4,0.0,0,False,1746968471.6744738,right,False
1821,1746968472.2966325,168.624,0.900195,7.53419,-0.493213,0.174355,6425,4,37.466,1316.99,1341.95,49.5839,1,2,0.8,0.0,0.1,4,0.0,0,False,1746968471.6744738,right,False
1822,1746968472.31685,168.649,0.987392,7.56917,-0.503735,0.175415,6426.05,4,37.486,1317.9,1342.87,49.5837,1,2,0.8,0.0,0.1,4,0.0,0,False,1746968471.6744738,right,False
1823,1746968472.339134,168.66,1.22132,7.60336,-0.51425,0.175773,6430.02,4,37.506,1318.81,1343.78,49.5834,1,2,0.8,0.0,0.1,4,0.0,0,False,1746968471.6744738,right,False
1824,1746968472.35678,168.668,1.21077,7.6163,-0.524695,0.174236,6434.77,4,37.526,1319.73,1344.69,49.5832,1,2,0.8,0.0,0.1,4,0.0,0,False,1746968471.6744738,right,False
1825,1746968472.3805556,168.678,0.911689,7.61483,-0.535055,0.17099,6440.96,4,37.546,1320.64,1345.61,49.583,1,2,0.8,0.0,0.1,4,0.0,0,False,1746968471.6744738,right,False
1826,1746968472.3975468,168.688,0.382333,7.59626,-0.545329,0.166294,6447.88,4,37.566,1321.56,1346.52,49.5827,1,2,0.8,0.0,0.1,4,0.0,0,False,1746968471.6744738,right,False
1827,1746968472.4164038,168.695,-0.321597,7.56359,-0.555509,0.160385,6454.66,4,37.586,1322.47,1347.44,49.5825,1,2,0.8,0.0,0.1,4,0.0,0,False,1746968471.6744738,right,False
1828,1746968472.4388683,168.697,-1.15782,7.50642,-0.565588,0.153503,6463.39,4,37.606,1323.39,1348.35,49.5823,1,2,0.8,0.0,0.1,4,0.0,0,False,1746968471.6744738,right,False
1829,1746968472.4574382,168.689,-2.08543,7.4322,-0.575541,0.145867,6473.72,4,37.626,1324.3,1349.27,49.5821,1,2,0.8,0.0,0.1,4,0.0,0,False,1746968471.6744738,right,False
1830,1746968472.4787047,168.672,-3.06835,7.34212,-0.58536,0.137674,6485.48,4,37.646,1325.21,1350.18,49.5818,1,2,0.8,0.0,0.1,4,0.0,0,False,1746968471.6744738,right,False
1831,1746968472.4961374,168.644,-4.08159,7.24079,-0.595032,0.1291,6498.76,4,37.666,1326.13,1351.09,49.5816,1,2,0.8,0.0,0.1,4,0.0,0,False,1746968471.6744738,right,False
1832,1746968472.517075,168.605,-5.10462,7.1148,-0.604537,0.120283,6513.86,4,37.686,1327.04,1352.01,49.5814,1,2,0.8,0.0,0.1,4,0.0,0,False,1746968471.6744738,right,False
1833,1746968472.5369816,168.555,-6.11979,6.98089,-0.613863,0.11133,6531.77,4,37.706,1327.96,1352.92,49.5811,1,2,0.8,0.0,0.1,4,0.0,0,False,1746968471.6744738,right,False
1834,1746968472.5570574,168.494,-7.1215,6.82608,-0.623006,0.102327,6549.89,4,37.726,1328.87,1353.84,49.5809,1,2,0.8,0.0,0.1,4,0.0,0,False,1746968471.6744738,right,False
1835,1746968472.5791044,168.426,-8.09324,6.67002,-0.631958,0.0933182,6563.48,4,37.746,1329.79,1354.76,49.5807,1,2,0.8,0.0,0.1,4,0.0,0,False,1746968471.6744738,right,False
1836,1746968472.5968835,168.349,-9.04633,6.5021,-0.640698,0.0842984,6579.08,4,37.766,1330.71,1355.67,49.5805,1,2,0.8,0.0,0.1,4,0.0,0,False,1746968471.6744738,right,False
1837,1746968472.616462,168.266,-9.97871,6.32463,-0.649231,0.0752738,6591.91,4,37.786,1331.62,1356.59,49.5802,1,2,0.8,0.0,0.1,4,0.0,0,False,1746968471.6744738,right,False
1838,1746968472.6391594,168.172,-10.8927,6.13993,-0.657544,0.066268,6607.11,4,37.806,1332.54,1357.5,49.58,1,2,0.8,0.0,0.1,4,0.0,0,False,1746968471.6744738,right,False
1839,1746968472.658684,168.075,-11.7792,5.96489,-0.665625,0.0572665,6614.1,4,37.826,1333.45,1358.42,49.5798,1,2,0.8,0.0,0.1,4,0.0,0,False,1746968471.6744738,right,False
1840,1746968472.6791952,167.97,-12.6531,5.77283,-0.673466,0.0482702,6620.55,4,37.846,1334.37,1359.33,49.5795,1,2,0.8,0.0,0.1,4,0.0,0,False,1746968471.6744738,right,False
1841,1746968472.6987927,167.857,-13.5048,5.58437,-0.681079,0.0392873,6629.22,4,37.866,1335.28,1360.25,49.5793,1,2,0.8,0.0,0.1,4,0.0,0,False,1746968471.6744738,right,False
1842,1746968472.7162783,167.737,-14.346,5.39307,-0.68844,0.0303202,6637.24,4,37.886,1336.2,1361.17,49.5791,1,2,0.8,0.0,0.1,4,0.0,0,False,1746968471.6744738,right,False
1843,1746968472.7375343,167.612,-15.166,5.19762,-0.695557,0.021373,6644.99,4,37.906,1337.12,1362.08,49.5789,1,2,0.8,0.0,0.1,4,0.0,0,False,1746968471.6744738,right,False
1844,1746968472.7562075,167.478,-15.9658,5.00852,-0.702421,0.0124695,6653.79,4,37.926,1338.03,1363,49.5786,1,2,0.8,0.0,0.1,4,0.0,0,False,1746968471.6744738,right,False
1845,1746968472.7798455,167.335,-16.7516,4.80638,-0.709021,0.00362921,6668.55,4,37.946,1338.95,1363.91,49.5784,1,2,0.8,0.0,0.1,4,0.0,0,False,1746968471.6744738,right,False
1846,1746968472.7966564,167.19,-17.5108,4.6067,-0.715369,-0.00512958,6680.81,4,37.966,1339.86,1364.83,49.5782,1,2,0.8,0.0,0.1,4,0.0,0,False,1746968471.6744738,right,False
1847,1746968472.817771,167.038,-18.2388,4.41062,-0.721448,-0.0137727,6696.84,4,37.986,1340.78,1365.74,49.5779,1,2,0.8,0.0,0.1,4,0.0,0,False,1746968471.6744738,right,False
1848,1746968472.8379288,166.882,-18.9379,4.21124,-0.727262,-0.0222745,6710.71,4,38.006,1341.69,1366.66,49.5777,1,2,0.8,0.0,0.1,4,0.0,0,False,1746968471.6744738,right,False
1849,1746968472.8607044,166.722,-19.6031,4.00619,-0.7328,-0.0306077,6732.03,4,38.026,1342.61,1367.58,49.5775,1,2,0.8,0.0,0.1,4,0.0,0,False,1746968471.6744738,right,False
1850,1746968472.8785226,166.563,-20.2293,3.80783,-0.738082,-0.0387716,6748.1,4,38.046,1343.53,1368.49,49.5773,1,2,0.8,0.0,0.1,4,0.0,0,False,1746968471.6744738,right,False
1851,1746968472.8983474,166.397,-20.8377,3.59541,-0.743083,-0.0467501,6772.62,4,38.066,1344.44,1369.41,49.577,1,2,0.8,0.0,0.0,4,0.0,0,False,1746968471.6744738,left,False
1852,1746968472.9177454,166.231,-21.3913,3.3911,-0.747811,-0.0545168,6798.62,4,38.086,1345.35,1370.32,49.5768,1,2,0.8,0.0,0.0,4,0.0,0,False,1746968471.6744738,left,False
1853,1746968472.9411976,166.087,-21.936,3.18328,-0.752279,-0.0619485,6797.45,4,38.106,1346.27,1371.23,49.5766,1,2,0.8,0.0,0.0,4,0.0,0,False,1746968471.6744738,left,False
1854,1746968472.9570234,165.961,-22.3963,2.98569,-0.75649,-0.0688126,6797.48,4,38.126,1347.18,1372.15,49.5764,1,2,0.8,0.0,0.0,4,0.0,0,False,1746968471.6744738,left,False
1855,1746968472.9768424,165.861,-22.7592,2.78037,-0.760441,-0.07515,6790.43,4,38.146,1348.1,1373.06,49.5762,1,2,0.8,0.0,0.0,4,0.0,0,False,1746968471.6744738,left,False
1856,1746968472.996914,165.771,-23.0225,2.57977,-0.764132,-0.0809612,6789.89,4,38.166,1349.01,1373.98,49.576,1,2,0.8,0.0,0.0,4,0.0,0,False,1746968471.6744738,left,False
1857,1746968473.0185823,165.691,-23.192,2.38431,-0.767558,-0.0862403,6783.43,4,38.186,1349.93,1374.89,49.5757,1,2,0.8,0.0,0.0,4,0.0,0,False,1746968471.6744738,left,False
1858,1746968473.0397627,165.622,-23.2766,2.1843,-0.770719,-0.0909982,6783.68,4,38.206,1350.84,1375.8,49.5755,1,2,0.8,0.0,0.0,4,0.0,0,False,1746968471.6744738,left,False
1859,1746968473.0588126,165.568,-23.2735,1.98364,-0.773621,-0.0952473,6779.9,4,38.226,1351.75,1376.72,49.5753,1,2,0.8,0.0,0.0,4,0.0,0,False,1746968471.6744738,left,False
1860,1746968473.0797389,165.525,-23.1841,1.78904,-0.776249,-0.0989983,6777.23,4,38.246,1352.67,1377.63,49.575,1,2,0.8,0.0,0.0,4,0.0,0,False,1746968471.6744738,left,False
1861,1746968473.0984597,165.496,-23.01,1.5992,-0.778617,-0.102256,6772.56,4,38.266,1353.58,1378.54,49.5748,1,2,0.8,0.0,0.0,4,0.0,0,False,1746968471.6744738,left,False
1862,1746968473.1171753,165.479,-22.7524,1.40643,-0.780717,-0.104984,6769.58,4,38.286,1354.49,1379.46,49.5746,1,2,0.8,0.0,0.0,4,0.0,0,False,1746968471.6744738,left,False
1863,1746968473.1374326,165.476,-22.4079,1.21753,-0.78254,-0.107195,6766.29,4,38.306,1355.4,1380.37,49.5743,1,2,0.8,0.0,0.0,4,0.0,0,False,1746968471.6744738,left,False
1864,1746968473.1623585,165.487,-21.9866,1.02837,-0.784106,-0.108908,6759.77,4,38.326,1356.32,1381.28,49.5741,1,2,0.8,0.0,0.0,4,0.0,0,False,1746968471.6744738,left,False
1865,1746968473.177303,165.506,-21.4863,0.835019,-0.785409,-0.110107,6760.79,4,38.346,1357.23,1382.19,49.5739,1,2,0.8,0.0,0.0,4,0.0,0,False,1746968471.6744738,left,False
1866,1746968473.1974988,165.544,-20.9106,0.644609,-0.78645,-0.11083,6752.59,4,38.366,1358.14,1383.11,49.5737,1,2,0.8,0.0,0.0,4,0.0,0,False,1746968471.6744738,left,False
1867,1746968473.216649,165.589,-20.2609,0.457925,-0.787235,-0.111036,6750.2,4,38.386,1359.05,1384.02,49.5734,1,2,0.8,0.0,0.0,4,0.0,0,False,1746968471.6744738,left,False
1868,1746968473.2384317,165.65,-19.5386,0.27277,-0.787756,-0.110775,6737.6,4,38.406,1359.97,1384.93,49.5732,1,2,0.8,0.0,0.0,4,0.0,0,False,1746968471.6744738,left,False
1869,1746968473.2575698,165.72,-18.7401,0.0905034,-0.788029,-0.110013,6728.52,4,38.426,1360.88,1385.84,49.573,1,2,0.8,0.0,0.0,4,0.0,0,False,1746968471.6744738,left,False
1870,1746968473.2770755,165.804,-17.8852,-0.092794,-0.788057,-0.108806,6708.46,4,38.446,1361.79,1386.75,49.5727,1,2,0.8,0.0,0.0,4,0.0,0,False,1746968471.6744738,left,False
1871,1746968473.2986927,165.901,-16.9717,-0.271603,-0.787838,-0.107182,6683.87,4,38.466,1362.7,1387.67,49.5725,1,2,0.8,0.0,0.0,4,0.0,0,False,1746968471.6744738,left,False
1872,1746968473.3191109,166.001,-16.0082,-0.450101,-0.787374,-0.105153,6660.03,4,38.486,1363.61,1388.58,49.5723,1,2,0.8,0.0,0.0,4,0.0,0,False,1746968471.6744738,left,False
1873,1746968473.3373113,166.107,-15.0027,-0.624641,-0.786678,-0.102753,6637.41,4,38.506,1364.52,1389.49,49.5721,1,2,0.8,0.0,0.0,4,0.0,0,False,1746968471.6744738,left,False
1874,1746968473.3566344,166.222,-13.9593,-0.79941,-0.785763,-0.100019,6607.38,4,38.526,1365.44,1390.4,49.5718,1,2,0.8,0.0,0.0,4,0.0,0,False,1746968471.6744738,left,False
1875,1746968473.3792658,166.339,-12.8901,-0.966708,-0.784627,-0.0969977,6574.71,4,38.546,1366.35,1391.31,49.5716,1,2,0.8,0.0,0.0,4,0.0,0,False,1746968471.6744738,left,False
1876,1746968473.3978233,166.458,-11.7983,-1.12481,-0.783284,-0.0937035,6543.23,4,38.566,1367.26,1392.22,49.5714,1,2,0.8,0.0,0.0,4,0.0,0,False,1746968471.6744738,left,False
1877,1746968473.4170988,166.573,-10.7027,-1.28181,-0.781742,-0.0901933,6519.24,4,38.586,1368.17,1393.14,49.5711,1,2,0.8,0.0,0.0,4,0.0,0,False,1746968471.6744738,left,False
1878,1746968473.4385746,166.69,-9.60266,-1.42282,-0.780013,-0.0864971,6487.27,4,38.606,1369.08,1394.05,49.5709,1,2,0.8,0.0,0.0,4,0.0,0,False,1746968471.6744738,left,False
1879,1746968473.4575474,166.799,-8.52194,-1.56783,-0.778117,-0.0826733,6468.18,4,38.626,1370,1394.96,49.5707,1,2,0.8,0.0,0.0,4,0.0,0,False,1746968471.6744738,left,False
1880,1746968473.4801106,166.905,-7.46275,-1.69561,-0.776058,-0.0787666,6448.53,4,38.646,1370.91,1395.87,49.5705,1,2,0.8,0.0,0.0,4,0.0,0,False,1746968471.6744738,left,False
1881,1746968473.4975538,167.005,-6.43812,-1.82268,-0.773844,-0.0748205,6434.87,4,38.666,1371.82,1396.79,49.5702,1,2,0.8,0.0,0.0,4,0.0,0,False,1746968471.6744738,left,False
1882,1746968473.5174043,167.101,-5.45424,-1.92369,-0.771509,-0.0708728,6421.13,4,38.686,1372.74,1397.7,49.57,1,2,0.8,0.0,0.0,4,0.0,0,False,1746968471.6744738,left,False
1883,1746968473.5378215,167.191,-4.52476,-2.01763,-0.769063,-0.0669713,6413.06,4,38.706,1373.65,1398.62,49.5698,1,2,0.8,0.0,0.0,4,0.0,0,False,1746968471.6744738,left,False
1884,1746968473.5572526,167.277,-3.65475,-2.10308,-0.76652,-0.0631528,6405.68,4,38.726,1374.56,1399.53,49.5695,1,2,0.8,0.0,0.0,4,0.0,0,False,1746968471.6744738,left,False
1885,1746968473.5760663,167.357,-2.84938,-2.1703,-0.763904,-0.0594444,6402.28,4,38.746,1375.48,1400.44,49.5693,1,2,0.8,0.0,0.0,4,0.0,0,False,1746968471.6744738,left,False
1886,1746968473.598482,167.434,-2.11002,-2.23037,-0.76123,-0.0558708,6399.91,4,38.766,1376.39,1401.36,49.5691,1,2,0.8,0.0,0.0,4,0.0,0,False,1746968471.6744738,left,False
1887,1746968473.618635,167.508,-1.43869,-2.26933,-0.758508,-0.0524499,6396.42,4,38.786,1377.31,1402.27,49.5689,1,2,0.8,0.0,0.0,4,0.0,0,False,1746968471.6744738,left,False
1888,1746968473.6387267,167.578,-0.836113,-2.29518,-0.755758,-0.0491955,6396.73,4,38.806,1378.22,1403.19,49.5686,1,2,0.8,0.0,0.0,4,0.0,0,False,1746968471.6744738,left,False
1889,1746968473.658425,167.648,-0.299815,-2.30372,-0.752991,-0.0461175,6395.36,4,38.826,1379.14,1404.11,49.5684,1,2,0.8,0.0,0.0,4,0.0,0,False,1746968471.6744738,left,False
1890,1746968473.6796775,167.715,0.171506,-2.29818,-0.75022,-0.0432212,6395.39,4,38.846,1380.06,1405.02,49.5682,1,2,0.8,0.0,0.0,4,0.0,0,False,1746968471.6744738,left,False
1891,1746968473.6969554,167.78,0.581404,-2.28409,-0.747473,-0.0405061,6396.38,4,38.866,1380.97,1405.94,49.5679,1,2,0.8,0.0,0.0,4,0.0,0,False,1746968471.6744738,left,False
1892,1746968473.719101,167.844,0.933558,-2.25765,-0.744743,-0.0379729,6397.29,4,38.886,1381.89,1406.86,49.5677,1,2,0.8,0.0,0.0,4,0.0,0,True,1746968471.6744738,left,False
1893,1746968473.7384975,167.906,1.23218,-2.22145,-0.742045,-0.0356157,6399.66,4,38.906,1382.81,1407.77,49.5675,1,2,0.8,0.0,0.0,4,0.0,0,True,1746968471.6744738,left,False
1894,1746968473.7567227,167.969,1.48132,-2.16802,-0.739384,-0.0334291,6400.76,4,38.926,1383.73,1408.69,49.5673,1,2,0.8,0.0,0.0,4,0.0,0,True,1746968471.6744738,left,False
1895,1746968473.7761188,168.031,1.68575,-2.11209,-0.736772,-0.0314054,6401.86,4,38.946,1384.65,1409.61,49.567,1,2,0.8,0.0,0.0,4,0.0,0,True,1746968471.6744738,left,False
1896,1746968473.7971303,168.092,1.85055,-2.05306,-0.73422,-0.029536,6404.57,4,38.966,1385.56,1410.53,49.5668,1,2,0.8,0.0,0.0,4,0.0,0,True,1746968471.6744738,left,False
1897,1746968473.8173196,168.154,1.97921,-1.97842,-0.731718,-0.0278082,6405.09,4,38.986,1386.48,1411.45,49.5666,1,2,0.8,0.0,0.0,4,0.0,0,True,1746968471.6744738,left,False
1898,1746968473.8393734,168.215,2.07746,-1.91223,-0.729277,-0.0262105,6407.82,4,39.006,1387.4,1412.37,49.5663,1,2,0.8,0.0,0.0,4,0.0,0,True,1746968471.6744738,left,False
1899,1746968473.8573902,168.276,2.14892,-1.83466,-0.726912,-0.0247307,6409.49,4,39.026,1388.32,1413.29,49.5661,1,2,0.8,0.0,0.0,4,0.0,0,True,1746968471.6744738,left,False
1900,1746968473.8797352,168.337,2.19748,-1.75804,-0.724622,-0.0233552,6410.89,4,39.046,1389.25,1414.21,49.5659,1,2,0.8,0.0,0.0,4,0.0,0,True,1746968471.6744738,left,False
1901,1746968473.8985338,168.398,2.22788,-1.68058,-0.722376,-0.0220692,6412.16,4,39.066,1390.17,1415.13,49.5657,1,2,0.8,0.0,0.0,4,0.0,0,True,1746968471.6744738,left,False
1902,1746968473.9190006,168.458,2.24484,-1.60733,-0.720195,-0.0208604,6415.14,4,39.086,1391.09,1416.05,49.5654,1,2,0.8,0.0,0.0,4,0.0,0,True,1746968471.6744738,left,False
1903,1746968473.9386737,168.518,2.24964,-1.53642,-0.718095,-0.0197155,6417.56,4,39.106,1392.01,1416.97,49.5652,1,2,0.8,0.0,0.0,4,0.0,0,True,1746968471.6744738,left,False
1904,1746968473.9563618,168.578,2.24478,-1.4608,-0.716064,-0.0186231,6418.89,4,39.126,1392.93,1417.9,49.565,1,2,0.8,0.0,0.0,4,0.0,0,True,1746968471.6744738,left,False
1905,1746968473.978357,168.638,2.2336,-1.39071,-0.714115,-0.0175731,6421.06,4,39.146,1393.85,1418.82,49.5647,1,2,0.8,0.0,0.0,4,0.0,0,True,1746968471.6744738,left,False
1906,1746968473.9961295,168.697,2.21882,-1.3249,-0.71224,-0.0165594,6423.91,4,39.166,1394.78,1419.74,49.5645,1,2,0.8,0.0,0.0,4,0.0,0,True,1746968471.6744738,left,False
1907,1746968474.0178678,168.757,2.19924,-1.26186,-0.710413,-0.0155799,6426.57,4,39.186,1395.7,1420.67,49.5643,1,2,0.8,0.0,0.0,4,0.0,0,True,1746968471.6744738,left,False
1908,1746968474.0385284,168.815,2.17843,-1.21471,-0.708651,-0.014627,6430.14,4,39.206,1396.63,1421.59,49.564,1,2,0.8,0.0,0.0,4,0.0,0,True,1746968471.6744738,left,False
1909,1746968474.0583637,168.875,2.15558,-1.16703,-0.706962,-0.0136957,6431.4,4,39.226,1397.55,1422.51,49.5638,1,2,0.8,0.0,0.0,4,0.0,0,True,1746968471.6744738,left,False
1910,1746968474.0808325,168.934,2.132,-1.11431,-0.705355,-0.0127764,6433.57,4,39.246,1398.47,1423.44,49.5636,1,2,0.8,0.0,0.0,4,0.0,0,True,1746968471.6744738,left,False
1911,1746968474.0988412,168.992,2.10761,-1.06387,-0.703792,-0.0118706,6435.78,4,39.266,1399.4,1424.36,49.5634,1,2,0.8,0.0,0.0,4,0.0,0,True,1746968471.6744738,left,False
1912,1746968474.1173847,169.05,2.0823,-1.00832,-0.702299,-0.0109773,6438.17,4,39.286,1400.32,1425.29,49.5631,1,2,0.8,0.0,0.0,4,0.0,0,True,1746968471.6744738,left,False
1913,1746968474.1405149,169.108,2.05778,-0.95998,-0.700879,-0.0100954,6440.96,4,39.306,1401.25,1426.22,49.5629,1,2,0.8,0.0,0.0,4,0.0,0,True,1746968471.6744738,left,False
1914,1746968474.1566627,169.166,2.03365,-0.910449,-0.699524,-0.00922179,6442.88,4,39.326,1402.18,1427.14,49.5627,1,2,0.8,0.0,0.0,4,0.0,0,True,1746968471.6744738,left,False
1915,1746968474.1810002,169.224,2.01181,-0.874726,-0.698218,-0.00834918,6444.93,4,39.346,1403.1,1428.07,49.5624,1,2,0.8,0.0,0.0,5,0.0,0,False,1746968474.1619613,left,False
1916,1746968474.196296,169.282,1.99053,-0.825636,-0.696989,-0.00747967,6446.48,4,39.366,1404.03,1429,49.5622,1,2,0.8,0.0,0.0,5,0.0,0,False,1746968474.1619613,left,False
1917,1746968474.2171805,169.304,1.97064,-0.79138,-0.695809,-0.00661206,5164.92,5,39.386,1404.96,1429.92,49.5622,1,2,0.8,0.0,0.0,5,0.0,0,False,1746968474.1619613,left,False
1918,1746968474.237776,169.275,1.95179,-0.750369,-0.694698,-0.0057447,5165.5,5,39.406,1405.88,1430.85,49.5622,1,2,0.8,0.0,0.0,5,0.0,0,False,1746968474.1619613,left,False
1919,1746968474.2586334,169.235,1.93524,-0.714708,-0.693648,-0.00486875,5166.07,5,39.426,1406.81,1431.78,49.5622,1,2,0.8,0.0,0.0,5,0.0,0,False,1746968474.1619613,left,False
1920,1746968474.2793648,169.194,1.92197,-0.674687,-0.692655,-0.00397897,5166.64,5,39.446,1407.74,1432.7,49.5622,1,2,0.8,0.0,0.0,5,0.0,0,False,1746968474.1619613,left,False
1921,1746968474.297537,169.152,1.91231,-0.629994,-0.691724,-0.00307131,5167.22,5,39.466,1408.67,1433.63,49.5622,1,2,0.8,0.0,0.0,5,0.0,0,False,1746968474.1619613,left,False
1922,1746968474.3160913,169.109,1.90679,-0.587497,-0.690857,-0.00214362,5167.78,5,39.486,1409.59,1434.56,49.5622,1,2,0.8,0.0,0.0,5,0.0,0,False,1746968474.1619613,left,False
1923,1746968474.3384688,169.067,1.90557,-0.555496,-0.690047,-0.00119257,5168.35,5,39.506,1410.52,1435.48,49.5622,1,2,0.8,0.0,0.0,5,0.0,0,False,1746968474.1619613,left,False
1924,1746968474.3576167,169.024,1.90723,-0.506493,-0.689303,-0.000220537,5168.92,5,39.526,1411.44,1436.41,49.5622,1,2,0.8,0.0,0.0,5,0.0,0,False,1746968474.1619613,left,False
1925,1746968474.377084,168.982,1.91323,-0.472205,-0.688603,0.000773668,5169.49,5,39.546,1412.37,1437.33,49.5622,1,2,0.8,0.0,0.0,5,0.0,0,False,1746968474.1619613,left,False
1926,1746968474.3974752,168.939,1.92171,-0.430133,-0.68798,0.00178885,5170.05,5,39.566,1413.29,1438.26,49.5622,1,2,0.8,0.0,0.0,5,0.0,0,False,1746968474.1619613,left,False
1927,1746968474.4177942,168.895,1.93282,-0.384605,-0.687402,0.00282335,5170.61,5,39.586,1414.22,1439.19,49.5622,1,2,0.8,0.0,0.0,5,0.0,0,False,1746968474.1619613,left,False
1928,1746968474.4386437,168.852,1.94612,-0.343,-0.686906,0.00387597,5171.17,5,39.606,1415.15,1440.11,49.5622,1,2,0.8,0.0,0.0,5,0.0,0,False,1746968474.1619613,left,False
1929,1746968474.458718,168.808,1.96113,-0.301293,-0.68645,0.00494385,5171.73,5,39.626,1416.07,1441.04,49.5622,1,2,0.8,0.0,0.0,5,0.0,0,False,1746968474.1619613,left,False
1930,1746968474.4799147,168.764,1.97709,-0.255645,-0.686068,0.00602555,5172.3,5,39.646,1416.99,1441.96,49.5622,1,2,0.8,0.0,0.0,5,0.0,0,False,1746968474.1619613,left,False
1931,1746968474.4960966,168.72,1.99386,-0.217432,-0.685742,0.00711775,5172.85,5,39.666,1417.92,1442.88,49.5622,1,2,0.8,0.0,0.0,5,0.0,0,False,1746968474.1619613,left,False
1932,1746968474.517053,168.718,2.01101,-0.172363,-0.685486,0.008219,5130.9,5,39.686,1418.84,1443.81,49.562,1,2,0.8,0.0,0.0,5,0.0,0,False,1746968474.1619613,left,False
1933,1746968474.5413601,168.76,2.02767,-0.125258,-0.685282,0.0093224,5143.71,5,39.706,1419.77,1444.73,49.5617,1,2,0.8,0.0,0.0,5,0.0,0,False,1746968474.1619613,left,False
1934,1746968474.5576897,168.808,2.04326,-0.0773186,-0.685136,0.0104237,5148,5,39.726,1420.69,1445.66,49.5615,1,2,0.8,0.0,0.0,5,0.0,0,False,1746968474.1619613,left,False
1935,1746968474.5766003,168.859,2.05569,-0.0292649,-0.685071,0.011517,5149.14,5,39.746,1421.62,1446.58,49.5613,1,2,0.8,0.0,0.0,5,0.0,0,False,1746968474.1619613,left,False
1936,1746968474.5962272,168.908,2.0662,0.0139001,-0.685063,0.0125964,5153.12,5,39.766,1422.54,1447.51,49.5611,1,2,0.8,0.0,0.0,5,0.0,0,False,1746968474.1619613,left,False
1937,1746968474.618228,168.957,2.07157,0.0556933,-0.685111,0.0136476,5155.81,5,39.786,1423.47,1448.43,49.5608,1,2,0.8,0.0,0.0,5,0.0,0,False,1746968474.1619613,left,False
1938,1746968474.6381314,169.008,2.07093,0.105692,-0.685234,0.0146723,5156.84,5,39.806,1424.39,1449.36,49.5606,1,2,0.8,0.0,0.0,5,0.0,0,False,1746968474.1619613,left,False
1939,1746968474.6572664,169.058,2.06604,0.153247,-0.685425,0.0156674,5158.59,5,39.826,1425.32,1450.29,49.5604,1,2,0.8,0.0,0.0,5,0.0,0,False,1746968474.1619613,left,False
1940,1746968474.6759536,169.107,2.05875,0.193538,-0.685665,0.0166383,5160.4,5,39.846,1426.25,1451.21,49.5601,1,2,0.8,0.0,0.0,5,0.0,0,False,1746968474.1619613,left,False
1941,1746968474.6974888,169.157,2.04698,0.236732,-0.685986,0.0175862,5162.17,5,39.866,1427.17,1452.14,49.5599,1,2,0.8,0.0,0.0,5,0.0,0,False,1746968474.1619613,left,False
1942,1746968474.716144,169.205,2.03336,0.274526,-0.686361,0.0185106,5165.28,5,39.886,1428.1,1453.07,49.5597,1,2,0.8,0.0,0.0,5,0.0,0,False,1746968474.1619613,left,False
1943,1746968474.738492,169.254,2.01625,0.323287,-0.6868,0.0194137,5166.29,5,39.906,1429.03,1453.99,49.5594,1,2,0.8,0.0,0.0,5,0.0,0,False,1746968474.1619613,left,False
1944,1746968474.7564063,169.304,1.99668,0.365397,-0.687313,0.0202973,5168.04,5,39.926,1429.95,1454.92,49.5592,1,2,0.8,0.0,0.0,5,0.0,0,False,1746968474.1619613,left,False
1945,1746968474.7775586,169.353,1.97605,0.412532,-0.687874,0.0211654,5168.86,5,39.946,1430.88,1455.85,49.559,1,2,0.8,0.0,0.0,5,0.0,0,False,1746968474.1619613,left,False
1946,1746968474.7971053,169.402,1.95433,0.461276,-0.688501,0.0220194,5170.22,5,39.966,1431.81,1456.78,49.5588,1,2,0.8,0.0,0.0,5,0.0,0,False,1746968474.1619613,left,False
1947,1746968474.8202336,169.451,1.93206,0.505216,-0.689197,0.0228622,5171.44,5,39.986,1432.74,1457.7,49.5585,1,2,0.8,0.0,0.0,5,0.0,0,False,1746968474.1619613,left,False
1948,1746968474.8367405,169.499,1.91082,0.54692,-0.689941,0.0236986,5173.42,5,40.006,1433.67,1458.63,49.5583,1,2,0.8,0.0,0.0,5,0.0,0,False,1746968474.1619613,left,False
1949,1746968474.8571422,169.548,1.88933,0.597565,-0.690763,0.0245302,5174.34,5,40.026,1434.6,1459.56,49.5581,1,2,0.8,0.0,0.0,5,0.0,0,False,1746968474.1619613,left,False
1950,1746968474.878016,169.596,1.8695,0.644399,-0.691626,0.0253587,5175.56,5,40.046,1435.52,1460.49,49.5578,1,2,0.8,0.0,0.0,5,0.0,0,False,1746968474.1619613,left,False
1951,1746968474.9005623,169.645,1.84968,0.689685,-0.692566,0.0261872,5176.14,5,40.066,1436.45,1461.42,49.5576,1,2,0.8,0.0,0.0,5,0.0,0,False,1746968474.1619613,left,False
1952,1746968474.9172854,169.692,1.8331,0.732088,-0.693551,0.0270176,5178.76,5,40.086,1437.38,1462.35,49.5574,1,2,0.8,0.0,0.0,5,0.0,0,False,1746968474.1619613,left,False
1953,1746968474.9383905,169.74,1.81697,0.779799,-0.694609,0.0278497,5179.58,5,40.106,1438.31,1463.28,49.5572,1,2,0.8,0.0,0.0,5,0.0,0,False,1746968474.1619613,left,False
1954,1746968474.9566338,169.787,1.8032,0.820798,-0.695711,0.028688,5181.36,5,40.126,1439.24,1464.21,49.5569,1,2,0.8,0.0,0.0,5,0.0,0,False,1746968474.1619613,left,False
1955,1746968474.976293,169.835,1.79043,0.869159,-0.696887,0.0295284,5182.35,5,40.146,1440.17,1465.14,49.5567,1,2,0.8,0.0,0.0,5,0.0,0,False,1746968474.1619613,left,False
1956,1746968474.9970458,169.882,1.77926,0.911861,-0.6981,0.0303726,5183.89,5,40.166,1441.1,1466.07,49.5565,1,2,0.8,0.0,0.0,5,0.0,0,False,1746968474.1619613,left,False
1957,1746968475.016689,169.928,1.76951,0.954883,-0.69939,0.03122,5185.22,5,40.186,1442.03,1467,49.5562,1,2,0.8,0.0,0.0,5,0.0,0,False,1746968474.1619613,left,False
1958,1746968475.0390615,169.976,1.76151,0.997515,-0.70072,0.0320756,5185.9,5,40.206,1442.96,1467.93,49.556,1,2,0.8,0.0,0.0,5,0.0,0,False,1746968474.1619613,left,False
1959,1746968475.0570774,170.022,1.75504,1.04722,-0.702124,0.0329397,5187.07,5,40.226,1443.89,1468.86,49.5558,1,2,0.8,0.0,0.0,5,0.0,0,False,1746968474.1619613,left,False
1960,1746968475.0783296,170.068,1.75117,1.08465,-0.703573,0.0338089,5188.95,5,40.246,1444.82,1469.79,49.5556,1,2,0.8,0.0,0.0,5,0.0,0,False,1746968474.1619613,left,False
1961,1746968475.097051,170.114,1.74841,1.12138,-0.705086,0.0346856,5191.02,5,40.266,1445.76,1470.72,49.5553,1,2,0.8,0.0,0.0,5,0.0,0,False,1746968474.1619613,left,False
1962,1746968475.116713,170.16,1.74601,1.16352,-0.706657,0.0355656,5192.04,5,40.286,1446.69,1471.65,49.5551,1,2,0.8,0.0,0.0,5,0.0,0,False,1746968474.1619613,left,False
1963,1746968475.1375854,170.205,1.74494,1.20514,-0.70828,0.0364518,5193.78,5,40.306,1447.62,1472.58,49.5549,1,2,0.8,0.0,0.0,5,0.0,0,False,1746968474.1619613,left,False
1964,1746968475.1575217,170.251,1.74446,1.24676,-0.709969,0.0373394,5194.74,5,40.326,1448.55,1473.52,49.5546,1,2,0.8,0.0,0.0,5,0.0,0,False,1746968474.1619613,left,False
1965,1746968475.1772301,170.296,1.74465,1.28653,-0.711698,0.0382326,5196.14,5,40.346,1449.48,1474.45,49.5544,1,2,0.8,0.0,0.0,5,0.0,0,False,1746968474.1619613,left,False
1966,1746968475.197228,170.341,1.74511,1.32577,-0.713497,0.0391262,5197.82,5,40.366,1450.41,1475.38,49.5542,1,2,0.8,0.0,0.0,5,0.0,0,False,1746968474.1619613,left,False
1967,1746968475.2185194,170.386,1.74539,1.36836,-0.71534,0.0400221,5198.5,5,40.386,1451.35,1476.31,49.554,1,2,0.8,0.0,0.0,5,0.0,0,False,1746968474.1619613,left,False
1968,1746968475.2386935,170.43,1.74679,1.40413,-0.717253,0.0409217,5200.55,5,40.406,1452.28,1477.24,49.5537,1,2,0.8,0.0,0.0,5,0.0,0,False,1746968474.1619613,left,False
1969,1746968475.2566113,170.475,1.74771,1.44506,-0.719218,0.0418205,5202.22,5,40.426,1453.21,1478.18,49.5535,1,2,0.8,0.0,0.0,5,0.0,0,False,1746968474.1619613,left,False
1970,1746968475.276545,170.519,1.74899,1.48003,-0.72124,0.0427201,5203.62,5,40.446,1454.15,1479.11,49.5533,1,2,0.8,0.0,0.0,5,0.0,0,False,1746968474.1619613,left,False
1971,1746968475.2978995,170.563,1.74994,1.52575,-0.723328,0.0436223,5204.28,5,40.466,1455.08,1480.04,49.553,1,2,0.8,0.0,0.0,5,0.0,0,False,1746968474.1619613,left,False
1972,1746968475.317339,170.607,1.75057,1.56512,-0.725456,0.0445232,5205.89,5,40.486,1456.01,1480.98,49.5528,1,2,0.8,0.0,0.0,5,0.0,0,False,1746968474.1619613,left,False
1973,1746968475.3371427,170.651,1.75209,1.6039,-0.727661,0.0454254,5207.73,5,40.506,1456.95,1481.91,49.5526,1,2,0.8,0.0,0.0,5,0.0,0,False,1746968474.1619613,left,False
1974,1746968475.3580341,170.694,1.75311,1.6468,-0.729903,0.0463274,5208.91,5,40.526,1457.88,1482.84,49.5524,1,2,0.8,0.0,0.0,5,0.0,0,False,1746968474.1619613,left,False
1975,1746968475.3762393,170.738,1.75324,1.68692,-0.732218,0.0472281,5209.41,5,40.546,1458.81,1483.78,49.5521,1,2,0.8,0.0,0.0,5,0.0,0,False,1746968474.1619613,left,False
1976,1746968475.3962617,170.781,1.75398,1.72874,-0.734583,0.048131,5211.08,5,40.566,1459.75,1484.71,49.5519,1,2,0.8,0.0,0.0,5,0.0,0,False,1746968474.1619613,left,False
1977,1746968475.417456,170.824,1.75528,1.76543,-0.737008,0.0490336,5213.12,5,40.586,1460.68,1485.65,49.5517,1,2,0.8,0.0,0.0,5,0.0,0,False,1746968474.1619613,left,False
1978,1746968475.4387627,170.867,1.75517,1.81129,-0.73949,0.0499349,5213.22,5,40.606,1461.62,1486.58,49.5514,1,2,0.8,0.0,0.0,5,0.0,0,False,1746968474.1619613,left,False
1979,1746968475.4569902,170.909,1.75553,1.85498,-0.742029,0.0508373,5215.2,5,40.626,1462.55,1487.51,49.5512,1,2,0.8,0.0,0.0,5,0.0,0,False,1746968474.1619613,left,False
1980,1746968475.4797235,170.951,1.75547,1.89519,-0.744633,0.051738,5216.82,5,40.646,1463.48,1488.45,49.551,1,2,0.8,0.0,0.0,5,0.0,0,False,1746968474.1619613,left,False
1981,1746968475.5000193,170.994,1.75577,1.93911,-0.747278,0.05264,5217.17,5,40.666,1464.42,1489.38,49.5508,1,2,0.8,0.0,0.0,5,0.0,0,False,1746968474.1619613,left,False
1982,1746968475.517058,171.036,1.75597,1.97896,-0.75,0.0535419,5218.6,5,40.686,1465.35,1490.32,49.5505,1,2,0.8,0.0,0.0,5,0.0,0,False,1746968474.1619613,left,False
1983,1746968475.5388103,171.077,1.75642,2.02059,-0.752763,0.0544448,5220.82,5,40.706,1466.29,1491.25,49.5503,1,2,0.8,0.0,0.0,5,0.0,0,False,1746968474.1619613,left,False
1984,1746968475.5574133,171.119,1.75652,2.06277,-0.755595,0.0553474,5221.53,5,40.726,1467.22,1492.19,49.5501,1,2,0.8,0.0,0.0,5,0.0,0,False,1746968474.1619613,left,False
1985,1746968475.5783823,171.161,1.75644,2.10358,-0.75848,0.0562487,5223.07,5,40.746,1468.16,1493.12,49.5498,1,2,0.8,0.0,0.0,5,0.0,0,False,1746968474.1619613,left,False
1986,1746968475.5977662,171.202,1.75635,2.1504,-0.761426,0.0571525,5224.14,5,40.766,1469.09,1494.06,49.5496,1,2,0.8,0.0,0.0,5,0.0,0,False,1746968474.1619613,left,False
1987,1746968475.6173127,171.243,1.75653,2.19428,-0.764433,0.0580568,5224.74,5,40.786,1470.03,1495,49.5494,1,2,0.8,0.0,0.0,5,0.0,0,False,1746968474.1619613,left,False
1988,1746968475.6375794,171.284,1.75744,2.23158,-0.767489,0.0589626,5226.22,5,40.806,1470.97,1495.93,49.5491,1,2,0.8,0.0,0.0,5,0.0,0,False,1746968474.1619613,left,False
1989,1746968475.6578414,171.324,1.75799,2.27328,-0.770614,0.0598679,5228.15,5,40.826,1471.9,1496.87,49.5489,1,2,0.8,0.0,0.0,5,0.0,0,False,1746968474.1619613,left,False
1990,1746968475.6792781,171.365,1.75821,2.31868,-0.773783,0.0607741,5228.52,5,40.846,1472.84,1497.8,49.5487,1,2,0.8,0.0,0.0,5,0.0,0,False,1746968474.1619613,left,False
1991,1746968475.6969392,171.406,1.75866,2.3589,-0.777022,0.061681,5229.88,5,40.866,1473.77,1498.74,49.5485,1,2,0.8,0.0,0.0,5,0.0,0,False,1746968474.1619613,right,False
1992,1746968475.7161448,171.445,1.75953,2.40065,-0.780314,0.0625873,5231.83,5,40.886,1474.71,1499.67,49.5482,1,2,0.8,0.0,0.0,5,0.0,0,False,1746968474.1619613,right,False
1993,1746968475.7372644,171.485,1.75979,2.44505,-0.783663,0.0634954,5232.92,5,40.906,1475.65,1500.61,49.548,1,2,0.8,0.0,0.0,5,0.0,0,False,1746968474.1619613,right,False
1994,1746968475.7573795,171.526,1.76043,2.48453,-0.787077,0.0644028,5232.95,5,40.926,1476.58,1501.55,49.5478,1,2,0.8,0.0,0.0,5,0.0,0,False,1746968474.1619613,right,False
1995,1746968475.7773988,171.565,1.76127,2.52948,-0.79054,0.0653138,5234.38,5,40.946,1477.52,1502.48,49.5475,1,2,0.8,0.0,0.0,5,0.0,0,False,1746968474.1619613,right,False
1996,1746968475.7975857,171.605,1.76181,2.57448,-0.794071,0.0662265,5235.52,5,40.966,1478.46,1503.42,49.5473,1,2,0.8,0.0,0.0,5,0.0,0,False,1746968474.1619613,right,False
1997,1746968475.8171883,171.644,1.7628,2.61756,-0.797652,0.0671382,5236.76,5,40.986,1479.39,1504.36,49.5471,1,2,0.8,0.0,0.0,5,0.0,0,False,1746968474.1619613,right,False
1998,1746968475.8419096,171.683,1.76372,2.66048,-0.801302,0.0680511,5237.75,5,41.006,1480.33,1505.29,49.5469,1,2,0.8,0.0,0.0,5,0.0,0,False,1746968474.1619613,right,False
1999,1746968475.857339,171.722,1.76471,2.70578,-0.804997,0.068965,5238.65,5,41.026,1481.27,1506.23,49.5466,1,2,0.8,0.0,0.0,5,0.0,0,False,1746968474.1619613,right,False
2000,1746968475.8791654,171.759,1.76645,2.7406,-0.808761,0.0698783,5240.9,5,41.046,1482.2,1507.17,49.5464,1,2,0.8,0.0,0.0,5,0.0,0,False,1746968474.1619613,right,False
2001,1746968475.8976562,171.799,1.76651,2.78699,-0.812581,0.070791,5241.35,5,41.066,1483.14,1508.1,49.5462,1,2,0.8,0.0,0.0,5,0.0,0,False,1746968474.1619613,right,False
2002,1746968475.916166,171.836,1.76807,2.82505,-0.816455,0.0717053,5243.76,5,41.086,1484.08,1509.04,49.5459,1,2,0.8,0.0,0.0,5,0.0,0,False,1746968474.1619613,right,False
2003,1746968475.9407008,171.874,1.76799,2.86924,-0.820398,0.0726156,5244.07,5,41.106,1485.01,1509.98,49.5457,1,2,0.8,0.0,0.0,5,0.0,0,False,1746968474.1619613,right,False
2004,1746968475.956522,171.912,1.7689,2.91093,-0.82439,0.0735288,5245.69,5,41.126,1485.95,1510.92,49.5455,1,2,0.8,0.0,0.0,5,0.0,0,False,1746968474.1619613,right,False
2005,1746968475.9759953,171.95,1.76924,2.95464,-0.828455,0.0744421,5246.3,5,41.146,1486.89,1511.85,49.5453,1,2,0.8,0.0,0.0,5,0.0,0,False,1746968474.1619613,right,False
2006,1746968475.9984841,171.987,1.76964,2.99841,-0.83256,0.0753551,5247.21,5,41.166,1487.83,1512.79,49.545,1,2,0.8,0.0,0.0,5,0.0,0,False,1746968474.1619613,right,False
2007,1746968476.0166712,172.024,1.76987,3.04034,-0.836735,0.0762658,5249.46,5,41.186,1488.76,1513.73,49.5448,1,2,0.8,0.0,0.0,5,0.0,0,False,1746968474.1619613,right,False
2008,1746968476.036129,172.062,1.77019,3.07633,-0.840963,0.0771763,5250.47,5,41.206,1489.7,1514.67,49.5446,1,2,0.8,0.0,0.0,5,0.0,0,False,1746968474.1619613,right,False
2009,1746968476.0610466,172.099,1.76945,3.1264,-0.845256,0.0780878,5250.67,5,41.226,1490.64,1515.6,49.5443,1,2,0.8,0.0,0.0,5,0.0,0,False,1746968474.1619613,right,False
2010,1746968476.07626,172.135,1.77029,3.16793,-0.849605,0.0789995,5252.23,5,41.246,1491.58,1516.54,49.5441,1,2,0.8,0.0,0.0,5,0.0,0,False,1746968474.1619613,right,False
2011,1746968476.0985754,172.172,1.77095,3.20684,-0.854012,0.0799134,5253.68,5,41.266,1492.51,1517.48,49.5439,1,2,0.8,0.0,0.0,5,0.0,0,False,1746968474.1619613,right,False
2012,1746968476.1165037,172.208,1.77061,3.25083,-0.858488,0.0808232,5254.46,5,41.286,1493.45,1518.42,49.5437,1,2,0.8,0.0,0.0,5,0.0,0,False,1746968474.1619613,right,False
2013,1746968476.1385965,172.244,1.77147,3.28983,-0.863005,0.0817356,5256.52,5,41.306,1494.39,1519.35,49.5434,1,2,0.8,0.0,0.0,5,0.0,0,False,1746968474.1619613,right,False
2014,1746968476.1576657,172.28,1.77069,3.33472,-0.867594,0.0826454,5256.45,5,41.326,1495.33,1520.29,49.5432,1,2,0.8,0.0,0.1,5,0.0,0,False,1746968474.1619613,right,False
2015,1746968476.1791203,172.317,1.77011,3.37859,-0.872233,0.0835545,5257.38,5,41.346,1496.27,1521.23,49.543,1,2,0.8,0.0,0.1,5,0.0,0,False,1746968474.1619613,right,False
2016,1746968476.198426,172.34,1.9292,3.41397,-0.876896,0.0837426,5260.69,5,41.366,1497.2,1522.17,49.5427,1,2,0.8,0.0,0.1,5,0.0,0,True,1746968474.1619613,right,False
2017,1746968476.2192852,172.361,1.82972,3.43684,-0.881498,0.0819495,5264.81,5,41.386,1498.14,1523.11,49.5425,1,2,0.8,0.0,0.1,5,0.0,0,True,1746968474.1619613,right,False
2018,1746968476.236297,172.386,1.43005,3.43895,-0.886035,0.0783935,5269.81,5,41.406,1499.08,1524.04,49.5423,1,2,0.8,0.0,0.1,5,0.0,0,True,1746968474.1619613,right,False
2019,1746968476.2562413,172.411,0.792629,3.42526,-0.890499,0.0733273,5274.81,5,41.426,1500.02,1524.98,49.5421,1,2,0.8,0.0,0.1,5,0.0,0,True,1746968474.1619613,right,False
2020,1746968476.2792416,172.432,-0.0295816,3.39013,-0.894873,0.0670116,5281.85,5,41.446,1500.96,1525.92,49.5418,1,2,0.8,0.0,0.1,5,0.0,0,True,1746968474.1619613,right,False
2021,1746968476.2960927,172.446,-0.984547,3.33788,-0.899154,0.0597029,5289.23,5,41.466,1501.89,1526.86,49.5416,1,2,0.8,0.0,0.1,5,0.0,0,True,1746968474.1619613,right,False
2022,1746968476.3180103,172.451,-2.02899,3.262,-0.903308,0.0516357,5297.48,5,41.486,1502.83,1527.8,49.5414,1,2,0.8,0.0,0.1,5,0.0,0,True,1746968474.1619613,right,False
2023,1746968476.3383043,172.445,-3.12484,3.17374,-0.90734,0.0430381,5307.72,5,41.506,1503.77,1528.74,49.5411,1,2,0.8,0.0,0.1,5,0.0,0,True,1746968474.1619613,right,False
2024,1746968476.3580868,172.426,-4.24588,3.0634,-0.911222,0.0340791,5319.56,5,41.526,1504.71,1529.68,49.5409,1,2,0.8,0.0,0.1,5,0.0,0,True,1746968474.1619613,right,False
2025,1746968476.3795857,172.394,-5.37011,2.93811,-0.914937,0.0249076,5334.07,5,41.546,1505.65,1530.61,49.5407,1,2,0.8,0.0,0.1,5,0.0,0,True,1746968474.1619613,right,False
2026,1746968476.3975315,172.352,-6.47443,2.80493,-0.918481,0.0156304,5347.13,5,41.566,1506.59,1531.55,49.5405,1,2,0.8,0.0,0.1,5,0.0,0,True,1746968474.1619613,right,False
2027,1746968476.4164987,172.295,-7.56851,2.64626,-0.92183,0.00632637,5365.57,5,41.586,1507.53,1532.49,49.5402,1,2,0.8,0.0,0.1,5,0.0,0,True,1746968474.1619613,right,False
2028,1746968476.4382885,172.231,-8.6233,2.49286,-0.924988,-0.00296384,5381.48,5,41.606,1508.47,1533.43,49.54,1,2,0.8,0.0,0.1,5,0.0,0,True,1746968474.1619613,right,False
2029,1746968476.4576292,172.158,-9.65403,2.32209,-0.927946,-0.0122278,5394.85,5,41.626,1509.41,1534.37,49.5398,1,2,0.8,0.0,0.1,5,0.0,0,True,1746968474.1619613,right,False
2030,1746968476.4775238,172.24,-5.16582,2.13959,-0.9304,-0.0214408,5406.49,5,41.646,1510.34,1535.31,49.5395,1,2,0.8,0.0,0.1,5,0.0,0,True,1746968474.1619613,right,False
2031,1746968476.4966667,172.367,-0.643799,1.63698,-0.928406,-0.030351,5493.54,5,41.666,1511.28,1536.25,49.5393,1,2,0.8,0.0,0.1,5,0.0,0,True,1746968474.1619613,right,False
2032,1746968476.5175836,172.327,-2.15795,1.05756,-0.926754,-0.0395878,5587.75,5,41.686,1512.22,1537.19,49.5391,1,2,0.8,0.0,0.1,5,0.0,0,True,1746968474.1619613,right,False
2033,1746968476.5386443,172.272,-3.7558,0.426276,-0.925085,-0.0491732,5683.08,5,41.706,1513.16,1538.13,49.5388,1,2,0.8,0.0,0.1,5,0.0,0,True,1746968474.1619613,right,False
2034,1746968476.5575228,172.199,-5.40768,-0.219449,-0.923393,-0.0589955,5780.07,5,41.726,1514.1,1539.07,49.5386,1,2,0.8,0.0,0.1,5,0.0,0,True,1746968474.1619613,right,False
2035,1746968476.5766537,172.107,-7.08497,-0.864815,-0.921696,-0.06897,5877.97,5,41.746,1515.04,1540.01,49.5384,1,2,0.8,0.0,0.1,5,0.0,0,True,1746968474.1619613,right,False
2036,1746968476.5976088,172.007,-8.71673,-1.47196,-0.919967,-0.0789993,5960.81,5,41.766,1515.98,1540.94,49.5382,1,2,0.8,0.0,0.1,5,0.0,0,True,1746968474.1619613,right,False
2037,1746968476.6168623,171.898,-10.2729,-2.02453,-0.918193,-0.0890315,6030.45,5,41.786,1516.92,1541.88,49.5379,1,2,0.8,0.0,0.0,5,0.0,0,True,1746968474.1619613,left,False
2038,1746968476.636564,171.784,-11.6647,-2.44606,-0.916337,-0.0987571,6098.27,5,41.806,1517.86,1542.82,49.5377,1,2,0.8,0.0,0.0,5,0.0,0,True,1746968474.1619613,left,False
2039,1746968476.657797,171.783,-12.8028,-2.73262,-0.914351,-0.107511,6017.18,5,41.826,1518.79,1543.76,49.5375,1,2,0.8,0.0,0.0,5,0.0,0,True,1746968474.1619613,left,False
2040,1746968476.6765609,171.96,-13.6441,-2.90762,-0.912187,-0.115082,5740.36,5,41.846,1519.73,1544.7,49.5372,1,2,0.8,0.0,0.0,5,0.0,0,True,1746968474.1619613,left,False
2041,1746968476.6972601,172.126,-14.2253,-3.01983,-0.909827,-0.121708,5491.54,5,41.866,1520.67,1545.64,49.537,1,2,0.8,0.0,0.0,5,0.0,0,True,1746968474.1619613,left,False
2042,1746968476.7171557,172.205,-14.6187,-3.0918,-0.907227,-0.127732,5358.76,5,41.886,1521.62,1546.58,49.5368,1,2,0.8,0.0,0.0,5,0.0,0,True,1746968474.1619613,left,False
2043,1746968476.7370827,172.219,-14.8896,-3.13402,-0.90437,-0.133332,5310.64,5,41.906,1522.56,1547.52,49.5366,1,2,0.8,0.0,0.0,5,0.0,0,True,1746968474.1619613,left,False
2044,1746968476.7588105,172.207,-15.0724,-3.17053,-0.901253,-0.13849,5301,5,41.926,1523.5,1548.46,49.5363,1,2,0.8,0.0,0.0,5,0.0,0,True,1746968474.1619613,left,False
2045,1746968476.77681,172.191,-15.1694,-3.20516,-0.897864,-0.143182,5306.12,5,41.946,1524.44,1549.41,49.5361,1,2,0.8,0.0,0.0,5,0.0,0,True,1746968474.1619613,left,False
2046,1746968476.7969544,172.18,-15.1751,-3.22933,-0.894214,-0.147363,5313.31,5,41.966,1525.38,1550.35,49.5359,1,2,0.8,0.0,0.0,5,0.0,0,True,1746968474.1619613,left,False
2047,1746968476.8187404,172.173,-15.1075,-3.26927,-0.890295,-0.151022,5327.21,5,41.986,1526.32,1551.29,49.5356,1,2,0.8,0.0,0.0,5,0.0,0,True,1746968474.1619613,left,False
2048,1746968476.837595,172.172,-14.963,-3.31858,-0.886117,-0.154136,5344.51,5,42.006,1527.26,1552.23,49.5354,1,2,0.8,0.0,0.0,5,0.0,0,True,1746968474.1619613,left,False
2049,1746968476.8594913,172.18,-14.7447,-3.3841,-0.881685,-0.156704,5364.06,5,42.026,1528.21,1553.17,49.5352,1,2,0.8,0.0,0.0,5,0.0,0,True,1746968474.1619613,left,False
2050,1746968476.87836,172.194,-14.4615,-3.46416,-0.877014,-0.158753,5384.91,5,42.046,1529.15,1554.11,49.535,1,2,0.8,0.0,0.0,5,0.0,0,True,1746968474.1619613,left,False
2051,1746968476.8986802,172.217,-14.1114,-3.56097,-0.872107,-0.160277,5405.88,5,42.066,1530.09,1555.05,49.5347,1,2,0.8,0.0,0.0,5,0.0,0,True,1746968474.1619613,left,False
2052,1746968476.9177253,172.255,-13.6993,-3.66922,-0.86698,-0.161316,5419.21,5,42.086,1531.03,1555.99,49.5345,1,2,0.8,0.0,0.0,5,0.0,0,True,1746968474.1619613,left,False
2053,1746968476.9408512,172.303,-13.2389,-3.79771,-0.861633,-0.161918,5427.59,5,42.106,1531.97,1556.93,49.5343,1,2,0.8,0.0,0.0,5,0.0,0,True,1746968474.1619613,left,False
2054,1746968476.9568563,172.365,-12.7227,-3.92673,-0.856075,-0.16212,5424.46,5,42.126,1532.91,1557.87,49.534,1,2,0.8,0.0,0.0,5,0.0,0,True,1746968474.1619613,left,False
2055,1746968476.9791589,172.439,-12.1703,-4.07721,-0.850317,-0.161949,5416.23,5,42.146,1533.85,1558.81,49.5338,1,2,0.8,0.0,0.0,5,0.0,0,True,1746968474.1619613,left,False
2056,1746968476.9966338,172.52,-11.5732,-4.22763,-0.844364,-0.161425,5403.79,5,42.166,1534.79,1559.75,49.5336,1,2,0.8,0.0,0.0,5,0.0,0,True,1746968474.1619613,left,False
2057,1746968477.0164123,172.607,-10.943,-4.37981,-0.83822,-0.160573,5390.54,5,42.186,1535.73,1560.69,49.5334,1,2,0.8,0.0,0.0,5,0.0,0,True,1746968474.1619613,left,False
2058,1746968477.0375779,172.698,-10.2801,-4.53244,-0.831897,-0.159436,5373.96,5,42.206,1536.67,1561.63,49.5331,1,2,0.8,0.0,0.0,5,0.0,0,True,1746968474.1619613,left,False
2059,1746968477.057603,172.791,-9.60267,-4.68603,-0.825407,-0.158065,5358.57,5,42.226,1537.61,1562.57,49.5329,1,2,0.8,0.0,0.0,5,0.0,0,True,1746968474.1619613,left,False
2060,1746968477.0794818,172.884,-8.91283,-4.83796,-0.818754,-0.156499,5345.84,5,42.246,1538.55,1563.51,49.5327,1,2,0.8,0.0,0.0,5,0.0,0,True,1746968474.1619613,left,False
2061,1746968477.0961175,172.974,-8.21024,-4.98611,-0.811943,-0.154736,5338.42,5,42.266,1539.49,1564.45,49.5324,1,2,0.8,0.0,0.0,5,0.0,0,True,1746968474.1619613,left,False
2062,1746968477.117416,173.063,-7.50324,-5.11628,-0.804989,-0.152802,5331.49,5,42.286,1540.43,1565.39,49.5322,1,2,0.8,0.0,0.0,5,0.0,0,True,1746968474.1619613,left,False
2063,1746968477.1366575,173.15,-6.79976,-5.24721,-0.797896,-0.150724,5327.87,5,42.306,1541.37,1566.33,49.532,1,2,0.8,0.0,0.0,5,0.0,0,True,1746968474.1619613,left,False
2064,1746968477.157128,173.238,-6.10014,-5.36298,-0.790682,-0.148526,5323.32,5,42.326,1542.31,1567.28,49.5318,1,2,0.8,0.0,0.0,5,0.0,0,True,1746968474.1619613,left,False
2065,1746968477.178473,173.325,-5.4164,-5.46899,-0.783346,-0.146237,5319.26,5,42.346,1543.25,1568.22,49.5315,1,2,0.8,0.0,0.0,5,0.0,0,True,1746968474.1619613,left,False
2066,1746968477.197706,173.409,-4.75358,-5.5661,-0.775907,-0.143891,5318.04,5,42.366,1544.19,1569.16,49.5313,1,2,0.8,0.0,0.0,5,0.0,0,True,1746968474.1619613,left,False
2067,1746968477.2174244,173.492,-4.11504,-5.65509,-0.768384,-0.141504,5316.11,5,42.386,1545.14,1570.1,49.5311,1,2,0.8,0.0,0.0,5,0.0,0,True,1746968474.1619613,left,False
2068,1746968477.2368407,173.574,-3.50512,-5.72451,-0.760775,-0.139102,5315.01,5,42.406,1546.08,1571.04,49.5308,1,2,0.8,0.0,0.0,5,0.0,0,True,1746968474.1619613,left,False
2069,1746968477.2563143,173.654,-2.9282,-5.78806,-0.753097,-0.13671,5313.75,5,42.426,1547.02,1571.99,49.5306,1,2,0.8,0.0,0.0,5,0.0,0,True,1746968474.1619613,left,False
2070,1746968477.2774253,173.733,-2.38656,-5.83516,-0.745365,-0.134342,5313.06,5,42.446,1547.97,1572.93,49.5304,1,2,0.8,0.0,0.0,5,0.0,0,True,1746968474.1619613,left,False
2071,1746968477.2977839,173.811,-1.88157,-5.87341,-0.737585,-0.132012,5312.42,5,42.466,1548.91,1573.87,49.5302,1,2,0.8,0.0,0.0,5,0.0,0,True,1746968474.1619613,left,False
2072,1746968477.316322,173.887,-1.41467,-5.90085,-0.729777,-0.129733,5313.4,5,42.486,1549.85,1574.82,49.5299,1,2,0.8,0.0,0.0,5,0.0,0,True,1746968474.1619613,left,False
2073,1746968477.3374774,173.961,-0.986483,-5.91614,-0.72194,-0.127515,5314.37,5,42.506,1550.8,1575.76,49.5297,1,2,0.8,0.0,0.0,5,0.0,0,True,1746968474.1619613,left,False
2074,1746968477.3583057,174.035,-0.595668,-5.91706,-0.714099,-0.125365,5313.87,5,42.526,1551.74,1576.71,49.5295,1,2,0.8,0.0,0.0,5,0.0,0,True,1746968474.1619613,left,False
2075,1746968477.3802578,174.108,-0.242328,-5.91241,-0.706246,-0.123288,5314.87,5,42.546,1552.69,1577.66,49.5292,1,2,0.8,0.0,0.0,5,0.0,0,True,1746968474.1619613,left,False
2076,1746968477.3975492,174.18,0.0752514,-5.89939,-0.698401,-0.121288,5316.93,5,42.566,1553.64,1578.6,49.529,1,2,0.8,0.0,0.0,5,0.0,0,True,1746968474.1619613,left,False
2077,1746968477.4193673,174.251,0.358578,-5.87215,-0.690564,-0.119367,5317.67,5,42.586,1554.58,1579.55,49.5288,1,2,0.8,0.0,0.0,5,0.0,0,True,1746968474.1619613,left,False
2078,1746968477.4364705,174.321,0.609598,-5.85004,-0.682751,-0.117525,5320.22,5,42.606,1555.53,1580.5,49.5285,1,2,0.8,0.0,0.0,5,0.0,0,True,1746968474.1619613,left,False
2079,1746968477.456815,174.391,0.82995,-5.81355,-0.674972,-0.115763,5321.51,5,42.626,1556.48,1581.45,49.5283,1,2,0.8,0.0,0.0,5,0.0,0,True,1746968474.1619613,left,False
2080,1746968477.476469,174.461,1.02175,-5.77313,-0.667212,-0.114081,5323.23,5,42.646,1557.43,1582.39,49.5281,1,2,0.8,0.0,0.0,5,0.0,0,True,1746968474.1619613,left,False
2081,1746968477.4976797,174.53,1.18747,-5.72875,-0.659497,-0.112474,5324.73,5,42.666,1558.38,1583.34,49.5279,1,2,0.8,0.0,0.0,5,0.0,0,True,1746968474.1619613,left,False
2082,1746968477.519648,174.599,1.32894,-5.67266,-0.651819,-0.11094,5325.61,5,42.686,1559.33,1584.29,49.5276,1,2,0.8,0.0,0.0,5,0.0,0,True,1746968474.1619613,left,False
2083,1746968477.5392816,174.668,1.44978,-5.61448,-0.644194,-0.109471,5327.73,5,42.706,1560.28,1585.24,49.5274,1,2,0.8,0.0,0.0,5,0.0,0,True,1746968474.1619613,left,False
2084,1746968477.5583105,174.736,1.55142,-5.55834,-0.636613,-0.108064,5330.3,5,42.726,1561.23,1586.2,49.5272,1,2,0.8,0.0,0.0,5,0.0,0,True,1746968474.1619613,left,False
2085,1746968477.5790644,174.803,1.6373,-5.50576,-0.629089,-0.106713,5332.6,5,42.746,1562.18,1587.15,49.5269,1,2,0.8,0.0,0.0,5,0.0,0,True,1746968474.1619613,left,False
2086,1746968477.5966735,174.871,1.70809,-5.45841,-0.621611,-0.105416,5334.34,5,42.766,1563.14,1588.1,49.5267,1,2,0.8,0.0,0.0,5,0.0,0,True,1746968474.1619613,left,False
2087,1746968477.619138,174.939,1.7659,-5.39814,-0.614197,-0.104164,5336.11,5,42.786,1564.09,1589.05,49.5265,1,2,0.8,0.0,0.0,5,0.0,0,True,1746968474.1619613,left,False
2088,1746968477.638571,175.006,1.81261,-5.35222,-0.60684,-0.102958,5338.98,5,42.806,1565.04,1590.01,49.5263,1,2,0.8,0.0,0.0,5,0.0,0,True,1746968474.1619613,left,False
2089,1746968477.656431,175.073,1.84949,-5.29746,-0.59954,-0.101787,5340.48,5,42.826,1566,1590.96,49.526,1,2,0.8,0.0,0.0,5,0.0,0,True,1746968474.1619613,left,False
2090,1746968477.6779377,175.14,1.87827,-5.24392,-0.592297,-0.100652,5343.08,5,42.846,1566.95,1591.92,49.5258,1,2,0.8,0.0,0.0,5,0.0,0,True,1746968474.1619613,left,False
2091,1746968477.696557,175.207,1.89968,-5.19513,-0.585124,-0.0995472,5345.04,5,42.866,1567.91,1592.87,49.5256,1,2,0.8,0.0,0.0,5,0.0,0,True,1746968474.1619613,left,False
2092,1746968477.7172115,175.273,1.91537,-5.1436,-0.578003,-0.0984681,5347.11,5,42.886,1568.86,1593.83,49.5253,1,2,0.8,0.0,0.0,5,0.0,0,True,1746968474.1619613,left,False
2093,1746968477.7368648,175.34,1.9261,-5.09478,-0.570947,-0.0974115,5348.68,5,42.906,1569.82,1594.79,49.5251,1,2,0.8,0.0,0.0,5,0.0,0,True,1746968474.1619613,left,False
2094,1746968477.7575579,175.406,1.93261,-5.0407,-0.563957,-0.0963739,5350.35,5,42.926,1570.78,1595.74,49.5249,1,2,0.8,0.0,0.0,5,0.0,0,True,1746968474.1619613,left,False
2095,1746968477.7777677,175.472,1.93583,-4.99455,-0.557023,-0.0953534,5352.83,5,42.946,1571.74,1596.7,49.5247,1,2,0.8,0.0,0.0,5,0.0,0,True,1746968474.1619613,left,False
2096,1746968477.7963054,175.538,1.93584,-4.93988,-0.550155,-0.0943492,5354.68,5,42.966,1572.7,1597.66,49.5244,1,2,0.8,0.0,0.0,5,0.0,0,True,1746968474.1619613,left,False
2097,1746968477.8170333,175.603,1.93444,-4.89532,-0.543347,-0.0933531,5357.22,5,42.986,1573.66,1598.62,49.5242,1,2,0.8,0.0,0.0,5,0.0,0,True,1746968474.1619613,left,False
2098,1746968477.839384,175.668,1.9318,-4.84449,-0.536601,-0.0923665,5359.58,5,43.006,1574.61,1599.58,49.524,1,2,0.8,0.0,0.0,5,0.0,0,True,1746968474.1619613,left,False
2099,1746968477.8575604,175.734,1.92725,-4.79485,-0.529928,-0.09139,5361.08,5,43.026,1575.58,1600.54,49.5237,1,2,0.8,0.0,0.0,5,0.0,0,True,1746968474.1619613,left,False
2100,1746968477.8787265,175.798,1.92305,-4.75317,-0.523303,-0.0904182,5363.21,5,43.046,1576.54,1601.5,49.5235,1,2,0.8,0.0,0.0,5,0.0,0,True,1746968474.1619613,left,False
2101,1746968477.9004204,175.863,1.91818,-4.71452,-0.516744,-0.089453,5365.26,5,43.066,1577.5,1602.46,49.5233,1,2,0.8,0.0,0.0,5,0.0,0,True,1746968474.1619613,left,False
2102,1746968477.9192894,175.927,1.9126,-4.67138,-0.510254,-0.0884917,5367.46,5,43.086,1578.46,1603.43,49.5231,1,2,0.8,0.0,0.0,5,0.0,0,True,1746968474.1619613,left,False
2103,1746968477.9378345,175.992,1.90503,-4.62524,-0.503821,-0.0875381,5369.29,5,43.106,1579.42,1604.39,49.5228,1,2,0.8,0.0,0.0,5,0.0,0,True,1746968474.1619613,left,False
2104,1746968477.9561973,176.056,1.89676,-4.57808,-0.497453,-0.0865939,5370.91,5,43.126,1580.39,1605.35,49.5226,1,2,0.8,0.0,0.0,5,0.0,0,True,1746968474.1619613,left,False
2105,1746968477.9783363,176.121,1.88779,-4.53672,-0.49115,-0.0856546,5372.06,5,43.146,1581.35,1606.32,49.5224,1,2,0.8,0.0,0.0,5,0.0,0,True,1746968474.1619613,left,False
2106,1746968477.9983985,176.184,1.87966,-4.49653,-0.4849,-0.0847171,5374.94,5,43.166,1582.32,1607.28,49.5221,1,2,0.8,0.0,0.0,5,0.0,0,True,1746968474.1619613,left,False
2107,1746968478.0157917,176.247,1.87132,-4.44981,-0.478719,-0.0837815,5376.98,5,43.186,1583.28,1608.24,49.5219,1,2,0.8,0.0,0.0,5,0.0,0,True,1746968474.1619613,left,False
2108,1746968478.0374541,176.311,1.863,-4.40238,-0.472595,-0.0828484,5378.34,5,43.206,1584.25,1609.21,49.5217,1,2,0.8,0.0,0.0,5,0.0,0,True,1746968474.1619613,left,False
2109,1746968478.05811,176.374,1.8554,-4.36114,-0.466532,-0.0819152,5380.45,5,43.226,1585.21,1610.18,49.5215,1,2,0.8,0.0,0.0,5,0.0,0,True,1746968474.1619613,left,False
2110,1746968478.0788636,176.437,1.84783,-4.31806,-0.460535,-0.0809811,5382.04,5,43.246,1586.18,1611.14,49.5212,1,2,0.8,0.0,0.0,5,0.0,0,True,1746968474.1619613,left,False
2111,1746968478.097762,176.5,1.84086,-4.26981,-0.454598,-0.080047,5384.14,5,43.266,1587.15,1612.11,49.521,1,2,0.8,0.0,0.0,5,0.0,0,True,1746968474.1619613,left,False
2112,1746968478.119537,176.562,1.83448,-4.23182,-0.448718,-0.0791114,5386.3,5,43.286,1588.11,1613.08,49.5208,1,2,0.8,0.0,0.0,5,0.0,0,True,1746968474.1619613,left,False
2113,1746968478.1369748,176.625,1.82835,-4.18658,-0.442908,-0.0781754,5387.19,5,43.306,1589.08,1614.05,49.5205,1,2,0.8,0.0,0.0,5,0.0,0,True,1746968474.1619613,left,False
2114,1746968478.156466,176.686,1.82389,-4.14478,-0.437158,-0.0772374,5390.38,5,43.326,1590.05,1615.02,49.5203,1,2,0.8,0.0,0.0,5,0.0,0,True,1746968474.1619613,left,False
2115,1746968478.1783524,176.749,1.81878,-4.09967,-0.431462,-0.0762962,5391.63,5,43.346,1591.02,1615.99,49.5201,1,2,0.8,0.0,0.0,5,0.0,0,True,1746968474.1619613,left,False
2116,1746968478.1970315,176.81,1.81467,-4.05575,-0.425834,-0.0753539,5393.57,5,43.366,1591.99,1616.96,49.5199,1,2,0.8,0.0,0.0,5,0.0,0,True,1746968474.1619613,left,False
2117,1746968478.2176008,176.872,1.81043,-4.00568,-0.420272,-0.0744098,5395.1,5,43.386,1592.96,1617.93,49.5196,1,2,0.8,0.0,0.0,5,0.0,0,True,1746968474.1619613,left,False
2118,1746968478.2375548,176.933,1.80735,-3.96358,-0.414758,-0.0734652,5396.94,5,43.406,1593.93,1618.9,49.5194,1,2,0.8,0.0,0.0,5,0.0,0,True,1746968474.1619613,left,False
2119,1746968478.258734,176.995,1.80425,-3.91572,-0.409314,-0.0725177,5398.49,5,43.426,1594.9,1619.87,49.5192,1,2,0.8,0.0,0.0,5,0.0,0,True,1746968474.1619613,left,False
2120,1746968478.2785692,177.054,1.8023,-3.87777,-0.403931,-0.0715688,5401.38,5,43.446,1595.88,1620.84,49.5189,1,2,0.8,0.0,0.0,5,0.0,0,True,1746968474.1619613,left,False
2121,1746968478.2969651,177.115,1.80008,-3.83415,-0.398608,-0.0706175,5403.42,5,43.466,1596.85,1621.81,49.5187,1,2,0.8,0.0,0.0,5,0.0,0,True,1746968474.1619613,left,False
2122,1746968478.3173795,177.176,1.79739,-3.78486,-0.393343,-0.0696681,5404.06,5,43.486,1597.82,1622.79,49.5185,1,2,0.8,0.0,0.0,5,0.0,0,True,1746968474.1619613,left,False
2123,1746968478.3384373,177.236,1.7959,-3.73629,-0.388151,-0.0687125,5406.24,5,43.506,1598.79,1623.76,49.5182,1,2,0.8,0.0,0.0,5,0.0,0,True,1746968474.1619613,left,False
2124,1746968478.3577487,177.296,1.79454,-3.69081,-0.383016,-0.0677589,5408.47,5,43.526,1599.77,1624.73,49.518,1,2,0.8,0.0,0.0,5,0.0,0,True,1746968474.1619613,left,False
2125,1746968478.3785796,177.355,1.79368,-3.65101,-0.377934,-0.0668038,5410.55,5,43.546,1600.74,1625.71,49.5178,1,2,0.8,0.0,0.0,5,0.0,0,True,1746968474.1619613,left,False
2126,1746968478.399123,177.414,1.79212,-3.60672,-0.372917,-0.065851,5412.71,5,43.566,1601.72,1626.68,49.5176,1,2,0.8,0.0,0.0,5,0.0,0,True,1746968474.1619613,left,False
2127,1746968478.4168513,177.474,1.79076,-3.56555,-0.367969,-0.0648993,5414.09,5,43.586,1602.69,1627.66,49.5173,1,2,0.8,0.0,0.0,5,0.0,0,True,1746968474.1619613,left,False
2128,1746968478.4375288,177.534,1.78851,-3.51741,-0.363074,-0.063947,5415.26,5,43.606,1603.67,1628.64,49.5171,1,2,0.8,0.0,0.0,5,0.0,0,True,1746968474.1619613,left,False
2129,1746968478.4565942,177.592,1.78631,-3.47035,-0.358244,-0.0629953,5417.51,5,43.626,1604.65,1629.61,49.5169,1,2,0.8,0.0,0.0,5,0.0,0,True,1746968474.1619613,left,False
2130,1746968478.4764042,177.651,1.78479,-3.42367,-0.353475,-0.0620387,5418.64,5,43.646,1605.62,1630.59,49.5166,1,2,0.8,0.0,0.0,5,0.0,0,True,1746968474.1619613,left,False
2131,1746968478.4990408,177.71,1.78543,-3.38491,-0.348775,-0.0610765,5420.71,5,43.666,1606.6,1631.57,49.5164,1,2,0.8,0.0,0.0,5,0.0,0,True,1746968474.1619613,left,False
2132,1746968478.5183928,177.767,1.78687,-3.34672,-0.344124,-0.0601104,5423.11,5,43.686,1607.58,1632.54,49.5162,1,2,0.8,0.0,0.0,5,0.0,0,True,1746968474.1619613,left,False
2133,1746968478.5376785,177.826,1.78759,-3.29767,-0.339534,-0.059141,5424.26,5,43.706,1608.56,1633.52,49.516,1,2,0.8,0.0,0.0,5,0.0,0,True,1746968474.1619613,left,False
2134,1746968478.5568128,177.883,1.78848,-3.25415,-0.335022,-0.0581725,5426.76,5,43.726,1609.54,1634.5,49.5157,1,2,0.8,0.0,0.0,5,0.0,0,True,1746968474.1619613,left,False
2135,1746968478.578467,177.941,1.78826,-3.20244,-0.330562,-0.0572036,5427.53,5,43.746,1610.52,1635.48,49.5155,1,2,0.8,0.0,0.0,5,0.0,0,True,1746968474.1619613,left,False
2136,1746968478.5966806,177.998,1.78925,-3.16403,-0.326164,-0.0562347,5430.16,5,43.766,1611.5,1636.46,49.5153,1,2,0.8,0.0,0.0,5,0.0,0,True,1746968474.1619613,left,False
2137,1746968478.617596,178.056,1.78969,-3.11442,-0.32183,-0.0552629,5431.2,5,43.786,1612.48,1637.44,49.515,1,2,0.8,0.0,0.0,5,0.0,0,True,1746968474.1619613,left,False
2138,1746968478.6379716,178.113,1.79084,-3.06693,-0.317566,-0.0542906,5432.81,5,43.806,1613.46,1638.42,49.5148,1,2,0.8,0.0,0.0,5,0.0,0,True,1746968474.1619613,left,False
2139,1746968478.6566749,178.169,1.79207,-3.03087,-0.31335,-0.0533164,5435.03,5,43.826,1614.44,1639.4,49.5146,1,2,0.8,0.0,0.0,5,0.0,0,True,1746968474.1619613,left,False
2140,1746968478.679852,178.226,1.7933,-2.98479,-0.309204,-0.0523418,5437.24,5,43.846,1615.42,1640.39,49.5144,1,2,0.8,0.0,0.0,5,0.0,0,True,1746968474.1619613,left,False
2141,1746968478.6973643,178.282,1.79402,-2.93711,-0.305127,-0.0513671,5438.29,5,43.866,1616.4,1641.37,49.5141,1,2,0.8,0.0,0.0,5,0.0,0,True,1746968474.1619613,left,False
2142,1746968478.7170584,178.338,1.79492,-2.89568,-0.301103,-0.0503925,5440.42,5,43.886,1617.39,1642.35,49.5139,1,2,0.8,0.0,0.0,5,0.0,0,True,1746968474.1619613,left,False
2143,1746968478.736832,178.394,1.79523,-2.85034,-0.297148,-0.0494188,5441.99,5,43.906,1618.37,1643.33,49.5137,1,2,0.8,0.0,0.0,5,0.0,0,True,1746968474.1619613,left,False
2144,1746968478.7565143,178.45,1.79514,-2.79865,-0.293254,-0.048445,5443.46,5,43.926,1619.35,1644.32,49.5134,1,2,0.8,0.0,0.0,5,0.0,0,True,1746968474.1619613,left,False
2145,1746968478.776154,178.505,1.79557,-2.75417,-0.289429,-0.0474713,5445.7,5,43.946,1620.34,1645.3,49.5132,1,2,0.8,0.0,0.0,5,0.0,0,True,1746968474.1619613,left,False
2146,1746968478.7966785,178.56,1.79544,-2.71121,-0.285657,-0.0464981,5447.32,5,43.966,1621.32,1646.29,49.513,1,2,0.8,0.0,0.0,5,0.0,0,True,1746968474.1619613,left,False
2147,1746968478.8174882,178.616,1.79509,-2.66251,-0.281954,-0.0455249,5448.89,5,43.986,1622.31,1647.27,49.5128,1,2,0.8,0.0,0.0,5,0.0,0,True,1746968474.1619613,left,False
2148,1746968478.837569,178.671,1.79472,-2.61433,-0.278316,-0.0445522,5450.53,5,44.006,1623.29,1648.26,49.5125,1,2,0.8,0.0,0.0,5,0.0,0,True,1746968474.1619613,left,False
2149,1746968478.857568,178.725,1.79444,-2.56733,-0.274736,-0.0435804,5451.9,5,44.026,1624.28,1649.24,49.5123,1,2,0.8,0.0,0.0,5,0.0,0,True,1746968474.1619613,left,False
2150,1746968478.8764393,178.78,1.79372,-2.52177,-0.27122,-0.0426057,5453.32,5,44.046,1625.26,1650.23,49.5121,1,2,0.8,0.0,0.0,5,0.0,0,True,1746968474.1619613,left,False
2151,1746968478.8959098,178.834,1.79415,-2.4741,-0.267769,-0.0416301,5455.08,5,44.066,1626.25,1651.22,49.5118,1,2,0.8,0.0,0.0,5,0.0,0,True,1746968474.1619613,left,False
2152,1746968478.9163117,178.887,1.79404,-2.43479,-0.264388,-0.0406573,5457.7,5,44.086,1627.24,1652.2,49.5116,1,2,0.8,0.0,0.0,5,0.0,0,True,1746968474.1619613,left,False
2153,1746968478.937233,178.942,1.79362,-2.3865,-0.26106,-0.0396817,5457.83,5,44.106,1628.22,1653.19,49.5114,1,2,0.8,0.0,0.0,5,0.0,0,True,1746968474.1619613,left,False
2154,1746968478.9568243,178.995,1.79453,-2.33999,-0.257796,-0.0387033,5460.38,5,44.126,1629.21,1654.18,49.5112,1,2,0.8,0.0,0.0,5,0.0,0,True,1746968474.1619613,left,False
2155,1746968478.9762397,179.049,1.7948,-2.29725,-0.254606,-0.0377248,5461.41,5,44.146,1630.2,1655.17,49.5109,1,2,0.8,0.0,0.0,5,0.0,0,True,1746968474.1619613,left,False
2156,1746968478.9985182,179.102,1.79554,-2.25782,-0.251473,-0.0367449,5463.09,5,44.166,1631.19,1656.15,49.5107,1,2,0.8,0.0,0.0,5,0.0,0,True,1746968474.1619613,left,False
2157,1746968479.0196068,179.155,1.79542,-2.20437,-0.248401,-0.0357659,5465.56,5,44.186,1632.18,1657.14,49.5105,1,2,0.8,0.0,0.0,5,0.0,0,True,1746968474.1619613,left,False
2158,1746968479.0395453,179.208,1.7948,-2.1558,-0.245402,-0.0347884,5465.91,5,44.206,1633.17,1658.13,49.5102,1,2,0.8,0.0,0.0,5,0.0,0,True,1746968474.1619613,left,False
2159,1746968479.0618849,179.26,1.79443,-2.10953,-0.242464,-0.0338119,5468.14,5,44.226,1634.16,1659.12,49.51,1,2,0.8,0.0,0.0,5,0.0,0,True,1746968474.1619613,left,False
2160,1746968479.0785856,179.312,1.79393,-2.06521,-0.239587,-0.0328348,5469.88,5,44.246,1635.15,1660.11,49.5098,1,2,0.8,0.0,0.0,5,0.0,0,True,1746968474.1619613,left,False
2161,1746968479.0971732,179.365,1.79292,-2.01261,-0.236776,-0.0318587,5471.17,5,44.266,1636.14,1661.1,49.5096,1,2,0.8,0.0,0.0,5,0.0,0,True,1746968474.1619613,left,False
2162,1746968479.1174464,179.416,1.79279,-1.96667,-0.234037,-0.0308812,5472.56,5,44.286,1637.13,1662.09,49.5093,1,2,0.8,0.0,0.0,5,0.0,0,True,1746968474.1619613,left,False
2163,1746968479.137392,179.468,1.79178,-1.91788,-0.231348,-0.0299047,5474.26,5,44.306,1638.12,1663.09,49.5091,1,2,0.8,0.0,0.0,5,0.0,0,True,1746968474.1619613,left,False
2164,1746968479.158534,179.52,1.79104,-1.86882,-0.228731,-0.0289272,5475.42,5,44.326,1639.11,1664.08,49.5089,1,2,0.8,0.0,0.0,5,0.0,0,True,1746968474.1619613,left,False
2165,1746968479.1775534,179.571,1.79051,-1.82242,-0.22618,-0.0279501,5477.67,5,44.346,1640.11,1665.07,49.5086,1,2,0.8,0.0,0.0,5,0.0,0,True,1746968474.1619613,left,False
2166,1746968479.1974072,179.622,1.78968,-1.77616,-0.223698,-0.026974,5479.03,5,44.366,1641.1,1666.06,49.5084,1,2,0.8,0.0,0.0,5,0.0,0,True,1746968474.1619613,left,False
2167,1746968479.2179801,179.673,1.78917,-1.73101,-0.221269,-0.0259965,5480.71,5,44.386,1642.09,1667.06,49.5082,1,2,0.8,0.0,0.0,5,0.0,0,True,1746968474.1619613,left,False
2168,1746968479.2375183,179.723,1.78845,-1.6832,-0.218913,-0.0250185,5482.25,5,44.406,1643.08,1668.05,49.5079,1,2,0.8,0.0,0.0,5,0.0,0,True,1746968474.1619613,left,False
2169,1746968479.256639,179.774,1.78801,-1.64057,-0.216626,-0.02404,5484.09,5,44.426,1644.08,1669.04,49.5077,1,2,0.8,0.0,0.0,5,0.0,0,True,1746968474.1619613,left,False
2170,1746968479.2776792,179.824,1.78753,-1.59465,-0.214392,-0.0230601,5485.11,5,44.446,1645.07,1670.04,49.5075,1,2,0.8,0.0,0.0,5,0.0,0,True,1746968474.1619613,left,False
2171,1746968479.2962575,179.874,1.78743,-1.54861,-0.212227,-0.0220788,5487.05,5,44.466,1646.07,1671.03,49.5073,1,2,0.8,0.0,0.0,5,0.0,0,True,1746968474.1619613,left,False
2172,1746968479.317962,179.924,1.78712,-1.49152,-0.210132,-0.0210951,5487.77,5,44.486,1647.06,1672.03,49.507,1,2,0.8,0.0,0.0,5,0.0,0,True,1746968474.1619613,left,False
2173,1746968479.336601,179.973,1.7876,-1.45107,-0.208101,-0.0201114,5489.95,5,44.506,1648.06,1673.02,49.5068,1,2,0.8,0.0,0.0,5,0.0,0,True,1746968474.1619613,left,False
2174,1746968479.360879,180.022,1.78806,-1.40146,-0.206136,-0.0191272,5491.63,5,44.526,1649.05,1674.02,49.5066,1,2,0.8,0.0,0.0,5,0.0,0,True,1746968474.1619613,left,False
2175,1746968479.3771641,180.072,1.78782,-1.35321,-0.204232,-0.018142,5492.99,5,44.546,1650.05,1675.01,49.5063,1,2,0.8,0.0,0.0,5,0.0,0,True,1746968474.1619613,left,False
2176,1746968479.3980758,180.121,1.78846,-1.30911,-0.202397,-0.0171564,5494.46,5,44.566,1651.04,1676.01,49.5061,1,2,0.8,0.0,0.0,5,0.0,0,True,1746968474.1619613,left,False
2177,1746968479.4203856,180.17,1.78831,-1.26189,-0.200623,-0.0161708,5495.82,5,44.586,1652.04,1677,49.5059,1,2,0.8,0.0,0.0,5,0.0,0,True,1746968474.1619613,left,False
2178,1746968479.4369328,180.219,1.78849,-1.21496,-0.19891,-0.0151847,5496.25,5,44.606,1653.04,1678,49.5057,1,2,0.8,0.0,0.0,5,0.0,0,True,1746968474.1619613,left,False
2179,1746968479.4586906,180.266,1.7888,-1.16867,-0.19727,-0.0141996,5498.35,5,44.626,1654.03,1679,49.5054,1,2,0.8,0.0,0.0,5,0.0,0,True,1746968474.1619613,left,False
2180,1746968479.4792178,180.315,1.7891,-1.12473,-0.195699,-0.0132116,5499.72,5,44.646,1655.03,1680,49.5052,1,2,0.8,0.0,0.0,5,0.0,0,True,1746968474.1619613,left,False
2181,1746968479.5011835,180.363,1.78903,-1.07355,-0.194181,-0.0122235,5501.07,5,44.666,1656.03,1680.99,49.505,1,2,0.8,0.0,0.0,5,0.0,0,True,1746968474.1619613,left,False
2182,1746968479.5211136,180.41,1.78966,-1.02794,-0.192733,-0.0112355,5503.13,5,44.686,1657.03,1681.99,49.5047,1,2,0.8,0.0,0.0,5,0.0,0,True,1746968474.1619613,left,False
2183,1746968479.5382178,180.457,1.79005,-0.980001,-0.191357,-0.0102456,5504.42,5,44.706,1658.02,1682.99,49.5045,1,2,0.8,0.0,0.0,5,0.0,0,True,1746968474.1619613,left,False
2184,1746968479.5567837,180.505,1.79029,-0.93576,-0.190043,-0.00925619,5506.1,5,44.726,1659.02,1683.99,49.5043,1,2,0.8,0.0,0.0,5,0.0,0,True,1746968474.1619613,left,False
2185,1746968479.577829,180.552,1.79052,-0.890264,-0.18879,-0.0082677,5507.46,5,44.746,1660.02,1684.99,49.5041,1,2,0.8,0.0,0.0,5,0.0,0,True,1746968474.1619613,left,False
2186,1746968479.597581,180.598,1.79094,-0.848343,-0.187606,-0.00727874,5509.35,5,44.766,1661.02,1685.99,49.5038,1,2,0.8,0.0,0.0,5,0.0,0,True,1746968474.1619613,left,False
2187,1746968479.6160524,180.646,1.7903,-0.794292,-0.186495,-0.00628692,5509.23,5,44.786,1662.02,1686.99,49.5036,1,2,0.8,0.0,0.0,5,0.0,0,True,1746968474.1619613,left,False
2188,1746968479.637636,180.692,1.79052,-0.742478,-0.185437,-0.00529415,5511.49,5,44.806,1663.02,1687.99,49.5034,1,2,0.8,0.0,0.0,5,0.0,0,True,1746968474.1619613,left,False
2189,1746968479.6577268,180.738,1.79123,-0.697688,-0.184456,-0.00430137,5513.09,5,44.826,1664.02,1688.99,49.5031,1,2,0.8,0.0,0.0,5,0.0,0,True,1746968474.1619613,left,False
2190,1746968479.6776981,180.784,1.79085,-0.645415,-0.183541,-0.00330955,5514.58,5,44.846,1665.02,1689.99,49.5029,1,2,0.8,0.0,0.0,5,0.0,0,True,1746968474.1619613,left,False
2191,1746968479.6966965,180.83,1.79036,-0.594062,-0.182694,-0.00231725,5515.34,5,44.866,1666.02,1690.99,49.5027,1,2,0.8,0.0,0.0,5,0.0,0,True,1746968474.1619613,right,False
2192,1746968479.7192445,180.876,1.79076,-0.545341,-0.181905,-0.00132448,5516.65,5,44.886,1667.02,1691.99,49.5025,1,2,0.8,0.0,0.0,5,0.0,0,True,1746968474.1619613,right,False
2193,1746968479.7369258,180.921,1.79045,-0.493877,-0.181193,-0.000330273,5517.76,5,44.906,1668.02,1692.99,49.5022,1,2,0.8,0.0,0.0,5,0.0,0,True,1746968474.1619613,right,False
2194,1746968479.757636,180.966,1.79077,-0.446482,-0.180538,0.000664886,5519.61,5,44.926,1669.03,1693.99,49.502,1,2,0.8,0.0,0.0,5,0.0,0,True,1746968474.1619613,right,False
2195,1746968479.7779555,181.011,1.79123,-0.397618,-0.179952,0.00166148,5520.94,5,44.946,1670.03,1694.99,49.5018,1,2,0.8,0.0,0.0,5,0.0,0,True,1746968474.1619613,right,False
2196,1746968479.7983823,181.056,1.79185,-0.346105,-0.179435,0.00265997,5522.22,5,44.966,1671.03,1695.99,49.5015,1,2,0.8,0.0,0.0,5,0.0,0,True,1746968474.1619613,right,False
2197,1746968479.8177066,181.101,1.79259,-0.296102,-0.178988,0.00365847,5523.18,5,44.986,1672.03,1697,49.5013,1,2,0.8,0.0,0.0,5,0.0,0,True,1746968474.1619613,right,False
2198,1746968479.8363094,181.144,1.79359,-0.250736,-0.178601,0.00465649,5525.64,5,45.006,1673.03,1698,49.5011,1,2,0.8,0.0,0.0,5,0.0,0,True,1746968474.1619613,right,False
2199,1746968479.8561978,181.189,1.79389,-0.201336,-0.178284,0.00565403,5526.87,5,45.026,1674.04,1699,49.5009,1,2,0.8,0.0,0.0,5,0.0,0,True,1746968474.1619613,right,False
2200,1746968479.876706,181.233,1.79414,-0.150991,-0.178031,0.00665253,5527.36,5,45.046,1675.04,1700.01,49.5006,1,2,0.8,0.0,0.0,5,0.0,0,True,1746968474.1619613,right,False
2201,1746968479.8998876,181.277,1.79507,-0.106363,-0.177852,0.00765246,5529.17,5,45.066,1676.04,1701.01,49.5004,1,2,0.8,0.0,0.0,5,0.0,0,True,1746968474.1619613,right,False
2202,1746968479.918676,181.32,1.79523,-0.0525596,-0.17773,0.00865334,5530.35,5,45.086,1677.05,1702.01,49.5002,1,2,0.8,0.0,0.0,5,0.0,0,True,1746968474.1619613,right,False
2203,1746968479.9391422,181.363,1.79593,-0.00567127,-0.177686,0.00965374,5531.75,5,45.106,1678.05,1703.02,49.4999,1,2,0.8,0.0,0.0,5,0.0,0,True,1746968474.1619613,right,False
2204,1746968479.9565027,181.406,1.79689,0.0406115,-0.17771,0.0106551,5533.47,5,45.126,1679.06,1704.02,49.4997,1,2,0.8,0.0,0.0,5,0.0,0,True,1746968474.1619613,right,False
2205,1746968479.9780142,181.45,1.79753,0.0911777,-0.177787,0.0116574,5533.5,5,45.146,1680.06,1705.02,49.4995,1,2,0.8,0.0,0.0,5,0.0,0,True,1746968474.1619613,right,False
2206,1746968479.996358,181.492,1.7985,0.137842,-0.177942,0.0126631,5535.23,5,45.166,1681.06,1706.03,49.4993,1,2,0.8,0.0,0.0,5,0.0,0,True,1746968474.1619613,right,False
2207,1746968480.0177088,181.534,1.80008,0.186853,-0.178166,0.0136716,5536.84,5,45.186,1682.07,1707.03,49.499,1,2,0.8,0.0,0.0,5,0.0,0,True,1746968474.1619613,right,False
2208,1746968480.037603,181.577,1.8018,0.235547,-0.178451,0.0146825,5538.09,5,45.206,1683.07,1708.04,49.4988,1,2,0.8,0.0,0.0,5,0.0,0,True,1746968474.1619613,right,False
2209,1746968480.0579042,181.619,1.80326,0.283698,-0.178805,0.0156924,5539.55,5,45.226,1684.08,1709.04,49.4986,1,2,0.8,0.0,0.0,5,0.0,0,True,1746968474.1619613,right,False
2210,1746968480.0764456,181.66,1.80466,0.333159,-0.179232,0.0167024,5540.7,5,45.246,1685.08,1710.05,49.4983,1,2,0.8,0.0,0.0,5,0.0,0,True,1746968474.1619613,right,False
2211,1746968480.0966868,181.702,1.80615,0.380785,-0.179728,0.0177142,5541.89,5,45.266,1686.09,1711.06,49.4981,1,2,0.8,0.0,0.0,5,0.0,0,True,1746968474.1619613,right,False
2212,1746968480.1173997,181.744,1.80796,0.428766,-0.180273,0.018728,5543.02,5,45.286,1687.1,1712.06,49.4979,1,2,0.8,0.0,0.0,5,0.0,0,True,1746968474.1619613,right,False
2213,1746968480.1380298,181.785,1.80937,0.480771,-0.180908,0.0197417,5544.13,5,45.306,1688.1,1713.07,49.4977,1,2,0.8,0.0,0.0,5,0.0,0,True,1746968474.1619613,right,False
2214,1746968480.1585639,181.826,1.81111,0.527467,-0.181608,0.0207564,5545.58,5,45.326,1689.11,1714.07,49.4974,1,2,0.8,0.0,0.1,5,0.0,0,True,1746968474.1619613,right,False
2215,1746968480.179274,181.866,1.81257,0.576432,-0.182365,0.0217702,5546.9,5,45.346,1690.11,1715.08,49.4972,1,2,0.8,0.0,0.1,5,0.0,0,True,1746968474.1619613,right,False
2216,1746968480.197431,181.895,1.9685,0.618982,-0.183154,0.0220525,5549.69,5,45.366,1691.12,1716.09,49.497,1,2,0.8,0.0,0.1,5,0.0,0,True,1746968474.1619613,right,False
2217,1746968480.2159512,181.921,1.84558,0.645282,-0.183891,0.0203425,5554.24,5,45.386,1692.13,1717.09,49.4967,1,2,0.8,0.0,0.1,5,0.0,0,True,1746968474.1619613,right,False
2218,1746968480.2406864,181.95,1.40035,0.651421,-0.18457,0.0168392,5559.98,5,45.406,1693.14,1718.1,49.4965,1,2,0.8,0.0,0.1,5,0.0,0,True,1746968474.1619613,right,False
2219,1746968480.2584016,181.98,0.700725,0.643949,-0.185181,0.0117976,5564.9,5,45.426,1694.14,1719.11,49.4963,1,2,0.8,0.0,0.1,5,0.0,0,True,1746968474.1619613,right,False
2220,1746968480.2791371,182.004,-0.199826,0.611638,-0.18571,0.00548428,5571.56,5,45.446,1695.15,1720.11,49.496,1,2,0.8,0.0,0.1,5,0.0,0,True,1746968474.1619613,right,False
2221,1746968480.2968326,182.021,-1.24429,0.570626,-0.186153,-0.00185138,5578.55,5,45.466,1696.16,1721.12,49.4958,1,2,0.8,0.0,0.1,5,0.0,0,True,1746968474.1619613,right,False
2222,1746968480.3163393,182.027,-2.39249,0.497964,-0.186483,-0.00995857,5588.88,5,45.486,1697.16,1722.13,49.4956,1,2,0.8,0.0,0.1,5,0.0,0,True,1746968474.1619613,right,False
2223,1746968480.3375664,182.02,-3.59414,0.417635,-0.186686,-0.0186237,5598.55,5,45.506,1698.17,1723.14,49.4954,1,2,0.8,0.0,0.1,5,0.0,0,True,1746968474.1619613,right,False
2224,1746968480.357499,181.999,-4.82643,0.313892,-0.186743,-0.0276464,5612.05,5,45.526,1699.18,1724.14,49.4951,1,2,0.8,0.0,0.1,5,0.0,0,True,1746968474.1619613,right,False
2225,1746968480.3795009,181.964,-6.06229,0.189564,-0.186646,-0.0368703,5626.57,5,45.546,1700.19,1725.15,49.4949,1,2,0.8,0.0,0.1,5,0.0,0,True,1746968474.1619613,right,False
2226,1746968480.3982568,181.915,-7.28036,0.0594148,-0.186377,-0.0461848,5643.18,5,45.566,1701.19,1726.16,49.4947,1,2,0.8,0.0,0.1,5,0.0,0,True,1746968474.1619613,right,False
2227,1746968480.4166005,181.853,-8.47785,-0.0919437,-0.185925,-0.0555013,5662.41,5,45.586,1702.2,1727.17,49.4944,1,2,0.8,0.0,0.0,5,0.0,0,True,1746968474.1619613,left,False
2228,1746968480.4373596,181.78,-9.6353,-0.24938,-0.185286,-0.0647691,5680,5,45.606,1703.21,1728.17,49.4942,1,2,0.8,0.0,0.0,5,0.0,0,True,1746968474.1619613,left,False
2229,1746968480.4570503,181.721,-10.8339,-0.42128,-0.184465,-0.0737003,5691.51,5,45.626,1704.22,1729.18,49.494,1,2,0.8,0.0,0.0,5,0.0,0,True,1746968474.1619613,left,False
2230,1746968480.4760728,181.68,-11.8744,-0.582987,-0.183484,-0.0817245,5681.84,5,45.646,1705.22,1730.19,49.4938,1,2,0.8,0.0,0.0,5,0.0,0,True,1746968474.1619613,left,False
2231,1746968480.4963448,181.647,-12.7333,-0.74331,-0.182336,-0.0889567,5668.99,5,45.666,1706.23,1731.2,49.4935,1,2,0.8,0.0,0.0,5,0.0,0,True,1746968474.1619613,left,False
2232,1746968480.5174615,181.62,-13.4512,-0.904666,-0.18101,-0.0955585,5652.23,5,45.686,1707.24,1732.2,49.4933,1,2,0.8,0.0,0.0,5,0.0,0,True,1746968474.1619613,left,False
2233,1746968480.536753,181.592,-14.044,-1.05564,-0.179492,-0.101629,5638.95,5,45.706,1708.25,1733.21,49.4931,1,2,0.8,0.0,0.0,5,0.0,0,True,1746968474.1619613,left,False
2234,1746968480.5580554,181.564,-14.5359,-1.21169,-0.177783,-0.107243,5629.8,5,45.726,1709.26,1734.22,49.4928,1,2,0.8,0.0,0.0,5,0.0,0,True,1746968474.1619613,left,False
2235,1746968480.5774891,181.537,-14.9477,-1.36437,-0.175871,-0.112481,5624.95,5,45.746,1710.26,1735.23,49.4926,1,2,0.8,0.0,0.0,5,0.0,0,True,1746968474.1619613,left,False
2236,1746968480.5968878,181.511,-15.2879,-1.51799,-0.173751,-0.117381,5621.44,5,45.766,1711.27,1736.24,49.4924,1,2,0.8,0.0,0.0,5,0.0,0,True,1746968474.1619613,left,False
2237,1746968480.619288,181.486,-15.563,-1.6799,-0.171419,-0.121965,5624.47,5,45.786,1712.28,1737.24,49.4922,1,2,0.8,0.0,0.0,5,0.0,0,True,1746968474.1619613,left,False
2238,1746968480.637503,181.465,-15.7792,-1.84122,-0.16888,-0.126258,5625.81,5,45.806,1713.29,1738.25,49.4919,1,2,0.8,0.0,0.0,5,0.0,0,True,1746968474.1619613,left,False
2239,1746968480.6611066,181.447,-15.9363,-1.99334,-0.16613,-0.130252,5629,5,45.826,1714.29,1739.26,49.4917,1,2,0.8,0.0,0.0,5,0.0,0,True,1746968474.1619613,left,False
2240,1746968480.6805747,181.434,-16.0369,-2.15531,-0.163163,-0.133931,5630.65,5,45.846,1715.3,1740.27,49.4915,1,2,0.8,0.0,0.0,5,0.0,0,True,1746968474.1619613,left,False
2241,1746968480.6962855,181.426,-16.0764,-2.31345,-0.159989,-0.137287,5635,5,45.866,1716.31,1741.27,49.4912,1,2,0.8,0.0,0.0,5,0.0,0,True,1746968474.1619613,left,False
2242,1746968480.7162454,181.421,-16.0632,-2.47957,-0.156608,-0.140322,5641.24,5,45.886,1717.32,1742.28,49.491,1,2,0.8,0.0,0.0,5,0.0,0,True,1746968474.1619613,left,False
2243,1746968480.7372293,181.422,-15.9818,-2.63968,-0.153007,-0.142998,5647.5,5,45.906,1718.32,1743.29,49.4908,1,2,0.8,0.0,0.0,5,0.0,0,True,1746968474.1619613,left,False
2244,1746968480.756688,181.43,-15.8421,-2.80366,-0.149194,-0.145303,5655.7,5,45.926,1719.33,1744.3,49.4906,1,2,0.8,0.0,0.0,5,0.0,0,True,1746968474.1619613,left,False
2245,1746968480.7773845,181.445,-15.6353,-2.96665,-0.145174,-0.14723,5660.29,5,45.946,1720.34,1745.3,49.4903,1,2,0.8,0.0,0.0,5,0.0,0,True,1746968474.1619613,left,False
2246,1746968480.7965667,181.47,-15.3587,-3.1288,-0.140946,-0.148757,5664.28,5,45.966,1721.34,1746.31,49.4901,1,2,0.8,0.0,0.0,5,0.0,0,True,1746968474.1619613,left,False
2247,1746968480.8171513,181.502,-15.0159,-3.28413,-0.136515,-0.149881,5667.44,5,45.986,1722.35,1747.32,49.4899,1,2,0.8,0.0,0.0,5,0.0,0,True,1746968474.1619613,left,False
2248,1746968480.8366346,181.543,-14.609,-3.44197,-0.131868,-0.150599,5668.21,5,46.006,1723.36,1748.32,49.4896,1,2,0.8,0.0,0.0,5,0.0,0,True,1746968474.1619613,left,False
2249,1746968480.8574536,181.593,-14.1347,-3.5923,-0.127026,-0.150922,5664.29,5,46.026,1724.36,1749.33,49.4894,1,2,0.8,0.0,0.0,5,0.0,0,True,1746968474.1619613,left,False
2250,1746968480.8790948,181.649,-13.6046,-3.74661,-0.121985,-0.150859,5662.55,5,46.046,1725.37,1750.34,49.4892,1,2,0.8,0.0,0.0,5,0.0,0,True,1746968474.1619613,left,False
2251,1746968480.90047,181.714,-13.0169,-3.89073,-0.116756,-0.150435,5656.1,5,46.066,1726.38,1751.34,49.489,1,2,0.8,0.0,0.0,5,0.0,0,True,1746968474.1619613,left,False
2252,1746968480.9187837,181.782,-12.3848,-4.03597,-0.111332,-0.149664,5652.07,5,46.086,1727.38,1752.35,49.4887,1,2,0.8,0.0,0.0,5,0.0,0,True,1746968474.1619613,left,False
2253,1746968480.93851,181.856,-11.7063,-4.17208,-0.105729,-0.148566,5644.64,5,46.106,1728.39,1753.36,49.4885,1,2,0.8,0.0,0.0,5,0.0,0,True,1746968474.1619613,left,False
2254,1746968480.957359,181.933,-10.9966,-4.31012,-0.0999471,-0.147174,5639.35,5,46.126,1729.4,1754.36,49.4883,1,2,0.8,0.0,0.0,5,0.0,0,True,1746968474.1619613,left,False
2255,1746968480.9783454,182.014,-10.2538,-4.43716,-0.0939982,-0.145508,5630.8,5,46.146,1730.4,1755.37,49.488,1,2,0.8,0.0,0.0,5,0.0,0,True,1746968474.1619613,left,False
2256,1746968480.9986522,182.096,-9.49824,-4.5639,-0.0878825,-0.143625,5624.32,5,46.166,1731.41,1756.38,49.4878,1,2,0.8,0.0,0.0,5,0.0,0,True,1746968474.1619613,left,False
2257,1746968481.0170622,182.179,-8.73108,-4.68144,-0.0816203,-0.141547,5616.78,5,46.186,1732.42,1757.38,49.4876,1,2,0.8,0.0,0.0,5,0.0,0,True,1746968474.1619613,left,False
2258,1746968481.0368397,182.26,-7.96131,-4.78898,-0.0752197,-0.13931,5611.21,5,46.206,1733.43,1758.39,49.4874,1,2,0.8,0.0,0.0,5,0.0,0,True,1746968474.1619613,left,False
2259,1746968481.0593798,182.341,-7.19864,-4.89838,-0.0686768,-0.136938,5607.1,5,46.226,1734.43,1759.4,49.4871,1,2,0.8,0.0,0.0,5,0.0,0,True,1746968474.1619613,left,False
2260,1746968481.0775423,182.422,-6.44994,-4.99778,-0.0620199,-0.134476,5602.55,5,46.246,1735.44,1760.41,49.4869,1,2,0.8,0.0,-0.1,5,0.0,0,True,1746968474.1619613,left,False
2261,1746968481.0974402,182.503,-5.85872,-5.07145,-0.0552979,-0.1313,5593.05,5,46.266,1736.45,1761.41,49.4867,1,2,0.8,0.0,-0.1,5,0.0,0,True,1746968474.1619613,left,False
2262,1746968481.1170108,182.587,-5.04914,-5.13421,-0.0485921,-0.126198,5585.5,5,46.286,1737.46,1762.42,49.4864,1,2,0.8,0.0,-0.1,5,0.0,0,True,1746968474.1619613,left,False
2263,1746968481.1405764,182.673,-3.96035,-5.15742,-0.0419271,-0.119215,5576.88,5,46.306,1738.47,1763.43,49.4862,1,2,0.8,0.0,-0.1,5,0.0,0,True,1746968474.1619613,left,False
2264,1746968481.156983,182.752,-2.62601,-5.15409,-0.0353312,-0.110475,5572.32,5,46.326,1739.48,1764.44,49.486,1,2,0.8,0.0,-0.1,5,0.0,0,True,1746968474.1619613,left,False
2265,1746968481.1766405,182.819,-1.08307,-5.12044,-0.0288371,-0.100086,5569.4,5,46.346,1740.49,1765.45,49.4857,1,2,0.8,0.0,-0.1,5,0.0,0,True,1746968474.1619613,left,False
2266,1746968481.1982956,182.865,0.635498,-5.05509,-0.0224813,-0.0881742,5567.33,5,46.366,1741.5,1766.46,49.4855,1,2,0.8,0.0,-0.1,5,0.0,0,True,1746968474.1619613,left,False
2267,1746968481.2176085,182.885,2.49683,-4.95858,-0.0163086,-0.0748656,5566.29,5,46.386,1742.51,1767.47,49.4853,1,2,0.8,0.0,-0.1,5,0.0,0,True,1746968474.1619613,left,False
2268,1746968481.2393053,182.872,4.46817,-4.82878,-0.0103638,-0.0602916,5565.43,5,46.406,1743.52,1768.49,49.4851,1,2,0.8,0.0,-0.1,5,0.0,0,True,1746968474.1619613,left,False
2269,1746968481.2587457,182.822,6.52428,-4.66357,-0.00469564,-0.0445951,5564.14,5,46.426,1744.53,1769.5,49.4848,1,2,0.8,0.0,-0.1,5,0.0,0,True,1746968474.1619613,left,False
2270,1746968481.2790725,182.728,8.64277,-4.46084,0.00065918,-0.0278981,5562.82,5,46.446,1745.55,1770.51,49.4846,1,2,0.8,0.0,0.0,5,0.0,0,True,1746968474.1619613,right,False
2271,1746968481.2989266,182.587,10.8035,-4.22057,0.00565592,-0.0103434,5563.06,5,46.466,1746.56,1771.52,49.4844,1,2,0.8,0.0,0.0,5,0.0,0,True,1746968474.1619613,right,False
2272,1746968481.3175197,182.432,13.1057,-3.94498,0.0102743,0.00735873,5563.99,5,46.486,1747.57,1772.54,49.4841,1,2,0.8,0.0,0.0,5,0.0,0,True,1746968474.1619613,right,False
2273,1746968481.336224,182.258,15.1778,-3.65109,0.0145467,0.0239779,5567.7,5,46.506,1748.59,1773.55,49.4839,1,2,0.8,0.0,0.0,5,0.0,0,True,1746968474.1619613,right,False
2274,1746968481.3566935,182.066,16.9369,-3.34408,0.0184326,0.0394646,5574.55,5,46.526,1749.6,1774.57,49.4837,1,2,0.8,0.0,0.0,5,0.0,0,True,1746968474.1619613,right,False
2275,1746968481.3785143,181.87,18.3972,-3.02053,0.0219035,0.0537636,5581.78,5,46.546,1750.62,1775.58,49.4835,1,2,0.8,0.0,0.0,5,0.0,0,True,1746968474.1619613,right,False
2276,1746968481.3985298,181.676,19.5567,-2.67815,0.0249308,0.0667798,5592.17,5,46.566,1751.63,1776.6,49.4832,1,2,0.8,0.0,0.0,5,0.0,0,True,1746968474.1619613,right,False
2277,1746968481.4168773,181.495,20.4084,-2.31798,0.0274862,0.0783736,5603.52,5,46.586,1752.65,1777.61,49.483,1,2,0.8,0.0,0.0,5,0.0,0,True,1746968474.1619613,right,False
2278,1746968481.4379184,181.334,20.9406,-1.94067,0.0295532,0.0883924,5618.26,5,46.606,1753.66,1778.63,49.4828,1,2,0.8,0.0,0.0,5,0.0,0,True,1746968474.1619613,right,False
2279,1746968481.4579031,181.203,21.1329,-1.54152,0.0311401,0.0967051,5632.53,5,46.626,1754.68,1779.64,49.4825,1,2,0.8,0.0,0.0,5,0.0,0,True,1746968474.1619613,right,False
2280,1746968481.4788446,181.107,20.984,-1.13077,0.0322103,0.103198,5648.38,5,46.646,1755.69,1780.65,49.4823,1,2,0.8,0.0,0.0,5,0.0,0,True,1746968474.1619613,right,False
2281,1746968481.4967973,181.05,20.4984,-0.710365,0.0327962,0.107807,5663.47,5,46.666,1756.7,1781.67,49.4821,1,2,0.8,0.0,0.0,5,0.0,0,True,1746968474.1619613,right,False
2282,1746968481.5163174,181.035,19.674,-0.278624,0.0328776,0.110493,5675.29,5,46.686,1757.71,1782.68,49.4819,1,2,0.8,0.0,0.0,5,0.0,0,True,1746968474.1619613,right,False
2283,1746968481.5373132,181.058,18.5468,0.149028,0.0324666,0.111318,5684.51,5,46.706,1758.73,1783.69,49.4816,1,2,0.8,0.0,0.0,5,0.0,0,True,1746968474.1619613,right,False
2284,1746968481.5584204,181.119,17.1457,0.579065,0.0315837,0.110398,5685.4,5,46.726,1759.74,1784.7,49.4814,1,2,0.8,0.0,0.0,5,0.0,0,True,1746968474.1619613,right,False
2285,1746968481.5777984,181.214,15.5216,1.01129,0.0302409,0.107941,5669.71,5,46.746,1760.75,1785.71,49.4812,1,2,0.8,0.0,0.0,5,0.0,0,True,1746968474.1619613,right,False
2286,1746968481.5977383,181.324,13.7568,1.42018,0.0284709,0.104222,5650.88,5,46.766,1761.76,1786.72,49.4809,1,2,0.8,0.0,0.0,5,0.0,0,True,1746968474.1619613,right,False
2287,1746968481.6170754,181.444,11.9204,1.81131,0.0263102,0.0995838,5626.3,5,46.786,1762.77,1787.73,49.4807,1,2,0.8,0.0,0.0,5,0.0,0,True,1746968474.1619613,right,False
2288,1746968481.6370463,181.56,10.0989,2.1633,0.0237956,0.094391,5603.42,5,46.806,1763.78,1788.74,49.4805,1,2,0.8,0.0,0.1,5,0.0,0,True,1746968474.1619613,right,False
2289,1746968481.6568563,181.665,8.35617,2.49839,0.0209798,0.0890028,5582.27,5,46.826,1764.79,1789.75,49.4803,1,2,0.8,0.0,0.1,5,0.0,0,True,1746968474.1619613,right,False
2290,1746968481.6765184,181.761,6.92812,2.78276,0.0179484,0.082915,5564.35,5,46.846,1765.8,1790.76,49.48,1,2,0.8,0.0,0.1,5,0.0,0,True,1746968474.1619613,right,False
2291,1746968481.6988575,181.845,5.3699,3.01416,0.0148478,0.074824,5557.85,5,46.866,1766.81,1791.77,49.4798,1,2,0.8,0.0,0.1,5,0.0,0,True,1746968474.1619613,right,False
2292,1746968481.7174337,181.916,3.62227,3.19368,0.0117269,0.0650484,5555.89,5,46.886,1767.82,1792.78,49.4796,1,2,0.8,0.0,0.1,5,0.0,0,True,1746968474.1619613,right,False
2293,1746968481.7367427,181.97,1.75535,3.3206,0.00863444,0.0539624,5556.65,5,46.906,1768.83,1793.79,49.4793,1,2,0.8,0.0,0.1,5,0.0,0,True,1746968474.1619613,right,False
2294,1746968481.7572708,181.999,-0.176408,3.3966,0.00561523,0.0419142,5559.11,5,46.926,1769.84,1794.8,49.4791,1,2,0.8,0.0,0.1,5,0.0,0,True,1746968474.1619613,right,False
2295,1746968481.77717,182,-2.13584,3.4026,0.00269775,0.0292222,5565.55,5,46.946,1770.85,1795.81,49.4789,1,2,0.8,0.0,0.1,5,0.0,0,True,1746968474.1619613,right,False
2296,1746968481.7983851,181.967,-4.1043,3.34717,-6.91732e-005,0.0161678,5580.13,5,46.966,1771.86,1796.83,49.4787,1,2,0.8,0.0,0.1,5,0.0,0,True,1746968474.1619613,right,False
2297,1746968481.8175223,181.898,-6.05912,3.22742,-0.00268555,0.00300663,5609.92,5,46.986,1772.87,1797.84,49.4784,1,2,0.8,0.0,0.1,5,0.0,0,True,1746968474.1619613,right,False
2298,1746968481.8383138,181.78,-8.00928,3.03631,-0.00513102,-0.0100768,5668.42,5,47.006,1773.88,1798.85,49.4782,1,2,0.8,0.0,0.1,5,0.0,0,True,1746968474.1619613,right,False
2299,1746968481.8575463,181.621,-9.92183,2.82279,-0.00742187,-0.023063,5747.03,5,47.026,1774.89,1799.86,49.478,1,2,0.8,0.0,0.1,5,0.0,0,True,1746968474.1619613,right,False
2300,1746968481.8761845,181.431,-11.836,2.55236,-0.0095459,-0.036063,5830.9,5,47.046,1775.9,1800.87,49.4777,1,2,0.8,0.0,0.1,5,0.0,0,True,1746968474.1619613,right,False
2301,1746968481.8987606,181.21,-13.7614,2.27261,-0.011499,-0.0492376,5914.92,5,47.066,1776.91,1801.87,49.4775,1,2,0.8,0.0,0.1,5,0.0,0,True,1746968474.1619613,right,False
2302,1746968481.9174066,180.958,-15.7482,1.97374,-0.0132935,-0.0627726,5997.57,5,47.086,1777.92,1802.88,49.4773,1,2,0.8,0.0,0.1,5,0.0,0,True,1746968474.1619613,right,False
2303,1746968481.9364052,180.673,-17.7789,1.65416,-0.0149129,-0.0765956,6078.28,5,47.106,1778.93,1803.89,49.4771,1,2,0.8,0.0,0.0,5,0.0,0,True,1746968474.1619613,left,False
2304,1746968481.9559815,180.358,-19.7888,1.34944,-0.0163534,-0.0906051,6157.12,5,47.126,1779.93,1804.9,49.4768,1,2,0.8,0.0,0.0,5,0.0,0,True,1746968474.1619613,left,False
2305,1746968481.9787164,180.03,-21.77,1.05607,-0.0176025,-0.104428,6239.51,5,47.146,1780.94,1805.91,49.4766,1,2,0.8,0.0,0.0,5,0.0,0,True,1746968474.1619613,left,False
2306,1746968481.9985268,179.695,-23.6431,0.773212,-0.0186605,-0.117722,6314.43,5,47.166,1781.95,1806.91,49.4764,1,2,0.8,0.0,0.0,5,0.0,0,True,1746968474.1619613,left,False
2307,1746968482.0183454,179.368,-25.3712,0.497362,-0.019519,-0.130449,6364.73,5,47.186,1782.95,1807.92,49.4761,1,2,0.8,0.0,0.0,5,0.0,0,True,1746968474.1619613,left,False
2308,1746968482.0396283,179.103,-26.9347,0.248832,-0.0201579,-0.142523,6334.23,5,47.206,1783.96,1808.93,49.4759,1,2,0.8,0.0,0.0,5,0.0,0,True,1746968474.1619613,left,False
2309,1746968482.0572295,178.881,-28.3368,0.0257242,-0.0205607,-0.153941,6254.83,5,47.226,1784.97,1809.93,49.4757,1,2,0.8,0.0,0.0,5,0.0,0,True,1746968474.1619613,left,False
2310,1746968482.0772645,178.673,-29.5932,-0.180887,-0.0207113,-0.164741,6162.44,5,47.246,1785.97,1810.94,49.4754,1,2,0.8,0.0,0.0,5,0.0,0,True,1746968474.1619613,left,False
2311,1746968482.0983427,178.475,-30.7083,-0.374857,-0.0205973,-0.174959,6068.19,5,47.266,1786.98,1811.94,49.4752,1,2,0.8,0.0,0.0,5,0.0,0,True,1746968474.1619613,left,False
2312,1746968482.117435,178.277,-31.6916,-0.554051,-0.0202067,-0.184621,5983.11,5,47.286,1787.98,1812.95,49.475,1,2,0.8,0.0,0.0,5,0.0,0,True,1746968474.1619613,left,False
2313,1746968482.1368585,178.067,-32.5715,-0.741624,-0.0195394,-0.193747,5929.71,5,47.306,1788.99,1813.95,49.4748,1,2,0.8,0.0,0.0,5,0.0,0,True,1746968474.1619613,left,False
2314,1746968482.1585324,177.854,-33.3386,-0.913916,-0.0185791,-0.202385,5888.14,5,47.326,1789.99,1814.96,49.4745,1,2,0.8,0.0,0.0,5,0.0,0,True,1746968474.1619613,left,False
2315,1746968482.1778817,177.639,-34.0131,-1.08721,-0.0173381,-0.21053,5863.63,5,47.346,1791,1815.96,49.4743,1,2,0.8,0.0,0.0,5,0.0,0,True,1746968474.1619613,left,False
2316,1746968482.1970694,177.418,-34.6166,-1.26899,-0.0158122,-0.218251,5857.73,5,47.366,1792,1816.97,49.4741,1,2,0.8,0.0,0.0,5,0.0,0,True,1746968474.1619613,left,False
2317,1746968482.2162566,177.198,-35.1436,-1.44756,-0.0140055,-0.225561,5866.1,5,47.386,1793.01,1817.97,49.4738,1,2,0.8,0.0,0.0,5,0.0,0,True,1746968474.1619613,left,False
2318,1746968482.237537,176.981,-35.5971,-1.63131,-0.0119141,-0.232453,5885.6,5,47.406,1794.01,1818.97,49.4736,1,2,0.8,0.0,0.0,5,0.0,0,True,1746968474.1619613,left,False
2319,1746968482.257471,176.767,-35.9813,-1.82073,-0.0095459,-0.238906,5914.78,5,47.426,1795.01,1819.97,49.4734,1,2,0.8,0.0,0.0,5,0.0,0,True,1746968474.1619613,left,False
2320,1746968482.276942,176.564,-36.2778,-2.01225,-0.0068929,-0.244883,5950.28,5,47.446,1796.01,1820.97,49.4732,1,2,0.8,0.0,0.0,5,0.0,0,True,1746968474.1619613,left,False
2321,1746968482.296883,176.365,-36.5102,-2.21154,-0.00397135,-0.250416,5997.94,5,47.466,1797.01,1821.97,49.4729,1,2,0.8,0.0,0.0,5,0.0,0,True,1746968474.1619613,left,False
2322,1746968482.3169496,176.191,-36.6426,-2.39873,-0.000769043,-0.255491,6034.1,5,47.486,1798.01,1822.97,49.4727,1,2,0.8,0.0,0.0,5,0.0,0,True,1746968474.1619613,left,False
2323,1746968482.341052,176.039,-36.7008,-2.58228,0.00270182,-0.260163,6061.88,5,47.506,1799.01,1823.97,49.4725,1,2,0.8,0.0,0.0,5,0.0,0,True,1746968474.1619613,left,False
2324,1746968482.3575325,175.893,-36.6837,-2.7801,0.00645752,-0.264361,6102.3,5,47.526,1800,1824.97,49.4722,1,2,0.8,0.0,0.0,5,0.0,0,True,1746968474.1619613,left,False
2325,1746968482.378304,175.776,-36.5849,-2.97772,0.0104858,-0.268055,6129.3,5,47.546,1801,1825.97,49.472,1,2,0.8,0.0,0.0,5,0.0,0,True,1746968474.1619613,left,False
2326,1746968482.3974564,175.673,-36.3955,-3.16889,0.0147868,-0.271274,6157.76,5,47.566,1802,1826.96,49.4718,1,2,0.8,0.0,0.0,5,0.0,0,True,1746968474.1619613,left,False
2327,1746968482.4162815,175.589,-36.1355,-3.37309,0.0193563,-0.27401,6190.36,5,47.586,1802.99,1827.95,49.4716,1,2,0.8,0.0,0.0,5,0.0,0,True,1746968474.1619613,left,False
2328,1746968482.4358716,175.529,-35.7891,-3.57594,0.0241984,-0.276275,6215.47,5,47.606,1803.98,1828.95,49.4713,1,2,0.8,0.0,0.0,5,0.0,0,True,1746968474.1619613,left,False
2329,1746968482.4579444,175.489,-35.354,-3.77855,0.0293091,-0.278034,6236.37,5,47.626,1804.98,1829.94,49.4711,1,2,0.8,0.0,0.0,5,0.0,0,True,1746968474.1619613,left,False
2330,1746968482.477475,175.472,-34.8367,-3.98069,0.0346924,-0.27929,6252.52,5,47.646,1805.97,1830.93,49.4709,1,2,0.8,0.0,0.0,5,0.0,0,True,1746968474.1619613,left,False
2331,1746968482.4968567,175.476,-34.2247,-4.17841,0.0403442,-0.280021,6266.51,5,47.666,1806.96,1831.92,49.4706,1,2,0.8,0.0,0.0,5,0.0,0,True,1746968474.1619613,left,False
2332,1746968482.5195081,175.508,-33.5271,-4.37787,0.0462606,-0.280243,6269.41,5,47.686,1807.95,1832.91,49.4704,1,2,0.8,0.0,0.0,5,0.0,0,True,1746968474.1619613,left,False
2333,1746968482.5385437,175.554,-32.7333,-4.56995,0.0524495,-0.279931,6276.32,5,47.706,1808.94,1833.9,49.4702,1,2,0.8,0.0,0.0,5,0.0,0,True,1746968474.1619613,left,False
2334,1746968482.557093,175.631,-31.8582,-4.77138,0.0589071,-0.27909,6269.88,5,47.726,1809.92,1834.89,49.47,1,2,0.8,0.0,0.0,5,0.0,0,True,1746968474.1619613,left,False
2335,1746968482.5769708,175.719,-30.8957,-4.96487,0.0656372,-0.277736,6267.01,5,47.746,1810.91,1835.88,49.4697,1,2,0.8,0.0,0.0,5,0.0,0,True,1746968474.1619613,left,False
2336,1746968482.5971847,175.823,-29.8577,-5.16377,0.0726278,-0.275898,6262.2,5,47.766,1811.9,1836.86,49.4695,1,2,0.8,0.0,0.0,5,0.0,0,True,1746968474.1619613,left,False
2337,1746968482.6165664,175.954,-28.7348,-5.35268,0.0798828,-0.273593,6239.72,5,47.786,1812.89,1837.85,49.4693,1,2,0.8,0.0,0.0,5,0.0,0,True,1746968474.1619613,left,False
2338,1746968482.638638,176.094,-27.5481,-5.54576,0.0873983,-0.27082,6220.91,5,47.806,1813.87,1838.84,49.469,1,2,0.8,0.0,0.0,5,0.0,0,True,1746968474.1619613,left,False
2339,1746968482.6571581,176.244,-26.2859,-5.73674,0.095166,-0.267589,6201,5,47.826,1814.86,1839.82,49.4688,1,2,0.8,0.0,0.0,5,0.0,0,True,1746968474.1619613,left,False
2340,1746968482.6762135,176.404,-24.9555,-5.92762,0.103198,-0.263897,6183.06,5,47.846,1815.84,1840.81,49.4686,1,2,0.8,0.0,0.0,5,0.0,0,True,1746968474.1619613,left,False
2341,1746968482.6976357,176.582,-23.5521,-6.10745,0.111479,-0.259755,6147.48,5,47.866,1816.82,1841.79,49.4684,1,2,0.8,0.0,-0.1,5,0.0,0,True,1746968474.1619613,left,False
2342,1746968482.7175372,176.769,-22.09,-6.29105,0.120003,-0.255175,6110.03,5,47.886,1817.81,1842.77,49.4681,1,2,0.8,0.0,-0.1,5,0.0,0,True,1746968474.1619613,left,False
2343,1746968482.7372859,176.975,-20.6318,-6.47837,0.12876,-0.249926,6075.16,5,47.906,1818.79,1843.76,49.4679,1,2,0.8,0.0,-0.1,5,0.0,0,True,1746968474.1619613,left,False
2344,1746968482.7589502,177.236,-19.01,-6.63967,0.137703,-0.243409,5993.13,5,47.926,1819.78,1844.74,49.4677,1,2,0.8,0.0,-0.1,5,0.0,0,True,1746968474.1619613,left,False
2345,1746968482.777336,177.53,-17.1938,-6.79327,0.146826,-0.235562,5887.71,5,47.946,1820.76,1845.72,49.4674,1,2,0.8,0.0,-0.1,5,0.0,0,True,1746968474.1619613,left,False
2346,1746968482.7974255,177.845,-15.1895,-6.94456,0.15612,-0.226376,5770.67,5,47.966,1821.74,1846.71,49.4672,1,2,0.8,0.0,-0.1,5,0.0,0,True,1746968474.1619613,left,False
2347,1746968482.8188374,178.164,-13.0056,-7.06811,0.165556,-0.215865,5644.3,5,47.986,1822.73,1847.69,49.467,1,2,0.8,0.0,-0.1,5,0.0,0,True,1746968474.1619613,left,False
2348,1746968482.8394933,178.447,-10.6734,-7.18374,0.17511,-0.204088,5553.3,5,48.006,1823.71,1848.68,49.4668,1,2,0.8,0.0,-0.1,5,0.0,0,True,1746968474.1619613,left,False
2349,1746968482.8577077,178.679,-8.23439,-7.2736,0.184745,-0.191131,5503.49,5,48.026,1824.7,1849.67,49.4665,1,2,0.8,0.0,-0.1,5,0.0,0,True,1746968474.1619613,left,False
2350,1746968482.8788571,178.861,-5.72248,-7.34469,0.194421,-0.177061,5481.14,5,48.046,1825.69,1850.65,49.4663,1,2,0.8,0.0,-0.1,5,0.0,0,True,1746968474.1619613,left,False
2351,1746968482.8980405,179.001,-3.17032,-7.38575,0.204069,-0.161943,5469.47,5,48.066,1826.68,1851.64,49.4661,1,2,0.8,0.0,-0.1,5,0.0,0,True,1746968474.1619613,left,False
2352,1746968482.9168618,179.095,-0.6,-7.38695,0.213635,-0.145846,5463.76,5,48.086,1827.66,1852.63,49.4658,1,2,0.8,0.0,-0.1,5,0.0,0,True,1746968474.1619613,left,False
2353,1746968482.9361093,179.141,1.97112,-7.36194,0.223071,-0.128864,5461.44,5,48.106,1828.65,1853.62,49.4656,1,2,0.8,0.0,-0.1,5,0.0,0,True,1746968474.1619613,left,False
2354,1746968482.9573588,179.139,4.52261,-7.28933,0.232312,-0.111095,5458.49,5,48.126,1829.64,1854.61,49.4654,1,2,0.8,0.0,-0.1,5,0.0,0,True,1746968474.1619613,left,False
2355,1746968482.9792879,179.082,7.0472,-7.17396,0.241296,-0.0926464,5457.74,5,48.146,1830.64,1855.6,49.4651,1,2,0.8,0.0,-0.1,5,0.0,0,True,1746968474.1619613,left,False
2356,1746968482.99798,178.971,9.53347,-7.01556,0.249972,-0.0736421,5457.02,5,48.166,1831.63,1856.59,49.4649,1,2,0.8,0.0,-0.1,5,0.0,0,True,1746968474.1619613,left,False
2357,1746968483.0181415,178.805,11.975,-6.82081,0.258289,-0.0542014,5457.33,5,48.186,1832.62,1857.59,49.4647,1,2,0.8,0.0,-0.1,5,0.0,0,True,1746968474.1619613,left,False
2358,1746968483.03632,178.585,14.3468,-6.57236,0.266199,-0.0344666,5458.85,5,48.206,1833.62,1858.58,49.4645,1,2,0.8,0.0,-0.1,5,0.0,0,True,1746968474.1619613,left,False
2359,1746968483.0565608,178.313,16.6349,-6.27847,0.273665,-0.0145848,5461.83,5,48.226,1834.61,1859.57,49.4642,1,2,0.8,0.0,-0.1,5,0.0,0,True,1746968474.1619613,left,False
2360,1746968483.0774615,177.994,18.8142,-5.92928,0.28064,0.00528305,5465.95,5,48.246,1835.6,1860.57,49.464,1,2,0.8,0.0,-0.1,5,0.0,0,True,1746968474.1619613,left,False
2361,1746968483.0993814,177.63,20.8718,-5.53864,0.287105,0.0249698,5474.85,5,48.266,1836.6,1861.56,49.4638,1,2,0.8,0.0,-0.1,6,0.0,0,False,1746968483.0961657,left,False
2362,1746968483.1190195,177.23,22.7804,-5.10282,0.293009,0.0442917,5486.07,5,48.286,1837.59,1862.56,49.4635,1,2,0.8,0.0,-0.1,6,0.0,0,False,1746968483.0961657,left,False
2363,1746968483.1365814,176.802,24.5253,-4.63614,0.298336,0.0630719,5502.56,5,48.306,1838.59,1863.55,49.4633,1,2,0.8,0.0,-0.1,6,0.0,0,False,1746968483.0961657,left,False
2364,1746968483.1585338,176.358,26.0659,-4.1325,0.303056,0.0810696,5522.05,5,48.326,1839.58,1864.55,49.4631,1,2,0.8,0.0,-0.1,6,0.0,0,False,1746968483.0961657,left,False
2365,1746968483.1783826,175.922,27.368,-3.5986,0.307153,0.0980813,5528.59,5,48.346,1840.58,1865.54,49.4629,1,2,0.8,0.0,-0.1,6,0.0,0,False,1746968483.0961657,left,False
2366,1746968483.1975589,175.515,28.4123,-3.0412,0.310608,0.113934,5510.65,5,48.366,1841.57,1866.54,49.4626,1,2,0.8,0.0,-0.1,6,0.0,0,False,1746968483.0961657,left,False
2367,1746968483.2192016,175.123,29.2021,-2.47681,0.313403,0.128497,5500.98,5,48.386,1842.56,1867.53,49.4624,1,2,0.8,0.0,-0.1,6,0.0,0,False,1746968483.0961657,left,False
2368,1746968483.2367077,174.722,29.9724,-1.48102,0.315568,0.141634,5522.81,5,48.406,1843.56,1868.52,49.4622,1,2,0.8,0.0,-0.1,6,0.0,0,False,1746968483.0961657,left,False
2369,1746968483.2564092,174.34,30.4384,-1.0752,0.317187,0.153069,5596.65,5,48.426,1844.55,1869.51,49.4619,1,2,0.8,0.0,-0.1,6,0.0,0,False,1746968483.0961657,left,False
2370,1746968483.2768755,174.004,30.5907,-0.699623,0.318237,0.162627,5678.02,5,48.446,1845.53,1870.5,49.4617,1,2,0.8,0.0,-0.1,6,0.0,0,False,1746968483.0961657,left,False
2371,1746968483.297482,173.725,30.4095,-0.323878,0.31873,0.170262,5759.42,5,48.466,1846.52,1871.49,49.4615,1,2,0.8,0.0,-0.1,6,0.0,0,False,1746968483.0961657,left,False
2372,1746968483.318481,173.5,29.9081,0.04632,0.31866,0.175999,5842.8,5,48.486,1847.51,1872.47,49.4613,1,2,0.8,0.0,-0.1,6,0.0,0,False,1746968483.0961657,left,False
2373,1746968483.3390427,173.332,29.0758,0.427943,0.318038,0.179826,5925.13,5,48.506,1848.49,1873.45,49.461,1,2,0.8,0.0,-0.1,6,0.0,0,False,1746968483.0961657,left,False
2374,1746968483.357947,173.211,28.0125,1.10954,0.316874,0.181788,5995.35,5,48.526,1849.47,1874.44,49.4608,1,2,0.8,0.0,-0.1,6,0.0,0,False,1746968483.0961657,left,False
2375,1746968483.377938,173.158,26.5975,1.47049,0.31519,0.181974,6057.69,5,48.546,1850.45,1875.42,49.4606,1,2,0.8,0.0,-0.1,6,0.0,0,False,1746968483.0961657,left,False
2376,1746968483.3965538,173.171,24.9319,1.82513,0.312976,0.180579,6086.7,5,48.566,1851.43,1876.4,49.4603,1,2,0.8,0.0,-0.1,6,0.0,0,False,1746968483.0961657,left,False
2377,1746968483.4190338,173.254,23.037,2.19055,0.310225,0.177762,6063.65,5,48.586,1852.41,1877.37,49.4601,1,2,0.8,0.0,-0.1,6,0.0,0,False,1746968483.0961657,left,False
2378,1746968483.4372437,173.383,20.9803,2.54059,0.30697,0.173761,6009.28,5,48.606,1853.38,1878.35,49.4599,1,2,0.8,0.0,-0.1,6,0.0,0,False,1746968483.0961657,left,False
2379,1746968483.45723,173.554,18.7995,2.90211,0.303215,0.168844,5914.1,5,48.626,1854.36,1879.32,49.4597,1,2,0.8,0.0,-0.1,6,0.0,0,False,1746968483.0961657,left,False
2380,1746968483.4764504,173.743,16.5668,3.25853,0.298975,0.163337,5792.96,5,48.646,1855.33,1880.3,49.4594,1,2,0.8,0.0,-0.1,6,0.0,0,False,1746968483.0961657,left,False
2381,1746968483.4963837,173.934,14.3561,3.61673,0.294271,0.157687,5663.39,5,48.666,1856.3,1881.27,49.4592,1,2,0.8,0.0,-0.1,6,0.0,0,False,1746968483.0961657,left,False
2382,1746968483.5173361,174.097,12.2667,3.9537,0.289132,0.152339,5547.84,5,48.686,1857.28,1882.24,49.459,1,2,0.8,0.0,-0.1,6,0.0,0,False,1746968483.0961657,left,False
2383,1746968483.5392642,174.226,10.3728,4.28972,0.283577,0.147805,5449.9,5,48.706,1858.25,1883.21,49.4587,1,2,0.8,0.0,-0.1,6,0.0,0,False,1746968483.0961657,left,False
2384,1746968483.5586443,174.309,8.76413,4.60303,0.277637,0.14454,5383.29,5,48.726,1859.22,1884.18,49.4585,1,2,0.8,0.0,-0.1,6,0.0,0,False,1746968483.0961657,left,False
2385,1746968483.5778694,174.35,7.49291,4.91097,0.271334,0.142919,5345,5,48.746,1860.19,1885.15,49.4583,1,2,0.8,0.0,-0.1,6,0.0,0,False,1746968483.0961657,left,False
2386,1746968483.5974078,174.361,6.59694,5.19709,0.264693,0.143171,5324.57,5,48.766,1861.16,1886.12,49.4581,1,2,0.8,0.0,-0.1,6,0.0,0,False,1746968483.0961657,left,False
2387,1746968483.6174877,174.352,6.07889,5.45784,0.257723,0.145389,5314.91,5,48.786,1862.13,1887.09,49.4578,1,2,0.8,0.0,-0.1,6,0.0,0,False,1746968483.0961657,left,False
2388,1746968483.6378884,174.328,5.91771,5.71018,0.250435,0.149571,5308.63,5,48.806,1863.1,1888.06,49.4576,1,2,0.8,0.0,-0.1,6,0.0,0,False,1746968483.0961657,left,False
2389,1746968483.6575546,174.29,6.09112,5.94004,0.242839,0.155652,5305.43,5,48.826,1864.06,1889.03,49.4574,1,2,0.8,0.0,-0.1,6,0.0,0,False,1746968483.0961657,left,False
2390,1746968483.6777637,174.239,6.55974,6.15804,0.234928,0.163518,5302.17,5,48.846,1865.03,1889.99,49.4571,1,2,0.8,0.0,-0.1,6,0.0,0,False,1746968483.0961657,left,False
2391,1746968483.6959348,174.169,7.29619,6.36873,0.226693,0.173042,5300.56,5,48.866,1865.99,1890.96,49.4569,1,2,0.8,0.0,-0.1,6,0.0,0,False,1746968483.0961657,left,False
2392,1746968483.7162719,174.079,8.25711,6.5793,0.218119,0.184065,5298.99,5,48.886,1866.96,1891.92,49.4567,1,2,0.8,0.0,-0.1,6,0.0,0,False,1746968483.0961657,left,False
2393,1746968483.7394583,173.965,9.40287,6.79063,0.209204,0.196418,5297.35,5,48.906,1867.92,1892.89,49.4565,1,2,0.8,0.0,-0.1,6,0.0,0,False,1746968483.0961657,left,False
2394,1746968483.7568269,173.822,10.7046,7.00201,0.199923,0.209932,5295.88,5,48.926,1868.88,1893.85,49.4562,1,2,0.8,0.0,-0.1,6,0.0,0,False,1746968483.0961657,left,False
2395,1746968483.7792425,173.649,12.1205,7.23192,0.190255,0.224459,5293.65,5,48.946,1869.84,1894.81,49.456,1,2,0.8,0.0,-0.1,6,0.0,0,False,1746968483.0961657,left,False
2396,1746968483.7980611,173.442,13.6282,7.4651,0.180184,0.239832,5290.84,5,48.966,1870.8,1895.77,49.4558,1,2,0.8,0.0,-0.1,6,0.0,0,False,1746968483.0961657,left,False
2397,1746968483.8160372,173.2,15.2019,7.7142,0.169686,0.255911,5289.98,5,48.986,1871.76,1896.72,49.4555,1,2,0.8,0.0,-0.1,6,0.0,0,False,1746968483.0961657,left,False
2398,1746968483.8361294,172.922,16.8095,7.97953,0.158748,0.272533,5288,5,49.006,1872.71,1897.68,49.4553,1,2,0.8,0.0,-0.1,6,0.0,0,False,1746968483.0961657,left,False
2399,1746968483.8573725,172.608,18.4361,8.25657,0.147359,0.289554,5286.95,5,49.026,1873.67,1898.63,49.4551,1,2,0.8,0.0,-0.1,6,0.0,0,False,1746968483.0961657,left,False
2400,1746968483.8805144,172.26,20.0525,8.54955,0.135506,0.306788,5288.24,5,49.046,1874.62,1899.58,49.4548,1,2,0.8,0.0,-0.1,6,0.0,0,False,1746968483.0961657,left,False
2401,1746968483.8973124,171.881,21.6305,8.8545,0.123153,0.324064,5290.29,5,49.066,1875.56,1900.53,49.4546,1,2,0.8,0.0,-0.1,6,0.0,0,False,1746968483.0961657,left,False
2402,1746968483.916334,171.476,23.1388,9.17752,0.110307,0.341165,5295.93,5,49.086,1876.51,1901.47,49.4544,1,2,0.8,0.0,-0.1,7,0.0,0,False,1746968483.9091568,left,False
2403,1746968483.9385424,171.053,24.5467,9.51367,0.0969604,0.357903,5302.45,5,49.106,1877.45,1902.41,49.4542,1,2,0.8,0.0,-0.1,7,0.0,0,False,1746968483.9091568,left,False
2404,1746968483.9584494,170.615,25.8291,9.85908,0.0831014,0.374075,5315.06,5,49.126,1878.39,1903.35,49.4539,1,2,0.8,0.0,-0.1,7,0.0,0,False,1746968483.9091568,left,False
2405,1746968483.976943,170.176,26.9504,10.2211,0.0687215,0.389481,5327.79,5,49.146,1879.32,1904.29,49.4537,1,2,0.8,0.0,-0.1,7,0.0,0,False,1746968483.9091568,left,False
2406,1746968483.9972456,169.743,27.8795,10.595,0.0538249,0.403907,5346.66,5,49.166,1880.25,1905.22,49.4535,1,2,0.8,0.0,-0.1,7,0.0,0,False,1746968483.9091568,left,False
2407,1746968484.017099,169.327,28.5886,10.9859,0.0384074,0.417186,5365.8,5,49.186,1881.18,1906.15,49.4532,1,2,0.8,0.0,-0.1,7,0.0,0,False,1746968483.9091568,left,False
2408,1746968484.0374858,168.936,29.0602,11.3827,0.0224569,0.42917,5387.42,5,49.206,1882.1,1907.07,49.453,1,2,0.8,0.0,-0.1,7,0.0,0,False,1746968483.9091568,left,False
2409,1746968484.0586946,168.581,29.2763,11.7909,0.00598958,0.439721,5408.58,5,49.226,1883.02,1907.99,49.4528,1,2,0.8,0.0,-0.1,7,0.0,0,False,1746968483.9091568,left,False
2410,1746968484.0768526,168.269,29.2284,12.2056,-0.0110148,0.448755,5427.03,5,49.246,1883.94,1908.9,49.4526,1,2,0.8,0.0,-0.1,7,0.0,0,False,1746968483.9091568,left,False
2411,1746968484.0970576,168.002,28.9168,12.6189,-0.02854,0.456192,5448.23,5,49.266,1884.85,1909.81,49.4523,1,2,0.8,0.0,-0.1,7,0.0,0,False,1746968483.9091568,left,False
2412,1746968484.1172347,167.787,28.3312,13.0335,-0.046582,0.461973,5463.67,5,49.286,1885.75,1910.72,49.4521,1,2,0.8,0.0,-0.1,7,0.0,0,False,1746968483.9091568,left,False
2413,1746968484.1385841,167.629,27.4716,13.455,-0.0651449,0.466117,5464.47,5,49.306,1886.66,1911.62,49.4519,1,2,0.8,0.0,-0.1,7,0.0,0,False,1746968483.9091568,left,False
2414,1746968484.158362,167.522,26.3621,13.8722,-0.0842204,0.468661,5460.69,5,49.326,1887.55,1912.52,49.4516,1,2,0.8,0.0,-0.1,7,0.0,0,False,1746968483.9091568,left,False
2415,1746968484.1792092,167.461,25.0152,14.2837,-0.103809,0.469684,5449.12,5,49.346,1888.45,1913.41,49.4514,1,2,0.8,0.0,0.0,7,0.0,0,False,1746968483.9091568,right,False
2416,1746968484.1961522,167.435,23.4726,14.6876,-0.123893,0.469334,5434.65,5,49.366,1889.33,1914.3,49.4512,1,2,0.8,0.0,0.0,7,0.0,0,False,1746968483.9091568,right,False
2417,1746968484.216485,167.478,21.7984,15.0894,-0.144458,0.467657,5407.92,5,49.386,1890.22,1915.18,49.451,1,2,0.8,0.0,0.0,7,0.0,0,False,1746968483.9091568,right,False
2418,1746968484.236688,167.562,19.9799,15.4707,-0.16547,0.464577,5370.82,5,49.406,1891.1,1916.06,49.4507,1,2,0.8,0.0,0.0,7,0.0,0,False,1746968483.9091568,right,False
2419,1746968484.2573013,167.665,18.0278,15.8287,-0.186914,0.460288,5330.37,5,49.426,1891.97,1916.94,49.4505,1,2,0.8,0.0,0.0,7,0.0,0,False,1746968483.9091568,right,False
2420,1746968484.277168,167.778,15.9877,16.1744,-0.208769,0.455039,5284.77,5,49.446,1892.85,1917.81,49.4503,1,2,0.8,0.0,0.0,7,0.0,0,False,1746968483.9091568,right,False
2421,1746968484.2978613,167.886,13.9275,16.4989,-0.230998,0.449111,5245.53,5,49.466,1893.72,1918.68,49.45,1,2,0.8,0.0,0.0,7,0.0,0,False,1746968483.9091568,right,False
2422,1746968484.3161883,167.981,11.9092,16.7893,-0.253564,0.442786,5211.91,5,49.486,1894.59,1919.55,49.4498,1,2,0.8,0.0,0.0,7,0.0,0,False,1746968483.9091568,right,False
2423,1746968484.3386629,168.057,9.98818,17.057,-0.276432,0.436358,5186.03,5,49.506,1895.45,1920.42,49.4496,1,2,0.8,0.0,0.0,7,0.0,0,False,1746968483.9091568,right,False
2424,1746968484.359119,168.115,8.21149,17.2931,-0.299565,0.430072,5167.69,5,49.526,1896.32,1921.28,49.4494,1,2,0.8,0.0,0.0,7,0.0,0,False,1746968483.9091568,right,False
2425,1746968484.377106,168.155,6.61328,17.4925,-0.322909,0.424133,5154.35,5,49.546,1897.18,1922.14,49.4491,1,2,0.8,0.0,0.0,7,0.0,0,False,1746968483.9091568,right,False
2426,1746968484.39623,168.179,5.20976,17.6637,-0.346436,0.418681,5145.07,5,49.566,1898.04,1923,49.4489,1,2,0.8,0.0,0.0,7,0.0,0,False,1746968483.9091568,right,False
2427,1746968484.4184942,168.19,4.00032,17.8027,-0.370101,0.413789,5138.84,5,49.586,1898.9,1923.86,49.4487,1,2,0.8,0.0,0.0,7,0.0,0,False,1746968483.9091568,right,False
2428,1746968484.4370542,168.191,2.97744,17.9039,-0.393872,0.409465,5136.17,5,49.606,1899.75,1924.72,49.4484,1,2,0.8,0.0,0.0,7,0.0,0,False,1746968483.9091568,right,False
2429,1746968484.4574015,168.187,2.11943,17.9886,-0.417741,0.405697,5131.87,5,49.626,1900.61,1925.57,49.4482,1,2,0.8,0.0,0.0,7,0.0,0,False,1746968483.9091568,right,False
2430,1746968484.476555,168.176,1.41248,18.0292,-0.44165,0.402441,5132.06,5,49.646,1901.46,1926.43,49.448,1,2,0.8,0.0,0.0,7,0.0,0,False,1746968483.9091568,right,False
2431,1746968484.5009296,168.162,0.832875,18.0487,-0.465609,0.399649,5131.36,5,49.666,1902.32,1927.28,49.4478,1,2,0.8,0.0,0.0,7,0.0,0,False,1746968483.9091568,right,False
2432,1746968484.5175233,168.146,0.36296,18.0326,-0.489583,0.397272,5132.31,5,49.686,1903.17,1928.14,49.4475,1,2,0.8,0.0,0.0,7,0.0,0,False,1746968483.9091568,right,False
2433,1746968484.5379007,168.128,-0.0139598,17.9963,-0.513578,0.395267,5133.81,5,49.706,1904.03,1928.99,49.4473,1,2,0.8,0.0,0.0,8,0.0,0,False,1746968484.5187356,right,False
2434,1746968484.5577402,168.109,-0.311842,17.9376,-0.537569,0.39359,5135.66,5,49.726,1904.88,1929.84,49.4471,1,2,0.8,0.0,0.0,8,0.0,0,False,1746968484.5187356,right,False
2435,1746968484.577316,168.09,-0.543198,17.8618,-0.561568,0.392205,5136.67,5,49.746,1905.73,1930.7,49.4468,1,2,0.8,0.0,0.0,8,0.0,0,False,1746968484.5187356,right,False
2436,1746968484.59728,168.071,-0.716899,17.778,-0.585555,0.391082,5138.08,5,49.766,1906.58,1931.55,49.4466,1,2,0.8,0.0,0.0,8,0.0,0,False,1746968484.5187356,right,False
2437,1746968484.6170104,168.053,-0.841192,17.6914,-0.609522,0.390196,5138.76,5,49.786,1907.43,1932.4,49.4464,1,2,0.8,0.0,0.0,8,0.0,0,False,1746968484.5187356,right,False
2438,1746968484.6375146,168.034,-0.921588,17.6081,-0.633484,0.389527,5139.01,5,49.806,1908.28,1933.25,49.4462,1,2,0.8,0.0,0.0,8,0.0,0,False,1746968484.5187356,right,False
2439,1746968484.6576538,168.017,-0.964083,17.5271,-0.657434,0.389057,5139.1,5,49.826,1909.13,1934.1,49.4459,1,2,0.8,0.0,0.0,8,0.0,0,False,1746968484.5187356,right,False
2440,1746968484.677568,168,-0.974146,17.4516,-0.68136,0.388767,5138.59,5,49.846,1909.98,1934.95,49.4457,1,2,0.8,0.0,0.0,8,0.0,0,False,1746968484.5187356,right,False
2441,1746968484.6974397,167.984,-0.955824,17.3845,-0.705278,0.388643,5137.21,5,49.866,1910.83,1935.8,49.4455,1,2,0.8,0.0,0.0,8,0.0,0,False,1746968484.5187356,right,False
2442,1746968484.7167888,167.968,-0.913103,17.3253,-0.729171,0.388669,5135.9,5,49.886,1911.68,1936.65,49.4452,1,2,0.8,0.0,0.0,8,0.0,0,False,1746968484.5187356,right,False
2443,1746968484.7390544,167.952,-0.850157,17.2756,-0.753056,0.38883,5134.08,5,49.906,1912.53,1937.5,49.445,1,2,0.8,0.0,0.0,8,0.0,0,False,1746968484.5187356,right,False
2444,1746968484.756882,167.937,-0.771382,17.2339,-0.776925,0.389111,5132.03,5,49.926,1913.38,1938.34,49.4448,1,2,0.8,0.0,0.0,8,0.0,0,False,1746968484.5187356,right,False
2445,1746968484.7791114,167.922,-0.678749,17.2024,-0.800781,0.389501,5130.45,5,49.946,1914.23,1939.19,49.4445,1,2,0.8,0.0,0.0,8,0.0,0,False,1746968484.5187356,right,False
2446,1746968484.799108,167.907,-0.576316,17.1753,-0.824622,0.389987,5128.78,5,49.966,1915.07,1940.04,49.4443,1,2,0.8,0.0,0.0,8,0.0,0,False,1746968484.5187356,right,False
2447,1746968484.8176062,167.891,-0.465992,17.1533,-0.848458,0.390559,5128.63,5,49.986,1915.92,1940.89,49.4441,1,2,0.8,0.0,0.0,8,0.0,0,False,1746968484.5187356,right,False
2448,1746968484.8363914,167.875,-0.350509,17.1373,-0.87229,0.391205,5127.17,5,50.006,1916.77,1941.73,49.4439,1,2,0.8,0.0,0.0,8,0.0,0,False,1746968484.5187356,right,False
2449,1746968484.856287,141.926,61.319,16.8828,-0.878837,0.395101,5100.01,5,50.026,1917.61,1942.58,49.4436,210,2,0.8,0.0,0.0,8,0.0,0,False,1746968484.5187356,right,False
2450,1746968484.877826,141.255,62.804,16.2058,-0.877844,0.402181,5197.12,5,50.046,1918.46,1943.42,49.4434,210,2,0.8,0.0,0.0,8,0.0,0,False,1746968484.5187356,right,False
2451,1746968484.8982873,140.774,63.8141,15.4997,-0.876876,0.409269,5317.72,5,50.066,1919.3,1944.26,49.4432,210,2,0.8,0.0,0.0,8,0.0,0,False,1746968484.5187356,right,False
2452,1746968484.91753,140.286,64.8207,14.7936,-0.875903,0.416358,5437.68,5,50.086,1920.14,1945.11,49.4429,210,2,0.8,0.0,0.0,8,0.0,0,False,1746968484.5187356,right,False
2453,1746968484.9375021,139.791,65.8239,14.0875,-0.874915,0.423445,5557.01,5,50.106,1920.99,1945.95,49.4427,210,2,0.8,0.0,0.0,9,0.0,0,False,1746968484.926081,right,False
2454,1746968484.9587479,139.289,66.8237,13.3814,-0.873922,0.430533,5675.7,5,50.126,1921.83,1946.79,49.4425,210,2,0.8,0.0,0.0,9,0.0,0,False,1746968484.926081,right,False
2455,1746968484.9762897,138.78,67.8198,12.6754,-0.872921,0.437621,5793.68,5,50.146,1922.67,1947.64,49.4423,210,2,0.8,0.0,0.0,9,0.0,0,False,1746968484.926081,right,False
2456,1746968484.9976523,138.264,68.8124,11.9693,-0.871908,0.444708,5909.11,5,50.166,1923.51,1948.48,49.442,210,2,0.8,0.0,0.0,9,0.0,0,False,1746968484.926081,right,False
2457,1746968485.020082,137.741,69.8013,11.2632,-0.87089,0.451795,6021.37,5,50.186,1924.36,1949.32,49.4418,210,2,0.8,0.0,0.0,9,0.0,0,False,1746968484.926081,right,False
2458,1746968485.0379515,137.211,70.7865,10.5571,-0.869853,0.458882,6130.57,5,50.206,1925.2,1950.16,49.4416,210,2,0.8,0.0,0.0,9,0.0,0,False,1746968484.926081,right,False
2459,1746968485.057656,136.675,71.7679,9.85106,-0.868819,0.465969,6236.78,5,50.226,1926.04,1951.01,49.4413,210,2,0.8,0.0,0.0,9,0.0,0,False,1746968484.926081,right,False
2460,1746968485.0767417,136.132,72.7456,9.14498,-0.867778,0.473056,6340.23,5,50.246,1926.88,1951.85,49.4411,210,2,0.8,0.0,0.0,9,0.0,0,False,1746968484.926081,right,False
2461,1746968485.0971608,135.582,73.7194,8.43891,-0.86672,0.480143,6441.67,5,50.266,1927.73,1952.69,49.4409,210,2,0.8,0.0,0.0,9,0.0,0,False,1746968484.926081,right,False
2462,1746968485.1164646,135.025,74.6893,7.73283,-0.865658,0.487229,6541.25,5,50.286,1928.57,1953.53,49.4407,210,2,0.8,0.0,0.0,9,0.0,0,False,1746968484.926081,right,False
2463,1746968485.1363864,134.462,75.6552,7.02675,-0.864583,0.494316,6638.98,5,50.306,1929.41,1954.38,49.4404,210,2,0.8,0.0,0.0,9,0.0,0,False,1746968484.926081,right,False
2464,1746968485.1566808,133.892,76.6171,6.32067,-0.863505,0.501402,6734.93,5,50.326,1930.25,1955.22,49.4402,210,2,0.8,0.0,0.0,9,0.0,0,False,1746968484.926081,right,False
2465,1746968485.1774802,133.315,77.5751,5.6146,-0.862415,0.508488,6822.12,5,50.346,1931.09,1956.06,49.44,210,2,0.8,0.0,0.0,9,0.0,0,False,1746968484.926081,right,False
2466,1746968485.1965818,132.732,78.5289,4.90852,-0.861312,0.515574,6816.66,5,50.366,1931.94,1956.9,49.44,210,2,0.8,0.0,0.0,9,0.0,0,False,1746968484.926081,right,False
2467,1746968485.2174983,132.143,79.4786,4.20244,-0.860201,0.52266,6816.66,5,50.386,1932.78,1957.74,49.44,210,2,0.8,0.0,0.0,9,0.0,0,False,1746968484.926081,right,False
2468,1746968485.2385275,131.546,80.4241,3.49636,-0.859086,0.529746,6816.66,5,50.406,1933.62,1958.58,49.44,210,2,0.8,0.0,0.0,9,0.0,0,False,1746968484.926081,right,False
2469,1746968485.2580485,130.943,81.3653,2.79028,-0.857959,0.536831,6816.66,5,50.426,1934.46,1959.43,49.44,210,2,0.8,0.0,0.0,9,0.0,0,False,1746968484.926081,right,False
2470,1746968485.2780116,130.334,82.3023,2.0842,-0.856824,0.543916,6816.66,5,50.446,1935.3,1960.27,49.44,210,2,0.8,0.0,0.0,9,0.0,0,False,1746968484.926081,right,False
2471,1746968485.297362,129.718,83.235,1.37812,-0.85568,0.551002,6816.66,5,50.466,1936.14,1961.11,49.44,210,2,0.8,0.0,0.0,9,0.0,0,False,1746968484.926081,right,False
2472,1746968485.3183486,129.096,84.1633,0.672046,-0.854529,0.558087,6816.66,5,50.486,1936.98,1961.95,49.44,210,2,0.8,0.0,0.0,9,0.0,0,False,1746968484.926081,right,False
2473,1746968485.3362846,128.468,85.0872,-0.0340328,-0.853361,0.565172,6816.65,5,50.506,1937.83,1962.79,49.44,210,2,0.8,0.0,0.0,9,0.0,0,False,1746968484.926081,right,False
2474,1746968485.3578086,127.833,86.0066,-0.740111,-0.852185,0.572258,6816.65,5,50.526,1938.67,1963.63,49.44,210,2,0.8,0.0,0.0,9,0.0,0,False,1746968484.926081,right,False
2475,1746968485.3787286,127.192,86.9215,-1.44619,-0.851009,0.579343,6816.65,5,50.546,1939.51,1964.47,49.44,210,2,0.8,0.0,0.0,9,0.0,0,False,1746968484.926081,right,False
2476,1746968485.3963535,126.545,87.8319,-2.15227,-0.849813,0.586427,6816.65,5,50.566,1940.35,1965.31,49.44,210,2,0.8,0.0,0.0,9,0.0,0,False,1746968484.926081,right,False
2477,1746968485.418799,125.891,88.7376,-2.85835,-0.848612,0.593512,6816.65,5,50.586,1941.19,1966.15,49.44,210,2,0.8,0.0,0.0,9,0.0,0,False,1746968484.926081,right,False
2478,1746968485.43782,125.231,89.6387,-3.56442,-0.847404,0.600596,6816.65,5,50.606,1942.03,1967,49.44,210,2,0.8,0.0,0.0,9,0.0,0,False,1746968484.926081,right,False
2479,1746968485.4572656,124.565,90.5352,-4.2705,-0.846183,0.607681,6816.65,5,50.626,1942.87,1967.84,49.44,210,2,0.8,0.0,0.0,9,0.0,0,False,1746968484.926081,right,False
2480,1746968485.4773695,123.893,91.4269,-4.97658,-0.844954,0.614765,6816.65,5,50.646,1943.71,1968.68,49.44,210,2,0.8,0.0,0.0,9,0.0,0,False,1746968484.926081,right,False
2481,1746968485.497637,123.215,92.3138,-5.68266,-0.843713,0.62185,6816.65,5,50.666,1944.55,1969.52,49.44,210,2,0.8,0.0,0.0,9,0.0,0,False,1746968484.926081,right,False
2482,1746968485.5180671,122.53,93.1959,-6.38873,-0.842468,0.628934,6816.65,5,50.686,1945.39,1970.36,49.44,210,2,0.8,0.0,0.0,9,0.0,0,False,1746968484.926081,right,False
2483,1746968485.5374718,121.84,94.0732,-7.09481,-0.841211,0.636018,6816.65,5,50.706,1946.23,1971.2,49.44,210,2,0.8,0.0,0.0,9,0.0,0,False,1746968484.926081,right,False
2484,1746968485.557772,121.143,94.9455,-7.80089,-0.839941,0.643102,6816.65,5,50.726,1947.07,1972.04,49.44,210,2,0.8,0.0,0.0,9,0.0,0,False,1746968484.926081,right,False
2485,1746968485.578201,120.441,95.8129,-8.50697,-0.838664,0.650186,6816.65,5,50.746,1947.91,1972.88,49.44,210,2,0.8,0.0,0.0,9,0.0,0,False,1746968484.926081,right,False
2486,1746968485.597546,119.733,96.6753,-9.21305,-0.837378,0.65727,6816.65,5,50.766,1948.75,1973.72,49.44,210,2,0.8,0.0,0.0,9,0.0,0,False,1746968484.926081,right,False
2487,1746968485.6172736,119.019,97.5326,-9.91912,-0.836084,0.664354,6816.65,5,50.786,1949.59,1974.56,49.44,210,2,0.8,0.0,0.0,9,0.0,0,False,1746968484.926081,right,False
2488,1746968485.636966,118.299,98.3849,-10.6252,-0.834778,0.671438,6816.65,5,50.806,1950.43,1975.4,49.44,210,2,0.8,0.0,0.0,9,0.0,0,False,1746968484.926081,right,False
2489,1746968485.6568522,117.573,99.2321,-11.3313,-0.833464,0.678522,6816.65,5,50.826,1951.27,1976.24,49.44,210,2,0.8,0.0,0.0,9,0.0,0,False,1746968484.926081,right,False
2490,1746968485.6787,116.841,100.074,-12.0374,-0.832141,0.685605,6816.65,5,50.846,1952.11,1977.08,49.44,210,2,0.8,0.0,0.0,9,0.0,0,False,1746968484.926081,right,False
2491,1746968485.6963534,116.104,100.911,-12.7434,-0.830811,0.692689,6816.65,5,50.866,1952.95,1977.92,49.44,210,2,0.8,0.0,0.0,9,0.0,0,False,1746968484.926081,right,False
2492,1746968485.7180502,115.361,101.742,-13.4495,-0.829468,0.699772,6816.65,5,50.886,1953.79,1978.76,49.44,210,2,0.8,0.0,0.0,9,0.0,0,False,1746968484.926081,right,False
2493,1746968485.7359602,114.612,102.569,-14.1556,-0.828117,0.706856,6816.65,5,50.906,1954.63,1979.6,49.44,210,2,0.8,0.0,0.0,9,0.0,0,False,1746968484.926081,right,False
2494,1746968485.7573054,113.857,103.39,-14.8617,-0.826754,0.713939,6816.65,5,50.926,1955.47,1980.44,49.44,210,2,0.8,0.0,0.0,9,0.0,0,False,1746968484.926081,right,False
2495,1746968485.7785249,113.098,104.205,-15.5677,-0.825387,0.721023,6816.65,5,50.946,1956.31,1981.28,49.44,210,2,0.8,0.0,0.0,9,0.0,0,False,1746968484.926081,right,False
2496,1746968485.7963712,112.332,105.015,-16.2738,-0.824007,0.728106,6816.65,5,50.966,1957.15,1982.12,49.44,210,2,0.8,0.0,0.0,9,0.0,0,False,1746968484.926081,right,False
2497,1746968485.8163223,111.561,105.82,-16.9799,-0.82262,0.735189,6816.65,5,50.986,1957.99,1982.96,49.44,210,2,0.8,0.0,0.0,9,0.0,0,False,1746968484.926081,right,False
2498,1746968485.8376486,110.932,106.52,-17.5487,-0.821232,0.742534,6629.73,5,51.006,1958.83,1983.8,49.4399,210,2,0.8,0.0,0.0,9,0.0,0,False,1746968484.926081,right,False
2499,1746968485.8564117,110.284,106.9,-17.5506,-0.820072,0.754205,6153.96,5,51.026,1959.67,1984.64,49.4397,210,2,0.8,0.0,0.0,9,0.0,0,False,1746968484.926081,right,False
2500,1746968485.8786259,108.976,106.797,-16.8356,-0.819438,0.771681,5941.91,5,51.046,1960.51,1985.47,49.4395,210,2,0.8,0.0,0.0,9,0.0,0,False,1746968484.926081,right,False
2501,1746968485.8969748,104.167,110.371,-1.43058,-0.818392,0.793911,5700.42,5,51.066,1961.34,1986.31,49.4392,242,2,0.8,0.0,0.0,9,0.0,0,False,1746968484.926081,right,False
2502,1746968485.9192824,101.438,111.606,-1.24606,-0.817322,0.819654,5757.68,5,51.086,1962.17,1987.13,49.439,242,2,0.8,0.0,0.0,9,0.0,0,False,1746968484.926081,right,False
2503,1746968485.9411526,98.3621,113.067,-1.08786,-0.816622,0.848022,5797.03,5,51.106,1962.99,1987.95,49.4388,242,2,0.8,0.0,0.1,9,0.0,0,False,1746968484.926081,right,False
2504,1746968485.959153,95.2074,114.508,-0.868682,-0.816305,0.877922,5780.44,5,51.126,1963.8,1988.77,49.4386,242,2,0.8,0.0,0.1,9,0.0,0,False,1746968484.926081,right,False
2505,1746968485.978755,92.1709,115.742,-0.604205,-0.816435,0.907268,5750.85,5,51.146,1964.61,1989.58,49.4383,242,2,0.8,0.0,0.1,9,0.0,0,False,1746968484.926081,right,False
2506,1746968485.9973476,89.3366,116.696,-0.317222,-0.817033,0.934863,5669.89,5,51.166,1965.42,1990.39,49.4381,242,2,0.8,0.0,0.1,9,0.0,0,False,1746968484.926081,right,False
2507,1746968486.0185716,86.7776,117.274,-0.00147206,-0.818099,0.959629,5568,5,51.186,1966.22,1991.18,49.4379,242,2,0.8,0.0,0.1,9,0.0,0,False,1746968484.926081,right,False
2508,1746968486.0375245,84.5838,117.427,0.333284,-0.819621,0.980607,5473.42,5,51.206,1967.01,1991.98,49.4376,242,2,0.8,0.0,0.1,9,0.0,0,False,1746968484.926081,right,False
2509,1746968486.0575116,82.862,117.117,0.690176,-0.821586,0.997005,5385.59,5,51.226,1967.8,1992.76,49.4374,242,2,0.8,0.0,0.1,9,0.0,0,False,1746968484.926081,right,False
2510,1746968486.0790906,81.694,116.318,1.06921,-0.823975,1.00816,5320.3,5,51.246,1968.58,1993.54,49.4372,242,2,0.8,0.0,0.1,9,0.0,0,False,1746968484.926081,right,False
2511,1746968486.0982068,81.1355,115.01,1.46248,-0.826762,1.01353,5301.56,5,51.266,1969.35,1994.31,49.437,242,2,0.8,0.0,0.1,9,0.0,0,False,1746968484.926081,right,False
2512,1746968486.1187377,81.1183,113.262,2.32341,-0.829932,1.01281,5320.53,5,51.286,1970.11,1995.08,49.4367,242,2,0.8,0.0,0.1,9,0.0,0,False,1746968484.926081,right,False
2513,1746968486.1364632,81.7556,111.257,2.65873,-0.83339,1.00637,5397.44,5,51.306,1970.87,1995.83,49.4365,242,2,0.8,0.0,0.1,9,0.0,0,False,1746968484.926081,right,False
2514,1746968486.1562393,74.9907,114.234,2.6818,-0.833944,0.995678,5468.77,5,51.326,1971.62,1996.58,49.4363,242,2,0.8,0.0,0.1,9,0.0,0,False,1746968484.926081,right,False
2515,1746968486.1789064,76.571,112.051,2.60713,-0.834383,0.980872,5546.88,5,51.346,1972.36,1997.33,49.436,242,2,0.8,0.0,0.1,9,0.0,0,False,1746968484.926081,right,False
2516,1746968486.197388,78.659,109.513,2.47865,-0.835014,0.961498,5639.7,5,51.366,1973.1,1998.06,49.4358,242,2,0.8,0.0,0.1,9,0.0,0,False,1746968484.926081,right,False
2517,1746968486.2172575,81.2493,106.573,2.31313,-0.835868,0.937339,5740.12,5,51.386,1973.83,1998.8,49.4356,242,2,0.8,0.0,0.1,9,0.0,0,False,1746968484.926081,right,False
2518,1746968486.2371998,84.2148,103.223,2.13617,-0.837004,0.908421,5839.18,5,51.406,1974.56,1999.53,49.4353,242,2,0.8,0.0,0.1,9,0.0,0,False,1746968484.926081,right,False
2519,1746968486.257461,87.4658,99.4387,1.96271,-0.83835,0.875106,5935.85,5,51.426,1975.29,2000.25,49.4351,242,2,0.8,0.0,0.1,9,0.0,0,False,1746968484.926081,right,False
2520,1746968486.2769656,90.974,95.1797,1.79668,-0.839905,0.8378,6029.9,5,51.446,1976.01,2000.97,49.4349,242,2,0.8,0.0,0.1,9,0.0,0,False,1746968484.926081,right,False
2521,1746968486.2971337,94.6464,90.4236,1.65743,-0.841667,0.796906,6123.63,5,51.466,1976.72,2001.69,49.4347,242,2,0.8,0.0,0.1,9,0.0,0,False,1746968484.926081,right,False
2522,1746968486.3173845,98.3866,85.1654,1.55647,-0.843673,0.752898,6218.33,5,51.486,1977.44,2002.4,49.4344,242,2,0.8,0.0,0.1,9,0.0,0,False,1746968484.926081,right,False
2523,1746968486.3374114,102.113,79.3974,1.50067,-0.845943,0.706041,6314.14,5,51.506,1978.14,2003.11,49.4342,242,2,0.8,0.0,0.1,9,0.0,0,False,1746968484.926081,right,False
2524,1746968486.3571904,105.753,73.1307,1.49563,-0.848499,0.656577,6410.36,5,51.526,1978.85,2003.81,49.434,242,2,0.8,0.0,0.1,9,0.0,0,False,1746968484.926081,right,False
2525,1746968486.3777385,109.241,66.3814,1.53162,-0.851367,0.604681,6505.59,5,51.546,1979.54,2004.51,49.4337,242,2,0.8,0.0,0.1,9,0.0,0,False,1746968484.926081,right,False
2526,1746968486.3985395,112.509,59.1513,1.62379,-0.85459,0.550536,6598.5,5,51.566,1980.24,2005.2,49.4335,242,2,0.8,0.0,0.1,9,0.0,0,False,1746968484.926081,right,False
2527,1746968486.4175854,115.493,51.4718,1.76953,-0.858191,0.494353,6688.24,5,51.586,1980.93,2005.89,49.4333,242,2,0.8,0.0,0.1,9,0.0,0,False,1746968484.926081,right,False
2528,1746968486.4363909,118.131,43.4057,1.96143,-0.862203,0.43641,6774.23,5,51.606,1981.61,2006.58,49.4331,242,2,0.8,0.0,0.1,9,0.0,0,False,1746968484.926081,right,False
2529,1746968486.4569893,120.358,35.0501,2.17163,-0.86663,0.376992,6810.92,5,51.626,1982.3,2007.26,49.4329,242,2,0.8,0.0,0.2,9,0.0,0,False,1746968484.926081,right,False
2530,1746968486.479936,122.128,26.519,2.40032,-0.871468,0.316382,6817.97,5,51.646,1982.98,2007.94,49.4329,242,2,0.8,0.0,0.2,9,0.0,0,False,1746968484.926081,right,False
2531,1746968486.497496,123.433,18.1188,2.67321,-0.87668,0.255638,6837.43,5,51.666,1983.65,2008.62,49.4329,242,2,0.8,0.0,0.2,9,0.0,0,False,1746968484.926081,right,False
2532,1746968486.519307,124.255,10.3904,2.95788,-0.882125,0.196889,6838.27,5,51.686,1984.33,2009.29,49.4329,242,2,0.8,0.0,0.30000000000000004,9,0.0,0,False,1746968484.926081,right,False
2533,1746968486.5378656,124.692,3.6604,3.24257,-0.887606,0.141949,6762.31,5,51.706,1985,2009.97,49.4329,242,2,0.8,0.0,0.30000000000000004,9,0.0,0,False,1746968484.926081,right,False
2534,1746968486.5598948,124.932,-2.02398,3.48449,-0.892896,0.0893461,6475.14,5,51.726,1985.68,2010.65,49.4326,242,2,0.8,0.0,0.30000000000000004,9,0.0,0,False,1746968484.926081,right,False
2535,1746968486.5772717,124.999,-7.4418,3.68268,-0.897786,0.0368745,6027.8,5,51.746,1986.36,2011.32,49.4324,242,2,0.8,0.0,0.30000000000000004,9,0.0,0,False,1746968484.926081,right,False
2536,1746968486.6000633,124.892,-12.8128,3.84351,-0.902254,-0.0155671,5470.88,5,51.766,1987.04,2012.01,49.4322,242,2,0.8,0.0,0.30000000000000004,9,0.0,0,False,1746968484.926081,right,False
2537,1746968486.6183424,124.563,-18.191,3.94672,-0.906283,-0.0680521,4861.35,5,51.786,1987.72,2012.69,49.432,242,2,0.8,0.0,0.30000000000000004,9,0.0,0,False,1746968484.926081,right,False
2538,1746968486.6385632,123.865,-23.5631,3.99748,-0.909871,-0.120811,4356.91,5,51.806,1988.41,2013.37,49.4318,242,2,0.8,0.0,0.30000000000000004,9,0.0,0,False,1746968484.926081,right,False
2539,1746968486.659259,127.174,-3.45004,3.80216,-0.907621,-0.173414,4272.74,5,51.826,1989.1,2014.06,49.4316,245,2,0.8,0.0,0.30000000000000004,9,0.0,0,False,1746968484.926081,right,False
2540,1746968486.6790762,127.259,-7.76194,3.1827,-0.900045,-0.224898,4388.29,5,51.846,1989.78,2014.75,49.4314,248,2,0.8,0.0,0.30000000000000004,9,0.0,0,False,1746968484.926081,right,False
2541,1746968486.6975036,126.701,-14.2441,2.47662,-0.892562,-0.27644,4507.15,5,51.866,1990.47,2015.43,49.4312,248,2,0.8,0.0,0.30000000000000004,9,0.0,0,False,1746968484.926081,right,False
2542,1746968486.7160974,125.813,-20.6912,1.77054,-0.885059,-0.327981,4628.09,5,51.886,1991.16,2016.12,49.431,248,2,0.8,0.0,0.0,9,0.0,0,False,1746968484.926081,left,False
2543,1746968486.7385943,124.598,-27.086,1.06446,-0.877531,-0.379524,4751.02,5,51.906,1991.84,2016.81,49.4308,248,2,0.8,0.0,0.0,9,0.0,0,False,1746968484.926081,left,False
2544,1746968486.7574298,123.058,-33.412,0.358383,-0.869983,-0.431065,4873.99,5,51.926,1992.53,2017.49,49.4306,248,2,0.8,0.0,0.0,9,0.0,0,False,1746968484.926081,left,False
2545,1746968486.7770112,121.199,-39.6527,-0.347696,-0.86241,-0.482606,4996.3,5,51.946,1993.22,2018.18,49.4304,248,2,0.8,0.0,0.0,9,0.0,0,False,1746968484.926081,left,False
2546,1746968486.798385,119.023,-45.7919,-1.05377,-0.854818,-0.534146,5117.96,5,51.966,1993.9,2018.87,49.4301,248,2,0.8,0.0,0.0,9,0.0,0,False,1746968484.926081,left,False
2547,1746968486.817921,116.538,-51.8136,-1.75985,-0.847209,-0.585686,5238.98,5,51.986,1994.59,2019.56,49.4299,248,2,0.8,0.0,0.0,9,0.0,0,False,1746968484.926081,left,False
2548,1746968486.8379993,113.75,-57.7022,-2.46593,-0.839567,-0.637226,5359.36,5,52.006,1995.28,2020.24,49.4297,248,2,0.8,0.0,0.0,9,0.0,0,False,1746968484.926081,left,False
2549,1746968486.8574812,110.665,-63.4423,-3.17201,-0.831909,-0.688766,5479.1,5,52.026,1995.97,2020.93,49.4295,248,2,0.8,0.0,0.0,9,0.0,0,False,1746968484.926081,left,False
2550,1746968486.8785257,107.292,-69.019,-3.87809,-0.824227,-0.740305,5598.21,5,52.046,1996.65,2021.62,49.4292,248,2,0.8,0.0,0.0,9,0.0,0,False,1746968484.926081,left,False
2551,1746968486.8984032,103.639,-74.4177,-4.58417,-0.816543,-0.79105,5716.69,5,52.066,1997.33,2022.3,49.429,248,2,0.8,0.0,0.0,9,0.0,0,False,1746968484.926081,left,False
2552,1746968486.917219,99.7154,-79.6243,-5.29025,-0.808887,-0.841294,5834.04,5,52.086,1998,2022.97,49.4288,248,2,0.8,0.0,0.0,9,0.0,0,False,1746968484.926081,left,False
2553,1746968486.938544,95.5319,-84.6252,-5.99632,-0.80127,-0.891536,5948.36,5,52.106,1998.68,2023.64,49.4285,248,2,0.8,0.0,0.0,9,0.0,0,False,1746968484.926081,left,False
2554,1746968486.9592512,91.099,-89.4072,-6.7024,-0.793693,-0.941777,6059.55,5,52.126,1999.35,2024.31,49.4283,248,2,0.8,0.0,0.0,9,0.0,0,False,1746968484.926081,left,False
2555,1746968486.9801197,86.4962,-93.9173,-7.35967,-0.786147,-0.992111,6069.2,5,52.146,2000.02,2024.99,49.4281,248,2,0.8,0.0,0.0,9,0.0,0,True,1746968484.926081,left,False
2556,1746968486.9974864,81.7528,-98.1083,-7.83621,-0.778534,-1.0444,5795.9,5,52.166,2000.7,2025.66,49.4278,248,2,0.8,0.0,0.0,9,0.0,0,True,1746968484.926081,left,False
2557,1746968487.017501,76.3845,-102.119,-8.23206,-0.770799,-1.10008,5625.92,5,52.186,2001.37,2026.33,49.4276,248,2,0.8,0.0,0.0,9,0.0,0,True,1746968484.926081,left,False
2558,1746968487.0370884,70.2577,-105.962,-8.55643,-0.762954,-1.15981,5603.49,5,52.206,2002.04,2027.01,49.4274,248,2,0.8,0.0,0.0,9,0.0,0,True,1746968484.926081,left,False
2559,1746968487.0577292,63.3833,-109.617,-8.81851,-0.755019,-1.22403,5631.66,5,52.226,2002.71,2027.68,49.4272,248,2,0.8,0.0,0.0,9,0.0,0,True,1746968484.926081,left,False
2560,1746968487.0794132,55.732,-113.021,-9.02843,-0.747007,-1.2932,5663.86,5,52.246,2003.38,2028.34,49.4269,248,2,0.8,0.0,0.0,9,0.0,0,True,1746968484.926081,left,False
2561,1746968487.1020546,47.2476,-116.085,-9.20097,-0.738924,-1.36775,5691.78,5,52.266,2004.04,2029,49.4267,248,2,0.8,0.0,0.0,9,0.0,0,True,1746968484.926081,left,False
2562,1746968487.1166835,38.0196,-118.607,-9.28881,-0.730762,-1.44798,5714.03,5,52.286,2004.7,2029.66,49.4265,248,2,0.8,0.0,0.0,9,0.0,0,True,1746968484.926081,left,False
2563,1746968487.1370325,28.0183,-120.492,-9.3426,-0.722485,-1.53393,5730.32,5,52.306,2005.35,2030.32,49.4262,248,2,0.8,0.0,0.0,9,0.0,0,True,1746968484.926081,left,False
2564,1746968487.1569586,17.2233,-121.633,-9.41043,-0.714115,-1.62556,5739.45,5,52.326,2006,2030.97,49.426,248,2,0.8,0.0,0.0,9,0.0,0,True,1746968484.926081,left,False
2565,1746968487.1791732,5.69562,-121.852,-9.49905,-0.70567,-1.72276,5740.2,5,52.346,2006.65,2031.61,49.4258,248,2,0.8,0.0,0.0,9,0.0,0,True,1746968484.926081,left,False
2566,1746968487.1976273,-6.47888,-120.966,-9.60858,-0.69718,-1.82558,5732.84,5,52.366,2007.29,2032.25,49.4256,248,2,0.8,0.0,0.0,9,0.0,0,True,1746968484.926081,left,False
2567,1746968487.2194645,-19.2824,-118.846,-9.73802,-0.68868,-1.93417,5833.83,5,52.386,2007.92,2032.89,49.4253,248,2,0.8,0.0,-0.1,9,0.0,0,True,1746968484.926081,left,False
2568,1746968487.2410703,-32.3321,-115.243,-9.89793,-0.680202,-2.04766,5739.2,5,52.406,2008.56,2033.52,49.4251,248,2,0.8,0.0,-0.1,9,0.0,0,True,1746968484.926081,left,False
2569,1746968487.258277,-45.6199,-109.797,-10.0671,-0.671838,-2.16658,5770.49,5,52.426,2009.19,2034.15,49.4249,248,2,0.8,0.0,-0.1,9,0.0,0,True,1746968484.926081,left,False
2570,1746968487.2802765,-58.7497,-102.41,-10.1862,-0.663623,-2.2916,5770.51,5,52.446,2009.81,2034.78,49.4246,248,2,0.8,0.0,-0.2,9,0.0,0,True,1746968484.926081,left,False
2571,1746968487.2975068,-71.0587,-92.9816,-10.119,-0.65557,-2.4228,5290.59,5,52.466,2010.43,2035.4,49.4244,248,2,0.8,0.0,-0.2,9,0.0,0,True,1746968484.926081,left,False
2572,1746968487.317609,-81.9921,-81.7201,-9.88376,-0.647575,-2.55921,4297.85,5,52.486,2011.05,2036.01,49.4242,248,2,0.8,0.0,-0.2,9,0.0,0,True,1746968484.926081,left,False
2573,1746968487.3375144,-91.2882,-68.8169,-9.53022,-0.639585,-2.69981,2918.15,5,52.506,2011.66,2036.62,49.4241,248,2,0.8,0.0,-0.30000000000000004,9,0.0,0,True,1746968484.926081,left,False
2574,1746968487.358679,-98.654,-54.585,-9.1074,-0.63159,-2.8435,1273.96,5,52.526,2012.26,2037.22,49.424,248,2,0.8,0.0,-0.30000000000000004,9,0.0,0,True,1746968484.926081,left,False
2575,1746968487.379585,-103.564,-39.3326,-8.53299,-0.623602,-2.98862,1047.2,5,52.546,2012.85,2037.81,49.424,248,2,0.8,0.0,-0.4,9,0.0,0,True,1746968484.926081,left,False
2576,1746968487.4002054,-106.023,-23.6362,-7.8771,-0.615698,-3.1327,1047.2,5,52.566,2013.43,2038.39,49.4239,248,2,0.8,0.0,-0.4,9,0.0,0,True,1746968484.926081,left,False
2577,1746968487.4176831,-106.577,-7.95741,-7.24965,-0.607983,3.00863,1047.2,5,52.586,2014,2038.96,49.4239,248,2,0.8,0.0,-0.4,9,0.0,0,True,1746968484.926081,left,False
2578,1746968487.4396489,-105.872,6.76109,-6.60942,-0.600442,2.872,1047.2,5,52.606,2014.56,2039.52,49.4239,248,2,0.8,0.0,-0.5,9,0.0,0,True,1746968484.926081,left,False
2579,1746968487.4571319,-103.712,20.0935,-5.9774,-0.592942,2.74533,1047.2,5,52.626,2015.12,2040.08,49.4238,248,2,0.8,0.0,-0.5,9,0.0,0,True,1746968484.926081,left,False
2580,1746968487.4771888,-100.347,31.7568,-5.38372,-0.585447,2.62889,1047.2,5,52.646,2015.68,2040.64,49.4238,248,2,0.8,0.0,-0.6,9,0.0,0,True,1746968484.926081,left,False
2581,1746968487.4965868,-96.3311,41.7915,-4.91029,-0.577698,2.51509,1047.2,5,52.666,2016.23,2041.2,49.4237,248,2,0.8,0.0,-0.6,9,0.0,0,True,1746968484.926081,left,False
2582,1746968487.518496,-90.9703,51.8102,-4.91915,-0.569584,2.39742,1047.2,5,52.686,2016.79,2041.75,49.4237,248,2,0.8,0.0,-0.6,9,0.0,0,True,1746968484.926081,left,False
2583,1746968487.5386076,-84.1125,61.6054,-4.94237,-0.561178,2.27373,1047.2,5,52.706,2017.34,2042.3,49.4237,248,2,0.8,0.0,-0.7,9,0.0,0,True,1746968484.926081,left,False
2584,1746968487.5567508,-75.6623,70.9391,-4.95508,-0.552486,2.14333,1047.2,5,52.726,2017.89,2042.85,49.4236,248,2,0.8,0.0,-0.7,9,0.0,0,True,1746968484.926081,left,False
2585,1746968487.584612,-65.5393,79.7701,-5.18505,-0.543545,2.0065,1047.2,5,52.746,2018.43,2043.39,49.4236,248,2,0.8,0.0,-0.7,9,0.0,0,True,1746968484.926081,left,False
2586,1746968487.6590025,-53.9408,87.6359,-5.59187,-0.534454,1.86577,1047.2,5,52.766,2018.97,2043.94,49.4235,248,2,0.8,0.0,-0.7,9,0.0,0,True,1746968484.926081,left,False
2587,1746968487.6611297,-41.0875,94.0121,-6.03709,-0.52524,1.72186,1047.2,5,52.786,2019.51,2044.47,49.4235,248,2,0.8,0.0,-0.7,9,0.0,0,True,1746968484.926081,left,False
2588,1746968487.689012,-27.271,98.5542,-6.45379,-0.515904,1.57507,1047.2,5,52.806,2020.05,2045.01,49.4235,248,2,0.8,0.0,-0.7999999999999999,9,0.0,0,True,1746968484.926081,left,False
2589,1746968487.692045,-12.6882,100.895,-6.71157,-0.506425,1.42454,1047.2,5,52.826,2020.58,2045.55,49.4234,248,2,0.8,0.0,-0.7999999999999999,9,0.0,0,True,1746968484.926081,left,False
2590,1746968487.696648,2.65817,100.779,-6.84021,-0.496844,1.26817,1047.2,5,52.846,2021.11,2046.08,49.4234,248,2,0.8,0.0,-0.7999999999999999,9,0.0,0,True,1746968484.926081,left,False
2591,1746968487.6994011,18.4669,97.9816,-6.84341,-0.487229,1.10464,1047.2,5,52.866,2021.64,2046.6,49.4234,248,2,0.8,0.0,-0.7999999999999999,9,0.0,0,True,1746968484.926081,left,False
2592,1746968487.7174287,34.4407,92.1595,-6.69122,-0.477694,0.932901,1047.2,5,52.886,2022.16,2047.12,49.4233,248,2,0.8,0.0,-0.7999999999999999,9,0.0,0,True,1746968484.926081,left,False
2593,1746968487.739469,49.7449,83.1049,-6.35038,-0.468374,0.754844,1047.2,5,52.906,2022.67,2047.63,49.4233,248,2,0.8,0.0,-0.8999999999999999,9,0.0,0,True,1746968484.926081,left,False
2594,1746968487.7689655,63.3709,71.9378,-6.39607,-0.459344,0.57653,1047.2,5,52.926,2023.17,2048.14,49.4232,248,2,0.8,0.0,-0.8999999999999999,9,0.0,0,True,1746968484.926081,left,False
2595,1746968487.7774522,74.8294,58.833,-6.55825,-0.450525,0.398206,1047.2,5,52.946,2023.68,2048.64,49.4232,248,2,0.8,0.0,-0.8999999999999999,9,0.0,0,True,1746968484.926081,left,False
2596,1746968487.7985399,83.7741,44.2123,-6.47349,-0.441876,0.219874,1047.2,5,52.966,2024.18,2049.14,49.4232,248,2,0.8,0.0,-0.9999999999999999,9,0.0,0,True,1746968484.926081,left,False
2597,1746968487.8176455,90.0824,29.3563,-6.44584,-0.433179,0.0431468,1047.2,5,52.986,2024.67,2049.64,49.4231,248,2,0.8,0.0,-0.9999999999999999,9,0.0,0,True,1746968484.926081,left,False
2598,1746968487.837458,93.7963,14.4977,-6.48947,-0.424152,-0.128084,1047.2,5,53.006,2025.17,2050.14,49.4231,248,2,0.8,0.0,-1.0,9,0.0,0,True,1746968484.926081,left,False
2599,1746968487.8595808,94.9648,-0.249641,-6.62343,-0.414775,-0.293346,1047.2,5,53.026,2025.67,2050.64,49.423,248,2,0.8,0.0,-1.0,9,0.0,0,True,1746968484.926081,left,False
2600,1746968487.8788998,93.7997,-14.5405,-6.81761,-0.405076,-0.453017,1047.2,5,53.046,2026.17,2051.13,49.423,248,2,0.8,0.0,-1.0,9,0.0,0,True,1746968484.926081,left,False
2601,1746968487.8992348,90.5461,-28.0768,-7.0615,-0.395097,-0.607425,1047.2,5,53.066,2026.66,2051.63,49.423,248,2,0.8,0.0,-1.0,9,0.0,0,True,1746968484.926081,left,False
2602,1746968487.9178565,85.4527,-40.6125,-7.32783,-0.384886,-0.757143,1047.2,5,53.086,2027.16,2052.12,49.4229,248,2,0.8,0.0,-1.0,9,0.0,0,True,1746968484.926081,left,False
2603,1746968487.938335,78.8438,-51.8505,-7.42906,-0.374459,-0.902147,1047.2,5,53.106,2027.65,2052.61,49.4229,248,2,0.8,0.0,0.0,9,0.0,0,True,1746968484.926081,right,False
2604,1746968487.9567046,70.9905,-61.6866,-7.56174,-0.363818,-1.04234,1047.2,5,53.126,2028.14,2053.1,49.4229,248,2,0.8,0.0,0.0,9,0.0,0,True,1746968484.926081,right,False
2605,1746968487.976924,62.1916,-70.0359,-7.72951,-0.352997,-1.17763,1047.2,5,53.146,2028.62,2053.59,49.4228,248,2,0.8,0.0,0.0,9,0.0,0,True,1746968484.926081,right,False
2606,1746968487.9993892,52.7467,-76.8657,-7.87882,-0.342015,-1.30796,1047.2,5,53.166,2029.11,2054.07,49.4228,248,2,0.8,0.0,0.0,9,0.0,0,True,1746968484.926081,right,False
2607,1746968488.01663,42.9205,-82.2011,-8.01137,-0.330896,-1.43326,1047.2,5,53.186,2029.59,2054.55,49.4227,248,2,0.8,0.0,0.0,9,0.0,0,True,1746968484.926081,right,False
2608,1746968488.0379155,32.949,-86.1068,-8.12498,-0.31967,-1.55352,1047.2,5,53.206,2030.07,2055.03,49.4227,248,2,0.8,0.0,0.0,9,0.0,0,True,1746968484.926081,right,False
2609,1746968488.0574756,22.982,-88.7514,-8.41505,-0.30837,-1.66888,1047.2,5,53.226,2030.54,2055.51,49.4227,248,2,0.8,0.0,0.0,9,0.0,0,True,1746968484.926081,right,False
2610,1746968488.0761316,13.129,-90.296,-8.82122,-0.297026,-1.78012,1047.2,5,53.246,2031.01,2055.98,49.4226,248,2,0.8,0.0,0.0,9,0.0,0,True,1746968484.926081,right,False
2611,1746968488.0985587,3.46169,-90.7995,-9.28079,-0.285665,-1.88788,1047.2,5,53.266,2031.48,2056.45,49.4226,248,2,0.8,0.0,0.0,9,0.0,0,True,1746968484.926081,right,False
2612,1746968488.1193783,-5.95574,-90.3522,-9.79476,-0.2743,-1.9927,1047.2,5,53.286,2031.95,2056.91,49.4226,248,2,0.8,0.0,0.0,9,0.0,0,True,1746968484.926081,right,False
2613,1746968488.1365304,-15.0833,-89.059,-10.3744,-0.262939,-2.09521,1047.2,5,53.306,2032.41,2057.38,49.4225,248,2,0.8,0.0,0.0,9,0.0,0,True,1746968484.926081,right,False
2614,1746968488.1566727,-23.9569,-87.0787,-11.0565,-0.251577,-2.19634,1047.2,5,53.326,2032.88,2057.85,49.4225,248,2,0.8,0.0,0.0,9,0.0,0,True,1746968484.926081,right,False
2615,1746968488.1791725,-32.4906,-84.1796,-11.7025,-0.240206,-2.29664,1047.2,5,53.346,2033.35,2058.31,49.4224,248,2,0.8,0.0,0.0,9,0.0,0,True,1746968484.926081,right,False
2616,1746968488.198561,-40.7189,-80.5883,-12.4082,-0.228815,-2.39659,1047.2,5,53.366,2033.81,2058.78,49.4224,248,2,0.8,0.0,0.0,9,0.0,0,True,1746968484.926081,right,False
2617,1746968488.2174802,-48.5553,-76.1967,-13.1143,-0.217403,-2.49654,1047.2,5,53.386,2034.28,2059.24,49.4224,248,2,0.8,0.0,0.0,9,0.0,0,True,1746968484.926081,right,False
2618,1746968488.2396297,-55.9207,-71.0446,-13.8203,-0.205969,-2.59648,1047.2,5,53.406,2034.75,2059.71,49.4223,248,2,0.8,0.0,0.0,9,0.0,0,True,1746968484.926081,right,False
2619,1746968488.2571518,-62.7413,-65.1821,-14.5264,-0.194513,-2.69642,1047.2,5,53.426,2035.21,2060.18,49.4223,248,2,0.8,0.0,0.0,9,0.0,0,True,1746968484.926081,right,False
2620,1746968488.277934,-68.9488,-58.6663,-15.2325,-0.183034,-2.79636,1047.2,5,53.446,2035.68,2060.65,49.4222,248,2,0.8,0.0,0.0,9,0.0,0,True,1746968484.926081,right,False
2621,1746968488.298486,-74.4808,-51.561,-15.9386,-0.171535,-2.8963,1047.2,5,53.466,2036.15,2061.12,49.4222,248,2,0.8,0.0,0.0,9,0.0,0,True,1746968484.926081,left,False
2622,1746968488.3201926,-79.2816,-43.9358,-16.6446,-0.160014,-2.99624,1047.2,5,53.486,2036.62,2061.58,49.4222,248,2,0.8,0.0,0.0,9,0.0,0,True,1746968484.926081,left,False
2623,1746968488.3388968,-83.3028,-35.8656,-17.3507,-0.148472,-3.09618,1047.2,5,53.506,2037.09,2062.05,49.4221,248,2,0.8,0.0,0.0,9,0.0,0,True,1746968484.926081,left,False
2624,1746968488.3558981,-86.5034,-27.4298,-18.0568,-0.136908,3.08707,1047.2,5,53.526,2037.56,2062.52,49.4221,248,2,0.8,0.0,0.0,9,0.0,0,True,1746968484.926081,left,False
2625,1746968488.3768587,-88.8509,-18.7115,-18.7629,-0.125323,2.98714,1047.2,5,53.546,2038.03,2062.99,49.4221,248,2,0.8,0.0,0.0,9,0.0,0,True,1746968484.926081,left,False
2626,1746968488.398727,-90.321,-9.79687,-19.469,-0.113719,2.88721,1047.2,5,53.566,2038.5,2063.46,49.422,248,2,0.8,0.0,0.0,9,0.0,0,True,1746968484.926081,left,False
2627,1746968488.416777,-90.898,-0.773812,-20.175,-0.102098,2.78728,1047.2,5,53.586,2038.97,2063.94,49.422,248,2,0.8,0.0,0.0,9,0.0,0,True,1746968484.926081,left,False
2628,1746968488.4373689,-90.2668,8.08536,-20.5886,-0.0904541,2.68736,1047.2,5,53.606,2039.44,2064.41,49.4219,248,2,0.8,0.0,0.0,9,0.0,0,True,1746968484.926081,left,False
2629,1746968488.4602015,-88.3229,15.0971,-19.9781,-0.0786235,2.59283,1047.2,5,53.626,2039.91,2064.87,49.4219,248,2,0.8,0.0,0.0,9,0.0,0,True,1746968484.926081,left,False
2630,1746968488.480335,-88.1905,19.0771,-9.67017,-0.065682,2.5086,1047.2,5,53.646,2040.37,2065.33,49.4219,267,2,0.8,0.0,0.0,9,0.0,0,True,1746968484.926081,left,False
2631,1746968488.497093,-86.5138,25.0069,-9.71724,-0.0521464,2.4305,1047.2,5,53.666,2040.82,2065.79,49.4218,267,2,0.8,0.0,0.0,9,0.0,0,True,1746968484.926081,left,False
2632,1746968488.518531,-84.5712,30.2438,-9.75127,-0.038326,2.35854,1047.2,5,53.686,2041.28,2066.24,49.4218,267,2,0.8,0.0,0.0,9,0.0,0,True,1746968484.926081,left,False
2633,1746968488.5375886,-82.4829,34.7884,-9.77246,-0.0242289,2.2929,1047.2,5,53.706,2041.73,2066.69,49.4218,267,2,0.8,0.0,0.0,9,0.0,0,True,1746968484.926081,left,False
2634,1746968488.5569828,-80.3424,38.6314,-9.78766,-0.00986735,2.23376,1047.2,5,53.726,2042.17,2067.14,49.4217,267,2,0.8,0.0,0.0,9,0.0,0,True,1746968484.926081,left,False
2635,1746968488.5791068,-78.2432,41.8267,-9.84198,0.00474447,2.18134,1047.2,5,53.746,2042.62,2067.58,49.4217,267,2,0.8,0.0,0.0,9,0.0,0,True,1746968484.926081,left,False
2636,1746968488.597571,-76.281,44.4606,-9.95147,0.0195801,2.13538,1047.2,5,53.766,2043.06,2068.02,49.4216,267,2,0.8,0.0,0.0,9,0.0,0,True,1746968484.926081,left,False
2637,1746968488.6172466,-74.5015,46.6266,-10.123,0.0346171,2.09545,1047.2,5,53.786,2043.49,2068.46,49.4216,267,2,0.8,0.0,0.0,9,0.0,0,True,1746968484.926081,left,False
2638,1746968488.637168,-72.9136,48.4243,-10.372,0.0498311,2.06092,1047.2,5,53.806,2043.92,2068.89,49.4216,267,2,0.8,0.0,0.0,9,0.0,0,True,1746968484.926081,left,False
2639,1746968488.6571822,-71.505,50.0331,-10.7118,0.0651937,2.03093,1047.2,5,53.826,2044.35,2069.32,49.4215,267,2,0.8,0.0,0.0,9,0.0,0,True,1746968484.926081,left,False
2640,1746968488.6772902,-70.2513,51.2962,-11.0017,0.0806803,2.00485,1047.2,5,53.846,2044.78,2069.74,49.4215,267,2,0.8,0.0,0.0,9,0.0,0,True,1746968484.926081,left,False
2641,1746968488.6983685,-69.1885,52.1985,-11.2669,0.0962992,1.98302,1047.2,5,53.866,2045.2,2070.17,49.4214,267,2,0.8,0.0,0.0,9,0.0,0,True,1746968484.926081,left,False
2642,1746968488.7162964,-68.3372,52.7903,-11.5403,0.112044,1.96552,1047.2,5,53.886,2045.62,2070.59,49.4214,267,2,0.8,0.0,0.0,9,0.0,0,True,1746968484.926081,left,False
2643,1746968488.736639,-67.7018,53.102,-11.829,0.127909,1.95225,1047.2,5,53.906,2046.04,2071,49.4214,267,2,0.8,0.0,0.0,9,0.0,0,True,1746968484.926081,left,False
2644,1746968488.7572057,-67.2819,53.1547,-12.135,0.143888,1.94306,1047.2,5,53.926,2046.45,2071.42,49.4213,267,2,0.8,0.0,0.0,9,0.0,0,True,1746968484.926081,left,False
2645,1746968488.780235,-67.0725,52.9603,-12.4603,0.159979,1.93782,1047.2,5,53.946,2046.87,2071.83,49.4213,267,2,0.8,0.0,0.0,9,0.0,0,True,1746968484.926081,left,False
2646,1746968488.799804,-67.0663,52.5313,-12.8006,0.176172,1.93638,1047.2,5,53.966,2047.28,2072.24,49.4213,267,2,0.8,0.0,-0.1,9,0.0,0,True,1746968484.926081,left,False
2647,1746968488.8178167,-67.2525,51.882,-13.161,0.19247,1.93859,1047.2,5,53.986,2047.68,2072.65,49.4212,267,2,0.8,0.0,-0.1,9,0.0,0,True,1746968484.926081,left,False
2648,1746968488.8362818,-67.5838,50.9865,-13.5054,0.208864,1.94427,1047.2,5,54.006,2048.09,2073.06,49.4212,267,2,0.8,0.0,-0.1,9,0.0,0,True,1746968484.926081,left,False
2649,1746968488.8567784,-67.7977,49.5016,-13.5597,0.22533,1.95208,1047.2,5,54.026,2048.49,2073.46,49.4211,267,2,0.8,0.0,-0.2,9,0.0,0,True,1746968484.926081,left,False
2650,1746968488.8792305,-68.1865,47.8661,-13.5378,0.241919,1.95935,1047.2,5,54.046,2048.89,2073.85,49.4211,267,2,0.8,0.0,-0.2,9,0.0,0,True,1746968484.926081,left,False
2651,1746968488.897452,-68.5247,46.5043,-13.6074,0.258685,1.96417,1047.2,5,54.066,2049.28,2074.25,49.4211,267,2,0.8,0.0,-0.2,9,0.0,0,True,1746968484.926081,left,False
2652,1746968488.9184499,-68.8557,45.3343,-13.0339,0.275641,1.96521,1047.2,5,54.086,2049.67,2074.63,49.421,268,2,0.8,0.0,-0.30000000000000004,9,0.0,0,True,1746968484.926081,left,False
2653,1746968488.939482,-69.0172,44.7786,-12.5294,0.292863,1.9619,1047.2,5,54.106,2050.05,2075.02,49.421,268,2,0.8,0.0,-0.30000000000000004,9,0.0,0,True,1746968484.926081,left,False
2654,1746968488.959781,-68.8165,44.6353,-12.761,0.310232,1.95429,1047.2,5,54.126,2050.43,2075.4,49.421,268,2,0.8,0.0,-0.4,9,0.0,0,True,1746968484.926081,left,False
2655,1746968488.977486,-68.4202,44.7949,-13.0619,0.327726,1.94256,1047.2,5,54.146,2050.81,2075.77,49.4209,268,2,0.8,0.0,-0.4,9,0.0,0,True,1746968484.926081,left,False
2656,1746968488.9967077,-67.8399,45.2364,-13.3643,0.345341,1.92676,1047.2,5,54.166,2051.18,2076.15,49.4209,268,2,0.8,0.0,-0.4,9,0.0,0,True,1746968484.926081,left,False
2657,1746968489.0199437,-67.0704,45.9455,-13.6706,0.363072,1.90694,1047.2,5,54.186,2051.56,2076.52,49.4208,268,2,0.8,0.0,-0.4,9,0.0,0,True,1746968484.926081,left,False
2658,1746968489.0401607,-66.1023,46.9111,-13.9854,0.380918,1.88314,1047.2,5,54.206,2051.93,2076.89,49.4208,268,2,0.8,0.0,-0.4,9,0.0,0,True,1746968484.926081,left,False
2659,1746968489.0565436,-64.9227,48.1177,-14.2988,0.398873,1.85535,1047.2,5,54.226,2052.29,2077.26,49.4208,268,2,0.8,0.0,-0.4,9,0.0,0,True,1746968484.926081,left,False
2660,1746968489.0766025,-63.5147,49.5491,-14.6135,0.416933,1.82358,1047.2,5,54.246,2052.66,2077.62,49.4207,268,2,0.8,0.0,-0.4,9,0.0,0,True,1746968484.926081,left,False
2661,1746968489.0974061,-61.8587,51.177,-14.9209,0.435093,1.78776,1047.2,5,54.266,2053.02,2077.99,49.4207,268,2,0.8,0.0,-0.4,9,0.0,0,True,1746968484.926081,left,False
2662,1746968489.1195512,-59.9312,52.9922,-15.2271,0.453349,1.74785,1047.2,5,54.286,2053.38,2078.34,49.4206,268,2,0.8,0.0,-0.4,9,0.0,0,True,1746968484.926081,left,False
2663,1746968489.1373768,-57.7082,54.9611,-15.5244,0.47169,1.70378,1047.2,5,54.306,2053.73,2078.7,49.4206,268,2,0.8,0.0,-0.4,9,0.0,0,True,1746968484.926081,left,False
2664,1746968489.1566374,-55.1618,57.0608,-15.8172,0.490112,1.65546,1047.2,5,54.326,2054.09,2079.05,49.4206,268,2,0.8,0.0,-0.4,9,0.0,0,True,1746968484.926081,left,False
2665,1746968489.1770036,-52.2632,59.2486,-16.0963,0.508604,1.6028,1047.2,5,54.346,2054.44,2079.4,49.4205,268,2,0.8,0.0,-0.4,9,0.0,0,True,1746968484.926081,left,False
2666,1746968489.1984022,-48.981,61.4904,-16.3622,0.527157,1.54564,1047.2,5,54.366,2054.78,2079.75,49.4205,268,2,0.8,0.0,-0.4,9,0.0,0,True,1746968484.926081,left,False
2667,1746968489.216527,-45.2837,63.7323,-16.612,0.545754,1.48383,1047.2,5,54.386,2055.13,2080.09,49.4205,268,2,0.8,0.0,-0.4,9,0.0,0,True,1746968484.926081,left,False
2668,1746968489.2407057,-41.7959,65.9525,-14.3664,0.564445,1.41745,1047.2,5,54.406,2055.47,2080.43,49.4204,272,2,0.8,0.0,-0.4,9,0.0,0,True,1746968484.926081,left,False
2669,1746968489.259137,-37.2355,68.2217,-14.7216,0.583335,1.34703,1047.2,5,54.426,2055.8,2080.77,49.4204,272,2,0.8,0.0,-0.4,9,0.0,0,True,1746968484.926081,left,False
2670,1746968489.2769153,-32.262,70.3026,-15.0848,0.602236,1.27272,1047.2,5,54.446,2056.14,2081.1,49.4203,272,2,0.8,0.0,-0.4,9,0.0,0,True,1746968484.926081,left,False
2671,1746968489.296596,-26.8686,72.1205,-15.4443,0.621141,1.19453,1047.2,5,54.466,2056.47,2081.44,49.4203,272,2,0.8,0.0,-0.4,9,0.0,0,True,1746968484.926081,left,False
2672,1746968489.3166366,-21.0556,73.5882,-15.7937,0.640029,1.11232,1047.2,5,54.486,2056.8,2081.77,49.4203,272,2,0.8,0.0,-0.4,9,0.0,0,True,1746968484.926081,left,False
2673,1746968489.336527,-14.8313,74.6166,-16.1246,0.658883,1.02594,1047.2,5,54.506,2057.13,2082.09,49.4202,272,2,0.8,0.0,-0.4,9,0.0,0,True,1746968484.926081,left,False
2674,1746968489.3570158,-8.21147,75.1268,-16.4387,0.677688,0.935195,1047.2,5,54.526,2057.45,2082.41,49.4202,272,2,0.8,0.0,-0.4,9,0.0,0,True,1746968484.926081,left,False
2675,1746968489.3779497,-1.21176,75.0137,-16.718,0.696417,0.839864,1047.2,5,54.546,2057.77,2082.74,49.4202,272,2,0.8,0.0,-0.4,9,0.0,0,True,1746968484.926081,left,False
2676,1746968489.3958948,6.59363,74.0686,-16.7596,0.714964,0.738552,1047.2,5,54.566,2058.09,2083.05,49.4201,272,2,0.8,0.0,-0.4,9,0.0,0,True,1746968484.926081,left,False
2677,1746968489.4174476,14.8279,71.9185,-16.6751,0.733205,0.629074,1047.2,5,54.586,2058.41,2083.37,49.4201,272,2,0.8,0.0,-0.4,9,0.0,0,True,1746968484.926081,left,False
2678,1746968489.4366436,22.5797,69.4342,-13.3121,0.751278,0.510852,1047.2,5,54.606,2058.72,2083.69,49.42,278,2,0.8,0.0,-0.4,9,0.0,0,True,1746968484.926081,left,False
2679,1746968489.4575086,30.7606,65.0154,-12.8911,0.7692,0.384924,1047.2,5,54.626,2059.03,2084,49.42,278,2,0.8,0.0,-0.4,9,0.0,0,True,1746968484.926081,left,False
2680,1746968489.4772296,38.8847,59.2588,-12.6076,0.786786,0.250626,1047.2,5,54.646,2059.34,2084.31,49.42,278,2,0.8,0.0,-0.4,9,0.0,0,True,1746968484.926081,left,False
2681,1746968489.4960458,46.6197,52.2102,-12.3796,0.80401,0.108414,1047.2,5,54.666,2059.65,2084.61,49.4199,278,2,0.8,0.0,-0.4,9,0.0,0,True,1746968484.926081,left,False
2682,1746968489.5175912,53.6355,44.0047,-12.2035,0.820923,-0.0405877,1047.2,5,54.686,2059.95,2084.92,49.4199,278,2,0.8,0.0,-0.4,9,0.0,0,True,1746968484.926081,left,False
2683,1746968489.537098,59.611,35.155,-12.129,0.837653,-0.194034,1047.2,5,54.706,2060.25,2085.22,49.4198,278,2,0.8,0.0,-0.4,9,0.0,0,True,1746968484.926081,left,False
2684,1746968489.5594015,64.2767,26.4542,-12.2866,0.854525,-0.345792,1047.2,5,54.726,2060.56,2085.52,49.4198,278,2,0.8,0.0,-0.4,9,0.0,0,True,1746968484.926081,left,False
2685,1746968489.5775082,67.5564,17.5091,-12.5086,0.871676,-0.493143,1047.2,5,54.746,2060.86,2085.83,49.4198,278,2,0.8,0.0,-0.4,9,0.0,0,True,1746968484.926081,left,False
2686,1746968489.5995998,69.4808,8.49249,-12.7605,0.889107,-0.6358,1047.2,5,54.766,2061.16,2086.13,49.4197,278,2,0.8,0.0,-0.4,9,0.0,0,True,1746968484.926081,left,False
2687,1746968489.621468,70.1286,-0.596898,-13.1227,0.906767,-0.774515,1047.2,5,54.786,2061.46,2086.42,49.4197,278,2,0.8,0.0,-0.4,9,0.0,0,True,1746968484.926081,left,False
2688,1746968489.6386743,69.5501,-9.54576,-13.5374,0.924607,-0.909895,1047.2,5,54.806,2061.76,2086.72,49.4197,278,2,0.8,0.0,-0.4,9,0.0,0,True,1746968484.926081,left,False
2689,1746968489.6575813,67.4781,-18.3527,-13.6816,0.942556,-1.04244,1047.2,5,54.826,2062.05,2087.02,49.4196,278,2,0.8,0.0,-0.4,9,0.0,0,True,1746968484.926081,left,False
2690,1746968489.6786468,64.4242,-27.4082,-13.395,0.960394,-1.17017,1047.2,5,54.846,2062.35,2087.31,49.4196,278,2,0.8,0.0,-0.4,9,0.0,0,True,1746968484.926081,left,False
2691,1746968489.6975124,60.534,-35.55,-0.197026,0.978109,-1.2907,1047.2,5,54.866,2062.65,2087.61,49.4195,303,2,0.8,0.0,-0.4,9,0.0,0,True,1746968484.926081,left,False
2692,1746968489.7168694,56.006,-42.5106,-0.000236981,0.995785,-1.40804,1047.2,5,54.886,2062.95,2087.91,49.4195,303,2,0.8,0.0,-0.4,9,0.0,0,True,1746968484.926081,left,False
2693,1746968489.7375593,50.7374,-48.337,0.0467368,1.01353,-1.52703,1047.2,5,54.906,2063.25,2088.21,49.4195,303,2,0.8,0.0,-0.4,9,0.0,0,True,1746968484.926081,left,False
2694,1746968489.7583947,44.3272,-53.398,0.335497,1.03124,-1.64948,1497.23,5,54.926,2063.54,2088.51,49.4194,303,2,0.8,0.0,-0.4,9,0.0,0,True,1746968484.926081,left,False
2695,1746968489.7793307,37.6486,-57.7496,0.740939,1.04899,-1.77706,1341.05,5,54.946,2063.84,2088.8,49.4194,303,2,0.8,0.0,-0.4,9,0.0,0,True,1746968484.926081,left,False
2696,1746968489.7962203,30.0909,-61.4051,1.04151,1.06682,-1.91094,1175.36,5,54.966,2064.12,2089.09,49.4193,303,2,0.8,0.0,-0.4,9,0.0,0,True,1746968484.926081,left,False
2697,1746968489.8198407,21.566,-64.4453,0.967601,1.08467,-2.04995,1120.12,5,54.986,2064.41,2089.37,49.4193,303,2,0.8,0.0,-0.4,9,0.0,0,True,1746968484.926081,left,False
2698,1746968489.8364468,12.3652,-66.2721,0.925235,1.10248,-2.19361,1100.12,5,55.006,2064.69,2089.65,49.4193,303,2,0.8,0.0,-0.4,9,0.0,0,True,1746968484.926081,left,False
2699,1746968489.8568795,2.67485,-66.7107,0.916997,1.12021,-2.34241,1073.41,5,55.026,2064.96,2089.93,49.4192,303,2,0.8,0.0,-0.4,9,0.0,0,True,1746968484.926081,left,False
2700,1746968489.8793519,-7.31477,-65.6407,0.917664,1.13781,-2.49664,1047.2,5,55.046,2065.24,2090.2,49.4192,303,2,0.8,0.0,-0.4,9,0.0,0,True,1746968484.926081,left,False
2701,1746968489.8989353,-17.3616,-62.9342,0.919061,1.15525,-2.65644,1047.2,5,55.066,2065.51,2090.47,49.4192,303,2,0.8,0.0,-0.4,9,0.0,0,True,1746968484.926081,left,False
2702,1746968489.919827,-27.1738,-58.4926,0.920496,1.17248,-2.82196,1047.2,5,55.086,2065.77,2090.74,49.4191,303,2,0.8,0.0,-0.4,9,0.0,0,True,1746968484.926081,left,False
2703,1746968489.9375563,-36.4483,-52.3563,0.884223,1.18947,-2.99301,1047.2,5,55.106,2066.04,2091,49.4191,303,2,0.8,0.0,-0.4,9,0.0,0,True,1746968484.926081,left,False
2704,1746968489.9610243,-44.7757,-44.5691,0.812184,1.20624,3.11422,1047.2,5,55.126,2066.3,2091.26,49.419,303,2,0.8,0.0,-0.4,9,0.0,0,True,1746968484.926081,left,False
2705,1746968489.980904,-51.8545,-35.5302,0.697066,1.22281,2.93519,1047.2,5,55.146,2066.56,2091.53,49.419,303,2,0.8,0.0,-0.4,9,0.0,0,True,1746968484.926081,left,False
2706,1746968489.9967692,-57.3907,-26.0645,0.5351,1.23938,2.75711,1047.2,5,55.166,2066.82,2091.79,49.419,303,2,0.8,0.0,-0.4,9,0.0,0,True,1746968484.926081,left,False
2707,1746968490.0162687,-61.1665,-16.079,0.323615,1.2561,2.58216,1047.2,5,55.186,2067.08,2092.05,49.4189,303,2,0.8,0.0,-0.4,9,0.0,0,True,1746968484.926081,left,False
2708,1746968490.0380194,-63.1326,-5.77261,0.0565536,1.27297,2.41057,1047.2,5,55.206,2067.35,2092.31,49.4189,303,2,0.8,0.0,-0.4,9,0.0,0,True,1746968484.926081,left,False
2709,1746968490.0569868,-63.3098,4.55167,-0.25756,1.28996,2.24213,1047.2,5,55.226,2067.61,2092.57,49.4189,303,2,0.8,0.0,-0.4,9,0.0,0,True,1746968484.926081,left,False
2710,1746968490.07728,-61.7798,14.6204,-0.630359,1.30705,2.07657,1047.2,5,55.246,2067.86,2092.83,49.4188,303,2,0.8,0.0,-0.4,9,0.0,0,True,1746968484.926081,left,False
2711,1746968490.0958996,-58.6578,24.1889,-1.05678,1.32422,1.9136,1047.2,5,55.266,2068.12,2093.09,49.4188,303,2,0.8,0.0,-0.4,9,0.0,0,True,1746968484.926081,left,False
2712,1746968490.1193135,-54.0827,33.0462,-1.54337,1.34143,1.75288,1047.2,5,55.286,2068.38,2093.34,49.4187,303,2,0.8,0.0,-0.4,9,0.0,0,True,1746968484.926081,left,False
2713,1746968490.1362529,-48.2106,41.0084,-2.08624,1.35867,1.59404,1047.2,5,55.306,2068.63,2093.6,49.4187,303,2,0.8,0.0,-0.4,9,0.0,0,True,1746968484.926081,left,False
2714,1746968490.1567042,-41.2032,47.9351,-2.68427,1.37592,1.43666,1105.3,5,55.326,2068.89,2093.86,49.4187,303,2,0.8,0.0,-0.4,9,0.0,0,True,1746968484.926081,left,False
2715,1746968490.1768656,-33.2267,53.7024,-3.33097,1.39317,1.28024,1174.19,5,55.346,2069.14,2094.11,49.4186,303,2,0.8,0.0,-0.4,9,0.0,0,True,1746968484.926081,left,False
2716,1746968490.1962028,-24.473,58.1764,-4.00888,1.41041,1.12451,1241.1,5,55.366,2069.4,2094.37,49.4186,303,2,0.8,0.0,-0.4,9,0.0,0,True,1746968484.926081,left,False
2717,1746968490.2188928,-15.1142,61.275,-4.71327,1.42764,0.968951,1296.16,5,55.386,2069.66,2094.62,49.4185,303,2,0.8,0.0,-0.4,9,0.0,0,True,1746968484.926081,left,False
2718,1746968490.236738,9.87009,48.7425,-5.41636,1.44236,0.820695,1355.88,5,55.406,2069.91,2094.88,49.4185,855,2,0.8,0.0,-0.4,9,0.0,0,True,1746968484.926081,left,False
2719,1746968490.2598863,19.5516,42.6601,-6.11928,1.44866,0.701567,1417.93,5,55.426,2070.17,2095.13,49.4185,906,2,0.8,0.0,-0.4,9,0.0,0,True,1746968484.926081,left,False
2720,1746968490.2779772,24.5091,40.0137,-6.82272,1.45586,0.582467,1478.34,5,55.446,2070.42,2095.39,49.4184,906,2,0.8,0.0,-0.4,9,0.0,0,True,1746968484.926081,left,False
2721,1746968490.29644,29.028,36.7819,-7.47362,1.46305,0.463534,1635.04,5,55.466,2070.68,2095.64,49.4184,906,2,0.8,0.0,-0.4,9,0.0,0,True,1746968484.926081,left,False
2722,1746968490.317515,33.0127,32.998,-8.06357,1.47023,0.345465,1865.61,5,55.486,2070.93,2095.9,49.4184,906,2,0.8,0.0,-0.4,9,0.0,0,True,1746968484.926081,left,False
2723,1746968490.3405225,36.5054,28.7244,-8.61285,1.47737,0.228854,2034.57,5,55.506,2071.19,2096.15,49.4183,906,2,0.8,0.0,-0.4,9,0.0,0,True,1746968484.926081,left,False
2724,1746968490.357462,39.461,24.0723,-9.12434,1.48443,0.114087,2143.33,5,55.526,2071.44,2096.41,49.4183,906,2,0.8,0.0,-0.4,9,0.0,0,True,1746968484.926081,left,False
2725,1746968490.3778946,41.9513,19.1931,-9.4924,1.49139,0.00134533,2230.35,5,55.546,2071.69,2096.66,49.4182,906,2,0.8,0.0,-0.4,9,0.0,0,True,1746968484.926081,left,False
2726,1746968490.3974879,43.8933,14.3707,-9.65172,1.49828,-0.108997,2310.99,5,55.566,2071.95,2096.91,49.4182,906,2,0.8,0.0,-0.4,9,0.0,0,True,1746968484.926081,left,False
2727,1746968490.418529,45.1007,9.72088,-9.73263,1.50519,-0.215085,2386.25,5,55.586,2072.2,2097.17,49.4181,925,2,0.8,0.0,-0.4,9,0.0,0,True,1746968484.926081,left,False
2728,1746968490.4372957,29.1806,-46.5706,-9.4232,1.48882,-0.316003,2443.81,5,55.606,2072.45,2097.42,49.418,1535,2,0.8,0.0,-0.4,9,0.0,0,True,1746968484.926081,left,False
2729,1746968490.458543,24.9101,-47.6582,-8.75737,1.47593,-0.410953,2459.52,5,55.626,2072.7,2097.67,49.4179,1535,2,0.8,0.0,-0.4,9,0.0,0,True,1746968484.926081,left,False
2730,1746968490.4784808,20.8588,-48.4546,-0.0772867,1.46355,-0.499232,2355.87,5,55.646,2072.95,2097.92,49.4179,1551,2,0.8,0.0,-0.4,9,0.0,0,True,1746968484.926081,left,False
2731,1746968490.496608,16.9919,-48.9932,0.103454,1.45157,-0.58055,2323.92,5,55.666,2073.2,2098.16,49.4178,1551,2,0.8,0.0,-0.4,9,0.0,0,True,1746968484.926081,left,False
2732,1746968490.520135,13.2948,-49.3175,0.061957,1.43987,-0.655919,2398.59,5,55.686,2073.44,2098.4,49.4177,1551,2,0.8,0.0,-0.4,9,0.0,0,True,1746968484.926081,left,False
2733,1746968490.5365772,9.85104,-49.3233,0.00504728,1.42842,-0.725995,2474.55,5,55.706,2073.68,2098.64,49.4176,1551,2,0.8,0.0,-0.4,9,0.0,0,True,1746968484.926081,left,False
2734,1746968490.5593936,6.64584,-49.2951,-0.0128858,1.41717,-0.791635,2552.37,5,55.726,2073.92,2098.88,49.4176,1551,2,0.8,0.0,-0.4,9,0.0,0,True,1746968484.926081,left,False
2735,1746968490.577326,3.62692,-48.8557,-0.0205519,1.4061,-0.853121,2632.11,5,55.746,2074.15,2099.12,49.4175,1551,2,0.8,0.0,-0.4,9,0.0,0,True,1746968484.926081,left,False
2736,1746968490.5973325,0.879762,-48.1895,-0.10314,1.39524,-0.909501,2713.86,5,55.766,2074.38,2099.35,49.4174,1551,2,0.8,0.0,-0.4,9,0.0,0,True,1746968484.926081,left,False
2737,1746968490.6164882,-1.58977,-47.444,-0.262531,1.38455,-0.961063,2797.69,5,55.786,2074.61,2099.57,49.4173,1551,2,0.8,0.0,-0.4,9,0.0,0,True,1746968484.926081,left,False
2738,1746968490.640283,-3.80872,-46.6197,-0.449429,1.37402,-1.00808,2883.66,5,55.806,2074.83,2099.8,49.4173,1551,2,0.8,0.0,-0.4,9,0.0,0,True,1746968484.926081,left,False
2739,1746968490.657011,-5.80105,-45.7644,-0.676482,1.36362,-1.05081,2971.82,5,55.826,2075.05,2100.02,49.4172,1551,2,0.8,0.0,-0.4,9,0.0,0,True,1746968484.926081,left,False
2740,1746968490.6766775,-7.51693,-45.0314,-0.892641,1.35333,-1.09,2946.46,5,55.846,2075.27,2100.24,49.4171,1551,2,0.8,0.0,-0.4,9,0.0,0,True,1746968484.926081,left,False
2741,1746968490.6970906,-8.72491,-44.2485,-0.965097,1.34321,-1.12493,2575.11,5,55.866,2075.49,2100.45,49.417,1551,2,0.8,0.0,-0.4,9,0.0,0,True,1746968484.926081,left,False
2742,1746968490.7183995,-9.52511,-43.5289,-0.879053,1.33332,-1.15588,1919.11,5,55.886,2075.7,2100.67,49.417,1551,2,0.8,0.0,-0.4,9,0.0,0,True,1746968484.926081,left,False
2743,1746968490.7394898,-10.0756,-42.8196,-0.748773,1.32371,-1.18349,1166.45,5,55.906,2075.91,2100.88,49.4169,1551,2,0.8,0.0,-0.4,9,0.0,0,True,1746968484.926081,left,False
2744,1746968490.7562773,-10.7288,-41.8111,-0.588481,1.31436,-1.20929,1047.2,5,55.926,2076.13,2101.09,49.4169,1551,2,0.8,0.0,-0.4,9,0.0,0,True,1746968484.926081,left,False
2745,1746968490.7804163,-11.3627,-40.8458,-0.410183,1.30525,-1.23401,1047.2,5,55.946,2076.33,2101.3,49.4168,1551,2,0.8,0.0,-0.4,9,0.0,0,True,1746968484.926081,left,False
2746,1746968490.7969646,-11.9669,-40.0931,-0.228157,1.29634,-1.25703,1047.2,5,55.966,2076.54,2101.5,49.4168,1551,2,0.8,0.0,-0.4,9,0.0,0,True,1746968484.926081,left,False
2747,1746968490.8165648,-12.6229,-39.2853,-0.0625102,1.28758,-1.27787,1047.2,5,55.986,2076.74,2101.71,49.4168,1551,2,0.8,0.0,-0.4,9,0.0,0,True,1746968484.926081,left,False
2748,1746968490.8403714,-13.241,-38.3109,0.0805745,1.27896,-1.29754,1047.2,5,56.006,2076.94,2101.91,49.4167,1551,2,0.8,0.0,-0.4,9,0.0,0,True,1746968484.926081,left,False
2749,1746968490.8569736,-13.7712,-37.2117,0.200989,1.27047,-1.31673,1047.2,5,56.026,2077.14,2102.1,49.4167,1551,2,0.8,0.0,-0.4,9,0.0,0,True,1746968484.926081,left,False
2750,1746968490.8764925,-14.2901,-36.0174,0.294156,1.26212,-1.33581,1047.2,5,56.046,2077.33,2102.29,49.4166,1551,2,0.8,0.0,-0.4,9,0.0,0,True,1746968484.926081,left,False
2751,1746968490.8975458,-14.7977,-34.7952,0.369595,1.25391,-1.3549,1047.2,5,56.066,2077.51,2102.48,49.4166,1551,2,0.8,0.0,-0.4,9,0.0,0,True,1746968484.926081,left,False
2752,1746968490.916658,-15.2856,-33.5403,0.395453,1.24585,-1.37405,1047.2,5,56.086,2077.69,2102.66,49.4166,1551,2,0.8,0.0,-0.4,9,0.0,0,True,1746968484.926081,left,False
2753,1746968490.9388971,-15.7515,-32.2604,0.414531,1.23791,-1.39324,1047.2,5,56.106,2077.86,2102.83,49.4165,1551,2,0.8,0.0,-0.4,9,0.0,0,True,1746968484.926081,left,False
2754,1746968490.9564457,-16.1958,-30.9894,0.411366,1.2301,-1.41229,1047.2,5,56.126,2078.03,2103,49.4165,1551,2,0.8,0.0,-0.4,9,0.0,0,True,1746968484.926081,left,False
2755,1746968490.9787126,-16.6105,-29.744,0.382608,1.22241,-1.43091,1047.2,5,56.146,2078.19,2103.16,49.4165,1551,2,0.8,0.0,-0.4,9,0.0,0,True,1746968484.926081,left,False
2756,1746968490.9977558,-16.995,-28.5311,0.342284,1.21482,-1.44884,1047.2,5,56.166,2078.35,2103.32,49.4164,1551,2,0.8,0.0,-0.4,9,0.0,0,True,1746968484.926081,left,False
2757,1746968491.020778,-17.3428,-27.3444,0.278821,1.20731,-1.46585,1047.2,5,56.186,2078.5,2103.47,49.4164,1551,2,0.8,0.0,-0.4,9,0.0,0,True,1746968484.926081,left,False
2758,1746968491.0389464,-17.6503,-26.1873,0.215913,1.19989,-1.48176,1047.2,5,56.206,2078.65,2103.62,49.4163,1551,2,0.8,0.0,-0.4,9,0.0,0,True,1746968484.926081,left,False
2759,1746968491.0579255,-17.9073,-25.0467,0.152504,1.19254,-1.49646,1047.2,5,56.226,2078.79,2103.76,49.4163,1551,2,0.8,0.0,-0.4,9,0.0,0,True,1746968484.926081,left,False
2760,1746968491.077558,-18.1206,-23.939,0.0783303,1.18526,-1.50993,1047.2,5,56.246,2078.93,2103.9,49.4163,1551,2,0.8,0.0,-0.4,9,0.0,0,True,1746968484.926081,left,False
2761,1746968491.098401,-18.2922,-22.8333,0.0189187,1.17805,-1.52214,1047.2,5,56.266,2079.06,2104.03,49.4162,1551,2,0.8,0.0,-0.4,9,0.0,0,True,1746968484.926081,left,False
2762,1746968491.1190147,-18.4162,-21.7625,-0.0439921,1.17089,-1.53305,1047.2,5,56.286,2079.19,2104.15,49.4162,1551,2,0.8,0.0,-0.4,9,0.0,0,True,1746968484.926081,left,False
2763,1746968491.1396441,-18.4779,-20.6929,-0.0796525,1.1638,-1.54275,1047.2,5,56.306,2079.31,2104.27,49.4162,1551,2,0.8,0.0,-0.4,9,0.0,0,True,1746968484.926081,left,False
2764,1746968491.1568828,-18.4963,-19.6307,-0.108308,1.15677,-1.55136,1047.2,5,56.326,2079.42,2104.39,49.4161,1551,2,0.8,0.0,-0.4,9,0.0,0,True,1746968484.926081,left,False
2765,1746968491.1766455,-18.4893,-18.5134,-0.121509,1.14981,-1.55866,1047.2,5,56.346,2079.54,2104.5,49.4161,1551,2,0.8,0.0,-0.4,9,0.0,0,True,1746968484.926081,left,False
2766,1746968491.196461,-18.4463,-17.4224,-0.130669,1.14291,-1.56456,1047.2,5,56.366,2079.64,2104.61,49.416,1551,2,0.8,0.0,-0.4,9,0.0,0,True,1746968484.926081,left,False
2767,1746968491.2194993,-18.3692,-16.347,-0.133608,1.13607,-1.5692,1047.2,5,56.386,2079.74,2104.7,49.416,1551,2,0.8,0.0,-0.4,9,0.0,0,True,1746968484.926081,left,False
2768,1746968491.2379396,-18.2764,-15.2988,-0.125952,1.12928,-1.57267,1047.2,5,56.406,2079.83,2104.8,49.416,1551,2,0.8,0.0,-0.4,9,0.0,0,True,1746968484.926081,left,False
2769,1746968491.2573588,-18.1571,-14.2617,-0.112743,1.12255,-1.57512,1047.2,5,56.426,2079.92,2104.88,49.4159,1551,2,0.8,0.0,-0.4,9,0.0,0,True,1746968484.926081,left,False
2770,1746968491.278385,-18.0314,-13.2469,-0.106681,1.11588,-1.57652,1047.2,5,56.446,2080,2104.97,49.4159,1551,2,0.8,0.0,-0.4,9,0.0,0,True,1746968484.926081,left,False
2771,1746968491.297678,-17.8803,-12.2444,-0.0804861,1.10926,-1.57702,1047.2,5,56.466,2080.07,2105.04,49.4158,1551,2,0.8,0.0,-0.4,9,0.0,0,True,1746968484.926081,left,False
2772,1746968491.316853,-17.7254,-11.261,-0.0594349,1.10269,-1.57663,1047.2,5,56.486,2080.14,2105.11,49.4158,1551,2,0.8,0.0,-0.4,9,0.0,0,True,1746968484.926081,left,False
2773,1746968491.337762,-17.5645,-10.3082,-0.0504257,1.09618,-1.57545,1047.2,5,56.506,2080.21,2105.17,49.4158,1551,2,0.8,0.0,-0.4,9,0.0,0,True,1746968484.926081,left,False
2774,1746968491.3567517,-17.3916,-9.31451,0.00766754,1.08973,-1.57344,1047.2,5,56.526,2080.27,2105.23,49.4157,1551,2,0.8,0.0,-0.4,9,0.0,0,True,1746968484.926081,left,False
2775,1746968491.3775291,-17.1994,-7.95616,0.299151,1.08332,-1.56877,1047.2,5,56.546,2080.32,2105.28,49.4157,1551,2,0.8,0.0,-0.4,9,0.0,0,True,1746968484.926081,left,False
2776,1746968491.3979871,-16.9958,-6.64914,0.646498,1.07698,-1.56027,1047.2,5,56.566,2080.36,2105.32,49.4157,1551,2,0.8,0.0,-0.4,9,0.0,0,True,1746968484.926081,left,False
2777,1746968491.4165366,-16.7816,-5.46868,1.03324,1.07069,-1.54806,1047.2,5,56.586,2080.39,2105.36,49.4156,1551,2,0.8,0.0,-0.4,9,0.0,0,True,1746968484.926081,left,False
2778,1746968491.4392624,-16.5586,-4.6077,1.43936,1.06447,-1.53325,1047.2,5,56.606,2080.42,2105.38,49.4156,1551,2,0.8,0.0,-0.4,9,0.0,0,True,1746968484.926081,left,False
2779,1746968491.4565396,-16.3317,-4.10201,1.83098,1.05832,-1.51806,1047.2,5,56.626,2080.44,2105.4,49.4155,1553,2,0.8,0.0,-0.4,9,0.0,0,True,1746968484.926081,left,False
2780,1746968491.48257,-15.7019,-3.81236,3.7023,1.0524,-1.50384,1047.2,5,56.646,2080.46,2105.42,49.4155,1554,2,0.8,0.0,-0.4,9,0.0,0,True,1746968484.926081,left,False
2781,1746968491.496604,-15.5187,-3.57867,3.67103,1.04655,-1.49072,1047.2,5,56.666,2080.47,2105.44,49.4155,1554,2,0.8,0.0,-0.4,9,0.0,0,True,1746968484.926081,left,False
2782,1746968491.5166128,-15.3354,-3.36369,3.56706,1.04076,-1.47852,1047.2,5,56.686,2080.48,2105.45,49.4154,1554,2,0.8,0.0,-0.4,9,0.0,0,True,1746968484.926081,left,False
2783,1746968491.5412624,-15.1508,-3.17687,3.39733,1.03502,-1.46707,1047.2,5,56.706,2080.49,2105.46,49.4154,1554,2,0.8,0.0,-0.4,9,0.0,0,True,1746968484.926081,left,False
2784,1746968491.560342,-14.9075,-3.02519,3.1885,1.02936,-1.4561,1047.2,5,56.726,2080.5,2105.47,49.4154,1554,2,0.8,0.0,-0.4,9,0.0,0,True,1746968484.926081,left,False
2785,1746968491.5767593,-14.6251,-2.87057,2.96165,1.0238,-1.44553,1047.2,5,56.746,2080.51,2105.47,49.4153,1554,2,0.8,0.0,-0.4,9,0.0,0,True,1746968484.926081,left,False
2786,1746968491.5961897,-14.3907,-2.64541,2.71748,1.01834,-1.43573,1047.2,5,56.766,2080.51,2105.48,49.4153,1554,2,0.8,0.0,-0.4,9,0.0,0,True,1746968484.926081,left,False
2787,1746968491.6192632,-14.1778,-2.3697,2.47532,1.01297,-1.42701,1047.2,5,56.786,2080.52,2105.48,49.4152,1554,2,0.8,0.0,-0.4,9,0.0,0,True,1746968484.926081,left,False
2788,1746968491.6365066,-13.9558,-2.04639,2.24492,1.0077,-1.41953,1047.2,5,56.806,2080.52,2105.48,49.4152,1554,2,0.8,0.0,-0.4,9,0.0,0,True,1746968484.926081,left,False
2789,1746968491.6573434,-13.7307,-1.68183,2.01751,1.00253,-1.41348,1047.2,5,56.826,2080.52,2105.48,49.4152,1554,2,0.8,0.0,-0.4,9,0.0,0,True,1746968484.926081,left,False
2790,1746968491.6787446,-13.4952,-1.25889,1.81795,0.997477,-1.40908,1047.2,5,56.846,2080.51,2105.48,49.4151,1554,2,0.8,0.0,-0.4,9,0.0,0,True,1746968484.926081,left,False
2791,1746968491.6978838,-13.2559,-0.791134,1.67278,0.992533,-1.40644,1047.2,5,56.866,2080.5,2105.47,49.4151,1554,2,0.8,0.0,-0.4,9,0.0,0,True,1746968484.926081,left,False
2792,1746968491.7167785,-13.0024,-0.290984,1.541,0.987714,-1.40573,1047.2,5,56.886,2080.5,2105.46,49.415,1554,2,0.8,0.0,-0.4,9,0.0,0,True,1746968484.926081,left,False
2793,1746968491.7375715,-12.7365,0.228127,1.44989,0.983016,-1.40699,1047.2,5,56.906,2080.48,2105.45,49.415,1554,2,0.8,0.0,-0.4,9,0.0,0,True,1746968484.926081,left,False
2794,1746968491.7592194,-12.4696,0.747851,1.38105,0.978442,-1.41028,1047.2,5,56.926,2080.47,2105.43,49.415,1554,2,0.8,0.0,-0.4,9,0.0,0,True,1746968484.926081,left,False
2795,1746968491.7763748,-12.2509,1.11374,1.34071,0.973975,-1.41509,1047.2,5,56.946,2080.45,2105.42,49.4149,1554,2,0.8,0.0,-0.4,9,0.0,0,True,1746968484.926081,left,False
2796,1746968491.796633,-12.0475,1.31592,1.31534,0.969592,-1.42052,1047.2,5,56.966,2080.43,2105.4,49.4149,1554,2,0.8,0.0,-0.4,9,0.0,0,True,1746968484.926081,left,False
2797,1746968491.8203518,-11.8957,1.44846,1.28412,0.965283,-1.42627,1047.2,5,56.986,2080.41,2105.38,49.4149,1554,2,0.8,0.0,-0.4,9,0.0,0,True,1746968484.926081,left,False
2798,1746968491.837409,-11.7243,1.51744,1.27237,0.961041,-1.43216,1047.2,5,57.006,2080.4,2105.36,49.4148,1554,2,0.8,0.0,-0.4,9,0.0,0,True,1746968484.926081,left,False
2799,1746968491.8558514,-11.5525,1.55256,1.27247,0.956858,-1.43812,1047.2,5,57.026,2080.38,2105.34,49.4148,1554,2,0.8,0.0,-0.4,9,0.0,0,True,1746968484.926081,left,False
2800,1746968491.8774884,-11.3679,1.56266,1.26413,0.952728,-1.44412,1047.2,5,57.046,2080.36,2105.33,49.4147,1554,2,0.8,0.0,-0.4,9,0.0,0,True,1746968484.926081,left,False
2801,1746968491.8991506,-11.1727,1.55208,1.27203,0.948667,-1.45009,1047.2,5,57.066,2080.34,2105.31,49.4147,1554,2,0.8,0.0,-0.4,9,0.0,0,True,1746968484.926081,left,False
2802,1746968491.9161465,-10.9937,1.54121,1.27967,0.944663,-1.45602,1047.2,5,57.086,2080.33,2105.29,49.4147,1554,2,0.8,0.0,-0.4,9,0.0,0,True,1746968484.926081,left,False
2803,1746968491.9398785,-10.7969,1.52438,1.28581,0.940723,-1.46188,1047.2,5,57.106,2080.31,2105.28,49.4146,1554,2,0.8,0.0,-0.4,9,0.0,0,True,1746968484.926081,left,False
2804,1746968491.9592645,-10.5939,1.49891,1.29638,0.936843,-1.46765,1047.2,5,57.126,2080.3,2105.26,49.4146,1554,2,0.8,0.0,-0.4,9,0.0,0,True,1746968484.926081,left,False
2805,1746968491.979709,-10.4018,1.47557,1.30759,0.93303,-1.4733,1047.2,5,57.146,2080.28,2105.25,49.4146,1554,2,0.8,0.0,-0.4,9,0.0,0,True,1746968484.926081,left,False
2806,1746968492.001593,-10.2012,1.44893,1.30511,0.929283,-1.47886,1047.2,5,57.166,2080.27,2105.23,49.4145,1554,2,0.8,0.0,-0.4,9,0.0,0,True,1746968484.926081,left,False
2807,1746968492.0190334,-10.0171,1.41337,1.30606,0.925604,-1.48428,1047.2,5,57.186,2080.25,2105.22,49.4145,1554,2,0.8,0.0,-0.4,9,0.0,0,True,1746968484.926081,left,False
2808,1746968492.0412943,-9.84333,1.38909,1.30706,0.921993,-1.48963,1047.2,5,57.206,2080.24,2105.21,49.4144,1554,2,0.8,0.0,-0.4,9,0.0,0,True,1746968484.926081,left,False
2809,1746968492.0632153,-9.62255,1.35391,1.30673,0.918453,-1.49489,1047.2,5,57.226,2080.23,2105.19,49.4144,1554,2,0.8,0.0,-0.4,9,0.0,0,True,1746968484.926081,left,False
2810,1746968492.080852,-9.40453,1.32584,1.2944,0.914984,-1.50002,1047.2,5,57.246,2080.22,2105.18,49.4144,1554,2,0.8,0.0,-0.4,9,0.0,0,True,1746968484.926081,left,False
2811,1746968492.1016707,-9.17889,1.29986,1.28357,0.911591,-1.50503,1047.2,5,57.266,2080.2,2105.17,49.4143,1554,2,0.8,0.0,-0.4,9,0.0,0,True,1746968484.926081,left,False
2812,1746968492.115861,-8.93846,1.2629,1.38812,0.908268,-1.50992,1047.2,5,57.286,2080.19,2105.16,49.4143,1554,2,0.8,0.0,-0.4,9,0.0,0,True,1746968484.926081,left,False
2813,1746968492.1392343,-8.71538,1.22601,1.51077,0.905023,-1.51465,1047.2,5,57.306,2080.18,2105.15,49.4142,1554,2,0.8,0.0,-0.4,9,0.0,0,True,1746968484.926081,left,False
2814,1746968492.1589327,-8.52242,1.20011,1.73442,0.901855,-1.51928,1047.2,5,57.326,2080.17,2105.14,49.4142,1554,2,0.8,0.0,-0.4,9,0.0,0,True,1746968484.926081,left,False
2815,1746968492.178638,-8.32746,1.16851,1.92127,0.898767,-1.5238,1047.2,5,57.346,2080.16,2105.13,49.4142,1554,2,0.8,0.0,-0.4,9,0.0,0,True,1746968484.926081,left,False
2816,1746968492.1975303,-8.14009,1.14203,2.08546,0.895754,-1.52822,1047.2,5,57.366,2080.16,2105.12,49.4141,1554,2,0.8,0.0,-0.4,9,0.0,0,True,1746968484.926081,left,False
2817,1746968492.2165318,-7.88644,1.09656,2.19191,0.892822,-1.5325,1047.2,5,57.386,2080.15,2105.11,49.4141,1554,2,0.8,0.0,-0.4,9,0.0,0,True,1746968484.926081,left,False
2818,1746968492.236915,-7.65044,1.06842,2.27375,0.889964,-1.53669,1047.2,5,57.406,2080.14,2105.11,49.4141,1554,2,0.8,0.0,-0.4,9,0.0,0,True,1746968484.926081,left,False
2819,1746968492.257118,-7.37587,1.0278,2.32381,0.887189,-1.54071,1047.2,5,57.426,2080.13,2105.1,49.414,1554,2,0.8,0.0,-0.4,9,0.0,0,True,1746968484.926081,left,False
2820,1746968492.277579,-7.15332,0.999729,2.33822,0.884493,-1.54462,1047.2,5,57.446,2080.13,2105.09,49.414,1554,2,0.8,0.0,-0.4,9,0.0,0,True,1746968484.926081,left,False
2821,1746968492.297456,-6.98769,0.971235,2.33282,0.881877,-1.54842,1047.2,5,57.466,2080.12,2105.08,49.4139,1554,2,0.8,0.0,-0.4,9,0.0,0,True,1746968484.926081,left,False
2822,1746968492.3171642,-6.81844,0.937908,2.29377,0.879333,-1.5521,1047.2,5,57.486,2080.11,2105.08,49.4139,1554,2,0.8,0.0,-0.4,9,0.0,0,True,1746968484.926081,left,False
2823,1746968492.3400643,-6.60955,0.911397,2.22032,0.87687,-1.55569,1047.2,5,57.506,2080.11,2105.07,49.4139,1554,2,0.8,0.0,-0.4,9,0.0,0,True,1746968484.926081,left,False
2824,1746968492.3554313,-6.36057,0.876548,2.13487,0.874487,-1.55917,1047.2,5,57.526,2080.1,2105.07,49.4138,1554,2,0.8,0.0,-0.4,9,0.0,0,True,1746968484.926081,left,False
2825,1746968492.3767335,-6.11868,0.842904,2.03804,0.872184,-1.56251,1047.2,5,57.546,2080.09,2105.06,49.4138,1554,2,0.8,0.0,-0.4,9,0.0,0,True,1746968484.926081,left,False
2826,1746968492.3974755,-5.90501,0.812531,1.91803,0.869967,-1.56571,1047.2,5,57.566,2080.09,2105.06,49.4137,1554,2,0.8,0.0,-0.4,9,0.0,0,True,1746968484.926081,left,False
2827,1746968492.4185665,-5.68565,0.774445,1.79813,0.867826,-1.56882,1047.2,5,57.586,2080.08,2105.05,49.4137,1554,2,0.8,0.0,-0.4,9,0.0,0,True,1746968484.926081,left,False
2828,1746968492.4398777,-5.46564,0.74737,1.66192,0.865767,-1.57181,1047.2,5,57.606,2080.08,2105.05,49.4137,1554,2,0.8,0.0,-0.4,9,0.0,0,True,1746968484.926081,left,False
2829,1746968492.4574566,-5.25187,0.721044,1.53693,0.863788,-1.57466,1047.2,5,57.626,2080.08,2105.04,49.4136,1554,2,0.8,0.0,-0.4,9,0.0,0,True,1746968484.926081,left,False
2830,1746968492.47842,-5.0047,0.681182,1.41128,0.86189,-1.57739,1047.2,5,57.646,2080.07,2105.04,49.4136,1554,2,0.8,0.0,-0.4,9,0.0,0,True,1746968484.926081,left,False
2831,1746968492.5004456,-4.83232,0.65071,1.29109,0.860069,-1.58005,1047.2,5,57.666,2080.07,2105.03,49.4136,1554,2,0.8,0.0,-0.4,9,0.0,0,True,1746968484.926081,left,False
2832,1746968492.5167093,-4.60203,0.623535,1.1798,0.858333,-1.58253,1047.2,5,57.686,2080.07,2105.03,49.4135,1554,2,0.8,0.0,-0.4,9,0.0,0,True,1746968484.926081,left,False
2833,1746968492.5395744,-4.39044,0.601046,1.09195,0.856675,-1.58493,1047.2,5,57.706,2080.06,2105.03,49.4135,1554,2,0.8,0.0,-0.4,9,0.0,0,True,1746968484.926081,left,False
2834,1746968492.5569763,-4.11515,0.560991,1.00452,0.855096,-1.58721,1047.2,5,57.726,2080.06,2105.02,49.4134,1554,2,0.8,0.0,-0.4,9,0.0,0,True,1746968484.926081,left,False
2835,1746968492.5764372,-3.96126,0.537986,0.933484,0.853605,-1.58936,1047.2,5,57.746,2080.06,2105.02,49.4134,1554,2,0.8,0.0,-0.4,9,0.0,0,True,1746968484.926081,left,False
2836,1746968492.624657,-3.71936,0.501504,0.864983,0.852191,-1.59137,1047.2,5,57.766,2080.05,2105.02,49.4134,1554,2,0.8,0.0,-0.4,9,0.0,0,True,1746968484.926081,left,False
2837,1746968492.631231,-3.50595,0.472489,0.810261,0.850852,-1.59331,1047.2,5,57.786,2080.05,2105.02,49.4133,1554,2,0.8,0.0,-0.4,9,0.0,0,True,1746968484.926081,left,False
2838,1746968492.637084,-3.2392,0.444847,0.76779,0.849601,-1.59512,1047.2,5,57.806,2080.05,2105.02,49.4133,1554,2,0.8,0.0,-0.4,9,0.0,0,True,1746968484.926081,left,False
2839,1746968492.660873,-3.08726,0.413368,0.72324,0.848431,-1.59681,1047.2,5,57.826,2080.05,2105.01,49.4133,1554,2,0.8,0.0,-0.4,9,0.0,0,True,1746968484.926081,left,False
2840,1746968492.6801755,-2.82714,0.395794,0.678565,0.847337,-1.59842,1047.2,5,57.846,2080.05,2105.01,49.4132,1554,2,0.8,0.0,-0.4,9,0.0,0,True,1746968484.926081,left,False
2841,1746968492.7027829,-2.62951,0.349662,0.633322,0.846334,-1.59984,1047.2,5,57.866,2080.04,2105.01,49.4132,1554,2,0.8,0.0,-0.4,9,0.0,0,True,1746968484.926081,left,False
2842,1746968492.7187886,-2.3707,0.328582,0.589005,0.845406,-1.60119,1047.2,5,57.886,2080.04,2105.01,49.4131,1554,2,0.8,0.0,-0.4,9,0.0,0,True,1746968484.926081,left,False
2843,1746968492.739308,-2.18778,0.290545,0.545683,0.84456,-1.60246,1047.2,5,57.906,2080.04,2105.01,49.4131,1554,2,0.8,0.0,-0.4,9,0.0,0,True,1746968484.926081,left,False
2844,1746968492.7565746,-1.92074,0.26166,0.492218,0.843795,-1.60352,1047.2,5,57.926,2080.04,2105.01,49.4131,1554,2,0.8,0.0,-0.4,9,0.0,0,True,1746968484.926081,left,False
2845,1746968492.777255,-1.78261,0.241583,0.445132,0.843111,-1.60451,1047.2,5,57.946,2080.04,2105,49.413,1554,2,0.8,0.0,-0.4,9,0.0,0,True,1746968484.926081,left,False
2846,1746968492.8000839,-1.50478,0.214042,0.401673,0.842501,-1.60541,1047.2,5,57.966,2080.04,2105,49.413,1554,2,0.8,0.0,-0.4,9,0.0,0,True,1746968484.926081,left,False
2847,1746968492.8198733,-1.35764,0.183807,0.355325,0.841972,-1.60618,1047.2,5,57.986,2080.04,2105,49.4129,1554,2,0.8,0.0,-0.4,9,0.0,0,True,1746968484.926081,left,False
2848,1746968492.837707,-1.04153,0.145478,0.300905,0.841536,-1.60679,1047.2,5,58.006,2080.04,2105,49.4129,1554,2,0.8,0.0,-0.4,9,0.0,0,True,1746968484.926081,left,False
2849,1746968492.8605645,-0.872218,0.111465,0.253,0.84118,-1.60729,1047.2,5,58.026,2080.04,2105,49.4129,1554,2,0.8,0.0,-0.4,9,0.0,0,True,1746968484.926081,left,False
2850,1746968492.8783903,-0.610968,0.0936142,0.192592,0.840908,-1.60769,1047.2,5,58.046,2080.03,2105,49.4128,1554,2,0.8,0.0,-0.4,9,0.0,0,True,1746968484.926081,left,False
2851,1746968492.9027898,-0.445724,0.0515277,0.136889,0.840721,-1.60793,1047.2,5,58.066,2080.03,2105,49.4128,1554,2,0.8,0.0,-0.4,9,0.0,0,True,1746968484.926081,left,False
2852,1746968492.917063,-0.167558,0.0403665,0.0839205,0.840609,-1.60814,1047.2,5,58.086,2080.03,2105,49.4128,1554,2,0.8,0.0,-0.4,9,0.0,0,True,1746968484.926081,left,False
2853,1746968492.9408488,0.00868893,-0.00653889,0.0241545,0.840584,-1.60818,1047.2,5,58.106,2080.03,2105,49.4127,1554,2,0.8,0.0,-0.4,9,0.0,0,True,1746968484.926081,left,False
