Step,Time,SpeedX,SpeedY,SpeedZ,TrackPos,Angle,RPM,Gear_State,CurLapTime,DistFromStart,DistRaced,Fuel,Damage,RacePos,Accel,Brake,Steer,Gear_Control,Clutch,Meta,IsAutoShifting,LastManualShiftTime,SteerDirection,IsStopped
0,1746968392.7128665,0.0921063,0.126593,-0.0916573,0.343006,0.0121934,1047.2,0,-0.982,2952.63,0,50,1,1,0.1,0.0,0.0,1,0.0,0,True,1746968379.0950785,,True
1,1746968392.7356114,0.0921063,0.126593,-0.0916573,0.343006,0.0121934,1051.6,0,-0.962,2952.63,0,50,1,1,0.1,0.0,0.0,1,0.0,0,True,1746968379.0950785,,True
2,1746968392.7522194,0.0921063,0.126593,-0.0916573,0.343006,0.0121934,1055.99,0,-0.942,2952.63,0,50,1,1,0.1,0.0,0.0,1,0.0,0,True,1746968379.0950785,,True
3,1746968392.7720902,0.0921063,0.126593,-0.0916573,0.343006,0.0121934,1060.38,0,-0.922,2952.63,0,50,1,1,0.1,0.0,0.0,1,0.0,0,True,1746968379.0950785,,True
4,1746968392.7917812,0.0921063,0.126593,-0.0916573,0.343006,0.0121934,1064.76,0,-0.902,2952.63,0,50,1,1,0.1,0.0,0.0,1,0.0,0,True,1746968379.0950785,,True
5,1746968392.8128994,0.0921063,0.126593,-0.0916573,0.343006,0.0121934,1069.14,0,-0.882,2952.63,0,50,1,1,0.1,0.0,0.0,1,0.0,0,True,1746968379.0950785,,True
6,1746968392.8357558,0.0921063,0.126593,-0.0916573,0.343006,0.0121934,1073.52,0,-0.862,2952.63,0,50,1,1,0.1,0.0,0.0,1,0.0,0,True,1746968379.0950785,,True
7,1746968392.8537426,0.0921063,0.126593,-0.0916573,0.343006,0.0121934,1077.89,0,-0.842,2952.63,0,50,1,1,0.1,0.0,0.0,1,0.0,0,True,1746968379.0950785,,True
8,1746968392.876427,0.0921063,0.126593,-0.0916573,0.343006,0.0121934,1082.26,0,-0.822,2952.63,0,50,1,1,0.2,0.0,0.0,1,0.0,0,True,1746968379.0950785,,True
9,1746968392.8931656,0.0921063,0.126593,-0.0916573,0.343006,0.0121934,1091.02,0,-0.802,2952.63,0,50,1,1,0.2,0.0,0.0,1,0.0,0,True,1746968379.0950785,,True
10,1746968392.91589,0.0921063,0.126593,-0.0916573,0.343006,0.0121934,1099.78,0,-0.782,2952.63,0,50,1,1,0.30000000000000004,0.0,0.0,1,0.0,0,True,1746968379.0950785,,True
11,1746968392.935193,0.0921063,0.126593,-0.0916573,0.343006,0.0121934,1112.93,0,-0.762,2952.63,0,50,1,1,0.30000000000000004,0.0,0.0,1,0.0,0,True,1746968379.0950785,,True
12,1746968392.953859,0.0921063,0.126593,-0.0916573,0.343006,0.0121934,1126.08,0,-0.742,2952.63,0,50,1,1,0.30000000000000004,0.0,0.0,1,0.0,0,True,1746968379.0950785,,True
13,1746968392.9722342,0.0921063,0.126593,-0.0916573,0.343006,0.0121934,1139.21,0,-0.722,2952.63,0,50,1,1,0.4,0.0,0.0,1,0.0,0,True,1746968379.0950785,,True
14,1746968392.9974818,0.0921063,0.126593,-0.0916573,0.343006,0.0121934,1156.74,0,-0.702,2952.63,0,50,1,1,0.4,0.0,0.0,1,0.0,0,True,1746968379.0950785,,True
15,1746968393.0128477,0.0921063,0.126593,-0.0916573,0.343006,0.0121934,1174.27,0,-0.682,2952.63,0,50,1,1,0.5,0.0,0.0,1,0.0,0,True,1746968379.0950785,,True
16,1746968393.0326538,0.0921063,0.126593,-0.0916573,0.343006,0.0121934,1196.19,0,-0.662,2952.63,0,50,1,1,0.5,0.0,0.0,1,0.0,0,True,1746968379.0950785,,True
17,1746968393.0528054,0.0921063,0.126593,-0.0916573,0.343006,0.0121934,1218.1,0,-0.642,2952.63,0,50,1,1,0.5,0.0,0.0,1,0.0,0,True,1746968379.0950785,,True
18,1746968393.0759895,0.0921063,0.126593,-0.0916573,0.343006,0.0121934,1240,0,-0.622,2952.63,0,50,1,1,0.6,0.0,0.0,1,0.0,0,True,1746968379.0950785,,True
19,1746968393.0932922,0.0921063,0.126593,-0.0916573,0.343006,0.0121934,1266.31,0,-0.602,2952.63,0,50,1,1,0.6,0.0,0.0,1,0.0,0,True,1746968379.0950785,,True
20,1746968393.1147542,0.0921063,0.126593,-0.0916573,0.343006,0.0121934,1292.6,0,-0.582,2952.63,0,50,1,1,0.7,0.0,0.0,1,0.0,0,True,1746968379.0950785,,True
21,1746968393.1315978,0.0921063,0.126593,-0.0916573,0.343006,0.0121934,1323.32,0,-0.562,2952.63,0,50,1,1,0.7,0.0,0.0,1,0.0,0,True,1746968379.0950785,,True
22,1746968393.1529572,0.0921063,0.126593,-0.0916573,0.343006,0.0121934,1354.02,0,-0.542,2952.63,0,49.9999,1,1,0.7,0.0,0.0,1,0.0,0,True,1746968379.0950785,,True
23,1746968393.1736374,0.0921063,0.126593,-0.0916573,0.343006,0.0121934,1384.71,0,-0.522,2952.63,0,49.9999,1,1,0.7999999999999999,0.0,0.0,1,0.0,0,True,1746968379.0950785,,True
24,1746968393.191433,0.0921063,0.126593,-0.0916573,0.343006,0.0121934,1419.83,0,-0.502,2952.63,0,49.9998,1,1,0.7999999999999999,0.0,0.0,1,0.0,0,True,1746968379.0950785,,True
25,1746968393.214854,0.0921063,0.126593,-0.0916573,0.343006,0.0121934,1454.94,0,-0.482,2952.63,0,49.9998,1,1,0.7999999999999999,0.0,0.0,1,0.0,0,True,1746968379.0950785,,True
26,1746968393.2341998,0.0921063,0.126593,-0.0916573,0.343006,0.0121934,1490.05,0,-0.462,2952.63,0,49.9998,1,1,0.8999999999999999,0.0,0.0,1,0.0,0,True,1746968379.0950785,,True
27,1746968393.2572768,0.0921063,0.126593,-0.0916573,0.343006,0.0121934,1529.6,0,-0.442,2952.63,0,49.9997,1,1,0.8999999999999999,0.0,0.0,1,0.0,0,True,1746968379.0950785,,True
28,1746968393.2721817,0.0921063,0.126593,-0.0916573,0.343006,0.0121934,1569.14,0,-0.422,2952.63,0,49.9997,1,1,0.9999999999999999,0.0,0.0,1,0.0,0,True,1746968379.0950785,,True
29,1746968393.2923338,0.0921063,0.126593,-0.0916573,0.343006,0.0121934,1613.56,0,-0.402,2952.63,0,49.9997,1,1,0.9999999999999999,0.0,0.0,1,0.0,0,True,1746968379.0950785,,True
30,1746968393.3117616,0.0921063,0.126593,-0.0916573,0.343006,0.0121934,1659.01,0,-0.382,2952.63,0,49.9996,1,1,0.9999999999999999,0.0,0.0,1,0.0,0,True,1746968379.0950785,,True
31,1746968393.3323941,0.0921063,0.126593,-0.0916573,0.343006,0.0121934,1705.51,0,-0.362,2952.63,0,49.9996,1,1,1.0,0.0,0.0,1,0.0,0,True,1746968379.0950785,,True
32,1746968393.3585563,0.0921063,0.126593,-0.0916573,0.343006,0.0121934,1753.09,0,-0.342,2952.63,0,49.9995,1,1,1.0,0.0,0.0,1,0.0,0,True,1746968379.0950785,,True
33,1746968393.3724847,0.0921063,0.126593,-0.0916573,0.343006,0.0121934,1801.76,0,-0.322,2952.63,0,49.9995,1,1,1.0,0.0,0.0,1,0.0,0,True,1746968379.0950785,,True
34,1746968393.3986707,0.0921063,0.126593,-0.0916573,0.343006,0.0121934,1851.57,0,-0.302,2952.63,0,49.9995,1,1,1.0,0.0,0.0,1,0.0,0,True,1746968379.0950785,,True
35,1746968393.4168358,0.0921063,0.126593,-0.0916573,0.343006,0.0121934,1902.53,0,-0.282,2952.63,0,49.9994,1,1,1.0,0.0,0.0,1,0.0,0,True,1746968379.0950785,,True
36,1746968393.436866,0.0921063,0.126593,-0.0916573,0.343006,0.0121934,1954.67,0,-0.262,2952.63,0,49.9994,1,1,1.0,0.0,0.0,1,0.0,0,True,1746968379.0950785,,True
37,1746968393.4557638,0.0921063,0.126593,-0.0916573,0.343006,0.0121934,2008.01,0,-0.242,2952.63,0,49.9993,1,1,1.0,0.0,0.0,1,0.0,0,True,1746968379.0950785,,True
38,1746968393.4726775,0.0921063,0.126593,-0.0916573,0.343006,0.0121934,2062.59,0,-0.222,2952.63,0,49.9993,1,1,1.0,0.0,0.0,1,0.0,0,True,1746968379.0950785,,True
39,1746968393.496377,0.0921063,0.126593,-0.0916573,0.343006,0.0121934,2118.43,0,-0.202,2952.63,0,49.9992,1,1,1.0,0.0,0.0,1,0.0,0,True,1746968379.0950785,,True
40,1746968393.5119054,0.0921063,0.126593,-0.0916573,0.343006,0.0121934,2175.45,0,-0.182,2952.63,0,49.9991,1,1,1.0,0.0,0.0,1,0.0,0,True,1746968379.0950785,,True
41,1746968393.53238,0.0921063,0.126593,-0.0916573,0.343006,0.0121934,2233.66,0,-0.162,2952.63,0,49.999,1,1,1.0,0.0,0.0,1,0.0,0,True,1746968379.0950785,,True
42,1746968393.5575106,0.0921063,0.126593,-0.0916573,0.343006,0.0121934,2293.08,0,-0.142,2952.63,0,49.999,1,1,1.0,0.0,0.0,1,0.0,0,True,1746968379.0950785,,True
43,1746968393.5714648,0.0921063,0.126593,-0.0916573,0.343006,0.0121934,2353.74,0,-0.122,2952.63,0,49.9989,1,1,1.0,0.0,0.0,1,0.0,0,True,1746968379.0950785,,True
44,1746968393.5936704,0.0921063,0.126593,-0.0916573,0.343006,0.0121934,2415.66,0,-0.102,2952.63,0,49.9988,1,1,1.0,0.0,0.0,1,0.0,0,True,1746968379.0950785,,True
45,1746968393.6154962,0.0921063,0.126593,-0.0916573,0.343006,0.0121934,2478.87,0,-0.082,2952.63,0,49.9987,1,1,1.0,0.0,0.0,1,0.0,0,True,1746968379.0950785,,True
46,1746968393.633868,0.0921063,0.126593,-0.0916573,0.343006,0.0121934,2543.4,0,-0.062,2952.63,0,49.9986,1,1,1.0,0.0,0.0,1,0.0,0,True,1746968379.0950785,,True
47,1746968393.651716,0.0921063,0.126593,-0.0916573,0.343006,0.0121934,2609.27,0,-0.042,2952.63,0,49.9986,1,1,1.0,0.0,0.0,1,0.0,0,True,1746968379.0950785,,True
48,1746968393.674461,0.0921063,0.126593,-0.0916573,0.343006,0.0121934,2676.53,0,-0.022,2952.63,0,49.9985,1,1,1.0,0.0,0.0,1,0.0,0,True,1746968379.0950785,,True
49,1746968393.7144084,0.0215149,0.211392,-0.0623421,0.343068,0.0123565,2815.44,0,0.018,2952.63,0.000244141,49.9982,1,1,1.0,0.0,0.0,1,0.0,0,True,1746968379.0950785,,True
50,1746968393.7318587,0.0986947,0.320129,-0.0414272,0.343168,0.0123627,1051.16,1,0.038,2952.63,0.000976563,49.9982,1,1,1.0,0.0,0.0,1,0.0,0,True,1746968379.0950785,,True
51,1746968393.7579622,0.0207066,0.425922,-0.0338379,0.343309,0.0121695,1055.55,1,0.058,2952.63,0.00146484,49.9982,1,1,1.0,0.0,0.0,1,0.0,0,True,1746968379.0950785,,True
52,1746968393.7727997,0.0978273,0.532744,-0.0395884,0.343488,0.0117924,1059.94,1,0.078,2952.63,0.00219727,49.9982,1,1,1.0,0.0,0.0,1,0.0,0,True,1746968379.0950785,,True
53,1746968393.7930884,0.0171955,0.634643,-0.0452984,0.343706,0.0112421,1064.32,1,0.098,2952.63,0.00268555,49.9982,1,1,1.0,0.0,0.0,1,0.0,0,True,1746968379.0950785,,True
54,1746968393.8125281,0.094008,0.730587,-0.0634604,0.343961,0.0105025,1068.71,1,0.118,2952.64,0.00341797,49.9982,1,1,1.0,0.0,0.0,1,0.0,0,True,1746968379.0950785,,True
55,1746968393.8364403,0.013774,0.810564,-0.0923613,0.344247,0.00954741,1073.08,1,0.138,2952.64,0.00390625,49.9982,1,1,1.0,0.0,0.0,1,0.0,0,True,1746968379.0950785,,True
56,1746968393.8516736,0.0923934,0.867074,-0.121307,0.344559,0.00836247,1077.45,1,0.158,2952.64,0.00463867,49.9982,1,1,1.0,0.0,0.0,1,0.0,0,True,1746968379.0950785,,True
57,1746968393.8726676,0.0142325,0.899294,-0.152301,0.344886,0.00685709,1081.82,1,0.178,2952.64,0.00512695,49.9982,1,1,1.0,0.0,0.0,1,0.0,0,True,1746968379.0950785,,True
58,1746968393.8934445,0.0901686,0.901555,-0.185402,0.34522,0.00503939,1086.18,1,0.198,2952.64,0.00561523,49.9982,1,1,1.0,0.0,0.0,1,0.0,0,True,1746968379.0950785,,True
59,1746968393.9162633,0.0136488,0.889578,-0.213622,0.345551,0.00290268,1090.54,1,0.218,2952.64,0.00610352,49.9982,1,1,1.0,0.0,0.0,1,0.0,0,True,1746968379.0950785,,True
60,1746968393.9340622,0.0891701,0.86215,-0.231663,0.345876,0.0005843,1094.9,1,0.238,2952.64,0.00683594,49.9982,1,1,1.0,0.0,0.0,1,0.0,0,True,1746968379.0950785,,True
61,1746968393.9566634,0.10359,0.856541,-0.256166,0.346225,-0.00204355,1099.68,1,0.26,2952.64,0.00732422,49.9982,1,1,1.0,0.0,0.0,1,0.0,0,True,1746968379.0950785,,True
62,1746968393.974139,0.0356247,0.843804,-0.263915,0.346538,-0.00447828,1104.03,1,0.28,2952.64,0.0078125,49.9982,1,1,1.0,0.0,0.0,1,0.0,0,True,1746968379.0950785,,True
63,1746968393.9937868,0.154388,0.822817,-0.267533,0.346843,-0.00675089,1108.37,1,0.3,2952.64,0.00830078,49.9982,1,1,1.0,0.0,0.0,1,0.0,0,True,1746968379.0950785,,True
64,1746968394.0195277,0.0743886,0.835254,-0.276946,0.34715,-0.00918657,1047.2,1,0.32,2952.64,0.0090332,49.9982,1,1,1.0,0.0,0.0,1,0.0,0,True,1746968379.0950785,,True
65,1746968394.0354772,0.262894,0.842979,-0.273746,0.34746,-0.0116203,1047.2,1,0.34,2952.64,0.0100098,49.9982,1,1,1.0,0.0,0.0,1,0.0,0,True,1746968379.0950785,,True
66,1746968394.0558739,0.403627,0.852012,-0.276521,0.347778,-0.014036,1047.2,1,0.36,2952.64,0.0117188,49.9982,1,1,1.0,0.0,0.0,1,0.0,0,True,1746968379.0950785,,False
67,1746968394.0762484,0.674584,0.800737,-0.270313,0.348088,-0.0162357,1047.2,1,0.38,2952.65,0.0148926,49.9981,1,1,1.0,0.0,0.0,1,0.0,0,True,1746968379.0950785,,False
68,1746968394.0973294,0.845184,0.652332,-0.262868,0.348359,-0.0181125,1047.2,1,0.4,2952.65,0.0192871,49.9981,1,1,1.0,0.0,0.0,1,0.0,0,True,1746968379.0950785,,False
69,1746968394.1161797,1.10275,0.536415,-0.249737,0.348583,-0.0195687,1047.2,1,0.42,2952.66,0.0246582,49.998,1,1,1.0,0.0,0.0,1,0.0,0,True,1746968379.0950785,,False
70,1746968394.138179,1.23976,0.40424,-0.228197,0.348762,-0.0205081,1047.2,1,0.44,2952.66,0.03125,49.998,1,1,1.0,0.0,0.0,1,0.0,0,True,1746968379.0950785,,False
71,1746968394.1535053,1.51939,0.33046,-0.197222,0.34891,-0.0211819,1047.2,1,0.46,2952.67,0.0390625,49.998,1,1,1.0,0.0,0.0,1,0.0,0,True,1746968379.0950785,,False
72,1746968394.1779678,1.66549,0.258416,-0.173869,0.349033,-0.021581,1047.2,1,0.48,2952.68,0.0478516,49.9979,1,1,1.0,0.0,0.0,1,0.0,0,True,1746968379.0950785,,False
73,1746968394.1955805,1.97317,0.25936,-0.146921,0.349155,-0.0218957,1047.2,1,0.502,2952.69,0.059082,49.9979,1,1,1.0,0.0,0.0,1,0.0,0,True,1746968379.0950785,,False
74,1746968394.2190218,2.13475,0.184085,-0.117423,0.349252,-0.0219963,1047.2,1,0.522,2952.7,0.0705566,49.9978,1,1,1.0,0.0,0.0,1,0.0,0,True,1746968379.0950785,,False
75,1746968394.2368457,2.4066,0.204408,-0.0913184,0.34934,-0.0220349,1047.2,1,0.542,2952.71,0.083252,49.9978,1,1,1.0,0.0,0.0,1,0.0,0,True,1746968379.0950785,,False
76,1746968394.2591743,2.54535,0.201331,-0.0673195,0.349437,-0.0221608,1047.2,1,0.562,2952.73,0.0969238,49.9978,1,1,1.0,0.0,0.0,1,0.0,0,True,1746968379.0950785,,False
77,1746968394.2785962,2.86335,0.192896,-0.051188,0.349535,-0.0222805,1047.2,1,0.582,2952.74,0.112061,49.9977,1,1,1.0,0.0,0.0,1,0.0,0,True,1746968379.0950785,,False
78,1746968394.2998478,2.95692,0.206237,-0.0429678,0.349635,-0.0224388,1047.2,1,0.602,2952.76,0.12793,49.9977,1,1,1.0,0.0,0.0,1,0.0,0,True,1746968379.0950785,,False
79,1746968394.3216674,3.25177,0.210831,-0.033076,0.349739,-0.0226277,1047.2,1,0.622,2952.78,0.145264,49.9977,1,1,1.0,0.0,0.0,1,0.0,0,True,1746968379.0950785,,False
80,1746968394.338947,3.4036,0.2062,-0.0263605,0.349845,-0.0227717,1047.2,1,0.642,2952.8,0.163574,49.9976,1,1,1.0,0.0,0.0,1,0.0,0,True,1746968379.0950785,,False
81,1746968394.3573368,3.66887,0.218,-0.0331907,0.34995,-0.0229133,1047.2,1,0.662,2952.81,0.18335,49.9976,1,1,1.0,0.0,0.0,1,0.0,0,True,1746968379.0950785,,False
82,1746968394.3807936,3.79896,0.226913,-0.0364419,0.350064,-0.0231817,1047.2,1,0.682,2952.84,0.204346,49.9975,1,1,1.0,0.0,0.0,1,0.0,0,True,1746968379.0950785,,False
83,1746968394.4005957,4.08973,0.238133,-0.0364773,0.350185,-0.0235103,1047.2,1,0.702,2952.86,0.226074,49.9975,1,1,1.0,0.0,0.0,1,0.0,0,True,1746968379.0950785,,False
84,1746968394.420912,4.21722,0.241837,-0.0486362,0.350311,-0.0238174,1047.2,1,0.722,2952.88,0.249268,49.9975,1,1,1.0,0.0,0.0,1,0.0,0,True,1746968379.0950785,,False
85,1746968394.438571,4.52374,0.238652,-0.0568461,0.350438,-0.0241526,1047.2,1,0.742,2952.91,0.273438,49.9974,1,1,1.0,0.0,0.0,1,0.0,0,True,1746968379.0950785,,False
86,1746968394.4601042,4.70087,0.239283,-0.0709019,0.350568,-0.0245441,1047.2,1,0.762,2952.93,0.298828,49.9974,1,1,1.0,0.0,0.0,1,0.0,0,True,1746968379.0950785,,False
87,1746968394.4762542,4.90219,0.21818,-0.072765,0.350695,-0.0247653,1047.2,1,0.782,2952.96,0.325439,49.9974,1,1,1.0,0.0,0.0,1,0.0,0,True,1746968379.0950785,,False
88,1746968394.500663,5.07068,0.23233,-0.0906493,0.350824,-0.0250629,1047.2,1,0.802,2952.98,0.353027,49.9973,1,1,1.0,0.0,0.0,1,0.0,0,True,1746968379.0950785,,False
89,1746968394.5198143,5.34951,0.232431,-0.0910375,0.35096,-0.0253614,1047.2,1,0.822,2953.01,0.38208,49.9973,1,1,1.0,0.0,0.0,1,0.0,0,True,1746968379.0950785,,False
90,1746968394.5362613,5.57529,0.242881,-0.100548,0.351097,-0.0256465,1047.2,1,0.842,2953.04,0.412354,49.9972,1,1,1.0,0.0,0.0,1,0.0,0,True,1746968379.0950785,,False
91,1746968394.5591621,5.80964,0.227244,-0.10285,0.351241,-0.0259865,1047.2,1,0.862,2953.08,0.443604,49.9972,1,1,1.0,0.0,0.0,1,0.0,0,True,1746968379.0950785,,False
92,1746968394.579977,5.91942,0.235322,-0.11674,0.351381,-0.0261644,1047.2,1,0.882,2953.11,0.476074,49.9972,1,1,1.0,0.0,0.0,1,0.0,0,True,1746968379.0950785,,False
93,1746968394.5994174,6.17983,0.231728,-0.105625,0.351528,-0.0264714,1047.2,1,0.902,2953.14,0.509766,49.9971,1,1,1.0,0.0,0.0,1,0.0,0,True,1746968379.0950785,,False
94,1746968394.6179466,6.40416,0.237427,-0.123589,0.351675,-0.0267089,1047.2,1,0.922,2953.18,0.544678,49.9971,1,1,1.0,0.0,0.0,1,0.0,0,True,1746968379.0950785,,False
95,1746968394.6410842,6.60682,0.245877,-0.119365,0.351827,-0.0269774,1087.88,1,0.942,2953.21,0.580566,49.997,1,1,1.0,0.0,0.0,1,0.0,0,True,1746968379.0950785,,False
96,1746968394.6562521,6.81642,0.244207,-0.126386,0.351984,-0.0272344,1047.2,1,0.962,2953.25,0.61792,49.997,1,1,1.0,0.0,0.0,1,0.0,0,True,1746968379.0950785,,False
97,1746968394.6782491,6.99735,0.262769,-0.125551,0.35215,-0.0275076,1091.77,1,0.982,2953.29,0.65625,49.997,1,1,1.0,0.0,0.0,1,0.0,0,True,1746968379.0950785,,False
98,1746968394.7114186,7.19248,0.25257,-0.122627,0.352336,-0.0277947,1179.1,1,1.004,2953.33,0.699463,49.9969,1,1,1.0,0.0,0.0,1,0.0,0,True,1746968379.0950785,,False
99,1746968394.718773,7.38822,0.264952,-0.130563,0.352507,-0.0280183,1240.6,1,1.024,2953.37,0.740234,49.9969,1,1,1.0,0.0,0.0,1,0.0,0,True,1746968379.0950785,,False
100,1746968394.7387655,7.62458,0.274653,-0.125652,0.352685,-0.0282648,1272.13,1,1.044,2953.41,0.781982,49.9969,1,1,1.0,0.0,0.0,1,0.0,0,True,1746968379.0950785,,False
101,1746968394.7595036,7.89227,0.266983,-0.135753,0.352868,-0.0285957,1217.14,1,1.064,2953.46,0.824951,49.9968,1,1,1.0,0.0,0.0,1,0.0,0,True,1746968379.0950785,,False
102,1746968394.7826312,8.08034,0.276937,-0.133467,0.353055,-0.0289224,1301.15,1,1.084,2953.5,0.869385,49.9968,1,1,1.0,0.0,0.0,1,0.0,0,True,1746968379.0950785,,False
103,1746968394.8009381,8.28478,0.287972,-0.137332,0.353246,-0.0292376,1347.66,1,1.104,2953.55,0.914795,49.9967,1,1,1.0,0.0,0.0,1,0.0,0,True,1746968379.0950785,,False
104,1746968394.8223536,8.48902,0.27966,-0.141561,0.353443,-0.0295489,1274.24,1,1.124,2953.59,0.961182,49.9967,1,1,1.0,0.0,0.0,1,0.0,0,True,1746968379.0950785,,False
105,1746968394.8392816,8.67306,0.291806,-0.143914,0.353644,-0.0298265,1357.75,1,1.144,2953.64,1.00903,49.9967,1,1,1.0,0.0,0.0,1,0.0,0,True,1746968379.0950785,,False
106,1746968394.8634233,8.91724,0.28492,-0.150904,0.353848,-0.0301588,1335.56,1,1.164,2953.69,1.05786,49.9966,1,1,1.0,0.0,0.0,1,0.0,0,True,1746968379.0950785,,False
107,1746968394.8783002,9.14801,0.284921,-0.165294,0.354054,-0.0304793,1397.57,1,1.184,2953.74,1.10815,49.9966,1,1,1.0,0.0,0.0,1,0.0,0,True,1746968379.0950785,,False
108,1746968395.003737,9.36778,0.291064,-0.167024,0.354265,-0.0307987,1440.87,1,1.204,2953.79,1.15918,49.9965,1,1,1.0,0.0,0.0,1,0.0,0,True,1746968379.0950785,,False
109,1746968395.0064445,9.57224,0.290444,-0.163131,0.354481,-0.0311545,1383.45,1,1.224,2953.84,1.21167,49.9965,1,1,1.0,0.0,0.0,1,0.0,0,True,1746968379.0950785,,False
110,1746968395.0181282,9.72045,0.286024,-0.158967,0.354699,-0.0314344,1489.81,1,1.244,2953.9,1.26538,49.9965,1,1,1.0,0.0,0.0,1,0.0,0,True,1746968379.0950785,,False
111,1746968395.0221555,9.92762,0.292769,-0.163322,0.354924,-0.0317171,1470.08,1,1.264,2953.95,1.32031,49.9964,1,1,1.0,0.0,0.0,1,0.0,0,True,1746968379.0950785,,False
112,1746968395.026235,10.1606,0.292111,-0.169602,0.35515,-0.0319889,1383.85,1,1.284,2954.01,1.37622,49.9964,1,1,1.0,0.0,0.0,1,0.0,0,True,1746968379.0950785,,False
113,1746968395.0313044,10.3684,0.30399,-0.167596,0.355384,-0.0322722,1532.11,1,1.304,2954.06,1.43335,49.9964,1,1,1.0,0.0,0.0,1,0.0,0,True,1746968379.0950785,,False
114,1746968395.036372,10.6096,0.30298,-0.171506,0.355622,-0.0325854,1556.12,1,1.324,2954.12,1.4917,49.9963,1,1,1.0,0.0,0.0,1,0.0,0,True,1746968379.0950785,,False
115,1746968395.0543878,10.883,0.302346,-0.16911,0.355865,-0.0329145,1427.87,1,1.344,2954.18,1.55127,49.9963,1,1,1.0,0.0,0.0,1,0.0,0,True,1746968379.0950785,,False
116,1746968395.0922694,11.089,0.307457,-0.178003,0.356112,-0.0331824,1501.3,1,1.364,2954.24,1.61206,49.9962,1,1,1.0,0.0,0.0,1,0.0,0,True,1746968379.0950785,,False
117,1746968395.095854,11.2944,0.304509,-0.179902,0.356361,-0.0334213,1544.16,1,1.384,2954.31,1.67407,49.9962,1,1,1.0,0.0,0.0,1,0.0,0,True,1746968379.0950785,left,False
118,1746968395.1050637,11.4939,0.304552,-0.183825,0.356615,-0.0336774,1579.73,1,1.404,2954.37,1.73706,49.9962,1,1,1.0,0.0,0.0,1,0.0,0,True,1746968379.0950785,left,False
119,1746968395.1173706,11.7092,0.300415,-0.182201,0.356873,-0.0339177,1547.89,1,1.424,2954.43,1.80151,49.9961,1,1,1.0,0.0,0.0,1,0.0,0,True,1746968379.0950785,left,False
120,1746968395.1404378,11.8917,0.308297,-0.186864,0.357135,-0.03419,1635.23,1,1.444,2954.5,1.8667,49.9961,1,1,1.0,0.0,0.0,1,0.0,0,True,1746968379.0950785,left,False
121,1746968395.1638002,12.0755,0.310802,-0.19229,0.357401,-0.0344861,1711.31,1,1.464,2954.56,1.93335,49.9961,1,1,1.0,0.0,-0.1,1,0.0,0,True,1746968379.0950785,left,False
122,1746968395.1801891,12.3249,0.314162,-0.196727,0.357674,-0.0348037,1619.54,1,1.484,2954.63,2.00146,49.996,1,1,1.0,0.0,-0.1,1,0.0,0,True,1746968379.0950785,left,False
123,1746968395.1975992,12.5491,0.3133,-0.1935,0.357951,-0.0351055,1673.45,1,1.504,2954.7,2.07056,49.996,1,1,1.0,0.0,-0.1,1,0.0,0,True,1746968379.0950785,left,False
124,1746968395.2249713,12.8021,0.193343,-0.203859,0.358213,-0.0350888,1672.1,1,1.524,2954.77,2.14111,49.9959,1,1,1.0,0.0,-0.2,1,0.0,0,True,1746968379.0950785,left,False
125,1746968395.2427037,13.0175,0.0670194,-0.193046,0.358422,-0.034324,1818.42,1,1.544,2954.84,2.21265,49.9959,1,1,1.0,0.0,-0.2,1,0.0,0,True,1746968379.0950785,left,False
126,1746968395.2613177,13.2387,-0.112451,-0.17262,0.358578,-0.0329159,1818.79,1,1.564,2954.92,2.28564,49.9959,1,1,1.0,0.0,-0.2,1,0.0,0,True,1746968379.0950785,left,False
127,1746968395.2842245,13.4272,-0.278833,-0.146461,0.358657,-0.0306013,1910.39,1,1.584,2954.99,2.35962,49.9958,1,1,1.0,0.0,-0.2,1,0.0,0,True,1746968379.0950785,left,False
128,1746968395.3014042,13.6166,-0.371179,-0.110541,0.358679,-0.0278128,2002.65,1,1.604,2955.07,2.43481,49.9958,1,1,1.0,0.0,-0.2,1,0.0,0,True,1746968379.0950785,left,False
129,1746968395.3221526,13.8272,-0.434831,-0.0716476,0.358662,-0.0247772,1991.64,1,1.624,2955.14,2.51099,49.9957,1,1,1.0,0.0,-0.2,1,0.0,0,True,1746968379.0950785,left,False
130,1746968395.3394165,14.0563,-0.486071,-0.0313184,0.358611,-0.0215347,1932.36,1,1.644,2955.22,2.58887,49.9957,1,1,1.0,0.0,-0.2,1,0.0,0,True,1746968379.0950785,left,False
131,1746968395.3613157,14.2764,-0.516458,0.0103079,0.358529,-0.0181211,1971.06,1,1.664,2955.3,2.66772,49.9957,1,1,1.0,0.0,-0.2,1,0.0,0,True,1746968379.0950785,left,False
132,1746968395.381757,14.5231,-0.532316,0.0503967,0.358423,-0.0146368,2007.63,1,1.684,2955.38,2.74805,49.9956,1,1,1.0,0.0,-0.2,1,0.0,0,True,1746968379.0950785,left,False
133,1746968395.4007359,14.7936,-0.554139,0.0838965,0.358292,-0.0110629,1989.31,1,1.704,2955.46,2.82959,49.9956,1,1,1.0,0.0,-0.2,1,0.0,0,True,1746968379.0950785,left,False
134,1746968395.4205296,15.0647,-0.576067,0.119022,0.358134,-0.00739652,1967.27,1,1.724,2955.54,2.9126,49.9955,1,1,1.0,0.0,-0.2,1,0.0,0,True,1746968379.0950785,left,False
135,1746968395.4401436,15.3036,-0.585573,0.152064,0.357951,-0.00365431,2061.44,1,1.744,2955.63,2.99683,49.9954,1,1,1.0,0.0,-0.2,1,0.0,0,True,1746968379.0950785,left,False
136,1746968395.459351,15.5547,-0.598069,0.178035,0.357742,0.000144657,2070.48,1,1.764,2955.71,3.08252,49.9953,1,1,1.0,0.0,-0.2,1,0.0,0,True,1746968379.0950785,left,False
137,1746968395.4795423,15.798,-0.609747,0.205622,0.357508,0.00400608,2071.52,1,1.784,2955.8,3.16968,49.9953,1,1,1.0,0.0,-0.2,1,0.0,0,True,1746968379.0950785,left,False
138,1746968395.4979408,16.0392,-0.626392,0.226238,0.357245,0.00795763,2046.69,1,1.804,2955.89,3.25806,49.9952,1,1,1.0,0.0,-0.2,1,0.0,0,True,1746968379.0950785,left,False
139,1746968395.518202,16.2604,-0.633083,0.252086,0.356953,0.0119593,2121.41,1,1.824,2955.98,3.3479,49.9951,1,1,1.0,0.0,-0.2,1,0.0,0,True,1746968379.0950785,left,False
140,1746968395.5396318,16.5084,-0.641205,0.27337,0.356634,0.0159957,2141.92,1,1.844,2956.07,3.43896,49.995,1,1,1.0,0.0,-0.2,1,0.0,0,True,1746968379.0950785,left,False
141,1746968395.5660787,16.7676,-0.655293,0.292185,0.356283,0.0201094,2162.1,1,1.864,2956.16,3.53125,49.995,1,1,1.0,0.0,-0.2,1,0.0,0,True,1746968379.0950785,left,False
142,1746968395.5855145,17.0259,-0.664246,0.308556,0.355901,0.0242779,2218.84,1,1.884,2956.26,3.62524,49.9949,1,1,1.0,0.0,-0.2,1,0.0,0,True,1746968379.0950785,left,False
143,1746968395.6099124,17.2868,-0.675684,0.329477,0.355486,0.0285127,2296.52,1,1.904,2956.35,3.7207,49.9948,1,1,1.0,0.0,0.0,1,0.0,0,True,1746968379.0950785,right,False
144,1746968395.6251547,17.5576,-0.685366,0.350339,0.355037,0.0328118,2332.47,1,1.924,2956.45,3.81738,49.9947,1,1,1.0,0.0,0.0,1,0.0,0,True,1746968379.0950785,right,False
145,1746968395.6450574,17.8363,-0.695804,0.366489,0.354553,0.0371711,2331.58,1,1.944,2956.55,3.91553,49.9947,1,1,1.0,0.0,0.0,1,0.0,0,True,1746968379.0950785,right,False
146,1746968395.6627214,18.12,-0.491869,0.383032,0.354065,0.0410778,2364.18,1,1.964,2956.65,4.01514,49.9946,1,1,1.0,0.0,0.0,1,0.0,0,True,1746968379.0950785,right,False
147,1746968395.6780043,18.4011,-0.156855,0.381936,0.35367,0.0432035,2372.33,1,1.984,2956.75,4.11646,49.9945,1,1,1.0,0.0,0.0,1,0.0,0,True,1746968379.0950785,right,False
148,1746968395.7008376,18.6869,0.0678433,0.357451,0.35333,0.044181,2390.88,1,2.006,2956.86,4.22974,49.9944,1,1,1.0,0.0,0.0,1,0.0,0,True,1746968379.0950785,right,False
149,1746968395.728768,19.0035,0.196632,0.321367,0.353047,0.0444733,2436.66,1,2.028,2956.98,4.34497,49.9943,1,1,1.0,0.0,0.0,1,0.0,0,True,1746968379.0950785,right,False
150,1746968395.7474105,19.3344,0.273033,0.276975,0.352798,0.04443,2489.14,1,2.05,2957.09,4.4624,49.9943,1,1,1.0,0.0,0.0,1,0.0,0,True,1746968379.0950785,right,False
151,1746968395.7711883,19.6413,0.319609,0.238697,0.352568,0.0441977,2534.37,1,2.072,2957.21,4.58154,49.9942,1,1,1.0,0.0,0.0,1,0.0,0,True,1746968379.0950785,right,False
152,1746968395.7913172,19.965,0.349456,0.197851,0.35235,0.0438496,2568.28,1,2.094,2957.33,4.70264,49.9941,1,1,1.0,0.0,0.0,1,0.0,0,True,1746968379.0950785,right,False
153,1746968395.8148322,20.3061,0.369387,0.157773,0.352139,0.0434286,2619.36,1,2.116,2957.46,4.82568,49.994,1,1,1.0,0.0,0.0,1,0.0,0,True,1746968379.0950785,right,False
154,1746968395.8333905,20.6435,0.381857,0.123922,0.351932,0.0429708,2660.13,1,2.138,2957.58,4.95093,49.9939,1,1,1.0,0.0,0.0,1,0.0,0,True,1746968379.0950785,right,False
155,1746968395.8579872,20.9768,0.389882,0.0938395,0.351726,0.0424954,2715.68,1,2.16,2957.71,5.07813,49.9938,1,1,1.0,0.0,0.0,1,0.0,0,True,1746968379.0950785,right,False
156,1746968395.8802817,21.3236,0.395504,0.0781936,0.351522,0.0420138,2760.42,1,2.182,2957.84,5.20752,49.9936,1,1,1.0,0.0,0.0,1,0.0,0,True,1746968379.0950785,right,False
157,1746968395.8988426,21.6823,0.400627,0.0654286,0.351318,0.0415327,2788.48,1,2.204,2957.97,5.33887,49.9935,1,1,1.0,0.0,0.0,1,0.0,0,True,1746968379.0950785,right,False
158,1746968395.9260647,22.0382,0.402745,0.0625147,0.351113,0.0410554,2844.34,1,2.226,2958.1,5.47266,49.9934,1,1,1.0,0.0,0.0,1,0.0,0,True,1746968379.0950785,right,False
159,1746968395.947107,22.3991,0.406408,0.058877,0.350909,0.0405862,2894.38,1,2.248,2958.24,5.6084,49.9933,1,1,1.0,0.0,0.0,1,0.0,0,True,1746968379.0950785,right,False
160,1746968395.9695382,22.7665,0.410066,0.0654602,0.350703,0.0401189,2938.87,1,2.27,2958.38,5.74658,49.9931,1,1,1.0,0.0,0.0,1,0.0,0,True,1746968379.0950785,right,False
161,1746968395.9868248,23.1346,0.415777,0.0653669,0.350498,0.0396525,3022.87,1,2.292,2958.52,5.88696,49.993,1,1,1.0,0.0,0.0,1,0.0,0,True,1746968379.0950785,right,False
162,1746968396.0114625,23.5155,0.420427,0.0871384,0.350293,0.0391762,3059.41,1,2.314,2958.66,6.02954,49.9929,1,1,1.0,0.0,0.0,1,0.0,0,True,1746968379.0950785,right,False
163,1746968396.0342152,23.8976,0.428242,0.0896122,0.35009,0.0386884,3132.87,1,2.336,2958.81,6.17456,49.9928,1,1,1.0,0.0,0.0,1,0.0,0,True,1746968379.0950785,right,False
164,1746968396.0535755,24.2912,0.435862,0.0982137,0.349888,0.0381791,3187.85,1,2.358,2958.95,6.32178,49.9926,1,1,1.0,0.0,0.0,1,0.0,0,True,1746968379.0950785,right,False
165,1746968396.0773337,24.6851,0.444865,0.109736,0.349689,0.0376469,3259.66,1,2.38,2959.1,6.47144,49.9925,1,1,1.0,0.0,0.0,1,0.0,0,True,1746968379.0950785,right,False
166,1746968396.0964677,25.0926,0.453736,0.120726,0.349493,0.0370852,3307.27,1,2.402,2959.26,6.62378,49.9923,1,1,1.0,0.0,0.0,1,0.0,0,True,1746968379.0950785,right,False
167,1746968396.119252,25.4977,0.464659,0.120094,0.3493,0.0364944,3395.74,1,2.424,2959.41,6.77832,49.9921,1,1,1.0,0.0,0.0,1,0.0,0,True,1746968379.0950785,right,False
168,1746968396.144657,25.9152,0.476567,0.12171,0.349113,0.0358641,3462.98,1,2.446,2959.57,6.93555,49.992,1,1,1.0,0.0,0.0,1,0.0,0,True,1746968379.0950785,right,False
169,1746968396.1632483,26.3375,0.487123,0.132466,0.34893,0.0351898,3542.46,1,2.468,2959.73,7.09521,49.9918,1,1,1.0,0.0,0.0,1,0.0,0,True,1746968379.0950785,right,False
170,1746968396.1855779,26.7642,0.501418,0.126558,0.348754,0.0344674,3642.74,1,2.49,2959.89,7.25781,49.9916,1,1,1.0,0.0,0.0,1,0.0,0,True,1746968379.0950785,right,False
171,1746968396.2081149,27.2056,0.513903,0.126125,0.348586,0.0336935,3720.75,1,2.512,2960.05,7.42285,49.9914,1,1,1.0,0.0,0.0,1,0.0,0,True,1746968379.0950785,right,False
172,1746968396.2295175,27.6516,0.526582,0.137147,0.348425,0.0328614,3807.38,1,2.534,2960.22,7.59058,49.9912,1,1,1.0,0.0,0.0,1,0.0,0,True,1746968379.0950785,right,False
173,1746968396.2538111,28.0947,0.54402,0.128803,0.348275,0.0319659,3940.06,1,2.556,2960.39,7.76099,49.991,1,1,1.0,0.0,0.0,1,0.0,0,True,1746968379.0950785,right,False
174,1746968396.2762198,28.5452,0.563869,0.105116,0.348137,0.0309975,4086.9,1,2.578,2960.57,7.93408,49.9908,1,1,1.0,0.0,0.0,1,0.0,0,True,1746968379.0950785,right,False
175,1746968396.2941134,29.0079,0.583554,0.0873239,0.348013,0.0299446,4241.5,1,2.6,2960.74,8.11011,49.9905,1,1,1.0,0.0,0.0,1,0.0,0,True,1746968379.0950785,right,False
176,1746968396.3217819,29.4835,0.602307,0.0800245,0.347904,0.0288016,4388.11,1,2.622,2960.92,8.28906,49.9903,1,1,1.0,0.0,0.0,1,0.0,0,True,1746968379.0950785,right,False
177,1746968396.3381014,29.965,0.622618,0.0644783,0.347811,0.0275671,4570.2,1,2.644,2961.1,8.47095,49.99,1,1,1.0,0.0,0.0,1,0.0,0,True,1746968379.0950785,right,False
178,1746968396.3622646,30.4518,0.644401,0.0457097,0.347737,0.0262338,4797.93,1,2.666,2961.29,8.65552,49.9897,1,1,1.0,0.0,0.0,1,0.0,0,True,1746968379.0950785,right,False
179,1746968396.3872216,30.9495,0.666362,0.0288392,0.347684,0.0247914,4974.88,1,2.688,2961.48,8.84351,49.9894,1,1,1.0,0.0,0.0,1,0.0,0,True,1746968379.0950785,right,False
180,1746968396.4043608,31.4561,0.686259,0.0153758,0.347654,0.0232384,5110.97,1,2.71,2961.67,9.03418,49.9891,1,1,1.0,0.0,0.0,1,0.0,0,True,1746968379.0950785,right,False
181,1746968396.4295695,31.9592,0.702541,0.00610718,0.347646,0.0215942,5253.59,1,2.732,2961.86,9.22827,49.9888,1,1,1.0,0.0,0.0,1,0.0,0,True,1746968379.0950785,right,False
182,1746968396.4487019,32.4655,0.718602,-0.0118713,0.347663,0.0198624,5364.21,1,2.754,2962.06,9.42529,49.9885,1,1,1.0,0.0,0.0,1,0.0,0,True,1746968379.0950785,right,False
183,1746968396.472209,32.9645,0.732784,-0.0312343,0.347705,0.0180594,5510.06,1,2.776,2962.26,9.62524,49.9882,1,1,1.0,0.0,0.0,1,0.0,0,True,1746968379.0950785,right,False
184,1746968396.4921315,33.4705,0.744055,-0.0405573,0.347773,0.0161874,5608.56,1,2.798,2962.46,9.82861,49.9878,1,1,1.0,0.0,0.0,1,0.0,0,True,1746968379.0950785,right,False
185,1746968396.5182798,33.971,0.755656,-0.0635695,0.347868,0.01426,5721.68,1,2.82,2962.67,10.0347,49.9875,1,1,1.0,0.0,0.0,1,0.0,0,True,1746968379.0950785,right,False
186,1746968396.5396042,34.4823,0.764529,-0.0797489,0.347992,0.0122816,5792.74,1,2.842,2962.88,10.2441,49.9871,1,2,1.0,0.0,0.0,1,0.0,0,True,1746968379.0950785,right,False
187,1746968396.5609832,34.9857,0.772836,-0.10158,0.348144,0.0102612,5855.74,1,2.864,2963.09,10.4565,49.9868,1,2,1.0,0.0,0.0,1,0.0,0,True,1746968379.0950785,right,False
188,1746968396.5840712,35.4969,0.777296,-0.115156,0.348326,0.00821322,5870.73,1,2.886,2963.3,10.6721,49.9865,1,2,1.0,0.0,0.0,1,0.0,0,True,1746968379.0950785,right,False
189,1746968396.6019888,35.9951,0.782202,-0.139415,0.348537,0.00614279,5921.74,1,2.908,2963.52,10.8909,49.9861,1,2,1.0,0.0,0.0,1,0.0,0,True,1746968379.0950785,right,False
190,1746968396.6255732,36.5039,0.784587,-0.157733,0.348779,0.00405377,5930.13,1,2.93,2963.74,11.1125,49.9858,1,2,1.0,0.0,0.0,1,0.0,0,True,1746968379.0950785,right,False
191,1746968396.6480935,37.0121,0.785838,-0.173904,0.349053,0.00196188,5928.05,1,2.952,2963.97,11.3372,49.9855,1,2,1.0,0.0,0.0,1,0.0,0,True,1746968379.0950785,right,False
192,1746968396.6696792,37.5167,0.785623,-0.193309,0.349358,-0.000119034,5947.16,1,2.974,2964.2,11.5652,49.9851,1,2,1.0,0.0,0.0,1,0.0,0,True,1746968379.0950785,right,False
193,1746968396.6933289,38.0204,0.785663,-0.214964,0.349695,-0.00218183,5961,1,2.996,2964.43,11.7961,49.9848,1,2,1.0,0.0,0.0,1,0.0,0,True,1746968379.0950785,right,False
194,1746968396.7162924,38.5253,0.785411,-0.23589,0.350063,-0.00423032,5958.78,1,3.018,2964.66,12.03,49.9845,1,2,1.0,0.0,0.0,1,0.0,0,True,1746968379.0950785,right,False
195,1746968396.736399,39.0272,0.783956,-0.258657,0.350464,-0.00624973,5978.79,1,3.04,2964.9,12.2671,49.9841,1,2,1.0,0.0,0.0,1,0.0,0,True,1746968379.0950785,right,False
196,1746968396.7581754,39.5289,0.782212,-0.28223,0.350898,-0.00824243,5989.42,1,3.062,2965.14,12.5073,49.9838,1,2,1.0,0.0,0.0,1,0.0,0,True,1746968379.0950785,right,False
197,1746968396.7806168,40.0236,0.781145,-0.30406,0.351365,-0.0101998,6011.75,1,3.084,2965.38,12.7505,49.9835,1,2,1.0,0.0,0.0,1,0.0,0,True,1746968379.0950785,right,False
198,1746968396.8056788,40.5159,0.780025,-0.329566,0.351865,-0.0121296,6043.64,1,3.106,2965.63,12.9966,49.9831,1,2,1.0,0.0,0.0,1,0.0,0,True,1746968379.0950785,right,False
199,1746968396.8225951,41.0069,0.778091,-0.351198,0.352398,-0.0140212,6075.59,1,3.128,2965.88,13.2458,49.9828,1,2,1.0,0.0,0.0,1,0.0,0,True,1746968379.0950785,right,False
200,1746968396.847898,41.4958,0.776758,-0.376329,0.352965,-0.0158795,6089.83,1,3.15,2966.13,13.498,49.9824,1,2,1.0,0.0,0.0,1,0.0,0,True,1746968379.0950785,right,False
201,1746968396.868971,41.9804,0.775392,-0.402077,0.353565,-0.0177091,6114.78,1,3.172,2966.38,13.7532,49.9821,1,2,1.0,0.0,0.0,1,0.0,0,True,1746968379.0950785,right,False
202,1746968396.8922114,42.4612,0.773827,-0.419261,0.354199,-0.0195058,6134.81,1,3.194,2966.64,14.011,49.9818,1,2,1.0,0.0,0.0,1,0.0,0,True,1746968379.0950785,right,False
203,1746968396.9156854,42.9416,0.772514,-0.449692,0.354868,-0.0212744,6157.61,1,3.216,2966.9,14.272,49.9814,1,2,1.0,0.0,0.0,1,0.0,0,True,1746968379.0950785,right,False
204,1746968396.9315991,43.4153,0.771386,-0.472301,0.355571,-0.0230148,6198.35,1,3.238,2967.17,14.5359,49.9811,1,2,1.0,0.0,0.0,1,0.0,0,True,1746968379.0950785,right,False
205,1746968396.956478,43.8869,0.770412,-0.492966,0.356308,-0.0247224,6221.69,1,3.26,2967.43,14.8025,49.9808,1,2,1.0,0.0,0.0,1,0.0,0,True,1746968379.0950785,right,False
206,1746968396.9769437,44.3518,0.769644,-0.525,0.35708,-0.0263966,6274.14,1,3.282,2967.7,15.072,49.9804,1,2,1.0,0.0,0.0,1,0.0,0,True,1746968379.0950785,right,False
207,1746968397.0018132,44.8152,0.768799,-0.550722,0.357887,-0.0280388,6298.9,1,3.304,2967.98,15.3445,49.9801,1,2,1.0,0.0,0.0,1,0.0,0,True,1746968379.0950785,right,False
208,1746968397.0210843,45.2725,0.768477,-0.578749,0.358728,-0.029641,6340.27,1,3.326,2968.25,15.6196,49.9798,1,2,1.0,0.0,0.0,1,0.0,0,True,1746968379.0950785,right,False
209,1746968397.0420997,45.7362,0.767015,-0.595264,0.359604,-0.0312203,6349.52,1,3.348,2968.53,15.8975,49.9794,1,2,1.0,0.0,0.0,1,0.0,0,True,1746968379.0950785,right,False
210,1746968397.0669436,46.1885,0.766858,-0.61743,0.360514,-0.0327771,6399.58,1,3.37,2968.81,16.1782,49.9791,1,2,1.0,0.0,0.0,1,0.0,0,True,1746968379.0950785,right,False
211,1746968397.0895944,46.6436,0.766183,-0.641474,0.361459,-0.034304,6418.98,1,3.392,2969.09,16.4617,49.9788,1,2,1.0,0.0,0.0,1,0.0,0,True,1746968379.0950785,right,False
212,1746968397.1111724,47.096,0.765637,-0.657797,0.362439,-0.0358041,6446.6,1,3.414,2969.38,16.7478,49.9784,1,2,1.0,0.0,0.0,1,0.0,0,True,1746968379.0950785,right,False
213,1746968397.132196,47.5413,0.765905,-0.683813,0.363454,-0.0372699,6496.31,1,3.436,2969.67,17.0369,49.9781,1,2,1.0,0.0,0.0,1,0.0,0,True,1746968379.0950785,right,False
214,1746968397.1554825,47.989,0.765254,-0.69702,0.364504,-0.0387099,6522.36,1,3.458,2969.96,17.3286,49.9777,1,2,1.0,0.0,0.0,1,0.0,0,True,1746968379.0950785,right,False
215,1746968397.1755672,48.432,0.764942,-0.715654,0.365589,-0.0401152,6559.47,1,3.48,2970.25,17.6228,49.9774,1,2,1.0,0.0,0.0,1,0.0,0,True,1746968379.0950785,right,False
216,1746968397.197239,48.8712,0.765791,-0.739503,0.366708,-0.041487,6592.07,1,3.502,2970.55,17.9199,49.9771,1,2,1.0,0.0,0.0,1,0.0,0,True,1746968379.0950785,right,False
217,1746968397.224097,49.306,0.767287,-0.761407,0.367862,-0.0428341,6635.58,1,3.524,2970.85,18.2195,49.9767,1,2,1.0,0.0,0.0,1,0.0,0,True,1746968379.0950785,right,False
218,1746968397.24571,49.7389,0.768208,-0.780962,0.369051,-0.0441573,6675.56,1,3.546,2971.15,18.522,49.9764,1,2,1.0,0.0,0.0,1,0.0,0,True,1746968379.0950785,right,False
219,1746968397.262446,50.1709,0.770067,-0.805233,0.370275,-0.04546,6703.19,1,3.568,2971.46,18.8267,49.9761,1,2,1.0,0.0,0.0,1,0.0,0,True,1746968379.0950785,right,False
220,1746968397.2865229,50.5969,0.771689,-0.831222,0.371534,-0.0467332,6754.31,1,3.59,2971.77,19.1343,49.9757,1,2,1.0,0.0,0.0,1,0.0,0,True,1746968379.0950785,right,False
221,1746968397.3062189,51.0188,0.773617,-0.851381,0.372828,-0.0479835,6802.6,1,3.612,2972.08,19.4443,49.9754,1,2,1.0,0.0,0.0,1,0.0,0,True,1746968379.0950785,right,False
222,1746968397.3281112,51.4211,0.772848,-0.873946,0.374156,-0.0492113,6784.34,1,3.634,2972.39,19.7568,49.9751,1,2,1.0,0.0,0.0,1,0.0,0,True,1746968379.0950785,right,False
223,1746968397.3533227,51.8168,0.772459,-0.89836,0.375516,-0.050401,6788.03,1,3.656,2972.7,20.0718,49.9748,1,2,1.0,0.0,0.0,1,0.0,0,True,1746968379.0950785,right,False
224,1746968397.3735876,52.197,0.771868,-0.919132,0.37691,-0.0515364,6743.34,1,3.678,2973.02,20.3889,49.9745,1,2,1.0,0.0,0.0,1,0.0,0,True,1746968379.0950785,right,False
225,1746968397.395963,52.56,0.770922,-0.940336,0.378334,-0.052614,6595.7,1,3.7,2973.34,20.7085,49.9742,1,2,1.0,0.0,0.0,1,0.0,0,True,1746968379.0950785,left,False
226,1746968397.4159486,52.9113,0.770255,-0.961354,0.379787,-0.0536311,6761.61,1,3.722,2973.66,21.0303,49.974,1,2,1.0,0.0,0.0,1,0.0,0,True,1746968379.0950785,left,False
227,1746968397.4389203,53.2382,0.769941,-0.981303,0.381269,-0.0545848,6596.67,1,3.744,2973.99,21.3538,49.9737,1,2,1.0,0.0,0.0,1,0.0,0,True,1746968379.0950785,left,False
228,1746968397.461839,53.5572,0.772016,-1.00463,0.382779,-0.0554703,6866.35,1,3.766,2974.31,21.6794,49.9734,1,2,1.0,0.0,0.0,1,0.0,0,True,1746968379.0950785,left,False
229,1746968397.4846797,53.8543,0.773698,-1.02627,0.384315,-0.0562971,6784.61,1,3.788,2974.64,22.0071,49.9732,1,2,1.0,0.0,0.0,1,0.0,0,True,1746968379.0950785,left,False
230,1746968397.5053356,54.1387,0.77552,-1.03266,0.385876,-0.0570539,6840,1,3.81,2974.97,22.3364,49.973,1,2,1.0,0.0,0.0,1,0.0,0,True,1746968379.0950785,left,False
231,1746968397.5265276,54.3779,0.777252,-1.04679,0.38746,-0.0577477,6572.78,1,3.832,2975.3,22.6672,49.9729,1,2,1.0,0.0,0.0,1,0.0,0,True,1746968379.0950785,left,False
232,1746968397.551177,54.6004,0.780984,-1.05792,0.389065,-0.0583695,6839.52,1,3.854,2975.63,22.9995,49.9727,1,2,1.0,0.0,0.0,1,0.0,0,True,1746968379.0950785,left,False
233,1746968397.5720696,54.8213,0.787624,-1.07404,0.39069,-0.0589312,6616.34,1,3.876,2975.96,23.333,49.9725,1,2,1.0,0.0,0.0,1,0.0,0,True,1746968379.0950785,left,False
234,1746968397.5954204,55.0436,0.794187,-1.08695,0.392335,-0.0594423,6882.07,1,3.898,2976.3,23.668,49.9723,1,2,1.0,0.0,0.0,1,0.0,0,True,1746968379.0950785,left,False
235,1746968397.6139717,55.2625,0.801931,-1.09826,0.394,-0.0599063,6660.66,1,3.92,2976.64,24.0042,49.9722,1,2,1.0,0.0,0.0,1,0.0,0,True,1746968379.0950785,left,False
236,1746968397.6372764,55.4784,0.810374,-1.10789,0.395683,-0.0603393,6938.74,1,3.942,2976.97,24.3416,49.972,1,2,1.0,0.0,0.0,1,0.0,0,True,1746968379.0950785,left,False
237,1746968397.6617572,55.6954,0.818724,-1.121,0.397385,-0.060747,6720.66,1,3.964,2977.31,24.6804,49.9719,1,2,1.0,0.0,0.0,1,0.0,0,True,1746968379.0950785,left,False
238,1746968397.6830153,55.913,0.826418,-1.13156,0.399039,-0.0611315,6982.7,1,3.986,0.0537109,25.0186,49.9717,1,2,1.0,0.0,0.0,1,0.0,0,True,1746968379.0950785,left,False
239,1746968397.7022452,56.1266,0.83398,-1.14559,0.400775,-0.0615126,6770.71,1,4.008,0.395142,25.36,49.9715,1,2,1.0,0.0,0.0,1,0.0,0,True,1746968379.0950785,left,False
240,1746968397.7280815,56.3419,0.839774,-1.15243,0.402528,-0.061886,7031.79,1,4.03,0.737854,25.7027,49.9713,1,2,1.0,0.0,0.0,1,0.0,0,True,1746968379.0950785,left,False
241,1746968397.74639,56.518,0.845572,-1.16797,0.404297,-0.0622548,6815.8,1,4.052,1.08185,26.0467,49.9712,1,2,1.0,0.0,-0.1,2,0.0,0,True,1746968379.0950785,left,False
242,1746968397.773244,56.6647,0.849268,-1.17568,0.40608,-0.0626119,7037.16,1,4.074,1.4267,26.3915,49.9711,1,2,1.0,0.0,-0.1,2,0.0,0,True,1746968379.0950785,left,False
243,1746968397.7947853,56.7265,0.851229,-1.18104,0.407875,-0.0629543,3834.66,2,4.096,1.7724,26.7372,49.9711,1,2,1.0,0.0,-0.1,3,0.0,0,True,1746968379.0950785,left,False
244,1746968397.8157012,56.7183,0.652947,-1.18016,0.409636,-0.0625551,3838.26,2,4.118,2.11816,27.083,49.9711,1,2,1.0,0.0,-0.1,3,0.0,0,True,1746968379.0950785,left,False
245,1746968397.8380568,56.6992,0.493896,-1.17198,0.411288,-0.0603192,3841.85,2,4.14,2.46393,27.4288,49.9711,1,2,1.0,0.0,-0.1,3,0.0,0,True,1746968379.0950785,left,False
246,1746968397.8608565,56.6802,0.417485,-1.13187,0.412824,-0.0564957,3845.43,2,4.162,2.80969,27.7745,49.9711,1,2,1.0,0.0,-0.1,3,0.0,0,True,1746968379.0950785,left,False
247,1746968397.8774078,56.6612,0.407111,-1.06935,0.414242,-0.0513853,3849.01,2,4.184,3.15546,28.1203,49.9711,1,2,1.0,0.0,-0.1,3,0.0,0,True,1746968379.0950785,left,False
248,1746968397.902271,56.6418,0.443837,-0.994815,0.415538,-0.0452759,3852.58,2,4.206,3.50122,28.4661,49.9711,1,2,1.0,0.0,-0.1,3,0.0,0,True,1746968379.0950785,left,False
249,1746968397.9266658,56.6209,0.51032,-0.910272,0.416707,-0.0384006,3856.15,2,4.228,3.84698,28.8118,49.9711,1,2,1.0,0.0,-0.1,3,0.0,0,True,1746968379.0950785,left,False
250,1746968397.9439034,56.5983,0.59172,-0.814981,0.417741,-0.0309784,3859.71,2,4.25,4.19275,29.1576,49.9711,1,2,1.0,0.0,-0.1,3,0.0,0,True,1746968379.0950785,left,False
251,1746968397.9661078,56.5733,0.677431,-0.713987,0.418634,-0.023151,3863.26,2,4.272,4.53851,29.5034,49.9711,1,2,1.0,0.0,-0.1,3,0.0,0,True,1746968379.0950785,left,False
252,1746968397.9903884,56.5458,0.755902,-0.597264,0.419376,-0.0150648,3866.81,2,4.294,4.88428,29.8491,49.9711,1,2,1.0,0.0,-0.1,3,0.0,0,True,1746968379.0950785,left,False
253,1746968398.0156407,56.516,0.828677,-0.484043,0.419962,-0.00681828,3870.35,2,4.316,5.22943,30.1943,49.9711,1,2,1.0,0.0,-0.1,3,0.0,0,True,1746968379.0950785,left,False
254,1746968398.034711,56.4837,0.889757,-0.362846,0.420383,0.00150259,3873.89,2,4.338,5.57452,30.5394,49.9711,1,2,1.0,0.0,-0.1,3,0.0,0,True,1746968379.0950785,left,False
255,1746968398.0544522,56.4493,0.939666,-0.238773,0.420635,0.00982795,3877.42,2,4.36,5.91962,30.8845,49.9711,1,2,1.0,0.0,-0.1,3,0.0,0,True,1746968379.0950785,left,False
256,1746968398.076352,56.4136,0.974276,-0.108788,0.420713,0.018116,2721.99,3,4.382,6.26471,31.2296,49.9711,1,2,1.0,0.0,-0.1,3,0.0,0,True,1746968379.0950785,left,False
257,1746968398.100008,56.3754,0.999135,0.0219219,0.420614,0.0263438,2726.67,3,4.404,6.60925,31.5741,49.9711,1,2,1.0,0.0,-0.1,3,0.0,0,True,1746968379.0950785,left,False
258,1746968398.1216962,56.3351,1.01392,0.154053,0.420334,0.0344755,2731.34,3,4.426,6.95367,31.9185,49.9711,1,2,1.0,0.0,-0.1,3,0.0,0,True,1746968379.0950785,left,False
259,1746968398.1452699,56.2932,1.01876,0.288949,0.419874,0.0424951,2736.02,3,4.448,7.29785,32.2627,49.9711,1,2,1.0,0.0,-0.1,3,0.0,0,True,1746968379.0950785,left,False
260,1746968398.1664877,56.2497,1.01605,0.42473,0.419232,0.0503976,2740.69,3,4.47,7.6416,32.6064,49.9711,1,2,1.0,0.0,-0.1,3,0.0,0,True,1746968379.0950785,left,False
261,1746968398.1880713,56.2049,1.00945,0.55722,0.418408,0.0581899,2745.36,3,4.492,7.98505,32.9499,49.9711,1,2,1.0,0.0,-0.1,3,0.0,0,True,1746968379.0950785,left,False
262,1746968398.2089028,56.1587,0.998342,0.688462,0.417404,0.0658832,2750.03,3,4.514,8.32813,33.293,49.9711,1,2,1.0,0.0,0.0,3,0.0,0,True,1746968379.0950785,right,False
263,1746968398.2313433,56.1112,0.985025,0.823139,0.416222,0.0734877,2754.7,3,4.536,8.67072,33.6356,49.9711,1,2,1.0,0.0,0.0,3,0.0,0,True,1746968379.0950785,right,False
264,1746968398.2519505,56.0624,0.971919,0.947881,0.414863,0.0810265,2759.37,3,4.558,9.01294,33.9778,49.9711,1,2,1.0,0.0,0.0,3,0.0,0,True,1746968379.0950785,right,False
265,1746968398.2788258,56.0284,1.20112,1.07151,0.413379,0.0876672,2764.04,3,4.58,9.35468,34.3195,49.9711,1,2,1.0,0.0,0.0,3,0.0,0,True,1746968379.0950785,right,False
266,1746968398.3016238,55.9983,1.35704,1.16964,0.411858,0.0921678,2768.7,3,4.602,9.69641,34.6613,49.9711,1,2,1.0,0.0,0.0,3,0.0,0,True,1746968379.0950785,right,False
267,1746968398.3219628,55.9692,1.40386,1.23593,0.41029,0.0951252,2773.36,3,4.624,10.0378,35.0027,49.9711,1,2,1.0,0.0,0.0,3,0.0,0,True,1746968379.0950785,right,False
268,1746968398.3407323,55.9411,1.38763,1.29584,0.40867,0.0969964,2778.02,3,4.646,10.3789,35.3438,49.9711,1,2,1.0,0.0,0.0,3,0.0,0,True,1746968379.0950785,right,False
269,1746968398.368052,55.9139,1.34046,1.33178,0.407004,0.0981085,2782.68,3,4.668,10.72,35.6848,49.9711,1,2,1.0,0.0,0.0,3,0.0,0,True,1746968379.0950785,right,False
270,1746968398.384755,55.8909,1.28122,1.35102,0.405297,0.098698,2700.11,3,4.69,11.0607,36.0256,49.9711,1,2,1.0,0.0,0.0,3,0.0,0,True,1746968379.0950785,right,False
271,1746968398.4149096,55.9761,1.2223,1.35962,0.403555,0.0989321,2777.46,3,4.712,11.4016,36.3664,49.971,1,2,1.0,0.0,0.0,3,0.0,0,True,1746968379.0950785,right,False
272,1746968398.4343922,56.1002,1.16472,1.36275,0.401783,0.0989088,2781.36,3,4.734,11.7431,36.7079,49.9708,1,2,1.0,0.0,0.0,3,0.0,0,True,1746968379.0950785,right,False
273,1746968398.452933,56.2216,1.11372,1.35108,0.399985,0.0987119,2791.29,3,4.756,12.0853,37.0502,49.9707,1,2,1.0,0.0,0.0,3,0.0,0,True,1746968379.0950785,right,False
274,1746968398.4754963,56.3471,1.06685,1.344,0.398169,0.0984026,2793.68,3,4.778,12.4283,37.3931,49.9706,1,2,1.0,0.0,0.0,3,0.0,0,True,1746968379.0950785,right,False
275,1746968398.4993753,56.4706,1.02761,1.32698,0.396339,0.0980286,2801.49,3,4.8,12.772,37.7368,49.9705,1,2,1.0,0.0,0.0,3,0.0,0,True,1746968379.0950785,right,False
276,1746968398.5161953,56.5944,0.995196,1.30439,0.394498,0.0976199,2808.64,3,4.822,13.1165,38.0813,49.9703,1,2,1.0,0.0,0.0,3,0.0,0,True,1746968379.0950785,right,False
277,1746968398.537649,56.7199,0.968648,1.28638,0.39265,0.0971998,2813.84,3,4.844,13.4617,38.4265,49.9702,1,2,1.0,0.0,0.0,3,0.0,0,True,1746968379.0950785,right,False
278,1746968398.5610905,56.8457,0.946268,1.27793,0.390796,0.0967812,2818.66,3,4.866,13.8077,38.7725,49.9701,1,2,1.0,0.0,0.0,3,0.0,0,True,1746968379.0950785,right,False
279,1746968398.5842726,56.9719,0.929034,1.25943,0.38894,0.0963744,2822.77,3,4.888,14.1544,39.1193,49.97,1,2,1.0,0.0,0.0,3,0.0,0,True,1746968379.0950785,right,False
280,1746968398.6090035,57.0972,0.916487,1.24467,0.387082,0.0959849,2831.06,3,4.91,14.5019,39.4667,49.9698,1,2,1.0,0.0,0.0,3,0.0,0,True,1746968379.0950785,right,False
281,1746968398.627512,57.2237,0.906647,1.2349,0.385223,0.0956152,2835.33,3,4.932,14.8502,39.815,49.9697,1,2,1.0,0.0,0.0,3,0.0,0,True,1746968379.0950785,right,False
282,1746968398.6496136,57.3497,0.899901,1.22714,0.383364,0.0952651,2842.5,3,4.954,15.1992,40.164,49.9696,1,2,1.0,0.0,0.0,3,0.0,0,True,1746968379.0950785,right,False
283,1746968398.6692872,57.4761,0.894785,1.21915,0.381506,0.0949327,2849.62,3,4.976,15.549,40.5139,49.9695,1,2,1.0,0.0,0.0,3,0.0,0,True,1746968379.0950785,right,False
284,1746968398.6930428,57.6038,0.891602,1.21601,0.37965,0.0946161,2853.9,3,4.998,15.8997,40.8645,49.9693,1,2,1.0,0.0,0.0,3,0.0,0,True,1746968379.0950785,right,False
285,1746968398.715269,57.7306,0.890641,1.2094,0.377795,0.0943117,2860.69,3,5.02,16.251,41.2159,49.9692,1,2,1.0,0.0,0.0,3,0.0,0,True,1746968379.0950785,right,False
286,1746968398.741908,57.8585,0.889454,1.20918,0.375941,0.0940131,2866.42,3,5.042,16.6032,41.5681,49.9691,1,2,1.0,0.0,0.0,3,0.0,0,True,1746968379.0950785,right,False
287,1746968398.7626803,57.9859,0.889211,1.21047,0.37409,0.0937249,2873.51,3,5.064,16.9561,41.921,49.969,1,2,1.0,0.0,0.0,3,0.0,0,True,1746968379.0950785,right,False
288,1746968398.7833087,58.1139,0.889875,1.20708,0.37224,0.0934343,2880.28,3,5.086,17.3098,42.2747,49.9688,1,2,1.0,0.0,0.0,3,0.0,0,True,1746968379.0950785,right,False
289,1746968398.8039284,58.2416,0.890613,1.20767,0.370393,0.0931506,2888.2,3,5.108,17.6644,42.6292,49.9687,1,2,1.0,0.0,0.0,3,0.0,0,True,1746968379.0950785,right,False
290,1746968398.825366,58.3713,0.890838,1.20523,0.368547,0.0928565,2892.92,3,5.13,18.0197,42.9846,49.9686,1,2,1.0,0.0,0.0,3,0.0,0,True,1746968379.0950785,right,False
291,1746968398.8494322,58.5002,0.891872,1.20876,0.366704,0.0925657,2899.99,3,5.152,18.3759,43.3407,49.9685,1,2,1.0,0.0,0.0,3,0.0,0,True,1746968379.0950785,right,False
292,1746968398.870593,58.6289,0.894603,1.19577,0.364864,0.0922757,2908.17,3,5.174,18.7327,43.6976,49.9683,1,2,1.0,0.0,0.0,3,0.0,0,True,1746968379.0950785,right,False
293,1746968398.8930962,58.7587,0.897104,1.18973,0.363027,0.0919752,2914.78,3,5.196,19.0904,44.0552,49.9682,1,2,1.0,0.0,0.0,3,0.0,0,True,1746968379.0950785,right,False
294,1746968398.918026,58.8892,0.898136,1.179,0.361194,0.0916658,2920.78,3,5.218,19.4489,44.4138,49.9681,1,2,1.0,0.0,0.0,3,0.0,0,True,1746968379.0950785,right,False
295,1746968398.9420884,59.0204,0.89616,1.19219,0.359362,0.0913486,2925.91,3,5.24,19.8083,44.7731,49.9679,1,2,1.0,0.0,0.0,3,0.0,0,True,1746968379.0950785,right,False
296,1746968398.9602234,59.1504,0.895891,1.19603,0.357533,0.0910322,2934,3,5.262,20.1684,45.1332,49.9678,1,2,1.0,0.0,0.0,3,0.0,0,True,1746968379.0950785,right,False
297,1746968398.978025,59.2813,0.896553,1.19422,0.355707,0.0907099,2940.93,3,5.284,20.5293,45.4941,49.9677,1,2,1.0,0.0,0.0,3,0.0,0,True,1746968379.0950785,right,False
298,1746968399.0006685,59.4137,0.895923,1.2003,0.353883,0.0903822,2946.04,3,5.306,20.891,45.8558,49.9676,1,2,1.0,0.0,0.0,3,0.0,0,True,1746968379.0950785,right,False
299,1746968399.0272892,59.5444,0.897831,1.19602,0.352064,0.0900518,2955.09,3,5.328,21.2535,46.2184,49.9674,1,2,1.0,0.0,0.0,3,0.0,0,True,1746968379.0950785,right,False
300,1746968399.0442445,59.6767,0.897785,1.20059,0.350247,0.0897189,2961.61,3,5.35,21.6169,46.5818,49.9673,1,2,1.0,0.0,0.0,3,0.0,0,True,1746968379.0950785,right,False
301,1746968399.0697987,59.8105,0.898966,1.19989,0.348435,0.0893812,2965.76,3,5.372,21.9811,46.946,49.9672,1,2,1.0,0.0,0.0,3,0.0,0,True,1746968379.0950785,right,False
302,1746968399.0912483,59.9429,0.900413,1.19864,0.346626,0.0890419,2973.13,3,5.394,22.3461,47.3109,49.9671,1,2,1.0,0.0,0.0,3,0.0,0,True,1746968379.0950785,right,False
303,1746968399.113188,60.0756,0.901736,1.19934,0.344821,0.0887013,2980.8,3,5.416,22.7119,47.6767,49.9669,1,2,1.0,0.0,0.0,3,0.0,0,True,1746968379.0950785,right,False
304,1746968399.131843,60.2089,0.903369,1.19387,0.34302,0.0883605,2989,3,5.438,23.0786,48.0434,49.9668,1,2,1.0,0.0,0.0,3,0.0,0,True,1746968379.0950785,right,False
305,1746968399.156406,60.3436,0.904668,1.1903,0.341224,0.0880181,2993.74,3,5.46,23.446,48.4109,49.9667,1,2,1.0,0.0,0.0,3,0.0,0,True,1746968379.0950785,right,False
306,1746968399.1789455,60.4777,0.906454,1.18893,0.339432,0.0876751,3001.54,3,5.482,23.8143,48.7792,49.9666,1,2,1.0,0.0,0.0,3,0.0,0,True,1746968379.0950785,right,False
307,1746968399.1983407,60.6119,0.908042,1.18262,0.337644,0.0873316,3009,3,5.504,24.1834,49.1483,49.9664,1,2,1.0,0.0,0.0,3,0.0,0,True,1746968379.0950785,right,False
308,1746968399.2217784,60.747,0.910374,1.17241,0.33586,0.0869872,3015.85,3,5.526,24.5533,49.5182,49.9663,1,2,1.0,0.0,0.0,3,0.0,0,True,1746968379.0950785,right,False
309,1746968399.2420504,60.8824,0.911999,1.1728,0.334081,0.0866438,3022.7,3,5.548,24.9241,49.889,49.9662,1,2,1.0,0.0,0.0,3,0.0,0,True,1746968379.0950785,right,False
310,1746968399.2639527,61.0182,0.913576,1.17012,0.332307,0.0862983,3029.09,3,5.57,25.2957,50.2606,49.9661,1,2,1.0,0.0,0.0,3,0.0,0,True,1746968379.0950785,right,False
311,1746968399.2917395,61.154,0.915894,1.1638,0.330537,0.085953,3036.88,3,5.592,25.6681,50.6329,49.9659,1,2,1.0,0.0,0.0,3,0.0,0,True,1746968379.0950785,right,False
312,1746968399.3130114,61.2906,0.917149,1.1595,0.328771,0.0856053,3043.65,3,5.614,26.0414,51.0062,49.9658,1,2,1.0,0.0,0.0,3,0.0,0,True,1746968379.0950785,right,False
313,1746968399.3341959,61.4279,0.918193,1.16002,0.32701,0.0852598,3049.32,3,5.636,26.4155,51.3804,49.9657,1,2,1.0,0.0,0.0,3,0.0,0,True,1746968379.0950785,right,False
314,1746968399.356173,61.5652,0.920186,1.15554,0.325253,0.0849147,3055.88,3,5.658,26.7905,51.7553,49.9656,1,2,1.0,0.0,0.0,3,0.0,0,True,1746968379.0950785,right,False
315,1746968399.3772998,61.7017,0.922197,1.1491,0.323501,0.0845704,3064.84,3,5.68,27.1663,52.1311,49.9654,1,2,1.0,0.0,0.0,3,0.0,0,True,1746968379.0950785,right,False
316,1746968399.4006748,61.8397,0.923642,1.15179,0.321754,0.0842254,3070.6,3,5.702,27.5429,52.5078,49.9653,1,2,1.0,0.0,0.0,3,0.0,0,True,1746968379.0950785,right,False
317,1746968399.4217966,61.9777,0.925789,1.14363,0.320011,0.0838794,3078.89,3,5.724,27.9205,52.8853,49.9652,1,2,1.0,0.0,0.0,3,0.0,0,True,1746968379.0950785,right,False
318,1746968399.4426904,62.118,0.926544,1.14356,0.318273,0.083532,3082.91,3,5.746,28.2988,53.2637,49.9651,1,2,1.0,0.0,0.0,3,0.0,0,True,1746968379.0950785,right,False
319,1746968399.4629235,62.2549,0.928917,1.13769,0.31654,0.0831827,3094.19,3,5.768,28.678,53.6428,49.9649,1,2,1.0,0.0,0.0,3,0.0,0,True,1746968379.0950785,right,False
320,1746968399.4853027,62.3962,0.929569,1.13857,0.314812,0.0828318,3096.66,3,5.79,29.0581,54.0229,49.9648,1,2,1.0,0.0,0.0,3,0.0,0,True,1746968379.0950785,right,False
321,1746968399.506189,62.534,0.932468,1.12872,0.313088,0.0824797,3108.97,3,5.812,29.439,54.4039,49.9647,1,2,1.0,0.0,0.0,3,0.0,0,True,1746968379.0950785,right,False
322,1746968399.5325058,62.6749,0.933508,1.12803,0.311369,0.0821253,3112.97,3,5.834,29.8208,54.7856,49.9646,1,2,1.0,0.0,0.0,3,0.0,0,True,1746968379.0950785,right,False
323,1746968399.5529857,62.8157,0.934546,1.12853,0.309656,0.0817687,3118.75,3,5.856,30.2034,55.1683,49.9644,1,2,1.0,0.0,0.0,3,0.0,0,True,1746968379.0950785,right,False
324,1746968399.5752437,62.9562,0.936378,1.12455,0.307947,0.0814117,3127.3,3,5.878,30.587,55.5518,49.9643,1,2,1.0,0.0,0.0,3,0.0,0,True,1746968379.0950785,right,False
325,1746968399.5955822,63.0971,0.937751,1.12146,0.306243,0.0810541,3135.15,3,5.9,30.9714,55.9362,49.9642,1,2,1.0,0.0,0.0,3,0.0,0,True,1746968379.0950785,right,False
326,1746968399.6204927,63.2387,0.939708,1.11613,0.304545,0.0806983,3141.96,3,5.922,31.3566,56.3214,49.964,1,2,1.0,0.0,0.0,3,0.0,0,True,1746968379.0950785,right,False
327,1746968399.6431856,63.3807,0.940676,1.11889,0.302851,0.0803431,3148.7,3,5.944,31.7427,56.7076,49.9639,1,2,1.0,0.0,0.0,3,0.0,0,True,1746968379.0950785,right,False
328,1746968399.6638093,63.5215,0.942083,1.11964,0.301163,0.0799807,3158.93,3,5.966,32.1298,57.0946,49.9638,1,2,1.0,0.0,0.0,3,0.0,0,True,1746968379.0950785,right,False
329,1746968399.6821804,63.6654,0.944693,1.10892,0.29948,0.0796129,3163.67,3,5.988,32.5176,57.4824,49.9636,1,2,1.0,0.0,0.0,3,0.0,0,True,1746968379.0950785,right,False
330,1746968399.704804,63.8078,0.946054,1.10112,0.297803,0.0792439,3171.32,3,6.01,32.9064,57.8712,49.9635,1,2,1.0,0.0,0.0,3,0.0,0,True,1746968379.0950785,right,False
331,1746968399.7272465,63.9501,0.948339,1.09504,0.296132,0.0788743,3181.3,3,6.032,33.296,58.2609,49.9633,1,2,1.0,0.0,0.0,3,0.0,0,True,1746968379.0950785,right,False
332,1746968399.7488277,64.0949,0.948825,1.09425,0.294466,0.0785015,3185.61,3,6.054,33.6865,58.6514,49.9631,1,2,1.0,0.0,0.0,3,0.0,0,True,1746968379.0950785,right,False
333,1746968399.7727177,64.2385,0.951051,1.08688,0.292806,0.0781292,3193.76,3,6.076,34.0779,59.0428,49.963,1,2,1.0,0.0,0.0,3,0.0,0,True,1746968379.0950785,right,False
334,1746968399.7929568,64.3821,0.952614,1.08315,0.291152,0.0777553,3201.48,3,6.098,34.4703,59.4351,49.9628,1,2,1.0,0.0,0.0,3,0.0,0,True,1746968379.0950785,right,False
335,1746968399.8139853,64.5275,0.953396,1.08114,0.289503,0.0773804,3207.93,3,6.12,34.8635,59.8283,49.9626,1,2,1.0,0.0,0.0,3,0.0,0,True,1746968379.0950785,right,False
336,1746968399.8379276,64.6725,0.955037,1.07488,0.287861,0.077006,3216.17,3,6.142,35.2575,60.2224,49.9624,1,2,1.0,0.0,0.0,3,0.0,0,True,1746968379.0950785,right,False
337,1746968399.8584688,64.8176,0.956682,1.0705,0.286224,0.0766309,3223.85,3,6.164,35.6525,60.6174,49.9623,1,2,1.0,0.0,0.0,3,0.0,0,True,1746968379.0950785,right,False
338,1746968399.8831272,64.9631,0.958157,1.06712,0.284594,0.0762548,3230.69,3,6.186,36.0484,61.0132,49.9621,1,2,1.0,0.0,0.0,3,0.0,0,True,1746968379.0950785,right,False
339,1746968399.9075592,65.1087,0.959636,1.0657,0.282969,0.075878,3238.51,3,6.208,36.4451,61.41,49.9619,1,2,1.0,0.0,0.0,3,0.0,0,True,1746968379.0950785,right,False
340,1746968399.9249191,65.255,0.960959,1.06315,0.28135,0.075501,3245.89,3,6.23,36.8428,61.8077,49.9618,1,2,1.0,0.0,0.0,3,0.0,0,True,1746968379.0950785,right,False
341,1746968399.949936,65.4016,0.962971,1.05437,0.279738,0.0751217,3254.82,3,6.252,37.2414,62.2062,49.9616,1,2,1.0,0.0,0.0,3,0.0,0,True,1746968379.0950785,right,False
342,1746968399.9690435,65.5494,0.963893,1.0561,0.278132,0.0747419,3259.76,3,6.274,37.6409,62.6058,49.9614,1,2,1.0,0.0,0.0,3,0.0,0,True,1746968379.0950785,right,False
343,1746968399.9964082,65.6962,0.965959,1.05174,0.276532,0.0743622,3268.49,3,6.296,38.0413,63.0062,49.9613,1,2,1.0,0.0,0.0,3,0.0,0,True,1746968379.0950785,right,False
344,1746968400.0165336,65.8441,0.967418,1.04632,0.274939,0.0739784,3275.95,3,6.318,38.4426,63.4074,49.9611,1,2,1.0,0.0,0.0,3,0.0,0,True,1746968379.0950785,right,False
345,1746968400.040811,65.9922,0.969291,1.04288,0.273352,0.0735969,3283.76,3,6.34,38.8448,63.8096,49.9609,1,2,1.0,0.0,0.0,3,0.0,0,True,1746968379.0950785,right,False
346,1746968400.0580993,66.1404,0.97117,1.03307,0.271771,0.0732108,3291.4,3,6.362,39.2479,64.2128,49.9608,1,2,1.0,0.0,0.0,3,0.0,0,True,1746968379.0950785,right,False
347,1746968400.0810716,66.2903,0.972629,1.03084,0.270197,0.0728241,3296.66,3,6.384,39.6519,64.6168,49.9606,1,2,1.0,0.0,0.0,3,0.0,0,True,1746968379.0950785,right,False
348,1746968400.1019406,66.4386,0.974249,1.02516,0.26863,0.0724366,3306.14,3,6.406,40.0569,65.0218,49.9604,1,2,1.0,0.0,0.0,3,0.0,0,True,1746968379.0950785,right,False
349,1746968400.1266618,66.5882,0.974893,1.02691,0.26707,0.0720473,3313.55,3,6.428,40.4628,65.4277,49.9603,1,2,1.0,0.0,0.0,3,0.0,0,True,1746968379.0950785,right,False
350,1746968400.1448448,66.7371,0.97712,1.02269,0.265516,0.0716585,3322.94,3,6.45,40.8696,65.8345,49.9601,1,2,1.0,0.0,0.0,3,0.0,0,True,1746968379.0950785,right,False
351,1746968400.167485,66.8875,0.978662,1.01254,0.263969,0.0712643,3330.18,3,6.472,41.2774,66.2422,49.9599,1,2,1.0,0.0,0.0,3,0.0,0,True,1746968379.0950785,right,False
352,1746968400.1916916,67.039,0.980133,1.00956,0.262429,0.0708667,3336.17,3,6.494,41.686,66.6509,49.9598,1,2,1.0,0.0,0.0,3,0.0,0,True,1746968379.0950785,right,False
353,1746968400.2110045,67.1901,0.981717,1.00293,0.260897,0.0704703,3343.1,3,6.516,42.0956,67.0605,49.9596,1,2,1.0,0.0,0.0,3,0.0,0,True,1746968379.0950785,right,False
354,1746968400.2343907,67.3404,0.982297,1.0017,0.259371,0.0700706,3352.54,3,6.538,42.5062,67.471,49.9594,1,2,1.0,0.0,0.0,3,0.0,0,True,1746968379.0950785,right,False
355,1746968400.25798,67.4922,0.984166,0.993609,0.257852,0.0696709,3360.16,3,6.56,42.9175,67.8824,49.9593,1,2,1.0,0.0,0.0,3,0.0,0,True,1746968379.0950785,right,False
356,1746968400.2773795,67.6451,0.984835,0.993213,0.256341,0.0692672,3366.17,3,6.582,43.33,68.2948,49.9591,1,2,1.0,0.0,0.0,3,0.0,0,True,1746968379.0950785,right,False
357,1746968400.3015468,67.7964,0.987159,0.985066,0.254837,0.0688665,3375.9,3,6.604,43.7432,68.7081,49.9589,1,2,1.0,0.0,0.0,3,0.0,0,True,1746968379.0950785,right,False
358,1746968400.3223238,67.9492,0.988619,0.984443,0.253341,0.0684632,3383.16,3,6.626,44.1575,69.1224,49.9588,1,2,1.0,0.0,0.0,3,0.0,0,True,1746968379.0950785,right,False
359,1746968400.3495152,68.1022,0.989637,0.978782,0.251852,0.068057,3392.55,3,6.648,44.5728,69.5376,49.9586,1,2,1.0,0.0,0.0,3,0.0,0,True,1746968379.0950785,right,False
360,1746968400.368722,68.256,0.991158,0.977428,0.25037,0.0676496,3398.53,3,6.67,44.9888,69.9537,49.9584,1,2,1.0,0.0,0.0,3,0.0,0,True,1746968379.0950785,right,False
361,1746968400.3875287,68.4095,0.993199,0.968272,0.248897,0.0672428,3408.01,3,6.692,45.4059,70.3708,49.9583,1,2,1.0,0.0,0.0,3,0.0,0,True,1746968379.0950785,right,False
362,1746968400.4083362,68.5636,0.99493,0.964221,0.247431,0.0668347,3415.99,3,6.714,45.824,70.7888,49.9581,1,2,1.0,0.0,0.0,3,0.0,0,True,1746968379.0950785,right,False
363,1746968400.433466,68.7181,0.996629,0.955253,0.245973,0.0664237,3423.83,3,6.736,46.243,71.2078,49.9579,1,2,1.0,0.0,0.0,3,0.0,0,True,1746968379.0950785,right,False
364,1746968400.454955,68.8733,0.998165,0.951523,0.244523,0.0660126,3431.09,3,6.758,46.6629,71.6277,49.9577,1,2,1.0,0.0,0.0,3,0.0,0,True,1746968379.0950785,right,False
365,1746968400.4739082,69.0288,0.999611,0.948452,0.243081,0.0656033,3438.79,3,6.78,47.0838,72.0486,49.9576,1,2,1.0,0.0,0.0,3,0.0,0,True,1746968379.0950785,right,False
366,1746968400.500378,69.1838,1.00157,0.942613,0.241647,0.065194,3447.98,3,6.802,47.5057,72.4705,49.9574,1,2,1.0,0.0,0.0,3,0.0,0,True,1746968379.0950785,right,False
367,1746968400.5198333,69.3402,1.0034,0.935046,0.240222,0.0647785,3454.9,3,6.824,47.9284,72.8932,49.9572,1,2,1.0,0.0,0.0,3,0.0,0,True,1746968379.0950785,right,False
368,1746968400.542743,69.497,1.00404,0.933919,0.238804,0.0643632,3462.09,3,6.846,48.3522,73.3171,49.9571,1,2,1.0,0.0,0.0,3,0.0,0,True,1746968379.0950785,right,False
369,1746968400.5636306,69.6529,1.00694,0.920295,0.237395,0.0639475,3472.59,3,6.868,48.7769,73.7418,49.9569,1,2,1.0,0.0,0.0,3,0.0,0,True,1746968379.0950785,right,False
370,1746968400.5845783,69.8106,1.00759,0.9206,0.235994,0.0635289,3478.73,3,6.89,49.2026,74.1675,49.9567,1,2,1.0,0.0,0.0,3,0.0,0,True,1746968379.0950785,right,False
371,1746968400.6079073,69.9692,1.00857,0.915775,0.234602,0.0631074,3485.21,3,6.912,49.6293,74.5942,49.9566,1,2,1.0,0.0,0.0,3,0.0,0,True,1746968379.0950785,right,False
372,1746968400.6332712,70.1254,1.01079,0.906595,0.233218,0.0626863,3497.08,3,6.934,50.0569,75.0218,49.9564,1,2,1.0,0.0,0.0,3,0.0,0,True,1746968379.0950785,right,False
373,1746968400.6528156,70.2831,1.01221,0.902732,0.231843,0.0622639,3505.53,3,6.956,50.4856,75.4504,49.9562,1,2,1.0,0.0,0.0,3,0.0,0,True,1746968379.0950785,right,False
374,1746968400.674791,70.4419,1.0133,0.898836,0.230476,0.0618391,3513.08,3,6.978,50.9152,75.88,49.9561,1,2,1.0,0.0,0.0,3,0.0,0,True,1746968379.0950785,right,False
375,1746968400.694343,70.6009,1.01487,0.890395,0.229118,0.0614128,3521.79,3,7,51.3458,76.3106,49.9559,1,2,1.0,0.0,0.0,3,0.0,0,True,1746968379.0950785,right,False
376,1746968400.7206008,70.7612,1.0163,0.882845,0.227769,0.0609848,3528.84,3,7.022,51.7773,76.7421,49.9557,1,2,1.0,0.0,0.0,3,0.0,0,True,1746968379.0950785,right,False
377,1746968400.7394617,70.9217,1.01764,0.881345,0.226429,0.0605562,3535.01,3,7.044,52.2099,77.1747,49.9556,1,2,1.0,0.0,0.0,3,0.0,0,True,1746968379.0950785,right,False
378,1746968400.7630675,71.0806,1.01948,0.875311,0.225099,0.0601259,3545.26,3,7.066,52.6434,77.6082,49.9554,1,2,1.0,0.0,0.0,3,0.0,0,True,1746968379.0950785,right,False
379,1746968400.784397,71.2429,1.02051,0.868062,0.223777,0.0596943,3550.42,3,7.088,53.0779,78.0428,49.9552,1,2,1.0,0.0,0.0,3,0.0,0,True,1746968379.0950785,right,False
380,1746968400.805858,71.4024,1.02237,0.862153,0.222464,0.0592607,3561.93,3,7.11,53.5134,78.4783,49.9551,1,2,1.0,0.0,0.0,3,0.0,0,True,1746968379.0950785,right,False
381,1746968400.8264885,71.5646,1.02355,0.857539,0.221161,0.0588268,3567.35,3,7.132,53.95,78.9148,49.9549,1,2,1.0,0.0,0.0,3,0.0,0,True,1746968379.0950785,right,False
382,1746968400.8495624,71.7249,1.02576,0.846978,0.219868,0.0583913,3579.11,3,7.154,54.3874,79.3522,49.9547,1,2,1.0,0.0,0.0,3,0.0,0,True,1746968379.0950785,right,False
383,1746968400.8693073,71.8878,1.02669,0.84366,0.218583,0.0579544,3586.57,3,7.176,54.8259,79.7908,49.9546,1,2,1.0,0.0,0.0,3,0.0,0,True,1746968379.0950785,right,False
384,1746968400.8923779,72.0493,1.02939,0.831916,0.217309,0.0575166,3596.02,3,7.198,55.2654,80.2302,49.9544,1,2,1.0,0.0,0.0,3,0.0,0,True,1746968379.0950785,right,False
385,1746968400.9146242,72.2122,1.03182,0.820183,0.216044,0.0570797,3604.55,3,7.22,55.7059,80.6707,49.9542,1,2,1.0,0.0,0.0,3,0.0,0,True,1746968379.0950785,right,False
386,1746968400.9362593,72.3761,1.03283,0.817336,0.214789,0.0566435,3612.43,3,7.242,56.1473,81.1122,49.9541,1,2,1.0,0.0,0.0,3,0.0,0,True,1746968379.0950785,right,False
387,1746968400.9619615,72.5404,1.03313,0.81908,0.213544,0.0562046,3618.71,3,7.264,56.5898,81.5547,49.9539,1,2,1.0,0.0,0.0,3,0.0,0,True,1746968379.0950785,right,False
388,1746968400.9870727,72.7033,1.03502,0.808443,0.212309,0.0557625,3629.5,3,7.286,57.0333,81.9982,49.9537,1,2,1.0,0.0,0.0,3,0.0,0,True,1746968379.0950785,right,False
389,1746968401.0028045,72.8688,1.03676,0.802393,0.211083,0.0553179,3635,3,7.308,57.4778,82.4427,49.9535,1,2,1.0,0.0,0.0,3,0.0,0,True,1746968379.0950785,right,False
390,1746968401.0248392,73.0345,1.03761,0.797613,0.209867,0.0548733,3642.28,3,7.33,57.9233,82.8882,49.9533,1,2,1.0,0.0,0.0,3,0.0,0,True,1746968379.0950785,right,False
391,1746968401.0477457,73.1996,1.03885,0.795511,0.208662,0.0544278,3650.94,3,7.352,58.3699,83.3348,49.9531,1,2,1.0,0.0,0.0,3,0.0,0,True,1746968379.0950785,right,False
392,1746968401.0700865,73.3647,1.04039,0.786613,0.207467,0.0539785,3661.03,3,7.374,58.8174,83.7823,49.9529,1,2,1.0,0.0,0.0,3,0.0,0,True,1746968379.0950785,right,False
393,1746968401.0897927,73.5315,1.04136,0.783319,0.206282,0.0535289,3666.86,3,7.396,59.2661,84.2309,49.9527,1,2,1.0,0.0,0.0,3,0.0,0,True,1746968379.0950785,right,False
394,1746968401.114112,73.6956,1.04403,0.770468,0.205108,0.0530776,3679.79,3,7.418,59.7156,84.6805,49.9525,1,2,1.0,0.0,0.0,3,0.0,0,True,1746968379.0950785,right,False
395,1746968401.1373985,73.8624,1.04549,0.760371,0.203944,0.0526245,3689.36,3,7.44,60.1663,85.1312,49.9523,1,2,1.0,0.0,0.0,3,0.0,0,True,1746968379.0950785,right,False
396,1746968401.1606197,74.0307,1.04598,0.758856,0.202791,0.0521698,3695.23,3,7.462,60.6179,85.5828,49.9521,1,2,1.0,0.0,0.0,3,0.0,0,True,1746968379.0950785,right,False
397,1746968401.1796107,74.1979,1.04794,0.748743,0.201649,0.0517156,3703.45,3,7.484,61.0707,86.0355,49.9519,1,2,1.0,0.0,0.0,3,0.0,0,True,1746968379.0950785,right,False
398,1746968401.203982,74.3655,1.04914,0.743557,0.200517,0.0512581,3712.33,3,7.506,61.5244,86.4892,49.9517,1,2,1.0,0.0,0.0,3,0.0,0,True,1746968379.0950785,right,False
399,1746968401.2234883,74.5332,1.05124,0.73443,0.199397,0.0508009,3721.88,3,7.528,61.9791,86.944,49.9515,1,2,1.0,0.0,0.0,3,0.0,0,True,1746968379.0950785,right,False
400,1746968401.246471,74.701,1.05272,0.728008,0.198287,0.0503429,3731.46,3,7.55,62.4349,87.3997,49.9512,1,2,1.0,0.0,0.0,3,0.0,0,True,1746968379.0950785,right,False
401,1746968401.266687,74.8699,1.05414,0.718983,0.197189,0.0498823,3738.93,3,7.572,62.8917,87.8566,49.951,1,2,1.0,0.0,0.0,3,0.0,0,True,1746968379.0950785,right,False
402,1746968401.2915404,75.039,1.05549,0.715722,0.196102,0.0494201,3747.17,3,7.594,63.3496,88.3145,49.9508,1,2,1.0,0.0,0.0,3,0.0,0,True,1746968379.0950785,right,False
403,1746968401.311048,75.2076,1.05756,0.700938,0.195026,0.0489545,3757.51,3,7.616,63.8085,88.7734,49.9506,1,2,1.0,0.0,0.0,3,0.0,0,True,1746968379.0950785,right,False
404,1746968401.3346617,75.3781,1.05833,0.696917,0.193962,0.0484859,3765.08,3,7.638,64.2684,89.2333,49.9504,1,2,1.0,0.0,0.0,3,0.0,0,True,1746968379.0950785,right,False
405,1746968401.3543243,75.5485,1.05907,0.693368,0.192909,0.0480152,3772.87,3,7.66,64.7294,89.6942,49.9502,1,2,1.0,0.0,0.0,3,0.0,0,True,1746968379.0950785,right,False
406,1746968401.3782465,75.7183,1.06137,0.677654,0.191868,0.0475438,3782.45,3,7.682,65.1914,90.1563,49.95,1,2,1.0,0.0,0.0,3,0.0,0,True,1746968379.0950785,right,False
407,1746968401.4011261,75.8882,1.06243,0.672672,0.190839,0.0470707,3791.97,3,7.704,65.6544,90.6193,49.9498,1,2,1.0,0.0,0.0,3,0.0,0,True,1746968379.0950785,right,False
408,1746968401.4225829,76.0588,1.0636,0.667552,0.189822,0.0465972,3801.35,3,7.726,66.1186,91.0834,49.9496,1,2,1.0,0.0,0.0,3,0.0,0,True,1746968379.0950785,right,False
409,1746968401.4469566,76.2303,1.06505,0.660212,0.188817,0.046122,3809.71,3,7.748,66.5837,91.5486,49.9494,1,2,1.0,0.0,0.0,3,0.0,0,True,1746968379.0950785,right,False
410,1746968401.4681575,76.4027,1.06653,0.653173,0.187823,0.0456447,3816.73,3,7.77,67.05,92.0148,49.9491,1,2,1.0,0.0,0.0,3,0.0,0,True,1746968379.0950785,right,False
411,1746968401.4858904,76.5757,1.06756,0.644517,0.186843,0.0451661,3824.36,3,7.792,67.5173,92.4821,49.9489,1,2,1.0,0.0,0.0,3,0.0,0,True,1746968379.0950785,right,False
412,1746968401.507399,76.7471,1.06863,0.633573,0.185874,0.0446867,3835.91,3,7.814,67.9856,92.9504,49.9487,1,2,1.0,0.0,0.0,3,0.0,0,True,1746968379.0950785,right,False
413,1746968401.5331445,76.9198,1.07067,0.62352,0.184918,0.044205,3845.28,3,7.836,68.455,93.4199,49.9485,1,2,1.0,0.0,0.0,3,0.0,0,True,1746968379.0950785,right,False
414,1746968401.5545917,77.0932,1.07171,0.61842,0.183974,0.0437221,3852.18,3,7.858,68.9254,93.8903,49.9483,1,2,1.0,0.0,0.0,3,0.0,0,True,1746968379.0950785,right,False
415,1746968401.5754616,77.2665,1.0734,0.609313,0.183043,0.0432381,3861.89,3,7.88,69.397,94.3618,49.9481,1,2,1.0,0.0,0.0,3,0.0,0,True,1746968379.0950785,right,False
416,1746968401.596424,77.4406,1.07444,0.599825,0.182125,0.0427514,3869.59,3,7.902,69.8696,94.8344,49.9479,1,2,1.0,0.0,0.0,3,0.0,0,True,1746968379.0950785,right,False
417,1746968401.6200302,77.6146,1.07578,0.591962,0.18122,0.0422633,3878.26,3,7.924,70.3433,95.3081,49.9477,1,2,1.0,0.0,0.0,3,0.0,0,True,1746968379.0950785,right,False
418,1746968401.6434844,77.7887,1.07702,0.583771,0.180327,0.0417731,3889.01,3,7.946,70.8181,95.7829,49.9475,1,2,1.0,0.0,0.0,3,0.0,0,True,1746968379.0950785,right,False
419,1746968401.6624012,77.9622,1.07881,0.573251,0.179448,0.0412809,3900.41,3,7.968,71.2938,96.2587,49.9473,1,2,1.0,0.0,0.0,3,0.0,0,True,1746968379.0950785,right,False
420,1746968401.6844857,78.1388,1.07979,0.565601,0.178582,0.0407876,3905.69,3,7.99,71.7708,96.7356,49.947,1,2,1.0,0.0,0.0,3,0.0,0,True,1746968379.0950785,right,False
421,1746968401.7063985,78.2979,1.0809,0.556769,0.177806,0.0403384,3915.4,3,8.01,72.2052,97.17,49.9469,1,2,1.0,0.0,0.0,3,0.0,0,True,1746968379.0950785,right,False
422,1746968401.7273436,78.4575,1.08214,0.555343,0.177042,0.0398864,3922.87,3,8.03,72.6406,97.6055,49.9467,1,2,1.0,0.0,0.0,3,0.0,0,True,1746968379.0950785,right,False
423,1746968401.7443721,78.6177,1.08337,0.538876,0.176288,0.039434,3932.44,3,8.05,73.0768,98.0417,49.9465,1,2,1.0,0.0,0.0,3,0.0,0,True,1746968379.0950785,right,False
424,1746968401.7687323,78.779,1.08411,0.538535,0.175546,0.0389802,3938.05,3,8.07,73.514,98.4789,49.9463,1,2,1.0,0.0,0.0,3,0.0,0,True,1746968379.0950785,right,False
425,1746968401.7838643,78.939,1.08604,0.522975,0.174816,0.0385252,3949.02,3,8.09,73.952,98.9169,49.9461,1,2,1.0,0.0,0.0,3,0.0,0,True,1746968379.0950785,right,False
426,1746968401.8042839,79.1006,1.08646,0.518884,0.174096,0.0380665,3955.99,3,8.11,74.3911,99.3559,49.9459,1,2,1.0,0.0,0.0,3,0.0,0,True,1746968379.0950785,right,False
427,1746968401.8241556,79.2619,1.08755,0.513089,0.173389,0.0376073,3964.67,3,8.13,74.8309,99.7957,49.9457,1,2,1.0,0.0,0.0,3,0.0,0,True,1746968379.0950785,right,False
428,1746968401.844021,79.4233,1.08954,0.50092,0.172692,0.0371499,3973.81,3,8.15,75.2717,100.237,49.9455,1,2,1.0,0.0,0.0,3,0.0,0,True,1746968379.0950785,right,False
429,1746968401.8643782,79.586,1.09042,0.493614,0.172008,0.0366922,3980.27,3,8.17,75.7133,100.678,49.9453,1,2,1.0,0.0,0.0,3,0.0,0,True,1746968379.0950785,right,False
430,1746968401.890077,79.7478,1.09197,0.484205,0.171336,0.0362331,3989.31,3,8.19,76.1559,101.121,49.9451,1,2,1.0,0.0,0.0,3,0.0,0,True,1746968379.0950785,right,False
431,1746968401.9041069,79.9102,1.09349,0.473592,0.170675,0.0357718,3998.79,3,8.21,76.5994,101.564,49.945,1,2,1.0,0.0,0.0,3,0.0,0,True,1746968379.0950785,right,False
432,1746968401.9249814,80.0732,1.09454,0.469165,0.170027,0.0353092,4005.88,3,8.23,77.0438,102.009,49.9448,1,2,1.0,0.0,0.0,3,0.0,0,True,1746968379.0950785,right,False
433,1746968401.943799,80.2357,1.09615,0.45429,0.16939,0.0348447,4016.87,3,8.25,77.489,102.454,49.9446,1,2,1.0,0.0,0.0,3,0.0,0,True,1746968379.0950785,right,False
434,1746968401.9666533,80.3994,1.09689,0.449791,0.168766,0.0343797,4024.77,3,8.27,77.9352,102.9,49.9444,1,2,1.0,0.0,0.0,3,0.0,0,True,1746968379.0950785,right,False
435,1746968401.9881802,80.5644,1.09821,0.436835,0.168154,0.0339115,4030.46,3,8.29,78.3823,103.347,49.9442,1,2,1.0,0.0,0.0,3,0.0,0,True,1746968379.0950785,right,False
436,1746968402.0042307,80.7263,1.10007,0.426809,0.167554,0.0334431,4042.82,3,8.31,78.8304,103.795,49.944,1,2,1.0,0.0,0.0,3,0.0,0,True,1746968379.0950785,right,False
437,1746968402.0250652,80.8924,1.10083,0.417107,0.166967,0.0329682,4047.66,3,8.33,79.2793,104.244,49.9438,1,2,1.0,0.0,0.0,3,0.0,0,True,1746968379.0950785,right,False
438,1746968402.0441048,81.0571,1.10036,0.413612,0.166393,0.0324925,4056.63,3,8.35,79.7292,104.694,49.9436,1,2,1.0,0.0,0.0,3,0.0,0,True,1746968379.0950785,right,False
439,1746968402.0632372,81.2207,1.10036,0.414063,0.16583,0.0320141,4068.19,3,8.37,80.1799,105.145,49.9434,1,2,1.0,0.0,0.0,3,0.0,0,True,1746968379.0950785,right,False
440,1746968402.0851169,81.3868,1.10129,0.405313,0.16528,0.0315327,4074.46,3,8.39,80.6317,105.596,49.9432,1,2,1.0,0.0,0.0,3,0.0,0,True,1746968379.0950785,right,False
441,1746968402.1105142,81.5517,1.10375,0.386209,0.164743,0.0310557,4084.81,3,8.41,81.0842,106.049,49.943,1,2,1.0,0.0,0.0,3,0.0,0,True,1746968379.0950785,right,False
442,1746968402.1304705,81.7183,1.10505,0.37807,0.16422,0.0305804,4091.31,3,8.43,81.5378,106.503,49.9429,1,2,1.0,0.0,0.0,3,0.0,0,True,1746968379.0950785,right,False
443,1746968402.1460857,81.8849,1.1063,0.365164,0.163709,0.0301058,4098.67,3,8.45,81.9922,106.957,49.9427,1,2,1.0,0.0,0.0,3,0.0,0,True,1746968379.0950785,right,False
444,1746968402.1649587,82.0504,1.10831,0.354889,0.163212,0.0296302,4108.64,3,8.47,82.4477,107.413,49.9424,1,2,1.0,0.0,0.0,3,0.0,0,True,1746968379.0950785,right,False
445,1746968402.1856132,82.2171,1.11001,0.341955,0.162728,0.0291538,4117.76,3,8.49,82.904,107.869,49.9422,1,2,1.0,0.0,0.0,3,0.0,0,True,1746968379.0950785,right,False
446,1746968402.2056417,82.3841,1.11096,0.334975,0.162257,0.0286731,4126.42,3,8.51,83.3613,108.326,49.942,1,2,1.0,0.0,0.0,3,0.0,0,True,1746968379.0950785,right,False
447,1746968402.226806,82.5515,1.11158,0.326829,0.1618,0.0281892,4134.4,3,8.53,83.8194,108.784,49.9418,1,2,1.0,0.0,0.0,3,0.0,0,True,1746968379.0950785,right,False
448,1746968402.2438314,82.7185,1.11268,0.312819,0.161355,0.0277041,4144.94,3,8.55,84.2786,109.243,49.9415,1,2,1.0,0.0,0.0,3,0.0,0,True,1746968379.0950785,right,False
449,1746968402.2664773,82.8871,1.11392,0.311973,0.160925,0.0272188,4150.24,3,8.57,84.7386,109.703,49.9413,1,2,1.0,0.0,0.0,3,0.0,0,True,1746968379.0950785,right,False
450,1746968402.2850413,83.0557,1.11474,0.293716,0.160507,0.0267337,4160.33,3,8.59,85.1996,110.164,49.9411,1,2,1.0,0.0,0.0,3,0.0,0,True,1746968379.0950785,right,False
451,1746968402.3045907,83.2238,1.11565,0.291861,0.160104,0.0262476,4169.6,3,8.61,85.6616,110.626,49.9408,1,2,1.0,0.0,0.0,3,0.0,0,True,1746968379.0950785,right,False
452,1746968402.3273525,83.3927,1.11727,0.281979,0.159714,0.0257601,4176.56,3,8.63,86.1245,111.089,49.9406,1,2,1.0,0.0,0.0,3,0.0,0,True,1746968379.0950785,right,False
453,1746968402.3444726,83.5623,1.11798,0.270998,0.159338,0.0252709,4184.23,3,8.65,86.5883,111.553,49.9404,1,2,1.0,0.0,0.0,3,0.0,0,True,1746968379.0950785,right,False
454,1746968402.3636374,83.7319,1.11895,0.259113,0.158976,0.0247799,4192.8,3,8.67,87.053,112.018,49.9402,1,2,1.0,0.0,0.0,3,0.0,0,True,1746968379.0950785,right,False
455,1746968402.3854473,83.9016,1.12004,0.24751,0.158628,0.0242871,4201.53,3,8.69,87.5187,112.484,49.9399,1,2,1.0,0.0,0.0,3,0.0,0,True,1746968379.0950785,right,False
456,1746968402.404634,84.0709,1.12113,0.236328,0.158295,0.0237931,4212.3,3,8.71,87.9854,112.95,49.9397,1,2,1.0,0.0,0.0,3,0.0,0,True,1746968379.0950785,right,False
457,1746968402.4258542,84.2408,1.12225,0.227284,0.157975,0.0232978,4222.2,3,8.73,88.4529,113.418,49.9395,1,2,1.0,0.0,0.0,3,0.0,0,True,1746968379.0950785,right,False
458,1746968402.4458025,84.4109,1.12348,0.214039,0.15767,0.0228015,4232.28,3,8.75,88.9214,113.886,49.9392,1,2,1.0,0.0,0.0,3,0.0,0,True,1746968379.0950785,right,False
459,1746968402.4644635,84.5829,1.1241,0.207219,0.15738,0.0223028,4238.63,3,8.77,89.391,114.356,49.939,1,2,1.0,0.0,0.0,3,0.0,0,True,1746968379.0950785,right,False
460,1746968402.48505,84.7545,1.12471,0.193831,0.157104,0.0218017,4248.04,3,8.79,89.8614,114.826,49.9388,1,2,1.0,0.0,0.0,3,0.0,0,True,1746968379.0950785,right,False
461,1746968402.5063772,84.9243,1.12647,0.181001,0.156843,0.0212992,4259.46,3,8.81,90.3328,115.298,49.9386,1,2,1.0,0.0,0.0,3,0.0,0,True,1746968379.0950785,right,False
462,1746968402.5282996,85.0974,1.1265,0.177078,0.156596,0.0207955,4267.01,3,8.83,90.8052,115.77,49.9383,1,2,1.0,0.0,0.0,3,0.0,0,True,1746968379.0950785,right,False
463,1746968402.547339,85.268,1.12774,0.163723,0.156365,0.020289,4278.1,3,8.85,91.2785,116.243,49.9381,1,2,1.0,0.0,0.0,3,0.0,0,True,1746968379.0950785,right,False
464,1746968402.5651386,85.4425,1.12796,0.154723,0.156148,0.0197828,4283.3,3,8.87,91.7528,116.718,49.9379,1,2,1.0,0.0,0.0,3,0.0,0,True,1746968379.0950785,right,False
465,1746968402.5864255,85.6162,1.12922,0.140115,0.155947,0.0192743,4290.58,3,8.89,92.228,117.193,49.9376,1,2,1.0,0.0,0.0,3,0.0,0,True,1746968379.0950785,right,False
466,1746968402.604848,85.7886,1.12988,0.130843,0.15576,0.0187665,4300.09,3,8.91,92.7042,117.669,49.9374,1,2,1.0,0.0,0.0,3,0.0,0,True,1746968379.0950785,right,False
467,1746968402.6259687,85.961,1.13099,0.1196,0.155589,0.0182549,4310.71,3,8.93,93.1813,118.146,49.9372,1,2,1.0,0.0,0.0,3,0.0,0,True,1746968379.0950785,right,False
468,1746968402.6438923,86.137,1.13159,0.109059,0.155434,0.0177422,4315.67,3,8.95,93.6595,118.624,49.937,1,2,1.0,0.0,0.0,3,0.0,0,True,1746968379.0950785,right,False
469,1746968402.667587,86.3099,1.13172,0.103629,0.155293,0.0172305,4327.15,3,8.97,94.1386,119.103,49.9367,1,2,1.0,0.0,0.0,3,0.0,0,True,1746968379.0950785,right,False
470,1746968402.6849957,86.4825,1.13397,0.0846924,0.155169,0.0167176,4339.47,3,8.99,94.6187,119.583,49.9365,1,2,1.0,0.0,0.0,3,0.0,0,True,1746968379.0950785,right,False
471,1746968402.704725,86.6585,1.1345,0.0742684,0.155061,0.0161991,4345.99,3,9.01,95.0997,120.065,49.9363,1,2,1.0,0.0,0.0,3,0.0,0,True,1746968379.0950785,right,False
472,1746968402.7273076,86.8344,1.13532,0.0627424,0.154968,0.0156827,4352.9,3,9.03,95.5817,120.547,49.936,1,2,1.0,0.0,0.0,3,0.0,0,True,1746968379.0950785,right,False
473,1746968402.7484512,87.0081,1.13627,0.0541803,0.154891,0.0151704,4365.13,3,9.05,96.0647,121.03,49.9358,1,2,1.0,0.0,0.0,3,0.0,0,True,1746968379.0950785,right,False
474,1746968402.764324,87.1854,1.13618,0.0479151,0.15483,0.0146573,4372.01,3,9.07,96.5486,121.513,49.9356,1,2,1.0,0.0,0.0,3,0.0,0,True,1746968379.0950785,right,False
475,1746968402.7846758,87.3597,1.13893,0.0351195,0.154785,0.0141463,4382.11,3,9.09,97.0336,121.998,49.9353,1,2,1.0,0.0,0.0,3,0.0,0,True,1746968379.0950785,right,False
476,1746968402.8065178,87.5378,1.13908,0.0285561,0.154756,0.0136362,4389.6,3,9.11,97.5195,122.484,49.9351,1,2,1.0,0.0,0.0,3,0.0,0,True,1746968379.0950785,right,False
477,1746968402.8239546,87.7105,1.14099,0.0157443,0.154743,0.0131208,4405.62,3,9.13,98.0063,122.971,49.9349,1,2,1.0,0.0,0.0,3,0.0,0,True,1746968379.0950785,right,False
478,1746968402.8487208,87.8884,1.14195,0.00527765,0.154746,0.0126018,4411.77,3,9.15,98.4943,123.459,49.9347,1,2,1.0,0.0,0.0,3,0.0,0,True,1746968379.0950785,right,False
479,1746968402.8638644,88.0659,1.14395,-0.0146734,0.154767,0.012081,4420.99,3,9.17,98.9831,123.948,49.9344,1,2,1.0,0.0,0.0,3,0.0,0,True,1746968379.0950785,right,False
480,1746968402.8853953,88.243,1.14586,-0.0347672,0.154804,0.0115553,4431.56,3,9.19,99.4729,124.438,49.9342,1,2,1.0,0.0,0.0,3,0.0,0,True,1746968379.0950785,right,False
481,1746968402.905699,88.4219,1.14632,-0.046085,0.154858,0.0110275,4438.81,3,9.21,99.9637,124.929,49.934,1,2,1.0,0.0,0.0,3,0.0,0,True,1746968379.0950785,right,False
482,1746968402.9253616,88.6004,1.14678,-0.0563912,0.154929,0.0105008,4447.07,3,9.23,100.456,125.42,49.9337,1,2,1.0,0.0,0.0,3,0.0,0,True,1746968379.0950785,right,False
483,1746968402.945889,88.7784,1.14774,-0.0715553,0.155017,0.00997154,4457.08,3,9.25,100.948,125.913,49.9335,1,2,1.0,0.0,0.0,3,0.0,0,True,1746968379.0950785,right,False
484,1746968402.969472,88.9571,1.14843,-0.0831725,0.155121,0.00944156,4466.45,3,9.27,101.442,126.407,49.9333,1,2,1.0,0.0,0.0,3,0.0,0,True,1746968379.0950785,right,False
485,1746968402.9869788,89.1371,1.14825,-0.0914266,0.155243,0.00890757,4474.13,3,9.29,101.937,126.902,49.9331,1,2,1.0,0.0,0.0,3,0.0,0,True,1746968379.0950785,right,False
486,1746968403.0043304,89.3154,1.14949,-0.109615,0.155382,0.00837377,4485.52,3,9.31,102.433,127.398,49.9328,1,2,1.0,0.0,0.0,3,0.0,0,True,1746968379.0950785,right,False
487,1746968403.0240138,89.4954,1.14997,-0.118334,0.155538,0.00784217,4494.54,3,9.33,102.93,127.894,49.9326,1,2,1.0,0.0,0.0,3,0.0,0,True,1746968379.0950785,right,False
488,1746968403.0437167,89.6772,1.15045,-0.130746,0.155712,0.00730571,4500.29,3,9.35,103.427,128.392,49.9324,1,2,1.0,0.0,0.0,3,0.0,0,True,1746968379.0950785,right,False
489,1746968403.0650449,89.8561,1.15161,-0.14263,0.155904,0.00677822,4512.61,3,9.37,103.926,128.891,49.9321,1,2,1.0,0.0,0.0,3,0.0,0,True,1746968379.0950785,right,False
490,1746968403.0845466,90.0361,1.15297,-0.155875,0.156112,0.00624514,4523.19,3,9.39,104.426,129.391,49.9319,1,2,1.0,0.0,0.0,3,0.0,0,True,1746968379.0950785,right,False
491,1746968403.105785,90.2199,1.15349,-0.166877,0.156339,0.00571162,4527.34,3,9.41,104.927,129.891,49.9317,1,2,1.0,0.0,0.0,3,0.0,0,True,1746968379.0950785,right,False
492,1746968403.1282737,90.3981,1.155,-0.179159,0.156583,0.00518194,4542.73,3,9.43,105.428,130.393,49.9314,1,2,1.0,0.0,0.0,3,0.0,0,True,1746968379.0950785,right,False
493,1746968403.1440425,90.5813,1.15603,-0.193009,0.156846,0.00464785,4549.52,3,9.45,105.931,130.896,49.9312,1,2,1.0,0.0,0.0,3,0.0,0,True,1746968379.0950785,right,False
494,1746968403.1643536,90.764,1.15687,-0.20355,0.157126,0.00411477,4557.39,3,9.47,106.435,131.4,49.9309,1,2,1.0,0.0,0.0,3,0.0,0,True,1746968379.0950785,right,False
495,1746968403.2710488,90.9461,1.15843,-0.216864,0.157425,0.00358442,4567.26,3,9.49,106.94,131.905,49.9306,1,2,1.0,0.0,0.0,3,0.0,0,True,1746968379.0950785,right,False
496,1746968403.2734866,91.1284,1.16019,-0.230238,0.157741,0.00305573,4577.42,3,9.51,107.446,132.411,49.9304,1,2,1.0,0.0,0.0,3,0.0,0,True,1746968379.0950785,right,False
497,1746968403.275921,91.3114,1.16204,-0.24322,0.158076,0.00252795,4586.64,3,9.53,107.953,132.917,49.9301,1,2,1.0,0.0,0.0,3,0.0,0,True,1746968379.0950785,right,False
498,1746968403.2963772,91.4947,1.1637,-0.257225,0.158429,0.00199883,4596.49,3,9.55,108.46,133.425,49.9298,1,2,1.0,0.0,0.0,3,0.0,0,True,1746968379.0950785,right,False
499,1746968403.2992003,91.6772,1.16543,-0.270405,0.158801,0.00146773,4607.58,3,9.57,108.969,133.934,49.9296,1,2,1.0,0.0,0.0,3,0.0,0,True,1746968379.0950785,right,False
500,1746968403.3021991,91.8618,1.16761,-0.289953,0.159191,0.000934993,4616.9,3,9.59,109.479,134.444,49.9293,1,2,1.0,0.0,0.0,3,0.0,0,True,1746968379.0950785,right,False
501,1746968403.3061686,92.0472,1.16762,-0.295178,0.1596,0.000402116,4623.94,3,9.61,109.99,134.955,49.929,1,2,1.0,0.0,0.0,3,0.0,0,True,1746968379.0950785,right,False
502,1746968403.3261096,92.2309,1.16997,-0.313633,0.160028,-0.000134253,4634.52,3,9.63,110.502,135.467,49.9288,1,2,1.0,0.0,0.0,3,0.0,0,True,1746968379.0950785,right,False
503,1746968403.34391,92.4166,1.17032,-0.323737,0.160474,-0.00067314,4643.03,3,9.65,111.015,135.98,49.9285,1,2,1.0,0.0,0.0,3,0.0,0,True,1746968379.0950785,right,False
504,1746968403.3660293,92.5996,1.17189,-0.339613,0.16094,-0.00121404,4657.06,3,9.67,111.529,136.494,49.9282,1,2,1.0,0.0,0.0,3,0.0,0,True,1746968379.0950785,right,False
505,1746968403.3887177,92.7878,1.17214,-0.351653,0.161424,-0.00176098,4661.44,3,9.69,112.044,137.009,49.928,1,2,1.0,0.0,0.0,3,0.0,0,True,1746968379.0950785,right,False
506,1746968403.4063706,92.9718,1.17347,-0.373365,0.161928,-0.00231017,4675.61,3,9.71,112.56,137.525,49.9277,1,2,1.0,0.0,0.0,3,0.0,0,True,1746968379.0950785,right,False
507,1746968403.4279506,93.1583,1.17394,-0.385878,0.16245,-0.00286249,4684.47,3,9.73,113.077,138.042,49.9274,1,2,1.0,0.0,0.0,3,0.0,0,True,1746968379.0950785,right,False
508,1746968403.4480271,93.3447,1.17421,-0.401167,0.162993,-0.0034176,4694.64,3,9.75,113.595,138.56,49.9272,1,2,1.0,0.0,0.0,3,0.0,0,True,1746968379.0950785,right,False
509,1746968403.4645772,93.5319,1.17394,-0.412948,0.163555,-0.00397705,4703.66,3,9.77,114.114,139.079,49.9269,1,2,1.0,0.0,0.0,3,0.0,0,True,1746968379.0950785,right,False
510,1746968403.4893303,93.7195,1.17419,-0.428228,0.164136,-0.00453924,4712.82,3,9.79,114.634,139.599,49.9266,1,2,1.0,0.0,0.0,3,0.0,0,True,1746968379.0950785,right,False
511,1746968403.5104458,93.9074,1.17453,-0.446481,0.164738,-0.00510427,4721.77,3,9.81,115.156,140.12,49.9264,1,2,1.0,0.0,0.0,3,0.0,0,True,1746968379.0950785,right,False
512,1746968403.5243168,94.0944,1.17424,-0.459927,0.165359,-0.00567166,4733.42,3,9.83,115.678,140.643,49.9261,1,2,1.0,0.0,0.0,3,0.0,0,True,1746968379.0950785,right,False
513,1746968403.550386,94.2804,1.17461,-0.476591,0.166001,-0.00624149,4745.98,3,9.85,116.201,141.166,49.9258,1,2,1.0,0.0,0.0,3,0.0,0,True,1746968379.0950785,right,False
514,1746968403.5653462,94.471,1.17355,-0.483802,0.166663,-0.00681288,4747.44,3,9.87,116.725,141.69,49.9256,1,2,1.0,0.0,0.0,3,0.0,0,True,1746968379.0950785,right,False
515,1746968403.5894244,94.656,1.17443,-0.507219,0.167345,-0.00738612,4764.2,3,9.89,117.251,142.216,49.9253,1,2,1.0,0.0,0.0,3,0.0,0,True,1746968379.0950785,right,False
516,1746968403.6080303,94.8452,1.17356,-0.517458,0.168048,-0.00796076,4769.51,3,9.91,117.777,142.742,49.925,1,2,1.0,0.0,0.0,3,0.0,0,True,1746968379.0950785,right,False
517,1746968403.6250882,95.0313,1.17432,-0.533571,0.168772,-0.00853459,4782.08,3,9.93,118.305,143.269,49.9248,1,2,1.0,0.0,0.0,3,0.0,0,True,1746968379.0950785,right,False
518,1746968403.6464255,95.2202,1.17413,-0.546708,0.169517,-0.00911109,4788.53,3,9.95,118.833,143.798,49.9245,1,2,1.0,0.0,0.0,3,0.0,0,True,1746968379.0950785,right,False
519,1746968403.6644967,95.4072,1.17444,-0.561669,0.170282,-0.00968836,4798.58,3,9.97,119.363,144.327,49.9242,1,2,1.0,0.0,0.0,3,0.0,0,True,1746968379.0950785,right,False
520,1746968403.6845682,95.5943,1.17476,-0.576469,0.171069,-0.0102654,4808.32,3,9.99,119.893,144.858,49.924,1,2,1.0,0.0,0.0,3,0.0,0,True,1746968379.0950785,right,False
521,1746968403.7075343,95.7821,1.17499,-0.58906,0.171877,-0.0108429,4817.46,3,10.01,120.425,145.389,49.9237,1,2,1.0,0.0,0.0,3,0.0,0,True,1746968379.0950785,right,False
522,1746968403.726261,95.9693,1.17572,-0.606739,0.172707,-0.0114209,4827.75,3,10.03,120.957,145.922,49.9234,1,2,1.0,0.0,0.0,3,0.0,0,True,1746968379.0950785,right,False
523,1746968403.7452085,96.157,1.17643,-0.623658,0.173558,-0.0119984,4836.65,3,10.05,121.491,146.456,49.9232,1,2,1.0,0.0,0.0,3,0.0,0,True,1746968379.0950785,right,False
524,1746968403.7675633,96.3442,1.17721,-0.644901,0.174431,-0.0125745,4846.42,3,10.07,122.026,146.99,49.9229,1,2,1.0,0.0,0.0,3,0.0,0,True,1746968379.0950785,right,False
525,1746968403.7891822,96.5306,1.17883,-0.658735,0.175326,-0.0131474,4857.35,3,10.09,122.561,147.526,49.9226,1,2,1.0,0.0,0.0,3,0.0,0,True,1746968379.0950785,right,False
526,1746968403.8064473,96.7194,1.17864,-0.66515,0.176242,-0.0137227,4863,3,10.11,123.098,148.063,49.9224,1,2,1.0,0.0,0.0,3,0.0,0,True,1746968379.0950785,right,False
527,1746968403.8288188,96.9072,1.17917,-0.674839,0.17718,-0.0142978,4871.55,3,10.13,123.636,148.6,49.9221,1,2,1.0,0.0,0.0,3,0.0,0,True,1746968379.0950785,right,False
528,1746968403.8474143,97.0935,1.18088,-0.697475,0.17814,-0.0148758,4884.73,3,10.15,124.174,149.139,49.9218,1,2,1.0,0.0,0.0,3,0.0,0,True,1746968379.0950785,right,False
529,1746968403.866752,97.2812,1.18202,-0.715116,0.179122,-0.0154535,4891.42,3,10.17,124.714,149.679,49.9216,1,2,1.0,0.0,0.0,3,0.0,0,True,1746968379.0950785,right,False
530,1746968403.885153,97.4679,1.18332,-0.733101,0.180127,-0.0160314,4903.35,3,10.19,125.255,150.22,49.9213,1,2,1.0,0.0,0.0,3,0.0,0,True,1746968379.0950785,right,False
531,1746968403.9064105,97.6559,1.18438,-0.749123,0.181154,-0.0166101,4910.8,3,10.21,125.797,150.762,49.921,1,2,1.0,0.0,0.0,3,0.0,0,True,1746968379.0950785,right,False
532,1746968403.9238505,97.8431,1.1853,-0.76546,0.182204,-0.0171883,4920.11,3,10.23,126.34,151.305,49.9208,1,2,1.0,0.0,0.0,3,0.0,0,True,1746968379.0950785,right,False
533,1746968403.9445097,98.0303,1.18643,-0.784087,0.183276,-0.0177666,4929.91,3,10.25,126.884,151.849,49.9205,1,2,1.0,0.0,0.0,3,0.0,0,True,1746968379.0950785,right,False
534,1746968403.9674556,98.2178,1.18762,-0.800445,0.184371,-0.0183439,4938.67,3,10.27,127.429,152.394,49.9202,1,2,1.0,0.0,0.0,3,0.0,0,True,1746968379.0950785,right,False
535,1746968403.98579,98.4045,1.18924,-0.81804,0.185488,-0.0189208,4949.08,3,10.29,127.975,152.94,49.92,1,2,1.0,0.0,0.0,3,0.0,0,True,1746968379.0950785,right,False
536,1746968404.0057867,98.5935,1.18976,-0.836633,0.186628,-0.0194999,4955.46,3,10.31,128.522,153.487,49.9197,1,2,1.0,0.0,0.0,3,0.0,0,True,1746968379.0950785,right,False
537,1746968404.0243502,98.7782,1.19137,-0.851674,0.187791,-0.0200756,4968.84,3,10.33,129.07,154.035,49.9194,1,2,1.0,0.0,0.0,3,0.0,0,True,1746968379.0950785,right,False
538,1746968404.045057,98.9667,1.192,-0.867991,0.188977,-0.0206585,4975.01,3,10.35,129.619,154.584,49.9192,1,2,1.0,0.0,0.0,3,0.0,0,True,1746968379.0950785,right,False
539,1746968404.0674305,99.1527,1.19317,-0.885537,0.190186,-0.0212404,4986.74,3,10.37,130.169,155.134,49.9189,1,2,1.0,0.0,0.0,3,0.0,0,True,1746968379.0950785,right,False
540,1746968404.0842333,99.3409,1.19457,-0.905875,0.191419,-0.0218184,4993.98,3,10.39,130.72,155.685,49.9186,1,2,1.0,0.0,0.0,3,0.0,0,True,1746968379.0950785,right,False
541,1746968404.1056037,99.5286,1.19513,-0.920082,0.192675,-0.0223962,5003.34,3,10.41,131.273,156.237,49.9184,1,2,1.0,0.0,0.0,3,0.0,0,True,1746968379.0950785,right,False
542,1746968404.12853,99.7156,1.19614,-0.935505,0.193953,-0.0229744,5011.94,3,10.43,131.826,156.791,49.9181,1,2,1.0,0.0,0.0,3,0.0,0,True,1746968379.0950785,right,False
543,1746968404.1459844,99.9023,1.19712,-0.949632,0.195255,-0.023551,5021.93,3,10.45,132.38,157.345,49.9178,1,2,1.0,0.0,0.0,3,0.0,0,True,1746968379.0950785,right,False
544,1746968404.163351,100.089,1.19851,-0.966578,0.19658,-0.0241257,5032.12,3,10.47,132.935,157.9,49.9176,1,2,1.0,0.0,0.0,3,0.0,0,True,1746968379.0950785,right,False
545,1746968404.184206,100.277,1.19973,-0.983462,0.197929,-0.0247008,5039.71,3,10.49,133.492,158.456,49.9173,1,2,1.0,0.0,0.0,3,0.0,0,True,1746968379.0950785,right,False
546,1746968404.2042248,100.464,1.2008,-0.991431,0.199302,-0.0252736,5047.1,3,10.51,134.049,159.014,49.917,1,2,1.0,0.0,0.0,3,0.0,0,True,1746968379.0950785,right,False
547,1746968404.224711,100.651,1.2022,-1.00768,0.200697,-0.0258472,5058.56,3,10.53,134.607,159.572,49.9168,1,2,1.0,0.0,0.0,3,0.0,0,True,1746968379.0950785,right,False
548,1746968404.2441163,100.838,1.20384,-1.02861,0.202117,-0.0264203,5067.75,3,10.55,135.167,160.132,49.9165,1,2,1.0,0.0,0.0,3,0.0,0,True,1746968379.0950785,right,False
549,1746968404.265576,101.024,1.20553,-1.0478,0.203561,-0.0269937,5079.12,3,10.57,135.727,160.692,49.9162,1,2,1.0,0.0,0.0,3,0.0,0,True,1746968379.0950785,right,False
550,1746968404.2840512,101.212,1.20684,-1.06438,0.205028,-0.0275688,5086.53,3,10.59,136.289,161.253,49.916,1,2,1.0,0.0,0.0,3,0.0,0,True,1746968379.0950785,right,False
551,1746968404.3039844,101.398,1.20817,-1.08008,0.206519,-0.028146,5096.65,3,10.61,136.851,161.816,49.9157,1,2,1.0,0.0,0.0,3,0.0,0,True,1746968379.0950785,right,False
552,1746968404.3265228,101.585,1.20901,-1.09601,0.208034,-0.0287225,5104.5,3,10.63,137.414,162.379,49.9154,1,2,1.0,0.0,0.0,3,0.0,0,True,1746968379.0950785,right,False
553,1746968404.3461816,101.772,1.21029,-1.11691,0.209573,-0.0293009,5114.53,3,10.65,137.979,162.944,49.9151,1,2,1.0,0.0,0.0,3,0.0,0,True,1746968379.0950785,right,False
554,1746968404.367325,101.959,1.21138,-1.13368,0.211137,-0.0298791,5124.07,3,10.67,138.544,163.509,49.9149,1,2,1.0,0.0,0.0,3,0.0,0,True,1746968379.0950785,left,False
555,1746968404.3851082,102.145,1.21253,-1.15328,0.212725,-0.0304572,5135.05,3,10.69,139.111,164.076,49.9146,1,2,1.0,0.0,0.0,3,0.0,0,True,1746968379.0950785,left,False
556,1746968404.4041915,102.333,1.21331,-1.16973,0.214337,-0.0310364,5141.79,3,10.71,139.678,164.643,49.9143,1,2,1.0,0.0,0.0,3,0.0,0,True,1746968379.0950785,left,False
557,1746968404.426532,102.518,1.21499,-1.19113,0.215973,-0.031615,5154.8,3,10.73,140.247,165.212,49.9141,1,2,1.0,0.0,0.0,3,0.0,0,True,1746968379.0950785,left,False
558,1746968404.4475853,102.707,1.21494,-1.20396,0.217634,-0.0321948,5160.62,3,10.75,140.817,165.781,49.9138,1,2,1.0,0.0,0.0,3,0.0,0,True,1746968379.0950785,left,False
559,1746968404.4659028,102.891,1.21713,-1.23042,0.21932,-0.0327726,5174.38,3,10.77,141.387,166.352,49.9135,1,2,1.0,0.0,0.0,3,0.0,0,True,1746968379.0950785,left,False
560,1746968404.4857192,103.079,1.2173,-1.24179,0.221031,-0.0333562,5180.73,3,10.79,141.959,166.924,49.9133,1,2,1.0,0.0,0.0,3,0.0,0,True,1746968379.0950785,left,False
561,1746968404.5055692,103.267,1.21792,-1.26094,0.222766,-0.0339384,5189.44,3,10.81,142.532,167.497,49.913,1,2,1.0,0.0,0.0,3,0.0,0,True,1746968379.0950785,left,False
562,1746968404.5259624,103.453,1.21872,-1.28067,0.224526,-0.0345218,5198.88,3,10.83,143.105,168.07,49.9127,1,2,1.0,0.0,0.0,3,0.0,0,True,1746968379.0950785,left,False
563,1746968404.5449188,103.64,1.21916,-1.29473,0.226311,-0.0351048,5207.91,3,10.85,143.68,168.645,49.9124,1,2,1.0,0.0,0.0,3,0.0,0,True,1746968379.0950785,left,False
564,1746968404.5654693,103.826,1.21952,-1.30897,0.228121,-0.0356869,5217.55,3,10.87,144.256,169.221,49.9121,1,2,1.0,0.0,0.0,3,0.0,0,True,1746968379.0950785,left,False
565,1746968404.5838795,104.013,1.22085,-1.33179,0.229956,-0.0362703,5226.63,3,10.89,144.833,169.798,49.9118,1,2,1.0,0.0,0.0,3,0.0,0,True,1746968379.0950785,left,False
566,1746968404.60596,104.2,1.22154,-1.34645,0.231816,-0.0368489,5235.6,3,10.91,145.411,170.375,49.9115,1,2,1.0,0.0,0.0,3,0.0,0,True,1746968379.0950785,left,False
567,1746968404.6246505,104.386,1.22264,-1.36457,0.233702,-0.0374277,5245.91,3,10.93,145.989,170.954,49.9112,1,2,1.0,0.0,0.0,3,0.0,0,True,1746968379.0950785,left,False
568,1746968404.6449146,104.573,1.22332,-1.3767,0.235613,-0.0380058,5255.34,3,10.95,146.569,171.534,49.9109,1,2,1.0,0.0,0.0,3,0.0,0,True,1746968379.0950785,left,False
569,1746968404.666132,104.759,1.22523,-1.39473,0.23755,-0.0385819,5265.91,3,10.97,147.15,172.115,49.9105,1,2,1.0,0.0,0.0,3,0.0,0,True,1746968379.0950785,left,False
570,1746968404.6840029,104.944,1.22745,-1.42084,0.239512,-0.039157,5278.11,3,10.99,147.732,172.697,49.9102,1,2,1.0,0.0,0.0,3,0.0,0,True,1746968379.0950785,left,False
571,1746968404.7052624,105.133,1.22886,-1.44044,0.241499,-0.0397373,5282,3,11.01,148.315,173.28,49.9099,1,2,1.0,0.0,0.0,3,0.0,0,True,1746968379.0950785,left,False
572,1746968404.724107,105.319,1.23073,-1.46523,0.243513,-0.040321,5292.73,3,11.03,148.899,173.864,49.9096,1,2,1.0,0.0,0.0,3,0.0,0,True,1746968379.0950785,left,False
573,1746968404.7439475,105.504,1.23174,-1.4871,0.245553,-0.0409051,5304.52,3,11.05,149.484,174.448,49.9093,1,2,1.0,0.0,0.0,3,0.0,0,True,1746968379.0950785,left,False
574,1746968404.7641087,105.692,1.23211,-1.50404,0.247619,-0.041492,5311.94,3,11.07,150.07,175.034,49.909,1,2,1.0,0.0,0.0,3,0.0,0,True,1746968379.0950785,left,False
575,1746968404.7861757,105.879,1.23262,-1.52583,0.24971,-0.0420798,5319.56,3,11.09,150.656,175.621,49.9087,1,2,1.0,0.0,0.0,3,0.0,0,True,1746968379.0950785,left,False
576,1746968404.8040452,106.064,1.23335,-1.54433,0.251828,-0.042668,5330.39,3,11.11,151.245,176.209,49.9084,1,2,1.0,0.0,0.0,3,0.0,0,True,1746968379.0950785,left,False
577,1746968404.8293526,106.251,1.2336,-1.56475,0.253972,-0.0432566,5337.67,3,11.13,151.833,176.798,49.9081,1,2,1.0,0.0,-0.1,3,0.0,0,True,1746968379.0950785,left,False
578,1746968404.8450186,106.438,1.23425,-1.58579,0.256143,-0.0438454,5347.1,3,11.15,152.423,177.388,49.9078,1,2,1.0,0.0,-0.1,3,0.0,0,True,1746968379.0950785,left,False
579,1746968404.866534,106.623,1.23524,-1.60412,0.25834,-0.0444341,5359.09,3,11.17,153.015,177.979,49.9075,1,2,1.0,0.0,-0.1,3,0.0,0,True,1746968379.0950785,left,False
580,1746968404.8838573,106.811,1.23502,-1.62005,0.260563,-0.0450216,5366,3,11.19,153.607,178.571,49.9072,1,2,1.0,0.0,-0.1,3,0.0,0,True,1746968379.0950785,left,False
581,1746968404.9085577,106.974,1.08151,-1.63471,0.262779,-0.0450386,5390,3,11.21,154.2,179.164,49.9069,1,2,1.0,0.0,-0.1,3,0.0,0,True,1746968379.0950785,left,False
582,1746968404.925589,107.14,1.01709,-1.64014,0.264925,-0.0435006,5395.49,3,11.23,154.794,179.758,49.9066,1,2,1.0,0.0,-0.1,3,0.0,0,True,1746968379.0950785,left,False
583,1746968404.9440982,107.307,1.08933,-1.6196,0.26699,-0.0404704,5390.78,3,11.25,155.389,180.353,49.9063,1,2,1.0,0.0,-0.1,3,0.0,0,True,1746968379.0950785,left,False
584,1746968404.9666605,107.47,1.28298,-1.58862,0.268964,-0.0360676,5392.99,3,11.27,155.984,180.949,49.906,1,2,1.0,0.0,-0.1,3,0.0,0,True,1746968379.0950785,left,False
585,1746968404.984298,107.626,1.57749,-1.54033,0.270835,-0.030426,5399.36,3,11.29,156.581,181.546,49.9057,1,2,1.0,0.0,-0.1,3,0.0,0,True,1746968379.0950785,left,False
586,1746968405.0057569,107.777,1.94552,-1.47369,0.272588,-0.0236882,5404.03,3,11.31,157.179,182.144,49.9054,1,2,1.0,0.0,-0.1,3,0.0,0,True,1746968379.0950785,left,False
587,1746968405.024971,107.92,2.37264,-1.38994,0.274205,-0.016002,5409.71,3,11.33,157.778,182.743,49.9051,1,2,1.0,0.0,-0.1,3,0.0,0,True,1746968379.0950785,left,False
588,1746968405.0438402,108.053,2.84512,-1.28663,0.275668,-0.00749782,5419.94,3,11.35,158.378,183.343,49.9047,1,2,1.0,0.0,-0.1,3,0.0,0,True,1746968379.0950785,left,False
589,1746968405.0654628,108.178,3.34133,-1.16987,0.276959,0.00168291,5427.28,3,11.37,158.979,183.943,49.9044,1,2,1.0,0.0,-0.1,3,0.0,0,True,1746968379.0950785,left,False
590,1746968405.0863106,108.292,3.85419,-1.03952,0.27806,0.0113968,5440.05,3,11.39,159.58,184.545,49.9041,1,2,1.0,0.0,-0.1,3,0.0,0,True,1746968379.0950785,left,False
591,1746968405.1059484,108.394,4.36611,-0.896683,0.278952,0.0215244,5456.66,3,11.41,160.182,185.147,49.9038,1,2,1.0,0.0,-0.1,3,0.0,0,True,1746968379.0950785,left,False
592,1746968405.1265004,108.491,4.86316,-0.730825,0.279619,0.0319407,5466.27,3,11.43,160.785,185.75,49.9035,1,2,1.0,0.0,-0.1,3,0.0,0,True,1746968379.0950785,left,False
593,1746968405.1435242,108.576,5.34238,-0.556506,0.280042,0.0425416,5480.5,3,11.45,161.389,186.354,49.9032,1,2,1.0,0.0,-0.1,3,0.0,0,True,1746968379.0950785,left,False
594,1746968405.1636019,108.653,5.78992,-0.36514,0.280207,0.0532163,5495.79,3,11.47,161.993,186.958,49.9029,1,2,1.0,0.0,-0.1,3,0.0,0,True,1746968379.0950785,left,False
595,1746968405.1858168,108.72,6.2019,-0.159575,0.280099,0.0638506,5514.59,3,11.49,162.598,187.563,49.9026,1,2,1.0,0.0,-0.1,3,0.0,0,True,1746968379.0950785,left,False
596,1746968405.2041373,108.782,6.56981,0.0550711,0.279706,0.0743411,5532.3,3,11.51,163.203,188.168,49.9023,1,2,1.0,0.0,-0.1,3,0.0,0,True,1746968379.0950785,left,False
597,1746968405.226398,108.84,6.88709,0.285343,0.279019,0.0845959,5550.44,3,11.53,163.809,188.773,49.902,1,2,1.0,0.0,0.0,3,0.0,0,True,1746968379.0950785,right,False
598,1746968405.2441518,108.89,7.15063,0.524365,0.278027,0.0945282,5577.06,3,11.55,164.415,189.379,49.9017,1,2,1.0,0.0,0.0,3,0.0,0,True,1746968379.0950785,right,False
599,1746968405.2664757,108.942,7.35874,0.765309,0.276725,0.104076,5597.71,3,11.57,165.021,189.986,49.9014,1,2,1.0,0.0,0.0,3,0.0,0,True,1746968379.0950785,right,False
600,1746968405.2864554,108.989,7.50804,1.01887,0.275107,0.113177,5625.76,3,11.59,165.627,190.592,49.9011,1,2,1.0,0.0,0.0,3,0.0,0,True,1746968379.0950785,right,False
601,1746968405.30528,109.078,7.71327,1.27517,0.273194,0.121368,5626.98,3,11.61,166.233,191.198,49.9008,1,2,1.0,0.0,0.0,3,0.0,0,True,1746968379.0950785,right,False
602,1746968405.3273962,109.179,7.78671,1.52754,0.271033,0.127805,5636.02,3,11.63,166.84,191.805,49.9005,1,2,1.0,0.0,0.0,3,0.0,0,True,1746968379.0950785,right,False
603,1746968405.3451653,109.285,7.67719,1.76618,0.268628,0.132543,5655.85,3,11.65,167.448,192.412,49.9002,1,2,1.0,0.0,0.0,3,0.0,0,True,1746968379.0950785,right,False
604,1746968405.3682103,109.407,7.41662,1.99753,0.265984,0.135695,5670.31,3,11.67,168.055,193.02,49.8999,1,2,1.0,0.0,0.0,3,0.0,0,True,1746968379.0950785,right,False
605,1746968405.3845806,109.541,7.03259,2.21036,0.26311,0.1374,5681.7,3,11.69,168.663,193.628,49.8996,1,2,1.0,0.0,0.0,3,0.0,0,True,1746968379.0950785,right,False
606,1746968405.4050992,109.69,6.5501,2.42105,0.260022,0.137813,5681.92,3,11.71,169.272,194.237,49.8993,1,2,1.0,0.0,0.0,3,0.0,0,True,1746968379.0950785,right,False
607,1746968405.4261942,109.845,6.00665,2.59731,0.256741,0.137124,5683.22,3,11.73,169.881,194.845,49.8989,1,2,1.0,0.0,0.0,3,0.0,0,True,1746968379.0950785,right,False
608,1746968405.4435248,110.015,5.4238,2.76135,0.253288,0.135539,5667.67,3,11.75,170.49,195.455,49.8986,1,2,1.0,0.0,0.0,3,0.0,0,True,1746968379.0950785,right,False
609,1746968405.4673707,110.187,4.83307,2.90339,0.249688,0.133287,5653.64,3,11.77,171.1,196.065,49.8983,1,2,1.0,0.0,0.0,3,0.0,0,True,1746968379.0950785,right,False
610,1746968405.4865925,110.366,4.25305,3.02362,0.245965,0.130578,5627.19,3,11.79,171.711,196.675,49.898,1,2,1.0,0.0,0.0,3,0.0,0,True,1746968379.0950785,right,False
611,1746968405.5042608,110.54,3.70711,3.12315,0.242142,0.127624,5612.28,3,11.81,172.322,197.287,49.8977,1,2,1.0,0.0,0.0,3,0.0,0,True,1746968379.0950785,right,False
612,1746968405.5253649,110.711,3.20703,3.20541,0.238242,0.124589,5602.7,3,11.83,172.934,197.899,49.8974,1,2,1.0,0.0,0.0,3,0.0,0,True,1746968379.0950785,right,False
613,1746968405.5439575,110.88,2.76267,3.26258,0.234284,0.121602,5595.38,3,11.85,173.547,198.512,49.8971,1,2,1.0,0.0,0.0,3,0.0,0,True,1746968379.0950785,right,False
614,1746968405.566208,111.045,2.37834,3.2888,0.230288,0.118753,5592.46,3,11.87,174.161,199.126,49.8968,1,2,1.0,0.0,0.0,3,0.0,0,True,1746968379.0950785,right,False
615,1746968405.5852976,111.207,2.05224,3.30579,0.226269,0.116093,5594.24,3,11.89,174.775,199.74,49.8965,1,2,1.0,0.0,0.0,3,0.0,0,True,1746968379.0950785,right,False
616,1746968405.6045628,111.368,1.78091,3.29917,0.222238,0.113651,5597.87,3,11.91,175.391,200.356,49.8962,1,2,1.0,0.0,0.0,3,0.0,0,True,1746968379.0950785,right,False
617,1746968405.6257954,111.526,1.56045,3.28631,0.218208,0.111436,5601.51,3,11.93,176.007,200.972,49.8959,1,2,1.0,0.0,0.0,3,0.0,0,True,1746968379.0950785,right,False
618,1746968405.645902,111.685,1.38455,3.25394,0.214186,0.10944,5608.01,3,11.95,176.624,201.589,49.8956,1,2,1.0,0.0,0.0,3,0.0,0,True,1746968379.0950785,right,False
619,1746968405.6663468,111.842,1.24741,3.22245,0.210179,0.107655,5613.44,3,11.97,177.242,202.207,49.8953,1,2,1.0,0.0,0.0,3,0.0,0,True,1746968379.0950785,right,False
620,1746968405.6851032,112,1.14384,3.17454,0.206192,0.106065,5620,3,11.99,177.861,202.826,49.895,1,2,1.0,0.0,0.0,3,0.0,0,True,1746968379.0950785,right,False
621,1746968405.7047162,112.155,1.06929,3.12381,0.20223,0.10465,5631.27,3,12.01,178.481,203.446,49.8947,1,2,1.0,0.0,0.0,3,0.0,0,True,1746968379.0950785,right,False
622,1746968405.7245476,112.313,1.01767,3.07448,0.198294,0.10339,5636.31,3,12.03,179.102,204.067,49.8944,1,2,1.0,0.0,0.0,3,0.0,0,True,1746968379.0950785,right,False
623,1746968405.743847,112.469,0.985776,3.0145,0.194387,0.102267,5644.04,3,12.05,179.724,204.689,49.8941,1,2,1.0,0.0,0.0,3,0.0,0,True,1746968379.0950785,right,False
624,1746968405.7639513,112.625,0.969395,2.96623,0.19051,0.101264,5652.35,3,12.07,180.346,205.311,49.8938,1,2,1.0,0.0,0.0,3,0.0,0,True,1746968379.0950785,right,False
625,1746968405.785329,112.781,0.965589,2.91164,0.186664,0.100362,5659.23,3,12.09,180.97,205.935,49.8935,1,2,1.0,0.0,0.0,3,0.0,0,True,1746968379.0950785,right,False
626,1746968405.8041573,112.938,0.971095,2.86274,0.182848,0.0995476,5667.38,3,12.11,181.594,206.559,49.8932,1,2,1.0,0.0,0.0,3,0.0,0,True,1746968379.0950785,right,False
627,1746968405.8248234,113.093,0.984318,2.81051,0.179062,0.0988059,5676.25,3,12.13,182.22,207.185,49.8928,1,2,1.0,0.0,0.0,3,0.0,0,True,1746968379.0950785,right,False
628,1746968405.8472307,113.249,1.00226,2.76197,0.175307,0.0981232,5684.12,3,12.15,182.846,207.811,49.8925,1,2,1.0,0.0,0.0,3,0.0,0,True,1746968379.0950785,right,False
629,1746968405.866198,113.405,1.02314,2.72562,0.171581,0.0974878,5691.02,3,12.17,183.473,208.438,49.8922,1,2,1.0,0.0,0.0,3,0.0,0,True,1746968379.0950785,right,False
630,1746968405.8835218,113.56,1.04698,2.68086,0.167883,0.0968895,5701.37,3,12.19,184.101,209.066,49.8919,1,2,1.0,0.0,0.0,3,0.0,0,True,1746968379.0950785,right,False
631,1746968405.9030452,113.715,1.07081,2.64132,0.164212,0.0963204,5710.54,3,12.21,184.73,209.695,49.8916,1,2,1.0,0.0,0.0,3,0.0,0,True,1746968379.0950785,right,False
632,1746968405.923345,113.872,1.09425,2.61029,0.160569,0.0957711,5717.18,3,12.23,185.36,210.325,49.8913,1,2,1.0,0.0,0.0,3,0.0,0,True,1746968379.0950785,right,False
633,1746968405.9453475,114.027,1.11744,2.57849,0.156951,0.095236,5724.71,3,12.25,185.991,210.956,49.891,1,2,1.0,0.0,0.0,3,0.0,0,True,1746968379.0950785,right,False
634,1746968405.9663064,114.183,1.13877,2.55337,0.153359,0.0947082,5733.35,3,12.27,186.623,211.587,49.8907,1,2,1.0,0.0,0.0,3,0.0,0,True,1746968379.0950785,right,False
635,1746968405.9873893,114.34,1.15792,2.52982,0.149791,0.0941847,5740.49,3,12.29,187.255,212.22,49.8904,1,2,1.0,0.0,0.0,3,0.0,0,True,1746968379.0950785,right,False
636,1746968406.0033689,114.494,1.17598,2.50537,0.146246,0.0936606,5749.43,3,12.31,187.889,212.854,49.8901,1,2,1.0,0.0,0.0,3,0.0,0,True,1746968379.0950785,right,False
637,1746968406.0242279,114.651,1.19133,2.49054,0.142724,0.0931349,5755.17,3,12.33,188.523,213.488,49.8898,1,2,1.0,0.0,0.0,3,0.0,0,True,1746968379.0950785,right,False
638,1746968406.0451431,114.806,1.20508,2.46511,0.139224,0.0926016,5766.2,3,12.35,189.158,214.123,49.8895,1,2,1.0,0.0,0.0,3,0.0,0,True,1746968379.0950785,right,False
639,1746968406.0648122,114.964,1.21566,2.45804,0.135746,0.0920628,5768.68,3,12.37,189.795,214.759,49.8892,1,2,1.0,0.0,0.0,3,0.0,0,True,1746968379.0950785,right,False
640,1746968406.0864778,115.118,1.2253,2.443,0.132289,0.0915198,5779.06,3,12.39,190.432,215.396,49.8889,1,2,1.0,0.0,0.0,3,0.0,0,True,1746968379.0950785,right,False
641,1746968406.103331,115.272,1.23323,2.43153,0.128854,0.0909686,5788.36,3,12.41,191.07,216.034,49.8886,1,2,1.0,0.0,0.0,3,0.0,0,True,1746968379.0950785,right,False
642,1746968406.1233125,115.427,1.23946,2.42175,0.125439,0.0904096,5794.61,3,12.43,191.708,216.673,49.8883,1,2,1.0,0.0,0.0,3,0.0,0,True,1746968379.0950785,right,False
643,1746968406.1447313,115.582,1.24438,2.4108,0.122045,0.0898442,5801.69,3,12.45,192.348,217.313,49.888,1,2,1.0,0.0,0.0,3,0.0,0,True,1746968379.0950785,right,False
644,1746968406.1647797,115.737,1.24795,2.402,0.118672,0.0892723,5809.11,3,12.47,192.989,217.954,49.8877,1,2,1.0,0.0,0.0,3,0.0,0,True,1746968379.0950785,right,False
645,1746968406.1855578,115.891,1.25049,2.3936,0.11532,0.0886944,5815.89,3,12.49,193.63,218.595,49.8874,1,2,1.0,0.0,0.0,3,0.0,0,True,1746968379.0950785,right,False
646,1746968406.2034805,116.047,1.25222,2.38988,0.111988,0.0881148,5819.48,3,12.51,194.273,219.238,49.887,1,2,1.0,0.0,0.0,3,0.0,0,True,1746968379.0950785,right,False
647,1746968406.2242725,116.2,1.25504,2.37942,0.108677,0.0875384,5826.95,3,12.53,194.916,219.881,49.8867,1,2,1.0,0.0,0.0,3,0.0,0,True,1746968379.0950785,right,False
648,1746968406.243944,116.354,1.25713,2.36574,0.105386,0.0869575,5834.45,3,12.55,195.56,220.525,49.8864,1,2,1.0,0.0,0.0,3,0.0,0,True,1746968379.0950785,right,False
649,1746968406.2667522,116.506,1.25908,2.36024,0.102117,0.0863816,5843.37,3,12.57,196.205,221.17,49.8861,1,2,1.0,0.0,0.0,3,0.0,0,True,1746968379.0950785,right,False
650,1746968406.2854724,116.66,1.26121,2.34483,0.0988672,0.0858005,5848.62,3,12.59,196.851,221.816,49.8858,1,2,1.0,0.0,0.0,3,0.0,0,True,1746968379.0950785,right,False
651,1746968406.3042917,116.812,1.26371,2.33489,0.0956388,0.0852288,5857.99,3,12.61,197.498,222.463,49.8855,1,2,1.0,0.0,0.0,3,0.0,0,True,1746968379.0950785,right,False
652,1746968406.32348,116.965,1.26501,2.32781,0.0924311,0.0846514,5862.77,3,12.63,198.146,223.111,49.8852,1,2,1.0,0.0,0.0,3,0.0,0,True,1746968379.0950785,right,False
653,1746968406.3445876,117.115,1.26806,2.31112,0.0892443,0.0840782,5874.07,3,12.65,198.794,223.759,49.8849,1,2,1.0,0.0,0.0,3,0.0,0,True,1746968379.0950785,right,False
654,1746968406.3646927,117.268,1.27058,2.2954,0.0860788,0.083502,5878.37,3,12.67,199.444,224.409,49.8846,1,2,1.0,0.0,0.0,3,0.0,0,True,1746968379.0950785,right,False
655,1746968406.3854373,117.422,1.27216,2.2871,0.0829341,0.0829328,5883.1,3,12.69,200.094,225.059,49.8843,1,2,1.0,0.0,0.0,3,0.0,0,True,1746968379.0950785,right,False
656,1746968406.4045198,117.57,1.27536,2.26839,0.0798102,0.0823642,5896.04,3,12.71,200.745,225.71,49.884,1,2,1.0,0.0,0.0,3,0.0,0,True,1746968379.0950785,right,False
657,1746968406.4246047,117.723,1.27769,2.25349,0.0767076,0.0817949,5898.84,3,12.73,201.397,226.362,49.8837,1,2,1.0,0.0,0.0,3,0.0,0,True,1746968379.0950785,right,False
658,1746968406.4445443,117.874,1.27995,2.24118,0.0736259,0.0812284,5905.73,3,12.75,202.05,227.015,49.8834,1,2,1.0,0.0,0.0,3,0.0,0,True,1746968379.0950785,right,False
659,1746968406.4640648,118.024,1.28335,2.22135,0.0705653,0.0806666,5914.15,3,12.77,202.704,227.669,49.8831,1,2,1.0,0.0,0.0,3,0.0,0,True,1746968379.0950785,right,False
660,1746968406.484465,118.174,1.28635,2.20366,0.0675257,0.0801057,5921.46,3,12.79,203.358,228.323,49.8828,1,2,1.0,0.0,0.0,3,0.0,0,True,1746968379.0950785,right,False
661,1746968406.5062108,118.324,1.28932,2.18598,0.0645074,0.0795466,5928.33,3,12.81,204.014,228.979,49.8825,1,2,1.0,0.0,0.0,3,0.0,0,True,1746968379.0950785,right,False
662,1746968406.5238113,118.474,1.29278,2.16483,0.0615103,0.0789902,5936.16,3,12.83,204.67,229.635,49.8822,1,2,1.0,0.0,0.0,3,0.0,0,True,1746968379.0950785,right,False
663,1746968406.545541,118.624,1.29579,2.15037,0.0585342,0.078437,5941.38,3,12.85,205.327,230.292,49.8819,1,2,1.0,0.0,0.0,3,0.0,0,True,1746968379.0950785,right,False
664,1746968406.5654464,118.771,1.29908,2.13482,0.0555792,0.0778843,5951.39,3,12.87,205.985,230.95,49.8816,1,2,1.0,0.0,0.0,3,0.0,0,True,1746968379.0950785,right,False
665,1746968406.5838544,118.922,1.30132,2.11713,0.0526454,0.0773298,5956.36,3,12.89,206.644,231.609,49.8812,1,2,1.0,0.0,0.0,3,0.0,0,True,1746968379.0950785,right,False
666,1746968406.603922,119.071,1.30368,2.10537,0.0497325,0.0767759,5960.78,3,12.91,207.304,232.269,49.8809,1,2,1.0,0.0,0.0,3,0.0,0,True,1746968379.0950785,right,False
667,1746968406.6235871,119.217,1.30666,2.08482,0.0468406,0.0762239,5972.88,3,12.93,207.964,232.929,49.8806,1,2,1.0,0.0,0.0,3,0.0,0,True,1746968379.0950785,right,False
668,1746968406.6449723,119.365,1.30932,2.06343,0.04397,0.0756693,5980.88,3,12.95,208.626,233.591,49.8803,1,2,1.0,0.0,0.0,3,0.0,0,True,1746968379.0950785,right,False
669,1746968406.6651433,119.514,1.31026,2.05346,0.0411202,0.0751125,5985.81,3,12.97,209.288,234.253,49.88,1,2,1.0,0.0,0.0,3,0.0,0,True,1746968379.0950785,right,False
670,1746968406.6837642,119.661,1.31235,2.03672,0.0382917,0.0745572,5993.24,3,12.99,209.951,234.916,49.8797,1,2,1.0,0.0,0.0,3,0.0,0,True,1746968379.0950785,right,False
671,1746968406.705649,119.81,1.31328,2.02081,0.0354843,0.0739968,5997.96,3,13.01,210.615,235.58,49.8794,1,2,1.0,0.0,0.0,3,0.0,0,True,1746968379.0950785,right,False
672,1746968406.725689,119.956,1.31415,2.00404,0.0326981,0.0734371,6006.37,3,13.03,211.28,236.245,49.8791,1,2,1.0,0.0,0.0,3,0.0,0,True,1746968379.0950785,right,False
673,1746968406.744807,120.103,1.3155,1.98749,0.0299331,0.0728755,6013.35,3,13.05,211.946,236.91,49.8788,1,2,1.0,0.0,0.0,3,0.0,0,True,1746968379.0950785,right,False
674,1746968406.7641068,120.249,1.31608,1.97292,0.0271893,0.0723113,6021.12,3,13.07,212.612,237.577,49.8785,1,2,1.0,0.0,0.0,3,0.0,0,True,1746968379.0950785,right,False
675,1746968406.7849674,120.396,1.3164,1.95629,0.024467,0.0717463,6026.44,3,13.09,213.279,238.244,49.8782,1,2,1.0,0.0,0.0,3,0.0,0,True,1746968379.0950785,right,False
676,1746968406.8041155,120.543,1.31648,1.94287,0.021766,0.0711803,6032.65,3,13.11,213.947,238.912,49.8779,1,2,1.0,0.0,0.0,3,0.0,0,True,1746968379.0950785,right,False
677,1746968406.8255334,120.688,1.31692,1.93011,0.0190865,0.0706152,6040.46,3,13.13,214.616,239.581,49.8776,1,2,1.0,0.0,0.0,3,0.0,0,True,1746968379.0950785,right,False
678,1746968406.8435528,120.834,1.31691,1.91692,0.0164286,0.0700481,6045.38,3,13.15,215.286,240.251,49.8773,1,2,1.0,0.0,0.0,3,0.0,0,True,1746968379.0950785,right,False
679,1746968406.8656,120.98,1.31712,1.89977,0.0137924,0.0694802,6052.01,3,13.17,215.957,240.922,49.877,1,2,1.0,0.0,0.0,3,0.0,0,True,1746968379.0950785,right,False
680,1746968406.8858624,121.124,1.31778,1.87915,0.0111779,0.0689123,6061.51,3,13.19,216.628,241.593,49.8767,1,2,1.0,0.0,0.0,3,0.0,0,True,1746968379.0950785,right,False
681,1746968406.9043903,121.269,1.31783,1.87032,0.00858529,0.0683446,6066.95,3,13.21,217.301,242.265,49.8764,1,2,1.0,0.0,0.0,3,0.0,0,True,1746968379.0950785,right,False
682,1746968406.925786,121.413,1.31851,1.84793,0.00601463,0.0677777,6075.62,3,13.23,217.974,242.938,49.8761,1,2,1.0,0.0,0.0,3,0.0,0,True,1746968379.0950785,right,False
683,1746968406.943933,121.558,1.31913,1.83583,0.00346597,0.0672106,6081.13,3,13.25,218.648,243.612,49.8758,1,2,1.0,0.0,0.0,3,0.0,0,True,1746968379.0950785,right,False
684,1746968406.9646223,121.702,1.31974,1.82077,0.000939496,0.0666438,6088,3,13.27,219.322,244.287,49.8755,1,2,1.0,0.0,0.0,3,0.0,0,True,1746968379.0950785,right,False
685,1746968406.987296,121.846,1.32004,1.80075,-0.00156485,0.0660763,6095.43,3,13.29,219.998,244.963,49.8751,1,2,1.0,0.0,0.0,3,0.0,0,True,1746968379.0950785,right,False
686,1746968407.005691,121.988,1.32091,1.78663,-0.00404701,0.0655103,6103.49,3,13.31,220.674,245.639,49.8748,1,2,1.0,0.0,0.0,3,0.0,0,True,1746968379.0950785,right,False
687,1746968407.0252583,122.133,1.32125,1.77457,-0.00650692,0.0649453,6107.51,3,13.33,221.351,246.316,49.8745,1,2,1.0,0.0,0.0,3,0.0,0,True,1746968379.0950785,right,False
688,1746968407.0438643,122.276,1.32211,1.75636,-0.00894451,0.0643814,6115.32,3,13.35,222.029,246.994,49.8742,1,2,1.0,0.0,0.0,3,0.0,0,True,1746968379.0950785,right,False
689,1746968407.065491,122.417,1.32359,1.73878,-0.0113596,0.0638185,6123.76,3,13.37,222.708,247.673,49.8739,1,2,1.0,0.0,0.0,3,0.0,0,True,1746968379.0950785,right,False
690,1746968407.0844743,122.562,1.3243,1.72229,-0.0137522,0.0632569,6127.52,3,13.39,223.388,248.353,49.8736,1,2,1.0,0.0,0.0,3,0.0,0,True,1746968379.0950785,right,False
691,1746968407.1041534,122.704,1.32523,1.70961,-0.0161223,0.0626963,6134.18,3,13.41,224.068,249.033,49.8733,1,2,1.0,0.0,0.0,3,0.0,0,True,1746968379.0950785,right,False
692,1746968407.124777,122.846,1.32712,1.69367,-0.0184698,0.0621361,6141.4,3,13.43,224.75,249.714,49.873,1,2,1.0,0.0,0.0,3,0.0,0,True,1746968379.0950785,right,False
693,1746968407.1455872,122.987,1.32846,1.67241,-0.0207948,0.0615784,6150.09,3,13.45,225.432,250.396,49.8727,1,2,1.0,0.0,0.0,3,0.0,0,True,1746968379.0950785,right,False
694,1746968407.16557,123.128,1.32977,1.6509,-0.0230968,0.0610178,6157.47,3,13.47,226.114,251.079,49.8724,1,2,1.0,0.0,0.0,3,0.0,0,True,1746968379.0950785,right,False
695,1746968407.1852038,123.27,1.33127,1.63744,-0.0253761,0.060459,6162.37,3,13.49,226.798,251.763,49.8721,1,2,1.0,0.0,0.0,3,0.0,0,True,1746968379.0950785,right,False
696,1746968407.2051198,123.412,1.33155,1.62781,-0.0276326,0.0598986,6166.91,3,13.51,227.483,252.447,49.8718,1,2,1.0,0.0,0.0,3,0.0,0,True,1746968379.0950785,right,False
697,1746968407.2238762,123.552,1.33201,1.61437,-0.0298666,0.059336,6175.56,3,13.53,228.168,253.133,49.8715,1,2,1.0,0.0,0.0,3,0.0,0,True,1746968379.0950785,right,False
698,1746968407.2438474,123.692,1.33326,1.59478,-0.0320778,0.0587769,6182.86,3,13.55,228.854,253.819,49.8712,1,2,1.0,0.0,0.0,3,0.0,0,True,1746968379.0950785,right,False
699,1746968407.2662313,123.833,1.33468,1.57629,-0.0342659,0.0582216,6189.9,3,13.57,229.541,254.506,49.8709,1,2,1.0,0.0,0.0,3,0.0,0,True,1746968379.0950785,right,False
700,1746968407.2849634,123.973,1.33622,1.56041,-0.0364311,0.0576679,6196.6,3,13.59,230.228,255.193,49.8706,1,2,1.0,0.0,0.0,3,0.0,0,True,1746968379.0950785,right,False
701,1746968407.3048332,124.113,1.33798,1.54093,-0.0385733,0.0571152,6203.33,3,13.61,230.917,255.882,49.8703,1,2,1.0,0.0,0.0,3,0.0,0,True,1746968379.0950785,right,False
702,1746968407.3266816,124.253,1.33978,1.52303,-0.0406925,0.056564,6210.14,3,13.63,231.606,256.571,49.87,1,2,1.0,0.0,0.0,3,0.0,0,True,1746968379.0950785,right,False
703,1746968407.345492,124.392,1.3417,1.50523,-0.0427887,0.056013,6217.11,3,13.65,232.296,257.261,49.8697,1,2,1.0,0.0,0.0,3,0.0,0,True,1746968379.0950785,right,False
704,1746968407.36476,124.531,1.34314,1.49186,-0.0448617,0.055462,6223.29,3,13.67,232.987,257.952,49.8693,1,2,1.0,0.0,0.0,3,0.0,0,True,1746968379.0950785,right,False
705,1746968407.3857815,124.67,1.3443,1.48003,-0.0469117,0.0549108,6227.82,3,13.69,233.679,258.644,49.869,1,2,1.0,0.0,0.0,3,0.0,0,True,1746968379.0950785,right,False
706,1746968407.4049091,124.809,1.34611,1.45529,-0.0489386,0.0543603,6235.74,3,13.71,234.371,259.336,49.8687,1,2,1.0,0.0,0.0,3,0.0,0,True,1746968379.0950785,right,False
707,1746968407.4242904,124.948,1.34729,1.44138,-0.0509422,0.0538104,6239.9,3,13.73,235.064,260.029,49.8684,1,2,1.0,0.0,0.0,3,0.0,0,True,1746968379.0950785,right,False
708,1746968407.4455626,125.085,1.34884,1.4248,-0.0529226,0.0532607,6249.32,3,13.75,235.758,260.723,49.8681,1,2,1.0,0.0,0.0,3,0.0,0,True,1746968379.0950785,right,False
709,1746968407.4653146,125.225,1.34961,1.41342,-0.05488,0.0527113,6251.23,3,13.77,236.453,261.418,49.8678,1,2,1.0,0.0,0.0,3,0.0,0,True,1746968379.0950785,right,False
710,1746968407.4856093,125.362,1.35152,1.38953,-0.0568139,0.0521622,6260.35,3,13.79,237.149,262.113,49.8675,1,2,1.0,0.0,0.0,3,0.0,0,True,1746968379.0950785,right,False
711,1746968407.5045261,125.499,1.35274,1.37709,-0.0587247,0.051613,6268.15,3,13.81,237.845,262.81,49.8672,1,2,1.0,0.0,0.0,3,0.0,0,True,1746968379.0950785,right,False
712,1746968407.524605,125.637,1.35363,1.36002,-0.060612,0.0510648,6271.78,3,13.83,238.542,263.507,49.8669,1,2,1.0,0.0,0.0,3,0.0,0,True,1746968379.0950785,right,False
713,1746968407.545372,125.774,1.35534,1.34206,-0.062476,0.0505179,6279.68,3,13.85,239.24,264.205,49.8666,1,2,1.0,0.0,0.0,3,0.0,0,True,1746968379.0950785,right,False
714,1746968407.5652506,125.91,1.35708,1.3226,-0.0643166,0.0499709,6287.76,3,13.87,239.939,264.903,49.8663,1,2,1.0,0.0,0.0,3,0.0,0,True,1746968379.0950785,right,False
715,1746968407.5854666,126.047,1.35825,1.30053,-0.0661336,0.04942,6293.64,3,13.89,240.638,265.603,49.866,1,2,1.0,0.0,0.0,3,0.0,0,True,1746968379.0950785,right,False
716,1746968407.6074443,126.184,1.35908,1.28288,-0.067927,0.0488727,6298.42,3,13.91,241.338,266.303,49.8657,1,2,1.0,0.0,0.0,3,0.0,0,True,1746968379.0950785,right,False
717,1746968407.6265707,126.319,1.36127,1.26383,-0.0696967,0.0483285,6307.13,3,13.93,242.039,267.004,49.8654,1,2,1.0,0.0,0.0,3,0.0,0,True,1746968379.0950785,right,False
718,1746968407.6435046,126.455,1.36279,1.24738,-0.0714431,0.0477855,6314.5,3,13.95,242.741,267.706,49.8651,1,2,1.0,0.0,0.0,3,0.0,0,True,1746968379.0950785,right,False
719,1746968407.6649024,126.591,1.36324,1.23693,-0.0731659,0.0472383,6319.63,3,13.97,243.443,268.408,49.8648,1,2,1.0,0.0,0.0,3,0.0,0,True,1746968379.0950785,right,False
720,1746968407.684101,126.729,1.36404,1.21886,-0.0748652,0.0466939,6324.01,3,13.99,244.147,269.112,49.8645,1,2,1.0,0.0,0.0,3,0.0,0,True,1746968379.0950785,right,False
721,1746968407.7037706,126.866,1.36493,1.20449,-0.0765409,0.0461501,6328.31,3,14.01,244.851,269.816,49.8642,1,2,1.0,0.0,0.0,3,0.0,0,True,1746968379.0950785,right,False
722,1746968407.7253664,127.001,1.3655,1.19672,-0.0781931,0.0456073,6334.67,3,14.03,245.556,270.52,49.8639,1,2,1.0,0.0,0.0,3,0.0,0,True,1746968379.0950785,right,False
723,1746968407.7434773,127.136,1.36684,1.1809,-0.0798216,0.045065,6342.49,3,14.05,246.261,271.226,49.8635,1,2,1.0,0.0,0.0,3,0.0,0,True,1746968379.0950785,right,False
724,1746968407.7657208,127.271,1.36831,1.16329,-0.0814265,0.0445233,6349.58,3,14.07,246.967,271.932,49.8632,1,2,1.0,0.0,0.0,3,0.0,0,True,1746968379.0950785,right,False
725,1746968407.785288,127.406,1.36997,1.14273,-0.0830076,0.0439833,6355.95,3,14.09,247.675,272.639,49.8629,1,2,1.0,0.0,0.0,3,0.0,0,True,1746968379.0950785,right,False
726,1746968407.8038883,127.541,1.3713,1.12381,-0.0845649,0.0434425,6362.04,3,14.11,248.382,273.347,49.8626,1,2,1.0,0.0,0.0,3,0.0,0,True,1746968379.0950785,right,False
727,1746968407.823982,127.675,1.37315,1.10564,-0.0860984,0.0429043,6371.64,3,14.13,249.091,274.056,49.8623,1,2,1.0,0.0,0.0,3,0.0,0,True,1746968379.0950785,right,False
728,1746968407.8455744,127.81,1.37478,1.09018,-0.0876078,0.0423646,6377.84,3,14.15,249.8,274.765,49.862,1,2,1.0,0.0,0.0,3,0.0,0,True,1746968379.0950785,right,False
729,1746968407.864879,127.945,1.37562,1.07446,-0.0890935,0.0418258,6381.76,3,14.17,250.511,275.475,49.8617,1,2,1.0,0.0,0.0,3,0.0,0,True,1746968379.0950785,right,False
730,1746968407.8841047,128.08,1.37705,1.05546,-0.0905552,0.0412873,6387.41,3,14.19,251.221,276.186,49.8614,1,2,1.0,0.0,0.0,3,0.0,0,True,1746968379.0950785,right,False
731,1746968407.9048464,128.213,1.37894,1.03535,-0.0919928,0.0407497,6396.21,3,14.21,251.933,276.898,49.8611,1,2,1.0,0.0,0.0,3,0.0,0,True,1746968379.0950785,right,False
732,1746968407.9241414,128.349,1.37964,1.02005,-0.0934064,0.0402108,6400.45,3,14.23,252.646,277.61,49.8608,1,2,1.0,0.0,0.0,3,0.0,0,True,1746968379.0950785,right,False
733,1746968407.944501,128.482,1.38133,0.998299,-0.0947961,0.0396723,6410.16,3,14.25,253.359,278.324,49.8605,1,2,1.0,0.0,0.0,3,0.0,0,True,1746968379.0950785,right,False
734,1746968407.964142,128.615,1.38254,0.986644,-0.0961615,0.039135,6415.53,3,14.27,254.073,279.038,49.8602,1,2,1.0,0.0,0.0,3,0.0,0,True,1746968379.0950785,right,False
735,1746968407.9853635,128.75,1.38331,0.967912,-0.0975028,0.038597,6420.89,3,14.29,254.787,279.752,49.8599,1,2,1.0,0.0,0.0,3,0.0,0,True,1746968379.0950785,right,False
736,1746968408.0057273,128.883,1.38524,0.943704,-0.0988199,0.0380597,6428.56,3,14.31,255.503,280.468,49.8596,1,2,1.0,0.0,0.0,3,0.0,0,True,1746968379.0950785,right,False
737,1746968408.025467,129.017,1.3857,0.931767,-0.100113,0.0375223,6434.41,3,14.33,256.219,281.184,49.8593,1,2,1.0,0.0,0.0,3,0.0,0,True,1746968379.0950785,right,False
738,1746968408.0456855,129.15,1.38752,0.912098,-0.101382,0.0369857,6441.25,3,14.35,256.936,281.901,49.859,1,2,1.0,0.0,0.0,3,0.0,0,True,1746968379.0950785,right,False
739,1746968408.06758,129.283,1.3886,0.890329,-0.102626,0.03645,6447.77,3,14.37,257.654,282.619,49.8587,1,2,1.0,0.0,0.1,3,0.0,0,True,1746968379.0950785,right,False
740,1746968408.0845559,129.416,1.3894,0.875732,-0.103846,0.0359134,6453.36,3,14.39,258.372,283.337,49.8584,1,2,1.0,0.0,0.1,3,0.0,0,True,1746968379.0950785,right,False
741,1746968408.1051092,129.549,1.39039,0.860569,-0.105042,0.0353768,6459.38,3,14.41,259.091,284.056,49.8581,1,2,1.0,0.0,0.1,3,0.0,0,True,1746968379.0950785,right,False
742,1746968408.1266754,129.681,1.39193,0.839005,-0.106214,0.0348394,6468.28,3,14.43,259.811,284.776,49.8577,1,2,1.0,0.0,0.1,3,0.0,0,True,1746968379.0950785,right,False
743,1746968408.1462357,129.802,1.559,0.816179,-0.107323,0.0336466,6479.81,3,14.45,260.532,285.497,49.8574,1,2,1.0,0.0,0.1,3,0.0,0,True,1746968379.0950785,right,False
744,1746968408.165906,129.918,1.56443,0.779853,-0.108299,0.0306955,6497.06,3,14.47,261.253,286.218,49.8571,1,2,1.0,0.0,0.1,3,0.0,0,True,1746968379.0950785,right,False
745,1746968408.185874,130.038,1.36973,0.723907,-0.109139,0.0261981,6514.42,3,14.49,261.975,286.94,49.8568,1,2,1.0,0.0,0.1,3,0.0,0,True,1746968379.0950785,right,False
746,1746968408.206051,130.16,1.022,0.658479,-0.10984,0.020408,6529.09,3,14.51,262.698,287.663,49.8565,1,2,1.0,0.0,0.1,3,0.0,0,True,1746968379.0950785,right,False
747,1746968408.2247157,130.28,0.559403,0.575581,-0.110392,0.0135645,6548.17,3,14.53,263.422,288.387,49.8562,1,2,1.0,0.0,0.1,3,0.0,0,True,1746968379.0950785,right,False
748,1746968408.24524,130.397,0.0189496,0.480767,-0.110784,0.00589471,6565.49,3,14.55,264.146,289.111,49.8559,1,2,1.0,0.0,0.1,3,0.0,0,True,1746968379.0950785,right,False
749,1746968408.2658212,130.508,-0.576602,0.358077,-0.111004,-0.00240476,6592.02,3,14.57,264.871,289.835,49.8556,1,2,1.0,0.0,0.1,3,0.0,0,True,1746968379.0950785,right,False
750,1746968408.2874835,130.612,-1.19931,0.225343,-0.111039,-0.0111517,6619.37,3,14.59,265.596,290.561,49.8553,1,2,1.0,0.0,0.1,3,0.0,0,True,1746968379.0950785,right,False
751,1746968408.3045368,130.709,-1.83227,0.0825369,-0.110876,-0.0202044,6651.67,3,14.61,266.322,291.287,49.855,1,2,1.0,0.0,0.1,3,0.0,0,True,1746968379.0950785,right,False
752,1746968408.3264532,130.797,-2.46542,-0.0798445,-0.110505,-0.0294408,6688.38,3,14.63,267.048,292.013,49.8547,1,2,1.0,0.0,0.1,3,0.0,0,True,1746968379.0950785,right,False
753,1746968408.343672,130.881,-3.08574,-0.254096,-0.109915,-0.0387686,6723.4,3,14.65,267.775,292.74,49.8544,1,2,1.0,0.0,0.1,3,0.0,0,True,1746968379.0950785,right,False
754,1746968408.3654642,130.96,-3.68421,-0.434015,-0.109096,-0.0481161,6755.54,3,14.67,268.503,293.468,49.8541,1,2,1.0,0.0,0.1,3,0.0,0,True,1746968379.0950785,right,False
755,1746968408.3859181,131.032,-4.26123,-0.623589,-0.108039,-0.0574502,6792.54,3,14.69,269.231,294.196,49.8538,1,2,1.0,0.0,0.1,3,0.0,0,True,1746968379.0950785,right,False
756,1746968408.404079,131.099,-4.81576,-0.82575,-0.106738,-0.0667385,6798.04,3,14.71,269.959,294.924,49.8535,1,2,1.0,0.0,0.1,3,0.0,0,True,1746968379.0950785,right,False
757,1746968408.4260375,131.163,-5.34203,-1.02556,-0.105184,-0.075989,6805.16,3,14.73,270.688,295.653,49.8532,1,2,1.0,0.0,0.1,3,0.0,0,True,1746968379.0950785,right,False
758,1746968408.4459894,131.219,-5.84946,-1.23394,-0.103369,-0.0852064,6797.39,3,14.75,271.417,296.382,49.853,1,2,1.0,0.0,0.1,3,0.0,0,True,1746968379.0950785,right,False
759,1746968408.4645643,131.272,-6.33432,-1.43556,-0.101288,-0.094406,6798.86,3,14.77,272.146,297.111,49.8527,1,2,1.0,0.0,0.0,3,0.0,0,True,1746968379.0950785,left,False
760,1746968408.486928,131.321,-6.80053,-1.6482,-0.098933,-0.103588,6785.63,3,14.79,272.876,297.841,49.8525,1,2,1.0,0.0,0.0,3,0.0,0,True,1746968379.0950785,left,False
761,1746968408.5080063,131.365,-7.25985,-1.86192,-0.0963008,-0.112769,6807.35,3,14.81,273.605,298.57,49.8522,1,2,1.0,0.0,0.0,3,0.0,0,True,1746968379.0950785,left,False
762,1746968408.5292642,131.397,-7.70454,-2.07965,-0.0933855,-0.121942,6814.17,3,14.83,274.335,299.3,49.852,1,2,1.0,0.0,0.0,3,0.0,0,True,1746968379.0950785,left,False
763,1746968408.5460265,131.456,-8.20727,-2.29297,-0.0901995,-0.130817,6794.01,3,14.85,275.065,300.03,49.8517,1,2,1.0,0.0,0.0,3,0.0,0,True,1746968379.0950785,left,False
764,1746968408.5674233,131.538,-8.62622,-2.50239,-0.0867698,-0.138843,6777.16,3,14.87,275.796,300.76,49.8514,1,2,1.0,0.0,0.0,3,0.0,0,True,1746968379.0950785,left,False
765,1746968408.5858748,131.633,-8.91617,-2.7058,-0.0830896,-0.14607,6775.81,3,14.89,276.526,301.491,49.8511,1,2,1.0,0.0,0.0,3,0.0,0,True,1746968379.0950785,left,False
766,1746968408.6067617,131.739,-9.10945,-2.91377,-0.0791539,-0.152603,6768.45,3,14.91,277.257,302.222,49.8508,1,2,1.0,0.0,0.0,3,0.0,0,True,1746968379.0950785,left,False
767,1746968408.6246052,131.848,-9.20175,-3.10693,-0.0749574,-0.158494,6762.34,3,14.93,277.988,302.953,49.8505,1,2,1.0,0.0,0.0,3,0.0,0,True,1746968379.0950785,left,False
768,1746968408.6446095,131.964,-9.21469,-3.30517,-0.0704981,-0.163803,6757.12,3,14.95,278.72,303.685,49.8502,1,2,1.0,0.0,0.0,3,0.0,0,True,1746968379.0950785,left,False
769,1746968408.6686122,132.089,-9.15235,-3.50137,-0.0657736,-0.168569,6746.6,3,14.97,279.452,304.417,49.8499,1,2,1.0,0.0,0.0,3,0.0,0,True,1746968379.0950785,left,False
770,1746968408.6843674,132.214,-9.02264,-3.68623,-0.0607834,-0.172827,6746.58,3,14.99,280.184,305.149,49.8496,1,2,1.0,0.0,0.0,3,0.0,0,True,1746968379.0950785,left,False
771,1746968408.7039511,132.34,-8.8419,-3.89059,-0.0555316,-0.17659,6757.28,3,15.01,280.916,305.881,49.8493,1,2,1.0,0.0,0.0,3,0.0,0,True,1746968379.0950785,left,False
772,1746968408.7259812,132.471,-8.60223,-4.07878,-0.0500196,-0.179872,6766.91,3,15.03,281.649,306.614,49.849,1,2,1.0,0.0,0.0,3,0.0,0,True,1746968379.0950785,left,False
773,1746968408.7463598,132.608,-8.31262,-4.27822,-0.0442507,-0.18269,6775.33,3,15.05,282.382,307.346,49.8487,1,2,1.0,0.0,0.0,3,0.0,0,True,1746968379.0950785,left,False
774,1746968408.7655172,132.753,-7.97152,-4.4608,-0.0382291,-0.185064,6777.25,3,15.07,283.115,308.079,49.8484,1,2,1.0,0.0,0.0,3,0.0,0,True,1746968379.0950785,left,False
775,1746968408.7852416,132.899,-7.5901,-4.64549,-0.0319596,-0.186995,6781.55,3,15.09,283.848,308.812,49.8481,1,2,1.0,0.0,0.0,3,0.0,0,True,1746968379.0950785,left,False
776,1746968408.8041153,133.053,-7.16875,-4.82848,-0.0254472,-0.18851,6782.62,3,15.11,284.581,309.546,49.8478,1,2,1.0,0.0,0.0,3,0.0,0,True,1746968379.0950785,left,False
777,1746968408.8243842,133.211,-6.71188,-5.0091,-0.0186981,-0.189626,6784.83,3,15.13,285.315,310.28,49.8475,1,2,1.0,0.0,0.0,3,0.0,0,True,1746968379.0950785,left,False
778,1746968408.844008,133.371,-6.22822,-5.1852,-0.0117203,-0.190361,6783.44,3,15.15,286.049,311.014,49.8472,1,2,1.0,0.0,0.0,3,0.0,0,True,1746968379.0950785,left,False
779,1746968408.8661144,133.534,-5.72163,-5.36101,-0.00452201,-0.190749,6786.64,3,15.17,286.783,311.748,49.8469,1,2,1.0,0.0,0.0,3,0.0,0,True,1746968379.0950785,left,False
780,1746968408.8873973,133.703,-5.19645,-5.52469,0.00288836,-0.190821,6776.94,3,15.19,287.518,312.483,49.8465,1,2,1.0,0.0,0.0,3,0.0,0,True,1746968379.0950785,left,False
781,1746968408.904933,133.875,-4.66031,-5.67928,0.010501,-0.190625,6767.42,3,15.21,288.253,313.218,49.8462,1,2,1.0,0.0,0.0,3,0.0,0,True,1746968379.0950785,left,False
782,1746968408.9281344,134.046,-4.12345,-5.8293,0.0183067,-0.190207,6761.72,3,15.23,288.988,313.953,49.8459,1,2,1.0,0.0,0.0,3,0.0,0,True,1746968379.0950785,left,False
783,1746968408.9455287,134.217,-3.59493,-5.97862,0.0262933,-0.189614,6757.83,3,15.25,289.724,314.689,49.8456,1,2,1.0,0.0,0.0,3,0.0,0,True,1746968379.0950785,left,False
784,1746968408.966714,134.387,-3.07798,-6.11228,0.0344499,-0.188889,6752.77,3,15.27,290.46,315.425,49.8453,1,2,1.0,0.0,0.0,3,0.0,0,True,1746968379.0950785,left,False
785,1746968408.9880984,134.558,-2.57933,-6.24062,0.042765,-0.188069,6749.32,3,15.29,291.197,316.162,49.845,1,2,1.0,0.0,-0.1,3,0.0,0,True,1746968379.0950785,left,False
786,1746968409.0062013,134.725,-2.10475,-6.35537,0.0512272,-0.187195,6750.33,3,15.31,291.934,316.899,49.8447,1,2,1.0,0.0,-0.1,3,0.0,0,True,1746968379.0950785,left,False
787,1746968409.026578,134.893,-1.65819,-6.46183,0.0598246,-0.186303,6749.96,3,15.33,292.672,317.637,49.8444,1,2,1.0,0.0,-0.1,3,0.0,0,True,1746968379.0950785,left,False
788,1746968409.0473619,135.059,-1.24203,-6.55542,0.0685462,-0.185416,6750.08,3,15.35,293.411,318.376,49.8441,1,2,1.0,0.0,-0.1,3,0.0,0,True,1746968379.0950785,left,False
789,1746968409.0650773,135.213,-1.00835,-6.63108,0.0773459,-0.183959,6755.77,3,15.37,294.15,319.115,49.8438,1,2,1.0,0.0,-0.1,3,0.0,0,True,1746968379.0950785,left,False
790,1746968409.084427,135.367,-0.668878,-6.68452,0.086145,-0.180849,6749.97,3,15.39,294.89,319.855,49.8435,1,2,1.0,0.0,-0.1,3,0.0,0,True,1746968379.0950785,left,False
791,1746968409.1038737,135.518,-0.161063,-6.70601,0.0949234,-0.176151,6745.79,3,15.41,295.631,320.596,49.8432,1,2,1.0,0.0,-0.1,3,0.0,0,True,1746968379.0950785,left,False
792,1746968409.1252406,135.663,0.486338,-6.70656,0.10366,-0.169998,6745.11,3,15.43,296.373,321.338,49.8429,1,2,1.0,0.0,-0.1,3,0.0,0,True,1746968379.0950785,left,False
793,1746968409.1474574,135.798,1.24778,-6.67599,0.112331,-0.16253,6746.02,3,15.45,297.115,322.08,49.8426,1,2,1.0,0.0,-0.1,3,0.0,0,True,1746968379.0950785,left,False
794,1746968409.1648738,135.921,2.09931,-6.62034,0.120911,-0.153892,6749.81,3,15.47,297.859,322.824,49.8423,1,2,1.0,0.0,-0.1,3,0.0,0,True,1746968379.0950785,left,False
795,1746968409.1863987,136.03,3.02061,-6.54601,0.129371,-0.144228,6755.12,3,15.49,298.604,323.569,49.842,1,2,1.0,0.0,-0.1,3,0.0,0,True,1746968379.0950785,left,False
796,1746968409.205173,136.122,3.98692,-6.44106,0.137682,-0.13366,6760.33,3,15.51,299.35,324.315,49.8417,1,2,1.0,0.0,-0.1,3,0.0,0,True,1746968379.0950785,left,False
797,1746968409.2239509,136.197,4.97854,-6.30229,0.145813,-0.121979,6763.95,3,15.53,300.098,325.063,49.8414,1,2,1.0,0.0,-0.1,3,0.0,0,True,1746968379.0950785,left,False
798,1746968409.2451334,136.251,5.98887,-6.12625,0.153656,-0.107392,6768.21,3,15.55,300.852,325.817,49.8411,1,2,1.0,0.0,0.0,3,0.0,0,True,1746968379.0950785,right,False
799,1746968409.2671306,136.285,7.00084,-5.91544,0.161129,-0.0921641,6771.75,3,15.57,301.607,326.572,49.8408,1,2,1.0,0.0,0.0,3,0.0,0,True,1746968379.0950785,right,False
800,1746968409.2866266,136.296,8.01423,-5.67304,0.168203,-0.0763808,6777.49,3,15.59,302.364,327.329,49.8404,1,2,1.0,0.0,0.0,3,0.0,0,True,1746968379.0950785,right,False
801,1746968409.3040047,136.285,9.01044,-5.3919,0.174845,-0.0601299,6783.89,3,15.61,303.123,328.088,49.8401,1,2,1.0,0.0,0.0,3,0.0,0,True,1746968379.0950785,right,False
802,1746968409.3298943,136.29,10.1228,-5.08029,0.181059,-0.0440842,6781.27,3,15.63,303.883,328.848,49.8398,1,2,1.0,0.0,0.0,3,0.0,0,True,1746968379.0950785,right,False
803,1746968409.343714,136.294,11.0469,-4.75721,0.186882,-0.0294466,6791.18,3,15.65,304.644,329.609,49.8395,1,2,1.0,0.0,0.0,3,0.0,0,True,1746968379.0950785,right,False
804,1746968409.364526,136.297,11.7036,-4.41939,0.192287,-0.0162612,6807.2,3,15.67,305.407,330.372,49.8392,1,2,1.0,0.0,0.0,3,0.0,0,True,1746968379.0950785,right,False
805,1746968409.3844664,136.301,12.1034,-4.06082,0.197253,-0.00455618,6764.75,3,15.69,306.171,331.136,49.839,1,2,1.0,0.0,0.0,3,0.0,0,True,1746968379.0950785,right,False
806,1746968409.406702,136.305,12.2672,-3.69439,0.201762,0.00562404,6809.07,3,15.71,306.936,331.901,49.8387,1,2,1.0,0.0,0.0,3,0.0,0,True,1746968379.0950785,right,False
807,1746968409.4244695,136.323,12.1919,-3.30497,0.205804,0.0142328,6770.06,3,15.73,307.702,332.666,49.8385,1,2,1.0,0.0,0.0,3,0.0,0,True,1746968379.0950785,right,False
808,1746968409.443171,136.352,11.9028,-2.90761,0.209375,0.0212586,6800.7,3,15.75,308.468,333.433,49.8382,1,2,1.0,0.0,0.0,3,0.0,0,True,1746968379.0950785,right,False
809,1746968409.4685757,136.399,11.4136,-2.501,0.212478,0.0267172,6776.13,3,15.77,309.235,334.2,49.838,1,2,1.0,0.0,0.0,3,0.0,0,True,1746968379.0950785,right,False
810,1746968409.4868355,136.458,10.7477,-2.08485,0.21512,0.0306745,6774.91,3,15.79,310.003,334.968,49.8378,1,2,1.0,0.0,0.0,3,0.0,0,True,1746968379.0950785,right,False
811,1746968409.5033176,136.531,9.94321,-1.67785,0.21732,0.0332429,6775.8,3,15.81,310.771,335.736,49.8376,1,2,1.0,0.0,0.0,3,0.0,0,True,1746968379.0950785,right,False
812,1746968409.5266554,136.618,9.0351,-1.27102,0.219092,0.0346238,6770.57,3,15.83,311.539,336.504,49.8374,1,2,1.0,0.0,0.0,3,0.0,0,True,1746968379.0950785,right,False
813,1746968409.5478919,136.718,8.07437,-0.878325,0.220471,0.0350523,6798.29,3,15.85,312.308,337.273,49.8372,1,2,1.0,0.0,0.0,3,0.0,0,True,1746968379.0950785,right,False
814,1746968409.5643513,136.824,7.10892,-0.505987,0.221482,0.0347879,6761.69,3,15.87,313.078,338.043,49.8369,1,2,1.0,0.0,0.0,3,0.0,0,True,1746968379.0950785,right,False
815,1746968409.5858605,136.936,6.1762,-0.166199,0.222168,0.0340945,6806.98,3,15.89,313.848,338.812,49.8367,1,2,1.0,0.0,0.0,3,0.0,0,True,1746968379.0950785,right,False
816,1746968409.6048687,137.052,5.30884,0.147528,0.222559,0.0332101,6797.8,3,15.91,314.618,339.583,49.8364,1,2,1.0,0.0,0.0,3,0.0,0,True,1746968379.0950785,right,False
817,1746968409.6257043,137.172,4.52971,0.411731,0.222691,0.032328,6802.93,3,15.93,315.389,340.353,49.8361,1,2,1.0,0.0,0.0,3,0.0,0,True,1746968379.0950785,right,False
818,1746968409.6459804,137.29,3.84673,0.648353,0.222593,0.0315822,6804.94,3,15.95,316.16,341.125,49.8359,1,2,1.0,0.0,0.0,3,0.0,0,True,1746968379.0950785,right,False
819,1746968409.6640964,137.407,3.26125,0.848801,0.222296,0.0310536,6807.91,3,15.97,316.932,341.897,49.8356,1,2,1.0,0.0,0.0,3,0.0,0,True,1746968379.0950785,right,False
820,1746968409.684204,137.519,2.76838,1.01058,0.22182,0.030783,6792.41,3,15.99,317.704,342.669,49.8354,1,2,1.0,0.0,0.0,3,0.0,0,True,1746968379.0950785,right,False
821,1746968409.7102196,137.636,2.3242,1.15639,0.221114,0.0307998,6801.47,3,16.012,318.555,343.519,49.835,1,2,1.0,0.0,0.0,3,0.0,0,True,1746968379.0950785,right,False
822,1746968409.7309084,137.746,1.97143,1.26276,0.220237,0.0311431,6802.86,3,16.034,319.405,344.37,49.8348,1,2,1.0,0.0,0.0,3,0.0,0,True,1746968379.0950785,right,False
823,1746968409.7538886,137.851,1.69674,1.33811,0.219206,0.0317936,6806.69,3,16.056,320.257,345.222,49.8345,1,2,1.0,0.0,0.0,3,0.0,0,True,1746968379.0950785,right,False
824,1746968409.772739,137.949,1.48757,1.38465,0.218034,0.0327271,6798.87,3,16.078,321.109,346.074,49.8343,1,2,1.0,0.0,0.0,3,0.0,0,True,1746968379.0950785,right,False
825,1746968409.7933745,138.04,1.33301,1.41487,0.216726,0.0339132,6769.96,3,16.1,321.961,346.926,49.834,1,2,1.0,0.0,0.0,3,0.0,0,True,1746968379.0950785,right,False
826,1746968409.8162668,138.127,1.22338,1.42491,0.215293,0.0353191,6799.46,3,16.122,322.814,347.779,49.8338,1,2,1.0,0.0,0.0,3,0.0,0,True,1746968379.0950785,right,False
827,1746968409.8376436,138.208,1.14799,1.43833,0.213739,0.0369148,6799.33,3,16.144,323.667,348.632,49.8335,1,2,1.0,0.0,0.0,3,0.0,0,True,1746968379.0950785,right,False
828,1746968409.8604102,138.285,1.10133,1.4454,0.212063,0.0386744,6803.5,3,16.166,324.521,349.486,49.8333,1,2,1.0,0.0,0.0,3,0.0,0,True,1746968379.0950785,right,False
829,1746968409.8819554,138.36,1.07701,1.4576,0.210272,0.0405739,6766.4,3,16.188,325.375,350.34,49.8331,1,2,1.0,0.0,0.0,3,0.0,0,True,1746968379.0950785,right,False
830,1746968409.9040353,138.427,1.06992,1.4747,0.208364,0.0425929,6803.09,3,16.21,326.229,351.194,49.8329,1,2,1.0,0.0,0.0,3,0.0,0,True,1746968379.0950785,right,False
831,1746968409.9289632,138.494,1.07678,1.50056,0.206335,0.044719,6780.74,3,16.232,327.084,352.048,49.8327,1,2,1.0,0.0,0.0,3,0.0,0,True,1746968379.0950785,right,False
832,1746968409.9510987,138.558,1.09413,1.53094,0.204191,0.0469343,6815.9,3,16.254,327.938,352.903,49.8325,1,2,1.0,0.0,0.0,3,0.0,0,True,1746968379.0950785,right,False
833,1746968409.9698653,138.619,1.11957,1.56208,0.201927,0.0492255,6772.57,3,16.276,328.793,353.758,49.8323,1,2,1.0,0.0,0.0,3,0.0,0,True,1746968379.0950785,right,False
834,1746968409.995473,138.676,1.15014,1.60913,0.199544,0.051579,6821.13,3,16.298,329.648,354.613,49.8321,1,2,1.0,0.0,0.1,3,0.0,0,True,1746968379.0950785,right,False
835,1746968410.0184605,138.729,1.18372,1.6635,0.197036,0.0539839,6761.57,3,16.32,330.504,355.469,49.8319,1,2,1.0,0.0,0.1,3,0.0,0,True,1746968379.0950785,right,False
836,1746968410.0364006,138.785,1.21972,1.7186,0.194405,0.0564304,6813.04,3,16.342,331.359,356.324,49.8317,1,2,1.0,0.0,0.1,3,0.0,0,True,1746968379.0950785,right,False
837,1746968410.0579166,138.83,1.25572,1.78541,0.19165,0.0589123,6763.21,3,16.364,332.215,357.18,49.8315,1,2,1.0,0.0,0.1,3,0.0,0,True,1746968379.0950785,right,False
838,1746968410.079425,138.858,1.48769,1.85158,0.188818,0.0604914,6812.01,3,16.386,333.071,358.035,49.8314,1,2,1.0,0.0,0.1,3,0.0,0,True,1746968379.0950785,right,False
839,1746968410.102606,138.884,1.46211,1.90013,0.186011,0.0596827,6771.54,3,16.408,333.926,358.891,49.8312,1,2,1.0,0.0,0.1,3,0.0,0,True,1746968379.0950785,right,False
840,1746968410.1240683,138.913,1.15627,1.93268,0.183225,0.0568161,6823.46,3,16.43,334.782,359.747,49.831,1,2,1.0,0.0,0.1,3,0.0,0,True,1746968379.0950785,right,False
841,1746968410.1459255,138.944,0.64354,1.9547,0.180473,0.052266,6782.39,3,16.452,335.639,360.603,49.8309,1,2,1.0,0.0,0.1,3,0.0,0,True,1746968379.0950785,right,False
842,1746968410.1689548,138.97,-0.0184859,1.94882,0.177773,0.0463703,6836.44,3,16.474,336.494,361.459,49.8307,1,2,1.0,0.0,0.1,3,0.0,0,True,1746968379.0950785,right,False
843,1746968410.1929722,138.991,-0.775384,1.92498,0.175144,0.039461,6798.27,3,16.496,337.35,362.315,49.8305,1,2,1.0,0.0,0.1,3,0.0,0,True,1746968379.0950785,right,False
844,1746968410.2113256,139.003,-1.58508,1.88743,0.172603,0.0318132,6852.04,3,16.518,338.206,363.171,49.8303,1,2,1.0,0.0,0.1,3,0.0,0,True,1746968379.0950785,right,False
845,1746968410.235537,138.998,-2.41914,1.82523,0.17017,0.0236628,6803.92,3,16.54,339.062,364.027,49.8302,1,2,1.0,0.0,0.1,3,0.0,0,True,1746968379.0950785,right,False
846,1746968410.256386,138.979,-3.25819,1.73647,0.167869,0.0151913,6855.23,3,16.562,339.918,364.883,49.8301,1,2,1.0,0.0,0.1,3,0.0,0,True,1746968379.0950785,right,False
847,1746968410.2773986,138.949,-4.08431,1.63665,0.165712,0.0065411,6796.32,3,16.584,340.774,365.739,49.83,1,2,1.0,0.0,0.1,3,0.0,0,True,1746968379.0950785,right,False
848,1746968410.3005605,138.905,-4.88822,1.52018,0.163717,-0.00219348,6809.17,3,16.606,341.63,366.595,49.8299,1,2,1.0,0.0,0.0,3,0.0,0,True,1746968379.0950785,left,False
849,1746968410.3231862,138.849,-5.66771,1.39094,0.161894,-0.0109839,6807.07,3,16.628,342.486,367.451,49.8297,1,2,1.0,0.0,0.0,3,0.0,0,True,1746968379.0950785,left,False
850,1746968410.3462143,138.785,-6.42392,1.25127,0.160256,-0.0198309,6846.64,3,16.65,343.342,368.307,49.8296,1,2,1.0,0.0,0.0,3,0.0,0,True,1746968379.0950785,left,False
851,1746968410.365505,138.714,-7.16175,1.1048,0.158818,-0.0287223,6800.3,3,16.672,344.197,369.162,49.8295,1,2,1.0,0.0,0.0,3,0.0,0,True,1746968379.0950785,left,False
852,1746968410.3893774,138.661,-7.98212,0.951546,0.157558,-0.0372492,6812.93,3,16.694,345.053,370.018,49.8294,1,2,1.0,0.0,0.0,3,0.0,0,True,1746968379.0950785,left,False
853,1746968410.4096415,138.624,-8.65921,0.809538,0.156445,-0.0446716,6788.07,3,16.716,345.908,370.873,49.8293,1,2,1.0,0.0,0.0,3,0.0,0,True,1746968379.0950785,left,False
854,1746968410.431762,138.592,-9.17735,0.667623,0.155485,-0.051198,6849.6,3,16.738,346.763,371.728,49.8291,1,2,1.0,0.0,0.0,3,0.0,0,True,1746968379.0950785,left,False
855,1746968410.4541903,138.577,-9.55818,0.535881,0.154698,-0.056986,6802.85,3,16.76,347.619,372.584,49.8289,1,2,1.0,0.0,0.0,3,0.0,0,True,1746968379.0950785,left,False
856,1746968410.4760268,138.565,-9.8369,0.400114,0.154087,-0.0621626,6848.5,3,16.782,348.474,373.439,49.8288,1,2,1.0,0.0,0.0,3,0.0,0,True,1746968379.0950785,left,False
857,1746968410.4995265,138.559,-10.0217,0.269967,0.153666,-0.0667958,6803.67,3,16.804,349.33,374.295,49.8286,1,2,1.0,0.0,0.0,3,0.0,0,True,1746968379.0950785,left,False
858,1746968410.5196602,138.557,-10.1333,0.142417,0.153432,-0.0709518,6849.17,3,16.826,350.185,375.15,49.8284,1,2,1.0,0.0,0.0,3,0.0,0,True,1746968379.0950785,left,False
859,1746968410.5423956,138.558,-10.1783,0.00963018,0.153396,-0.0746494,6805.7,3,16.848,351.041,376.006,49.8283,1,2,1.0,0.0,0.0,3,0.0,0,True,1746968379.0950785,left,False
860,1746968410.5649207,138.565,-10.1584,-0.117621,0.153552,-0.0779061,6806.41,3,16.87,351.897,376.861,49.8281,1,2,1.0,0.0,0.0,3,0.0,0,True,1746968379.0950785,left,False
861,1746968410.5858767,138.57,-10.0873,-0.254686,0.153902,-0.0807383,6852.69,3,16.892,352.752,377.717,49.8279,1,2,1.0,0.0,0.0,3,0.0,0,True,1746968379.0950785,left,False
862,1746968410.6100519,138.579,-9.95124,-0.381064,0.154445,-0.0831368,6795.5,3,16.914,353.608,378.573,49.8278,1,2,1.0,0.0,0.0,3,0.0,0,True,1746968379.0950785,left,False
863,1746968410.6315725,138.595,-9.76353,-0.514504,0.155176,-0.0850827,6809.89,3,16.936,354.463,379.428,49.8277,1,2,1.0,0.0,0.0,3,0.0,0,True,1746968379.0950785,left,False
864,1746968410.6521547,138.611,-9.52224,-0.649118,0.156095,-0.0865756,6806.93,3,16.958,355.319,380.284,49.8275,1,2,1.0,0.0,0.0,3,0.0,0,True,1746968379.0950785,left,False
865,1746968410.6743147,138.631,-9.22792,-0.773416,0.1572,-0.0876261,6850.75,3,16.98,356.175,381.139,49.8274,1,2,1.0,0.0,0.0,3,0.0,0,True,1746968379.0950785,left,False
866,1746968410.6970382,138.658,-8.88977,-0.903739,0.15848,-0.0882322,6800.96,3,17.002,357.03,381.995,49.8272,1,2,1.0,0.0,0.0,3,0.0,0,True,1746968379.0950785,left,False
867,1746968410.7201967,138.691,-8.50549,-1.03267,0.159934,-0.0883974,6839.9,3,17.024,357.886,382.851,49.8271,1,2,1.0,0.0,0.0,3,0.0,0,True,1746968379.0950785,left,False
868,1746968410.741761,138.729,-8.07826,-1.15205,0.161554,-0.0881474,6790.56,3,17.046,358.742,383.707,49.827,1,2,1.0,0.0,0.0,3,0.0,0,True,1746968379.0950785,left,False
869,1746968410.7621026,138.773,-7.61929,-1.26872,0.163328,-0.0874981,6808.14,3,17.068,359.598,384.562,49.8268,1,2,1.0,0.0,0.0,3,0.0,0,True,1746968379.0950785,left,False
870,1746968410.7857783,138.818,-7.13025,-1.37622,0.165255,-0.0864922,6801.72,3,17.09,360.453,385.418,49.8267,1,2,1.0,0.0,0.0,3,0.0,0,True,1746968379.0950785,left,False
871,1746968410.8086827,138.869,-6.62102,-1.48075,0.167318,-0.0851439,6836.99,3,17.112,361.31,386.274,49.8265,1,2,1.0,0.0,0.0,3,0.0,0,True,1746968379.0950785,left,False
872,1746968410.829354,138.925,-6.09574,-1.5793,0.169509,-0.0834707,6805.28,3,17.134,362.166,387.131,49.8263,1,2,1.0,0.0,0.0,3,0.0,0,True,1746968379.0950785,left,False
873,1746968410.8507288,138.989,-5.5614,-1.66945,0.171816,-0.0815124,6807.12,3,17.156,363.022,387.987,49.8262,1,2,1.0,0.0,0.0,3,0.0,0,True,1746968379.0950785,left,False
874,1746968410.8740373,139.044,-5.02,-1.74845,0.174227,-0.079308,6798.78,3,17.178,363.879,388.844,49.826,1,2,1.0,0.0,0.0,3,0.0,0,True,1746968379.0950785,left,False
875,1746968410.8959243,139.11,-4.48684,-1.81464,0.176729,-0.0768951,6847.35,3,17.2,364.736,389.701,49.8259,1,2,1.0,0.0,0.0,3,0.0,0,True,1746968379.0950785,left,False
876,1746968410.9158318,139.177,-3.96409,-1.87543,0.179303,-0.074301,6803.44,3,17.222,365.594,390.559,49.8257,1,2,1.0,0.0,0.0,3,0.0,0,True,1746968379.0950785,left,False
877,1746968410.9374993,139.246,-3.45616,-1.91906,0.181938,-0.0715556,6848.05,3,17.244,366.452,391.417,49.8255,1,2,1.0,0.0,0.0,3,0.0,0,True,1746968379.0950785,left,False
878,1746968410.9608734,139.313,-2.96887,-1.9553,0.184619,-0.0686905,6802.22,3,17.266,367.31,392.275,49.8254,1,2,1.0,0.0,0.0,3,0.0,0,True,1746968379.0950785,left,False
879,1746968410.9817264,139.381,-2.50637,-1.97796,0.187329,-0.0657328,6848.43,3,17.288,368.169,393.134,49.8252,1,2,1.0,0.0,0.0,3,0.0,0,True,1746968379.0950785,left,False
880,1746968411.0038474,139.447,-2.07012,-1.99181,0.190053,-0.0627111,6803.02,3,17.31,369.028,393.993,49.825,1,2,1.0,0.0,0.0,3,0.0,0,True,1746968379.0950785,left,False
881,1746968411.0258167,139.512,-1.66366,-1.98904,0.19278,-0.0596482,6850.85,3,17.332,369.888,394.853,49.8249,1,2,1.0,0.0,0.0,3,0.0,0,True,1746968379.0950785,left,False
882,1746968411.0482047,139.577,-1.28757,-1.98114,0.195487,-0.0565595,6806.3,3,17.354,370.748,395.713,49.8247,1,2,1.0,0.0,0.0,3,0.0,0,True,1746968379.0950785,left,False
883,1746968411.0701818,139.631,-0.942161,-1.96196,0.198167,-0.0534593,6844.06,3,17.376,371.609,396.574,49.8245,1,2,1.0,0.0,0.0,3,0.0,0,True,1746968379.0950785,left,False
884,1746968411.0919774,139.688,-0.627168,-1.93021,0.20081,-0.0503626,6788.67,3,17.398,372.47,397.435,49.8244,1,2,1.0,0.0,0.0,3,0.0,0,True,1746968379.0950785,left,False
885,1746968411.1140559,139.737,-0.341948,-1.88335,0.2034,-0.0472805,6853.23,3,17.42,373.331,398.296,49.8242,1,2,1.0,0.0,0.0,3,0.0,0,True,1746968379.0950785,left,False
886,1746968411.1362052,139.784,-0.0856046,-1.83444,0.205922,-0.0442192,6807.27,3,17.442,374.193,399.158,49.8241,1,2,1.0,0.0,0.0,3,0.0,0,True,1746968379.0950785,left,False
887,1746968411.1595018,139.83,0.143544,-1.77393,0.20837,-0.0411839,6808.07,3,17.464,375.056,400.021,49.824,1,2,1.0,0.0,0.0,3,0.0,0,True,1746968379.0950785,left,False
888,1746968411.1801977,139.873,0.347181,-1.69959,0.210732,-0.0381789,6790.46,3,17.486,375.919,400.884,49.8239,1,2,1.0,0.0,0.0,3,0.0,0,True,1746968379.0950785,left,False
889,1746968411.201963,139.91,0.527218,-1.63148,0.212998,-0.0352055,6843.88,3,17.508,376.783,401.748,49.8237,1,2,1.0,0.0,0.0,3,0.0,0,True,1746968379.0950785,left,False
890,1746968411.2244449,139.948,0.685538,-1.55245,0.215173,-0.0322656,6808.73,3,17.53,377.647,402.611,49.8236,1,2,1.0,0.0,0.0,3,0.0,0,True,1746968379.0950785,left,False
891,1746968411.2482874,139.985,0.824522,-1.46438,0.217244,-0.0293596,6834.99,3,17.552,378.51,403.475,49.8235,1,2,1.0,0.0,0.0,3,0.0,0,True,1746968379.0950785,left,False
892,1746968411.2682598,140.02,0.945469,-1.37254,0.219206,-0.0264843,6806.85,3,17.574,379.375,404.34,49.8234,1,2,1.0,0.0,0.0,3,0.0,0,True,1746968379.0950785,left,False
893,1746968411.291207,140.05,1.05049,-1.27534,0.221047,-0.0236385,6846.29,3,17.596,380.239,405.204,49.8232,1,2,1.0,0.0,0.0,3,0.0,0,True,1746968379.0950785,left,False
894,1746968411.312702,140.084,1.14232,-1.18458,0.22277,-0.020819,6794.17,3,17.618,381.104,406.069,49.8231,1,2,1.0,0.0,0.0,3,0.0,0,True,1746968379.0950785,left,False
895,1746968411.3344648,140.111,1.22181,-1.08468,0.224367,-0.0180245,6811.33,3,17.64,381.97,406.934,49.823,1,2,1.0,0.0,0.0,3,0.0,0,True,1746968379.0950785,left,False
896,1746968411.3579843,140.137,1.29003,-0.987236,0.225834,-0.0152504,6810.13,3,17.662,382.835,407.8,49.8229,1,2,1.0,0.0,0.0,3,0.0,0,True,1746968379.0950785,left,False
897,1746968411.3801658,140.163,1.34968,-0.887415,0.227171,-0.0124959,6852.29,3,17.684,383.701,408.666,49.8228,1,2,1.0,0.0,0.0,3,0.0,0,True,1746968379.0950785,left,False
898,1746968411.3996274,140.189,1.40163,-0.791474,0.228373,-0.00975633,6806.02,3,17.706,384.567,409.532,49.8227,1,2,1.0,0.0,0.0,3,0.0,0,True,1746968379.0950785,left,False
899,1746968411.4223866,140.215,1.44598,-0.686622,0.229429,-0.00703111,6841.32,3,17.728,385.434,410.399,49.8226,1,2,1.0,0.0,0.0,3,0.0,0,True,1746968379.0950785,left,False
900,1746968411.443404,140.234,1.48402,-0.582177,0.230345,-0.00431764,6806.42,3,17.75,386.301,411.266,49.8225,1,2,1.0,0.0,0.0,3,0.0,0,True,1746968379.0950785,left,False
901,1746968411.4717555,140.254,1.51772,-0.486667,0.23112,-0.00161478,6853.64,3,17.772,387.168,412.133,49.8223,1,2,1.0,0.0,0.0,3,0.0,0,True,1746968379.0950785,left,False
902,1746968411.4898217,140.273,1.54684,-0.38605,0.231753,0.00108019,6814.27,3,17.794,388.036,413.001,49.8223,1,2,1.0,0.0,0.0,3,0.0,0,True,1746968379.0950785,left,False
903,1746968411.5127726,140.292,1.57191,-0.286981,0.232245,0.00376529,6818.19,3,17.816,388.903,413.868,49.8222,1,2,1.0,0.0,0.0,3,0.0,0,True,1746968379.0950785,left,False
904,1746968411.5349252,140.304,1.594,-0.189643,0.232591,0.00644386,6806.41,3,17.838,389.771,414.736,49.8221,1,2,1.0,0.0,0.0,3,0.0,0,True,1746968379.0950785,left,False
905,1746968411.556469,140.32,1.61212,-0.0822248,0.232794,0.00911859,6809.85,3,17.86,390.639,415.604,49.822,1,2,1.0,0.0,0.0,3,0.0,0,True,1746968379.0950785,left,False
906,1746968411.5753362,140.328,1.62948,0.0119704,0.232851,0.0117902,6806.9,3,17.882,391.507,416.472,49.8219,1,2,1.0,0.0,0.0,3,0.0,0,True,1746968379.0950785,left,False
907,1746968411.6021404,140.339,1.64444,0.109088,0.232774,0.0144566,6819.23,3,17.904,392.374,417.339,49.8218,1,2,1.0,0.0,0.0,3,0.0,0,True,1746968379.0950785,left,False
908,1746968411.620185,140.348,1.65868,0.202672,0.232548,0.017123,6808.69,3,17.926,393.242,418.207,49.8217,1,2,1.0,0.0,0.0,3,0.0,0,True,1746968379.0950785,right,False
909,1746968411.641861,140.355,1.67049,0.301148,0.232178,0.0197885,6840.42,3,17.948,394.11,419.074,49.8216,1,2,1.0,0.0,0.0,3,0.0,0,True,1746968379.0950785,right,False
910,1746968411.6633472,140.361,1.68165,0.395006,0.231657,0.0224521,6797.99,3,17.97,394.977,419.942,49.8216,1,2,1.0,0.0,0.0,3,0.0,0,True,1746968379.0950785,right,False
911,1746968411.6864095,140.366,1.69093,0.498798,0.230988,0.0251186,6811.16,3,17.992,395.845,420.81,49.8215,1,2,1.0,0.0,0.0,3,0.0,0,True,1746968379.0950785,right,False
912,1746968411.707388,140.369,1.70067,0.58833,0.230168,0.0277849,6809.09,3,18.014,396.712,421.677,49.8214,1,2,1.0,0.0,0.0,3,0.0,0,True,1746968379.0950785,right,False
913,1746968411.7329414,140.373,1.70825,0.691806,0.229199,0.0304515,6841.18,3,18.036,397.58,422.545,49.8213,1,2,1.0,0.0,0.0,3,0.0,0,True,1746968379.0950785,right,False
914,1746968411.752762,140.377,1.71643,0.7852,0.228076,0.0331186,6798.43,3,18.058,398.448,423.413,49.8212,1,2,1.0,0.0,0.0,3,0.0,0,True,1746968379.0950785,right,False
915,1746968411.7749023,140.379,1.72347,0.881536,0.226809,0.0357858,6812.67,3,18.08,399.315,424.28,49.8211,1,2,1.0,0.0,0.0,3,0.0,0,True,1746968379.0950785,right,False
916,1746968411.7964802,140.381,1.72934,0.979412,0.225385,0.0384537,6809.37,3,18.102,400.183,425.148,49.821,1,2,1.0,0.0,0.0,3,0.0,0,True,1746968379.0950785,right,False
917,1746968411.8183336,140.383,1.7352,1.08048,0.22381,0.0411206,6842.04,3,18.124,401.051,426.015,49.8209,1,2,1.0,0.0,0.0,3,0.0,0,True,1746968379.0950785,right,False
918,1746968411.8396802,140.385,1.73962,1.17768,0.222085,0.0437855,6798.64,3,18.146,401.918,426.883,49.8209,1,2,1.0,0.0,0.0,3,0.0,0,True,1746968379.0950785,right,False
919,1746968411.861526,140.385,1.74418,1.2738,0.220209,0.0464481,6812.58,3,18.168,402.785,427.75,49.8208,1,2,1.0,0.0,0.0,3,0.0,0,True,1746968379.0950785,right,False
920,1746968411.8840015,140.384,1.74718,1.37318,0.218188,0.0491064,6809.85,3,18.19,403.652,428.617,49.8207,1,2,1.0,0.0,0.0,3,0.0,0,True,1746968379.0950785,right,False
921,1746968411.9069169,140.384,1.74995,1.47038,0.216022,0.0517613,6841.99,3,18.212,404.519,429.484,49.8206,1,2,1.0,0.0,0.0,3,0.0,0,True,1746968379.0950785,right,False
922,1746968411.929821,140.383,1.75236,1.5653,0.213702,0.0544113,6799.36,3,18.234,405.385,430.35,49.8205,1,2,1.0,0.0,0.0,3,0.0,0,True,1746968379.0950785,right,False
923,1746968411.9507902,140.382,1.7531,1.66533,0.211232,0.0570559,6812.37,3,18.256,406.251,431.216,49.8205,1,2,1.0,0.0,0.0,3,0.0,0,True,1746968379.0950785,right,False
924,1746968411.9718971,140.379,1.75355,1.76294,0.20861,0.0596976,6809.13,3,18.278,407.117,432.082,49.8204,1,2,1.0,0.0,0.0,3,0.0,0,True,1746968379.0950785,right,False
925,1746968411.9945161,140.377,1.75344,1.8638,0.205833,0.0623358,6841.82,3,18.3,407.983,432.948,49.8203,1,2,1.0,0.0,0.0,3,0.0,0,True,1746968379.0950785,right,False
926,1746968412.0158606,140.374,1.75256,1.96696,0.202905,0.0649692,6798.64,3,18.322,408.849,433.814,49.8202,1,2,1.0,0.0,0.0,3,0.0,0,True,1746968379.0950785,right,False
927,1746968412.0379965,140.371,1.75104,2.06316,0.199825,0.0675984,6811.62,3,18.344,409.715,434.68,49.8201,1,2,1.0,0.0,0.0,3,0.0,0,True,1746968379.0950785,right,False
928,1746968412.0614302,140.366,1.7505,2.15885,0.196592,0.0702252,6809.26,3,18.366,410.58,435.545,49.82,1,2,1.0,0.0,0.0,3,0.0,0,True,1746968379.0950785,right,False
929,1746968412.082415,140.362,1.7482,2.26618,0.193219,0.0728503,6840.75,3,18.388,411.445,436.409,49.8199,1,2,1.0,0.0,0.0,3,0.0,0,True,1746968379.0950785,right,False
930,1746968412.103456,140.357,1.74748,2.36884,0.189697,0.0754771,6797.56,3,18.41,412.309,437.274,49.8199,1,2,1.0,0.0,0.0,3,0.0,0,True,1746968379.0950785,right,False
931,1746968412.1294508,140.351,1.74674,2.46579,0.186023,0.0781005,6810.77,3,18.432,413.173,438.138,49.8198,1,2,1.0,0.0,0.1,3,0.0,0,True,1746968379.0950785,right,False
932,1746968412.1504877,140.344,1.74656,2.55475,0.182196,0.0807209,6808.34,3,18.454,414.037,439.001,49.8197,1,2,1.0,0.0,0.1,3,0.0,0,True,1746968379.0950785,right,False
933,1746968412.171502,140.338,1.74691,2.64536,0.178217,0.0833429,6840.23,3,18.476,414.9,439.865,49.8196,1,2,1.0,0.0,0.1,3,0.0,0,True,1746968379.0950785,right,False
934,1746968412.194052,140.331,1.7451,2.75196,0.174087,0.0859617,6797.1,3,18.498,415.763,440.728,49.8195,1,2,1.0,0.0,0.1,3,0.0,0,True,1746968379.0950785,right,False
935,1746968412.2163956,140.317,1.9422,2.84278,0.169863,0.0876178,6843.52,3,18.52,416.626,441.591,49.8194,1,2,1.0,0.0,0.1,3,0.0,0,True,1746968379.0950785,right,False
936,1746968412.2365665,140.301,1.87549,2.91358,0.165651,0.0867923,6816.31,3,18.542,417.488,442.453,49.8193,1,2,1.0,0.0,0.1,3,0.0,0,True,1746968379.0950785,right,False
937,1746968412.2611556,140.291,1.51752,2.97009,0.161446,0.0838385,6841.47,3,18.564,418.351,443.315,49.8192,1,2,1.0,0.0,0.1,3,0.0,0,True,1746968379.0950785,right,False
938,1746968412.2830684,140.278,0.946195,2.99141,0.157263,0.0791489,6799.43,3,18.586,419.212,444.177,49.8192,1,2,1.0,0.0,0.1,3,0.0,0,True,1746968379.0950785,right,False
939,1746968412.3023953,140.26,0.227405,2.9922,0.153117,0.0730883,6814.35,3,18.608,420.074,445.039,49.8191,1,2,1.0,0.0,0.1,3,0.0,0,True,1746968379.0950785,right,False
940,1746968412.3253183,140.236,-0.586365,2.97084,0.149034,0.06598,6812.24,3,18.63,420.935,445.9,49.819,1,2,1.0,0.0,0.1,3,0.0,0,True,1746968379.0950785,right,False
941,1746968412.347355,140.205,-1.45656,2.92512,0.14503,0.0580965,6845.65,3,18.652,421.797,446.761,49.8189,1,2,1.0,0.0,0.1,3,0.0,0,True,1746968379.0950785,right,False
942,1746968412.3688178,140.164,-2.3508,2.86079,0.141134,0.0496778,6804.89,3,18.674,422.657,447.622,49.8188,1,2,1.0,0.0,0.1,3,0.0,0,True,1746968379.0950785,right,False
943,1746968412.3911812,140.111,-3.25274,2.76919,0.13736,0.0409054,6812.67,3,18.696,423.518,448.483,49.8187,1,2,1.0,0.0,0.1,3,0.0,0,True,1746968379.0950785,right,False
944,1746968412.4144025,140.049,-4.14486,2.6533,0.133726,0.0319164,6804.21,3,18.718,424.379,449.343,49.8187,1,2,1.0,0.0,0.1,3,0.0,0,True,1746968379.0950785,right,False
945,1746968412.433822,139.974,-5.01507,2.53143,0.130253,0.0227964,6813.1,3,18.74,425.239,450.204,49.8186,1,2,1.0,0.0,0.1,3,0.0,0,True,1746968379.0950785,right,False
946,1746968412.4576962,139.891,-5.86194,2.39353,0.126953,0.0135913,6803.4,3,18.762,426.099,451.063,49.8185,1,2,1.0,0.0,0.1,3,0.0,0,True,1746968379.0950785,right,False
947,1746968412.4782019,139.799,-6.69193,2.24286,0.123838,0.00431374,6819.66,3,18.784,426.958,451.923,49.8184,1,2,1.0,0.0,0.1,3,0.0,0,True,1746968379.0950785,right,False
948,1746968412.4996378,139.698,-7.50326,2.09058,0.120919,-0.00503755,6845.58,3,18.806,427.817,452.782,49.8184,1,2,1.0,0.0,0.1,3,0.0,0,True,1746968379.0950785,right,False
949,1746968412.5235949,139.591,-8.29328,1.93568,0.118207,-0.014458,6803.05,3,18.828,428.676,453.641,49.8183,1,2,1.0,0.0,0.1,3,0.0,0,True,1746968379.0950785,right,False
950,1746968412.544632,139.476,-9.07438,1.76709,0.115715,-0.0239851,6814.07,3,18.85,429.535,454.5,49.8182,1,2,1.0,0.0,0.1,3,0.0,0,True,1746968379.0950785,right,False
951,1746968412.5662277,139.351,-9.84898,1.59624,0.11345,-0.0336082,6809.37,3,18.872,430.393,455.358,49.8181,1,2,1.0,0.0,0.1,3,0.0,0,True,1746968379.0950785,right,False
952,1746968412.587567,139.219,-10.6125,1.42645,0.111418,-0.0433135,6838.64,3,18.894,431.251,456.216,49.818,1,2,1.0,0.0,0.1,3,0.0,0,True,1746968379.0950785,right,False
953,1746968412.6107457,139.079,-11.3738,1.25083,0.109629,-0.0530938,6813.85,3,18.916,432.108,457.073,49.8179,1,2,1.0,0.0,0.1,3,0.0,0,True,1746968379.0950785,right,False
954,1746968412.634137,138.933,-12.1195,1.07186,0.108085,-0.0629221,6838.2,3,18.938,432.965,457.93,49.8178,1,2,1.0,0.0,0.0,3,0.0,0,True,1746968379.0950785,left,False
955,1746968412.6559887,138.779,-12.8587,0.886781,0.106797,-0.0727608,6812.07,3,18.96,433.821,458.786,49.8177,1,2,1.0,0.0,0.0,3,0.0,0,True,1746968379.0950785,left,False
956,1746968412.6796951,138.617,-13.5746,0.705276,0.10577,-0.0825966,6838.52,3,18.982,434.677,459.642,49.8176,1,2,1.0,0.0,0.0,3,0.0,0,True,1746968379.0950785,left,False
957,1746968412.697727,138.45,-14.2777,0.521489,0.105003,-0.0924151,6809.66,3,19.004,435.532,460.497,49.8176,1,2,1.0,0.0,0.0,3,0.0,0,True,1746968379.0950785,left,False
958,1746968412.719711,138.296,-15.0097,0.334354,0.104492,-0.101918,6844.52,3,19.026,436.387,461.352,49.8175,1,2,1.0,0.0,0.0,3,0.0,0,True,1746968379.0950785,left,False
959,1746968412.7442582,138.158,-15.6493,0.151593,0.104215,-0.110723,6812.86,3,19.048,437.242,462.206,49.8174,1,2,1.0,0.0,0.0,3,0.0,0,True,1746968379.0950785,left,False
960,1746968412.766326,138.03,-16.1811,-0.0285296,0.104181,-0.118914,6811.73,3,19.07,438.095,463.06,49.8173,1,2,1.0,0.0,0.0,3,0.0,0,True,1746968379.0950785,left,False
961,1746968412.7898648,137.909,-16.6152,-0.205344,0.104397,-0.126555,6811.92,3,19.092,438.949,463.914,49.8172,1,2,1.0,0.0,0.0,3,0.0,0,True,1746968379.0950785,left,False
962,1746968412.8087502,137.796,-16.9657,-0.380143,0.104869,-0.133687,6848.71,3,19.114,439.802,464.767,49.817,1,2,1.0,0.0,0.0,3,0.0,0,True,1746968379.0950785,left,False
963,1746968412.8305771,137.687,-17.2483,-0.555852,0.105599,-0.140349,6803.41,3,19.136,440.655,465.62,49.8169,1,2,1.0,0.0,0.0,3,0.0,0,True,1746968379.0950785,left,False
964,1746968412.8517873,137.588,-17.4483,-0.726905,0.106592,-0.146535,6837.13,3,19.158,441.507,466.472,49.8168,1,2,1.0,0.0,0.0,3,0.0,0,True,1746968379.0950785,left,False
965,1746968412.8746753,137.496,-17.584,-0.900551,0.107853,-0.152247,6796.19,3,19.18,442.358,467.323,49.8167,1,2,1.0,0.0,0.0,3,0.0,0,True,1746968379.0950785,left,False
966,1746968412.8976798,137.414,-17.6469,-1.07505,0.109375,-0.157469,6856.52,3,19.202,443.21,468.175,49.8166,1,2,1.0,0.0,0.0,3,0.0,0,True,1746968379.0950785,left,False
967,1746968412.9179742,137.34,-17.649,-1.2532,0.111167,-0.162222,6806.4,3,19.224,444.06,469.025,49.8165,1,2,1.0,0.0,0.0,3,0.0,0,True,1746968379.0950785,left,False
968,1746968412.9399235,137.276,-17.5781,-1.42587,0.113222,-0.166486,6839.99,3,19.246,444.911,469.875,49.8164,1,2,1.0,0.0,0.0,3,0.0,0,True,1746968379.0950785,left,False
969,1746968412.9650948,137.216,-17.4522,-1.60614,0.115546,-0.170252,6805.12,3,19.268,445.76,470.725,49.8163,1,2,1.0,0.0,0.0,3,0.0,0,True,1746968379.0950785,left,False
970,1746968412.9882026,137.172,-17.2505,-1.78288,0.118127,-0.173513,6840.35,3,19.29,446.609,471.574,49.8162,1,2,1.0,0.0,0.0,3,0.0,0,True,1746968379.0950785,left,False
971,1746968413.0088723,137.135,-16.9788,-1.95265,0.120972,-0.176255,6800.66,3,19.312,447.458,472.423,49.8161,1,2,1.0,0.0,0.0,3,0.0,0,True,1746968379.0950785,left,False
972,1746968413.0285633,137.11,-16.648,-2.12562,0.124076,-0.178491,6839.48,3,19.334,448.306,473.271,49.8159,1,2,1.0,0.0,0.0,3,0.0,0,True,1746968379.0950785,left,False
973,1746968413.0511122,137.097,-16.2535,-2.30085,0.127443,-0.180228,6797.29,3,19.356,449.154,474.119,49.8158,1,2,1.0,0.0,0.0,3,0.0,0,True,1746968379.0950785,left,False
974,1746968413.0729303,137.097,-15.7994,-2.47794,0.131069,-0.181465,6815.82,3,19.378,450.001,474.966,49.8157,1,2,1.0,0.0,0.0,3,0.0,0,True,1746968379.0950785,left,False
975,1746968413.0952733,137.107,-15.2829,-2.64049,0.134941,-0.18223,6803.83,3,19.4,450.848,475.813,49.8156,1,2,1.0,0.0,0.0,3,0.0,0,True,1746968379.0950785,left,False
976,1746968413.1165392,137.129,-14.7168,-2.80681,0.139062,-0.182529,6816.49,3,19.422,451.694,476.659,49.8155,1,2,1.0,0.0,0.0,3,0.0,0,True,1746968379.0950785,left,False
977,1746968413.140898,137.161,-14.1024,-2.97184,0.143435,-0.182397,6797.71,3,19.444,452.54,477.505,49.8154,1,2,1.0,0.0,0.0,3,0.0,0,True,1746968379.0950785,left,False
978,1746968413.1598213,137.203,-13.4499,-3.13853,0.148043,-0.181843,6846.55,3,19.466,453.386,478.351,49.8152,1,2,1.0,0.0,0.0,3,0.0,0,True,1746968379.0950785,left,False
979,1746968413.1836789,137.256,-12.7499,-3.29397,0.152889,-0.180894,6795.96,3,19.488,454.232,479.197,49.8151,1,2,1.0,0.0,0.0,3,0.0,0,True,1746968379.0950785,left,False
980,1746968413.2064774,137.315,-12.028,-3.4563,0.157957,-0.179559,6836.47,3,19.51,455.078,480.042,49.8149,1,2,1.0,0.0,0.0,3,0.0,0,True,1746968379.0950785,left,False
981,1746968413.2288144,137.386,-11.2679,-3.60275,0.163249,-0.177858,6804.05,3,19.532,455.923,480.888,49.8148,1,2,1.0,0.0,0.0,3,0.0,0,True,1746968379.0950785,left,False
982,1746968413.248158,137.468,-10.4888,-3.74469,0.168748,-0.175824,6848.79,3,19.554,456.768,481.733,49.8146,1,2,1.0,0.0,0.0,3,0.0,0,True,1746968379.0950785,left,False
983,1746968413.2726662,137.555,-9.69407,-3.88675,0.174445,-0.173122,6799.63,3,19.576,457.615,482.58,49.8144,1,2,1.0,0.0,0.0,3,0.0,0,True,1746968379.0950785,left,False
984,1746968413.2928221,137.647,-8.88694,-4.01835,0.1803,-0.169923,6834.6,3,19.598,458.462,483.427,49.8143,1,2,1.0,0.0,0.0,3,0.0,0,True,1746968379.0950785,left,False
985,1746968413.3159332,137.739,-8.07896,-4.13357,0.1863,-0.166489,6782.79,3,19.62,459.31,484.274,49.8141,1,2,1.0,0.0,0.0,3,0.0,0,True,1746968379.0950785,left,False
986,1746968413.3386238,137.834,-7.27514,-4.23206,0.192433,-0.162838,6819.88,3,19.642,460.157,485.122,49.8139,1,2,1.0,0.0,0.0,3,0.0,0,True,1746968379.0950785,left,False
987,1746968413.3586912,137.926,-6.4887,-4.32629,0.198685,-0.159029,6769.58,3,19.664,461.006,485.971,49.8138,1,2,1.0,0.0,0.0,3,0.0,0,True,1746968379.0950785,left,False
988,1746968413.3814738,138.019,-5.72409,-4.39876,0.20504,-0.15508,6809.02,3,19.686,461.855,486.819,49.8136,1,2,1.0,0.0,0.0,3,0.0,0,True,1746968379.0950785,left,False
989,1746968413.4040403,138.11,-4.99044,-4.4654,0.211475,-0.15101,6760.74,3,19.708,462.704,487.669,49.8134,1,2,1.0,0.0,0.0,3,0.0,0,True,1746968379.0950785,left,False
990,1746968413.4248776,138.21,-4.29238,-4.51756,0.217976,-0.14686,6812.96,3,19.73,463.554,488.519,49.8132,1,2,1.0,0.0,0.0,3,0.0,0,True,1746968379.0950785,left,False
991,1746968413.4479775,138.301,-3.63302,-4.55608,0.224519,-0.142653,6805.41,3,19.752,464.405,489.37,49.813,1,2,1.0,0.0,0.0,3,0.0,0,True,1746968379.0950785,left,False
992,1746968413.471854,138.401,-3.01708,-4.57867,0.231087,-0.138419,6809.34,3,19.774,465.257,490.222,49.8129,1,2,1.0,0.0,0.0,3,0.0,0,True,1746968379.0950785,left,False
993,1746968413.4925535,138.494,-2.44854,-4.58107,0.237663,-0.134183,6776.29,3,19.796,466.109,491.074,49.8127,1,2,1.0,0.0,0.0,3,0.0,0,True,1746968379.0950785,left,False
994,1746968413.5116317,138.584,-1.92729,-4.57282,0.244228,-0.129964,6808.22,3,19.818,466.962,491.927,49.8125,1,2,1.0,0.0,0.0,3,0.0,0,True,1746968379.0950785,left,False
995,1746968413.5345495,138.666,-1.45488,-4.55182,0.250763,-0.125784,6762.87,3,19.84,467.817,492.781,49.8123,1,2,1.0,0.0,0.0,3,0.0,0,True,1746968379.0950785,left,False
996,1746968413.5574045,138.746,-1.02975,-4.51558,0.257244,-0.121655,6810.09,3,19.862,468.672,493.637,49.8122,1,2,1.0,0.0,0.0,3,0.0,0,True,1746968379.0950785,left,False
997,1746968413.5790055,138.824,-0.650997,-4.46575,0.263661,-0.11759,6766.23,3,19.884,469.528,494.493,49.812,1,2,1.0,0.0,0.0,3,0.0,0,True,1746968379.0950785,left,False
998,1746968413.6017766,138.9,-0.316188,-4.40023,0.270001,-0.113597,6814.5,3,19.906,470.385,495.35,49.8118,1,2,1.0,0.0,0.0,3,0.0,0,True,1746968379.0950785,left,False
999,1746968413.6221435,138.976,-0.0226921,-4.32306,0.276249,-0.109678,6771.08,3,19.928,471.243,496.208,49.8117,1,2,1.0,0.0,0.0,3,0.0,0,True,1746968379.0950785,left,False
1000,1746968413.6455417,139.05,0.232575,-4.22939,0.282375,-0.105832,6819.47,3,19.95,472.102,497.067,49.8115,1,2,1.0,0.0,0.0,3,0.0,0,True,1746968379.0950785,left,False
1001,1746968413.669046,139.124,0.453031,-4.13277,0.288407,-0.102064,6776.39,3,19.972,472.962,497.927,49.8113,1,2,1.0,0.0,0.0,3,0.0,0,True,1746968379.0950785,left,False
1002,1746968413.690069,139.196,0.642508,-4.03594,0.294319,-0.098366,6826.07,3,19.994,473.822,498.787,49.8111,1,2,1.0,0.0,0.0,3,0.0,0,True,1746968379.0950785,left,False
1003,1746968413.7104974,139.267,0.804338,-3.92701,0.300087,-0.0947335,6783.67,3,20.016,474.684,499.649,49.811,1,2,1.0,0.0,0.0,3,0.0,0,True,1746968379.0950785,left,False
1004,1746968413.7344084,139.339,0.941058,-3.80713,0.30571,-0.0911618,6832.02,3,20.038,475.547,500.512,49.8108,1,2,1.0,0.0,0.0,3,0.0,0,True,1746968379.0950785,left,False
1005,1746968413.7559946,139.408,1.05695,-3.6887,0.311181,-0.0876438,6789.34,3,20.06,476.411,501.376,49.8107,1,2,1.0,0.0,0.0,3,0.0,0,True,1746968379.0950785,left,False
1006,1746968413.7765112,139.478,1.15443,-3.56181,0.316499,-0.0841734,6837.64,3,20.082,477.276,502.241,49.8105,1,2,1.0,0.0,0.0,3,0.0,0,True,1746968379.0950785,left,False
1007,1746968413.8001735,139.547,1.2364,-3.4406,0.321657,-0.0807445,6795.47,3,20.104,478.142,503.107,49.8103,1,2,1.0,0.0,0.0,3,0.0,0,True,1746968379.0950785,left,False
1008,1746968413.8235717,139.615,1.30537,-3.3128,0.326656,-0.077351,6843.48,3,20.126,479.009,503.973,49.8101,1,2,1.0,0.0,0.0,3,0.0,0,True,1746968379.0950785,left,False
1009,1746968413.8442514,139.681,1.36327,-3.18882,0.331491,-0.0739872,6802.02,3,20.148,479.876,504.841,49.81,1,2,1.0,0.0,0.0,3,0.0,0,True,1746968379.0950785,left,False
1010,1746968413.8661823,139.748,1.41189,-3.06377,0.336161,-0.070649,6850.34,3,20.17,480.745,505.71,49.8098,1,2,1.0,0.0,0.0,3,0.0,0,True,1746968379.0950785,left,False
1011,1746968413.8887117,139.81,1.45279,-2.93865,0.340665,-0.0673314,6843.09,3,20.192,481.614,506.579,49.8097,1,2,1.0,0.0,0.0,3,0.0,0,True,1746968379.0950785,left,False
1012,1746968413.9095294,139.865,1.48724,-2.81835,0.344998,-0.0640317,6793.92,3,20.214,482.484,507.449,49.8095,1,2,1.0,0.0,0.0,3,0.0,0,True,1746968379.0950785,right,False
1013,1746968413.931564,139.917,1.51562,-2.69049,0.34916,-0.0607466,6831.57,3,20.236,483.355,508.32,49.8094,1,2,1.0,0.0,0.0,3,0.0,0,True,1746968379.0950785,right,False
1014,1746968413.9514093,139.963,1.53988,-2.57236,0.353146,-0.0574725,6798.11,3,20.258,484.227,509.192,49.8093,1,2,1.0,0.0,0.0,3,0.0,0,True,1746968379.0950785,right,False
1015,1746968413.9734566,140.006,1.56082,-2.45586,0.356957,-0.0542043,6852.36,3,20.28,485.099,510.064,49.8091,1,2,1.0,0.0,0.0,3,0.0,0,True,1746968379.0950785,right,False
1016,1746968413.9983673,140.049,1.57899,-2.33562,0.360592,-0.0509437,6794.21,3,20.302,485.972,510.937,49.809,1,2,1.0,0.0,0.0,3,0.0,0,True,1746968379.0950785,right,False
1017,1746968414.0178993,140.084,1.59377,-2.2139,0.364048,-0.0476884,6809.72,3,20.324,486.845,511.81,49.8089,1,2,1.0,0.0,0.0,3,0.0,0,True,1746968379.0950785,right,False
1018,1746968414.041432,140.117,1.6061,-2.091,0.367323,-0.0444382,6808.11,3,20.346,487.719,512.684,49.8088,1,2,1.0,0.0,0.0,3,0.0,0,True,1746968379.0950785,right,False
1019,1746968414.0610955,140.148,1.61674,-1.97747,0.370418,-0.0411939,6850.97,3,20.368,488.594,513.559,49.8086,1,2,1.0,0.0,0.0,3,0.0,0,True,1746968379.0950785,right,False
1020,1746968414.0853212,140.18,1.62647,-1.86208,0.37333,-0.0379496,6804.54,3,20.39,489.469,514.434,49.8086,1,2,1.0,0.0,0.0,3,0.0,0,True,1746968379.0950785,right,False
1021,1746968414.1065276,140.212,1.63448,-1.74044,0.376061,-0.0347032,6840.14,3,20.412,490.345,515.31,49.8084,1,2,1.0,0.0,0.0,3,0.0,0,True,1746968379.0950785,right,False
1022,1746968414.1293607,140.238,1.64259,-1.63403,0.378608,-0.0314587,6803.99,3,20.434,491.221,516.186,49.8083,1,2,1.0,0.0,0.0,3,0.0,0,True,1746968379.0950785,right,False
1023,1746968414.1514354,140.267,1.64935,-1.5121,0.380972,-0.0282097,6842.22,3,20.456,492.098,517.062,49.8082,1,2,1.0,0.0,0.0,3,0.0,0,True,1746968379.0950785,right,False
1024,1746968414.1748755,140.29,1.65391,-1.38448,0.383151,-0.0249597,6808.62,3,20.478,492.975,517.939,49.8081,1,2,1.0,0.0,0.0,3,0.0,0,True,1746968379.0950785,right,False
1025,1746968414.19526,140.313,1.65805,-1.257,0.385144,-0.0217116,6811.59,3,20.5,493.852,518.817,49.808,1,2,1.0,0.0,0.0,3,0.0,0,True,1746968379.0950785,right,False
1026,1746968414.2161665,140.333,1.66178,-1.13721,0.386952,-0.0184655,6802.53,3,20.522,494.73,519.695,49.8079,1,2,1.0,0.0,0.0,3,0.0,0,True,1746968379.0950785,right,False
1027,1746968414.2380383,140.349,1.66424,-1.00671,0.38857,-0.0152184,6810.07,3,20.544,495.608,520.573,49.8079,1,2,1.0,0.0,0.0,3,0.0,0,True,1746968379.0950785,right,False
1028,1746968414.2606108,140.361,1.66769,-0.889513,0.390001,-0.0119697,6807.6,3,20.566,496.487,521.451,49.8078,1,2,1.0,0.0,0.0,3,0.0,0,True,1746968379.0950785,right,False
1029,1746968414.2828877,140.373,1.67201,-0.775769,0.39128,-0.00871974,6840.48,3,20.588,497.365,522.33,49.8077,1,2,1.0,0.0,0.0,3,0.0,0,True,1746968379.0950785,right,False
1030,1746968414.304824,140.384,1.67656,-0.663024,0.392389,-0.00546777,6798.33,3,20.61,498.243,523.208,49.8076,1,2,1.0,0.0,0.0,3,0.0,0,True,1746968379.0950785,right,False
1031,1746968414.3272624,140.395,1.68011,-0.546986,0.393312,-0.00221151,6811.84,3,20.632,499.121,524.086,49.8075,1,2,1.0,0.0,0.0,3,0.0,0,True,1746968379.0950785,right,False
1032,1746968414.3476236,140.404,1.68403,-0.425746,0.394042,0.0010522,6809.72,3,20.654,499.999,524.964,49.8074,1,2,1.0,0.0,0.0,3,0.0,0,True,1746968379.0950785,right,False
1033,1746968414.370601,140.413,1.68779,-0.309302,0.394584,0.00431532,6841.98,3,20.676,500.878,525.843,49.8073,1,2,1.0,0.0,0.0,3,0.0,0,True,1746968379.0950785,right,False
1034,1746968414.3921793,140.422,1.6908,-0.185805,0.394936,0.0075829,6799.53,3,20.698,501.757,526.722,49.8073,1,2,1.0,0.0,0.0,3,0.0,0,True,1746968379.0950785,right,False
1035,1746968414.4184346,140.429,1.69396,-0.0652595,0.395098,0.0108522,6813.43,3,20.72,502.636,527.601,49.8072,1,2,1.0,0.0,0.0,3,0.0,0,True,1746968379.0950785,right,False
1036,1746968414.437846,140.436,1.69615,0.0635755,0.395067,0.0141245,6811.14,3,20.742,503.515,528.48,49.8071,1,2,1.0,0.0,0.0,3,0.0,0,True,1746968379.0950785,right,False
1037,1746968414.4588504,140.442,1.69859,0.19018,0.394846,0.0173995,6843.25,3,20.764,504.395,529.359,49.807,1,2,1.0,0.0,0.1,3,0.0,0,True,1746968379.0950785,right,False
1038,1746968414.4817314,140.449,1.70107,0.323277,0.394433,0.0206822,6800.33,3,20.786,505.274,530.239,49.8069,1,2,1.0,0.0,0.1,3,0.0,0,True,1746968379.0950785,right,False
1039,1746968414.5035374,140.454,1.70382,0.451984,0.393828,0.0239655,6813.95,3,20.808,506.153,531.118,49.8068,1,2,1.0,0.0,0.1,3,0.0,0,True,1746968379.0950785,right,False
1040,1746968414.5244777,140.457,1.70639,0.585066,0.393031,0.0272541,6811.58,3,20.83,507.033,531.998,49.8068,1,2,1.0,0.0,0.1,3,0.0,0,True,1746968379.0950785,right,False
1041,1746968414.5487797,140.45,1.91627,0.700734,0.392133,0.0295582,6841.34,3,20.852,507.912,532.877,49.8067,1,2,1.0,0.0,0.1,3,0.0,0,True,1746968379.0950785,right,False
1042,1746968414.5685976,140.442,1.85208,0.793699,0.391206,0.0293212,6800.24,3,20.874,508.791,533.756,49.8066,1,2,1.0,0.0,0.1,3,0.0,0,True,1746968379.0950785,right,False
1043,1746968414.5892694,140.436,1.49055,0.85783,0.390253,0.0269123,6816.35,3,20.896,509.67,534.634,49.8065,1,2,1.0,0.0,0.1,3,0.0,0,True,1746968379.0950785,right,False
1044,1746968414.6123292,140.432,0.912745,0.904754,0.389289,0.0227345,6814.9,3,20.918,510.548,535.513,49.8064,1,2,1.0,0.0,0.1,3,0.0,0,True,1746968379.0950785,right,False
1045,1746968414.6338747,140.425,0.182692,0.92113,0.388331,0.0171577,6848.92,3,20.94,511.427,536.392,49.8063,1,2,1.0,0.0,0.1,3,0.0,0,True,1746968379.0950785,right,False
1046,1746968414.6557498,140.409,-0.643979,0.920095,0.3874,0.0105178,6819.55,3,20.962,512.305,537.27,49.8063,1,2,1.0,0.0,0.1,3,0.0,0,True,1746968379.0950785,right,False
1047,1746968414.67965,140.384,-1.52732,0.887976,0.386517,0.00311744,6849.13,3,20.984,513.184,538.149,49.8062,1,2,1.0,0.0,0.1,3,0.0,0,True,1746968379.0950785,right,False
1048,1746968414.701706,140.348,-2.43143,0.834547,0.385713,-0.00479716,6822.09,3,21.006,514.062,539.027,49.8061,1,2,1.0,0.0,0.1,3,0.0,0,True,1746968379.0950785,right,False
1049,1746968414.72257,140.3,-3.33785,0.758102,0.385005,-0.013046,6807.59,3,21.028,514.94,539.905,49.8061,1,2,1.0,0.0,0.1,3,0.0,0,True,1746968379.0950785,right,False
1050,1746968414.7439566,140.242,-4.22553,0.667107,0.384401,-0.0214703,6800.54,3,21.05,515.818,540.782,49.806,1,2,1.0,0.0,0.1,3,0.0,0,True,1746968379.0950785,right,False
1051,1746968414.7670069,140.173,-5.08719,0.56395,0.383926,-0.0299987,6816.15,3,21.072,516.695,541.66,49.8059,1,2,1.0,0.0,0.1,3,0.0,0,True,1746968379.0950785,right,False
1052,1746968414.7898662,140.097,-5.93074,0.443295,0.383592,-0.0386091,6810.21,3,21.094,517.572,542.537,49.8058,1,2,1.0,0.0,0.1,3,0.0,0,True,1746968379.0950785,right,False
1053,1746968414.809358,140.009,-6.7509,0.312692,0.383414,-0.0472652,6805.37,3,21.116,518.449,543.414,49.8058,1,2,1.0,0.0,0.1,3,0.0,0,True,1746968379.0950785,right,False
1054,1746968414.8347332,139.915,-7.54199,0.177368,0.383405,-0.0559723,6814.48,3,21.138,519.326,544.29,49.8057,1,2,1.0,0.0,0.1,3,0.0,0,True,1746968379.0950785,right,False
1055,1746968414.856275,139.815,-8.31602,0.0414787,0.383572,-0.0647726,6848.36,3,21.16,520.202,545.167,49.8056,1,2,1.0,0.0,0.1,3,0.0,0,True,1746968379.0950785,right,False
1056,1746968414.8766656,139.708,-9.08862,-0.108447,0.383924,-0.073674,6806.69,3,21.182,521.078,546.043,49.8055,1,2,1.0,0.0,0.1,3,0.0,0,True,1746968379.0950785,right,False
1057,1746968414.89764,139.593,-9.84622,-0.25518,0.384476,-0.082698,6817.31,3,21.204,521.953,546.918,49.8054,1,2,1.0,0.0,0.1,3,0.0,0,True,1746968379.0950785,right,False
1058,1746968414.9220138,139.468,-10.6002,-0.400832,0.385239,-0.0918341,6810.51,3,21.226,522.828,547.793,49.8054,1,2,1.0,0.0,0.1,3,0.0,0,True,1746968379.0950785,right,False
1059,1746968414.9423766,139.335,-11.3467,-0.548676,0.386203,-0.10107,6839.96,3,21.248,523.703,548.668,49.8053,1,2,1.0,0.0,0.1,3,0.0,0,True,1746968379.0950785,right,False
1060,1746968414.9653585,139.194,-12.0954,-0.709181,0.387389,-0.110395,6840.81,3,21.27,524.577,549.542,49.8052,1,2,1.0,0.0,0.0,3,0.0,0,True,1746968379.0950785,left,False
1061,1746968414.986816,139.046,-12.8237,-0.867381,0.388808,-0.119746,6817.87,3,21.292,525.451,550.416,49.8051,1,2,1.0,0.0,0.0,3,0.0,0,True,1746968379.0950785,left,False
1062,1746968415.0100403,138.889,-13.5467,-1.02583,0.390464,-0.12912,6797.5,3,21.314,526.324,551.289,49.805,1,2,1.0,0.0,0.0,3,0.0,0,True,1746968379.0950785,left,False
1063,1746968415.031067,138.726,-14.2572,-1.19592,0.392347,-0.138439,6800.06,3,21.336,527.196,552.161,49.8049,1,2,1.0,0.0,0.0,3,0.0,0,True,1746968379.0950785,left,False
1064,1746968415.0514872,138.578,-15.0027,-1.36944,0.39445,-0.14747,6818.01,3,21.358,528.069,553.033,49.8048,1,2,1.0,0.0,0.0,3,0.0,0,True,1746968379.0950785,left,False
1065,1746968415.0739443,138.443,-15.6518,-1.53323,0.396753,-0.155785,6807.67,3,21.38,528.94,553.905,49.8047,1,2,1.0,0.0,0.0,3,0.0,0,True,1746968379.0950785,left,False
1066,1746968415.0957248,138.318,-16.1887,-1.69535,0.399269,-0.163465,6811.89,3,21.402,529.811,554.776,49.8046,1,2,1.0,0.0,0.0,3,0.0,0,True,1746968379.0950785,left,False
1067,1746968415.119669,138.199,-16.6266,-1.8563,0.401996,-0.170561,6798.3,3,21.424,530.682,555.647,49.8046,1,2,1.0,0.0,0.0,3,0.0,0,True,1746968379.0950785,left,False
1068,1746968415.1408203,138.09,-16.9758,-2.01112,0.404961,-0.177137,6819.38,3,21.446,531.553,556.517,49.8044,1,2,1.0,0.0,0.0,3,0.0,0,True,1746968379.0950785,left,False
1069,1746968415.162523,137.985,-17.2457,-2.16673,0.408151,-0.183214,6801.16,3,21.468,532.422,557.387,49.8043,1,2,1.0,0.0,0.0,3,0.0,0,True,1746968379.0950785,left,False
1070,1746968415.1840873,137.89,-17.4337,-2.31678,0.411571,-0.188774,6836.92,3,21.49,533.292,558.257,49.8042,1,2,1.0,0.0,0.0,3,0.0,0,True,1746968379.0950785,left,False
1071,1746968415.2052279,137.804,-17.5569,-2.47633,0.415229,-0.193866,6805.52,3,21.512,534.161,559.125,49.8041,1,2,1.0,0.0,0.0,3,0.0,0,True,1746968379.0950785,left,False
1072,1746968415.2314417,137.724,-17.614,-2.6294,0.41912,-0.198496,6836.51,3,21.534,535.029,559.994,49.804,1,2,1.0,0.0,0.0,3,0.0,0,True,1746968379.0950785,left,False
1073,1746968415.2515392,137.656,-17.604,-2.78342,0.423246,-0.202623,6801.03,3,21.556,535.897,560.862,49.8039,1,2,1.0,0.0,0.0,3,0.0,0,True,1746968379.0950785,left,False
1074,1746968415.2735076,137.596,-17.5184,-2.94475,0.427606,-0.206259,6836.55,3,21.578,536.765,561.729,49.8038,1,2,1.0,0.0,0.0,3,0.0,0,True,1746968379.0950785,left,False
1075,1746968415.2962952,137.547,-17.3737,-3.09785,0.432202,-0.209411,6801.38,3,21.6,537.632,562.596,49.8037,1,2,1.0,0.0,0.0,3,0.0,0,True,1746968379.0950785,left,False
1076,1746968415.315684,137.506,-17.1584,-3.25317,0.437029,-0.212049,6840.12,3,21.622,538.498,563.463,49.8036,1,2,1.0,0.0,0.0,3,0.0,0,True,1746968379.0950785,left,False
1077,1746968415.3403056,137.475,-16.8755,-3.40924,0.442089,-0.214142,6806.33,3,21.644,539.364,564.329,49.8035,1,2,1.0,0.0,0.0,3,0.0,0,True,1746968379.0950785,left,False
1078,1746968415.360916,137.457,-16.5228,-3.56102,0.447385,-0.215724,6849.14,3,21.666,540.23,565.194,49.8034,1,2,1.0,0.0,0.0,3,0.0,0,True,1746968379.0950785,left,False
1079,1746968415.3826883,137.45,-16.1112,-3.71118,0.452903,-0.216806,6806.44,3,21.688,541.095,566.06,49.8033,1,2,1.0,0.0,0.0,3,0.0,0,True,1746968379.0950785,left,False
1080,1746968415.4061232,137.454,-15.6367,-3.8636,0.458646,-0.217378,6847.41,3,21.71,541.96,566.924,49.8032,1,2,1.0,0.0,0.0,3,0.0,0,True,1746968379.0950785,left,False
1081,1746968415.4264314,137.468,-15.1091,-4.01513,0.464614,-0.21746,6801.33,3,21.732,542.824,567.789,49.8031,1,2,1.0,0.0,0.0,3,0.0,0,True,1746968379.0950785,left,False
1082,1746968415.4485335,137.497,-14.517,-4.15586,0.470796,-0.217081,6813.52,3,21.754,543.688,568.653,49.8029,1,2,1.0,0.0,0.0,3,0.0,0,True,1746968379.0950785,left,False
1083,1746968415.4703338,137.534,-13.8821,-4.29987,0.477192,-0.216251,6800.72,3,21.776,544.552,569.517,49.8028,1,2,1.0,0.0,0.0,3,0.0,0,True,1746968379.0950785,left,False
1084,1746968415.493697,137.583,-13.2063,-4.44247,0.483803,-0.214999,6851.95,3,21.798,545.416,570.381,49.8027,1,2,1.0,0.0,0.0,3,0.0,0,True,1746968379.0950785,left,False
1085,1746968415.5157201,137.639,-12.4919,-4.58215,0.490607,-0.21332,6788.01,3,21.82,546.28,571.245,49.8026,1,2,1.0,0.0,0.0,3,0.0,0,True,1746968379.0950785,left,False
1086,1746968415.5359418,137.707,-11.7348,-4.71067,0.497599,-0.211256,6850.45,3,21.842,547.143,572.108,49.8024,1,2,1.0,0.0,0.0,3,0.0,0,True,1746968379.0950785,left,False
1087,1746968415.5584793,137.779,-10.9617,-4.84136,0.504788,-0.20883,6798.36,3,21.864,548.007,572.972,49.8023,1,2,1.0,0.0,0.0,3,0.0,0,True,1746968379.0950785,left,False
1088,1746968415.5811076,137.862,-10.1713,-4.97047,0.512156,-0.206075,6808.62,3,21.886,548.871,573.836,49.8021,1,2,1.0,0.0,0.0,3,0.0,0,True,1746968379.0950785,left,False
1089,1746968415.6035182,137.946,-9.36019,-5.08347,0.51969,-0.20301,6792.97,3,21.908,549.735,574.7,49.802,1,2,1.0,0.0,0.0,3,0.0,0,True,1746968379.0950785,left,False
1090,1746968415.6237967,138.04,-8.54611,-5.19223,0.527377,-0.199678,6838.97,3,21.93,550.599,575.564,49.8018,1,2,1.0,0.0,0.0,3,0.0,0,True,1746968379.0950785,left,False
1091,1746968415.6475322,138.134,-7.74458,-5.29896,0.535198,-0.196118,6793.79,3,21.952,551.464,576.429,49.8016,1,2,1.0,0.0,0.0,3,0.0,0,True,1746968379.0950785,left,False
1092,1746968415.6679766,138.234,-6.94832,-5.39186,0.543147,-0.192359,6831.54,3,21.974,552.329,577.294,49.8014,1,2,1.0,0.0,0.0,3,0.0,0,True,1746968379.0950785,left,False
1093,1746968415.689831,138.331,-6.17334,-5.47827,0.551205,-0.188434,6783.01,3,21.996,553.195,578.16,49.8013,1,2,1.0,0.0,0.0,3,0.0,0,True,1746968379.0950785,left,False
1094,1746968415.7123249,138.428,-5.42385,-5.55015,0.559352,-0.18437,6825.66,3,22.018,554.061,579.026,49.8011,1,2,1.0,0.0,0.0,3,0.0,0,True,1746968379.0950785,left,False
1095,1746968415.73568,138.524,-4.70663,-5.61074,0.567564,-0.180211,6777.61,3,22.04,554.928,579.893,49.801,1,2,1.0,0.0,0.0,3,0.0,0,True,1746968379.0950785,left,False
1096,1746968415.7574732,138.619,-4.02738,-5.65613,0.575833,-0.175994,6820.18,3,22.062,555.796,580.761,49.8008,1,2,1.0,0.0,0.0,3,0.0,0,True,1746968379.0950785,left,False
1097,1746968415.780576,138.711,-3.39098,-5.68508,0.584132,-0.171748,6774.52,3,22.084,556.665,581.63,49.8006,1,2,1.0,0.0,0.0,3,0.0,0,True,1746968379.0950785,left,False
1098,1746968415.800445,138.802,-2.80048,-5.70432,0.59245,-0.167484,6821.82,3,22.106,557.535,582.5,49.8004,1,2,1.0,0.0,0.0,3,0.0,0,True,1746968379.0950785,left,False
1099,1746968415.8227117,138.891,-2.25678,-5.70782,0.60076,-0.163229,6775.91,3,22.128,558.405,583.37,49.8003,1,2,1.0,0.0,0.0,3,0.0,0,True,1746968379.0950785,left,False
1100,1746968415.8452945,138.978,-1.76102,-5.69503,0.609043,-0.159002,6824.11,3,22.15,559.277,584.242,49.8001,1,2,1.0,0.0,0.0,3,0.0,0,True,1746968379.0950785,left,False
1101,1746968415.8680084,139.065,-1.31129,-5.66006,0.617284,-0.154817,6779.03,3,22.172,560.15,585.115,49.7999,1,2,1.0,0.0,0.0,3,0.0,0,True,1746968379.0950785,left,False
1102,1746968415.8896618,139.149,-0.909261,-5.62265,0.625475,-0.150683,6827.44,3,22.194,561.024,585.988,49.7998,1,2,1.0,0.0,0.0,3,0.0,0,True,1746968379.0950785,left,False
1103,1746968415.910882,139.232,-0.550904,-5.572,0.633587,-0.146609,6785.29,3,22.216,561.899,586.863,49.7996,1,2,1.0,0.0,0.0,3,0.0,0,True,1746968379.0950785,left,False
1104,1746968415.9355445,139.314,-0.233771,-5.50007,0.641619,-0.142599,6833.54,3,22.238,562.775,587.739,49.7994,1,2,1.0,0.0,0.0,3,0.0,0,True,1746968379.0950785,left,False
1105,1746968415.9552782,139.394,0.0441016,-5.41891,0.64955,-0.138657,6790.49,3,22.26,563.652,588.617,49.7993,1,2,1.0,0.0,0.0,3,0.0,0,True,1746968379.0950785,left,False
1106,1746968415.975808,139.474,0.285937,-5.32758,0.657355,-0.134784,6840,3,22.282,564.53,589.495,49.7991,1,2,1.0,0.0,0.0,3,0.0,0,True,1746968379.0950785,left,False
1107,1746968415.9990969,139.552,0.495295,-5.23355,0.665057,-0.130979,6797.43,3,22.304,565.41,590.375,49.7989,1,2,1.0,0.0,0.0,3,0.0,0,True,1746968379.0950785,left,False
1108,1746968416.0233374,139.63,0.675045,-5.12212,0.672602,-0.127236,6845.35,3,22.326,566.291,591.256,49.7988,1,2,1.0,0.0,0.0,3,0.0,0,True,1746968379.0950785,left,False
1109,1746968416.0412636,139.707,0.828927,-5.00934,0.680047,-0.123554,6803.51,3,22.348,567.173,592.138,49.7986,1,2,1.0,0.0,0.0,3,0.0,0,True,1746968379.0950785,left,False
1110,1746968416.0645897,139.783,0.959629,-4.89091,0.687321,-0.119926,6852.04,3,22.37,568.056,593.021,49.7984,1,2,1.0,0.0,0.0,3,0.0,0,True,1746968379.0950785,left,False
1111,1746968416.085886,139.846,1.07005,-4.76338,0.694421,-0.116346,6804.14,3,22.392,568.941,593.906,49.7983,1,2,1.0,0.0,0.0,3,0.0,0,True,1746968379.0950785,left,False
1112,1746968416.1083229,139.906,1.16398,-4.64355,0.701418,-0.11281,6849.79,3,22.414,569.826,594.791,49.7981,1,2,1.0,0.0,0.0,3,0.0,0,True,1746968379.0950785,left,False
1113,1746968416.1311774,139.964,1.24251,-4.5112,0.708237,-0.109311,6807.41,3,22.436,570.713,595.677,49.798,1,2,1.0,0.0,0.0,3,0.0,0,True,1746968379.0950785,left,False
1114,1746968416.153981,140.017,1.30879,-4.38244,0.714873,-0.105843,6833.05,3,22.458,571.6,596.565,49.7979,1,2,1.0,0.0,0.0,3,0.0,0,True,1746968379.0950785,left,False
1115,1746968416.1734848,140.067,1.36493,-4.24761,0.721326,-0.102396,6806.05,3,22.48,572.489,597.454,49.7978,1,2,1.0,0.0,0.0,3,0.0,0,True,1746968379.0950785,left,False
1116,1746968416.1964402,140.117,1.41315,-4.11694,0.727602,-0.0989649,6834.89,3,22.502,573.379,598.344,49.7977,1,2,1.0,0.0,0.0,3,0.0,0,True,1746968379.0950785,left,False
1117,1746968416.2176123,140.16,1.45536,-3.9946,0.733762,-0.0955498,6795.34,3,22.524,574.269,599.234,49.7976,1,2,1.0,0.0,0.0,3,0.0,0,True,1746968379.0950785,left,False
1118,1746968416.2402,140.203,1.49206,-3.87555,0.739731,-0.0921432,6814.23,3,22.546,575.16,600.125,49.7974,1,2,1.0,0.0,0.0,3,0.0,0,True,1746968379.0950785,left,False
1119,1746968416.2655163,140.243,1.52374,-3.75044,0.745512,-0.0887433,6813.64,3,22.568,576.053,601.018,49.7973,1,2,1.0,0.0,0.0,3,0.0,0,True,1746968379.0950785,left,False
1120,1746968416.283993,140.281,1.55089,-3.62463,0.751103,-0.0853491,6815.9,3,22.59,576.946,601.911,49.7972,1,2,1.0,0.0,0.0,3,0.0,0,True,1746968379.0950785,left,False
1121,1746968416.3054998,140.316,1.57452,-3.49821,0.756501,-0.0819565,6800.63,3,22.612,577.84,602.805,49.7971,1,2,1.0,0.0,0.0,3,0.0,0,True,1746968379.0950785,left,False
1122,1746968416.3283203,140.345,1.59554,-3.37831,0.761708,-0.0785681,6855.18,3,22.634,578.735,603.7,49.797,1,2,1.0,0.0,0.0,3,0.0,0,True,1746968379.0950785,left,False
1123,1746968416.350977,140.377,1.61387,-3.25464,0.766722,-0.075183,6797.74,3,22.656,579.631,604.596,49.797,1,2,1.0,0.0,0.0,3,0.0,0,True,1746968379.0950785,left,False
1124,1746968416.3724003,140.401,1.63028,-3.13774,0.771595,-0.0718006,6812.33,3,22.678,580.527,605.492,49.7969,1,2,1.0,0.0,0.0,3,0.0,0,True,1746968379.0950785,left,False
1125,1746968416.3957283,140.424,1.64509,-3.02414,0.776294,-0.0684211,6810.51,3,22.7,581.424,606.388,49.7968,1,2,1.0,0.0,0.0,3,0.0,0,True,1746968379.0950785,left,False
1126,1746968416.415342,140.447,1.65763,-2.90359,0.780797,-0.0650392,6843.45,3,22.722,582.321,607.286,49.7967,1,2,1.0,0.0,0.0,3,0.0,0,True,1746968379.0950785,left,False
1127,1746968416.4401233,140.469,1.66897,-2.78273,0.785103,-0.061658,6801.82,3,22.744,583.219,608.184,49.7966,1,2,1.0,0.0,0.0,3,0.0,0,True,1746968379.0950785,left,False
1128,1746968416.46125,140.491,1.67816,-2.66021,0.789212,-0.0582778,6816.14,3,22.766,584.118,609.083,49.7965,1,2,1.0,0.0,0.0,3,0.0,0,True,1746968379.0950785,left,False
1129,1746968416.481729,140.511,1.68534,-2.53568,0.793123,-0.0549002,6814.05,3,22.788,585.018,609.982,49.7964,1,2,1.0,0.0,0.0,3,0.0,0,True,1746968379.0950785,left,False
1130,1746968416.5049772,140.531,1.69112,-2.40551,0.796836,-0.0515252,6847.47,3,22.81,585.918,610.882,49.7963,1,2,1.0,0.0,0.0,3,0.0,0,True,1746968379.0950785,left,False
1131,1746968416.5256577,140.551,1.69587,-2.27901,0.80035,-0.0481503,6805.5,3,22.832,586.818,611.783,49.7963,1,2,1.0,0.0,0.0,3,0.0,0,True,1746968379.0950785,left,False
1132,1746968416.5492725,140.569,1.69956,-2.14933,0.803671,-0.0447766,6819.88,3,22.854,587.719,612.684,49.7962,1,2,1.0,0.0,0.0,3,0.0,0,True,1746968379.0950785,left,False
1133,1746968416.570639,140.583,1.70366,-2.02318,0.806864,-0.0414068,6848.5,3,22.876,588.621,613.585,49.7961,1,2,1.0,0.0,0.0,3,0.0,0,True,1746968379.0950785,left,False
1134,1746968416.5933416,140.598,1.70633,-1.898,0.809856,-0.0380368,6817.46,3,22.898,589.522,614.487,49.796,1,2,1.0,0.0,0.0,3,0.0,0,True,1746968379.0950785,left,False
1135,1746968416.6133747,140.61,1.70947,-1.78101,0.812648,-0.0346677,6849.47,3,22.92,590.424,615.389,49.796,1,2,1.0,0.0,0.0,3,0.0,0,True,1746968379.0950785,left,False
1136,1746968416.6361578,140.622,1.71067,-1.65496,0.815237,-0.031299,6820.93,3,22.942,591.327,616.292,49.7959,1,2,1.0,0.0,0.0,3,0.0,0,True,1746968379.0950785,left,False
1137,1746968416.6581166,140.631,1.71216,-1.52671,0.817627,-0.0279312,6806.36,3,22.964,592.23,617.195,49.7958,1,2,1.0,0.0,0.0,3,0.0,0,True,1746968379.0950785,left,False
1138,1746968416.6795654,140.639,1.71277,-1.403,0.819813,-0.024564,6844.92,3,22.986,593.133,618.098,49.7957,1,2,1.0,0.0,0.0,3,0.0,0,True,1746968379.0950785,left,False
1139,1746968416.7046454,140.648,1.71271,-1.26963,0.821798,-0.0211948,6819.55,3,23.008,594.037,619.002,49.7957,1,2,1.0,0.0,0.0,3,0.0,0,True,1746968379.0950785,left,False
1140,1746968416.7244148,140.653,1.71189,-1.12737,0.823579,-0.0178221,6806.94,3,23.03,594.941,619.906,49.7956,1,2,1.0,0.0,0.0,3,0.0,0,True,1746968379.0950785,left,False
1141,1746968416.7463937,140.657,1.71399,-1.00951,0.825228,-0.014449,6805.16,3,23.052,595.845,620.809,49.7956,1,2,1.0,0.0,0.0,3,0.0,0,True,1746968379.0950785,left,False
1142,1746968416.7694812,140.659,1.71602,-0.885428,0.826681,-0.0110718,6845.55,3,23.074,596.749,621.713,49.7955,1,2,1.0,0.0,0.0,3,0.0,0,True,1746968379.0950785,left,False
1143,1746968416.7900398,140.662,1.71689,-0.755832,0.827931,-0.0076946,6817.17,3,23.096,597.653,622.618,49.7954,1,2,1.0,0.0,0.0,3,0.0,0,True,1746968379.0950785,left,False
1144,1746968416.8130336,140.665,1.7183,-0.631878,0.828975,-0.00431573,6819.75,3,23.118,598.557,623.522,49.7953,1,2,1.0,0.0,0.0,3,0.0,0,True,1746968379.0950785,left,False
1145,1746968416.8342614,140.667,1.72008,-0.5036,0.829818,-0.000931382,6808.1,3,23.14,599.462,624.427,49.7953,1,2,1.0,0.0,0.0,3,0.0,0,True,1746968379.0950785,left,False
1146,1746968416.8579884,140.667,1.72115,-0.371198,0.830455,0.00245512,6805.57,3,23.162,600.367,625.332,49.7952,1,2,1.0,0.0,0.0,3,0.0,0,True,1746968379.0950785,left,False
1147,1746968416.8797498,140.666,1.7223,-0.243584,0.830887,0.00584221,6845.85,3,23.184,601.272,626.237,49.7951,1,2,1.0,0.0,0.0,3,0.0,0,True,1746968379.0950785,left,False
1148,1746968416.9006848,140.665,1.72395,-0.112669,0.831166,0.00923109,6817.14,3,23.206,602.177,627.141,49.7951,1,2,1.0,0.0,0.0,3,0.0,0,True,1746968379.0950785,right,False
1149,1746968416.921814,140.665,1.72635,0.00519675,0.831268,0.0126182,6820.52,3,23.228,603.081,628.046,49.795,1,2,1.0,0.0,0.0,3,0.0,0,True,1746968379.0950785,right,False
1150,1746968416.9431202,140.663,1.72814,0.132459,0.831167,0.0160074,6807.92,3,23.25,603.986,628.951,49.7949,1,2,1.0,0.0,0.0,3,0.0,0,True,1746968379.0950785,right,False
1151,1746968416.9660923,140.66,1.72903,0.259649,0.830859,0.0193948,6805.58,3,23.272,604.891,629.855,49.7949,1,2,1.0,0.0,0.0,3,0.0,0,True,1746968379.0950785,right,False
1152,1746968416.9880357,140.656,1.72879,0.398147,0.830347,0.0227802,6845.36,3,23.294,605.795,630.76,49.7948,1,2,1.0,0.0,0.0,3,0.0,0,True,1746968379.0950785,right,False
1153,1746968417.0114796,140.655,1.72924,0.526919,0.82963,0.0261693,6822.07,3,23.316,606.7,631.665,49.7947,1,2,1.0,0.0,0.0,3,0.0,0,True,1746968379.0950785,right,False
1154,1746968417.0326238,140.652,1.73014,0.660928,0.828706,0.0295596,6807.07,3,23.338,607.605,632.57,49.7947,1,2,1.0,0.0,0.0,3,0.0,0,True,1746968379.0950785,right,False
1155,1746968417.0548933,140.646,1.73255,0.778401,0.827631,0.0329514,6804.93,3,23.36,608.509,633.474,49.7946,1,2,1.0,0.0,0.0,3,0.0,0,True,1746968379.0950785,right,False
1156,1746968417.0756605,140.639,1.7345,0.907041,0.826377,0.0363441,6844.8,3,23.382,609.413,634.378,49.7945,1,2,1.0,0.0,0.0,3,0.0,0,True,1746968379.0950785,right,False
1157,1746968417.097545,140.636,1.73639,1.02989,0.82492,0.0397387,6819.49,3,23.404,610.317,635.282,49.7945,1,2,1.0,0.0,0.0,3,0.0,0,True,1746968379.0950785,right,False
1158,1746968417.1196058,140.631,1.7388,1.15575,0.823256,0.0431341,6805.85,3,23.426,611.221,636.186,49.7944,1,2,1.0,0.0,0.0,3,0.0,0,True,1746968379.0950785,right,False
1159,1746968417.1429372,140.625,1.73967,1.28386,0.821387,0.0465279,6816.8,3,23.448,612.125,637.089,49.7943,1,2,1.0,0.0,0.0,3,0.0,0,True,1746968379.0950785,right,False
1160,1746968417.1657226,140.621,1.74011,1.41459,0.819315,0.0499167,6806.74,3,23.47,613.028,637.993,49.7942,1,2,1.0,0.0,0.1,3,0.0,0,True,1746968379.0950785,right,False
1161,1746968417.186035,140.615,1.73882,1.54637,0.817035,0.0532993,6817.76,3,23.492,613.931,638.896,49.7942,1,2,1.0,0.0,0.1,3,0.0,0,True,1746968379.0950785,right,False
1162,1746968417.2089221,140.61,1.73897,1.66893,0.814602,0.0566753,6807.68,3,23.514,614.834,639.799,49.7941,1,2,1.0,0.0,0.1,3,0.0,0,True,1746968379.0950785,right,False
1163,1746968417.2305386,140.592,1.94245,1.78504,0.812033,0.0590699,6815.81,3,23.536,615.736,640.701,49.794,1,2,1.0,0.0,0.1,3,0.0,0,True,1746968379.0950785,right,False
1164,1746968417.2519674,140.577,1.87568,1.8845,0.809422,0.0589296,6849.59,3,23.558,616.639,641.603,49.7939,1,2,1.0,0.0,0.1,3,0.0,0,True,1746968379.0950785,right,False
1165,1746968417.273745,140.564,1.51008,1.95403,0.806773,0.0566183,6820.93,3,23.58,617.541,642.505,49.7938,1,2,1.0,0.0,0.1,3,0.0,0,True,1746968379.0950785,right,False
1166,1746968417.2979527,140.549,0.928742,2.00864,0.804112,0.0525402,6806.2,3,23.602,618.442,643.407,49.7938,1,2,1.0,0.0,0.1,3,0.0,0,True,1746968379.0950785,right,False
1167,1746968417.3179939,140.529,0.198721,2.03829,0.801449,0.0470665,6843.91,3,23.624,619.344,644.308,49.7937,1,2,1.0,0.0,0.1,3,0.0,0,True,1746968379.0950785,right,False
1168,1746968417.3408947,140.504,-0.627533,2.03519,0.79881,0.0405312,6820.42,3,23.646,620.245,645.209,49.7936,1,2,1.0,0.0,0.1,3,0.0,0,True,1746968379.0950785,right,False
1169,1746968417.363485,140.47,-1.50951,2.00961,0.796227,0.033231,6807.82,3,23.668,621.145,646.11,49.7936,1,2,1.0,0.0,0.2,3,0.0,0,True,1746968379.0950785,right,False
1170,1746968417.3860111,140.424,-2.41264,1.96452,0.793703,0.0254042,6805.09,3,23.69,622.046,647.011,49.7935,1,2,1.0,0.0,0.2,3,0.0,0,True,1746968379.0950785,right,False
1171,1746968417.406718,140.368,-3.31659,1.89662,0.791272,0.0172225,6844.44,3,23.712,622.946,647.911,49.7934,1,2,1.0,0.0,0.2,3,0.0,0,True,1746968379.0950785,right,False
1172,1746968417.4309647,140.301,-4.20803,1.81264,0.788942,0.00882769,6816,3,23.734,623.846,648.811,49.7934,1,2,1.0,0.0,0.2,3,0.0,0,True,1746968379.0950785,right,False
1173,1746968417.453436,140.205,-5.02476,1.71308,0.786752,1.00136e-005,6801.35,3,23.756,624.745,649.71,49.7933,1,2,1.0,0.0,0.2,3,0.0,0,True,1746968379.0950785,right,False
1174,1746968417.4750254,140.09,-5.90065,1.58859,0.784752,-0.00953996,6818.69,3,23.778,625.644,650.609,49.7932,1,2,1.0,0.0,0.2,3,0.0,0,True,1746968379.0950785,right,False
1175,1746968417.4949067,139.959,-6.84093,1.4503,0.782935,-0.0196377,6849.1,3,23.8,626.543,651.507,49.7931,1,2,1.0,0.0,0.2,3,0.0,0,True,1746968379.0950785,right,False
1176,1746968417.5157406,139.814,-7.81937,1.29919,0.78131,-0.0301561,6822.53,3,23.822,627.44,652.405,49.7931,1,2,1.0,0.0,0.2,3,0.0,0,True,1746968379.0950785,right,False
1177,1746968417.5401378,139.654,-8.82447,1.13453,0.779882,-0.0409995,6806.56,3,23.844,628.338,653.302,49.793,1,2,1.0,0.0,0.2,3,0.0,0,True,1746968379.0950785,right,False
1178,1746968417.5610383,139.477,-9.84381,0.968436,0.778669,-0.0520903,6845.88,3,23.866,629.234,654.199,49.7929,1,2,1.0,0.0,0.2,3,0.0,0,True,1746968379.0950785,right,False
1179,1746968417.5816534,139.287,-10.8726,0.792064,0.777673,-0.0633945,6819.87,3,23.888,630.13,655.095,49.7928,1,2,1.0,0.0,0.2,3,0.0,0,True,1746968379.0950785,right,False
1180,1746968417.604851,139.082,-11.9144,0.609897,0.776902,-0.0748897,6804.59,3,23.91,631.025,655.99,49.7928,1,2,1.0,0.0,0.2,3,0.0,0,True,1746968379.0950785,right,False
1181,1746968417.6264617,138.865,-12.9429,0.437168,0.776369,-0.0865535,6815.82,3,23.932,631.919,656.884,49.7927,1,2,1.0,0.0,0.2,3,0.0,0,True,1746968379.0950785,right,False
1182,1746968417.6483893,138.634,-13.98,0.263095,0.776066,-0.098381,6808.64,3,23.954,632.813,657.778,49.7926,1,2,1.0,0.0,0.2,3,0.0,0,True,1746968379.0950785,right,False
1183,1746968417.6713467,138.389,-15.0201,0.079184,0.776008,-0.110349,6823.3,3,23.976,633.705,658.67,49.7925,1,2,1.0,0.0,0.2,3,0.0,0,True,1746968379.0950785,right,False
1184,1746968417.6912663,138.13,-16.0542,-0.101628,0.776202,-0.122396,6822.46,3,23.998,634.597,659.562,49.7924,1,2,1.0,0.0,0.2,3,0.0,0,True,1746968379.0950785,right,False
1185,1746968417.7140214,137.857,-17.074,-0.276569,0.776656,-0.134516,6807.09,3,24.02,635.488,660.453,49.7923,1,2,1.0,0.0,0.2,3,0.0,0,True,1746968379.0950785,right,False
1186,1746968417.736417,137.572,-18.094,-0.461286,0.777367,-0.146634,6814.93,3,24.042,636.378,661.342,49.7922,1,2,1.0,0.0,0.2,3,0.0,0,True,1746968379.0950785,right,False
1187,1746968417.7576056,137.275,-19.0939,-0.639897,0.778336,-0.158788,6799.9,3,24.064,637.266,662.231,49.7921,1,2,1.0,0.0,0.2,3,0.0,0,True,1746968379.0950785,right,False
1188,1746968417.7804756,136.965,-20.0781,-0.822623,0.779575,-0.170883,6845.78,3,24.086,638.154,663.119,49.792,1,2,1.0,0.0,0.2,3,0.0,0,True,1746968379.0950785,right,False
1189,1746968417.8027494,136.644,-21.033,-0.998728,0.781076,-0.182863,6816.59,3,24.108,639.041,664.005,49.7919,1,2,1.0,0.0,0.2,3,0.0,0,True,1746968379.0950785,right,False
1190,1746968417.8254507,136.314,-21.9685,-1.1896,0.782855,-0.194665,6842.73,3,24.13,639.926,664.891,49.7918,1,2,1.0,0.0,0.2,3,0.0,0,True,1746968379.0950785,right,False
1191,1746968417.846482,135.975,-22.856,-1.37321,0.784886,-0.20629,6817.31,3,24.152,640.81,665.775,49.7917,1,2,1.0,0.0,0.2,3,0.0,0,True,1746968379.0950785,right,False
1192,1746968417.8672779,135.633,-23.7067,-1.55174,0.787207,-0.217734,6813.77,3,24.174,641.693,666.658,49.7916,1,2,1.0,0.0,0.2,3,0.0,0,True,1746968379.0950785,right,False
1193,1746968417.8928022,135.282,-24.5436,-1.74748,0.789787,-0.228961,6846.15,3,24.196,642.575,667.54,49.7916,1,2,1.0,0.0,0.2,3,0.0,0,True,1746968379.0950785,right,False
1194,1746968417.9156613,134.929,-25.3146,-1.93562,0.792631,-0.239922,6796,3,24.218,643.455,668.42,49.7915,1,2,1.0,0.0,0.2,3,0.0,0,True,1746968379.0950785,right,False
1195,1746968417.934532,134.571,-26.0585,-2.11883,0.795763,-0.250647,6810.62,3,24.24,644.334,669.299,49.7914,1,2,1.0,0.0,0.0,3,0.0,0,True,1746968379.0950785,left,False
1196,1746968417.956043,134.213,-26.7509,-2.30694,0.799174,-0.261102,6806,3,24.262,645.211,670.176,49.7913,1,2,1.0,0.0,0.0,3,0.0,0,True,1746968379.0950785,left,False
1197,1746968417.978105,133.857,-27.4015,-2.49156,0.802848,-0.271303,6819.78,3,24.284,646.087,671.052,49.7912,1,2,1.0,0.0,0.0,3,0.0,0,True,1746968379.0950785,left,False
1198,1746968417.9997132,133.501,-28.0006,-2.67944,0.806785,-0.281212,6816.6,3,24.306,646.961,671.926,49.7911,1,2,1.0,0.0,0.0,3,0.0,0,True,1746968379.0950785,left,False
1199,1746968418.0230546,133.165,-28.5642,-2.86758,0.811,-0.290693,6808.34,3,24.328,647.834,672.799,49.7911,1,2,1.0,0.0,0.0,3,0.0,0,True,1746968379.0950785,left,False
1200,1746968418.0446734,132.879,-29.0599,-3.04744,0.815504,-0.299611,6843.96,3,24.35,648.706,673.671,49.791,1,2,1.0,0.0,0.0,3,0.0,0,True,1746968379.0950785,left,False
1201,1746968418.066641,132.616,-29.4825,-3.23071,0.82026,-0.308018,6813.22,3,24.372,649.576,674.541,49.7909,1,2,1.0,0.0,0.0,3,0.0,0,True,1746968379.0950785,left,False
1202,1746968418.0892043,132.363,-29.8435,-3.42068,0.825292,-0.315966,6839.79,3,24.394,650.445,675.41,49.7908,1,2,1.0,0.0,0.0,3,0.0,0,True,1746968379.0950785,left,False
1203,1746968418.110931,132.127,-30.1192,-3.59944,0.830599,-0.323395,6804.11,3,24.416,651.313,676.278,49.7907,1,2,1.0,0.0,0.0,3,0.0,0,True,1746968379.0950785,left,False
1204,1746968418.1362703,131.904,-30.3216,-3.77291,0.836166,-0.330312,6809.1,3,24.438,652.18,677.145,49.7906,1,2,1.0,0.0,0.0,3,0.0,0,True,1746968379.0950785,left,False
1205,1746968418.1558633,131.699,-30.4399,-3.95433,0.842017,-0.336662,6816.96,3,24.46,653.045,678.01,49.7905,1,2,1.0,0.0,0.0,3,0.0,0,True,1746968379.0950785,left,False
1206,1746968418.17837,131.511,-30.4835,-4.12888,0.848159,-0.342459,6833.75,3,24.482,653.909,678.874,49.7904,1,2,1.0,0.0,0.0,3,0.0,0,True,1746968379.0950785,left,False
1207,1746968418.2001014,131.337,-30.4597,-4.31117,0.854567,-0.347688,6823.11,3,24.504,654.772,679.737,49.7903,1,2,1.0,0.0,0.0,3,0.0,0,True,1746968379.0950785,left,False
1208,1746968418.2196062,131.186,-30.3447,-4.48409,0.861236,-0.352342,6802.84,3,24.526,655.634,680.599,49.7902,1,2,1.0,0.0,0.0,3,0.0,0,True,1746968379.0950785,left,False
1209,1746968418.245181,131.051,-30.1664,-4.66484,0.868194,-0.356439,6855.2,3,24.548,656.494,681.459,49.7901,1,2,1.0,0.0,-0.1,3,0.0,0,True,1746968379.0950785,left,False
1210,1746968418.2687485,130.937,-29.9088,-4.83771,0.875436,-0.359996,6794.7,3,24.57,657.353,682.318,49.7901,1,2,1.0,0.0,-0.1,3,0.0,0,True,1746968379.0950785,left,False
1211,1746968418.2866573,130.838,-29.5898,-5.01789,0.882946,-0.36301,6844.12,3,24.592,658.211,683.176,49.7899,1,2,1.0,0.0,-0.1,3,0.0,0,True,1746968379.0950785,left,False
1212,1746968418.309573,130.756,-29.2112,-5.19568,0.890724,-0.365523,6793.25,3,24.614,659.067,684.032,49.7899,1,2,1.0,0.0,-0.1,3,0.0,0,True,1746968379.0950785,left,False
1213,1746968418.332046,130.712,-28.7826,-5.37121,0.898779,-0.367399,6852.91,3,24.636,659.922,684.887,49.7898,1,2,1.0,0.0,-0.1,3,0.0,0,True,1746968379.0950785,left,False
1214,1746968418.3525379,130.712,-28.273,-5.54902,0.907091,-0.36847,6804.79,3,24.658,660.777,685.742,49.7897,1,2,1.0,0.0,-0.1,3,0.0,0,True,1746968379.0950785,left,False
1215,1746968418.3736548,130.744,-27.6584,-5.72772,0.915653,-0.368736,6825.05,3,24.68,661.63,686.595,49.7895,1,2,1.0,0.0,-0.1,3,0.0,0,True,1746968379.0950785,left,False
1216,1746968418.3964736,130.859,-26.8893,-5.82545,0.924476,-0.368226,6756.89,3,24.702,662.483,687.448,49.7894,1,2,1.0,0.0,-0.1,3,0.0,0,True,1746968379.0950785,left,False
1217,1746968418.4190052,131.094,-25.9783,-5.75772,0.933632,-0.36761,6662.43,3,24.724,663.335,688.3,49.789,1,2,1.0,0.0,-0.1,3,0.0,0,True,1746968379.0950785,left,False
1218,1746968418.4397466,131.275,-25.1592,-5.65135,0.94313,-0.367575,6636.42,3,24.746,664.188,689.152,49.7887,1,2,1.0,0.0,-0.1,3,0.0,0,True,1746968379.0950785,left,False
1219,1746968418.4634962,131.416,-24.4951,-5.51665,0.952952,-0.368371,6641.51,3,24.768,665.04,690.004,49.7884,1,2,1.0,0.0,-0.1,3,0.0,0,True,1746968379.0950785,left,False
1220,1746968418.4845824,131.52,-23.9715,-5.36028,0.963072,-0.369979,6667.42,3,24.79,665.891,690.856,49.788,1,2,1.0,0.0,-0.2,3,0.0,0,True,1746968379.0950785,left,False
1221,1746968418.505545,131.596,-23.5162,-5.19727,0.973499,-0.371893,6721.04,3,24.812,666.743,691.707,49.7877,1,2,1.0,0.0,-0.2,3,0.0,0,True,1746968379.0950785,left,False
1222,1746968418.5308068,131.654,-23.0475,-5.05596,0.98418,-0.373342,6805,3,24.834,667.594,692.558,49.7873,1,2,1.0,0.0,-0.2,3,0.0,0,True,1746968379.0950785,left,False
1223,1746968418.5529454,131.696,-22.4711,-4.92783,0.995123,-0.37351,6820.84,3,24.856,668.444,693.409,49.7872,1,2,1.0,0.0,-0.2,3,0.0,0,True,1746968379.0950785,left,False
1224,1746968418.5730467,131.771,-21.5917,-4.69648,1.00629,-0.370977,6797.24,3,24.878,669.294,694.259,49.787,1,2,1.0,0.0,-0.2,3,0.0,0,True,1746968379.0950785,left,False
1225,1746968418.596489,131.996,-20.1062,-4.36181,1.0177,-0.363798,6743.51,3,24.9,670.143,695.108,49.7868,1,2,1.0,0.0,-0.2,3,0.0,0,True,1746968379.0950785,left,False
1226,1746968418.6200786,132.392,-18.0405,-3.81176,1.02936,-0.352129,6643.86,3,24.922,670.993,695.958,49.7865,1,2,1.0,0.0,-0.2,3,0.0,0,True,1746968379.0950785,left,False
1227,1746968418.6386697,132.763,-15.6235,-3.35696,1.04121,-0.336288,6672.28,3,24.944,671.843,696.807,49.7862,1,2,1.0,0.0,-0.2,3,0.0,0,True,1746968379.0950785,left,False
1228,1746968418.6626117,133.12,-12.8742,-2.85336,1.05318,-0.316575,6731.88,3,24.966,672.693,697.658,49.7858,1,2,1.0,0.0,-0.2,3,0.0,0,True,1746968379.0950785,left,False
1229,1746968418.6826596,133.413,-9.93527,-2.3806,1.06517,-0.293279,6782.21,3,24.988,673.545,698.51,49.7855,1,2,1.0,0.0,-0.2,3,0.0,0,True,1746968379.0950785,left,False
1230,1746968418.7061327,133.568,-6.88899,-1.92104,1.07701,-0.266962,6805.75,3,25.01,674.398,699.362,49.7855,1,2,1.0,0.0,-0.2,3,0.0,0,True,1746968379.0950785,left,False
1231,1746968418.7263682,133.637,-3.77672,-0.302792,1.08864,-0.238186,6822.65,3,25.032,675.251,700.216,49.7855,2,2,1.0,0.0,-0.2,3,0.0,0,True,1746968379.0950785,left,False
1232,1746968418.7495005,133.63,-0.680824,0.280564,1.09993,-0.208148,6817.28,3,25.054,676.107,701.071,49.7855,2,2,1.0,0.0,-0.2,3,0.0,0,True,1746968379.0950785,left,False
1233,1746968418.7702773,133.543,2.23511,0.615035,1.11081,-0.178263,6812.55,3,25.076,676.963,701.928,49.7855,2,2,1.0,0.0,-0.2,3,0.0,0,True,1746968379.0950785,left,False
1234,1746968418.7921107,133.412,4.94037,0.827367,1.12123,-0.149364,6812.26,3,25.098,677.822,702.786,49.7854,2,2,1.0,0.0,-0.2,3,0.0,0,True,1746968379.0950785,left,False
1235,1746968418.8154874,133.291,7.37806,0.988476,1.13118,-0.121891,6810.47,3,25.12,678.682,703.647,49.7852,2,2,1.0,0.0,-0.2,3,0.0,0,True,1746968379.0950785,left,False
1236,1746968418.836483,133.148,9.61355,1.08761,1.14062,-0.0959245,6783.48,3,25.142,679.544,704.509,49.785,2,2,1.0,0.0,-0.2,3,0.0,0,True,1746968379.0950785,left,False
1237,1746968418.859252,132.944,11.5815,1.17999,1.14954,-0.0717794,6845.41,3,25.164,680.408,705.373,49.7848,2,2,1.0,0.0,-0.2,3,0.0,0,True,1746968379.0950785,left,False
1238,1746968418.8810422,132.673,13.3157,1.23741,1.15796,-0.0494339,6822.97,3,25.186,681.273,706.238,49.7848,2,2,1.0,0.0,-0.2,3,0.0,0,True,1746968379.0950785,left,False
1239,1746968418.9040546,132.368,14.8391,1.29233,1.16586,-0.0285389,6810.43,3,25.208,682.139,707.104,49.7848,2,2,1.0,0.0,-0.2,3,0.0,0,True,1746968379.0950785,left,False
1240,1746968418.9236643,132.048,16.2492,1.304,1.17326,-0.00865233,6826.89,3,25.23,683.006,707.971,49.7848,2,2,1.0,0.0,-0.2,3,0.0,0,True,1746968379.0950785,left,False
1241,1746968418.9489772,131.709,17.6635,1.23401,1.18018,0.0108122,6818.2,3,25.252,683.873,708.838,49.7848,2,2,1.0,0.0,-0.2,3,0.0,0,True,1746968379.0950785,left,False
1242,1746968418.9723513,131.345,19.0916,1.12645,1.18663,0.0302752,6811.78,3,25.274,684.74,709.705,49.7848,2,2,1.0,0.0,-0.2,3,0.0,0,True,1746968379.0950785,left,False
1243,1746968418.9895399,130.958,20.5591,0.957631,1.19262,0.0498284,6827.84,3,25.296,685.608,710.573,49.7847,2,2,1.0,0.0,-0.2,4,0.0,0,False,1746968418.9865541,left,False
1244,1746968419.0139036,130.547,22.0653,0.76535,1.19817,0.0696045,6822.88,3,25.318,686.475,711.44,49.7847,2,2,1.0,0.0,-0.2,4,0.0,0,False,1746968418.9865541,left,False
1245,1746968419.0343711,130.105,23.6289,0.520564,1.2033,0.0896332,6815.55,3,25.34,687.343,712.308,49.7847,2,2,1.0,0.0,-0.2,4,0.0,0,False,1746968418.9865541,left,False
1246,1746968419.0590725,129.631,25.2483,0.232454,1.20801,0.109953,6808.51,3,25.362,688.21,713.175,49.7847,2,2,1.0,0.0,-0.2,4,0.0,0,False,1746968418.9865541,left,False
1247,1746968419.07778,129.123,26.9172,-0.0770245,1.21231,0.130575,5280.75,4,25.384,689.077,714.042,49.7847,2,2,1.0,0.0,-0.2,4,0.0,0,False,1746968418.9865541,left,False
1248,1746968419.1019506,128.585,28.6111,-0.39952,1.21621,0.151456,5281.08,4,25.406,689.943,714.908,49.7847,2,2,1.0,0.0,-0.2,4,0.0,0,False,1746968418.9865541,left,False
1249,1746968419.1243637,128.039,30.1576,-0.664504,1.21968,0.171976,5281.41,4,25.428,690.809,715.774,49.7847,2,2,1.0,0.0,-0.2,4,0.0,0,False,1746968418.9865541,left,False
1250,1746968419.143527,127.49,31.5727,-0.912628,1.2227,0.191753,5281.74,4,25.45,691.675,716.639,49.7847,2,2,1.0,0.0,-0.2,4,0.0,0,False,1746968418.9865541,left,False
1251,1746968419.1697867,127.01,32.7477,-1.03578,1.22524,0.210969,5282.07,4,25.472,692.539,717.504,49.7847,2,2,1.0,0.0,-0.2,4,0.0,0,False,1746968418.9865541,left,False
1252,1746968419.1895835,126.532,33.7909,-1.06212,1.22723,0.230167,5282.4,4,25.494,693.403,718.368,49.7847,2,2,1.0,0.0,-0.2,4,0.0,0,False,1746968418.9865541,left,False
1253,1746968419.211423,125.998,34.7733,-1.00813,1.22863,0.249639,5282.73,4,25.516,694.266,719.231,49.7847,2,2,1.0,0.0,-0.2,4,0.0,0,False,1746968418.9865541,left,False
1254,1746968419.2327168,125.399,35.7347,-0.894943,1.22944,0.269521,5283.06,4,25.538,695.127,720.092,49.7847,2,2,1.0,0.0,-0.2,4,0.0,0,False,1746968418.9865541,left,False
1255,1746968419.2550783,124.744,36.701,-0.746472,1.22961,0.28986,5283.39,4,25.56,695.986,720.951,49.7847,2,2,1.0,0.0,-0.2,4,0.0,0,False,1746968418.9865541,left,False
1256,1746968419.2774742,124.042,37.7099,-0.588555,1.22916,0.310629,5283.72,4,25.582,696.843,721.807,49.7847,2,2,1.0,0.0,-0.2,4,0.0,0,False,1746968418.9865541,left,False
1257,1746968419.2982798,123.3,38.757,-0.425072,1.2281,0.331775,5284.04,4,25.604,697.696,722.661,49.7847,2,2,1.0,0.0,-0.2,4,0.0,0,False,1746968418.9865541,left,False
1258,1746968419.3195434,122.528,39.8253,-0.271892,1.22643,0.353172,5284.36,4,25.626,698.547,723.512,49.7847,2,2,1.0,0.0,-0.2,4,0.0,0,False,1746968418.9865541,left,False
1259,1746968419.3436606,121.731,40.9281,-0.149468,1.22416,0.374679,5284.68,4,25.648,699.395,724.359,49.7847,2,2,1.0,0.0,0.0,4,0.0,0,False,1746968418.9865541,right,False
1260,1746968419.3663726,120.916,42.03,-0.0308127,1.2213,0.396165,4395.07,4,25.67,700.239,725.204,49.7847,2,2,1.0,0.0,0.0,4,0.0,0,False,1746968418.9865541,right,False
1261,1746968419.3873222,120.116,43.1237,0.0680996,1.21788,0.417454,4595.83,4,25.692,701.08,726.045,49.7845,2,2,1.0,0.0,0.0,4,0.0,0,False,1746968418.9865541,right,False
1262,1746968419.4090607,119.342,44.2072,0.140323,1.21388,0.43851,4747.89,4,25.714,701.917,726.882,49.7842,2,2,1.0,0.0,0.0,4,0.0,0,False,1746968418.9865541,right,False
1263,1746968419.4309678,118.595,45.2667,0.185394,1.20933,0.459124,4918.19,4,25.736,702.752,727.716,49.7839,2,2,1.0,0.0,0.0,4,0.0,0,False,1746968418.9865541,right,False
1264,1746968419.4521346,117.893,46.268,0.22145,1.20425,0.479098,5070.64,4,25.758,703.583,728.547,49.7836,2,2,1.0,0.0,0.0,4,0.0,0,False,1746968418.9865541,right,False
1265,1746968419.47552,117.22,47.1988,0.22534,1.19864,0.498325,5205.72,4,25.78,704.411,729.376,49.7833,2,2,1.0,0.0,0.0,4,0.0,0,False,1746968418.9865541,right,False
1266,1746968419.4974904,116.576,48.0389,0.216361,1.1925,0.516749,5330.98,4,25.802,705.236,730.201,49.7829,2,2,1.0,0.0,0.0,4,0.0,0,False,1746968418.9865541,right,False
1267,1746968419.5186698,115.98,48.7731,0.206093,1.18584,0.53428,5426.21,4,25.824,706.058,731.022,49.7826,2,2,1.0,0.0,0.0,4,0.0,0,False,1746968418.9865541,right,False
1268,1746968419.5404513,115.429,49.3921,0.183183,1.17868,0.550819,5512.05,4,25.846,706.876,731.841,49.7823,2,2,1.0,0.0,0.0,4,0.0,0,False,1746968418.9865541,right,False
1269,1746968419.5641882,114.937,49.8802,0.147293,1.171,0.566224,5579.89,4,25.868,707.691,732.656,49.7819,2,2,1.0,0.0,0.0,4,0.0,0,False,1746968418.9865541,right,False
1270,1746968419.5841398,114.509,50.2311,0.120364,1.16281,0.580456,5624.7,4,25.89,708.503,733.468,49.7816,2,2,1.0,0.0,0.0,4,0.0,0,False,1746968418.9865541,right,False
1271,1746968419.60657,114.145,50.4439,0.0824922,1.15412,0.593472,5659.28,4,25.912,709.311,734.276,49.7813,2,2,1.0,0.0,0.0,4,0.0,0,False,1746968418.9865541,right,False
1272,1746968419.6264074,113.853,50.5068,0.0570277,1.14492,0.605271,5676.21,4,25.934,710.116,735.081,49.7809,2,2,1.0,0.0,0.0,4,0.0,0,False,1746968418.9865541,right,False
1273,1746968419.650429,113.637,50.4199,0.0369628,1.13521,0.615836,5665.09,4,25.956,710.917,735.882,49.7806,2,2,1.0,0.0,0.0,4,0.0,0,False,1746968418.9865541,right,False
1274,1746968419.673377,113.473,50.2021,0.00856887,1.12501,0.625198,5665.01,4,25.978,711.714,736.679,49.7803,2,2,1.0,0.0,0.0,4,0.0,0,False,1746968418.9865541,right,False
1275,1746968419.6952903,113.38,49.8413,-0.0115017,1.11429,0.633345,5652.69,4,26,712.508,737.473,49.7799,2,2,1.0,0.0,0.0,4,0.0,0,False,1746968418.9865541,right,False
1276,1746968419.7163658,113.341,49.3414,-0.0288602,1.10308,0.640292,5648.04,4,26.022,713.298,738.262,49.7796,2,2,1.0,0.0,0.0,4,0.0,0,False,1746968418.9865541,right,False
1277,1746968419.73887,113.419,48.6702,0.0153052,1.09136,0.646106,5538.68,4,26.044,714.083,739.048,49.7792,2,2,1.0,0.0,0.0,4,0.0,0,False,1746968418.9865541,right,False
1278,1746968419.759108,113.781,47.6324,0.311293,1.07901,0.651517,5053.76,4,26.066,714.865,739.83,49.7789,2,2,1.0,0.0,0.0,4,0.0,0,False,1746968418.9865541,right,False
1279,1746968419.781771,113.89,46.5994,0.686291,1.06597,0.658948,4815.49,4,26.088,715.642,740.607,49.7786,2,2,1.0,0.0,0.0,4,0.0,0,False,1746968418.9865541,right,False
1280,1746968419.806301,113.733,45.9167,1.12818,1.05223,0.670148,4708.8,4,26.11,716.413,741.378,49.7783,2,2,1.0,0.0,0.0,4,0.0,0,False,1746968418.9865541,right,False
1281,1746968419.8273265,113.321,45.7172,1.63328,1.03778,0.686033,4656.44,4,26.132,717.177,742.142,49.778,2,2,1.0,0.0,0.0,4,0.0,0,False,1746968418.9865541,right,False
1282,1746968419.8500428,112.655,45.9934,2.21964,1.02263,0.706782,4632.26,4,26.154,717.933,742.898,49.7777,2,2,1.0,0.0,0.0,4,0.0,0,False,1746968418.9865541,right,False
1283,1746968419.8714616,111.839,46.4682,3.17005,1.00673,0.733369,4400.64,4,26.176,718.681,743.646,49.7775,2,2,1.0,0.0,0.1,4,0.0,0,False,1746968418.9865541,right,False
1284,1746968419.894361,110.522,47.8043,4.01709,0.989972,0.767098,4331.69,4,26.198,719.413,744.378,49.7772,2,2,1.0,0.0,0.1,4,0.0,0,False,1746968418.9865541,right,False
1285,1746968419.9149015,107.758,50.9389,9.86091,0.972591,0.807556,4306.21,4,26.22,720.134,745.099,49.777,13,2,1.0,0.0,0.1,4,0.0,0,False,1746968418.9865541,right,False
1286,1746968419.9365592,105.151,54.5784,11.7722,0.955292,0.85377,4423.41,4,26.242,720.846,745.81,49.7767,13,2,1.0,0.0,0.1,4,0.0,0,False,1746968418.9865541,right,False
1287,1746968419.9590905,102.405,58.3491,11.9932,0.937579,0.904782,4601.33,4,26.264,721.55,746.515,49.7765,13,2,1.0,0.0,0.1,4,0.0,0,False,1746968418.9865541,right,False
1288,1746968419.9801815,99.1305,62.5157,12.1854,0.919456,0.961345,4781.16,4,26.286,722.247,747.212,49.7762,13,2,1.0,0.0,0.1,4,0.0,0,False,1746968418.9865541,right,False
1289,1746968420.004503,95.2097,67.2508,12.2149,0.900966,1.02389,4959.69,4,26.308,722.937,747.901,49.7759,13,2,1.0,0.0,0.1,4,0.0,0,False,1746968418.9865541,right,False
1290,1746968420.024561,90.6102,72.1935,12.2821,0.88218,1.09188,5129.36,4,26.33,723.619,748.584,49.7756,13,2,1.0,0.0,0.1,4,0.0,0,False,1746968418.9865541,right,False
1291,1746968420.0473707,85.5313,76.7175,12.5404,0.863043,1.16214,5290.72,4,26.352,724.292,749.257,49.7752,13,2,1.0,0.0,0.1,4,0.0,0,False,1746968418.9865541,right,False
1292,1746968420.06822,80.1122,80.8516,12.8269,0.843585,1.2327,5446.99,4,26.374,724.955,749.92,49.7749,13,2,1.0,0.0,0.1,4,0.0,0,False,1746968418.9865541,right,False
1293,1746968420.0896041,74.4803,84.6629,12.9777,0.823836,1.30223,5607.88,4,26.396,725.608,750.572,49.7746,13,2,1.0,0.0,0.1,4,0.0,0,False,1746968418.9865541,right,False
1294,1746968420.1140554,68.6878,88.4607,12.8537,0.803892,1.36922,5832.64,4,26.418,726.252,751.217,49.7742,13,2,1.0,0.0,0.1,4,0.0,0,False,1746968418.9865541,right,False
1295,1746968420.1342862,63.0309,91.7083,12.8337,0.783885,1.43119,6079.44,4,26.44,726.89,751.854,49.7739,13,2,1.0,0.0,0.1,4,0.0,0,False,1746968418.9865541,right,False
1296,1746968420.1561167,57.7219,94.2474,12.8193,0.763865,1.48795,6262.99,4,26.462,727.521,752.486,49.7736,13,2,1.0,0.0,0.1,4,0.0,0,False,1746968418.9865541,right,False
1297,1746968420.1796386,52.5597,96.192,13.5402,0.743805,1.54026,6392.53,4,26.484,728.146,753.111,49.7732,13,2,1.0,0.0,0.1,4,0.0,0,False,1746968418.9865541,right,False
1298,1746968420.1995327,47.9213,97.6638,13.5454,0.723765,1.58792,6544.45,4,26.506,728.765,753.729,49.7729,13,2,1.0,0.0,0.1,4,0.0,0,False,1746968418.9865541,right,False
1299,1746968420.2230394,43.6953,98.7222,13.4838,0.703725,1.63061,6717.4,4,26.528,729.376,754.341,49.7726,13,2,1.0,0.0,0.1,4,0.0,0,False,1746968418.9865541,right,False
1300,1746968420.2445939,39.9244,99.4086,13.4091,0.683706,1.66807,6814.36,4,26.55,729.982,754.946,49.7724,13,2,1.0,0.0,0.1,4,0.0,0,False,1746968418.9865541,right,False
1301,1746968420.267429,36.6662,99.7555,13.3241,0.663727,1.70009,6810.63,4,26.572,730.581,755.545,49.7724,13,2,1.0,0.0,0.1,4,0.0,0,False,1746968418.9865541,right,False
1302,1746968420.290731,33.9643,99.8234,13.1381,0.643799,1.72665,6808.04,4,26.594,731.173,756.138,49.7724,13,2,1.0,0.0,0.1,4,0.0,0,False,1746968418.9865541,right,False
1303,1746968420.3105803,31.8265,99.6617,12.828,0.623916,1.74779,6823.73,4,26.616,731.76,756.725,49.7724,13,2,1.0,0.0,0.2,4,0.0,0,False,1746968418.9865541,right,False
1304,1746968420.3333619,30.2178,99.3143,12.5082,0.604102,1.76359,6823.39,4,26.638,732.341,757.306,49.7724,13,2,1.0,0.0,0.2,4,0.0,0,False,1746968418.9865541,right,False
1305,1746968420.3558838,29.1278,98.8086,12.1714,0.584342,1.77416,6822.11,4,26.66,732.916,757.881,49.7724,13,2,1.0,0.0,0.2,4,0.0,0,False,1746968418.9865541,right,False
1306,1746968420.376658,28.5423,98.1665,11.8214,0.56465,1.77959,6820.97,4,26.682,733.485,758.45,49.7724,13,2,1.0,0.0,0.2,4,0.0,0,False,1746968418.9865541,right,False
1307,1746968420.4017968,28.4407,97.4011,11.4533,0.54503,1.78005,6819.97,4,26.704,734.049,759.014,49.7724,13,2,1.0,0.0,0.2,4,0.0,0,False,1746968418.9865541,right,False
1308,1746968420.4211233,28.8024,96.519,11.0738,0.52548,1.77566,6819.02,4,26.726,734.608,759.572,49.7724,13,2,1.0,0.0,0.2,4,0.0,0,False,1746968418.9865541,right,False
1309,1746968420.4417596,29.6063,95.5175,10.6749,0.506014,1.76655,6818.12,4,26.748,735.161,760.126,49.7724,13,2,1.0,0.0,0.2,4,0.0,0,False,1746968418.9865541,right,False
1310,1746968420.4649372,30.8299,94.3953,10.2564,0.486611,1.75285,6817.23,4,26.77,735.709,760.674,49.7724,13,2,1.0,0.0,0.2,4,0.0,0,False,1746968418.9865541,right,False
1311,1746968420.4865174,32.4405,93.1527,9.81363,0.467279,1.73478,6816.36,4,26.792,736.253,761.218,49.7724,13,2,1.0,0.0,0.2,4,0.0,0,False,1746968418.9865541,right,False
1312,1746968420.5081308,34.3983,91.7907,9.33625,0.44802,1.71266,6815.51,4,26.814,736.792,761.756,49.7724,13,2,1.0,0.0,0.2,4,0.0,0,False,1746968418.9865541,right,False
1313,1746968420.5312223,36.6668,90.2796,8.83481,0.428817,1.68671,6814.68,4,26.836,737.326,762.291,49.7724,13,2,1.0,0.0,0.2,4,0.0,0,False,1746968418.9865541,right,False
1314,1746968420.5541873,39.2119,88.5911,8.32047,0.40966,1.65713,6813.88,4,26.858,737.857,762.822,49.7724,13,2,1.0,0.0,0.2,4,0.0,0,False,1746968418.9865541,right,False
1315,1746968420.5763505,42.0776,86.668,7.83132,0.390554,1.62399,6813.1,4,26.88,738.384,763.348,49.7724,13,2,1.0,0.0,0.2,4,0.0,0,False,1746968418.9865541,right,False
1316,1746968420.5952902,45.7285,83.9854,7.65914,0.371366,1.58599,6716.64,4,26.902,738.904,763.869,49.7721,13,2,1.0,0.0,0.2,4,0.0,0,False,1746968418.9865541,right,False
1317,1746968420.6176937,49.4567,80.5355,7.66993,0.352032,1.5433,6739.78,4,26.924,739.417,764.382,49.7717,13,2,1.0,0.0,0.2,4,0.0,0,False,1746968418.9865541,right,False
1318,1746968420.6421058,53.5443,76.3937,8.03503,0.332568,1.49575,6284.08,4,26.946,739.919,764.884,49.7714,13,2,1.0,0.0,0.2,4,0.0,0,False,1746968418.9865541,right,False
1319,1746968420.6628911,58.3577,71.4895,8.7739,0.312781,1.44203,5064.53,4,26.968,740.41,765.375,49.7711,13,2,1.0,0.0,0.2,4,0.0,0,False,1746968418.9865541,right,False
1320,1746968420.6834867,63.3239,65.5601,9.74802,0.292493,1.38256,3828.29,4,26.99,740.888,765.852,49.7708,13,2,1.0,0.0,0.2,4,0.0,0,False,1746968418.9865541,right,False
1321,1746968420.7062976,67.6896,58.6668,10.8863,0.271722,1.32052,3230.51,4,27.012,741.35,766.314,49.7706,13,2,1.0,0.0,0.2,4,0.0,0,False,1746968418.9865541,right,False
1322,1746968420.7294986,71.3198,51.3432,12.0666,0.250531,1.25809,3112.02,4,27.034,741.794,766.759,49.7705,13,2,1.0,0.0,0.2,4,0.0,0,False,1746968418.9865541,right,False
1323,1746968420.7494602,74.3836,43.9332,13.1574,0.228933,1.19559,3152.57,4,27.056,742.221,767.186,49.7704,13,2,1.0,0.0,0.2,4,0.0,0,False,1746968418.9865541,right,False
1324,1746968420.771985,76.716,37.0891,14.6557,0.206993,1.13317,3239.15,4,27.078,742.633,767.597,49.7702,14,2,1.0,0.0,0.2,4,0.0,0,False,1746968418.9865541,right,False
1325,1746968420.7936773,78.7957,30.5715,14.9277,0.184776,1.07014,3377.99,4,27.1,743.033,767.998,49.77,14,2,1.0,0.0,0.2,4,0.0,0,False,1746968418.9865541,right,False
1326,1746968420.8153327,80.4532,24.0925,15.1669,0.162297,1.00661,3547.39,4,27.122,743.426,768.39,49.7699,14,2,1.0,0.0,0.2,4,0.0,0,False,1746968418.9865541,right,False
1327,1746968420.8390393,81.7173,17.898,15.2985,0.139573,0.943611,3721.25,4,27.144,743.811,768.775,49.7697,14,2,1.0,0.0,0.2,4,0.0,0,False,1746968418.9865541,right,False
1328,1746968420.8593645,82.571,12.2257,15.3846,0.116661,0.882776,3898.27,4,27.166,744.191,769.155,49.7695,14,2,1.0,0.0,0.2,4,0.0,0,False,1746968418.9865541,right,False
1329,1746968420.881664,83.0543,7.31676,15.4244,0.0936829,0.826105,4079.12,4,27.188,744.568,769.533,49.7693,14,2,1.0,0.0,0.2,4,0.0,0,False,1746968418.9865541,right,False
1330,1746968420.9055634,83.2396,3.15398,15.3905,0.0707235,0.774696,4264.43,4,27.21,744.945,769.91,49.769,14,2,1.0,0.0,0.2,4,0.0,0,False,1746968418.9865541,right,False
1331,1746968420.9266288,83.2009,-0.355625,15.2749,0.04788,0.727964,4454.45,4,27.232,745.322,770.287,49.7688,14,2,1.0,0.0,0.2,4,0.0,0,False,1746968418.9865541,right,False
1332,1746968420.9476917,82.9998,-3.34071,15.1099,0.0252279,0.684781,4650.69,4,27.254,745.701,770.665,49.7685,14,2,1.0,0.0,0.2,4,0.0,0,False,1746968418.9865541,right,False
1333,1746968420.9720027,82.6761,-5.88325,14.9188,0.0028422,0.64449,4852.72,4,27.276,746.081,771.045,49.7682,14,2,1.0,0.0,0.2,4,0.0,0,False,1746968418.9865541,right,False
1334,1746968420.9940982,82.2924,-8.05703,14.6856,-0.0192301,0.607615,5055.2,4,27.298,746.463,771.428,49.7679,14,2,1.0,0.0,0.2,4,0.0,0,False,1746968418.9865541,right,False
1335,1746968421.013976,81.8746,-9.97823,14.3738,-0.0409729,0.574296,5263.42,4,27.32,746.847,771.812,49.7676,14,2,1.0,0.0,0.2,4,0.0,0,False,1746968418.9865541,right,False
1336,1746968421.03744,81.4339,-11.6872,13.9799,-0.0624329,0.544718,5496.26,4,27.342,747.233,772.198,49.7673,14,2,1.0,0.0,0.2,4,0.0,0,True,1746968418.9865541,right,False
1337,1746968421.0603907,80.9868,-13.153,13.5293,-0.0836263,0.519127,5754.87,4,27.364,747.621,772.585,49.7669,14,2,1.0,0.0,0.2,4,0.0,0,True,1746968418.9865541,right,False
1338,1746968421.0802152,80.604,-14.3992,13.0497,-0.104584,0.497187,5915.84,4,27.386,748.009,772.973,49.7666,14,2,1.0,0.0,0.2,4,0.0,0,True,1746968418.9865541,right,False
1339,1746968421.1020331,80.6517,-15.4398,12.8068,-0.125368,0.476339,5413.35,4,27.408,748.399,773.363,49.7662,14,2,1.0,0.0,0.2,4,0.0,0,True,1746968418.9865541,right,False
1340,1746968421.1253352,80.5445,-16.2568,12.6979,-0.145937,0.454717,5079.01,4,27.43,748.792,773.757,49.7659,14,2,1.0,0.0,0.2,4,0.0,0,True,1746968418.9865541,right,False
1341,1746968421.1474698,80.0076,-16.9098,12.6924,-0.166095,0.431752,5273.69,4,27.452,749.188,774.153,49.7656,14,2,1.0,0.0,0.2,4,0.0,0,True,1746968418.9865541,right,False
1342,1746968421.169011,79.4218,-17.5902,12.7521,-0.185783,0.407135,5465.55,4,27.474,749.586,774.551,49.7653,14,2,1.0,0.0,0.2,4,0.0,0,True,1746968418.9865541,right,False
1343,1746968421.1897247,78.7782,-18.3758,12.8405,-0.204954,0.380426,5656.76,4,27.496,749.986,774.951,49.7649,14,2,1.0,0.0,0.2,4,0.0,0,True,1746968418.9865541,right,False
1344,1746968421.2141001,78.0748,-19.3578,12.889,-0.223619,0.35144,5846.18,4,27.518,750.387,775.352,49.7646,14,2,1.0,0.0,0.2,4,0.0,0,True,1746968418.9865541,right,False
1345,1746968421.233841,77.3119,-20.575,12.8461,-0.241779,0.320406,6027.61,4,27.54,750.79,775.755,49.7643,14,2,1.0,0.0,0.2,4,0.0,0,True,1746968418.9865541,right,False
1346,1746968421.2573833,76.4817,-21.9898,12.727,-0.259497,0.287579,6200.36,4,27.562,751.194,776.158,49.7639,14,2,1.0,0.0,0.2,4,0.0,0,True,1746968418.9865541,right,False
1347,1746968421.2777314,75.5782,-23.5708,12.5381,-0.276778,0.253183,6365,4,27.584,751.598,776.563,49.7636,14,2,1.0,0.0,0.2,4,0.0,0,True,1746968418.9865541,right,False
1348,1746968421.3012931,74.5986,-25.2983,12.2755,-0.293665,0.217484,6524.15,4,27.606,752.003,776.968,49.7633,14,2,1.0,0.0,0.2,4,0.0,0,True,1746968418.9865541,right,False
1349,1746968421.3222945,73.5444,-27.1375,11.9447,-0.310175,0.18085,6678.4,4,27.628,752.408,777.373,49.7629,14,2,1.0,0.0,0.2,4,0.0,0,True,1746968418.9865541,right,False
1350,1746968421.3441682,72.4203,-29.0519,11.5383,-0.326353,0.143699,6800.95,4,27.65,752.813,777.778,49.7626,14,2,1.0,0.0,0.2,4,0.0,0,True,1746968418.9865541,right,False
1351,1746968421.3681898,71.2267,-31.0201,11.0619,-0.342228,0.106606,6809.59,4,27.672,753.218,778.183,49.7626,14,2,1.0,0.0,0.2,4,0.0,0,True,1746968418.9865541,right,False
1352,1746968421.3884633,69.9861,-32.971,10.5388,-0.357823,0.0701898,6811.73,4,27.694,753.623,778.588,49.7625,14,2,1.0,0.0,0.2,4,0.0,0,True,1746968418.9865541,right,False
1353,1746968421.4104624,68.7323,-34.8443,9.98328,-0.373185,0.0351276,6816.79,4,27.716,754.027,778.992,49.7625,14,2,1.0,0.0,0.2,4,0.0,0,True,1746968418.9865541,right,False
1354,1746968421.4350529,67.4874,-36.6537,9.38244,-0.388338,0.00186729,6813.67,4,27.738,754.431,779.396,49.7625,14,2,1.0,0.0,0.2,4,0.0,0,True,1746968418.9865541,right,False
1355,1746968421.4535685,66.3572,-38.0728,8.86449,-0.403278,-0.0284624,6812.48,4,27.76,754.834,779.799,49.7625,14,2,1.0,0.0,0.2,4,0.0,0,True,1746968418.9865541,right,False
1356,1746968421.4779594,65.3482,-39.1147,8.37315,-0.417928,-0.0546269,6811.01,4,27.782,755.237,780.202,49.7625,14,2,1.0,0.0,0.2,4,0.0,0,True,1746968418.9865541,right,False
1357,1746968421.4973075,64.4669,-39.6877,7.97173,-0.432263,-0.0769349,6812.21,4,27.804,755.64,780.605,49.7624,14,2,1.0,0.0,0.2,4,0.0,0,True,1746968418.9865541,right,False
1358,1746968421.5204318,63.6561,-39.9321,7.64479,-0.446191,-0.0966737,6807.08,4,27.826,756.042,781.007,49.7624,14,2,1.0,0.0,0.2,4,0.0,0,True,1746968418.9865541,right,False
1359,1746968421.5428472,62.8946,-39.9644,7.3671,-0.459692,-0.114449,6814.67,4,27.848,756.443,781.408,49.7623,14,2,1.0,0.0,0.2,4,0.0,0,True,1746968418.9865541,right,False
1360,1746968421.566227,62.3751,-39.7927,7.2034,-0.472725,-0.130699,6601.04,4,27.87,756.843,781.807,49.7621,14,2,1.0,0.0,0.2,4,0.0,0,True,1746968418.9865541,right,False
1361,1746968421.5899832,62.1816,-39.4654,7.13956,-0.485246,-0.145803,6075.5,4,27.892,757.243,782.208,49.7618,14,2,1.0,0.0,0.2,4,0.0,0,True,1746968418.9865541,right,False
1362,1746968421.6141677,62.05,-39.0766,7.09267,-0.497213,-0.160263,5530.91,4,27.914,757.645,782.61,49.7614,14,2,1.0,0.0,0.2,4,0.0,0,True,1746968418.9865541,right,False
1363,1746968421.6296902,61.8246,-38.6818,7.00074,-0.508634,-0.174459,5171.63,4,27.936,758.047,783.012,49.7611,14,2,1.0,0.0,0.2,4,0.0,0,True,1746968418.9865541,right,False
1364,1746968421.6523707,61.4908,-38.302,6.88023,-0.519533,-0.188601,4990.75,4,27.958,758.45,783.415,49.7608,14,2,1.0,0.0,0.2,4,0.0,0,True,1746968418.9865541,right,False
1365,1746968421.6823266,61.0736,-37.9555,6.71716,-0.529932,-0.202696,4958.18,4,27.98,758.852,783.817,49.7605,14,2,1.0,0.0,0.2,4,0.0,0,True,1746968418.9865541,right,False
1366,1746968421.696639,60.5876,-37.634,6.52678,-0.539834,-0.216711,5051.92,4,28.002,759.253,784.217,49.7602,14,2,1.0,0.0,0.2,4,0.0,0,True,1746968418.9865541,right,False
1367,1746968421.718857,60.0615,-37.3367,6.31137,-0.549296,-0.230627,5223.84,4,28.024,759.652,784.616,49.7599,14,2,1.0,0.0,0.2,4,0.0,0,True,1746968418.9865541,right,False
1368,1746968421.740602,59.5396,-37.0383,6.08522,-0.558303,-0.24439,5410.22,4,28.046,760.049,785.014,49.7596,14,2,1.0,0.0,0.2,4,0.0,0,True,1746968418.9865541,right,False
1369,1746968421.765862,59.0272,-36.7433,5.84404,-0.56687,-0.258043,5600.27,4,28.068,760.445,785.409,49.7592,14,2,1.0,0.0,0.2,4,0.0,0,True,1746968418.9865541,right,False
1370,1746968421.784207,58.5293,-36.4534,5.58755,-0.57501,-0.271515,5789.99,4,28.09,760.838,785.803,49.7589,14,2,1.0,0.0,0.2,4,0.0,0,True,1746968418.9865541,right,False
1371,1746968421.806518,58.0487,-36.1551,5.31632,-0.582723,-0.284733,5973.36,4,28.112,761.23,786.195,49.7586,14,2,1.0,0.0,0.2,4,0.0,0,True,1746968418.9865541,right,False
1372,1746968421.832625,57.5857,-35.8506,5.03248,-0.590021,-0.297667,6149.13,4,28.134,761.62,786.585,49.7582,14,2,1.0,0.0,0.2,4,0.0,0,True,1746968418.9865541,right,False
1373,1746968421.853936,57.1442,-35.5311,4.73355,-0.596918,-0.310198,6316.81,4,28.156,762.008,786.973,49.7579,14,2,1.0,0.0,0.2,4,0.0,0,True,1746968418.9865541,right,False
1374,1746968421.8775883,56.7252,-35.199,4.42697,-0.603406,-0.322274,6479.24,4,28.178,762.394,787.359,49.7576,14,2,1.0,0.0,0.2,4,0.0,0,True,1746968418.9865541,right,False
1375,1746968421.8976197,56.3288,-34.8489,4.10731,-0.609505,-0.333891,6637.49,4,28.2,762.778,787.743,49.7572,14,2,1.0,0.0,0.2,4,0.0,0,True,1746968418.9865541,right,False
1376,1746968421.9163008,55.9583,-34.4629,3.78448,-0.61521,-0.344958,6790.51,4,28.222,763.161,788.125,49.7569,14,2,1.0,0.0,0.2,4,0.0,0,True,1746968418.9865541,right,False
1377,1746968421.9404485,55.6046,-34.0422,3.46646,-0.620528,-0.355404,6815.9,4,28.244,763.541,788.505,49.7568,14,2,1.0,0.0,0.2,4,0.0,0,True,1746968418.9865541,right,False
1378,1746968421.9631639,55.2631,-33.5784,3.1414,-0.62546,-0.365131,6809.75,4,28.266,763.919,788.883,49.7568,14,2,1.0,0.0,0.2,4,0.0,0,True,1746968418.9865541,right,False
1379,1746968421.983606,54.9485,-33.0636,2.82478,-0.630017,-0.374114,6819.38,4,28.288,764.294,789.259,49.7567,14,2,1.0,0.0,0.2,4,0.0,0,True,1746968418.9865541,right,False
1380,1746968422.0062962,54.6626,-32.4943,2.51953,-0.63419,-0.382434,6816.9,4,28.31,764.668,789.632,49.7567,14,2,1.0,0.0,0.2,4,0.0,0,True,1746968418.9865541,right,False
1381,1746968422.0328076,54.4103,-31.871,2.22613,-0.637964,-0.390096,6820.24,4,28.332,765.038,790.003,49.7567,14,2,1.0,0.0,0.2,4,0.0,0,True,1746968418.9865541,right,False
1382,1746968422.0535727,54.1918,-31.2063,1.93832,-0.641351,-0.397195,6834.16,4,28.354,765.407,790.372,49.7567,14,2,1.0,0.0,0.2,4,0.0,0,True,1746968418.9865541,right,False
1383,1746968422.0730739,54.0262,-30.4958,1.67142,-0.644334,-0.40379,6794.95,4,28.376,765.773,790.738,49.7566,14,2,1.0,0.0,0.2,4,0.0,0,True,1746968418.9865541,right,False
1384,1746968422.0965066,53.9046,-29.7582,1.40254,-0.646912,-0.409924,6804.95,4,28.398,766.137,791.102,49.7564,14,2,1.0,0.0,0.2,4,0.0,0,True,1746968418.9865541,right,False
1385,1746968422.113891,53.8131,-28.988,1.14207,-0.649068,-0.415675,6780.42,4,28.42,766.498,791.463,49.7562,14,2,1.0,0.0,0.2,4,0.0,0,True,1746968418.9865541,right,False
1386,1746968422.135955,53.7371,-28.2059,0.882846,-0.650802,-0.421045,6814.17,4,28.442,766.858,791.823,49.7559,14,2,1.0,0.0,0.2,4,0.0,0,True,1746968418.9865541,right,False
1387,1746968422.1585698,53.6562,-27.3864,0.627254,-0.652128,-0.42604,6786.7,4,28.464,767.215,792.18,49.7558,14,2,1.0,0.0,0.2,4,0.0,0,True,1746968418.9865541,right,False
1388,1746968422.1805499,53.5984,-26.5515,0.370675,-0.653035,-0.430589,6791.73,4,28.486,767.57,792.535,49.7556,14,2,1.0,0.0,0.2,4,0.0,0,True,1746968418.9865541,right,False
1389,1746968422.2034032,53.5545,-25.6831,0.122629,-0.653536,-0.434671,6817.01,4,28.508,767.923,792.887,49.7554,14,2,1.0,0.0,0.2,4,0.0,0,True,1746968418.9865541,right,False
1390,1746968422.2260013,53.5189,-24.8057,-0.142955,-0.653623,-0.438289,6806.24,4,28.53,768.273,793.237,49.7552,14,2,1.0,0.0,0.2,4,0.0,0,True,1746968418.9865541,right,False
1391,1746968422.2487302,53.495,-23.8934,-0.393738,-0.65331,-0.441453,6832.61,4,28.552,768.621,793.585,49.7551,14,2,1.0,0.0,0.2,4,0.0,0,True,1746968418.9865541,right,False
1392,1746968422.2675846,53.4834,-22.9521,-0.643583,-0.652582,-0.444121,6826.94,4,28.574,768.966,793.931,49.755,14,2,1.0,0.0,0.2,4,0.0,0,True,1746968418.9865541,right,False
1393,1746968422.2909644,53.4854,-21.9864,-0.891074,-0.651453,-0.446286,6795.42,4,28.596,769.308,794.273,49.7549,14,2,1.0,0.0,0.2,4,0.0,0,True,1746968418.9865541,right,False
1394,1746968422.3150737,53.4978,-21.0065,-1.14545,-0.649913,-0.448006,6834.79,4,28.618,769.649,794.614,49.7547,14,2,1.0,0.0,0.2,4,0.0,0,True,1746968418.9865541,right,False
1395,1746968422.3354547,53.5283,-20.0098,-1.39562,-0.647982,-0.449284,6824.91,4,28.64,769.987,794.952,49.7546,14,2,1.0,0.0,0.2,4,0.0,0,True,1746968418.9865541,right,False
1396,1746968422.3553245,53.5748,-18.9973,-1.65278,-0.645642,-0.45012,6795.45,4,28.662,770.322,795.287,49.7545,14,2,1.0,0.0,0.2,4,0.0,0,True,1746968418.9865541,right,False
1397,1746968422.3788068,53.6163,-17.9671,-1.90748,-0.6429,-0.450562,6824.28,4,28.684,770.656,795.62,49.7544,14,2,1.0,0.0,0.2,4,0.0,0,True,1746968418.9865541,right,False
1398,1746968422.4009845,53.6991,-16.9198,-2.1625,-0.63976,-0.45055,6790.18,4,28.706,770.986,795.951,49.7542,14,2,1.0,0.0,0.2,4,0.0,0,True,1746968418.9865541,right,False
1399,1746968422.4217622,53.7965,-15.859,-2.41985,-0.636214,-0.450148,6813,4,28.728,771.315,796.28,49.754,14,2,1.0,0.0,0.2,4,0.0,0,True,1746968418.9865541,right,False
1400,1746968422.4441993,53.8799,-14.7847,-2.68963,-0.632284,-0.449308,6807.92,4,28.75,771.642,796.607,49.7538,14,2,1.0,0.0,0.2,4,0.0,0,True,1746968418.9865541,right,False
1401,1746968422.4687347,53.9488,-13.6915,-2.94246,-0.627966,-0.448036,6820.78,4,28.772,771.966,796.931,49.7538,14,2,1.0,0.0,0.2,4,0.0,0,True,1746968418.9865541,right,False
1402,1746968422.4901843,54.0266,-12.5812,-3.20596,-0.623258,-0.446306,6805.27,4,28.794,772.288,797.253,49.7537,14,2,1.0,0.0,0.2,4,0.0,0,True,1746968418.9865541,right,False
1403,1746968422.5125666,54.1055,-11.457,-3.46854,-0.618168,-0.444122,6805.93,4,28.816,772.608,797.573,49.7536,14,2,1.0,0.0,0.2,4,0.0,0,True,1746968418.9865541,right,False
1404,1746968422.5374258,54.2076,-10.3254,-3.73036,-0.612695,-0.441508,6831.1,4,28.838,772.925,797.89,49.7534,14,2,1.0,0.0,0.2,4,0.0,0,True,1746968418.9865541,right,False
1405,1746968422.5590336,54.3284,-9.18287,-3.98594,-0.606854,-0.43852,6816.3,4,28.86,773.241,798.206,49.7533,14,2,1.0,0.0,0.2,4,0.0,0,True,1746968418.9865541,right,False
1406,1746968422.576427,54.453,-8.04233,-4.23737,-0.600639,-0.435212,6772.87,4,28.882,773.555,798.52,49.7531,14,2,1.0,0.0,0.2,4,0.0,0,True,1746968418.9865541,right,False
1407,1746968422.6021402,54.587,-6.91742,-4.49529,-0.594047,-0.431674,6812.18,4,28.904,773.867,798.832,49.7529,14,2,1.0,0.0,0.2,4,0.0,0,True,1746968418.9865541,right,False
1408,1746968422.6203234,54.7359,-5.81703,-4.74463,-0.587099,-0.428032,6801.3,4,28.926,774.178,799.142,49.7526,14,2,1.0,0.0,0.2,4,0.0,0,True,1746968418.9865541,right,False
1409,1746968422.6472979,54.9077,-4.7588,-4.98567,-0.579808,-0.424449,6797.69,4,28.948,774.487,799.452,49.7523,14,2,1.0,0.0,0.2,4,0.0,0,True,1746968418.9865541,right,False
1410,1746968422.6637907,55.1053,-3.7696,-5.22141,-0.572182,-0.421121,6765.82,4,28.97,774.795,799.76,49.752,14,2,1.0,0.0,0.2,4,0.0,0,True,1746968418.9865541,right,False
1411,1746968422.6875257,55.3275,-2.86249,-5.44596,-0.564235,-0.418246,6693.79,4,28.992,775.103,800.068,49.7516,14,2,1.0,0.0,0.2,4,0.0,0,True,1746968418.9865541,right,False
1412,1746968422.7094254,55.5685,-2.0556,-5.66205,-0.555979,-0.416023,6595.17,4,29.014,775.41,800.375,49.7513,14,2,1.0,0.0,0.2,4,0.0,0,True,1746968418.9865541,right,False
1413,1746968422.729504,55.8362,-1.35462,-5.86947,-0.547443,-0.414618,6466.6,4,29.036,775.717,800.682,49.751,14,2,1.0,0.0,0.2,4,0.0,0,True,1746968418.9865541,right,False
1414,1746968422.7550857,56.1305,-0.767363,-6.06223,-0.538645,-0.414135,6298.43,4,29.058,776.025,800.989,49.7506,14,2,1.0,0.0,0.2,4,0.0,0,True,1746968418.9865541,right,False
1415,1746968422.7735713,56.4622,-0.285911,-6.24504,-0.5296,-0.414623,6086.04,4,29.08,776.333,801.297,49.7503,14,2,1.0,0.0,0.2,4,0.0,0,True,1746968418.9865541,right,False
1416,1746968422.8002374,56.8258,0.0958549,-6.41147,-0.520312,-0.416078,5845.75,4,29.102,776.641,801.606,49.75,14,2,1.0,0.0,0.2,4,0.0,0,True,1746968418.9865541,right,False
1417,1746968422.8213158,57.2125,0.388382,-6.56397,-0.510807,-0.418449,5588.35,4,29.124,776.951,801.916,49.7496,14,2,1.0,0.0,0.2,4,0.0,0,True,1746968418.9865541,right,False
1418,1746968422.8423042,57.6255,0.606589,-6.7049,-0.50109,-0.421656,5298.51,4,29.146,777.263,802.228,49.7493,14,2,1.0,0.0,0.2,4,0.0,0,True,1746968418.9865541,right,False
1419,1746968422.8654318,58.0551,0.761259,-6.84018,-0.491154,-0.4256,4994.56,4,29.168,777.576,802.54,49.749,14,2,1.0,0.0,0.2,4,0.0,0,True,1746968418.9865541,right,False
1420,1746968422.885903,58.4974,0.865416,-6.96472,-0.481,-0.430176,4678.44,4,29.19,777.89,802.855,49.7487,14,2,1.0,0.0,0.2,4,0.0,0,True,1746968418.9865541,right,False
1421,1746968422.90561,58.9551,0.933258,-7.08487,-0.470624,-0.435296,4335.93,4,29.212,778.206,803.171,49.7484,14,2,1.0,0.0,0.2,4,0.0,0,True,1746968418.9865541,right,False
1422,1746968422.9334722,59.4128,0.974436,-7.20062,-0.460038,-0.440904,3983.43,4,29.234,778.524,803.489,49.7482,14,2,1.0,0.0,0.2,4,0.0,0,True,1746968418.9865541,right,False
1423,1746968422.9535673,59.8652,0.996521,-7.30849,-0.449245,-0.446959,3624.02,4,29.256,778.844,803.808,49.748,14,2,1.0,0.0,0.2,4,0.0,0,True,1746968418.9865541,right,False
1424,1746968422.976436,60.2992,1.0055,-7.41374,-0.438234,-0.453451,3284.85,4,29.278,779.164,804.129,49.7478,14,2,1.0,0.0,0.2,4,0.0,0,True,1746968418.9865541,right,False
1425,1746968422.9945612,60.7081,1.0028,-7.52103,-0.426996,-0.46039,2962.07,4,29.3,779.487,804.452,49.7477,14,2,1.0,0.0,0.2,4,0.0,0,True,1746968418.9865541,right,False
1426,1746968423.018197,61.0872,0.994676,-7.64182,-0.415533,-0.46783,2666.34,4,29.322,779.81,804.775,49.7475,14,2,0.8,0.0,0.2,3,0.0,0,True,1746968418.9865541,right,False
1427,1746968423.0410297,61.4067,0.985313,-7.76671,-0.403835,-0.475897,2450.98,4,29.344,780.135,805.099,49.7474,14,2,0.8,0.0,0.2,3,0.0,0,True,1746968418.9865541,right,False
1428,1746968423.0608287,61.6224,0.970183,-7.89024,-0.391907,-0.48483,2379.75,4,29.366,780.459,805.424,49.7474,14,2,0.6000000000000001,0.0,0.2,2,0.0,0,True,1746968418.9865541,right,False
1429,1746968423.0826168,61.7415,0.915254,-8.02383,-0.379759,-0.494658,3070.52,3,29.388,780.783,805.748,49.7473,14,2,0.6000000000000001,0.0,0.2,2,0.0,0,True,1746968418.9865541,right,False
1430,1746968423.106642,61.807,0.832995,-8.15251,-0.367397,-0.505264,3075.03,3,29.41,781.106,806.07,49.7473,14,2,0.6000000000000001,0.0,0.2,2,0.0,0,True,1746968418.9865541,right,False
1431,1746968423.1305666,61.8705,0.724975,-8.28994,-0.354812,-0.516585,3079.54,3,29.432,781.427,806.392,49.7473,14,2,0.6000000000000001,0.0,0.2,2,0.0,0,True,1746968418.9865541,right,False
1432,1746968423.1508892,61.9336,0.600552,-8.42457,-0.342008,-0.528556,3084.04,3,29.454,781.748,806.712,49.7473,14,2,0.6000000000000001,0.0,0.2,2,0.0,0,True,1746968418.9865541,right,False
1433,1746968423.1711903,61.9969,0.45679,-8.56891,-0.328971,-0.54113,3088.54,3,29.476,782.067,807.031,49.7473,14,2,0.6000000000000001,0.0,0.0,2,0.0,0,True,1746968418.9865541,left,False
1434,1746968423.1919365,62.0596,0.298533,-8.70866,-0.315694,-0.554258,3093.04,3,29.498,782.384,807.349,49.7473,14,2,0.6000000000000001,0.0,0.0,2,0.0,0,True,1746968418.9865541,left,False
1435,1746968423.2148147,62.1219,0.124278,-8.86556,-0.302179,-0.567892,3097.54,3,29.52,782.7,807.665,49.7473,14,2,0.6000000000000001,0.0,0.0,2,0.0,0,True,1746968418.9865541,left,False
1436,1746968423.2364185,62.1833,-0.0603493,-9.01819,-0.288413,-0.581971,3102.03,3,29.542,783.014,807.979,49.7473,14,2,0.6000000000000001,0.0,0.0,2,0.0,0,True,1746968418.9865541,left,False
1437,1746968423.2589266,62.2715,-0.500737,-9.17041,-0.274436,-0.595763,3106.52,3,29.564,783.327,808.292,49.7473,14,2,0.6000000000000001,0.0,0.0,2,0.0,0,True,1746968418.9865541,left,False
1438,1746968423.2804198,62.368,-1.02178,-9.31072,-0.260347,-0.606762,3111,3,29.586,783.64,808.605,49.7473,14,2,0.6000000000000001,0.0,0.0,2,0.0,0,True,1746968418.9865541,left,False
1439,1746968423.3044994,62.4633,-1.30921,-9.43027,-0.246167,-0.615063,3115.49,3,29.608,783.953,808.917,49.7473,14,2,0.6000000000000001,0.0,0.0,2,0.0,0,True,1746968418.9865541,left,False
1440,1746968423.3231518,62.561,-1.41562,-9.52784,-0.231871,-0.621308,3119.96,3,29.63,784.265,809.23,49.7473,14,2,0.6000000000000001,0.0,0.0,2,0.0,0,True,1746968418.9865541,left,False
1441,1746968423.3460155,62.6615,-1.40083,-9.61694,-0.217438,-0.625997,3124.44,3,29.652,784.577,809.542,49.7473,14,2,0.6000000000000001,0.0,0.0,2,0.0,0,True,1746968418.9865541,left,False
1442,1746968423.3695428,62.7658,-1.30482,-9.70046,-0.202881,-0.62949,4175.16,2,29.674,784.889,809.854,49.7473,14,2,0.6000000000000001,0.0,0.0,2,0.0,0,True,1746968418.9865541,left,False
1443,1746968423.3913264,62.8717,-1.16011,-9.7752,-0.18819,-0.632041,4178.14,2,29.696,785.201,810.165,49.7473,14,2,0.6000000000000001,0.0,0.0,2,0.0,0,True,1746968418.9865541,left,False
1444,1746968423.4122987,62.9787,-0.989693,-9.85314,-0.173385,-0.633835,4181.11,2,29.718,785.512,810.476,49.7473,14,2,0.6000000000000001,0.0,0.0,2,0.0,0,True,1746968418.9865541,left,False
1445,1746968423.4337714,63.0869,-0.804621,-9.92251,-0.158451,-0.635018,4184.08,2,29.74,785.823,810.787,49.7473,14,2,0.6000000000000001,0.0,0.0,2,0.0,0,True,1746968418.9865541,left,False
1446,1746968423.4569173,63.196,-0.618057,-9.99274,-0.14341,-0.635699,4187.04,2,29.762,786.133,811.098,49.7473,14,2,0.6000000000000001,0.0,0.0,2,0.0,0,True,1746968418.9865541,left,False
1447,1746968423.4782412,63.3057,-0.438584,-10.0625,-0.128278,-0.635977,4190,2,29.784,786.444,811.409,49.7473,14,2,0.6000000000000001,0.0,0.0,2,0.0,0,True,1746968418.9865541,left,False
1448,1746968423.5006442,63.4157,-0.26817,-10.122,-0.113059,-0.635931,4192.95,2,29.806,786.755,811.72,49.7473,14,2,0.6000000000000001,0.0,0.0,2,0.0,0,True,1746968418.9865541,left,False
1449,1746968423.5226882,63.5259,-0.111436,-10.1802,-0.097762,-0.635629,4195.9,2,29.828,787.066,812.031,49.7473,14,2,0.6000000000000001,0.0,0.0,2,0.0,0,True,1746968418.9865541,left,False
1450,1746968423.5481687,63.6361,0.0301872,-10.2319,-0.0823954,-0.635129,4198.84,2,29.85,787.378,812.343,49.7473,14,2,0.6000000000000001,0.0,0.0,2,0.0,0,True,1746968418.9865541,left,False
1451,1746968423.5665445,63.7462,0.15609,-10.2769,-0.0669698,-0.63448,4201.77,2,29.872,787.69,812.654,49.7473,14,2,0.6000000000000001,0.0,0.0,2,0.0,0,True,1746968418.9865541,left,False
1452,1746968423.588354,63.8562,0.265781,-10.3159,-0.0514974,-0.633724,4204.7,2,29.894,788.002,812.967,49.7473,14,2,0.6000000000000001,0.0,0.0,2,0.0,0,True,1746968418.9865541,left,False
1453,1746968423.6096094,63.9661,0.360657,-10.3505,-0.0359904,-0.632895,4207.63,2,29.916,788.315,813.28,49.7473,14,2,0.6000000000000001,0.0,0.0,2,0.0,0,True,1746968418.9865541,left,False
1454,1746968423.6314604,64.0758,0.440836,-10.3782,-0.0204264,-0.632019,4210.54,2,29.938,788.629,813.594,49.7473,14,2,0.6000000000000001,0.0,0.0,2,0.0,0,True,1746968418.9865541,left,False
1455,1746968423.6557431,64.1853,0.507722,-10.3912,-0.00484619,-0.631114,4213.45,2,29.96,788.943,813.908,49.7473,14,2,0.6000000000000001,0.0,0.0,2,0.0,0,True,1746968418.9865541,left,False
1456,1746968423.6765504,64.2974,0.563384,-10.4016,0.0107605,-0.630194,4277.39,2,29.982,789.258,814.223,49.7473,14,2,0.6000000000000001,0.0,-0.1,2,0.0,0,True,1746968418.9865541,left,False
1457,1746968423.698684,64.5256,0.610424,-10.4148,0.0264079,-0.629266,4413.22,2,30.004,789.575,814.539,49.7472,14,2,0.6000000000000001,0.0,-0.1,2,0.0,0,True,1746968418.9865541,left,False
1458,1746968423.7216325,64.7987,0.648741,-10.4188,0.0421082,-0.628349,4430.73,2,30.026,789.892,814.857,49.747,14,2,0.6000000000000001,0.0,-0.2,2,0.0,0,True,1746968418.9865541,left,False
1459,1746968423.741198,65.0706,0.680815,-10.4376,0.0578674,-0.627449,4454.59,2,30.048,790.212,815.177,49.7469,14,2,0.6000000000000001,0.0,-0.2,2,0.0,0,True,1746968418.9865541,left,False
1460,1746968423.7634811,65.323,0.511788,-10.4497,0.0736776,-0.625847,4484.4,2,30.07,790.534,815.499,49.7467,14,2,0.6000000000000001,0.0,-0.2,2,0.0,0,True,1746968418.9865541,left,False
1461,1746968423.7919593,65.5776,0.389167,-10.4507,0.0894307,-0.622448,4496.05,2,30.092,790.858,815.823,49.7465,14,2,0.6000000000000001,0.0,-0.30000000000000004,2,0.0,0,True,1746968418.9865541,left,False
1462,1746968423.8100767,65.7933,0.231011,-10.4384,0.105096,-0.617052,4521.19,2,30.114,791.185,816.15,49.7464,14,2,0.6000000000000001,0.0,-0.30000000000000004,2,0.0,0,True,1746968418.9865541,left,False
1463,1746968423.830258,66.0053,0.162912,-10.4024,0.120626,-0.609132,4531.57,2,30.136,791.516,816.481,49.7462,14,2,0.6000000000000001,0.0,-0.4,2,0.0,0,True,1746968418.9865541,left,False
1464,1746968423.8536503,66.2168,0.192954,-10.3263,0.135992,-0.598967,4535.62,2,30.158,791.85,816.815,49.746,14,2,0.6000000000000001,0.0,-0.4,2,0.0,0,True,1746968418.9865541,left,False
1465,1746968423.8802273,66.3766,0.222912,-10.2308,0.151172,-0.586514,4555.36,2,30.18,792.188,817.152,49.7459,14,2,0.6000000000000001,0.0,-0.5,2,0.0,0,True,1746968418.9865541,left,False
1466,1746968423.8952363,66.5239,0.334856,-10.1043,0.166103,-0.571515,4563.9,2,30.202,792.529,817.494,49.7457,14,2,0.6000000000000001,0.0,-0.5,2,0.0,0,True,1746968418.9865541,left,False
1467,1746968423.9190607,66.6162,0.486913,-9.94483,0.180731,-0.553991,4573.57,2,30.224,792.875,817.839,49.7455,14,2,0.6000000000000001,0.0,-0.5,2,0.0,0,True,1746968418.9865541,left,False
1468,1746968423.9418943,66.6862,0.719568,-9.74788,0.195022,-0.533899,4575.95,2,30.246,793.224,818.189,49.7454,14,2,0.6000000000000001,0.0,-0.6,2,0.0,0,True,1746968418.9865541,left,False
1469,1746968423.9637313,66.697,1.01031,-9.51639,0.208921,-0.511343,4572.36,2,30.268,793.578,818.543,49.7452,14,2,0.6000000000000001,0.0,-0.6,2,0.0,0,True,1746968418.9865541,left,False
1470,1746968423.9874387,66.673,1.37834,-9.24154,0.22238,-0.48637,4571.64,2,30.29,793.936,818.901,49.745,14,2,0.6000000000000001,0.0,-0.7,2,0.0,0,True,1746968418.9865541,left,False
1471,1746968424.0083416,66.6234,1.82273,-8.93481,0.235362,-0.459158,4569.32,2,30.312,794.298,819.263,49.7449,14,2,0.6000000000000001,0.0,-0.7,2,0.0,0,True,1746968418.9865541,left,False
1472,1746968424.030315,66.5046,2.31809,-8.58763,0.247829,-0.429821,4551.99,2,30.334,794.664,819.629,49.7447,14,2,0.6000000000000001,0.0,-0.7999999999999999,2,0.0,0,True,1746968418.9865541,left,False
1473,1746968424.0525007,66.3401,2.87757,-8.20929,0.259727,-0.398506,4540.05,2,30.356,795.033,819.998,49.7445,14,2,0.6000000000000001,0.0,-0.7999999999999999,2,0.0,0,True,1746968418.9865541,left,False
1474,1746968424.071997,66.1031,3.48371,-7.80132,0.271039,-0.365396,4506.7,2,30.378,795.406,820.371,49.7444,14,2,0.6000000000000001,0.0,-0.7999999999999999,2,0.0,0,True,1746968418.9865541,left,False
1475,1746968424.096509,65.8115,4.14097,-7.36724,0.281708,-0.33071,4490.01,2,30.4,795.782,820.747,49.7442,14,2,0.6000000000000001,0.0,-0.8999999999999999,2,0.0,0,True,1746968418.9865541,left,False
1476,1746968424.119712,65.4447,4.81028,-6.89706,0.291726,-0.294624,4431.27,2,30.422,796.16,821.125,49.744,14,2,0.6000000000000001,0.0,-0.8999999999999999,2,0.0,0,True,1746968418.9865541,left,False
1477,1746968424.14207,65.0216,5.51675,-6.41312,0.301046,-0.257385,4402.2,2,30.444,796.541,821.505,49.7439,14,2,0.6000000000000001,0.0,-0.9999999999999999,2,0.0,0,True,1746968418.9865541,left,False
1478,1746968424.1651225,64.5575,6.23419,-5.91312,0.309658,-0.219267,4374.3,2,30.466,796.922,821.887,49.7437,14,2,0.6000000000000001,0.0,-0.9999999999999999,2,0.0,0,True,1746968418.9865541,left,False
1479,1746968424.1877382,64.0258,6.93066,-5.38644,0.317535,-0.180532,4306.52,2,30.488,797.305,822.27,49.7436,14,2,0.6000000000000001,0.0,-0.9999999999999999,2,0.0,0,True,1746968418.9865541,left,False
1480,1746968424.2328105,63.4593,7.5919,-4.85299,0.324672,-0.14143,4185.96,2,30.51,797.688,822.653,49.7435,14,2,0.6000000000000001,0.0,-0.9999999999999999,2,0.0,0,True,1746968418.9865541,left,False
1481,1746968424.2353387,62.8192,8.22966,-4.31248,0.331049,-0.102011,4040.85,2,30.532,798.071,823.036,49.7433,14,2,0.6000000000000001,0.0,-0.9999999999999999,2,0.0,0,True,1746968418.9865541,left,False
1482,1746968424.2721784,62.12,8.82865,-3.75427,0.336654,-0.0625627,3928.89,2,30.554,798.453,823.418,49.7432,14,2,0.6000000000000001,0.0,-1.0,2,0.0,0,True,1746968418.9865541,left,False
1483,1746968424.2749865,61.3858,9.38684,-3.19922,0.34149,-0.0232966,3847.74,2,30.576,798.834,823.799,49.7431,14,2,0.6000000000000001,0.0,-1.0,2,0.0,0,True,1746968418.9865541,left,False
1484,1746968424.2932274,60.625,9.8896,-2.6395,0.345565,0.015597,3781.25,2,30.598,799.213,824.178,49.743,14,2,0.6000000000000001,0.0,-1.0,2,0.0,0,True,1746968418.9865541,left,False
1485,1746968424.315682,59.8512,10.3355,-2.09123,0.348887,0.0538813,3733.39,2,30.62,799.589,824.554,49.7428,14,2,0.6000000000000001,0.0,-1.0,2,0.0,0,True,1746968418.9865541,left,False
1486,1746968424.3364415,59.0679,10.6981,-1.53664,0.351449,0.091336,3682.64,2,30.642,799.963,824.927,49.7427,14,2,0.6000000000000001,0.0,-1.0,2,0.0,0,True,1746968418.9865541,left,False
1487,1746968424.3602784,58.2875,10.9888,-0.999023,0.353276,0.127705,3648.92,2,30.664,800.333,825.297,49.7426,14,2,0.6000000000000001,0.0,-1.0,2,0.0,0,True,1746968418.9865541,left,False
1488,1746968424.3826194,57.5173,11.1959,-0.471744,0.354382,0.16272,3631.2,2,30.686,800.699,825.664,49.7425,14,2,0.6000000000000001,0.0,-1.0,2,0.0,0,True,1746968418.9865541,left,False
1489,1746968424.4045408,56.764,11.3146,0.0406337,0.354775,0.196089,3638.29,2,30.708,801.061,826.026,49.7423,14,2,0.6000000000000001,0.0,-1.0,2,0.0,0,True,1746968418.9865541,left,False
1490,1746968424.4239602,56.0329,11.3352,0.534716,0.354488,0.227471,3691.8,2,30.73,801.419,826.383,49.7422,14,2,0.6000000000000001,0.0,-1.0,2,0.0,0,True,1746968418.9865541,left,False
1491,1746968424.4477274,55.3264,11.2565,1.00511,0.353556,0.256484,3822.89,2,30.752,801.771,826.736,49.7421,14,2,0.6000000000000001,0.0,-1.0,2,0.0,0,True,1746968418.9865541,left,False
1492,1746968424.4689474,54.6423,11.0507,1.46736,0.351986,0.282705,4051.93,2,30.774,802.119,827.084,49.742,14,2,0.6000000000000001,0.0,-1.0,2,0.0,0,True,1746968418.9865541,left,False
1493,1746968424.4911637,53.9896,10.7,1.91396,0.349827,0.305877,4342.79,2,30.796,802.462,827.427,49.7418,14,2,0.6000000000000001,0.0,0.0,2,0.0,0,True,1746968418.9865541,right,False
1494,1746968424.5137882,53.3774,10.1943,2.34461,0.347099,0.325927,4659.31,2,30.818,802.8,827.764,49.7417,14,2,0.6000000000000001,0.0,0.0,2,0.0,0,True,1746968418.9865541,right,False
1495,1746968424.5342739,52.8085,9.54609,2.75694,0.343805,0.342955,4984.77,2,30.84,803.131,828.096,49.7415,14,2,0.6000000000000001,0.0,0.0,2,0.0,0,True,1746968418.9865541,right,False
1496,1746968424.5564241,52.2796,8.7772,3.15588,0.339972,0.357086,5306.07,2,30.862,803.458,828.422,49.7413,14,2,0.6000000000000001,0.0,0.0,2,0.0,0,True,1746968418.9865541,right,False
1497,1746968424.579248,51.8128,7.91719,3.5184,0.335626,0.36848,5660.14,2,30.884,803.778,828.743,49.7412,14,2,0.6000000000000001,0.0,0.0,2,0.0,0,True,1746968418.9865541,right,False
1498,1746968424.5998285,51.4472,6.98374,3.84749,0.33078,0.377525,6003.12,2,30.906,804.094,829.058,49.741,14,2,0.6000000000000001,0.0,0.0,2,0.0,0,True,1746968418.9865541,right,False
1499,1746968424.6220882,51.1771,6.0312,4.13508,0.325448,0.384718,6316.97,2,30.928,804.404,829.369,49.7408,14,2,0.6000000000000001,0.0,0.0,2,0.0,0,True,1746968418.9865541,right,False
1500,1746968424.643669,51.0014,5.12482,4.38853,0.319668,0.390488,6604.91,2,30.95,804.711,829.676,49.7407,14,2,0.6000000000000001,0.0,0.0,2,0.0,0,True,1746968418.9865541,right,False
1501,1746968424.6680305,50.9121,4.38556,4.58911,0.313495,0.394945,6847.26,2,30.972,805.015,829.979,49.7405,14,2,0.6000000000000001,0.0,0.0,2,0.0,0,True,1746968418.9865541,right,False
1502,1746968424.6898017,50.8359,3.7645,4.74926,0.307015,0.397561,6821.05,2,30.994,805.315,830.28,49.7405,14,2,0.6000000000000001,0.0,0.0,2,0.0,0,True,1746968418.9865541,right,False
1503,1746968424.7116067,50.8613,3.18651,4.88096,0.300277,0.398515,6749.1,2,31.016,805.615,830.579,49.7404,14,2,0.6000000000000001,0.0,0.0,2,0.0,0,True,1746968418.9865541,right,False
1504,1746968424.7336338,51.0122,2.68041,4.99851,0.293319,0.398194,6481.9,2,31.038,805.913,830.878,49.7402,14,2,0.6000000000000001,0.0,0.0,2,0.0,0,True,1746968418.9865541,right,False
1505,1746968424.7535403,51.2663,2.25302,5.09221,0.286176,0.396879,5987.82,2,31.06,806.211,831.176,49.7401,14,2,0.6000000000000001,0.0,0.0,2,0.0,0,True,1746968418.9865541,right,False
1506,1746968424.7763577,51.6002,1.90332,5.1739,0.278864,0.39485,5337.56,2,31.082,806.51,831.475,49.7399,14,2,0.6000000000000001,0.0,0.0,2,0.0,0,True,1746968418.9865541,right,False
1507,1746968424.80038,51.9574,1.6193,5.23287,0.271415,0.392352,4654.04,2,31.104,806.811,831.776,49.7397,14,2,0.6000000000000001,0.0,0.0,2,0.0,0,True,1746968418.9865541,right,False
1508,1746968424.821935,52.3224,1.38237,5.278,0.263892,0.38962,3939.33,2,31.126,807.113,832.078,49.7396,14,2,0.6000000000000001,0.0,0.0,2,0.0,0,True,1746968418.9865541,right,False
1509,1746968424.8474178,52.5321,1.15122,5.31639,0.256242,0.38713,3601.05,2,31.148,807.417,832.381,49.7395,14,2,0.6000000000000001,0.0,0.1,2,0.0,0,True,1746968418.9865541,right,False
1510,1746968424.8658035,52.6012,0.975087,5.32522,0.24856,0.385395,3603.53,2,31.17,807.72,832.685,49.7393,14,2,0.6000000000000001,0.0,0.1,2,0.0,0,True,1746968418.9865541,right,False
1511,1746968424.8859735,52.6697,0.858432,5.33084,0.240851,0.384306,3603.59,2,31.192,808.024,832.989,49.7392,14,2,0.6000000000000001,0.0,0.1,2,0.0,0,True,1746968418.9865541,right,False
1512,1746968424.9107423,52.738,0.785009,5.32125,0.233114,0.383725,3603.75,2,31.214,808.328,833.293,49.7391,14,2,0.6000000000000001,0.0,0.2,2,0.0,0,True,1746968418.9865541,right,False
1513,1746968424.9310787,52.7951,0.968466,5.30039,0.225393,0.382739,3610.76,2,31.236,808.633,833.598,49.739,14,2,0.6000000000000001,0.0,0.2,2,0.0,0,True,1746968418.9865541,right,False
1514,1746968424.9550304,52.853,1.11723,5.26508,0.217784,0.380143,3616.32,2,31.258,808.938,833.903,49.7388,14,2,0.6000000000000001,0.0,0.2,2,0.0,0,True,1746968418.9865541,right,False
1515,1746968424.9764247,52.8847,1.35036,5.19942,0.210291,0.375765,3633.68,2,31.28,809.245,834.209,49.7387,14,2,0.6000000000000001,0.0,0.2,2,0.0,0,True,1746968418.9865541,right,False
1516,1746968425.000527,52.9226,1.49927,5.12236,0.202989,0.369117,3640.85,2,31.302,809.552,834.517,49.7386,14,2,0.6000000000000001,0.0,0.30000000000000004,2,0.0,0,True,1746968418.9865541,right,False
1517,1746968425.0187862,52.97,1.5469,5.01612,0.195868,0.360763,3653.5,2,31.324,809.861,834.826,49.7384,14,2,0.6000000000000001,0.0,0.30000000000000004,2,0.0,0,True,1746968418.9865541,right,False
1518,1746968425.043184,53.0252,1.52782,4.89153,0.18891,0.351194,3665.5,2,31.346,810.171,835.135,49.7383,14,2,0.6000000000000001,0.0,0.4,2,0.0,0,True,1746968418.9865541,right,False
1519,1746968425.062019,53.0854,1.47017,4.75408,0.182147,0.340752,3677.82,2,31.368,810.482,835.446,49.7382,14,2,0.6000000000000001,0.0,0.4,2,0.0,0,True,1746968418.9865541,right,False
1520,1746968425.0848355,53.1121,1.49082,4.59959,0.175586,0.329347,3711.24,2,31.39,810.794,835.758,49.7381,14,2,0.6000000000000001,0.0,0.4,2,0.0,0,True,1746968418.9865541,right,False
1521,1746968425.1054957,53.1427,1.47429,4.42022,0.169277,0.316669,3738.76,2,31.412,811.107,836.072,49.7379,14,2,0.6000000000000001,0.0,0.5,2,0.0,0,True,1746968418.9865541,right,False
1522,1746968425.130002,53.1448,1.46233,4.23364,0.163224,0.302848,3791.58,2,31.434,811.422,836.386,49.7378,14,2,0.6000000000000001,0.0,0.5,2,0.0,0,True,1746968418.9865541,right,False
1523,1746968425.1501768,53.1489,1.40535,4.028,0.157467,0.287911,3844.4,2,31.456,811.737,836.702,49.7377,14,2,0.6000000000000001,0.0,0.6,2,0.0,0,True,1746968418.9865541,right,False
1524,1746968425.176447,53.1601,1.30889,3.81114,0.152006,0.272159,3902.29,2,31.478,812.054,837.019,49.7376,14,2,0.6000000000000001,0.0,0.6,2,0.0,0,True,1746968418.9865541,right,False
1525,1746968425.193736,53.1462,1.21013,3.58837,0.14684,0.255702,3984.59,2,31.5,812.372,837.337,49.7374,14,2,0.6000000000000001,0.0,0.6,2,0.0,0,True,1746968418.9865541,right,False
1526,1746968425.2188172,53.126,1.08734,3.34564,0.141972,0.238583,4090,2,31.522,812.691,837.656,49.7373,14,2,0.6000000000000001,0.0,0.7,2,0.0,0,True,1746968418.9865541,right,False
1527,1746968425.2395325,53.0929,0.969078,3.10648,0.137435,0.220927,4181.8,2,31.544,813.011,837.975,49.7372,14,2,0.6000000000000001,0.0,0.7,2,0.0,0,True,1746968418.9865541,right,False
1528,1746968425.2616682,53.058,0.833076,2.85524,0.133228,0.202756,4280.04,2,31.566,813.331,838.296,49.7371,14,2,0.6000000000000001,0.0,0.7999999999999999,2,0.0,0,True,1746968418.9865541,right,False
1529,1746968425.2822604,53.0312,0.686122,2.59347,0.129356,0.184142,4370.01,2,31.588,813.652,838.617,49.7369,14,2,0.6000000000000001,0.0,0.7999999999999999,2,0.0,0,True,1746968418.9865541,right,False
1530,1746968425.3088663,52.9903,0.551801,2.34707,0.125828,0.165108,4436.77,2,31.61,813.974,838.938,49.7368,14,2,0.6000000000000001,0.0,0.8999999999999999,2,0.0,0,True,1746968418.9865541,right,False
1531,1746968425.3282077,52.9465,0.408041,2.09123,0.12266,0.145648,4511.12,2,31.632,814.296,839.261,49.7366,14,2,0.6000000000000001,0.0,0.8999999999999999,2,0.0,0,True,1746968418.9865541,right,False
1532,1746968425.3524644,52.8898,0.257345,1.82435,0.119851,0.125806,4578.29,2,31.654,814.618,839.583,49.7365,14,2,0.6000000000000001,0.0,0.8999999999999999,2,0.0,0,True,1746968418.9865541,right,False
1533,1746968425.372277,52.8284,0.107386,1.57224,0.117407,0.105611,4646.37,2,31.676,814.941,839.906,49.7363,14,2,0.6000000000000001,0.0,0.9999999999999999,2,0.0,0,True,1746968418.9865541,right,False
1534,1746968425.3922734,52.7475,-0.047842,1.31141,0.115354,0.0850815,4718.15,2,31.698,815.264,840.229,49.7361,14,2,0.6000000000000001,0.0,0.9999999999999999,2,0.0,0,True,1746968418.9865541,right,False
1535,1746968425.4133508,52.6674,-0.203685,1.05299,0.113672,0.0642642,4777.11,2,31.72,815.587,840.552,49.7359,14,2,0.6000000000000001,0.0,1.0,2,0.0,0,True,1746968418.9865541,right,False
1536,1746968425.4379387,52.5901,-0.368056,0.786769,0.112382,0.0431588,4827.52,2,31.742,815.91,840.875,49.7358,14,2,0.6000000000000001,0.0,1.0,2,0.0,0,True,1746968418.9865541,right,False
1537,1746968425.4595299,52.4979,-0.528908,0.528056,0.111475,0.0217614,4852.12,2,31.764,816.233,841.198,49.7356,14,2,0.6000000000000001,0.0,1.0,2,0.0,0,True,1746968418.9865541,right,False
1538,1746968425.4838395,52.3968,-0.694633,0.267976,0.110968,0.000114918,4897.62,2,31.786,816.555,841.52,49.7354,14,2,0.6000000000000001,0.0,1.0,2,0.0,0,True,1746968418.9865541,right,False
1539,1746968425.5015259,52.294,-0.859275,0.0136124,0.110858,-0.0217078,4945.51,2,31.808,816.877,841.841,49.7353,14,2,0.6000000000000001,0.0,1.0,2,0.0,0,True,1746968418.9865541,right,False
1540,1746968425.52621,52.1882,-1.03235,-0.248118,0.111139,-0.0436661,5000.58,2,31.83,817.198,842.162,49.7351,14,2,0.6000000000000001,0.0,1.0,2,0.0,0,True,1746968418.9865541,right,False
1541,1746968425.5464928,52.087,-1.20229,-0.511559,0.111825,-0.0657693,5045.24,2,31.852,817.518,842.483,49.7349,14,2,0.6000000000000001,0.0,1.0,2,0.0,0,True,1746968418.9865541,right,False
1542,1746968425.567623,51.9819,-1.38024,-0.775779,0.112897,-0.0879658,5104.81,2,31.874,817.837,842.802,49.7348,14,2,0.6000000000000001,0.0,1.0,2,0.0,0,True,1746968418.9865541,right,False
1543,1746968425.5932195,51.881,-1.5476,-1.04432,0.11437,-0.110222,5158.1,2,31.896,818.156,843.121,49.7346,14,2,0.6000000000000001,0.0,1.0,2,0.0,0,True,1746968418.9865541,right,False
1544,1746968425.6133838,51.7818,-1.70639,-1.30445,0.116243,-0.132507,5186.88,2,31.918,818.473,843.438,49.7344,14,2,0.6000000000000001,0.0,1.0,2,0.0,0,True,1746968418.9865541,right,False
1545,1746968425.6365266,51.68,-1.86471,-1.56764,0.118516,-0.154808,5249.38,2,31.94,818.79,843.754,49.7343,14,2,0.6000000000000001,0.0,0.0,2,0.0,0,True,1746968418.9865541,left,False
1546,1746968425.6579664,51.5833,-2.02152,-1.83729,0.121187,-0.177071,5286.08,2,31.962,819.105,844.069,49.7341,14,2,0.6000000000000001,0.0,0.0,2,0.0,0,True,1746968418.9865541,left,False
1547,1746968425.678111,51.4909,-2.17193,-2.10933,0.124247,-0.199329,5313.89,2,31.984,819.418,844.383,49.7339,14,2,0.6000000000000001,0.0,0.0,2,0.0,0,True,1746968418.9865541,left,False
1548,1746968425.7018228,51.3931,-2.32333,-2.37819,0.127708,-0.221535,5363.85,2,32.006,819.731,844.695,49.7338,14,2,0.6000000000000001,0.0,0.0,2,0.0,0,True,1746968418.9865541,left,False
1549,1746968425.720613,51.3272,-2.46013,-2.62861,0.131193,-0.241694,5412.78,2,32.026,820.013,844.978,49.7336,14,2,0.6000000000000001,0.0,0.0,2,0.0,0,True,1746968418.9865541,left,False
1550,1746968425.74352,51.3037,-2.59487,-2.87023,0.135,-0.261819,5444.42,2,32.046,820.295,845.26,49.7335,14,2,0.6000000000000001,0.0,0.0,2,0.0,0,True,1746968418.9865541,left,False
1551,1746968425.7593505,51.3227,-2.74414,-3.11395,0.139124,-0.281826,5484.38,2,32.066,820.575,845.54,49.7333,14,2,0.6000000000000001,0.0,0.0,2,0.0,0,True,1746968418.9865541,left,False
1552,1746968425.7814665,51.3894,-2.92658,-3.35325,0.143569,-0.301544,5522.2,2,32.086,820.855,845.82,49.7332,14,2,0.6000000000000001,0.0,0.0,2,0.0,0,True,1746968418.9865541,left,False
1553,1746968425.7999012,51.5241,-3.22168,-3.58099,0.148303,-0.3204,5494.06,2,32.106,821.135,846.099,49.733,14,2,0.6000000000000001,0.0,0.0,2,0.0,0,True,1746968418.9865541,left,False
1554,1746968425.8209572,51.7155,-3.63142,-3.79603,0.153255,-0.337003,5379.17,2,32.126,821.414,846.379,49.7328,14,2,0.6000000000000001,0.0,0.0,2,0.0,0,True,1746968418.9865541,left,False
1555,1746968425.8411202,51.9723,-3.85367,-3.98788,0.158403,-0.350888,5110.79,2,32.146,821.695,846.66,49.7327,14,2,0.6000000000000001,0.0,0.0,2,0.0,0,True,1746968418.9865541,left,False
1556,1746968425.862019,52.2716,-3.91305,-4.17285,0.163786,-0.362351,4771.5,2,32.166,821.976,846.941,49.7325,14,2,0.6000000000000001,0.0,0.0,2,0.0,0,True,1746968418.9865541,left,False
1557,1746968425.8795562,52.6004,-3.83735,-4.34494,0.169411,-0.37165,4374.06,2,32.186,822.258,847.223,49.7324,14,2,0.6000000000000001,0.0,0.0,2,0.0,0,True,1746968418.9865541,left,False
1558,1746968425.9003277,52.9331,-3.64383,-4.50929,0.175277,-0.379015,3978.48,2,32.206,822.541,847.506,49.7323,14,2,0.6000000000000001,0.0,0.0,2,0.0,0,True,1746968418.9865541,left,False
1559,1746968425.9210143,53.2208,-3.35208,-4.667,0.181394,-0.384727,3704.49,2,32.226,822.825,847.789,49.7322,14,2,0.6000000000000001,0.0,0.0,2,0.0,0,True,1746968418.9865541,left,False
1560,1746968425.9395723,53.42,-3.00047,-4.82769,0.187767,-0.389186,3672.6,2,32.246,823.108,848.073,49.732,14,2,0.6000000000000001,0.0,0.0,2,0.0,0,True,1746968418.9865541,left,False
1561,1746968425.9615126,53.605,-2.62534,-4.98031,0.19436,-0.39261,3685.37,2,32.266,823.392,848.357,49.7319,14,2,0.6000000000000001,0.0,0.0,2,0.0,0,True,1746968418.9865541,left,False
1562,1746968425.9813457,53.7951,-2.24501,-5.13042,0.201166,-0.395123,3697.43,2,32.286,823.675,848.64,49.7318,14,2,0.6000000000000001,0.0,0.0,2,0.0,0,True,1746968418.9865541,left,False
1563,1746968425.999634,53.9886,-1.86822,-5.26963,0.208175,-0.39685,3710.1,2,32.306,823.959,848.924,49.7317,14,2,0.6000000000000001,0.0,0.0,2,0.0,0,True,1746968418.9865541,left,False
1564,1746968426.0220263,54.1864,-1.50973,-5.40473,0.215356,-0.39792,3717.23,2,32.326,824.243,849.207,49.7316,14,2,0.6000000000000001,0.0,0.0,2,0.0,0,True,1746968418.9865541,left,False
1565,1746968426.043454,54.3849,-1.17451,-5.52761,0.222709,-0.398456,3729.57,2,32.346,824.527,849.492,49.7315,14,2,0.6000000000000001,0.0,0.0,2,0.0,0,True,1746968418.9865541,left,False
1566,1746968426.0599914,54.5857,-0.869477,-5.64788,0.230198,-0.398567,3737.92,2,32.366,824.811,849.776,49.7314,14,2,0.6000000000000001,0.0,0.0,2,0.0,0,True,1746968418.9865541,left,False
1567,1746968426.0808694,54.7864,-0.597006,-5.75467,0.237807,-0.398358,3747.15,2,32.386,825.096,850.061,49.7312,14,2,0.6000000000000001,0.0,-0.1,2,0.0,0,True,1746968418.9865541,left,False
1568,1746968426.0996065,54.987,-0.35707,-5.84686,0.245536,-0.397914,3758.87,2,32.406,825.382,850.346,49.7311,14,2,0.6000000000000001,0.0,-0.1,2,0.0,0,True,1746968418.9865541,left,False
1569,1746968426.1244392,55.187,-0.149582,-5.92758,0.253347,-0.397301,3773.13,2,32.426,825.668,850.633,49.731,14,2,0.6000000000000001,0.0,-0.2,2,0.0,0,True,1746968418.9865541,left,False
1570,1746968426.145788,55.3889,0.0267759,-6.0008,0.261247,-0.396576,3783.28,2,32.446,825.955,850.92,49.7309,14,2,0.6000000000000001,0.0,-0.2,2,0.0,0,True,1746968418.9865541,left,False
1571,1746968426.1611974,55.5753,-0.0111505,-6.05229,0.269194,-0.395195,3801.8,2,32.466,826.243,851.208,49.7308,14,2,0.6000000000000001,0.0,-0.2,2,0.0,0,True,1746968418.9865541,left,False
1572,1746968426.181519,55.7615,-0.0531131,-6.0759,0.277096,-0.392236,3806.7,2,32.486,826.533,851.498,49.7307,14,2,0.6000000000000001,0.0,-0.30000000000000004,2,0.0,0,True,1746968418.9865541,left,False
1573,1746968426.2023606,55.9137,-0.172109,-6.07215,0.284932,-0.387542,3825.44,2,32.506,826.824,851.789,49.7306,14,2,0.6000000000000001,0.0,-0.30000000000000004,2,0.0,0,True,1746968418.9865541,left,False
1574,1746968426.2205393,56.061,-0.254662,-6.03049,0.292637,-0.38066,3831.76,2,32.526,827.117,852.082,49.7304,14,2,0.6000000000000001,0.0,-0.30000000000000004,2,0.0,0,True,1746968418.9865541,left,False
1575,1746968426.241229,56.2087,-0.270985,-5.94901,0.300193,-0.371877,3836.92,2,32.546,827.412,852.377,49.7303,14,2,0.6000000000000001,0.0,-0.30000000000000004,2,0.0,0,True,1746968418.9865541,left,False
1576,1746968426.2623146,56.3139,-0.326819,-5.84203,0.307568,-0.361195,3847.94,2,32.566,827.709,852.674,49.7302,14,2,0.6000000000000001,0.0,-0.30000000000000004,2,0.0,0,True,1746968418.9865541,left,False
1577,1746968426.2807667,56.4061,-0.344978,-5.69933,0.314712,-0.348337,3859.09,2,32.586,828.008,852.973,49.7301,14,2,0.6000000000000001,0.0,-0.30000000000000004,2,0.0,0,True,1746968418.9865541,left,False
1578,1746968426.3003957,56.4973,-0.30526,-5.518,0.321608,-0.333555,3861.6,2,32.606,828.309,853.274,49.73,14,2,0.6000000000000001,0.0,-0.30000000000000004,2,0.0,0,True,1746968418.9865541,left,False
1579,1746968426.3211129,56.5839,-0.211188,-5.31317,0.328233,-0.317113,3868.02,2,32.626,828.612,853.576,49.7299,14,2,0.6000000000000001,0.0,-0.30000000000000004,2,0.0,0,True,1746968418.9865541,left,False
1580,1746968426.3406177,56.6648,-0.0804516,-5.07239,0.334558,-0.299236,3875.18,2,32.646,828.917,853.882,49.7298,14,2,0.6000000000000001,0.0,-0.30000000000000004,2,0.0,0,True,1746968418.9865541,left,False
1581,1746968426.3614833,56.7394,0.0820447,-4.80462,0.340586,-0.280158,3881.8,2,32.666,829.224,854.188,49.7296,14,2,0.6000000000000001,0.0,-0.30000000000000004,2,0.0,0,True,1746968418.9865541,left,False
1582,1746968426.381705,56.8079,0.269468,-4.52906,0.346285,-0.260176,3891.49,2,32.686,829.533,854.497,49.7295,14,2,0.6000000000000001,0.0,-0.30000000000000004,2,0.0,0,True,1746968418.9865541,left,False
1583,1746968426.4019,56.8695,0.463038,-4.23261,0.35165,-0.239477,3899.44,2,32.706,829.844,854.808,49.7294,14,2,0.6000000000000001,0.0,-0.30000000000000004,2,0.0,0,True,1746968418.9865541,left,False
1584,1746968426.4225898,56.9227,0.660698,-3.92583,0.356663,-0.21827,3908.52,2,32.726,830.156,855.121,49.7293,14,2,0.6000000000000001,0.0,-0.30000000000000004,2,0.0,0,True,1746968418.9865541,left,False
1585,1746968426.443525,56.9686,0.858975,-3.61452,0.361312,-0.196741,3914.21,2,32.746,830.47,855.435,49.7292,14,2,0.6000000000000001,0.0,-0.30000000000000004,2,0.0,0,True,1746968418.9865541,left,False
1586,1746968426.4632895,57.0066,1.04384,-3.29678,0.365588,-0.17507,3925.36,2,32.766,830.786,855.751,49.7291,14,2,0.6000000000000001,0.0,-0.30000000000000004,2,0.0,0,True,1746968418.9865541,left,False
1587,1746968426.4864757,57.039,1.21501,-2.97836,0.369476,-0.153422,3933.95,2,32.786,831.104,856.068,49.729,14,2,0.6000000000000001,0.0,-0.30000000000000004,2,0.0,0,True,1746968418.9865541,left,False
1588,1746968426.5038307,57.0644,1.36491,-2.66119,0.372982,-0.131921,3944.33,2,32.806,831.422,856.387,49.7288,14,2,0.6000000000000001,0.0,-0.30000000000000004,2,0.0,0,True,1746968418.9865541,left,False
1589,1746968426.520629,57.083,1.48935,-2.33587,0.376086,-0.110687,3956.98,2,32.826,831.742,856.707,49.7287,14,2,0.6000000000000001,0.0,-0.30000000000000004,2,0.0,0,True,1746968418.9865541,left,False
1590,1746968426.5432034,57.0972,1.58745,-2.00938,0.378796,-0.0898278,3969.86,2,32.846,832.063,857.027,49.7286,14,2,0.6000000000000001,0.0,-0.30000000000000004,2,0.0,0,True,1746968418.9865541,left,False
1591,1746968426.5642111,57.1073,1.65824,-1.6827,0.381104,-0.0694108,3983.65,2,32.866,832.384,857.349,49.7285,14,2,0.6000000000000001,0.0,-0.30000000000000004,2,0.0,0,True,1746968418.9865541,left,False
1592,1746968426.5857959,57.1154,1.70306,-1.35958,0.383004,-0.0494803,3993.62,2,32.886,832.707,857.671,49.7284,14,2,0.6000000000000001,0.0,-0.30000000000000004,2,0.0,0,True,1746968418.9865541,left,False
1593,1746968426.5998716,57.1236,1.71877,-1.04245,0.384493,-0.0300694,3995.49,2,32.906,833.029,857.994,49.7283,14,2,0.6000000000000001,0.0,-0.30000000000000004,2,0.0,0,True,1746968418.9865541,left,False
1594,1746968426.620099,57.1287,1.71091,-0.719101,0.385588,-0.0111964,4002.83,2,32.926,833.353,858.318,49.7282,14,2,0.6000000000000001,0.0,-0.30000000000000004,2,0.0,0,True,1746968418.9865541,left,False
1595,1746968426.6444752,57.1334,1.68027,-0.402547,0.386277,0.00713408,4005.44,2,32.946,833.676,858.641,49.728,14,2,0.6000000000000001,0.0,-0.30000000000000004,2,0.0,0,True,1746968418.9865541,left,False
1596,1746968426.6645432,57.1397,1.6271,-0.0887038,0.386562,0.0249645,3999.27,2,32.966,834,858.965,49.7279,14,2,0.6000000000000001,0.0,-0.30000000000000004,2,0.0,0,True,1746968418.9865541,left,False
1597,1746968426.681298,57.1422,1.56517,0.219804,0.386454,0.042369,4001.31,2,32.986,834.324,859.289,49.7278,14,2,0.6000000000000001,0.0,-0.30000000000000004,2,0.0,0,True,1746968418.9865541,left,False
1598,1746968426.7021596,57.1453,1.49564,0.522703,0.385958,0.0594066,3997.72,2,33.006,834.648,859.612,49.7277,14,2,0.6000000000000001,0.0,-0.30000000000000004,2,0.0,0,True,1746968418.9865541,left,False
1599,1746968426.7218893,57.1467,1.4213,0.819913,0.385075,0.0761853,3988.85,2,33.026,834.971,859.936,49.7276,14,2,0.6000000000000001,0.0,-0.30000000000000004,2,0.0,0,True,1746968418.9865541,left,False
1600,1746968426.7414875,57.1465,1.34193,1.11581,0.383818,0.0927863,3982.22,2,33.046,835.295,860.259,49.7275,14,2,0.6000000000000001,0.0,-0.30000000000000004,2,0.0,0,True,1746968418.9865541,left,False
1601,1746968426.764203,57.1436,1.27474,1.39824,0.382184,0.109297,3976.39,2,33.066,835.617,860.582,49.7274,14,2,0.6000000000000001,0.0,-0.30000000000000004,2,0.0,0,True,1746968418.9865541,left,False
1602,1746968426.7822385,57.1386,1.21406,1.6789,0.380176,0.125825,3968.95,2,33.086,835.94,860.904,49.7272,14,2,0.6000000000000001,0.0,-0.30000000000000004,2,0.0,0,True,1746968418.9865541,left,False
1603,1746968426.8008025,57.1293,1.17071,1.94754,0.377797,0.142426,3969.09,2,33.106,836.261,861.226,49.7271,14,2,0.6000000000000001,0.0,-0.30000000000000004,2,0.0,0,True,1746968418.9865541,left,False
1604,1746968426.826446,57.1187,1.13581,2.20904,0.375053,0.15918,3960.48,2,33.126,836.582,861.547,49.727,14,2,0.6000000000000001,0.0,-0.30000000000000004,2,0.0,0,True,1746968418.9865541,left,False
1605,1746968426.845389,57.1039,1.11684,2.47022,0.371948,0.176168,3956.36,2,33.146,836.902,861.866,49.7269,14,2,0.6000000000000001,0.0,-0.30000000000000004,2,0.0,0,True,1746968418.9865541,left,False
1606,1746968426.8606932,57.0852,1.11894,2.72002,0.368494,0.193403,3951.64,2,33.166,837.221,862.185,49.7268,14,2,0.6000000000000001,0.0,-0.30000000000000004,2,0.0,0,True,1746968418.9865541,left,False
1607,1746968426.8819375,57.0629,1.12426,2.97444,0.364673,0.210904,3944.79,2,33.186,837.538,862.503,49.7267,14,2,0.6000000000000001,0.0,-0.30000000000000004,2,0.0,0,True,1746968418.9865541,left,False
1608,1746968426.9011264,57.0363,1.15116,3.22044,0.360492,0.228703,3938.94,2,33.206,837.855,862.82,49.7266,14,2,0.6000000000000001,0.0,-0.30000000000000004,2,0.0,0,True,1746968418.9865541,left,False
1609,1746968426.9227433,57.0034,1.18429,3.47079,0.355961,0.246793,3937.77,2,33.226,838.17,863.135,49.7264,14,2,0.6000000000000001,0.0,-0.30000000000000004,2,0.0,0,True,1746968418.9865541,left,False
1610,1746968426.942383,56.9686,1.22514,3.72007,0.35106,0.265165,3927.69,2,33.246,838.483,863.448,49.7263,14,2,0.6000000000000001,0.0,-0.30000000000000004,2,0.0,0,True,1746968418.9865541,left,False
1611,1746968426.9718862,56.9262,1.2735,3.97476,0.345807,0.283765,3927.54,2,33.266,838.795,863.76,49.7262,14,2,0.6000000000000001,0.0,-0.30000000000000004,2,0.0,0,True,1746968418.9865541,left,False
1612,1746968426.9829154,56.8803,1.32836,4.22163,0.340198,0.302567,3926.7,2,33.286,839.105,864.07,49.7261,14,2,0.6000000000000001,0.0,-0.30000000000000004,2,0.0,0,True,1746968418.9865541,left,False
1613,1746968427.0005832,56.8287,1.38635,4.47239,0.334226,0.321571,3923.76,2,33.306,839.414,864.378,49.726,14,2,0.6000000000000001,0.0,-0.30000000000000004,2,0.0,0,True,1746968418.9865541,left,False
1614,1746968427.0244095,56.7725,1.44521,4.72047,0.327897,0.34073,3923.71,2,33.326,839.72,864.684,49.7259,14,2,0.6000000000000001,0.0,-0.30000000000000004,2,0.0,0,True,1746968418.9865541,left,False
1615,1746968427.0406027,56.7124,1.4996,4.97442,0.321216,0.359984,3921.35,2,33.346,840.023,864.988,49.7258,14,2,0.6000000000000001,0.0,-0.30000000000000004,2,0.0,0,True,1746968418.9865541,left,False
1616,1746968427.061042,56.6475,1.55471,5.22999,0.314176,0.379299,3919.56,2,33.366,840.325,865.29,49.7256,14,2,0.6000000000000001,0.0,-0.30000000000000004,2,0.0,0,True,1746968418.9865541,left,False
1617,1746968427.0811296,56.578,1.60338,5.48192,0.306789,0.398587,3921.74,2,33.386,840.624,865.589,49.7255,14,2,0.6000000000000001,0.0,-0.30000000000000004,2,0.0,0,True,1746968418.9865541,left,False
1618,1746968427.1204352,56.5071,1.63492,5.7468,0.299044,0.417817,3915.57,2,33.406,840.921,865.885,49.7254,14,2,0.6000000000000001,0.0,-0.30000000000000004,2,0.0,0,True,1746968418.9865541,left,False
1619,1746968427.152646,56.4317,1.66497,6.00048,0.290951,0.436921,3917.73,2,33.426,841.214,866.179,49.7253,14,2,0.6000000000000001,0.0,-0.30000000000000004,2,0.0,0,True,1746968418.9865541,left,False
1620,1746968427.1580732,56.3528,1.69427,6.24625,0.282515,0.455842,3923.51,2,33.446,841.505,866.47,49.7252,14,2,0.6000000000000001,0.0,-0.30000000000000004,2,0.0,0,True,1746968418.9865541,left,False
1621,1746968427.1678214,56.2751,1.70192,6.49869,0.273745,0.474527,3918.24,2,33.466,841.793,866.758,49.7251,14,2,0.6000000000000001,0.0,-0.30000000000000004,2,0.0,0,True,1746968418.9865541,left,False
1622,1746968427.184794,56.1932,1.70295,6.73917,0.26463,0.492958,3921.9,2,33.486,842.078,867.043,49.725,14,2,0.6000000000000001,0.0,-0.30000000000000004,2,0.0,0,True,1746968418.9865541,left,False
1623,1746968427.2019901,56.1076,1.69479,6.97606,0.255188,0.511109,3930.6,2,33.506,842.36,867.325,49.7248,14,2,0.6000000000000001,0.0,-0.30000000000000004,2,0.0,0,True,1746968418.9865541,left,False
1624,1746968427.2207742,56.0252,1.67973,7.20525,0.245424,0.528967,3929.27,2,33.526,842.638,867.603,49.7247,14,2,0.6000000000000001,0.0,-0.30000000000000004,2,0.0,0,True,1746968418.9865541,left,False
1625,1746968427.240832,55.941,1.64619,7.43448,0.235356,0.546526,3924.76,2,33.546,842.914,867.878,49.7246,14,2,0.6000000000000001,0.0,-0.30000000000000004,2,0.0,0,True,1746968418.9865541,left,False
1626,1746968427.2635658,55.858,1.60208,7.66302,0.224969,0.563822,3916.32,2,33.566,843.186,868.15,49.7245,14,2,0.6000000000000001,0.0,-0.30000000000000004,2,0.0,0,True,1746968418.9865541,left,False
1627,1746968427.285713,55.7726,1.54723,7.88762,0.214278,0.580842,3910.77,2,33.586,843.454,868.419,49.7244,14,2,0.6000000000000001,0.0,-0.30000000000000004,2,0.0,0,True,1746968418.9865541,left,False
1628,1746968427.302648,55.6861,1.48657,8.10935,0.203288,0.597618,3903.81,2,33.606,843.719,868.684,49.7243,14,2,0.6000000000000001,0.0,-0.30000000000000004,2,0.0,0,True,1746968418.9865541,left,False
1629,1746968427.3215034,55.5992,1.42137,8.325,0.192006,0.614197,3897.04,2,33.626,843.98,868.945,49.7242,14,2,0.6000000000000001,0.0,-0.30000000000000004,2,0.0,0,True,1746968418.9865541,left,False
1630,1746968427.3443232,55.5092,1.35548,8.54126,0.18044,0.63062,3895.99,2,33.646,844.238,869.203,49.724,14,2,0.6000000000000001,0.0,-0.30000000000000004,2,0.0,0,True,1746968418.9865541,left,False
1631,1746968427.3632736,55.4219,1.28793,8.7479,0.168597,0.646929,3881.78,2,33.666,844.492,869.457,49.7239,14,2,0.6000000000000001,0.0,-0.30000000000000004,2,0.0,0,True,1746968418.9865541,left,False
1632,1746968427.382986,55.3316,1.22822,8.95107,0.156482,0.663138,3876.01,2,33.686,844.742,869.707,49.7238,14,2,0.6000000000000001,0.0,-0.30000000000000004,2,0.0,0,True,1746968418.9865541,left,False
1633,1746968427.402121,55.2409,1.17314,9.14193,0.144106,0.679299,3870.62,2,33.706,844.989,869.954,49.7237,14,2,0.6000000000000001,0.0,-0.30000000000000004,2,0.0,0,True,1746968418.9865541,left,False
1634,1746968427.419342,55.1504,1.12308,9.32577,0.131474,0.695418,3860.6,2,33.726,845.232,870.197,49.7236,14,2,0.6000000000000001,0.0,-0.30000000000000004,2,0.0,0,True,1746968418.9865541,left,False
1635,1746968427.442519,55.0594,1.07174,9.51497,0.118593,0.711552,3842.86,2,33.746,845.471,870.436,49.7235,14,2,0.6000000000000001,0.0,-0.30000000000000004,2,0.0,0,True,1746968418.9865541,left,False
1636,1746968427.4627593,54.962,1.03979,9.681,0.105475,0.727724,3842.46,2,33.766,845.706,870.671,49.7234,14,2,0.6000000000000001,0.0,-0.30000000000000004,2,0.0,0,True,1746968418.9865541,left,False
