Step,Time,SpeedX,SpeedY,SpeedZ,TrackPos,Angle,RPM,Gear_State,CurLapTime,DistFromStart,DistRaced,Fuel,Damage,RacePos,Accel,Brake,Steer,Gear_Control,Clutch,Meta,IsAutoShifting,LastManualShiftTime,SteerDirection,IsStopped
0,1746969284.0813692,0.0921063,0.126593,-0.0916573,0.343006,0.0121934,1047.2,0,-0.982,2952.63,0,50,1,1,1.0,0.0,0.0,1,0.0,0,True,1746969281.939681,,True
1,1746969284.1040008,0.0921063,0.126593,-0.0916573,0.343006,0.0121934,1091.2,0,-0.962,2952.63,0,50,1,1,1.0,0.0,0.0,1,0.0,0,True,1746969281.939681,,True
2,1746969284.1229331,0.0921063,0.126593,-0.0916573,0.343006,0.0121934,1135.2,0,-0.942,2952.63,0,49.9999,1,1,1.0,0.0,0.0,1,0.0,0,True,1746969281.939681,,True
3,1746969284.1438563,0.0921063,0.126593,-0.0916573,0.343006,0.0121934,1179.2,0,-0.922,2952.63,0,49.9999,1,1,1.0,0.0,0.0,1,0.0,0,True,1746969281.939681,,True
4,1746969284.1623821,0.0921063,0.126593,-0.0916573,0.343006,0.0121934,1223.2,0,-0.902,2952.63,0,49.9998,1,1,1.0,0.0,0.0,1,0.0,0,True,1746969281.939681,,True
5,1746969284.1853328,0.0921063,0.126593,-0.0916573,0.343006,0.0121934,1267.2,0,-0.882,2952.63,0,49.9998,1,1,1.0,0.0,0.0,1,0.0,0,True,1746969281.939681,,True
6,1746969284.2029216,0.0921063,0.126593,-0.0916573,0.343006,0.0121934,1311.2,0,-0.862,2952.63,0,49.9998,1,1,1.0,0.0,0.0,1,0.0,0,True,1746969281.939681,,True
7,1746969284.2225206,0.0921063,0.126593,-0.0916573,0.343006,0.0121934,1355.2,0,-0.842,2952.63,0,49.9997,1,1,1.0,0.0,0.0,1,0.0,0,True,1746969281.939681,,True
8,1746969284.2443166,0.0921063,0.126593,-0.0916573,0.343006,0.0121934,1399.2,0,-0.822,2952.63,0,49.9997,1,1,1.0,0.0,0.0,1,0.0,0,True,1746969281.939681,,True
9,1746969284.2629843,0.0921063,0.126593,-0.0916573,0.343006,0.0121934,1443.2,0,-0.802,2952.63,0,49.9997,1,1,1.0,0.0,0.0,1,0.0,0,True,1746969281.939681,,True
10,1746969284.2853827,0.0921063,0.126593,-0.0916573,0.343006,0.0121934,1487.2,0,-0.782,2952.63,0,49.9996,1,1,1.0,0.0,0.0,1,0.0,0,True,1746969281.939681,,True
11,1746969284.3014016,0.0921063,0.126593,-0.0916573,0.343006,0.0121934,1531.2,0,-0.762,2952.63,0,49.9996,1,1,1.0,0.0,0.0,1,0.0,0,True,1746969281.939681,,True
12,1746969284.3243084,0.0921063,0.126593,-0.0916573,0.343006,0.0121934,1575.2,0,-0.742,2952.63,0,49.9995,1,1,1.0,0.0,0.0,1,0.0,0,True,1746969281.939681,,True
13,1746969284.3436182,0.0921063,0.126593,-0.0916573,0.343006,0.0121934,1619.76,0,-0.722,2952.63,0,49.9995,1,1,1.0,0.0,0.0,1,0.0,0,True,1746969281.939681,,True
14,1746969284.3613205,0.0921063,0.126593,-0.0916573,0.343006,0.0121934,1665.35,0,-0.702,2952.63,0,49.9995,1,1,1.0,0.0,0.0,1,0.0,0,True,1746969281.939681,,True
15,1746969284.381712,0.0921063,0.126593,-0.0916573,0.343006,0.0121934,1712,0,-0.682,2952.63,0,49.9994,1,1,1.0,0.0,0.0,1,0.0,0,True,1746969281.939681,,True
16,1746969284.4040546,0.0921063,0.126593,-0.0916573,0.343006,0.0121934,1759.72,0,-0.662,2952.63,0,49.9994,1,1,1.0,0.0,0.0,1,0.0,0,True,1746969281.939681,,True
17,1746969284.421304,0.0921063,0.126593,-0.0916573,0.343006,0.0121934,1808.55,0,-0.642,2952.63,0,49.9994,1,1,1.0,0.0,0.0,1,0.0,0,True,1746969281.939681,,True
18,1746969284.444836,0.0921063,0.126593,-0.0916573,0.343006,0.0121934,1858.52,0,-0.622,2952.63,0,49.9993,1,1,1.0,0.0,0.0,1,0.0,0,True,1746969281.939681,,True
19,1746969284.4639683,0.0921063,0.126593,-0.0916573,0.343006,0.0121934,1909.63,0,-0.602,2952.63,0,49.9993,1,1,1.0,0.0,0.0,1,0.0,0,True,1746969281.939681,,True
20,1746969284.4857924,0.0921063,0.126593,-0.0916573,0.343006,0.0121934,1961.94,0,-0.582,2952.63,0,49.9992,1,1,1.0,0.0,0.0,1,0.0,0,True,1746969281.939681,,True
21,1746969284.5014684,0.0921063,0.126593,-0.0916573,0.343006,0.0121934,2015.45,0,-0.562,2952.63,0,49.9992,1,1,1.0,0.0,0.0,1,0.0,0,True,1746969281.939681,,True
22,1746969284.523948,0.0921063,0.126593,-0.0916573,0.343006,0.0121934,2070.2,0,-0.542,2952.63,0,49.9991,1,1,1.0,0.0,0.0,1,0.0,0,True,1746969281.939681,,True
23,1746969284.5436406,0.0921063,0.126593,-0.0916573,0.343006,0.0121934,2126.21,0,-0.522,2952.63,0,49.999,1,1,1.0,0.0,0.0,1,0.0,0,True,1746969281.939681,,True
24,1746969284.5652094,0.0921063,0.126593,-0.0916573,0.343006,0.0121934,2183.39,0,-0.502,2952.63,0,49.9989,1,1,1.0,0.0,0.0,1,0.0,0,True,1746969281.939681,,True
25,1746969284.5817668,0.0921063,0.126593,-0.0916573,0.343006,0.0121934,2241.77,0,-0.482,2952.63,0,49.9989,1,1,1.0,0.0,0.0,1,0.0,0,True,1746969281.939681,,True
26,1746969284.6050503,0.0921063,0.126593,-0.0916573,0.343006,0.0121934,2301.36,0,-0.462,2952.63,0,49.9988,1,1,1.0,0.0,0.0,1,0.0,0,True,1746969281.939681,,True
27,1746969284.6249862,0.0921063,0.126593,-0.0916573,0.343006,0.0121934,2362.19,0,-0.442,2952.63,0,49.9987,1,1,1.0,0.0,0.0,1,0.0,0,True,1746969281.939681,,True
28,1746969284.6408427,0.0921063,0.126593,-0.0916573,0.343006,0.0121934,2424.29,0,-0.422,2952.63,0,49.9986,1,1,1.0,0.0,0.0,1,0.0,0,True,1746969281.939681,,True
29,1746969284.6611276,0.0921063,0.126593,-0.0916573,0.343006,0.0121934,2487.68,0,-0.402,2952.63,0,49.9986,1,1,1.0,0.0,0.0,1,0.0,0,True,1746969281.939681,,True
30,1746969284.6840003,0.0921063,0.126593,-0.0916573,0.343006,0.0121934,2552.39,0,-0.382,2952.63,0,49.9985,1,1,1.0,0.0,0.0,1,0.0,0,True,1746969281.939681,,True
31,1746969284.7012894,0.0921063,0.126593,-0.0916573,0.343006,0.0121934,2618.45,0,-0.362,2952.63,0,49.9984,1,1,1.0,0.0,0.0,1,0.0,0,True,1746969281.939681,,True
32,1746969284.7216237,0.0921063,0.126593,-0.0916573,0.343006,0.0121934,2685.9,0,-0.342,2952.63,0,49.9983,1,1,1.0,0.0,0.0,1,0.0,0,True,1746969281.939681,,True
33,1746969284.7413497,0.0921063,0.126593,-0.0916573,0.343006,0.0121934,2754.82,0,-0.322,2952.63,0,49.9982,1,1,1.0,0.0,0.0,1,0.0,0,True,1746969281.939681,,True
34,1746969284.763174,0.0921063,0.126593,-0.0916573,0.343006,0.0121934,2825.22,0,-0.302,2952.63,0,49.9981,1,1,1.0,0.0,0.0,1,0.0,0,True,1746969281.939681,,True
35,1746969284.7830331,0.0921063,0.126593,-0.0916573,0.343006,0.0121934,2897.14,0,-0.282,2952.63,0,49.998,1,1,1.0,0.0,0.0,1,0.0,0,True,1746969281.939681,,True
36,1746969284.8055978,0.0921063,0.126593,-0.0916573,0.343006,0.0121934,2970.62,0,-0.262,2952.63,0,49.9979,1,1,1.0,0.0,0.0,1,0.0,0,True,1746969281.939681,,True
37,1746969284.8232193,0.0921063,0.126593,-0.0916573,0.343006,0.0121934,3045.68,0,-0.242,2952.63,0,49.9977,1,1,1.0,0.0,0.0,1,0.0,0,True,1746969281.939681,,True
38,1746969284.8436072,0.0921063,0.126593,-0.0916573,0.343006,0.0121934,3122.36,0,-0.222,2952.63,0,49.9976,1,1,1.0,0.0,0.0,1,0.0,0,True,1746969281.939681,,True
39,1746969284.8643022,0.0921063,0.126593,-0.0916573,0.343006,0.0121934,3200.66,0,-0.202,2952.63,0,49.9975,1,1,1.0,0.0,0.0,1,0.0,0,True,1746969281.939681,,True
40,1746969284.8814273,0.0921063,0.126593,-0.0916573,0.343006,0.0121934,3280.47,0,-0.182,2952.63,0,49.9973,1,1,1.0,0.0,0.0,1,0.0,0,True,1746969281.939681,,True
41,1746969284.901504,0.0921063,0.126593,-0.0916573,0.343006,0.0121934,3361.82,0,-0.162,2952.63,0,49.9972,1,1,1.0,0.0,0.0,1,0.0,0,True,1746969281.939681,,True
42,1746969284.9224255,0.0921063,0.126593,-0.0916573,0.343006,0.0121934,3444.74,0,-0.142,2952.63,0,49.997,1,1,1.0,0.0,0.0,1,0.0,0,True,1746969281.939681,,True
43,1746969284.942649,0.0921063,0.126593,-0.0916573,0.343006,0.0121934,3529.25,0,-0.122,2952.63,0,49.9969,1,1,1.0,0.0,0.0,1,0.0,0,True,1746969281.939681,,True
44,1746969284.9637816,0.0921063,0.126593,-0.0916573,0.343006,0.0121934,3615.39,0,-0.102,2952.63,0,49.9967,1,1,1.0,0.0,0.0,1,0.0,0,True,1746969281.939681,,True
45,1746969284.9824843,0.0921063,0.126593,-0.0916573,0.343006,0.0121934,3703.17,0,-0.082,2952.63,0,49.9965,1,1,1.0,0.0,0.0,1,0.0,0,True,1746969281.939681,,True
46,1746969285.0013065,0.0921063,0.126593,-0.0916573,0.343006,0.0121934,3792.36,0,-0.062,2952.63,0,49.9964,1,1,1.0,0.0,0.0,1,0.0,0,True,1746969281.939681,,True
47,1746969285.0212154,0.0921063,0.126593,-0.0916573,0.343006,0.0121934,3882.92,0,-0.042,2952.63,0,49.9962,1,1,1.0,0.0,0.0,1,0.0,0,True,1746969281.939681,,True
48,1746969285.043119,0.0921063,0.126593,-0.0916573,0.343006,0.0121934,3974.88,0,-0.022,2952.63,0,49.996,1,1,1.0,0.0,0.0,1,0.0,0,True,1746969281.939681,,True
49,1746969285.0840604,0.0215148,0.211392,-0.0623409,0.343068,0.0123565,4163.06,0,0.018,2952.63,0.000244141,49.9956,1,1,1.0,0.0,0.0,1,0.0,0,True,1746969281.939681,,True
50,1746969285.1022685,0.100537,0.316619,-0.0414118,0.343168,0.0123584,1051.16,1,0.038,2952.63,0.000976563,49.9955,1,1,1.0,0.0,0.0,1,0.0,0,True,1746969281.939681,,True
51,1746969285.1255739,0.0227216,0.419934,-0.033683,0.343307,0.01218,1055.55,1,0.058,2952.63,0.00146484,49.9955,1,1,1.0,0.0,0.0,1,0.0,0,True,1746969281.939681,,True
52,1746969285.1446123,0.100086,0.525399,-0.0389732,0.343484,0.0118181,1059.94,1,0.078,2952.63,0.00219727,49.9955,1,1,1.0,0.0,0.0,1,0.0,0,True,1746969281.939681,,True
53,1746969285.1612213,0.0199056,0.625915,-0.0445924,0.3437,0.0112774,1064.32,1,0.098,2952.63,0.00268555,49.9955,1,1,1.0,0.0,0.0,1,0.0,0,True,1746969281.939681,,False
54,1746969285.1844156,0.0969378,0.7199,-0.0618629,0.343951,0.0105421,1068.71,1,0.118,2952.64,0.00341797,49.9955,1,1,1.0,0.0,0.0,1,0.0,0,True,1746969281.939681,,False
55,1746969285.2061515,0.0173154,0.800078,-0.0905809,0.344234,0.00959319,1073.08,1,0.138,2952.64,0.00390625,49.9955,1,1,1.0,0.0,0.0,1,0.0,0,True,1746969281.939681,,False
56,1746969285.2263849,0.096609,0.856113,-0.119183,0.344543,0.00841111,1077.45,1,0.158,2952.64,0.00463867,49.9955,1,1,1.0,0.0,0.0,1,0.0,0,True,1746969281.939681,,True
57,1746969285.242437,0.0190314,0.888389,-0.149792,0.344866,0.00691002,1081.82,1,0.178,2952.64,0.00512695,49.9955,1,1,1.0,0.0,0.0,1,0.0,0,True,1746969281.939681,,True
58,1746969285.2646062,0.095749,0.889964,-0.182772,0.345196,0.00512093,1086.18,1,0.198,2952.64,0.00585938,49.9955,1,1,1.0,0.0,0.0,1,0.0,0,True,1746969281.939681,,True
59,1746969285.2816129,0.0212339,0.880365,-0.211168,0.345524,0.00304049,1090.54,1,0.218,2952.64,0.00634766,49.9955,1,1,1.0,0.0,0.0,1,0.0,0,True,1746969281.939681,,True
60,1746969285.3036625,0.0996825,0.859575,-0.230397,0.345848,0.000776466,1094.9,1,0.238,2952.64,0.00708008,49.9955,1,1,1.0,0.0,0.0,1,0.0,0,True,1746969281.939681,,True
61,1746969285.3265257,0.116896,0.861666,-0.255667,0.346197,-0.00183136,1099.68,1,0.26,2952.64,0.00756836,49.9955,1,1,1.0,0.0,0.0,1,0.0,0,True,1746969281.939681,,True
62,1746969285.3469114,0.0474603,0.854493,-0.263534,0.346513,-0.00428707,1104.03,1,0.28,2952.64,0.00830078,49.9955,1,1,1.0,0.0,0.0,1,0.0,0,True,1746969281.939681,,True
63,1746969285.3640115,0.119049,0.802881,-0.26917,0.34682,-0.00663978,1108.37,1,0.3,2952.64,0.00878906,49.9955,1,1,1.0,0.0,0.0,1,0.0,0,True,1746969281.939681,,True
64,1746969285.3857043,0.0465791,0.799672,-0.275221,0.347114,-0.00880891,1047.2,1,0.32,2952.64,0.00927734,49.9955,1,1,1.0,0.0,0.0,1,0.0,0,True,1746969281.939681,,True
65,1746969285.404377,0.288792,0.79139,-0.269115,0.347406,-0.0109661,1047.2,1,0.34,2952.64,0.0100098,49.9955,1,1,1.0,0.0,0.0,1,0.0,0,True,1746969281.939681,,True
66,1746969285.4266362,0.387134,0.822886,-0.266514,0.347711,-0.0131066,1047.2,1,0.36,2952.64,0.0119629,49.9955,1,1,1.0,0.0,0.0,1,0.0,0,True,1746969281.939681,,False
67,1746969285.4464204,0.693968,0.749825,-0.2633,0.348004,-0.0150798,1047.2,1,0.38,2952.65,0.0151367,49.9954,1,1,1.0,0.0,0.0,1,0.0,0,True,1746969281.939681,,False
68,1746969285.4656997,0.845089,0.616733,-0.253427,0.348261,-0.0168503,1047.2,1,0.4,2952.65,0.0195313,49.9954,1,1,1.0,0.0,0.0,1,0.0,0,True,1746969281.939681,,False
69,1746969285.4839177,1.09467,0.493194,-0.239768,0.348471,-0.0181258,1047.2,1,0.42,2952.66,0.0249023,49.9954,1,1,1.0,0.0,0.0,1,0.0,0,True,1746969281.939681,,False
70,1746969285.5044959,1.26337,0.374923,-0.219059,0.348637,-0.0189465,1047.2,1,0.44,2952.66,0.0317383,49.9953,1,1,1.0,0.0,0.0,1,0.0,0,True,1746969281.939681,,False
71,1746969285.525153,1.51202,0.312578,-0.194502,0.348776,-0.0195325,1047.2,1,0.46,2952.67,0.0393066,49.9953,1,1,1.0,0.0,0.0,1,0.0,0,True,1746969281.939681,,False
72,1746969285.5458956,1.66619,0.285118,-0.165537,0.348896,-0.0199388,1047.2,1,0.48,2952.68,0.0483398,49.9952,1,1,1.0,0.0,0.0,1,0.0,0,True,1746969281.939681,,False
73,1746969285.5655355,1.99627,0.23188,-0.13439,0.34902,-0.0203326,1047.2,1,0.502,2952.69,0.0595703,49.9952,1,1,1.0,0.0,0.0,1,0.0,0,True,1746969281.939681,,False
74,1746969285.5857596,2.10801,0.232057,-0.110934,0.349122,-0.0205377,1047.2,1,0.522,2952.7,0.0710449,49.9952,1,1,1.0,0.0,0.0,1,0.0,0,True,1746969281.939681,,False
75,1746969285.6074674,2.40268,0.208376,-0.0860897,0.349223,-0.0207375,1047.2,1,0.542,2952.72,0.0837402,49.9951,1,1,1.0,0.0,0.0,1,0.0,0,True,1746969281.939681,,False
76,1746969285.6263778,2.52267,0.22942,-0.067285,0.349322,-0.0208872,1047.2,1,0.562,2952.73,0.0976563,49.9951,1,1,1.0,0.0,0.0,1,0.0,0,True,1746969281.939681,,False
77,1746969285.6473083,2.81996,0.211316,-0.0574042,0.349423,-0.0210555,1047.2,1,0.582,2952.74,0.112793,49.995,1,1,1.0,0.0,0.0,1,0.0,0,True,1746969281.939681,,False
78,1746969285.6654387,2.9584,0.213228,-0.0419506,0.349527,-0.0212782,1047.2,1,0.602,2952.76,0.128662,49.995,1,1,1.0,0.0,0.0,1,0.0,0,True,1746969281.939681,,False
79,1746969285.6885285,3.23155,0.233293,-0.0381584,0.349634,-0.0214933,1047.2,1,0.622,2952.78,0.145996,49.995,1,1,1.0,0.0,0.0,1,0.0,0,True,1746969281.939681,,False
80,1746969285.708059,3.37613,0.237315,-0.0329762,0.349747,-0.0217713,1047.2,1,0.642,2952.8,0.164307,49.9949,1,1,1.0,0.0,0.0,1,0.0,0,True,1746969281.939681,,False
81,1746969285.7269173,3.66755,0.230258,-0.034102,0.349861,-0.0220407,1047.2,1,0.662,2952.82,0.184082,49.9949,1,1,1.0,0.0,0.0,1,0.0,0,True,1746969281.939681,,False
82,1746969285.7467988,3.79895,0.235895,-0.0439681,0.349979,-0.0223764,1047.2,1,0.682,2952.84,0.204834,49.9949,1,1,1.0,0.0,0.0,1,0.0,0,True,1746969281.939681,,False
83,1746969285.7654603,4.08818,0.228104,-0.0452462,0.350098,-0.0226558,1047.2,1,0.702,2952.86,0.226807,49.9948,1,1,1.0,0.0,0.0,1,0.0,0,True,1746969281.939681,,False
84,1746969285.7893147,4.22309,0.244447,-0.0519547,0.350222,-0.0229533,1047.2,1,0.722,2952.88,0.249756,49.9948,1,1,1.0,0.0,0.0,1,0.0,0,True,1746969281.939681,,False
85,1746969285.80891,4.49927,0.235925,-0.0651657,0.350348,-0.0233105,1047.2,1,0.742,2952.91,0.27417,49.9947,1,1,1.0,0.0,0.0,1,0.0,0,True,1746969281.939681,,False
86,1746969285.8268902,4.65172,0.226197,-0.0718915,0.350474,-0.023671,1047.2,1,0.762,2952.93,0.299561,49.9947,1,1,1.0,0.0,0.0,1,0.0,0,True,1746969281.939681,,False
87,1746969285.8478026,4.90917,0.215924,-0.0778745,0.350598,-0.023928,1047.2,1,0.782,2952.96,0.326416,49.9947,1,1,1.0,0.0,0.0,1,0.0,0,True,1746969281.939681,,False
88,1746969285.865958,5.10337,0.227739,-0.0863811,0.350724,-0.0242446,1047.2,1,0.802,2952.99,0.354004,49.9946,1,1,1.0,0.0,0.0,1,0.0,0,True,1746969281.939681,,False
89,1746969285.888351,5.35094,0.229563,-0.096861,0.350858,-0.024535,1047.2,1,0.822,2953.01,0.383057,49.9946,1,1,1.0,0.0,0.0,1,0.0,0,True,1746969281.939681,,False
90,1746969285.9092743,5.47197,0.237629,-0.0922416,0.350996,-0.0248678,1047.2,1,0.842,2953.04,0.413086,49.9946,1,1,1.0,0.0,0.0,1,0.0,0,True,1746969281.939681,,False
91,1746969285.926897,5.72498,0.23519,-0.0994432,0.351139,-0.0252302,1047.2,1,0.862,2953.08,0.44458,49.9945,1,1,1.0,0.0,0.0,1,0.0,0,True,1746969281.939681,,False
92,1746969285.946655,5.96041,0.242707,-0.105293,0.351281,-0.0254849,1048.23,1,0.882,2953.11,0.477051,49.9945,1,1,1.0,0.0,0.0,1,0.0,0,True,1746969281.939681,,False
93,1746969285.966907,6.18973,0.242913,-0.105292,0.351428,-0.0257519,1047.2,1,0.902,2953.14,0.510498,49.9944,1,1,1.0,0.0,0.0,1,0.0,0,True,1746969281.939681,,False
94,1746969285.9862661,6.3624,0.249688,-0.120862,0.35158,-0.026069,1087.6,1,0.922,2953.18,0.54541,49.9944,1,1,1.0,0.0,0.0,1,0.0,0,True,1746969281.939681,,False
95,1746969286.0087447,6.52815,0.251224,-0.123598,0.351736,-0.0263932,1096.95,1,0.942,2953.21,0.581299,49.9944,1,1,1.0,0.0,0.0,1,0.0,0,True,1746969281.939681,,False
96,1746969286.0282114,6.7255,0.268627,-0.11983,0.3519,-0.0267437,1128.33,1,0.962,2953.25,0.618408,49.9943,1,1,1.0,0.0,0.0,1,0.0,0,True,1746969281.939681,,False
97,1746969286.046814,6.97284,0.263476,-0.129169,0.352065,-0.0270222,1135.48,1,0.982,2953.29,0.656738,49.9943,1,1,1.0,0.0,0.0,1,0.0,0,True,1746969281.939681,,False
98,1746969286.0672855,7.27628,0.261836,-0.125965,0.352251,-0.0273278,1063.13,1,1.004,2953.33,0.700195,49.9942,1,1,1.0,0.0,0.0,1,0.0,0,True,1746969281.939681,,False
99,1746969286.0876274,7.46759,0.260642,-0.129794,0.352422,-0.0275467,1133.06,1,1.024,2953.37,0.740967,49.9942,1,1,1.0,0.0,0.0,1,0.0,0,True,1746969281.939681,,False
100,1746969286.107325,7.68631,0.265458,-0.129203,0.352598,-0.0277756,1069.11,1,1.044,2953.41,0.783203,49.9942,1,1,1.0,0.0,0.0,1,0.0,0,True,1746969281.939681,,False
101,1746969286.1283956,7.85572,0.266791,-0.133497,0.352777,-0.0280846,1173.43,1,1.064,2953.46,0.826172,49.9941,1,1,1.0,0.0,0.0,1,0.0,0,True,1746969281.939681,,False
102,1746969286.1468945,8.04822,0.269868,-0.134968,0.352959,-0.0283883,1234.51,1,1.084,2953.5,0.870605,49.9941,1,1,1.0,0.0,0.0,1,0.0,0,True,1746969281.939681,,False
103,1746969286.1680782,8.31005,0.279537,-0.140318,0.353148,-0.0287455,1136.01,1,1.104,2953.55,0.916016,49.9941,1,1,1.0,0.0,0.0,1,0.0,0,True,1746969281.939681,,False
104,1746969286.1889997,8.53572,0.287405,-0.137085,0.353343,-0.0290363,1186.15,1,1.124,2953.59,0.962646,49.994,1,1,1.0,0.0,0.0,1,0.0,0,True,1746969281.939681,,False
105,1746969286.2101316,8.73645,0.282582,-0.133957,0.353541,-0.0293453,1255.54,1,1.144,2953.64,1.0105,49.994,1,1,1.0,0.0,0.0,1,0.0,0,True,1746969281.939681,,False
106,1746969286.2273371,8.9488,0.275919,-0.139213,0.353743,-0.0296848,1168.56,1,1.164,2953.69,1.05933,49.9939,1,1,1.0,0.0,0.0,1,0.0,0,True,1746969281.939681,,False
107,1746969286.247178,9.11409,0.284423,-0.148465,0.353946,-0.0300172,1342.5,1,1.184,2953.74,1.10962,49.9939,1,1,1.0,0.0,0.0,1,0.0,0,True,1746969281.939681,,False
108,1746969286.2689383,9.335,0.286808,-0.142503,0.354154,-0.0302995,1329.96,1,1.204,2953.79,1.16113,49.9939,1,1,1.0,0.0,0.0,1,0.0,0,True,1746969281.939681,,False
109,1746969286.2877257,9.58437,0.29317,-0.155242,0.354369,-0.0306171,1279.99,1,1.224,2953.84,1.21338,49.9938,1,1,1.0,0.0,0.0,1,0.0,0,True,1746969281.939681,,False
110,1746969286.3087244,9.79746,0.290043,-0.155813,0.354587,-0.0309327,1326.69,1,1.244,2953.9,1.26709,49.9938,1,1,1.0,0.0,0.0,1,0.0,0,True,1746969281.939681,,False
111,1746969286.3313525,9.99109,0.287558,-0.166574,0.354808,-0.0312226,1417.08,1,1.264,2953.95,1.32202,49.9937,1,1,1.0,0.0,0.0,1,0.0,0,True,1746969281.939681,,False
112,1746969286.3512876,10.2,0.290448,-0.168107,0.355032,-0.0315121,1424.35,1,1.284,2954.01,1.37817,49.9937,1,1,1.0,0.0,0.0,1,0.0,0,True,1746969281.939681,,False
113,1746969286.3713582,10.4114,0.29089,-0.170922,0.355261,-0.031761,1448.77,1,1.304,2954.07,1.4353,49.9937,1,1,1.0,0.0,0.0,1,0.0,0,True,1746969281.939681,,False
114,1746969286.3910437,10.6034,0.294452,-0.184474,0.355494,-0.0320419,1552.24,1,1.324,2954.13,1.49365,49.9936,1,1,1.0,0.0,0.0,1,0.0,0,True,1746969281.939681,,False
115,1746969286.4123836,10.8195,0.291334,-0.174543,0.35573,-0.0323313,1529.01,1,1.344,2954.18,1.55322,49.9936,1,1,1.0,0.0,0.0,1,0.0,0,True,1746969281.939681,,False
116,1746969286.4283726,11.0435,0.297917,-0.176502,0.355971,-0.0326059,1518.42,1,1.364,2954.25,1.61377,49.9936,1,1,1.0,0.0,0.0,1,0.0,0,True,1746969281.939681,,False
117,1746969286.4506612,11.2739,0.295854,-0.184044,0.356216,-0.0328329,1470.38,1,1.384,2954.31,1.67578,49.9935,1,1,1.0,0.0,0.0,1,0.0,0,True,1746969281.939681,left,False
118,1746969286.4683113,11.4803,0.301898,-0.191726,0.356466,-0.0330513,1531.17,1,1.404,2954.37,1.73901,49.9935,1,1,1.0,0.0,0.0,1,0.0,0,True,1746969281.939681,left,False
119,1746969286.4912739,11.6707,0.306454,-0.190051,0.356719,-0.0332845,1638.53,1,1.424,2954.43,1.80322,49.9934,1,1,1.0,0.0,0.0,1,0.0,0,True,1746969281.939681,left,False
120,1746969286.508769,11.8993,0.308018,-0.188417,0.356978,-0.0335601,1629.81,1,1.444,2954.5,1.86865,49.9934,1,1,1.0,0.0,-0.1,1,0.0,0,True,1746969281.939681,left,False
121,1746969286.5323904,12.1157,0.200579,-0.184297,0.357224,-0.0335811,1610.39,1,1.464,2954.57,1.93506,49.9934,1,1,1.0,0.0,-0.1,1,0.0,0,True,1746969281.939681,left,False
122,1746969286.5503025,12.3212,0.0864169,-0.185664,0.357424,-0.0329264,1631.88,1,1.484,2954.63,2.00293,49.9933,1,1,1.0,0.0,-0.1,1,0.0,0,True,1746969281.939681,left,False
123,1746969286.5704691,12.553,0.00631079,-0.165654,0.357589,-0.0318854,1606.81,1,1.504,2954.7,2.07202,49.9933,1,1,1.0,0.0,-0.1,1,0.0,0,True,1746969281.939681,left,False
124,1746969286.5876534,12.7575,-0.0346106,-0.144415,0.357727,-0.0306199,1693.74,1,1.524,2954.77,2.14233,49.9933,1,1,1.0,0.0,-0.1,1,0.0,0,True,1746969281.939681,left,False
125,1746969286.6135125,12.9869,-0.0562977,-0.125081,0.357853,-0.0292991,1701.17,1,1.544,2954.85,2.21387,49.9932,1,1,1.0,0.0,-0.1,1,0.0,0,True,1746969281.939681,left,False
126,1746969286.6284828,13.2133,-0.0783185,-0.100121,0.357967,-0.0278924,1767.06,1,1.564,2954.92,2.28662,49.9932,1,1,1.0,0.0,-0.1,1,0.0,0,True,1746969281.939681,left,False
127,1746969286.6507978,13.4385,-0.0855756,-0.0891249,0.358071,-0.0264218,1841.31,1,1.584,2954.99,2.3606,49.9931,1,1,1.0,0.0,-0.1,1,0.0,0,True,1746969281.939681,left,False
128,1746969286.668253,13.6876,-0.097359,-0.0613407,0.358166,-0.0249489,1797.63,1,1.604,2955.07,2.43604,49.9931,1,1,1.0,0.0,0.0,1,0.0,0,True,1746969281.939681,right,False
129,1746969286.690938,13.9257,0.0394173,-0.0552685,0.358277,-0.0237983,1824.18,1,1.624,2955.14,2.5127,49.9931,1,1,1.0,0.0,0.0,1,0.0,0,True,1746969281.939681,right,False
130,1746969286.7112308,14.1496,0.162245,-0.0559574,0.358442,-0.023423,1888.89,1,1.644,2955.22,2.59082,49.993,1,1,1.0,0.0,0.0,1,0.0,0,True,1746969281.939681,right,False
131,1746969286.732009,14.4007,0.235667,-0.0694145,0.358642,-0.0234149,1901.43,1,1.664,2955.3,2.67017,49.993,1,1,1.0,0.0,0.0,1,0.0,0,True,1746969281.939681,right,False
132,1746969286.749326,14.6552,0.272472,-0.0821735,0.358864,-0.0235494,1907.03,1,1.684,2955.38,2.75073,49.9929,1,1,1.0,0.0,0.0,1,0.0,0,True,1746969281.939681,right,False
133,1746969286.7689517,14.8919,0.29642,-0.103245,0.359099,-0.0237501,2021.91,1,1.704,2955.46,2.83301,49.9929,1,1,1.0,0.0,0.0,1,0.0,0,True,1746969281.939681,right,False
134,1746969286.7910092,15.1539,0.310979,-0.121214,0.359345,-0.0240095,2022.43,1,1.724,2955.55,2.9165,49.9929,1,1,1.0,0.0,0.0,1,0.0,0,True,1746969281.939681,right,False
135,1746969286.8073897,15.4179,0.322493,-0.144674,0.3596,-0.0242947,2037.86,1,1.744,2955.63,3.00122,49.9928,1,1,1.0,0.0,0.0,1,0.0,0,True,1746969281.939681,right,False
136,1746969286.8285272,15.6787,0.327946,-0.167948,0.359861,-0.0245898,2074.29,1,1.764,2955.72,3.08765,49.9927,1,1,1.0,0.0,0.0,1,0.0,0,True,1746969281.939681,right,False
137,1746969286.8491483,15.9478,0.325934,-0.179938,0.360127,-0.0248793,2063.92,1,1.784,2955.81,3.17554,49.9926,1,1,1.0,0.0,0.0,1,0.0,0,True,1746969281.939681,right,False
138,1746969286.8728774,16.1944,0.328961,-0.202117,0.360397,-0.0251587,2146.08,1,1.804,2955.9,3.26465,49.9926,1,1,1.0,0.0,0.0,1,0.0,0,True,1746969281.939681,right,False
139,1746969286.888115,16.4766,0.332349,-0.216789,0.360673,-0.0254505,2106.56,1,1.824,2955.99,3.35547,49.9925,1,1,1.0,0.0,0.0,1,0.0,0,True,1746969281.939681,right,False
140,1746969286.90945,16.7412,0.331229,-0.22289,0.360954,-0.0257357,2139.03,1,1.844,2956.08,3.44775,49.9924,1,1,1.0,0.0,0.0,1,0.0,0,True,1746969281.939681,right,False
141,1746969286.9288123,17.0039,0.333534,-0.227721,0.361239,-0.0260237,2200.01,1,1.864,2956.17,3.5415,49.9923,1,1,1.0,0.0,0.0,1,0.0,0,True,1746969281.939681,right,False
142,1746969286.9495885,17.2846,0.335583,-0.234768,0.361529,-0.026315,2210.5,1,1.884,2956.27,3.63672,49.9923,1,1,1.0,0.0,0.0,1,0.0,0,True,1746969281.939681,right,False
143,1746969286.9749417,17.5692,0.338112,-0.243089,0.361825,-0.0266083,2232.55,1,1.904,2956.37,3.73364,49.9922,1,1,1.0,0.0,0.0,1,0.0,0,True,1746969281.939681,left,False
144,1746969286.990556,17.8593,0.34199,-0.252993,0.362126,-0.0269101,2262.15,1,1.924,2956.46,3.83203,49.9921,1,1,1.0,0.0,0.0,1,0.0,0,True,1746969281.939681,left,False
145,1746969287.0122964,18.1451,0.340813,-0.249128,0.362433,-0.0271958,2339.18,1,1.944,2956.56,3.93188,49.992,1,1,1.0,0.0,0.0,1,0.0,0,True,1746969281.939681,left,False
146,1746969287.0271971,18.448,0.345607,-0.254082,0.362745,-0.0275014,2355.36,1,1.964,2956.67,4.03369,49.9919,1,1,1.0,0.0,0.0,1,0.0,0,True,1746969281.939681,left,False
147,1746969287.0493052,18.7388,0.346032,-0.251758,0.363063,-0.0277985,2427.65,1,1.984,2956.77,4.13672,49.9919,1,1,1.0,0.0,0.0,1,0.0,0,True,1746969281.939681,left,False
148,1746969287.073617,19.0593,0.34849,-0.251634,0.36342,-0.0281256,2456.46,1,2.006,2956.88,4.2522,49.9918,1,1,1.0,0.0,0.0,1,0.0,0,True,1746969281.939681,left,False
149,1746969287.0917337,19.3861,0.352059,-0.253455,0.363784,-0.0284551,2462.82,1,2.028,2957,4.36987,49.9917,1,1,1.0,0.0,0.0,1,0.0,0,True,1746969281.939681,left,False
150,1746969287.1129298,19.7306,0.355216,-0.256373,0.364156,-0.028786,2517.52,1,2.05,2957.12,4.48926,49.9916,1,1,1.0,0.0,0.0,1,0.0,0,True,1746969281.939681,left,False
151,1746969287.1353488,20.0714,0.358436,-0.254719,0.364536,-0.0291174,2588.67,1,2.072,2957.24,4.61084,49.9915,1,1,1.0,0.0,0.0,1,0.0,0,True,1746969281.939681,left,False
152,1746969287.1574824,20.4153,0.362974,-0.257692,0.364925,-0.0294622,2597.45,1,2.094,2957.37,4.73462,49.9915,1,1,1.0,0.0,0.0,1,0.0,0,True,1746969281.939681,left,False
153,1746969287.1794899,20.7617,0.368813,-0.26149,0.365323,-0.0298098,2652.23,1,2.116,2957.49,4.86035,49.9913,1,1,1.0,0.0,0.0,1,0.0,0,True,1746969281.939681,left,False
154,1746969287.2012067,21.1185,0.375175,-0.26568,0.36573,-0.0301741,2709.91,1,2.138,2957.62,4.98828,49.9912,1,1,1.0,0.0,0.0,1,0.0,0,True,1746969281.939681,left,False
155,1746969287.224495,21.48,0.383076,-0.272642,0.366148,-0.0305565,2760.55,1,2.16,2957.75,5.11841,49.9911,1,1,1.0,0.0,0.0,1,0.0,0,True,1746969281.939681,left,False
156,1746969287.2496548,21.8414,0.390193,-0.279648,0.366577,-0.0309556,2827.83,1,2.182,2957.88,5.25073,49.991,1,1,1.0,0.0,-0.1,1,0.0,0,True,1746969281.939681,left,False
157,1746969287.2708583,22.1952,0.232037,-0.287037,0.366985,-0.0308517,2907.68,1,2.204,2958.02,5.3855,49.9908,1,1,1.0,0.0,-0.1,1,0.0,0,True,1746969281.939681,left,False
158,1746969287.2900233,22.5654,0.0751045,-0.276186,0.367319,-0.0296486,2940.47,1,2.226,2958.15,5.52222,49.9907,1,1,1.0,0.0,-0.1,1,0.0,0,True,1746969281.939681,left,False
159,1746969287.3123102,22.9412,-0.0363599,-0.252443,0.367591,-0.0277346,2970.44,1,2.248,2958.29,5.66113,49.9906,1,1,1.0,0.0,-0.1,1,0.0,0,True,1746969281.939681,left,False
160,1746969287.3348107,23.3208,-0.111617,-0.221383,0.36781,-0.0253513,3015.82,1,2.27,2958.43,5.80273,49.9905,1,1,1.0,0.0,-0.1,1,0.0,0,True,1746969281.939681,left,False
161,1746969287.358718,23.7011,-0.156363,-0.191258,0.367986,-0.0226801,3090.39,1,2.292,2958.58,5.94629,49.9903,1,1,1.0,0.0,-0.1,1,0.0,0,True,1746969281.939681,left,False
162,1746969287.3787766,24.0874,-0.181308,-0.160286,0.368124,-0.0198424,3169.76,1,2.314,2958.72,6.09253,49.9902,1,1,1.0,0.0,-0.1,1,0.0,0,True,1746969281.939681,left,False
163,1746969287.4033804,24.4876,-0.195144,-0.12419,0.368231,-0.0169156,3221.52,1,2.336,2958.87,6.24121,49.99,1,1,1.0,0.0,-0.1,1,0.0,0,True,1746969281.939681,left,False
164,1746969287.4214218,24.8869,-0.201503,-0.0908892,0.368306,-0.0139254,3309.56,1,2.358,2959.02,6.39209,49.9899,1,1,1.0,0.0,-0.1,1,0.0,0,True,1746969281.939681,left,False
165,1746969287.443697,25.2995,-0.203279,-0.0564527,0.368352,-0.0109008,3369.91,1,2.38,2959.18,6.54565,49.9897,1,1,1.0,0.0,-0.1,1,0.0,0,True,1746969281.939681,left,False
166,1746969287.4677649,25.7134,-0.199395,-0.0202462,0.368368,-0.00785381,3452.37,1,2.402,2959.33,6.70166,49.9895,1,1,1.0,0.0,-0.1,1,0.0,0,True,1746969281.939681,left,False
167,1746969287.4875126,26.1345,-0.193005,8.37119e-005,0.368357,-0.00479871,3542.67,1,2.424,2959.49,6.86011,49.9894,1,1,1.0,0.0,-0.1,1,0.0,0,True,1746969281.939681,left,False
168,1746969287.5117974,26.5593,-0.184827,0.0317328,0.368316,-0.00174457,3655.94,1,2.446,2959.65,7.02124,49.9892,1,1,1.0,0.0,-0.1,1,0.0,0,True,1746969281.939681,left,False
169,1746969287.5322754,26.9952,-0.1734,0.0591179,0.368247,0.00128096,3754.67,1,2.468,2959.82,7.18506,49.989,1,1,1.0,0.0,-0.1,1,0.0,0,True,1746969281.939681,left,False
170,1746969287.5545902,27.4384,-0.159778,0.0801614,0.36815,0.00428599,3857.66,1,2.49,2959.98,7.35156,49.9888,1,1,1.0,0.0,-0.1,1,0.0,0,True,1746969281.939681,left,False
171,1746969287.576348,27.8847,-0.145078,0.098662,0.368025,0.00726765,3991.76,1,2.512,2960.15,7.52075,49.9886,1,1,1.0,0.0,-0.1,1,0.0,0,True,1746969281.939681,left,False
172,1746969287.5972803,28.343,-0.129372,0.121897,0.367871,0.0102035,4107.49,1,2.534,2960.32,7.69263,49.9884,1,1,1.0,0.0,-0.1,1,0.0,0,True,1746969281.939681,left,False
173,1746969287.6193657,28.8048,-0.111055,0.133946,0.367688,0.0131041,4252.15,1,2.556,2960.5,7.86719,49.9881,1,1,1.0,0.0,-0.1,1,0.0,0,True,1746969281.939681,left,False
174,1746969287.6459994,29.2704,-0.0922377,0.151807,0.367476,0.0159685,4434.19,1,2.578,2960.68,8.04492,49.9879,1,1,1.0,0.0,-0.1,1,0.0,0,True,1746969281.939681,left,False
175,1746969287.6664062,29.7424,-0.0728794,0.161727,0.367235,0.0187837,4660.1,1,2.6,2960.86,8.22534,49.9876,1,1,1.0,0.0,-0.1,1,0.0,0,True,1746969281.939681,left,False
176,1746969287.6881554,30.2222,-0.0528407,0.183743,0.366965,0.021547,4900.35,1,2.622,2961.04,8.40845,49.9873,1,1,1.0,0.0,0.0,1,0.0,0,True,1746969281.939681,right,False
177,1746969287.7090316,30.7113,0.0913613,0.196601,0.366689,0.0238635,5098.73,1,2.644,2961.23,8.59473,49.987,1,1,1.0,0.0,0.0,1,0.0,0,True,1746969281.939681,right,False
178,1746969287.732513,31.1999,0.236781,0.203243,0.36645,0.0251839,5285.63,1,2.666,2961.42,8.78418,49.9867,1,1,1.0,0.0,0.0,1,0.0,0,True,1746969281.939681,right,False
179,1746969287.7523456,31.6809,0.34978,0.196144,0.366246,0.0257365,5500.42,1,2.688,2961.61,8.97632,49.9864,1,1,1.0,0.0,0.0,1,0.0,0,True,1746969281.939681,right,False
180,1746969287.777649,32.1704,0.441858,0.191044,0.366074,0.0257084,5645.98,1,2.71,2961.8,9.17163,49.986,1,1,1.0,0.0,0.0,1,0.0,0,True,1746969281.939681,right,False
181,1746969287.7961154,32.6537,0.5177,0.166862,0.365934,0.0252187,5817.35,1,2.732,2962,9.36987,49.9857,1,1,1.0,0.0,0.0,1,0.0,0,True,1746969281.939681,right,False
182,1746969287.818984,33.1403,0.581406,0.139614,0.365826,0.0243503,5918.69,1,2.754,2962.2,9.57104,49.9853,1,1,1.0,0.0,0.0,1,0.0,0,True,1746969281.939681,right,False
183,1746969287.842268,33.6317,0.634394,0.114652,0.36575,0.0231554,5963.54,1,2.776,2962.41,9.77515,49.985,1,1,1.0,0.0,0.0,1,0.0,0,True,1746969281.939681,right,False
184,1746969287.861257,34.1203,0.678942,0.0807341,0.365708,0.0216834,6002.27,1,2.798,2962.61,9.98242,49.9847,1,1,1.0,0.0,0.0,1,0.0,0,True,1746969281.939681,right,False
185,1746969287.884414,34.6135,0.715577,0.049863,0.3657,0.0199816,6018.28,1,2.82,2962.82,10.1926,49.9843,1,1,1.0,0.0,0.0,1,0.0,0,True,1746969281.939681,right,False
186,1746969287.9076207,35.1151,0.74463,0.012968,0.365726,0.0181047,5997.6,1,2.842,2963.04,10.4058,49.984,1,1,1.0,0.0,0.0,1,0.0,0,True,1746969281.939681,right,False
187,1746969287.9297187,35.6162,0.765628,-0.0170737,0.365786,0.0161054,5985.67,1,2.864,2963.25,10.6221,49.9837,1,2,1.0,0.0,0.0,1,0.0,0,True,1746969281.939681,right,False
188,1746969287.9500427,36.1246,0.780014,-0.0414284,0.36588,0.0140111,5955.61,1,2.886,2963.47,10.8416,49.9833,1,2,1.0,0.0,0.0,1,0.0,0,True,1746969281.939681,right,False
189,1746969287.9740722,36.6223,0.791754,-0.0798934,0.366007,0.0118582,5967.71,1,2.908,2963.7,11.064,49.983,1,2,1.0,0.0,0.0,1,0.0,0,True,1746969281.939681,right,False
190,1746969287.9957507,37.1348,0.796594,-0.107783,0.366168,0.00969046,5936.63,1,2.93,2963.92,11.2896,49.9827,1,2,1.0,0.0,0.0,1,0.0,0,True,1746969281.939681,right,False
191,1746969288.017815,37.6406,0.797665,-0.13166,0.36636,0.00752514,5942.4,1,2.952,2964.15,11.5183,49.9823,1,2,1.0,0.0,0.0,1,0.0,0,True,1746969281.939681,right,False
192,1746969288.039018,38.1486,0.795462,-0.155026,0.366583,0.00539416,5940.31,1,2.974,2964.38,11.75,49.982,1,2,1.0,0.0,0.0,1,0.0,0,True,1746969281.939681,right,False
193,1746969288.0595694,38.6521,0.792646,-0.18179,0.366837,0.00330609,5950.14,1,2.996,2964.62,11.9849,49.9817,1,2,1.0,0.0,0.0,1,0.0,0,True,1746969281.939681,right,False
194,1746969288.0856042,39.1567,0.788553,-0.202752,0.367121,0.00125855,5962,1,3.018,2964.85,12.2229,49.9813,1,2,1.0,0.0,0.0,1,0.0,0,True,1746969281.939681,right,False
195,1746969288.1057732,39.6547,0.784645,-0.225636,0.367436,-0.000737969,5990.79,1,3.04,2965.1,12.4639,49.981,1,2,1.0,0.0,0.0,1,0.0,0,True,1746969281.939681,right,False
196,1746969288.1278603,40.1569,0.780599,-0.2409,0.367782,-0.00268728,5990.32,1,3.062,2965.34,12.7078,49.9806,1,2,1.0,0.0,0.0,1,0.0,0,True,1746969281.939681,right,False
197,1746969288.148154,40.6493,0.777083,-0.261353,0.368158,-0.00458843,6022.08,1,3.084,2965.59,12.9548,49.9803,1,2,1.0,0.0,0.0,1,0.0,0,True,1746969281.939681,right,False
198,1746969288.16999,41.1389,0.774368,-0.284196,0.368565,-0.0064438,6054.66,1,3.106,2965.84,13.2048,49.98,1,2,1.0,0.0,0.0,1,0.0,0,True,1746969281.939681,right,False
199,1746969288.1964998,41.6285,0.77152,-0.299742,0.369002,-0.00825864,6071.42,1,3.128,2966.09,13.4578,49.9796,1,2,1.0,0.0,0.0,1,0.0,0,True,1746969281.939681,right,False
200,1746969288.2142084,42.1107,0.770029,-0.31894,0.369471,-0.0100363,6105.84,1,3.15,2966.35,13.7136,49.9793,1,2,1.0,0.0,0.0,1,0.0,0,True,1746969281.939681,right,False
201,1746969288.2359462,42.5917,0.768674,-0.337241,0.369972,-0.0117834,6126.89,1,3.172,2966.6,13.9727,49.979,1,2,1.0,0.0,0.0,1,0.0,0,True,1746969281.939681,right,False
202,1746969288.260685,43.0696,0.767921,-0.359161,0.370504,-0.0135,6151.07,1,3.194,2966.87,14.2344,49.9786,1,2,1.0,0.0,0.0,1,0.0,0,True,1746969281.939681,right,False
203,1746969288.2831752,43.5422,0.766702,-0.377367,0.371068,-0.0151895,6185.76,1,3.216,2967.13,14.499,49.9783,1,2,1.0,0.0,0.0,1,0.0,0,True,1746969281.939681,right,False
204,1746969288.3092244,44.009,0.765854,-0.395897,0.371665,-0.0168465,6234.01,1,3.238,2967.4,14.7666,49.978,1,2,1.0,0.0,0.0,1,0.0,0,True,1746969281.939681,right,False
205,1746969288.3274863,44.4758,0.765885,-0.419733,0.372294,-0.018483,6253.73,1,3.26,2967.67,15.0369,49.9776,1,2,1.0,0.0,0.0,1,0.0,0,True,1746969281.939681,left,False
206,1746969288.3506172,44.9318,0.76623,-0.444402,0.372957,-0.0200866,6312.15,1,3.282,2967.94,15.3101,49.9773,1,2,1.0,0.0,0.0,1,0.0,0,True,1746969281.939681,left,False
207,1746969288.3705223,45.3881,0.767389,-0.473632,0.373652,-0.0216811,6346.95,1,3.304,2968.22,15.5862,49.977,1,2,1.0,0.0,0.0,1,0.0,0,True,1746969281.939681,left,False
208,1746969288.3924747,45.8487,0.767276,-0.494557,0.374381,-0.0232709,6359.84,1,3.326,2968.5,15.8647,49.9766,1,2,1.0,0.0,0.0,1,0.0,0,True,1746969281.939681,left,False
209,1746969288.4147456,46.3059,0.765869,-0.514589,0.375144,-0.0248216,6382.33,1,3.348,2968.78,16.1462,49.9763,1,2,1.0,0.0,0.0,1,0.0,0,True,1746969281.939681,left,False
210,1746969288.4378705,46.7571,0.764996,-0.52825,0.375939,-0.0263379,6415.07,1,3.37,2969.06,16.4307,49.9759,1,2,1.0,0.0,0.0,1,0.0,0,True,1746969281.939681,left,False
211,1746969288.4558961,47.2052,0.764698,-0.557063,0.376768,-0.0278214,6459.95,1,3.392,2969.35,16.7178,49.9756,1,2,1.0,0.0,0.0,1,0.0,0,True,1746969281.939681,left,False
212,1746969288.4793012,47.6525,0.765137,-0.573065,0.37763,-0.0292714,6486.94,1,3.414,2969.64,17.0073,49.9753,1,2,1.0,0.0,0.0,1,0.0,0,True,1746969281.939681,left,False
213,1746969288.500831,48.0965,0.765046,-0.593399,0.378525,-0.0306929,6518.84,1,3.436,2969.93,17.2998,49.9749,1,2,1.0,0.0,0.0,1,0.0,0,True,1746969281.939681,left,False
214,1746969288.5216215,48.5355,0.766151,-0.618737,0.379454,-0.0320833,6557.05,1,3.458,2970.23,17.595,49.9746,1,2,1.0,0.0,0.0,1,0.0,0,True,1746969281.939681,left,False
215,1746969288.5445044,48.9692,0.767524,-0.640015,0.380416,-0.0334447,6610.92,1,3.48,2970.52,17.8926,49.9743,1,2,1.0,0.0,0.0,1,0.0,0,True,1746969281.939681,left,False
216,1746969288.5683982,49.4036,0.768221,-0.65901,0.381411,-0.0347808,6650.57,1,3.502,2970.82,18.1931,49.9739,1,2,1.0,0.0,0.0,1,0.0,0,True,1746969281.939681,left,False
217,1746969288.5871634,49.8351,0.769374,-0.679044,0.382439,-0.0360921,6679.75,1,3.524,2971.13,18.4961,49.9736,1,2,1.0,0.0,-0.1,1,0.0,0,True,1746969281.939681,left,False
218,1746969288.6125226,50.2363,0.626332,-0.698525,0.383471,-0.0368846,6771.01,1,3.546,2971.43,18.8015,49.9733,1,2,1.0,0.0,-0.1,1,0.0,0,True,1746969281.939681,left,False
219,1746969288.6318297,50.6442,0.495731,-0.703885,0.384451,-0.0363935,6784.9,1,3.568,2971.74,19.1096,49.9729,1,2,1.0,0.0,-0.1,1,0.0,0,True,1746969281.939681,left,False
220,1746969288.6560087,51.0519,0.405248,-0.692656,0.385373,-0.0347717,6695.54,1,3.59,2972.05,19.4202,49.9726,1,2,1.0,0.0,-0.1,1,0.0,0,True,1746969281.939681,left,False
221,1746969288.6770506,51.4359,0.345651,-0.668334,0.386226,-0.0321639,6774.21,1,3.612,2972.36,19.7332,49.9723,1,2,1.0,0.0,-0.1,1,0.0,0,True,1746969281.939681,left,False
222,1746969288.699718,51.8153,0.317853,-0.634276,0.387005,-0.0287193,6765.85,1,3.634,2972.68,20.0486,49.972,1,2,1.0,0.0,-0.1,1,0.0,0,True,1746969281.939681,left,False
223,1746969288.7206264,52.1862,0.308428,-0.581256,0.387702,-0.0245913,6780.34,1,3.656,2973,20.3662,49.9717,1,2,1.0,0.0,-0.1,1,0.0,0,True,1746969281.939681,left,False
224,1746969288.7428358,52.5355,0.316291,-0.520476,0.38831,-0.0198992,6706.33,1,3.678,2973.32,20.6863,49.9714,1,2,1.0,0.0,-0.1,1,0.0,0,True,1746969281.939681,left,False
225,1746969288.766397,52.8723,0.338936,-0.457168,0.388822,-0.014767,6757.7,1,3.7,2973.64,21.0083,49.9711,1,2,1.0,0.0,-0.1,1,0.0,0,True,1746969281.939681,left,False
226,1746969288.786136,53.1765,0.361078,-0.377451,0.38923,-0.00928575,6581.61,1,3.722,2973.96,21.3323,49.9709,1,2,1.0,0.0,-0.1,1,0.0,0,True,1746969281.939681,left,False
227,1746969288.8078027,53.4651,0.393022,-0.300163,0.38953,-0.0035165,6858.44,1,3.744,2974.29,21.6582,49.9706,1,2,1.0,0.0,-0.1,1,0.0,0,True,1746969281.939681,left,False
228,1746969288.8306115,53.7554,0.425299,-0.20993,0.389715,0.00246447,6584.66,1,3.766,2974.62,21.9858,49.9704,1,2,1.0,0.0,-0.1,1,0.0,0,True,1746969281.939681,left,False
229,1746969288.8524642,54.0015,0.453903,-0.118121,0.389779,0.00859373,6876.3,1,3.788,2974.95,22.3152,49.9701,1,2,1.0,0.0,-0.1,1,0.0,0,True,1746969281.939681,left,False
230,1746969288.8730705,54.2261,0.478747,-0.017396,0.389718,0.0148727,6790.14,1,3.81,2975.28,22.646,49.97,1,2,1.0,0.0,-0.1,1,0.0,0,True,1746969281.939681,left,False
231,1746969288.8958542,54.4441,0.508536,0.0794935,0.389526,0.0212676,6838.93,1,3.832,2975.61,22.9783,49.9698,1,2,1.0,0.0,0.0,1,0.0,0,True,1746969281.939681,right,False
232,1746969288.9175894,54.6499,0.763714,0.181448,0.389248,0.0269591,6587.66,1,3.854,2975.94,23.3115,49.9696,1,2,1.0,0.0,0.0,1,0.0,0,True,1746969281.939681,right,False
233,1746969288.9414005,54.8491,0.959832,0.260384,0.388965,0.0307466,6860.71,1,3.876,2976.28,23.6462,49.9694,1,2,1.0,0.0,0.0,1,0.0,0,True,1746969281.939681,right,False
234,1746969288.9613605,55.0433,1.05219,0.32241,0.388664,0.0331442,6658.38,1,3.898,2976.61,23.9822,49.9693,1,2,1.0,0.0,0.0,1,0.0,0,True,1746969281.939681,right,False
235,1746969288.984557,55.2408,1.08507,0.367637,0.38834,0.0345604,6926.53,1,3.92,2976.95,24.3193,49.9691,1,2,1.0,0.0,0.0,1,0.0,0,True,1746969281.939681,right,False
236,1746969289.0053883,55.4381,1.08361,0.398919,0.387995,0.0352914,6706.27,1,3.942,2977.29,24.6575,49.969,1,2,1.0,0.0,0.0,1,0.0,0,True,1746969281.939681,right,False
237,1746969289.0295362,55.6328,1.06493,0.413253,0.387565,0.0355446,6979.9,1,3.964,0.0299683,24.9949,49.9688,1,2,1.0,0.0,0.0,1,0.0,0,True,1746969281.939681,right,False
238,1746969289.0513613,55.8301,1.03799,0.420703,0.387187,0.0354599,6755.61,1,3.986,0.370667,25.3356,49.9686,1,2,1.0,0.0,0.0,1,0.0,0,True,1746969281.939681,right,False
239,1746969289.07413,56.0241,1.00957,0.414804,0.386798,0.0351591,7023.96,1,4.008,0.712524,25.6774,49.9684,1,2,1.0,0.0,0.0,1,0.0,0,True,1746969281.939681,right,False
240,1746969289.0974686,56.0795,0.977506,0.404388,0.386403,0.0347304,3815,2,4.03,1.05493,26.0198,49.9684,1,2,1.0,0.0,0.0,2,0.0,0,True,1746969281.939681,right,False
241,1746969289.1171823,56.0667,0.949535,0.3876,0.386006,0.0342649,3818.63,2,4.052,1.39734,26.3622,49.9684,1,2,1.0,0.0,0.0,2,0.0,0,True,1746969281.939681,right,False
242,1746969289.1394088,56.0541,0.927297,0.364858,0.38561,0.0338134,3822.26,2,4.074,1.73975,26.7047,49.9684,1,2,1.0,0.0,0.0,2,0.0,0,True,1746969281.939681,right,False
243,1746969289.1612604,56.0415,0.910994,0.342976,0.385216,0.0334175,3825.87,2,4.096,2.08215,27.0471,49.9684,1,2,1.0,0.0,0.0,2,0.0,0,True,1746969281.939681,right,False
244,1746969289.1837878,56.0289,0.898851,0.333002,0.384825,0.0330846,3829.48,2,4.118,2.42456,27.3895,49.9684,1,2,1.0,0.0,0.0,2,0.0,0,True,1746969281.939681,right,False
245,1746969289.203878,56.0164,0.89434,0.313721,0.384438,0.032828,3833.09,2,4.14,2.76697,27.7319,49.9684,1,2,1.0,0.0,0.0,2,0.0,0,True,1746969281.939681,right,False
246,1746969289.2267327,56.0037,0.894616,0.288076,0.384055,0.0326417,3836.69,2,4.162,3.10938,28.0743,49.9684,1,2,1.0,0.0,0.0,2,0.0,0,True,1746969281.939681,right,False
247,1746969289.2496808,55.9911,0.894153,0.283918,0.383676,0.0325156,3840.28,2,4.184,3.45178,28.4167,49.9684,1,2,1.0,0.0,0.0,2,0.0,0,True,1746969281.939681,right,False
248,1746969289.2711387,55.9785,0.89729,0.276742,0.3833,0.0324419,3843.87,2,4.206,3.79419,28.7591,49.9684,1,2,1.0,0.0,0.0,2,0.0,0,True,1746969281.939681,right,False
249,1746969289.2919183,55.9658,0.902208,0.268276,0.382927,0.0324074,3847.45,2,4.228,4.13605,29.101,49.9684,1,2,1.0,0.0,0.0,2,0.0,0,True,1746969281.939681,right,False
250,1746969289.316609,55.9531,0.905997,0.269776,0.382557,0.0324033,3851.02,2,4.25,4.47778,29.4427,49.9684,1,2,1.0,0.0,0.0,2,0.0,0,True,1746969281.939681,right,False
251,1746969289.33745,55.9404,0.912449,0.255223,0.382189,0.0324203,3854.59,2,4.272,4.81952,29.7844,49.9684,1,2,1.0,0.0,0.0,2,0.0,0,True,1746969281.939681,right,False
252,1746969289.3595438,55.9276,0.915473,0.256229,0.381822,0.0324467,3858.15,2,4.294,5.16125,30.1262,49.9684,1,2,1.0,0.0,0.0,2,0.0,0,True,1746969281.939681,right,False
253,1746969289.3815243,55.9163,0.917921,0.262328,0.381456,0.0324783,3722.81,2,4.316,5.50299,30.4679,49.9684,1,2,1.0,0.0,0.0,2,0.0,0,True,1746969281.939681,right,False
254,1746969289.4024718,56.1043,0.927364,0.248096,0.381091,0.032502,3912.06,2,4.338,5.84515,30.8101,49.9682,1,2,1.0,0.0,0.0,2,0.0,0,True,1746969281.939681,right,False
255,1746969289.4237304,56.3569,0.932722,0.245724,0.380725,0.0324622,3936.98,2,4.36,6.1889,31.1538,49.968,1,2,1.0,0.0,0.0,2,0.0,0,True,1746969281.939681,right,False
256,1746969289.4478133,56.6108,0.934537,0.244159,0.380359,0.0323462,3960.62,2,4.382,6.53412,31.499,49.9678,1,2,1.0,0.0,0.0,2,0.0,0,True,1746969281.939681,right,False
257,1746969289.468242,56.8656,0.933678,0.241062,0.379993,0.0321483,3983.33,2,4.404,6.88098,31.8459,49.9676,1,2,1.0,0.0,0.0,2,0.0,0,True,1746969281.939681,right,False
258,1746969289.489492,57.1243,0.930352,0.236276,0.379629,0.0318662,4000.2,2,4.426,7.22937,32.1943,49.9674,1,2,1.0,0.0,0.0,2,0.0,0,True,1746969281.939681,right,False
259,1746969289.5141714,57.3792,0.925344,0.230298,0.379267,0.0315024,4032.86,2,4.448,7.57928,32.5442,49.9672,1,2,1.0,0.0,0.0,2,0.0,0,True,1746969281.939681,right,False
260,1746969289.5333936,57.6395,0.919701,0.220206,0.378909,0.031054,4050.95,2,4.47,7.93079,32.8957,49.967,1,2,1.0,0.0,0.0,2,0.0,0,True,1746969281.939681,right,False
261,1746969289.5551639,57.8983,0.912728,0.208778,0.378557,0.0305301,4078.82,2,4.492,8.28387,33.2488,49.9668,1,2,1.0,0.0,0.0,2,0.0,0,True,1746969281.939681,right,False
262,1746969289.577278,58.1596,0.904936,0.201163,0.378211,0.0299337,4101.31,2,4.514,8.63855,33.6035,49.9665,1,2,1.0,0.0,0.0,2,0.0,0,True,1746969281.939681,right,False
263,1746969289.6012752,58.4224,0.896829,0.193604,0.377874,0.029276,4123.09,2,4.536,8.99487,33.9598,49.9663,1,2,1.0,0.0,0.0,2,0.0,0,True,1746969281.939681,right,False
264,1746969289.6216366,58.6865,0.888739,0.183755,0.377547,0.0285675,4145.87,2,4.558,9.35278,34.3177,49.9661,1,2,1.0,0.0,0.0,2,0.0,0,True,1746969281.939681,right,False
265,1746969289.6459618,58.9542,0.880829,0.177124,0.37723,0.0278217,4159.86,2,4.58,9.71234,34.6772,49.9658,1,2,1.0,0.0,0.0,2,0.0,0,True,1746969281.939681,right,False
266,1746969289.6670425,59.2195,0.874725,0.169147,0.376927,0.0270504,4183.41,2,4.602,10.0735,35.0384,49.9656,1,2,1.0,0.0,0.0,2,0.0,0,True,1746969281.939681,right,False
267,1746969289.688151,59.4871,0.869158,0.153249,0.376636,0.0262662,4207.08,2,4.624,10.4363,35.4012,49.9653,1,2,1.0,0.0,0.0,2,0.0,0,True,1746969281.939681,right,False
268,1746969289.7094612,59.7593,0.862958,0.159069,0.376359,0.0254788,4214.3,2,4.646,10.8008,35.7657,49.965,1,2,1.0,0.0,0.0,2,0.0,0,True,1746969281.939681,right,False
269,1746969289.7328968,60.0302,0.859733,0.150809,0.376097,0.0246964,4230.59,2,4.668,11.1669,36.1318,49.9648,1,2,1.0,0.0,0.0,2,0.0,0,True,1746969281.939681,right,False
270,1746969289.754412,60.3001,0.857577,0.140219,0.375849,0.0239271,4254.07,2,4.69,11.5347,36.4996,49.9645,1,2,1.0,0.0,0.0,2,0.0,0,True,1746969281.939681,right,False
271,1746969289.7751105,60.5734,0.857026,0.137144,0.375617,0.0231701,4269.94,2,4.712,11.9041,36.869,49.9643,1,2,1.0,0.0,0.0,2,0.0,0,True,1746969281.939681,right,False
272,1746969289.799701,60.8454,0.856802,0.132407,0.375402,0.0224334,4291.57,2,4.734,12.2752,37.2401,49.964,1,2,1.0,0.0,0.0,2,0.0,0,True,1746969281.939681,right,False
273,1746969289.818906,61.1191,0.859099,0.121725,0.375202,0.0217113,4310.97,2,4.756,12.6479,37.6129,49.9638,1,2,1.0,0.0,0.0,2,0.0,0,True,1746969281.939681,right,False
274,1746969289.843246,61.3956,0.860444,0.126563,0.375018,0.0210095,4321.51,2,4.778,13.0225,37.9874,49.9635,1,2,1.0,0.0,0.0,2,0.0,0,True,1746969281.939681,right,False
275,1746969289.866222,61.668,0.865059,0.109455,0.374851,0.0203246,4351.47,2,4.8,13.3986,38.3635,49.9633,1,2,1.0,0.0,0.0,2,0.0,0,True,1746969281.939681,right,False
276,1746969289.8870552,61.9462,0.869227,0.0989469,0.3747,0.0196446,4364.89,2,4.822,13.7764,38.7413,49.963,1,2,1.0,0.0,0.0,2,0.0,0,True,1746969281.939681,right,False
277,1746969289.9092433,62.225,0.872311,0.103194,0.374566,0.0189791,4381.71,2,4.844,14.1559,39.1208,49.9628,1,2,1.0,0.0,0.0,2,0.0,0,True,1746969281.939681,right,False
278,1746969289.9330149,62.5014,0.876817,0.0993913,0.374447,0.0183248,4405.35,2,4.866,14.5372,39.5021,49.9625,1,2,1.0,0.0,0.0,2,0.0,0,True,1746969281.939681,right,False
279,1746969289.9516182,62.7798,0.881886,0.0833166,0.374345,0.0176797,4427.23,2,4.888,14.92,39.8849,49.9623,1,2,1.0,0.0,0.0,2,0.0,0,True,1746969281.939681,right,False
280,1746969289.9739275,63.0579,0.888113,0.0644284,0.37426,0.0170318,4453.34,2,4.91,15.3047,40.2696,49.962,1,2,1.0,0.0,0.0,2,0.0,0,True,1746969281.939681,right,False
281,1746969289.9981568,63.3381,0.894965,0.0390657,0.374192,0.0163826,4476.38,2,4.932,15.691,40.6559,49.9618,1,2,1.0,0.0,0.0,2,0.0,0,True,1746969281.939681,right,False
282,1746969290.0180485,63.6193,0.898307,0.0281827,0.374142,0.0157127,4500.27,2,4.954,16.079,41.0439,49.9615,1,2,1.0,0.0,0.0,2,0.0,0,True,1746969281.939681,right,False
283,1746969290.041899,63.904,0.901982,0.00699757,0.374108,0.0150306,4517.75,2,4.976,16.4688,41.4337,49.9613,1,2,1.0,0.0,0.0,2,0.0,0,True,1746969281.939681,right,False
284,1746969290.0617595,64.1902,0.904132,-0.00359092,0.374092,0.0143471,4532.58,2,4.998,16.8603,41.8252,49.961,1,2,1.0,0.0,0.0,2,0.0,0,True,1746969281.939681,right,False
285,1746969290.0831108,64.4754,0.904763,0.00519707,0.374093,0.0136623,4551.08,2,5.02,17.2536,42.2185,49.9607,1,2,1.0,0.0,0.0,2,0.0,0,True,1746969281.939681,right,False
286,1746969290.1062677,64.76,0.905226,0.0065669,0.37411,0.0129673,4576.36,2,5.042,17.6486,42.6135,49.9604,1,2,1.0,0.0,0.0,2,0.0,0,True,1746969281.939681,right,False
287,1746969290.1308281,65.0438,0.90815,-0.0146636,0.374145,0.0122602,4609.71,2,5.064,18.0453,43.0103,49.9601,1,2,1.0,0.0,0.0,2,0.0,0,True,1746969281.939681,right,False
288,1746969290.1509478,65.335,0.910579,-0.0275797,0.374199,0.0115378,4621.54,2,5.086,18.4438,43.4088,49.9599,1,2,1.0,0.0,0.0,2,0.0,0,True,1746969281.939681,right,False
289,1746969290.1729481,65.6246,0.91193,-0.038539,0.374271,0.0108142,4643.97,2,5.108,18.8441,43.809,49.9596,1,2,1.0,0.0,0.0,2,0.0,0,True,1746969281.939681,right,False
290,1746969290.1938868,65.9127,0.91488,-0.0572332,0.374362,0.010083,4672.59,2,5.13,19.2462,44.2111,49.9593,1,2,1.0,0.0,0.0,2,0.0,0,True,1746969281.939681,right,False
291,1746969290.216023,66.2063,0.915114,-0.0622193,0.374473,0.00934191,4690.52,2,5.152,19.6499,44.6148,49.959,1,2,1.0,0.0,0.0,2,0.0,0,True,1746969281.939681,right,False
292,1746969290.2399938,66.4972,0.916705,-0.0779846,0.374602,0.00858946,4717.67,2,5.174,20.0555,45.0204,49.9587,1,2,1.0,0.0,0.0,2,0.0,0,True,1746969281.939681,right,False
293,1746969290.259839,66.7904,0.918531,-0.093054,0.374753,0.00783228,4738.06,2,5.196,20.463,45.4279,49.9584,1,2,1.0,0.0,0.0,2,0.0,0,True,1746969281.939681,right,False
294,1746969290.280901,67.0869,0.920683,-0.115796,0.374923,0.00707487,4751.58,2,5.218,20.8721,45.837,49.9581,1,2,1.0,0.0,0.0,2,0.0,0,True,1746969281.939681,right,False
295,1746969290.3032303,67.3758,0.923252,-0.131043,0.375115,0.00631453,4781.67,2,5.24,21.283,46.2479,49.9578,1,2,1.0,0.0,0.0,2,0.0,0,True,1746969281.939681,right,False
296,1746969290.3253038,67.6715,0.924273,-0.147126,0.375327,0.00554775,4793.35,2,5.262,21.6958,46.6607,49.9575,1,2,1.0,0.0,0.0,2,0.0,0,True,1746969281.939681,right,False
297,1746969290.3478136,67.9644,0.925736,-0.160659,0.37556,0.0047812,4815.69,2,5.284,22.1103,47.0752,49.9572,1,2,1.0,0.0,0.0,2,0.0,0,True,1746969281.939681,right,False
298,1746969290.3718982,68.2568,0.926899,-0.175233,0.375815,0.00400939,4838.72,2,5.306,22.5266,47.4915,49.9569,1,2,1.0,0.0,0.0,2,0.0,0,True,1746969281.939681,right,False
299,1746969290.3924346,68.5498,0.92829,-0.191245,0.376091,0.00323574,4859,2,5.328,22.9448,47.9097,49.9566,1,2,1.0,0.0,0.0,2,0.0,0,True,1746969281.939681,right,False
300,1746969290.4143527,68.8418,0.929937,-0.20767,0.376388,0.00246121,4880.71,2,5.35,23.3646,48.3295,49.9563,1,2,1.0,0.0,0.0,2,0.0,0,True,1746969281.939681,right,False
301,1746969290.4386907,69.1378,0.930664,-0.219857,0.376708,0.00168328,4891.28,2,5.372,23.7863,48.7512,49.956,1,2,1.0,0.0,0.0,2,0.0,0,True,1746969281.939681,right,False
302,1746969290.458675,69.4308,0.932099,-0.233973,0.37705,0.000908506,4912.55,2,5.394,24.2098,49.1747,49.9557,1,2,1.0,0.0,0.0,2,0.0,0,True,1746969281.939681,right,False
303,1746969290.4796555,69.7213,0.934006,-0.2503,0.377415,0.000132141,4937.72,2,5.416,24.6351,49.6,49.9554,1,2,1.0,0.0,0.0,2,0.0,0,True,1746969281.939681,right,False
304,1746969290.5019171,70.0107,0.935962,-0.26727,0.377802,-0.000642854,4964.99,2,5.438,25.0621,50.027,49.9552,1,2,1.0,0.0,0.0,2,0.0,0,True,1746969281.939681,right,False
305,1746969290.525611,70.3067,0.93648,-0.271813,0.378211,-0.00141838,4974.91,2,5.46,25.4909,50.4558,49.9549,1,2,1.0,0.0,0.0,2,0.0,0,True,1746969281.939681,left,False
306,1746969290.5482004,70.5976,0.938769,-0.288251,0.378644,-0.00218887,4996.15,2,5.482,25.9215,50.8864,49.9546,1,2,1.0,0.0,0.0,2,0.0,0,True,1746969281.939681,left,False
307,1746969290.5694344,70.8883,0.940728,-0.302935,0.379101,-0.00296244,5019.61,2,5.504,26.3539,51.3188,49.9543,1,2,1.0,0.0,0.0,2,0.0,0,True,1746969281.939681,left,False
308,1746969290.5907483,71.1791,0.943166,-0.318927,0.37958,-0.00373121,5042.17,2,5.526,26.788,51.7529,49.954,1,2,1.0,0.0,0.0,2,0.0,0,True,1746969281.939681,left,False
309,1746969290.6114273,71.4715,0.94513,-0.332953,0.380084,-0.00450353,5060.43,2,5.548,27.224,52.1889,49.9537,1,2,1.0,0.0,0.0,2,0.0,0,True,1746969281.939681,left,False
310,1746969290.6329901,71.7623,0.947761,-0.351193,0.380611,-0.00527325,5082.45,2,5.57,27.6617,52.6266,49.9534,1,2,1.0,0.0,0.0,2,0.0,0,True,1746969281.939681,left,False
311,1746969290.6584637,72.0541,0.949431,-0.359825,0.381162,-0.00604005,5100.9,2,5.592,28.1012,53.0661,49.9531,1,2,1.0,0.0,0.0,2,0.0,0,True,1746969281.939681,left,False
312,1746969290.6775615,72.3467,0.951821,-0.374321,0.381738,-0.00680561,5117.3,2,5.614,28.5424,53.5073,49.9528,1,2,1.0,0.0,0.0,2,0.0,0,True,1746969281.939681,left,False
313,1746969290.6993032,72.6365,0.95506,-0.394397,0.382338,-0.00756968,5140.17,2,5.636,28.9854,53.9503,49.9525,1,2,1.0,0.0,0.0,2,0.0,0,True,1746969281.939681,left,False
314,1746969290.7230453,72.9274,0.957555,-0.410726,0.382962,-0.00833301,5158.55,2,5.658,29.4302,54.3951,49.9522,1,2,1.0,0.0,-0.1,2,0.0,0,True,1746969281.939681,left,False
315,1746969290.7457466,73.1899,0.787689,-0.425753,0.383572,-0.00843737,5210.63,2,5.68,29.8767,54.8416,49.9519,1,2,1.0,0.0,-0.1,2,0.0,0,True,1746969281.939681,left,False
316,1746969290.7661295,73.4647,0.670468,-0.415752,0.384098,-0.00686477,5211.27,2,5.702,30.3248,55.2897,49.9516,1,2,1.0,0.0,-0.1,2,0.0,0,True,1746969281.939681,left,False
317,1746969290.7881334,73.7389,0.646816,-0.391369,0.384532,-0.00378604,5212.72,2,5.724,30.7747,55.7396,49.9512,1,2,1.0,0.0,-0.1,2,0.0,0,True,1746969281.939681,left,False
318,1746969290.811299,74.0065,0.701394,-0.354245,0.384862,0.000600832,5223.73,2,5.746,31.2261,56.191,49.9509,1,2,1.0,0.0,-0.1,2,0.0,0,True,1746969281.939681,left,False
319,1746969290.8350828,74.2719,0.807673,-0.297888,0.385078,0.00609025,5237.77,2,5.768,31.6793,56.6442,49.9506,1,2,1.0,0.0,-0.1,2,0.0,0,True,1746969281.939681,left,False
320,1746969290.8558955,74.5315,0.955114,-0.230015,0.385169,0.01246,5259.74,2,5.79,32.1341,57.099,49.9502,1,2,1.0,0.0,-0.1,2,0.0,0,True,1746969281.939681,left,False
321,1746969290.8780334,74.7881,1.1232,-0.140613,0.385118,0.0195265,5277.77,2,5.812,32.5905,57.5554,49.9499,1,2,1.0,0.0,0.0,2,0.0,0,True,1746969281.939681,right,False
322,1746969290.897483,75.0663,1.51839,-0.0432541,0.384962,0.0263125,5277.11,2,5.834,33.0485,58.0134,49.9495,1,2,1.0,0.0,0.0,2,0.0,0,True,1746969281.939681,right,False
323,1746969290.9196584,75.332,1.81835,0.0393939,0.384772,0.0313805,5313.9,2,5.856,33.5083,58.4732,49.9492,1,2,1.0,0.0,0.0,2,0.0,0,True,1746969281.939681,right,False
324,1746969290.9410806,75.5982,1.97292,0.118261,0.384532,0.034994,5350.03,2,5.878,33.9697,58.9346,49.9489,1,2,1.0,0.0,0.0,2,0.0,0,True,1746969281.939681,right,False
325,1746969290.966113,75.8664,2.02527,0.191002,0.384233,0.0374151,5380.76,2,5.9,34.4327,59.3976,49.9485,1,2,1.0,0.0,0.0,2,0.0,0,True,1746969281.939681,right,False
326,1746969290.9852712,76.1374,2.00797,0.256006,0.383875,0.0388577,5408.85,2,5.922,34.8974,59.8623,49.9482,1,2,1.0,0.0,0.0,2,0.0,0,True,1746969281.939681,right,False
327,1746969291.0079312,76.4072,1.9437,0.313794,0.383461,0.039506,5441.28,2,5.944,35.3637,60.3286,49.9479,1,2,1.0,0.0,0.0,2,0.0,0,True,1746969281.939681,right,False
328,1746969291.0293393,76.6833,1.85004,0.36469,0.382999,0.0395209,5458.7,2,5.966,35.8317,60.7966,49.9475,1,2,1.0,0.0,0.0,2,0.0,0,True,1746969281.939681,right,False
329,1746969291.0541139,76.9576,1.74264,0.402021,0.382497,0.0390546,5485.5,2,5.988,36.3013,61.2662,49.9472,1,2,1.0,0.0,0.0,2,0.0,0,True,1746969281.939681,right,False
330,1746969291.0756218,77.2362,1.63025,0.433929,0.381967,0.0382354,5500.4,2,6.01,36.7725,61.7374,49.9469,1,2,1.0,0.0,0.0,2,0.0,0,True,1746969281.939681,right,False
331,1746969291.096773,77.5146,1.52066,0.456439,0.381416,0.0371712,5516.76,2,6.032,37.2455,62.2104,49.9465,1,2,1.0,0.0,0.0,2,0.0,0,True,1746969281.939681,right,False
332,1746969291.1175034,77.7929,1.41788,0.473109,0.380853,0.0359506,5534.98,2,6.054,37.7201,62.685,49.9462,1,2,1.0,0.0,0.0,2,0.0,0,True,1746969281.939681,right,False
333,1746969291.145208,78.0726,1.3252,0.478694,0.380287,0.0346462,5546.32,2,6.076,38.1964,63.1613,49.9459,1,2,1.0,0.0,0.0,2,0.0,0,True,1746969281.939681,right,False
334,1746969291.161318,78.3542,1.24382,0.479014,0.379723,0.0333138,5557.21,2,6.098,38.6744,63.6393,49.9455,1,2,1.0,0.0,0.0,2,0.0,0,True,1746969281.939681,right,False
335,1746969291.1924286,78.6316,1.17599,0.463569,0.379168,0.0319949,5577.63,2,6.12,39.1542,64.1191,49.9452,1,2,1.0,0.0,0.0,2,0.0,0,True,1746969281.939681,right,False
336,1746969291.2059243,78.911,1.12014,0.452283,0.378626,0.0307158,5590.91,2,6.142,39.6356,64.6005,49.9448,1,2,1.0,0.0,0.0,2,0.0,0,True,1746969281.939681,right,False
337,1746969291.2314932,79.1915,1.07557,0.440729,0.378101,0.0294945,5601.03,2,6.164,40.1188,65.0837,49.9445,1,2,1.0,0.0,0.0,2,0.0,0,True,1746969281.939681,right,False
338,1746969291.25298,79.4702,1.04195,0.420472,0.377595,0.0283401,5616.38,2,6.186,40.6036,65.5685,49.9442,1,2,1.0,0.0,0.0,2,0.0,0,True,1746969281.939681,right,False
339,1746969291.2716527,79.7483,1.01786,0.395409,0.377111,0.0272543,5633.21,2,6.208,41.0901,66.0551,49.9438,1,2,1.0,0.0,0.0,2,0.0,0,True,1746969281.939681,right,False
340,1746969291.294015,80.0256,1.00147,0.372919,0.376649,0.0262343,5652.22,2,6.23,41.5784,66.5433,49.9435,1,2,1.0,0.0,0.0,2,0.0,0,True,1746969281.939681,right,False
341,1746969291.318296,80.3021,0.99192,0.344508,0.376213,0.0252753,5673.57,2,6.252,42.0684,67.0333,49.9432,1,2,1.0,0.0,0.0,2,0.0,0,True,1746969281.939681,right,False
342,1746969291.3376365,80.5798,0.987378,0.321003,0.375801,0.024369,5689.58,2,6.274,42.56,67.5249,49.9428,1,2,1.0,0.0,0.0,2,0.0,0,True,1746969281.939681,right,False
343,1746969291.3615446,80.8555,0.987042,0.297228,0.375414,0.0235096,5710.69,2,6.296,43.0534,68.0183,49.9425,1,2,1.0,0.0,0.0,2,0.0,0,True,1746969281.939681,right,False
344,1746969291.382966,81.1312,0.990498,0.26413,0.375054,0.0226793,5731.85,2,6.318,43.5484,68.5133,49.9422,1,2,1.0,0.0,0.0,2,0.0,0,True,1746969281.939681,right,False
345,1746969291.4043658,81.4112,0.994605,0.235921,0.374719,0.0218719,5741.27,2,6.34,44.0452,69.0101,49.9418,1,2,1.0,0.0,0.0,2,0.0,0,True,1746969281.939681,right,False
346,1746969291.4277594,81.6865,0.999346,0.209293,0.374411,0.0210947,5762.39,2,6.362,44.5436,69.5085,49.9415,1,2,1.0,0.0,0.0,2,0.0,0,True,1746969281.939681,right,False
347,1746969291.4501874,81.9599,1.00533,0.191186,0.374127,0.0203308,5784.92,2,6.384,45.0437,70.0086,49.9412,1,2,1.0,0.0,0.0,2,0.0,0,True,1746969281.939681,right,False
348,1746969291.4712386,82.2362,1.01066,0.169622,0.373869,0.0195763,5801.51,2,6.406,45.5455,70.5104,49.9408,1,2,1.0,0.0,0.0,2,0.0,0,True,1746969281.939681,right,False
349,1746969291.4930718,82.5071,1.01659,0.138247,0.373637,0.0188259,5823.68,2,6.428,46.049,71.0139,49.9405,1,2,1.0,0.0,0.0,2,0.0,0,True,1746969281.939681,right,False
350,1746969291.517837,82.7817,1.02059,0.127535,0.373429,0.0180764,5833.37,2,6.45,46.5542,71.5191,49.9401,1,2,1.0,0.0,0.0,2,0.0,0,True,1746969281.939681,right,False
351,1746969291.5414379,83.05,1.02492,0.107623,0.373246,0.0173269,5859.45,2,6.472,47.061,72.0259,49.9398,1,2,1.0,0.0,0.0,2,0.0,0,True,1746969281.939681,right,False
352,1746969291.5579536,83.3203,1.02881,0.0865996,0.373089,0.016569,5875.46,2,6.494,47.5695,72.5344,49.9395,1,2,1.0,0.0,0.0,2,0.0,0,True,1746969281.939681,right,False
353,1746969291.5848863,83.5914,1.03098,0.0691367,0.372957,0.0158065,5888.83,2,6.516,48.0796,73.0445,49.9391,1,2,1.0,0.0,0.0,2,0.0,0,True,1746969281.939681,right,False
354,1746969291.604251,83.8601,1.03173,0.0627557,0.37285,0.0150448,5903.89,2,6.538,48.5913,73.5562,49.9388,1,2,1.0,0.0,0.0,2,0.0,0,True,1746969281.939681,right,False
355,1746969291.6242719,84.1265,1.03449,0.0508116,0.372768,0.0142841,5918.58,2,6.56,49.1047,74.0696,49.9385,1,2,1.0,0.0,0.0,2,0.0,0,True,1746969281.939681,right,False
356,1746969291.647639,84.3905,1.03592,0.0331199,0.372711,0.013521,5947.01,2,6.582,49.6198,74.5847,49.9381,1,2,1.0,0.0,0.0,2,0.0,0,True,1746969281.939681,right,False
357,1746969291.670629,84.6552,1.03734,0.0200321,0.37268,0.012751,5957.91,2,6.604,50.1364,75.1013,49.9378,1,2,1.0,0.0,0.0,2,0.0,0,True,1746969281.939681,right,False
358,1746969291.6909578,84.9197,1.03961,-0.00336014,0.372675,0.0119821,5972.9,2,6.626,50.6547,75.6196,49.9375,1,2,1.0,0.0,0.0,2,0.0,0,True,1746969281.939681,right,False
359,1746969291.7149522,85.1793,1.0419,-0.0277885,0.372696,0.0112074,5999.17,2,6.648,51.1745,76.1394,49.9371,1,2,1.0,0.0,0.0,2,0.0,0,True,1746969281.939681,right,False
360,1746969291.7337687,85.4417,1.0425,-0.0471185,0.372743,0.0104176,6013.47,2,6.67,51.696,76.6609,49.9368,1,2,1.0,0.0,0.0,2,0.0,0,True,1746969281.939681,right,False
361,1746969291.7579854,85.7036,1.04126,-0.056676,0.372817,0.00962297,6025.88,2,6.692,52.2191,77.184,49.9365,1,2,1.0,0.0,0.0,2,0.0,0,True,1746969281.939681,right,False
362,1746969291.777249,85.9613,1.04131,-0.0770829,0.372918,0.00882526,6046.49,2,6.714,52.7437,77.7086,49.9361,1,2,1.0,0.0,0.0,2,0.0,0,True,1746969281.939681,right,False
363,1746969291.800971,86.2236,1.04085,-0.0945391,0.373045,0.00803114,6053.61,2,6.736,53.2699,78.2348,49.9358,1,2,1.0,0.0,0.0,2,0.0,0,True,1746969281.939681,right,False
364,1746969291.8240666,86.4795,1.04257,-0.113864,0.373199,0.00724662,6071.87,2,6.758,53.7977,78.7626,49.9354,1,2,1.0,0.0,0.0,2,0.0,0,True,1746969281.939681,right,False
365,1746969291.843775,86.7359,1.04365,-0.135527,0.37338,0.00647237,6093.55,2,6.78,54.327,79.2919,49.9351,1,2,1.0,0.0,0.0,2,0.0,0,True,1746969281.939681,right,False
366,1746969291.8679018,86.9927,1.04453,-0.148164,0.373589,0.00570255,6105.3,2,6.802,54.858,79.8229,49.9348,1,2,1.0,0.0,0.0,2,0.0,0,True,1746969281.939681,right,False
367,1746969291.8903832,87.2482,1.04656,-0.163359,0.373825,0.00494339,6120.2,2,6.824,55.3905,80.3554,49.9344,1,2,1.0,0.0,0.0,2,0.0,0,True,1746969281.939681,right,False
368,1746969291.9113266,87.5021,1.04904,-0.179266,0.374088,0.00419068,6136.17,2,6.846,55.9245,80.8894,49.9341,1,2,1.0,0.0,0.0,2,0.0,0,True,1746969281.939681,right,False
369,1746969291.9329324,87.7545,1.05222,-0.197443,0.374379,0.00344577,6152.71,2,6.868,56.4601,81.425,49.9338,1,2,1.0,0.0,0.0,2,0.0,0,True,1746969281.939681,right,False
370,1746969291.954629,88.0067,1.05534,-0.213813,0.374697,0.0027059,6167.4,2,6.89,56.9973,81.9622,49.9334,1,2,1.0,0.0,0.0,2,0.0,0,True,1746969281.939681,right,False
371,1746969291.9781184,88.2565,1.05919,-0.235845,0.375042,0.00197265,6185.99,2,6.912,57.5359,82.5008,49.9331,1,2,1.0,0.0,0.0,2,0.0,0,True,1746969281.939681,right,False
372,1746969291.9982824,88.5091,1.06196,-0.249763,0.375415,0.00124524,6195.61,2,6.934,58.0761,83.041,49.9328,1,2,1.0,0.0,0.0,2,0.0,0,True,1746969281.939681,right,False
373,1746969292.0223334,88.7557,1.06542,-0.260591,0.375815,0.000524923,6215.46,2,6.956,58.6178,83.5827,49.9324,1,2,1.0,0.0,0.0,2,0.0,0,True,1746969281.939681,right,False
374,1746969292.0442812,89.0054,1.06828,-0.275612,0.376243,-0.000193851,6228.08,2,6.978,59.1611,84.126,49.9321,1,2,1.0,0.0,0.0,2,0.0,0,True,1746969281.939681,right,False
375,1746969292.066461,89.2492,1.07288,-0.30047,0.376698,-0.000909335,6251.62,2,7,59.7058,84.6707,49.9318,1,2,1.0,0.0,0.0,2,0.0,0,True,1746969281.939681,right,False
376,1746969292.085084,89.496,1.07677,-0.321702,0.377181,-0.00162499,6263.36,2,7.022,60.2521,85.217,49.9314,1,2,1.0,0.0,0.0,2,0.0,0,True,1746969281.939681,right,False
377,1746969292.1082869,89.7413,1.08005,-0.338072,0.377691,-0.00233249,6278.9,2,7.044,60.7998,85.7647,49.9311,1,2,1.0,0.0,0.0,2,0.0,0,True,1746969281.939681,right,False
378,1746969292.129301,89.9862,1.08298,-0.354979,0.378229,-0.00303963,6292.37,2,7.066,61.349,86.3139,49.9307,1,2,1.0,0.0,0.0,2,0.0,0,True,1746969281.939681,right,False
379,1746969292.15378,90.2293,1.08663,-0.374873,0.378795,-0.00374247,6308.44,2,7.088,61.8997,86.8646,49.9304,1,2,1.0,0.0,0.0,2,0.0,0,True,1746969281.939681,right,False
380,1746969292.1748757,90.4724,1.09021,-0.392861,0.379388,-0.00444175,6322.6,2,7.11,62.4518,87.4167,49.9301,1,2,1.0,0.0,0.0,2,0.0,0,True,1746969281.939681,right,False
381,1746969292.1951525,90.7141,1.09345,-0.411518,0.380008,-0.00514034,6338.85,2,7.132,63.0054,87.9703,49.9297,1,2,1.0,0.0,0.0,2,0.0,0,True,1746969281.939681,right,False
382,1746969292.2200258,90.954,1.09676,-0.430644,0.380656,-0.00583557,6358.23,2,7.154,63.5605,88.5255,49.9294,1,2,1.0,0.0,0.0,2,0.0,0,True,1746969281.939681,right,False
383,1746969292.2415736,91.1947,1.10016,-0.452465,0.381332,-0.00653238,6374.85,2,7.176,64.1171,89.082,49.9291,1,2,1.0,0.0,0.0,2,0.0,0,True,1746969281.939681,right,False
384,1746969292.2622252,91.4357,1.10242,-0.468105,0.382036,-0.00722933,6386.04,2,7.198,64.6752,89.6401,49.9287,1,2,1.0,0.0,0.0,2,0.0,0,True,1746969281.939681,right,False
385,1746969292.2853,91.6765,1.10475,-0.484786,0.382767,-0.00792326,6398.45,2,7.22,65.2347,90.1996,49.9284,1,2,1.0,0.0,0.0,2,0.0,0,True,1746969281.939681,right,False
386,1746969292.306882,91.9145,1.10768,-0.505561,0.383526,-0.00861328,6418.13,2,7.242,65.7957,90.7606,49.9281,1,2,1.0,0.0,0.0,2,0.0,0,True,1746969281.939681,right,False
387,1746969292.327786,92.152,1.11074,-0.523821,0.384313,-0.00930309,6434.1,2,7.264,66.3581,91.323,49.9277,1,2,1.0,0.0,0.0,2,0.0,0,True,1746969281.939681,right,False
388,1746969292.3489754,92.3894,1.11315,-0.543878,0.385127,-0.00999258,6450.32,2,7.286,66.9219,91.8868,49.9274,1,2,1.0,0.0,0.0,2,0.0,0,True,1746969281.939681,right,False
389,1746969292.3739057,92.6262,1.11558,-0.562042,0.38597,-0.0106824,6465.68,2,7.308,67.4872,92.4521,49.9271,1,2,1.0,0.0,0.0,2,0.0,0,True,1746969281.939681,right,False
390,1746969292.395112,92.8629,1.11753,-0.578266,0.38684,-0.0113748,6479.26,2,7.33,68.054,93.0189,49.9267,1,2,1.0,0.0,0.0,2,0.0,0,True,1746969281.939681,right,False
391,1746969292.4167762,93.0977,1.12017,-0.60185,0.387739,-0.012066,6496.88,2,7.352,68.6221,93.587,49.9264,1,2,1.0,0.0,0.0,2,0.0,0,True,1746969281.939681,right,False
392,1746969292.4410713,93.3333,1.12185,-0.621776,0.388666,-0.0127604,6512.76,2,7.374,69.1917,94.1566,49.926,1,2,1.0,0.0,0.0,2,0.0,0,True,1746969281.939681,left,False
393,1746969292.4608173,93.5667,1.1236,-0.642218,0.389621,-0.0134536,6528.82,2,7.396,69.7627,94.7276,49.9257,1,2,1.0,0.0,0.0,2,0.0,0,True,1746969281.939681,left,False
394,1746969292.482294,93.8018,1.12462,-0.653226,0.390605,-0.0141486,6539.64,2,7.418,70.3351,95.3,49.9254,1,2,1.0,0.0,0.0,2,0.0,0,True,1746969281.939681,left,False
395,1746969292.5060503,94.0352,1.12648,-0.673486,0.391617,-0.0148451,6553.84,2,7.44,70.909,95.8739,49.925,1,2,1.0,0.0,0.0,2,0.0,0,True,1746969281.939681,left,False
396,1746969292.5271063,94.2671,1.12806,-0.695564,0.392658,-0.0155413,6571.19,2,7.462,71.4843,96.4492,49.9247,1,2,1.0,0.0,0.0,2,0.0,0,True,1746969281.939681,left,False
397,1746969292.5494933,94.4985,1.12947,-0.718095,0.393727,-0.0162369,6589.28,2,7.484,72.0609,97.0258,49.9244,1,2,1.0,0.0,0.0,2,0.0,0,True,1746969281.939681,left,False
398,1746969292.5719483,94.7301,1.13044,-0.733508,0.394826,-0.0169338,6603.19,2,7.506,72.639,97.6039,49.924,1,2,1.0,0.0,0.0,2,0.0,0,True,1746969281.939681,left,False
399,1746969292.593281,94.9608,1.13178,-0.755347,0.395953,-0.017631,6618.14,2,7.528,73.2184,98.1833,49.9237,1,2,1.0,0.0,0.0,2,0.0,0,True,1746969281.939681,left,False
400,1746969292.614471,95.1918,1.13294,-0.771768,0.39711,-0.0183266,6630.84,2,7.55,73.7993,98.7642,49.9234,1,2,1.0,0.0,0.0,2,0.0,0,True,1746969281.939681,left,False
401,1746969292.636593,95.419,1.13436,-0.789522,0.398295,-0.0190223,6652.91,2,7.572,74.3815,99.3464,49.923,1,2,1.0,0.0,-0.1,2,0.0,0,True,1746969281.939681,left,False
402,1746969292.6574388,95.6245,0.962868,-0.796523,0.399469,-0.0190156,6682.51,2,7.594,74.9651,99.9301,49.9227,1,2,1.0,0.0,-0.1,2,0.0,0,True,1746969281.939681,left,False
403,1746969292.6797938,95.8308,0.892996,-0.803317,0.400556,-0.0171867,6689.68,2,7.616,75.55,100.515,49.9224,1,2,1.0,0.0,-0.1,2,0.0,0,True,1746969281.939681,left,False
404,1746969292.7018552,96.0384,0.957631,-0.77239,0.401544,-0.0136565,6685.22,2,7.638,76.1362,101.101,49.922,1,2,1.0,0.0,-0.1,2,0.0,0,True,1746969281.939681,left,False
405,1746969292.7255793,96.2402,1.13717,-0.729048,0.40242,-0.00860499,6690.09,2,7.66,76.7236,101.689,49.9217,1,2,1.0,0.0,-0.1,2,0.0,0,True,1746969281.939681,left,False
406,1746969292.7451303,96.4351,1.40668,-0.665298,0.403169,-0.00222322,6699.58,2,7.682,77.3124,102.277,49.9213,1,2,1.0,0.0,-0.1,2,0.0,0,True,1746969281.939681,left,False
407,1746969292.7695115,96.6241,1.73964,-0.582155,0.40377,0.00528705,6710.03,2,7.704,77.9023,102.867,49.921,1,2,1.0,0.0,-0.1,2,0.0,0,True,1746969281.939681,left,False
408,1746969292.7895663,96.8044,2.11736,-0.483099,0.404205,0.0137405,6721.45,2,7.726,78.4935,103.458,49.9207,1,2,1.0,0.0,-0.1,2,0.0,0,True,1746969281.939681,left,False
409,1746969292.815747,97.0046,2.7313,-0.368645,0.4045,0.022138,6719.03,2,7.748,79.0859,104.051,49.9203,1,2,1.0,0.0,0.0,2,0.0,0,True,1746969281.939681,right,False
410,1746969292.8334625,97.1964,3.20994,-0.267756,0.404724,0.0288965,6742.2,2,7.77,79.6796,104.645,49.92,1,2,1.0,0.0,0.0,2,0.0,0,True,1746969281.939681,right,False
411,1746969292.8583453,97.3848,3.49315,-0.168057,0.404854,0.0341786,6775.04,2,7.792,80.2746,105.24,49.9197,1,2,1.0,0.0,0.0,2,0.0,0,True,1746969281.939681,right,False
412,1746969292.8799222,97.5762,3.62356,-0.0751103,0.404877,0.0381624,6800.64,2,7.814,80.8707,105.836,49.9193,1,2,1.0,0.0,0.0,2,0.0,0,True,1746969281.939681,right,False
413,1746969292.8991027,97.7575,3.63289,0.0179177,0.404785,0.0409874,6804.37,2,7.836,81.468,106.433,49.919,1,2,1.0,0.0,0.0,2,0.0,0,True,1746969281.939681,right,False
414,1746969292.9243448,97.9247,3.54976,0.110113,0.404578,0.0428045,6803.71,2,7.858,82.0665,107.031,49.9188,1,2,1.0,0.0,0.0,2,0.0,0,True,1746969281.939681,right,False
415,1746969292.9448416,98.0861,3.3963,0.20001,0.404262,0.043754,6726.11,2,7.88,82.6658,107.631,49.9185,1,2,1.0,0.0,0.0,2,0.0,0,True,1746969281.939681,right,False
416,1746969292.9669123,98.2404,3.19563,0.290189,0.403846,0.0439801,6791.82,2,7.902,83.2661,108.231,49.9182,1,2,1.0,0.0,0.0,2,0.0,0,True,1746969281.939681,right,False
417,1746969292.9901214,98.3954,2.9695,0.370124,0.40334,0.0436487,6799.5,2,7.924,83.8672,108.832,49.918,1,2,1.0,0.0,0.0,2,0.0,0,True,1746969281.939681,right,False
418,1746969293.011404,98.5491,2.73425,0.445476,0.402758,0.0429078,6745.92,2,7.946,84.4692,109.434,49.9177,1,2,1.0,0.0,0.0,2,0.0,0,True,1746969281.939681,right,False
419,1746969293.0314553,98.6961,2.50486,0.503855,0.402114,0.0418834,6804.68,2,7.968,85.072,110.037,49.9175,1,2,1.0,0.0,0.0,2,0.0,0,True,1746969281.939681,right,False
420,1746969293.0549767,98.8405,2.28516,0.561972,0.401421,0.0406832,6802.34,2,7.99,85.6758,110.641,49.9173,1,2,1.0,0.0,0.0,2,0.0,0,True,1746969281.939681,right,False
421,1746969293.075676,98.9709,2.10446,0.604368,0.400758,0.0395154,6723,2,8.01,86.2253,111.19,49.9171,1,2,1.0,0.0,0.0,2,0.0,0,True,1746969281.939681,right,False
422,1746969293.0968304,99.094,1.94387,0.62987,0.400074,0.0383391,6750.92,2,8.03,86.7756,111.74,49.9169,1,2,1.0,0.0,0.0,2,0.0,0,True,1746969281.939681,right,False
423,1746969293.1151845,99.2175,1.80358,0.649129,0.399376,0.0371995,6799.18,2,8.05,87.3265,112.291,49.9166,1,2,1.0,0.0,0.0,2,0.0,0,True,1746969281.939681,right,False
424,1746969293.135222,99.3421,1.6857,0.66937,0.398669,0.0361235,6734.55,2,8.07,87.8781,112.843,49.9165,1,2,1.0,0.0,0.0,2,0.0,0,True,1746969281.939681,right,False
425,1746969293.1545832,99.4559,1.58916,0.673486,0.39796,0.0351165,6725.01,2,8.09,88.4302,113.395,49.9163,1,2,1.0,0.0,0.0,2,0.0,0,True,1746969281.939681,right,False
426,1746969293.1732357,99.5647,1.50986,0.669492,0.397253,0.0341904,6731.39,2,8.11,88.983,113.948,49.9161,1,2,1.0,0.0,0.0,2,0.0,0,True,1746969281.939681,right,False
427,1746969293.1931524,99.6613,1.44716,0.665467,0.396551,0.0333485,6817.31,2,8.13,89.5364,114.501,49.9159,1,2,1.0,0.0,0.0,2,0.0,0,True,1746969281.939681,right,False
428,1746969293.2141159,99.7554,1.40001,0.653328,0.395859,0.03259,6812.67,2,8.15,90.0904,115.055,49.9158,1,2,1.0,0.0,0.0,2,0.0,0,True,1746969281.939681,left,False
429,1746969293.2330487,99.8427,1.36605,0.636153,0.395177,0.0319103,6819.35,2,8.17,90.6448,115.61,49.9156,1,2,1.0,0.0,0.0,2,0.0,0,True,1746969281.939681,left,False
430,1746969293.2544754,99.93,1.34282,0.617394,0.394507,0.0313045,6822.79,2,8.19,91.1996,116.165,49.9155,1,2,1.0,0.0,0.0,2,0.0,0,True,1746969281.939681,left,False
431,1746969293.2759542,100.016,1.32881,0.596283,0.393851,0.0307633,6830.1,2,8.21,91.7551,116.72,49.9153,1,2,1.0,0.0,0.0,2,0.0,0,True,1746969281.939681,left,False
432,1746969293.2950103,100.103,1.32204,0.568828,0.39321,0.0302781,6834.41,2,8.23,92.311,117.276,49.9152,1,2,1.0,0.0,0.0,2,0.0,0,True,1746969281.939681,left,False
433,1746969293.3130128,100.19,1.32065,0.545845,0.392584,0.0298414,6840.78,2,8.25,92.8674,117.832,49.915,1,2,1.0,0.0,0.0,2,0.0,0,True,1746969281.939681,left,False
434,1746969293.335775,100.276,1.32328,0.519327,0.391972,0.0294444,6846.59,2,8.27,93.4242,118.389,49.9148,1,2,1.0,0.0,0.0,2,0.0,0,True,1746969281.939681,left,False
435,1746969293.3539813,100.363,1.32906,0.494784,0.391375,0.0290797,6851.66,2,8.29,93.9814,118.946,49.9147,1,2,1.0,0.0,0.0,2,0.0,0,True,1746969281.939681,left,False
436,1746969293.375934,100.448,1.33686,0.470448,0.390793,0.0287433,6858.02,2,8.31,94.5393,119.504,49.9145,1,2,1.0,0.0,0.0,2,0.0,0,True,1746969281.939681,left,False
437,1746969293.3937876,100.535,1.34527,0.446352,0.390226,0.0284252,6864.17,2,8.33,95.0977,120.063,49.9144,1,2,1.0,0.0,0.0,2,0.0,0,True,1746969281.939681,left,False
438,1746969293.4168046,100.62,1.35394,0.426552,0.389672,0.0281167,6870.76,2,8.35,95.6564,120.621,49.9142,1,2,1.0,0.0,0.0,2,0.0,0,True,1746969281.939681,left,False
439,1746969293.4344351,100.706,1.36219,0.40227,0.389132,0.0278142,6875.63,2,8.37,96.2156,121.181,49.9141,1,2,1.0,0.0,0.0,2,0.0,0,True,1746969281.939681,left,False
440,1746969293.455433,100.792,1.3695,0.382561,0.388605,0.0275157,6880.7,2,8.39,96.7753,121.74,49.9139,1,2,1.0,0.0,0.0,2,0.0,0,True,1746969281.939681,left,False
441,1746969293.4759412,100.877,1.37707,0.363345,0.388091,0.0272186,6888.69,2,8.41,97.3356,122.301,49.9138,1,2,1.0,0.0,0.0,2,0.0,0,True,1746969281.939681,left,False
442,1746969293.4935787,100.963,1.38292,0.348645,0.387589,0.0269195,6809.13,2,8.43,97.8964,122.861,49.9137,1,2,1.0,0.0,0.0,2,0.0,0,True,1746969281.939681,left,False
443,1746969293.5137413,101.03,1.38681,0.33619,0.3871,0.0266165,6807.12,2,8.45,98.4574,123.422,49.9135,1,2,1.0,0.0,0.0,2,0.0,0,True,1746969281.939681,left,False
444,1746969293.533119,101.094,1.39076,0.317221,0.386624,0.0263114,6812.19,2,8.47,99.0189,123.984,49.9134,1,2,1.0,0.0,0.0,2,0.0,0,True,1746969281.939681,left,False
445,1746969293.5547109,101.153,1.39314,0.306812,0.386159,0.0260046,6856.49,2,8.49,99.5807,124.546,49.9133,1,2,1.0,0.0,0.0,2,0.0,0,True,1746969281.939681,left,False
446,1746969293.5750265,101.21,1.39575,0.2916,0.385706,0.025696,6884.72,2,8.51,100.143,125.108,49.9132,1,2,1.0,0.0,0.0,2,0.0,0,True,1746969281.939681,left,False
447,1746969293.5970914,101.263,1.39747,0.286578,0.385265,0.0253876,6859.77,2,8.53,100.705,125.67,49.9131,1,2,1.0,0.0,0.0,2,0.0,0,True,1746969281.939681,left,False
448,1746969293.6153507,101.315,1.3988,0.273974,0.384835,0.0250793,6816.25,2,8.55,101.268,126.233,49.913,1,2,1.0,0.0,0.0,2,0.0,0,True,1746969281.939681,left,False
449,1746969293.636089,101.363,1.40054,0.270324,0.384417,0.0247734,6891.79,2,8.57,101.831,126.796,49.9129,1,2,1.0,0.0,0.0,2,0.0,0,True,1746969281.939681,left,False
450,1746969293.653201,101.415,1.40125,0.264392,0.384011,0.02447,6868.72,2,8.59,102.394,127.359,49.9128,1,2,1.0,0.0,0.0,2,0.0,0,True,1746969281.939681,left,False
451,1746969293.673694,101.462,1.40257,0.260198,0.383616,0.0241708,6864.95,2,8.61,102.958,127.923,49.9127,1,2,1.0,0.0,0.0,2,0.0,0,True,1746969281.939681,left,False
452,1746969293.6937873,101.505,1.40454,0.25548,0.383232,0.0238765,6867.5,2,8.63,103.522,128.487,49.9126,1,2,1.0,0.0,0.0,2,0.0,0,True,1746969281.939681,left,False
453,1746969293.7158656,101.549,1.40636,0.253019,0.382859,0.0235878,6869.97,2,8.65,104.086,129.051,49.9125,1,2,1.0,0.0,0.0,2,0.0,0,True,1746969281.939681,left,False
454,1746969293.735771,101.584,1.40828,0.250208,0.382498,0.0233056,6814.49,2,8.67,104.65,129.615,49.9124,1,2,1.0,0.0,0.0,2,0.0,0,True,1746969281.939681,left,False
455,1746969293.7541146,101.616,1.41096,0.246653,0.382148,0.02303,6871.67,2,8.69,105.215,130.18,49.9123,1,2,1.0,0.0,0.0,2,0.0,0,True,1746969281.939681,left,False
456,1746969293.7756667,101.65,1.41422,0.242406,0.381809,0.0227628,6818.37,2,8.71,105.779,130.744,49.9123,1,2,1.0,0.0,0.0,2,0.0,0,True,1746969281.939681,left,False
457,1746969293.794734,101.683,1.41817,0.235511,0.381481,0.0225024,6875.98,2,8.73,106.344,131.309,49.9122,1,2,1.0,0.0,0.0,2,0.0,0,True,1746969281.939681,left,False
458,1746969293.815573,101.716,1.4226,0.227649,0.381164,0.0222504,6823.22,2,8.75,106.909,131.874,49.9121,1,2,1.0,0.0,0.0,2,0.0,0,True,1746969281.939681,left,False
459,1746969293.8348365,101.749,1.42727,0.220053,0.380857,0.0220049,6880.75,2,8.77,107.474,132.439,49.912,1,2,1.0,0.0,0.0,2,0.0,0,True,1746969281.939681,left,False
460,1746969293.8530407,101.783,1.43209,0.213758,0.380561,0.0217662,6827.92,2,8.79,108.04,133.005,49.912,1,2,1.0,0.0,0.0,2,0.0,0,True,1746969281.939681,left,False
461,1746969293.8746579,101.815,1.4367,0.210435,0.380276,0.0215323,6884.63,2,8.81,108.605,133.57,49.9119,1,2,1.0,0.0,0.0,2,0.0,0,True,1746969281.939681,left,False
462,1746969293.8954268,101.849,1.44161,0.205863,0.380001,0.021302,6831.41,2,8.83,109.171,134.136,49.9118,1,2,1.0,0.0,0.0,2,0.0,0,True,1746969281.939681,left,False
463,1746969293.913972,101.878,1.44686,0.194093,0.379736,0.021075,6806.41,2,8.85,109.737,134.702,49.9118,1,2,1.0,0.0,0.0,2,0.0,0,True,1746969281.939681,left,False
464,1746969293.9347925,101.905,1.45166,0.180798,0.379481,0.0208509,6804.06,2,8.87,110.303,135.268,49.9117,1,2,1.0,0.0,0.0,2,0.0,0,True,1746969281.939681,left,False
465,1746969293.9529886,101.928,1.4549,0.179412,0.379236,0.0206289,6803.9,2,8.89,110.87,135.835,49.9116,1,2,1.0,0.0,0.0,2,0.0,0,True,1746969281.939681,left,False
466,1746969293.9765353,101.951,1.45855,0.17173,0.379001,0.0204091,6805.45,2,8.91,111.436,136.401,49.9116,1,2,1.0,0.0,0.0,2,0.0,0,True,1746969281.939681,left,False
467,1746969293.9945114,101.973,1.46321,0.164532,0.378775,0.0201927,6807.38,2,8.93,112.003,136.967,49.9115,1,2,1.0,0.0,0.0,2,0.0,0,True,1746969281.939681,left,False
468,1746969294.0142486,101.993,1.46723,0.150389,0.378559,0.0199777,6812,2,8.95,112.569,137.534,49.9115,1,2,1.0,0.0,0.0,2,0.0,0,True,1746969281.939681,left,False
469,1746969294.034022,102.006,1.47041,0.142979,0.378351,0.0197651,6827.45,2,8.97,113.136,138.101,49.9114,1,2,1.0,0.0,0.0,2,0.0,0,True,1746969281.939681,left,False
470,1746969294.0540788,102.024,1.47362,0.145124,0.378153,0.0195579,6799.81,2,8.99,113.703,138.668,49.9114,1,2,1.0,0.0,0.0,2,0.0,0,True,1746969281.939681,left,False
471,1746969294.0753832,102.041,1.47766,0.131448,0.377964,0.0193491,6812.92,2,9.01,114.27,139.235,49.9113,1,2,1.0,0.0,0.0,2,0.0,0,True,1746969281.939681,left,False
472,1746969294.0948265,102.054,1.48005,0.131318,0.377784,0.0191447,6828.94,2,9.03,114.837,139.802,49.9112,1,2,1.0,0.0,0.0,2,0.0,0,True,1746969281.939681,left,False
473,1746969294.1155016,102.071,1.48422,0.11578,0.377613,0.0189427,6803.1,2,9.05,115.404,140.369,49.9112,1,2,1.0,0.0,0.0,2,0.0,0,True,1746969281.939681,left,False
474,1746969294.1329987,102.088,1.48616,0.120254,0.37745,0.0187423,6816.26,2,9.07,115.971,140.936,49.9112,1,2,1.0,0.0,0.0,2,0.0,0,True,1746969281.939681,left,False
475,1746969294.154184,102.101,1.48997,0.104223,0.377295,0.0185461,6833.27,2,9.09,116.538,141.503,49.9111,1,2,1.0,0.0,0.0,2,0.0,0,True,1746969281.939681,left,False
476,1746969294.1747117,102.119,1.49153,0.108267,0.37715,0.0183474,6804.84,2,9.11,117.105,142.07,49.9111,1,2,1.0,0.0,0.0,2,0.0,0,True,1746969281.939681,left,False
477,1746969294.1948848,102.136,1.49446,0.0972037,0.377012,0.018157,6818.71,2,9.13,117.673,142.638,49.911,1,2,1.0,0.0,0.0,2,0.0,0,True,1746969281.939681,left,False
478,1746969294.2148418,102.146,1.49699,0.0905957,0.376883,0.0179592,6803.81,2,9.15,118.241,143.205,49.911,1,2,1.0,0.0,0.0,2,0.0,0,True,1746969281.939681,left,False
479,1746969294.2352183,102.157,1.49879,0.0854955,0.376761,0.0177671,6838.68,2,9.17,118.808,143.773,49.9109,1,2,1.0,0.0,0.0,2,0.0,0,True,1746969281.939681,left,False
480,1746969294.2531855,102.171,1.50011,0.0840122,0.376647,0.0175776,6805.36,2,9.19,119.376,144.341,49.9109,1,2,1.0,0.0,0.0,2,0.0,0,True,1746969281.939681,left,False
481,1746969294.2745712,102.182,1.5034,0.0694689,0.376542,0.0173837,6841.96,2,9.21,119.943,144.908,49.9108,1,2,1.0,0.0,0.0,2,0.0,0,True,1746969281.939681,left,False
482,1746969294.29443,102.194,1.50502,0.0612317,0.376444,0.0171917,6809.41,2,9.23,120.511,145.476,49.9108,1,2,1.0,0.0,0.0,2,0.0,0,True,1746969281.939681,left,False
483,1746969294.317226,102.202,1.50445,0.068806,0.376354,0.0169975,6836.07,2,9.25,121.079,146.044,49.9107,1,2,1.0,0.0,0.0,2,0.0,0,True,1746969281.939681,left,False
484,1746969294.3349535,102.214,1.5067,0.0588385,0.376272,0.0168103,6821.15,2,9.27,121.646,146.611,49.9107,1,2,1.0,0.0,0.0,2,0.0,0,True,1746969281.939681,left,False
485,1746969294.3552344,102.221,1.51017,0.0458992,0.376197,0.016628,6811.19,2,9.29,122.214,147.179,49.9107,1,2,1.0,0.0,0.0,2,0.0,0,True,1746969281.939681,left,False
486,1746969294.372729,102.226,1.51103,0.0402845,0.376131,0.0164351,6804.76,2,9.31,122.782,147.747,49.9106,1,2,1.0,0.0,0.0,2,0.0,0,True,1746969281.939681,left,False
487,1746969294.3955688,102.232,1.5107,0.0360643,0.376071,0.016235,6836.42,2,9.33,123.351,148.316,49.9106,1,2,1.0,0.0,0.0,2,0.0,0,True,1746969281.939681,left,False
488,1746969294.4138594,102.243,1.51183,0.0302384,0.376019,0.0160447,6822.65,2,9.35,123.919,148.884,49.9105,1,2,1.0,0.0,0.0,2,0.0,0,True,1746969281.939681,left,False
489,1746969294.4340708,102.251,1.51366,0.0256731,0.375975,0.0158667,6812.41,2,9.37,124.487,149.452,49.9105,1,2,1.0,0.0,0.0,2,0.0,0,True,1746969281.939681,left,False
490,1746969294.4540353,102.256,1.51506,0.0261211,0.375938,0.0156944,6806.04,2,9.39,125.055,150.02,49.9105,1,2,1.0,0.0,0.0,2,0.0,0,True,1746969281.939681,left,False
491,1746969294.474611,102.262,1.51539,0.0322814,0.375908,0.0155201,6838.44,2,9.41,125.624,150.589,49.9104,1,2,1.0,0.0,0.0,2,0.0,0,True,1746969281.939681,left,False
492,1746969294.4955614,102.269,1.51559,0.0372016,0.375884,0.01534,6845.03,2,9.43,126.192,151.157,49.9104,1,2,1.0,0.0,0.0,2,0.0,0,True,1746969281.939681,left,False
493,1746969294.5164843,102.276,1.5166,0.0374818,0.375868,0.0151601,6824.58,2,9.45,126.76,151.725,49.9104,1,2,1.0,0.0,0.0,2,0.0,0,True,1746969281.939681,left,False
494,1746969294.533306,102.281,1.51851,0.0291319,0.375858,0.014984,6822.81,2,9.47,127.328,152.293,49.9103,1,2,1.0,0.0,0.0,2,0.0,0,True,1746969281.939681,left,False
495,1746969294.5565584,102.286,1.52134,0.0145221,0.375857,0.0148126,6814.79,2,9.49,127.897,152.861,49.9103,1,2,1.0,0.0,0.0,2,0.0,0,True,1746969281.939681,left,False
496,1746969294.574916,102.29,1.52509,-0.00121132,0.375863,0.014645,6812.41,2,9.51,128.465,153.43,49.9103,1,2,1.0,0.0,0.0,2,0.0,0,True,1746969281.939681,left,False
497,1746969294.592993,102.293,1.52862,-0.0114692,0.375876,0.0144789,6808.71,2,9.53,129.033,153.998,49.9102,1,2,1.0,0.0,0.0,2,0.0,0,True,1746969281.939681,left,False
498,1746969294.613798,102.297,1.53139,-0.0177585,0.375897,0.0143121,6806.95,2,9.55,129.601,154.566,49.9102,1,2,1.0,0.0,0.0,2,0.0,0,True,1746969281.939681,left,False
499,1746969294.6343248,102.299,1.53338,-0.0327987,0.375925,0.0141406,6807.2,2,9.57,130.169,155.134,49.9102,1,2,1.0,0.0,0.0,2,0.0,0,True,1746969281.939681,left,False
500,1746969294.6557531,102.301,1.53477,-0.0494978,0.375961,0.0139596,6807.6,2,9.59,130.738,155.703,49.9101,1,2,1.0,0.0,0.0,2,0.0,0,True,1746969281.939681,left,False
501,1746969294.6764786,102.304,1.534,-0.0629494,0.376003,0.0137691,6807.44,2,9.61,131.306,156.271,49.9101,1,2,1.0,0.0,0.0,2,0.0,0,True,1746969281.939681,left,False
502,1746969294.6937523,102.307,1.53177,-0.0644085,0.376052,0.0135759,6807.54,2,9.63,131.874,156.839,49.9101,1,2,1.0,0.0,0.0,2,0.0,0,True,1746969281.939681,left,False
503,1746969294.7160406,102.31,1.52808,-0.0511163,0.376108,0.0133826,6807.38,2,9.65,132.442,157.407,49.9101,1,2,1.0,0.0,0.0,2,0.0,0,True,1746969281.939681,left,False
504,1746969294.7366116,102.312,1.52485,-0.043741,0.376169,0.0131862,6807.56,2,9.67,133.011,157.976,49.91,1,2,1.0,0.0,0.0,2,0.0,0,True,1746969281.939681,left,False
505,1746969294.7541232,102.315,1.52399,-0.0553431,0.376237,0.0129853,6808.23,2,9.69,133.579,158.544,49.91,1,2,1.0,0.0,0.0,2,0.0,0,True,1746969281.939681,left,False
506,1746969294.7752934,102.318,1.52338,-0.0629717,0.376313,0.0127899,6807.98,2,9.71,134.147,159.112,49.91,1,2,1.0,0.0,0.0,2,0.0,0,True,1746969281.939681,left,False
507,1746969294.7953002,102.321,1.52408,-0.0681581,0.376395,0.0126119,6807.8,2,9.73,134.715,159.68,49.9099,1,2,1.0,0.0,0.0,2,0.0,0,True,1746969281.939681,left,False
508,1746969294.8141177,102.324,1.52634,-0.0775672,0.376485,0.012443,6808.5,2,9.75,135.284,160.249,49.9099,1,2,1.0,0.0,0.0,2,0.0,0,True,1746969281.939681,left,False
509,1746969294.8356085,102.327,1.52618,-0.0740825,0.376582,0.0122674,6808.67,2,9.77,135.852,160.817,49.9099,1,2,1.0,0.0,0.0,2,0.0,0,True,1746969281.939681,left,False
510,1746969294.853776,102.33,1.52582,-0.0726027,0.376685,0.0120936,6808.45,2,9.79,136.421,161.386,49.9098,1,2,1.0,0.0,0.0,2,0.0,0,True,1746969281.939681,left,False
511,1746969294.8755643,102.333,1.52912,-0.090732,0.376795,0.0119281,6809.17,2,9.81,136.99,161.955,49.9098,1,2,1.0,0.0,0.0,2,0.0,0,True,1746969281.939681,left,False
512,1746969294.8931847,102.336,1.53064,-0.0913376,0.376913,0.0117643,6810.82,2,9.83,137.559,162.523,49.9098,1,2,1.0,0.0,0.0,2,0.0,0,True,1746969281.939681,left,False
513,1746969294.91412,102.339,1.53018,-0.0838738,0.377036,0.0115999,6811.09,2,9.85,138.127,163.092,49.9098,1,2,1.0,0.0,0.0,2,0.0,0,True,1746969281.939681,left,False
514,1746969294.9349172,102.341,1.53276,-0.100139,0.377166,0.0114351,6814.96,2,9.87,138.696,163.661,49.9097,1,2,1.0,0.0,0.0,2,0.0,0,True,1746969281.939681,left,False
515,1746969294.952959,102.342,1.53392,-0.0991539,0.377304,0.0112766,6817.76,2,9.89,139.265,164.23,49.9097,1,2,1.0,0.0,0.0,2,0.0,0,True,1746969281.939681,left,False
516,1746969294.973814,102.343,1.53505,-0.102693,0.377447,0.0111118,6826.39,2,9.91,139.834,164.799,49.9097,1,2,1.0,0.0,0.0,2,0.0,0,True,1746969281.939681,left,False
517,1746969294.994853,102.343,1.53646,-0.108277,0.377598,0.0109506,6828.34,2,9.93,140.403,165.368,49.9096,1,2,1.0,0.0,0.0,2,0.0,0,True,1746969281.939681,left,False
518,1746969295.0152137,102.342,1.53737,-0.113123,0.377755,0.0107886,6848.37,2,9.95,140.972,165.937,49.9096,1,2,1.0,0.0,0.0,2,0.0,0,True,1746969281.939681,left,False
519,1746969295.0337625,102.341,1.53812,-0.117228,0.377918,0.0106252,6840.79,2,9.97,141.541,166.505,49.9096,1,2,1.0,0.0,0.0,2,0.0,0,True,1746969281.939681,left,False
520,1746969295.053076,102.343,1.53902,-0.121339,0.378088,0.0104629,6805.67,2,9.99,142.109,167.074,49.9096,1,2,1.0,0.0,0.0,2,0.0,0,True,1746969281.939681,left,False
521,1746969295.0758016,102.345,1.53943,-0.126833,0.378264,0.0102987,6807.7,2,10.01,142.678,167.643,49.9095,1,2,1.0,0.0,0.0,2,0.0,0,True,1746969281.939681,left,False
522,1746969295.0969582,102.348,1.54028,-0.132237,0.378447,0.0101351,6809.93,2,10.03,143.247,168.212,49.9095,1,2,1.0,0.0,0.0,2,0.0,0,True,1746969281.939681,left,False
523,1746969295.1159725,102.35,1.541,-0.139961,0.378636,0.00996977,6812.12,2,10.05,143.816,168.781,49.9095,1,2,1.0,0.0,0.0,2,0.0,0,True,1746969281.939681,left,False
524,1746969295.1330419,102.351,1.54057,-0.13998,0.378832,0.00980509,6817.7,2,10.07,144.385,169.35,49.9094,1,2,1.0,0.0,0.0,2,0.0,0,True,1746969281.939681,left,False
525,1746969295.1552017,102.349,1.54177,-0.15165,0.379034,0.00963805,6828.13,2,10.09,144.954,169.919,49.9094,1,2,1.0,0.0,0.0,2,0.0,0,True,1746969281.939681,left,False
526,1746969295.1750953,102.348,1.54112,-0.152613,0.379242,0.00947206,6849.15,2,10.11,145.522,170.487,49.9094,1,2,1.0,0.0,0.0,2,0.0,0,True,1746969281.939681,left,False
527,1746969295.1946063,102.346,1.54149,-0.158541,0.379457,0.00930544,6890.03,2,10.13,146.091,171.056,49.9094,1,2,1.0,0.0,0.0,2,0.0,0,True,1746969281.939681,left,False
528,1746969295.2151964,102.348,1.54129,-0.162422,0.379678,0.00913716,6806.92,2,10.15,146.66,171.625,49.9094,1,2,1.0,0.0,0.0,2,0.0,0,True,1746969281.939681,left,False
529,1746969295.2345128,102.351,1.5416,-0.168121,0.379906,0.00897167,6810.19,2,10.17,147.229,172.194,49.9093,1,2,1.0,0.0,0.0,2,0.0,0,True,1746969281.939681,left,False
530,1746969295.254479,102.352,1.5416,-0.172575,0.38014,0.0088048,6815.84,2,10.19,147.798,172.763,49.9093,1,2,1.0,0.0,0.0,2,0.0,0,True,1746969281.939681,left,False
531,1746969295.2777774,102.352,1.54109,-0.175075,0.38038,0.00863702,6826.24,2,10.21,148.367,173.332,49.9093,1,2,1.0,0.0,0.0,2,0.0,0,True,1746969281.939681,left,False
532,1746969295.296738,102.348,1.54122,-0.1826,0.380626,0.00847042,6848.82,2,10.23,148.936,173.9,49.9092,1,2,1.0,0.0,0.0,2,0.0,0,True,1746969281.939681,left,False
533,1746969295.314752,102.346,1.5417,-0.186732,0.380879,0.00830342,6890.03,2,10.25,149.504,174.469,49.9092,1,2,1.0,0.0,0.0,2,0.0,0,True,1746969281.939681,left,False
534,1746969295.3361301,102.349,1.54136,-0.189852,0.381137,0.00813662,6806.96,2,10.27,150.073,175.038,49.9092,1,2,1.0,0.0,0.0,2,0.0,0,True,1746969281.939681,left,False
535,1746969295.3558292,102.352,1.54148,-0.193249,0.381403,0.00797078,6809.9,2,10.29,150.642,175.607,49.9092,1,2,1.0,0.0,0.0,2,0.0,0,True,1746969281.939681,left,False
536,1746969295.3745303,102.353,1.5412,-0.198524,0.381674,0.00780538,6815.43,2,10.31,151.211,176.176,49.9091,1,2,1.0,0.0,0.0,2,0.0,0,True,1746969281.939681,left,False
537,1746969295.3946204,102.353,1.54154,-0.198348,0.381952,0.00763896,6826.22,2,10.33,151.78,176.745,49.9091,1,2,1.0,0.0,0.0,2,0.0,0,True,1746969281.939681,left,False
538,1746969295.4152942,102.349,1.54233,-0.214919,0.382236,0.00747301,6849.92,2,10.35,152.349,177.314,49.9091,1,2,1.0,0.0,0.0,2,0.0,0,True,1746969281.939681,left,False
539,1746969295.434466,102.347,1.54093,-0.209146,0.382527,0.00730776,6890.1,2,10.37,152.917,177.882,49.909,1,2,1.0,0.0,0.0,2,0.0,0,True,1746969281.939681,left,False
540,1746969295.4536972,102.35,1.54226,-0.213305,0.382824,0.00714334,6807.01,2,10.39,153.486,178.451,49.909,1,2,1.0,0.0,0.0,2,0.0,0,True,1746969281.939681,left,False
541,1746969295.4749384,102.353,1.54233,-0.226461,0.383127,0.00697936,6810.18,2,10.41,154.055,179.02,49.909,1,2,1.0,0.0,0.0,2,0.0,0,True,1746969281.939681,left,False
542,1746969295.4944918,102.355,1.54208,-0.22062,0.383436,0.00681562,6815.83,2,10.43,154.624,179.589,49.909,1,2,1.0,0.0,0.0,2,0.0,0,True,1746969281.939681,left,False
543,1746969295.5142174,102.355,1.54318,-0.234193,0.383752,0.00665149,6827.39,2,10.45,155.193,180.158,49.909,1,2,1.0,0.0,0.0,2,0.0,0,True,1746969281.939681,left,False
544,1746969295.535116,102.352,1.54292,-0.236733,0.384074,0.00648717,6848.4,2,10.47,155.762,180.727,49.9089,1,2,1.0,0.0,0.0,2,0.0,0,True,1746969281.939681,left,False
545,1746969295.555737,102.349,1.54289,-0.239051,0.384402,0.00632185,6890.24,2,10.49,156.331,181.295,49.9089,1,2,1.0,0.0,0.0,2,0.0,0,True,1746969281.939681,left,False
546,1746969295.5745485,102.353,1.54335,-0.246967,0.384737,0.00615725,6807.37,2,10.51,156.899,181.864,49.9089,1,2,1.0,0.0,0.0,2,0.0,0,True,1746969281.939681,left,False
547,1746969295.5949533,102.356,1.54311,-0.248896,0.385077,0.00599268,6810.27,2,10.53,157.468,182.433,49.9089,1,2,1.0,0.0,0.0,3,0.0,0,False,1746969295.5795078,left,False
548,1746969295.614983,102.341,1.54313,-0.254436,0.385425,0.00582647,4941.07,3,10.55,158.037,183.002,49.9089,1,2,1.0,0.0,0.0,3,0.0,0,False,1746969295.5795078,left,False
549,1746969295.6340587,102.324,1.54328,-0.255123,0.385778,0.00566142,4942.18,3,10.57,158.606,183.571,49.9089,1,2,1.0,0.0,0.0,3,0.0,0,False,1746969295.5795078,left,False
550,1746969295.6554887,102.307,1.54331,-0.267445,0.386138,0.00549894,4943.28,3,10.59,159.174,184.139,49.9089,1,2,1.0,0.0,0.0,3,0.0,0,False,1746969295.5795078,left,False
551,1746969295.6775904,102.29,1.54302,-0.26675,0.386504,0.00534,4944.39,3,10.61,159.742,184.707,49.9089,1,2,1.0,0.0,0.0,3,0.0,0,False,1746969295.5795078,left,False
552,1746969295.6944675,102.273,1.54437,-0.272167,0.386876,0.00518503,4945.49,3,10.63,160.31,185.275,49.9089,1,2,1.0,0.0,0.0,3,0.0,0,False,1746969295.5795078,left,False
553,1746969295.7166235,102.256,1.54515,-0.274207,0.387254,0.00503495,4946.59,3,10.65,160.879,185.844,49.9089,1,2,1.0,0.0,0.0,3,0.0,0,False,1746969295.5795078,left,False
554,1746969295.7345488,102.239,1.54679,-0.278963,0.387638,0.00488943,4947.68,3,10.67,161.447,186.412,49.9089,1,2,1.0,0.0,0.0,3,0.0,0,False,1746969295.5795078,left,False
555,1746969295.7567558,102.222,1.54785,-0.28216,0.388029,0.00474891,4948.77,3,10.69,162.015,186.98,49.9089,1,2,1.0,0.0,0.0,3,0.0,0,False,1746969295.5795078,left,False
556,1746969295.7757766,102.205,1.55,-0.287826,0.388425,0.00461246,4949.86,3,10.71,162.583,187.548,49.9089,1,2,1.0,0.0,0.0,3,0.0,0,False,1746969295.5795078,left,False
557,1746969295.7951245,102.188,1.55226,-0.295158,0.388828,0.00447997,4950.95,3,10.73,163.15,188.115,49.9089,1,2,1.0,0.0,0.0,3,0.0,0,False,1746969295.5795078,left,False
558,1746969295.8152223,102.171,1.5541,-0.293911,0.389235,0.00435107,4952.03,3,10.75,163.718,188.683,49.9089,1,2,1.0,0.0,0.0,3,0.0,0,False,1746969295.5795078,left,False
559,1746969295.833311,102.154,1.5566,-0.298152,0.389649,0.00422454,4953.12,3,10.77,164.286,189.25,49.9089,1,2,1.0,0.0,0.0,3,0.0,0,False,1746969295.5795078,left,False
560,1746969295.8575604,102.137,1.55823,-0.301423,0.390068,0.00410006,4954.2,3,10.79,164.853,189.818,49.9089,1,2,1.0,0.0,0.0,3,0.0,0,False,1746969295.5795078,left,False
561,1746969295.8760066,102.12,1.56057,-0.306626,0.390493,0.00397737,4955.27,3,10.81,165.421,190.386,49.9089,1,2,1.0,0.0,0.0,3,0.0,0,False,1746969295.5795078,left,False
562,1746969295.8966234,102.103,1.56291,-0.314264,0.390923,0.0038561,4956.35,3,10.83,165.988,190.953,49.9089,1,2,1.0,0.0,0.0,3,0.0,0,False,1746969295.5795078,left,False
563,1746969295.9145155,102.197,1.5661,-0.315697,0.391358,0.00373792,5105.73,3,10.85,166.555,191.52,49.9086,1,2,1.0,0.0,0.0,3,0.0,0,False,1746969295.5795078,left,False
564,1746969295.9334097,102.369,1.56997,-0.321421,0.3918,0.00359566,5129.32,3,10.87,167.124,192.089,49.9083,1,2,1.0,0.0,0.0,3,0.0,0,False,1746969295.5795078,left,False
565,1746969295.955643,102.547,1.56986,-0.325024,0.392248,0.00341135,5141.57,3,10.89,167.693,192.658,49.9081,1,2,1.0,0.0,0.0,3,0.0,0,False,1746969295.5795078,left,False
566,1746969295.9743092,102.725,1.56584,-0.332532,0.392703,0.00317655,5154.84,3,10.91,168.263,193.228,49.9078,1,2,1.0,0.0,0.0,3,0.0,0,False,1746969295.5795078,left,False
567,1746969295.9983964,102.903,1.55684,-0.337926,0.393165,0.0028833,5167.37,3,10.93,168.835,193.8,49.9075,1,2,1.0,0.0,0.0,3,0.0,0,False,1746969295.5795078,left,False
568,1746969296.015389,103.082,1.54354,-0.345875,0.393635,0.00252974,5179.21,3,10.95,169.407,194.372,49.9073,1,2,1.0,0.0,0.0,3,0.0,0,False,1746969295.5795078,left,False
569,1746969296.034784,103.26,1.52701,-0.358311,0.394114,0.00211599,5192.82,3,10.97,169.98,194.945,49.907,1,2,1.0,0.0,0.0,3,0.0,0,False,1746969295.5795078,left,False
570,1746969296.0543895,103.44,1.50604,-0.363571,0.394602,0.00164044,5201.87,3,10.99,170.554,195.519,49.9067,1,2,1.0,0.0,0.0,3,0.0,0,False,1746969295.5795078,left,False
571,1746969296.0749,103.62,1.4823,-0.375087,0.395101,0.00110654,5210.65,3,11.01,171.13,196.094,49.9064,1,2,1.0,0.0,0.0,3,0.0,0,False,1746969295.5795078,left,False
572,1746969296.0936239,103.797,1.45669,-0.389189,0.395613,0.000521623,5226.59,3,11.03,171.706,196.671,49.9061,1,2,1.0,0.0,0.0,3,0.0,0,False,1746969295.5795078,left,False
573,1746969296.1157258,103.977,1.42904,-0.395558,0.396138,-0.00010981,5234.48,3,11.05,172.283,197.248,49.9058,1,2,1.0,0.0,0.0,3,0.0,0,False,1746969295.5795078,left,False
574,1746969296.1354284,104.158,1.40065,-0.408432,0.396677,-0.000778084,5242.34,3,11.07,172.861,197.826,49.9055,1,2,1.0,0.0,0.0,3,0.0,0,False,1746969295.5795078,left,False
575,1746969296.1547794,104.338,1.37279,-0.41873,0.397232,-0.00147486,5252.51,3,11.09,173.44,198.405,49.9051,1,2,1.0,0.0,0.0,3,0.0,0,False,1746969295.5795078,left,False
576,1746969296.1739688,104.518,1.34529,-0.426844,0.397804,-0.00219232,5260.89,3,11.11,174.021,198.986,49.9048,1,2,1.0,0.0,0.0,3,0.0,0,False,1746969295.5795078,left,False
577,1746969296.1938167,104.7,1.3196,-0.43828,0.398395,-0.00292234,5267.8,3,11.13,174.602,199.567,49.9045,1,2,1.0,0.0,0.0,3,0.0,0,False,1746969295.5795078,left,False
578,1746969296.2164361,104.881,1.29624,-0.450794,0.399005,-0.0036577,5275.21,3,11.15,175.184,200.149,49.9042,1,2,1.0,0.0,0.0,3,0.0,0,False,1746969295.5795078,left,False
579,1746969296.2359092,105.061,1.27474,-0.464439,0.399636,-0.00439295,5284.51,3,11.17,175.767,200.732,49.9039,1,2,1.0,0.0,0.0,3,0.0,0,False,1746969295.5795078,left,False
580,1746969296.254913,105.243,1.25596,-0.473118,0.400288,-0.00512465,5290.16,3,11.19,176.351,201.316,49.9036,1,2,1.0,0.0,0.0,3,0.0,0,False,1746969295.5795078,left,False
581,1746969296.2732606,105.422,1.24077,-0.492688,0.400963,-0.00584292,5301.42,3,11.21,176.937,201.901,49.9033,1,2,1.0,0.0,0.0,3,0.0,0,False,1746969295.5795078,left,False
582,1746969296.2960045,105.604,1.22743,-0.499263,0.40166,-0.00655068,5305.39,3,11.23,177.523,202.488,49.903,1,2,1.0,0.0,0.0,3,0.0,0,False,1746969295.5795078,left,False
583,1746969296.314176,105.785,1.21763,-0.516463,0.402381,-0.00724038,5315.46,3,11.25,178.11,203.075,49.9027,1,2,1.0,0.0,0.0,3,0.0,0,False,1746969295.5795078,left,False
584,1746969296.3353677,105.964,1.21063,-0.531296,0.403127,-0.00791355,5324.76,3,11.27,178.698,203.663,49.9024,1,2,1.0,0.0,0.0,3,0.0,0,False,1746969295.5795078,left,False
585,1746969296.3559067,106.146,1.20569,-0.547424,0.403897,-0.00857101,5331.28,3,11.29,179.287,204.252,49.9021,1,2,1.0,0.0,0.0,3,0.0,0,False,1746969295.5795078,left,False
586,1746969296.3740757,106.326,1.20299,-0.565685,0.404691,-0.00921657,5340.95,3,11.31,179.877,204.842,49.9018,1,2,1.0,0.0,0.0,3,0.0,0,False,1746969295.5795078,left,False
587,1746969296.3956566,106.507,1.20169,-0.58254,0.405511,-0.00984774,5349.1,3,11.33,180.469,205.433,49.9015,1,2,1.0,0.0,0.0,3,0.0,0,False,1746969295.5795078,left,False
588,1746969296.4146128,106.687,1.20252,-0.6002,0.406356,-0.0104615,5357.89,3,11.35,181.061,206.026,49.9012,1,2,1.0,0.0,0.0,3,0.0,0,False,1746969295.5795078,left,False
589,1746969296.4352808,106.867,1.20481,-0.620862,0.407227,-0.0110627,5367.47,3,11.37,181.654,206.619,49.9009,1,2,1.0,0.0,0.0,3,0.0,0,False,1746969295.5795078,left,False
590,1746969296.453282,107.047,1.20787,-0.639007,0.408122,-0.0116546,5377.14,3,11.39,182.248,207.213,49.9006,1,2,1.0,0.0,0.0,3,0.0,0,False,1746969295.5795078,left,False
591,1746969296.475485,107.227,1.21158,-0.655503,0.409042,-0.0122362,5386.24,3,11.41,182.843,207.808,49.9003,1,2,1.0,0.0,0.0,3,0.0,0,False,1746969295.5795078,left,False
592,1746969296.493211,107.406,1.21632,-0.677719,0.409989,-0.0128102,5395.31,3,11.43,183.439,208.404,49.9,1,2,1.0,0.0,0.0,3,0.0,0,False,1746969295.5795078,left,False
593,1746969296.5158048,107.588,1.22052,-0.694211,0.41096,-0.0133798,5400.15,3,11.45,184.036,209.001,49.8997,1,2,1.0,0.0,0.0,3,0.0,0,False,1746969295.5795078,left,False
594,1746969296.535506,107.767,1.22566,-0.717092,0.411957,-0.0139436,5412.79,3,11.47,184.635,209.599,49.8993,1,2,1.0,0.0,0.0,3,0.0,0,False,1746969295.5795078,left,False
595,1746969296.5553105,107.945,1.23133,-0.743702,0.412979,-0.0145068,5425.14,3,11.49,185.234,210.198,49.899,1,2,1.0,0.0,0.0,3,0.0,0,False,1746969295.5795078,left,False
596,1746969296.5755503,108.128,1.23452,-0.754641,0.414027,-0.0150669,5429.45,3,11.51,185.834,210.799,49.8987,1,2,1.0,0.0,0.0,3,0.0,0,False,1746969295.5795078,left,False
597,1746969296.5948489,108.306,1.23995,-0.779438,0.415099,-0.0156255,5440.71,3,11.53,186.435,211.4,49.8984,1,2,1.0,0.0,0.0,3,0.0,0,False,1746969295.5795078,left,False
598,1746969296.6160648,108.486,1.24373,-0.799792,0.416196,-0.0161839,5449.18,3,11.55,187.037,212.002,49.8981,1,2,1.0,0.0,0.0,3,0.0,0,False,1746969295.5795078,left,False
599,1746969296.6331818,108.666,1.24721,-0.818219,0.417318,-0.0167448,5458.08,3,11.57,187.64,212.605,49.8978,1,2,1.0,0.0,0.0,3,0.0,0,False,1746969295.5795078,left,False
600,1746969296.6532292,108.846,1.25018,-0.836308,0.418465,-0.0173075,5466.81,3,11.59,188.244,213.209,49.8975,1,2,1.0,0.0,0.0,3,0.0,0,False,1746969295.5795078,left,False
601,1746969296.6752107,109.025,1.253,-0.857274,0.419638,-0.0178716,5478.41,3,11.61,188.849,213.814,49.8972,1,2,1.0,0.0,0.0,3,0.0,0,False,1746969295.5795078,left,False
602,1746969296.6947527,109.205,1.25536,-0.875303,0.420835,-0.0184392,5484.63,3,11.63,189.455,214.42,49.8969,1,2,1.0,0.0,0.0,3,0.0,0,False,1746969295.5795078,left,False
603,1746969296.7159414,109.385,1.25737,-0.899295,0.422057,-0.0190101,5494.68,3,11.65,190.062,215.027,49.8966,1,2,1.0,0.0,0.0,3,0.0,0,False,1746969295.5795078,left,False
604,1746969296.7359052,109.567,1.25822,-0.913171,0.423304,-0.019582,5500.96,3,11.67,190.67,215.635,49.8963,1,2,1.0,0.0,0.0,3,0.0,0,False,1746969295.5795078,left,False
605,1746969296.7541559,109.747,1.25949,-0.932865,0.424576,-0.0201569,5509.53,3,11.69,191.279,216.244,49.896,1,2,1.0,0.0,0.0,3,0.0,0,False,1746969295.5795078,left,False
606,1746969296.7752912,109.926,1.26033,-0.95325,0.425873,-0.0207352,5519.29,3,11.71,191.889,216.854,49.8957,1,2,1.0,0.0,0.0,3,0.0,0,False,1746969295.5795078,left,False
607,1746969296.795926,110.105,1.26072,-0.970653,0.427195,-0.0213161,5529.43,3,11.73,192.5,217.465,49.8954,1,2,1.0,0.0,0.0,3,0.0,0,False,1746969295.5795078,left,False
608,1746969296.8162363,110.285,1.26103,-0.986306,0.428543,-0.0218991,5538.78,3,11.75,193.112,218.077,49.8951,1,2,1.0,0.0,0.0,3,0.0,0,False,1746969295.5795078,left,False
609,1746969296.8334403,110.465,1.26132,-1.00514,0.429916,-0.0224842,5546.81,3,11.77,193.725,218.69,49.8948,1,2,1.0,0.0,0.0,3,0.0,0,False,1746969295.5795078,left,False
610,1746969296.8544667,110.643,1.26155,-1.02376,0.431315,-0.0230715,5557.81,3,11.79,194.339,219.304,49.8945,1,2,1.0,0.0,0.0,3,0.0,0,False,1746969295.5795078,left,False
611,1746969296.8745897,110.823,1.26133,-1.045,0.432739,-0.0236626,5566.66,3,11.81,194.954,219.919,49.8942,1,2,1.0,0.0,0.0,3,0.0,0,False,1746969295.5795078,left,False
612,1746969296.894566,111.003,1.26112,-1.05839,0.434189,-0.0242523,5575.27,3,11.83,195.57,220.535,49.8939,1,2,1.0,0.0,0.0,3,0.0,0,False,1746969295.5795078,left,False
613,1746969296.9149399,111.183,1.26092,-1.07757,0.435665,-0.0248455,5582.56,3,11.85,196.186,221.151,49.8936,1,2,1.0,0.0,0.0,3,0.0,0,False,1746969295.5795078,left,False
614,1746969296.9346838,111.362,1.26096,-1.09613,0.437166,-0.0254358,5593.39,3,11.87,196.804,221.769,49.8932,1,2,1.0,0.0,0.0,3,0.0,0,False,1746969295.5795078,left,False
615,1746969296.9556503,111.543,1.26017,-1.11326,0.438694,-0.0260333,5600.73,3,11.89,197.423,222.388,49.8929,1,2,1.0,0.0,0.0,3,0.0,0,False,1746969295.5795078,left,False
616,1746969296.9731565,111.722,1.26036,-1.13177,0.440248,-0.0266259,5611.52,3,11.91,198.043,223.008,49.8926,1,2,1.0,0.0,0.0,3,0.0,0,False,1746969295.5795078,left,False
617,1746969296.9964201,111.901,1.26039,-1.15171,0.441828,-0.0272219,5619.57,3,11.93,198.664,223.629,49.8923,1,2,1.0,0.0,0.0,3,0.0,0,False,1746969295.5795078,left,False
618,1746969297.016118,112.082,1.26032,-1.16844,0.443435,-0.0278163,5627.2,3,11.95,199.286,224.251,49.892,1,2,1.0,0.0,0.0,3,0.0,0,False,1746969295.5795078,left,False
619,1746969297.033241,112.261,1.26085,-1.19058,0.445068,-0.0284103,5637.79,3,11.97,199.908,224.873,49.8917,1,2,1.0,0.0,0.0,3,0.0,0,False,1746969295.5795078,left,False
620,1746969297.0545063,112.44,1.26073,-1.20482,0.446729,-0.0290031,5646.14,3,11.99,200.532,225.497,49.8914,1,2,1.0,0.0,0.0,3,0.0,0,False,1746969295.5795078,left,False
621,1746969297.0742028,112.62,1.26112,-1.221,0.448415,-0.0295947,5654.2,3,12.01,201.157,226.122,49.8911,1,2,1.0,0.0,0.0,3,0.0,0,False,1746969295.5795078,left,False
622,1746969297.0942552,112.798,1.26263,-1.24336,0.450129,-0.0301822,5666.41,3,12.03,201.783,226.748,49.8908,1,2,1.0,0.0,0.0,3,0.0,0,False,1746969295.5795078,left,False
623,1746969297.1137526,112.978,1.264,-1.2663,0.451869,-0.0307724,5673.54,3,12.05,202.409,227.374,49.8905,1,2,1.0,0.0,0.0,3,0.0,0,False,1746969295.5795078,left,False
624,1746969297.133834,113.157,1.26457,-1.28335,0.453637,-0.0313639,5683.81,3,12.07,203.037,228.002,49.8902,1,2,1.0,0.0,0.0,3,0.0,0,False,1746969295.5795078,left,False
625,1746969297.153688,113.337,1.2648,-1.30199,0.455432,-0.0319579,5691.3,3,12.09,203.666,228.631,49.8899,1,2,1.0,0.0,0.0,3,0.0,0,False,1746969295.5795078,left,False
626,1746969297.1740057,113.517,1.26496,-1.32178,0.457254,-0.0325546,5699.95,3,12.11,204.295,229.26,49.8896,1,2,1.0,0.0,0.0,3,0.0,0,False,1746969295.5795078,left,False
627,1746969297.1944308,113.696,1.26617,-1.35125,0.459103,-0.0331507,5709.89,3,12.13,204.926,229.891,49.8893,1,2,1.0,0.0,0.0,3,0.0,0,False,1746969295.5795078,left,False
628,1746969297.2162557,113.876,1.26602,-1.36365,0.46098,-0.0337462,5718.28,3,12.15,205.558,230.523,49.889,1,2,1.0,0.0,0.0,3,0.0,0,False,1746969295.5795078,left,False
629,1746969297.2339756,114.054,1.26712,-1.39303,0.462885,-0.0343443,5730.8,3,12.17,206.19,231.155,49.8887,1,2,1.0,0.0,0.0,3,0.0,0,False,1746969295.5795078,left,False
630,1746969297.2561805,114.235,1.26672,-1.40879,0.464817,-0.0349438,5734.7,3,12.19,206.824,231.789,49.8884,1,2,1.0,0.0,0.0,3,0.0,0,False,1746969295.5795078,left,False
631,1746969297.275142,114.414,1.26703,-1.4288,0.466776,-0.0355401,5745.52,3,12.21,207.458,232.423,49.8881,1,2,1.0,0.0,0.0,3,0.0,0,False,1746969295.5795078,left,False
632,1746969297.2941997,114.593,1.2679,-1.45221,0.468764,-0.0361378,5753.38,3,12.23,208.094,233.059,49.8878,1,2,1.0,0.0,0.0,3,0.0,0,False,1746969295.5795078,left,False
633,1746969297.3150887,114.773,1.26813,-1.46722,0.470779,-0.0367322,5762.27,3,12.25,208.73,233.695,49.8874,1,2,1.0,0.0,0.0,3,0.0,0,False,1746969295.5795078,left,False
634,1746969297.333131,114.953,1.26853,-1.48847,0.472823,-0.0373286,5769.44,3,12.27,209.368,234.333,49.8871,1,2,1.0,0.0,0.0,3,0.0,0,False,1746969295.5795078,left,False
635,1746969297.3559008,115.132,1.26937,-1.51098,0.474894,-0.0379218,5778.15,3,12.29,210.006,234.971,49.8868,1,2,1.0,0.0,0.0,3,0.0,0,False,1746969295.5795078,left,False
636,1746969297.3753624,115.31,1.26991,-1.52914,0.476993,-0.0385166,5786.65,3,12.31,210.646,235.611,49.8865,1,2,1.0,0.0,0.0,3,0.0,0,False,1746969295.5795078,left,False
637,1746969297.3931782,115.487,1.2707,-1.54943,0.479121,-0.0391106,5798.46,3,12.33,211.286,236.251,49.8862,1,2,1.0,0.0,0.0,3,0.0,0,False,1746969295.5795078,left,False
638,1746969297.4140394,115.667,1.27104,-1.56603,0.481276,-0.039702,5803.65,3,12.35,211.927,236.892,49.8859,1,2,1.0,0.0,0.0,3,0.0,0,False,1746969295.5795078,left,False
639,1746969297.436126,115.844,1.27235,-1.5879,0.48346,-0.0402927,5812.59,3,12.37,212.57,237.535,49.8856,1,2,1.0,0.0,0.0,3,0.0,0,False,1746969295.5795078,left,False
640,1746969297.453248,116.022,1.273,-1.60485,0.485673,-0.0408824,5817.65,3,12.39,213.213,238.178,49.8853,1,2,1.0,0.0,0.0,3,0.0,0,False,1746969295.5795078,left,False
641,1746969297.4753618,116.2,1.27439,-1.62637,0.487913,-0.0414714,5826.17,3,12.41,213.857,238.822,49.885,1,2,1.0,0.0,0.0,3,0.0,0,False,1746969295.5795078,left,False
642,1746969297.493832,116.374,1.27625,-1.65036,0.490182,-0.0420604,5840.2,3,12.43,214.503,239.468,49.8847,1,2,1.0,0.0,0.0,3,0.0,0,False,1746969295.5795078,left,False
643,1746969297.5143337,116.55,1.27709,-1.66794,0.49248,-0.0426483,5847.55,3,12.45,215.149,240.114,49.8844,1,2,1.0,0.0,0.0,3,0.0,0,False,1746969295.5795078,left,False
644,1746969297.5347126,116.727,1.27824,-1.68839,0.494806,-0.0432354,5853.91,3,12.47,215.796,240.761,49.8841,1,2,1.0,0.0,0.0,3,0.0,0,False,1746969295.5795078,left,False
645,1746969297.554647,116.903,1.27952,-1.71077,0.497161,-0.0438202,5862.94,3,12.49,216.444,241.409,49.8838,1,2,1.0,0.0,0.0,3,0.0,0,False,1746969295.5795078,left,False
646,1746969297.574852,117.078,1.28093,-1.73017,0.499544,-0.0444055,5871.8,3,12.51,217.093,242.058,49.8835,1,2,1.0,0.0,0.0,3,0.0,0,False,1746969295.5795078,left,False
647,1746969297.5960422,117.254,1.28172,-1.74951,0.501956,-0.0449906,5878.13,3,12.53,217.743,242.708,49.8832,1,2,1.0,0.0,0.0,3,0.0,0,False,1746969295.5795078,left,False
648,1746969297.6134748,117.428,1.28263,-1.76835,0.504397,-0.0455773,5887.95,3,12.55,218.394,243.359,49.8829,1,2,1.0,0.0,0.0,3,0.0,0,True,1746969295.5795078,left,False
649,1746969297.6368463,117.602,1.28418,-1.7929,0.506866,-0.0461619,5897.09,3,12.57,219.046,244.011,49.8826,1,2,1.0,0.0,0.0,3,0.0,0,True,1746969295.5795078,left,False
650,1746969297.656428,117.778,1.28513,-1.81052,0.509365,-0.0467429,5902.57,3,12.59,219.699,244.664,49.8823,1,2,1.0,0.0,0.0,3,0.0,0,True,1746969295.5795078,left,False
651,1746969297.6759336,117.951,1.28738,-1.83148,0.511892,-0.0473201,5912.04,3,12.61,220.353,245.318,49.882,1,2,1.0,0.0,-0.1,3,0.0,0,True,1746969295.5795078,left,False
652,1746969297.6963928,118.102,1.13739,-1.85177,0.514414,-0.0473186,5933.32,3,12.63,221.007,245.972,49.8816,1,2,1.0,0.0,-0.1,3,0.0,0,True,1746969295.5795078,left,False
653,1746969297.713858,118.254,1.09476,-1.85201,0.516866,-0.0457174,5936.74,3,12.65,221.663,246.628,49.8813,1,2,1.0,0.0,-0.1,3,0.0,0,True,1746969295.5795078,left,False
654,1746969297.7331984,118.407,1.21154,-1.83482,0.519236,-0.0425585,5932.63,3,12.67,222.319,247.284,49.881,1,2,1.0,0.0,-0.1,3,0.0,0,True,1746969295.5795078,left,False
655,1746969297.7566304,118.555,1.46721,-1.7952,0.521515,-0.0379589,5931.65,3,12.69,222.977,247.942,49.8807,1,2,1.0,0.0,-0.1,3,0.0,0,True,1746969295.5795078,left,False
656,1746969297.775799,118.697,1.84138,-1.74289,0.523686,-0.0320461,5932.27,3,12.71,223.635,248.6,49.8804,1,2,1.0,0.0,-0.1,3,0.0,0,True,1746969295.5795078,left,False
657,1746969297.794793,118.828,2.31465,-1.67746,0.525734,-0.0249601,5939.7,3,12.73,224.294,249.259,49.8801,1,2,1.0,0.0,-0.1,3,0.0,0,True,1746969295.5795078,left,False
658,1746969297.8141646,118.951,2.85758,-1.59334,0.527641,-0.0168383,5948.52,3,12.75,224.954,249.919,49.8798,1,2,1.0,0.0,-0.2,3,0.0,0,True,1746969295.5795078,left,False
659,1746969297.834419,119.02,3.36292,-1.48794,0.529365,-0.00744444,5971.26,3,12.77,225.615,250.58,49.8795,1,2,1.0,0.0,-0.2,3,0.0,0,True,1746969295.5795078,left,False
660,1746969297.8550155,119.07,3.9761,-1.35483,0.530843,0.00372631,5979.83,3,12.79,226.277,251.241,49.8792,1,2,1.0,0.0,-0.2,3,0.0,0,True,1746969295.5795078,left,False
661,1746969297.8748474,119.1,4.72824,-1.20112,0.532052,0.0165456,5987.34,3,12.81,226.938,251.903,49.8789,1,2,1.0,0.0,-0.2,3,0.0,0,True,1746969295.5795078,left,False
662,1746969297.89579,119.111,5.58149,-1.00892,0.532966,0.0308301,5987.68,3,12.83,227.601,252.565,49.8786,1,2,1.0,0.0,-0.2,3,0.0,0,True,1746969295.5795078,left,False
663,1746969297.9153721,119.093,6.53532,-0.795691,0.533559,0.0464361,5995.68,3,12.85,228.263,253.228,49.8783,1,2,1.0,0.0,-0.2,3,0.0,0,True,1746969295.5795078,left,False
664,1746969297.9335778,119.044,7.55575,-0.552972,0.533807,0.0631565,6008.69,3,12.87,228.926,253.891,49.878,1,2,1.0,0.0,-0.2,3,0.0,0,True,1746969295.5795078,left,False
665,1746969297.9552588,118.963,8.62814,-0.291455,0.533687,0.0807803,6022.77,3,12.89,229.589,254.554,49.8777,1,2,1.0,0.0,-0.2,3,0.0,0,True,1746969295.5795078,left,False
666,1746969297.9733975,118.849,9.74004,-0.0173724,0.533181,0.0991042,6045.87,3,12.91,230.251,255.216,49.8774,1,2,1.0,0.0,-0.2,3,0.0,0,True,1746969295.5795078,left,False
667,1746969297.9950507,118.704,10.8509,0.286862,0.532271,0.117921,6065.28,3,12.93,230.913,255.878,49.8771,1,2,1.0,0.0,-0.2,3,0.0,0,True,1746969295.5795078,left,False
668,1746969298.015266,118.526,11.959,0.602114,0.530941,0.137006,6095.59,3,12.95,231.575,256.54,49.8768,1,2,1.0,0.0,-0.2,3,0.0,0,True,1746969295.5795078,left,False
669,1746969298.0331957,118.323,13.0296,0.931165,0.529176,0.156144,6123.99,3,12.97,232.236,257.201,49.8765,1,2,1.0,0.0,0.0,3,0.0,0,True,1746969295.5795078,right,False
670,1746969298.0528867,118.144,14.125,1.27273,0.526976,0.174938,6153.92,3,12.99,232.896,257.861,49.8762,1,2,1.0,0.0,0.0,3,0.0,0,True,1746969295.5795078,right,False
671,1746969298.073735,118.01,15.1608,1.62492,0.524385,0.192154,6167.43,3,13.01,233.556,258.521,49.8759,1,2,1.0,0.0,0.0,3,0.0,0,True,1746969295.5795078,right,False
672,1746969298.0932546,117.874,15.915,1.97632,0.521406,0.207393,6204.86,3,13.03,234.215,259.18,49.8755,1,2,1.0,0.0,0.0,3,0.0,0,True,1746969295.5795078,right,False
673,1746969298.113815,117.746,16.396,2.3277,0.518026,0.22058,6261.72,3,13.05,234.874,259.839,49.8752,1,2,1.0,0.0,0.0,3,0.0,0,True,1746969295.5795078,right,False
674,1746969298.1352792,117.635,16.6079,2.67474,0.51424,0.231605,6336.36,3,13.07,235.532,260.497,49.8749,1,2,1.0,0.0,0.0,3,0.0,0,True,1746969295.5795078,right,False
675,1746969298.1538312,117.553,16.5496,3.0219,0.510045,0.240365,6411.73,3,13.09,236.189,261.154,49.8746,1,2,1.0,0.0,0.0,3,0.0,0,True,1746969295.5795078,right,False
676,1746969298.173779,117.504,16.2236,3.36337,0.505445,0.24677,6499.18,3,13.11,236.844,261.809,49.8743,1,2,1.0,0.0,0.0,3,0.0,0,True,1746969295.5795078,right,False
677,1746969298.1955352,117.489,15.6355,3.7007,0.500447,0.250775,6587.82,3,13.13,237.499,262.464,49.874,1,2,1.0,0.0,0.0,3,0.0,0,True,1746969295.5795078,right,False
678,1746969298.2148113,117.51,14.8038,4.02348,0.49506,0.252378,6677.11,3,13.15,238.152,263.117,49.8737,1,2,1.0,0.0,0.0,3,0.0,0,True,1746969295.5795078,right,False
679,1746969298.2346947,117.577,13.7445,4.33924,0.489301,0.251654,6736.05,3,13.17,238.804,263.769,49.8734,1,2,1.0,0.0,0.0,3,0.0,0,True,1746969295.5795078,right,False
680,1746969298.2536118,117.671,12.4979,4.63954,0.483191,0.248781,6799.78,3,13.19,239.455,264.42,49.8731,1,2,1.0,0.0,0.0,3,0.0,0,True,1746969295.5795078,right,False
681,1746969298.2748237,117.796,11.1097,4.92484,0.476757,0.243984,6799.03,3,13.21,240.105,265.07,49.8728,1,2,1.0,0.0,0.0,3,0.0,0,True,1746969295.5795078,right,False
682,1746969298.2932951,117.952,9.63858,5.18386,0.470033,0.237607,6766.57,3,13.23,240.755,265.72,49.8726,1,2,1.0,0.0,0.0,3,0.0,0,True,1746969295.5795078,right,False
683,1746969298.3146968,118.133,8.14577,5.41915,0.463059,0.230062,6725.46,3,13.25,241.404,266.369,49.8722,1,2,1.0,0.0,0.0,3,0.0,0,True,1746969295.5795078,right,False
684,1746969298.3333364,118.344,6.69538,5.62902,0.455879,0.221797,6617.96,3,13.27,242.054,267.019,49.8719,1,2,1.0,0.0,0.0,3,0.0,0,True,1746969295.5795078,right,False
685,1746969298.354488,118.567,5.33837,5.79799,0.448539,0.213248,6481.67,3,13.29,242.703,267.668,49.8716,1,2,1.0,0.0,0.0,3,0.0,0,True,1746969295.5795078,right,False
686,1746969298.3766997,118.804,4.10901,5.93746,0.441085,0.204796,6311.5,3,13.31,243.354,268.319,49.8713,1,2,1.0,0.0,0.0,3,0.0,0,True,1746969295.5795078,right,False
687,1746969298.3935869,119.036,3.02518,6.04389,0.433555,0.196761,6139.94,3,13.33,244.005,268.97,49.871,1,2,1.0,0.0,0.0,3,0.0,0,True,1746969295.5795078,right,False
688,1746969298.4172897,119.235,2.10248,6.11656,0.425984,0.189399,6033.37,3,13.35,244.657,269.622,49.8707,1,2,1.0,0.0,0.0,3,0.0,0,True,1746969295.5795078,right,False
689,1746969298.436409,119.396,1.34781,6.15575,0.418404,0.182853,5995.41,3,13.37,245.311,270.276,49.8704,1,2,1.0,0.0,0.0,3,0.0,0,True,1746969295.5795078,right,False
690,1746969298.4548328,119.538,0.751488,6.16669,0.410839,0.17713,5985.55,3,13.39,245.965,270.93,49.8701,1,2,1.0,0.0,0.0,3,0.0,0,True,1746969295.5795078,right,False
691,1746969298.4749115,119.673,0.293022,6.14425,0.403312,0.172161,5984.92,3,13.41,246.619,271.584,49.8698,1,2,1.0,0.0,0.0,3,0.0,0,True,1746969295.5795078,right,False
692,1746969298.4951417,119.802,-0.0499794,6.09564,0.395836,0.167856,5992.9,3,13.43,247.275,272.24,49.8695,1,2,1.0,0.0,0.0,3,0.0,0,True,1746969295.5795078,right,False
693,1746969298.514542,119.931,-0.299904,6.01485,0.388423,0.164122,6001.25,3,13.45,247.932,272.897,49.8692,1,2,1.0,0.0,0.0,3,0.0,0,True,1746969295.5795078,right,False
694,1746969298.5344718,120.058,-0.473821,5.91416,0.381081,0.160875,6010.1,3,13.47,248.589,273.554,49.8689,1,2,1.0,0.0,0.0,3,0.0,0,True,1746969295.5795078,right,False
695,1746969298.5539067,120.184,-0.587113,5.78961,0.373814,0.158043,6023.64,3,13.49,249.248,274.213,49.8686,1,2,1.0,0.0,0.0,3,0.0,0,True,1746969295.5795078,right,False
696,1746969298.5734503,120.31,-0.650716,5.65004,0.366625,0.155567,6033.97,3,13.51,249.907,274.872,49.8683,1,2,1.0,0.0,0.0,3,0.0,0,True,1746969295.5795078,right,False
697,1746969298.5958524,120.438,-0.673325,5.50894,0.359518,0.153403,6042.04,3,13.53,250.567,275.532,49.868,1,2,1.0,0.0,0.0,3,0.0,0,True,1746969295.5795078,right,False
698,1746969298.615329,120.566,-0.661377,5.37608,0.352491,0.151516,6049.15,3,13.55,251.228,276.193,49.8677,1,2,1.0,0.0,0.0,3,0.0,0,True,1746969295.5795078,right,False
699,1746969298.6338456,120.695,-0.621218,5.24353,0.345546,0.149875,6056.44,3,13.57,251.891,276.855,49.8674,1,2,1.0,0.0,0.0,3,0.0,0,True,1746969295.5795078,right,False
700,1746969298.6544964,120.823,-0.558365,5.11337,0.338681,0.148456,6063.86,3,13.59,252.554,277.518,49.8671,1,2,1.0,0.0,0.0,3,0.0,0,True,1746969295.5795078,right,False
701,1746969298.6747847,120.953,-0.476568,4.99025,0.331894,0.147235,6070.79,3,13.61,253.217,278.182,49.8668,1,2,1.0,0.0,0.0,3,0.0,0,True,1746969295.5795078,right,False
702,1746969298.6947744,121.083,-0.380535,4.88231,0.325184,0.146188,6073.73,3,13.63,253.882,278.847,49.8665,1,2,1.0,0.0,0.0,3,0.0,0,True,1746969295.5795078,right,False
703,1746969298.7145886,121.215,-0.273999,4.77927,0.318548,0.145292,6076.65,3,13.65,254.548,279.513,49.8661,1,2,1.0,0.0,0.0,3,0.0,0,True,1746969295.5795078,right,False
704,1746969298.7375782,121.345,-0.160111,4.69155,0.311982,0.14453,6083.05,3,13.67,255.214,280.179,49.8658,1,2,1.0,0.0,0.0,3,0.0,0,True,1746969295.5795078,right,False
705,1746969298.7539747,121.476,-0.0426861,4.60574,0.305484,0.143878,6087.05,3,13.69,255.882,280.847,49.8655,1,2,1.0,0.0,0.0,3,0.0,0,True,1746969295.5795078,right,False
706,1746969298.7738402,121.606,0.0756582,4.53882,0.299049,0.143318,6088.71,3,13.71,256.55,281.515,49.8652,1,2,1.0,0.0,0.0,3,0.0,0,True,1746969295.5795078,right,False
707,1746969298.796031,121.734,0.193176,4.46776,0.292674,0.142831,6099.31,3,13.73,257.219,282.184,49.8649,1,2,1.0,0.0,0.0,3,0.0,0,True,1746969295.5795078,right,False
708,1746969298.815317,121.866,0.307181,4.41714,0.286354,0.142404,6099.49,3,13.75,257.889,282.854,49.8646,1,2,1.0,0.0,0.0,3,0.0,0,True,1746969295.5795078,right,False
709,1746969298.8347225,121.994,0.417005,4.36547,0.280088,0.14202,6108.43,3,13.77,258.56,283.525,49.8643,1,2,1.0,0.0,0.0,3,0.0,0,True,1746969295.5795078,right,False
710,1746969298.8544993,122.123,0.520794,4.32213,0.27387,0.141667,6114.23,3,13.79,259.232,284.197,49.864,1,2,1.0,0.0,0.0,3,0.0,0,True,1746969295.5795078,right,False
711,1746969298.8732526,122.252,0.617695,4.29273,0.267697,0.141335,6118.64,3,13.81,259.904,284.869,49.8637,1,2,1.0,0.0,0.0,3,0.0,0,True,1746969295.5795078,right,False
712,1746969298.893125,122.381,0.707301,4.26529,0.261567,0.141014,6123.4,3,13.83,260.578,285.543,49.8634,1,2,1.0,0.0,0.0,3,0.0,0,True,1746969295.5795078,right,False
713,1746969298.9152665,122.509,0.789373,4.24178,0.255475,0.140696,6131.33,3,13.85,261.252,286.217,49.8631,1,2,1.0,0.0,0.0,3,0.0,0,True,1746969295.5795078,right,False
714,1746969298.9340963,122.638,0.86333,4.22623,0.24942,0.140373,6134.46,3,13.87,261.927,286.892,49.8628,1,2,1.0,0.0,0.0,3,0.0,0,True,1746969295.5795078,right,False
715,1746969298.9577732,122.766,0.929397,4.21573,0.243398,0.14004,6139.63,3,13.89,262.603,287.568,49.8625,1,2,1.0,0.0,0.0,3,0.0,0,True,1746969295.5795078,right,False
716,1746969298.9740028,122.894,0.988436,4.20509,0.237408,0.139698,6144.38,3,13.91,263.279,288.244,49.8622,1,2,1.0,0.0,0.0,3,0.0,0,True,1746969295.5795078,right,False
717,1746969298.996092,123.021,1.04039,4.20006,0.231447,0.139341,6152.11,3,13.93,263.956,288.921,49.8619,1,2,1.0,0.0,0.1,3,0.0,0,True,1746969295.5795078,right,False
718,1746969299.0132825,123.134,1.25091,4.19084,0.225551,0.138323,6166.53,3,13.95,264.634,289.599,49.8616,1,2,1.0,0.0,0.1,3,0.0,0,True,1746969295.5795078,right,False
719,1746969299.0350196,123.245,1.3129,4.169,0.219787,0.13557,6181.7,3,13.97,265.313,290.278,49.8613,1,2,1.0,0.0,0.1,3,0.0,0,True,1746969295.5795078,right,False
720,1746969299.0540817,123.359,1.18414,4.13235,0.214158,0.131289,6195.18,3,13.99,265.993,290.958,49.861,1,2,1.0,0.0,0.1,3,0.0,0,True,1746969295.5795078,right,False
721,1746969299.0745106,123.472,0.908603,4.08155,0.208665,0.125733,6212.7,3,14.01,266.674,291.639,49.8607,1,2,1.0,0.0,0.1,3,0.0,0,True,1746969295.5795078,right,False
722,1746969299.0930974,123.587,0.527852,4.01104,0.203319,0.119148,6227.27,3,14.03,267.356,292.321,49.8603,1,2,1.0,0.0,0.1,3,0.0,0,True,1746969295.5795078,right,False
723,1746969299.1136394,123.697,0.0706911,3.92724,0.198127,0.111746,6247.68,3,14.05,268.038,293.003,49.86,1,2,1.0,0.0,0.1,3,0.0,0,True,1746969295.5795078,right,False
724,1746969299.1338382,123.801,-0.437305,3.82241,0.193102,0.10373,6275.67,3,14.07,268.722,293.686,49.8597,1,2,1.0,0.0,0.1,3,0.0,0,True,1746969295.5795078,right,False
725,1746969299.1539583,123.901,-0.970334,3.70503,0.188256,0.0952705,6301.85,3,14.09,269.406,294.371,49.8594,1,2,1.0,0.0,0.1,3,0.0,0,True,1746969295.5795078,right,False
726,1746969299.173017,123.993,-1.51549,3.57115,0.1836,0.0865134,6334.29,3,14.11,270.091,295.056,49.8591,1,2,1.0,0.0,0.1,3,0.0,0,True,1746969295.5795078,right,False
727,1746969299.194587,124.08,-2.05829,3.41747,0.179144,0.0775764,6366.4,3,14.13,270.777,295.742,49.8588,1,2,1.0,0.0,0.1,3,0.0,0,True,1746969295.5795078,right,False
728,1746969299.2148745,124.163,-2.59248,3.25554,0.174899,0.068528,6399.17,3,14.15,271.464,296.429,49.8585,1,2,1.0,0.0,0.1,3,0.0,0,True,1746969295.5795078,right,False
729,1746969299.234382,124.243,-3.11117,3.08542,0.170873,0.0594348,6425.79,3,14.17,272.151,297.116,49.8582,1,2,1.0,0.0,0.1,3,0.0,0,True,1746969295.5795078,right,False
730,1746969299.253206,124.34,-3.70985,2.90793,0.167053,0.0506975,6437.75,3,14.19,272.84,297.805,49.8579,1,2,1.0,0.0,0.0,3,0.0,0,True,1746969295.5795078,left,False
731,1746969299.274831,124.46,-4.20409,2.72543,0.163402,0.0430662,6410.82,3,14.21,273.529,298.494,49.8576,1,2,1.0,0.0,0.0,3,0.0,0,True,1746969295.5795078,left,False
732,1746969299.2955303,124.589,-4.54677,2.56158,0.159927,0.0364477,6369.33,3,14.23,274.219,299.184,49.8573,1,2,1.0,0.0,0.0,3,0.0,0,True,1746969295.5795078,left,False
733,1746969299.3150475,124.721,-4.75962,2.38978,0.156638,0.0307012,6335.16,3,14.25,274.911,299.875,49.857,1,2,1.0,0.0,0.0,3,0.0,0,True,1746969295.5795078,left,False
734,1746969299.3344307,124.849,-4.87049,2.22711,0.153538,0.0256845,6319.48,3,14.27,275.603,300.568,49.8567,1,2,1.0,0.0,0.0,3,0.0,0,True,1746969295.5795078,left,False
735,1746969299.3544338,124.978,-4.89419,2.07259,0.150634,0.0212927,6306.52,3,14.29,276.296,301.261,49.8564,1,2,1.0,0.0,0.0,3,0.0,0,True,1746969295.5795078,left,False
736,1746969299.3730423,125.107,-4.84799,1.91844,0.147925,0.0174409,6301.34,3,14.31,276.99,301.955,49.8561,1,2,1.0,0.0,0.0,3,0.0,0,True,1746969295.5795078,left,False
737,1746969299.395356,125.234,-4.74748,1.76938,0.145412,0.0140573,6304.86,3,14.33,277.685,302.65,49.8558,1,2,1.0,0.0,0.0,3,0.0,0,True,1746969295.5795078,left,False
738,1746969299.4157217,125.366,-4.59787,1.61908,0.143094,0.0111058,6307.19,3,14.35,278.381,303.346,49.8555,1,2,1.0,0.0,0.0,3,0.0,0,True,1746969295.5795078,left,False
739,1746969299.4338493,125.498,-4.41061,1.47278,0.140967,0.0085338,6311.82,3,14.37,279.077,304.042,49.8552,1,2,1.0,0.0,0.0,3,0.0,0,True,1746969295.5795078,left,False
740,1746969299.455317,125.631,-4.18771,1.32761,0.139029,0.00633726,6318.83,3,14.39,279.775,304.74,49.8549,1,2,1.0,0.0,0.0,3,0.0,0,True,1746969295.5795078,left,False
741,1746969299.4734085,125.77,-3.93382,1.18478,0.137274,0.00449201,6321.72,3,14.41,280.473,305.438,49.8545,1,2,1.0,0.0,0.0,3,0.0,0,True,1746969295.5795078,left,False
742,1746969299.495627,125.906,-3.65811,1.05046,0.135696,0.00295997,6329.43,3,14.43,281.172,306.137,49.8542,1,2,1.0,0.0,0.0,3,0.0,0,True,1746969295.5795078,left,False
743,1746969299.5146315,126.047,-3.36244,0.919798,0.134289,0.00172781,6332.31,3,14.45,281.872,306.837,49.8539,1,2,1.0,0.0,0.0,3,0.0,0,True,1746969295.5795078,left,False
744,1746969299.5338416,126.187,-3.05489,0.786403,0.133047,0.000757631,6340.56,3,14.47,282.573,307.537,49.8536,1,2,1.0,0.0,0.0,3,0.0,0,True,1746969295.5795078,left,False
745,1746969299.555389,126.332,-2.73695,0.666094,0.131961,1.22652e-005,6339.93,3,14.49,283.274,308.239,49.8533,1,2,1.0,0.0,0.0,3,0.0,0,True,1746969295.5795078,left,False
746,1746969299.573433,126.474,-2.41736,0.54793,0.131024,-0.000528357,6345.22,3,14.51,283.976,308.941,49.853,1,2,1.0,0.0,0.0,3,0.0,0,True,1746969295.5795078,left,False
747,1746969299.5948553,126.619,-2.09781,0.431223,0.130227,-0.000888325,6349.13,3,14.53,284.679,309.644,49.8527,1,2,1.0,0.0,0.0,3,0.0,0,True,1746969295.5795078,left,False
748,1746969299.6138897,126.76,-1.78203,0.325933,0.129561,-0.00109839,6356.08,3,14.55,285.383,310.348,49.8524,1,2,1.0,0.0,0.0,3,0.0,0,True,1746969295.5795078,left,False
749,1746969299.634734,126.908,-1.47279,0.22904,0.129018,-0.00118683,6354.63,3,14.57,286.088,311.053,49.8521,1,2,1.0,0.0,0.0,3,0.0,0,True,1746969295.5795078,left,False
750,1746969299.6533802,127.051,-1.17625,0.134348,0.128589,-0.00118696,6360.27,3,14.59,286.793,311.758,49.8518,1,2,1.0,0.0,0.0,3,0.0,0,True,1746969295.5795078,left,False
751,1746969299.6753592,127.195,-0.893067,0.0510247,0.128267,-0.00111992,6364.84,3,14.61,287.5,312.465,49.8515,1,2,1.0,0.0,0.0,3,0.0,0,True,1746969295.5795078,left,False
752,1746969299.6934721,127.337,-0.62615,-0.0263287,0.128041,-0.00100883,6372.11,3,14.63,288.207,313.172,49.8512,1,2,1.0,0.0,0.0,3,0.0,0,True,1746969295.5795078,left,False
753,1746969299.716374,127.482,-0.377168,-0.0951746,0.127905,-0.000875588,6373.48,3,14.65,288.915,313.88,49.8509,1,2,1.0,0.0,0.0,3,0.0,0,True,1746969295.5795078,left,False
754,1746969299.7353387,127.626,-0.146964,-0.153193,0.127851,-0.000736723,6376.09,3,14.67,289.623,314.588,49.8506,1,2,1.0,0.0,0.0,3,0.0,0,True,1746969295.5795078,left,False
755,1746969299.7549484,127.769,0.0635556,-0.206756,0.127873,-0.000607611,6380.81,3,14.69,290.333,315.298,49.8503,1,2,1.0,0.0,0.0,3,0.0,0,True,1746969295.5795078,left,False
756,1746969299.7771096,127.91,0.254586,-0.255599,0.127962,-0.00049876,6388.75,3,14.71,291.043,316.008,49.85,1,2,1.0,0.0,0.0,3,0.0,0,True,1746969295.5795078,left,False
757,1746969299.7935917,128.05,0.426352,-0.294793,0.128114,-0.000419854,6398.29,3,14.73,291.754,316.719,49.8497,1,2,1.0,0.0,0.0,3,0.0,0,True,1746969295.5795078,left,False
758,1746969299.8152344,128.193,0.579152,-0.325106,0.128322,-0.000377246,6399.96,3,14.75,292.466,317.431,49.8494,1,2,1.0,0.0,0.0,3,0.0,0,True,1746969295.5795078,right,False
759,1746969299.834674,128.334,0.714395,-0.357484,0.128582,-0.000375364,6408.35,3,14.77,293.179,318.143,49.8491,1,2,1.0,0.0,0.0,3,0.0,0,True,1746969295.5795078,right,False
760,1746969299.8538997,128.476,0.832255,-0.375312,0.12889,-0.000416829,6412.18,3,14.79,293.892,318.857,49.8488,1,2,1.0,0.0,0.0,3,0.0,0,True,1746969295.5795078,right,False
761,1746969299.872909,128.618,0.934624,-0.388995,0.129241,-0.000503072,6415.96,3,14.81,294.606,319.571,49.8484,1,2,1.0,0.0,0.0,3,0.0,0,True,1746969295.5795078,right,False
762,1746969299.8954363,128.758,1.02321,-0.404464,0.129632,-0.000633186,6422.35,3,14.83,295.321,320.286,49.8481,1,2,1.0,0.0,0.0,3,0.0,0,True,1746969295.5795078,right,False
763,1746969299.9146802,128.898,1.09931,-0.41806,0.130061,-0.00080561,6429.1,3,14.85,296.037,321.002,49.8478,1,2,1.0,0.0,0.0,3,0.0,0,True,1746969295.5795078,right,False
764,1746969299.9337785,129.039,1.16349,-0.423043,0.130524,-0.00101791,6432.59,3,14.87,296.753,321.718,49.8475,1,2,1.0,0.0,0.0,3,0.0,0,True,1746969295.5795078,right,False
765,1746969299.9532561,129.177,1.21807,-0.437994,0.131021,-0.00126762,6443.13,3,14.89,297.471,322.436,49.8472,1,2,1.0,0.0,0.0,3,0.0,0,True,1746969295.5795078,right,False
766,1746969299.9739423,129.318,1.26365,-0.444778,0.131548,-0.00155151,6446.51,3,14.91,298.189,323.154,49.8469,1,2,1.0,0.0,0.0,3,0.0,0,True,1746969295.5795078,right,False
767,1746969299.994744,129.457,1.3019,-0.459921,0.132105,-0.00186544,6456.68,3,14.93,298.908,323.872,49.8466,1,2,1.0,0.0,0.0,3,0.0,0,True,1746969295.5795078,right,False
768,1746969300.015872,129.599,1.33261,-0.455412,0.132691,-0.002205,6457.05,3,14.95,299.627,324.592,49.8463,1,2,1.0,0.0,0.0,3,0.0,0,True,1746969295.5795078,right,False
769,1746969300.0330245,129.74,1.3582,-0.449529,0.133291,-0.00139275,6459.99,3,14.97,300.35,325.315,49.846,1,2,1.0,0.0,0.0,3,0.0,0,True,1746969295.5795078,right,False
770,1746969300.056027,129.88,1.37986,-0.438811,0.133813,0.000666033,6464.98,3,14.99,301.076,326.041,49.8457,1,2,1.0,0.0,0.0,3,0.0,0,True,1746969295.5795078,right,False
771,1746969300.0745392,130.02,1.3986,-0.414625,0.134247,0.00272802,6468.29,3,15.01,301.803,326.768,49.8454,1,2,1.0,0.0,0.0,3,0.0,0,True,1746969295.5795078,right,False
772,1746969300.0949142,130.161,1.41412,-0.37919,0.134587,0.00479821,6469.83,3,15.03,302.531,327.496,49.8451,1,2,1.0,0.0,0.0,3,0.0,0,True,1746969295.5795078,right,False
773,1746969300.1137934,130.298,1.42797,-0.331157,0.134829,0.00687354,6475.71,3,15.05,303.259,328.224,49.8448,1,2,1.0,0.0,0.0,3,0.0,0,True,1746969295.5795078,right,False
774,1746969300.1345162,130.435,1.43991,-0.27826,0.134977,0.00895121,6481.35,3,15.07,303.988,328.953,49.8445,1,2,1.0,0.0,0.0,3,0.0,0,True,1746969295.5795078,right,False
775,1746969300.1536262,130.572,1.44832,-0.211241,0.135028,0.0110304,6485.14,3,15.09,304.718,329.683,49.8442,1,2,1.0,0.0,0.0,3,0.0,0,True,1746969295.5795078,right,False
776,1746969300.174021,130.708,1.45544,-0.132509,0.134981,0.0131129,6491.04,3,15.11,305.449,330.414,49.8439,1,2,1.0,0.0,0.0,3,0.0,0,True,1746969295.5795078,right,False
777,1746969300.1931124,130.843,1.45962,-0.0457701,0.134835,0.0151898,6497.35,3,15.13,306.181,331.146,49.8436,1,2,1.0,0.0,0.0,3,0.0,0,True,1746969295.5795078,right,False
778,1746969300.2147484,130.978,1.46144,0.051847,0.134589,0.0172598,6501.07,3,15.15,306.913,331.878,49.8433,1,2,1.0,0.0,0.0,3,0.0,0,True,1746969295.5795078,right,False
779,1746969300.2368577,131.112,1.46284,0.138263,0.134241,0.0193219,6509.21,3,15.17,307.646,332.611,49.843,1,2,1.0,0.0,0.0,3,0.0,0,True,1746969295.5795078,right,False
780,1746969300.2555604,131.244,1.46265,0.236325,0.133793,0.0213798,6516.42,3,15.19,308.38,333.345,49.8426,1,2,1.0,0.0,0.1,3,0.0,0,True,1746969295.5795078,right,False
781,1746969300.2753909,131.363,1.64703,0.327307,0.133287,0.0226877,6529.65,3,15.21,309.114,334.079,49.8423,1,2,1.0,0.0,0.1,3,0.0,0,True,1746969295.5795078,right,False
782,1746969300.294879,131.479,1.64805,0.399642,0.132802,0.0220138,6543.98,3,15.23,309.849,334.814,49.842,1,2,1.0,0.0,0.1,3,0.0,0,True,1746969295.5795078,right,False
783,1746969300.3145735,131.599,1.42388,0.450865,0.132338,0.0196155,6558.88,3,15.25,310.585,335.55,49.8417,1,2,1.0,0.0,0.1,3,0.0,0,True,1746969295.5795078,right,False
784,1746969300.3335114,131.72,1.03206,0.486691,0.131907,0.0158003,6572.52,3,15.27,311.321,336.286,49.8414,1,2,1.0,0.0,0.1,3,0.0,0,True,1746969295.5795078,right,False
785,1746969300.35603,131.837,0.518417,0.500251,0.131514,0.0108446,6591,3,15.29,312.058,337.023,49.8411,1,2,1.0,0.0,0.1,3,0.0,0,True,1746969295.5795078,right,False
786,1746969300.3750699,131.951,-0.0771819,0.494793,0.131179,0.00501816,6611.05,3,15.31,312.796,337.761,49.8408,1,2,1.0,0.0,0.1,3,0.0,0,True,1746969295.5795078,right,False
787,1746969300.3947291,132.058,-0.720549,0.468335,0.13091,-0.00144777,6633.58,3,15.33,313.534,338.499,49.8405,1,2,1.0,0.0,0.1,3,0.0,0,True,1746969295.5795078,right,False
788,1746969300.4153855,132.158,-1.38762,0.418879,0.130721,-0.00835377,6658.42,3,15.35,314.273,339.238,49.8402,1,2,1.0,0.0,0.1,3,0.0,0,True,1746969295.5795078,right,False
789,1746969300.4336617,132.249,-2.05824,0.361392,0.130632,-0.0155366,6686.39,3,15.37,315.012,339.977,49.8399,1,2,1.0,0.0,0.1,3,0.0,0,True,1746969295.5795078,right,False
790,1746969300.4538522,132.332,-2.72238,0.265909,0.13065,-0.0228637,6719.11,3,15.39,315.752,340.717,49.8396,1,2,1.0,0.0,0.0,3,0.0,0,True,1746969295.5795078,left,False
791,1746969300.4739213,132.431,-3.4784,0.176504,0.130762,-0.0298249,6732.52,3,15.41,316.493,341.458,49.8393,1,2,1.0,0.0,0.0,3,0.0,0,True,1746969295.5795078,left,False
792,1746969300.496779,132.541,-4.10228,0.0710611,0.130931,-0.0355485,6726.23,3,15.43,317.234,342.199,49.839,1,2,1.0,0.0,0.0,3,0.0,0,True,1746969295.5795078,left,False
793,1746969300.5136216,132.661,-4.54532,-0.0249764,0.131165,-0.040141,6704.44,3,15.45,317.976,342.941,49.8387,1,2,1.0,0.0,0.0,3,0.0,0,True,1746969295.5795078,left,False
794,1746969300.5330544,132.785,-4.83236,-0.118189,0.131468,-0.0437661,6682.77,3,15.47,318.719,343.684,49.8384,1,2,1.0,0.0,0.0,3,0.0,0,True,1746969295.5795078,left,False
795,1746969300.555985,132.909,-4.9965,-0.205724,0.131854,-0.046577,6670.4,3,15.49,319.462,344.427,49.8381,1,2,1.0,0.0,0.0,3,0.0,0,True,1746969295.5795078,left,False
796,1746969300.5744147,133.032,-5.06379,-0.293743,0.132328,-0.0487165,6665.01,3,15.51,320.206,345.171,49.8378,1,2,1.0,0.0,0.0,3,0.0,0,True,1746969295.5795078,left,False
797,1746969300.5932822,133.157,-5.05173,-0.378691,0.132886,-0.0502924,6659.73,3,15.53,320.951,345.916,49.8375,1,2,1.0,0.0,0.0,3,0.0,0,True,1746969295.5795078,left,False
798,1746969300.614623,133.283,-4.97086,-0.451297,0.133533,-0.0513701,6660.23,3,15.55,321.697,346.662,49.8372,1,2,1.0,0.0,0.0,3,0.0,0,True,1746969295.5795078,left,False
799,1746969300.633227,133.41,-4.8407,-0.532313,0.134263,-0.0520137,6664.29,3,15.57,322.443,347.408,49.8368,1,2,1.0,0.0,0.0,3,0.0,0,True,1746969295.5795078,left,False
800,1746969300.654299,133.539,-4.66623,-0.598882,0.135079,-0.052269,6665.21,3,15.59,323.19,348.155,49.8365,1,2,1.0,0.0,0.0,3,0.0,0,True,1746969295.5795078,left,False
801,1746969300.6739492,133.669,-4.45703,-0.67315,0.135974,-0.0521761,6672.84,3,15.61,323.938,348.902,49.8362,1,2,1.0,0.0,0.0,3,0.0,0,True,1746969295.5795078,left,False
802,1746969300.6931553,133.801,-4.21594,-0.734125,0.136943,-0.051746,6677.64,3,15.63,324.686,349.651,49.8359,1,2,1.0,0.0,0.0,3,0.0,0,True,1746969295.5795078,left,False
803,1746969300.7147744,133.936,-3.95054,-0.795234,0.13798,-0.0510083,6679.9,3,15.65,325.435,350.4,49.8356,1,2,1.0,0.0,0.0,3,0.0,0,True,1746969295.5795078,left,False
804,1746969300.7349775,134.069,-3.66473,-0.842679,0.139081,-0.0499932,6686.11,3,15.67,326.185,351.15,49.8353,1,2,1.0,0.0,0.0,3,0.0,0,True,1746969295.5795078,left,False
805,1746969300.7538037,134.204,-3.36276,-0.890868,0.140232,-0.0487089,6692.72,3,15.69,326.936,351.9,49.835,1,2,1.0,0.0,0.0,3,0.0,0,True,1746969295.5795078,left,False
806,1746969300.7754803,134.341,-3.05153,-0.939605,0.141433,-0.047179,6696.08,3,15.71,327.687,352.652,49.8347,1,2,1.0,0.0,0.0,3,0.0,0,True,1746969295.5795078,left,False
807,1746969300.7942472,134.477,-2.73347,-0.975312,0.142674,-0.0454359,6700.9,3,15.73,328.439,353.404,49.8344,1,2,1.0,0.0,0.0,3,0.0,0,True,1746969295.5795078,left,False
808,1746969300.8137388,134.614,-2.41375,-1.01026,0.143939,-0.0434942,6705.47,3,15.75,329.192,354.157,49.8341,1,2,1.0,0.0,0.0,3,0.0,0,True,1746969295.5795078,left,False
809,1746969300.8339503,134.751,-2.09584,-1.04649,0.145229,-0.0413876,6710.29,3,15.77,329.945,354.91,49.8338,1,2,1.0,0.0,0.0,3,0.0,0,True,1746969295.5795078,left,False
810,1746969300.8538923,134.888,-1.78332,-1.06927,0.146527,-0.039142,6715.02,3,15.79,330.7,355.664,49.8335,1,2,1.0,0.0,0.0,3,0.0,0,True,1746969295.5795078,left,False
811,1746969300.8733075,135.025,-1.47883,-1.08298,0.147827,-0.0367805,6718.46,3,15.81,331.455,356.42,49.8332,1,2,1.0,0.0,0.0,3,0.0,0,True,1746969295.5795078,left,False
812,1746969300.8947823,135.161,-1.18624,-1.08993,0.149119,-0.0343282,6723.06,3,15.83,332.211,357.176,49.8329,1,2,1.0,0.0,0.0,3,0.0,0,True,1746969295.5795078,left,False
813,1746969300.9146073,135.297,-0.90718,-1.08723,0.150393,-0.0318073,6726.31,3,15.85,332.967,357.932,49.8326,1,2,1.0,0.0,0.0,3,0.0,0,True,1746969295.5795078,left,False
814,1746969300.9341083,135.431,-0.644836,-1.07686,0.15164,-0.0292393,6732.63,3,15.87,333.725,358.69,49.8323,1,2,1.0,0.0,0.0,3,0.0,0,True,1746969295.5795078,left,False
815,1746969300.954518,135.566,-0.39995,-1.055,0.152856,-0.0266419,6736.16,3,15.89,334.483,359.448,49.832,1,2,1.0,0.0,0.0,3,0.0,0,True,1746969295.5795078,left,False
816,1746969300.9732044,135.699,-0.173657,-1.02308,0.154026,-0.0240314,6741.54,3,15.91,335.242,360.207,49.8317,1,2,1.0,0.0,0.0,3,0.0,0,True,1746969295.5795078,left,False
817,1746969300.9956605,135.832,0.0336741,-0.983353,0.155149,-0.0214194,6746.02,3,15.93,336.002,360.967,49.8314,1,2,1.0,0.0,0.0,3,0.0,0,True,1746969295.5795078,left,False
818,1746969301.01366,135.963,0.221984,-0.936034,0.156211,-0.018818,6751.58,3,15.95,336.763,361.728,49.8311,1,2,1.0,0.0,0.0,3,0.0,0,True,1746969295.5795078,right,False
819,1746969301.033195,136.095,0.391255,-0.878362,0.157212,-0.0162349,6755.02,3,15.97,337.525,362.49,49.8307,1,2,1.0,0.0,0.0,3,0.0,0,True,1746969295.5795078,right,False
820,1746969301.0566182,136.224,0.542426,-0.82723,0.158144,-0.013677,6761.87,3,15.99,338.287,363.252,49.8304,1,2,1.0,0.0,0.0,3,0.0,0,True,1746969295.5795078,right,False
821,1746969301.0762568,136.367,0.688742,-0.750541,0.15908,-0.0108972,6766.37,3,16.012,339.127,364.092,49.8301,1,2,1.0,0.0,0.0,3,0.0,0,True,1746969295.5795078,right,False
822,1746969301.0984056,136.509,0.815517,-0.677358,0.159918,-0.00815615,6773.33,3,16.034,339.967,364.932,49.8298,1,2,1.0,0.0,0.0,3,0.0,0,True,1746969295.5795078,right,False
823,1746969301.1200984,136.65,0.924621,-0.58687,0.160655,-0.00545387,6777.46,3,16.056,340.808,365.773,49.8294,1,2,1.0,0.0,0.0,3,0.0,0,True,1746969295.5795078,right,False
824,1746969301.1416528,136.79,1.01727,-0.500677,0.161281,-0.00279064,6783.35,3,16.078,341.651,366.616,49.8291,1,2,1.0,0.0,0.0,3,0.0,0,True,1746969295.5795078,right,False
825,1746969301.1650724,136.929,1.09555,-0.40343,0.161794,-0.000165328,6789.84,3,16.1,342.494,367.459,49.8288,1,2,1.0,0.0,0.0,3,0.0,0,True,1746969295.5795078,right,False
826,1746969301.1876357,137.067,1.16217,-0.314122,0.162193,0.00242585,6796.69,3,16.122,343.338,368.303,49.8284,1,2,1.0,0.0,0.0,3,0.0,0,True,1746969295.5795078,right,False
827,1746969301.2070312,137.205,1.21712,-0.219034,0.162472,0.00498599,6802.53,3,16.144,344.183,369.148,49.8281,1,2,1.0,0.0,0.0,3,0.0,0,True,1746969295.5795078,right,False
828,1746969301.231406,137.339,1.26301,-0.1214,0.162628,0.00752035,6783.05,3,16.166,345.029,369.994,49.8278,1,2,1.0,0.0,0.0,3,0.0,0,True,1746969295.5795078,right,False
829,1746969301.2529833,137.457,1.30118,-0.0272781,0.162659,0.0100294,6797.29,3,16.188,345.875,370.84,49.8275,1,2,1.0,0.0,0.0,3,0.0,0,True,1746969295.5795078,right,False
830,1746969301.273015,137.574,1.33251,0.0654165,0.162563,0.0125166,6763.39,3,16.21,346.723,371.688,49.8272,1,2,1.0,0.0,0.0,3,0.0,0,True,1746969295.5795078,right,False
831,1746969301.2975771,137.685,1.35907,0.15837,0.162339,0.0149924,6804.03,3,16.232,347.571,372.536,49.8269,1,2,1.0,0.0,0.0,3,0.0,0,True,1746969295.5795078,right,False
832,1746969301.3189433,137.792,1.38191,0.251793,0.161987,0.0174594,6806.35,3,16.254,348.419,373.384,49.8266,1,2,1.0,0.0,0.0,3,0.0,0,True,1746969295.5795078,right,False
833,1746969301.339336,137.892,1.40078,0.3441,0.161505,0.0199169,6770.07,3,16.276,349.269,374.234,49.8264,1,2,1.0,0.0,0.0,3,0.0,0,True,1746969295.5795078,right,False
834,1746969301.362874,137.986,1.41695,0.438777,0.160887,0.0223696,6810.14,3,16.298,350.119,375.084,49.8261,1,2,1.0,0.0,0.0,3,0.0,0,True,1746969295.5795078,right,False
835,1746969301.3846474,138.078,1.43026,0.531562,0.160142,0.0248203,6799.91,3,16.32,350.969,375.934,49.8259,1,2,1.0,0.0,0.0,3,0.0,0,True,1746969295.5795078,right,False
836,1746969301.406857,138.17,1.44267,0.627538,0.159261,0.0272709,6806.09,3,16.342,351.82,376.785,49.8256,1,2,1.0,0.0,0.0,3,0.0,0,True,1746969295.5795078,right,False
837,1746969301.4278953,138.254,1.45451,0.718081,0.158244,0.0297249,6802.92,3,16.364,352.671,377.636,49.8254,1,2,1.0,0.0,0.1,3,0.0,0,True,1746969295.5795078,right,False
838,1746969301.454159,138.32,1.66036,0.804641,0.157151,0.0312508,6805.6,3,16.386,353.523,378.488,49.8252,1,2,1.0,0.0,0.1,3,0.0,0,True,1746969295.5795078,right,False
839,1746969301.4747257,138.378,1.6136,0.861822,0.156071,0.0303774,6782.49,3,16.408,354.375,379.34,49.8249,1,2,1.0,0.0,0.1,3,0.0,0,True,1746969295.5795078,right,False
840,1746969301.4957423,138.433,1.28936,0.906333,0.155011,0.0274467,6822.6,3,16.43,355.227,380.192,49.8247,1,2,1.0,0.0,0.1,3,0.0,0,True,1746969295.5795078,right,False
841,1746969301.516282,138.481,0.760279,0.921252,0.153979,0.022838,6765.77,3,16.452,356.08,381.045,49.8246,1,2,1.0,0.0,0.1,3,0.0,0,True,1746969295.5795078,right,False
842,1746969301.5369563,138.517,0.0881507,0.920758,0.152995,0.0169028,6815.89,3,16.474,356.932,381.897,49.8244,1,2,1.0,0.0,0.1,3,0.0,0,True,1746969295.5795078,right,False
843,1746969301.5609205,138.546,-0.676507,0.88786,0.152077,0.00995663,6776.91,3,16.496,357.786,382.75,49.8242,1,2,1.0,0.0,0.1,3,0.0,0,True,1746969295.5795078,right,False
844,1746969301.5823243,138.567,-1.49627,0.840566,0.151245,0.00227048,6831.31,3,16.518,358.639,383.604,49.8241,1,2,1.0,0.0,0.1,3,0.0,0,True,1746969295.5795078,right,False
845,1746969301.6033325,138.578,-2.34183,0.760767,0.150521,-0.00593156,6794.77,3,16.54,359.492,384.457,49.8239,1,2,1.0,0.0,0.1,3,0.0,0,True,1746969295.5795078,right,False
846,1746969301.6255212,138.579,-3.19306,0.667511,0.149923,-0.014475,6852.57,3,16.562,360.345,385.31,49.8237,1,2,1.0,0.0,0.1,3,0.0,0,True,1746969295.5795078,right,False
847,1746969301.6491444,138.563,-4.03185,0.5588,0.149469,-0.0232164,6801.96,3,16.584,361.199,386.164,49.8236,1,2,1.0,0.0,0.1,3,0.0,0,True,1746969295.5795078,right,False
848,1746969301.6722636,138.534,-4.85297,0.434646,0.149174,-0.0320833,6851.13,3,16.606,362.052,387.017,49.8235,1,2,1.0,0.0,0.1,3,0.0,0,True,1746969295.5795078,right,False
849,1746969301.6933084,138.497,-5.6529,0.297722,0.149052,-0.041028,6807.92,3,16.628,362.906,387.871,49.8233,1,2,1.0,0.0,0.1,3,0.0,0,True,1746969295.5795078,right,False
850,1746969301.713908,138.446,-6.43378,0.148592,0.149113,-0.0500347,6832.54,3,16.65,363.759,388.724,49.8232,1,2,1.0,0.0,0.1,3,0.0,0,True,1746969295.5795078,right,False
851,1746969301.7365694,138.387,-7.19112,-0.00462692,0.149371,-0.0591069,6802.12,3,16.672,364.612,389.577,49.8231,1,2,1.0,0.0,0.1,3,0.0,0,True,1746969295.5795078,right,False
852,1746969301.7593007,138.321,-7.93799,-0.159943,0.149839,-0.0682668,6808.72,3,16.694,365.465,390.43,49.823,1,2,1.0,0.0,0.1,3,0.0,0,True,1746969295.5795078,right,False
853,1746969301.780604,138.246,-8.66839,-0.318899,0.150523,-0.0775259,6792.21,3,16.716,366.318,391.283,49.8228,1,2,1.0,0.0,0.0,3,0.0,0,True,1746969295.5795078,left,False
854,1746969301.8018806,138.186,-9.48729,-0.490084,0.151408,-0.0864879,6844.07,3,16.738,367.171,392.136,49.8227,1,2,1.0,0.0,0.0,3,0.0,0,True,1746969295.5795078,left,False
855,1746969301.8238523,138.142,-10.1782,-0.65393,0.152462,-0.0944743,6792.01,3,16.76,368.024,392.989,49.8226,1,2,1.0,0.0,0.0,3,0.0,0,True,1746969295.5795078,left,False
856,1746969301.845356,138.108,-10.7159,-0.804759,0.153699,-0.101631,6843.8,3,16.782,368.877,393.842,49.8224,1,2,1.0,0.0,0.0,3,0.0,0,True,1746969295.5795078,left,False
857,1746969301.8672314,138.082,-11.1313,-0.953406,0.155129,-0.108094,6798.87,3,16.804,369.73,394.695,49.8222,1,2,1.0,0.0,0.0,3,0.0,0,True,1746969295.5795078,left,False
858,1746969301.889848,138.061,-11.4445,-1.10104,0.156763,-0.11397,6844.04,3,16.826,370.583,395.547,49.822,1,2,1.0,0.0,0.0,3,0.0,0,True,1746969295.5795078,left,False
859,1746969301.911962,138.047,-11.6678,-1.24265,0.158608,-0.119322,6795.72,3,16.848,371.435,396.4,49.8219,1,2,1.0,0.0,0.0,3,0.0,0,True,1746969295.5795078,left,False
860,1746969301.9341085,138.035,-11.8198,-1.38732,0.160665,-0.124205,6843.23,3,16.87,372.288,397.253,49.8217,1,2,1.0,0.0,0.0,3,0.0,0,True,1746969295.5795078,left,False
861,1746969301.956759,138.029,-11.8952,-1.52901,0.162941,-0.128594,6799.82,3,16.892,373.141,398.106,49.8216,1,2,1.0,0.0,0.0,3,0.0,0,True,1746969295.5795078,left,False
862,1746969301.9792845,138.027,-11.9145,-1.6738,0.165436,-0.132534,6849.87,3,16.914,373.994,398.959,49.8214,1,2,1.0,0.0,0.0,3,0.0,0,True,1746969295.5795078,left,False
863,1746969301.9996731,138.027,-11.8703,-1.82553,0.168148,-0.136013,6847.52,3,16.936,374.847,399.812,49.8212,1,2,1.0,0.0,0.0,3,0.0,0,True,1746969295.5795078,left,False
864,1746969302.0238469,138.033,-11.7598,-1.97544,0.171075,-0.139003,6790.4,3,16.958,375.699,400.664,49.8211,1,2,1.0,0.0,0.0,3,0.0,0,True,1746969295.5795078,left,False
865,1746969302.0438077,138.043,-11.5822,-2.1213,0.174221,-0.141495,6854.01,3,16.98,376.552,401.517,49.8209,1,2,1.0,0.0,0.0,3,0.0,0,True,1746969295.5795078,left,False
866,1746969302.0656,138.058,-11.3422,-2.26269,0.177578,-0.143487,6802.42,3,17.002,377.405,402.369,49.8208,1,2,1.0,0.0,0.0,3,0.0,0,True,1746969295.5795078,left,False
867,1746969302.089178,138.08,-11.0441,-2.40675,0.181142,-0.144991,6843.98,3,17.024,378.257,403.222,49.8206,1,2,1.0,0.0,0.0,3,0.0,0,True,1746969295.5795078,left,False
868,1746969302.1131618,138.107,-10.6968,-2.55641,0.184916,-0.145999,6797.18,3,17.046,379.109,404.074,49.8205,1,2,1.0,0.0,0.0,3,0.0,0,True,1746969295.5795078,left,False
869,1746969302.1313055,138.146,-10.2872,-2.691,0.188888,-0.146536,6826.71,3,17.068,379.962,404.927,49.8204,1,2,1.0,0.0,0.0,3,0.0,0,True,1746969295.5795078,left,False
870,1746969302.1543932,138.19,-9.8327,-2.83053,0.193056,-0.146623,6804.28,3,17.09,380.814,405.779,49.8202,1,2,1.0,0.0,0.0,3,0.0,0,True,1746969295.5795078,left,False
871,1746969302.1755822,138.237,-9.34025,-2.96227,0.197412,-0.146278,6842.35,3,17.112,381.667,406.632,49.8201,1,2,1.0,0.0,0.0,3,0.0,0,True,1746969295.5795078,left,False
872,1746969302.1985674,138.297,-8.80925,-3.09555,0.201949,-0.145524,6806.23,3,17.134,382.519,407.484,49.8199,1,2,1.0,0.0,0.0,3,0.0,0,True,1746969295.5795078,left,False
873,1746969302.2210894,138.362,-8.24753,-3.21639,0.206657,-0.144381,6799.96,3,17.156,383.372,408.337,49.8198,1,2,1.0,0.0,0.0,3,0.0,0,True,1746969295.5795078,left,False
874,1746969302.243869,138.433,-7.66198,-3.3352,0.21153,-0.142885,6847.66,3,17.178,384.225,409.19,49.8196,1,2,1.0,0.0,0.0,3,0.0,0,True,1746969295.5795078,left,False
875,1746969302.2651446,138.508,-7.06003,-3.44132,0.216553,-0.14106,6801.15,3,17.2,385.078,410.043,49.8194,1,2,1.0,0.0,0.0,3,0.0,0,True,1746969295.5795078,left,False
876,1746969302.2872868,138.587,-6.44808,-3.54635,0.221716,-0.138938,6844.7,3,17.222,385.932,410.897,49.8192,1,2,1.0,0.0,0.0,3,0.0,0,True,1746969295.5795078,left,False
877,1746969302.3083496,138.666,-5.83439,-3.63737,0.227006,-0.136562,6797.36,3,17.244,386.786,411.75,49.8191,1,2,1.0,0.0,0.0,3,0.0,0,True,1746969295.5795078,left,False
878,1746969302.330517,138.748,-5.22151,-3.71512,0.232406,-0.133952,6839.85,3,17.266,387.64,412.605,49.8189,1,2,1.0,0.0,0.0,3,0.0,0,True,1746969295.5795078,left,False
879,1746969302.351682,138.83,-4.62592,-3.79297,0.237903,-0.131159,6791.93,3,17.288,388.495,413.459,49.8188,1,2,1.0,0.0,0.0,3,0.0,0,True,1746969295.5795078,left,False
880,1746969302.3740907,138.91,-4.04818,-3.85627,0.243479,-0.128229,6838.8,3,17.31,389.35,414.315,49.8186,1,2,1.0,0.0,0.0,3,0.0,0,True,1746969295.5795078,left,False
881,1746969302.395981,138.991,-3.49589,-3.9158,0.249121,-0.125178,6792.3,3,17.332,390.206,415.171,49.8184,1,2,1.0,0.0,0.0,3,0.0,0,True,1746969295.5795078,left,False
882,1746969302.417253,139.071,-2.96905,-3.95297,0.254812,-0.122045,6837.61,3,17.354,391.062,416.027,49.8182,1,2,1.0,0.0,0.0,3,0.0,0,True,1746969295.5795078,left,False
883,1746969302.440711,139.15,-2.47482,-3.97724,0.260533,-0.118852,6791.22,3,17.376,391.919,416.884,49.8181,1,2,1.0,0.0,0.0,3,0.0,0,True,1746969295.5795078,left,False
884,1746969302.4614017,139.228,-2.01381,-3.9855,0.266268,-0.115631,6837.27,3,17.398,392.777,417.741,49.8179,1,2,1.0,0.0,0.0,3,0.0,0,True,1746969295.5795078,left,False
885,1746969302.4830942,139.304,-1.59015,-3.989,0.272003,-0.112399,6794.21,3,17.42,393.635,418.6,49.8177,1,2,1.0,0.0,0.0,3,0.0,0,True,1746969295.5795078,left,False
886,1746969302.50657,139.38,-1.20108,-3.97669,0.277724,-0.109169,6841.72,3,17.442,394.494,419.459,49.8176,1,2,1.0,0.0,0.0,3,0.0,0,True,1746969295.5795078,left,False
887,1746969302.529055,139.455,-0.848018,-3.94944,0.283415,-0.105955,6797.93,3,17.464,395.354,420.319,49.8174,1,2,1.0,0.0,0.0,3,0.0,0,True,1746969295.5795078,left,False
888,1746969302.550336,139.528,-0.529226,-3.91976,0.289065,-0.102763,6847.32,3,17.486,396.214,421.179,49.8172,1,2,1.0,0.0,0.0,3,0.0,0,True,1746969295.5795078,left,False
889,1746969302.5730855,139.601,-0.242952,-3.86899,0.294653,-0.0996019,6802.82,3,17.508,397.076,422.041,49.8171,1,2,1.0,0.0,0.0,3,0.0,0,True,1746969295.5795078,left,False
890,1746969302.5938234,139.673,0.01196,-3.81587,0.300187,-0.0964783,6851.81,3,17.53,397.938,422.903,49.8169,1,2,1.0,0.0,0.0,3,0.0,0,True,1746969295.5795078,left,False
891,1746969302.6165767,139.732,0.237911,-3.74839,0.30564,-0.0933932,6801.18,3,17.552,398.801,423.766,49.8168,1,2,1.0,0.0,0.0,3,0.0,0,True,1746969295.5795078,left,False
892,1746969302.6387784,139.791,0.437019,-3.67762,0.311007,-0.0903491,6840.61,3,17.574,399.664,424.629,49.8166,1,2,1.0,0.0,0.0,3,0.0,0,True,1746969295.5795078,left,False
893,1746969302.659584,139.848,0.61153,-3.60134,0.316274,-0.0873456,6795.08,3,17.596,400.529,425.494,49.8165,1,2,1.0,0.0,0.0,3,0.0,0,True,1746969295.5795078,left,False
894,1746969302.6811438,139.9,0.763439,-3.51267,0.32144,-0.0843823,6843.24,3,17.618,401.394,426.359,49.8163,1,2,1.0,0.0,0.0,3,0.0,0,True,1746969295.5795078,left,False
895,1746969302.7046,139.949,0.895551,-3.41616,0.326497,-0.0814569,6807.4,3,17.64,402.26,427.225,49.8162,1,2,1.0,0.0,0.0,3,0.0,0,True,1746969295.5795078,left,False
896,1746969302.7256165,139.996,1.01034,-3.32797,0.331437,-0.0785654,6834.29,3,17.662,403.127,428.092,49.8161,1,2,1.0,0.0,0.0,3,0.0,0,True,1746969295.5795078,left,False
897,1746969302.7476962,140.041,1.10887,-3.22501,0.336257,-0.075706,6807.21,3,17.684,403.994,428.959,49.816,1,2,1.0,0.0,0.0,3,0.0,0,True,1746969295.5795078,left,False
898,1746969302.7700176,140.079,1.19478,-3.13684,0.340957,-0.0728744,6848.37,3,17.706,404.862,429.827,49.8159,1,2,1.0,0.0,0.0,3,0.0,0,True,1746969295.5795078,left,False
899,1746969302.7915003,140.117,1.26868,-3.03278,0.34553,-0.0700685,6802.06,3,17.728,405.731,430.696,49.8158,1,2,1.0,0.0,0.0,3,0.0,0,True,1746969295.5795078,left,False
900,1746969302.8143814,140.155,1.33225,-2.93343,0.349974,-0.067283,6838,3,17.75,406.6,431.565,49.8156,1,2,1.0,0.0,0.0,3,0.0,0,True,1746969295.5795078,left,False
901,1746969302.8348846,140.192,1.38737,-2.83577,0.354281,-0.0645177,6797.87,3,17.772,407.47,432.435,49.8155,1,2,1.0,0.0,0.0,3,0.0,0,True,1746969295.5795078,left,False
902,1746969302.8576572,140.229,1.43432,-2.7362,0.358453,-0.0617687,6816.36,3,17.794,408.34,433.305,49.8154,1,2,1.0,0.0,0.0,3,0.0,0,True,1746969295.5795078,left,False
903,1746969302.8804317,140.26,1.47554,-2.63829,0.362488,-0.0590312,6799.26,3,17.816,409.211,434.176,49.8153,1,2,1.0,0.0,0.0,3,0.0,0,True,1746969295.5795078,left,False
904,1746969302.905142,140.289,1.51169,-2.54204,0.366384,-0.0563017,6843.18,3,17.838,410.082,435.047,49.8152,1,2,1.0,0.0,0.0,3,0.0,0,True,1746969295.5795078,left,False
905,1746969302.9248338,140.314,1.54283,-2.44422,0.370138,-0.0535811,6815.59,3,17.86,410.954,435.919,49.8151,1,2,1.0,0.0,0.0,3,0.0,0,True,1746969295.5795078,left,False
906,1746969302.9487324,140.339,1.57058,-2.34575,0.373749,-0.0508668,6840.56,3,17.882,411.827,436.792,49.815,1,2,1.0,0.0,0.0,4,0.0,0,False,1746969302.941967,left,False
907,1746969302.969078,140.342,1.59441,-2.24197,0.377218,-0.0481575,5280.5,4,17.904,412.699,437.664,49.815,1,2,1.0,0.0,0.0,4,0.0,0,False,1746969302.941967,left,False
908,1746969302.9890785,140.32,1.61609,-2.14998,0.38055,-0.0454522,5280.83,4,17.926,413.572,438.537,49.815,1,2,1.0,0.0,0.0,4,0.0,0,False,1746969302.941967,left,False
909,1746969303.0112746,140.296,1.63462,-2.05023,0.38373,-0.0427449,5281.17,4,17.948,414.445,439.41,49.815,1,2,1.0,0.0,0.0,4,0.0,0,False,1746969302.941967,left,False
910,1746969303.0335627,140.271,1.65208,-1.95256,0.386766,-0.0400357,5281.5,4,17.97,415.318,440.283,49.815,1,2,1.0,0.0,0.0,4,0.0,0,False,1746969302.941967,left,False
911,1746969303.0563138,140.246,1.66862,-1.85436,0.389653,-0.0373223,5281.83,4,17.992,416.191,441.156,49.815,1,2,1.0,0.0,0.0,4,0.0,0,False,1746969302.941967,left,False
912,1746969303.0784168,140.22,1.6846,-1.76298,0.392383,-0.0346026,5282.15,4,18.014,417.064,442.029,49.815,1,2,1.0,0.0,0.0,4,0.0,0,False,1746969302.941967,left,False
913,1746969303.100843,140.194,1.69932,-1.66277,0.394975,-0.031877,5282.48,4,18.036,417.937,442.902,49.815,1,2,1.0,0.0,0.0,4,0.0,0,False,1746969302.941967,left,False
914,1746969303.1230142,140.167,1.71361,-1.56148,0.397412,-0.0291439,5282.81,4,18.058,418.81,443.775,49.815,1,2,1.0,0.0,0.0,4,0.0,0,False,1746969302.941967,left,False
915,1746969303.143885,140.14,1.72678,-1.45582,0.399695,-0.0264041,5283.14,4,18.08,419.684,444.649,49.815,1,2,1.0,0.0,0.0,4,0.0,0,False,1746969302.941967,left,False
916,1746969303.1676013,140.112,1.73971,-1.3595,0.401833,-0.0236592,5283.47,4,18.102,420.557,445.522,49.815,1,2,1.0,0.0,0.0,4,0.0,0,False,1746969302.941967,left,False
917,1746969303.1889875,140.083,1.75214,-1.25628,0.403815,-0.02091,5283.8,4,18.124,421.43,446.395,49.815,1,2,1.0,0.0,0.0,4,0.0,0,False,1746969302.941967,left,False
918,1746969303.2091498,140.054,1.76375,-1.15958,0.405646,-0.0181574,5284.12,4,18.146,422.304,447.268,49.815,1,2,1.0,0.0,0.0,4,0.0,0,False,1746969302.941967,left,False
919,1746969303.2319589,140.025,1.77465,-1.05836,0.407324,-0.0154041,5284.44,4,18.168,423.177,448.142,49.815,1,2,1.0,0.0,0.0,4,0.0,0,False,1746969302.941967,left,False
920,1746969303.255894,139.995,1.78424,-0.958583,0.408844,-0.0126478,5237.7,4,18.19,424.05,449.015,49.815,1,2,1.0,0.0,0.0,4,0.0,0,False,1746969302.941967,left,False
921,1746969303.2756147,140.053,1.79469,-0.86004,0.410211,-0.00988787,5365.81,4,18.212,424.924,449.888,49.8147,1,2,1.0,0.0,0.0,4,0.0,0,False,1746969302.941967,left,False
922,1746969303.2973378,140.182,1.80286,-0.754733,0.41143,-0.00713992,5380.11,4,18.234,425.798,450.763,49.8144,1,2,1.0,0.0,0.0,4,0.0,0,False,1746969302.941967,left,False
923,1746969303.3194861,140.315,1.80736,-0.657354,0.412496,-0.00441882,5388.48,4,18.256,426.673,451.638,49.814,1,2,1.0,0.0,0.0,4,0.0,0,False,1746969302.941967,left,False
924,1746969303.3432755,140.449,1.80688,-0.557994,0.413405,-0.00173256,5395.07,4,18.278,427.549,452.514,49.8137,1,2,1.0,0.0,0.0,4,0.0,0,False,1746969302.941967,left,False
925,1746969303.363448,140.581,1.80061,-0.459533,0.414164,0.000912666,5402.57,4,18.3,428.426,453.391,49.8134,1,2,1.0,0.0,0.0,4,0.0,0,False,1746969302.941967,left,False
926,1746969303.3860567,140.714,1.78854,-0.358677,0.414768,0.00351471,5407.8,4,18.322,429.303,454.268,49.813,1,2,1.0,0.0,0.0,4,0.0,0,False,1746969302.941967,left,False
927,1746969303.4080148,140.846,1.77204,-0.258882,0.415214,0.00607303,5414.02,4,18.344,430.182,455.147,49.8127,1,2,1.0,0.0,0.0,4,0.0,0,False,1746969302.941967,left,False
928,1746969303.4308894,140.977,1.75123,-0.160358,0.415511,0.00858912,5420.46,4,18.366,431.061,456.026,49.8123,1,2,1.0,0.0,0.0,4,0.0,0,False,1746969302.941967,left,False
929,1746969303.4531622,141.109,1.72658,-0.0596333,0.415653,0.011067,5425.14,4,18.388,431.942,456.907,49.812,1,2,1.0,0.0,0.0,4,0.0,0,False,1746969302.941967,left,False
930,1746969303.472987,141.24,1.69961,0.0408714,0.415643,0.0135121,5430.73,4,18.41,432.823,457.788,49.8117,1,2,1.0,0.0,0.0,4,0.0,0,False,1746969302.941967,left,False
931,1746969303.4958477,141.37,1.67128,0.138896,0.415481,0.0159283,5436.75,4,18.432,433.705,458.67,49.8113,1,2,1.0,0.0,0.0,4,0.0,0,False,1746969302.941967,left,False
932,1746969303.5175416,141.501,1.6412,0.244231,0.415167,0.0183223,5440.29,4,18.454,434.588,459.553,49.811,1,2,1.0,0.0,0.0,4,0.0,0,False,1746969302.941967,left,False
933,1746969303.5393565,141.631,1.61165,0.347418,0.414699,0.0207022,5444.81,4,18.476,435.471,460.436,49.8107,1,2,1.0,0.0,0.0,4,0.0,0,False,1746969302.941967,left,False
934,1746969303.5614164,141.761,1.58341,0.451536,0.414085,0.0230722,5447.85,4,18.498,436.355,461.32,49.8103,1,2,1.0,0.0,0.0,4,0.0,0,False,1746969302.941967,left,False
935,1746969303.5835087,141.888,1.55829,0.547135,0.413322,0.025442,5454.22,4,18.52,437.24,462.205,49.81,1,2,1.0,0.0,0.0,4,0.0,0,False,1746969302.941967,left,False
936,1746969303.609466,142.016,1.53542,0.648208,0.41241,0.0278158,5459.16,4,18.542,438.126,463.091,49.8097,1,2,1.0,0.0,0.0,4,0.0,0,False,1746969302.941967,left,False
937,1746969303.6290627,142.144,1.51496,0.748063,0.411353,0.030197,5462.65,4,18.564,439.013,463.978,49.8093,1,2,1.0,0.0,0.0,4,0.0,0,False,1746969302.941967,left,False
938,1746969303.6493514,142.27,1.49749,0.84361,0.410144,0.032587,5468.21,4,18.586,439.9,464.865,49.809,1,2,1.0,0.0,0.0,4,0.0,0,False,1746969302.941967,left,False
939,1746969303.6714182,142.397,1.48287,0.945001,0.408787,0.0349896,5472.14,4,18.608,440.788,465.753,49.8087,1,2,1.0,0.0,0.0,4,0.0,0,False,1746969302.941967,right,False
940,1746969303.6938558,142.523,1.47141,1.04213,0.407286,0.0374041,5475.96,4,18.63,441.676,466.641,49.8083,1,2,1.0,0.0,0.0,4,0.0,0,False,1746969302.941967,right,False
941,1746969303.7158775,142.648,1.46231,1.13561,0.405634,0.039832,5480.81,4,18.652,442.566,467.53,49.808,1,2,1.0,0.0,0.0,4,0.0,0,False,1746969302.941967,right,False
942,1746969303.7376215,142.772,1.45589,1.23051,0.403841,0.0422713,5486.72,4,18.674,443.455,468.42,49.8076,1,2,1.0,0.0,0.0,4,0.0,0,False,1746969302.941967,right,False
943,1746969303.7594972,142.895,1.45118,1.32652,0.401906,0.0447211,5491.05,4,18.696,444.345,469.31,49.8073,1,2,1.0,0.0,0.0,4,0.0,0,False,1746969302.941967,right,False
944,1746969303.782503,143.018,1.44825,1.41803,0.399813,0.0471825,5496.34,4,18.718,445.237,470.202,49.807,1,2,1.0,0.0,0.0,4,0.0,0,False,1746969302.941967,right,False
945,1746969303.8037834,143.14,1.44618,1.51665,0.397585,0.0496509,5501.05,4,18.74,446.128,471.093,49.8066,1,2,1.0,0.0,0.0,4,0.0,0,False,1746969302.941967,right,False
946,1746969303.8267977,143.263,1.4451,1.61312,0.395201,0.0521277,5504.82,4,18.762,447.02,471.985,49.8063,1,2,1.0,0.0,0.0,4,0.0,0,False,1746969302.941967,right,False
947,1746969303.8497412,143.385,1.4445,1.71036,0.392668,0.0546125,5508.62,4,18.784,447.913,472.878,49.806,1,2,1.0,0.0,0.0,4,0.0,0,False,1746969302.941967,right,False
948,1746969303.8708467,143.505,1.44548,1.80211,0.390002,0.0571009,5514.45,4,18.806,448.806,473.771,49.8056,1,2,1.0,0.0,0.0,4,0.0,0,False,1746969302.941967,right,False
949,1746969303.891133,143.625,1.44622,1.8952,0.387168,0.0595955,5519.47,4,18.828,449.7,474.665,49.8053,1,2,1.0,0.0,0.0,4,0.0,0,False,1746969302.941967,right,False
950,1746969303.9142928,143.745,1.44651,1.99517,0.384194,0.0620903,5523.18,4,18.85,450.595,475.559,49.805,1,2,1.0,0.0,0.0,4,0.0,0,False,1746969302.941967,right,False
951,1746969303.9363272,143.863,1.4477,2.0843,0.381087,0.0645862,5530.28,4,18.872,451.489,476.454,49.8046,1,2,1.0,0.0,0.0,4,0.0,0,False,1746969302.941967,right,False
952,1746969303.9579148,143.982,1.4478,2.19089,0.377804,0.0670867,5532.73,4,18.894,452.385,477.349,49.8043,1,2,1.0,0.0,0.0,4,0.0,0,False,1746969302.941967,right,False
953,1746969303.9797022,144.099,1.4488,2.28385,0.374384,0.0695856,5538.5,4,18.916,453.28,478.245,49.804,1,2,1.0,0.0,0.0,4,0.0,0,False,1746969302.941967,right,False
954,1746969304.0008876,144.217,1.44877,2.37834,0.370825,0.0720811,5541.07,4,18.938,454.176,479.141,49.8036,1,2,1.0,0.0,0.0,4,0.0,0,False,1746969302.941967,right,False
955,1746969304.024351,144.334,1.44867,2.47553,0.367092,0.0745827,5546.84,4,18.96,455.073,480.038,49.8033,1,2,1.0,0.0,0.0,4,0.0,0,False,1746969302.941967,right,False
956,1746969304.045283,144.45,1.44865,2.58111,0.363224,0.0770862,5549.38,4,18.982,455.97,480.935,49.8029,1,2,1.0,0.0,0.0,4,0.0,0,False,1746969302.941967,right,False
957,1746969304.0691473,144.566,1.44961,2.66919,0.359216,0.0795921,5554.89,4,19.004,456.867,481.832,49.8026,1,2,1.0,0.0,0.1,4,0.0,0,False,1746969302.941967,right,False
958,1746969304.089191,144.665,1.63754,2.76698,0.355091,0.0816368,5565.38,4,19.026,457.767,482.732,49.8023,1,2,1.0,0.0,0.1,4,0.0,0,False,1746969302.941967,right,False
959,1746969304.1131046,144.764,1.56301,2.8525,0.350924,0.0814261,5574.24,4,19.048,458.668,483.633,49.8019,1,2,1.0,0.0,0.1,4,0.0,0,False,1746969302.941967,right,False
960,1746969304.133837,144.865,1.19703,2.92137,0.346733,0.0791439,5584.1,4,19.07,459.57,484.535,49.8016,1,2,1.0,0.0,0.1,4,0.0,0,False,1746969302.941967,right,False
961,1746969304.156765,144.965,0.615804,2.96656,0.342511,0.0751758,5597.3,4,19.092,460.472,485.437,49.8013,1,2,1.0,0.0,0.1,4,0.0,0,False,1746969302.941967,right,False
962,1746969304.1772506,145.061,-0.112881,2.99169,0.338301,0.0698706,5609.77,4,19.114,461.374,486.339,49.8009,1,2,1.0,0.0,0.1,4,0.0,0,False,1746969302.941967,right,False
963,1746969304.1999202,145.149,-0.937744,2.99912,0.334101,0.0635714,5624.62,4,19.136,462.277,487.242,49.8006,1,2,1.0,0.0,0.1,4,0.0,0,False,1746969302.941967,right,False
964,1746969304.222886,145.226,-1.81648,2.98618,0.329945,0.0565709,5643.98,4,19.158,463.18,488.145,49.8003,1,2,1.0,0.0,0.1,4,0.0,0,False,1746969302.941967,right,False
965,1746969304.2437468,145.292,-2.71447,2.94721,0.325846,0.0491098,5665.65,4,19.18,464.084,489.049,49.7999,1,2,1.0,0.0,0.1,4,0.0,0,False,1746969302.941967,right,False
966,1746969304.2656064,145.345,-3.60807,2.89829,0.321833,0.0413919,5689.4,4,19.202,464.988,489.952,49.7996,1,2,1.0,0.0,0.1,4,0.0,0,False,1746969302.941967,right,False
967,1746969304.2891104,145.388,-4.48089,2.82438,0.317922,0.0335636,5717.32,4,19.224,465.892,490.857,49.7993,1,2,1.0,0.0,0.1,4,0.0,0,False,1746969302.941967,right,False
968,1746969304.3101854,145.422,-5.32351,2.73591,0.314124,0.0257254,5744.36,4,19.246,466.796,491.761,49.7989,1,2,1.0,0.0,0.1,4,0.0,0,False,1746969302.941967,right,False
969,1746969304.3314927,145.446,-6.13265,2.63172,0.310452,0.0179362,5772.49,4,19.268,467.701,492.666,49.7986,1,2,1.0,0.0,0.1,4,0.0,0,False,1746969302.941967,right,False
970,1746969304.3555088,145.466,-6.90298,2.52168,0.306916,0.0102243,5792.64,4,19.29,468.606,493.571,49.7982,1,2,1.0,0.0,0.1,4,0.0,0,False,1746969302.941967,right,False
971,1746969304.3771122,145.48,-7.63648,2.40316,0.303531,0.00259662,5814.24,4,19.312,469.511,494.476,49.7979,1,2,1.0,0.0,0.1,4,0.0,0,False,1746969302.941967,right,False
972,1746969304.3974628,145.49,-8.33495,2.27857,0.300301,-0.00494719,5827.62,4,19.334,470.417,495.381,49.7976,1,2,1.0,0.0,0.1,4,0.0,0,False,1746969302.941967,right,False
973,1746969304.4204283,145.493,-9.0027,2.15264,0.29724,-0.0124092,5843.15,4,19.356,471.322,496.287,49.7972,1,2,1.0,0.0,0.1,4,0.0,0,False,1746969302.941967,right,False
974,1746969304.4431574,145.494,-9.63799,2.01855,0.294356,-0.019796,5851.69,4,19.378,472.228,497.193,49.7969,1,2,1.0,0.0,0.1,4,0.0,0,False,1746969302.941967,right,False
975,1746969304.4648805,145.487,-10.2499,1.88177,0.291659,-0.0270963,5866.72,4,19.4,473.134,498.099,49.7966,1,2,1.0,0.0,0.1,4,0.0,0,False,1746969302.941967,right,False
976,1746969304.48644,145.473,-10.8353,1.73546,0.289147,-0.0342876,5882.05,4,19.422,474.041,499.006,49.7962,1,2,1.0,0.0,0.0,4,0.0,0,False,1746969302.941967,left,False
977,1746969304.5081823,145.491,-11.4667,1.59681,0.286807,-0.0410485,5878.8,4,19.444,474.947,499.912,49.7959,1,2,1.0,0.0,0.0,4,0.0,0,False,1746969302.941967,left,False
978,1746969304.5314069,145.536,-11.9543,1.46262,0.284609,-0.0467257,5853.07,4,19.466,475.854,500.819,49.7956,1,2,1.0,0.0,0.0,4,0.0,0,False,1746969302.941967,left,False
979,1746969304.5536113,145.592,-12.2733,1.33398,0.28256,-0.0514119,5826.31,4,19.488,476.762,501.727,49.7952,1,2,1.0,0.0,0.0,4,0.0,0,False,1746969302.941967,left,False
980,1746969304.5739255,145.66,-12.4455,1.2149,0.280667,-0.0552211,5798.99,4,19.51,477.67,502.635,49.7949,1,2,1.0,0.0,0.0,4,0.0,0,False,1746969302.941967,left,False
981,1746969304.5968814,145.734,-12.4976,1.09199,0.27894,-0.0582761,5777.72,4,19.532,478.579,503.543,49.7946,1,2,1.0,0.0,0.0,4,0.0,0,False,1746969302.941967,left,False
982,1746969304.6185613,145.808,-12.4468,0.968109,0.277383,-0.0606315,5769.71,4,19.554,479.487,504.452,49.7942,1,2,1.0,0.0,0.0,4,0.0,0,False,1746969302.941967,left,False
983,1746969304.639334,145.888,-12.3041,0.85117,0.275987,-0.0623387,5766.87,4,19.576,480.397,505.362,49.7939,1,2,1.0,0.0,0.0,4,0.0,0,False,1746969302.941967,left,False
984,1746969304.6638973,145.977,-12.0625,0.740378,0.274758,-0.0633992,5764.78,4,19.598,481.307,506.272,49.7935,1,2,1.0,0.0,0.0,4,0.0,0,False,1746969302.941967,left,False
985,1746969304.683309,146.073,-11.7376,0.632586,0.273695,-0.0638298,5765,4,19.62,482.217,507.182,49.7932,1,2,1.0,0.0,0.0,4,0.0,0,False,1746969302.941967,left,False
986,1746969304.7061133,146.175,-11.3391,0.523584,0.272801,-0.0636408,5768.32,4,19.642,483.128,508.092,49.7929,1,2,1.0,0.0,0.0,4,0.0,0,False,1746969302.941967,left,False
987,1746969304.7296333,146.286,-10.8674,0.416399,0.27205,-0.0628442,5771.27,4,19.664,484.039,509.003,49.7925,1,2,1.0,0.0,0.0,4,0.0,0,False,1746969302.941967,left,False
988,1746969304.7508368,146.405,-10.3263,0.316987,0.271449,-0.0614637,5772.14,4,19.686,484.95,509.915,49.7922,1,2,1.0,0.0,0.0,4,0.0,0,False,1746969302.941967,left,False
989,1746969304.7726514,146.532,-9.73038,0.215984,0.270983,-0.0595231,5771.07,4,19.708,485.862,510.827,49.7919,1,2,1.0,0.0,0.0,4,0.0,0,False,1746969302.941967,left,False
990,1746969304.795485,146.667,-9.0781,0.122389,0.270646,-0.0570576,5766.21,4,19.73,486.775,511.74,49.7915,1,2,1.0,0.0,0.0,4,0.0,0,False,1746969302.941967,left,False
991,1746969304.815485,146.807,-8.38617,0.0333974,0.270423,-0.0540929,5760.24,4,19.752,487.688,512.653,49.7912,1,2,1.0,0.0,0.0,4,0.0,0,False,1746969302.941967,left,False
992,1746969304.8370862,146.953,-7.65827,-0.0462498,0.270311,-0.0506842,5751.78,4,19.774,488.602,513.567,49.7909,1,2,1.0,0.0,0.0,4,0.0,0,False,1746969302.941967,left,False
993,1746969304.8596861,147.099,-6.91298,-0.116715,0.270284,-0.0468907,5743.87,4,19.796,489.516,514.481,49.7905,1,2,1.0,0.0,0.0,4,0.0,0,False,1746969302.941967,left,False
994,1746969304.8814487,147.248,-6.15912,-0.185133,0.270327,-0.0427729,5735.91,4,19.818,490.431,515.396,49.7902,1,2,1.0,0.0,0.0,4,0.0,0,False,1746969302.941967,right,False
995,1746969304.903892,147.398,-5.40804,-0.234641,0.270426,-0.038398,5726.95,4,19.84,491.347,516.312,49.7899,1,2,1.0,0.0,0.0,4,0.0,0,False,1746969302.941967,right,False
996,1746969304.9259663,147.545,-4.67379,-0.273331,0.270563,-0.0338262,5718.46,4,19.862,492.264,517.229,49.7895,1,2,1.0,0.0,0.0,4,0.0,0,False,1746969302.941967,right,False
997,1746969304.9487965,147.691,-3.96591,-0.300709,0.270715,-0.0291152,5714.97,4,19.884,493.181,518.146,49.7892,1,2,1.0,0.0,0.0,4,0.0,0,False,1746969302.941967,right,False
998,1746969304.9702308,147.834,-3.29257,-0.310726,0.270861,-0.024317,5709.84,4,19.906,494.099,519.064,49.7888,1,2,1.0,0.0,0.0,4,0.0,0,False,1746969302.941967,right,False
999,1746969304.9942336,147.973,-2.66136,-0.309368,0.270987,-0.0194779,5710.09,4,19.928,495.018,519.983,49.7885,1,2,1.0,0.0,0.0,4,0.0,0,True,1746969302.941967,right,False
1000,1746969305.015279,148.111,-2.07649,-0.288558,0.271064,-0.0146381,5708.22,4,19.95,495.938,520.903,49.7882,1,2,1.0,0.0,0.0,4,0.0,0,True,1746969302.941967,right,False
1001,1746969305.0378797,148.247,-1.54159,-0.248786,0.27108,-0.00983077,5706.69,4,19.972,496.859,521.824,49.7878,1,2,1.0,0.0,0.0,4,0.0,0,True,1746969302.941967,right,False
1002,1746969305.060167,148.38,-1.05881,-0.203655,0.271016,-0.00508475,5709.91,4,19.994,497.78,522.745,49.7875,1,2,1.0,0.0,0.0,4,0.0,0,True,1746969302.941967,right,False
1003,1746969305.080782,148.511,-0.627657,-0.132636,0.270852,-0.000420451,5711.52,4,20.016,498.702,523.667,49.7872,1,2,1.0,0.0,0.1,4,0.0,0,True,1746969302.941967,right,False
1004,1746969305.1039171,148.618,-0.0794406,-0.0560979,0.270618,0.00330794,5722.37,4,20.038,499.625,524.59,49.7868,1,2,1.0,0.0,0.1,4,0.0,0,True,1746969302.941967,right,False
1005,1746969305.1240418,148.719,0.176567,0.0148179,0.270392,0.00478262,5734.5,4,20.06,500.549,525.514,49.7865,1,2,1.0,0.0,0.1,4,0.0,0,True,1746969302.941967,right,False
1006,1746969305.1448836,148.824,0.122242,0.0685361,0.270169,0.00426728,5744.59,4,20.082,501.473,526.438,49.7862,1,2,1.0,0.0,0.1,4,0.0,0,True,1746969302.941967,right,False
1007,1746969305.1680076,148.928,-0.174521,0.124079,0.269945,0.00204951,5755.31,4,20.104,502.398,527.363,49.7858,1,2,1.0,0.0,0.1,4,0.0,0,True,1746969302.941967,right,False
1008,1746969305.190152,149.03,-0.655461,0.166363,0.269726,-0.0015589,5766.26,4,20.126,503.323,528.288,49.7855,1,2,1.0,0.0,0.1,4,0.0,0,True,1746969302.941967,right,False
1009,1746969305.2124228,149.125,-1.26886,0.186786,0.269542,-0.00626326,5781.11,4,20.148,504.249,529.214,49.7852,1,2,1.0,0.0,0.1,4,0.0,0,True,1746969302.941967,right,False
1010,1746969305.2335155,149.215,-1.9651,0.197584,0.269391,-0.0117838,5794.33,4,20.17,505.176,530.141,49.7848,1,2,1.0,0.0,0.1,4,0.0,0,True,1746969302.941967,right,False
1011,1746969305.256695,149.296,-2.70977,0.196827,0.269297,-0.0179141,5807.65,4,20.192,506.103,531.068,49.7845,1,2,1.0,0.0,0.1,4,0.0,0,True,1746969302.941967,right,False
1012,1746969305.2776122,149.367,-3.48452,0.166385,0.269284,-0.0244748,5825.51,4,20.214,507.031,531.996,49.7841,1,2,1.0,0.0,0.1,4,0.0,0,True,1746969302.941967,right,False
1013,1746969305.2999823,149.428,-4.26612,0.129675,0.269362,-0.03132,5842.21,4,20.236,507.959,532.924,49.7838,1,2,1.0,0.0,0.0,4,0.0,0,True,1746969302.941967,left,False
1014,1746969305.3226008,149.512,-5.15621,0.0838837,0.26951,-0.0377805,5841.72,4,20.258,508.888,533.853,49.7835,1,2,1.0,0.0,0.0,4,0.0,0,True,1746969302.941967,left,False
1015,1746969305.3440654,149.605,-5.86035,0.0307947,0.269687,-0.0428289,5830.82,4,20.28,509.818,534.783,49.7831,1,2,1.0,0.0,0.0,4,0.0,0,True,1746969302.941967,left,False
1016,1746969305.3671873,149.703,-6.34918,-0.0329569,0.269898,-0.0466534,5821.29,4,20.302,510.748,535.713,49.7828,1,2,1.0,0.0,0.0,4,0.0,0,True,1746969302.941967,left,False
1017,1746969305.3889346,149.804,-6.65864,-0.0876217,0.270162,-0.0494839,5810.53,4,20.324,511.679,536.644,49.7825,1,2,1.0,0.0,0.0,4,0.0,0,True,1746969302.941967,left,False
1018,1746969305.409502,149.906,-6.82439,-0.134604,0.270484,-0.0514792,5806.65,4,20.346,512.611,537.576,49.7821,1,2,1.0,0.0,0.0,4,0.0,0,True,1746969302.941967,left,False
1019,1746969305.4315274,150.011,-6.87816,-0.197627,0.270866,-0.0527657,5806.07,4,20.368,513.544,538.508,49.7818,1,2,1.0,0.0,0.0,4,0.0,0,True,1746969302.941967,left,False
1020,1746969305.4537587,150.12,-6.83937,-0.24518,0.271307,-0.0534583,5805.51,4,20.39,514.477,539.442,49.7815,1,2,1.0,0.0,0.0,4,0.0,0,True,1746969302.941967,left,False
1021,1746969305.4751866,150.231,-6.72976,-0.28987,0.271814,-0.0536401,5808.75,4,20.412,515.411,540.376,49.7811,1,2,1.0,0.0,0.0,4,0.0,0,True,1746969302.941967,left,False
1022,1746969305.49828,150.345,-6.55743,-0.346897,0.27238,-0.053359,5811.21,4,20.434,516.345,541.31,49.7808,1,2,1.0,0.0,0.0,4,0.0,0,True,1746969302.941967,left,False
1023,1746969305.5210278,150.461,-6.33064,-0.393951,0.273005,-0.052635,5814.6,4,20.456,517.281,542.245,49.7805,1,2,1.0,0.0,0.0,4,0.0,0,True,1746969302.941967,left,False
1024,1746969305.5430248,150.579,-6.06106,-0.448158,0.273677,-0.0514969,5821.22,4,20.478,518.216,543.181,49.7801,1,2,1.0,0.0,0.0,4,0.0,0,True,1746969302.941967,left,False
1025,1746969305.5635602,150.703,-5.74369,-0.484103,0.274389,-0.0499653,5821.99,4,20.5,519.153,544.118,49.7798,1,2,1.0,0.0,0.0,4,0.0,0,True,1746969302.941967,left,False
1026,1746969305.5852373,150.827,-5.39141,-0.518315,0.275129,-0.048067,5824.52,4,20.522,520.091,545.055,49.7794,1,2,1.0,0.0,0.0,4,0.0,0,True,1746969302.941967,left,False
1027,1746969305.6093385,150.953,-5.008,-0.541845,0.275906,-0.0458205,5828.19,4,20.544,521.029,545.993,49.7791,1,2,1.0,0.0,0.0,4,0.0,0,True,1746969302.941967,left,False
1028,1746969305.6303997,151.082,-4.60445,-0.572832,0.276695,-0.0432444,5830.84,4,20.566,521.967,546.932,49.7788,1,2,1.0,0.0,0.0,4,0.0,0,True,1746969302.941967,left,False
1029,1746969305.6525064,151.211,-4.18535,-0.590522,0.277484,-0.0403793,5833.7,4,20.588,522.907,547.872,49.7784,1,2,1.0,0.0,0.0,4,0.0,0,True,1746969302.941967,left,False
1030,1746969305.6747248,151.34,-3.75527,-0.602874,0.278267,-0.0372451,5837.91,4,20.61,523.848,548.812,49.7781,1,2,1.0,0.0,0.0,4,0.0,0,True,1746969302.941967,left,False
1031,1746969305.6955626,151.471,-3.32011,-0.609051,0.279032,-0.0338761,5838.76,4,20.632,524.789,549.753,49.7778,1,2,1.0,0.0,0.0,4,0.0,0,True,1746969302.941967,left,False
1032,1746969305.718243,151.603,-2.88597,-0.596511,0.279762,-0.0303103,5839.45,4,20.654,525.731,550.695,49.7774,1,2,1.0,0.0,0.0,4,0.0,0,True,1746969302.941967,left,False
1033,1746969305.7408655,151.733,-2.46091,-0.580666,0.280442,-0.0265886,5841.53,4,20.676,526.673,551.638,49.7771,1,2,1.0,0.0,0.0,4,0.0,0,True,1746969302.941967,left,False
1034,1746969305.7615314,151.863,-2.05055,-0.552437,0.281061,-0.0227439,5843.53,4,20.698,527.617,552.582,49.7768,1,2,1.0,0.0,0.0,4,0.0,0,True,1746969302.941967,left,False
1035,1746969305.7834518,151.99,-1.65825,-0.517172,0.281598,-0.0188063,5846.45,4,20.72,528.561,553.526,49.7764,1,2,1.0,0.0,0.0,4,0.0,0,True,1746969302.941967,left,False
1036,1746969305.806017,152.119,-1.28714,-0.457507,0.282041,-0.0148046,5846.86,4,20.742,529.507,554.472,49.7761,1,2,1.0,0.0,0.0,4,0.0,0,True,1746969302.941967,left,False
1037,1746969305.828025,152.245,-0.941324,-0.395223,0.282398,-0.0107696,5851.02,4,20.764,530.453,555.418,49.7758,1,2,1.0,0.0,0.0,4,0.0,0,True,1746969302.941967,left,False
1038,1746969305.8500025,152.37,-0.62241,-0.317604,0.282629,-0.00672001,5854.17,4,20.786,531.4,556.365,49.7754,1,2,1.0,0.0,0.0,4,0.0,0,True,1746969302.941967,right,False
1039,1746969305.8715146,152.494,-0.33099,-0.233099,0.282736,-0.00267261,5855.45,4,20.808,532.347,557.312,49.7751,1,2,1.0,0.0,0.0,4,0.0,0,True,1746969302.941967,right,False
1040,1746969305.8936374,152.617,-0.0672803,-0.135688,0.282689,0.00135821,5858.6,4,20.83,533.296,558.261,49.7747,1,2,1.0,0.0,0.0,4,0.0,0,True,1746969302.941967,right,False
1041,1746969305.9168274,152.738,0.168869,-0.0311761,0.282525,0.00535768,5863.22,4,20.852,534.245,559.21,49.7744,1,2,1.0,0.0,0.0,4,0.0,0,True,1746969302.941967,right,False
1042,1746969305.9390852,152.858,0.378555,0.0739742,0.282184,0.00932121,5867.58,4,20.874,535.195,560.159,49.7741,1,2,1.0,0.0,0.0,4,0.0,0,True,1746969302.941967,right,False
1043,1746969305.9594777,152.978,0.562617,0.202285,0.281663,0.0132412,5870.09,4,20.896,536.145,561.11,49.7737,1,2,1.0,0.0,0.0,4,0.0,0,True,1746969302.941967,right,False
1044,1746969305.9819481,153.097,0.722766,0.336368,0.280957,0.0171147,5872.75,4,20.918,537.097,562.062,49.7734,1,2,1.0,0.0,0.0,4,0.0,0,True,1746969302.941967,right,False
1045,1746969306.004989,153.214,0.861033,0.478984,0.280076,0.0209409,5877.15,4,20.94,538.049,563.014,49.7731,1,2,1.0,0.0,0.0,4,0.0,0,True,1746969302.941967,right,False
1046,1746969306.0256126,153.33,0.979721,0.619545,0.279058,0.0247178,5880.59,4,20.962,539.001,563.966,49.7727,1,2,1.0,0.0,0.0,4,0.0,0,True,1746969302.941967,right,False
1047,1746969306.0474977,153.445,1.0812,0.755208,0.277846,0.028451,5885.24,4,20.984,539.954,564.919,49.7724,1,2,1.0,0.0,0.1,4,0.0,0,True,1746969302.941967,right,False
1048,1746969306.0725036,153.542,1.35409,0.896606,0.276474,0.0311962,5893.95,4,21.006,540.908,565.873,49.7721,1,2,1.0,0.0,0.1,4,0.0,0,True,1746969302.941967,right,False
1049,1746969306.0923617,153.637,1.32055,1.00878,0.275053,0.031461,5904.62,4,21.028,541.862,566.827,49.7717,1,2,1.0,0.0,0.1,4,0.0,0,True,1746969302.941967,right,False
1050,1746969306.1147275,153.734,0.964943,1.11168,0.273577,0.0295799,5914.29,4,21.05,542.817,567.782,49.7714,1,2,1.0,0.0,0.1,4,0.0,0,True,1746969302.941967,right,False
1051,1746969306.13635,153.829,0.365435,1.19047,0.272081,0.0259383,5927.07,4,21.072,543.772,568.737,49.7711,1,2,1.0,0.0,0.1,4,0.0,0,True,1746969302.941967,right,False
1052,1746969306.1591287,153.921,-0.402473,1.24513,0.27056,0.0209098,5937.52,4,21.094,544.728,569.692,49.7707,1,2,1.0,0.0,0.1,4,0.0,0,True,1746969302.941967,right,False
1053,1746969306.1797316,154.002,-1.28611,1.27189,0.269046,0.0148365,5953.22,4,21.116,545.684,570.649,49.7704,1,2,1.0,0.0,0.1,4,0.0,0,True,1746969302.941967,right,False
1054,1746969306.2018237,154.072,-2.23518,1.27852,0.267565,0.00801373,5970.09,4,21.138,546.64,571.605,49.77,1,2,1.0,0.0,0.1,4,0.0,0,True,1746969302.941967,right,False
1055,1746969306.224691,154.129,-3.21429,1.25438,0.26613,0.000706851,5990.17,4,21.16,547.597,572.562,49.7697,1,2,1.0,0.0,0.1,4,0.0,0,True,1746969302.941967,right,False
1056,1746969306.2472057,154.173,-4.1956,1.20676,0.264758,-0.00688773,6012.59,4,21.182,548.555,573.519,49.7694,1,2,1.0,0.0,0.1,4,0.0,0,True,1746969302.941967,right,False
1057,1746969306.2670145,154.203,-5.16219,1.14672,0.263483,-0.0146199,6037.17,4,21.204,549.512,574.477,49.769,1,2,1.0,0.0,0.1,4,0.0,0,True,1746969302.941967,right,False
1058,1746969306.2899277,154.22,-6.10524,1.05402,0.262302,-0.0223855,6065.23,4,21.226,550.47,575.435,49.7687,1,2,1.0,0.0,0.1,4,0.0,0,True,1746969302.941967,right,False
1059,1746969306.3125336,154.227,-7.01409,0.958978,0.261228,-0.0301186,6092.64,4,21.248,551.428,576.393,49.7684,1,2,1.0,0.0,0.1,4,0.0,0,True,1746969302.941967,right,False
1060,1746969306.334924,154.228,-7.88212,0.850483,0.260276,-0.0377774,6114.39,4,21.27,552.387,577.352,49.768,1,2,1.0,0.0,0.1,4,0.0,0,True,1746969302.941967,right,False
1061,1746969306.3557215,154.221,-8.71431,0.737166,0.259459,-0.0453523,6132.65,4,21.292,553.346,578.311,49.7677,1,2,1.0,0.0,0.0,4,0.0,0,True,1746969302.941967,left,False
1062,1746969306.3786771,154.245,-9.59706,0.623852,0.258764,-0.0524486,6128.29,4,21.314,554.305,579.27,49.7674,1,2,1.0,0.0,0.0,4,0.0,0,True,1746969302.941967,left,False
1063,1746969306.3995128,154.294,-10.3077,0.513294,0.258147,-0.0583554,6097.1,4,21.336,555.264,580.229,49.767,1,2,1.0,0.0,0.0,4,0.0,0,True,1746969302.941967,left,False
1064,1746969306.42247,154.347,-10.8218,0.412393,0.257628,-0.0632158,6070.39,4,21.358,556.225,581.19,49.7667,1,2,1.0,0.0,0.0,4,0.0,0,True,1746969302.941967,left,False
1065,1746969306.446021,154.404,-11.1774,0.306775,0.257228,-0.0672171,6051.19,4,21.38,557.185,582.15,49.7664,1,2,1.0,0.0,0.0,4,0.0,0,True,1746969302.941967,left,False
1066,1746969306.4663265,154.464,-11.4002,0.213621,0.256941,-0.0704921,6037.63,4,21.402,558.146,583.111,49.766,1,2,1.0,0.0,0.0,4,0.0,0,True,1746969302.941967,left,False
1067,1746969306.4891107,154.526,-11.5135,0.123841,0.256779,-0.0731257,6029.1,4,21.424,559.108,584.073,49.7657,1,2,1.0,0.0,0.0,4,0.0,0,True,1746969302.941967,left,False
1068,1746969306.5096247,154.593,-11.5281,0.027257,0.256741,-0.0751663,6025.94,4,21.446,560.07,585.035,49.7653,1,2,1.0,0.0,0.0,4,0.0,0,True,1746969302.941967,left,False
1069,1746969306.531459,154.662,-11.4685,-0.0678207,0.256832,-0.0766785,6030.73,4,21.468,561.032,585.997,49.765,1,2,1.0,0.0,0.0,4,0.0,0,True,1746969302.941967,left,False
1070,1746969306.554823,154.738,-11.3272,-0.159424,0.257051,-0.0776801,6032.36,4,21.49,561.995,586.96,49.7647,1,2,1.0,0.0,0.0,4,0.0,0,True,1746969302.941967,left,False
1071,1746969306.576195,154.818,-11.1117,-0.251089,0.257394,-0.0781541,6038.64,4,21.512,562.958,587.923,49.7643,1,2,1.0,0.0,0.0,4,0.0,0,True,1746969302.941967,left,False
1072,1746969306.5983844,154.907,-10.8232,-0.337191,0.257863,-0.0781017,6041.21,4,21.534,563.922,588.887,49.764,1,2,1.0,0.0,0.0,4,0.0,0,True,1746969302.941967,left,False
1073,1746969306.6208096,155.001,-10.4654,-0.421881,0.258447,-0.0775244,6047.39,4,21.556,564.886,589.851,49.7637,1,2,1.0,0.0,0.0,4,0.0,0,True,1746969302.941967,left,False
1074,1746969306.6425774,155.104,-10.044,-0.502025,0.259136,-0.0764324,6048.83,4,21.578,565.851,590.816,49.7633,1,2,1.0,0.0,0.0,4,0.0,0,True,1746969302.941967,left,False
1075,1746969306.6628265,155.21,-9.56752,-0.582169,0.259934,-0.0748372,6052.02,4,21.6,566.816,591.781,49.763,1,2,1.0,0.0,0.0,4,0.0,0,True,1746969302.941967,left,False
1076,1746969306.686961,155.324,-9.03222,-0.658704,0.260827,-0.0727514,6052.81,4,21.622,567.781,592.746,49.7627,1,2,1.0,0.0,0.0,4,0.0,0,True,1746969302.941967,left,False
1077,1746969306.7088408,155.443,-8.45157,-0.729316,0.261801,-0.0701993,6051.84,4,21.644,568.747,593.712,49.7623,1,2,1.0,0.0,0.0,4,0.0,0,True,1746969302.941967,left,False
1078,1746969306.7311482,155.568,-7.82911,-0.786578,0.262849,-0.067212,6048.28,4,21.666,569.714,594.679,49.762,1,2,1.0,0.0,0.0,4,0.0,0,True,1746969302.941967,left,False
1079,1746969306.7514188,155.695,-7.18026,-0.850398,0.263965,-0.0638342,6045.35,4,21.688,570.682,595.646,49.7617,1,2,1.0,0.0,0.0,4,0.0,0,True,1746969302.941967,left,False
1080,1746969306.7743406,155.827,-6.50738,-0.895727,0.265126,-0.0601037,6038.51,4,21.71,571.65,596.614,49.7613,1,2,1.0,0.0,0.0,4,0.0,0,True,1746969302.941967,left,False
1081,1746969306.7981844,155.958,-5.82734,-0.930082,0.266319,-0.0560827,6034.87,4,21.732,572.618,597.583,49.761,1,2,1.0,0.0,0.0,4,0.0,0,True,1746969302.941967,left,False
1082,1746969306.8171074,156.09,-5.1495,-0.955286,0.267536,-0.0518171,6030.72,4,21.754,573.588,598.552,49.7606,1,2,1.0,0.0,0.0,4,0.0,0,True,1746969302.941967,right,False
1083,1746969306.8418274,156.221,-4.4838,-0.971041,0.268748,-0.0473715,6028.11,4,21.776,574.558,599.523,49.7603,1,2,1.0,0.0,0.0,4,0.0,0,True,1746969302.941967,right,False
1084,1746969306.8629956,156.35,-3.84137,-0.977923,0.269941,-0.0427892,6027.11,4,21.798,575.529,600.494,49.76,1,2,1.0,0.0,0.0,4,0.0,0,True,1746969302.941967,right,False
1085,1746969306.8852782,156.481,-3.22447,-0.959145,0.271091,-0.03811,6021.21,4,21.82,576.501,601.465,49.7596,1,2,1.0,0.0,0.0,4,0.0,0,True,1746969302.941967,right,False
1086,1746969306.90558,156.607,-2.64315,-0.934237,0.272193,-0.0333776,6022,4,21.842,577.473,602.438,49.7593,1,2,1.0,0.0,0.0,4,0.0,0,True,1746969302.941967,right,False
1087,1746969306.9277763,156.73,-2.10149,-0.892603,0.273214,-0.0286214,6023.15,4,21.864,578.447,603.411,49.759,1,2,1.0,0.0,0.0,4,0.0,0,True,1746969302.941967,right,False
1088,1746969306.9491935,156.854,-1.6007,-0.834511,0.274148,-0.0238702,6022.95,4,21.886,579.421,604.386,49.7586,1,2,1.0,0.0,0.0,4,0.0,0,True,1746969302.941967,right,False
1089,1746969306.9739108,156.974,-1.14432,-0.765887,0.274975,-0.0191522,6024.83,4,21.908,580.396,605.361,49.7583,1,2,1.0,0.0,0.0,4,0.0,0,True,1746969302.941967,right,False
1090,1746969306.9947503,157.093,-0.732589,-0.679672,0.275684,-0.014484,6026.49,4,21.93,581.372,606.336,49.758,1,2,1.0,0.0,0.0,4,0.0,0,True,1746969302.941967,right,False
1091,1746969307.0155687,157.209,-0.365033,-0.583251,0.276256,-0.00988424,6029.89,4,21.952,582.348,607.313,49.7576,1,2,1.0,0.0,0.0,4,0.0,0,True,1746969302.941967,right,False
1092,1746969307.0389433,157.324,-0.0399823,-0.469949,0.276667,-0.00536036,6033.04,4,21.974,583.325,608.29,49.7573,1,2,1.0,0.0,0.0,4,0.0,0,True,1746969302.941967,right,False
1093,1746969307.0601265,157.439,0.244281,-0.349337,0.276921,-0.000920057,6034.16,4,21.996,584.303,609.268,49.757,1,2,1.0,0.0,0.1,4,0.0,0,True,1746969302.941967,right,False
1094,1746969307.0835514,157.531,0.664672,-0.223856,0.277044,0.002527,6045,4,22.018,585.282,610.247,49.7566,1,2,1.0,0.0,0.1,4,0.0,0,True,1746969302.941967,right,False
1095,1746969307.1047924,157.621,0.766611,-0.108935,0.277128,0.00354719,6054.54,4,22.04,586.262,611.226,49.7563,1,2,1.0,0.0,0.1,4,0.0,0,True,1746969302.941967,right,False
1096,1746969307.1254702,157.712,0.529844,-0.0117345,0.277177,0.00244355,6063.77,4,22.062,587.241,612.206,49.7559,1,2,1.0,0.0,0.1,4,0.0,0,True,1746969302.941967,right,False
1097,1746969307.1477354,157.803,0.0331373,0.0674895,0.277194,-0.000438929,6074.32,4,22.084,588.222,613.187,49.7556,1,2,1.0,0.0,0.1,4,0.0,0,True,1746969302.941967,right,False
1098,1746969307.171388,157.889,-0.652373,0.13234,0.277196,-0.00475287,6083.74,4,22.106,589.203,614.168,49.7553,1,2,1.0,0.0,0.1,4,0.0,0,True,1746969302.941967,right,False
1099,1746969307.19102,157.967,-1.47101,0.176066,0.277199,-0.0101833,6096.91,4,22.128,590.184,615.149,49.7549,1,2,1.0,0.0,0.1,4,0.0,0,True,1746969302.941967,right,False
1100,1746969307.2148101,158.036,-2.37272,0.196128,0.277222,-0.0164354,6109.66,4,22.15,591.166,616.131,49.7546,1,2,1.0,0.0,0.1,4,0.0,0,True,1746969302.941967,right,False
1101,1746969307.2366803,158.091,-3.3202,0.197502,0.277288,-0.023263,6126.76,4,22.172,592.149,617.114,49.7543,1,2,1.0,0.0,0.1,4,0.0,0,True,1746969302.941967,right,False
1102,1746969307.2582393,158.133,-4.28786,0.174317,0.277414,-0.0304716,6146.33,4,22.194,593.132,618.097,49.7539,1,2,1.0,0.0,0.1,4,0.0,0,True,1746969302.941967,right,False
1103,1746969307.2800786,158.163,-5.2496,0.133894,0.277624,-0.0378822,6166.63,4,22.216,594.115,619.08,49.7536,1,2,1.0,0.0,0.1,4,0.0,0,True,1746969302.941967,right,False
1104,1746969307.3044648,158.179,-6.19621,0.0724377,0.277927,-0.0453916,6190.9,4,22.238,595.099,620.064,49.7533,1,2,1.0,0.0,0.1,4,0.0,0,True,1746969302.941967,right,False
1105,1746969307.3253806,158.185,-7.12564,-0.00771426,0.278334,-0.0529438,6213.9,4,22.26,596.083,621.047,49.7529,1,2,1.0,0.0,0.1,4,0.0,0,True,1746969302.941967,right,False
1106,1746969307.3469024,158.181,-8.02647,-0.100672,0.278848,-0.0604936,6236.97,4,22.282,597.067,622.032,49.7526,1,2,1.0,0.0,0.1,4,0.0,0,True,1746969302.941967,right,False
1107,1746969307.3681781,158.171,-8.89884,-0.204014,0.279485,-0.0680121,6253.57,4,22.304,598.052,623.016,49.7523,1,2,1.0,0.0,0.1,4,0.0,0,True,1746969302.941967,right,False
1108,1746969307.3892186,158.153,-9.73893,-0.31009,0.280271,-0.0754923,6269.58,4,22.326,599.036,624.001,49.7519,1,2,1.0,0.0,0.1,4,0.0,0,True,1746969302.941967,right,False
1109,1746969307.411842,158.125,-10.5558,-0.432659,0.281194,-0.0829085,6289.03,4,22.348,600.021,624.986,49.7516,1,2,1.0,0.0,0.1,4,0.0,0,True,1746969302.941967,right,False
1110,1746969307.4352138,158.091,-11.35,-0.557463,0.282268,-0.0902835,6301.7,4,22.37,601.006,625.971,49.7512,1,2,1.0,0.0,0.1,4,0.0,0,True,1746969302.941967,right,False
1111,1746969307.4571254,158.051,-12.1134,-0.682849,0.283499,-0.0975959,6314.75,4,22.392,601.991,626.956,49.7509,1,2,1.0,0.0,0.1,4,0.0,0,True,1746969302.941967,right,False
1112,1746969307.4782407,158.005,-12.8481,-0.812553,0.284901,-0.104826,6326.21,4,22.414,602.977,627.942,49.7506,1,2,1.0,0.0,0.1,4,0.0,0,True,1746969302.941967,right,False
1113,1746969307.5011175,157.952,-13.5482,-0.941488,0.286465,-0.111945,6340.95,4,22.436,603.962,628.927,49.7502,1,2,1.0,0.0,0.1,4,0.0,0,True,1746969302.941967,right,False
1114,1746969307.5222113,157.895,-14.2198,-1.07263,0.288213,-0.118935,6354.63,4,22.458,604.948,629.912,49.7499,1,2,1.0,0.0,0.1,4,0.0,0,True,1746969302.941967,right,False
1115,1746969307.5462584,157.83,-14.8585,-1.20868,0.290136,-0.125784,6373.85,4,22.48,605.933,630.898,49.7496,1,2,1.0,0.0,0.1,4,0.0,0,True,1746969302.941967,right,False
1116,1746969307.5672536,157.761,-15.4576,-1.33876,0.292256,-0.13247,6393.07,4,22.502,606.918,631.883,49.7492,1,2,1.0,0.0,0.1,4,0.0,0,True,1746969302.941967,right,False
1117,1746969307.5882607,157.722,-16.0769,-1.46906,0.294539,-0.138745,6398.45,4,22.524,607.904,632.869,49.7489,1,2,1.0,0.0,0.0,4,0.0,0,True,1746969302.941967,left,False
1118,1746969307.6114354,157.707,-16.5725,-1.60519,0.296975,-0.144128,6393.78,4,22.546,608.89,633.855,49.7486,1,2,1.0,0.0,0.0,4,0.0,0,True,1746969302.941967,left,False
1119,1746969307.6317744,157.709,-16.9112,-1.7295,0.299561,-0.148657,6376.96,4,22.568,609.876,634.841,49.7482,1,2,1.0,0.0,0.0,4,0.0,0,True,1746969302.941967,left,False
1120,1746969307.6550882,157.725,-17.1139,-1.8518,0.30232,-0.152361,6361.15,4,22.59,610.862,635.827,49.7479,1,2,1.0,0.0,0.0,4,0.0,0,True,1746969302.941967,left,False
1121,1746969307.6749704,157.754,-17.1847,-1.97525,0.305237,-0.155292,6345.15,4,22.612,611.849,636.814,49.7476,1,2,1.0,0.0,0.0,4,0.0,0,True,1746969302.941967,left,False
1122,1746969307.698808,157.792,-17.1395,-2.09657,0.308325,-0.157518,6334.95,4,22.634,612.836,637.801,49.7472,1,2,1.0,0.0,0.0,4,0.0,0,True,1746969302.941967,left,False
1123,1746969307.7198472,157.842,-16.987,-2.21994,0.311591,-0.15905,6323.74,4,22.656,613.823,638.788,49.7469,1,2,1.0,0.0,0.0,4,0.0,0,True,1746969302.941967,left,False
1124,1746969307.7433128,157.904,-16.7144,-2.33274,0.31501,-0.159867,6315.9,4,22.678,614.81,639.775,49.7465,1,2,1.0,0.0,0.0,4,0.0,0,True,1746969302.941967,left,False
1125,1746969307.7637742,157.973,-16.3565,-2.44204,0.318596,-0.160068,6316.28,4,22.7,615.798,640.763,49.7462,1,2,1.0,0.0,0.0,4,0.0,0,True,1746969302.941967,left,False
1126,1746969307.7872822,158.052,-15.9107,-2.55735,0.322357,-0.159608,6317.81,4,22.722,616.786,641.751,49.7459,1,2,1.0,0.0,0.0,4,0.0,0,True,1746969302.941967,left,False
1127,1746969307.8075702,158.15,-15.365,-2.66411,0.326268,-0.15854,6309.56,4,22.744,617.775,642.739,49.7455,1,2,1.0,0.0,0.0,4,0.0,0,True,1746969302.941967,left,False
1128,1746969307.8301885,158.258,-14.7301,-2.7642,0.330343,-0.156815,6302.02,4,22.766,618.763,643.728,49.7452,1,2,1.0,0.0,0.0,4,0.0,0,True,1746969302.941967,left,False
1129,1746969307.852256,158.374,-14.0076,-2.8591,0.33456,-0.154423,6297.59,4,22.788,619.753,644.717,49.7449,1,2,1.0,0.0,0.0,4,0.0,0,True,1746969302.941967,left,False
1130,1746969307.8753054,158.501,-13.2105,-2.95721,0.338924,-0.151426,6292.68,4,22.81,620.742,645.707,49.7445,1,2,1.0,0.0,0.0,4,0.0,0,True,1746969302.941967,left,False
1131,1746969307.896769,158.638,-12.3588,-3.06052,0.34342,-0.14787,6281.07,4,22.832,621.732,646.697,49.7442,1,2,1.0,0.0,0.0,4,0.0,0,True,1746969302.941967,left,False
1132,1746969307.917644,158.783,-11.4495,-3.1446,0.348039,-0.143836,6265,4,22.854,622.723,647.688,49.7439,1,2,1.0,0.0,0.0,4,0.0,0,True,1746969302.941967,left,False
1133,1746969307.9402187,158.932,-10.5023,-3.21732,0.352757,-0.139357,6251.48,4,22.876,623.714,648.679,49.7435,1,2,1.0,0.0,0.0,4,0.0,0,True,1746969302.941967,left,False
1134,1746969307.96147,159.086,-9.52765,-3.29044,0.357571,-0.134492,6235.33,4,22.898,624.707,649.671,49.7432,1,2,1.0,0.0,0.0,4,0.0,0,True,1746969302.941967,left,False
1135,1746969307.9853055,159.241,-8.54358,-3.35458,0.362475,-0.129279,6217.29,4,22.92,625.7,650.664,49.7429,1,2,1.0,0.0,0.0,4,0.0,0,True,1746969302.941967,left,False
1136,1746969308.005486,159.396,-7.55643,-3.4085,0.367442,-0.123792,6202.24,4,22.942,626.693,651.658,49.7425,1,2,1.0,0.0,0.0,4,0.0,0,True,1746969302.941967,left,False
1137,1746969308.029216,159.549,-6.58359,-3.45504,0.372441,-0.118085,6189.65,4,22.964,627.688,652.653,49.7422,1,2,1.0,0.0,0.0,4,0.0,0,True,1746969302.941967,left,False
1138,1746969308.050035,159.7,-5.63871,-3.4901,0.37746,-0.112223,6178.29,4,22.986,628.684,653.649,49.7418,1,2,1.0,0.0,0.0,4,0.0,0,True,1746969302.941967,left,False
1139,1746969308.0713174,159.846,-4.73478,-3.50471,0.382483,-0.106286,6169.79,4,23.008,629.681,654.645,49.7415,1,2,1.0,0.0,0.0,4,0.0,0,True,1746969302.941967,left,False
1140,1746969308.0932071,159.99,-3.88186,-3.5046,0.387483,-0.100329,6161.16,4,23.03,630.678,655.643,49.7412,1,2,1.0,0.0,0.0,4,0.0,0,True,1746969302.941967,left,False
1141,1746969308.1155324,160.128,-3.09151,-3.49092,0.392435,-0.0944084,6157.88,4,23.052,631.677,656.642,49.7408,1,2,1.0,0.0,0.0,4,0.0,0,True,1746969302.941967,left,False
1142,1746969308.1388605,160.261,-2.36757,-3.46303,0.397312,-0.0885639,6156.59,4,23.074,632.677,657.642,49.7405,1,2,1.0,0.0,0.0,4,0.0,0,True,1746969302.941967,left,False
1143,1746969308.1614707,160.392,-1.71151,-3.41097,0.40209,-0.0828228,6155.82,4,23.096,633.679,658.644,49.7402,1,2,1.0,0.0,0.0,4,0.0,0,True,1746969302.941967,left,False
1144,1746969308.181258,160.519,-1.12526,-3.34386,0.406761,-0.0772117,6156.29,4,23.118,634.681,659.646,49.7398,1,2,1.0,0.0,0.0,4,0.0,0,True,1746969302.941967,left,False
1145,1746969308.2043295,160.644,-0.608018,-3.25274,0.411294,-0.0717468,6158.41,4,23.14,635.685,660.65,49.7395,1,2,1.0,0.0,0.0,4,0.0,0,True,1746969302.941967,left,False
1146,1746969308.2266173,160.767,-0.157148,-3.14874,0.415666,-0.0664384,6158.52,4,23.162,636.69,661.655,49.7392,1,2,1.0,0.0,0.0,4,0.0,0,True,1746969302.941967,left,False
1147,1746969308.2492156,160.886,0.230546,-3.02862,0.419868,-0.0612915,6161.35,4,23.184,637.696,662.661,49.7388,1,2,1.0,0.0,0.0,4,0.0,0,True,1746969302.941967,left,False
1148,1746969308.2689621,161.004,0.559699,-2.89789,0.423904,-0.0563074,6166.29,4,23.206,638.703,663.668,49.7385,1,2,1.0,0.0,0.0,4,0.0,0,True,1746969302.941967,left,False
1149,1746969308.2936325,161.122,0.834555,-2.73878,0.427713,-0.0514836,6166.46,4,23.228,639.712,664.676,49.7382,1,2,1.0,0.0,0.0,4,0.0,0,True,1746969302.941967,left,False
1150,1746969308.315109,161.236,1.06106,-2.58536,0.431354,-0.0468153,6171.17,4,23.25,640.721,665.686,49.7378,1,2,1.0,0.0,0.0,4,0.0,0,True,1746969302.941967,left,False
1151,1746969308.3358414,161.35,1.2437,-2.41368,0.434745,-0.0422932,6175.18,4,23.272,641.732,666.697,49.7375,1,2,1.0,0.0,0.0,4,0.0,0,True,1746969302.941967,left,False
1152,1746969308.3582642,161.464,1.38732,-2.22351,0.437889,-0.0379076,6176.57,4,23.294,642.744,667.708,49.7371,1,2,1.0,0.0,0.0,4,0.0,0,True,1746969302.941967,left,False
1153,1746969308.379853,161.576,1.49921,-2.04727,0.440867,-0.033645,6181.24,4,23.316,643.756,668.721,49.7368,1,2,1.0,0.0,0.0,4,0.0,0,True,1746969302.941967,left,False
1154,1746969308.404477,161.686,1.58392,-1.86806,0.443595,-0.0294905,6185.66,4,23.338,644.77,669.735,49.7365,1,2,1.0,0.0,0.0,4,0.0,0,True,1746969302.941967,left,False
1155,1746969308.4249332,161.796,1.64574,-1.68498,0.44607,-0.0254313,6189.64,4,23.36,645.785,670.75,49.7361,1,2,1.0,0.0,0.0,4,0.0,0,True,1746969302.941967,left,False
1156,1746969308.4472542,161.906,1.6879,-1.49375,0.448291,-0.021452,6192.09,4,23.382,646.801,671.766,49.7358,1,2,1.0,0.0,0.0,4,0.0,0,True,1746969302.941967,left,False
1157,1746969308.4695508,162.014,1.7159,-1.30493,0.450258,-0.0175391,6196.48,4,23.404,647.818,672.783,49.7355,1,2,1.0,0.0,0.0,4,0.0,0,True,1746969302.941967,left,False
1158,1746969308.4931834,162.121,1.73255,-1.11563,0.451971,-0.0136794,6200.64,4,23.426,648.836,673.8,49.7351,1,2,1.0,0.0,0.0,4,0.0,0,True,1746969302.941967,left,False
1159,1746969308.5146043,162.229,1.73972,-0.925903,0.453427,-0.00986421,6203.19,4,23.448,649.854,674.819,49.7348,1,2,1.0,0.0,0.0,4,0.0,0,True,1746969302.941967,left,False
1160,1746969308.5362036,162.335,1.74095,-0.737417,0.454626,-0.00608444,6206.3,4,23.47,650.874,675.839,49.7345,1,2,1.0,0.0,0.0,4,0.0,0,True,1746969302.941967,left,False
1161,1746969308.5564823,162.438,1.73832,-0.556002,0.455615,-0.00233293,6211.65,4,23.492,651.894,676.859,49.7341,1,2,1.0,0.0,0.0,4,0.0,0,True,1746969302.941967,left,False
1162,1746969308.577597,162.542,1.73243,-0.382893,0.456385,0.00139523,6216.02,4,23.514,652.915,677.88,49.7338,1,2,1.0,0.0,0.0,4,0.0,0,True,1746969302.941967,left,False
1163,1746969308.599374,162.644,1.72472,-0.217934,0.456898,0.00510466,6220.35,4,23.536,653.936,678.901,49.7335,1,2,1.0,0.0,0.0,4,0.0,0,True,1746969302.941967,left,False
1164,1746969308.6226,162.746,1.71527,-0.0481098,0.457151,0.00880396,6224.55,4,23.558,654.959,679.924,49.7331,1,2,1.0,0.0,0.0,4,0.0,0,True,1746969302.941967,left,False
1165,1746969308.64347,162.847,1.70501,0.12166,0.457144,0.0124938,6227.36,4,23.58,655.982,680.947,49.7328,1,2,1.0,0.0,0.0,4,0.0,0,True,1746969302.941967,left,False
1166,1746969308.667588,162.947,1.69403,0.279802,0.456877,0.0161735,6231.87,4,23.602,657.005,681.97,49.7324,1,2,1.0,0.0,0.0,4,0.0,0,True,1746969302.941967,left,False
1167,1746969308.688658,163.047,1.6823,0.447429,0.456348,0.0198476,6234.68,4,23.624,658.03,682.995,49.7321,1,2,1.0,0.0,0.0,4,0.0,0,True,1746969302.941967,left,False
1168,1746969308.7107894,163.144,1.67091,0.614759,0.455559,0.0235162,6239.42,4,23.646,659.055,684.019,49.7318,1,2,1.0,0.0,0.0,4,0.0,0,True,1746969302.941967,left,False
1169,1746969308.7338603,163.242,1.65978,0.771348,0.454546,0.0271804,6243.05,4,23.668,660.08,685.045,49.7314,1,2,1.0,0.0,0.0,4,0.0,0,True,1746969302.941967,left,False
1170,1746969308.755934,163.337,1.65007,0.924587,0.453319,0.0308421,6247.6,4,23.69,661.105,686.07,49.7311,1,2,1.0,0.0,0.0,4,0.0,0,True,1746969302.941967,left,False
1171,1746969308.7774644,163.433,1.64062,1.07638,0.451829,0.0345047,6250.73,4,23.712,662.131,687.096,49.7308,1,2,1.0,0.0,0.0,4,0.0,0,True,1746969302.941967,left,False
1172,1746969308.7982538,163.528,1.63123,1.23982,0.450075,0.0381685,6254.02,4,23.734,663.158,688.123,49.7304,1,2,1.0,0.0,0.0,4,0.0,0,True,1746969302.941967,left,False
1173,1746969308.8194509,163.622,1.62203,1.39911,0.448058,0.0418319,6257.04,4,23.756,664.185,689.15,49.7301,1,2,1.0,0.0,0.0,4,0.0,0,True,1746969302.941967,left,False
1174,1746969308.843327,163.715,1.61329,1.56458,0.445776,0.0454943,6260.13,4,23.778,665.212,690.177,49.7298,1,2,1.0,0.0,0.0,4,0.0,0,True,1746969302.941967,left,False
1175,1746969308.8651843,163.806,1.60489,1.72483,0.443269,0.0491554,6265.12,4,23.8,666.24,691.205,49.7294,1,2,1.0,0.0,0.0,4,0.0,0,True,1746969302.941967,left,False
1176,1746969308.8859184,163.896,1.59767,1.87998,0.440545,0.0528157,6268.7,4,23.822,667.268,692.232,49.7291,1,2,1.0,0.0,0.0,4,0.0,0,True,1746969302.941967,left,False
1177,1746969308.9091158,163.987,1.58987,2.04417,0.437554,0.0564743,6270.26,4,23.844,668.296,693.26,49.7288,1,2,1.0,0.0,0.0,4,0.0,0,True,1746969302.941967,left,False
1178,1746969308.930666,164.076,1.58318,2.20327,0.434299,0.0601333,6274.77,4,23.866,669.324,694.289,49.7284,1,2,1.0,0.0,0.0,4,0.0,0,True,1746969302.941967,left,False
1179,1746969308.9525235,164.164,1.57665,2.36829,0.430776,0.063795,6277.9,4,23.888,670.352,695.317,49.7281,1,2,1.0,0.0,0.0,4,0.0,0,True,1746969302.941967,left,False
1180,1746969308.9772556,164.253,1.57,2.53827,0.427011,0.0674572,6279.89,4,23.91,671.381,696.346,49.7277,1,2,1.0,0.0,0.0,4,0.0,0,True,1746969302.941967,left,False
1181,1746969308.9962518,164.339,1.56518,2.70125,0.423043,0.0711223,6282.51,4,23.932,672.409,697.374,49.7274,1,2,1.0,0.0,0.0,4,0.0,0,True,1746969302.941967,left,False
1182,1746969309.0194578,164.424,1.56119,2.86712,0.418806,0.074792,6286.58,4,23.954,673.438,698.403,49.7271,1,2,1.0,0.0,0.0,4,0.0,0,True,1746969302.941967,left,False
1183,1746969309.0406287,164.509,1.55749,3.03782,0.414303,0.0784659,6288.97,4,23.976,674.466,699.431,49.7267,1,2,1.0,0.0,0.0,4,0.0,0,True,1746969302.941967,left,False
1184,1746969309.0631816,164.594,1.55475,3.20369,0.409531,0.0821426,6291.07,4,23.998,675.495,700.46,49.7264,1,2,1.0,0.0,0.0,4,0.0,0,True,1746969302.941967,left,False
1185,1746969309.0852072,164.676,1.55327,3.36797,0.404531,0.0858234,6295.74,4,24.02,676.523,701.488,49.7261,1,2,1.0,0.0,0.0,4,0.0,0,True,1746969302.941967,left,False
1186,1746969309.1063104,164.758,1.55358,3.52469,0.399311,0.0895082,6299.08,4,24.042,677.552,702.517,49.7257,1,2,1.0,0.0,0.0,4,0.0,0,True,1746969302.941967,right,False
1187,1746969309.127263,164.84,1.55358,3.69104,0.393821,0.0931954,6301.38,4,24.064,678.58,703.545,49.7254,1,2,1.0,0.0,0.0,4,0.0,0,True,1746969302.941967,right,False
1188,1746969309.1504147,164.92,1.55393,3.8553,0.388064,0.0968832,6304.59,4,24.086,679.608,704.573,49.7251,1,2,1.0,0.0,0.0,4,0.0,0,True,1746969302.941967,right,False
1189,1746969309.17559,165,1.55382,4.0228,0.382036,0.100573,6306.47,4,24.108,680.636,705.601,49.7247,1,2,1.0,0.0,0.0,4,0.0,0,True,1746969302.941967,right,False
1190,1746969309.1944115,165.078,1.55444,4.17854,0.375812,0.104261,6310.83,4,24.13,681.664,706.629,49.7244,1,2,1.0,0.0,0.0,4,0.0,0,True,1746969302.941967,right,False
1191,1746969309.2171185,165.155,1.55536,4.34123,0.369334,0.107948,6314.48,4,24.152,682.691,707.656,49.7241,1,2,1.0,0.0,0.0,4,0.0,0,True,1746969302.941967,right,False
1192,1746969309.2402349,165.233,1.55595,4.50103,0.362586,0.111634,6317.61,4,24.174,683.718,708.683,49.7237,1,2,1.0,0.0,0.0,4,0.0,0,True,1746969302.941967,right,False
1193,1746969309.2597284,165.31,1.5553,4.67701,0.355568,0.115321,6318.4,4,24.196,684.745,709.71,49.7234,1,2,1.0,0.0,0.0,4,0.0,0,True,1746969302.941967,right,False
1194,1746969309.281291,165.384,1.55574,4.83332,0.348313,0.119004,6323.96,4,24.218,685.771,710.736,49.723,1,2,1.0,0.0,0.0,4,0.0,0,True,1746969302.941967,right,False
1195,1746969309.3054295,165.458,1.55508,5.00019,0.340844,0.12268,6326.25,4,24.24,686.797,711.762,49.7227,1,2,1.0,0.0,0.0,4,0.0,0,True,1746969302.941967,right,False
1196,1746969309.3268492,165.532,1.554,5.16201,0.333105,0.126351,6328.84,4,24.262,687.823,712.787,49.7224,1,2,1.0,0.0,0.0,4,0.0,0,True,1746969302.941967,right,False
1197,1746969309.3492477,165.604,1.55235,5.32519,0.325096,0.130017,6332.16,4,24.284,688.848,713.812,49.722,1,2,1.0,0.0,0.0,5,0.0,0,False,1746969309.3432937,right,False
1198,1746969309.3716245,165.616,1.54872,5.49227,0.316831,0.133674,5072.36,5,24.306,689.872,714.837,49.722,1,2,1.0,0.0,0.0,5,0.0,0,False,1746969309.3432937,right,False
1199,1746969309.3912518,165.554,1.54666,5.64604,0.308364,0.13733,5073.23,5,24.328,690.895,715.86,49.722,1,2,1.0,0.0,0.0,5,0.0,0,False,1746969309.3432937,right,False
1200,1746969309.413263,165.483,1.54503,5.81785,0.299622,0.140996,5074.1,5,24.35,691.917,716.881,49.722,1,2,1.0,0.0,0.0,5,0.0,0,False,1746969309.3432937,right,False
1201,1746969309.4366078,165.409,1.5483,5.97766,0.290652,0.144679,5074.97,5,24.372,692.937,717.902,49.722,1,2,1.0,0.0,0.0,5,0.0,0,False,1746969309.3432937,right,False
1202,1746969309.457627,165.335,1.55528,6.1399,0.281448,0.148385,5075.84,5,24.394,693.955,718.92,49.722,1,2,1.0,0.0,0.0,5,0.0,0,False,1746969309.3432937,right,False
1203,1746969309.480831,165.26,1.56502,6.30971,0.271971,0.152111,5076.7,5,24.416,694.972,719.937,49.722,1,2,1.0,0.0,0.0,5,0.0,0,False,1746969309.3432937,right,False
1204,1746969309.5040314,165.184,1.57861,6.46861,0.262301,0.155856,5077.56,5,24.438,695.988,720.953,49.722,1,2,1.0,0.0,0.0,5,0.0,0,False,1746969309.3432937,right,False
1205,1746969309.5251477,165.108,1.59564,6.63029,0.252367,0.159622,5078.42,5,24.46,697.002,721.967,49.722,1,2,1.0,0.0,0.0,5,0.0,0,False,1746969309.3432937,right,False
1206,1746969309.5480373,165.031,1.61515,6.7879,0.242185,0.163409,5079.28,5,24.482,698.014,722.979,49.722,1,2,1.0,0.0,0.0,5,0.0,0,False,1746969309.3432937,right,False
1207,1746969309.5687928,164.953,1.63699,6.94438,0.231798,0.167214,5080.14,5,24.504,699.025,723.989,49.722,1,2,1.0,0.0,0.0,5,0.0,0,False,1746969309.3432937,right,False
1208,1746969309.5908983,164.874,1.66029,7.10798,0.221142,0.171034,5080.99,5,24.526,700.033,724.998,49.722,1,2,1.0,0.0,0.0,5,0.0,0,False,1746969309.3432937,right,False
1209,1746969309.611963,164.794,1.68484,7.25791,0.210247,0.174869,5081.84,5,24.548,701.04,726.005,49.722,1,2,1.0,0.0,0.0,5,0.0,0,False,1746969309.3432937,right,False
1210,1746969309.6349432,164.714,1.71019,7.41327,0.199141,0.178711,5082.69,5,24.57,702.046,727.011,49.722,1,2,1.0,0.0,0.0,5,0.0,0,False,1746969309.3432937,right,False
1211,1746969309.6565278,164.633,1.73398,7.57835,0.187768,0.182557,4938.83,5,24.592,703.049,728.014,49.722,1,2,1.0,0.0,0.0,5,0.0,0,False,1746969309.3432937,right,False
1212,1746969309.67952,164.621,1.75828,7.73448,0.176136,0.186407,5024.76,5,24.614,704.051,729.016,49.7217,1,2,1.0,0.0,0.0,5,0.0,0,False,1746969309.3432937,right,False
1213,1746969309.6999035,164.665,1.78258,7.87752,0.164323,0.190253,5036.88,5,24.636,705.052,730.016,49.7214,1,2,1.0,0.0,0.0,5,0.0,0,False,1746969309.3432937,right,False
1214,1746969309.7246046,164.702,1.99195,8.02346,0.152288,0.19307,5042.45,5,24.658,706.051,731.016,49.7211,1,2,1.0,0.0,0.1,5,0.0,0,False,1746969309.3432937,right,False
1215,1746969309.7440822,164.737,1.85295,8.15475,0.140162,0.193249,5048.98,5,24.68,707.05,732.015,49.7208,1,2,1.0,0.0,0.1,5,0.0,0,False,1746969309.3432937,right,False
1216,1746969309.7680929,164.776,1.3494,8.26302,0.127954,0.191149,5056.21,5,24.702,708.048,733.013,49.7205,1,2,1.0,0.0,0.1,5,0.0,0,False,1746969309.3432937,right,False
1217,1746969309.7904902,164.813,0.574359,8.3441,0.115673,0.187185,5064.09,5,24.724,709.046,734.01,49.7202,1,2,1.0,0.0,0.1,5,0.0,0,False,1746969309.3432937,right,False
1218,1746969309.8109853,164.844,-0.391665,8.39823,0.10335,0.181762,5073.74,5,24.746,710.042,735.007,49.72,1,2,1.0,0.0,0.1,5,0.0,0,False,1746969309.3432937,right,False
1219,1746969309.8329413,164.863,-1.47851,8.43138,0.0909932,0.175262,5084.84,5,24.768,711.039,736.003,49.7197,1,2,1.0,0.0,0.1,5,0.0,0,False,1746969309.3432937,right,False
1220,1746969309.8553863,164.868,-2.62727,8.44403,0.0786458,0.168039,5098.06,5,24.79,712.034,736.999,49.7194,1,2,1.0,0.0,0.1,5,0.0,0,False,1746969309.3432937,right,False
1221,1746969309.8779593,164.858,-3.79431,8.42852,0.0663127,0.160392,5114.28,5,24.812,713.029,737.994,49.7191,1,2,1.0,0.0,0.1,5,0.0,0,False,1746969309.3432937,right,False
1222,1746969309.8987658,164.832,-4.9477,8.39026,0.0540273,0.152547,5134.06,5,24.834,714.023,738.988,49.7188,1,2,1.0,0.0,0.1,5,0.0,0,False,1746969309.3432937,right,False
1223,1746969309.9198759,164.791,-6.06554,8.33445,0.041807,0.144672,5156.14,5,24.856,715.017,739.982,49.7185,1,2,1.0,0.0,0.1,5,0.0,0,False,1746969309.3432937,right,False
1224,1746969309.9425383,164.739,-7.13434,8.26106,0.0296661,0.136879,5177.93,5,24.878,716.01,740.975,49.7182,1,2,1.0,0.0,0.1,5,0.0,0,False,1746969309.3432937,right,False
1225,1746969309.9650838,164.678,-8.15112,8.17292,0.0176219,0.1292,5198.06,5,24.9,717.003,741.968,49.7179,1,2,1.0,0.0,0.1,5,0.0,0,False,1746969309.3432937,right,False
1226,1746969309.9867997,164.612,-9.1179,8.07537,0.00569051,0.121651,5212.52,5,24.922,717.995,742.96,49.7175,1,2,1.0,0.0,0.1,5,0.0,0,False,1746969309.3432937,right,False
1227,1746969310.0078373,164.539,-10.0415,7.96931,-0.00613403,0.114135,5223.09,5,24.944,718.987,743.952,49.7172,1,2,1.0,0.0,0.1,5,0.0,0,False,1746969309.3432937,right,False
1228,1746969310.0302372,164.458,-10.9268,7.85277,-0.0177979,0.106109,5234.43,5,24.966,719.978,744.943,49.7169,1,2,1.0,0.0,0.1,5,0.0,0,False,1746969309.3432937,right,False
1229,1746969310.053157,164.366,-11.7802,7.72997,-0.0292826,0.0981895,5250.96,5,24.988,720.97,745.934,49.7165,1,2,1.0,0.0,0.1,5,0.0,0,False,1746969309.3432937,right,False
1230,1746969310.075106,164.271,-12.6003,7.59878,-0.0405802,0.0903945,5261.7,5,25.01,721.96,746.925,49.7162,1,2,1.0,0.0,0.1,5,0.0,0,False,1746969309.3432937,right,False
1231,1746969310.0970664,164.17,-13.3944,7.45206,-0.0516805,0.0826981,5271.59,5,25.032,722.951,747.916,49.7159,1,2,1.0,0.0,0.1,5,0.0,0,False,1746969309.3432937,right,False
1232,1746969310.1202018,164.063,-14.1576,7.3058,-0.0625936,0.0750912,5283.14,5,25.054,723.941,748.906,49.7155,1,2,1.0,0.0,0.1,5,0.0,0,False,1746969309.3432937,right,False
1233,1746969310.1414516,163.953,-14.8903,7.15942,-0.0733032,0.0675761,5290.36,5,25.076,724.931,749.896,49.7152,1,2,1.0,0.0,0.1,5,0.0,0,False,1746969309.3432937,right,False
1234,1746969310.1631424,163.835,-15.5989,6.99938,-0.0837992,0.0601699,5303.67,5,25.098,725.921,750.886,49.7149,1,2,1.0,0.0,0.1,5,0.0,0,False,1746969309.3432937,right,False
1235,1746969310.184798,163.714,-16.275,6.84255,-0.0940999,0.0528936,5314.53,5,25.12,726.91,751.875,49.7145,1,2,1.0,0.0,0.1,5,0.0,0,False,1746969309.3432937,right,False
1236,1746969310.206062,163.589,-16.9213,6.68385,-0.104181,0.0457748,5325.39,5,25.142,727.899,752.864,49.7142,1,2,1.0,0.0,0.1,5,0.0,0,False,1746969309.3432937,right,False
1237,1746969310.2285726,163.46,-17.5172,6.52188,-0.114056,0.0388582,5342.47,5,25.164,728.887,753.852,49.7138,1,2,1.0,0.0,0.1,5,0.0,0,False,1746969309.3432937,right,False
1238,1746969310.2494767,163.329,-18.0731,6.35962,-0.123706,0.0321767,5357.05,5,25.186,729.875,754.84,49.7135,1,2,1.0,0.0,0.1,5,0.0,0,False,1746969309.3432937,right,False
1239,1746969310.271296,163.197,-18.5785,6.19641,-0.133134,0.0257553,5376.78,5,25.208,730.863,755.828,49.7132,1,2,1.0,0.0,0.1,5,0.0,0,False,1746969309.3432937,right,False
1240,1746969310.2936845,163.068,-19.0243,6.03223,-0.142334,0.019635,5395.46,5,25.23,731.85,756.815,49.7128,1,2,1.0,0.0,0.1,5,0.0,0,False,1746969309.3432937,right,False
1241,1746969310.3152487,162.943,-19.4142,5.87048,-0.151306,0.0138248,5412.05,5,25.252,732.837,757.802,49.7125,1,2,1.0,0.0,0.1,5,0.0,0,False,1746969309.3432937,right,False
1242,1746969310.3391058,162.82,-19.7443,5.71047,-0.160048,0.00833166,5432.97,5,25.274,733.823,758.788,49.7122,1,2,1.0,0.0,0.1,5,0.0,0,False,1746969309.3432937,right,False
1243,1746969310.3605306,162.7,-20.0117,5.54923,-0.168561,0.0032202,5456.19,5,25.296,734.809,759.774,49.7118,1,2,1.0,0.0,0.1,5,0.0,0,False,1746969309.3432937,right,False
1244,1746969310.385227,162.591,-20.2078,5.3917,-0.176837,-0.00149548,5472.92,5,25.318,735.794,760.759,49.7115,1,2,1.0,0.0,0.1,5,0.0,0,False,1746969309.3432937,right,False
1245,1746969310.4030712,162.493,-20.3405,5.23507,-0.184875,-0.00586402,5487.32,5,25.34,736.779,761.744,49.7112,1,2,1.0,0.0,0.1,5,0.0,0,False,1746969309.3432937,right,False
1246,1746969310.4287775,162.396,-20.4218,5.07271,-0.192684,-0.00986218,5507.1,5,25.362,737.763,762.728,49.7108,1,2,1.0,0.0,0.1,5,0.0,0,False,1746969309.3432937,right,False
1247,1746969310.4479117,162.308,-20.4319,4.91567,-0.200254,-0.013474,5526.96,5,25.384,738.747,763.712,49.7105,1,2,1.0,0.0,0.1,5,0.0,0,False,1746969309.3432937,right,False
1248,1746969310.4697926,162.232,-20.3805,4.76061,-0.207585,-0.0167234,5540.75,5,25.406,739.73,764.695,49.7102,1,2,1.0,0.0,0.1,5,0.0,0,False,1746969309.3432937,right,False
1249,1746969310.4914985,162.165,-20.2698,4.60409,-0.214687,-0.0195868,5556.51,5,25.428,740.713,765.678,49.7098,1,2,1.0,0.0,0.1,5,0.0,0,False,1746969309.3432937,right,False
1250,1746969310.5143926,162.11,-20.0943,4.4516,-0.221541,-0.0220747,5566.93,5,25.45,741.696,766.66,49.7095,1,2,1.0,0.0,0.1,5,0.0,0,False,1746969309.3432937,right,False
1251,1746969310.5364995,162.065,-19.8735,4.299,-0.228164,-0.0242461,5572.09,5,25.472,742.678,767.642,49.7091,1,2,1.0,0.0,0.1,5,0.0,0,False,1746969309.3432937,right,False
1252,1746969310.5574837,162.028,-19.6105,4.13569,-0.234548,-0.0261009,5583.57,5,25.494,743.659,768.624,49.7088,1,2,1.0,0.0,0.1,5,0.0,0,False,1746969309.3432937,right,False
1253,1746969310.5795317,162.001,-19.2949,3.97886,-0.2407,-0.0276295,5589.5,5,25.516,744.64,769.605,49.7085,1,2,1.0,0.0,0.1,5,0.0,0,False,1746969309.3432937,right,False
1254,1746969310.6036847,161.981,-18.9311,3.82555,-0.246629,-0.0288528,5594.17,5,25.538,745.621,770.586,49.7081,1,2,1.0,0.0,0.1,5,0.0,0,False,1746969309.3432937,right,False
1255,1746969310.6247656,161.973,-18.5246,3.67436,-0.252327,-0.0297614,5596.97,5,25.56,746.602,771.567,49.7078,1,2,1.0,0.0,0.1,5,0.0,0,False,1746969309.3432937,right,False
1256,1746969310.645579,161.973,-18.0675,3.52454,-0.2578,-0.0303563,5595.62,5,25.582,747.582,772.547,49.7075,1,2,1.0,0.0,0.1,5,0.0,0,False,1746969309.3432937,right,False
1257,1746969310.6680946,161.982,-17.5731,3.37048,-0.263051,-0.0306481,5595.8,5,25.604,748.562,773.527,49.7071,1,2,1.0,0.0,0.1,5,0.0,0,False,1746969309.3432937,right,False
1258,1746969310.6913483,161.995,-17.0436,3.21584,-0.268077,-0.0306475,5600.45,5,25.626,749.542,774.507,49.7068,1,2,1.0,0.0,0.1,5,0.0,0,False,1746969309.3432937,right,False
1259,1746969310.7138443,162.024,-16.4692,3.07,-0.272888,-0.0303646,5590.72,5,25.648,750.521,775.486,49.7065,1,2,1.0,0.0,0.1,5,0.0,0,False,1746969309.3432937,right,False
1260,1746969310.733132,162.059,-15.862,2.92438,-0.277482,-0.0298148,5581.91,5,25.67,751.5,776.465,49.7061,1,2,1.0,0.0,0.1,5,0.0,0,False,1746969309.3432937,right,False
1261,1746969310.755718,162.102,-15.2207,2.78158,-0.281862,-0.0290033,5571.68,5,25.692,752.48,777.445,49.7058,1,2,1.0,0.0,0.1,5,0.0,0,False,1746969309.3432937,right,False
1262,1746969310.7792833,162.156,-14.5536,2.63864,-0.286041,-0.0279689,5551.92,5,25.714,753.459,778.424,49.7055,1,2,1.0,0.0,0.1,5,0.0,0,False,1746969309.3432937,right,False
1263,1746969310.8007374,162.211,-13.8726,2.50203,-0.290023,-0.0267559,5538.39,5,25.736,754.438,779.403,49.7051,1,2,1.0,0.0,0.1,5,0.0,0,False,1746969309.3432937,right,False
1264,1746969310.823163,162.275,-13.1651,2.37333,-0.293797,-0.0253592,5516.27,5,25.758,755.417,780.382,49.7048,1,2,1.0,0.0,0.1,5,0.0,0,False,1746969309.3432937,right,False
1265,1746969310.8448877,162.346,-12.4575,2.23744,-0.29738,-0.0238181,5488.17,5,25.78,756.396,781.361,49.7044,1,2,1.0,0.0,0.1,5,0.0,0,False,1746969309.3432937,right,False
1266,1746969310.8660898,162.422,-11.7534,2.10952,-0.300781,-0.0222335,5459.94,5,25.802,757.375,782.34,49.7041,1,2,1.0,0.0,0.1,5,0.0,0,False,1746969309.3432937,right,False
1267,1746969310.8872588,162.503,-11.057,1.98508,-0.304008,-0.0206406,5423.46,5,25.824,758.354,783.319,49.7038,1,2,1.0,0.0,0.2,5,0.0,0,False,1746969309.3432937,right,False
1268,1746969310.9108498,162.551,-10.3592,1.8667,-0.307037,-0.0192841,5399.94,5,25.846,759.334,784.299,49.7034,1,2,1.0,0.0,0.2,5,0.0,0,False,1746969309.3432937,right,False
1269,1746969310.9345682,162.586,-9.74299,1.75736,-0.309875,-0.0184698,5377.76,5,25.868,760.313,785.278,49.7031,1,2,1.0,0.0,0.2,5,0.0,0,False,1746969309.3432937,right,False
1270,1746969310.957827,162.608,-9.23953,1.63962,-0.312528,-0.018224,5367.84,5,25.89,761.292,786.257,49.7028,1,2,1.0,0.0,0.2,5,0.0,0,False,1746969309.3432937,right,False
1271,1746969310.9776504,162.625,-8.84101,1.52106,-0.314998,-0.0185537,5363.63,5,25.912,762.272,787.236,49.7024,1,2,1.0,0.0,0.2,5,0.0,0,False,1746969309.3432937,right,False
1272,1746969310.9993582,162.637,-8.54232,1.40644,-0.317281,-0.0194705,5357.24,5,25.934,763.251,788.216,49.7021,1,2,1.0,0.0,0.2,5,0.0,0,False,1746969309.3432937,right,False
1273,1746969311.0223324,162.644,-8.3467,1.29012,-0.319397,-0.0209624,5357.32,5,25.956,764.23,789.195,49.7018,1,2,1.0,0.0,0.2,5,0.0,0,False,1746969309.3432937,right,False
1274,1746969311.0414774,162.652,-8.23932,1.18301,-0.321336,-0.0230194,5348.72,5,25.978,765.209,790.174,49.7014,1,2,1.0,0.0,0.2,5,0.0,0,False,1746969309.3432937,right,False
1275,1746969311.0631335,162.655,-8.22628,1.06571,-0.323088,-0.0256357,5343.58,5,26,766.188,791.153,49.7011,1,2,1.0,0.0,0.2,5,0.0,0,False,1746969309.3432937,right,False
1276,1746969311.0860777,162.656,-8.2911,0.957935,-0.324664,-0.0287919,5332.75,5,26.022,767.167,792.132,49.7008,1,2,1.0,0.0,0.2,5,0.0,0,False,1746969309.3432937,right,False
1277,1746969311.1083908,162.648,-8.44157,0.843544,-0.326052,-0.0324659,5329.81,5,26.044,768.147,793.112,49.7004,1,2,1.0,0.0,0.2,5,0.0,0,False,1746969309.3432937,right,False
1278,1746969311.1295533,162.638,-8.6584,0.729684,-0.327264,-0.0366102,5324.59,5,26.066,769.126,794.091,49.7001,1,2,1.0,0.0,0.2,5,0.0,0,False,1746969309.3432937,right,False
1279,1746969311.1523402,162.624,-8.93963,0.614394,-0.328296,-0.0412215,5316.98,5,26.088,770.105,795.07,49.6997,1,2,1.0,0.0,0.2,5,0.0,0,False,1746969309.3432937,right,False
1280,1746969311.1736534,162.602,-9.27748,0.500835,-0.329136,-0.0462366,5313.39,5,26.11,771.084,796.049,49.6994,1,2,1.0,0.0,0.2,5,0.0,0,False,1746969309.3432937,right,False
1281,1746969311.1958334,162.57,-9.67016,0.380063,-0.329785,-0.0516169,5314.13,5,26.132,772.063,797.028,49.6991,1,2,1.0,0.0,0.2,5,0.0,0,False,1746969309.3432937,right,False
1282,1746969311.2185898,162.53,-10.1094,0.254427,-0.330231,-0.0573289,5317.62,5,26.154,773.042,798.007,49.6987,1,2,1.0,0.0,0.2,5,0.0,0,False,1746969309.3432937,right,False
1283,1746969311.240801,162.485,-10.5741,0.139837,-0.330479,-0.0633392,5319.12,5,26.176,774.021,798.986,49.6984,1,2,1.0,0.0,0.2,5,0.0,0,False,1746969309.3432937,right,False
1284,1746969311.2629988,162.432,-11.0769,0.0103244,-0.330526,-0.0696135,5324.71,5,26.198,775,799.965,49.6981,1,2,1.0,0.0,0.2,5,0.0,0,False,1746969309.3432937,right,False
1285,1746969311.2853715,162.371,-11.6114,-0.119491,-0.330351,-0.0761228,5330.73,5,26.22,775.979,800.944,49.6977,1,2,1.0,0.0,0.2,5,0.0,0,False,1746969309.3432937,right,False
1286,1746969311.3081222,162.302,-12.1659,-0.249725,-0.329966,-0.0828274,5337.61,5,26.242,776.957,801.922,49.6974,1,2,1.0,0.0,0.2,5,0.0,0,False,1746969309.3432937,right,False
1287,1746969311.3296826,162.225,-12.7363,-0.385758,-0.329364,-0.0896864,5348.58,5,26.264,777.936,802.901,49.6971,1,2,1.0,0.0,0.2,5,0.0,0,False,1746969309.3432937,right,False
1288,1746969311.3495617,162.136,-13.3255,-0.528223,-0.328542,-0.0966777,5365.83,5,26.286,778.914,803.879,49.6967,1,2,1.0,0.0,0.2,5,0.0,0,False,1746969309.3432937,right,False
1289,1746969311.373169,162.043,-13.9188,-0.673561,-0.327498,-0.10373,5382.82,5,26.308,779.892,804.857,49.6964,1,2,1.0,0.0,0.2,5,0.0,0,False,1746969309.3432937,right,False
1290,1746969311.3968172,161.942,-14.5123,-0.819425,-0.326235,-0.110843,5399.66,5,26.33,780.869,805.834,49.6961,1,2,1.0,0.0,0.2,5,0.0,0,True,1746969309.3432937,right,False
1291,1746969311.4161243,161.836,-15.1113,-0.976329,-0.32474,-0.117989,5419.53,5,26.352,781.846,806.811,49.6957,1,2,1.0,0.0,0.2,5,0.0,0,True,1746969309.3432937,right,False
1292,1746969311.4383936,161.725,-15.6921,-1.12637,-0.32302,-0.125115,5439.54,5,26.374,782.823,807.788,49.6954,1,2,1.0,0.0,0.2,5,0.0,0,True,1746969309.3432937,right,False
1293,1746969311.4607854,161.609,-16.2706,-1.28836,-0.321059,-0.132213,5460.42,5,26.396,783.8,808.765,49.695,1,2,1.0,0.0,0.2,5,0.0,0,True,1746969309.3432937,right,False
1294,1746969311.482211,161.485,-16.8355,-1.44882,-0.31888,-0.139253,5487.74,5,26.418,784.776,809.741,49.6947,1,2,1.0,0.0,0.2,5,0.0,0,True,1746969309.3432937,right,False
1295,1746969311.5047815,161.361,-17.3717,-1.61145,-0.316457,-0.146185,5508.66,5,26.44,785.752,810.717,49.6944,1,2,1.0,0.0,0.2,5,0.0,0,True,1746969309.3432937,right,False
1296,1746969311.5255566,161.232,-17.8856,-1.7725,-0.31381,-0.152997,5535.85,5,26.462,786.728,811.692,49.694,1,2,1.0,0.0,0.2,5,0.0,0,True,1746969309.3432937,right,False
1297,1746969311.548718,161.105,-18.367,-1.93765,-0.310917,-0.159651,5559.21,5,26.484,787.703,812.667,49.6937,1,2,1.0,0.0,0.2,5,0.0,0,True,1746969309.3432937,right,False
1298,1746969311.570122,160.971,-18.8178,-2.10299,-0.307792,-0.166116,5591.94,5,26.506,788.677,813.642,49.6934,1,2,1.0,0.0,0.2,5,0.0,0,True,1746969309.3432937,right,False
1299,1746969311.594459,160.847,-19.2267,-2.26549,-0.304425,-0.17239,5609.48,5,26.528,789.651,814.616,49.693,1,2,1.0,0.0,0.2,5,0.0,0,True,1746969309.3432937,right,False
1300,1746969311.614723,160.719,-19.6094,-2.43246,-0.300816,-0.178476,5637.92,5,26.55,790.624,815.589,49.6927,1,2,1.0,0.0,0.2,5,0.0,0,True,1746969309.3432937,right,False
1301,1746969311.6372297,160.595,-19.9447,-2.59397,-0.296969,-0.184353,5660.27,5,26.572,791.597,816.562,49.6924,1,2,1.0,0.0,0.2,5,0.0,0,True,1746969309.3432937,right,False
1302,1746969311.658834,160.473,-20.2456,-2.7616,-0.292877,-0.190006,5687.77,5,26.594,792.57,817.535,49.692,1,2,1.0,0.0,0.2,5,0.0,0,True,1746969309.3432937,right,False
1303,1746969311.6802483,160.359,-20.5031,-2.92644,-0.288538,-0.195429,5706.92,5,26.616,793.542,818.507,49.6917,1,2,1.0,0.0,0.2,5,0.0,0,True,1746969309.3432937,right,False
1304,1746969311.7061496,160.241,-20.7218,-3.08957,-0.283948,-0.20061,5735.71,5,26.638,794.513,819.478,49.6914,1,2,1.0,0.0,0.2,5,0.0,0,True,1746969309.3432937,right,False
1305,1746969311.7259407,160.134,-20.8874,-3.2517,-0.279118,-0.205511,5757.77,5,26.66,795.484,820.449,49.691,1,2,1.0,0.0,0.2,5,0.0,0,True,1746969309.3432937,right,False
1306,1746969311.7498453,160.038,-21.0019,-3.40462,-0.274036,-0.210133,5770.14,5,26.682,796.454,821.419,49.6907,1,2,1.0,0.0,0.0,5,0.0,0,True,1746969309.3432937,left,False
1307,1746969311.766902,159.966,-21.1164,-3.5696,-0.268709,-0.214372,5803.64,5,26.704,797.424,822.389,49.6903,1,2,1.0,0.0,0.0,5,0.0,0,True,1746969309.3432937,left,False
1308,1746969311.7900465,159.956,-21.1597,-3.72911,-0.263171,-0.217821,5807.31,5,26.726,798.394,823.358,49.69,1,2,1.0,0.0,0.0,5,0.0,0,True,1746969309.3432937,left,False
1309,1746969311.8138185,159.979,-21.0645,-3.88359,-0.257414,-0.220393,5794.96,5,26.748,799.363,824.328,49.6897,1,2,1.0,0.0,0.0,5,0.0,0,True,1746969309.3432937,left,False
1310,1746969311.8373313,160.031,-20.8203,-4.03562,-0.251444,-0.22207,5770.63,5,26.77,800.333,825.298,49.6893,1,2,1.0,0.0,0.0,5,0.0,0,True,1746969309.3432937,left,False
1311,1746969311.856377,160.118,-20.4382,-4.18242,-0.245256,-0.222857,5730.45,5,26.792,801.303,826.268,49.689,1,2,1.0,0.0,0.0,5,0.0,0,True,1746969309.3432937,left,False
1312,1746969311.8789618,160.23,-19.9117,-4.32268,-0.238851,-0.222749,5679.61,5,26.814,802.273,827.238,49.6887,1,2,1.0,0.0,0.0,5,0.0,0,True,1746969309.3432937,left,False
1313,1746969311.9005792,160.368,-19.2598,-4.46432,-0.232229,-0.221786,5621.85,5,26.836,803.244,828.208,49.6883,1,2,1.0,0.0,0.0,5,0.0,0,True,1746969309.3432937,left,False
1314,1746969311.923159,160.515,-18.4822,-4.60374,-0.225397,-0.219979,5575.88,5,26.858,804.214,829.179,49.688,1,2,1.0,0.0,0.0,5,0.0,0,True,1746969309.3432937,left,False
1315,1746969311.944713,160.686,-17.5848,-4.73575,-0.218357,-0.217363,5517.99,5,26.88,805.186,830.15,49.6877,1,2,1.0,0.0,0.0,5,0.0,0,True,1746969309.3432937,left,False
1316,1746969311.9665518,160.87,-16.5846,-4.87422,-0.211117,-0.213964,5460.39,5,26.902,806.157,831.122,49.6873,1,2,1.0,0.0,0.0,5,0.0,0,True,1746969309.3432937,left,False
1317,1746969311.990313,161.068,-15.4816,-4.99837,-0.203693,-0.20984,5399.11,5,26.924,807.13,832.094,49.687,1,2,1.0,0.0,0.0,5,0.0,0,True,1746969309.3432937,left,False
1318,1746969312.009245,161.267,-14.2997,-5.12296,-0.196071,-0.205055,5345.27,5,26.946,808.102,833.067,49.6867,1,2,1.0,0.0,0.0,5,0.0,0,True,1746969309.3432937,left,False
1319,1746969312.0330222,161.475,-13.0495,-5.24735,-0.188287,-0.199655,5288.34,5,26.968,809.076,834.041,49.6863,1,2,1.0,0.0,0.0,5,0.0,0,True,1746969309.3432937,left,False
1320,1746969312.0547376,161.685,-11.7498,-5.36631,-0.180349,-0.193731,5233.16,5,26.99,810.05,835.015,49.686,1,2,1.0,0.0,0.0,5,0.0,0,True,1746969309.3432937,left,False
1321,1746969312.0757477,161.899,-10.4119,-5.47097,-0.172257,-0.187361,5172.06,5,27.012,811.025,835.99,49.6857,1,2,1.0,0.0,0.0,5,0.0,0,True,1746969309.3432937,left,False
1322,1746969312.0980847,162.102,-9.07164,-5.56641,-0.16404,-0.180682,5122.46,5,27.034,812.001,836.966,49.6854,1,2,1.0,0.0,0.0,5,0.0,0,True,1746969309.3432937,left,False
1323,1746969312.1226866,162.294,-7.74836,-5.64918,-0.155725,-0.173806,5081.92,5,27.056,812.978,837.943,49.6851,1,2,1.0,0.0,0.0,5,0.0,0,True,1746969309.3432937,left,False
1324,1746969312.1423204,162.47,-6.47612,-5.72824,-0.147329,-0.166861,5055.6,5,27.078,813.956,838.921,49.6848,1,2,1.0,0.0,0.0,5,0.0,0,True,1746969309.3432937,left,False
1325,1746969312.1647427,162.633,-5.26722,-5.78238,-0.138875,-0.159932,5037.19,5,27.1,814.935,839.9,49.6845,1,2,1.0,0.0,0.0,5,0.0,0,True,1746969309.3432937,left,False
1326,1746969312.185465,162.782,-4.14371,-5.82603,-0.130404,-0.153107,5027.49,5,27.122,815.915,840.88,49.6842,1,2,1.0,0.0,0.0,5,0.0,0,True,1746969309.3432937,left,False
1327,1746969312.2092524,162.925,-3.11273,-5.84418,-0.121932,-0.146454,5018.91,5,27.144,816.896,841.861,49.6839,1,2,1.0,0.0,0.0,5,0.0,0,True,1746969309.3432937,left,False
1328,1746969312.2303941,163.059,-2.1854,-5.84933,-0.113493,-0.140019,5015.25,5,27.166,817.878,842.843,49.6836,1,2,1.0,0.0,0.0,5,0.0,0,True,1746969309.3432937,left,False
1329,1746969312.2540598,163.188,-1.36155,-5.82798,-0.105101,-0.133838,5012.79,5,27.188,818.862,843.827,49.6833,1,2,1.0,0.0,0.0,5,0.0,0,True,1746969309.3432937,left,False
1330,1746969312.2759693,163.311,-0.642048,-5.78083,-0.096814,-0.127933,5012.36,5,27.21,819.847,844.812,49.683,1,2,1.0,0.0,0.0,5,0.0,0,True,1746969309.3432937,left,False
1331,1746969312.297761,163.43,-0.0228566,-5.71469,-0.088619,-0.122314,5012.93,5,27.232,820.833,845.798,49.6827,1,2,1.0,0.0,0.0,5,0.0,0,True,1746969309.3432937,left,False
1332,1746969312.3197205,163.545,0.500962,-5.63163,-0.0805522,-0.116982,5014.53,5,27.254,821.821,846.786,49.6824,1,2,1.0,0.0,0.0,5,0.0,0,True,1746969309.3432937,left,False
1333,1746969312.3401577,163.659,0.936757,-5.52723,-0.072644,-0.111935,5016.13,5,27.276,822.81,847.775,49.6821,1,2,1.0,0.0,0.0,5,0.0,0,True,1746969309.3432937,left,False
1334,1746969312.3614552,163.771,1.29156,-5.39988,-0.0648783,-0.107162,5018.33,5,27.298,823.8,848.765,49.6818,1,2,1.0,0.0,0.0,5,0.0,0,True,1746969309.3432937,left,False
1335,1746969312.3847034,163.881,1.57387,-5.26457,-0.0573018,-0.102655,5021.53,5,27.32,824.792,849.757,49.6815,1,2,1.0,0.0,0.0,5,0.0,0,True,1746969309.3432937,left,False
1336,1746969312.4078102,163.991,1.79162,-5.11054,-0.0499084,-0.0983925,5023.29,5,27.342,825.785,850.75,49.6812,1,2,1.0,0.0,0.0,5,0.0,0,True,1746969309.3432937,left,False
1337,1746969312.4290633,164.1,1.95275,-4.94268,-0.0427246,-0.094358,5025.12,5,27.364,826.779,851.744,49.681,1,2,1.0,0.0,0.0,5,0.0,0,True,1746969309.3432937,left,False
1338,1746969312.4503887,164.208,2.06691,-4.77688,-0.0357096,-0.0905305,5028.93,5,27.386,827.775,852.74,49.6807,1,2,1.0,0.0,0.0,5,0.0,0,True,1746969309.3432937,left,False
1339,1746969312.4733942,164.316,2.14019,-4.59922,-0.0289307,-0.0868871,5030.78,5,27.408,828.772,853.737,49.6804,1,2,1.0,0.0,0.0,5,0.0,0,True,1746969309.3432937,left,False
1340,1746969312.4948342,164.423,2.18102,-4.41546,-0.0223857,-0.083401,5033.59,5,27.43,829.771,854.736,49.6801,1,2,1.0,0.0,0.0,5,0.0,0,True,1746969309.3432937,left,False
1341,1746969312.5173995,164.53,2.19662,-4.23256,-0.0160014,-0.0800469,5036.2,5,27.452,830.771,855.735,49.6798,1,2,1.0,0.0,0.0,5,0.0,0,True,1746969309.3432937,left,False
1342,1746969312.5400407,164.635,2.19507,-4.05825,-0.00984294,-0.0767983,5040.13,5,27.474,831.772,856.737,49.6795,1,2,1.0,0.0,0.0,5,0.0,0,True,1746969309.3432937,left,False
1343,1746969312.5610852,164.741,2.17892,-3.87693,-0.00392456,-0.073635,5041.93,5,27.496,832.774,857.739,49.6792,1,2,1.0,0.0,0.0,5,0.0,0,True,1746969309.3432937,right,False
1344,1746969312.5835156,164.846,2.15434,-3.70743,0.00176595,-0.070534,5044.84,5,27.518,833.777,858.742,49.6789,1,2,1.0,0.0,0.0,5,0.0,0,True,1746969309.3432937,right,False
1345,1746969312.6077971,164.95,2.12463,-3.54915,0.00729574,-0.0674829,5049.09,5,27.54,834.782,859.747,49.6786,1,2,1.0,0.0,0.0,5,0.0,0,True,1746969309.3432937,right,False
1346,1746969312.6273718,165.053,2.09134,-3.38438,0.0125916,-0.0644681,5052.2,5,27.562,835.788,860.753,49.6783,1,2,1.0,0.0,0.0,5,0.0,0,True,1746969309.3432937,right,False
1347,1746969312.647995,165.157,2.05577,-3.22225,0.0176453,-0.0614808,5054.9,5,27.584,836.795,861.76,49.678,1,2,1.0,0.0,0.0,5,0.0,0,True,1746969309.3432937,right,False
1348,1746969312.6692326,165.258,2.02134,-3.07247,0.022522,-0.058512,5058.51,5,27.606,837.803,862.768,49.6777,1,2,1.0,0.0,0.0,5,0.0,0,True,1746969309.3432937,right,False
1349,1746969312.693846,165.359,1.9881,-2.93413,0.027183,-0.0555609,5063.15,5,27.628,838.812,863.777,49.6774,1,2,1.0,0.0,0.0,5,0.0,0,True,1746969309.3432937,right,False
1350,1746969312.7131398,165.46,1.95509,-2.79516,0.031606,-0.0526216,5066.38,5,27.65,839.822,864.787,49.6771,1,2,1.0,0.0,0.0,5,0.0,0,True,1746969309.3432937,right,False
1351,1746969312.7360127,165.56,1.92389,-2.66648,0.0358602,-0.04969,5070.23,5,27.672,840.834,865.799,49.6768,1,2,1.0,0.0,0.0,5,0.0,0,True,1746969309.3432937,right,False
1352,1746969312.7575524,165.66,1.89417,-2.53088,0.0398885,-0.0467645,5073.16,5,27.694,841.846,866.811,49.6765,1,2,1.0,0.0,0.0,5,0.0,0,True,1746969309.3432937,right,False
1353,1746969312.7805202,165.759,1.86515,-2.39804,0.0436951,-0.0438446,5075.69,5,27.716,842.859,867.824,49.6763,1,2,1.0,0.0,0.0,5,0.0,0,True,1746969309.3432937,right,False
1354,1746969312.8025439,165.857,1.83853,-2.26999,0.0473287,-0.0409274,5079.17,5,27.738,843.873,868.838,49.676,1,2,1.0,0.0,0.0,5,0.0,0,True,1746969309.3432937,right,False
1355,1746969312.8240957,165.955,1.81246,-2.13816,0.0507222,-0.0380145,5082.33,5,27.76,844.889,869.853,49.6757,1,2,1.0,0.0,0.0,5,0.0,0,True,1746969309.3432937,right,False
1356,1746969312.8452215,166.052,1.78783,-2.00838,0.0539327,-0.0351042,5085.35,5,27.782,845.905,870.87,49.6754,1,2,1.0,0.0,0.0,5,0.0,0,True,1746969309.3432937,right,False
1357,1746969312.8675432,166.149,1.76555,-1.88195,0.0569295,-0.0321922,5087.24,5,27.804,846.922,871.886,49.6751,1,2,1.0,0.0,0.0,5,0.0,0,True,1746969309.3432937,right,False
1358,1746969312.8910635,166.245,1.74407,-1.75234,0.0597188,-0.029279,5090.72,5,27.826,847.939,872.904,49.6748,1,2,1.0,0.0,0.0,5,0.0,0,True,1746969309.3432937,right,False
1359,1746969312.912528,166.34,1.72601,-1.62979,0.0623189,-0.02636,5093.67,5,27.848,848.958,873.923,49.6745,1,2,1.0,0.0,0.0,5,0.0,0,True,1746969309.3432937,right,False
1360,1746969312.9347005,166.434,1.70879,-1.50158,0.0646871,-0.0234373,5096.94,5,27.87,849.978,874.942,49.6742,1,2,1.0,0.0,0.0,5,0.0,0,True,1746969309.3432937,right,False
1361,1746969312.9554374,166.529,1.69334,-1.37016,0.0668884,-0.0205071,5099.03,5,27.892,850.998,875.963,49.6739,1,2,1.0,0.0,0.0,5,0.0,0,True,1746969309.3432937,right,False
1362,1746969312.9779973,166.623,1.67942,-1.24136,0.0688517,-0.0175743,5101.25,5,27.914,852.019,876.984,49.6736,1,2,1.0,0.0,0.0,5,0.0,0,True,1746969309.3432937,right,False
1363,1746969313.0023975,166.715,1.66806,-1.11319,0.070638,-0.0146317,5104.99,5,27.936,853.041,878.006,49.6733,1,2,1.0,0.0,0.0,5,0.0,0,True,1746969309.3432937,right,False
1364,1746969313.0225859,166.807,1.65745,-0.976319,0.0722005,-0.0116849,5106.93,5,27.958,854.063,879.028,49.673,1,2,1.0,0.0,0.0,5,0.0,0,True,1746969309.3432937,right,False
1365,1746969313.0431952,166.898,1.64865,-0.844247,0.0735718,-0.00873089,5110.46,5,27.98,855.087,880.052,49.6727,1,2,1.0,0.0,0.0,5,0.0,0,True,1746969309.3432937,right,False
1366,1746969313.066065,166.989,1.64123,-0.71619,0.0747314,-0.00577068,5112.51,5,28.002,856.111,881.075,49.6724,1,2,1.0,0.0,0.0,5,0.0,0,True,1746969309.3432937,right,False
1367,1746969313.0883293,167.079,1.63561,-0.583376,0.0756856,-0.00280309,5115.89,5,28.024,857.135,882.1,49.6721,1,2,1.0,0.0,0.0,5,0.0,0,True,1746969309.3432937,right,False
1368,1746969313.1114502,167.168,1.63097,-0.450196,0.0764445,0.000170708,5118.47,5,28.046,858.16,883.125,49.6718,1,2,1.0,0.0,0.0,5,0.0,0,True,1746969309.3432937,right,False
1369,1746969313.1322653,167.256,1.62616,-0.309983,0.0769816,0.00314665,5121.1,5,28.068,859.186,884.151,49.6716,1,2,1.0,0.0,0.0,5,0.0,0,True,1746969309.3432937,right,False
1370,1746969313.1550963,167.345,1.6218,-0.17389,0.0773376,0.00612736,5123.22,5,28.09,860.213,885.177,49.6713,1,2,1.0,0.0,0.0,5,0.0,0,True,1746969309.3432937,right,False
1371,1746969313.177115,167.432,1.6183,-0.0326164,0.0774577,0.00911212,5126.61,5,28.112,861.239,886.204,49.671,1,2,1.0,0.0,0.0,5,0.0,0,True,1746969309.3432937,right,False
1372,1746969313.1989632,167.518,1.61618,0.0984892,0.0774089,0.0120993,5129.63,5,28.134,862.267,887.232,49.6707,1,2,1.0,0.0,0.0,5,0.0,0,True,1746969309.3432937,right,False
1373,1746969313.2195292,167.604,1.61242,0.241334,0.0771159,0.0150833,5132.35,5,28.156,863.295,888.26,49.6704,1,2,0.9,0.0,0.0,4,0.0,0,False,1746969313.203527,right,False
1374,1746969313.242681,167.637,1.60923,0.367512,0.0766642,0.0180664,6402.27,4,28.178,864.324,889.288,49.6704,1,2,0.9,0.0,0.0,4,0.0,0,False,1746969313.203527,right,False
1375,1746969313.263079,167.599,1.60656,0.508193,0.0759888,0.0210576,6400.12,4,28.2,865.352,890.317,49.6704,1,2,0.9,0.0,0.0,4,0.0,0,False,1746969313.203527,right,False
1376,1746969313.288107,167.549,1.60619,0.639547,0.0750895,0.0240626,6397.97,4,28.222,866.38,891.344,49.6704,1,2,0.9,0.0,0.0,4,0.0,0,False,1746969313.203527,right,False
1377,1746969313.307537,167.498,1.60901,0.783309,0.0739746,0.0270858,6395.82,4,28.244,867.407,892.372,49.6704,1,2,0.9,0.0,0.0,4,0.0,0,False,1746969313.203527,right,False
1378,1746969313.330689,167.446,1.61472,0.925269,0.0726746,0.0301313,6393.68,4,28.266,868.434,893.399,49.6704,1,2,0.9,0.0,0.0,4,0.0,0,False,1746969313.203527,right,False
1379,1746969313.3510447,167.393,1.62517,1.04979,0.0712016,0.033201,6391.54,4,28.288,869.461,894.426,49.6704,1,2,0.9,0.0,0.0,4,0.0,0,False,1746969313.203527,right,False
1380,1746969313.3738077,167.34,1.63919,1.18794,0.0695089,0.0362988,6389.41,4,28.31,870.487,895.452,49.6704,1,2,0.9,0.0,0.0,4,0.0,0,False,1746969313.203527,right,False
1381,1746969313.3951564,167.286,1.65633,1.31581,0.0676005,0.0394216,6387.28,4,28.332,871.513,896.477,49.6704,1,2,0.9,0.0,0.0,4,0.0,0,False,1746969313.203527,right,False
1382,1746969313.420616,167.232,1.6754,1.45466,0.0654744,0.0425689,6385.15,4,28.354,872.538,897.503,49.6704,1,2,0.9,0.0,0.0,4,0.0,0,False,1746969313.203527,right,False
1383,1746969313.4408472,167.177,1.69733,1.59339,0.0631307,0.0457397,6383.03,4,28.376,873.562,898.527,49.6704,1,2,0.9,0.0,0.0,4,0.0,0,False,1746969313.203527,right,False
1384,1746969313.462424,167.121,1.71976,1.7359,0.0605693,0.0489261,6380.91,4,28.398,874.586,899.55,49.6704,1,2,0.9,0.0,0.1,4,0.0,0,False,1746969313.203527,right,False
1385,1746969313.4839413,167.055,1.93187,1.86534,0.0579061,0.0511315,6378.8,4,28.42,875.609,900.574,49.6704,1,2,0.9,0.0,0.1,4,0.0,0,False,1746969313.203527,right,False
1386,1746969313.506059,166.986,1.79763,1.97045,0.055186,0.0507321,6376.69,4,28.442,876.632,901.597,49.6704,1,2,0.9,0.0,0.1,4,0.0,0,False,1746969313.203527,right,False
1387,1746969313.5281568,166.92,1.29546,2.0605,0.0524251,0.0480561,6237.98,4,28.464,877.654,902.619,49.6704,1,2,0.9,0.0,0.1,4,0.0,0,False,1746969313.203527,right,False
1388,1746969313.5523677,166.907,0.514331,2.11844,0.0496379,0.0434895,6356.36,4,28.486,878.676,903.641,49.6701,1,2,0.9,0.0,0.1,4,0.0,0,False,1746969313.203527,right,False
1389,1746969313.5743713,166.943,-0.474741,2.1541,0.0468547,0.0373864,6386.14,4,28.508,879.698,904.662,49.6698,1,2,0.9,0.0,0.1,4,0.0,0,False,1746969313.203527,right,False
1390,1746969313.59309,166.977,-1.60544,2.15817,0.0440796,0.0301225,6403.07,4,28.53,880.719,905.684,49.6695,1,2,0.9,0.0,0.1,4,0.0,0,False,1746969313.203527,right,False
1391,1746969313.6156828,166.998,-2.81526,2.14328,0.0413473,0.0220494,6419.47,4,28.552,881.741,906.706,49.6692,1,2,0.9,0.0,0.1,4,0.0,0,False,1746969313.203527,right,False
1392,1746969313.6388211,167.002,-4.06236,2.09525,0.0386759,0.0134757,6439.19,4,28.574,882.763,907.728,49.6689,1,2,0.9,0.0,0.1,4,0.0,0,False,1746969313.203527,right,False
1393,1746969313.6608117,166.989,-5.3012,2.0343,0.0360921,0.00466013,6461.51,4,28.596,883.786,908.75,49.6686,1,2,0.9,0.0,0.1,4,0.0,0,False,1746969313.203527,right,False
1394,1746969313.682706,166.959,-6.51436,1.94428,0.033608,-0.0042026,6489,4,28.618,884.808,909.773,49.6683,1,2,0.9,0.0,0.1,4,0.0,0,False,1746969313.203527,right,False
1395,1746969313.7055666,166.914,-7.68077,1.83823,0.0312358,-0.0129771,6519.09,4,28.64,885.83,910.795,49.668,1,2,0.9,0.0,0.1,4,0.0,0,False,1746969313.203527,right,False
1396,1746969313.7275984,166.859,-8.7906,1.72204,0.0289978,-0.0216014,6546.5,4,28.662,886.852,911.817,49.6677,1,2,0.9,0.0,0.1,4,0.0,0,False,1746969313.203527,right,False
1397,1746969313.747528,166.79,-9.84211,1.59554,0.0269063,-0.0300291,6578.72,4,28.684,887.874,912.839,49.6674,1,2,0.9,0.0,0.1,4,0.0,0,False,1746969313.203527,right,False
1398,1746969313.7717028,166.721,-10.8377,1.45964,0.0249613,-0.0382748,6594.31,4,28.706,888.896,913.861,49.6671,1,2,0.9,0.0,0.1,4,0.0,0,False,1746969313.203527,right,False
1399,1746969313.7945065,166.647,-11.7753,1.32334,0.0231771,-0.0463555,6606.04,4,28.728,889.918,914.883,49.6668,1,2,0.9,0.0,0.1,4,0.0,0,False,1746969313.203527,right,False
1400,1746969313.815072,166.566,-12.6771,1.17986,0.0215658,-0.0543265,6615.28,4,28.75,890.94,915.904,49.6665,1,2,0.9,0.0,0.1,4,0.0,0,False,1746969313.203527,right,False
1401,1746969313.8379953,166.477,-13.5451,1.03485,0.0201274,-0.0622182,6624.38,4,28.772,891.961,916.926,49.6662,1,2,0.9,0.0,0.1,4,0.0,0,False,1746969313.203527,right,False
1402,1746969313.8590972,166.383,-14.3743,0.892794,0.0188863,-0.0700176,6630.07,4,28.794,892.983,917.948,49.6659,1,2,0.9,0.0,0.1,4,0.0,0,False,1746969313.203527,right,False
1403,1746969313.8805418,166.284,-15.1715,0.748375,0.0178385,-0.0777237,6634.58,4,28.816,894.004,918.969,49.6657,1,2,0.9,0.0,0.1,4,0.0,0,False,1746969313.203527,right,False
1404,1746969313.903136,166.177,-15.9468,0.601895,0.0169881,-0.0853598,6639.49,4,28.838,895.025,919.99,49.6654,1,2,0.9,0.0,0.1,4,0.0,0,False,1746969313.203527,right,False
1405,1746969313.9254448,166.061,-16.6899,0.451501,0.0163391,-0.0928693,6650.02,4,28.86,896.046,921.011,49.6651,1,2,0.9,0.0,0.1,4,0.0,0,False,1746969313.203527,right,False
1406,1746969313.9469273,165.941,-17.3937,0.305992,0.0158976,-0.100241,6659.94,4,28.882,897.067,922.031,49.6648,1,2,0.9,0.0,0.1,4,0.0,0,False,1746969313.203527,right,False
1407,1746969313.9673858,165.818,-18.0626,0.159212,0.0156738,-0.107471,6671.31,4,28.904,898.087,923.052,49.6645,1,2,0.9,0.0,0.1,4,0.0,0,False,1746969313.203527,right,False
1408,1746969313.9913952,165.694,-18.7012,0.00579516,0.0156677,-0.114543,6678.88,4,28.926,899.107,924.072,49.6642,1,2,0.9,0.0,0.1,4,0.0,0,False,1746969313.203527,right,False
1409,1746969314.0124888,165.56,-19.2985,-0.146807,0.0158813,-0.121409,6701.86,4,28.948,900.126,925.091,49.6639,1,2,0.9,0.0,0.1,4,0.0,0,False,1746969313.203527,right,False
1410,1746969314.0336995,165.428,-19.8468,-0.299576,0.0163188,-0.128038,6717.74,4,28.97,901.146,926.11,49.6636,1,2,0.9,0.0,0.0,4,0.0,0,False,1746969313.203527,left,False
1411,1746969314.05614,165.323,-20.3734,-0.442025,0.0169637,-0.134192,6735.19,4,28.992,902.164,927.129,49.6633,1,2,0.9,0.0,0.0,4,0.0,0,False,1746969313.203527,left,False
1412,1746969314.0800416,165.244,-20.795,-0.595861,0.0178121,-0.13957,6736.27,4,29.014,903.183,928.148,49.663,1,2,0.9,0.0,0.0,4,0.0,0,False,1746969313.203527,left,False
1413,1746969314.100502,165.189,-21.0718,-0.745906,0.0188538,-0.144175,6726.91,4,29.036,904.202,929.166,49.6627,1,2,0.9,0.0,0.0,4,0.0,0,False,1746969313.203527,left,False
1414,1746969314.1224425,165.154,-21.2228,-0.894388,0.020109,-0.148033,6707.31,4,29.058,905.22,930.185,49.6624,1,2,0.9,0.0,0.0,4,0.0,0,False,1746969313.203527,left,False
1415,1746969314.143925,165.131,-21.2417,-1.03179,0.0215617,-0.151184,6693.04,4,29.08,906.238,931.203,49.6621,1,2,0.9,0.0,0.0,4,0.0,0,False,1746969313.203527,left,False
1416,1746969314.167051,165.123,-21.1475,-1.17077,0.0232259,-0.153661,6680.78,4,29.102,907.257,932.221,49.6618,1,2,0.9,0.0,0.0,4,0.0,0,False,1746969313.203527,left,False
1417,1746969314.188682,165.129,-20.9457,-1.31239,0.0250956,-0.155475,6667.84,4,29.124,908.275,933.24,49.6615,1,2,0.9,0.0,0.0,4,0.0,0,False,1746969313.203527,left,False
1418,1746969314.2094772,165.148,-20.6471,-1.45414,0.0271769,-0.15668,6660.09,4,29.146,909.293,934.258,49.6612,1,2,0.9,0.0,0.0,4,0.0,0,False,1746969313.203527,left,False
1419,1746969314.2336266,165.183,-20.2325,-1.58395,0.0294596,-0.157212,6647.64,4,29.168,910.311,935.275,49.661,1,2,0.9,0.0,0.0,4,0.0,0,False,1746969313.203527,left,False
1420,1746969314.2539892,165.227,-19.7299,-1.71692,0.0319641,-0.157118,6645.67,4,29.19,911.329,936.293,49.6607,1,2,0.9,0.0,0.0,4,0.0,0,False,1746969313.203527,left,False
1421,1746969314.2773101,165.284,-19.1385,-1.85952,0.0346659,-0.156394,6646.64,4,29.212,912.346,937.311,49.6604,1,2,0.9,0.0,0.0,4,0.0,0,False,1746969313.203527,left,False
1422,1746969314.2982953,165.36,-18.4441,-1.99015,0.037561,-0.155053,6635.83,4,29.234,913.364,938.329,49.6601,1,2,0.9,0.0,0.0,4,0.0,0,False,1746969313.203527,left,False
1423,1746969314.3189807,165.448,-17.6644,-2.11939,0.0406576,-0.153103,6624.25,4,29.256,914.382,939.347,49.6598,1,2,0.9,0.0,0.0,4,0.0,0,False,1746969313.203527,left,False
1424,1746969314.3420212,165.548,-16.8057,-2.24645,0.0439148,-0.150568,6613.71,4,29.278,915.4,940.365,49.6595,1,2,0.9,0.0,0.0,4,0.0,0,False,1746969313.203527,left,False
1425,1746969314.3646169,165.659,-15.8682,-2.36745,0.0473673,-0.147459,6599.8,4,29.3,916.418,941.383,49.6592,1,2,0.9,0.0,0.0,4,0.0,0,False,1746969313.203527,left,False
1426,1746969314.3880599,165.782,-14.8622,-2.48482,0.0509928,-0.143823,6579.77,4,29.322,917.436,942.401,49.6589,1,2,0.9,0.0,0.0,4,0.0,0,False,1746969313.203527,left,False
1427,1746969314.409181,165.913,-13.8075,-2.60232,0.0547872,-0.139716,6556.83,4,29.344,918.454,943.419,49.6586,1,2,0.9,0.0,0.0,4,0.0,0,False,1746969313.203527,left,False
1428,1746969314.4311218,166.048,-12.71,-2.71414,0.058724,-0.135177,6534.82,4,29.366,919.473,944.438,49.6583,1,2,0.9,0.0,0.0,4,0.0,0,False,1746969313.203527,left,False
1429,1746969314.4521763,166.185,-11.5824,-2.82009,0.0628031,-0.130265,6513.7,4,29.388,920.492,945.457,49.658,1,2,0.9,0.0,0.0,4,0.0,0,False,1746969313.203527,left,False
1430,1746969314.4758253,166.328,-10.4336,-2.90478,0.0670085,-0.125043,6484.83,4,29.41,921.512,946.477,49.6577,1,2,0.9,0.0,0.0,4,0.0,0,False,1746969313.203527,left,False
1431,1746969314.4971743,166.464,-9.29026,-2.99802,0.0713196,-0.119555,6467.55,4,29.432,922.532,947.497,49.6574,1,2,0.9,0.0,0.0,4,0.0,0,False,1746969313.203527,left,False
1432,1746969314.5183918,166.599,-8.15639,-3.07077,0.0757182,-0.113869,6449.97,4,29.454,923.552,948.517,49.6571,1,2,0.9,0.0,0.0,4,0.0,0,False,1746969313.203527,left,False
1433,1746969314.5392413,166.731,-7.04866,-3.12895,0.0801839,-0.108055,6432.28,4,29.476,924.574,949.539,49.6568,1,2,0.9,0.0,0.0,4,0.0,0,False,1746969313.203527,left,False
1434,1746969314.5625706,166.857,-5.98593,-3.17863,0.0847046,-0.102177,6420.9,4,29.498,925.596,950.561,49.6565,1,2,0.9,0.0,0.0,4,0.0,0,False,1746969313.203527,left,False
1435,1746969314.5839772,166.976,-4.98065,-3.21412,0.0892436,-0.096298,6413.76,4,29.52,926.619,951.583,49.6563,1,2,0.9,0.0,0.0,4,0.0,0,False,1746969313.203527,left,False
1436,1746969314.6054285,167.09,-4.04174,-3.23354,0.0937846,-0.090472,6407.68,4,29.542,927.642,952.607,49.656,1,2,0.9,0.0,0.0,4,0.0,0,False,1746969313.203527,left,False
1437,1746969314.6317773,167.2,-3.17394,-3.2291,0.0983073,-0.0847347,6403.47,4,29.564,928.667,953.631,49.6557,1,2,0.9,0.0,0.0,4,0.0,0,False,1746969313.203527,left,False
1438,1746969314.6506884,167.305,-2.38445,-3.21388,0.102783,-0.0791247,6401.22,4,29.586,929.692,954.657,49.6554,1,2,0.9,0.0,0.0,4,0.0,0,False,1746969313.203527,left,False
1439,1746969314.672418,167.407,-1.67336,-3.1773,0.107178,-0.0736647,6399.72,4,29.608,930.718,955.683,49.6551,1,2,0.9,0.0,0.0,4,0.0,0,False,1746969313.203527,left,False
1440,1746969314.693161,167.505,-1.04103,-3.11452,0.111491,-0.0683734,6398.56,4,29.63,931.745,956.71,49.6548,1,2,0.9,0.0,0.0,4,0.0,0,False,1746969313.203527,left,False
1441,1746969314.7158754,167.6,-0.485661,-3.04329,0.115686,-0.0632615,6399.1,4,29.652,932.773,957.738,49.6545,1,2,0.9,0.0,0.0,4,0.0,0,False,1746969313.203527,left,False
1442,1746969314.7389295,167.693,-0.00359254,-2.95606,0.119751,-0.058336,6401.22,4,29.674,933.801,958.766,49.6542,1,2,0.9,0.0,0.0,4,0.0,0,False,1746969313.203527,left,False
1443,1746969314.7622788,167.783,0.409426,-2.84637,0.123669,-0.0535996,6402.09,4,29.696,934.831,959.796,49.6539,1,2,0.9,0.0,0.0,4,0.0,0,False,1746969313.203527,left,False
1444,1746969314.7830832,167.873,0.75763,-2.71914,0.127425,-0.0490513,6403.51,4,29.718,935.862,960.827,49.6536,1,2,0.9,0.0,0.0,5,0.0,0,False,1746969314.7797256,left,False
1445,1746969314.805144,167.908,1.04723,-2.58527,0.131006,-0.0446854,5130.7,5,29.74,936.893,961.858,49.6536,1,2,0.9,0.0,0.0,5,0.0,0,False,1746969314.7797256,left,False
1446,1746969314.8254356,167.879,1.28289,-2.43326,0.134377,-0.0404963,5131.42,5,29.762,937.924,962.889,49.6536,1,2,0.9,0.0,0.0,5,0.0,0,False,1746969314.7797256,left,False
1447,1746969314.8471007,167.84,1.47282,-2.27316,0.137592,-0.0364623,5132.13,5,29.784,938.956,963.921,49.6536,1,2,0.9,0.0,0.0,5,0.0,0,False,1746969314.7797256,left,False
1448,1746969314.8737638,167.799,1.62333,-2.10807,0.140609,-0.0325677,5132.85,5,29.806,939.988,964.953,49.6536,1,2,0.9,0.0,0.0,5,0.0,0,False,1746969314.7797256,left,False
1449,1746969314.8938885,167.758,1.74142,-1.9389,0.14341,-0.0287929,5133.57,5,29.828,941.02,965.985,49.6536,1,2,0.9,0.0,0.0,5,0.0,0,False,1746969314.7797256,left,False
1450,1746969314.9145138,167.716,1.83268,-1.7644,0.145994,-0.0251162,5134.28,5,29.85,942.052,967.017,49.6536,1,2,0.9,0.0,0.0,5,0.0,0,False,1746969314.7797256,left,False
1451,1746969314.9353955,167.673,1.90417,-1.59647,0.14836,-0.0215151,5134.99,5,29.872,943.084,968.049,49.6536,1,2,0.9,0.0,0.0,5,0.0,0,False,1746969314.7797256,left,False
1452,1746969314.9581513,167.63,1.9596,-1.41654,0.150509,-0.0179737,5135.71,5,29.894,944.116,969.081,49.6536,1,2,0.9,0.0,0.0,5,0.0,0,False,1746969314.7797256,left,False
1453,1746969314.97968,167.586,2.00372,-1.24976,0.152437,-0.014477,5136.42,5,29.916,945.148,970.113,49.6536,1,2,0.9,0.0,0.0,5,0.0,0,False,1746969314.7797256,left,False
1454,1746969315.0037072,167.541,2.03873,-1.08387,0.154148,-0.0110135,5137.12,5,29.938,946.18,971.145,49.6536,1,2,0.9,0.0,0.0,5,0.0,0,False,1746969314.7797256,left,False
1455,1746969315.0238738,167.496,2.067,-0.91906,0.155638,-0.00757575,5137.82,5,29.96,947.212,972.177,49.6536,1,2,0.9,0.0,0.0,5,0.0,0,False,1746969314.7797256,left,False
1456,1746969315.0451515,167.45,2.0898,-0.755507,0.156907,-0.00415921,5138.53,5,29.982,948.244,973.209,49.6536,1,2,0.9,0.0,0.0,5,0.0,0,False,1746969314.7797256,left,False
1457,1746969315.067531,167.404,2.10924,-0.596613,0.157955,-0.00075841,5139.23,5,30.004,949.275,974.24,49.6536,1,2,0.9,0.0,0.0,5,0.0,0,False,1746969314.7797256,left,False
1458,1746969315.0894043,167.357,2.12513,-0.446373,0.158785,0.00263,5019.89,5,30.026,950.307,975.272,49.6536,1,2,0.9,0.0,0.0,5,0.0,0,False,1746969314.7797256,left,False
1459,1746969315.1130066,167.37,2.13881,-0.29135,0.159371,0.00600958,5097.85,5,30.048,951.338,976.303,49.6533,1,2,0.9,0.0,0.0,5,0.0,0,False,1746969314.7797256,left,False
1460,1746969315.1338265,167.434,2.15069,-0.14818,0.159735,0.00937271,5110.07,5,30.07,952.37,977.334,49.653,1,2,0.9,0.0,0.0,5,0.0,0,False,1746969314.7797256,left,False
1461,1746969315.1572654,167.504,2.15538,0.00430594,0.159853,0.0127025,5112.94,5,30.092,953.401,978.366,49.6527,1,2,0.9,0.0,0.0,5,0.0,0,False,1746969314.7797256,left,False
1462,1746969315.1773567,167.575,2.1539,0.157449,0.159731,0.016001,5114.97,5,30.114,954.433,979.398,49.6524,1,2,0.9,0.0,0.0,5,0.0,0,False,1746969314.7797256,left,False
1463,1746969315.1998162,167.643,2.14604,0.311982,0.159424,0.019258,5119.32,5,30.136,955.466,980.431,49.6521,1,2,0.9,0.0,0.0,5,0.0,0,False,1746969314.7797256,left,False
1464,1746969315.223547,167.713,2.13221,0.455355,0.158872,0.0224698,5121.05,5,30.158,956.499,981.464,49.6518,1,2,0.9,0.0,0.0,5,0.0,0,False,1746969314.7797256,left,False
1465,1746969315.2458146,167.781,2.11348,0.606242,0.158077,0.0256436,5124.41,5,30.18,957.532,982.497,49.6515,1,2,0.9,0.0,0.0,5,0.0,0,False,1746969314.7797256,right,False
1466,1746969315.2657733,167.848,2.0915,0.745948,0.157076,0.0287807,5127.89,5,30.202,958.566,983.531,49.6512,1,2,0.9,0.0,0.0,5,0.0,0,False,1746969314.7797256,right,False
1467,1746969315.288167,167.915,2.06405,0.883325,0.155857,0.0318775,5130.36,5,30.224,959.6,984.565,49.6509,1,2,0.9,0.0,0.0,5,0.0,0,False,1746969314.7797256,right,False
1468,1746969315.3114932,167.982,2.03301,1.02053,0.15439,0.0349364,5133.29,5,30.246,960.634,985.599,49.6506,1,2,0.9,0.0,0.0,5,0.0,0,False,1746969314.7797256,right,False
1469,1746969315.3313122,168.049,1.99796,1.16704,0.152712,0.0379612,5134.27,5,30.268,961.669,986.634,49.6504,1,2,0.9,0.0,0.0,5,0.0,0,False,1746969314.7797256,right,False
1470,1746969315.3529158,168.114,1.96164,1.30969,0.15083,0.0409565,5136.42,5,30.29,962.703,987.668,49.6501,1,2,0.9,0.0,0.0,5,0.0,0,False,1746969314.7797256,right,False
1471,1746969315.3781505,168.179,1.92392,1.44913,0.148698,0.0439277,5138.55,5,30.312,963.738,988.703,49.6498,1,2,0.9,0.0,0.0,5,0.0,0,False,1746969314.7797256,right,False
1472,1746969315.398914,168.245,1.88559,1.5976,0.14636,0.0468824,5139.87,5,30.334,964.773,989.738,49.6495,1,2,0.9,0.0,0.0,5,0.0,0,False,1746969314.7797256,right,False
1473,1746969315.4197338,168.308,1.84946,1.7364,0.143815,0.0498261,5142.31,5,30.356,965.809,990.774,49.6492,1,2,0.9,0.0,0.0,5,0.0,0,False,1746969314.7797256,right,False
1474,1746969315.4418454,168.372,1.81436,1.88245,0.141034,0.0527604,5143.5,5,30.378,966.844,991.809,49.6489,1,2,0.9,0.0,0.0,5,0.0,0,False,1746969314.7797256,right,False
1475,1746969315.4655967,168.434,1.78202,2.02045,0.138059,0.0556924,5145.87,5,30.4,967.879,992.844,49.6486,1,2,0.9,0.0,0.0,5,0.0,0,False,1746969314.7797256,right,False
1476,1746969315.485309,168.496,1.75195,2.16414,0.134847,0.0586271,5147.89,5,30.422,968.915,993.88,49.6483,1,2,0.9,0.0,0.0,5,0.0,0,False,1746969314.7797256,right,False
1477,1746969315.5087516,168.559,1.72364,2.32108,0.131413,0.0615652,5147.91,5,30.444,969.951,994.915,49.648,1,2,0.9,0.0,0.0,5,0.0,0,False,1746969314.7797256,right,False
1478,1746969315.53119,168.62,1.70056,2.4617,0.127787,0.0645142,5149.22,5,30.466,970.986,995.951,49.6477,1,2,0.9,0.0,0.0,5,0.0,0,False,1746969314.7797256,right,False
1479,1746969315.5511603,168.68,1.68123,2.60533,0.123926,0.0674734,5151.96,5,30.488,972.022,996.987,49.6474,1,2,0.9,0.0,0.0,5,0.0,0,False,1746969314.7797256,right,False
1480,1746969315.573977,168.74,1.66407,2.75381,0.119867,0.0704436,5152.37,5,30.51,973.058,998.023,49.6471,1,2,0.9,0.0,0.0,5,0.0,0,False,1746969314.7797256,right,False
1481,1746969315.597333,168.798,1.65205,2.89284,0.115607,0.0734284,5155.32,5,30.532,974.093,999.058,49.6468,1,2,0.9,0.0,0.0,5,0.0,0,False,1746969314.7797256,right,False
1482,1746969315.617643,168.857,1.64295,3.03513,0.111117,0.0764267,5156.74,5,30.554,975.128,1000.09,49.6465,1,2,0.9,0.0,0.0,5,0.0,0,False,1746969314.7797256,right,False
1483,1746969315.6399136,168.914,1.63811,3.16915,0.106441,0.0794425,5159,5,30.576,976.164,1001.13,49.6462,1,2,0.9,0.0,0.0,5,0.0,0,False,1746969314.7797256,right,False
1484,1746969315.662255,168.971,1.63477,3.31074,0.101532,0.0824683,5159.85,5,30.598,977.199,1002.16,49.6459,1,2,0.9,0.0,0.0,5,0.0,0,False,1746969314.7797256,right,False
1485,1746969315.6860058,169.027,1.63416,3.44627,0.0964213,0.0855064,5162.74,5,30.62,978.234,1003.2,49.6457,1,2,0.9,0.0,0.0,5,0.0,0,False,1746969314.7797256,right,False
1486,1746969315.7060547,169.083,1.63516,3.58684,0.091095,0.0885544,5163.89,5,30.642,979.269,1004.23,49.6454,1,2,0.9,0.0,0.0,5,0.0,0,False,1746969314.7797256,right,False
1487,1746969315.7293773,169.137,1.63698,3.72376,0.0855408,0.0916052,5165.83,5,30.664,980.304,1005.27,49.6451,1,2,0.9,0.0,0.0,5,0.0,0,False,1746969314.7797256,right,False
1488,1746969315.7514563,169.19,1.64099,3.8379,0.0798421,0.0933616,5169.75,5,30.686,981.337,1006.3,49.6448,1,2,0.9,0.0,0.0,5,0.0,0,False,1746969314.7797256,right,False
1489,1746969315.7712169,169.242,1.64351,3.9503,0.0740397,0.0943701,5173.16,5,30.708,982.369,1007.33,49.6445,1,2,0.9,0.0,0.0,5,0.0,0,False,1746969314.7797256,right,False
1490,1746969315.7935548,169.295,1.64502,4.04485,0.0681763,0.0953634,5175.98,5,30.73,983.401,1008.37,49.6442,1,2,0.9,0.0,0.0,5,0.0,0,False,1746969314.7797256,right,False
1491,1746969315.8168697,169.347,1.64623,4.12123,0.0622437,0.0963404,5179.88,5,30.752,984.434,1009.4,49.6439,1,2,0.9,0.0,0.0,5,0.0,0,False,1746969314.7797256,right,False
1492,1746969315.838086,169.4,1.64615,4.18047,0.0562297,0.0973022,5182.7,5,30.774,985.466,1010.43,49.6436,1,2,0.9,0.0,0.0,5,0.0,0,False,1746969314.7797256,right,False
1493,1746969315.8613162,169.451,1.64682,4.22407,0.0501709,0.0982535,5186.58,5,30.796,986.499,1011.46,49.6433,1,2,0.9,0.0,0.0,5,0.0,0,False,1746969314.7797256,right,False
1494,1746969315.8837867,169.504,1.64507,4.2648,0.0440186,0.0991902,5188.16,5,30.818,987.531,1012.5,49.643,1,2,0.9,0.0,0.0,5,0.0,0,False,1746969314.7797256,right,False
1495,1746969315.9040937,169.556,1.64439,4.27982,0.0378215,0.100118,5191.43,5,30.84,988.564,1013.53,49.6427,1,2,0.9,0.0,0.0,5,0.0,0,False,1746969314.7797256,right,False
1496,1746969315.9283524,169.609,1.64193,4.30549,0.031547,0.101039,5192.65,5,30.862,989.597,1014.56,49.6424,1,2,0.9,0.0,0.0,5,0.0,0,False,1746969314.7797256,right,False
1497,1746969315.9474986,169.661,1.64001,4.32413,0.0252034,0.101959,5194.41,5,30.884,990.63,1015.59,49.6421,1,2,0.9,0.0,0.0,5,0.0,0,False,1746969314.7797256,right,False
1498,1746969315.973042,169.7,1.79661,4.33307,0.0188517,0.102009,5199.18,5,30.906,991.663,1016.63,49.6418,1,2,0.9,0.0,0.1,5,0.0,0,False,1746969314.7797256,right,False
1499,1746969315.991985,169.736,1.64741,4.32201,0.0125692,0.0997984,5206,5,30.928,992.696,1017.66,49.6415,1,2,0.9,0.0,0.1,5,0.0,0,False,1746969314.7797256,right,False
1500,1746969316.0132594,169.776,1.17126,4.30025,0.00637614,0.0955937,5211.97,5,30.95,993.73,1018.69,49.6412,1,2,0.9,0.0,0.1,5,0.0,0,False,1746969314.7797256,right,False
1501,1746969316.0359566,169.815,0.441789,4.25239,0.000260417,0.08972,5218.24,5,30.972,994.763,1019.73,49.641,1,2,0.9,0.0,0.1,5,0.0,0,False,1746969314.7797256,right,False
1502,1746969316.0582244,169.848,-0.478191,4.18215,-0.00574951,0.082495,5227.17,5,30.994,995.797,1020.76,49.6407,1,2,0.9,0.0,0.1,5,0.0,0,False,1746969314.7797256,right,False
1503,1746969316.0814493,169.872,-1.52697,4.09758,-0.0116211,0.0742223,5236.42,5,31.016,996.831,1021.8,49.6404,1,2,0.9,0.0,0.1,5,0.0,0,False,1746969314.7797256,right,False
1504,1746969316.1032455,169.882,-2.66115,3.98995,-0.0173503,0.0651898,5250.16,5,31.038,997.866,1022.83,49.6401,1,2,0.9,0.0,0.1,5,0.0,0,False,1746969314.7797256,right,False
1505,1746969316.1265655,169.881,-3.82901,3.87794,-0.0229045,0.055635,5262.3,5,31.06,998.9,1023.87,49.6398,1,2,0.9,0.0,0.1,5,0.0,0,False,1746969314.7797256,right,False
1506,1746969316.1467404,169.864,-5.01374,3.742,-0.0282715,0.0457513,5277.93,5,31.082,999.935,1024.9,49.6395,1,2,0.9,0.0,0.1,5,0.0,0,False,1746969314.7797256,right,False
1507,1746969316.1690962,169.832,-6.19096,3.58498,-0.033431,0.0356939,5297.01,5,31.104,1000.97,1025.93,49.6392,1,2,0.9,0.0,0.1,5,0.0,0,False,1746969314.7797256,right,False
1508,1746969316.1897287,169.787,-7.34293,3.42321,-0.0383708,0.0255585,5315.72,5,31.126,1002.01,1026.97,49.6389,1,2,0.9,0.0,0.1,5,0.0,0,False,1746969314.7797256,right,False
1509,1746969316.2123818,169.73,-8.46898,3.24797,-0.0430623,0.0154085,5334.57,5,31.148,1003.04,1028.01,49.6386,1,2,0.9,0.0,0.1,5,0.0,0,False,1746969314.7797256,right,False
1510,1746969316.235227,169.665,-9.55517,3.06736,-0.0475057,0.00530362,5350.16,5,31.17,1004.08,1029.04,49.6383,1,2,0.9,0.0,0.1,5,0.0,0,False,1746969314.7797256,right,False
1511,1746969316.2574072,169.589,-10.6131,2.8756,-0.0516927,-0.00477815,5366.12,5,31.192,1005.11,1030.08,49.638,1,2,0.9,0.0,0.1,5,0.0,0,False,1746969314.7797256,right,False
1512,1746969316.280441,169.505,-11.6469,2.67909,-0.0556112,-0.0148401,5377.34,5,31.214,1006.15,1031.11,49.6377,1,2,0.9,0.0,0.1,5,0.0,0,False,1746969314.7797256,right,False
1513,1746969316.3009007,169.411,-12.6497,2.48334,-0.0592407,-0.0248661,5391.32,5,31.236,1007.18,1032.15,49.6374,1,2,0.9,0.0,0.1,5,0.0,0,False,1746969314.7797256,right,False
1514,1746969316.321439,169.308,-13.629,2.27631,-0.0625895,-0.0348401,5406.2,5,31.258,1008.22,1033.18,49.6371,1,2,0.9,0.0,0.0,5,0.0,0,False,1746969314.7797256,left,False
1515,1746969316.3440409,169.232,-14.6362,2.07048,-0.0656575,-0.044493,5403.26,5,31.28,1009.25,1034.22,49.6368,1,2,0.9,0.0,0.0,5,0.0,0,False,1746969314.7797256,left,False
1516,1746969316.3674362,169.17,-15.5091,1.87847,-0.0684652,-0.0533326,5391.66,5,31.302,1010.29,1035.25,49.6365,1,2,0.9,0.0,0.0,5,0.0,0,False,1746969314.7797256,left,False
1517,1746969316.3880918,169.12,-16.228,1.68314,-0.0710124,-0.0614161,5373.49,5,31.324,1011.33,1036.29,49.6363,1,2,0.9,0.0,0.0,5,0.0,0,False,1746969314.7797256,left,False
1518,1746969316.4109144,169.074,-16.8226,1.47559,-0.0732829,-0.0688367,5361.05,5,31.346,1012.36,1037.33,49.636,1,2,0.9,0.0,0.0,5,0.0,0,False,1746969314.7797256,left,False
1519,1746969316.4333134,169.032,-17.2884,1.28491,-0.0752848,-0.0756738,5349.3,5,31.368,1013.4,1038.36,49.6357,1,2,0.9,0.0,0.0,5,0.0,0,False,1746969314.7797256,left,False
1520,1746969316.454897,168.992,-17.6541,1.0895,-0.0769938,-0.0819502,5344.29,5,31.39,1014.43,1039.4,49.6354,1,2,0.9,0.0,0.0,5,0.0,0,False,1746969314.7797256,left,False
1521,1746969316.4755154,168.957,-17.9267,0.890366,-0.0784139,-0.0877182,5343.01,5,31.412,1015.47,1040.44,49.6351,1,2,0.9,0.0,0.0,5,0.0,0,False,1746969314.7797256,left,False
1522,1746969316.4992483,168.927,-18.1112,0.691963,-0.0795329,-0.0929785,5346.84,5,31.434,1016.51,1041.47,49.6348,1,2,0.9,0.0,0.0,5,0.0,0,False,1746969314.7797256,left,False
1523,1746969316.523537,168.906,-18.2067,0.494544,-0.0803711,-0.0977373,5349.03,5,31.456,1017.54,1042.51,49.6345,1,2,0.9,0.0,0.0,5,0.0,0,False,1746969314.7797256,left,False
1524,1746969316.5418313,168.892,-18.2135,0.29103,-0.0809041,-0.10199,5355.64,5,31.478,1018.58,1043.54,49.6342,1,2,0.9,0.0,0.0,5,0.0,0,False,1746969314.7797256,left,False
1525,1746969316.5654156,168.883,-18.1393,0.0946731,-0.0811523,-0.105722,5368.83,5,31.5,1019.62,1044.58,49.6339,1,2,0.9,0.0,0.0,5,0.0,0,False,1746969314.7797256,left,False
1526,1746969316.585476,168.891,-17.9713,-0.1014,-0.0811117,-0.108907,5375.2,5,31.522,1020.65,1045.62,49.6336,1,2,0.9,0.0,0.0,5,0.0,0,False,1746969314.7797256,left,False
1527,1746969316.609608,168.907,-17.7189,-0.298885,-0.0807739,-0.111543,5384.24,5,31.544,1021.69,1046.65,49.6333,1,2,0.9,0.0,0.0,5,0.0,0,False,1746969314.7797256,left,False
1528,1746969316.631115,168.938,-17.3731,-0.496213,-0.0801473,-0.113611,5388.79,5,31.566,1022.72,1047.69,49.633,1,2,0.9,0.0,0.0,5,0.0,0,False,1746969314.7797256,left,False
1529,1746969316.6530166,168.977,-16.9427,-0.693336,-0.0792358,-0.115113,5397.57,5,31.588,1023.76,1048.73,49.6327,1,2,0.9,0.0,0.0,5,0.0,0,False,1746969314.7797256,left,False
1530,1746969316.6738832,169.031,-16.4237,-0.886343,-0.0780477,-0.116043,5401.64,5,31.61,1024.8,1049.76,49.6324,1,2,0.9,0.0,0.0,5,0.0,0,False,1746969314.7797256,left,False
1531,1746969316.6949203,169.101,-15.8194,-1.08017,-0.0765788,-0.116413,5399.1,5,31.632,1025.83,1050.8,49.6321,1,2,0.9,0.0,0.0,5,0.0,0,False,1746969314.7797256,left,False
1532,1746969316.7187736,169.181,-15.135,-1.26491,-0.0748332,-0.116231,5394.02,5,31.654,1026.87,1051.83,49.6318,1,2,0.9,0.0,0.0,5,0.0,0,False,1746969314.7797256,left,False
1533,1746969316.7392676,169.269,-14.3773,-1.454,-0.072819,-0.115511,5393.45,5,31.676,1027.9,1052.87,49.6316,1,2,0.9,0.0,0.0,5,0.0,0,False,1746969314.7797256,left,False
1534,1746969316.7632723,169.375,-13.5409,-1.62647,-0.0705485,-0.114271,5377.4,5,31.698,1028.94,1053.91,49.6313,1,2,0.9,0.0,0.0,5,0.0,0,False,1746969314.7797256,left,False
1535,1746969316.784002,169.487,-12.6534,-1.80261,-0.0680216,-0.112559,5361.94,5,31.72,1029.98,1054.94,49.631,1,2,0.9,0.0,0.0,5,0.0,0,False,1746969314.7797256,left,False
1536,1746969316.8049471,169.604,-11.711,-1.96939,-0.0652466,-0.110408,5344.14,5,31.742,1031.01,1055.98,49.6307,1,2,0.9,0.0,0.0,5,0.0,0,False,1746969314.7797256,left,False
1537,1746969316.8309777,169.725,-10.7297,-2.12668,-0.0622396,-0.107871,5326.99,5,31.764,1032.05,1057.02,49.6304,1,2,0.9,0.0,0.0,5,0.0,0,True,1746969314.7797256,left,False
1538,1746969316.8498924,169.848,-9.73173,-2.28763,-0.0590088,-0.105025,5310.79,5,31.786,1033.09,1058.05,49.6301,1,2,0.9,0.0,0.0,5,0.0,0,True,1746969314.7797256,left,False
1539,1746969316.873249,169.969,-8.72264,-2.43702,-0.0555745,-0.101903,5295.66,5,31.808,1034.13,1059.09,49.6298,1,2,0.9,0.0,0.0,5,0.0,0,True,1746969314.7797256,left,False
1540,1746969316.8945405,170.091,-7.71531,-2.57539,-0.051945,-0.0985851,5279.45,5,31.83,1035.16,1060.13,49.6295,1,2,0.9,0.0,0.0,5,0.0,0,True,1746969314.7797256,left,False
1541,1746969316.9174657,170.209,-6.73009,-2.70262,-0.0481445,-0.0951467,5265.71,5,31.852,1036.2,1061.17,49.6292,1,2,0.9,0.0,0.0,5,0.0,0,True,1746969314.7797256,left,False
1542,1746969316.9387927,170.321,-5.77819,-2.81988,-0.0441854,-0.0916319,5256.67,5,31.874,1037.24,1062.2,49.6289,1,2,0.9,0.0,0.0,5,0.0,0,True,1746969314.7797256,left,False
1543,1746969316.9592128,170.43,-4.86818,-2.92119,-0.040096,-0.0881028,5248.99,5,31.896,1038.28,1063.24,49.6286,1,2,0.9,0.0,0.0,5,0.0,0,True,1746969314.7797256,left,False
1544,1746969316.9814575,170.534,-4.00955,-3.00422,-0.0358805,-0.0845923,5242.87,5,31.918,1039.32,1064.28,49.6283,1,2,0.9,0.0,0.0,5,0.0,0,True,1746969314.7797256,left,False
1545,1746969317.0032666,170.632,-3.21151,-3.08635,-0.0315715,-0.0811429,5241.78,5,31.94,1040.36,1065.32,49.628,1,2,0.9,0.0,0.0,5,0.0,0,True,1746969314.7797256,left,False
1546,1746969317.0281973,170.729,-2.47385,-3.14839,-0.0271769,-0.0777779,5239.57,5,31.962,1041.4,1066.36,49.6277,1,2,0.9,0.0,0.0,5,0.0,0,True,1746969314.7797256,left,False
1547,1746969317.0484943,170.821,-1.80106,-3.19314,-0.0227376,-0.0745258,5239.21,5,31.984,1042.44,1067.4,49.6274,1,2,0.9,0.0,0.0,5,0.0,0,True,1746969314.7797256,left,False
1548,1746969317.0695138,170.912,-1.19236,-3.22018,-0.0182495,-0.0713997,5238.35,5,32.006,1043.48,1068.45,49.6271,1,2,0.9,0.0,0.0,5,0.0,0,True,1746969314.7797256,left,False
1549,1746969317.0892973,170.993,-0.695219,-3.23348,-0.0141479,-0.0686774,5237.8,5,32.026,1044.43,1069.39,49.6269,1,2,0.9,0.0,0.0,5,0.0,0,True,1746969314.7797256,left,False
1550,1746969317.1108413,171.072,-0.250196,-3.2345,-0.0100505,-0.0660791,5238.14,5,32.046,1045.38,1070.34,49.6266,1,2,0.9,0.0,0.0,5,0.0,0,True,1746969314.7797256,left,False
1551,1746969317.1291702,171.148,0.144548,-3.22683,-0.00595296,-0.0636094,5240.51,5,32.066,1046.33,1071.29,49.6263,1,2,0.9,0.0,0.0,5,0.0,0,True,1746969314.7797256,left,False
1552,1746969317.1505558,171.224,0.49178,-3.20689,-0.00186768,-0.0612686,5241.51,5,32.086,1047.27,1072.24,49.6261,1,2,0.9,0.0,0.0,5,0.0,0,True,1746969314.7797256,left,False
1553,1746969317.171107,171.299,0.793652,-3.18061,0.0021932,-0.0590587,5243.04,5,32.106,1048.22,1073.19,49.6258,1,2,0.9,0.0,0.0,5,0.0,0,True,1746969314.7797256,left,False
1554,1746969317.1914427,171.374,1.05286,-3.13808,0.00622152,-0.0569794,5244.64,5,32.126,1049.17,1074.14,49.6255,1,2,0.9,0.0,0.0,5,0.0,0,True,1746969314.7797256,left,False
1555,1746969317.2093463,171.448,1.27328,-3.09597,0.0102091,-0.0550244,5246.82,5,32.146,1050.12,1075.09,49.6253,1,2,0.9,0.0,0.0,5,0.0,0,True,1746969314.7797256,left,False
1556,1746969317.2306488,171.523,1.45744,-3.03891,0.0141602,-0.0531919,5247.04,5,32.166,1051.08,1076.04,49.625,1,2,0.9,0.0,0.0,5,0.0,0,True,1746969314.7797256,left,False
1557,1746969317.251428,171.596,1.60938,-2.97857,0.0180583,-0.0514743,5248.52,5,32.186,1052.03,1076.99,49.6247,1,2,0.9,0.0,0.0,5,0.0,0,True,1746969314.7797256,left,False
1558,1746969317.271339,171.668,1.73243,-2.91829,0.0218994,-0.0498657,5251.56,5,32.206,1052.98,1077.94,49.6245,1,2,0.9,0.0,0.0,5,0.0,0,True,1746969314.7797256,left,False
1559,1746969317.2899115,171.741,1.82937,-2.85452,0.0256755,-0.0483601,5252.65,5,32.226,1053.93,1078.9,49.6242,1,2,0.9,0.0,0.0,5,0.0,0,True,1746969314.7797256,left,False
1560,1746969317.3091114,171.814,1.90446,-2.78694,0.0293905,-0.0469437,5254.71,5,32.246,1054.89,1079.85,49.6239,1,2,0.9,0.0,0.0,5,0.0,0,True,1746969314.7797256,left,False
1561,1746969317.3304303,171.886,1.96017,-2.71487,0.0330322,-0.0456059,5257.09,5,32.266,1055.84,1080.8,49.6237,1,2,0.9,0.0,0.0,5,0.0,0,True,1746969314.7797256,left,False
1562,1746969317.3524382,171.958,1.9998,-2.64148,0.036613,-0.0443411,5258.98,5,32.286,1056.79,1081.76,49.6234,1,2,0.9,0.0,0.0,5,0.0,0,True,1746969314.7797256,left,False
1563,1746969317.3723283,172.031,2.0264,-2.56941,0.0401286,-0.0431376,5260.46,5,32.306,1057.75,1082.71,49.6231,1,2,0.9,0.0,0.0,5,0.0,0,True,1746969314.7797256,left,False
1564,1746969317.3912966,172.102,2.04378,-2.50657,0.0435791,-0.0419846,5263.2,5,32.326,1058.7,1083.67,49.6229,1,2,0.9,0.0,0.0,5,0.0,0,True,1746969314.7797256,left,False
1565,1746969317.4089055,172.174,2.0514,-2.43811,0.0469605,-0.0408764,5264.58,5,32.346,1059.66,1084.63,49.6226,1,2,0.9,0.0,0.0,5,0.0,0,True,1746969314.7797256,left,False
1566,1746969317.4318585,172.245,2.05365,-2.37856,0.0502726,-0.0398066,5267.78,5,32.366,1060.62,1085.58,49.6223,1,2,0.9,0.0,0.0,5,0.0,0,True,1746969314.7797256,left,False
1567,1746969317.503158,172.317,2.04956,-2.31561,0.0535238,-0.0387666,5269.07,5,32.386,1061.57,1086.54,49.6221,1,2,0.9,0.0,0.0,5,0.0,0,True,1746969314.7797256,left,False
1568,1746969317.5156581,172.388,2.04264,-2.2532,0.0567057,-0.0377479,5271.46,5,32.406,1062.53,1087.5,49.6218,1,2,0.9,0.0,0.0,5,0.0,0,True,1746969314.7797256,left,False
1569,1746969317.5180056,172.458,2.03397,-2.20445,0.0598226,-0.0367508,5274.72,5,32.426,1063.49,1088.45,49.6215,1,2,0.9,0.0,0.0,5,0.0,0,True,1746969314.7797256,left,False
1570,1746969317.520651,172.529,2.02125,-2.14567,0.0628825,-0.0357742,5275.81,5,32.446,1064.45,1089.41,49.6213,1,2,0.9,0.0,0.0,5,0.0,0,True,1746969314.7797256,left,False
1571,1746969317.5302236,172.599,2.00967,-2.10304,0.0658976,-0.0348063,5278.58,5,32.466,1065.41,1090.37,49.621,1,2,0.9,0.0,0.0,5,0.0,0,True,1746969314.7797256,left,False
1572,1746969317.5514457,172.669,1.99672,-2.05692,0.0688477,-0.0338502,5280.98,5,32.486,1066.37,1091.33,49.6207,1,2,0.9,0.0,0.0,5,0.0,0,True,1746969314.7797256,left,False
1573,1746969317.5707412,172.739,1.98369,-2.01907,0.0717285,-0.0329041,5283.83,5,32.506,1067.33,1092.29,49.6205,1,2,0.9,0.0,0.0,5,0.0,0,True,1746969314.7797256,left,False
1574,1746969317.592576,172.809,1.96913,-1.97493,0.0745443,-0.0319672,5285.56,5,32.526,1068.29,1093.25,49.6202,1,2,0.9,0.0,0.0,5,0.0,0,True,1746969314.7797256,left,False
1575,1746969317.6121805,172.879,1.95488,-1.92684,0.0772909,-0.0310342,5287.13,5,32.546,1069.25,1094.21,49.6199,1,2,0.9,0.0,0.0,5,0.0,0,True,1746969314.7797256,left,False
1576,1746969317.630145,172.948,1.94045,-1.88457,0.0799723,-0.0301075,5289.65,5,32.566,1070.21,1095.17,49.6197,1,2,0.9,0.0,0.0,5,0.0,0,True,1746969314.7797256,left,False
1577,1746969317.6516824,173.017,1.92732,-1.84814,0.0825887,-0.0291841,5292.49,5,32.586,1071.17,1096.14,49.6194,1,2,0.9,0.0,0.0,5,0.0,0,True,1746969314.7797256,left,False
1578,1746969317.6694412,173.086,1.91345,-1.80371,0.0851359,-0.0282638,5293.89,5,32.606,1072.13,1097.1,49.6191,1,2,0.9,0.0,0.0,5,0.0,0,True,1746969314.7797256,left,False
1579,1746969317.6897974,173.155,1.90072,-1.76364,0.0876139,-0.0273473,5296.35,5,32.626,1073.1,1098.06,49.6189,1,2,0.9,0.0,0.0,5,0.0,0,True,1746969314.7797256,left,False
1580,1746969317.710738,173.223,1.88752,-1.72352,0.0900228,-0.0264349,5298.77,5,32.646,1074.06,1099.02,49.6186,1,2,0.9,0.0,0.0,5,0.0,0,True,1746969314.7797256,left,False
1581,1746969317.7311969,173.292,1.87401,-1.6785,0.0923828,-0.0255263,5300.57,5,32.666,1075.02,1099.99,49.6183,1,2,0.9,0.0,0.0,5,0.0,0,True,1746969314.7797256,left,False
1582,1746969317.7524624,173.36,1.86135,-1.63512,0.0946981,-0.0246203,5302.84,5,32.686,1075.99,1100.95,49.6181,1,2,0.9,0.0,0.0,5,0.0,0,True,1746969314.7797256,left,False
1583,1746969317.7694874,173.428,1.84949,-1.59588,0.0969442,-0.023716,5305.45,5,32.706,1076.95,1101.92,49.6178,1,2,0.9,0.0,0.0,5,0.0,0,True,1746969314.7797256,left,False
1584,1746969317.7910564,173.496,1.8375,-1.55003,0.0991211,-0.0228133,5306.4,5,32.726,1077.92,1102.88,49.6175,1,2,0.9,0.0,0.0,5,0.0,0,True,1746969314.7797256,left,False
1585,1746969317.8124533,173.563,1.82675,-1.51552,0.101229,-0.0219102,5309.29,5,32.746,1078.88,1103.85,49.6173,1,2,0.9,0.0,0.0,5,0.0,0,True,1746969314.7797256,left,False
1586,1746969317.831236,173.631,1.81591,-1.46765,0.103271,-0.021008,5310.98,5,32.766,1079.85,1104.81,49.617,1,2,0.9,0.0,0.0,5,0.0,0,True,1746969314.7797256,left,False
1587,1746969317.8528128,173.698,1.80605,-1.42677,0.105257,-0.0201075,5313.7,5,32.786,1080.82,1105.78,49.6167,1,2,0.9,0.0,0.0,5,0.0,0,True,1746969314.7797256,left,False
1588,1746969317.870404,173.765,1.79597,-1.38241,0.107198,-0.0192077,5315.12,5,32.806,1081.78,1106.75,49.6165,1,2,0.9,0.0,0.0,5,0.0,0,True,1746969314.7797256,left,False
1589,1746969317.8906155,173.832,1.78664,-1.33644,0.10907,-0.0183094,5317.16,5,32.826,1082.75,1107.72,49.6162,1,2,0.9,0.0,0.0,5,0.0,0,True,1746969314.7797256,left,False
1590,1746969317.9106143,173.899,1.77811,-1.29456,0.110876,-0.0174096,5318.83,5,32.846,1083.72,1108.68,49.6159,1,2,0.9,0.0,0.0,5,0.0,0,True,1746969314.7797256,left,False
1591,1746969317.9300678,173.965,1.76934,-1.24844,0.112614,-0.0165105,5321.53,5,32.866,1084.69,1109.65,49.6157,1,2,0.9,0.0,0.0,5,0.0,0,True,1746969314.7797256,left,False
1592,1746969317.950453,174.031,1.76162,-1.20076,0.114307,-0.015609,5322.44,5,32.886,1085.66,1110.62,49.6154,1,2,0.9,0.0,0.0,5,0.0,0,True,1746969314.7797256,left,False
1593,1746969317.9712787,174.097,1.75462,-1.16124,0.115942,-0.014708,5324.71,5,32.906,1086.62,1111.59,49.6151,1,2,0.9,0.0,0.0,5,0.0,0,True,1746969314.7797256,left,False
1594,1746969317.9899356,174.162,1.74849,-1.11643,0.117509,-0.0138049,5327.38,5,32.926,1087.59,1112.56,49.6149,1,2,0.9,0.0,0.0,5,0.0,0,True,1746969314.7797256,left,False
1595,1746969318.0118818,174.228,1.74257,-1.07223,0.11901,-0.0129018,5329.65,5,32.946,1088.56,1113.53,49.6146,1,2,0.9,0.0,0.0,5,0.0,0,True,1746969314.7797256,left,False
1596,1746969318.029119,174.294,1.73609,-1.02756,0.120447,-0.0120003,5330.4,5,32.966,1089.53,1114.5,49.6143,1,2,0.9,0.0,0.0,5,0.0,0,True,1746969314.7797256,left,False
1597,1746969318.0523672,174.359,1.73083,-0.982328,0.121842,-0.0110941,5332.54,5,32.986,1090.51,1115.47,49.6141,1,2,0.9,0.0,0.0,5,0.0,0,True,1746969314.7797256,left,False
1598,1746969318.0717835,174.423,1.72794,-0.945333,0.123173,-0.0101821,5335.25,5,33.006,1091.48,1116.44,49.6138,1,2,0.9,0.0,0.0,5,0.0,0,True,1746969314.7797256,left,False
1599,1746969318.0892901,174.488,1.72466,-0.897919,0.124434,-0.00926971,5337.39,5,33.026,1092.45,1117.41,49.6135,1,2,0.9,0.0,0.0,5,0.0,0,True,1746969314.7797256,left,False
1600,1746969318.1113434,174.552,1.72145,-0.85621,0.125635,-0.00835657,5339.85,5,33.046,1093.42,1118.38,49.6133,1,2,0.9,0.0,0.0,5,0.0,0,True,1746969314.7797256,left,False
1601,1746969318.1300652,174.616,1.719,-0.812598,0.12679,-0.00744367,5341.65,5,33.066,1094.39,1119.36,49.613,1,2,0.9,0.0,0.0,5,0.0,0,True,1746969314.7797256,left,False
1602,1746969318.1504653,174.681,1.71574,-0.7661,0.127873,-0.006531,5342.62,5,33.086,1095.36,1120.33,49.6127,1,2,0.9,0.0,0.0,5,0.0,0,True,1746969314.7797256,left,False
1603,1746969318.1702063,174.745,1.71304,-0.72622,0.128898,-0.00561738,5344.67,5,33.106,1096.34,1121.3,49.6125,1,2,0.9,0.0,0.0,5,0.0,0,True,1746969314.7797256,left,False
1604,1746969318.1930168,174.808,1.71078,-0.682294,0.129862,-0.00470185,5346.84,5,33.126,1097.31,1122.28,49.6122,1,2,0.9,0.0,0.0,5,0.0,0,True,1746969314.7797256,left,False
1605,1746969318.2105105,174.872,1.70914,-0.64037,0.130778,-0.00378537,5348.93,5,33.146,1098.29,1123.25,49.6119,1,2,0.9,0.0,0.0,5,0.0,0,True,1746969314.7797256,left,False
1606,1746969318.2299914,174.935,1.70724,-0.593451,0.13162,-0.00286651,5350.49,5,33.166,1099.26,1124.22,49.6117,1,2,0.9,0.0,0.0,5,0.0,0,True,1746969314.7797256,left,False
1607,1746969318.2496452,174.998,1.70591,-0.548432,0.132393,-0.0019455,5352.61,5,33.186,1100.23,1125.2,49.6114,1,2,0.9,0.0,0.0,5,0.0,0,True,1746969314.7797256,left,False
1608,1746969318.2712831,175.061,1.70497,-0.504404,0.133126,-0.00102305,5354.53,5,33.206,1101.21,1126.17,49.6111,1,2,0.9,0.0,0.0,5,0.0,0,True,1746969314.7797256,left,False
1609,1746969318.2900434,175.123,1.70494,-0.463683,0.133797,-9.84669e-005,5356.61,5,33.226,1102.19,1127.15,49.6109,1,2,0.9,0.0,0.0,5,0.0,0,True,1746969314.7797256,left,False
1610,1746969318.3099153,175.186,1.70402,-0.417587,0.134399,0.000826597,5358.02,5,33.246,1103.16,1128.13,49.6106,1,2,0.9,0.0,0.0,5,0.0,0,True,1746969314.7797256,left,False
1611,1746969318.3314183,175.248,1.7036,-0.375422,0.134937,0.00175285,5360.18,5,33.266,1104.14,1129.1,49.6103,1,2,0.9,0.0,0.0,5,0.0,0,True,1746969314.7797256,left,False
1612,1746969318.351331,175.31,1.70411,-0.333622,0.135433,0.00268102,5362.08,5,33.286,1105.11,1130.08,49.6101,1,2,0.9,0.0,0.0,5,0.0,0,True,1746969314.7797256,left,False
1613,1746969318.371213,175.371,1.70395,-0.287518,0.135856,0.00361037,5364.17,5,33.306,1106.09,1131.05,49.6098,1,2,0.9,0.0,0.0,5,0.0,0,True,1746969314.7797256,left,False
1614,1746969318.390531,175.433,1.70424,-0.244923,0.136214,0.00454164,5365.88,5,33.326,1107.07,1132.03,49.6095,1,2,0.9,0.0,0.0,5,0.0,0,True,1746969314.7797256,left,False
1615,1746969318.4117365,175.494,1.70456,-0.200839,0.136528,0.00547361,5367.77,5,33.346,1108.05,1133.01,49.6093,1,2,0.9,0.0,0.0,5,0.0,0,True,1746969314.7797256,left,False
1616,1746969318.4295194,175.555,1.70542,-0.159669,0.136776,0.00640678,5369.87,5,33.366,1109.02,1133.99,49.609,1,2,0.9,0.0,0.0,5,0.0,0,True,1746969314.7797256,left,False
1617,1746969318.4524677,175.617,1.70528,-0.113064,0.136951,0.00734138,5370.19,5,33.386,1110,1134.97,49.6087,1,2,0.9,0.0,0.0,5,0.0,0,True,1746969314.7797256,left,False
1618,1746969318.4712574,175.678,1.70552,-0.0594971,0.137069,0.00827956,5372.45,5,33.406,1110.98,1135.94,49.6085,1,2,0.9,0.0,0.0,5,0.0,0,True,1746969314.7797256,left,False
1619,1746969318.4900062,175.738,1.70773,-0.0268991,0.137138,0.00921988,5374.99,5,33.426,1111.96,1136.92,49.6082,1,2,0.9,0.0,0.0,5,0.0,0,True,1746969314.7797256,left,False
1620,1746969318.511525,175.798,1.70892,0.0250427,0.137138,0.0101635,5376.54,5,33.446,1112.94,1137.9,49.6079,1,2,0.9,0.0,0.0,5,0.0,0,True,1746969314.7797256,left,False
1621,1746969318.5293167,175.858,1.7095,0.0733437,0.137065,0.0111046,5379.22,5,33.466,1113.92,1138.88,49.6077,1,2,0.9,0.0,0.0,5,0.0,0,True,1746969314.7797256,left,False
1622,1746969318.5519881,175.918,1.70915,0.11906,0.136955,0.0120394,5380.94,5,33.486,1114.9,1139.86,49.6074,1,2,0.9,0.0,0.0,5,0.0,0,True,1746969314.7797256,left,False
1623,1746969318.570466,175.977,1.70908,0.165415,0.136772,0.0129728,5382.42,5,33.506,1115.88,1140.84,49.6071,1,2,0.9,0.0,0.0,5,0.0,0,True,1746969314.7797256,left,False
1624,1746969318.5899124,176.037,1.70956,0.204072,0.136519,0.0139103,5384.15,5,33.526,1116.86,1141.82,49.6069,1,2,0.9,0.0,0.0,5,0.0,0,True,1746969314.7797256,left,False
1625,1746969318.6108937,176.096,1.71028,0.240939,0.136222,0.014848,5385.95,5,33.546,1117.84,1142.8,49.6066,1,2,0.9,0.0,0.0,5,0.0,0,True,1746969314.7797256,left,False
1626,1746969318.6332173,176.155,1.71115,0.285148,0.13586,0.0157878,5388.08,5,33.566,1118.82,1143.79,49.6063,1,2,0.9,0.0,0.0,5,0.0,0,True,1746969314.7797256,left,False
1627,1746969318.6492443,176.214,1.71173,0.32844,0.135425,0.0167289,5390.1,5,33.586,1119.8,1144.77,49.6061,1,2,0.9,0.0,0.0,5,0.0,0,True,1746969314.7797256,left,False
1628,1746969318.6712584,176.273,1.71247,0.369687,0.134928,0.0176718,5391.56,5,33.606,1120.79,1145.75,49.6058,1,2,0.9,0.0,0.0,5,0.0,0,True,1746969314.7797256,left,False
1629,1746969318.6907094,176.331,1.7141,0.411872,0.134387,0.0186174,5393.02,5,33.626,1121.77,1146.73,49.6055,1,2,0.9,0.0,0.0,5,0.0,0,True,1746969314.7797256,left,False
1630,1746969318.712685,176.389,1.71502,0.458807,0.133773,0.0195646,5394.72,5,33.646,1122.75,1147.71,49.6053,1,2,0.9,0.0,0.0,5,0.0,0,True,1746969314.7797256,left,False
1631,1746969318.7301803,176.447,1.71577,0.505845,0.133089,0.0205116,5396.26,5,33.666,1123.73,1148.7,49.605,1,2,0.9,0.0,0.0,5,0.0,0,True,1746969314.7797256,left,False
1632,1746969318.7498293,176.505,1.71733,0.546574,0.132361,0.0214617,5398.41,5,33.686,1124.72,1149.68,49.6047,1,2,0.9,0.0,0.0,5,0.0,0,True,1746969314.7797256,left,False
1633,1746969318.769071,176.563,1.71823,0.592907,0.131559,0.0224104,5399.65,5,33.706,1125.7,1150.66,49.6045,1,2,0.9,0.0,0.0,5,0.0,0,True,1746969314.7797256,left,False
1634,1746969318.7903478,176.62,1.71936,0.640423,0.130688,0.0233605,5401.48,5,33.726,1126.68,1151.65,49.6042,1,2,0.9,0.0,0.0,5,0.0,0,True,1746969314.7797256,left,False
1635,1746969318.810521,176.677,1.72034,0.680476,0.129773,0.0243094,5403.53,5,33.746,1127.67,1152.63,49.6039,1,2,0.9,0.0,0.0,5,0.0,0,True,1746969314.7797256,left,False
1636,1746969318.8293667,176.734,1.7209,0.725024,0.128788,0.0252576,5405.71,5,33.766,1128.65,1153.62,49.6036,1,2,0.9,0.0,0.0,5,0.0,0,True,1746969314.7797256,left,False
1637,1746969318.8505359,176.791,1.72111,0.777624,0.127726,0.0262072,5406.27,5,33.786,1129.64,1154.6,49.6034,1,2,0.9,0.0,0.0,5,0.0,0,True,1746969314.7797256,left,False
1638,1746969318.8705788,176.848,1.72181,0.820828,0.126628,0.0271587,5408.63,5,33.806,1130.62,1155.58,49.6031,1,2,0.9,0.0,0.0,5,0.0,0,True,1746969314.7797256,left,False
1639,1746969318.888949,176.904,1.72276,0.863328,0.125456,0.0281093,5410.49,5,33.826,1131.61,1156.57,49.6028,1,2,0.9,0.0,0.0,5,0.0,0,True,1746969314.7797256,left,False
1640,1746969318.910339,176.96,1.72321,0.914474,0.124215,0.0290611,5411.74,5,33.846,1132.59,1157.56,49.6026,1,2,0.9,0.0,0.0,5,0.0,0,True,1746969314.7797256,left,False
1641,1746969318.9304695,177.016,1.72432,0.957801,0.122913,0.030014,5413.57,5,33.866,1133.58,1158.54,49.6023,1,2,0.9,0.0,0.0,5,0.0,0,True,1746969314.7797256,left,False
1642,1746969318.9498577,177.071,1.72512,1.00065,0.121554,0.0309675,5416.28,5,33.886,1134.56,1159.53,49.602,1,2,0.9,0.0,0.0,5,0.0,0,True,1746969314.7797256,left,False
1643,1746969318.9700549,177.127,1.72541,1.04867,0.120125,0.0319209,5417.39,5,33.906,1135.55,1160.51,49.6018,1,2,0.9,0.0,0.0,5,0.0,0,True,1746969314.7797256,left,False
1644,1746969318.9909768,177.182,1.72603,1.0944,0.11864,0.0328732,5418.57,5,33.926,1136.54,1161.5,49.6015,1,2,0.9,0.0,0.0,5,0.0,0,True,1746969314.7797256,left,False
1645,1746969319.0110877,177.237,1.72648,1.13966,0.117094,0.0338249,5420.57,5,33.946,1137.52,1162.49,49.6012,1,2,0.9,0.0,0.0,5,0.0,0,True,1746969314.7797256,left,False
1646,1746969319.0294235,177.292,1.72668,1.18485,0.115474,0.0347772,5422.15,5,33.966,1138.51,1163.47,49.601,1,2,0.9,0.0,0.0,5,0.0,0,True,1746969314.7797256,left,False
1647,1746969319.0491233,177.347,1.72621,1.23242,0.113798,0.0357292,5423.58,5,33.986,1139.5,1164.46,49.6007,1,2,0.9,0.0,0.0,5,0.0,0,True,1746969314.7797256,left,False
1648,1746969319.069206,177.4,1.72651,1.27606,0.112065,0.03668,5426.47,5,34.006,1140.48,1165.45,49.6004,1,2,0.9,0.0,0.0,5,0.0,0,True,1746969314.7797256,left,False
1649,1746969319.0907156,177.456,1.72624,1.32513,0.110254,0.0376313,5426.96,5,34.026,1141.47,1166.44,49.6002,1,2,0.9,0.0,0.0,5,0.0,0,True,1746969314.7797256,left,False
1650,1746969319.1114278,177.509,1.72599,1.37288,0.108382,0.0385818,5429.09,5,34.046,1142.46,1167.42,49.5999,1,2,0.9,0.0,0.0,5,0.0,0,True,1746969314.7797256,left,False
1651,1746969319.1304972,177.563,1.72606,1.4127,0.106466,0.0395317,5430.74,5,34.066,1143.45,1168.41,49.5996,1,2,0.9,0.0,0.0,5,0.0,0,True,1746969314.7797256,left,False
1652,1746969319.1499152,177.617,1.72551,1.46051,0.104464,0.0404832,5431.78,5,34.086,1144.44,1169.4,49.5994,1,2,0.9,0.0,0.0,5,0.0,0,True,1746969314.7797256,left,False
1653,1746969319.169641,177.67,1.72531,1.50809,0.102401,0.0414355,5433.56,5,34.106,1145.42,1170.39,49.5991,1,2,0.9,0.0,0.0,5,0.0,0,True,1746969314.7797256,left,False
1654,1746969319.1911857,177.723,1.72555,1.55103,0.100289,0.0423875,5435.67,5,34.126,1146.41,1171.38,49.5988,1,2,0.9,0.0,0.0,5,0.0,0,True,1746969314.7797256,left,False
1655,1746969319.2115822,177.776,1.72536,1.59854,0.0981038,0.0433388,5437.46,5,34.146,1147.4,1172.37,49.5986,1,2,0.9,0.0,0.0,5,0.0,0,True,1746969314.7797256,left,False
1656,1746969319.229848,177.829,1.72488,1.6449,0.0958496,0.0442905,5438.31,5,34.166,1148.39,1173.36,49.5983,1,2,0.9,0.0,0.0,5,0.0,0,True,1746969314.7797256,left,False
1657,1746969319.2498531,177.882,1.72455,1.69012,0.0935465,0.0452414,5440.24,5,34.186,1149.38,1174.34,49.598,1,2,0.9,0.0,0.0,5,0.0,0,True,1746969314.7797256,left,False
1658,1746969319.2698867,177.934,1.72403,1.73377,0.0911662,0.0461926,5441.71,5,34.206,1150.37,1175.33,49.5978,1,2,0.9,0.0,0.0,5,0.0,0,True,1746969314.7797256,left,False
1659,1746969319.289269,177.986,1.72366,1.78573,0.0887288,0.0471432,5443.7,5,34.226,1151.36,1176.32,49.5975,1,2,0.9,0.0,0.0,5,0.0,0,True,1746969314.7797256,left,False
1660,1746969319.3105166,178.038,1.72271,1.8355,0.0862345,0.0480926,5445,5,34.246,1152.35,1177.31,49.5972,1,2,0.9,0.0,0.0,5,0.0,0,True,1746969314.7797256,left,False
1661,1746969319.3313541,178.09,1.72213,1.87558,0.0836589,0.0490415,5446.58,5,34.266,1153.34,1178.31,49.597,1,2,0.9,0.0,0.0,5,0.0,0,True,1746969314.7797256,left,False
1662,1746969319.3512766,178.141,1.72119,1.91869,0.0810343,0.0499895,5448.14,5,34.286,1154.33,1179.3,49.5967,1,2,0.9,0.0,0.0,5,0.0,0,True,1746969314.7797256,left,False
1663,1746969319.3698194,178.193,1.72024,1.96189,0.0783447,0.0509372,5449.37,5,34.306,1155.32,1180.29,49.5964,1,2,0.9,0.0,0.0,5,0.0,0,True,1746969314.7797256,left,False
1664,1746969319.3900156,178.244,1.72012,2.00693,0.0755737,0.0518885,5451.14,5,34.326,1156.31,1181.28,49.5962,1,2,0.9,0.0,0.0,5,0.0,0,True,1746969314.7797256,left,False
1665,1746969319.4092953,178.295,1.71983,2.05651,0.072758,0.0528417,5452.41,5,34.346,1157.3,1182.27,49.5959,1,2,0.9,0.0,0.0,5,0.0,0,True,1746969314.7797256,left,False
1666,1746969319.4292347,178.346,1.71964,2.10175,0.0698771,0.0537956,5454.32,5,34.366,1158.29,1183.26,49.5956,1,2,0.9,0.0,0.0,5,0.0,0,True,1746969314.7797256,left,False
1667,1746969319.4512548,178.396,1.71901,2.15399,0.0669189,0.0547483,5456.02,5,34.386,1159.29,1184.25,49.5954,1,2,0.9,0.0,0.0,5,0.0,0,True,1746969314.7797256,left,False
1668,1746969319.4703493,178.447,1.71862,2.20204,0.0639119,0.0557024,5456.83,5,34.406,1160.28,1185.24,49.5951,1,2,0.9,0.0,0.0,5,0.0,0,True,1746969314.7797256,left,False
1669,1746969319.4910092,178.497,1.71913,2.24803,0.0608317,0.0566578,5458.56,5,34.426,1161.27,1186.23,49.5948,1,2,0.9,0.0,0.0,5,0.0,0,True,1746969314.7797256,left,False
1670,1746969319.5104747,178.547,1.71929,2.29485,0.0576864,0.0576158,5459.91,5,34.446,1162.26,1187.23,49.5946,1,2,0.9,0.0,0.0,5,0.0,0,True,1746969314.7797256,left,False
1671,1746969319.5290127,178.596,1.71983,2.34178,0.0544881,0.0585723,5461.87,5,34.466,1163.25,1188.22,49.5943,1,2,0.9,0.0,0.0,5,0.0,0,True,1746969314.7797256,left,False
1672,1746969319.5505083,178.646,1.71955,2.38873,0.0512126,0.0595276,5462.9,5,34.486,1164.25,1189.21,49.594,1,2,0.9,0.0,0.0,5,0.0,0,True,1746969314.7797256,left,False
1673,1746969319.570834,178.695,1.72026,2.43875,0.0478841,0.0604868,5464.76,5,34.506,1165.24,1190.2,49.5938,1,2,0.9,0.0,0.0,5,0.0,0,True,1746969314.7797256,left,False
1674,1746969319.5900826,178.743,1.72138,2.47996,0.0444865,0.0614464,5467.03,5,34.526,1166.23,1191.2,49.5935,1,2,0.9,0.0,0.0,5,0.0,0,True,1746969314.7797256,left,False
1675,1746969319.612036,178.793,1.72148,2.52224,0.0410116,0.0624037,5467.55,5,34.546,1167.22,1192.19,49.5932,1,2,0.9,0.0,0.0,5,0.0,0,True,1746969314.7797256,left,False
1676,1746969319.6322346,178.841,1.72245,2.57343,0.0374959,0.0633616,5469.82,5,34.566,1168.22,1193.18,49.593,1,2,0.9,0.0,0.0,5,0.0,0,True,1746969314.7797256,left,False
1677,1746969319.6490471,178.89,1.72202,2.61588,0.0339071,0.0643182,5471.17,5,34.586,1169.21,1194.17,49.5927,1,2,0.9,0.0,0.0,5,0.0,0,True,1746969314.7797256,left,False
1678,1746969319.6712403,178.938,1.7217,2.66262,0.0302409,0.0652728,5473,5,34.606,1170.2,1195.17,49.5924,1,2,0.9,0.0,0.0,5,0.0,0,True,1746969314.7797256,left,False
1679,1746969319.6907995,178.986,1.72096,2.70943,0.0265299,0.0662255,5474.38,5,34.626,1171.2,1196.16,49.5922,1,2,0.9,0.0,0.0,5,0.0,0,True,1746969314.7797256,left,False
1680,1746969319.7118053,179.034,1.72049,2.75383,0.0227417,0.0671773,5475.64,5,34.646,1172.19,1197.15,49.5919,1,2,0.9,0.0,0.0,5,0.0,0,True,1746969314.7797256,left,False
1681,1746969319.729455,179.082,1.71942,2.7973,0.0188883,0.0681305,5476.62,5,34.666,1173.18,1198.15,49.5916,1,2,0.9,0.0,0.0,5,0.0,0,True,1746969314.7797256,left,False
1682,1746969319.750083,179.129,1.71899,2.84521,0.0149821,0.0690844,5478.54,5,34.686,1174.18,1199.14,49.5914,1,2,0.9,0.0,0.0,5,0.0,0,True,1746969314.7797256,left,False
1683,1746969319.7709506,179.177,1.71829,2.89531,0.0109945,0.0700393,5479.49,5,34.706,1175.17,1200.14,49.5911,1,2,0.9,0.0,0.0,5,0.0,0,True,1746969314.7797256,left,False
1684,1746969319.79152,179.223,1.71764,2.94402,0.00695801,0.0709941,5481.3,5,34.726,1176.16,1201.13,49.5908,1,2,0.9,0.0,0.0,5,0.0,0,True,1746969314.7797256,left,False
1685,1746969319.8113441,179.27,1.71736,2.99173,0.00285238,0.0719492,5482.7,5,34.746,1177.16,1202.12,49.5906,1,2,0.9,0.0,0.0,5,0.0,0,True,1746969314.7797256,left,False
1686,1746969319.8310516,179.317,1.71681,3.0376,-0.0013265,0.0729046,5484.28,5,34.766,1178.15,1203.12,49.5903,1,2,0.9,0.0,0.0,5,0.0,0,True,1746969314.7797256,left,False
1687,1746969319.8516502,179.363,1.71653,3.08488,-0.0055542,0.0738602,5485.74,5,34.786,1179.15,1204.11,49.59,1,2,0.9,0.0,0.0,5,0.0,0,True,1746969314.7797256,left,False
1688,1746969319.8713965,179.41,1.71612,3.13615,-0.00986328,0.0748162,5486.56,5,34.806,1180.14,1205.11,49.5898,1,2,0.9,0.0,0.0,5,0.0,0,True,1746969314.7797256,left,False
1689,1746969319.889443,179.455,1.71603,3.18253,-0.0142253,0.0757725,5488.42,5,34.826,1181.14,1206.1,49.5895,1,2,0.9,0.0,0.0,5,0.0,0,True,1746969314.7797256,left,False
1690,1746969319.9123561,179.501,1.71564,3.22227,-0.0186523,0.0767276,5490.65,5,34.846,1182.13,1207.1,49.5892,1,2,0.9,0.0,0.0,5,0.0,0,True,1746969314.7797256,left,False
1691,1746969319.9297845,179.547,1.71474,3.27518,-0.0231649,0.0776832,5490.67,5,34.866,1183.13,1208.09,49.589,1,2,0.9,0.0,0.0,5,0.0,0,True,1746969314.7797256,left,False
1692,1746969319.9522574,179.592,1.71481,3.32179,-0.02771,0.07864,5492.74,5,34.886,1184.12,1209.09,49.5887,1,2,0.9,0.0,0.0,5,0.0,0,True,1746969314.7797256,left,False
1693,1746969319.9708931,179.637,1.71484,3.36691,-0.0323446,0.0795968,5494.44,5,34.906,1185.12,1210.08,49.5884,1,2,0.9,0.0,0.0,5,0.0,0,True,1746969314.7797256,left,False
1694,1746969319.9910822,179.683,1.71412,3.42287,-0.0370361,0.0805531,5494.32,5,34.926,1186.11,1211.07,49.5882,1,2,0.9,0.0,0.0,5,0.0,0,True,1746969314.7797256,left,False
1695,1746969320.0099378,179.728,1.71422,3.45985,-0.0417887,0.0815105,5495.89,5,34.946,1187.11,1212.07,49.5879,1,2,0.9,0.0,0.0,5,0.0,0,True,1746969314.7797256,left,False
1696,1746969320.0297418,179.772,1.71392,3.51502,-0.0466227,0.082469,5498.07,5,34.966,1188.1,1213.07,49.5876,1,2,0.9,0.0,0.0,5,0.0,0,True,1746969314.7797256,left,False
1697,1746969320.0493999,179.817,1.7139,3.56001,-0.0514974,0.083426,5498.39,5,34.986,1189.1,1214.06,49.5874,1,2,0.9,0.0,0.0,5,0.0,0,True,1746969314.7797256,left,False
1698,1746969320.0698664,179.861,1.71441,3.60291,-0.0564494,0.0843856,5500.11,5,35.006,1190.09,1215.06,49.5871,1,2,0.9,0.0,0.0,5,0.0,0,True,1746969314.7797256,left,False
1699,1746969320.0913694,179.905,1.71436,3.65167,-0.0614665,0.0853453,5501.76,5,35.026,1191.09,1216.05,49.5868,1,2,0.9,0.0,0.0,5,0.0,0,True,1746969314.7797256,left,False
1700,1746969320.1114836,179.949,1.71437,3.70224,-0.0665446,0.0863049,5502.58,5,35.046,1192.08,1217.05,49.5866,1,2,0.9,0.0,0.0,5,0.0,0,True,1746969314.7797256,left,False
1701,1746969320.1306381,179.992,1.71477,3.74698,-0.0717041,0.0872643,5505.18,5,35.066,1193.08,1218.04,49.5863,1,2,0.9,0.0,0.0,5,0.0,0,True,1746969314.7797256,left,False
1702,1746969320.152456,180.036,1.71471,3.79431,-0.0769043,0.0882242,5505.91,5,35.086,1194.07,1219.04,49.586,1,2,0.9,0.0,0.0,5,0.0,0,True,1746969314.7797256,left,False
1703,1746969320.1698105,180.078,1.71518,3.83758,-0.0821859,0.089184,5507.57,5,35.106,1195.07,1220.03,49.5858,1,2,0.9,0.0,0.0,5,0.0,0,True,1746969314.7797256,left,False
1704,1746969320.189055,180.122,1.7151,3.88539,-0.0875244,0.0901439,5508.34,5,35.126,1196.06,1221.03,49.5855,1,2,0.9,0.0,0.0,5,0.0,0,True,1746969314.7797256,left,False
1705,1746969320.2124493,180.164,1.71488,3.93358,-0.092924,0.0911033,5510.25,5,35.146,1197.06,1222.02,49.5852,1,2,0.9,0.0,0.0,5,0.0,0,True,1746969314.7797256,left,False
1706,1746969320.2304003,180.207,1.71502,3.9814,-0.098409,0.0920639,5511.13,5,35.166,1198.06,1223.02,49.585,1,2,0.9,0.0,0.0,5,0.0,0,True,1746969314.7797256,left,False
1707,1746969320.2493389,180.25,1.71512,4.02659,-0.103939,0.0930243,5511.94,5,35.186,1199.05,1224.02,49.5847,1,2,0.9,0.0,0.0,5,0.0,0,True,1746969314.7797256,left,False
1708,1746969320.270202,180.292,1.71491,4.07779,-0.10955,0.0939851,5512.71,5,35.206,1200.05,1225.01,49.5844,1,2,0.9,0.0,0.0,5,0.0,0,True,1746969314.7797256,left,False
1709,1746969320.29125,180.334,1.71513,4.12287,-0.115214,0.0949454,5514.46,5,35.226,1201.04,1226.01,49.5842,1,2,0.9,0.0,0.0,5,0.0,0,True,1746969314.7797256,left,False
1710,1746969320.3114355,180.376,1.71501,4.17414,-0.120947,0.0959065,5516.17,5,35.246,1202.04,1227,49.5839,1,2,0.9,0.0,0.0,5,0.0,0,True,1746969314.7797256,left,False
1711,1746969320.3309667,180.417,1.71495,4.21899,-0.12675,0.0968664,5517.64,5,35.266,1203.04,1228,49.5836,1,2,0.9,0.0,0.0,5,0.0,0,True,1746969314.7797256,left,False
1712,1746969320.3497818,180.458,1.71485,4.2679,-0.132609,0.0978279,5518.83,5,35.286,1204.03,1229,49.5834,1,2,0.9,0.0,0.0,5,0.0,0,True,1746969314.7797256,left,False
1713,1746969320.3696558,180.5,1.71526,4.31175,-0.138546,0.0987887,5520.13,5,35.306,1205.03,1229.99,49.5831,1,2,0.9,0.0,0.0,5,0.0,0,True,1746969314.7797256,left,False
1714,1746969320.3909352,180.541,1.71495,4.36398,-0.144535,0.0997508,5520.73,5,35.326,1206.02,1230.99,49.5828,1,2,0.9,0.0,0.0,5,0.0,0,True,1746969314.7797256,left,False
1715,1746969320.4114308,180.582,1.71541,4.40825,-0.150598,0.100714,5521.89,5,35.346,1207.02,1231.98,49.5826,1,2,0.9,0.0,0.0,5,0.0,0,True,1746969314.7797256,left,False
1716,1746969320.4323807,180.622,1.71586,4.4524,-0.156726,0.101676,5523.79,5,35.366,1208.02,1232.98,49.5823,1,2,0.9,0.0,0.0,5,0.0,0,True,1746969314.7797256,right,False
1717,1746969320.4496665,180.662,1.71591,4.50542,-0.162915,0.102639,5524.9,5,35.386,1209.01,1233.98,49.582,1,2,0.9,0.0,0.0,5,0.0,0,True,1746969314.7797256,right,False
1718,1746969320.4699166,180.703,1.71643,4.54888,-0.169177,0.103603,5526.12,5,35.406,1210.01,1234.97,49.5818,1,2,0.9,0.0,0.0,5,0.0,0,True,1746969314.7797256,right,False
1719,1746969320.4908361,180.743,1.71685,4.5953,-0.175492,0.104567,5527.2,5,35.426,1211,1235.97,49.5815,1,2,0.9,0.0,0.0,5,0.0,0,True,1746969314.7797256,right,False
1720,1746969320.5112662,180.782,1.71744,4.64298,-0.181889,0.105532,5528.8,5,35.446,1212,1236.96,49.5812,1,2,0.9,0.0,0.0,5,0.0,0,True,1746969314.7797256,right,False
1721,1746969320.5303543,180.822,1.71777,4.69318,-0.188334,0.106499,5529.54,5,35.466,1213,1237.96,49.581,1,2,0.9,0.0,0.0,5,0.0,0,True,1746969314.7797256,right,False
1722,1746969320.5497797,180.861,1.71812,4.73761,-0.194861,0.107462,5531.23,5,35.486,1213.99,1238.96,49.5807,1,2,0.9,0.0,0.0,5,0.0,0,True,1746969314.7797256,right,False
1723,1746969320.5699604,180.901,1.71768,4.79181,-0.201449,0.108426,5531.87,5,35.506,1214.99,1239.95,49.5804,1,2,0.9,0.0,0.0,5,0.0,0,True,1746969314.7797256,right,False
1724,1746969320.589834,180.939,1.71828,4.83864,-0.208093,0.109391,5533.23,5,35.526,1215.98,1240.95,49.5802,1,2,0.9,0.0,0.0,5,0.0,0,True,1746969314.7797256,right,False
1725,1746969320.6093261,180.978,1.71921,4.88162,-0.214827,0.110357,5534.58,5,35.546,1216.98,1241.94,49.5799,1,2,0.9,0.0,0.0,5,0.0,0,True,1746969314.7797256,right,False
1726,1746969320.629148,181.017,1.71934,4.93389,-0.221598,0.111324,5535.97,5,35.566,1217.98,1242.94,49.5796,1,2,0.9,0.0,0.0,5,0.0,0,True,1746969314.7797256,right,False
1727,1746969320.649527,181.055,1.71953,4.97973,-0.228455,0.112288,5537.06,5,35.586,1218.97,1243.94,49.5793,1,2,0.9,0.0,0.0,5,0.0,0,True,1746969314.7797256,right,False
1728,1746969320.6707697,181.093,1.71984,5.02934,-0.235368,0.113255,5538.25,5,35.606,1219.97,1244.93,49.5791,1,2,0.9,0.0,0.0,5,0.0,0,True,1746969314.7797256,right,False
1729,1746969320.690825,181.131,1.72055,5.07463,-0.24235,0.114221,5539.32,5,35.626,1220.96,1245.93,49.5788,1,2,0.9,0.0,0.0,5,0.0,0,True,1746969314.7797256,right,False
1730,1746969320.7099354,181.169,1.72129,5.12625,-0.249402,0.115191,5540.05,5,35.646,1221.96,1246.92,49.5785,1,2,0.9,0.0,0.0,5,0.0,0,True,1746969314.7797256,right,False
1731,1746969320.7313554,181.207,1.72211,5.1734,-0.25651,0.116161,5541.14,5,35.666,1222.95,1247.92,49.5783,1,2,0.9,0.0,0.0,5,0.0,0,True,1746969314.7797256,right,False
1732,1746969320.751107,181.245,1.72327,5.22114,-0.2637,0.117133,5542.02,5,35.686,1223.95,1248.91,49.578,1,2,0.9,0.0,0.0,5,0.0,0,True,1746969314.7797256,right,False
1733,1746969320.770278,181.281,1.72529,5.26579,-0.270939,0.118108,5543.57,5,35.706,1224.95,1249.91,49.5777,1,2,0.9,0.0,0.0,5,0.0,0,True,1746969314.7797256,right,False
1734,1746969320.7886825,181.318,1.72664,5.31362,-0.278255,0.119081,5545.09,5,35.726,1225.94,1250.91,49.5775,1,2,0.9,0.0,0.0,5,0.0,0,True,1746969314.7797256,right,False
1735,1746969320.8112671,181.355,1.72776,5.36375,-0.285628,0.120055,5545.58,5,35.746,1226.94,1251.9,49.5772,1,2,0.9,0.0,0.0,5,0.0,0,True,1746969314.7797256,right,False
1736,1746969320.8301845,181.392,1.72911,5.40991,-0.29307,0.121029,5546.43,5,35.766,1227.93,1252.9,49.5769,1,2,0.9,0.0,0.0,5,0.0,0,True,1746969314.7797256,right,False
1737,1746969320.8490324,181.428,1.73055,5.45456,-0.300578,0.122003,5548.21,5,35.786,1228.93,1253.89,49.5767,1,2,0.9,0.0,0.0,5,0.0,0,True,1746969314.7797256,right,False
1738,1746969320.8694484,181.464,1.73138,5.50198,-0.30815,0.122975,5549.18,5,35.806,1229.92,1254.89,49.5764,1,2,0.9,0.0,0.0,5,0.0,0,True,1746969314.7797256,right,False
1739,1746969320.8899908,181.5,1.73195,5.55207,-0.315792,0.123947,5549.92,5,35.826,1230.92,1255.88,49.5761,1,2,0.9,0.0,0.0,5,0.0,0,True,1746969314.7797256,right,False
1740,1746969320.9117799,181.536,1.73226,5.60093,-0.323499,0.124917,5550.74,5,35.846,1231.91,1256.88,49.5759,1,2,0.9,0.0,0.0,5,0.0,0,True,1746969314.7797256,right,False
1741,1746969320.9329133,181.572,1.7327,5.64472,-0.331283,0.125886,5552.78,5,35.866,1232.91,1257.87,49.5756,1,2,0.9,0.0,0.1,5,0.0,0,True,1746969314.7797256,right,False
1742,1746969320.9502094,181.606,1.73324,5.69028,-0.339111,0.126854,5554.43,5,35.886,1233.9,1258.87,49.5753,1,2,0.9,0.0,0.1,5,0.0,0,True,1746969314.7797256,right,False
1743,1746969320.9702022,181.63,1.88674,5.73497,-0.346981,0.1271,5556.75,5,35.906,1234.9,1259.86,49.5751,1,2,0.9,0.0,0.1,5,0.0,0,True,1746969314.7797256,right,False
1744,1746969320.9905317,181.65,1.7659,5.75839,-0.354793,0.125373,5561.64,5,35.926,1235.9,1260.86,49.5748,1,2,0.9,0.0,0.1,5,0.0,0,True,1746969314.7797256,right,False
1745,1746969321.0113752,181.673,1.32601,5.76464,-0.362545,0.121869,5567.84,5,35.946,1236.89,1261.85,49.5745,1,2,0.9,0.0,0.1,5,0.0,0,True,1746969314.7797256,right,False
1746,1746969321.0298178,181.695,0.632541,5.75145,-0.370235,0.116847,5574.55,5,35.966,1237.89,1262.85,49.5743,1,2,0.9,0.0,0.1,5,0.0,0,True,1746969314.7797256,right,False
1747,1746969321.0499628,181.713,-0.256795,5.7235,-0.377848,0.110566,5582.34,5,35.986,1238.88,1263.85,49.574,1,2,0.9,0.0,0.1,5,0.0,0,True,1746969314.7797256,right,False
1748,1746969321.0700357,181.723,-1.28794,5.67931,-0.385364,0.103286,5591.28,5,36.006,1239.88,1264.84,49.5737,1,2,0.9,0.0,0.1,5,0.0,0,True,1746969314.7797256,right,False
1749,1746969321.0891294,181.722,-2.41645,5.60944,-0.392773,0.0952437,5602.17,5,36.026,1240.87,1265.84,49.5735,1,2,0.9,0.0,0.1,5,0.0,0,True,1746969314.7797256,right,False
1750,1746969321.1113982,181.708,-3.6023,5.52166,-0.400049,0.0866687,5615.27,5,36.046,1241.87,1266.83,49.5732,1,2,0.9,0.0,0.1,5,0.0,0,True,1746969314.7797256,right,False
1751,1746969321.1307387,181.68,-4.8118,5.42118,-0.407186,0.0777512,5630.48,5,36.066,1242.86,1267.83,49.5729,1,2,0.9,0.0,0.1,5,0.0,0,True,1746969314.7797256,right,False
1752,1746969321.151465,181.638,-6.02252,5.30356,-0.414164,0.06863,5647.26,5,36.086,1243.86,1268.82,49.5727,1,2,0.9,0.0,0.1,5,0.0,0,True,1746969314.7797256,right,False
1753,1746969321.1714118,181.583,-7.21234,5.17333,-0.420976,0.0594442,5666.59,5,36.106,1244.85,1269.82,49.5724,1,2,0.9,0.0,0.1,5,0.0,0,True,1746969314.7797256,right,False
1754,1746969321.191225,181.513,-8.38387,5.02319,-0.427604,0.0502608,5691.98,5,36.126,1245.85,1270.82,49.5721,1,2,0.9,0.0,0.1,5,0.0,0,True,1746969314.7797256,right,False
1755,1746969321.2123234,181.437,-9.51195,4.87163,-0.434045,0.0411212,5709.49,5,36.146,1246.85,1271.81,49.5719,1,2,0.9,0.0,0.1,5,0.0,0,True,1746969314.7797256,right,False
1756,1746969321.2300086,181.349,-10.6135,4.7028,-0.440283,0.032043,5730.17,5,36.166,1247.84,1272.81,49.5716,1,2,0.9,0.0,0.1,5,0.0,0,True,1746969314.7797256,right,False
1757,1746969321.2493124,181.253,-11.6865,4.5279,-0.446313,0.02301,5750.1,5,36.186,1248.84,1273.8,49.5713,1,2,0.9,0.0,0.1,5,0.0,0,True,1746969314.7797256,right,False
1758,1746969321.2704046,181.156,-12.7143,4.36189,-0.452128,0.0140326,5757.44,5,36.206,1249.83,1274.8,49.5711,1,2,0.9,0.0,0.1,5,0.0,0,True,1746969314.7797256,right,False
1759,1746969321.2896214,181.047,-13.7317,4.17473,-0.457723,0.00510097,5769.77,5,36.226,1250.83,1275.8,49.5708,1,2,0.9,0.0,0.1,5,0.0,0,True,1746969314.7797256,right,False
1760,1746969321.3100116,180.932,-14.7219,3.9929,-0.463086,-0.00381398,5778.85,5,36.246,1251.83,1276.79,49.5705,1,2,0.9,0.0,0.1,5,0.0,0,True,1746969314.7797256,right,False
1761,1746969321.3303866,180.809,-15.6936,3.80241,-0.468217,-0.0126898,5788.94,5,36.266,1252.82,1277.79,49.5703,1,2,0.9,0.0,0.1,5,0.0,0,True,1746969314.7797256,right,False
1762,1746969321.3496926,180.675,-16.6348,3.62383,-0.473112,-0.0215125,5799.88,5,36.286,1253.82,1278.78,49.57,1,2,0.9,0.0,0.1,5,0.0,0,True,1746969314.7797256,right,False
1763,1746969321.3689513,180.537,-17.5597,3.43171,-0.477759,-0.0302517,5809.46,5,36.306,1254.81,1279.78,49.5697,1,2,0.9,0.0,0.1,5,0.0,0,True,1746969314.7797256,right,False
1764,1746969321.3902466,180.391,-18.4546,3.23941,-0.482166,-0.0389321,5821.93,5,36.326,1255.81,1280.77,49.5695,1,2,0.9,0.0,0.0,5,0.0,0,True,1746969314.7797256,left,False
1765,1746969321.4107568,180.239,-19.3261,3.04638,-0.486324,-0.0475304,5830.91,5,36.346,1256.8,1281.77,49.5692,1,2,0.9,0.0,0.0,5,0.0,0,True,1746969314.7797256,left,False
1766,1746969321.4294739,180.103,-20.2108,2.85579,-0.490234,-0.0558717,5841.76,5,36.366,1257.8,1282.76,49.5689,1,2,0.9,0.0,0.0,5,0.0,0,True,1746969314.7797256,left,False
1767,1746969321.4505937,179.984,-21,2.65155,-0.493917,-0.0635912,5844.29,5,36.386,1258.8,1283.76,49.5687,1,2,0.9,0.0,0.0,5,0.0,0,True,1746969314.7797256,left,False
1768,1746969321.4699142,179.876,-21.6693,2.46744,-0.497371,-0.0707853,5840.14,5,36.406,1259.79,1284.75,49.5684,1,2,0.9,0.0,0.0,5,0.0,0,True,1746969314.7797256,left,False
1769,1746969321.489451,179.776,-22.2258,2.2802,-0.500582,-0.0774388,5836.72,5,36.426,1260.79,1285.75,49.5681,1,2,0.9,0.0,0.0,5,0.0,0,True,1746969314.7797256,left,False
1770,1746969321.511633,179.686,-22.6811,2.09038,-0.503548,-0.0835583,5832.91,5,36.446,1261.78,1286.74,49.5679,1,2,0.9,0.0,0.0,5,0.0,0,True,1746969314.7797256,left,False
1771,1746969321.5314426,179.61,-23.0239,1.90464,-0.50627,-0.0891328,5822.01,5,36.466,1262.78,1287.74,49.5676,1,2,0.9,0.0,0.0,5,0.0,0,True,1746969314.7797256,left,False
1772,1746969321.5489385,179.539,-23.286,1.71822,-0.508748,-0.0942483,5819.76,5,36.486,1263.77,1288.73,49.5673,1,2,0.9,0.0,0.0,5,0.0,0,True,1746969314.7797256,left,False
1773,1746969321.5703502,179.475,-23.4647,1.52684,-0.510978,-0.0989125,5819.21,5,36.506,1264.76,1289.73,49.5671,1,2,0.9,0.0,0.0,5,0.0,0,True,1746969314.7797256,left,False
1774,1746969321.590429,179.42,-23.5447,1.34321,-0.512956,-0.103086,5825,5,36.526,1265.76,1290.72,49.5668,1,2,0.9,0.0,0.0,5,0.0,0,True,1746969314.7797256,left,False
1775,1746969321.610343,179.377,-23.533,1.15683,-0.514681,-0.106749,5828.85,5,36.546,1266.75,1291.72,49.5665,1,2,0.9,0.0,0.0,5,0.0,0,True,1746969314.7797256,left,False
1776,1746969321.6318824,179.346,-23.4327,0.973469,-0.516162,-0.109921,5831.43,5,36.566,1267.75,1292.71,49.5663,1,2,0.9,0.0,0.0,5,0.0,0,True,1746969314.7797256,left,False
1777,1746969321.650051,179.328,-23.2406,0.794802,-0.517387,-0.11259,5834.09,5,36.586,1268.74,1293.71,49.566,1,2,0.9,0.0,0.0,5,0.0,0,True,1746969314.7797256,left,False
1778,1746969321.6700795,179.317,-22.958,0.617253,-0.518368,-0.114746,5844.23,5,36.606,1269.74,1294.7,49.5657,1,2,0.9,0.0,0.0,5,0.0,0,True,1746969314.7797256,left,False
1779,1746969321.6899211,179.319,-22.596,0.428684,-0.519088,-0.116373,5855.85,5,36.626,1270.73,1295.69,49.5655,1,2,0.9,0.0,0.0,5,0.0,0,True,1746969314.7797256,left,False
1780,1746969321.7103016,179.343,-22.1332,0.252259,-0.519564,-0.117488,5853.95,5,36.646,1271.72,1296.69,49.5652,1,2,0.9,0.0,0.0,5,0.0,0,True,1746969314.7797256,left,False
1781,1746969321.7289891,179.38,-21.5862,0.0766396,-0.519796,-0.1181,5852.89,5,36.666,1272.72,1297.68,49.5649,1,2,0.9,0.0,0.0,5,0.0,0,True,1746969314.7797256,left,False
1782,1746969321.749097,179.423,-20.9588,-0.100489,-0.519775,-0.118193,5856.97,5,36.686,1273.71,1298.67,49.5647,1,2,0.9,0.0,0.0,5,0.0,0,True,1746969314.7797256,left,False
1783,1746969321.7712786,179.487,-20.2522,-0.27562,-0.519519,-0.117808,5850.66,5,36.706,1274.7,1299.67,49.5644,1,2,0.9,0.0,0.0,5,0.0,0,True,1746969314.7797256,left,False
1784,1746969321.7901278,179.56,-19.4752,-0.44847,-0.519023,-0.116976,5844.22,5,36.726,1275.69,1300.66,49.5641,1,2,0.9,0.0,0.0,5,0.0,0,True,1746969314.7797256,left,False
1785,1746969321.8100162,179.643,-18.6417,-0.626306,-0.518298,-0.115715,5835.59,5,36.746,1276.69,1301.65,49.5639,1,2,0.9,0.0,0.0,5,0.0,0,True,1746969314.7797256,left,False
1786,1746969321.8314657,179.736,-17.7417,-0.802187,-0.517342,-0.114035,5824.21,5,36.766,1277.68,1302.64,49.5636,1,2,0.9,0.0,0.0,5,0.0,0,True,1746969314.7797256,left,False
1787,1746969321.8508503,179.843,-16.7855,-0.968988,-0.516166,-0.111971,5802.81,5,36.786,1278.67,1303.64,49.5633,1,2,0.9,0.0,0.0,5,0.0,0,True,1746969314.7797256,left,False
1788,1746969321.8702972,179.957,-15.782,-1.13316,-0.514775,-0.109545,5778.89,5,36.806,1279.67,1304.63,49.5631,1,2,0.9,0.0,0.0,5,0.0,0,True,1746969314.7797256,left,False
1789,1746969321.889778,180.076,-14.7344,-1.29298,-0.513167,-0.106777,5755.19,5,36.826,1280.66,1305.62,49.5628,1,2,0.9,0.0,0.0,5,0.0,0,True,1746969314.7797256,left,False
1790,1746969321.9104548,180.201,-13.6486,-1.4477,-0.511357,-0.103691,5726.47,5,36.846,1281.65,1306.62,49.5625,1,2,0.9,0.0,0.0,5,0.0,0,True,1746969314.7797256,left,False
1791,1746969321.9299538,180.324,-12.5403,-1.59886,-0.509351,-0.100319,5701.55,5,36.866,1282.64,1307.61,49.5623,1,2,0.9,0.0,0.0,5,0.0,0,True,1746969314.7797256,left,False
1792,1746969321.9487581,180.446,-11.4148,-1.7486,-0.507166,-0.0966945,5679.81,5,36.886,1283.64,1308.6,49.562,1,2,0.9,0.0,0.0,5,0.0,0,True,1746969314.7797256,left,False
1793,1746969321.971129,180.568,-10.2778,-1.88702,-0.50481,-0.0928512,5656.04,5,36.906,1284.63,1309.6,49.5617,1,2,0.9,0.0,0.0,5,0.0,0,True,1746969314.7797256,left,False
1794,1746969321.989334,180.687,-9.14278,-2.01011,-0.502291,-0.0888376,5633.9,5,36.926,1285.63,1310.59,49.5615,1,2,0.9,0.0,0.0,5,0.0,0,True,1746969314.7797256,left,False
1795,1746969322.0111046,180.799,-8.02473,-2.13225,-0.49963,-0.0846994,5617.36,5,36.946,1286.62,1311.58,49.5612,1,2,0.9,0.0,0.0,5,0.0,0,True,1746969314.7797256,left,False
1796,1746969322.0297709,180.906,-6.93188,-2.2372,-0.496822,-0.0804906,5601.9,5,36.966,1287.61,1312.58,49.5609,1,2,0.9,0.0,0.0,5,0.0,0,True,1746969314.7797256,left,False
1797,1746969322.0489314,181.008,-5.88095,-2.33887,-0.493917,-0.0762601,5589.71,5,36.986,1288.61,1313.57,49.5607,1,2,0.9,0.0,0.0,5,0.0,0,True,1746969314.7797256,left,False
1798,1746969322.0696845,181.103,-4.88243,-2.4298,-0.490906,-0.0720675,5579.93,5,37.006,1289.6,1314.57,49.5604,1,2,0.9,0.0,0.0,5,0.0,0,True,1746969314.7797256,left,False
1799,1746969322.0894835,181.194,-3.93992,-2.50014,-0.487817,-0.0679438,5572.74,5,37.026,1290.6,1315.56,49.5601,1,2,0.9,0.0,0.0,5,0.0,0,True,1746969314.7797256,left,False
1800,1746969322.1118762,181.278,-3.0605,-2.55212,-0.48466,-0.0639179,5568.2,5,37.046,1291.6,1316.56,49.5599,1,2,0.9,0.0,0.0,5,0.0,0,True,1746969314.7797256,left,False
1801,1746969322.1335835,181.357,-2.25171,-2.60245,-0.481458,-0.0600214,5566.67,5,37.066,1292.59,1317.56,49.5596,1,2,0.9,0.0,0.0,5,0.0,0,True,1746969314.7797256,left,False
1802,1746969322.1503987,181.434,-1.51291,-2.62501,-0.478227,-0.0562739,5563.34,5,37.086,1293.59,1318.55,49.5593,1,2,0.9,0.0,0.0,5,0.0,0,True,1746969314.7797256,left,False
1803,1746969322.1700847,181.507,-0.845753,-2.64081,-0.474984,-0.0526955,5561.48,5,37.106,1294.59,1319.55,49.5591,1,2,0.9,0.0,0.0,5,0.0,0,True,1746969314.7797256,left,False
1804,1746969322.1922734,181.577,-0.250774,-2.64206,-0.471737,-0.0493002,5561.17,5,37.126,1295.58,1320.55,49.5588,1,2,0.9,0.0,0.0,5,0.0,0,True,1746969314.7797256,left,False
1805,1746969322.2106528,181.645,0.274433,-2.63167,-0.468506,-0.0460932,5560.74,5,37.146,1296.58,1321.55,49.5585,1,2,0.9,0.0,0.0,5,0.0,0,True,1746969314.7797256,left,False
1806,1746969322.2297857,181.711,0.7324,-2.60488,-0.465308,-0.0430801,5561.12,5,37.166,1297.58,1322.54,49.5583,1,2,0.9,0.0,0.0,5,0.0,0,True,1746969314.7797256,left,False
1807,1746969322.250465,181.775,1.12666,-2.56707,-0.46215,-0.0402596,5562.38,5,37.186,1298.58,1323.54,49.558,1,2,0.9,0.0,0.0,5,0.0,0,True,1746969314.7797256,left,False
1808,1746969322.2705035,181.84,1.46091,-2.51728,-0.459033,-0.0376315,5562.36,5,37.206,1299.58,1324.54,49.5577,1,2,0.9,0.0,0.0,5,0.0,0,True,1746969314.7797256,left,False
1809,1746969322.2899249,181.903,1.74001,-2.45922,-0.455981,-0.0351875,5563.33,5,37.226,1300.58,1325.54,49.5575,1,2,0.9,0.0,0.0,5,0.0,0,True,1746969314.7797256,left,False
1810,1746969322.311298,181.965,1.96787,-2.39077,-0.452991,-0.032923,5565.14,5,37.246,1301.58,1326.54,49.5572,1,2,0.9,0.0,0.0,5,0.0,0,True,1746969314.7797256,left,False
1811,1746969322.330324,182.026,2.15003,-2.31497,-0.450094,-0.0308316,5566.9,5,37.266,1302.58,1327.54,49.5569,1,2,0.9,0.0,0.0,5,0.0,0,True,1746969314.7797256,left,False
1812,1746969322.3495517,182.088,2.29028,-2.23108,-0.447233,-0.0289018,5568.16,5,37.286,1303.58,1328.55,49.5567,1,2,0.9,0.0,0.0,5,0.0,0,True,1746969314.7797256,left,False
1813,1746969322.3700876,182.15,2.39503,-2.15163,-0.444466,-0.0271196,5569.49,5,37.306,1304.58,1329.55,49.5564,1,2,0.9,0.0,0.0,5,0.0,0,True,1746969314.7797256,left,False
1814,1746969322.3913279,182.211,2.46784,-2.06354,-0.441781,-0.0254734,5570.9,5,37.326,1305.59,1330.55,49.5561,1,2,0.9,0.0,0.0,5,0.0,0,True,1746969314.7797256,left,False
1815,1746969322.411024,182.273,2.51396,-1.96546,-0.439185,-0.0239439,5571.63,5,37.346,1306.59,1331.55,49.5559,1,2,0.9,0.0,0.0,5,0.0,0,True,1746969314.7797256,left,False
1816,1746969322.430535,182.335,2.54081,-1.88192,-0.436678,-0.0225112,5573.28,5,37.366,1307.59,1332.56,49.5556,1,2,0.9,0.0,0.0,5,0.0,0,True,1746969314.7797256,left,False
1817,1746969322.4503596,182.395,2.55079,-1.79713,-0.434253,-0.0211661,5575.87,5,37.386,1308.6,1333.56,49.5553,1,2,0.9,0.0,0.0,5,0.0,0,True,1746969314.7797256,left,False
1818,1746969322.4701834,182.456,2.54602,-1.71247,-0.431921,-0.0198987,5577.82,5,37.406,1309.6,1334.56,49.555,1,2,0.9,0.0,0.0,5,0.0,0,True,1746969314.7797256,left,False
1819,1746969322.4897249,182.517,2.52961,-1.62542,-0.429675,-0.0186951,5579.07,5,37.426,1310.6,1335.57,49.5548,1,2,0.9,0.0,0.0,5,0.0,0,True,1746969314.7797256,left,False
1820,1746969322.5116541,182.578,2.50554,-1.54787,-0.427515,-0.0175457,5581,5,37.446,1311.61,1336.57,49.5545,1,2,0.9,0.0,0.0,5,0.0,0,True,1746969314.7797256,left,False
1821,1746969322.5309737,182.639,2.47463,-1.46371,-0.425444,-0.0164413,5582.03,5,37.466,1312.61,1337.58,49.5542,1,2,0.9,0.0,0.0,5,0.0,0,True,1746969314.7797256,left,False
1822,1746969322.5511942,182.699,2.4396,-1.38393,-0.423462,-0.0153739,5584.03,5,37.486,1313.62,1338.58,49.554,1,2,0.9,0.0,0.0,5,0.0,0,True,1746969314.7797256,left,False
1823,1746969322.5703118,182.759,2.40195,-1.31132,-0.421566,-0.0143387,5586.39,5,37.506,1314.63,1339.59,49.5537,1,2,0.9,0.0,0.0,5,0.0,0,True,1746969314.7797256,left,False
1824,1746969322.59147,182.819,2.36231,-1.23978,-0.419759,-0.0133288,5587.72,5,37.526,1315.63,1340.6,49.5534,1,2,0.9,0.0,0.0,5,0.0,0,True,1746969314.7797256,left,False
1825,1746969322.6118886,182.879,2.32182,-1.17016,-0.418042,-0.0123396,5590.13,5,37.546,1316.64,1341.6,49.5532,1,2,0.9,0.0,0.0,5,0.0,0,True,1746969314.7797256,left,False
1826,1746969322.6297226,182.938,2.28194,-1.11074,-0.416378,-0.0113673,5592.43,5,37.566,1317.65,1342.61,49.5529,1,2,0.9,0.0,0.0,5,0.0,0,True,1746969314.7797256,left,False
1827,1746969322.6492534,182.997,2.24299,-1.0549,-0.414795,-0.0104086,5595.09,5,37.586,1318.65,1343.62,49.5526,1,2,0.9,0.0,0.0,5,0.0,0,True,1746969314.7797256,left,False
1828,1746969322.6691658,183.057,2.20361,-0.996241,-0.413302,-0.00946116,5596.56,5,37.606,1319.66,1344.63,49.5524,1,2,0.9,0.0,0.0,5,0.0,0,True,1746969314.7797256,left,False
1829,1746969322.6891735,183.115,2.16591,-0.941105,-0.411894,-0.00852299,5598.43,5,37.626,1320.67,1345.64,49.5521,1,2,0.9,0.0,0.0,5,0.0,0,True,1746969314.7797256,left,False
1830,1746969322.711318,183.174,2.12952,-0.88873,-0.410547,-0.0075922,5600.53,5,37.646,1321.68,1346.64,49.5518,1,2,0.9,0.0,0.0,5,0.0,0,True,1746969314.7797256,left,False
1831,1746969322.731294,183.232,2.09474,-0.838463,-0.409277,-0.00666666,5602.68,5,37.666,1322.69,1347.65,49.5516,1,2,0.9,0.0,0.0,5,0.0,0,True,1746969314.7797256,left,False
1832,1746969322.7511964,183.291,2.06125,-0.786615,-0.408097,-0.00574517,5604.21,5,37.686,1323.7,1348.66,49.5513,1,2,0.9,0.0,0.0,5,0.0,0,True,1746969314.7797256,left,False
1833,1746969322.769935,183.349,2.03029,-0.740865,-0.406978,-0.0048244,5606.62,5,37.706,1324.71,1349.67,49.551,1,2,0.9,0.0,0.0,5,0.0,0,True,1746969314.7797256,left,False
1834,1746969322.7890816,183.407,2.00071,-0.698692,-0.405937,-0.00390816,5608.16,5,37.726,1325.72,1350.68,49.5508,1,2,0.9,0.0,0.0,5,0.0,0,True,1746969314.7797256,left,False
1835,1746969322.811842,183.465,1.97185,-0.644766,-0.404976,-0.00299048,5609.91,5,37.746,1326.73,1351.69,49.5505,1,2,0.9,0.0,0.0,5,0.0,0,True,1746969314.7797256,left,False
1836,1746969322.831069,183.522,1.94594,-0.601395,-0.404073,-0.00207353,5612.12,5,37.766,1327.74,1352.7,49.5502,1,2,0.9,0.0,0.0,5,0.0,0,True,1746969314.7797256,left,False
1837,1746969322.8495972,183.58,1.92158,-0.550513,-0.403255,-0.00115228,5613.52,5,37.786,1328.75,1353.72,49.55,1,2,0.9,0.0,0.0,5,0.0,0,True,1746969314.7797256,left,False
1838,1746969322.8714902,183.636,1.89946,-0.50238,-0.402498,-0.000227928,5615.37,5,37.806,1329.76,1354.73,49.5497,1,2,0.9,0.0,0.0,5,0.0,0,True,1746969314.7797256,left,False
1839,1746969322.8903801,183.693,1.8794,-0.457803,-0.401815,0.00069809,5616.99,5,37.826,1330.77,1355.74,49.5494,1,2,0.9,0.0,0.0,5,0.0,0,True,1746969314.7797256,left,False
1840,1746969322.9098978,183.75,1.86104,-0.412241,-0.401204,0.00162911,5618.61,5,37.846,1331.79,1356.75,49.5492,1,2,0.9,0.0,0.0,5,0.0,0,True,1746969314.7797256,left,False
1841,1746969322.9295292,183.807,1.84325,-0.358107,-0.400667,0.00256014,5619.86,5,37.866,1332.8,1357.76,49.5489,1,2,0.9,0.0,0.0,5,0.0,0,True,1746969314.7797256,left,False
1842,1746969322.9490893,183.863,1.82833,-0.314103,-0.400187,0.00349593,5622.07,5,37.886,1333.81,1358.78,49.5486,1,2,0.9,0.0,0.0,5,0.0,0,True,1746969314.7797256,left,False
1843,1746969322.9718144,183.919,1.81426,-0.263469,-0.399788,0.00443625,5623.51,5,37.906,1334.83,1359.79,49.5484,1,2,0.9,0.0,0.0,5,0.0,0,True,1746969314.7797256,left,False
1844,1746969322.9914799,183.975,1.80232,-0.217415,-0.399455,0.00538039,5625.67,5,37.926,1335.84,1360.8,49.5481,1,2,0.9,0.0,0.0,5,0.0,0,True,1746969314.7797256,left,False
1845,1746969323.0098014,184.03,1.79159,-0.171406,-0.399194,0.00632834,5627.75,5,37.946,1336.85,1361.82,49.5478,1,2,0.9,0.0,0.0,5,0.0,0,True,1746969314.7797256,left,False
1846,1746969323.0310626,184.087,1.7815,-0.114215,-0.398991,0.0072825,5627.87,5,37.966,1337.87,1362.83,49.5476,1,2,0.9,0.0,0.0,5,0.0,0,True,1746969314.7797256,left,False
1847,1746969323.0497274,184.141,1.7735,-0.0642744,-0.398869,0.00823998,5630.16,5,37.986,1338.88,1363.85,49.5473,1,2,0.9,0.0,0.0,5,0.0,0,True,1746969314.7797256,left,False
1848,1746969323.0695732,184.196,1.76708,-0.0225961,-0.398804,0.00919962,5631.79,5,38.006,1339.9,1364.86,49.547,1,2,0.9,0.0,0.0,5,0.0,0,True,1746969314.7797256,left,False
1849,1746969323.0910459,184.251,1.76051,0.0305146,-0.398824,0.0101626,5633.98,5,38.026,1340.91,1365.88,49.5468,1,2,0.9,0.0,0.0,5,0.0,0,True,1746969314.7797256,left,False
1850,1746969323.1112354,184.306,1.75415,0.0857808,-0.398893,0.0111282,5634.68,5,38.046,1341.93,1366.89,49.5465,1,2,0.9,0.0,0.0,5,0.0,0,True,1746969314.7797256,left,False
1851,1746969323.131257,184.361,1.74889,0.138814,-0.399044,0.0120957,5635.8,5,38.066,1342.94,1367.91,49.5462,1,2,0.9,0.0,0.0,5,0.0,0,True,1746969314.7797256,left,False
1852,1746969323.151722,184.414,1.74512,0.186663,-0.399251,0.0130658,5638.42,5,38.086,1343.96,1368.92,49.546,1,2,0.9,0.0,0.0,5,0.0,0,True,1746969314.7797256,left,False
1853,1746969323.1712353,184.468,1.74275,0.229792,-0.399536,0.0140407,5640.35,5,38.106,1344.98,1369.94,49.5457,1,2,0.9,0.0,0.0,5,0.0,0,True,1746969314.7797256,left,False
1854,1746969323.1915002,184.521,1.74046,0.280511,-0.39989,0.0150192,5641.51,5,38.126,1345.99,1370.96,49.5454,1,2,0.9,0.0,0.0,5,0.0,0,True,1746969314.7797256,left,False
1855,1746969323.2124822,184.575,1.73899,0.329182,-0.400301,0.0160015,5643.38,5,38.146,1347.01,1371.97,49.5452,1,2,0.9,0.0,0.0,5,0.0,0,True,1746969314.7797256,left,False
1856,1746969323.2324784,184.628,1.73843,0.373313,-0.400789,0.0169871,5645.07,5,38.166,1348.03,1372.99,49.5449,1,2,0.9,0.0,0.0,5,0.0,0,True,1746969314.7797256,left,False
1857,1746969323.2491937,184.681,1.73792,0.422004,-0.401339,0.0179741,5646.85,5,38.186,1349.04,1374.01,49.5446,1,2,0.9,0.0,0.0,5,0.0,0,True,1746969314.7797256,left,False
1858,1746969323.2696478,184.734,1.73783,0.470291,-0.401965,0.0189633,5648.16,5,38.206,1350.06,1375.03,49.5444,1,2,0.9,0.0,0.0,5,0.0,0,True,1746969314.7797256,left,False
1859,1746969323.2909713,184.786,1.73785,0.514778,-0.402649,0.0199537,5650.6,5,38.226,1351.08,1376.04,49.5441,1,2,0.9,0.0,0.0,5,0.0,0,True,1746969314.7797256,left,False
1860,1746969323.3113053,184.839,1.73754,0.572241,-0.40341,0.0209463,5651.25,5,38.246,1352.1,1377.06,49.5438,1,2,0.9,0.0,0.0,5,0.0,0,True,1746969314.7797256,left,False
1861,1746969323.331174,184.89,1.73813,0.619405,-0.404236,0.0219395,5653.16,5,38.266,1353.12,1378.08,49.5436,1,2,0.9,0.0,0.0,5,0.0,0,True,1746969314.7797256,left,False
1862,1746969323.349253,184.942,1.73909,0.661816,-0.405127,0.0229337,5655.3,5,38.286,1354.14,1379.1,49.5433,1,2,0.9,0.0,0.0,5,0.0,0,True,1746969314.7797256,left,False
1863,1746969323.3697014,184.994,1.7387,0.717391,-0.406095,0.023926,5655.47,5,38.306,1355.16,1380.12,49.543,1,2,0.9,0.0,0.0,5,0.0,0,True,1746969314.7797256,left,False
1864,1746969323.3891196,185.045,1.73912,0.764503,-0.407121,0.0249224,5658.11,5,38.326,1356.17,1381.14,49.5428,1,2,0.9,0.0,0.0,5,0.0,0,True,1746969314.7797256,left,False
1865,1746969323.4104216,185.097,1.73974,0.812389,-0.408228,0.0259182,5659.43,5,38.346,1357.19,1382.16,49.5425,1,2,0.9,0.0,0.0,5,0.0,0,True,1746969314.7797256,left,False
1866,1746969323.4312007,185.148,1.73979,0.866033,-0.409391,0.0269129,5661.04,5,38.366,1358.21,1383.18,49.5422,1,2,0.9,0.0,0.0,5,0.0,0,True,1746969314.7797256,left,False
1867,1746969323.4515429,185.198,1.74018,0.91288,-0.410628,0.0279071,5662.94,5,38.386,1359.23,1384.2,49.542,1,2,0.9,0.0,0.0,5,0.0,0,True,1746969314.7797256,left,False
1868,1746969323.4711685,185.249,1.74064,0.958045,-0.411934,0.028903,5664.47,5,38.406,1360.25,1385.22,49.5417,1,2,0.9,0.0,0.0,5,0.0,0,True,1746969314.7797256,left,False
1869,1746969323.491239,185.299,1.74057,1.0076,-0.413306,0.029897,5666.11,5,38.426,1361.27,1386.24,49.5414,1,2,0.9,0.0,0.0,5,0.0,0,True,1746969314.7797256,left,False
1870,1746969323.5110986,185.35,1.73996,1.06365,-0.414758,0.0308914,5666.65,5,38.446,1362.3,1387.26,49.5412,1,2,0.9,0.0,0.0,5,0.0,0,True,1746969314.7797256,left,False
1871,1746969323.5315936,185.399,1.73973,1.1083,-0.41626,0.0318849,5669.12,5,38.466,1363.32,1388.28,49.5409,1,2,0.9,0.0,0.0,5,0.0,0,True,1746969314.7797256,left,False
1872,1746969323.548903,185.449,1.73923,1.16105,-0.417847,0.0328774,5670.13,5,38.486,1364.34,1389.3,49.5406,1,2,0.9,0.0,0.0,5,0.0,0,True,1746969314.7797256,left,False
1873,1746969323.569534,185.499,1.73871,1.21376,-0.419495,0.0338714,5671.84,5,38.506,1365.36,1390.32,49.5404,1,2,0.9,0.0,0.0,5,0.0,0,True,1746969314.7797256,left,False
1874,1746969323.589171,185.549,1.73832,1.26398,-0.421212,0.0348659,5672.47,5,38.526,1366.38,1391.34,49.5401,1,2,0.9,0.0,0.0,5,0.0,0,True,1746969314.7797256,left,False
1875,1746969323.6105368,185.598,1.73751,1.32039,-0.423006,0.0358615,5674.49,5,38.546,1367.4,1392.37,49.5398,1,2,0.9,0.0,0.0,5,0.0,0,True,1746969314.7797256,left,False
1876,1746969323.630335,185.647,1.73794,1.36828,-0.424858,0.0368578,5675.76,5,38.566,1368.42,1393.39,49.5396,1,2,0.9,0.0,0.0,5,0.0,0,True,1746969314.7797256,left,False
1877,1746969323.6499937,185.695,1.73901,1.41451,-0.42679,0.037858,5677.98,5,38.586,1369.45,1394.41,49.5393,1,2,0.9,0.0,0.0,5,0.0,0,True,1746969314.7797256,left,False
1878,1746969323.6707861,185.743,1.73981,1.45778,-0.428784,0.0388565,5680.1,5,38.606,1370.47,1395.43,49.539,1,2,0.9,0.0,0.0,5,0.0,0,True,1746969314.7797256,left,False
1879,1746969323.691174,185.791,1.73937,1.51329,-0.430847,0.0398529,5681.52,5,38.626,1371.49,1396.46,49.5388,1,2,0.9,0.0,0.0,5,0.0,0,True,1746969314.7797256,left,False
1880,1746969323.711144,185.839,1.73877,1.56388,-0.432987,0.0408471,5682.91,5,38.646,1372.51,1397.48,49.5385,1,2,0.9,0.0,0.0,5,0.0,0,True,1746969314.7797256,left,False
1881,1746969323.7309518,185.887,1.73789,1.6125,-0.435189,0.0418401,5683.55,5,38.666,1373.54,1398.5,49.5382,1,2,0.9,0.0,0.0,5,0.0,0,True,1746969314.7797256,left,False
1882,1746969323.7504256,185.935,1.73671,1.66395,-0.437463,0.0428324,5684.86,5,38.686,1374.56,1399.52,49.538,1,2,0.9,0.0,0.0,5,0.0,0,True,1746969314.7797256,left,False
1883,1746969323.769416,185.983,1.73582,1.71261,-0.439803,0.0438249,5686.47,5,38.706,1375.58,1400.55,49.5377,1,2,0.9,0.0,0.0,5,0.0,0,True,1746969314.7797256,left,False
1884,1746969323.7913241,186.03,1.73451,1.76778,-0.442216,0.0448174,5687.45,5,38.726,1376.61,1401.57,49.5374,1,2,0.9,0.0,0.0,5,0.0,0,True,1746969314.7797256,left,False
1885,1746969323.811339,186.077,1.73396,1.81905,-0.444702,0.04581,5689.11,5,38.746,1377.63,1402.59,49.5372,1,2,0.9,0.0,0.0,5,0.0,0,True,1746969314.7797256,left,False
1886,1746969323.830105,186.123,1.7333,1.86706,-0.447249,0.0468032,5691.03,5,38.766,1378.65,1403.62,49.5369,1,2,0.9,0.0,0.0,5,0.0,0,True,1746969314.7797256,left,False
1887,1746969323.8505545,186.17,1.73215,1.91892,-0.44987,0.0477974,5692.08,5,38.786,1379.68,1404.64,49.5366,1,2,0.9,0.0,0.0,5,0.0,0,True,1746969314.7797256,left,False
1888,1746969323.8700786,186.217,1.73185,1.97003,-0.452555,0.0487916,5693.55,5,38.806,1380.7,1405.67,49.5364,1,2,0.9,0.0,0.0,5,0.0,0,True,1746969314.7797256,left,False
1889,1746969323.8892107,186.263,1.73129,2.02035,-0.455318,0.0497863,5694.59,5,38.826,1381.73,1406.69,49.5361,1,2,0.9,0.0,0.0,5,0.0,0,True,1746969314.7797256,left,False
1890,1746969323.909342,186.309,1.7308,2.07213,-0.458146,0.050782,5695.96,5,38.846,1382.75,1407.72,49.5358,1,2,0.9,0.0,0.0,5,0.0,0,True,1746969314.7797256,left,False
1891,1746969323.929208,186.355,1.73079,2.11614,-0.461043,0.0517781,5697.68,5,38.866,1383.78,1408.74,49.5356,1,2,0.9,0.0,0.0,5,0.0,0,True,1746969314.7797256,left,False
1892,1746969323.951922,186.4,1.73075,2.1684,-0.464018,0.0527756,5699.33,5,38.886,1384.8,1409.77,49.5353,1,2,0.9,0.0,0.0,5,0.0,0,True,1746969314.7797256,left,False
1893,1746969323.9711328,186.445,1.73084,2.22169,-0.467049,0.0537741,5700.58,5,38.906,1385.83,1410.79,49.535,1,2,0.9,0.0,0.0,5,0.0,0,True,1746969314.7797256,left,False
1894,1746969323.9892695,186.491,1.73072,2.27588,-0.470162,0.0547745,5701.02,5,38.926,1386.85,1411.82,49.5348,1,2,0.9,0.0,0.0,5,0.0,0,True,1746969314.7797256,left,False
1895,1746969324.0111566,186.535,1.73138,2.32144,-0.47334,0.0557749,5703.49,5,38.946,1387.88,1412.84,49.5345,1,2,0.9,0.0,0.0,5,0.0,0,True,1746969314.7797256,left,False
1896,1746969324.0309818,186.58,1.73184,2.37031,-0.476583,0.0567763,5704.73,5,38.966,1388.9,1413.87,49.5342,1,2,0.9,0.0,0.0,5,0.0,0,True,1746969314.7797256,left,False
1897,1746969324.0519235,186.625,1.73242,2.42173,-0.479907,0.0577793,5705.04,5,38.986,1389.93,1414.89,49.534,1,2,0.9,0.0,0.0,5,0.0,0,True,1746969314.7797256,left,False
1898,1746969324.072139,186.669,1.73297,2.47452,-0.483289,0.0587831,5706.85,5,39.006,1390.95,1415.92,49.5337,1,2,0.9,0.0,0.0,5,0.0,0,True,1746969314.7797256,left,False
1899,1746969324.0898972,186.712,1.73457,2.51916,-0.486743,0.059788,5709.32,5,39.026,1391.98,1416.94,49.5334,1,2,0.9,0.0,0.0,5,0.0,0,True,1746969314.7797256,right,False
1900,1746969324.1113718,186.756,1.73542,2.57248,-0.490279,0.0607934,5710.42,5,39.046,1393,1417.97,49.5332,1,2,0.9,0.0,0.0,5,0.0,0,True,1746969314.7797256,right,False
1901,1746969324.129149,186.8,1.73592,2.62112,-0.493872,0.061799,5711.72,5,39.066,1394.03,1418.99,49.5329,1,2,0.9,0.0,0.0,5,0.0,0,True,1746969314.7797256,right,False
1902,1746969324.149826,186.843,1.73672,2.67296,-0.497542,0.0628042,5713.32,5,39.086,1395.06,1420.02,49.5326,1,2,0.9,0.0,0.0,5,0.0,0,True,1746969314.7797256,right,False
1903,1746969324.170239,186.887,1.73743,2.72397,-0.501278,0.0638106,5714.06,5,39.106,1396.08,1421.05,49.5324,1,2,0.9,0.0,0.0,5,0.0,0,True,1746969314.7797256,right,False
1904,1746969324.1902053,186.93,1.73765,2.7788,-0.505086,0.064816,5714.75,5,39.126,1397.11,1422.07,49.5321,1,2,0.9,0.0,0.0,5,0.0,0,True,1746969314.7797256,right,False
1905,1746969324.2092497,186.973,1.73825,2.83133,-0.508968,0.0658226,5716.17,5,39.146,1398.13,1423.1,49.5318,1,2,0.9,0.0,0.0,5,0.0,0,True,1746969314.7797256,right,False
1906,1746969324.2302349,187.015,1.73905,2.87503,-0.512911,0.0668285,5718.17,5,39.166,1399.16,1424.13,49.5316,1,2,0.9,0.0,0.0,5,0.0,0,True,1746969314.7797256,right,False
1907,1746969324.2529392,187.057,1.73932,2.93197,-0.516935,0.0678351,5718.68,5,39.186,1400.19,1425.15,49.5313,1,2,0.9,0.0,0.0,5,0.0,0,True,1746969314.7797256,right,False
1908,1746969324.2707973,187.099,1.73979,2.98176,-0.521025,0.0688424,5720.53,5,39.206,1401.21,1426.18,49.531,1,2,0.9,0.0,0.0,5,0.0,0,True,1746969314.7797256,right,False
1909,1746969324.2904549,187.141,1.74042,3.03116,-0.525183,0.0698495,5721.72,5,39.226,1402.24,1427.21,49.5308,1,2,0.9,0.0,0.0,5,0.0,0,True,1746969314.7797256,right,False
1910,1746969324.311409,187.183,1.74084,3.08248,-0.529423,0.0708566,5723.08,5,39.246,1403.27,1428.23,49.5305,1,2,0.9,0.0,0.0,5,0.0,0,True,1746969314.7797256,right,False
1911,1746969324.3294423,187.224,1.74145,3.13318,-0.533716,0.0718641,5724.58,5,39.266,1404.29,1429.26,49.5302,1,2,0.9,0.0,0.0,5,0.0,0,True,1746969314.7797256,right,False
1912,1746969324.349347,187.266,1.74135,3.18644,-0.53809,0.0728703,5725.58,5,39.286,1405.32,1430.29,49.5299,1,2,0.9,0.0,0.0,5,0.0,0,True,1746969314.7797256,right,False
1913,1746969324.3697615,187.307,1.74181,3.23862,-0.542533,0.0738776,5726.75,5,39.306,1406.35,1431.31,49.5297,1,2,0.9,0.0,0.0,5,0.0,0,True,1746969314.7797256,right,False
1914,1746969324.3902621,187.347,1.7421,3.28831,-0.547046,0.0748827,5728.23,5,39.326,1407.37,1432.34,49.5294,1,2,0.9,0.0,0.0,5,0.0,0,True,1746969314.7797256,right,False
1915,1746969324.410607,187.389,1.74191,3.33748,-0.55164,0.0758891,5729.25,5,39.346,1408.4,1433.37,49.5291,1,2,0.9,0.0,0.0,5,0.0,0,True,1746969314.7797256,right,False
1916,1746969324.4303439,187.428,1.7418,3.39171,-0.556287,0.0768938,5730.71,5,39.366,1409.43,1434.39,49.5289,1,2,0.9,0.0,0.0,5,0.0,0,True,1746969314.7797256,right,False
1917,1746969324.4518888,187.469,1.74177,3.43881,-0.561015,0.0778995,5731.87,5,39.386,1410.46,1435.42,49.5286,1,2,0.9,0.0,0.0,5,0.0,0,True,1746969314.7797256,right,False
1918,1746969324.4711208,187.51,1.74122,3.49296,-0.565816,0.0789039,5732.38,5,39.406,1411.48,1436.45,49.5283,1,2,0.9,0.0,0.0,5,0.0,0,True,1746969314.7797256,right,False
1919,1746969324.4906526,187.549,1.74143,3.54097,-0.570679,0.0799103,5734.66,5,39.426,1412.51,1437.48,49.5281,1,2,0.9,0.0,0.0,5,0.0,0,True,1746969314.7797256,right,False
1920,1746969324.5115402,187.589,1.74115,3.59431,-0.575619,0.0809152,5735.3,5,39.446,1413.54,1438.5,49.5278,1,2,0.9,0.0,0.0,5,0.0,0,True,1746969314.7797256,right,False
1921,1746969324.5307546,187.628,1.74097,3.64527,-0.580627,0.0819209,5736.06,5,39.466,1414.57,1439.53,49.5275,1,2,0.9,0.0,0.0,5,0.0,0,True,1746969314.7797256,right,False
1922,1746969324.5524487,187.666,1.74128,3.69106,-0.58571,0.0829263,5738.73,5,39.486,1415.59,1440.56,49.5273,1,2,0.9,0.0,0.0,5,0.0,0,True,1746969314.7797256,right,False
1923,1746969324.5712674,187.706,1.73985,3.74709,-0.590865,0.0839262,5739.06,5,39.506,1416.62,1441.59,49.527,1,2,0.9,0.0,0.0,5,0.0,0,True,1746969314.7797256,right,False
1924,1746969324.5910845,187.745,1.7391,3.79615,-0.596082,0.0849268,5739.97,5,39.526,1417.65,1442.61,49.5267,1,2,0.9,0.0,0.0,5,0.0,0,True,1746969314.7797256,right,False
1925,1746969324.6109002,187.784,1.73845,3.8508,-0.601379,0.0859294,5741.12,5,39.546,1418.68,1443.64,49.5265,1,2,0.9,0.0,0.0,5,0.0,0,True,1746969314.7797256,right,False
1926,1746969324.6301017,187.822,1.73825,3.8996,-0.606738,0.0869341,5742.66,5,39.566,1419.7,1444.67,49.5262,1,2,0.9,0.0,0.0,5,0.0,0,True,1746969314.7797256,right,False
1927,1746969324.6541085,187.86,1.73879,3.95069,-0.61217,0.0879421,5743.95,5,39.586,1420.73,1445.7,49.5259,1,2,0.9,0.0,0.0,5,0.0,0,True,1746969314.7797256,right,False
1928,1746969324.6702096,187.898,1.73938,3.99933,-0.617684,0.0889513,5745.39,5,39.606,1421.76,1446.72,49.5257,1,2,0.9,0.0,0.0,5,0.0,0,True,1746969314.7797256,right,False
1929,1746969324.68965,187.936,1.7395,4.06038,-0.623258,0.0899606,5745.7,5,39.626,1422.79,1447.75,49.5254,1,2,0.9,0.0,0.1,5,0.0,0,True,1746969314.7797256,right,False
1930,1746969324.7100315,187.974,1.73961,4.11054,-0.628902,0.09097,5746.5,5,39.646,1423.81,1448.78,49.5251,1,2,0.9,0.0,0.1,5,0.0,0,True,1746969314.7797256,right,False
1931,1746969324.7313492,187.998,1.88996,4.15784,-0.634578,0.0912523,5750.5,5,39.666,1424.84,1449.81,49.5249,1,2,0.9,0.0,0.1,5,0.0,0,True,1746969314.7797256,right,False
1932,1746969324.7503023,188.02,1.75127,4.18204,-0.640206,0.0895524,5756.51,5,39.686,1425.87,1450.83,49.5246,1,2,0.9,0.0,0.1,5,0.0,0,True,1746969314.7797256,right,False
1933,1746969324.772374,188.045,1.28429,4.20012,-0.64578,0.0860581,5761.22,5,39.706,1426.9,1451.86,49.5243,1,2,0.9,0.0,0.1,5,0.0,0,True,1746969314.7797256,right,False
1934,1746969324.7905414,188.069,0.549749,4.19941,-0.651294,0.0810308,5767.64,5,39.726,1427.92,1452.89,49.5241,1,2,0.9,0.0,0.1,5,0.0,0,True,1746969314.7797256,right,False
1935,1746969324.8112237,188.087,-0.392574,4.1655,-0.65673,0.0747328,5775.81,5,39.746,1428.95,1453.92,49.5238,1,2,0.9,0.0,0.1,5,0.0,0,True,1746969314.7797256,right,False
1936,1746969324.8307207,188.098,-1.48233,4.12845,-0.662081,0.0674186,5783.64,5,39.766,1429.98,1454.94,49.5235,1,2,0.9,0.0,0.1,5,0.0,0,True,1746969314.7797256,right,False
1937,1746969324.8497376,188.096,-2.677,4.06441,-0.667322,0.0593412,5794.86,5,39.786,1431.01,1455.97,49.5233,1,2,0.9,0.0,0.1,5,0.0,0,True,1746969314.7797256,right,False
1938,1746969324.870108,188.079,-3.93304,3.98044,-0.672437,0.0507276,5808.81,5,39.806,1432.04,1457,49.523,1,2,0.9,0.0,0.1,5,0.0,0,True,1746969314.7797256,right,False
1939,1746969324.889507,188.048,-5.2148,3.87893,-0.677405,0.0417676,5824.01,5,39.826,1433.06,1458.03,49.5227,1,2,0.9,0.0,0.1,5,0.0,0,True,1746969314.7797256,right,False
1940,1746969324.9111352,188,-6.5049,3.75398,-0.682227,0.032614,5843.1,5,39.846,1434.09,1459.06,49.5225,1,2,0.9,0.0,0.1,5,0.0,0,True,1746969314.7797256,right,False
1941,1746969324.9315724,187.939,-7.77066,3.624,-0.686873,0.0233924,5861.99,5,39.866,1435.12,1460.08,49.5222,1,2,0.9,0.0,0.1,5,0.0,0,True,1746969314.7797256,right,False
1942,1746969324.9498596,187.865,-9.00794,3.47392,-0.691345,0.0141869,5882.93,5,39.886,1436.15,1461.11,49.5219,1,2,0.9,0.0,0.1,5,0.0,0,True,1746969314.7797256,right,False
1943,1746969324.971272,187.779,-10.2128,3.31382,-0.695634,0.00502944,5903.69,5,39.906,1437.18,1462.14,49.5217,1,2,0.9,0.0,0.1,5,0.0,0,True,1746969314.7797256,right,False
1944,1746969324.9919171,187.683,-11.3802,3.14885,-0.699727,-0.00406432,5923.95,5,39.926,1438.2,1463.17,49.5214,1,2,0.9,0.0,0.1,5,0.0,0,True,1746969314.7797256,right,False
1945,1746969325.010685,187.578,-12.5148,2.97678,-0.703609,-0.0130832,5940.52,5,39.946,1439.23,1464.2,49.5211,1,2,0.9,0.0,0.1,5,0.0,0,True,1746969314.7797256,right,False
1946,1746969325.0295877,187.468,-13.6163,2.79944,-0.707284,-0.0220554,5951.11,5,39.966,1440.26,1465.23,49.5209,1,2,0.9,0.0,0.1,5,0.0,0,True,1746969314.7797256,right,False
1947,1746969325.0529847,187.348,-14.6888,2.62561,-0.710742,-0.0309832,5961.73,5,39.986,1441.29,1466.25,49.5206,1,2,0.9,0.0,0.1,5,0.0,0,True,1746969314.7797256,right,False
1948,1746969325.0692065,187.219,-15.7388,2.44608,-0.713973,-0.0398705,5972.85,5,40.006,1442.32,1467.28,49.5203,1,2,0.9,0.0,0.1,5,0.0,0,True,1746969314.7797256,right,False
1949,1746969325.090581,187.087,-16.7652,2.26355,-0.716972,-0.0487287,5977.43,5,40.026,1443.34,1468.31,49.5201,1,2,0.9,0.0,0.1,5,0.0,0,True,1746969314.7797256,right,False
1950,1746969325.1112216,186.942,-17.7767,2.07586,-0.719735,-0.05756,5986.99,5,40.046,1444.37,1469.34,49.5198,1,2,0.9,0.0,0.1,5,0.0,0,True,1746969314.7797256,right,False
1951,1746969325.1308742,186.788,-18.7678,1.88374,-0.722253,-0.0663341,5997.45,5,40.066,1445.4,1470.36,49.5195,1,2,0.9,0.0,0.1,5,0.0,0,True,1746969314.7797256,right,False
1952,1746969325.151857,186.63,-19.7301,1.6992,-0.724536,-0.0750535,6002.85,5,40.086,1446.42,1471.39,49.5193,1,2,0.9,0.0,0.0,5,0.0,0,True,1746969314.7797256,left,False
1953,1746969325.169723,186.462,-20.6695,1.50774,-0.726571,-0.0836852,6014.23,5,40.106,1447.45,1472.42,49.519,1,2,0.9,0.0,0.0,5,0.0,0,True,1746969314.7797256,left,False
1954,1746969325.1902015,186.311,-21.6145,1.31428,-0.728361,-0.0920585,6023.25,5,40.126,1448.48,1473.44,49.5187,1,2,0.9,0.0,0.0,5,0.0,0,True,1746969314.7797256,left,False
1955,1746969325.2095728,186.172,-22.466,1.12037,-0.729923,-0.0998691,6030.64,5,40.146,1449.5,1474.47,49.5185,1,2,0.9,0.0,0.0,5,0.0,0,True,1746969314.7797256,left,False
1956,1746969325.2315304,186.049,-23.2013,0.932388,-0.731258,-0.107161,6024.23,5,40.166,1450.53,1475.49,49.5182,1,2,0.9,0.0,0.0,5,0.0,0,True,1746969314.7797256,left,False
1957,1746969325.251139,185.934,-23.8283,0.746695,-0.732349,-0.113952,6016.15,5,40.186,1451.56,1476.52,49.5179,1,2,0.9,0.0,0.0,5,0.0,0,True,1746969314.7797256,left,False
1958,1746969325.2717304,185.828,-24.353,0.562728,-0.733203,-0.12025,6008.56,5,40.206,1452.58,1477.55,49.5177,1,2,0.9,0.0,0.0,5,0.0,0,True,1746969314.7797256,left,False
1959,1746969325.2902093,185.73,-24.7811,0.38058,-0.733813,-0.126082,6001.03,5,40.226,1453.61,1478.57,49.5174,1,2,0.9,0.0,0.0,5,0.0,0,True,1746969314.7797256,left,False
1960,1746969325.3109784,185.638,-25.1176,0.194059,-0.734176,-0.131457,5998.85,5,40.246,1454.63,1479.6,49.5171,1,2,0.9,0.0,0.0,5,0.0,0,True,1746969314.7797256,left,False
1961,1746969325.3312986,185.549,-25.368,0.00744243,-0.73429,-0.136352,6007.96,5,40.266,1455.66,1480.62,49.5169,1,2,0.9,0.0,0.0,5,0.0,0,True,1746969314.7797256,left,False
1962,1746969325.3525617,185.478,-25.5135,-0.173721,-0.734151,-0.14077,6008.31,5,40.286,1456.68,1481.65,49.5166,1,2,0.9,0.0,0.0,5,0.0,0,True,1746969314.7797256,left,False
1963,1746969325.3689299,185.413,-25.586,-0.361371,-0.733769,-0.144733,6015.33,5,40.306,1457.71,1482.67,49.5163,1,2,0.9,0.0,0.0,5,0.0,0,True,1746969314.7797256,left,False
1964,1746969325.390344,185.358,-25.5649,-0.543046,-0.733138,-0.148222,6024.85,5,40.326,1458.73,1483.7,49.5161,1,2,0.9,0.0,0.0,5,0.0,0,True,1746969314.7797256,left,False
1965,1746969325.4098792,185.319,-25.4453,-0.716961,-0.732251,-0.151215,6029.99,5,40.346,1459.76,1484.72,49.5158,1,2,0.9,0.0,0.0,5,0.0,0,True,1746969314.7797256,left,False
1966,1746969325.4294543,185.293,-25.2427,-0.902169,-0.73112,-0.153716,6036.73,5,40.366,1460.78,1485.74,49.5155,1,2,0.9,0.0,0.0,5,0.0,0,True,1746969314.7797256,left,False
1967,1746969325.450416,185.277,-24.9531,-1.07811,-0.729732,-0.155747,6045.71,5,40.386,1461.8,1486.77,49.5153,1,2,0.9,0.0,0.0,5,0.0,0,True,1746969314.7797256,left,False
1968,1746969325.4699974,185.272,-24.58,-1.26626,-0.728105,-0.157272,6058.59,5,40.406,1462.82,1487.79,49.515,1,2,0.9,0.0,0.0,5,0.0,0,True,1746969314.7797256,left,False
1969,1746969325.4902978,185.281,-24.1188,-1.4457,-0.726225,-0.158319,6069.89,5,40.426,1463.85,1488.81,49.5147,1,2,0.9,0.0,0.0,5,0.0,0,True,1746969314.7797256,left,False
1970,1746969325.5110898,185.311,-23.5686,-1.6226,-0.724101,-0.158857,6072.08,5,40.446,1464.87,1489.83,49.5145,1,2,0.9,0.0,0.0,5,0.0,0,True,1746969314.7797256,left,False
1971,1746969325.5294018,185.357,-22.9388,-1.79889,-0.721737,-0.158936,6065.58,5,40.466,1465.89,1490.86,49.5142,1,2,0.9,0.0,0.0,5,0.0,0,True,1746969314.7797256,left,False
1972,1746969325.5489585,185.413,-22.2341,-1.9785,-0.719137,-0.158553,6064.7,5,40.486,1466.91,1491.88,49.5139,1,2,0.9,0.0,0.0,5,0.0,0,True,1746969314.7797256,left,False
1973,1746969325.5696087,185.484,-21.4502,-2.15135,-0.716296,-0.157713,6057.02,5,40.506,1467.93,1492.9,49.5137,1,2,0.9,0.0,0.0,5,0.0,0,True,1746969314.7797256,left,False
1974,1746969325.5893557,185.567,-20.5942,-2.32619,-0.713224,-0.156421,6046.74,5,40.526,1468.96,1493.92,49.5134,1,2,0.9,0.0,0.0,5,0.0,0,True,1746969314.7797256,left,False
1975,1746969325.609301,185.658,-19.6774,-2.5023,-0.70992,-0.154716,6037.47,5,40.546,1469.98,1494.94,49.5131,1,2,0.9,0.0,0.0,5,0.0,0,True,1746969314.7797256,left,False
1976,1746969325.6317606,185.766,-18.6869,-2.6674,-0.706396,-0.152572,6012.87,5,40.566,1471,1495.96,49.5129,1,2,0.9,0.0,0.0,5,0.0,0,True,1746969314.7797256,left,False
1977,1746969325.6519432,185.877,-17.6321,-2.83446,-0.702653,-0.149988,5997.57,5,40.586,1472.02,1496.98,49.5126,1,2,0.9,0.0,0.0,5,0.0,0,True,1746969314.7797256,left,False
1978,1746969325.6713374,185.998,-16.5196,-2.99936,-0.69869,-0.147009,5976.07,5,40.606,1473.04,1498,49.5123,1,2,0.9,0.0,0.0,5,0.0,0,True,1746969314.7797256,left,False
1979,1746969325.6914322,186.125,-15.3593,-3.15433,-0.694523,-0.143662,5953.13,5,40.626,1474.06,1499.03,49.5121,1,2,0.9,0.0,0.0,5,0.0,0,True,1746969314.7797256,left,False
1980,1746969325.7112882,186.257,-14.1583,-3.30551,-0.690157,-0.139982,5922.99,5,40.646,1475.08,1500.05,49.5118,1,2,0.9,0.0,0.0,5,0.0,0,True,1746969314.7797256,left,False
1981,1746969325.7312002,186.391,-12.9289,-3.45028,-0.6856,-0.13601,5894.77,5,40.666,1476.1,1501.07,49.5115,1,2,0.9,0.0,0.0,5,0.0,0,True,1746969314.7797256,left,False
1982,1746969325.750828,186.523,-11.6822,-3.59044,-0.680863,-0.131777,5868.26,5,40.686,1477.12,1502.09,49.5113,1,2,0.9,0.0,0.0,5,0.0,0,True,1746969314.7797256,left,False
1983,1746969325.7712266,186.653,-10.4264,-3.72197,-0.675956,-0.127334,5843.96,5,40.706,1478.15,1503.11,49.511,1,2,0.9,0.0,0.0,5,0.0,0,True,1746969314.7797256,left,False
1984,1746969325.7894106,186.779,-9.18029,-3.84549,-0.670898,-0.12274,5820.92,5,40.726,1479.17,1504.13,49.5107,1,2,0.9,0.0,0.0,5,0.0,0,True,1746969314.7797256,left,False
1985,1746969325.8091552,186.897,-7.96072,-3.96535,-0.665702,-0.118058,5802.53,5,40.746,1480.19,1505.15,49.5105,1,2,0.9,0.0,0.0,5,0.0,0,True,1746969314.7797256,left,False
1986,1746969325.8312762,187.011,-6.77665,-4.06344,-0.660384,-0.113344,5785.12,5,40.766,1481.21,1506.18,49.5102,1,2,0.9,0.0,0.0,5,0.0,0,True,1746969314.7797256,left,False
1987,1746969325.8516002,187.116,-5.64646,-4.1568,-0.65496,-0.108655,5772.4,5,40.786,1482.24,1507.2,49.5099,1,2,0.9,0.0,0.0,5,0.0,0,True,1746969314.7797256,left,False
1988,1746969325.8712678,187.215,-4.57564,-4.23374,-0.649451,-0.104041,5763.31,5,40.806,1483.26,1508.22,49.5097,1,2,0.9,0.0,0.0,5,0.0,0,True,1746969314.7797256,left,False
1989,1746969325.890259,187.306,-3.57641,-4.29652,-0.643872,-0.0995401,5756.91,5,40.826,1484.28,1509.25,49.5094,1,2,0.9,0.0,0.0,5,0.0,0,True,1746969314.7797256,left,False
1990,1746969325.9106345,187.392,-2.65245,-4.34911,-0.638249,-0.0951837,5752.33,5,40.846,1485.31,1510.27,49.5091,1,2,0.9,0.0,0.0,5,0.0,0,True,1746969314.7797256,left,False
1991,1746969325.9302664,187.473,-1.80782,-4.38232,-0.632589,-0.090998,5748.68,5,40.866,1486.33,1511.29,49.5089,1,2,0.9,0.0,0.0,5,0.0,0,True,1746969314.7797256,left,False
1992,1746969325.9496355,187.55,-1.04444,-4.40248,-0.626921,-0.0870026,5746.03,5,40.886,1487.36,1512.32,49.5086,1,2,0.9,0.0,0.0,5,0.0,0,True,1746969314.7797256,left,False
1993,1746969325.9709337,187.622,-0.361884,-4.41274,-0.621252,-0.0832122,5745.94,5,40.906,1488.38,1513.35,49.5083,1,2,0.9,0.0,0.0,5,0.0,0,True,1746969314.7797256,left,False
1994,1746969325.9905038,187.693,0.241945,-4.40608,-0.615601,-0.0796326,5745.6,5,40.926,1489.41,1514.37,49.5081,1,2,0.9,0.0,0.0,5,0.0,0,True,1746969314.7797256,left,False
1995,1746969326.012414,187.761,0.769068,-4.37388,-0.609985,-0.0762709,5745.1,5,40.946,1490.43,1515.4,49.5078,1,2,0.9,0.0,0.0,5,0.0,0,True,1746969314.7797256,left,False
1996,1746969326.0297503,187.827,1.22357,-4.33646,-0.604415,-0.0731266,5746.34,5,40.966,1491.46,1516.43,49.5075,1,2,0.9,0.0,0.0,5,0.0,0,True,1746969314.7797256,left,False
1997,1746969326.052321,187.893,1.60927,-4.28394,-0.598897,-0.0701979,5746.74,5,40.986,1492.49,1517.45,49.5073,1,2,0.9,0.0,0.0,5,0.0,0,True,1746969314.7797256,left,False
1998,1746969326.0718312,187.957,1.9311,-4.21883,-0.593437,-0.0674794,5747.88,5,41.006,1493.52,1518.48,49.507,1,2,0.9,0.0,0.0,5,0.0,0,True,1746969314.7797256,left,False
1999,1746969326.0910702,188.021,2.19395,-4.14248,-0.588062,-0.064966,5748.2,5,41.026,1494.55,1519.51,49.5067,1,2,0.9,0.0,0.0,5,0.0,0,True,1746969314.7797256,left,False
2000,1746969326.1111107,188.083,2.40361,-4.06262,-0.58276,-0.0626453,5750.4,5,41.046,1495.57,1520.54,49.5065,1,2,0.9,0.0,0.0,5,0.0,0,True,1746969314.7797256,left,False
2001,1746969326.1314366,188.146,2.56551,-3.97626,-0.577555,-0.06051,5752.19,5,41.066,1496.6,1521.57,49.5062,1,2,0.9,0.0,0.0,5,0.0,0,True,1746969314.7797256,left,False
2002,1746969326.1496024,188.209,2.68397,-3.87847,-0.572449,-0.0585445,5753.38,5,41.086,1497.64,1522.6,49.5059,1,2,0.9,0.0,0.0,5,0.0,0,True,1746969314.7797256,left,False
2003,1746969326.1700056,188.272,2.76508,-3.78391,-0.567428,-0.0567392,5754.59,5,41.106,1498.67,1523.63,49.5056,1,2,0.9,0.0,0.0,5,0.0,0,True,1746969314.7797256,left,False
2004,1746969326.1896038,188.334,2.81463,-3.67967,-0.56248,-0.055074,5756.33,5,41.126,1499.7,1524.66,49.5054,1,2,0.9,0.0,0.0,5,0.0,0,True,1746969314.7797256,left,False
2005,1746969326.2104921,188.396,2.83952,-3.58562,-0.557629,-0.0535339,5758.86,5,41.146,1500.73,1525.69,49.5051,1,2,0.9,0.0,0.0,5,0.0,0,True,1746969314.7797256,left,False
2006,1746969326.230691,188.459,2.84065,-3.4879,-0.552877,-0.0521072,5760.23,5,41.166,1501.76,1526.73,49.5048,1,2,0.9,0.0,0.0,5,0.0,0,True,1746969314.7797256,left,False
2007,1746969326.251988,188.521,2.82453,-3.3859,-0.54823,-0.050773,5761.32,5,41.186,1502.8,1527.76,49.5046,1,2,0.9,0.0,0.0,5,0.0,0,True,1746969314.7797256,left,False
2008,1746969326.2697392,188.584,2.79593,-3.29886,-0.543677,-0.0495179,5763.01,5,41.206,1503.83,1528.79,49.5043,1,2,0.9,0.0,0.0,5,0.0,0,True,1746969314.7797256,left,False
2009,1746969326.2922852,188.646,2.75566,-3.20413,-0.539225,-0.0483316,5764.82,5,41.226,1504.86,1529.83,49.504,1,2,0.9,0.0,0.0,5,0.0,0,True,1746969314.7797256,left,False
2010,1746969326.311359,188.708,2.70812,-3.11228,-0.534871,-0.0472019,5766.34,5,41.246,1505.9,1530.86,49.5038,1,2,0.9,0.0,0.0,5,0.0,0,True,1746969314.7797256,left,False
2011,1746969326.329269,188.77,2.65659,-3.02739,-0.530619,-0.0461143,5768.44,5,41.266,1506.93,1531.9,49.5035,1,2,0.9,0.0,0.0,5,0.0,0,True,1746969314.7797256,left,False
2012,1746969326.3492274,188.831,2.60222,-2.94666,-0.526465,-0.0450633,5769.98,5,41.286,1507.97,1532.94,49.5032,1,2,0.9,0.0,0.0,5,0.0,0,True,1746969314.7797256,left,False
2013,1746969326.3699021,188.892,2.54587,-2.87153,-0.522412,-0.044041,5772.8,5,41.306,1509.01,1533.97,49.503,1,2,0.9,0.0,0.0,5,0.0,0,True,1746969314.7797256,left,False
2014,1746969326.390607,188.953,2.48883,-2.79006,-0.518433,-0.0430425,5774.63,5,41.326,1510.04,1535.01,49.5027,1,2,0.9,0.0,0.0,5,0.0,0,True,1746969314.7797256,left,False
2015,1746969326.409154,189.013,2.43408,-2.72952,-0.514543,-0.0420626,5777.5,5,41.346,1511.08,1536.05,49.5024,1,2,0.9,0.0,0.0,5,0.0,0,True,1746969314.7797256,left,False
2016,1746969326.4295824,189.075,2.37859,-2.653,-0.510746,-0.0410941,5778.39,5,41.366,1512.12,1537.08,49.5022,1,2,0.9,0.0,0.0,5,0.0,0,True,1746969314.7797256,left,False
2017,1746969326.449728,189.135,2.32523,-2.58783,-0.507035,-0.0401414,5779.65,5,41.386,1513.16,1538.12,49.5019,1,2,0.9,0.0,0.0,5,0.0,0,True,1746969314.7797256,left,False
2018,1746969326.4703248,189.195,2.27587,-2.53313,-0.503402,-0.0391925,5782.62,5,41.406,1514.2,1539.16,49.5016,1,2,0.9,0.0,0.0,5,0.0,0,True,1746969314.7797256,left,False
2019,1746969326.4909208,189.255,2.22633,-2.46552,-0.499874,-0.0382503,5783.62,5,41.426,1515.24,1540.2,49.5014,1,2,0.9,0.0,0.0,5,0.0,0,True,1746969314.7797256,left,False
2020,1746969326.5095227,189.314,2.18181,-2.41492,-0.496399,-0.0373076,5785.92,5,41.446,1516.28,1541.24,49.5011,1,2,0.9,0.0,0.0,5,0.0,0,True,1746969314.7797256,left,False
2021,1746969326.529292,189.374,2.13913,-2.35841,-0.493026,-0.0363677,5787.24,5,41.466,1517.32,1542.28,49.5008,1,2,0.9,0.0,0.0,5,0.0,0,True,1746969314.7797256,left,False
2022,1746969326.5510075,189.432,2.09978,-2.30753,-0.489722,-0.0354264,5790.43,5,41.486,1518.36,1543.32,49.5006,1,2,0.9,0.0,0.0,5,0.0,0,True,1746969314.7797256,left,False
2023,1746969326.5710983,189.491,2.06253,-2.25386,-0.486507,-0.0344852,5792.07,5,41.506,1519.4,1544.36,49.5003,1,2,0.9,0.0,0.0,5,0.0,0,True,1746969314.7797256,left,False
2024,1746969326.589404,189.55,2.02861,-2.20104,-0.483362,-0.0335391,5793.59,5,41.526,1520.44,1545.4,49.5,1,2,0.9,0.0,0.0,5,0.0,0,True,1746969314.7797256,left,False
2025,1746969326.6087663,189.608,1.99693,-2.15011,-0.480298,-0.0325907,5795.14,5,41.546,1521.48,1546.45,49.4998,1,2,0.9,0.0,0.0,5,0.0,0,True,1746969314.7797256,left,False
2026,1746969326.631444,189.666,1.96795,-2.10173,-0.477311,-0.0316404,5797.01,5,41.566,1522.52,1547.49,49.4995,1,2,0.9,0.0,0.0,5,0.0,0,True,1746969314.7797256,left,False
2027,1746969326.651153,189.724,1.94209,-2.0546,-0.474402,-0.0306829,5798.96,5,41.586,1523.57,1548.53,49.4992,1,2,0.9,0.0,0.0,5,0.0,0,True,1746969314.7797256,left,False
2028,1746969326.669313,189.782,1.91802,-1.99719,-0.47157,-0.0297187,5799.85,5,41.606,1524.61,1549.57,49.499,1,2,0.9,0.0,0.0,5,0.0,0,True,1746969314.7797256,left,False
2029,1746969326.6894433,189.838,1.89747,-1.95753,-0.468803,-0.0287517,5803.32,5,41.626,1525.65,1550.62,49.4987,1,2,0.9,0.0,0.0,5,0.0,0,True,1746969314.7797256,left,False
2030,1746969326.7094681,189.896,1.87724,-1.90146,-0.466121,-0.0277808,5803.6,5,41.646,1526.7,1551.66,49.4984,1,2,0.9,0.0,0.0,5,0.0,0,True,1746969314.7797256,left,False
2031,1746969326.7312331,189.952,1.86,-1.85222,-0.463521,-0.0268038,5805.72,5,41.666,1527.74,1552.71,49.4982,1,2,0.9,0.0,0.0,5,0.0,0,True,1746969314.7797256,left,False
2032,1746969326.7489648,190.009,1.84449,-1.80063,-0.460978,-0.0258215,5807.15,5,41.686,1528.79,1553.75,49.4979,1,2,0.9,0.0,0.0,5,0.0,0,True,1746969314.7797256,left,False
2033,1746969326.7695174,190.065,1.83115,-1.74838,-0.458516,-0.024833,5809.16,5,41.706,1529.83,1554.8,49.4976,1,2,0.9,0.0,0.0,5,0.0,0,True,1746969314.7797256,left,False
2034,1746969326.7893023,190.121,1.81921,-1.69894,-0.456132,-0.0238417,5810.87,5,41.726,1530.88,1555.84,49.4974,1,2,0.9,0.0,0.0,5,0.0,0,True,1746969314.7797256,left,False
2035,1746969326.8110468,190.177,1.80903,-1.64847,-0.453817,-0.0228441,5812,5,41.746,1531.92,1556.89,49.4971,1,2,0.9,0.0,0.0,5,0.0,0,True,1746969314.7797256,left,False
2036,1746969326.830508,190.232,1.80026,-1.59948,-0.451575,-0.0218414,5814.24,5,41.766,1532.97,1557.93,49.4968,1,2,0.9,0.0,0.0,5,0.0,0,True,1746969314.7797256,left,False
2037,1746969326.8515403,190.288,1.79184,-1.54255,-0.449414,-0.0208357,5814.34,5,41.786,1534.02,1558.98,49.4966,1,2,0.9,0.0,0.0,5,0.0,0,True,1746969314.7797256,left,False
2038,1746969326.8696897,190.342,1.78522,-1.49227,-0.447323,-0.0198262,5816.88,5,41.806,1535.06,1560.03,49.4963,1,2,0.9,0.0,0.0,5,0.0,0,True,1746969314.7797256,left,False
2039,1746969326.8899715,190.396,1.77966,-1.44242,-0.4453,-0.0188125,5819.12,5,41.826,1536.11,1561.08,49.496,1,2,0.9,0.0,0.0,5,0.0,0,True,1746969314.7797256,left,False
2040,1746969326.910676,190.451,1.77482,-1.39037,-0.443351,-0.0177968,5820.19,5,41.846,1537.16,1562.12,49.4958,1,2,0.9,0.0,0.0,5,0.0,0,True,1746969314.7797256,left,False
2041,1746969326.9312553,190.505,1.76996,-1.33552,-0.44148,-0.0167802,5821.42,5,41.866,1538.21,1563.17,49.4955,1,2,0.9,0.0,0.0,5,0.0,0,True,1746969314.7797256,left,False
2042,1746969326.9518266,190.559,1.76608,-1.28397,-0.439677,-0.0157607,5823.58,5,41.886,1539.26,1564.22,49.4952,1,2,0.9,0.0,0.0,5,0.0,0,True,1746969314.7797256,left,False
2043,1746969326.969114,190.612,1.76271,-1.23689,-0.437948,-0.0147412,5825.97,5,41.906,1540.31,1565.27,49.495,1,2,0.9,0.0,0.0,5,0.0,0,True,1746969314.7797256,left,False
2044,1746969326.991807,190.666,1.75857,-1.17377,-0.436292,-0.0137184,5825.74,5,41.926,1541.35,1566.32,49.4947,1,2,0.9,0.0,0.0,5,0.0,0,True,1746969314.7797256,left,False
2045,1746969327.0108478,190.719,1.75583,-1.11553,-0.434717,-0.0126951,5828.04,5,41.946,1542.4,1567.37,49.4944,1,2,0.9,0.0,0.0,5,0.0,0,True,1746969314.7797256,left,False
2046,1746969327.0309725,190.771,1.75465,-1.08169,-0.433203,-0.0116704,5830.75,5,41.966,1543.45,1568.42,49.4942,1,2,0.9,0.0,0.0,5,0.0,0,True,1746969314.7797256,left,False
2047,1746969327.0517235,190.824,1.75323,-1.03034,-0.431767,-0.0106414,5832.01,5,41.986,1544.51,1569.47,49.4939,1,2,0.9,0.0,0.0,5,0.0,0,True,1746969314.7797256,left,False
2048,1746969327.0694969,190.876,1.75274,-0.979066,-0.4304,-0.00960857,5833.51,5,42.006,1545.56,1570.52,49.4936,1,2,0.9,0.0,0.0,5,0.0,0,True,1746969314.7797256,left,False
2049,1746969327.0897093,190.928,1.75164,-0.927813,-0.429114,-0.00857717,5834.84,5,42.026,1546.61,1571.57,49.4934,1,2,0.9,0.0,0.0,5,0.0,0,True,1746969314.7797256,left,False
2050,1746969327.1114569,190.98,1.75095,-0.876634,-0.427897,-0.0075453,5836.15,5,42.046,1547.66,1572.62,49.4931,1,2,0.9,0.0,0.0,5,0.0,0,True,1746969314.7797256,left,False
2051,1746969327.130369,191.032,1.74926,-0.816486,-0.426746,-0.00651199,5837.04,5,42.066,1548.71,1573.67,49.4928,1,2,0.9,0.0,0.0,5,0.0,0,True,1746969314.7797256,left,False
2052,1746969327.14955,191.083,1.74891,-0.762817,-0.42568,-0.00547439,5839.12,5,42.086,1549.76,1574.73,49.4926,1,2,0.9,0.0,0.0,5,0.0,0,True,1746969314.7797256,left,False
2053,1746969327.1698053,191.135,1.7483,-0.702491,-0.424687,-0.00443727,5839.59,5,42.106,1550.82,1575.78,49.4923,1,2,0.9,0.0,0.0,5,0.0,0,True,1746969314.7797256,left,False
2054,1746969327.1889431,191.185,1.74804,-0.646854,-0.423763,-0.00339777,5842.29,5,42.126,1551.87,1576.83,49.492,1,2,0.9,0.0,0.0,5,0.0,0,True,1746969314.7797256,left,False
2055,1746969327.2102404,191.235,1.74846,-0.587631,-0.422909,-0.0023554,5843.46,5,42.146,1552.92,1577.89,49.4918,1,2,0.9,0.0,0.0,5,0.0,0,True,1746969314.7797256,left,False
2056,1746969327.2301428,191.286,1.74871,-0.529117,-0.422131,-0.0013116,5844.63,5,42.166,1553.97,1578.94,49.4915,1,2,0.9,0.0,0.0,5,0.0,0,True,1746969314.7797256,left,False
2057,1746969327.2525327,191.335,1.74962,-0.481103,-0.421436,-0.000268284,5847.31,5,42.186,1555.03,1579.99,49.4912,1,2,0.9,0.0,0.0,5,0.0,0,True,1746969314.7797256,left,False
2058,1746969327.2690942,191.385,1.74999,-0.425298,-0.420801,0.000775989,5848.04,5,42.206,1556.08,1581.05,49.491,1,2,0.9,0.0,0.0,5,0.0,0,True,1746969314.7797256,left,False
2059,1746969327.28955,191.434,1.75074,-0.372279,-0.420243,0.00181931,5849.91,5,42.226,1557.14,1582.1,49.4907,1,2,0.9,0.0,0.0,5,0.0,0,True,1746969314.7797256,left,False
2060,1746969327.3110878,191.483,1.75112,-0.315432,-0.419767,0.00286311,5851.3,5,42.246,1558.19,1583.16,49.4904,1,2,0.9,0.0,0.0,5,0.0,0,True,1746969314.7797256,left,False
2061,1746969327.3303819,191.532,1.75159,-0.25915,-0.419364,0.0039069,5852.47,5,42.266,1559.25,1584.21,49.4902,1,2,0.9,0.0,0.0,5,0.0,0,True,1746969314.7797256,left,False
2062,1746969327.3510458,191.581,1.75211,-0.209125,-0.419027,0.00495117,5854.44,5,42.286,1560.3,1585.27,49.4899,1,2,0.9,0.0,0.0,5,0.0,0,True,1746969314.7797256,left,False
2063,1746969327.3706436,191.63,1.75194,-0.158725,-0.418766,0.00599497,5855.15,5,42.306,1561.36,1586.32,49.4896,1,2,0.9,0.0,0.0,5,0.0,0,True,1746969314.7797256,left,False
2064,1746969327.39109,191.677,1.75316,-0.114465,-0.418583,0.00703924,5858.54,5,42.326,1562.41,1587.38,49.4894,1,2,0.9,0.0,0.0,5,0.0,0,True,1746969314.7797256,left,False
2065,1746969327.4095447,191.725,1.75278,-0.069683,-0.418477,0.00807732,5859.77,5,42.346,1563.47,1588.43,49.4891,1,2,0.9,0.0,0.0,5,0.0,0,True,1746969314.7797256,left,False
2066,1746969327.4291797,191.772,1.75238,-0.0193791,-0.418437,0.00911444,5861.27,5,42.366,1564.52,1589.49,49.4888,1,2,0.9,0.0,0.0,5,0.0,0,True,1746969314.7797256,left,False
2067,1746969327.4502745,191.821,1.74933,0.0401139,-0.418473,0.0101468,5861.39,5,42.386,1565.58,1590.55,49.4886,1,2,0.9,0.0,0.0,5,0.0,0,True,1746969314.7797256,left,False
2068,1746969327.4694076,191.868,1.74676,0.105752,-0.418583,0.0111825,5862.6,5,42.406,1566.64,1591.6,49.4883,1,2,0.9,0.0,0.0,5,0.0,0,True,1746969314.7797256,left,False
2069,1746969327.4915361,191.916,1.74397,0.171944,-0.418778,0.0122167,5863.08,5,42.426,1567.69,1592.66,49.488,1,2,0.9,0.0,0.0,5,0.0,0,True,1746969314.7797256,left,False
2070,1746969327.509976,191.962,1.74399,0.215342,-0.419039,0.0132572,5865,5,42.446,1568.75,1593.72,49.4878,1,2,0.9,0.0,0.0,5,0.0,0,True,1746969314.7797256,left,False
2071,1746969327.5297174,192.009,1.74434,0.271193,-0.419373,0.0143029,5866.51,5,42.466,1569.81,1594.77,49.4875,1,2,0.9,0.0,0.0,5,0.0,0,True,1746969314.7797256,left,False
2072,1746969327.5502856,192.055,1.74507,0.330318,-0.419784,0.0153539,5867.27,5,42.486,1570.87,1595.83,49.4872,1,2,0.9,0.0,0.0,5,0.0,0,True,1746969314.7797256,left,False
2073,1746969327.5711985,192.101,1.74708,0.385013,-0.420272,0.0164077,5869.6,5,42.506,1571.93,1596.89,49.487,1,2,0.9,0.0,0.0,5,0.0,0,True,1746969314.7797256,left,False
2074,1746969327.5917952,192.146,1.74963,0.430148,-0.420829,0.0174643,5871.63,5,42.526,1572.98,1597.95,49.4867,1,2,0.9,0.0,0.0,5,0.0,0,True,1746969314.7797256,left,False
2075,1746969327.6109426,192.191,1.75183,0.485517,-0.42146,0.018521,5872.55,5,42.546,1574.04,1599.01,49.4864,1,2,0.9,0.0,0.0,5,0.0,0,True,1746969314.7797256,left,False
2076,1746969327.6296012,192.237,1.75446,0.536448,-0.422168,0.0195801,5873.9,5,42.566,1575.1,1600.06,49.4862,1,2,0.9,0.0,0.0,5,0.0,0,True,1746969314.7797256,left,False
2077,1746969327.6518037,192.281,1.75688,0.58375,-0.422953,0.0206396,5875.53,5,42.586,1576.16,1601.12,49.4859,1,2,0.9,0.0,0.0,5,0.0,0,True,1746969314.7797256,left,False
2078,1746969327.67101,192.326,1.75899,0.637875,-0.423808,0.0216986,5876.78,5,42.606,1577.22,1602.18,49.4856,1,2,0.9,0.0,0.0,5,0.0,0,True,1746969314.7797256,left,False
2079,1746969327.6905448,192.371,1.76018,0.692573,-0.42474,0.0227563,5878.29,5,42.626,1578.28,1603.24,49.4854,1,2,0.9,0.0,0.0,5,0.0,0,True,1746969314.7797256,left,False
2080,1746969327.7104933,192.415,1.7611,0.749756,-0.425749,0.0238139,5878.82,5,42.646,1579.34,1604.3,49.4851,1,2,0.9,0.0,0.0,5,0.0,0,True,1746969314.7797256,left,False
2081,1746969327.7301474,192.459,1.76132,0.805341,-0.426839,0.0248677,5880.13,5,42.666,1580.4,1605.36,49.4848,1,2,0.9,0.0,0.0,5,0.0,0,True,1746969314.7797256,left,False
2082,1746969327.7507367,192.502,1.76155,0.857628,-0.427995,0.0259201,5881.98,5,42.686,1581.46,1606.42,49.4846,1,2,0.9,0.0,0.0,5,0.0,0,True,1746969314.7797256,left,False
2083,1746969327.769665,192.546,1.76122,0.914648,-0.429228,0.026972,5882.81,5,42.706,1582.52,1607.48,49.4843,1,2,0.9,0.0,0.0,5,0.0,0,True,1746969314.7797256,left,False
2084,1746969327.789249,192.59,1.76083,0.967841,-0.430538,0.0280234,5883.77,5,42.726,1583.58,1608.54,49.484,1,2,0.9,0.0,0.0,5,0.0,0,True,1746969314.7797256,left,False
2085,1746969327.8110583,192.632,1.76076,1.01882,-0.43193,0.0290753,5885.76,5,42.746,1584.64,1609.6,49.4838,1,2,0.9,0.0,0.0,5,0.0,0,True,1746969314.7797256,left,False
2086,1746969327.8310564,192.676,1.76031,1.07721,-0.433386,0.0301277,5886.11,5,42.766,1585.7,1610.66,49.4835,1,2,0.9,0.0,0.0,5,0.0,0,True,1746969314.7797256,left,False
2087,1746969327.8513916,192.717,1.76049,1.13189,-0.434924,0.0311796,5888.46,5,42.786,1586.76,1611.72,49.4832,1,2,0.9,0.0,0.0,5,0.0,0,True,1746969314.7797256,left,False
2088,1746969327.86915,192.76,1.75973,1.18986,-0.43654,0.0322325,5889.07,5,42.806,1587.82,1612.78,49.483,1,2,0.9,0.0,0.0,5,0.0,0,True,1746969314.7797256,left,False
2089,1746969327.8912475,192.802,1.76004,1.23792,-0.438228,0.0332858,5891.12,5,42.826,1588.88,1613.85,49.4827,1,2,0.9,0.0,0.0,5,0.0,0,True,1746969314.7797256,left,False
2090,1746969327.9106343,192.844,1.75973,1.29608,-0.439982,0.0343396,5891.81,5,42.846,1589.94,1614.91,49.4824,1,2,0.9,0.0,0.0,5,0.0,0,True,1746969314.7797256,left,False
2091,1746969327.9297895,192.885,1.75964,1.3515,-0.441825,0.0353939,5892.54,5,42.866,1591,1615.97,49.4822,1,2,0.9,0.0,0.0,5,0.0,0,True,1746969314.7797256,left,False
2092,1746969327.9500618,192.927,1.75954,1.40996,-0.443742,0.0364482,5893.8,5,42.886,1592.07,1617.03,49.4819,1,2,0.9,0.0,0.0,5,0.0,0,True,1746969314.7797256,left,False
2093,1746969327.9697309,192.967,1.75951,1.46189,-0.445736,0.0375015,5895.77,5,42.906,1593.13,1618.09,49.4816,1,2,0.9,0.0,0.0,5,0.0,0,True,1746969314.7797256,left,False
2094,1746969327.9903085,193.008,1.75913,1.51979,-0.447803,0.0385568,5896.86,5,42.926,1594.19,1619.15,49.4813,1,2,0.9,0.0,0.0,5,0.0,0,True,1746969314.7797256,left,False
2095,1746969328.0122724,193.049,1.75906,1.57253,-0.449943,0.039611,5898.25,5,42.946,1595.25,1620.22,49.4811,1,2,0.9,0.0,0.0,5,0.0,0,True,1746969314.7797256,left,False
2096,1746969328.0298867,193.09,1.75855,1.63057,-0.452165,0.0406668,5898.51,5,42.966,1596.31,1621.28,49.4808,1,2,0.9,0.0,0.0,5,0.0,0,True,1746969314.7797256,left,False
2097,1746969328.0492184,193.129,1.7589,1.69017,-0.454468,0.0417249,5899.75,5,42.986,1597.38,1622.34,49.4805,1,2,0.9,0.0,0.0,5,0.0,0,True,1746969314.7797256,left,False
2098,1746969328.0712063,193.169,1.75914,1.74664,-0.456836,0.0427844,5900.82,5,43.006,1598.44,1623.4,49.4803,1,2,0.9,0.0,0.0,5,0.0,0,True,1746969314.7797256,left,False
2099,1746969328.0905848,193.209,1.75968,1.80235,-0.459285,0.0438449,5902.06,5,43.026,1599.5,1624.47,49.48,1,2,0.9,0.0,0.0,5,0.0,0,True,1746969314.7797256,left,False
2100,1746969328.110404,193.248,1.76109,1.85298,-0.461812,0.0449063,5904.2,5,43.046,1600.56,1625.53,49.4797,1,2,0.9,0.0,0.0,5,0.0,0,True,1746969314.7797256,left,False
2101,1746969328.1315246,193.286,1.76189,1.90843,-0.464417,0.0459663,5905.39,5,43.066,1601.63,1626.59,49.4795,1,2,0.9,0.0,0.0,5,0.0,0,True,1746969314.7797256,left,False
2102,1746969328.1529093,193.326,1.7621,1.96646,-0.467094,0.0470273,5905.54,5,43.086,1602.69,1627.66,49.4792,1,2,0.9,0.0,0.0,5,0.0,0,True,1746969314.7797256,left,False
2103,1746969328.170145,193.365,1.76268,2.02303,-0.469845,0.0480878,5906.6,5,43.106,1603.75,1628.72,49.4789,1,2,0.9,0.0,0.0,5,0.0,0,True,1746969314.7797256,left,False
2104,1746969328.1934183,193.403,1.76368,2.07345,-0.472677,0.0491511,5908.28,5,43.126,1604.82,1629.78,49.4787,1,2,0.9,0.0,0.0,5,0.0,0,True,1746969314.7797256,left,False
2105,1746969328.209274,193.44,1.76504,2.12479,-0.475582,0.0502145,5910.03,5,43.146,1605.88,1630.84,49.4784,1,2,0.9,0.0,0.0,5,0.0,0,True,1746969314.7797256,left,False
2106,1746969328.2299843,193.478,1.76563,2.17969,-0.47856,0.0512773,5910.91,5,43.166,1606.94,1631.91,49.4781,1,2,0.9,0.0,0.0,5,0.0,0,True,1746969314.7797256,left,False
2107,1746969328.25068,193.517,1.76559,2.24062,-0.48162,0.0523402,5911.12,5,43.186,1608.01,1632.97,49.4779,1,2,0.9,0.0,0.0,5,0.0,0,True,1746969314.7797256,left,False
2108,1746969328.270523,193.553,1.76675,2.29329,-0.484757,0.0534036,5913.1,5,43.206,1609.07,1634.04,49.4776,1,2,0.9,0.0,0.0,5,0.0,0,True,1746969314.7797256,left,False
2109,1746969328.2904353,193.591,1.76684,2.35279,-0.487968,0.0544688,5913.24,5,43.226,1610.13,1635.1,49.4773,1,2,0.9,0.0,0.0,5,0.0,0,True,1746969314.7797256,left,False
2110,1746969328.3106403,193.627,1.76854,2.40135,-0.491252,0.0555341,5915.63,5,43.246,1611.2,1636.16,49.4771,1,2,0.9,0.0,0.0,5,0.0,0,True,1746969314.7797256,left,False
2111,1746969328.330991,193.665,1.76836,2.46239,-0.494621,0.0565979,5915.64,5,43.266,1612.26,1637.23,49.4768,1,2,0.9,0.0,0.0,5,0.0,0,True,1746969314.7797256,left,False
2112,1746969328.3518903,193.701,1.76871,2.51664,-0.498071,0.0576612,5916.66,5,43.286,1613.33,1638.29,49.4765,1,2,0.9,0.0,0.0,5,0.0,0,True,1746969314.7797256,left,False
2113,1746969328.3695145,193.737,1.76902,2.57383,-0.501587,0.0587255,5918.04,5,43.306,1614.39,1639.35,49.4763,1,2,0.9,0.0,0.0,5,0.0,0,True,1746969314.7797256,left,False
2114,1746969328.3906047,193.773,1.76978,2.62754,-0.50518,0.0597908,5918.69,5,43.326,1615.45,1640.42,49.476,1,2,0.9,0.0,0.0,5,0.0,0,True,1746969314.7797256,left,False
2115,1746969328.4133823,193.809,1.77054,2.68473,-0.508854,0.0608575,5919.9,5,43.346,1616.52,1641.48,49.4757,1,2,0.9,0.0,0.0,5,0.0,0,True,1746969314.7797256,left,False
2116,1746969328.4301825,193.845,1.77133,2.74423,-0.51261,0.0619265,5920.29,5,43.366,1617.58,1642.55,49.4755,1,2,0.9,0.0,0.0,5,0.0,0,True,1746969314.7797256,left,False
2117,1746969328.4503248,193.879,1.77286,2.79387,-0.516439,0.0629956,5922.26,5,43.386,1618.65,1643.61,49.4752,1,2,0.9,0.0,0.0,5,0.0,0,True,1746969314.7797256,right,False
2118,1746969328.470009,193.914,1.77399,2.85156,-0.520345,0.0640656,5923.75,5,43.406,1619.71,1644.68,49.4749,1,2,0.9,0.0,0.0,5,0.0,0,True,1746969314.7797256,right,False
2119,1746969328.4903116,193.949,1.77461,2.91047,-0.524329,0.0651357,5923.77,5,43.426,1620.78,1645.74,49.4747,1,2,0.9,0.0,0.0,5,0.0,0,True,1746969314.7797256,right,False
2120,1746969328.511575,193.984,1.77586,2.96583,-0.528394,0.0662066,5925.16,5,43.446,1621.84,1646.8,49.4744,1,2,0.9,0.0,0.0,5,0.0,0,True,1746969314.7797256,right,False
2121,1746969328.529212,194.018,1.77697,3.02311,-0.532524,0.0672786,5926.29,5,43.466,1622.9,1647.87,49.4741,1,2,0.9,0.0,0.0,5,0.0,0,True,1746969314.7797256,right,False
2122,1746969328.5499337,194.052,1.77829,3.07724,-0.536735,0.0683495,5927.14,5,43.486,1623.97,1648.93,49.4739,1,2,0.9,0.0,0.0,5,0.0,0,True,1746969314.7797256,right,False
2123,1746969328.569807,194.085,1.77967,3.13133,-0.541032,0.0694224,5928.24,5,43.506,1625.03,1650,49.4736,1,2,0.9,0.0,0.0,5,0.0,0,True,1746969314.7797256,right,False
2124,1746969328.5911481,194.119,1.78072,3.18354,-0.545402,0.0704934,5929.63,5,43.526,1626.1,1651.06,49.4733,1,2,0.9,0.0,0.0,5,0.0,0,True,1746969314.7797256,right,False
2125,1746969328.6115527,194.152,1.78075,3.23904,-0.549845,0.071562,5930.16,5,43.546,1627.16,1652.13,49.4731,1,2,0.9,0.0,0.0,5,0.0,0,True,1746969314.7797256,right,False
2126,1746969328.6306214,194.185,1.78108,3.29555,-0.554366,0.0726296,5931.42,5,43.566,1628.23,1653.19,49.4728,1,2,0.9,0.0,0.0,5,0.0,0,True,1746969314.7797256,right,False
2127,1746969328.6510887,194.218,1.78122,3.35083,-0.558972,0.0736968,5932.77,5,43.586,1629.29,1654.26,49.4725,1,2,0.9,0.0,0.0,5,0.0,0,True,1746969314.7797256,right,False
2128,1746969328.6698568,194.25,1.78095,3.40868,-0.563647,0.0747639,5933.98,5,43.606,1630.36,1655.32,49.4723,1,2,0.9,0.0,0.0,5,0.0,0,True,1746969314.7797256,right,False
2129,1746969328.6898687,194.283,1.78123,3.45871,-0.568396,0.0758302,5934.95,5,43.626,1631.42,1656.39,49.472,1,2,0.9,0.0,0.0,5,0.0,0,True,1746969314.7797256,right,False
2130,1746969328.7098956,194.316,1.78009,3.51925,-0.573234,0.0768949,5935.13,5,43.646,1632.49,1657.45,49.4717,1,2,0.9,0.0,0.0,5,0.0,0,True,1746969314.7797256,right,False
2131,1746969328.7298515,194.347,1.77998,3.57755,-0.578149,0.0779602,5936.4,5,43.666,1633.55,1658.51,49.4715,1,2,0.9,0.0,0.0,5,0.0,0,True,1746969314.7797256,right,False
2132,1746969328.7517939,194.378,1.7797,3.63097,-0.583134,0.079024,5937.54,5,43.686,1634.61,1659.58,49.4712,1,2,0.9,0.0,0.0,5,0.0,0,True,1746969314.7797256,right,False
2133,1746969328.7692304,194.41,1.77877,3.68818,-0.5882,0.0800869,5938.17,5,43.706,1635.68,1660.64,49.4709,1,2,0.9,0.0,0.0,5,0.0,0,True,1746969314.7797256,right,False
2134,1746969328.7897801,194.441,1.77812,3.74192,-0.593343,0.0811497,5939.41,5,43.726,1636.74,1661.71,49.4707,1,2,0.9,0.0,0.0,5,0.0,0,True,1746969314.7797256,right,False
2135,1746969328.810503,194.472,1.77763,3.79117,-0.598568,0.0822117,5940.57,5,43.746,1637.81,1662.77,49.4704,1,2,0.9,0.0,0.0,5,0.0,0,True,1746969314.7797256,right,False
2136,1746969328.8324332,194.503,1.77633,3.85704,-0.603862,0.0832736,5940.87,5,43.766,1638.87,1663.84,49.4701,1,2,0.9,0.0,0.0,5,0.0,0,True,1746969314.7797256,right,False
2137,1746969328.8521445,194.534,1.7757,3.90835,-0.609241,0.084335,5941.47,5,43.786,1639.94,1664.9,49.4699,1,2,0.9,0.0,0.1,5,0.0,0,True,1746969314.7797256,right,False
2138,1746969328.870761,194.564,1.77471,3.97066,-0.614697,0.0853974,5942.34,5,43.806,1641,1665.97,49.4696,1,2,0.9,0.0,0.1,5,0.0,0,True,1746969314.7797256,right,False
2139,1746969328.8899095,194.581,1.9207,4.02032,-0.620186,0.0857317,5946.08,5,43.826,1642.07,1667.03,49.4693,1,2,0.9,0.0,0.1,5,0.0,0,True,1746969314.7797256,right,False
2140,1746969328.911394,194.596,1.76489,4.04974,-0.625627,0.0840709,5951.11,5,43.846,1643.13,1668.09,49.4691,1,2,0.9,0.0,0.1,5,0.0,0,True,1746969314.7797256,right,False
2141,1746969328.9298408,194.613,1.26367,4.06538,-0.631026,0.0806057,5956.78,5,43.866,1644.19,1669.16,49.4688,1,2,0.9,0.0,0.1,5,0.0,0,True,1746969314.7797256,right,False
2142,1746969328.951389,194.629,0.486776,4.07098,-0.636361,0.0755917,5961.81,5,43.886,1645.26,1670.22,49.4685,1,2,0.9,0.0,0.1,5,0.0,0,True,1746969314.7797256,right,False
2143,1746969328.969166,194.64,-0.508294,4.05043,-0.64163,0.0692932,5968.94,5,43.906,1646.32,1671.29,49.4683,1,2,0.9,0.0,0.1,5,0.0,0,True,1746969314.7797256,right,False
2144,1746969328.99153,194.641,-1.6619,4.0063,-0.646806,0.0619704,5977.32,5,43.926,1647.39,1672.35,49.468,1,2,0.9,0.0,0.1,5,0.0,0,True,1746969314.7797256,right,False
2145,1746969329.0099707,194.629,-2.92528,3.95029,-0.651888,0.0538666,5987.98,5,43.946,1648.45,1673.42,49.4677,1,2,0.9,0.0,0.1,5,0.0,0,True,1746969314.7797256,right,False
2146,1746969329.029586,194.603,-4.25157,3.87292,-0.656848,0.0452186,5999.45,5,43.966,1649.52,1674.48,49.4675,1,2,0.9,0.0,0.1,5,0.0,0,True,1746969314.7797256,right,False
2147,1746969329.0498903,194.56,-5.6106,3.77428,-0.66167,0.036215,6014.87,5,43.986,1650.58,1675.55,49.4672,1,2,0.9,0.0,0.1,5,0.0,0,True,1746969314.7797256,right,False
2148,1746969329.0692875,194.501,-6.97321,3.65343,-0.666345,0.0270173,6031.96,5,44.006,1651.65,1676.61,49.4669,1,2,0.9,0.0,0.1,5,0.0,0,True,1746969314.7797256,right,False
2149,1746969329.0901794,194.426,-8.3183,3.52435,-0.670846,0.0177485,6051.21,5,44.026,1652.71,1677.67,49.4667,1,2,0.9,0.0,0.1,5,0.0,0,True,1746969314.7797256,right,False
2150,1746969329.1102514,194.336,-9.63917,3.37671,-0.675179,0.00848788,6073.23,5,44.046,1653.77,1678.74,49.4664,1,2,0.9,0.0,0.1,5,0.0,0,True,1746969314.7797256,right,False
2151,1746969329.1300302,194.235,-10.9223,3.21878,-0.679329,-0.000743214,6092.52,5,44.066,1654.84,1679.8,49.4661,1,2,0.9,0.0,0.1,5,0.0,0,True,1746969314.7797256,right,False
2152,1746969329.15033,194.121,-12.1703,3.05607,-0.683285,-0.00989467,6113.57,5,44.086,1655.9,1680.87,49.4659,1,2,0.9,0.0,0.1,5,0.0,0,True,1746969314.7797256,right,False
2153,1746969329.1710062,193.999,-13.3845,2.88332,-0.68704,-0.0189822,6130.53,5,44.106,1656.97,1681.93,49.4656,1,2,0.9,0.0,0.1,5,0.0,0,True,1746969314.7797256,right,False
2154,1746969329.1903622,193.87,-14.5587,2.70939,-0.690584,-0.0279954,6141.73,5,44.126,1658.03,1682.99,49.4653,1,2,0.9,0.0,0.1,5,0.0,0,True,1746969314.7797256,right,False
2155,1746969329.209834,193.733,-15.7087,2.53693,-0.693917,-0.0369819,6149.96,5,44.146,1659.09,1684.06,49.4651,1,2,0.9,0.0,0.1,5,0.0,0,True,1746969314.7797256,right,False
2156,1746969329.2299564,193.587,-16.8357,2.35435,-0.697026,-0.0459397,6155.94,5,44.166,1660.16,1685.12,49.4648,1,2,0.9,0.0,0.1,5,0.0,0,True,1746969314.7797256,right,False
2157,1746969329.2518375,193.431,-17.9405,2.17402,-0.699906,-0.0548809,6165.56,5,44.186,1661.22,1686.18,49.4645,1,2,0.9,0.0,0.1,5,0.0,0,True,1746969314.7797256,right,False
2158,1746969329.2694876,193.267,-19.0229,1.99245,-0.702551,-0.0637801,6168.72,5,44.206,1662.28,1687.25,49.4643,1,2,0.9,0.0,0.1,5,0.0,0,True,1746969314.7797256,right,False
2159,1746969329.290859,193.093,-20.0928,1.80437,-0.70496,-0.0726493,6175.9,5,44.226,1663.35,1688.31,49.464,1,2,0.9,0.0,0.1,5,0.0,0,True,1746969314.7797256,right,False
2160,1746969329.308847,192.908,-21.1322,1.62158,-0.707125,-0.0814565,6187.85,5,44.246,1664.41,1689.37,49.4637,1,2,0.9,0.0,0.1,5,0.0,0,True,1746969314.7797256,right,False
2161,1746969329.3297775,192.714,-22.1532,1.43268,-0.709049,-0.0901869,6197.45,5,44.266,1665.47,1690.43,49.4635,1,2,0.9,0.0,0.1,5,0.0,0,True,1746969314.7797256,right,False
2162,1746969329.3522956,192.512,-23.1415,1.24403,-0.710722,-0.0988095,6211.98,5,44.286,1666.53,1691.5,49.4632,1,2,0.9,0.0,0.1,5,0.0,0,True,1746969314.7797256,right,False
2163,1746969329.3696811,192.304,-24.1025,1.04972,-0.712142,-0.107305,6226.84,5,44.306,1667.59,1692.56,49.4629,1,2,0.9,0.0,0.1,5,0.0,0,True,1746969314.7797256,right,False
2164,1746969329.3941877,192.089,-25.0219,0.858738,-0.713318,-0.115639,6245.99,5,44.326,1668.65,1693.62,49.4627,1,2,0.9,0.0,0.1,5,0.0,0,True,1746969314.7797256,right,False
2165,1746969329.4095883,191.873,-25.901,0.658294,-0.714242,-0.123783,6263.63,5,44.346,1669.71,1694.68,49.4624,1,2,0.9,0.0,0.1,5,0.0,0,True,1746969314.7797256,right,False
2166,1746969329.4295778,191.653,-26.7299,0.472014,-0.714909,-0.131734,6280.66,5,44.366,1670.77,1695.74,49.4621,1,2,0.9,0.0,0.1,5,0.0,0,True,1746969314.7797256,right,False
2167,1746969329.4491973,191.436,-27.5268,0.268393,-0.71532,-0.139513,6296.53,5,44.386,1671.83,1696.8,49.4619,1,2,0.9,0.0,0.1,5,0.0,0,True,1746969314.7797256,right,False
2168,1746969329.4709723,191.205,-28.2781,0.0741567,-0.715479,-0.147057,6327.43,5,44.406,1672.89,1697.86,49.4616,1,2,0.9,0.0,0.1,5,0.0,0,True,1746969314.7797256,right,False
2169,1746969329.4895918,190.98,-28.9629,-0.12626,-0.715377,-0.154321,6354.34,5,44.426,1673.95,1698.91,49.4613,1,2,0.9,0.0,0.1,5,0.0,0,True,1746969314.7797256,right,False
2170,1746969329.510667,190.767,-29.5869,-0.31709,-0.715023,-0.161317,6367.35,5,44.446,1675.01,1699.97,49.4611,1,2,0.9,0.0,0.1,5,0.0,0,True,1746969314.7797256,right,False
2171,1746969329.5298612,190.554,-30.1467,-0.509493,-0.7144,-0.167998,6392.66,5,44.466,1676.06,1701.03,49.4608,1,2,0.9,0.0,0.1,5,0.0,0,True,1746969314.7797256,right,False
2172,1746969329.5501266,190.344,-30.6571,-0.708615,-0.713517,-0.174392,6417.05,5,44.486,1677.12,1702.08,49.4605,1,2,0.9,0.0,0.1,5,0.0,0,True,1746969314.7797256,right,False
2173,1746969329.5709755,190.14,-31.0882,-0.906584,-0.712374,-0.180428,6446.26,5,44.506,1678.17,1703.14,49.4603,1,2,0.9,0.0,0.1,5,0.0,0,True,1746969314.7797256,right,False
2174,1746969329.5908687,189.945,-31.4632,-1.102,-0.71097,-0.186137,6471.63,5,44.526,1679.23,1704.19,49.46,1,2,0.9,0.0,0.1,5,0.0,0,True,1746969314.7797256,right,False
2175,1746969329.6139545,189.761,-31.7718,-1.30338,-0.709298,-0.191542,6493.58,5,44.546,1680.28,1705.25,49.4597,1,2,0.9,0.0,0.1,5,0.0,0,True,1746969314.7797256,right,False
2176,1746969329.6305826,189.583,-32.0009,-1.49783,-0.707373,-0.196568,6522.68,5,44.566,1681.33,1706.3,49.4595,1,2,0.9,0.0,0.1,5,0.0,0,True,1746969314.7797256,right,False
2177,1746969329.6524086,189.424,-32.1552,-1.6861,-0.705172,-0.201221,6538.72,5,44.586,1682.39,1707.35,49.4592,1,2,0.9,0.0,0.1,5,0.0,0,True,1746969314.7797256,right,False
2178,1746969329.6730752,189.281,-32.2331,-1.87625,-0.70271,-0.205513,6552.72,5,44.606,1683.44,1708.4,49.4589,1,2,0.9,0.0,0.1,5,0.0,0,True,1746969314.7797256,right,False
2179,1746969329.6912458,189.142,-32.2528,-2.0711,-0.69998,-0.209445,6574.38,5,44.626,1684.49,1709.45,49.4587,1,2,0.9,0.0,0.1,5,0.0,0,True,1746969314.7797256,right,False
2180,1746969329.7115345,189.017,-32.2004,-2.26055,-0.696989,-0.213034,6593.71,5,44.646,1685.54,1710.5,49.4584,1,2,0.9,0.0,0.1,5,0.0,0,True,1746969314.7797256,right,False
2181,1746969329.7297082,188.902,-32.0783,-2.44996,-0.693722,-0.216262,6613.68,5,44.666,1686.59,1711.55,49.4581,1,2,0.9,0.0,0.1,5,0.0,0,True,1746969314.7797256,right,False
2182,1746969329.752329,188.811,-31.8937,-2.63876,-0.690194,-0.219164,6621.21,5,44.686,1687.63,1712.6,49.4579,1,2,0.9,0.0,0.1,5,0.0,0,True,1746969314.7797256,right,False
2183,1746969329.770275,188.723,-31.6534,-2.82906,-0.686405,-0.221749,6635.44,5,44.706,1688.68,1713.65,49.4576,1,2,0.9,0.0,0.0,5,0.0,0,True,1746969314.7797256,left,False
2184,1746969329.7911155,188.655,-31.354,-3.01653,-0.682341,-0.224032,6641.99,5,44.726,1689.73,1714.69,49.4573,1,2,0.9,0.0,0.0,5,0.0,0,True,1746969314.7797256,left,False
2185,1746969329.8107755,188.615,-31.0207,-3.20286,-0.678023,-0.225965,6649.66,5,44.746,1690.77,1715.74,49.4571,1,2,0.9,0.0,0.0,5,0.0,0,True,1746969314.7797256,left,False
2186,1746969329.8314412,188.601,-30.619,-3.3956,-0.673442,-0.227417,6652.37,5,44.766,1691.82,1716.78,49.4568,1,2,0.9,0.0,0.0,5,0.0,0,True,1746969314.7797256,left,False
2187,1746969329.8536901,188.612,-30.1247,-3.58392,-0.66862,-0.228386,6645.33,5,44.786,1692.86,1717.83,49.4565,1,2,0.9,0.0,0.0,5,0.0,0,True,1746969314.7797256,left,False
2188,1746969329.870437,188.644,-29.5399,-3.7674,-0.663542,-0.228864,6628.75,5,44.806,1693.91,1718.87,49.4562,1,2,0.9,0.0,0.0,5,0.0,0,True,1746969314.7797256,left,False
2189,1746969329.8917007,188.691,-28.8684,-3.95748,-0.658219,-0.228841,6616.19,5,44.826,1694.95,1719.91,49.456,1,2,0.9,0.0,0.0,5,0.0,0,True,1746969314.7797256,left,False
2190,1746969329.9114413,188.76,-28.1054,-4.14028,-0.652645,-0.228319,6594.13,5,44.846,1695.99,1720.96,49.4557,1,2,0.9,0.0,0.0,5,0.0,0,True,1746969314.7797256,left,False
2191,1746969329.9313672,188.85,-27.2455,-4.31445,-0.646822,-0.227276,6563.66,5,44.866,1697.03,1722,49.4554,1,2,0.9,0.0,0.0,5,0.0,0,True,1746969314.7797256,left,False
2192,1746969329.9516547,188.947,-26.3005,-4.50268,-0.640763,-0.2257,6543.13,5,44.886,1698.08,1723.04,49.4552,1,2,0.9,0.0,0.0,5,0.0,0,True,1746969314.7797256,left,False
2193,1746969329.9716349,189.061,-25.2556,-4.67916,-0.634448,-0.223579,6518.03,5,44.906,1699.12,1724.08,49.4549,1,2,0.9,0.0,0.0,5,0.0,0,True,1746969314.7797256,left,False
2194,1746969329.9907694,189.187,-24.1259,-4.86183,-0.627905,-0.220938,6494.19,5,44.926,1700.16,1725.12,49.4546,1,2,0.9,0.0,0.0,5,0.0,0,True,1746969314.7797256,left,False
2195,1746969330.0113444,189.334,-22.9006,-5.03008,-0.621122,-0.217758,6455.8,5,44.946,1701.2,1726.17,49.4544,1,2,0.9,0.0,0.0,5,0.0,0,True,1746969314.7797256,left,False
2196,1746969330.0305827,189.486,-21.5945,-5.20637,-0.614103,-0.214055,6425.78,5,44.966,1702.24,1727.21,49.4541,1,2,0.9,0.0,0.0,5,0.0,0,True,1746969314.7797256,left,False
2197,1746969330.0501597,189.657,-20.2057,-5.37339,-0.606869,-0.209839,6378.04,5,44.986,1703.28,1728.25,49.4538,1,2,0.9,0.0,0.0,5,0.0,0,True,1746969314.7797256,left,False
2198,1746969330.07098,189.83,-18.7446,-5.53207,-0.59941,-0.205154,6334.12,5,45.006,1704.32,1729.29,49.4536,1,2,0.9,0.0,0.0,5,0.0,0,True,1746969314.7797256,left,False
2199,1746969330.0898848,190.01,-17.2173,-5.69001,-0.591736,-0.200003,6288.96,5,45.026,1705.37,1730.33,49.4533,1,2,0.9,0.0,0.0,5,0.0,0,True,1746969314.7797256,left,False
2200,1746969330.1090248,190.195,-15.637,-5.84317,-0.583862,-0.194426,6234.06,5,45.046,1706.41,1731.37,49.453,1,2,0.9,0.0,0.0,5,0.0,0,True,1746969314.7797256,left,False
2201,1746969330.1310866,190.383,-14.0154,-5.99359,-0.575793,-0.18847,6179.04,5,45.066,1707.45,1732.41,49.4528,1,2,0.9,0.0,0.0,5,0.0,0,True,1746969314.7797256,left,False
2202,1746969330.14946,190.568,-12.3718,-6.13403,-0.56755,-0.182205,6122.49,5,45.086,1708.49,1733.45,49.4525,1,2,0.9,0.0,0.0,5,0.0,0,True,1746969314.7797256,left,False
2203,1746969330.1720078,190.752,-10.7201,-6.26592,-0.559135,-0.17571,6062.49,5,45.106,1709.53,1734.49,49.4522,1,2,0.9,0.0,0.0,5,0.0,0,True,1746969314.7797256,left,False
2204,1746969330.1901913,190.925,-9.09017,-6.38669,-0.550574,-0.16908,6006.65,5,45.126,1710.57,1735.54,49.452,1,2,0.9,0.0,0.0,5,0.0,0,True,1746969314.7797256,left,False
2205,1746969330.2111616,191.081,-7.50876,-6.50663,-0.541886,-0.162415,5961.94,5,45.146,1711.61,1736.58,49.4517,1,2,0.9,0.0,0.0,5,0.0,0,True,1746969314.7797256,left,False
2206,1746969330.2315805,191.221,-5.9941,-6.60904,-0.533085,-0.155824,5927.47,5,45.166,1712.66,1737.62,49.4514,1,2,0.9,0.0,0.0,5,0.0,0,True,1746969314.7797256,left,False
2207,1746969330.2518463,191.343,-4.56898,-6.69236,-0.524207,-0.149387,5903.07,5,45.186,1713.7,1738.67,49.4512,1,2,0.9,0.0,0.0,5,0.0,0,True,1746969314.7797256,left,False
2208,1746969330.269563,191.451,-3.24956,-6.76572,-0.515263,-0.143174,5887.29,5,45.206,1714.74,1739.71,49.4509,1,2,0.9,0.0,0.0,5,0.0,0,True,1746969314.7797256,left,False
2209,1746969330.2902863,191.545,-2.04634,-6.81858,-0.506283,-0.137239,5879.63,5,45.226,1715.79,1740.75,49.4506,1,2,0.9,0.0,0.0,5,0.0,0,True,1746969314.7797256,left,False
2210,1746969330.3095667,191.63,-0.962833,-6.84818,-0.497294,-0.131615,5873.33,5,45.246,1716.83,1741.8,49.4504,1,2,0.9,0.0,0.0,5,0.0,0,True,1746969314.7797256,left,False
2211,1746969330.3307943,191.709,-0.00198565,-6.85579,-0.488302,-0.126328,5869.16,5,45.266,1717.88,1742.84,49.4501,1,2,0.9,0.0,0.0,5,0.0,0,True,1746969314.7797256,left,False
2212,1746969330.3494337,191.781,0.838269,-6.84684,-0.479338,-0.121388,5867.13,5,45.286,1718.93,1743.89,49.4498,1,2,0.9,0.0,0.0,5,0.0,0,True,1746969314.7797256,left,False
2213,1746969330.3703766,191.849,1.56244,-6.8261,-0.47043,-0.116801,5867.94,5,45.306,1719.97,1744.94,49.4496,1,2,0.9,0.0,0.0,5,0.0,0,True,1746969314.7797256,left,False
2214,1746969330.3903854,191.914,2.17519,-6.78094,-0.461584,-0.112567,5868.22,5,45.326,1721.02,1745.99,49.4493,1,2,0.9,0.0,0.0,5,0.0,0,True,1746969314.7797256,left,False
2215,1746969330.4089792,191.977,2.68309,-6.71909,-0.452824,-0.108682,5870.23,5,45.346,1722.07,1747.03,49.449,1,2,0.9,0.0,0.0,5,0.0,0,True,1746969314.7797256,left,False
2216,1746969330.4296424,192.039,3.0939,-6.63763,-0.444153,-0.105136,5870.58,5,45.366,1723.12,1748.08,49.4488,1,2,0.9,0.0,0.0,5,0.0,0,True,1746969314.7797256,left,False
2217,1746969330.4507434,192.102,3.41547,-6.54016,-0.435592,-0.101917,5870.6,5,45.386,1724.17,1749.13,49.4485,1,2,0.9,0.0,0.0,5,0.0,0,True,1746969314.7797256,left,False
2218,1746969330.4713118,192.163,3.6557,-6.42675,-0.427136,-0.0990065,5871.41,5,45.406,1725.22,1750.18,49.4482,1,2,0.9,0.0,0.0,5,0.0,0,True,1746969314.7797256,left,False
2219,1746969330.4892979,192.224,3.82496,-6.31013,-0.418799,-0.0963882,5874.33,5,45.426,1726.27,1751.24,49.448,1,2,0.9,0.0,0.0,5,0.0,0,True,1746969314.7797256,left,False
2220,1746969330.511022,192.286,3.93073,-6.18861,-0.410596,-0.0940421,5875.86,5,45.446,1727.32,1752.29,49.4477,1,2,0.9,0.0,0.0,5,0.0,0,True,1746969314.7797256,left,False
2221,1746969330.5312083,192.348,3.9805,-6.04915,-0.402523,-0.0919479,5876.32,5,45.466,1728.38,1753.34,49.4474,1,2,0.9,0.0,0.0,5,0.0,0,True,1746969314.7797256,left,False
2222,1746969330.55197,192.412,3.98438,-5.9147,-0.394572,-0.0900796,5877.79,5,45.486,1729.43,1754.39,49.4472,1,2,0.9,0.0,0.0,5,0.0,0,True,1746969314.7797256,left,False
2223,1746969330.5695813,192.475,3.94969,-5.77839,-0.386759,-0.0884078,5878.93,5,45.506,1730.48,1755.45,49.4469,1,2,0.9,0.0,0.0,5,0.0,0,True,1746969314.7797256,left,False
2224,1746969330.5913985,192.538,3.88756,-5.65088,-0.379061,-0.0869039,5881.36,5,45.526,1731.54,1756.5,49.4466,1,2,0.9,0.0,0.0,5,0.0,0,True,1746969314.7797256,left,False
2225,1746969330.6098309,192.602,3.80112,-5.51155,-0.371517,-0.085542,5882.21,5,45.546,1732.59,1757.56,49.4464,1,2,0.9,0.0,0.0,5,0.0,0,True,1746969314.7797256,left,False
2226,1746969330.629511,192.666,3.69823,-5.38385,-0.364083,-0.0842975,5882.98,5,45.566,1733.65,1758.62,49.4461,1,2,0.9,0.0,0.0,5,0.0,0,True,1746969314.7797256,left,False
2227,1746969330.6494753,192.729,3.58601,-5.26271,-0.356767,-0.0831478,5885.51,5,45.586,1734.71,1759.67,49.4458,1,2,0.9,0.0,0.0,5,0.0,0,True,1746969314.7797256,left,False
2228,1746969330.670498,192.792,3.46736,-5.14596,-0.349561,-0.0820735,5887.41,5,45.606,1735.77,1760.73,49.4456,1,2,0.9,0.0,0.0,5,0.0,0,True,1746969314.7797256,left,False
2229,1746969330.69173,192.856,3.34494,-5.03093,-0.342505,-0.0810598,5888.51,5,45.626,1736.83,1761.79,49.4453,1,2,0.9,0.0,0.0,5,0.0,0,True,1746969314.7797256,left,False
2230,1746969330.7096863,192.92,3.22334,-4.92674,-0.335559,-0.0800894,5889.82,5,45.646,1737.88,1762.85,49.445,1,2,0.9,0.0,0.0,5,0.0,0,True,1746969314.7797256,left,False
2231,1746969330.7322412,192.983,3.10356,-4.81782,-0.328731,-0.0791476,5891.4,5,45.666,1738.94,1763.91,49.4448,1,2,0.9,0.0,0.0,5,0.0,0,True,1746969314.7797256,left,False
2232,1746969330.7523835,193.045,2.99202,-4.73614,-0.321977,-0.0782235,5894.4,5,45.686,1740.01,1764.97,49.4445,1,2,0.9,0.0,0.0,5,0.0,0,True,1746969314.7797256,left,False
2233,1746969330.7701814,193.107,2.88274,-4.64164,-0.315328,-0.0773199,5896.5,5,45.706,1741.07,1766.03,49.4442,1,2,0.9,0.0,0.0,5,0.0,0,True,1746969314.7797256,left,False
2234,1746969330.7907405,193.168,2.77883,-4.56876,-0.308793,-0.0764325,5900.31,5,45.726,1742.13,1767.09,49.444,1,2,0.9,0.0,0.0,5,0.0,0,True,1746969314.7797256,left,False
2235,1746969330.8110564,193.23,2.68002,-4.49783,-0.302368,-0.075558,5902.16,5,45.746,1743.19,1768.16,49.4437,1,2,0.9,0.0,0.0,5,0.0,0,True,1746969314.7797256,left,False
2236,1746969330.830842,193.291,2.58772,-4.43361,-0.296016,-0.0746854,5904.19,5,45.766,1744.25,1769.22,49.4434,1,2,0.9,0.0,0.0,5,0.0,0,True,1746969314.7797256,left,False
2237,1746969330.8530078,193.353,2.50106,-4.3745,-0.289775,-0.0738137,5905.94,5,45.786,1745.32,1770.28,49.4432,1,2,0.9,0.0,0.0,5,0.0,0,True,1746969314.7797256,left,False
2238,1746969330.8749812,193.414,2.42018,-4.31038,-0.283618,-0.0729411,5907.95,5,45.806,1746.38,1771.35,49.4429,1,2,0.9,0.0,0.0,5,0.0,0,True,1746969314.7797256,right,False
2239,1746969330.8915412,193.474,2.34603,-4.26582,-0.277551,-0.0720647,5910.89,5,45.826,1747.45,1772.41,49.4426,1,2,0.9,0.0,0.0,5,0.0,0,True,1746969314.7797256,right,False
2240,1746969330.9099815,193.535,2.27664,-4.21358,-0.27157,-0.0711816,5911.46,5,45.846,1748.51,1773.48,49.4424,1,2,0.9,0.0,0.0,5,0.0,0,True,1746969314.7797256,right,False
2241,1746969330.9299242,193.595,2.2128,-4.16112,-0.265682,-0.0702928,5913.99,5,45.866,1749.58,1774.54,49.4421,1,2,0.9,0.0,0.0,5,0.0,0,True,1746969314.7797256,right,False
2242,1746969330.9516218,193.655,2.15457,-4.11134,-0.259867,-0.0693958,5915.19,5,45.886,1750.64,1775.61,49.4418,1,2,0.9,0.0,0.0,5,0.0,0,True,1746969314.7797256,right,False
2243,1746969330.9695868,193.714,2.10175,-4.06062,-0.254146,-0.0684894,5917.62,5,45.906,1751.71,1776.68,49.4416,1,2,0.9,0.0,0.0,5,0.0,0,True,1746969314.7797256,right,False
2244,1746969330.9895225,193.774,2.05342,-4.01004,-0.248507,-0.0675734,5919.52,5,45.926,1752.78,1777.74,49.4413,1,2,0.9,0.0,0.0,5,0.0,0,True,1746969314.7797256,right,False
2245,1746969331.0108292,193.832,2.01012,-3.97015,-0.242944,-0.0666497,5921.78,5,45.946,1753.85,1778.81,49.441,1,2,0.9,0.0,0.0,5,0.0,0,True,1746969314.7797256,right,False
2246,1746969331.0302074,193.891,1.97077,-3.9241,-0.237459,-0.065718,5923.84,5,45.966,1754.92,1779.88,49.4408,1,2,0.9,0.0,0.0,5,0.0,0,True,1746969314.7797256,right,False
2247,1746969331.051308,193.95,1.93488,-3.87401,-0.23206,-0.0647772,5924.81,5,45.986,1755.98,1780.95,49.4405,1,2,0.9,0.0,0.0,5,0.0,0,True,1746969314.7797256,right,False
2248,1746969331.0711865,194.009,1.9029,-3.81944,-0.226737,-0.0638231,5925.25,5,46.006,1757.05,1782.02,49.4402,1,2,0.9,0.0,0.0,5,0.0,0,True,1746969314.7797256,right,False
2249,1746969331.0891926,194.066,1.87609,-3.76974,-0.221493,-0.0628541,5928.15,5,46.026,1758.12,1783.09,49.44,1,2,0.9,0.0,0.0,5,0.0,0,True,1746969314.7797256,right,False
2250,1746969331.1095626,194.125,1.85112,-3.71431,-0.216321,-0.061878,5928.85,5,46.046,1759.2,1784.16,49.4397,1,2,0.9,0.0,0.0,5,0.0,0,True,1746969314.7797256,right,False
2251,1746969331.1298876,194.182,1.83037,-3.65942,-0.21123,-0.0608895,5930.58,5,46.066,1760.27,1785.23,49.4394,1,2,0.9,0.0,0.0,5,0.0,0,True,1746969314.7797256,right,False
2252,1746969331.1511776,194.24,1.81182,-3.59885,-0.206217,-0.059893,5931.98,5,46.086,1761.34,1786.3,49.4392,1,2,0.9,0.0,0.0,5,0.0,0,True,1746969314.7797256,right,False
2253,1746969331.1702507,194.296,1.79564,-3.54567,-0.201286,-0.0588897,5933.93,5,46.106,1762.41,1787.38,49.4389,1,2,0.9,0.0,0.0,5,0.0,0,True,1746969314.7797256,right,False
2254,1746969331.1904674,194.353,1.78265,-3.48665,-0.196427,-0.0578769,5935.81,5,46.126,1763.48,1788.45,49.4386,1,2,0.9,0.0,0.0,5,0.0,0,True,1746969314.7797256,right,False
2255,1746969331.2095704,194.408,1.77156,-3.43376,-0.19165,-0.0568574,5938.16,5,46.146,1764.56,1789.52,49.4384,1,2,0.9,0.0,0.0,5,0.0,0,True,1746969314.7797256,right,False
2256,1746969331.2290175,194.465,1.76217,-3.37668,-0.186934,-0.0558313,5938.68,5,46.166,1765.63,1790.59,49.4381,1,2,0.9,0.0,0.0,5,0.0,0,True,1746969314.7797256,right,False
2257,1746969331.2501633,194.521,1.75531,-3.32608,-0.182304,-0.054796,5940.48,5,46.186,1766.7,1791.67,49.4378,1,2,0.9,0.0,0.0,5,0.0,0,True,1746969314.7797256,right,False
2258,1746969331.2700262,194.576,1.74955,-3.27105,-0.177755,-0.0537542,5942.22,5,46.206,1767.78,1792.74,49.4376,1,2,0.9,0.0,0.0,5,0.0,0,True,1746969314.7797256,right,False
2259,1746969331.289554,194.631,1.74517,-3.21554,-0.173275,-0.052708,5944.43,5,46.226,1768.85,1793.82,49.4373,1,2,0.9,0.0,0.0,5,0.0,0,True,1746969314.7797256,right,False
2260,1746969331.3094532,194.686,1.74198,-3.1651,-0.168868,-0.051657,5946.36,5,46.246,1769.93,1794.89,49.437,1,2,0.9,0.0,0.0,5,0.0,0,True,1746969314.7797256,right,False
2261,1746969331.329282,194.741,1.73949,-3.10619,-0.164543,-0.0506013,5947.47,5,46.266,1771.01,1795.97,49.4368,1,2,0.9,0.0,0.0,5,0.0,0,True,1746969314.7797256,right,False
2262,1746969331.3514442,194.796,1.738,-3.04884,-0.160295,-0.0495399,5948.9,5,46.286,1772.08,1797.05,49.4365,1,2,0.9,0.0,0.0,5,0.0,0,True,1746969314.7797256,right,False
2263,1746969331.3711748,194.849,1.73732,-2.99485,-0.156116,-0.0484756,5951.32,5,46.306,1773.16,1798.12,49.4362,1,2,0.9,0.0,0.0,5,0.0,0,True,1746969314.7797256,right,False
2264,1746969331.3925364,194.903,1.73715,-2.94437,-0.152014,-0.0474089,5953.26,5,46.326,1774.24,1799.2,49.436,1,2,0.9,0.0,0.0,5,0.0,0,True,1746969314.7797256,right,False
2265,1746969331.4097996,194.957,1.73711,-2.88711,-0.14799,-0.0463384,5953.78,5,46.346,1775.32,1800.28,49.4357,1,2,0.9,0.0,0.0,5,0.0,0,True,1746969314.7797256,right,False
2266,1746969331.431555,195.01,1.73783,-2.82797,-0.144039,-0.0452645,5955.37,5,46.366,1776.39,1801.36,49.4354,1,2,0.9,0.0,0.0,5,0.0,0,True,1746969314.7797256,right,False
2267,1746969331.4514682,195.063,1.73893,-2.77393,-0.140169,-0.0441883,5956.99,5,46.386,1777.47,1802.44,49.4352,1,2,0.9,0.0,0.0,5,0.0,0,True,1746969314.7797256,right,False
2268,1746969331.470563,195.116,1.74037,-2.71929,-0.136373,-0.0431092,5958.77,5,46.406,1778.55,1803.52,49.4349,1,2,0.9,0.0,0.0,5,0.0,0,True,1746969314.7797256,right,False
2269,1746969331.4900615,195.168,1.74238,-2.66904,-0.132654,-0.0420283,5961.02,5,46.426,1779.63,1804.6,49.4346,1,2,0.9,0.0,0.0,5,0.0,0,True,1746969314.7797256,right,False
2270,1746969331.5098596,195.221,1.74386,-2.60802,-0.129016,-0.0409454,5961.83,5,46.446,1780.71,1805.68,49.4344,1,2,0.9,0.0,0.0,5,0.0,0,True,1746969314.7797256,right,False
2271,1746969331.5292766,195.273,1.74569,-2.55801,-0.125448,-0.039862,5963.55,5,46.466,1781.79,1806.76,49.4341,1,2,0.9,0.0,0.0,5,0.0,0,True,1746969314.7797256,right,False
2272,1746969331.5513756,195.325,1.74735,-2.49704,-0.121956,-0.0387767,5964.48,5,46.486,1782.87,1807.84,49.4338,1,2,0.9,0.0,0.0,5,0.0,0,True,1746969314.7797256,right,False
2273,1746969331.570677,195.377,1.74967,-2.43805,-0.118542,-0.0376866,5965.36,5,46.506,1783.96,1808.92,49.4336,1,2,0.9,0.0,0.0,5,0.0,0,True,1746969314.7797256,right,False
2274,1746969331.589067,195.428,1.7522,-2.38204,-0.115214,-0.0365928,5967.81,5,46.526,1785.04,1810,49.4333,1,2,0.9,0.0,0.0,5,0.0,0,True,1746969314.7797256,right,False
2275,1746969331.609271,195.478,1.75407,-2.32113,-0.111959,-0.0355037,5969.27,5,46.546,1786.12,1811.08,49.433,1,2,0.9,0.0,0.0,5,0.0,0,True,1746969314.7797256,right,False
2276,1746969331.630055,195.528,1.75533,-2.26963,-0.108781,-0.0344165,5971.96,5,46.566,1787.2,1812.17,49.4328,1,2,0.9,0.0,0.0,5,0.0,0,True,1746969314.7797256,right,False
2277,1746969331.650714,195.579,1.75619,-2.21368,-0.105676,-0.0333312,5973.05,5,46.586,1788.29,1813.25,49.4325,1,2,0.9,0.0,0.0,5,0.0,0,True,1746969314.7797256,right,False
2278,1746969331.6701458,195.63,1.75818,-2.16319,-0.102649,-0.0322412,5974.26,5,46.606,1789.37,1814.33,49.4322,1,2,0.9,0.0,0.0,5,0.0,0,True,1746969314.7797256,right,False
2279,1746969331.689507,195.68,1.7599,-2.109,-0.099703,-0.0311502,5975.7,5,46.626,1790.45,1815.42,49.4319,1,2,0.9,0.0,0.0,5,0.0,0,True,1746969314.7797256,right,False
2280,1746969331.709905,195.729,1.76166,-2.04832,-0.0968384,-0.0300563,5976.69,5,46.646,1791.54,1816.5,49.4317,1,2,0.9,0.0,0.0,5,0.0,0,True,1746969314.7797256,right,False
2281,1746969331.7304883,195.778,1.76388,-2.00027,-0.0940511,-0.028961,5978.93,5,46.666,1792.62,1817.59,49.4314,1,2,0.9,0.0,0.0,5,0.0,0,True,1746969314.7797256,right,False
2282,1746969331.750923,195.828,1.76575,-1.93979,-0.0913411,-0.0278648,5979.41,5,46.686,1793.71,1818.67,49.4311,1,2,0.9,0.0,0.0,5,0.0,0,True,1746969314.7797256,right,False
2283,1746969331.7705507,195.877,1.76786,-1.88926,-0.0887044,-0.0267671,5981.54,5,46.706,1794.79,1819.76,49.4309,1,2,0.9,0.0,0.0,5,0.0,0,True,1746969314.7797256,right,False
2284,1746969331.7897847,195.925,1.76976,-1.83215,-0.086141,-0.0256694,5983.39,5,46.726,1795.88,1820.84,49.4306,1,2,0.9,0.0,0.0,5,0.0,0,True,1746969314.7797256,right,False
2285,1746969331.8097441,195.973,1.77176,-1.77792,-0.083667,-0.0245712,5984.26,5,46.746,1796.96,1821.93,49.4303,1,2,0.9,0.0,0.0,5,0.0,0,True,1746969314.7797256,right,False
2286,1746969331.8291278,196.022,1.77253,-1.71288,-0.0812663,-0.0234721,5985.23,5,46.766,1798.05,1823.02,49.4301,1,2,0.9,0.0,0.0,5,0.0,0,True,1746969314.7797256,right,False
2287,1746969331.8512287,196.069,1.77407,-1.66014,-0.0789469,-0.0223725,5987.11,5,46.786,1799.14,1824.1,49.4298,1,2,0.9,0.0,0.0,5,0.0,0,True,1746969314.7797256,right,False
2288,1746969331.8692603,196.117,1.7749,-1.60068,-0.0767049,-0.0212739,5987.88,5,46.806,1800.22,1825.19,49.4295,1,2,0.9,0.0,0.0,5,0.0,0,True,1746969314.7797256,right,False
2289,1746969331.8903599,196.164,1.77621,-1.54545,-0.0745443,-0.0201739,5989.45,5,46.826,1801.31,1826.28,49.4293,1,2,0.9,0.0,0.0,5,0.0,0,True,1746969314.7797256,right,False
2290,1746969331.9096413,196.211,1.77735,-1.48525,-0.0724609,-0.0190738,5991.31,5,46.846,1802.4,1827.36,49.429,1,2,0.9,0.0,0.0,5,0.0,0,True,1746969314.7797256,right,False
2291,1746969331.9306545,196.258,1.77819,-1.42992,-0.0704549,-0.0179742,5992.59,5,46.866,1803.49,1828.45,49.4287,1,2,0.9,0.0,0.0,5,0.0,0,True,1746969314.7797256,right,False
2292,1746969331.9514253,196.304,1.77908,-1.3712,-0.0685343,-0.0168727,5994.01,5,46.886,1804.58,1829.54,49.4285,1,2,0.9,0.0,0.0,5,0.0,0,True,1746969314.7797256,right,False
2293,1746969331.9706624,196.351,1.77968,-1.31271,-0.0666951,-0.0157722,5994.94,5,46.906,1805.67,1830.63,49.4282,1,2,0.9,0.0,0.0,5,0.0,0,True,1746969314.7797256,right,False
2294,1746969331.9913657,196.397,1.78031,-1.2545,-0.0649292,-0.0146707,5996.81,5,46.926,1806.76,1831.72,49.4279,1,2,0.9,0.0,0.0,5,0.0,0,True,1746969314.7797256,right,False
2295,1746969332.0101364,196.442,1.78097,-1.19646,-0.0632487,-0.0135697,5998.37,5,46.946,1807.84,1832.81,49.4277,1,2,0.9,0.0,0.0,5,0.0,0,True,1746969314.7797256,right,False
2296,1746969332.029824,196.488,1.78107,-1.13855,-0.0616374,-0.0124691,5999.73,5,46.966,1808.93,1833.9,49.4274,1,2,0.9,0.0,0.0,5,0.0,0,True,1746969314.7797256,right,False
2297,1746969332.0510356,196.533,1.78109,-1.07768,-0.0601115,-0.0113695,6000.89,5,46.986,1810.02,1834.99,49.4271,1,2,0.9,0.0,0.0,5,0.0,0,True,1746969314.7797256,right,False
2298,1746969332.0698762,196.578,1.78158,-1.02661,-0.0586629,-0.0102695,6002.34,5,47.006,1811.11,1836.08,49.4269,1,2,0.9,0.0,0.0,5,0.0,0,True,1746969314.7797256,right,False
2299,1746969332.0919652,196.622,1.78146,-0.966082,-0.0572957,-0.00917083,6003.84,5,47.026,1812.21,1837.17,49.4266,1,2,0.9,0.0,0.0,5,0.0,0,True,1746969314.7797256,right,False
2300,1746969332.1100886,196.666,1.78142,-0.91205,-0.0560099,-0.00807125,6006.03,5,47.046,1813.3,1838.26,49.4263,1,2,0.9,0.0,0.0,5,0.0,0,True,1746969314.7797256,right,False
2301,1746969332.1314604,196.711,1.78065,-0.848645,-0.0548055,-0.00697166,6005.9,5,47.066,1814.39,1839.35,49.4261,1,2,0.9,0.0,0.0,5,0.0,0,True,1746969314.7797256,right,False
2302,1746969332.1517973,196.755,1.78061,-0.792447,-0.0536825,-0.0058716,6007.44,5,47.086,1815.48,1840.44,49.4258,1,2,0.9,0.0,0.0,5,0.0,0,True,1746969314.7797256,right,False
2303,1746969332.1702275,196.799,1.77975,-0.730499,-0.0526367,-0.00477297,6008.64,5,47.106,1816.57,1841.54,49.4255,1,2,0.9,0.0,0.0,5,0.0,0,True,1746969314.7797256,right,False
2304,1746969332.1921968,196.842,1.77981,-0.677931,-0.0516764,-0.00367195,6010.65,5,47.126,1817.66,1842.63,49.4253,1,2,0.9,0.0,0.0,5,0.0,0,True,1746969314.7797256,right,False
2305,1746969332.210344,196.885,1.77899,-0.61442,-0.0507935,-0.00257332,6011.41,5,47.146,1818.76,1843.72,49.425,1,2,0.9,0.0,0.0,5,0.0,0,True,1746969314.7797256,right,False
2306,1746969332.2299283,196.928,1.77873,-0.555066,-0.0499878,-0.00146991,6012.64,5,47.166,1819.85,1844.81,49.4247,1,2,0.9,0.0,0.0,5,0.0,0,True,1746969314.7797256,right,False
2307,1746969332.2525017,196.971,1.7788,-0.498324,-0.0492594,-0.000369374,6013.71,5,47.186,1820.94,1845.91,49.4245,1,2,0.9,0.0,0.1,5,0.0,0,True,1746969314.7797256,right,False
2308,1746969332.2693431,197.013,1.77851,-0.439837,-0.0486165,0.000733074,6015.35,5,47.206,1822.04,1847,49.4242,1,2,0.9,0.0,0.1,5,0.0,0,True,1746969314.7797256,right,False
2309,1746969332.2902067,197.043,1.92485,-0.38282,-0.0480143,0.00109785,6017.95,5,47.226,1823.13,1848.09,49.4239,1,2,0.9,0.0,0.1,5,0.0,0,True,1746969314.7797256,right,False
2310,1746969332.311018,197.07,1.76177,-0.348541,-0.0473633,-0.000547711,6022.83,5,47.246,1824.22,1849.19,49.4237,1,2,0.9,0.0,0.1,5,0.0,0,True,1746969314.7797256,right,False
2311,1746969332.3325362,197.1,1.24708,-0.320841,-0.0466675,-0.00401622,6027.73,5,47.266,1825.32,1850.28,49.4234,1,2,0.9,0.0,0.1,5,0.0,0,True,1746969314.7797256,right,False
2312,1746969332.351277,197.127,0.445949,-0.325271,-0.0459188,-0.00904972,6034.16,5,47.286,1826.41,1851.38,49.4231,1,2,0.9,0.0,0.1,5,0.0,0,True,1746969314.7797256,right,False
2313,1746969332.3707452,197.15,-0.577583,-0.341306,-0.0450968,-0.0153897,6041.4,5,47.306,1827.51,1852.47,49.4229,1,2,0.9,0.0,0.1,5,0.0,0,True,1746969314.7797256,right,False
2314,1746969332.3895252,197.161,-1.76767,-0.382928,-0.0441935,-0.022776,6050.47,5,47.326,1828.6,1853.56,49.4226,1,2,0.9,0.0,0.1,5,0.0,0,True,1746969314.7797256,right,False
2315,1746969332.4104278,197.161,-3.06677,-0.434779,-0.0431844,-0.030959,6058.89,5,47.346,1829.69,1854.66,49.4223,1,2,0.9,0.0,0.1,5,0.0,0,True,1746969314.7797256,right,False
2316,1746969332.4294052,197.144,-4.44138,-0.512856,-0.0420614,-0.0397056,6072.04,5,47.366,1830.79,1855.75,49.4221,1,2,0.9,0.0,0.1,5,0.0,0,True,1746969314.7797256,right,False
2317,1746969332.4515827,197.11,-5.84577,-0.61292,-0.0408,-0.0488046,6087.21,5,47.386,1831.88,1856.85,49.4218,1,2,0.9,0.0,0.1,5,0.0,0,True,1746969314.7797256,right,False
2318,1746969332.4710555,197.059,-7.2559,-0.728625,-0.0393921,-0.0580877,6105.62,5,47.406,1832.98,1857.94,49.4215,1,2,0.9,0.0,0.1,5,0.0,0,True,1746969314.7797256,right,False
2319,1746969332.4913692,196.993,-8.64222,-0.860566,-0.0378174,-0.0674041,6125.25,5,47.426,1834.07,1859.04,49.4213,1,2,0.9,0.0,0.1,5,0.0,0,True,1746969314.7797256,right,False
2320,1746969332.5115514,196.912,-9.99694,-1.01171,-0.0360718,-0.0766929,6145.75,5,47.446,1835.17,1860.13,49.421,1,2,0.9,0.0,0.1,5,0.0,0,True,1746969314.7797256,right,False
2321,1746969332.5312798,196.818,-11.318,-1.17218,-0.0341512,-0.0859311,6165.67,5,47.466,1836.26,1861.22,49.4207,1,2,0.9,0.0,0.1,5,0.0,0,True,1746969314.7797256,right,False
2322,1746969332.5510836,196.712,-12.5946,-1.32743,-0.0320394,-0.0951117,6185.27,5,47.486,1837.35,1862.32,49.4205,1,2,0.9,0.0,0.1,5,0.0,0,True,1746969314.7797256,right,False
2323,1746969332.571203,196.596,-13.8422,-1.49637,-0.0297241,-0.104233,6202.26,5,47.506,1838.45,1863.41,49.4202,1,2,0.9,0.0,0.1,5,0.0,0,True,1746969314.7797256,right,False
2324,1746969332.5914729,196.469,-15.065,-1.67058,-0.0272095,-0.113323,6218.4,5,47.526,1839.54,1864.51,49.4199,1,2,0.9,0.0,0.1,5,0.0,0,True,1746969314.7797256,right,False
2325,1746969332.6094666,196.333,-16.2611,-1.8531,-0.0244792,-0.122341,6231.59,5,47.546,1840.63,1865.6,49.4197,1,2,0.9,0.0,0.1,5,0.0,0,True,1746969314.7797256,right,False
2326,1746969332.6291869,196.193,-17.4246,-2.02886,-0.0215291,-0.131309,6238.7,5,47.566,1841.73,1866.69,49.4194,1,2,0.9,0.0,0.1,5,0.0,0,True,1746969314.7797256,right,False
2327,1746969332.6501946,196.041,-18.5633,-2.21287,-0.0183594,-0.14025,6248.47,5,47.586,1842.82,1867.78,49.4191,1,2,0.9,0.0,0.0,5,0.0,0,True,1746969314.7797256,left,False
2328,1746969332.6705234,195.881,-19.6776,-2.39098,-0.0149577,-0.149129,6254.56,5,47.606,1843.91,1868.88,49.4189,1,2,0.9,0.0,0.0,5,0.0,0,True,1746969314.7797256,left,False
2329,1746969332.690163,195.734,-20.8075,-2.57937,-0.0113363,-0.157788,6261.19,5,47.626,1845,1869.97,49.4186,1,2,0.9,0.0,0.0,5,0.0,0,True,1746969314.7797256,left,False
2330,1746969332.7109163,195.604,-21.8373,-2.76031,-0.00750732,-0.165887,6255.66,5,47.646,1846.1,1871.06,49.4183,1,2,0.9,0.0,0.0,5,0.0,0,True,1746969314.7797256,left,False
2331,1746969332.7313604,195.48,-22.7406,-2.94062,-0.00346273,-0.173473,6246.69,5,47.666,1847.19,1872.15,49.4181,1,2,0.9,0.0,0.0,5,0.0,0,True,1746969314.7797256,left,False
2332,1746969332.7505782,195.365,-23.5232,-3.1141,0.000805664,-0.180553,6233.69,5,47.686,1848.28,1873.24,49.4178,1,2,0.9,0.0,0.0,5,0.0,0,True,1746969314.7797256,left,False
2333,1746969332.769723,195.253,-24.2106,-3.29205,0.00529785,-0.187202,6225.61,5,47.706,1849.37,1874.33,49.4175,1,2,0.9,0.0,0.0,5,0.0,0,True,1746969314.7797256,left,False
2334,1746969332.7913115,195.146,-24.8053,-3.46145,0.0100179,-0.193438,6217.02,5,47.726,1850.46,1875.43,49.4173,1,2,0.9,0.0,0.0,5,0.0,0,True,1746969314.7797256,left,False
2335,1746969332.8110743,195.04,-25.3117,-3.6338,0.014974,-0.199263,6217.61,5,47.746,1851.55,1876.52,49.417,1,2,0.9,0.0,0.0,5,0.0,0,True,1746969314.7797256,left,False
2336,1746969332.8302946,194.942,-25.7368,-3.81427,0.0201701,-0.204683,6216.55,5,47.766,1852.64,1877.61,49.4167,1,2,0.9,0.0,0.0,5,0.0,0,True,1746969314.7797256,left,False
2337,1746969332.8506925,194.848,-26.0781,-3.9936,0.0255981,-0.209695,6223.74,5,47.786,1853.73,1878.7,49.4165,1,2,0.9,0.0,0.0,5,0.0,0,True,1746969314.7797256,left,False
2338,1746969332.870382,194.768,-26.3168,-4.15438,0.0312663,-0.214269,6222.97,5,47.806,1854.82,1879.79,49.4162,1,2,0.9,0.0,0.0,5,0.0,0,True,1746969314.7797256,left,False
2339,1746969332.8909185,194.691,-26.4825,-4.33358,0.0371745,-0.218417,6233.62,5,47.826,1855.91,1880.87,49.4159,1,2,0.9,0.0,0.0,5,0.0,0,True,1746969314.7797256,left,False
2340,1746969332.9103296,194.626,-26.5551,-4.50949,0.0433187,-0.222098,6244.3,5,47.846,1857,1881.96,49.4157,1,2,0.9,0.0,0.0,5,0.0,0,True,1746969314.7797256,left,False
2341,1746969332.930924,194.574,-26.5368,-4.68126,0.049703,-0.225331,6253,5,47.866,1858.09,1883.05,49.4154,1,2,0.9,0.0,0.0,5,0.0,0,True,1746969314.7797256,left,False
2342,1746969332.9496658,194.533,-26.4314,-4.85694,0.0563314,-0.228087,6265.56,5,47.886,1859.17,1884.14,49.4151,1,2,0.9,0.0,0.0,5,0.0,0,True,1746969314.7797256,left,False
2343,1746969332.9692001,194.505,-26.2314,-5.02966,0.0631958,-0.230371,6276.68,5,47.906,1860.26,1885.22,49.4149,1,2,0.9,0.0,0.0,5,0.0,0,True,1746969314.7797256,left,False
2344,1746969332.991771,194.496,-25.9404,-5.19754,0.0702922,-0.232185,6279.98,5,47.926,1861.35,1886.31,49.4146,1,2,0.9,0.0,0.0,5,0.0,0,True,1746969314.7797256,left,False
2345,1746969333.0106897,194.494,-25.5719,-5.37291,0.0776286,-0.233554,6292.76,5,47.946,1862.43,1887.4,49.4143,1,2,0.9,0.0,0.0,5,0.0,0,True,1746969314.7797256,left,False
2346,1746969333.0299048,194.507,-25.1249,-5.55181,0.0852051,-0.234467,6300.3,5,47.966,1863.52,1888.48,49.4141,1,2,0.9,0.0,0.0,5,0.0,0,True,1746969314.7797256,left,False
2347,1746969333.0492172,194.539,-24.5898,-5.72269,0.0930176,-0.234937,6298.72,5,47.986,1864.6,1889.57,49.4138,1,2,0.9,0.0,0.0,5,0.0,0,True,1746969314.7797256,left,False
2348,1746969333.069986,194.584,-23.9817,-5.89998,0.10105,-0.234989,6298.23,5,48.006,1865.69,1890.65,49.4135,1,2,0.9,0.0,0.0,5,0.0,0,True,1746969314.7797256,left,False
2349,1746969333.0905468,194.637,-23.2972,-6.06868,0.10931,-0.234618,6298,5,48.026,1866.77,1891.74,49.4133,1,2,0.9,0.0,0.0,5,0.0,0,True,1746969314.7797256,left,False
2350,1746969333.1102006,194.707,-22.5395,-6.23922,0.117798,-0.233818,6290.69,5,48.046,1867.86,1892.82,49.413,1,2,0.9,0.0,0.0,5,0.0,0,True,1746969314.7797256,left,False
2351,1746969333.1314087,194.789,-21.701,-6.40315,0.12651,-0.232586,6280.53,5,48.066,1868.94,1893.91,49.4127,1,2,0.9,0.0,0.0,5,0.0,0,True,1746969314.7797256,left,False
2352,1746969333.150653,194.881,-20.7985,-6.56807,0.135445,-0.230951,6268.89,5,48.086,1870.02,1894.99,49.4125,1,2,0.9,0.0,0.0,5,0.0,0,True,1746969314.7797256,left,False
2353,1746969333.169907,194.983,-19.8245,-6.72644,0.144592,-0.228906,6253.73,5,48.106,1871.11,1896.07,49.4122,1,2,0.9,0.0,0.0,5,0.0,0,True,1746969314.7797256,left,False
2354,1746969333.1908023,195.092,-18.7971,-6.89022,0.153951,-0.226473,6239.86,5,48.126,1872.19,1897.15,49.4119,1,2,0.9,0.0,0.0,5,0.0,0,True,1746969314.7797256,left,False
2355,1746969333.209166,195.209,-17.7008,-7.03878,0.163517,-0.223641,6221.07,5,48.146,1873.27,1898.24,49.4117,1,2,0.9,0.0,0.0,5,0.0,0,True,1746969314.7797256,left,False
2356,1746969333.2308028,195.333,-16.5605,-7.199,0.173283,-0.220459,6201.21,5,48.166,1874.36,1899.32,49.4114,1,2,0.9,0.0,0.0,5,0.0,0,True,1746969314.7797256,left,False
2357,1746969333.24979,195.461,-15.3725,-7.34609,0.18324,-0.216944,6179.92,5,48.186,1875.44,1900.4,49.4111,1,2,0.9,0.0,0.0,5,0.0,0,True,1746969314.7797256,left,False
2358,1746969333.2697694,195.591,-14.1458,-7.48758,0.193384,-0.213107,6158.2,5,48.206,1876.52,1901.49,49.4109,1,2,0.9,0.0,0.0,5,0.0,0,True,1746969314.7797256,left,False
2359,1746969333.2894924,195.724,-12.8943,-7.61998,0.203703,-0.209007,6134.78,5,48.226,1877.61,1902.57,49.4106,1,2,0.9,0.0,0.0,5,0.0,0,True,1746969314.7797256,left,False
2360,1746969333.3102226,195.853,-11.6318,-7.75323,0.214193,-0.204683,6115.11,5,48.246,1878.69,1903.65,49.4103,1,2,0.9,0.0,-0.1,5,0.0,0,True,1746969314.7797256,left,False
2361,1746969333.3324203,195.98,-10.3674,-7.87171,0.224817,-0.200188,6093.96,5,48.266,1879.77,1904.74,49.4101,1,2,0.9,0.0,-0.1,5,0.0,0,True,1746969314.7797256,left,False
2362,1746969333.3502133,196.112,-9.23749,-7.98246,0.235559,-0.195025,6069.4,5,48.286,1880.86,1905.82,49.4098,1,2,0.9,0.0,-0.1,5,0.0,0,True,1746969314.7797256,left,False
2363,1746969333.3701687,196.251,-7.89946,-8.06046,0.246322,-0.188084,6042.16,5,48.306,1881.94,1906.9,49.4095,1,2,0.9,0.0,-0.1,5,0.0,0,True,1746969314.7797256,left,False
2364,1746969333.3896754,196.386,-6.29764,-8.11559,0.257084,-0.179415,6022.26,5,48.326,1883.02,1907.99,49.4093,1,2,0.9,0.0,-0.1,5,0.0,0,True,1746969314.7797256,left,False
2365,1746969333.4107752,196.506,-4.46478,-8.13796,0.267802,-0.169108,6011.4,5,48.346,1884.11,1909.07,49.409,1,2,0.9,0.0,-0.1,5,0.0,0,True,1746969314.7797256,left,False
2366,1746969333.429857,196.608,-2.44255,-8.12762,0.278446,-0.157265,6003.1,5,48.366,1885.2,1910.16,49.4087,1,2,0.9,0.0,-0.1,5,0.0,0,True,1746969314.7797256,left,False
2367,1746969333.451328,196.681,-0.258296,-8.09397,0.288973,-0.143982,5999.77,5,48.386,1886.28,1911.25,49.4085,1,2,0.9,0.0,-0.1,5,0.0,0,True,1746969314.7797256,left,False
2368,1746969333.4691403,196.72,2.05428,-8.02425,0.29932,-0.129378,5997,5,48.406,1887.37,1912.34,49.4082,1,2,0.9,0.0,-0.1,5,0.0,0,True,1746969314.7797256,left,False
2369,1746969333.491743,196.717,4.4662,-7.91179,0.309452,-0.113563,5995.2,5,48.426,1888.46,1913.43,49.4079,1,2,0.9,0.0,-0.1,5,0.0,0,True,1746969314.7797256,left,False
2370,1746969333.5109463,196.667,6.9549,-7.76167,0.319303,-0.0966666,5994.53,5,48.446,1889.55,1914.52,49.4076,1,2,0.9,0.0,-0.1,5,0.0,0,True,1746969314.7797256,left,False
2371,1746969333.5307076,196.564,9.49637,-7.57396,0.328833,-0.0788263,5993.98,5,48.466,1890.64,1915.61,49.4074,1,2,0.9,0.0,-0.1,5,0.0,0,True,1746969314.7797256,left,False
2372,1746969333.5513127,196.404,12.0689,-7.33615,0.33798,-0.0601657,5993.5,5,48.486,1891.74,1916.7,49.4071,1,2,0.9,0.0,-0.1,5,0.0,0,True,1746969314.7797256,left,False
2373,1746969333.569597,196.185,14.6528,-7.06196,0.346708,-0.0408252,5992.91,5,48.506,1892.83,1917.79,49.4068,1,2,0.9,0.0,-0.1,5,0.0,0,True,1746969314.7797256,left,False
2374,1746969333.5913825,195.905,17.2301,-6.74184,0.354976,-0.0209468,5993.87,5,48.526,1893.92,1918.89,49.4066,1,2,0.9,0.0,-0.1,5,0.0,0,True,1746969314.7797256,left,False
2375,1746969333.6111057,195.564,19.7798,-6.38443,0.362732,-0.000679318,5996.1,5,48.546,1895.02,1919.98,49.4063,1,2,0.9,0.0,-0.1,5,0.0,0,True,1746969314.7797256,left,False
2376,1746969333.6300418,195.165,22.2683,-5.9798,0.369946,0.0197846,6000.15,5,48.566,1896.11,1921.08,49.406,1,2,0.9,0.0,-0.1,5,0.0,0,True,1746969314.7797256,left,False
2377,1746969333.6494765,194.714,24.6696,-5.54156,0.376591,0.0402362,6006.06,5,48.586,1897.21,1922.17,49.4058,1,2,0.9,0.0,-0.1,5,0.0,0,True,1746969314.7797256,left,False
2378,1746969333.6706316,194.216,26.951,-5.07335,0.382625,0.0604531,6017.21,5,48.606,1898.3,1923.26,49.4055,1,2,0.9,0.0,-0.1,5,0.0,0,True,1746969314.7797256,left,False
2379,1746969333.6921225,193.683,29.0721,-4.56943,0.388033,0.0802008,6029.74,5,48.626,1899.39,1924.36,49.4052,1,2,0.9,0.0,-0.1,5,0.0,0,True,1746969314.7797256,left,False
2380,1746969333.7096124,193.127,30.9955,-4.0438,0.392794,0.0992228,6049.51,5,48.646,1900.49,1925.45,49.405,1,2,0.9,0.0,-0.1,5,0.0,0,True,1746969314.7797256,left,False
2381,1746969333.730497,192.588,32.6581,-3.49183,0.396891,0.117252,6038.96,5,48.666,1901.58,1926.55,49.4047,1,2,0.9,0.0,-0.1,5,0.0,0,True,1746969314.7797256,left,False
2382,1746969333.7543552,192.059,34.0572,-2.92654,0.400301,0.13407,6032.71,5,48.686,1902.67,1927.64,49.4044,1,2,0.9,0.0,-0.1,5,0.0,0,True,1746969314.7797256,left,False
2383,1746969333.770035,191.532,35.292,-2.01053,0.403031,0.149534,6039,5,48.706,1903.76,1928.73,49.4042,1,2,0.9,0.0,0.0,5,0.0,0,True,1746969314.7797256,right,False
2384,1746969333.7913501,191.006,36.3611,-1.52253,0.405172,0.163345,6109.01,5,48.726,1904.85,1929.82,49.4039,1,2,0.9,0.0,0.0,5,0.0,0,True,1746969314.7797256,right,False
2385,1746969333.809796,190.549,37.0771,-1.15365,0.406726,0.17522,6207.47,5,48.746,1905.94,1930.91,49.4036,1,2,0.9,0.0,0.0,5,0.0,0,True,1746969314.7797256,right,False
2386,1746969333.8304412,190.179,37.4068,-0.799653,0.407703,0.184955,6292.91,5,48.766,1907.03,1931.99,49.4034,1,2,0.9,0.0,0.0,5,0.0,0,True,1746969314.7797256,right,False
2387,1746969333.850881,189.886,37.3208,-0.442871,0.408118,0.192515,6376.46,5,48.786,1908.11,1933.08,49.4031,1,2,0.9,0.0,0.0,5,0.0,0,True,1746969314.7797256,right,False
2388,1746969333.8691773,189.644,36.9696,0.463399,0.407983,0.197839,6459.31,5,48.806,1909.2,1934.16,49.4028,1,2,0.9,0.0,0.0,5,0.0,0,True,1746969314.7797256,right,False
2389,1746969333.8894215,189.513,36.06,0.820311,0.407324,0.2009,6541.18,5,48.826,1910.28,1935.24,49.4026,1,2,0.9,0.0,0.0,5,0.0,0,True,1746969314.7797256,right,False
2390,1746969333.9087622,189.464,34.7044,1.16999,0.406108,0.20162,6622.37,5,48.846,1911.36,1936.32,49.4023,1,2,0.9,0.0,0.0,5,0.0,0,True,1746969314.7797256,right,False
2391,1746969333.930356,189.49,32.9467,1.50601,0.404346,0.200037,6702.77,5,48.866,1912.44,1937.4,49.402,1,2,0.9,0.0,0.0,5,0.0,0,True,1746969314.7797256,right,False
2392,1746969333.9498973,189.589,30.7864,1.84128,0.402034,0.196201,6771.68,5,48.886,1913.51,1938.48,49.4018,1,2,0.9,0.0,0.0,5,0.0,0,True,1746969314.7797256,right,False
2393,1746969333.9715464,189.754,28.2564,2.17316,0.39919,0.190197,6795.86,5,48.906,1914.59,1939.55,49.4016,1,2,0.9,0.0,0.0,5,0.0,0,True,1746969314.7797256,right,False
2394,1746969333.989279,189.997,25.3788,2.51271,0.395854,0.182148,6796.34,5,48.926,1915.66,1940.62,49.4013,1,2,0.9,0.0,0.0,5,0.0,0,True,1746969314.7797256,right,False
2395,1746969334.0113494,190.307,22.2226,2.85276,0.392017,0.172283,6729.2,5,48.946,1916.73,1941.7,49.401,1,2,0.9,0.0,0.0,5,0.0,0,True,1746969314.7797256,right,False
2396,1746969334.0294363,190.653,18.8538,3.19746,0.387708,0.160897,6620.67,5,48.966,1917.8,1942.77,49.4008,1,2,0.9,0.0,0.0,5,0.0,0,True,1746969314.7797256,right,False
2397,1746969334.050857,191.009,15.3871,3.53961,0.382963,0.148384,6472.09,5,48.986,1918.87,1943.84,49.4005,1,2,0.9,0.0,0.0,5,0.0,0,True,1746969314.7797256,right,False
2398,1746969334.0693786,191.357,11.9399,3.87155,0.37784,0.135249,6295.54,5,49.006,1919.94,1944.91,49.4002,1,2,0.9,0.0,0.0,5,0.0,0,True,1746969314.7797256,right,False
2399,1746969334.0900168,191.665,8.64725,4.19146,0.372408,0.122092,6117.27,5,49.026,1921.01,1945.98,49.4,1,2,0.9,0.0,0.0,5,0.0,0,True,1746969314.7797256,right,False
2400,1746969334.1095388,191.899,5.63806,4.47765,0.366715,0.109507,5978.72,5,49.046,1922.09,1947.05,49.3997,1,2,0.9,0.0,0.0,5,0.0,0,True,1746969314.7797256,right,False
2401,1746969334.1314716,192.046,3.00183,4.7235,0.36084,0.0979711,5901.68,5,49.066,1923.16,1948.12,49.3994,1,2,0.9,0.0,0.0,5,0.0,0,True,1746969314.7797256,right,False
2402,1746969334.1521275,192.123,0.772707,4.9411,0.354854,0.0876929,5871.77,5,49.086,1924.23,1949.19,49.3992,1,2,0.9,0.0,0.0,5,0.0,0,True,1746969314.7797256,right,False
2403,1746969334.169127,192.162,-1.0735,5.1222,0.348812,0.0786559,5862.49,5,49.106,1925.3,1950.26,49.3989,1,2,0.9,0.0,0.0,5,0.0,0,True,1746969314.7797256,right,False
2404,1746969334.1914124,192.181,-2.5923,5.24382,0.342757,0.0707309,5861.38,5,49.126,1926.37,1951.33,49.3986,1,2,0.9,0.0,0.0,5,0.0,0,True,1746969314.7797256,right,False
2405,1746969334.2117252,192.19,-3.84133,5.32708,0.336735,0.0637566,5862.77,5,49.146,1927.44,1952.41,49.3984,1,2,0.9,0.0,0.0,5,0.0,0,True,1746969314.7797256,right,False
2406,1746969334.2291956,192.191,-4.87867,5.36179,0.330762,0.0575692,5867.25,5,49.166,1928.51,1953.48,49.3981,1,2,0.9,0.0,0.0,5,0.0,0,True,1746969314.7797256,right,False
2407,1746969334.2522826,192.187,-5.75164,5.34212,0.324858,0.0520179,5873.6,5,49.186,1929.59,1954.55,49.3978,1,2,0.9,0.0,0.0,5,0.0,0,True,1746969314.7797256,right,False
2408,1746969334.2698915,192.179,-6.50602,5.26568,0.319031,0.0469686,5884.08,5,49.206,1930.66,1955.62,49.3976,1,2,0.9,0.0,0.0,5,0.0,0,True,1746969314.7797256,right,False
2409,1746969334.2922723,192.167,-7.1751,5.1371,0.313285,0.0423123,5897.47,5,49.226,1931.73,1956.69,49.3973,1,2,0.9,0.0,0.0,5,0.0,0,True,1746969314.7797256,right,False
2410,1746969334.3103652,192.15,-7.77669,4.97267,0.307633,0.0379607,5916.81,5,49.246,1932.8,1957.77,49.397,1,2,0.9,0.0,0.0,5,0.0,0,True,1746969314.7797256,right,False
2411,1746969334.329487,192.129,-8.32968,4.77784,0.302067,0.0338551,5938.04,5,49.266,1933.87,1958.84,49.3968,1,2,0.9,0.0,0.0,5,0.0,0,True,1746969314.7797256,right,False
2412,1746969334.3511603,192.107,-8.83511,4.55891,0.29659,0.0299727,5960.42,5,49.286,1934.94,1959.91,49.3965,1,2,0.9,0.0,0.0,5,0.0,0,True,1746969314.7797256,right,False
2413,1746969334.369343,192.09,-9.27207,4.34313,0.291211,0.0263316,5976.31,5,49.306,1936.02,1960.98,49.3962,1,2,0.9,0.0,0.0,5,0.0,0,True,1746969314.7797256,right,False
2414,1746969334.3910167,192.08,-9.62389,4.13359,0.285933,0.02302,5985.94,5,49.326,1937.09,1962.05,49.396,1,2,0.9,0.0,0.0,5,0.0,0,True,1746969314.7797256,right,False
2415,1746969334.4097228,192.084,-9.88339,3.94157,0.280762,0.0200803,5980.42,5,49.346,1938.16,1963.12,49.3957,1,2,0.9,0.0,0.0,5,0.0,0,True,1746969314.7797256,right,False
2416,1746969334.4311504,192.096,-10.0485,3.76438,0.275716,0.0175301,5969.02,5,49.366,1939.23,1964.2,49.3954,1,2,0.9,0.0,0.0,5,0.0,0,True,1746969314.7797256,right,False
2417,1746969334.449636,192.113,-10.129,3.59192,0.270797,0.0153634,5957.61,5,49.386,1940.3,1965.27,49.3952,1,2,0.9,0.0,0.0,5,0.0,0,True,1746969314.7797256,right,False
2418,1746969334.4702048,192.134,-10.1265,3.43116,0.266007,0.0135743,5946.78,5,49.406,1941.38,1966.34,49.3949,1,2,0.9,0.0,0.0,5,0.0,0,True,1746969314.7797256,right,False
2419,1746969334.4899318,192.156,-10.0479,3.2806,0.261344,0.0121481,5938.7,5,49.426,1942.45,1967.41,49.3946,1,2,0.9,0.0,0.0,5,0.0,0,True,1746969314.7797256,right,False
2420,1746969334.5107734,192.184,-9.89613,3.1482,0.25682,0.0110657,5929.26,5,49.446,1943.52,1968.49,49.3944,1,2,0.9,0.0,0.0,5,0.0,0,True,1746969314.7797256,right,False
2421,1746969334.5293624,192.211,-9.68616,3.01615,0.252421,0.0103041,5926.88,5,49.466,1944.59,1969.56,49.3941,1,2,0.9,0.0,0.0,5,0.0,0,True,1746969314.7797256,right,False
2422,1746969334.5501442,192.242,-9.41664,2.89493,0.248169,0.00985306,5922.81,5,49.486,1945.67,1970.63,49.3938,1,2,0.9,0.0,0.0,5,0.0,0,True,1746969314.7797256,right,False
2423,1746969334.5698087,192.275,-9.09751,2.78558,0.244051,0.00969475,5920.86,5,49.506,1946.74,1971.71,49.3936,1,2,0.9,0.0,0.0,5,0.0,0,True,1746969314.7797256,right,False
2424,1746969334.5913298,192.311,-8.73379,2.69085,0.240059,0.0098111,5918.42,5,49.526,1947.81,1972.78,49.3933,1,2,0.9,0.0,0.0,5,0.0,0,True,1746969314.7797256,right,False
2425,1746969334.6109369,192.35,-8.3298,2.60176,0.23619,0.0101845,5915.5,5,49.546,1948.89,1973.85,49.393,1,2,0.9,0.0,0.0,5,0.0,0,True,1746969314.7797256,right,False
2426,1746969334.6293347,192.389,-7.89676,2.5172,0.232446,0.0108029,5914.88,5,49.566,1949.96,1974.93,49.3927,1,2,0.9,0.0,0.0,5,0.0,0,True,1746969314.7797256,right,False
2427,1746969334.6511548,192.43,-7.43722,2.43452,0.228813,0.0116479,5915.33,5,49.586,1951.03,1976,49.3925,1,2,0.9,0.0,0.0,5,0.0,0,True,1746969314.7797256,right,False
2428,1746969334.670189,192.474,-6.95508,2.36206,0.225289,0.0126983,5914.72,5,49.606,1952.11,1977.07,49.3922,1,2,0.9,0.0,0.0,5,0.0,0,True,1746969314.7797256,right,False
2429,1746969334.690838,192.518,-6.45367,2.29785,0.221859,0.0139472,5913.98,5,49.626,1953.18,1978.15,49.3919,1,2,0.9,0.0,0.0,5,0.0,0,True,1746969314.7797256,right,False
2430,1746969334.7090719,192.565,-5.94423,2.236,0.21853,0.0153624,5911.81,5,49.646,1954.26,1979.22,49.3917,1,2,0.9,0.0,0.0,5,0.0,0,True,1746969314.7797256,right,False
2431,1746969334.731298,192.61,-5.43073,2.17835,0.215283,0.0169198,5911.74,5,49.666,1955.33,1980.29,49.3914,1,2,0.9,0.0,0.0,5,0.0,0,True,1746969314.7797256,right,False
2432,1746969334.7503104,192.657,-4.91679,2.12452,0.212118,0.0186068,5910.74,5,49.686,1956.4,1981.37,49.3911,1,2,0.9,0.0,0.0,5,0.0,0,True,1746969314.7797256,right,False
2433,1746969334.7704382,192.704,-4.40635,2.08102,0.209001,0.0203978,5908.95,5,49.706,1957.48,1982.44,49.3909,1,2,0.9,0.0,0.0,5,0.0,0,True,1746969314.7797256,right,False
2434,1746969334.7913496,192.752,-3.90593,2.04632,0.205953,0.0222632,5905.83,5,49.726,1958.55,1983.52,49.3906,1,2,0.9,0.0,0.0,5,0.0,0,True,1746969314.7797256,right,False
2435,1746969334.8101504,192.798,-3.42043,2.016,0.202946,0.0241844,5905.97,5,49.746,1959.63,1984.59,49.3903,1,2,0.9,0.0,0.0,5,0.0,0,True,1746969314.7797256,right,False
2436,1746969334.8310878,192.843,-2.95307,1.98618,0.199984,0.0261475,5905.81,5,49.766,1960.7,1985.67,49.3901,1,2,0.9,0.0,0.0,5,0.0,0,True,1746969314.7797256,right,False
2437,1746969334.849934,192.888,-2.50325,1.97508,0.197046,0.0281369,5904.58,5,49.786,1961.78,1986.74,49.3898,1,2,0.9,0.0,0.0,5,0.0,0,True,1746969314.7797256,right,False
2438,1746969334.8703086,192.932,-2.07712,1.95855,0.194128,0.0301387,5904.58,5,49.806,1962.85,1987.82,49.3895,1,2,0.9,0.0,0.0,5,0.0,0,True,1746969314.7797256,right,False
2439,1746969334.8914587,192.975,-1.67379,1.95368,0.191219,0.0321419,5904.77,5,49.826,1963.93,1988.89,49.3893,1,2,0.9,0.0,0.0,5,0.0,0,True,1746969314.7797256,right,False
2440,1746969334.9098988,193.018,-1.29432,1.95543,0.18831,0.0341365,5904.26,5,49.846,1965,1989.97,49.389,1,2,0.9,0.0,0.0,5,0.0,0,True,1746969314.7797256,right,False
2441,1746969334.9317222,193.061,-0.939677,1.96181,0.185396,0.0361125,5903.91,5,49.866,1966.08,1991.04,49.3887,1,2,0.9,0.0,0.0,5,0.0,0,True,1746969314.7797256,right,False
2442,1746969334.9499965,193.101,-0.610987,1.97342,0.182463,0.0380627,5905.13,5,49.886,1967.16,1992.12,49.3885,1,2,0.9,0.0,0.0,5,0.0,0,True,1746969314.7797256,right,False
2443,1746969334.9704878,193.142,-0.307296,1.99613,0.179513,0.0399796,5905.51,5,49.906,1968.23,1993.2,49.3882,1,2,0.9,0.0,0.0,5,0.0,0,True,1746969314.7797256,right,False
2444,1746969334.989418,193.182,-0.0290791,2.02671,0.17653,0.0418574,5905.64,5,49.926,1969.31,1994.27,49.3879,1,2,0.9,0.0,0.0,5,0.0,0,True,1746969314.7797256,right,False
2445,1746969335.0110645,193.221,0.224629,2.05733,0.173515,0.0436932,5905.86,5,49.946,1970.38,1995.35,49.3877,1,2,0.9,0.0,0.0,5,0.0,0,True,1746969314.7797256,right,False
2446,1746969335.0293484,193.26,0.453944,2.08963,0.170451,0.0454823,5907.15,5,49.966,1971.46,1996.42,49.3874,1,2,0.9,0.0,0.0,5,0.0,0,True,1746969314.7797256,right,False
2447,1746969335.0505295,193.299,0.660591,2.13118,0.167346,0.0472247,5907.05,5,49.986,1972.54,1997.5,49.3871,1,2,0.9,0.0,0.0,5,0.0,0,True,1746969314.7797256,right,False
2448,1746969335.0707,193.337,0.845572,2.17795,0.164189,0.0489184,5907.69,5,50.006,1973.61,1998.58,49.3869,1,2,0.9,0.0,0.0,5,0.0,0,True,1746969314.7797256,right,False
2449,1746969335.0919836,193.374,1.00966,2.22528,0.160978,0.0505635,5908.95,5,50.026,1974.69,1999.65,49.3866,1,2,0.9,0.0,0.0,5,0.0,0,True,1746969314.7797256,right,False
2450,1746969335.1098058,193.412,1.15504,2.276,0.157703,0.0521628,5909.89,5,50.046,1975.77,2000.73,49.3863,1,2,0.9,0.0,0.0,5,0.0,0,True,1746969314.7797256,right,False
2451,1746969335.1302354,193.449,1.28192,2.33596,0.154366,0.0537145,5910.2,5,50.066,1976.84,2001.81,49.3861,1,2,0.9,0.0,0.0,5,0.0,0,True,1746969314.7797256,right,False
2452,1746969335.1512456,193.486,1.39305,2.39608,0.150964,0.0552251,5910.74,5,50.086,1977.92,2002.89,49.3858,1,2,0.9,0.0,0.0,5,0.0,0,True,1746969314.7797256,right,False
2453,1746969335.1692631,193.522,1.49008,2.45495,0.147493,0.0566947,5912.11,5,50.106,1979,2003.96,49.3855,1,2,0.9,0.0,0.0,5,0.0,0,True,1746969314.7797256,right,False
2454,1746969335.1922688,193.558,1.57303,2.52154,0.143945,0.0581261,5912.19,5,50.126,1980.08,2005.04,49.3853,1,2,0.9,0.0,0.0,5,0.0,0,True,1746969314.7797256,right,False
2455,1746969335.210782,193.594,1.64373,2.58511,0.140324,0.0595214,5913,5,50.146,1981.15,2006.12,49.385,1,2,0.9,0.0,0.0,5,0.0,0,True,1746969314.7797256,right,False
2456,1746969335.2310634,193.63,1.70393,2.64864,0.136633,0.0608818,5913.95,5,50.166,1982.23,2007.19,49.3847,1,2,0.9,0.0,0.0,5,0.0,0,True,1746969314.7797256,right,False
2457,1746969335.251172,193.665,1.7541,2.71225,0.132861,0.0622098,5915.76,5,50.186,1983.31,2008.27,49.3845,1,2,0.9,0.0,0.0,5,0.0,0,True,1746969314.7797256,right,False
2458,1746969335.2738333,193.7,1.79539,2.77859,0.129012,0.0635092,5916.26,5,50.206,1984.38,2009.35,49.3842,1,2,0.9,0.0,0.0,5,0.0,0,True,1746969314.7797256,right,False
2459,1746969335.291305,193.735,1.82906,2.84538,0.125081,0.0647809,5916.99,5,50.226,1985.46,2010.43,49.3839,1,2,0.9,0.0,0.1,5,0.0,0,True,1746969314.7797256,right,False
2460,1746969335.310394,193.769,1.8562,2.90731,0.121073,0.0660283,5918.41,5,50.246,1986.54,2011.5,49.3837,1,2,0.9,0.0,0.1,5,0.0,0,True,1746969314.7797256,right,False
2461,1746969335.3301127,193.791,2.02637,2.96795,0.117025,0.0665156,5921.34,5,50.266,1987.62,2012.58,49.3834,1,2,0.9,0.0,0.1,5,0.0,0,True,1746969314.7797256,right,False
2462,1746969335.3513222,193.81,1.88709,3.01025,0.113021,0.0649721,5926.61,5,50.286,1988.69,2013.66,49.3831,1,2,0.9,0.0,0.1,5,0.0,0,True,1746969314.7797256,right,False
2463,1746969335.3723187,193.833,1.39863,3.03077,0.109058,0.0615928,5932.35,5,50.306,1989.77,2014.74,49.3829,1,2,0.9,0.0,0.1,5,0.0,0,True,1746969314.7797256,right,False
2464,1746969335.3894632,193.854,0.628261,3.04104,0.105155,0.0566432,5937.84,5,50.326,1990.85,2015.81,49.3826,1,2,0.9,0.0,0.1,5,0.0,0,True,1746969314.7797256,right,False
2465,1746969335.4087899,193.871,-0.360212,3.02418,0.101318,0.0503861,5944.66,5,50.346,1991.93,2016.89,49.3823,1,2,0.9,0.0,0.1,5,0.0,0,True,1746969314.7797256,right,False
2466,1746969335.4308183,193.877,-1.5117,2.98811,0.0975627,0.0430819,5953.02,5,50.366,1993.01,2017.97,49.3821,1,2,0.9,0.0,0.1,5,0.0,0,True,1746969314.7797256,right,False
2467,1746969335.4498746,193.872,-2.77357,2.93427,0.0939046,0.0349795,5962.86,5,50.386,1994.08,2019.05,49.3818,1,2,0.9,0.0,0.1,5,0.0,0,True,1746969314.7797256,right,False
2468,1746969335.4703221,193.851,-4.10434,2.85933,0.0903727,0.0263097,5975.95,5,50.406,1995.16,2020.13,49.3815,1,2,0.9,0.0,0.1,5,0.0,0,True,1746969314.7797256,right,False
2469,1746969335.4918602,193.815,-5.46635,2.76155,0.086967,0.0172726,5989.86,5,50.426,1996.24,2021.2,49.3813,1,2,0.9,0.0,0.1,5,0.0,0,True,1746969314.7797256,right,False
2470,1746969335.5089498,193.763,-6.83195,2.65039,0.0837077,0.00878685,6003.7,5,50.446,1997.32,2022.28,49.381,1,2,0.9,0.0,0.1,5,0.0,0,True,1746969314.7797256,right,False
2471,1746969335.529296,193.699,-8.18603,2.54587,0.0804952,0.00146263,6013.7,5,50.466,1998.4,2023.36,49.3807,1,2,0.9,0.0,0.1,5,0.0,0,True,1746969314.7797256,right,False
2472,1746969335.5507417,193.621,-9.52039,2.44215,0.0773112,-0.00600177,6021.53,5,50.486,1999.48,2024.44,49.3805,1,2,0.9,0.0,0.1,5,0.0,0,True,1746969314.7797256,right,False
2473,1746969335.569569,193.527,-10.8357,2.34072,0.0741781,-0.0135749,6029.67,5,50.506,2000.56,2025.52,49.3802,1,2,0.9,0.0,0.1,5,0.0,0,True,1746969314.7797256,right,False
2474,1746969335.5899053,193.422,-12.122,2.24509,0.071108,-0.021221,6034.22,5,50.526,2001.64,2026.6,49.3799,1,2,0.9,0.0,0.1,5,0.0,0,True,1746969314.7797256,right,False
2475,1746969335.6089642,193.303,-13.3808,2.16256,0.0681173,-0.0289262,6036.48,5,50.546,2002.72,2027.68,49.3797,1,2,0.9,0.0,0.1,5,0.0,0,True,1746969314.7797256,right,False
2476,1746969335.630168,193.168,-14.6182,2.08394,0.0652181,-0.0366786,6041.57,5,50.566,2003.8,2028.76,49.3794,1,2,0.9,0.0,0.1,5,0.0,0,True,1746969314.7797256,right,False
2477,1746969335.65063,193.021,-15.8308,2.00747,0.0624186,-0.0444701,6044.12,5,50.586,2004.88,2029.84,49.3791,1,2,0.9,0.0,0.1,5,0.0,0,True,1746969314.7797256,right,False
2478,1746969335.6690333,192.858,-17.0277,1.93197,0.0597331,-0.0522645,6051.89,5,50.606,2005.95,2030.92,49.3789,1,2,0.9,0.0,0.1,5,0.0,0,True,1746969314.7797256,right,False
2479,1746969335.6912615,192.683,-18.1965,1.85285,0.0571655,-0.0600417,6058.45,5,50.626,2007.03,2032,49.3786,1,2,0.9,0.0,0.1,5,0.0,0,True,1746969314.7797256,right,False
2480,1746969335.709257,192.497,-19.3399,1.77694,0.0547201,-0.0677813,6066.66,5,50.646,2008.11,2033.07,49.3783,1,2,0.9,0.0,0.1,5,0.0,0,True,1746969314.7797256,right,False
2481,1746969335.730615,192.298,-20.4661,1.6907,0.0524068,-0.0754674,6075.94,5,50.666,2009.19,2034.15,49.3781,1,2,0.9,0.0,0.1,5,0.0,0,True,1746969314.7797256,right,False
2482,1746969335.7505267,192.089,-21.5608,1.60419,0.0502238,-0.0830663,6087.03,5,50.686,2010.26,2035.23,49.3778,1,2,0.9,0.0,0.1,5,0.0,0,True,1746969314.7797256,right,False
2483,1746969335.7708356,191.868,-22.6262,1.5111,0.048173,-0.0905469,6103.03,5,50.706,2011.34,2036.3,49.3775,1,2,0.9,0.0,0.1,5,0.0,0,True,1746969314.7797256,right,False
2484,1746969335.7902565,191.639,-23.6497,1.41294,0.0462626,-0.0978521,6121.28,5,50.726,2012.41,2037.38,49.3773,1,2,0.9,0.0,0.1,5,0.0,0,True,1746969314.7797256,right,False
2485,1746969335.8113577,191.403,-24.6345,1.3054,0.0444906,-0.104951,6141.29,5,50.746,2013.49,2038.45,49.377,1,2,0.9,0.0,0.1,5,0.0,0,True,1746969314.7797256,right,False
2486,1746969335.8310807,191.168,-25.5541,1.20986,0.0428589,-0.111841,6155.84,5,50.766,2014.56,2039.53,49.3767,1,2,0.9,0.0,0.1,5,0.0,0,True,1746969314.7797256,right,False
2487,1746969335.8517022,190.932,-26.4272,1.10208,0.0413737,-0.11848,6169.07,5,50.786,2015.64,2040.6,49.3765,1,2,0.9,0.0,0.0,5,0.0,0,True,1746969314.7797256,left,False
2488,1746969335.8697684,190.693,-27.2532,0.995886,0.040035,-0.124895,6184.08,5,50.806,2016.71,2041.67,49.3762,1,2,0.9,0.0,0.0,5,0.0,0,True,1746969314.7797256,left,False
2489,1746969335.8893466,190.477,-28.0518,0.881624,0.0388346,-0.130943,6202.07,5,50.826,2017.78,2042.74,49.3759,1,2,0.9,0.0,0.0,5,0.0,0,True,1746969314.7797256,left,False
2490,1746969335.9094553,190.282,-28.7441,0.77544,0.0377604,-0.136395,6211.71,5,50.846,2018.85,2043.82,49.3757,1,2,0.9,0.0,0.0,5,0.0,0,True,1746969314.7797256,left,False
2491,1746969335.9305248,190.111,-29.3056,0.673674,0.0368225,-0.141247,6208.85,5,50.866,2019.92,2044.89,49.3754,1,2,0.9,0.0,0.0,5,0.0,0,True,1746969314.7797256,left,False
2492,1746969335.949813,189.953,-29.7537,0.565153,0.0360168,-0.145532,6203.19,5,50.886,2020.99,2045.96,49.3751,1,2,0.9,0.0,0.0,5,0.0,0,True,1746969314.7797256,left,False
2493,1746969335.9716454,189.81,-30.0855,0.463594,0.0353536,-0.149243,6199.83,5,50.906,2022.06,2047.03,49.3749,1,2,0.9,0.0,0.0,5,0.0,0,True,1746969314.7797256,left,False
2494,1746969335.9919734,189.682,-30.3151,0.348384,0.0348246,-0.152421,6197.5,5,50.926,2023.13,2048.1,49.3746,1,2,0.9,0.0,0.0,5,0.0,0,True,1746969314.7797256,left,False
2495,1746969336.0093052,189.577,-30.4274,0.249735,0.0344401,-0.155059,6184.61,5,50.946,2024.2,2049.16,49.3743,1,2,0.9,0.0,0.0,5,0.0,0,True,1746969314.7797256,left,False
2496,1746969336.029869,189.476,-30.4558,0.140834,0.0341939,-0.15718,6187.53,5,50.966,2025.27,2050.23,49.3741,1,2,0.9,0.0,0.0,5,0.0,0,True,1746969314.7797256,left,False
2497,1746969336.0494676,189.39,-30.3702,0.0314556,0.0340922,-0.158759,6191.61,5,50.986,2026.34,2051.3,49.3738,1,2,0.9,0.0,0.0,5,0.0,0,True,1746969314.7797256,left,False
2498,1746969336.0698338,189.327,-30.1887,-0.0700234,0.0341288,-0.159822,6185.59,5,51.006,2027.4,2052.37,49.3735,1,2,0.9,0.0,0.0,5,0.0,0,True,1746969314.7797256,left,False
2499,1746969336.092266,189.282,-29.9107,-0.179648,0.0343079,-0.160361,6181.25,5,51.026,2028.47,2053.43,49.3733,1,2,0.9,0.0,0.0,5,0.0,0,True,1746969314.7797256,left,False
2500,1746969336.1090393,189.252,-29.5328,-0.281738,0.0346293,-0.160378,6177.95,5,51.046,2029.54,2054.5,49.373,1,2,0.9,0.0,0.0,5,0.0,0,True,1746969314.7797256,left,False
2501,1746969336.1314692,189.237,-29.0604,-0.3887,0.0350891,-0.159861,6178.38,5,51.066,2030.6,2055.57,49.3727,1,2,0.9,0.0,0.0,5,0.0,0,True,1746969314.7797256,left,False
2502,1746969336.1500356,189.241,-28.4851,-0.490929,0.0356913,-0.158816,6174.78,5,51.086,2031.67,2056.63,49.3725,1,2,0.9,0.0,0.0,5,0.0,0,True,1746969314.7797256,left,False
2503,1746969336.1697013,189.259,-27.8175,-0.584768,0.0364298,-0.157249,6170.96,5,51.106,2032.73,2057.7,49.3722,1,2,0.9,0.0,0.0,5,0.0,0,True,1746969314.7797256,left,False
2504,1746969336.189005,189.294,-27.0635,-0.689558,0.0373047,-0.155173,6166.63,5,51.126,2033.8,2058.76,49.3719,1,2,0.9,0.0,0.0,5,0.0,0,True,1746969314.7797256,left,False
2505,1746969336.210522,189.341,-26.2174,-0.788856,0.0383118,-0.152572,6165.72,5,51.146,2034.86,2059.82,49.3717,1,2,0.9,0.0,0.0,5,0.0,0,True,1746969314.7797256,left,False
2506,1746969336.2292392,189.405,-25.2808,-0.881589,0.0394491,-0.149457,6158.78,5,51.166,2035.92,2060.89,49.3714,1,2,0.9,0.0,0.0,5,0.0,0,True,1746969314.7797256,left,False
2507,1746969336.2496526,189.485,-24.2584,-0.974329,0.0407186,-0.145846,6148.24,5,51.186,2036.99,2061.95,49.3711,1,2,0.9,0.0,0.0,5,0.0,0,True,1746969314.7797256,left,False
2508,1746969336.2708447,189.574,-23.1661,-1.08159,0.0421061,-0.141754,6141.6,5,51.206,2038.05,2063.01,49.3709,1,2,0.9,0.0,0.0,5,0.0,0,True,1746969314.7797256,left,False
2509,1746969336.292303,189.68,-21.9864,-1.16512,0.0436157,-0.137188,6123.55,5,51.226,2039.11,2064.08,49.3706,1,2,0.9,0.0,0.0,5,0.0,0,True,1746969314.7797256,left,False
2510,1746969336.3106606,189.791,-20.7425,-1.26021,0.0452393,-0.13216,6108.7,5,51.246,2040.18,2065.14,49.3703,1,2,0.9,0.0,0.0,5,0.0,0,True,1746969314.7797256,left,False
2511,1746969336.331144,189.918,-19.4329,-1.34236,0.0469706,-0.12671,6082.02,5,51.266,2041.24,2066.2,49.3701,1,2,0.9,0.0,0.0,5,0.0,0,True,1746969314.7797256,left,False
2512,1746969336.3511848,190.053,-18.0624,-1.41683,0.0488017,-0.120855,6051.6,5,51.286,2042.3,2067.27,49.3698,1,2,0.9,0.0,0.0,5,0.0,0,True,1746969314.7797256,left,False
2513,1746969336.3692782,190.188,-16.6533,-1.49381,0.0507263,-0.114646,6024,5,51.306,2043.36,2068.33,49.3695,1,2,0.9,0.0,0.0,5,0.0,0,True,1746969314.7797256,left,False
2514,1746969336.3914726,190.323,-15.213,-1.5591,0.0527303,-0.108126,5996.88,5,51.326,2044.43,2069.39,49.3693,1,2,0.9,0.0,0.0,5,0.0,0,True,1746969314.7797256,left,False
2515,1746969336.4095678,190.457,-13.7579,-1.62416,0.0548014,-0.101354,5970.55,5,51.346,2045.49,2070.45,49.369,1,2,0.9,0.0,0.0,5,0.0,0,True,1746969314.7797256,left,False
2516,1746969336.4305828,190.588,-12.2975,-1.67585,0.0569295,-0.0943731,5944.22,5,51.366,2046.55,2071.52,49.3687,1,2,0.9,0.0,0.0,5,0.0,0,True,1746969314.7797256,left,False
2517,1746969336.4507773,190.712,-10.8541,-1.71764,0.0591064,-0.0872501,5921.6,5,51.386,2047.62,2072.58,49.3685,1,2,0.9,0.0,0.0,5,0.0,0,True,1746969314.7797256,left,False
2518,1746969336.4701016,190.825,-9.44735,-1.76199,0.0613017,-0.0800508,5906.04,5,51.406,2048.68,2073.65,49.3682,1,2,0.9,0.0,0.0,5,0.0,0,True,1746969314.7797256,left,False
2519,1746969336.4908257,190.935,-8.08265,-1.78515,0.063505,-0.0728324,5888.42,5,51.426,2049.75,2074.71,49.3679,1,2,0.9,0.0,0.0,5,0.0,0,True,1746969314.7797256,left,False
2520,1746969336.5094423,191.033,-6.78278,-1.79127,0.0656921,-0.065656,5877.09,5,51.446,2050.81,2075.77,49.3676,1,2,0.9,0.0,0.0,5,0.0,0,True,1746969314.7797256,left,False
2521,1746969336.5305648,191.123,-5.55807,-1.79047,0.0678406,-0.0585712,5868.25,5,51.466,2051.88,2076.84,49.3674,1,2,0.9,0.0,0.0,5,0.0,0,True,1746969314.7797256,left,False
2522,1746969336.550198,191.206,-4.41581,-1.77302,0.06993,-0.0516217,5860.42,5,51.486,2052.94,2077.91,49.3671,1,2,0.9,0.0,0.0,5,0.0,0,True,1746969314.7797256,left,False
2523,1746969336.5692644,191.281,-3.36532,-1.73609,0.0719381,-0.0448459,5855.69,5,51.506,2054.01,2078.97,49.3668,1,2,0.9,0.0,0.0,5,0.0,0,True,1746969314.7797256,left,False
2524,1746969336.5904942,191.351,-2.40868,-1.67929,0.0738403,-0.0382646,5851.99,5,51.526,2055.07,2080.04,49.3666,1,2,0.9,0.0,0.0,5,0.0,0,True,1746969314.7797256,left,False
2525,1746969336.6091044,191.415,-1.54879,-1.60404,0.0756246,-0.0319021,5849.5,5,51.546,2056.14,2081.1,49.3663,1,2,0.9,0.0,0.0,5,0.0,0,True,1746969314.7797256,left,False
2526,1746969336.6297467,191.474,-0.784184,-1.51632,0.0772603,-0.0257681,5849.12,5,51.566,2057.21,2082.17,49.366,1,2,0.9,0.0,0.0,5,0.0,0,True,1746969314.7797256,left,False
2527,1746969336.651427,191.53,-0.111974,-1.40008,0.0787374,-0.019872,5848.25,5,51.586,2058.28,2083.24,49.3658,1,2,0.9,0.0,0.0,5,0.0,0,True,1746969314.7797256,left,False
2528,1746969336.6702294,191.583,0.471503,-1.2731,0.0800313,-0.0142148,5848.03,5,51.606,2059.34,2084.31,49.3655,1,2,0.9,0.0,0.0,5,0.0,0,True,1746969314.7797256,left,False
2529,1746969336.6914387,191.634,0.971291,-1.12805,0.081132,-0.00879413,5848.08,5,51.626,2060.41,2085.38,49.3652,1,2,0.9,0.0,0.0,5,0.0,0,True,1746969314.7797256,left,False
2530,1746969336.7099998,191.683,1.39281,-0.96326,0.0820251,-0.00360853,5848.53,5,51.646,2061.48,2086.45,49.365,1,2,0.9,0.0,0.0,5,0.0,0,True,1746969314.7797256,left,False
2531,1746969336.729665,191.73,1.74138,-0.786378,0.0826986,0.00134915,5849.29,5,51.666,2062.55,2087.52,49.3647,1,2,0.9,0.0,0.0,5,0.0,0,True,1746969314.7797256,left,False
2532,1746969336.7502046,191.776,2.02348,-0.597582,0.0831401,0.00608509,5849.94,5,51.686,2063.62,2088.59,49.3644,1,2,0.9,0.0,0.0,5,0.0,0,True,1746969314.7797256,left,False
2533,1746969336.7688396,191.821,2.24612,-0.406259,0.0833455,0.0106122,5851.73,5,51.706,2064.69,2089.66,49.3642,1,2,0.9,0.0,0.0,5,0.0,0,True,1746969314.7797256,left,False
2534,1746969336.7896352,191.867,2.41457,-0.195021,0.0833069,0.0149433,5852.17,5,51.726,2065.76,2090.73,49.3639,1,2,0.9,0.0,0.0,5,0.0,0,True,1746969314.7797256,left,False
2535,1746969336.8101726,191.911,2.53584,0.0274965,0.08302,0.0190932,5852.34,5,51.746,2066.83,2091.8,49.3636,1,2,0.9,0.0,0.0,5,0.0,0,True,1746969314.7797256,left,False
2536,1746969336.8303406,191.955,2.6181,0.239419,0.0824788,0.0230767,5853.63,5,51.766,2067.9,2092.87,49.3634,1,2,0.9,0.0,0.0,5,0.0,0,True,1746969314.7797256,left,False
2537,1746969336.8507845,191.998,2.66531,0.465399,0.0816813,0.0269119,5854.63,5,51.786,2068.97,2093.94,49.3631,1,2,0.9,0.0,0.0,5,0.0,0,True,1746969314.7797256,left,False
2538,1746969336.8710084,192.041,2.68398,0.691315,0.0806274,0.030616,5855.39,5,51.806,2070.05,2095.01,49.3628,1,2,0.9,0.0,0.0,5,0.0,0,True,1746969314.7797256,left,False
2539,1746969336.8903315,192.084,2.68035,0.917581,0.0793152,0.0342061,5856.13,5,51.826,2071.12,2096.08,49.3626,1,2,0.9,0.0,0.0,5,0.0,0,True,1746969314.7797256,left,False
2540,1746969336.9108033,192.126,2.66001,1.1402,0.0777446,0.0377032,5857.26,5,51.846,2072.19,2097.15,49.3623,1,2,0.9,0.0,0.0,5,0.0,0,True,1746969314.7797256,left,False
2541,1746969336.9297602,192.168,2.62549,1.3629,0.0759176,0.0411202,5857.64,5,51.866,2073.26,2098.22,49.362,1,2,0.9,0.0,0.0,5,0.0,0,True,1746969314.7797256,left,False
2542,1746969336.9493222,192.208,2.58228,1.57444,0.0738342,0.0444714,5860.1,5,51.886,2074.33,2099.29,49.3618,1,2,0.9,0.0,0.0,5,0.0,0,True,1746969314.7797256,left,False
2543,1746969336.9724057,192.249,2.53324,1.78316,0.0714925,0.0477731,5860.36,5,51.906,2075.4,2100.37,49.3615,1,2,0.9,0.0,0.0,5,0.0,0,True,1746969314.7797256,left,False
2544,1746969336.9905033,192.288,2.48057,1.99175,0.0689046,0.0510318,5861.76,5,51.926,2076.47,2101.44,49.3612,1,2,0.9,0.0,0.0,5,0.0,0,True,1746969314.7797256,left,False
2545,1746969337.0124364,192.327,2.42569,2.19138,0.0660604,0.0542566,5863.61,5,51.946,2077.54,2102.51,49.361,1,2,0.9,0.0,0.0,5,0.0,0,True,1746969314.7797256,left,False
2546,1746969337.031204,192.366,2.37087,2.38421,0.0629679,0.0574567,5864.79,5,51.966,2078.62,2103.58,49.3607,1,2,0.9,0.0,0.0,5,0.0,0,True,1746969314.7797256,right,False
2547,1746969337.0503764,192.404,2.31676,2.57117,0.0596293,0.0606353,5866.34,5,51.986,2079.69,2104.65,49.3604,1,2,0.9,0.0,0.0,5,0.0,0,True,1746969314.7797256,right,False
2548,1746969337.0713117,192.441,2.26421,2.75923,0.0560425,0.0638024,5867.71,5,52.006,2080.76,2105.72,49.3602,1,2,0.9,0.0,0.0,5,0.0,0,True,1746969314.7797256,right,False
2549,1746969337.089479,192.478,2.21428,2.93716,0.0522115,0.0669596,5868.44,5,52.026,2081.83,2106.79,49.3599,1,2,0.9,0.0,0.0,5,0.0,0,True,1746969314.7797256,right,False
2550,1746969337.1103606,192.514,2.16787,3.11306,0.0481384,0.0701119,5870.66,5,52.046,2082.9,2107.86,49.3596,1,2,0.9,0.0,0.0,5,0.0,0,True,1746969314.7797256,right,False
2551,1746969337.1323025,192.549,2.12336,3.28759,0.0438192,0.0732571,5871.48,5,52.066,2083.97,2108.93,49.3594,1,2,0.9,0.0,0.0,5,0.0,0,True,1746969314.7797256,right,False
2552,1746969337.1524646,192.585,2.08177,3.46314,0.0392639,0.0764009,5872.02,5,52.086,2085.04,2110,49.3591,1,2,0.9,0.0,0.0,5,0.0,0,True,1746969314.7797256,right,False
2553,1746969337.1690834,192.618,2.04448,3.62489,0.0344666,0.0795447,5873.57,5,52.106,2086.11,2111.07,49.3588,1,2,0.9,0.0,0.0,5,0.0,0,True,1746969314.7797256,right,False
2554,1746969337.1896737,192.652,2.00942,3.79171,0.0294312,0.082688,5874.97,5,52.126,2087.18,2112.14,49.3586,1,2,0.9,0.0,0.0,5,0.0,0,True,1746969314.7797256,right,False
2555,1746969337.2094338,192.685,1.97723,3.95931,0.0241597,0.0858323,5875.26,5,52.146,2088.25,2113.21,49.3583,1,2,0.9,0.0,0.0,5,0.0,0,True,1746969314.7797256,right,False
2556,1746969337.2296062,192.717,1.9479,4.1239,0.0186503,0.0889794,5876.9,5,52.166,2089.31,2114.28,49.358,1,2,0.9,0.0,0.0,5,0.0,0,True,1746969314.7797256,right,False
2557,1746969337.2502027,192.749,1.92146,4.28189,0.0129069,0.0921265,5878.38,5,52.186,2090.38,2115.35,49.3578,1,2,0.9,0.0,0.0,5,0.0,0,True,1746969314.7797256,right,False
2558,1746969337.2710514,192.78,1.8973,4.4405,0.00692952,0.0952756,5879.15,5,52.206,2091.45,2116.42,49.3575,1,2,0.9,0.0,0.0,5,0.0,0,True,1746969314.7797256,right,False
2559,1746969337.2917812,192.811,1.87488,4.59993,0.00071818,0.0984256,5880.3,5,52.226,2092.52,2117.48,49.3572,1,2,0.9,0.0,0.0,5,0.0,0,True,1746969314.7797256,right,False
2560,1746969337.3108647,192.841,1.85444,4.76795,-0.0057251,0.101575,5880.79,5,52.246,2093.58,2118.55,49.357,1,2,0.9,0.0,0.0,5,0.0,0,True,1746969314.7797256,right,False
2561,1746969337.3291016,192.87,1.83591,4.92751,-0.0124023,0.104726,5882.23,5,52.266,2094.65,2119.62,49.3567,1,2,0.9,0.0,0.0,5,0.0,0,True,1746969314.7797256,right,False
2562,1746969337.3507142,192.899,1.81777,5.08985,-0.0193115,0.107875,5882.78,5,52.286,2095.72,2120.68,49.3564,1,2,0.9,0.0,0.0,5,0.0,0,True,1746969314.7797256,right,False
2563,1746969337.369358,192.926,1.80142,5.25102,-0.0264526,0.111021,5884.48,5,52.306,2096.78,2121.75,49.3562,1,2,0.9,0.0,0.0,5,0.0,0,True,1746969314.7797256,right,False
2564,1746969337.389942,192.954,1.78636,5.41505,-0.0338216,0.114167,5884.36,5,52.326,2097.85,2122.81,49.3559,1,2,0.9,0.0,0.0,5,0.0,0,True,1746969314.7797256,right,False
2565,1746969337.4104774,192.981,1.77225,5.57944,-0.0414225,0.117314,5885.54,5,52.346,2098.91,2123.88,49.3556,1,2,0.9,0.0,0.0,5,0.0,0,True,1746969314.7797256,right,False
2566,1746969337.4309397,193.007,1.76005,5.74041,-0.0492533,0.12046,5886.64,5,52.366,2099.97,2124.94,49.3554,1,2,0.9,0.0,0.0,5,0.0,0,True,1746969314.7797256,right,False
2567,1746969337.4515631,193.033,1.74833,5.90638,-0.057312,0.123604,5886.99,5,52.386,2101.04,2126,49.3551,1,2,0.9,0.0,0.0,5,0.0,0,True,1746969314.7797256,right,False
2568,1746969337.4695756,193.058,1.73714,6.06816,-0.0656006,0.126745,5887.88,5,52.406,2102.1,2127.06,49.3548,1,2,0.9,0.0,0.0,5,0.0,0,True,1746969314.7797256,right,False
2569,1746969337.4905071,193.082,1.72729,6.23011,-0.074117,0.129885,5888.5,5,52.426,2103.16,2128.12,49.3546,1,2,0.9,0.0,0.0,5,0.0,0,True,1746969314.7797256,right,False
2570,1746969337.5099313,193.106,1.7182,6.38861,-0.0828573,0.133025,5889.96,5,52.446,2104.22,2129.19,49.3543,1,2,0.9,0.0,0.0,5,0.0,0,True,1746969314.7797256,right,False
2571,1746969337.5297143,193.129,1.70975,6.55134,-0.0918274,0.136164,5890.21,5,52.466,2105.28,2130.24,49.354,1,2,0.9,0.0,0.0,5,0.0,0,True,1746969314.7797256,right,False
2572,1746969337.5496845,193.151,1.70205,6.71638,-0.101025,0.1393,5891.57,5,52.486,2106.34,2131.3,49.3538,1,2,0.9,0.0,0.0,5,0.0,0,True,1746969314.7797256,right,False
2573,1746969337.5691504,193.174,1.69402,6.88476,-0.110449,0.142433,5891.03,5,52.506,2107.4,2132.36,49.3535,1,2,0.9,0.0,0.0,5,0.0,0,True,1746969314.7797256,right,False
2574,1746969337.5918615,193.196,1.68711,7.04767,-0.120099,0.145564,5891.91,5,52.526,2108.46,2133.42,49.3532,1,2,0.9,0.0,0.0,5,0.0,0,True,1746969314.7797256,right,False
2575,1746969337.6094284,193.216,1.68158,7.20908,-0.129974,0.148697,5893.1,5,52.546,2109.51,2134.48,49.353,1,2,0.9,0.0,0.0,5,0.0,0,True,1746969314.7797256,right,False
2576,1746969337.6291091,193.238,1.67528,7.38133,-0.140074,0.151827,5892.09,5,52.566,2110.57,2135.53,49.3527,1,2,0.9,0.0,0.0,5,0.0,0,True,1746969314.7797256,right,False
2577,1746969337.651648,193.257,1.67047,7.549,-0.150399,0.154957,5893.26,5,52.586,2111.62,2136.59,49.3524,1,2,0.9,0.0,0.0,5,0.0,0,True,1746969314.7797256,right,False
2578,1746969337.6706524,193.276,1.66691,7.71471,-0.160948,0.15809,5894.51,5,52.606,2112.68,2137.64,49.3522,1,2,0.9,0.0,0.0,5,0.0,0,True,1746969314.7797256,right,False
2579,1746969337.6898973,193.295,1.66428,7.88162,-0.17172,0.161223,5893.92,5,52.626,2113.73,2138.69,49.3519,1,2,0.9,0.0,0.0,5,0.0,0,True,1746969314.7797256,right,False
2580,1746969337.7120006,193.313,1.66321,8.04827,-0.182719,0.164361,5894.71,5,52.646,2114.78,2139.75,49.3516,1,2,0.9,0.0,0.0,5,0.0,0,True,1746969314.7797256,right,False
2581,1746969337.7316256,193.33,1.66315,8.20675,-0.193939,0.1675,5895.39,5,52.666,2115.83,2140.8,49.3514,1,2,0.9,0.0,0.1,5,0.0,0,True,1746969314.7797256,right,False
2582,1746969337.7514486,193.347,1.66415,8.37578,-0.205381,0.170641,5895.86,5,52.686,2116.88,2141.85,49.3511,1,2,0.9,0.0,0.1,5,0.0,0,True,1746969314.7797256,right,False
2583,1746969337.7692146,193.35,1.83012,8.53085,-0.217,0.172972,5898.09,5,52.706,2117.93,2142.89,49.3508,1,2,0.9,0.0,0.1,5,0.0,0,True,1746969314.7797256,right,False
2584,1746969337.7893584,193.349,1.66586,8.66855,-0.228707,0.173103,5901.9,5,52.726,2118.98,2143.94,49.3506,1,2,0.9,0.0,0.1,5,0.0,0,True,1746969314.7797256,right,False
2585,1746969337.810501,193.35,1.12883,8.78442,-0.240495,0.171263,5906.5,5,52.746,2120.03,2144.99,49.3503,1,2,0.9,0.0,0.1,5,0.0,0,True,1746969314.7797256,right,False
2586,1746969337.829745,193.349,0.297871,8.87274,-0.252356,0.167764,5912.08,5,52.766,2121.07,2146.04,49.35,1,2,0.9,0.0,0.1,5,0.0,0,True,1746969314.7797256,right,False
2587,1746969337.850819,193.342,-0.754744,8.94208,-0.264274,0.162894,5918.12,5,52.786,2122.12,2147.08,49.3498,1,2,0.9,0.0,0.1,5,0.0,0,True,1746969314.7797256,right,False
2588,1746969337.8696058,193.323,-1.96721,8.99496,-0.276231,0.156939,5924.58,5,52.806,2123.16,2148.13,49.3495,1,2,0.9,0.0,0.1,5,0.0,0,True,1746969314.7797256,right,False
2589,1746969337.8893962,193.29,-3.2843,9.02347,-0.288204,0.150182,5932.98,5,52.826,2124.21,2149.17,49.3492,1,2,0.9,0.0,0.1,5,0.0,0,True,1746969314.7797256,right,False
2590,1746969337.9095721,193.24,-4.66214,9.02281,-0.300175,0.142877,5944.35,5,52.846,2125.25,2150.21,49.349,1,2,0.9,0.0,0.1,5,0.0,0,True,1746969314.7797256,right,False
2591,1746969337.931551,193.173,-6.0593,9.01246,-0.312124,0.135242,5957.2,5,52.866,2126.29,2151.26,49.3487,1,2,0.9,0.0,0.1,5,0.0,0,True,1746969314.7797256,right,False
2592,1746969337.9494429,193.087,-7.44967,8.97227,-0.32404,0.127471,5974.32,5,52.886,2127.34,2152.3,49.3484,1,2,0.9,0.0,0.1,5,0.0,0,True,1746969314.7797256,right,False
2593,1746969337.9722977,192.987,-8.80486,8.91891,-0.335905,0.119669,5989.34,5,52.906,2128.38,2153.34,49.3482,1,2,0.9,0.0,0.1,5,0.0,0,True,1746969314.7797256,right,False
2594,1746969337.9917796,192.871,-10.1259,8.84923,-0.347705,0.111911,6006.96,5,52.926,2129.42,2154.38,49.3479,1,2,0.9,0.0,0.1,5,0.0,0,True,1746969314.7797256,right,False
2595,1746969338.0104003,192.743,-11.3994,8.77129,-0.359436,0.104248,6024.35,5,52.946,2130.46,2155.42,49.3476,1,2,0.9,0.0,0.1,5,0.0,0,True,1746969314.7797256,right,False
2596,1746969338.0299385,192.603,-12.6276,8.68057,-0.371084,0.0966985,6041.03,5,52.966,2131.5,2156.46,49.3474,1,2,0.9,0.0,0.1,5,0.0,0,True,1746969314.7797256,right,False
2597,1746969338.050603,192.454,-13.8098,8.59026,-0.38264,0.0892474,6055.36,5,52.986,2132.53,2157.5,49.3471,1,2,0.9,0.0,0.1,5,0.0,0,True,1746969314.7797256,right,False
2598,1746969338.0704732,192.3,-14.9545,8.48893,-0.394094,0.0818803,6062.12,5,53.006,2133.57,2158.54,49.3468,1,2,0.9,0.0,0.1,5,0.0,0,True,1746969314.7797256,right,False
2599,1746969338.091498,192.137,-16.0625,8.38721,-0.405444,0.0745751,6066.65,5,53.026,2134.61,2159.57,49.3466,1,2,0.9,0.0,0.1,5,0.0,0,True,1746969314.7797256,right,False
2600,1746969338.1093476,191.965,-17.1451,8.28593,-0.416679,0.0673005,6068.78,5,53.046,2135.65,2160.61,49.3463,1,2,0.9,0.0,0.1,5,0.0,0,True,1746969314.7797256,right,False
2601,1746969338.1299593,191.783,-18.2064,8.1732,-0.427791,0.0600707,6073.75,5,53.066,2136.68,2161.65,49.346,1,2,0.9,0.0,0.1,5,0.0,0,True,1746969314.7797256,right,False
2602,1746969338.1508286,191.594,-19.2338,8.06825,-0.438778,0.0528981,6074.54,5,53.086,2137.72,2162.68,49.3458,1,2,0.9,0.0,0.1,5,0.0,0,True,1746969314.7797256,right,False
2603,1746969338.170116,191.393,-20.2451,7.95463,-0.449632,0.0457684,6081.34,5,53.106,2138.75,2163.71,49.3455,1,2,0.9,0.0,0.1,5,0.0,0,True,1746969314.7797256,right,False
2604,1746969338.1922495,191.188,-21.2247,7.84584,-0.46035,0.0386988,6081.27,5,53.126,2139.78,2164.75,49.3452,1,2,0.9,0.0,0.1,5,0.0,0,True,1746969314.7797256,right,False
2605,1746969338.2119148,190.974,-22.1797,7.73461,-0.470929,0.031696,6083.61,5,53.146,2140.82,2165.78,49.345,1,2,0.9,0.0,0.1,5,0.0,0,True,1746969314.7797256,right,False
2606,1746969338.2314641,190.747,-23.1118,7.61834,-0.481362,0.0247909,6096.03,5,53.166,2141.85,2166.81,49.3447,1,2,0.9,0.0,0.1,5,0.0,0,True,1746969314.7797256,right,False
2607,1746969338.2501206,190.516,-24.0075,7.5019,-0.491652,0.0180232,6104.93,5,53.186,2142.88,2167.84,49.3444,1,2,0.9,0.0,0.1,5,0.0,0,True,1746969314.7797256,right,False
2608,1746969338.270655,190.279,-24.863,7.38373,-0.501792,0.0114185,6118.02,5,53.206,2143.91,2168.87,49.3442,1,2,0.9,0.0,0.1,5,0.0,0,True,1746969314.7797256,right,False
2609,1746969338.2916815,190.042,-25.6751,7.26305,-0.51178,0.00500315,6126.99,5,53.226,2144.94,2169.9,49.3439,1,2,0.9,0.0,0.1,5,0.0,0,True,1746969314.7797256,right,False
2610,1746969338.3102837,189.802,-26.44,7.143,-0.521613,-0.00120002,6138.64,5,53.246,2145.97,2170.93,49.3436,1,2,0.9,0.0,0.1,5,0.0,0,True,1746969314.7797256,right,False
2611,1746969338.3298812,189.559,-27.1552,7.02193,-0.531289,-0.00718385,6154.52,5,53.266,2146.99,2171.96,49.3433,1,2,0.9,0.0,0.1,5,0.0,0,True,1746969314.7797256,right,False
2612,1746969338.351118,189.32,-27.813,6.89858,-0.540808,-0.0128983,6166.2,5,53.286,2148.02,2172.98,49.3431,1,2,0.9,0.0,0.1,5,0.0,0,True,1746969314.7797256,right,False
2613,1746969338.3716955,189.082,-28.4189,6.77831,-0.550169,-0.0183714,6180,5,53.306,2149.04,2174.01,49.3428,1,2,0.9,0.0,0.1,5,0.0,0,True,1746969314.7797256,right,False
2614,1746969338.390379,188.844,-28.9713,6.6471,-0.559367,-0.0235303,6199.58,5,53.326,2150.07,2175.03,49.3425,1,2,0.9,0.0,0.1,5,0.0,0,True,1746969314.7797256,right,False
2615,1746969338.40959,188.612,-29.4544,6.51916,-0.568406,-0.0283797,6217.48,5,53.346,2151.09,2176.06,49.3423,1,2,0.9,0.0,0.1,5,0.0,0,True,1746969314.7797256,right,False
2616,1746969338.4301832,188.391,-29.8703,6.39826,-0.577285,-0.0329183,6229.73,5,53.366,2152.11,2177.08,49.342,1,2,0.9,0.0,0.1,5,0.0,0,True,1746969314.7797256,right,False
2617,1746969338.4499202,188.177,-30.2253,6.2745,-0.585999,-0.0371626,6241.48,5,53.386,2153.14,2178.1,49.3417,1,2,0.9,0.0,0.1,5,0.0,0,True,1746969314.7797256,right,False
2618,1746969338.4698718,187.973,-30.5195,6.14615,-0.594545,-0.0410932,6250.58,5,53.406,2154.16,2179.12,49.3415,1,2,0.9,0.0,0.1,5,0.0,0,True,1746969314.7797256,right,False
2619,1746969338.490671,187.77,-30.7532,6.01622,-0.602928,-0.0446828,6267.61,5,53.426,2155.18,2180.14,49.3412,1,2,0.9,0.0,0.1,5,0.0,0,True,1746969314.7797256,right,False
2620,1746969338.5092456,187.585,-30.9099,5.89342,-0.611141,-0.0479286,6278.33,5,53.446,2156.19,2181.16,49.3409,1,2,0.9,0.0,0.1,5,0.0,0,True,1746969314.7797256,right,False
2621,1746969338.5300815,187.407,-31.003,5.7728,-0.619189,-0.0508378,6288.55,5,53.466,2157.21,2182.18,49.3407,1,2,0.9,0.0,0.1,5,0.0,0,True,1746969314.7797256,right,False
2622,1746969338.5504932,187.239,-31.0269,5.6479,-0.627069,-0.0533841,6302.24,5,53.486,2158.23,2183.19,49.3404,1,2,0.9,0.0,0.1,5,0.0,0,True,1746969314.7797256,right,False
2623,1746969338.5696225,187.087,-30.9731,5.52489,-0.63478,-0.0555356,6310.4,5,53.506,2159.24,2184.21,49.3401,1,2,0.9,0.0,0.1,5,0.0,0,True,1746969314.7797256,right,False
2624,1746969338.590077,186.945,-30.8537,5.40156,-0.642322,-0.0573209,6322.08,5,53.526,2160.26,2185.22,49.3399,1,2,0.9,0.0,0.1,5,0.0,0,True,1746969314.7797256,right,False
2625,1746969338.6089315,186.817,-30.6678,5.27666,-0.649695,-0.0587419,6329.55,5,53.546,2161.27,2186.24,49.3396,1,2,0.9,0.0,0.1,5,0.0,0,True,1746969314.7797256,right,False
2626,1746969338.6294336,186.703,-30.4059,5.15472,-0.656899,-0.0597971,6337.51,5,53.566,2162.28,2187.25,49.3393,1,2,0.9,0.0,0.1,5,0.0,0,True,1746969314.7797256,right,False
2627,1746969338.6494503,186.6,-30.0768,5.03165,-0.663932,-0.0604618,6348.14,5,53.586,2163.3,2188.26,49.3391,1,2,0.9,0.0,0.1,5,0.0,0,True,1746969314.7797256,right,False
2628,1746969338.6708403,186.51,-29.6871,4.90598,-0.670799,-0.0607703,6355.3,5,53.606,2164.31,2189.27,49.3388,1,2,0.9,0.0,0.1,5,0.0,0,True,1746969314.7797256,right,False
2629,1746969338.6895232,186.438,-29.2244,4.78556,-0.677494,-0.060726,6357.01,5,53.626,2165.32,2190.28,49.3385,1,2,0.9,0.0,0.1,5,0.0,0,True,1746969314.7797256,right,False
2630,1746969338.710256,186.376,-28.7022,4.66646,-0.684025,-0.0603445,6359.28,5,53.646,2166.33,2191.29,49.3383,1,2,0.9,0.0,0.1,5,0.0,0,True,1746969314.7797256,right,False
2631,1746969338.7289119,186.331,-28.113,4.55091,-0.690387,-0.0596154,6353.36,5,53.666,2167.33,2192.3,49.338,1,2,0.9,0.0,0.1,5,0.0,0,True,1746969314.7797256,right,False
2632,1746969338.7491827,186.297,-27.4806,4.43006,-0.696584,-0.0586036,6346.51,5,53.686,2168.34,2193.31,49.3377,1,2,0.9,0.0,0.1,5,0.0,0,True,1746969314.7797256,right,False
2633,1746969338.7708788,186.269,-26.8012,4.30445,-0.702618,-0.0572875,6346.37,5,53.706,2169.35,2194.31,49.3375,1,2,0.9,0.0,0.1,5,0.0,0,True,1746969314.7797256,right,False
2634,1746969338.7889934,186.256,-26.0699,4.18853,-0.708492,-0.0557144,6336.06,5,53.726,2170.35,2195.32,49.3372,1,2,0.9,0.0,0.1,5,0.0,0,True,1746969314.7797256,right,False
2635,1746969338.8100986,186.251,-25.3004,4.06801,-0.714203,-0.0538843,6325.53,5,53.746,2171.36,2196.32,49.3369,1,2,0.9,0.0,0.1,5,0.0,0,True,1746969314.7797256,right,False
2636,1746969338.8296595,186.255,-24.4884,3.95044,-0.719755,-0.0518048,6311.45,5,53.766,2172.36,2197.33,49.3367,1,2,0.9,0.0,0.1,5,0.0,0,True,1746969314.7797256,right,False
2637,1746969338.849592,186.265,-23.6416,3.83303,-0.725151,-0.0494927,6299.97,5,53.786,2173.37,2198.33,49.3364,1,2,0.9,0.0,0.1,5,0.0,0,True,1746969314.7797256,right,False
2638,1746969338.8699102,186.28,-22.7675,3.71346,-0.730398,-0.0469673,6288.55,5,53.806,2174.37,2199.34,49.3361,1,2,0.9,0.0,0.1,5,0.0,0,True,1746969314.7797256,right,False
2639,1746969338.893014,186.31,-21.8514,3.60239,-0.735492,-0.0442422,6263.37,5,53.826,2175.37,2200.34,49.3359,1,2,0.9,0.0,0.1,5,0.0,0,True,1746969314.7797256,right,False
2640,1746969338.9094832,186.336,-20.9174,3.48904,-0.740438,-0.0413383,6251.12,5,53.846,2176.38,2201.34,49.3356,1,2,0.9,0.0,0.1,5,0.0,0,True,1746969314.7797256,right,False
2641,1746969338.9313297,186.372,-19.9604,3.37987,-0.745237,-0.0382693,6232.21,5,53.866,2177.38,2202.34,49.3353,1,2,0.9,0.0,0.1,5,0.0,0,True,1746969314.7797256,right,False
2642,1746969338.9506629,186.416,-18.9838,3.27682,-0.749896,-0.0350564,6204.77,5,53.886,2178.38,2203.34,49.3351,1,2,0.9,0.0,0.1,5,0.0,0,True,1746969314.7797256,right,False
2643,1746969338.9705422,186.462,-17.9997,3.16886,-0.754419,-0.0317405,6181.16,5,53.906,2179.38,2204.34,49.3348,1,2,0.9,0.0,0.1,5,0.0,0,True,1746969314.7797256,right,False
2644,1746969338.9898987,186.506,-17.0177,3.07173,-0.758803,-0.028374,6156.04,5,53.926,2180.38,2205.35,49.3345,1,2,0.9,0.0,0.1,5,0.0,0,True,1746969314.7797256,right,False
2645,1746969339.0093534,186.554,-16.0374,2.97068,-0.763062,-0.0249508,6132.72,5,53.946,2181.38,2206.35,49.3343,1,2,0.9,0.0,0.1,5,0.0,0,True,1746969314.7797256,right,False
2646,1746969339.0305228,186.606,-15.0767,2.88205,-0.767196,-0.0215705,6100.72,5,53.966,2182.38,2207.35,49.334,1,2,0.9,0.0,0.1,5,0.0,0,True,1746969314.7797256,right,False
2647,1746969339.0514774,186.653,-14.1406,2.79302,-0.77121,-0.0182279,6075.31,5,53.986,2183.38,2208.35,49.3337,1,2,0.9,0.0,0.2,5,0.0,0,True,1746969314.7797256,right,False
2648,1746969339.0694535,186.705,-13.2378,2.70765,-0.775116,-0.0150154,6042.77,5,54.006,2184.38,2209.34,49.3335,1,2,0.9,0.0,0.2,5,0.0,0,True,1746969314.7797256,right,False
2649,1746969339.0899527,186.722,-12.3551,2.62434,-0.778902,-0.0120729,6021.2,5,54.026,2185.38,2210.34,49.3332,1,2,0.9,0.0,0.2,5,0.0,0,True,1746969314.7797256,right,False
2650,1746969339.1098292,186.72,-11.5744,2.54065,-0.78257,-0.00965959,6009.46,5,54.046,2186.38,2211.34,49.3329,1,2,0.9,0.0,0.2,5,0.0,0,True,1746969314.7797256,right,False
2651,1746969339.129414,186.713,-10.8973,2.46888,-0.786121,-0.00779325,5996.4,5,54.066,2187.38,2212.34,49.3327,1,2,0.9,0.0,0.2,5,0.0,0,True,1746969314.7797256,right,False
2652,1746969339.1502378,186.698,-10.3443,2.39706,-0.789557,-0.00649149,5989.46,5,54.086,2188.38,2213.34,49.3324,1,2,0.9,0.0,0.2,5,0.0,0,True,1746969314.7797256,right,False
2653,1746969339.1715965,186.681,-9.90897,2.32338,-0.792883,-0.00581199,5977.29,5,54.106,2189.37,2214.34,49.3321,1,2,0.9,0.0,0.2,5,0.0,0,True,1746969314.7797256,right,False
2654,1746969339.190704,186.658,-9.60313,2.25446,-0.796102,-0.00577766,5967.68,5,54.126,2190.37,2215.34,49.3319,1,2,0.9,0.0,0.2,5,0.0,0,True,1746969314.7797256,right,False
2655,1746969339.2097082,186.63,-9.43113,2.17578,-0.799217,-0.00640327,5957.87,5,54.146,2191.37,2216.33,49.3316,1,2,0.9,0.0,0.2,5,0.0,0,True,1746969314.7797256,right,False
2656,1746969339.230243,186.595,-9.36776,2.10391,-0.802228,-0.00765449,5950.47,5,54.166,2192.37,2217.33,49.3313,1,2,0.9,0.0,0.2,5,0.0,0,True,1746969314.7797256,right,False
2657,1746969339.2513857,186.553,-9.42628,2.02646,-0.805133,-0.00951368,5948.18,5,54.186,2193.36,2218.33,49.3311,1,2,0.9,0.0,0.2,5,0.0,0,True,1746969314.7797256,right,False
2658,1746969339.2698624,186.508,-9.57933,1.95704,-0.807933,-0.0119613,5938.26,5,54.206,2194.36,2219.32,49.3308,1,2,0.9,0.0,0.2,5,0.0,0,True,1746969314.7797256,right,False
2659,1746969339.2909358,186.455,-9.82729,1.88331,-0.810624,-0.0149596,5933.44,5,54.226,2195.36,2220.32,49.3305,1,2,0.9,0.0,0.2,5,0.0,0,True,1746969314.7797256,right,False
2660,1746969339.3089836,186.395,-10.1657,1.80422,-0.813202,-0.0184429,5930.39,5,54.246,2196.35,2221.32,49.3303,1,2,0.9,0.0,0.2,5,0.0,0,True,1746969314.7797256,right,False
2661,1746969339.3292215,186.328,-10.5736,1.73313,-0.815666,-0.0224012,5927.28,5,54.266,2197.35,2222.31,49.33,1,2,0.9,0.0,0.2,5,0.0,0,True,1746969314.7797256,right,False
2662,1746969339.350886,186.251,-11.061,1.65109,-0.818009,-0.0268005,5927.81,5,54.286,2198.34,2223.31,49.3297,1,2,0.9,0.0,0.2,5,0.0,0,True,1746969314.7797256,right,False
2663,1746969339.37144,186.166,-11.597,1.57082,-0.820229,-0.0315426,5930.23,5,54.306,2199.34,2224.3,49.3295,1,2,0.9,0.0,0.2,5,0.0,0,True,1746969314.7797256,right,False
2664,1746969339.3891275,186.074,-12.1731,1.49353,-0.822321,-0.0365861,5930.56,5,54.326,2200.33,2225.3,49.3292,1,2,0.9,0.0,0.2,5,0.0,0,True,1746969314.7797256,right,False
2665,1746969339.4104114,185.971,-12.8014,1.40715,-0.82428,-0.0419038,5935.03,5,54.346,2201.33,2226.29,49.3289,1,2,0.9,0.0,0.2,5,0.0,0,True,1746969314.7797256,right,False
2666,1746969339.4306698,185.86,-13.4597,1.31986,-0.826105,-0.0474861,5939.13,5,54.366,2202.32,2227.29,49.3287,1,2,0.9,0.0,0.2,5,0.0,0,True,1746969314.7797256,right,False
2667,1746969339.450189,185.741,-14.1446,1.23145,-0.827787,-0.0532668,5944.89,5,54.386,2203.32,2228.28,49.3284,1,2,0.9,0.0,0.2,5,0.0,0,True,1746969314.7797256,right,False
2668,1746969339.4709682,185.61,-14.859,1.13237,-0.829329,-0.0592235,5955.85,5,54.406,2204.31,2229.27,49.3281,1,2,0.9,0.0,0.2,5,0.0,0,True,1746969314.7797256,right,False
2669,1746969339.4906619,185.473,-15.5869,1.03558,-0.830729,-0.0653289,5960.66,5,54.426,2205.3,2230.27,49.3279,1,2,0.9,0.0,0.2,5,0.0,0,True,1746969314.7797256,right,False
2670,1746969339.5107338,185.325,-16.3364,0.923599,-0.831976,-0.0715345,5974.01,5,54.446,2206.29,2231.26,49.3276,1,2,0.9,0.0,0.2,5,0.0,0,True,1746969314.7797256,right,False
2671,1746969339.5312872,185.172,-17.0835,0.820605,-0.833077,-0.0778402,5982.05,5,54.466,2207.29,2232.25,49.3273,1,2,0.9,0.0,0.2,5,0.0,0,True,1746969314.7797256,right,False
2672,1746969339.551275,185.007,-17.8435,0.708156,-0.834021,-0.0842078,5995.68,5,54.486,2208.28,2233.24,49.3271,1,2,0.9,0.0,0.2,5,0.0,0,True,1746969314.7797256,right,False
2673,1746969339.5691807,184.839,-18.5974,0.598398,-0.834812,-0.0906194,6004.77,5,54.506,2209.27,2234.23,49.3268,1,2,0.9,0.0,0.2,5,0.0,0,True,1746969314.7797256,right,False
2674,1746969339.5896993,184.661,-19.3518,0.47858,-0.835445,-0.0970252,6018.08,5,54.526,2210.26,2235.22,49.3265,1,2,0.9,0.0,0.2,5,0.0,0,True,1746969314.7797256,right,False
2675,1746969339.6090531,184.481,-20.0889,0.364303,-0.835919,-0.103442,6025.06,5,54.546,2211.25,2236.21,49.3263,1,2,0.9,0.0,0.2,5,0.0,0,True,1746969314.7797256,right,False
2676,1746969339.6304681,184.294,-20.8143,0.243105,-0.83623,-0.109804,6036.62,5,54.566,2212.24,2237.2,49.326,1,2,0.9,0.0,0.2,5,0.0,0,True,1746969314.7797256,right,False
2677,1746969339.6503081,184.101,-21.5267,0.123015,-0.836379,-0.116113,6048.67,5,54.586,2213.23,2238.19,49.3257,1,2,0.9,0.0,0.2,5,0.0,0,True,1746969314.7797256,right,False
2678,1746969339.6692355,183.907,-22.2197,-1.9527e-005,-0.836361,-0.122386,6054.27,5,54.606,2214.21,2239.18,49.3255,1,2,0.9,0.0,0.2,5,0.0,0,True,1746969314.7797256,right,False
2679,1746969339.6911614,183.707,-22.8903,-0.116344,-0.836176,-0.128575,6063.15,5,54.626,2215.2,2240.17,49.3252,1,2,0.9,0.0,0.2,5,0.0,0,True,1746969314.7797256,right,False
2680,1746969339.7101934,183.499,-23.5439,-0.241107,-0.835819,-0.134668,6078.71,5,54.646,2216.19,2241.15,49.3249,1,2,0.9,0.0,0.2,5,0.0,0,True,1746969314.7797256,right,False
2681,1746969339.7312832,183.295,-24.1682,-0.369618,-0.835297,-0.140644,6088.79,5,54.666,2217.17,2242.14,49.3247,1,2,0.9,0.0,0.2,5,0.0,0,True,1746969314.7797256,right,False
2682,1746969339.7491157,183.086,-24.7638,-0.496225,-0.834601,-0.146491,6100.79,5,54.686,2218.16,2243.12,49.3244,1,2,0.9,0.0,0.2,5,0.0,0,True,1746969314.7797256,right,False
2683,1746969339.7693603,182.876,-25.3334,-0.624428,-0.833734,-0.152195,6114.21,5,54.706,2219.14,2244.11,49.3241,1,2,0.9,0.0,0.2,5,0.0,0,True,1746969314.7797256,right,False
2684,1746969339.7906961,182.664,-25.8682,-0.753077,-0.832694,-0.157741,6128.74,5,54.726,2220.13,2245.09,49.3239,1,2,0.9,0.0,0.2,5,0.0,0,True,1746969314.7797256,right,False
2685,1746969339.809825,182.452,-26.3667,-0.884156,-0.831482,-0.163103,6146.5,5,54.746,2221.11,2246.08,49.3236,1,2,0.9,0.0,0.2,5,0.0,0,True,1746969314.7797256,right,False
2686,1746969339.8290613,182.245,-26.8286,-1.02368,-0.830098,-0.168284,6158.92,5,54.766,2222.09,2247.06,49.3233,1,2,0.9,0.0,0.2,5,0.0,0,True,1746969314.7797256,right,False
2687,1746969339.85041,182.034,-27.254,-1.15367,-0.828542,-0.173258,6178.26,5,54.786,2223.08,2248.04,49.3231,1,2,0.9,0.0,0.2,5,0.0,0,True,1746969314.7797256,right,False
2688,1746969339.8695529,181.833,-27.6372,-1.29278,-0.826811,-0.178024,6193.04,5,54.806,2224.06,2249.02,49.3228,1,2,0.9,0.0,0.2,5,0.0,0,True,1746969314.7797256,right,False
2689,1746969339.8914638,181.638,-27.966,-1.42536,-0.8249,-0.182552,6200.9,5,54.826,2225.04,2250,49.3225,1,2,0.9,0.0,0.2,5,0.0,0,True,1746969314.7797256,right,False
2690,1746969339.9109516,181.447,-28.2518,-1.55494,-0.822819,-0.186867,6210.27,5,54.846,2226.02,2250.98,49.3223,1,2,0.9,0.0,0.2,5,0.0,0,True,1746969314.7797256,right,False
2691,1746969339.930632,181.259,-28.4986,-1.69072,-0.820557,-0.190954,6224.81,5,54.866,2227,2251.96,49.322,1,2,0.9,0.0,0.2,5,0.0,0,True,1746969314.7797256,right,False
2692,1746969339.949858,181.077,-28.6881,-1.81917,-0.818117,-0.194753,6235.64,5,54.886,2227.98,2252.94,49.3217,1,2,0.9,0.0,0.2,5,0.0,0,True,1746969314.7797256,right,False
2693,1746969339.9710276,180.904,-28.826,-1.95286,-0.815499,-0.198301,6248.36,5,54.906,2228.95,2253.92,49.3215,1,2,0.9,0.0,0.2,5,0.0,0,True,1746969314.7797256,right,False
2694,1746969339.9914935,180.738,-28.923,-2.0839,-0.812705,-0.201598,6257.96,5,54.926,2229.93,2254.89,49.3212,1,2,0.9,0.0,0.2,5,0.0,0,True,1746969314.7797256,right,False
2695,1746969340.0090315,180.574,-28.9711,-2.21596,-0.809733,-0.204624,6275.23,5,54.946,2230.91,2255.87,49.3209,1,2,0.9,0.0,0.2,5,0.0,0,True,1746969314.7797256,right,False
2696,1746969340.0315955,180.426,-28.9621,-2.34421,-0.806582,-0.207383,6283.03,5,54.966,2231.88,2256.84,49.3207,1,2,0.9,0.0,0.2,5,0.0,0,True,1746969314.7797256,right,False
2697,1746969340.0506322,180.279,-28.9084,-2.47459,-0.803249,-0.209862,6299.08,5,54.986,2232.85,2257.82,49.3204,1,2,0.9,0.0,0.2,5,0.0,0,True,1746969314.7797256,right,False
2698,1746969340.070892,180.148,-28.799,-2.60635,-0.79974,-0.212074,6309.88,5,55.006,2233.83,2258.79,49.3201,1,2,0.9,0.0,0.2,5,0.0,0,True,1746969314.7797256,right,False
2699,1746969340.0903335,180.026,-28.6374,-2.73686,-0.796049,-0.213995,6314.94,5,55.026,2234.8,2259.77,49.3199,1,2,0.9,0.0,0.2,5,0.0,0,True,1746969314.7797256,right,False
2700,1746969340.109698,179.912,-28.4313,-2.85969,-0.792179,-0.21567,6322.75,5,55.046,2235.77,2260.74,49.3196,1,2,0.9,0.0,0.2,5,0.0,0,True,1746969314.7797256,right,False
2701,1746969340.1302505,179.804,-28.181,-2.99226,-0.788129,-0.217082,6336.16,5,55.066,2236.74,2261.71,49.3193,1,2,0.9,0.0,0.2,5,0.0,0,True,1746969314.7797256,right,False
2702,1746969340.152392,179.711,-27.8862,-3.11549,-0.783899,-0.218253,6336.75,5,55.086,2237.71,2262.68,49.319,1,2,0.9,0.0,0.2,5,0.0,0,True,1746969314.7797256,right,False
2703,1746969340.170515,179.622,-27.5509,-3.24679,-0.77949,-0.219179,6344.34,5,55.106,2238.68,2263.65,49.3188,1,2,0.9,0.0,0.2,5,0.0,0,True,1746969314.7797256,right,False
2704,1746969340.190118,179.543,-27.176,-3.37473,-0.774902,-0.219874,6352.27,5,55.126,2239.65,2264.62,49.3185,1,2,0.9,0.0,0.2,5,0.0,0,True,1746969314.7797256,right,False
2705,1746969340.2098145,179.471,-26.7617,-3.50664,-0.77014,-0.220335,6358.35,5,55.146,2240.62,2265.59,49.3182,1,2,0.9,0.0,0.2,5,0.0,0,True,1746969314.7797256,right,False
2706,1746969340.2291505,179.416,-26.3002,-3.63413,-0.765198,-0.220558,6352.84,5,55.166,2241.59,2266.55,49.318,1,2,0.9,0.0,0.2,5,0.0,0,True,1746969314.7797256,right,False
2707,1746969340.24913,179.366,-25.8101,-3.76288,-0.760081,-0.220575,6350.98,5,55.186,2242.56,2267.52,49.3177,1,2,0.9,0.0,0.2,5,0.0,0,True,1746969314.7797256,right,False
2708,1746969340.2688975,179.321,-25.2839,-3.88977,-0.754789,-0.220381,6353.18,5,55.206,2243.52,2268.49,49.3174,1,2,0.9,0.0,0.2,5,0.0,0,True,1746969314.7797256,right,False
2709,1746969340.2919822,179.283,-24.7317,-4.01845,-0.74932,-0.219998,6352.34,5,55.226,2244.49,2269.45,49.3172,1,2,0.9,0.0,0.2,5,0.0,0,True,1746969314.7797256,right,False
2710,1746969340.3107162,179.251,-24.1439,-4.14769,-0.743683,-0.219405,6355.19,5,55.246,2245.46,2270.42,49.3169,1,2,0.9,0.0,0.2,5,0.0,0,True,1746969314.7797256,right,False
2711,1746969340.3297222,179.231,-23.5257,-4.27366,-0.737872,-0.218642,6348.34,5,55.266,2246.42,2271.38,49.3166,1,2,0.9,0.0,0.2,5,0.0,0,True,1746969314.7797256,right,False
2712,1746969340.3501613,179.219,-22.8837,-4.40702,-0.731891,-0.217702,6339.99,5,55.286,2247.39,2272.35,49.3164,1,2,0.9,0.0,0.2,5,0.0,0,True,1746969314.7797256,right,False
2713,1746969340.3709803,179.213,-22.2139,-4.52722,-0.725739,-0.216619,6327.19,5,55.306,2248.35,2273.31,49.3161,1,2,0.9,0.0,0.2,5,0.0,0,True,1746969314.7797256,right,False
2714,1746969340.3900194,179.211,-21.5269,-4.64456,-0.719419,-0.215403,6317.54,5,55.326,2249.31,2274.28,49.3158,1,2,0.9,0.0,0.2,5,0.0,0,True,1746969314.7797256,right,False
2715,1746969340.4093394,179.214,-20.8243,-4.76958,-0.712931,-0.214071,6306.16,5,55.346,2250.28,2275.24,49.3156,1,2,0.9,0.0,0.2,5,0.0,0,True,1746969314.7797256,right,False
2716,1746969340.431508,179.227,-20.1022,-4.88714,-0.706276,-0.21263,6287.01,5,55.366,2251.24,2276.2,49.3153,1,2,0.9,0.0,0.2,5,0.0,0,True,1746969314.7797256,right,False
2717,1746969340.4511275,179.233,-19.385,-5.00488,-0.699459,-0.211119,6279.34,5,55.386,2252.2,2277.17,49.315,1,2,0.9,0.0,0.2,5,0.0,0,True,1746969314.7797256,right,False
2718,1746969340.4691598,179.249,-18.6595,-5.12476,-0.69248,-0.209565,6263.94,5,55.406,2253.16,2278.13,49.3148,1,2,0.9,0.0,0.2,5,0.0,0,True,1746969314.7797256,right,False
2719,1746969340.491594,179.266,-17.9415,-5.24439,-0.685343,-0.207978,6249.71,5,55.426,2254.13,2279.09,49.3145,1,2,0.9,0.0,0.2,5,0.0,0,True,1746969314.7797256,right,False
2720,1746969340.5106776,179.288,-17.227,-5.35644,-0.678052,-0.20639,6228.92,5,55.446,2255.09,2280.05,49.3142,1,2,0.9,0.0,0.2,5,0.0,0,True,1746969314.7797256,right,False
2721,1746969340.5297117,179.312,-16.5262,-5.47503,-0.670605,-0.204831,6206.95,5,55.466,2256.05,2281.01,49.314,1,2,0.9,0.0,0.2,5,0.0,0,True,1746969314.7797256,right,False
2722,1746969340.5496662,179.337,-15.8413,-5.58654,-0.663009,-0.20333,6186.65,5,55.486,2257.01,2281.98,49.3137,1,2,0.9,0.0,0.2,5,0.0,0,True,1746969314.7797256,right,False
2723,1746969340.5695508,179.362,-15.18,-5.69526,-0.655259,-0.201916,6166.86,5,55.506,2257.97,2282.94,49.3134,1,2,0.9,0.0,0.2,5,0.0,0,True,1746969314.7797256,right,False
2724,1746969340.589694,179.393,-14.5455,-5.79811,-0.647369,-0.200485,6134.67,5,55.526,2258.93,2283.9,49.3132,1,2,0.9,0.0,0.2,5,0.0,0,True,1746969314.7797256,right,False
2725,1746969340.6103764,179.428,-13.9444,-5.89678,-0.63936,-0.198758,6101.92,5,55.546,2259.89,2284.85,49.3129,1,2,0.9,0.0,0.2,5,0.0,0,True,1746969314.7797256,right,False
2726,1746969340.6307228,179.463,-13.3906,-5.99543,-0.631244,-0.197272,6064.7,5,55.566,2260.85,2285.81,49.3126,1,2,0.9,0.0,0.2,5,0.0,0,True,1746969314.7797256,right,False
2727,1746969340.650239,179.497,-12.8891,-6.08666,-0.623027,-0.196063,6027.45,5,55.586,2261.8,2286.77,49.3124,1,2,0.9,0.0,0.2,5,0.0,0,True,1746969314.7797256,right,False
2728,1746969340.6691222,179.529,-12.4413,-6.16612,-0.614705,-0.195159,5987.68,5,55.606,2262.76,2287.72,49.3121,1,2,0.9,0.0,0.2,5,0.0,0,True,1746969314.7797256,right,False
2729,1746969340.6911035,179.56,-12.0492,-6.23635,-0.606281,-0.194592,5947.95,5,55.626,2263.71,2288.68,49.3118,1,2,0.9,0.0,0.2,5,0.0,0,True,1746969314.7797256,right,False
2730,1746969340.7104104,179.583,-11.733,-6.3103,-0.597754,-0.194379,5916.16,5,55.646,2264.67,2289.64,49.3116,1,2,0.9,0.0,0.2,5,0.0,0,True,1746969314.7797256,right,False
2731,1746969340.730738,179.602,-11.476,-6.37249,-0.589128,-0.194546,5883.82,5,55.666,2265.63,2290.59,49.3113,1,2,0.9,0.0,0.2,5,0.0,0,True,1746969314.7797256,right,False
2732,1746969340.7514627,179.613,-11.297,-6.44395,-0.5804,-0.195095,5861.46,5,55.686,2266.59,2291.55,49.311,1,2,0.9,0.0,0.2,5,0.0,0,True,1746969314.7797256,right,False
2733,1746969340.770827,179.616,-11.1881,-6.51258,-0.571572,-0.196024,5844.53,5,55.706,2267.54,2292.51,49.3108,1,2,0.9,0.0,0.2,5,0.0,0,True,1746969314.7797256,right,False
2734,1746969340.7903845,179.617,-11.1418,-6.56906,-0.562642,-0.197349,5823.53,5,55.726,2268.5,2293.47,49.3105,1,2,0.9,0.0,0.2,5,0.0,0,True,1746969314.7797256,right,False
2735,1746969340.8112683,179.61,-11.1622,-6.62929,-0.553611,-0.199053,5808.22,5,55.746,2269.46,2294.43,49.3102,1,2,0.9,0.0,0.2,5,0.0,0,True,1746969314.7797256,right,False
2736,1746969340.8299904,179.599,-11.2479,-6.69141,-0.544474,-0.20113,5796.46,5,55.766,2270.42,2295.38,49.31,1,2,0.9,0.0,0.2,5,0.0,0,True,1746969314.7797256,right,False
2737,1746969340.8492677,179.579,-11.3954,-6.75256,-0.53524,-0.203573,5787.22,5,55.786,2271.38,2296.34,49.3097,1,2,0.9,0.0,0.2,5,0.0,0,True,1746969314.7797256,right,False
2738,1746969340.8692212,179.553,-11.6046,-6.82342,-0.525899,-0.206337,5783.37,5,55.806,2272.34,2297.3,49.3094,1,2,0.9,0.0,0.2,5,0.0,0,True,1746969314.7797256,right,False
2739,1746969340.8912396,179.523,-11.8536,-6.88231,-0.516453,-0.209424,5774.57,5,55.826,2273.3,2298.26,49.3092,1,2,0.9,0.0,0.2,5,0.0,0,True,1746969314.7797256,right,False
2740,1746969340.909957,179.484,-12.162,-6.95102,-0.506899,-0.212821,5774.27,5,55.846,2274.26,2299.22,49.3089,1,2,0.9,0.0,0.2,5,0.0,0,True,1746969314.7797256,right,False
2741,1746969340.9317095,179.439,-12.5074,-7.01677,-0.497235,-0.216479,5773.7,5,55.866,2275.22,2300.18,49.3086,1,2,0.9,0.0,0.2,5,0.0,0,True,1746969314.7797256,right,False
2742,1746969340.9498885,179.389,-12.8939,-7.08912,-0.487459,-0.220392,5773.04,5,55.886,2276.18,2301.14,49.3084,1,2,0.9,0.0,0.2,5,0.0,0,True,1746969314.7797256,right,False
2743,1746969340.9714866,179.331,-13.3131,-7.15654,-0.477572,-0.224544,5772.53,5,55.906,2277.14,2302.1,49.3081,1,2,0.9,0.0,0.2,5,0.0,0,True,1746969314.7797256,right,False
2744,1746969340.991469,179.27,-13.7691,-7.23396,-0.467568,-0.228922,5772.59,5,55.926,2278.1,2303.06,49.3078,1,2,0.9,0.0,0.2,5,0.0,0,True,1746969314.7797256,right,False
2745,1746969341.0106602,179.198,-14.2496,-7.30913,-0.457444,-0.233476,5777.97,5,55.946,2279.06,2304.02,49.3076,1,2,0.9,0.0,0.2,5,0.0,0,True,1746969314.7797256,right,False
2746,1746969341.0313926,179.121,-14.7635,-7.39636,-0.447203,-0.2382,5782.64,5,55.966,2280.02,2304.98,49.3073,1,2,0.9,0.0,0.2,5,0.0,0,True,1746969314.7797256,right,False
2747,1746969341.049626,179.036,-15.2859,-7.48007,-0.436839,-0.243032,5789.63,5,55.986,2280.98,2305.94,49.307,1,2,0.9,0.0,0.2,5,0.0,0,True,1746969314.7797256,right,False
2748,1746969341.0696821,178.947,-15.82,-7.56291,-0.426353,-0.247989,5795.21,5,56.006,2281.94,2306.9,49.3068,1,2,0.9,0.0,0.2,5,0.0,0,True,1746969314.7797256,right,False
2749,1746969341.092434,178.852,-16.3668,-7.64948,-0.415741,-0.253045,5800.23,5,56.026,2282.9,2307.87,49.3065,1,2,0.9,0.0,0.2,5,0.0,0,True,1746969314.7797256,right,False
2750,1746969341.1097188,178.75,-16.9288,-7.74739,-0.405005,-0.258169,5808.88,5,56.046,2283.86,2308.83,49.3062,1,2,0.9,0.0,0.2,5,0.0,0,True,1746969314.7797256,right,False
2751,1746969341.1319544,178.639,-17.491,-7.8394,-0.394142,-0.263341,5821.47,5,56.066,2284.82,2309.79,49.306,1,2,0.9,0.0,0.2,5,0.0,0,True,1746969314.7797256,right,False
2752,1746969341.1523962,178.529,-18.0416,-7.93082,-0.383148,-0.268524,5826.98,5,56.086,2285.78,2310.75,49.3057,1,2,0.9,0.0,0.2,5,0.0,0,True,1746969314.7797256,right,False
2753,1746969341.1708882,178.41,-18.6032,-8.03469,-0.372026,-0.273711,5839.2,5,56.106,2286.74,2311.71,49.3054,1,2,0.9,0.0,0.2,5,0.0,0,True,1746969314.7797256,right,False
2754,1746969341.1902409,178.287,-19.1474,-8.13112,-0.360771,-0.278883,5850.47,5,56.126,2287.71,2312.67,49.3052,1,2,0.9,0.0,0.0,5,0.0,0,True,1746969314.7797256,left,False
2755,1746969341.2091908,178.161,-19.6807,-8.22846,-0.349383,-0.284008,5860.91,5,56.146,2288.67,2313.63,49.3049,1,2,0.9,0.0,0.0,5,0.0,0,True,1746969314.7797256,left,False
2756,1746969341.2310507,178.062,-20.2303,-8.32973,-0.337867,-0.28898,5875.01,5,56.166,2289.63,2314.59,49.3046,1,2,0.9,0.0,0.0,5,0.0,0,True,1746969314.7797256,left,False
2757,1746969341.2504148,178.011,-20.7536,-8.42969,-0.326246,-0.293325,5868.38,5,56.186,2290.59,2315.55,49.3044,1,2,0.9,0.0,0.0,5,0.0,0,True,1746969314.7797256,left,False
2758,1746969341.270187,177.985,-21.1317,-8.52469,-0.314523,-0.296939,5847.42,5,56.206,2291.55,2316.51,49.3041,1,2,0.9,0.0,0.0,5,0.0,0,True,1746969314.7797256,left,False
2759,1746969341.2912116,177.979,-21.3739,-8.6164,-0.302693,-0.299856,5818.34,5,56.226,2292.51,2317.48,49.3038,1,2,0.9,0.0,0.0,5,0.0,0,True,1746969314.7797256,left,False
2760,1746969341.3094149,177.99,-21.4831,-8.7001,-0.290752,-0.302114,5783.15,5,56.246,2293.47,2318.44,49.3036,1,2,0.9,0.0,0.0,5,0.0,0,True,1746969314.7797256,left,False
2761,1746969341.3300815,178.011,-21.4841,-8.79158,-0.278697,-0.303762,5754.46,5,56.266,2294.44,2319.4,49.3033,1,2,0.9,0.0,0.0,5,0.0,0,True,1746969314.7797256,left,False
2762,1746969341.350088,178.042,-21.375,-8.87204,-0.266529,-0.304817,5730.06,5,56.286,2295.4,2320.37,49.303,1,2,0.9,0.0,0.0,5,0.0,0,True,1746969314.7797256,left,False
2763,1746969341.3703,178.085,-21.1653,-8.96042,-0.254246,-0.305299,5707.71,5,56.306,2296.37,2321.33,49.3028,1,2,0.9,0.0,0.0,5,0.0,0,True,1746969314.7797256,left,False
2764,1746969341.3896549,178.132,-20.8619,-9.04502,-0.241849,-0.305241,5694.72,5,56.326,2297.33,2322.29,49.3025,1,2,0.9,0.0,0.0,5,0.0,0,True,1746969314.7797256,left,False
2765,1746969341.4108317,178.193,-20.4618,-9.12057,-0.229338,-0.304654,5679.26,5,56.346,2298.29,2323.26,49.3022,1,2,0.9,0.0,0.0,5,0.0,0,True,1746969314.7797256,left,False
2766,1746969341.430878,178.26,-19.9798,-9.19747,-0.216718,-0.303566,5670.44,5,56.366,2299.26,2324.22,49.302,1,2,0.9,0.0,0.0,5,0.0,0,True,1746969314.7797256,left,False
2767,1746969341.4506974,178.336,-19.4174,-9.26941,-0.203989,-0.301976,5662.67,5,56.386,2300.23,2325.19,49.3017,1,2,0.9,0.0,0.0,5,0.0,0,True,1746969314.7797256,left,False
2768,1746969341.4692483,178.422,-18.7817,-9.34974,-0.191156,-0.299906,5655.98,5,56.406,2301.19,2326.16,49.3014,1,2,0.9,0.0,0.0,5,0.0,0,True,1746969314.7797256,left,False
2769,1746969341.4916186,178.516,-18.0754,-9.4276,-0.178223,-0.297361,5651.02,5,56.426,2302.16,2327.12,49.3012,1,2,0.9,0.0,0.0,5,0.0,0,True,1746969314.7797256,left,False
2770,1746969341.5101328,178.619,-17.3039,-9.49846,-0.165195,-0.294375,5646.2,5,56.446,2303.13,2328.09,49.3009,1,2,0.9,0.0,0.0,5,0.0,0,True,1746969314.7797256,left,False
2771,1746969341.530697,178.732,-16.47,-9.56911,-0.152077,-0.290948,5636.67,5,56.466,2304.1,2329.06,49.3006,1,2,0.9,0.0,0.0,5,0.0,0,True,1746969314.7797256,left,False
2772,1746969341.549866,178.851,-15.5775,-9.63738,-0.138876,-0.287104,5627.93,5,56.486,2305.06,2330.03,49.3004,1,2,0.9,0.0,0.0,5,0.0,0,True,1746969314.7797256,left,False
2773,1746969341.571729,178.977,-14.6348,-9.69722,-0.125597,-0.282867,5617.03,5,56.506,2306.03,2331,49.3001,1,2,0.9,0.0,0.0,5,0.0,0,True,1746969314.7797256,left,False
2774,1746969341.5897808,179.105,-13.6544,-9.75463,-0.112249,-0.278265,5607.14,5,56.526,2307,2331.97,49.2998,1,2,0.9,0.0,0.0,5,0.0,0,True,1746969314.7797256,left,False
2775,1746969341.611354,179.238,-12.6386,-9.80869,-0.0988383,-0.273343,5595.98,5,56.546,2307.98,2332.94,49.2996,1,2,0.9,0.0,0.0,5,0.0,0,True,1746969314.7797256,left,False
2776,1746969341.6321595,179.375,-11.6017,-9.85202,-0.085378,-0.268133,5580.23,5,56.566,2308.95,2333.91,49.2993,1,2,0.9,0.0,0.0,5,0.0,0,True,1746969314.7797256,left,False
2777,1746969341.6495042,179.509,-10.5568,-9.89069,-0.0718801,-0.262682,5569.92,5,56.586,2309.92,2334.89,49.299,1,2,0.9,0.0,0.0,5,0.0,0,True,1746969314.7797256,left,False
2778,1746969341.6716979,179.642,-9.51491,-9.92723,-0.0583557,-0.25704,5560.03,5,56.606,2310.9,2335.86,49.2988,1,2,0.9,0.0,0.0,5,0.0,0,True,1746969314.7797256,left,False
2779,1746969341.6910512,179.772,-8.4864,-9.94842,-0.0448222,-0.251255,5551.14,5,56.626,2311.87,2336.84,49.2985,1,2,0.9,0.0,0.0,5,0.0,0,True,1746969314.7797256,left,False
2780,1746969341.7097955,179.9,-7.48013,-9.96012,-0.0312907,-0.245373,5542,5,56.646,2312.85,2337.81,49.2982,1,2,0.9,0.0,0.0,5,0.0,0,True,1746969314.7797256,left,False
2781,1746969341.7324555,180.024,-6.50824,-9.95832,-0.0177795,-0.239435,5534.79,5,56.666,2313.83,2338.79,49.298,1,2,0.9,0.0,0.0,5,0.0,0,True,1746969314.7797256,left,False
2782,1746969341.7521927,180.143,-5.58148,-9.94709,-0.00430705,-0.233481,5530.1,5,56.686,2314.81,2339.77,49.2977,1,2,0.9,0.0,0.0,5,0.0,0,True,1746969314.7797256,left,False
2783,1746969341.7709029,180.258,-4.7062,-9.92565,0.00911153,-0.227546,5527.08,5,56.706,2315.79,2340.75,49.2974,1,2,0.9,0.0,0.0,5,0.0,0,True,1746969314.7797256,left,False
2784,1746969341.790821,180.369,-3.88537,-9.88505,0.0224579,-0.221659,5525.32,5,56.726,2316.77,2341.74,49.2972,1,2,0.9,0.0,0.0,5,0.0,0,True,1746969314.7797256,left,False
2785,1746969341.8091578,180.477,-3.12439,-9.82854,0.0357157,-0.215843,5522.66,5,56.746,2317.76,2342.72,49.2969,1,2,0.9,0.0,0.0,5,0.0,0,True,1746969314.7797256,left,False
2786,1746969341.8329659,180.581,-2.4259,-9.76202,0.0488647,-0.210117,5522.64,5,56.766,2318.74,2343.71,49.2966,1,2,0.9,0.0,0.0,5,0.0,0,True,1746969314.7797256,left,False
2787,1746969341.8511896,180.682,-1.78991,-9.6786,0.0618886,-0.204501,5523.04,5,56.786,2319.73,2344.69,49.2964,1,2,0.9,0.0,0.0,5,0.0,0,True,1746969314.7797256,left,False
2788,1746969341.8701339,180.781,-1.21664,-9.58102,0.0747742,-0.199002,5522.6,5,56.806,2320.72,2345.68,49.2961,1,2,0.9,0.0,0.0,5,0.0,0,True,1746969314.7797256,left,False
2789,1746969341.8908741,180.877,-0.70421,-9.4681,0.0875041,-0.193628,5524.22,5,56.826,2321.71,2346.67,49.2958,1,2,0.9,0.0,0.0,5,0.0,0,True,1746969314.7797256,left,False
2790,1746969341.9106987,180.971,-0.25,-9.34064,0.100065,-0.188382,5525.44,5,56.846,2322.7,2347.67,49.2956,1,2,0.9,0.0,0.0,5,0.0,0,True,1746969314.7797256,left,False
2791,1746969341.9295871,181.063,0.14842,-9.20322,0.112445,-0.183267,5527.73,5,56.866,2323.7,2348.66,49.2953,1,2,0.9,0.0,0.0,5,0.0,0,True,1746969314.7797256,left,False
2792,1746969341.9499986,181.153,0.494643,-9.05184,0.124633,-0.178284,5529.89,5,56.886,2324.69,2349.66,49.295,1,2,0.9,0.0,0.0,5,0.0,0,True,1746969314.7797256,left,False
2793,1746969341.9702215,181.244,0.791722,-8.88544,0.136619,-0.173429,5530.86,5,56.906,2325.69,2350.66,49.2948,1,2,0.9,0.0,0.0,5,0.0,0,True,1746969314.7797256,left,False
2794,1746969341.9918482,181.332,1.04414,-8.71233,0.148391,-0.168699,5532.27,5,56.926,2326.69,2351.66,49.2945,1,2,0.9,0.0,0.0,5,0.0,0,True,1746969314.7797256,left,False
2795,1746969342.0089695,181.419,1.25537,-8.53093,0.159944,-0.164088,5535.53,5,56.946,2327.7,2352.66,49.2942,1,2,0.9,0.0,0.0,5,0.0,0,True,1746969314.7797256,left,False
2796,1746969342.0315158,181.505,1.42999,-8.33708,0.17127,-0.159589,5537.04,5,56.966,2328.7,2353.66,49.2939,1,2,0.9,0.0,0.0,5,0.0,0,True,1746969314.7797256,left,False
2797,1746969342.0503602,181.591,1.57177,-8.14802,0.182363,-0.155197,5539.94,5,56.986,2329.7,2354.67,49.2937,1,2,0.9,0.0,0.0,5,0.0,0,True,1746969314.7797256,left,False
2798,1746969342.070199,181.676,1.68429,-7.94759,0.193218,-0.150903,5541.57,5,57.006,2330.71,2355.68,49.2934,1,2,0.9,0.0,0.0,5,0.0,0,True,1746969314.7797256,left,False
2799,1746969342.0908036,181.759,1.77268,-7.75156,0.203831,-0.146694,5544.31,5,57.026,2331.72,2356.68,49.2931,1,2,0.9,0.0,0.0,5,0.0,0,True,1746969314.7797256,left,False
2800,1746969342.110227,181.843,1.83912,-7.55288,0.2142,-0.142558,5546.2,5,57.046,2332.73,2357.7,49.2929,1,2,0.9,0.0,0.0,5,0.0,0,True,1746969314.7797256,left,False
2801,1746969342.130816,181.925,1.8887,-7.35574,0.224318,-0.13849,5549.56,5,57.066,2333.74,2358.71,49.2926,1,2,0.9,0.0,0.0,5,0.0,0,True,1746969314.7797256,left,False
2802,1746969342.154719,182.007,1.92292,-7.1478,0.234189,-0.134479,5551.25,5,57.086,2334.76,2359.72,49.2923,1,2,0.9,0.0,0.0,5,0.0,0,True,1746969314.7797256,left,False
2803,1746969342.2068846,182.088,1.94593,-6.95475,0.243807,-0.130516,5554.35,5,57.106,2335.77,2360.74,49.2921,1,2,0.9,0.0,0.0,5,0.0,0,True,1746969314.7797256,left,False
2804,1746969342.2099102,182.169,1.95809,-6.7489,0.253174,-0.126593,5556.26,5,57.126,2336.79,2361.75,49.2918,1,2,0.9,0.0,0.0,5,0.0,0,True,1746969314.7797256,left,False
2805,1746969342.263814,182.249,1.96173,-6.54699,0.262284,-0.122708,5557.76,5,57.146,2337.81,2362.77,49.2915,1,2,0.9,0.0,0.0,5,0.0,0,True,1746969314.7797256,left,False
2806,1746969342.2664878,182.328,1.95933,-6.34792,0.271139,-0.118853,5560.7,5,57.166,2338.83,2363.79,49.2913,1,2,0.9,0.0,0.0,5,0.0,0,True,1746969314.7797256,left,False
2807,1746969342.2685084,182.406,1.95239,-6.15256,0.279737,-0.11502,5563.34,5,57.186,2339.85,2364.82,49.291,1,2,0.9,0.0,0.0,5,0.0,0,True,1746969314.7797256,left,False
2808,1746969342.273707,182.484,1.9416,-5.95522,0.288082,-0.111207,5566.12,5,57.206,2340.88,2365.84,49.2907,1,2,0.9,0.0,0.0,5,0.0,0,True,1746969314.7797256,left,False
2809,1746969342.2902727,182.561,1.92839,-5.75981,0.296167,-0.107409,5568.62,5,57.226,2341.9,2366.86,49.2905,1,2,0.9,0.0,0.0,5,0.0,0,True,1746969314.7797256,left,False
2810,1746969342.312845,182.637,1.91246,-5.5675,0.303996,-0.103624,5570.8,5,57.246,2342.93,2367.89,49.2902,1,2,0.9,0.0,0.0,5,0.0,0,True,1746969314.7797256,left,False
2811,1746969342.333022,182.712,1.89537,-5.36929,0.311567,-0.0998491,5573.45,5,57.266,2343.95,2368.92,49.2899,1,2,0.9,0.0,0.0,5,0.0,0,True,1746969314.7797256,left,False
2812,1746969342.3516145,182.788,1.87824,-5.17669,0.318881,-0.0960792,5574.53,5,57.286,2344.98,2369.95,49.2897,1,2,0.9,0.0,0.0,5,0.0,0,True,1746969314.7797256,left,False
2813,1746969342.3694282,182.862,1.86171,-4.99262,0.325938,-0.0923093,5577.23,5,57.306,2346.01,2370.98,49.2894,1,2,0.9,0.0,0.0,5,0.0,0,True,1746969314.7797256,left,False
2814,1746969342.3913724,182.936,1.84553,-4.80254,0.332738,-0.0885399,5579.17,5,57.326,2347.04,2372.01,49.2891,1,2,0.9,0.0,0.0,5,0.0,0,True,1746969314.7797256,left,False
2815,1746969342.4100578,183.008,1.83044,-4.62211,0.339279,-0.0847686,5582.08,5,57.346,2348.08,2373.04,49.2889,1,2,0.9,0.0,0.0,5,0.0,0,True,1746969314.7797256,left,False
2816,1746969342.4305792,183.08,1.81612,-4.43862,0.345563,-0.0809949,5584.27,5,57.366,2349.11,2374.07,49.2886,1,2,0.9,0.0,0.0,5,0.0,0,True,1746969314.7797256,left,False
2817,1746969342.4507594,183.151,1.80244,-4.24911,0.351589,-0.0772174,5586.34,5,57.386,2350.15,2375.11,49.2883,1,2,0.9,0.0,0.0,5,0.0,0,True,1746969314.7797256,left,False
2818,1746969342.4711452,183.222,1.79002,-4.06437,0.357357,-0.073438,5588.33,5,57.406,2351.18,2376.15,49.2881,1,2,0.9,0.0,0.0,5,0.0,0,True,1746969314.7797256,left,False
2819,1746969342.4917705,183.292,1.77823,-3.88515,0.362867,-0.0696552,5590.54,5,57.426,2352.22,2377.18,49.2878,1,2,0.9,0.0,0.0,5,0.0,0,True,1746969314.7797256,left,False
2820,1746969342.509554,183.361,1.76748,-3.7083,0.368117,-0.0658692,5592.85,5,57.446,2353.26,2378.22,49.2875,1,2,0.9,0.0,0.0,5,0.0,0,True,1746969314.7797256,left,False
2821,1746969342.5313458,183.429,1.75681,-3.52328,0.373111,-0.0620826,5595.37,5,57.466,2354.3,2379.26,49.2873,1,2,0.9,0.0,0.0,5,0.0,0,True,1746969314.7797256,left,False
2822,1746969342.5499582,183.496,1.7467,-3.34289,0.377844,-0.0582936,5598,5,57.486,2355.34,2380.3,49.287,1,2,0.9,0.0,0.0,5,0.0,0,True,1746969314.7797256,left,False
2823,1746969342.569497,183.563,1.73614,-3.15959,0.382318,-0.0545047,5599.22,5,57.506,2356.38,2381.34,49.2867,1,2,0.9,0.0,0.0,5,0.0,0,True,1746969314.7797256,left,False
2824,1746969342.5897043,183.629,1.72604,-2.97162,0.386533,-0.0507157,5601.66,5,57.526,2357.42,2382.38,49.2865,1,2,0.9,0.0,0.0,5,0.0,0,True,1746969314.7797256,left,False
2825,1746969342.6095686,183.695,1.71607,-2.78785,0.390488,-0.0469249,5603.55,5,57.546,2358.46,2383.43,49.2862,1,2,0.9,0.0,0.0,5,0.0,0,True,1746969314.7797256,left,False
2826,1746969342.6309311,183.76,1.70612,-2.59614,0.394181,-0.0431326,5604.42,5,57.566,2359.51,2384.47,49.2859,1,2,0.9,0.0,0.0,5,0.0,0,True,1746969314.7797256,left,False
2827,1746969342.6491296,183.824,1.69732,-2.41218,0.397616,-0.0393384,5607.2,5,57.586,2360.55,2385.52,49.2857,1,2,0.9,0.0,0.0,5,0.0,0,True,1746969314.7797256,left,False
2828,1746969342.6712263,183.887,1.6887,-2.22026,0.400789,-0.0355395,5608.74,5,57.606,2361.6,2386.56,49.2854,1,2,0.9,0.0,0.0,5,0.0,0,True,1746969314.7797256,left,False
2829,1746969342.6912713,183.95,1.67999,-2.02253,0.403702,-0.0317386,5609.87,5,57.626,2362.64,2387.61,49.2851,1,2,0.9,0.0,0.0,5,0.0,0,True,1746969314.7797256,left,False
2830,1746969342.7106411,184.012,1.6736,-1.83674,0.406355,-0.0279329,5612.08,5,57.646,2363.69,2388.65,49.2849,1,2,0.9,0.0,0.0,5,0.0,0,True,1746969314.7797256,left,False
2831,1746969342.7298055,184.073,1.66812,-1.64759,0.408746,-0.0241187,5614.51,5,57.666,2364.74,2389.7,49.2846,1,2,0.9,0.0,0.0,5,0.0,0,True,1746969314.7797256,left,False
2832,1746969342.750531,184.134,1.6642,-1.45667,0.410874,-0.0202964,5615.59,5,57.686,2365.79,2390.75,49.2843,1,2,0.9,0.0,0.0,5,0.0,0,True,1746969314.7797256,left,False
2833,1746969342.7707458,184.194,1.66102,-1.25696,0.412742,-0.0164641,5616.44,5,57.706,2366.83,2391.8,49.2841,1,2,0.9,0.0,0.0,5,0.0,0,True,1746969314.7797256,left,False
2834,1746969342.789578,184.252,1.65961,-1.06765,0.414348,-0.0126241,5619.2,5,57.726,2367.88,2392.85,49.2838,1,2,0.9,0.0,0.0,5,0.0,0,True,1746969314.7797256,left,False
2835,1746969342.8113003,184.31,1.66031,-0.878727,0.415692,-0.00877506,5620.7,5,57.746,2368.93,2393.9,49.2835,1,2,0.9,0.0,0.0,5,0.0,0,True,1746969314.7797256,left,False
2836,1746969342.8292885,184.368,1.66141,-0.688987,0.416774,-0.0049184,5622.45,5,57.766,2369.98,2394.95,49.2833,1,2,0.9,0.0,0.0,5,0.0,0,True,1746969314.7797256,left,False
2837,1746969342.8510015,184.424,1.66391,-0.504561,0.417592,-0.00105602,5624.79,5,57.786,2371.03,2396,49.283,1,2,0.9,0.0,0.0,5,0.0,0,True,1746969314.7797256,left,False
2838,1746969342.8705692,184.48,1.66595,-0.305653,0.418148,0.00281161,5625.84,5,57.806,2372.09,2397.05,49.2827,1,2,0.9,0.0,0.0,5,0.0,0,True,1746969314.7797256,left,False
2839,1746969342.8892558,184.534,1.66911,-0.127413,0.41844,0.00668019,5628.9,5,57.826,2373.14,2398.1,49.2825,1,2,0.9,0.0,0.0,5,0.0,0,True,1746969314.7797256,left,False
2840,1746969342.9105756,184.588,1.67133,0.0568748,0.418468,0.0105459,5630.81,5,57.846,2374.19,2399.15,49.2822,1,2,0.9,0.0,0.0,5,0.0,0,True,1746969314.7797256,left,False
2841,1746969342.930256,184.642,1.67248,0.250954,0.418233,0.0144126,5631.47,5,57.866,2375.24,2400.21,49.2819,1,2,0.9,0.0,0.0,5,0.0,0,True,1746969314.7797256,left,False
2842,1746969342.9500859,184.695,1.67303,0.440443,0.417734,0.0182773,5633.63,5,57.886,2376.29,2401.26,49.2817,1,2,0.9,0.0,0.0,5,0.0,0,True,1746969314.7797256,left,False
2843,1746969342.971045,184.747,1.67307,0.627866,0.41697,0.0221373,5635.45,5,57.906,2377.35,2402.31,49.2814,1,2,0.9,0.0,0.0,5,0.0,0,True,1746969314.7797256,left,False
2844,1746969342.9900222,184.798,1.67222,0.808608,0.41594,0.0259926,5637.9,5,57.926,2378.4,2403.36,49.2811,1,2,0.9,0.0,0.0,5,0.0,0,True,1746969314.7797256,left,False
2845,1746969343.0087943,184.849,1.66999,1.0012,0.414647,0.0298426,5638.99,5,57.946,2379.45,2404.42,49.2809,1,2,0.9,0.0,0.0,5,0.0,0,True,1746969314.7797256,left,False
2846,1746969343.029322,184.9,1.66724,1.18759,0.413089,0.0336892,5639.74,5,57.966,2380.5,2405.47,49.2806,1,2,0.9,0.0,0.0,5,0.0,0,True,1746969314.7797256,left,False
2847,1746969343.0495255,184.949,1.66372,1.38164,0.411266,0.0375325,5641.24,5,57.986,2381.56,2406.52,49.2803,1,2,0.9,0.0,0.0,5,0.0,0,True,1746969314.7797256,left,False
2848,1746969343.070348,184.997,1.65989,1.57201,0.409178,0.041372,5643.36,5,58.006,2382.61,2407.57,49.2801,1,2,0.9,0.0,0.0,5,0.0,0,True,1746969314.7797256,left,False
2849,1746969343.0900218,185.045,1.65465,1.77673,0.406824,0.0452086,5643.83,5,58.026,2383.66,2408.63,49.2798,1,2,0.9,0.0,0.0,5,0.0,0,True,1746969314.7797256,left,False
2850,1746969343.1109474,185.091,1.65073,1.96588,0.404205,0.0490429,5646.58,5,58.046,2384.72,2409.68,49.2795,1,2,0.9,0.0,0.0,5,0.0,0,True,1746969314.7797256,left,False
2851,1746969343.1303644,185.138,1.6459,2.16095,0.40132,0.0528747,5647.42,5,58.066,2385.77,2410.73,49.2793,1,2,0.9,0.0,0.0,5,0.0,0,True,1746969314.7797256,left,False
2852,1746969343.1504092,185.184,1.64127,2.35515,0.398172,0.0567047,5648.39,5,58.086,2386.82,2411.79,49.279,1,2,0.9,0.0,0.0,5,0.0,0,True,1746969314.7797256,left,False
2853,1746969343.16889,185.23,1.6366,2.5538,0.394758,0.0605347,5649.42,5,58.106,2387.88,2412.84,49.2787,1,2,0.9,0.0,0.0,5,0.0,0,True,1746969314.7797256,left,False
2854,1746969343.1907108,185.274,1.63308,2.75071,0.391078,0.064367,5650.77,5,58.126,2388.93,2413.89,49.2785,1,2,0.9,0.0,0.0,5,0.0,0,True,1746969314.7797256,left,False
2855,1746969343.2108538,185.318,1.62977,2.95017,0.387134,0.0682012,5650.95,5,58.146,2389.98,2414.94,49.2782,1,2,0.9,0.0,0.0,5,0.0,0,True,1746969314.7797256,left,False
2856,1746969343.232886,185.36,1.6282,3.14803,0.382926,0.0720417,5652.95,5,58.166,2391.03,2416,49.2779,1,2,0.9,0.0,0.0,5,0.0,0,True,1746969314.7797256,left,False
2857,1746969343.2524064,185.403,1.62835,3.33916,0.378451,0.0758883,5654.35,5,58.186,2392.08,2417.05,49.2777,1,2,0.9,0.0,0.0,5,0.0,0,True,1746969314.7797256,right,False
2858,1746969343.2704558,185.444,1.62914,3.53873,0.373712,0.0797378,5654.71,5,58.206,2393.14,2418.1,49.2774,1,2,0.9,0.0,0.0,5,0.0,0,True,1746969314.7797256,right,False
2859,1746969343.2910013,185.485,1.63107,3.73388,0.36871,0.0835931,5656.05,5,58.226,2394.19,2419.15,49.2771,1,2,0.9,0.0,0.0,5,0.0,0,True,1746969314.7797256,right,False
2860,1746969343.3091264,185.524,1.6347,3.91741,0.363446,0.0874531,5657.79,5,58.246,2395.24,2420.2,49.2769,1,2,0.9,0.0,0.0,5,0.0,0,True,1746969314.7797256,right,False
2861,1746969343.3293717,185.563,1.63874,4.10716,0.357912,0.0913178,5659.29,5,58.266,2396.29,2421.25,49.2766,1,2,0.9,0.0,0.0,5,0.0,0,True,1746969314.7797256,right,False
2862,1746969343.3492744,185.601,1.64363,4.29203,0.352114,0.0951821,5660.78,5,58.286,2397.34,2422.3,49.2763,1,2,0.9,0.0,0.0,5,0.0,0,True,1746969314.7797256,right,False
2863,1746969343.3692174,185.639,1.64758,4.48645,0.346053,0.0990454,5661.91,5,58.306,2398.39,2423.35,49.2761,1,2,0.9,0.0,0.0,5,0.0,0,True,1746969314.7797256,right,False
2864,1746969343.391312,185.676,1.65193,4.67697,0.339728,0.10291,5662.51,5,58.326,2399.44,2424.4,49.2758,1,2,0.9,0.0,0.0,5,0.0,0,True,1746969314.7797256,right,False
2865,1746969343.4093864,185.712,1.65612,4.86273,0.33314,0.106772,5664.46,5,58.346,2400.48,2425.45,49.2755,1,2,0.9,0.0,0.0,5,0.0,0,True,1746969314.7797256,right,False
2866,1746969343.4294834,185.747,1.66019,5.05044,0.326288,0.110631,5665.68,5,58.366,2401.53,2426.5,49.2753,1,2,0.9,0.0,0.0,5,0.0,0,True,1746969314.7797256,right,False
2867,1746969343.4508915,185.781,1.6638,5.23511,0.319172,0.114485,5667.52,5,58.386,2402.58,2427.54,49.275,1,2,0.9,0.0,0.0,5,0.0,0,True,1746969314.7797256,right,False
2868,1746969343.4698796,185.816,1.66426,5.42846,0.311792,0.118326,5668.11,5,58.406,2403.62,2428.59,49.2747,1,2,0.9,0.0,0.0,5,0.0,0,True,1746969314.7797256,right,False
2869,1746969343.49087,185.848,1.66337,5.61366,0.304149,0.122153,5670.39,5,58.426,2404.67,2429.63,49.2745,1,2,0.9,0.0,0.0,5,0.0,0,True,1746969314.7797256,right,False
2870,1746969343.5096402,185.881,1.66078,5.80233,0.296242,0.12597,5671.02,5,58.446,2405.71,2430.68,49.2742,1,2,0.9,0.0,0.0,5,0.0,0,True,1746969314.7797256,right,False
2871,1746969343.5288546,185.913,1.65841,5.98464,0.288073,0.12978,5671.85,5,58.466,2406.76,2431.72,49.2739,1,2,0.9,0.0,0.0,5,0.0,0,True,1746969314.7797256,right,False
2872,1746969343.552902,185.945,1.65479,6.17392,0.279639,0.133582,5672.62,5,58.486,2407.8,2432.76,49.2737,1,2,0.9,0.0,0.1,5,0.0,0,True,1746969314.7797256,right,False
2873,1746969343.5704496,185.975,1.65093,6.35658,0.270943,0.137377,5674.03,5,58.506,2408.84,2433.81,49.2734,1,2,0.9,0.0,0.1,5,0.0,0,True,1746969314.7797256,right,False
2874,1746969343.590753,186.006,1.64596,6.54863,0.261984,0.141166,5674.15,5,58.526,2409.88,2434.85,49.2731,1,2,0.9,0.0,0.1,5,0.0,0,True,1746969314.7797256,right,False
2875,1746969343.6110084,186.021,1.81229,6.73573,0.252811,0.144126,5676.57,5,58.546,2410.92,2435.89,49.2729,1,2,0.9,0.0,0.1,5,0.0,0,True,1746969314.7797256,right,False
2876,1746969343.6306107,186.033,1.65986,6.90311,0.243512,0.144861,5680.98,5,58.566,2411.96,2436.93,49.2726,1,2,0.9,0.0,0.1,5,0.0,0,True,1746969314.7797256,right,False
2877,1746969343.6499338,186.049,1.15163,7.05247,0.234094,0.143599,5684.4,5,58.586,2413,2437.97,49.2723,1,2,0.9,0.0,0.1,5,0.0,0,True,1746969314.7797256,right,False
2878,1746969343.6699932,186.061,0.357369,7.17785,0.224568,0.140648,5690.03,5,58.606,2414.04,2439,49.2721,1,2,0.9,0.0,0.1,5,0.0,0,True,1746969314.7797256,right,False
2879,1746969343.6913562,186.067,-0.648288,7.28247,0.214954,0.136314,5695.23,5,58.626,2415.08,2440.04,49.2718,1,2,0.9,0.0,0.1,5,0.0,0,True,1746969314.7797256,right,False
2880,1746969343.710587,186.063,-1.80691,7.36171,0.205267,0.130892,5702.57,5,58.646,2416.11,2441.08,49.2715,1,2,0.9,0.0,0.1,5,0.0,0,True,1746969314.7797256,right,False
2881,1746969343.7314777,186.045,-3.06315,7.4152,0.195531,0.124667,5710.47,5,58.666,2417.15,2442.11,49.2713,1,2,0.9,0.0,0.1,5,0.0,0,True,1746969314.7797256,right,False
2882,1746969343.74979,186.01,-4.37105,7.45572,0.185767,0.117879,5720.88,5,58.686,2418.19,2443.15,49.271,1,2,0.9,0.0,0.1,5,0.0,0,True,1746969314.7797256,right,False
2883,1746969343.76926,185.96,-5.70067,7.47052,0.175993,0.110734,5732.2,5,58.706,2419.22,2444.18,49.2707,1,2,0.9,0.0,0.1,5,0.0,0,True,1746969314.7797256,right,False
2884,1746969343.79015,185.892,-7.0262,7.45966,0.166225,0.103412,5746.83,5,58.726,2420.25,2445.22,49.2705,1,2,0.9,0.0,0.1,5,0.0,0,True,1746969314.7797256,right,False
2885,1746969343.8106966,185.807,-8.32922,7.42836,0.156479,0.0960461,5764.18,5,58.746,2421.29,2446.25,49.2702,1,2,0.9,0.0,0.1,5,0.0,0,True,1746969314.7797256,right,False
2886,1746969343.831874,185.71,-9.59321,7.38349,0.146765,0.0887005,5779.97,5,58.766,2422.32,2447.28,49.2699,1,2,0.9,0.0,0.1,5,0.0,0,True,1746969314.7797256,right,False
2887,1746969343.8504324,185.597,-10.8199,7.32514,0.137095,0.0814282,5798.32,5,58.786,2423.35,2448.31,49.2696,1,2,0.9,0.0,0.1,5,0.0,0,True,1746969314.7797256,right,False
2888,1746969343.871271,185.474,-12.0046,7.25889,0.127476,0.0742523,5815.13,5,58.806,2424.38,2449.35,49.2694,1,2,0.9,0.0,0.1,5,0.0,0,True,1746969314.7797256,right,False
2889,1746969343.8911667,185.343,-13.148,7.18079,0.117919,0.0671732,5827.93,5,58.826,2425.41,2450.38,49.2691,1,2,0.9,0.0,0.1,5,0.0,0,True,1746969314.7797256,right,False
2890,1746969343.9107952,185.203,-14.2516,7.10178,0.10843,0.0601737,5837.38,5,58.846,2426.44,2451.4,49.2688,1,2,0.9,0.0,0.1,5,0.0,0,True,1746969314.7797256,right,False
2891,1746969343.9313989,185.055,-15.3238,7.0187,0.0990194,0.0532252,5844.03,5,58.866,2427.47,2452.43,49.2686,1,2,0.9,0.0,0.1,5,0.0,0,True,1746969314.7797256,right,False
2892,1746969343.9499586,184.901,-16.3613,6.93166,0.0896932,0.0463344,5845.82,5,58.886,2428.5,2453.46,49.2683,1,2,0.9,0.0,0.1,5,0.0,0,True,1746969314.7797256,right,False
2893,1746969343.9708176,184.736,-17.373,6.8464,0.0804586,0.0394899,5849.58,5,58.906,2429.52,2454.49,49.268,1,2,0.9,0.0,0.1,5,0.0,0,True,1746969314.7797256,right,False
2894,1746969343.9901764,184.561,-18.3665,6.75164,0.0713196,0.0327031,5855.18,5,58.926,2430.55,2455.51,49.2678,1,2,0.9,0.0,0.1,5,0.0,0,True,1746969314.7797256,right,False
2895,1746969344.0090563,184.378,-19.3266,6.66402,0.0622843,0.0259802,5859.66,5,58.946,2431.57,2456.54,49.2675,1,2,0.9,0.0,0.1,5,0.0,0,True,1746969314.7797256,right,False
2896,1746969344.0314562,184.186,-20.2622,6.56714,0.0533539,0.0193455,5867.64,5,58.966,2432.6,2457.56,49.2672,1,2,0.9,0.0,0.1,5,0.0,0,True,1746969314.7797256,right,False
2897,1746969344.0492353,183.989,-21.159,6.47724,0.0445343,0.0128128,5870.66,5,58.986,2433.62,2458.59,49.267,1,2,0.9,0.0,0.1,5,0.0,0,True,1746969314.7797256,right,False
2898,1746969344.069909,183.78,-22.0371,6.37459,0.0358297,0.00638979,5883.95,5,59.006,2434.65,2459.61,49.2667,1,2,0.9,0.0,0.1,5,0.0,0,True,1746969314.7797256,right,False
2899,1746969344.0912156,183.57,-22.8665,6.27491,0.027241,0.000133689,5893.29,5,59.026,2435.67,2460.63,49.2664,1,2,0.9,0.0,0.1,5,0.0,0,True,1746969314.7797256,right,False
2900,1746969344.110154,183.357,-23.6603,6.17568,0.0187734,-0.00594932,5900.99,5,59.046,2436.69,2461.65,49.2662,1,2,0.9,0.0,0.1,5,0.0,0,True,1746969314.7797256,right,False
2901,1746969344.1313918,183.137,-24.4107,6.0712,0.0104279,-0.0118344,5916.87,5,59.066,2437.71,2462.67,49.2659,1,2,0.9,0.0,0.1,5,0.0,0,True,1746969314.7797256,right,False
2902,1746969344.1511059,182.918,-25.1093,5.97002,0.0022054,-0.0174864,5928.86,5,59.086,2438.73,2463.69,49.2656,1,2,0.9,0.0,0.1,5,0.0,0,True,1746969314.7797256,right,False
2903,1746969344.1694956,182.701,-25.7467,5.86965,-0.00588786,-0.0228766,5940,5,59.106,2439.75,2464.71,49.2654,1,2,0.9,0.0,0.1,5,0.0,0,True,1746969314.7797256,right,False
2904,1746969344.1913984,182.484,-26.3369,5.76226,-0.0138509,-0.0279878,5955.73,5,59.126,2440.76,2465.73,49.2651,1,2,0.9,0.0,0.1,5,0.0,0,True,1746969314.7797256,right,False
2905,1746969344.2101674,182.272,-26.8579,5.6657,-0.0216838,-0.0328072,5965.32,5,59.146,2441.78,2466.74,49.2648,1,2,0.9,0.0,0.1,5,0.0,0,True,1746969314.7797256,right,False
2906,1746969344.229185,182.067,-27.3212,5.55819,-0.0293823,-0.03732,5976.14,5,59.166,2442.79,2467.76,49.2646,1,2,0.9,0.0,0.1,5,0.0,0,True,1746969314.7797256,right,False
2907,1746969344.249072,181.864,-27.7232,5.45289,-0.0369466,-0.041519,5989.16,5,59.186,2443.81,2468.77,49.2643,1,2,0.9,0.0,0.1,5,0.0,0,True,1746969314.7797256,right,False
2908,1746969344.2698264,181.661,-28.0666,5.34668,-0.0443766,-0.0453861,6011.54,5,59.206,2444.82,2469.78,49.264,1,2,0.9,0.0,0.1,5,0.0,0,True,1746969314.7797256,right,False
2909,1746969344.291203,181.477,-28.3265,5.24767,-0.0516703,-0.0488957,6019.16,5,59.226,2445.83,2470.8,49.2638,1,2,0.9,0.0,0.1,5,0.0,0,True,1746969314.7797256,right,False
2910,1746969344.3097532,181.297,-28.5387,5.14123,-0.0588267,-0.0520843,6032.89,5,59.246,2446.84,2471.81,49.2635,1,2,0.9,0.0,0.1,5,0.0,0,True,1746969314.7797256,right,False
2911,1746969344.3295743,181.127,-28.6674,5.04391,-0.0658447,-0.0548957,6043.86,5,59.266,2447.85,2472.82,49.2632,1,2,0.9,0.0,0.1,5,0.0,0,True,1746969314.7797256,right,False
2912,1746969344.3495767,180.965,-28.7447,4.93598,-0.0727224,-0.05736,6060.14,5,59.286,2448.86,2473.83,49.263,1,2,0.9,0.0,0.1,5,0.0,0,True,1746969314.7797256,right,False
2913,1746969344.3701842,180.824,-28.7361,4.83778,-0.0794586,-0.0594476,6061.22,5,59.306,2449.87,2474.83,49.2627,1,2,0.9,0.0,0.1,5,0.0,0,True,1746969314.7797256,right,False
2914,1746969344.3908372,180.688,-28.6704,4.73578,-0.0860535,-0.0611823,6070.01,5,59.326,2450.88,2475.84,49.2624,1,2,0.9,0.0,0.1,5,0.0,0,True,1746969314.7797256,right,False
2915,1746969344.409717,180.559,-28.5347,4.63754,-0.0925059,-0.062547,6084.99,5,59.346,2451.88,2476.85,49.2622,1,2,0.9,0.0,0.1,5,0.0,0,True,1746969314.7797256,right,False
2916,1746969344.429666,180.449,-28.3418,4.53231,-0.09882,-0.0635656,6087.74,5,59.366,2452.89,2477.85,49.2619,1,2,0.9,0.0,0.1,5,0.0,0,True,1746969314.7797256,right,False
2917,1746969344.449182,180.347,-28.088,4.43146,-0.104991,-0.0642632,6094.8,5,59.386,2453.89,2478.86,49.2616,1,2,0.9,0.0,0.1,5,0.0,0,True,1746969314.7797256,right,False
2918,1746969344.4708743,180.26,-27.7835,4.32498,-0.111024,-0.0646394,6095.51,5,59.406,2454.9,2479.86,49.2614,1,2,0.9,0.0,0.1,5,0.0,0,True,1746969314.7797256,right,False
2919,1746969344.491033,180.185,-27.4146,4.22842,-0.116918,-0.0647138,6093.32,5,59.426,2455.9,2480.86,49.2611,1,2,0.9,0.0,0.1,5,0.0,0,True,1746969314.7797256,right,False
2920,1746969344.510442,180.117,-27.0026,4.11936,-0.122672,-0.0644649,6096.69,5,59.446,2456.9,2481.86,49.2608,1,2,0.9,0.0,0.1,5,0.0,0,True,1746969314.7797256,right,False
2921,1746969344.5313802,180.066,-26.5297,4.02117,-0.128289,-0.0639132,6088.14,5,59.466,2457.9,2482.86,49.2606,1,2,0.9,0.0,0.1,5,0.0,0,True,1746969314.7797256,right,False
2922,1746969344.550213,180.02,-26.0063,3.91814,-0.13377,-0.0630491,6089.21,5,59.486,2458.9,2483.86,49.2603,1,2,0.9,0.0,0.1,5,0.0,0,True,1746969314.7797256,right,False
2923,1746969344.5711684,179.99,-25.4235,3.82367,-0.139112,-0.0618818,6081.1,5,59.506,2459.9,2484.86,49.26,1,2,0.9,0.0,0.1,5,0.0,0,True,1746969314.7797256,right,False
2924,1746969344.5917892,179.966,-24.8013,3.72271,-0.144319,-0.0604194,6076.63,5,59.526,2460.9,2485.86,49.2598,1,2,0.9,0.0,0.1,5,0.0,0,True,1746969314.7797256,right,False
2925,1746969344.6105394,179.946,-24.1341,3.62202,-0.149393,-0.0586665,6077.97,5,59.546,2461.89,2486.86,49.2595,1,2,0.9,0.0,0.1,5,0.0,0,True,1746969314.7797256,right,False
2926,1746969344.6340857,179.939,-23.4322,3.51641,-0.154338,-0.0566695,6069.23,5,59.566,2462.89,2487.85,49.2592,1,2,0.9,0.0,0.1,5,0.0,0,True,1746969314.7797256,right,False
2927,1746969344.6513393,179.938,-22.6887,3.41771,-0.159156,-0.0544446,6064.91,5,59.586,2463.89,2488.85,49.259,1,2,0.9,0.0,0.1,5,0.0,0,True,1746969314.7797256,right,False
2928,1746969344.6708944,179.951,-21.9071,3.32421,-0.163848,-0.0519813,6051.36,5,59.606,2464.88,2489.84,49.2587,1,2,0.9,0.0,0.2,5,0.0,0,True,1746969314.7797256,right,False
2929,1746969344.689587,179.965,-21.0943,3.229,-0.168415,-0.0492886,6043.06,5,59.626,2465.87,2490.84,49.2584,1,2,0.9,0.0,0.2,5,0.0,0,True,1746969314.7797256,right,False
2930,1746969344.7098773,179.993,-20.2486,3.13775,-0.172866,-0.046388,6021.26,5,59.646,2466.87,2491.83,49.2582,1,2,0.9,0.0,0.2,5,0.0,0,True,1746969314.7797256,right,False
2931,1746969344.7291918,179.998,-19.3611,3.04374,-0.17719,-0.043361,6009.56,5,59.666,2467.86,2492.83,49.2579,1,2,0.9,0.0,0.2,5,0.0,0,True,1746969314.7797256,right,False
2932,1746969344.7501295,179.994,-18.4763,2.95477,-0.181385,-0.0403817,5998.7,5,59.686,2468.85,2493.82,49.2576,1,2,0.9,0.0,0.2,5,0.0,0,True,1746969314.7797256,right,False
2933,1746969344.7698793,179.987,-17.6117,2.86432,-0.185455,-0.0374692,5991.53,5,59.706,2469.85,2494.81,49.2574,1,2,0.9,0.0,0.2,5,0.0,0,True,1746969314.7797256,right,False
2934,1746969344.790598,179.981,-16.7691,2.78291,-0.189404,-0.0346301,5983.34,5,59.726,2470.84,2495.8,49.2571,1,2,0.9,0.0,0.2,5,0.0,0,True,1746969314.7797256,right,False
2935,1746969344.8089745,179.972,-15.9649,2.7038,-0.193234,-0.0319274,5974.32,5,59.746,2471.83,2496.79,49.2568,1,2,0.9,0.0,0.2,5,0.0,0,True,1746969314.7797256,right,False
2936,1746969344.830651,179.962,-15.2064,2.6103,-0.19695,-0.0293949,5969.13,5,59.766,2472.82,2497.78,49.2566,1,2,0.9,0.0,0.2,5,0.0,0,True,1746969314.7797256,right,False
2937,1746969344.84982,179.95,-14.4931,2.52879,-0.200558,-0.0270703,5961.82,5,59.786,2473.81,2498.77,49.2563,1,2,0.9,0.0,0.2,5,0.0,0,True,1746969314.7797256,right,False
2938,1746969344.87051,179.94,-13.8248,2.44862,-0.204061,-0.0249746,5949.59,5,59.806,2474.8,2499.76,49.256,1,2,0.9,0.0,0.2,5,0.0,0,True,1746969314.7797256,right,False
2939,1746969344.8911932,179.929,-13.2167,2.37038,-0.20746,-0.0231555,5935.01,5,59.826,2475.79,2500.75,49.2558,1,2,0.9,0.0,0.2,5,0.0,0,True,1746969314.7797256,right,False
2940,1746969344.9108505,179.914,-12.6767,2.29216,-0.210758,-0.0216487,5926.5,5,59.846,2476.78,2501.74,49.2555,1,2,0.9,0.0,0.2,5,0.0,0,True,1746969314.7797256,right,False
2941,1746969344.9297414,179.902,-12.1912,2.21473,-0.21396,-0.0204437,5907.58,5,59.866,2477.76,2502.73,49.2552,1,2,0.9,0.0,0.2,5,0.0,0,True,1746969314.7797256,right,False
2942,1746969344.9495947,179.886,-11.7807,2.14532,-0.217066,-0.0195988,5893,5,59.886,2478.75,2503.72,49.255,1,2,0.9,0.0,0.2,5,0.0,0,True,1746969314.7797256,right,False
2943,1746969344.9719903,179.873,-11.432,2.08708,-0.220078,-0.0191634,5867.45,5,59.906,2479.74,2504.7,49.2547,1,2,0.9,0.0,0.2,5,0.0,0,True,1746969314.7797256,right,False
2944,1746969344.9905756,179.852,-11.1709,2.01919,-0.222995,-0.0191549,5849.89,5,59.926,2480.73,2505.69,49.2544,1,2,0.9,0.0,0.2,5,0.0,0,True,1746969314.7797256,right,False
2945,1746969345.0112126,179.829,-10.9874,1.96351,-0.225819,-0.0195926,5830.97,5,59.946,2481.71,2506.68,49.2542,1,2,0.9,0.0,0.2,5,0.0,0,True,1746969314.7797256,right,False
2946,1746969345.0295959,179.8,-10.8824,1.90148,-0.228548,-0.0204676,5810.9,5,59.966,2482.7,2507.66,49.2539,1,2,0.9,0.0,0.2,5,0.0,0,True,1746969314.7797256,right,False
2947,1746969345.0502872,179.763,-10.8598,1.84066,-0.231184,-0.0217784,5801.39,5,59.986,2483.69,2508.65,49.2536,1,2,0.9,0.0,0.2,5,0.0,0,True,1746969314.7797256,right,False
2948,1746969345.0708303,179.723,-10.9056,1.78427,-0.233727,-0.0235174,5787.93,5,60.006,2484.67,2509.64,49.2534,1,2,0.9,0.0,0.2,5,0.0,0,True,1746969314.7797256,right,False
2949,1746969345.0910356,179.677,-11.0239,1.72591,-0.236172,-0.0256704,5776.43,5,60.026,2485.66,2510.62,49.2531,1,2,0.9,0.0,0.2,5,0.0,0,True,1746969314.7797256,right,False
2950,1746969345.1098235,179.623,-11.2081,1.66137,-0.238521,-0.0281971,5769.87,5,60.046,2486.64,2511.61,49.2528,1,2,0.9,0.0,0.2,5,0.0,0,True,1746969314.7797256,right,False
2951,1746969345.1299274,179.564,-11.4501,1.59787,-0.240773,-0.0310753,5765,5,60.066,2487.63,2512.59,49.2526,1,2,0.9,0.0,0.2,5,0.0,0,True,1746969314.7797256,right,False
2952,1746969345.1524577,179.499,-11.7372,1.53453,-0.242922,-0.0342658,5760.23,5,60.086,2488.61,2513.58,49.2523,1,2,0.9,0.0,0.2,5,0.0,0,True,1746969314.7797256,right,False
2953,1746969345.1698277,179.425,-12.0806,1.46356,-0.24497,-0.0377505,5761.93,5,60.106,2489.6,2514.56,49.252,1,2,0.9,0.0,0.2,5,0.0,0,True,1746969314.7797256,right,False
2954,1746969345.1899676,179.347,-12.4651,1.3907,-0.246913,-0.0415176,5761.75,5,60.126,2490.58,2515.55,49.2518,1,2,0.9,0.0,0.30000000000000004,5,0.0,0,True,1746969314.7797256,right,False
2955,1746969345.2109563,179.263,-12.8839,1.32024,-0.248745,-0.0455454,5759.23,5,60.146,2491.57,2516.53,49.2515,1,2,0.9,0.0,0.30000000000000004,5,0.0,0,True,1746969314.7797256,right,False
2956,1746969345.2320178,179.171,-13.3374,1.24419,-0.250468,-0.0498026,5761.71,5,60.166,2492.55,2517.51,49.2512,1,2,0.9,0.0,0.30000000000000004,5,0.0,0,True,1746969314.7797256,right,False
2957,1746969345.2505846,179.048,-13.8084,1.16601,-0.252074,-0.0542968,5766.01,5,60.186,2493.53,2518.5,49.251,1,2,0.9,0.0,0.30000000000000004,5,0.0,0,True,1746969314.7797256,right,False
2958,1746969345.270055,178.907,-14.3186,1.08461,-0.253555,-0.0591062,5775.75,5,60.206,2494.51,2519.48,49.2507,1,2,0.9,0.0,0.30000000000000004,5,0.0,0,True,1746969314.7797256,right,False
2959,1746969345.2907712,178.757,-14.8766,0.99443,-0.254911,-0.0642031,5786.55,5,60.226,2495.5,2520.46,49.2504,1,2,0.9,0.0,0.30000000000000004,5,0.0,0,True,1746969314.7797256,right,False
2960,1746969345.3089821,178.598,-15.4678,0.908812,-0.256138,-0.0695499,5796.51,5,60.246,2496.48,2521.44,49.2502,1,2,0.9,0.0,0.30000000000000004,5,0.0,0,True,1746969314.7797256,right,False
2961,1746969345.3304029,178.43,-16.0895,0.814086,-0.257234,-0.075074,5811.58,5,60.266,2497.46,2522.42,49.2499,1,2,0.9,0.0,0.30000000000000004,5,0.0,0,True,1746969314.7797256,right,False
2962,1746969345.350595,178.255,-16.73,0.721919,-0.258196,-0.0807689,5824.17,5,60.286,2498.44,2523.4,49.2496,1,2,0.9,0.0,0.30000000000000004,5,0.0,0,True,1746969314.7797256,right,False
2963,1746969345.3696003,178.07,-17.3918,0.623832,-0.259023,-0.0865968,5839.57,5,60.306,2499.42,2524.38,49.2494,1,2,0.9,0.0,0.30000000000000004,5,0.0,0,True,1746969314.7797256,right,False
2964,1746969345.3900964,177.878,-18.0658,0.523585,-0.259715,-0.0925172,5853.09,5,60.326,2500.39,2525.36,49.2491,1,2,0.9,0.0,0.30000000000000004,5,0.0,0,True,1746969314.7797256,right,False
2965,1746969345.4114645,177.681,-18.7432,0.42652,-0.260267,-0.0985225,5864,5,60.346,2501.37,2526.34,49.2488,1,2,0.9,0.0,0.30000000000000004,5,0.0,0,True,1746969314.7797256,right,False
2966,1746969345.4339893,177.476,-19.4326,0.318547,-0.260677,-0.104598,5879.34,5,60.366,2502.35,2527.31,49.2486,1,2,0.9,0.0,0.30000000000000004,5,0.0,0,True,1746969314.7797256,right,False
2967,1746969345.4515536,177.265,-20.1131,0.213958,-0.260947,-0.110696,5891.74,5,60.386,2503.32,2528.29,49.2483,1,2,0.9,0.0,0.30000000000000004,5,0.0,0,True,1746969314.7797256,right,False
2968,1746969345.469266,177.045,-20.7964,0.103222,-0.261073,-0.1168,5911.73,5,60.406,2504.3,2529.26,49.248,1,2,0.9,0.0,0.30000000000000004,5,0.0,0,True,1746969314.7797256,right,False
2969,1746969345.490867,176.823,-21.4649,-0.00412925,-0.261052,-0.122894,5923.7,5,60.426,2505.27,2530.24,49.2478,1,2,0.9,0.0,0.0,5,0.0,0,True,1746969314.7797256,left,False
2970,1746969345.509478,176.597,-22.125,-0.112161,-0.260888,-0.128959,5933.96,5,60.446,2506.25,2531.21,49.2475,1,2,0.9,0.0,0.0,5,0.0,0,True,1746969314.7797256,left,False
2971,1746969345.5319285,176.366,-22.7648,-0.225784,-0.260572,-0.134967,5944.39,5,60.466,2507.22,2532.19,49.2472,1,2,0.9,0.0,0.0,5,0.0,0,True,1746969314.7797256,left,False
2972,1746969345.5498114,176.155,-23.4128,-0.337626,-0.26011,-0.140886,5964.83,5,60.486,2508.19,2533.16,49.247,1,2,0.9,0.0,0.0,5,0.0,0,True,1746969314.7797256,left,False
2973,1746969345.572491,176,-24.0622,-0.450268,-0.259517,-0.146396,5978.31,5,60.506,2509.17,2534.13,49.2467,1,2,0.9,0.0,0.0,5,0.0,0,True,1746969314.7797256,left,False
2974,1746969345.5901952,175.888,-24.6007,-0.557653,-0.258806,-0.151213,5960.78,5,60.526,2510.14,2535.1,49.2464,1,2,0.9,0.0,0.0,5,0.0,0,True,1746969314.7797256,left,False
2975,1746969345.6095304,175.799,-25.0044,-0.659826,-0.257975,-0.155339,5933.15,5,60.546,2511.11,2536.07,49.2462,1,2,0.9,0.0,0.0,5,0.0,0,True,1746969314.7797256,left,False
2976,1746969345.6301036,175.731,-25.2758,-0.759542,-0.257019,-0.158794,5897.76,5,60.566,2512.08,2537.04,49.2459,1,2,0.9,0.0,0.0,5,0.0,0,True,1746969314.7797256,left,False
2977,1746969345.6504078,175.683,-25.4203,-0.850651,-0.255933,-0.161586,5858.05,5,60.586,2513.05,2538.02,49.2456,1,2,0.9,0.0,0.0,5,0.0,0,True,1746969314.7797256,left,False
2978,1746969345.670037,175.645,-25.4481,-0.943911,-0.254713,-0.16374,5827.74,5,60.606,2514.02,2538.99,49.2453,1,2,0.9,0.0,0.0,5,0.0,0,True,1746969314.7797256,left,False
2979,1746969345.6917403,175.617,-25.373,-1.04408,-0.253362,-0.165279,5805.1,5,60.626,2514.99,2539.96,49.2451,1,2,0.9,0.0,0.0,5,0.0,0,True,1746969314.7797256,left,False
2980,1746969345.709602,175.604,-25.1878,-1.14173,-0.251878,-0.166218,5785.44,5,60.646,2515.96,2540.93,49.2448,1,2,0.9,0.0,0.0,5,0.0,0,True,1746969314.7797256,left,False
2981,1746969345.7295253,175.609,-24.8926,-1.22883,-0.25026,-0.166546,5761.07,5,60.666,2516.93,2541.9,49.2445,1,2,0.9,0.0,0.0,5,0.0,0,True,1746969314.7797256,left,False
2982,1746969345.7513373,175.623,-24.498,-1.33162,-0.248513,-0.166262,5749.39,5,60.686,2517.9,2542.87,49.2443,1,2,0.9,0.0,0.0,5,0.0,0,True,1746969314.7797256,left,False
2983,1746969345.7704082,175.651,-24.0017,-1.42164,-0.246633,-0.165394,5737.16,5,60.706,2518.87,2543.84,49.244,1,2,0.9,0.0,0.0,5,0.0,0,True,1746969314.7797256,left,False
2984,1746969345.790054,175.699,-23.4032,-1.51205,-0.244625,-0.163931,5721.33,5,60.726,2519.84,2544.81,49.2437,1,2,0.9,0.0,0.0,5,0.0,0,True,1746969314.7797256,left,False
2985,1746969345.8106906,175.751,-22.7258,-1.61336,-0.242489,-0.162095,5716.33,5,60.746,2520.82,2545.78,49.2435,1,2,0.9,0.0,0.0,5,0.0,0,True,1746969314.7797256,left,False
2986,1746969345.8319657,175.818,-21.9524,-1.70949,-0.240202,-0.160129,5711.1,5,60.766,2521.79,2546.75,49.2432,1,2,0.9,0.0,0.0,5,0.0,0,True,1746969314.7797256,left,False
2987,1746969345.8493395,175.892,-21.0939,-1.80174,-0.237754,-0.157607,5711.21,5,60.786,2522.76,2547.72,49.2429,1,2,0.9,0.0,0.0,5,0.0,0,True,1746969314.7797256,left,False
2988,1746969345.870034,175.982,-20.1625,-1.90601,-0.235156,-0.154527,5706.63,5,60.806,2523.73,2548.7,49.2427,1,2,0.9,0.0,0.0,5,0.0,0,True,1746969314.7797256,left,False
2989,1746969345.8913379,176.085,-19.154,-2.00794,-0.232412,-0.150935,5696.93,5,60.826,2524.7,2549.67,49.2424,1,2,0.9,0.0,0.0,5,0.0,0,True,1746969314.7797256,left,False
2990,1746969345.9101393,176.198,-18.0775,-2.10801,-0.229529,-0.146843,5684.12,5,60.846,2525.67,2550.64,49.2421,1,2,0.9,0.0,0.0,5,0.0,0,True,1746969314.7797256,left,False
2991,1746969345.9322271,176.319,-16.9475,-2.21386,-0.226516,-0.142293,5670,5,60.866,2526.65,2551.61,49.2419,1,2,0.9,0.0,0.0,5,0.0,0,True,1746969314.7797256,left,False
2992,1746969345.9498975,176.45,-15.7643,-2.31517,-0.223383,-0.137335,5650.2,5,60.886,2527.62,2552.58,49.2416,1,2,0.9,0.0,0.0,5,0.0,0,True,1746969314.7797256,left,False
2993,1746969345.9693153,176.588,-14.5414,-2.41236,-0.220135,-0.132001,5622.57,5,60.906,2528.59,2553.56,49.2413,1,2,0.9,0.0,0.0,5,0.0,0,True,1746969314.7797256,left,False
2994,1746969345.9915817,176.73,-13.2887,-2.50548,-0.216783,-0.126343,5593.93,5,60.926,2529.56,2554.53,49.2411,1,2,0.9,0.0,0.0,5,0.0,0,True,1746969314.7797256,left,False
2995,1746969346.0112448,176.874,-12.016,-2.58561,-0.213342,-0.120413,5559.82,5,60.946,2530.54,2555.5,49.2408,1,2,0.9,0.0,0.0,5,0.0,0,True,1746969314.7797256,left,False
2996,1746969346.0292156,177.01,-10.7491,-2.66944,-0.209825,-0.114272,5536.23,5,60.966,2531.51,2556.47,49.2405,1,2,0.9,0.0,0.0,5,0.0,0,True,1746969314.7797256,left,False
2997,1746969346.0503669,177.142,-9.49153,-2.73577,-0.206242,-0.107988,5509.55,5,60.986,2532.48,2557.45,49.2403,1,2,0.9,0.0,0.0,5,0.0,0,True,1746969314.7797256,left,False
2998,1746969346.074193,177.266,-8.26303,-2.7955,-0.202608,-0.101615,5491.63,5,61.006,2533.46,2558.42,49.24,1,2,0.9,0.0,0.0,5,0.0,0,True,1746969314.7797256,left,False
2999,1746969346.0923924,177.381,-7.07936,-2.8423,-0.198952,-0.0952218,5477.8,5,61.026,2534.43,2559.4,49.2397,1,2,0.9,0.0,0.0,5,0.0,0,True,1746969314.7797256,right,False
3000,1746969346.1108809,177.49,-5.9487,-2.87325,-0.195282,-0.0888541,5463.81,5,61.046,2535.41,2560.37,49.2395,1,2,0.9,0.0,0.0,5,0.0,0,True,1746969314.7797256,right,False
3001,1746969346.131372,177.589,-4.88706,-2.88941,-0.19162,-0.082567,5457.59,5,61.066,2536.38,2561.35,49.2392,1,2,0.9,0.0,0.0,5,0.0,0,True,1746969314.7797256,right,False
3002,1746969346.1494837,177.682,-3.89994,-2.89025,-0.187988,-0.0763972,5452.11,5,61.086,2537.36,2562.32,49.2389,1,2,0.9,0.0,0.0,5,0.0,0,True,1746969314.7797256,right,False
3003,1746969346.1699545,177.77,-2.99212,-2.88087,-0.184408,-0.0703753,5449.13,5,61.106,2538.34,2563.3,49.2387,1,2,0.9,0.0,0.0,5,0.0,0,True,1746969314.7797256,right,False
3004,1746969346.1914003,177.852,-2.16622,-2.8473,-0.180896,-0.064523,5446.57,5,61.126,2539.31,2564.28,49.2384,1,2,0.9,0.0,0.0,5,0.0,0,True,1746969314.7797256,right,False
3005,1746969346.2133203,177.931,-1.42331,-2.79514,-0.177476,-0.0588616,5444.47,5,61.146,2540.29,2565.26,49.2381,1,2,0.9,0.0,0.0,5,0.0,0,True,1746969314.7797256,right,False
3006,1746969346.2290823,178.006,-0.7625,-2.72019,-0.17416,-0.0534008,5443.33,5,61.166,2541.27,2566.24,49.2379,1,2,0.9,0.0,0.0,5,0.0,0,True,1746969314.7797256,right,False
3007,1746969346.2500732,178.078,-0.181634,-2.63566,-0.17097,-0.048147,5442.85,5,61.186,2542.25,2567.22,49.2376,1,2,0.9,0.0,0.0,5,0.0,0,True,1746969314.7797256,right,False
3008,1746969346.273587,178.147,0.322804,-2.53565,-0.167918,-0.043103,5443.88,5,61.206,2543.23,2568.2,49.2373,1,2,0.9,0.0,0.0,5,0.0,0,True,1746969314.7797256,right,False
3009,1746969346.2897124,178.215,0.755484,-2.40883,-0.165019,-0.0382679,5443.42,5,61.226,2544.21,2569.18,49.2371,1,2,0.9,0.0,0.0,5,0.0,0,True,1746969314.7797256,right,False
3010,1746969346.3096378,178.28,1.1211,-2.27558,-0.162288,-0.0336373,5445.14,5,61.246,2545.19,2570.16,49.2368,1,2,0.9,0.0,0.1,5,0.0,0,True,1746969314.7797256,right,False
3011,1746969346.3302858,178.345,1.42555,-2.13264,-0.159731,-0.0292056,5446.38,5,61.266,2546.18,2571.14,49.2365,1,2,0.9,0.0,0.1,5,0.0,0,True,1746969314.7797256,right,False
3012,1746969346.3513818,178.408,1.67416,-1.97579,-0.157359,-0.0249623,5448.38,5,61.286,2547.16,2572.12,49.2363,1,2,0.9,0.0,0.1,5,0.0,0,True,1746969314.7797256,right,False
3013,1746969346.3710883,178.458,2.04025,-1.81337,-0.155133,-0.0216911,5450.88,5,61.306,2548.14,2573.11,49.236,1,2,0.9,0.0,0.1,5,0.0,0,True,1746969314.7797256,right,False
3014,1746969346.3900578,178.505,2.07558,-1.66134,-0.152976,-0.0207127,5455.82,5,61.326,2549.13,2574.09,49.2357,1,2,0.9,0.0,0.1,5,0.0,0,True,1746969314.7797256,right,False
3015,1746969346.41085,178.556,1.74256,-1.53276,-0.150887,-0.0217984,5461.41,5,61.346,2550.11,2575.07,49.2355,1,2,0.9,0.0,0.1,5,0.0,0,True,1746969314.7797256,right,False
3016,1746969346.432698,178.61,1.11849,-1.41212,-0.148853,-0.0246533,5466.16,5,61.366,2551.09,2576.06,49.2352,1,2,0.9,0.0,0.1,5,0.0,0,True,1746969314.7797256,right,False
3017,1746969346.4497018,178.66,0.270763,-1.30461,-0.146863,-0.0289949,5471.01,5,61.386,2552.08,2577.04,49.2349,1,2,0.9,0.0,0.1,5,0.0,0,True,1746969314.7797256,right,False
3018,1746969346.4696283,178.703,-0.742852,-1.22323,-0.1449,-0.0345295,5477.55,5,61.406,2553.06,2578.03,49.2347,1,2,0.9,0.0,0.1,5,0.0,0,True,1746969314.7797256,right,False
3019,1746969346.489207,178.735,-1.86671,-1.16061,-0.142938,-0.0409926,5483.89,5,61.426,2554.05,2579.01,49.2344,1,2,0.9,0.0,0.1,5,0.0,0,True,1746969314.7797256,right,False
3020,1746969346.509596,178.754,-3.0633,-1.12663,-0.140961,-0.0481384,5492.56,5,61.446,2555.03,2580,49.2341,1,2,0.9,0.0,0.1,5,0.0,0,True,1746969314.7797256,right,False
3021,1746969346.531097,178.757,-4.29762,-1.11957,-0.138944,-0.0557492,5503.2,5,61.466,2556.02,2580.98,49.2339,1,2,0.9,0.0,0.1,5,0.0,0,True,1746969314.7797256,right,False
3022,1746969346.5514677,178.745,-5.54357,-1.13771,-0.136875,-0.0636457,5515.63,5,61.486,2557.01,2581.97,49.2336,1,2,0.9,0.0,0.1,5,0.0,0,True,1746969314.7797256,right,False
3023,1746969346.5710547,178.717,-6.78128,-1.17712,-0.134737,-0.0716942,5532.28,5,61.506,2557.99,2582.96,49.2333,1,2,0.9,0.0,0.1,5,0.0,0,True,1746969314.7797256,right,False
3024,1746969346.5892415,178.675,-7.9996,-1.23612,-0.132518,-0.0798019,5548.35,5,61.526,2558.98,2583.94,49.2331,1,2,0.9,0.0,0.1,5,0.0,0,True,1746969314.7797256,right,False
3025,1746969346.6091018,178.618,-9.19841,-1.3134,-0.13021,-0.08792,5568.1,5,61.546,2559.97,2584.93,49.2328,1,2,0.9,0.0,0.1,5,0.0,0,True,1746969314.7797256,right,False
3026,1746969346.6293979,178.549,-10.3636,-1.39935,-0.127806,-0.0959862,5587.19,5,61.566,2560.95,2585.92,49.2325,1,2,0.9,0.0,0.1,5,0.0,0,True,1746969314.7797256,right,False
3027,1746969346.650217,178.466,-11.5014,-1.50609,-0.125293,-0.103997,5609.54,5,61.586,2561.94,2586.9,49.2323,1,2,0.9,0.0,0.1,5,0.0,0,True,1746969314.7797256,right,False
3028,1746969346.6709108,178.374,-12.6095,-1.61838,-0.122668,-0.111945,5629.84,5,61.606,2562.93,2587.89,49.232,1,2,0.9,0.0,0.1,5,0.0,0,True,1746969314.7797256,right,False
3029,1746969346.6895936,178.275,-13.6855,-1.73607,-0.119926,-0.119825,5646.59,5,61.626,2563.91,2588.88,49.2317,1,2,0.9,0.0,0.1,5,0.0,0,True,1746969314.7797256,right,False
3030,1746969346.710256,178.171,-14.7292,-1.85903,-0.117061,-0.127629,5655.13,5,61.646,2564.9,2589.86,49.2315,1,2,0.9,0.0,0.1,5,0.0,0,True,1746969314.7797256,right,False
3031,1746969346.7310839,178.056,-15.75,-1.98647,-0.11406,-0.135379,5670.06,5,61.666,2565.89,2590.85,49.2312,1,2,0.9,0.0,0.1,5,0.0,0,True,1746969314.7797256,right,False
3032,1746969346.7504275,177.938,-16.7399,-2.11368,-0.110923,-0.143079,5672.82,5,61.686,2566.87,2591.84,49.2309,1,2,0.9,0.0,0.1,5,0.0,0,True,1746969314.7797256,right,False
3033,1746969346.7727132,177.809,-17.7022,-2.23458,-0.107644,-0.150716,5680.56,5,61.706,2567.86,2592.82,49.2307,1,2,0.9,0.0,0.1,5,0.0,0,True,1746969314.7797256,right,False
3034,1746969346.7898035,177.672,-18.6452,-2.37301,-0.10422,-0.158286,5688.21,5,61.726,2568.84,2593.81,49.2304,1,2,0.9,0.0,0.1,5,0.0,0,True,1746969314.7797256,right,False
3035,1746969346.809568,177.526,-19.5564,-2.50278,-0.100643,-0.165757,5700.42,5,61.746,2569.83,2594.79,49.2301,1,2,0.9,0.0,0.1,5,0.0,0,True,1746969314.7797256,right,False
3036,1746969346.8315916,177.376,-20.4365,-2.63779,-0.0969137,-0.173116,5708.89,5,61.766,2570.81,2595.78,49.2299,1,2,0.9,0.0,0.1,5,0.0,0,True,1746969314.7797256,right,False
3037,1746969346.851469,177.219,-21.2763,-2.76521,-0.0930257,-0.180323,5720.14,5,61.786,2571.8,2596.76,49.2296,1,2,0.9,0.0,0.1,5,0.0,0,True,1746969314.7797256,right,False
3038,1746969346.872231,177.057,-22.075,-2.89458,-0.088973,-0.187331,5733.31,5,61.806,2572.79,2597.75,49.2293,1,2,0.9,0.0,0.0,5,0.0,0,True,1746969314.7797256,left,False
3039,1746969346.89033,176.893,-22.828,-3.02637,-0.0847595,-0.194155,5745.26,5,61.826,2573.77,2598.73,49.2291,1,2,0.9,0.0,0.0,5,0.0,0,True,1746969314.7797256,left,False
3040,1746969346.911589,176.725,-23.5457,-3.15715,-0.0803792,-0.20078,5761.81,5,61.846,2574.75,2599.72,49.2288,1,2,0.9,0.0,0.0,5,0.0,0,True,1746969314.7797256,left,False
3041,1746969346.929592,176.573,-24.2502,-3.29663,-0.0758423,-0.207049,5785.11,5,61.866,2575.74,2600.7,49.2285,1,2,0.9,0.0,0.0,5,0.0,0,True,1746969314.7797256,left,False
3042,1746969346.9505167,176.453,-24.8442,-3.41661,-0.0711548,-0.212704,5787.29,5,61.886,2576.72,2601.69,49.2283,1,2,0.9,0.0,0.0,5,0.0,0,True,1746969314.7797256,left,False
3043,1746969346.9690251,176.348,-25.323,-3.54733,-0.0663147,-0.217756,5785.74,5,61.906,2577.71,2602.67,49.228,1,2,0.9,0.0,0.0,5,0.0,0,True,1746969314.7797256,left,False
3044,1746969346.9915042,176.256,-25.6902,-3.67107,-0.06132,-0.222218,5782.32,5,61.926,2578.69,2603.65,49.2277,1,2,0.9,0.0,0.0,5,0.0,0,True,1746969314.7797256,left,False
3045,1746969347.0092735,176.175,-25.9503,-3.79212,-0.0561625,-0.226118,5781.55,5,61.946,2579.67,2604.64,49.2275,1,2,0.9,0.0,0.0,5,0.0,0,True,1746969314.7797256,left,False
3046,1746969347.0307639,176.107,-26.1025,-3.91608,-0.0508464,-0.229441,5783.75,5,61.966,2580.66,2605.62,49.2272,1,2,0.9,0.0,0.0,5,0.0,0,True,1746969314.7797256,left,False
3047,1746969347.0503297,176.06,-26.1526,-4.03398,-0.0453674,-0.232204,5773.38,5,61.986,2581.64,2606.6,49.2269,1,2,0.9,0.0,0.0,5,0.0,0,True,1746969314.7797256,left,False
3048,1746969347.0716252,176.023,-26.0956,-4.14868,-0.0397257,-0.234396,5773.41,5,62.006,2582.62,2607.59,49.2267,1,2,0.9,0.0,0.0,5,0.0,0,True,1746969314.7797256,left,False
3049,1746969347.0912461,176.002,-25.9447,-4.26628,-0.0339172,-0.236033,5771.8,5,62.026,2583.61,2608.57,49.2264,1,2,0.9,0.0,0.0,5,0.0,0,True,1746969314.7797256,left,False
3050,1746969347.109157,175.996,-25.6947,-4.38297,-0.027948,-0.237101,5770.19,5,62.046,2584.59,2609.55,49.2261,1,2,0.9,0.0,0.0,5,0.0,0,True,1746969314.7797256,left,False
3051,1746969347.1293876,176.003,-25.3517,-4.50217,-0.021814,-0.237619,5772.8,5,62.066,2585.57,2610.54,49.2259,1,2,0.9,0.0,0.0,5,0.0,0,True,1746969314.7797256,left,False
3052,1746969347.1509655,176.025,-24.9137,-4.61333,-0.0155192,-0.237596,5772.18,5,62.086,2586.55,2611.52,49.2256,1,2,0.9,0.0,0.0,5,0.0,0,True,1746969314.7797256,left,False
3053,1746969347.1699953,176.065,-24.3856,-4.72873,-0.00906169,-0.237026,5769.12,5,62.106,2587.54,2612.5,49.2253,1,2,0.9,0.0,0.0,5,0.0,0,True,1746969314.7797256,left,False
3054,1746969347.1913092,176.117,-23.782,-4.84815,-0.00244954,-0.235946,5769.19,5,62.126,2588.52,2613.48,49.2251,1,2,0.9,0.0,0.0,5,0.0,0,True,1746969314.7797256,left,False
3055,1746969347.2093575,176.18,-23.0899,-4.96577,0.00431315,-0.234338,5770.92,5,62.146,2589.5,2614.46,49.2248,1,2,0.9,0.0,0.0,5,0.0,0,True,1746969314.7797256,left,False
3056,1746969347.2304475,176.26,-22.3093,-5.08193,0.0112325,-0.232182,5768.41,5,62.166,2590.48,2615.45,49.2245,1,2,0.9,0.0,0.0,5,0.0,0,True,1746969314.7797256,left,False
3057,1746969347.251268,176.362,-21.4461,-5.19005,0.0182983,-0.229512,5751.77,5,62.186,2591.46,2616.43,49.2243,1,2,0.9,0.0,0.0,5,0.0,0,True,1746969314.7797256,left,False
3058,1746969347.2715154,176.471,-20.5049,-5.29641,0.0255127,-0.226342,5739.43,5,62.206,2592.45,2617.41,49.224,1,2,0.9,0.0,0.0,5,0.0,0,True,1746969314.7797256,left,False
3059,1746969347.291673,176.591,-19.4989,-5.40275,0.0328674,-0.222714,5724.98,5,62.226,2593.43,2618.39,49.2237,1,2,0.9,0.0,0.0,5,0.0,0,True,1746969314.7797256,left,False
3060,1746969347.3114102,176.727,-18.426,-5.50775,0.0403605,-0.218635,5700.56,5,62.246,2594.41,2619.37,49.2235,1,2,0.9,0.0,0.0,5,0.0,0,True,1746969314.7797256,left,False
3061,1746969347.3324282,176.863,-17.2991,-5.60527,0.0479818,-0.214128,5682.2,5,62.266,2595.39,2620.36,49.2232,1,2,0.9,0.0,0.0,5,0.0,0,True,1746969314.7797256,left,False
3062,1746969347.3493047,177.008,-16.1207,-5.70417,0.0557251,-0.209215,5659.57,5,62.286,2596.38,2621.34,49.2229,1,2,0.9,0.0,0.0,5,0.0,0,True,1746969314.7797256,left,False
3063,1746969347.3691587,177.157,-14.9035,-5.79975,0.0635864,-0.203936,5635.13,5,62.306,2597.36,2622.32,49.2227,1,2,0.9,0.0,0.0,5,0.0,0,True,1746969314.7797256,left,False
3064,1746969347.3907235,177.314,-13.6491,-5.88112,0.0715515,-0.198339,5602.19,5,62.326,2598.34,2623.31,49.2224,1,2,0.9,0.0,0.0,5,0.0,0,True,1746969314.7797256,left,False
3065,1746969347.4108024,177.461,-12.3807,-5.96232,0.0796102,-0.19245,5579.47,5,62.346,2599.33,2624.29,49.2221,1,2,0.9,0.0,0.0,5,0.0,0,True,1746969314.7797256,left,False
3066,1746969347.4323828,177.614,-11.1001,-6.02696,0.0877523,-0.186331,5549.95,5,62.366,2600.31,2625.28,49.2219,1,2,0.9,0.0,0.0,5,0.0,0,True,1746969314.7797256,left,False
3067,1746969347.4511578,177.755,-9.83767,-6.09647,0.0959635,-0.180044,5531.34,5,62.386,2601.3,2626.26,49.2216,1,2,0.9,0.0,0.0,5,0.0,0,True,1746969314.7797256,left,False
3068,1746969347.4694262,177.89,-8.59735,-6.15141,0.104222,-0.173644,5513.59,5,62.406,2602.28,2627.25,49.2213,1,2,0.9,0.0,0.0,5,0.0,0,True,1746969314.7797256,left,False
3069,1746969347.4894125,178.021,-7.3966,-6.19453,0.112516,-0.167206,5497.62,5,62.426,2603.27,2628.24,49.2211,1,2,0.9,0.0,0.0,5,0.0,0,True,1746969314.7797256,left,False
3070,1746969347.5094838,178.143,-6.24829,-6.22575,0.120823,-0.160781,5486.38,5,62.446,2604.26,2629.22,49.2208,1,2,0.9,0.0,0.0,5,0.0,0,True,1746969314.7797256,left,False
3071,1746969347.530625,178.256,-5.16316,-6.241,0.129128,-0.154412,5479.02,5,62.466,2605.25,2630.21,49.2205,1,2,0.9,0.0,0.0,5,0.0,0,True,1746969314.7797256,left,False
3072,1746969347.5510507,178.363,-4.15246,-6.24427,0.137404,-0.148149,5474.11,5,62.486,2606.24,2631.2,49.2202,1,2,0.9,0.0,0.0,5,0.0,0,True,1746969314.7797256,left,False
3073,1746969347.5719318,178.464,-3.21926,-6.2238,0.145636,-0.142026,5469.64,5,62.506,2607.23,2632.19,49.22,1,2,0.9,0.0,0.0,5,0.0,0,True,1746969314.7797256,left,False
3074,1746969347.5894961,178.56,-2.37044,-6.19803,0.1538,-0.13607,5467.9,5,62.526,2608.22,2633.19,49.2197,1,2,0.9,0.0,0.0,5,0.0,0,True,1746969314.7797256,left,False
3075,1746969347.6106708,178.652,-1.60391,-6.1499,0.161877,-0.130298,5466.44,5,62.546,2609.21,2634.18,49.2194,1,2,0.9,0.0,0.0,5,0.0,0,True,1746969314.7797256,left,False
3076,1746969347.6314716,178.739,-0.92119,-6.08488,0.169853,-0.124727,5466.39,5,62.566,2610.21,2635.17,49.2192,1,2,0.9,0.0,0.0,5,0.0,0,True,1746969314.7797256,left,False
3077,1746969347.649201,178.824,-0.318684,-5.99816,0.177704,-0.11936,5466.07,5,62.586,2611.2,2636.17,49.2189,1,2,0.9,0.0,0.0,5,0.0,0,True,1746969314.7797256,left,False
3078,1746969347.6693943,178.906,0.206515,-5.90137,0.185421,-0.1142,5467.04,5,62.606,2612.2,2637.16,49.2186,1,2,0.9,0.0,0.0,5,0.0,0,True,1746969314.7797256,left,False
3079,1746969347.6905174,178.986,0.6585,-5.78033,0.192985,-0.109248,5466.89,5,62.626,2613.2,2638.16,49.2184,1,2,0.9,0.0,0.0,5,0.0,0,True,1746969314.7797256,left,False
3080,1746969347.711045,179.064,1.04227,-5.65489,0.20038,-0.104502,5469.31,5,62.646,2614.19,2639.16,49.2181,1,2,0.9,0.0,0.0,5,0.0,0,True,1746969314.7797256,left,False
3081,1746969347.7327724,179.141,1.36245,-5.50743,0.207605,-0.0999544,5470.75,5,62.666,2615.19,2640.16,49.2178,1,2,0.9,0.0,0.0,5,0.0,0,True,1746969314.7797256,left,False
3082,1746969347.7542975,179.216,1.62532,-5.35307,0.214642,-0.0955995,5472.23,5,62.686,2616.19,2641.16,49.2176,1,2,0.9,0.0,0.0,5,0.0,0,True,1746969314.7797256,left,False
3083,1746969347.7706184,179.292,1.83551,-5.17945,0.221486,-0.0914243,5473.06,5,62.706,2617.2,2642.16,49.2173,1,2,0.9,0.0,0.0,5,0.0,0,True,1746969314.7797256,left,False
3084,1746969347.7919035,179.365,2.00101,-5.01311,0.228133,-0.0874198,5476.15,5,62.726,2618.2,2643.16,49.217,1,2,0.9,0.0,0.0,5,0.0,0,True,1746969314.7797256,left,False
3085,1746969347.8095698,179.44,2.12419,-4.8258,0.234572,-0.0835717,5476.49,5,62.746,2619.2,2644.17,49.2168,1,2,0.9,0.0,0.0,5,0.0,0,True,1746969314.7797256,left,False
3086,1746969347.829659,179.514,2.21265,-4.63776,0.2408,-0.0798662,5477.42,5,62.766,2620.21,2645.17,49.2165,1,2,0.9,0.0,0.0,5,0.0,0,True,1746969314.7797256,left,False
3087,1746969347.850691,179.586,2.2722,-4.44809,0.246818,-0.0762857,5480.42,5,62.786,2621.21,2646.18,49.2162,1,2,0.9,0.0,0.0,5,0.0,0,True,1746969314.7797256,left,False
3088,1746969347.8710687,179.658,2.3071,-4.25691,0.25262,-0.0728152,5482.13,5,62.806,2622.22,2647.18,49.216,1,2,0.9,0.0,0.0,5,0.0,0,True,1746969314.7797256,left,False
3089,1746969347.8913221,179.73,2.32286,-4.06138,0.258203,-0.0694373,5483.61,5,62.826,2623.23,2648.19,49.2157,1,2,0.9,0.0,0.0,5,0.0,0,True,1746969314.7797256,left,False
3090,1746969347.9091718,179.8,2.32435,-3.87433,0.263572,-0.0661352,5486.17,5,62.846,2624.24,2649.2,49.2154,1,2,0.9,0.0,0.0,5,0.0,0,True,1746969314.7797256,left,False
3091,1746969347.9302218,179.871,2.31431,-3.6915,0.268726,-0.0628966,5488.93,5,62.866,2625.24,2650.21,49.2152,1,2,0.9,0.0,0.0,5,0.0,0,True,1746969314.7797256,left,False
3092,1746969347.9501162,179.941,2.29628,-3.51207,0.273657,-0.0597075,5490.6,5,62.886,2626.26,2651.22,49.2149,1,2,0.9,0.0,0.0,5,0.0,0,True,1746969314.7797256,left,False
3093,1746969347.9701586,180.011,2.27202,-3.3271,0.278373,-0.0565589,5492.11,5,62.906,2627.27,2652.23,49.2146,1,2,0.9,0.0,0.0,5,0.0,0,True,1746969314.7797256,left,False
3094,1746969347.9912698,180.079,2.24513,-3.16298,0.282874,-0.0534452,5495,5,62.926,2628.28,2653.24,49.2144,1,2,0.9,0.0,0.0,5,0.0,0,True,1746969314.7797256,left,False
3095,1746969348.0101047,180.148,2.2143,-2.99031,0.287158,-0.0503586,5496.89,5,62.946,2629.29,2654.26,49.2141,1,2,0.9,0.0,0.0,5,0.0,0,True,1746969314.7797256,left,False
3096,1746969348.031222,180.215,2.18313,-2.82633,0.291227,-0.0472916,5499.3,5,62.966,2630.31,2655.27,49.2138,1,2,0.9,0.0,0.0,5,0.0,0,True,1746969314.7797256,left,False
3097,1746969348.0488868,180.282,2.15037,-2.66002,0.295081,-0.0442441,5501.26,5,62.986,2631.32,2656.28,49.2136,1,2,0.9,0.0,0.0,5,0.0,0,True,1746969314.7797256,left,False
3098,1746969348.069671,180.348,2.11796,-2.5089,0.29872,-0.041209,5504.33,5,63.006,2632.34,2657.3,49.2133,1,2,0.9,0.0,0.0,5,0.0,0,True,1746969314.7797256,left,False
3099,1746969348.0910563,180.415,2.08548,-2.35004,0.30215,-0.0381869,5505.46,5,63.026,2633.35,2658.32,49.213,1,2,0.9,0.0,0.0,5,0.0,0,True,1746969314.7797256,left,False
3100,1746969348.1114957,180.48,2.05457,-2.20012,0.305365,-0.0351728,5508.17,5,63.046,2634.37,2659.33,49.2128,1,2,0.9,0.0,0.0,5,0.0,0,True,1746969314.7797256,left,False
3101,1746969348.1337461,180.544,2.0242,-2.05124,0.308368,-0.0321663,5511.37,5,63.066,2635.39,2660.35,49.2125,1,2,0.9,0.0,0.0,5,0.0,0,True,1746969314.7797256,left,False
3102,1746969348.1506097,180.609,1.99476,-1.90361,0.311159,-0.0291646,5513.2,5,63.086,2636.4,2661.37,49.2122,1,2,0.9,0.0,0.0,5,0.0,0,True,1746969314.7797256,left,False
3103,1746969348.1701524,180.672,1.96648,-1.75893,0.313741,-0.0261672,5515.22,5,63.106,2637.42,2662.39,49.212,1,2,0.9,0.0,0.0,5,0.0,0,True,1746969314.7797256,left,False
3104,1746969348.1896567,180.735,1.9396,-1.61597,0.316113,-0.0231732,5517.81,5,63.126,2638.44,2663.41,49.2117,1,2,0.9,0.0,0.0,5,0.0,0,True,1746969314.7797256,left,False
3105,1746969348.2122722,180.799,1.91268,-1.4644,0.318276,-0.0201824,5518.5,5,63.146,2639.46,2664.43,49.2114,1,2,0.9,0.0,0.0,5,0.0,0,True,1746969314.7797256,left,False
3106,1746969348.2309535,180.86,1.88871,-1.32141,0.320229,-0.0171912,5520.93,5,63.166,2640.48,2665.45,49.2112,1,2,0.9,0.0,0.0,5,0.0,0,True,1746969314.7797256,left,False
3107,1746969348.2495725,180.922,1.8656,-1.17489,0.321975,-0.0142005,5522.22,5,63.186,2641.5,2666.47,49.2109,1,2,0.9,0.0,0.0,5,0.0,0,True,1746969314.7797256,left,False
3108,1746969348.269553,180.983,1.84318,-1.02438,0.323509,-0.0112088,5524.01,5,63.206,2642.53,2667.49,49.2106,1,2,0.9,0.0,0.0,5,0.0,0,True,1746969314.7797256,left,False
3109,1746969348.2908587,181.043,1.82263,-0.875338,0.324837,-0.00821764,5526.05,5,63.226,2643.55,2668.51,49.2104,1,2,0.9,0.0,0.0,5,0.0,0,True,1746969314.7797256,left,False
3110,1746969348.310602,181.103,1.80409,-0.731166,0.325958,-0.00522405,5527.54,5,63.246,2644.57,2669.53,49.2101,1,2,0.9,0.0,0.0,5,0.0,0,True,1746969314.7797256,left,False
3111,1746969348.3310251,181.162,1.78756,-0.590003,0.326874,-0.0022257,5530.31,5,63.266,2645.59,2670.56,49.2098,1,2,0.9,0.0,0.0,5,0.0,0,True,1746969314.7797256,left,False
3112,1746969348.3509698,181.221,1.77247,-0.440152,0.32758,0.000778373,5531.22,5,63.286,2646.62,2671.58,49.2096,1,2,0.9,0.0,0.0,5,0.0,0,True,1746969314.7797256,left,False
3113,1746969348.372263,181.279,1.75889,-0.292967,0.328078,0.00378674,5532.41,5,63.306,2647.64,2672.6,49.2093,1,2,0.9,0.0,0.0,5,0.0,0,True,1746969314.7797256,left,False
3114,1746969348.3898997,181.337,1.74668,-0.139381,0.328369,0.00680035,5534.19,5,63.326,2648.66,2673.63,49.209,1,2,0.9,0.0,0.0,5,0.0,0,True,1746969314.7797256,left,False
3115,1746969348.4108682,181.394,1.73636,0.00672031,0.328455,0.00982064,5536.04,5,63.346,2649.69,2674.65,49.2088,1,2,0.9,0.0,0.0,5,0.0,0,True,1746969314.7797256,left,False
3116,1746969348.4323986,181.449,1.72807,0.154141,0.328335,0.0128462,5538.15,5,63.366,2650.71,2675.68,49.2085,1,2,0.9,0.0,0.0,5,0.0,0,True,1746969314.7797256,left,False
3117,1746969348.4499567,181.505,1.71949,0.307369,0.328007,0.0158731,5539.31,5,63.386,2651.74,2676.7,49.2082,1,2,0.9,0.0,0.0,5,0.0,0,True,1746969314.7797256,left,False
3118,1746969348.4749408,181.56,1.71337,0.450864,0.327472,0.0189034,5541.6,5,63.406,2652.76,2677.73,49.208,1,2,0.9,0.0,0.0,5,0.0,0,True,1746969314.7797256,left,False
3119,1746969348.4927053,181.614,1.70716,0.602017,0.326729,0.0219375,5543.03,5,63.426,2653.79,2678.75,49.2077,1,2,0.9,0.0,0.0,6,0.0,0,False,1746969348.476842,left,False
3120,1746969348.5111377,181.668,1.70249,0.746462,0.325781,0.0249755,5545.14,5,63.446,2654.82,2679.78,49.2074,1,2,0.9,0.0,0.0,6,0.0,0,False,1746969348.476842,left,False
3121,1746969348.5293107,181.721,1.69798,0.893828,0.324628,0.0280129,5546.72,5,63.466,2655.84,2680.81,49.2072,1,2,0.9,0.0,0.0,6,0.0,0,False,1746969348.476842,left,False
3122,1746969348.5511053,181.774,1.69393,1.04422,0.323267,0.0310542,5547.93,5,63.486,2656.87,2681.83,49.2069,1,2,0.9,0.0,0.0,6,0.0,0,False,1746969348.476842,left,False
3123,1746969348.571404,181.825,1.69094,1.19002,0.321698,0.0340969,5550.7,5,63.506,2657.89,2682.86,49.2066,1,2,0.9,0.0,0.0,6,0.0,0,False,1746969348.476842,left,False
3124,1746969348.5889103,181.878,1.68637,1.34889,0.319922,0.0371391,5550.46,5,63.526,2658.92,2683.88,49.2064,1,2,0.9,0.0,0.0,6,0.0,0,False,1746969348.476842,left,False
3125,1746969348.609314,181.928,1.68419,1.49199,0.31794,0.0401847,5552.97,5,63.546,2659.95,2684.91,49.2061,1,2,0.9,0.0,0.0,6,0.0,0,False,1746969348.476842,left,False
3126,1746969348.63132,181.978,1.68155,1.64477,0.315753,0.0432326,5554.13,5,63.566,2660.97,2685.94,49.2058,1,2,0.9,0.0,0.0,6,0.0,0,False,1746969348.476842,left,False
3127,1746969348.6496077,182.028,1.67977,1.79456,0.313357,0.046281,5555.34,5,63.586,2662,2686.96,49.2056,1,2,0.9,0.0,0.0,6,0.0,0,False,1746969348.476842,left,False
3128,1746969348.670394,182.077,1.67812,1.94652,0.310754,0.0493314,5557.41,5,63.606,2663.03,2687.99,49.2053,1,2,0.9,0.0,0.0,6,0.0,0,False,1746969348.476842,left,False
3129,1746969348.6911209,182.125,1.67677,2.0946,0.307945,0.0523812,5559.47,5,63.626,2664.05,2689.02,49.205,1,2,0.9,0.0,0.0,6,0.0,0,False,1746969348.476842,left,False
3130,1746969348.7113142,182.173,1.67508,2.24454,0.30493,0.0554306,5560.39,5,63.646,2665.08,2690.04,49.2048,1,2,0.9,0.0,0.0,6,0.0,0,False,1746969348.476842,left,False
3131,1746969348.7330348,182.22,1.6735,2.39813,0.301707,0.05848,5562,5,63.666,2666.11,2691.07,49.2045,1,2,0.9,0.0,0.0,6,0.0,0,False,1746969348.476842,left,False
3132,1746969348.7501287,182.267,1.67184,2.5488,0.298275,0.0615279,5563.03,5,63.686,2667.13,2692.1,49.2042,1,2,0.9,0.0,0.0,6,0.0,0,False,1746969348.476842,left,False
3133,1746969348.769351,182.313,1.67042,2.69959,0.294637,0.0645758,5564.99,5,63.706,2668.16,2693.12,49.204,1,2,0.9,0.0,0.0,6,0.0,0,False,1746969348.476842,left,False
3134,1746969348.7902744,182.359,1.66943,2.85073,0.290792,0.0676243,5566.27,5,63.726,2669.19,2694.15,49.2037,1,2,0.9,0.0,0.0,6,0.0,0,False,1746969348.476842,left,False
3135,1746969348.8114455,182.404,1.66789,3.00625,0.286741,0.0706732,5566.97,5,63.746,2670.21,2695.18,49.2034,1,2,0.9,0.0,0.0,6,0.0,0,False,1746969348.476842,left,False
3136,1746969348.8292918,182.448,1.66757,3.15073,0.282481,0.0737221,5568.61,5,63.766,2671.24,2696.2,49.2032,1,2,0.9,0.0,0.0,6,0.0,0,False,1746969348.476842,left,False
3137,1746969348.8503575,182.492,1.66701,3.29983,0.278015,0.0767714,5570.61,5,63.786,2672.27,2697.23,49.2029,1,2,0.9,0.0,0.0,6,0.0,0,False,1746969348.476842,left,False
3138,1746969348.8712692,182.536,1.66643,3.45011,0.273342,0.0798199,5571.22,5,63.806,2673.29,2698.26,49.2026,1,2,0.9,0.0,0.0,6,0.0,0,False,1746969348.476842,left,False
3139,1746969348.8911602,182.579,1.6657,3.60755,0.268463,0.0828702,5572.01,5,63.826,2674.32,2699.28,49.2024,1,2,0.9,0.0,0.0,6,0.0,0,False,1746969348.476842,left,False
3140,1746969348.9096568,182.62,1.66617,3.75313,0.263375,0.08592,5574.27,5,63.846,2675.34,2700.31,49.2021,1,2,0.9,0.0,0.0,6,0.0,0,False,1746969348.476842,left,False
3141,1746969348.9319513,182.662,1.66606,3.9056,0.258081,0.0889689,5575.19,5,63.866,2676.37,2701.33,49.2018,1,2,0.9,0.0,0.0,6,0.0,0,False,1746969348.476842,left,False
3142,1746969348.9489577,182.701,1.66654,4.04365,0.25258,0.092015,5578.16,5,63.886,2677.39,2702.36,49.2016,1,2,0.9,0.0,0.0,6,0.0,0,False,1746969348.476842,left,False
3143,1746969348.974335,182.74,1.66706,4.16499,0.246946,0.0923163,5582.46,5,63.906,2678.41,2703.37,49.2013,1,2,0.9,0.0,0.0,6,0.0,0,False,1746969348.476842,left,False
3144,1746969348.993255,182.778,1.66594,4.26546,0.241333,0.0919129,5586.78,5,63.926,2679.42,2704.38,49.201,1,2,0.9,0.0,0.0,6,0.0,0,False,1746969348.476842,left,False
3145,1746969349.0090737,182.816,1.66329,4.34597,0.235745,0.0914876,5591.48,5,63.946,2680.43,2705.39,49.2008,1,2,0.9,0.0,0.0,6,0.0,0,False,1746969348.476842,left,False
3146,1746969349.0330188,182.855,1.65949,4.39636,0.230185,0.091036,5595.48,5,63.966,2681.44,2706.41,49.2005,1,2,0.9,0.0,0.0,6,0.0,0,False,1746969348.476842,left,False
3147,1746969349.0507212,182.893,1.65692,4.40878,0.224653,0.0905692,5600.39,5,63.986,2682.45,2707.42,49.2002,1,2,0.9,0.0,0.0,6,0.0,0,False,1746969348.476842,left,False
3148,1746969349.0741098,182.936,1.65261,4.40565,0.218602,0.0900342,5603.8,5,64.008,2683.57,2708.53,49.1999,1,2,0.9,0.0,0.0,6,0.0,0,False,1746969348.476842,left,False
3149,1746969349.096654,182.978,1.64984,4.36413,0.212589,0.0894844,5609.66,5,64.03,2684.68,2709.65,49.1996,1,2,0.9,0.0,0.0,6,0.0,0,False,1746969348.476842,left,False
3150,1746969349.1162221,183.022,1.64613,4.30567,0.206614,0.0889193,5613.02,5,64.052,2685.8,2710.76,49.1993,1,2,0.9,0.0,0.0,6,0.0,0,False,1746969348.476842,left,False
3151,1746969349.1393485,183.067,1.64242,4.24399,0.200678,0.0883447,5615.66,5,64.074,2686.91,2711.88,49.199,1,2,0.9,0.0,0.0,6,0.0,0,False,1746969348.476842,left,False
3152,1746969349.161629,183.112,1.63857,4.15915,0.194782,0.0877597,5617.48,5,64.096,2688.03,2712.99,49.1988,1,2,0.9,0.0,0.0,6,0.0,0,False,1746969348.476842,left,False
3153,1746969349.1824903,183.157,1.63465,4.07819,0.188926,0.0871717,5619.61,5,64.118,2689.14,2714.11,49.1985,1,2,0.9,0.0,0.0,6,0.0,0,False,1746969348.476842,left,False
3154,1746969349.2052543,183.204,1.63028,3.9989,0.183111,0.0865838,5620.16,5,64.14,2690.26,2715.22,49.1982,1,2,0.9,0.0,0.0,6,0.0,0,False,1746969348.476842,left,False
3155,1746969349.2274797,183.251,1.62748,3.91823,0.177337,0.086002,5620.26,5,64.162,2691.38,2716.34,49.1979,1,2,0.9,0.0,0.0,6,0.0,0,False,1746969348.476842,left,False
3156,1746969349.2494082,183.298,1.6254,3.84565,0.171602,0.0854284,5620.85,5,64.184,2692.49,2717.46,49.1976,1,2,0.9,0.0,0.0,6,0.0,0,False,1746969348.476842,left,False
3157,1746969349.270493,183.345,1.62467,3.78654,0.165908,0.0848676,5620.41,5,64.206,2693.61,2718.57,49.1973,1,2,0.9,0.0,0.0,6,0.0,0,False,1746969348.476842,left,False
3158,1746969349.2946737,183.393,1.62635,3.72843,0.160254,0.0843231,5619.17,5,64.228,2694.73,2719.69,49.197,1,2,0.9,0.0,0.0,6,0.0,0,False,1746969348.476842,left,False
3159,1746969349.3139975,183.439,1.63094,3.67262,0.15464,0.0837948,5620.72,5,64.25,2695.85,2720.81,49.1967,1,2,0.9,0.0,0.0,6,0.0,0,False,1746969348.476842,left,False
3160,1746969349.3373115,183.486,1.6367,3.62415,0.149065,0.0832841,5621.51,5,64.272,2696.96,2721.93,49.1964,1,2,0.9,0.0,0.0,6,0.0,0,False,1746969348.476842,left,False
3161,1746969349.3584888,183.534,1.64464,3.58775,0.143528,0.0827915,5620.8,5,64.294,2698.08,2723.05,49.1961,1,2,0.9,0.0,0.0,6,0.0,0,False,1746969348.476842,left,False
3162,1746969349.380681,183.581,1.65459,3.55487,0.13803,0.0823151,5621.43,5,64.316,2699.2,2724.17,49.1958,1,2,0.9,0.0,0.0,6,0.0,0,False,1746969348.476842,left,False
3163,1746969349.4058628,183.627,1.66606,3.52304,0.13257,0.0818526,5622.57,5,64.338,2700.32,2725.28,49.1955,1,2,0.9,0.0,0.0,6,0.0,0,False,1746969348.476842,left,False
3164,1746969349.4232435,183.674,1.67848,3.49481,0.127147,0.0814025,5623.43,5,64.36,2701.44,2726.4,49.1952,1,2,0.9,0.0,0.0,6,0.0,0,False,1746969348.476842,left,False
3165,1746969349.4475095,183.72,1.69121,3.4708,0.121761,0.0809609,5624.83,5,64.382,2702.56,2727.52,49.1949,1,2,0.9,0.0,0.0,6,0.0,0,False,1746969348.476842,left,False
3166,1746969349.469927,183.767,1.70425,3.45026,0.116411,0.080526,5626.37,5,64.404,2703.68,2728.64,49.1946,1,2,0.9,0.0,0.0,6,0.0,0,False,1746969348.476842,left,False
3167,1746969349.4915118,183.813,1.71683,3.43394,0.111097,0.080095,5627.62,5,64.426,2704.8,2729.76,49.1943,1,2,0.9,0.0,0.0,6,0.0,0,False,1746969348.476842,left,False
3168,1746969349.516303,183.859,1.72897,3.41537,0.10582,0.0796654,5629.61,5,64.448,2705.92,2730.88,49.1941,1,2,0.9,0.0,0.0,6,0.0,0,False,1746969348.476842,left,False
3169,1746969349.5332417,183.906,1.73985,3.40495,0.100577,0.0792362,5630.65,5,64.47,2707.04,2732.01,49.1938,1,2,0.9,0.0,0.0,6,0.0,0,False,1746969348.476842,left,False
3170,1746969349.5580819,183.952,1.75062,3.37887,0.0953692,0.0788032,5633.62,5,64.492,2708.16,2733.13,49.1935,1,2,0.8,0.0,0.0,5,0.0,0,False,1746969349.5417929,left,False
3171,1746969349.58059,183.998,1.75878,3.36557,0.0901965,0.0783636,5635.23,5,64.514,2709.28,2734.25,49.1932,1,2,0.8,0.0,0.0,5,0.0,0,False,1746969349.5417929,left,False
3172,1746969349.6015103,184.045,1.76527,3.34657,0.0850581,0.0779177,5636.07,5,64.536,2710.41,2735.37,49.1929,1,2,0.8,0.0,0.0,5,0.0,0,False,1746969349.5417929,left,False
3173,1746969349.6231267,184.087,1.77052,3.33346,0.0799544,0.0774676,5625.15,5,64.558,2711.53,2736.49,49.1926,1,2,0.8,0.0,0.0,5,0.0,0,False,1746969349.5417929,left,False
3174,1746969349.6454782,184.121,1.77529,3.31015,0.0748854,0.0770141,5624.16,5,64.58,2712.65,2737.62,49.1924,1,2,0.8,0.0,0.0,5,0.0,0,False,1746969349.5417929,left,False
3175,1746969349.666632,184.153,1.77884,3.28942,0.069851,0.0765578,5624.59,5,64.602,2713.77,2738.74,49.1921,1,2,0.8,0.0,0.0,5,0.0,0,False,1746969349.5417929,left,False
3176,1746969349.6882753,184.186,1.78032,3.28132,0.0648512,0.0760938,5625.1,5,64.624,2714.9,2739.86,49.1919,1,2,0.8,0.0,0.0,5,0.0,0,False,1746969349.5417929,left,False
3177,1746969349.7114444,184.218,1.78213,3.2587,0.0598859,0.0756256,5626.96,5,64.646,2716.02,2740.98,49.1916,1,2,0.8,0.0,0.0,5,0.0,0,False,1746969349.5417929,left,False
3178,1746969349.7312036,184.25,1.78268,3.23591,0.0549548,0.075154,5627.91,5,64.668,2717.14,2742.11,49.1914,1,2,0.8,0.0,0.0,5,0.0,0,False,1746969349.5417929,left,False
3179,1746969349.7547824,184.283,1.78298,3.21884,0.0500584,0.0746819,5628.4,5,64.69,2718.27,2743.23,49.1911,1,2,0.8,0.0,0.0,5,0.0,0,False,1746969349.5417929,left,False
3180,1746969349.7753386,184.316,1.78305,3.19839,0.0451967,0.074208,5629.77,5,64.712,2719.39,2744.36,49.1909,1,2,0.8,0.0,0.0,5,0.0,0,False,1746969349.5417929,left,False
3181,1746969349.7994728,184.348,1.78336,3.17247,0.0403695,0.0737345,5630.71,5,64.734,2720.52,2745.48,49.1906,1,2,0.8,0.0,0.0,5,0.0,0,False,1746969349.5417929,left,False
3182,1746969349.8213456,184.381,1.78451,3.14769,0.0355771,0.0732619,5631.48,5,64.756,2721.64,2746.6,49.1904,1,2,0.8,0.0,0.0,5,0.0,0,False,1746969349.5417929,left,False
3183,1746969349.8422492,184.414,1.78488,3.13283,0.0308194,0.0727913,5632.42,5,64.778,2722.77,2747.73,49.1901,1,2,0.8,0.0,0.0,5,0.0,0,False,1746969349.5417929,left,False
3184,1746969349.8637652,184.447,1.78633,3.10853,0.0260963,0.072323,5633.03,5,64.8,2723.89,2748.85,49.1899,1,2,0.8,0.0,0.0,5,0.0,0,False,1746969349.5417929,left,False
3185,1746969349.884901,184.48,1.7887,3.07925,0.021408,0.0718581,5634.9,5,64.822,2725.02,2749.98,49.1896,1,2,0.8,0.0,0.0,5,0.0,0,False,1746969349.5417929,left,False
3186,1746969349.906957,184.514,1.79045,3.0588,0.0167544,0.0713956,5634.73,5,64.844,2726.14,2751.1,49.1894,1,2,0.8,0.0,0.0,5,0.0,0,False,1746969349.5417929,left,False
3187,1746969349.9312837,184.546,1.7934,3.03245,0.0121355,0.0709349,5636.98,5,64.866,2727.27,2752.23,49.1891,1,2,0.8,0.0,0.0,5,0.0,0,False,1746969349.5417929,left,False
3188,1746969349.951916,184.579,1.79602,3.01056,0.00755126,0.0704772,5637.67,5,64.888,2728.39,2753.36,49.1889,1,2,0.8,0.0,0.0,5,0.0,0,False,1746969349.5417929,left,False
3189,1746969349.974255,184.613,1.79889,2.98921,0.0030014,0.0700208,5637.78,5,64.91,2729.52,2754.48,49.1886,1,2,0.8,0.0,0.0,5,0.0,0,False,1746969349.5417929,left,False
3190,1746969349.9954226,184.646,1.80187,2.96605,-0.00151399,0.0695659,5639.38,5,64.932,2730.64,2755.61,49.1883,1,2,0.8,0.0,0.0,5,0.0,0,False,1746969349.5417929,left,False
3191,1746969350.0183103,184.68,1.80494,2.94009,-0.00599499,0.0691129,5640.02,5,64.954,2731.77,2756.74,49.1881,1,2,0.8,0.0,0.0,5,0.0,0,False,1746969349.5417929,left,False
3192,1746969350.0402849,184.713,1.80765,2.91478,-0.0104417,0.0686595,5641.64,5,64.976,2732.9,2757.86,49.1878,1,2,0.8,0.0,0.0,5,0.0,0,False,1746969349.5417929,left,False
3193,1746969350.0638263,184.747,1.81097,2.89212,-0.0148542,0.0682089,5642.04,5,64.998,2734.02,2758.99,49.1876,1,2,0.8,0.0,0.0,5,0.0,0,False,1746969349.5417929,left,False
3194,1746969350.0844905,184.78,1.81391,2.86803,-0.0192324,0.0677578,5643.01,5,65.02,2735.15,2760.12,49.1873,1,2,0.8,0.0,0.0,5,0.0,0,False,1746969349.5417929,left,False
3195,1746969350.105393,184.813,1.81687,2.84427,-0.0235765,0.0673062,5644.71,5,65.042,2736.28,2761.24,49.1871,1,2,0.8,0.0,0.0,5,0.0,0,False,1746969349.5417929,left,False
3196,1746969350.128124,184.847,1.81877,2.82054,-0.0278866,0.0668542,5645.34,5,65.064,2737.41,2762.37,49.1868,1,2,0.8,0.0,0.0,5,0.0,0,False,1746969349.5417929,left,False
3197,1746969350.1502154,184.881,1.82074,2.80661,-0.0321627,0.0664026,5645.91,5,65.086,2738.54,2763.5,49.1866,1,2,0.8,0.0,0.0,5,0.0,0,False,1746969349.5417929,left,False
3198,1746969350.1712651,184.915,1.82349,2.77777,-0.0364049,0.0659515,5647.47,5,65.108,2739.66,2764.63,49.1863,1,2,0.8,0.0,0.0,5,0.0,0,False,1746969349.5417929,left,False
3199,1746969350.194628,184.948,1.82545,2.75352,-0.040613,0.0654995,5648.99,5,65.13,2740.79,2765.76,49.1861,1,2,0.8,0.0,0.0,5,0.0,0,False,1746969349.5417929,left,False
3200,1746969350.2160814,184.983,1.8272,2.73581,-0.0447875,0.0650474,5649.23,5,65.152,2741.92,2766.88,49.1858,1,2,0.8,0.0,0.0,5,0.0,0,False,1746969349.5417929,left,False
3201,1746969350.2394207,185.017,1.82834,2.71273,-0.0489282,0.0645954,5650.07,5,65.174,2743.05,2768.01,49.1856,1,2,0.8,0.0,0.0,5,0.0,0,False,1746969349.5417929,left,False
3202,1746969350.2609003,185.051,1.83004,2.68801,-0.0530351,0.0641424,5651.27,5,65.196,2744.18,2769.14,49.1853,1,2,0.8,0.0,0.0,5,0.0,0,False,1746969349.5417929,left,False
3203,1746969350.2815223,185.085,1.83109,2.67,-0.0571082,0.0636884,5652.36,5,65.218,2745.31,2770.27,49.1851,1,2,0.8,0.0,0.0,5,0.0,0,False,1746969349.5417929,left,False
3204,1746969350.3071191,185.119,1.83219,2.64736,-0.0611474,0.063234,5653.37,5,65.24,2746.44,2771.4,49.1848,1,2,0.8,0.0,0.0,5,0.0,0,False,1746969349.5417929,left,False
3205,1746969350.327808,185.153,1.83302,2.62385,-0.0651531,0.0627782,5654.71,5,65.262,2747.57,2772.53,49.1846,1,2,0.8,0.0,0.0,5,0.0,0,False,1746969349.5417929,left,False
3206,1746969350.3488483,185.188,1.83355,2.59982,-0.069125,0.0623209,5656.11,5,65.284,2748.7,2773.66,49.1843,1,2,0.8,0.0,0.0,5,0.0,0,False,1746969349.5417929,left,False
3207,1746969350.369222,185.222,1.83379,2.57782,-0.0730632,0.0618636,5657.11,5,65.306,2749.83,2774.79,49.1841,1,2,0.8,0.0,0.0,5,0.0,0,False,1746969349.5417929,left,False
3208,1746969350.3914976,185.257,1.834,2.55851,-0.0769676,0.0614073,5657.43,5,65.328,2750.96,2775.92,49.1838,1,2,0.8,0.0,0.0,5,0.0,0,False,1746969349.5417929,left,False
3209,1746969350.4159913,185.291,1.83432,2.53415,-0.0808384,0.0609495,5658.98,5,65.35,2752.09,2777.05,49.1836,1,2,0.8,0.0,0.0,5,0.0,0,False,1746969349.5417929,left,False
3210,1746969350.4364696,185.326,1.83423,2.51588,-0.0846753,0.0604913,5659.43,5,65.372,2753.22,2778.18,49.1833,1,2,0.8,0.0,0.0,5,0.0,0,False,1746969349.5417929,left,False
3211,1746969350.458101,185.361,1.83431,2.48691,-0.0884785,0.0600306,5660.93,5,65.394,2754.35,2779.32,49.1831,1,2,0.8,0.0,0.0,5,0.0,0,False,1746969349.5417929,left,False
3212,1746969350.4824162,185.395,1.83384,2.47114,-0.092248,0.0595714,5661.78,5,65.416,2755.48,2780.45,49.1828,1,2,0.8,0.0,0.0,5,0.0,0,False,1746969349.5417929,left,False
3213,1746969350.5018134,185.43,1.8344,2.44552,-0.0959836,0.0591137,5663.35,5,65.438,2756.61,2781.58,49.1826,1,2,0.8,0.0,0.0,5,0.0,0,False,1746969349.5417929,left,False
3214,1746969350.5243647,185.465,1.83381,2.42978,-0.0996856,0.058654,5663.86,5,65.46,2757.75,2782.71,49.1823,1,2,0.8,0.0,0.0,5,0.0,0,False,1746969349.5417929,left,False
3215,1746969350.5464299,185.5,1.83417,2.40274,-0.103354,0.0581953,5665.03,5,65.482,2758.88,2783.84,49.1821,1,2,0.8,0.0,0.0,5,0.0,0,False,1746969349.5417929,left,False
3216,1746969350.567157,185.534,1.83489,2.37933,-0.106988,0.057737,5666.94,5,65.504,2760.01,2784.98,49.1818,1,2,0.8,0.0,0.0,5,0.0,0,False,1746969349.5417929,right,False
3217,1746969350.5915344,185.57,1.83482,2.35838,-0.110588,0.0572779,5667.63,5,65.526,2761.14,2786.11,49.1815,1,2,0.8,0.0,0.0,5,0.0,0,False,1746969349.5417929,right,False
3218,1746969350.6113298,185.605,1.83533,2.33745,-0.114154,0.0568215,5667.83,5,65.548,2762.28,2787.24,49.1813,1,2,0.8,0.0,0.0,5,0.0,0,False,1746969349.5417929,right,False
3219,1746969350.6337695,185.64,1.83528,2.31445,-0.117687,0.0563623,5669.23,5,65.57,2763.41,2788.37,49.181,1,2,0.8,0.0,0.0,5,0.0,0,False,1746969349.5417929,right,False
3220,1746969350.657432,185.675,1.8357,2.29084,-0.121186,0.0559031,5670.66,5,65.592,2764.54,2789.51,49.1808,1,2,0.8,0.0,0.0,5,0.0,0,False,1746969349.5417929,right,False
3221,1746969350.677699,185.71,1.83549,2.26874,-0.12465,0.0554435,5672.17,5,65.614,2765.68,2790.64,49.1805,1,2,0.8,0.0,0.0,5,0.0,0,False,1746969349.5417929,right,False
3222,1746969350.7001626,185.747,1.8352,2.24504,-0.128081,0.0549833,5672.42,5,65.636,2766.81,2791.78,49.1803,1,2,0.8,0.0,0.0,5,0.0,0,False,1746969349.5417929,right,False
3223,1746969350.7225485,185.782,1.83487,2.22639,-0.131478,0.0545222,5673.29,5,65.658,2767.95,2792.91,49.18,1,2,0.8,0.0,0.0,5,0.0,0,False,1746969349.5417929,right,False
3224,1746969350.743663,185.817,1.83496,2.19996,-0.134841,0.0540625,5675.45,5,65.68,2769.08,2794.04,49.1798,1,2,0.8,0.0,0.0,5,0.0,0,False,1746969349.5417929,right,False
3225,1746969350.766841,185.853,1.83492,2.17854,-0.13817,0.0536019,5676.01,5,65.702,2770.21,2795.18,49.1795,1,2,0.8,0.0,0.0,5,0.0,0,False,1746969349.5417929,right,False
3226,1746969350.7875981,185.889,1.83452,2.15862,-0.141465,0.0531418,5676.59,5,65.724,2771.35,2796.31,49.1793,1,2,0.8,0.0,0.0,5,0.0,0,False,1746969349.5417929,right,False
3227,1746969350.8114455,185.924,1.8347,2.13826,-0.144725,0.0526826,5677.52,5,65.746,2772.48,2797.45,49.179,1,2,0.8,0.0,0.0,5,0.0,0,False,1746969349.5417929,right,False
3228,1746969350.8336537,185.96,1.83523,2.10864,-0.147952,0.0522229,5679.72,5,65.768,2773.62,2798.58,49.1788,1,2,0.8,0.0,0.0,5,0.0,0,False,1746969349.5417929,right,False
3229,1746969350.8577716,185.996,1.83469,2.0942,-0.151145,0.0517637,5680.04,5,65.79,2774.76,2799.72,49.1785,1,2,0.8,0.0,0.0,5,0.0,0,False,1746969349.5417929,right,False
3230,1746969350.8758545,186.032,1.83514,2.07143,-0.154304,0.051305,5680.84,5,65.812,2775.89,2800.86,49.1783,1,2,0.8,0.0,0.0,5,0.0,0,False,1746969349.5417929,left,False
3231,1746969350.8996055,186.068,1.83563,2.04481,-0.157428,0.0508468,5682.64,5,65.834,2777.03,2801.99,49.178,1,2,0.8,0.0,0.0,5,0.0,0,False,1746969349.5417929,left,False
3232,1746969350.9217412,186.104,1.83603,2.02413,-0.160519,0.0503885,5683.76,5,65.856,2778.16,2803.13,49.1778,1,2,0.8,0.0,0.0,5,0.0,0,False,1746969349.5417929,left,False
3233,1746969350.9431078,186.14,1.83645,1.99946,-0.163575,0.0499303,5684.31,5,65.878,2779.3,2804.26,49.1775,1,2,0.8,0.0,0.0,5,0.0,0,False,1746969349.5417929,left,False
3234,1746969350.9637246,186.176,1.83683,1.97684,-0.166597,0.049473,5685.93,5,65.9,2780.44,2805.4,49.1773,1,2,0.8,0.0,0.0,5,0.0,0,False,1746969349.5417929,left,False
3235,1746969350.9869604,186.213,1.83668,1.95893,-0.169586,0.0490143,5686.28,5,65.922,2781.57,2806.54,49.177,1,2,0.8,0.0,0.0,5,0.0,0,False,1746969349.5417929,left,False
3236,1746969351.0100448,186.248,1.83782,1.93077,-0.172539,0.048557,5688.35,5,65.944,2782.71,2807.68,49.1768,1,2,0.8,0.0,0.0,5,0.0,0,False,1746969349.5417929,left,False
3237,1746969351.031356,186.285,1.83766,1.91185,-0.175459,0.0480992,5688.78,5,65.966,2783.85,2808.81,49.1765,1,2,0.8,0.0,0.0,5,0.0,0,False,1746969349.5417929,left,False
3238,1746969351.0522764,186.321,1.83782,1.88803,-0.178345,0.0476386,5690.28,5,65.988,2784.99,2809.95,49.1763,1,2,0.8,0.0,0.0,5,0.0,0,False,1746969349.5417929,left,False
3239,1746969351.0733762,186.358,1.8379,1.86955,-0.181197,0.0471818,5690.93,5,66.01,2786.12,2811.09,49.176,1,2,0.8,0.0,0.0,5,0.0,0,False,1746969349.5417929,left,False
3240,1746969351.0968742,186.394,1.8384,1.84135,-0.184014,0.0467216,5692.88,5,66.032,2787.26,2812.23,49.1758,1,2,0.8,0.0,0.0,5,0.0,0,False,1746969349.5417929,left,False
3241,1746969351.1198242,186.431,1.8386,1.81977,-0.186797,0.0462629,5693.36,5,66.054,2788.4,2813.37,49.1755,1,2,0.8,0.0,0.0,5,0.0,0,False,1746969349.5417929,left,False
3242,1746969351.1410043,186.468,1.83808,1.79696,-0.189546,0.0458023,5694.97,5,66.076,2789.54,2814.5,49.1753,1,2,0.8,0.0,0.0,5,0.0,0,False,1746969349.5417929,left,False
3243,1746969351.1624517,186.504,1.8383,1.77218,-0.192261,0.0453417,5696.27,5,66.098,2790.68,2815.64,49.175,1,2,0.8,0.0,0.0,5,0.0,0,False,1746969349.5417929,left,False
3244,1746969351.1839676,186.541,1.83869,1.74904,-0.194941,0.0448834,5697.31,5,66.12,2791.82,2816.78,49.1748,1,2,0.8,0.0,0.0,5,0.0,0,False,1746969349.5417929,left,False
3245,1746969351.2070112,186.578,1.83867,1.72954,-0.197587,0.0444242,5698.03,5,66.142,2792.96,2817.92,49.1745,1,2,0.8,0.0,0.0,5,0.0,0,False,1746969349.5417929,left,False
3246,1746969351.2283876,186.615,1.83873,1.70925,-0.200199,0.0439655,5698.69,5,66.164,2794.1,2819.06,49.1742,1,2,0.8,0.0,0.0,5,0.0,0,False,1746969349.5417929,left,False
3247,1746969351.2504146,186.653,1.83901,1.68618,-0.202777,0.0435073,5699.92,5,66.186,2795.24,2820.2,49.174,1,2,0.8,0.0,0.0,5,0.0,0,False,1746969349.5417929,left,False
3248,1746969351.273106,186.689,1.83933,1.66158,-0.20532,0.0430486,5701.52,5,66.208,2796.38,2821.34,49.1737,1,2,0.8,0.0,0.0,5,0.0,0,False,1746969349.5417929,left,False
3249,1746969351.2946715,186.727,1.83917,1.64236,-0.207829,0.0425903,5702.08,5,66.23,2797.52,2822.48,49.1735,1,2,0.8,0.0,0.0,5,0.0,0,False,1746969349.5417929,left,False
3250,1746969351.3165913,186.764,1.83978,1.61795,-0.210304,0.0421326,5703.47,5,66.252,2798.66,2823.62,49.1732,1,2,0.8,0.0,0.0,5,0.0,0,False,1746969349.5417929,left,False
3251,1746969351.3378265,186.801,1.84055,1.59213,-0.212744,0.0416753,5705.07,5,66.274,2799.8,2824.76,49.173,1,2,0.8,0.0,0.0,5,0.0,0,False,1746969349.5417929,left,False
3252,1746969351.361221,186.839,1.84028,1.57031,-0.21515,0.0412161,5705.53,5,66.296,2800.94,2825.91,49.1727,1,2,0.8,0.0,0.0,5,0.0,0,False,1746969349.5417929,left,False
3253,1746969351.3843577,186.875,1.84066,1.54958,-0.217522,0.0407569,5707.5,5,66.318,2802.08,2827.05,49.1725,1,2,0.8,0.0,0.0,5,0.0,0,False,1746969349.5417929,left,False
3254,1746969351.4058878,186.913,1.84065,1.52515,-0.219859,0.0402982,5708.1,5,66.34,2803.22,2828.19,49.1722,1,2,0.8,0.0,0.0,5,0.0,0,False,1746969349.5417929,left,False
3255,1746969351.425975,186.951,1.84018,1.5047,-0.222162,0.0398371,5709.17,5,66.362,2804.37,2829.33,49.172,1,2,0.8,0.0,0.0,5,0.0,0,False,1746969349.5417929,left,False
3256,1746969351.4480398,186.989,1.84008,1.48695,-0.224431,0.0393779,5709.33,5,66.384,2805.51,2830.47,49.1717,1,2,0.8,0.0,0.0,5,0.0,0,False,1746969349.5417929,left,False
3257,1746969351.4712443,187.026,1.84064,1.45946,-0.226665,0.0389182,5711.93,5,66.406,2806.65,2831.61,49.1715,1,2,0.8,0.0,0.0,5,0.0,0,False,1746969349.5417929,left,False
3258,1746969351.4910796,187.063,1.84082,1.43122,-0.228865,0.038458,5713.42,5,66.428,2807.79,2832.76,49.1712,1,2,0.8,0.0,0.0,5,0.0,0,False,1746969349.5417929,left,False
3259,1746969351.5150352,187.101,1.84072,1.41405,-0.23103,0.0379974,5713.7,5,66.45,2808.94,2833.9,49.171,1,2,0.8,0.0,0.0,5,0.0,0,False,1746969349.5417929,left,False
3260,1746969351.5351644,187.139,1.84067,1.38895,-0.233161,0.0375368,5715.43,5,66.472,2810.08,2835.04,49.1707,1,2,0.8,0.0,0.0,5,0.0,0,False,1746969349.5417929,left,False
3261,1746969351.5574853,187.177,1.84034,1.36813,-0.235257,0.0370766,5716.01,5,66.494,2811.22,2836.19,49.1705,1,2,0.8,0.0,0.0,5,0.0,0,False,1746969349.5417929,left,False
3262,1746969351.5818439,187.215,1.84087,1.34371,-0.237319,0.0366175,5717.43,5,66.516,2812.37,2837.33,49.1702,1,2,0.8,0.0,0.0,5,0.0,0,True,1746969349.5417929,left,False
3263,1746969351.6041257,187.253,1.84069,1.32297,-0.239346,0.0361573,5718.18,5,66.538,2813.51,2838.47,49.17,1,2,0.8,0.0,0.0,5,0.0,0,True,1746969349.5417929,left,False
3264,1746969351.6232965,187.291,1.84087,1.29815,-0.241339,0.0356967,5719.94,5,66.56,2814.65,2839.62,49.1697,1,2,0.8,0.0,0.0,5,0.0,0,True,1746969349.5417929,left,False
3265,1746969351.6494052,187.33,1.84037,1.27799,-0.243297,0.0352361,5720.53,5,66.582,2815.8,2840.76,49.1695,1,2,0.8,0.0,0.0,5,0.0,0,True,1746969349.5417929,left,False
3266,1746969351.6697142,187.367,1.84079,1.25217,-0.245221,0.0347745,5722.18,5,66.604,2816.94,2841.91,49.1692,1,2,0.8,0.0,0.0,5,0.0,0,True,1746969349.5417929,left,False
3267,1746969351.690437,187.406,1.83991,1.23517,-0.24711,0.0343124,5722.2,5,66.626,2818.09,2843.05,49.169,1,2,0.8,0.0,0.0,5,0.0,0,True,1746969349.5417929,left,False
3268,1746969351.711463,187.444,1.8403,1.21043,-0.248964,0.0338508,5723.73,5,66.648,2819.23,2844.2,49.1687,1,2,0.8,0.0,0.0,5,0.0,0,True,1746969349.5417929,left,False
3269,1746969351.733113,187.482,1.84024,1.18839,-0.250783,0.0333893,5725.78,5,66.67,2820.38,2845.34,49.1685,1,2,0.8,0.0,0.0,5,0.0,0,True,1746969349.5417929,left,False
3270,1746969351.7569284,187.52,1.84043,1.15937,-0.252568,0.0329286,5727.6,5,66.692,2821.52,2846.49,49.1682,1,2,0.8,0.0,0.0,5,0.0,0,True,1746969349.5417929,left,False
3271,1746969351.780465,187.559,1.84044,1.13595,-0.254319,0.0324675,5728.67,5,66.714,2822.67,2847.63,49.168,1,2,0.8,0.0,0.0,5,0.0,0,True,1746969349.5417929,left,False
3272,1746969351.8003786,187.598,1.84047,1.11626,-0.256034,0.0320069,5729.12,5,66.736,2823.82,2848.78,49.1677,1,2,0.8,0.0,0.0,5,0.0,0,True,1746969349.5417929,left,False
3273,1746969351.8244278,187.637,1.84043,1.09519,-0.257715,0.0315463,5729.66,5,66.758,2824.96,2849.93,49.1674,1,2,0.8,0.0,0.0,5,0.0,0,True,1746969349.5417929,left,False
3274,1746969351.8450694,187.676,1.84041,1.07247,-0.259361,0.0310857,5730.95,5,66.78,2826.11,2851.07,49.1672,1,2,0.8,0.0,0.0,5,0.0,0,True,1746969349.5417929,left,False
3275,1746969351.8651824,187.714,1.84053,1.04903,-0.260972,0.030625,5732.48,5,66.802,2827.26,2852.22,49.1669,1,2,0.8,0.0,0.0,5,0.0,0,True,1746969349.5417929,left,False
3276,1746969351.8887105,187.753,1.84075,1.02455,-0.262548,0.0301644,5734.04,5,66.824,2828.4,2853.37,49.1667,1,2,0.8,0.0,0.0,5,0.0,0,True,1746969349.5417929,left,False
3277,1746969351.9099467,187.792,1.8408,1.00361,-0.26409,0.0297038,5734.68,5,66.846,2829.55,2854.51,49.1664,1,2,0.8,0.0,0.0,5,0.0,0,True,1746969349.5417929,left,False
3278,1746969351.9311955,187.831,1.84095,0.981133,-0.265597,0.0292427,5736.09,5,66.868,2830.7,2855.66,49.1662,1,2,0.8,0.0,0.0,5,0.0,0,True,1746969349.5417929,left,False
3279,1746969351.9531605,187.87,1.84096,0.956595,-0.267069,0.0287811,5737.4,5,66.89,2831.85,2856.81,49.1659,1,2,0.8,0.0,0.0,5,0.0,0,True,1746969349.5417929,left,False
3280,1746969351.979232,187.91,1.8407,0.936808,-0.268506,0.02832,5738.05,5,66.912,2832.99,2857.96,49.1657,1,2,0.8,0.0,0.0,5,0.0,0,True,1746969349.5417929,left,False
3281,1746969351.9980462,187.948,1.84083,0.915227,-0.269908,0.0278594,5739.33,5,66.934,2834.14,2859.11,49.1654,1,2,0.8,0.0,0.0,5,0.0,0,True,1746969349.5417929,left,False
3282,1746969352.0227795,187.987,1.84148,0.889308,-0.271275,0.0273988,5741.12,5,66.956,2835.29,2860.25,49.1652,1,2,0.8,0.0,0.0,5,0.0,0,True,1746969349.5417929,left,False
3283,1746969352.0436819,188.027,1.8413,0.864855,-0.272608,0.0269372,5741.98,5,66.978,2836.44,2861.4,49.1649,1,2,0.8,0.0,0.0,5,0.0,0,True,1746969349.5417929,left,False
3284,1746969352.0673273,188.066,1.84143,0.840962,-0.273905,0.0264766,5743.58,5,67,2837.59,2862.55,49.1647,1,2,0.8,0.0,0.0,5,0.0,0,True,1746969349.5417929,left,False
3285,1746969352.0871115,188.105,1.84215,0.816614,-0.275168,0.0260155,5745,5,67.022,2838.74,2863.7,49.1644,1,2,0.8,0.0,0.0,5,0.0,0,True,1746969349.5417929,left,False
3286,1746969352.110377,188.145,1.84233,0.797915,-0.276395,0.0255548,5745.6,5,67.044,2839.89,2864.85,49.1642,1,2,0.8,0.0,0.0,5,0.0,0,True,1746969349.5417929,left,False
3287,1746969352.1318462,188.185,1.84218,0.775697,-0.277588,0.0250937,5746.48,5,67.066,2841.04,2866,49.1639,1,2,0.8,0.0,0.0,5,0.0,0,True,1746969349.5417929,left,False
3288,1746969352.1526299,188.224,1.84228,0.750244,-0.278745,0.0246326,5748.16,5,67.088,2842.19,2867.15,49.1637,1,2,0.8,0.0,0.0,5,0.0,0,True,1746969349.5417929,left,False
3289,1746969352.1746018,188.263,1.84253,0.723914,-0.279868,0.0241715,5749.48,5,67.11,2843.34,2868.3,49.1634,1,2,0.8,0.0,0.0,5,0.0,0,True,1746969349.5417929,left,False
3290,1746969352.1989486,188.303,1.84283,0.701806,-0.280955,0.0237099,5750.79,5,67.132,2844.49,2869.45,49.1632,1,2,0.8,0.0,0.0,5,0.0,0,True,1746969349.5417929,left,False
3291,1746969352.218509,188.343,1.84265,0.679917,-0.282008,0.0232479,5752.14,5,67.154,2845.64,2870.6,49.1629,1,2,0.8,0.0,0.0,5,0.0,0,True,1746969349.5417929,left,False
3292,1746969352.2393312,188.383,1.84223,0.656329,-0.283025,0.0227849,5752.39,5,67.176,2846.79,2871.75,49.1627,1,2,0.8,0.0,0.0,5,0.0,0,True,1746969349.5417929,left,False
3293,1746969352.2646475,188.423,1.84176,0.637571,-0.284007,0.0223219,5753.69,5,67.198,2847.94,2872.91,49.1624,1,2,0.8,0.0,0.0,5,0.0,0,True,1746969349.5417929,left,False
3294,1746969352.2848663,188.463,1.8419,0.616008,-0.284955,0.0218593,5755.37,5,67.22,2849.09,2874.06,49.1622,1,2,0.8,0.0,0.0,5,0.0,0,True,1746969349.5417929,left,False
3295,1746969352.3068085,188.503,1.84228,0.583772,-0.285867,0.0213968,5757.29,5,67.242,2850.24,2875.21,49.1619,1,2,0.8,0.0,0.0,5,0.0,0,True,1746969349.5417929,left,False
3296,1746969352.3280625,188.543,1.84209,0.566539,-0.286744,0.0209348,5758,5,67.264,2851.4,2876.36,49.1617,1,2,0.8,0.0,0.0,5,0.0,0,True,1746969349.5417929,left,False
3297,1746969352.3513434,188.583,1.84203,0.538905,-0.287585,0.0204722,5759.59,5,67.286,2852.55,2877.51,49.1614,1,2,0.8,0.0,0.0,5,0.0,0,True,1746969349.5417929,left,False
3298,1746969352.3729029,188.623,1.8427,0.517053,-0.288392,0.0200126,5760.7,5,67.308,2853.7,2878.67,49.1612,1,2,0.8,0.0,0.0,5,0.0,0,True,1746969349.5417929,left,False
3299,1746969352.3946521,188.664,1.84191,0.493303,-0.289163,0.0195486,5761.13,5,67.33,2854.85,2879.82,49.1609,1,2,0.8,0.0,0.0,5,0.0,0,True,1746969349.5417929,left,False
3300,1746969352.416896,188.704,1.84289,0.472903,-0.289899,0.0190889,5762.2,5,67.352,2856.01,2880.97,49.1607,1,2,0.8,0.0,0.0,5,0.0,0,True,1746969349.5417929,left,False
3301,1746969352.440236,188.744,1.84298,0.452303,-0.2906,0.0186288,5764.13,5,67.374,2857.16,2882.12,49.1604,1,2,0.8,0.0,0.0,5,0.0,0,True,1746969349.5417929,left,False
3302,1746969352.4621031,188.784,1.84266,0.422802,-0.291266,0.0181643,5765.3,5,67.396,2858.31,2883.28,49.1601,1,2,0.8,0.0,0.0,5,0.0,0,True,1746969349.5417929,left,False
3303,1746969352.4837148,188.825,1.84333,0.404482,-0.291896,0.0177013,5766.31,5,67.418,2859.47,2884.43,49.1599,1,2,0.8,0.0,0.0,5,0.0,0,True,1746969349.5417929,left,False
3304,1746969352.5046217,188.866,1.84247,0.377641,-0.292491,0.0172378,5767.3,5,67.44,2860.62,2885.59,49.1596,1,2,0.8,0.0,0.0,5,0.0,0,True,1746969349.5417929,left,False
3305,1746969352.526748,188.907,1.84204,0.361841,-0.293051,0.0167763,5767.6,5,67.462,2861.78,2886.74,49.1594,1,2,0.8,0.0,0.0,5,0.0,0,True,1746969349.5417929,left,False
3306,1746969352.5483334,188.947,1.84381,0.33663,-0.293576,0.0163223,5769.24,5,67.484,2862.93,2887.9,49.1591,1,2,0.8,0.0,0.0,5,0.0,0,True,1746969349.5417929,left,False
3307,1746969352.5707982,188.987,1.84702,0.307631,-0.294065,0.0158736,5771.04,5,67.506,2864.09,2889.05,49.1589,1,2,0.8,0.0,0.0,5,0.0,0,True,1746969349.5417929,left,False
3308,1746969352.591471,189.028,1.84971,0.285586,-0.294518,0.0154268,5772.03,5,67.528,2865.24,2890.21,49.1586,1,2,0.8,0.0,0.0,5,0.0,0,True,1746969349.5417929,left,False
3309,1746969352.6154082,189.068,1.85242,0.257912,-0.294936,0.0149781,5773.53,5,67.55,2866.4,2891.36,49.1584,1,2,0.8,0.0,0.0,5,0.0,0,True,1746969349.5417929,left,False
3310,1746969352.6376996,189.108,1.85415,0.233737,-0.295319,0.0145251,5775.33,5,67.572,2867.55,2892.52,49.1581,1,2,0.8,0.0,0.0,5,0.0,0,True,1746969349.5417929,left,False
3311,1746969352.658603,189.149,1.85447,0.213069,-0.295667,0.0140654,5777.11,5,67.594,2868.71,2893.67,49.1579,1,2,0.8,0.0,0.0,5,0.0,0,True,1746969349.5417929,left,False
3312,1746969352.6824205,189.19,1.8532,0.194876,-0.295979,0.0136,5776.89,5,67.616,2869.86,2894.83,49.1576,1,2,0.8,0.0,0.0,5,0.0,0,True,1746969349.5417929,left,False
3313,1746969352.7046337,189.231,1.85252,0.169206,-0.296257,0.0131361,5778.57,5,67.638,2871.02,2895.98,49.1574,1,2,0.9,0.0,0.0,5,0.0,0,True,1746969349.5417929,left,False
3314,1746969352.7239168,189.271,1.84986,0.149437,-0.296499,0.0126654,5780.71,5,67.66,2872.18,2897.14,49.1571,1,2,0.9,0.0,0.0,5,0.0,0,True,1746969349.5417929,left,False
3315,1746969352.7473948,189.312,1.84643,0.112072,-0.296706,0.0121815,5782.22,5,67.682,2873.33,2898.3,49.1569,1,2,0.9,0.0,0.0,5,0.0,0,True,1746969349.5417929,left,False
3316,1746969352.7678523,189.359,1.84282,0.10548,-0.296878,0.0117051,5793.65,5,67.704,2874.49,2899.45,49.1566,1,2,0.9,0.0,0.0,5,0.0,0,True,1746969349.5417929,left,False
3317,1746969352.7914395,189.411,1.8411,0.0724634,-0.297014,0.0112259,5799.52,5,67.726,2875.65,2900.61,49.1563,1,2,0.9,0.0,0.0,5,0.0,0,True,1746969349.5417929,left,False
3318,1746969352.8114355,189.467,1.83653,0.0552682,-0.297114,0.0107371,5800.58,5,67.748,2876.81,2901.77,49.156,1,2,0.9,0.0,0.0,5,0.0,0,True,1746969349.5417929,left,False
3319,1746969352.8334923,189.523,1.83386,0.0330366,-0.297179,0.0102574,5801.14,5,67.77,2877.96,2902.93,49.1557,1,2,0.9,0.0,0.0,5,0.0,0,True,1746969349.5417929,left,False
3320,1746969352.8553958,189.579,1.83094,0.016472,-0.297207,0.0097782,5802.21,5,67.792,2879.12,2904.09,49.1554,1,2,0.9,0.0,0.0,5,0.0,0,True,1746969349.5417929,left,False
3321,1746969352.8776667,189.633,1.82764,0.00164974,-0.297201,0.00929564,5805.55,5,67.814,2880.28,2905.25,49.1551,1,2,0.9,0.0,0.0,5,0.0,0,True,1746969349.5417929,left,False
3322,1746969352.901735,189.687,1.82349,-0.0233915,-0.297158,0.00880211,5808.8,5,67.836,2881.44,2906.4,49.1548,1,2,0.9,0.0,0.0,5,0.0,0,True,1746969349.5417929,left,False
3323,1746969352.922974,189.744,1.81677,-0.0373937,-0.297079,0.00829953,5807.88,5,67.858,2882.6,2907.56,49.1545,1,2,0.9,0.0,0.0,5,0.0,0,True,1746969349.5417929,left,False
3324,1746969352.9431555,189.799,1.81154,-0.0602852,-0.296964,0.00779599,5810.55,5,67.88,2883.76,2908.72,49.1542,1,2,0.9,0.0,0.0,5,0.0,0,True,1746969349.5417929,left,False
3325,1746969352.9681568,189.855,1.80851,-0.100823,-0.296812,0.00729626,5812.05,5,67.902,2884.92,2909.88,49.1539,1,2,0.9,0.0,0.0,5,0.0,0,True,1746969349.5417929,left,False
3326,1746969352.9876685,189.909,1.80659,-0.129001,-0.296623,0.00680512,5814.17,5,67.924,2886.08,2911.04,49.1536,1,2,0.9,0.0,0.0,5,0.0,0,True,1746969349.5417929,left,False
3327,1746969353.009656,189.965,1.80433,-0.156355,-0.296397,0.00631254,5815.81,5,67.946,2887.24,2912.21,49.1534,1,2,0.9,0.0,0.0,5,0.0,0,True,1746969349.5417929,left,False
3328,1746969353.0338895,190.021,1.80217,-0.180351,-0.296134,0.00582426,5816.43,5,67.968,2888.4,2913.37,49.1531,1,2,0.9,0.0,0.0,5,0.0,0,True,1746969349.5417929,left,False
3329,1746969353.0547805,190.076,1.80157,-0.210776,-0.295833,0.00533741,5818.93,5,67.99,2889.56,2914.53,49.1528,1,2,0.9,0.0,0.0,5,0.0,0,True,1746969349.5417929,left,False
3330,1746969353.0774674,190.131,1.80045,-0.242187,-0.295496,0.00484913,5821.24,5,68.012,2890.73,2915.69,49.1525,1,2,0.9,0.0,0.0,5,0.0,0,True,1746969349.5417929,left,False
3331,1746969353.0983562,190.187,1.79929,-0.26654,-0.295121,0.00436037,5822.58,5,68.034,2891.89,2916.85,49.1522,1,2,0.9,0.0,0.0,5,0.0,0,True,1746969349.5417929,left,False
3332,1746969353.1195295,190.243,1.79793,-0.293238,-0.294709,0.00387114,5824.06,5,68.056,2893.05,2918.01,49.1519,1,2,0.9,0.0,0.0,5,0.0,0,True,1746969349.5417929,left,False
3333,1746969353.1441438,190.298,1.79597,-0.317801,-0.29426,0.00337904,5826.01,5,68.078,2894.21,2919.18,49.1516,1,2,0.9,0.0,0.0,5,0.0,0,True,1746969349.5417929,left,False
3334,1746969353.1638749,190.353,1.79325,-0.340177,-0.293773,0.00288266,5827.57,5,68.1,2895.38,2920.34,49.1513,1,2,0.9,0.0,0.0,5,0.0,0,True,1746969349.5417929,left,False
3335,1746969353.1878757,190.409,1.79148,-0.372525,-0.293249,0.00238674,5829.32,5,68.122,2896.54,2921.5,49.151,1,2,0.9,0.0,0.0,5,0.0,0,True,1746969349.5417929,left,False
3336,1746969353.210795,190.465,1.78903,-0.394163,-0.292688,0.00189131,5830.48,5,68.144,2897.7,2922.67,49.1507,1,2,1.0,0.0,0.0,5,0.0,0,True,1746969349.5417929,left,False
3337,1746969353.231866,190.521,1.78689,-0.415905,-0.292089,0.00139683,5831.64,5,68.166,2898.87,2923.83,49.1504,1,2,1.0,0.0,0.0,5,0.0,0,True,1746969349.5417929,left,False
3338,1746969353.2546794,190.577,1.78488,-0.438475,-0.291452,0.000903781,5833.72,5,68.188,2900.03,2925,49.1501,1,2,1.0,0.0,0.0,5,0.0,0,True,1746969349.5417929,left,False
3339,1746969353.2749336,190.637,1.78355,-0.457883,-0.290778,0.000411208,5846.66,5,68.21,2901.2,2926.16,49.1498,1,2,1.0,0.0,0.0,5,0.0,0,True,1746969349.5417929,left,False
3340,1746969353.2973871,190.705,1.78165,-0.48294,-0.290067,-8.56558e-005,5851.93,5,68.232,2902.36,2927.33,49.1494,1,2,1.0,0.0,0.0,5,0.0,0,True,1746969349.5417929,left,False
3341,1746969353.3173323,190.775,1.77914,-0.503515,-0.289317,-0.000584428,5853.35,5,68.254,2903.53,2928.49,49.1491,1,2,1.0,0.0,0.0,5,0.0,0,True,1746969349.5417929,left,False
3342,1746969353.3436007,190.845,1.77648,-0.519168,-0.28853,-0.00108463,5855.63,5,68.276,2904.69,2929.66,49.1488,1,2,1.0,0.0,0.0,5,0.0,0,True,1746969349.5417929,left,False
3343,1746969353.3654087,190.914,1.77439,-0.54741,-0.287704,-0.00158674,5858.46,5,68.298,2905.86,2930.82,49.1484,1,2,1.0,0.0,0.0,5,0.0,0,True,1746969349.5417929,left,False
3344,1746969353.3869388,190.983,1.77249,-0.571405,-0.286841,-0.00208933,5860.82,5,68.32,2907.03,2931.99,49.1481,1,2,1.0,0.0,0.0,5,0.0,0,True,1746969349.5417929,left,False
3345,1746969353.4054809,191.053,1.77029,-0.596966,-0.285939,-0.00259477,5863.5,5,68.342,2908.19,2933.16,49.1478,1,2,1.0,0.0,0.0,5,0.0,0,True,1746969349.5417929,left,False
3346,1746969353.4340367,191.122,1.76672,-0.619005,-0.284998,-0.00310547,5865.44,5,68.364,2909.36,2934.33,49.1474,1,2,1.0,0.0,0.0,5,0.0,0,True,1746969349.5417929,left,False
3347,1746969353.4499137,191.192,1.76286,-0.643956,-0.284019,-0.00362093,5868.32,5,68.386,2910.53,2935.49,49.1471,1,2,1.0,0.0,0.0,5,0.0,0,True,1746969349.5417929,left,False
3348,1746969353.475866,191.262,1.75834,-0.671562,-0.283001,-0.00414116,5869.48,5,68.408,2911.7,2936.66,49.1468,1,2,1.0,0.0,0.0,5,0.0,0,True,1746969349.5417929,left,False
3349,1746969353.4944081,191.331,1.75449,-0.701228,-0.281945,-0.00466139,5872.76,5,68.43,2912.87,2937.83,49.1464,1,2,1.0,0.0,0.0,5,0.0,0,True,1746969349.5417929,left,False
3350,1746969353.5190814,191.401,1.75021,-0.728908,-0.280849,-0.005184,5874.42,5,68.452,2914.04,2939,49.1461,1,2,1.0,0.0,0.0,5,0.0,0,True,1746969349.5417929,left,False
3351,1746969353.5393646,191.471,1.74558,-0.757653,-0.279714,-0.00570995,5875.37,5,68.474,2915.21,2940.17,49.1458,1,2,1.0,0.0,0.0,5,0.0,0,True,1746969349.5417929,left,False
3352,1746969353.5645628,191.541,1.74144,-0.785434,-0.27854,-0.00623542,5878.21,5,68.496,2916.38,2941.34,49.1454,1,2,1.0,0.0,0.0,5,0.0,0,True,1746969349.5417929,left,False
3353,1746969353.5813286,191.61,1.73631,-0.808337,-0.277326,-0.00676376,5880.45,5,68.518,2917.55,2942.51,49.1451,1,2,1.0,0.0,0.0,5,0.0,0,True,1746969349.5417929,left,False
3354,1746969353.6073728,191.68,1.73213,-0.833014,-0.276073,-0.00729305,5881.82,5,68.54,2918.72,2943.68,49.1447,1,2,1.0,0.0,0.0,5,0.0,0,True,1746969349.5417929,left,False
3355,1746969353.6263263,191.75,1.72773,-0.859229,-0.274779,-0.00782234,5883.84,5,68.562,2919.89,2944.85,49.1444,1,2,1.0,0.0,0.0,5,0.0,0,True,1746969349.5417929,left,False
3356,1746969353.6470459,191.819,1.72383,-0.891405,-0.273446,-0.00835258,5886.56,5,68.584,2921.06,2946.03,49.1441,1,2,1.0,0.0,0.0,5,0.0,0,True,1746969349.5417929,left,False
3357,1746969353.6717699,191.889,1.72007,-0.916955,-0.272073,-0.00888187,5888.18,5,68.606,2922.23,2947.2,49.1437,1,2,1.0,0.0,0.0,5,0.0,0,True,1746969349.5417929,left,False
3358,1746969353.6914778,191.958,1.71684,-0.943964,-0.27066,-0.00941021,5891.07,5,68.628,2923.41,2948.37,49.1434,1,2,1.0,0.0,0.0,5,0.0,0,True,1746969349.5417929,left,False
3359,1746969353.71435,192.028,1.7139,-0.971324,-0.269206,-0.00993759,5892.8,5,68.65,2924.58,2949.54,49.1431,1,2,1.0,0.0,0.0,5,0.0,0,True,1746969349.5417929,left,False
3360,1746969353.7392526,192.098,1.71085,-0.996654,-0.267712,-0.0104654,5894.49,5,68.672,2925.75,2950.72,49.1427,1,2,1.0,0.0,0.0,5,0.0,0,True,1746969349.5417929,left,False
3361,1746969353.7630203,192.168,1.70829,-1.02144,-0.266178,-0.0109914,5896.14,5,68.694,2926.93,2951.89,49.1424,1,2,1.0,0.0,0.0,5,0.0,0,True,1746969349.5417929,left,False
3362,1746969353.7846837,192.238,1.70613,-1.04775,-0.264603,-0.0115159,5898.15,5,68.716,2928.1,2953.07,49.1421,1,2,1.0,0.0,0.0,5,0.0,0,True,1746969349.5417929,left,False
3363,1746969353.8081796,192.308,1.70482,-1.07516,-0.262988,-0.0120385,5900.22,5,68.738,2929.28,2954.24,49.1417,1,2,1.0,0.0,0.0,5,0.0,0,True,1746969349.5417929,left,False
3364,1746969353.8293395,192.377,1.70425,-1.10165,-0.261331,-0.0125602,5903.32,5,68.76,2930.45,2955.42,49.1414,1,2,1.0,0.0,0.0,5,0.0,0,True,1746969349.5417929,left,False
3365,1746969353.8461213,192.446,1.70313,-1.12579,-0.259634,-0.0130804,5905.28,5,68.782,2931.63,2956.59,49.1411,1,2,1.0,0.0,0.0,5,0.0,0,True,1746969349.5417929,left,False
3366,1746969353.8709888,192.517,1.70201,-1.14966,-0.257897,-0.0135987,5906.19,5,68.804,2932.8,2957.77,49.1407,1,2,1.0,0.0,0.0,5,0.0,0,True,1746969349.5417929,left,False
3367,1746969353.8923922,192.586,1.70222,-1.18269,-0.256118,-0.0141166,5909.08,5,68.826,2933.98,2958.95,49.1404,1,2,1.0,0.0,0.0,5,0.0,0,True,1746969349.5417929,left,False
3368,1746969353.9146976,192.656,1.70201,-1.20916,-0.254298,-0.0146335,5911.62,5,68.848,2935.16,2960.12,49.14,1,2,1.0,0.0,0.0,5,0.0,0,True,1746969349.5417929,left,False
3369,1746969353.9346783,192.725,1.70217,-1.23717,-0.252438,-0.0151485,5913.37,5,68.87,2936.34,2961.3,49.1397,1,2,1.0,0.0,0.0,5,0.0,0,True,1746969349.5417929,left,False
3370,1746969353.9579928,192.795,1.70246,-1.26187,-0.250536,-0.015663,5914.94,5,68.892,2937.51,2962.48,49.1394,1,2,1.0,0.0,0.0,5,0.0,0,True,1746969349.5417929,left,False
3371,1746969353.9803414,192.865,1.70288,-1.28752,-0.248594,-0.0161775,5917.03,5,68.914,2938.69,2963.66,49.139,1,2,1.0,0.0,0.0,5,0.0,0,True,1746969349.5417929,left,False
3372,1746969354.0000124,192.934,1.70353,-1.3152,-0.246611,-0.0166891,5919.46,5,68.936,2939.87,2964.83,49.1387,1,2,1.0,0.0,0.0,5,0.0,0,True,1746969349.5417929,left,False
3373,1746969354.0222113,193.004,1.70439,-1.34228,-0.244586,-0.0172017,5921.71,5,68.958,2941.05,2966.01,49.1384,1,2,1.0,0.0,0.0,5,0.0,0,True,1746969349.5417929,left,False
3374,1746969354.0491605,193.074,1.7047,-1.36857,-0.242521,-0.0177134,5923.42,5,68.98,2942.23,2967.19,49.138,1,2,1.0,0.0,0.0,5,0.0,0,True,1746969349.5417929,left,False
3375,1746969354.0661051,193.144,1.70516,-1.39379,-0.240414,-0.018226,5925.18,5,69.002,2943.41,2968.37,49.1377,1,2,1.0,0.0,0.0,5,0.0,0,True,1746969349.5417929,left,False
3376,1746969354.0873861,193.213,1.70617,-1.42014,-0.238267,-0.0187376,5927.78,5,69.024,2944.59,2969.55,49.1374,1,2,1.0,0.0,0.0,5,0.0,0,True,1746969349.5417929,left,False
3377,1746969354.1114988,193.282,1.70748,-1.45273,-0.236078,-0.0192488,5930.38,5,69.046,2945.77,2970.73,49.137,1,2,1.0,0.0,0.0,5,0.0,0,True,1746969349.5417929,left,False
3378,1746969354.132559,193.353,1.70807,-1.47736,-0.233848,-0.0197576,5931.47,5,69.068,2946.95,2971.91,49.1367,1,2,1.0,0.0,0.0,5,0.0,0,True,1746969349.5417929,left,False
3379,1746969354.157286,193.422,1.70869,-1.50554,-0.231577,-0.0202702,5933.44,5,69.09,2948.13,2973.09,49.1364,1,2,1.0,0.0,0.0,5,0.0,0,True,1746969349.5417929,left,False
3380,1746969354.1771593,193.492,1.70905,-1.53242,-0.229265,-0.0207813,5934.63,5,69.112,2949.31,2974.28,49.136,1,2,1.0,0.0,0.0,5,0.0,0,True,1746969349.5417929,left,False
3381,1746969354.1974235,193.561,1.70997,-1.55946,-0.226912,-0.021292,5937.64,5,69.134,2950.49,2975.46,49.1357,1,2,1.0,0.0,0.0,5,0.0,0,True,1746969349.5417929,left,False
3382,1746969354.2193923,193.631,1.71099,-1.5905,-0.224518,-0.0218013,5940.2,5,69.156,2951.68,2976.64,49.1353,1,2,1.0,0.0,0.0,5,0.0,0,True,1746969349.5417929,left,False
3383,1746969354.2460144,193.7,1.7116,-1.61295,-0.222083,-0.022311,5941.66,5,69.178,2952.86,2977.82,49.135,1,2,1.0,0.0,0.0,5,0.0,0,True,1746969349.5417929,left,False
3384,1746969354.263157,193.77,1.71226,-1.64072,-0.219606,-0.0228203,5944.12,5,69.2,2954.04,2979.01,49.1347,1,2,1.0,0.0,0.0,5,0.0,0,True,1746969349.5417929,left,False
3385,1746969354.2857137,193.84,1.71302,-1.66688,-0.217089,-0.0233291,5945.93,5,69.222,2955.23,2980.19,49.1343,1,2,1.0,0.0,0.0,5,0.0,0,True,1746969349.5417929,left,False
3386,1746969354.3105042,193.909,1.71396,-1.696,-0.21453,-0.0238374,5947.93,5,69.244,2956.41,2981.38,49.134,1,2,1.0,0.0,0.0,5,0.0,0,True,1746969349.5417929,left,False
3387,1746969354.3307455,193.979,1.71461,-1.72331,-0.21193,-0.0243462,5950.16,5,69.266,2957.6,2982.56,49.1337,1,2,1.0,0.0,0.0,5,0.0,0,True,1746969349.5417929,left,False
3388,1746969354.3543546,194.048,1.71495,-1.74557,-0.209289,-0.0248554,5952.56,5,69.288,2958.78,2983.75,49.1333,1,2,1.0,0.0,0.0,5,0.0,0,True,1746969349.5417929,left,False
3389,1746969354.375122,194.118,1.71579,-1.77589,-0.206607,-0.0253642,5953.53,5,69.31,2959.97,2984.93,49.133,1,2,1.0,0.0,0.0,5,0.0,0,True,1746969349.5417929,left,False
3390,1746969354.3960433,194.187,1.71695,-1.8097,-0.203884,-0.0258735,5957.57,5,69.332,2961.15,2986.12,49.1327,1,2,1.0,0.0,0.0,5,0.0,0,True,1746969349.5417929,left,False
3391,1746969354.4185338,194.256,1.71713,-1.83175,-0.201119,-0.0263823,5959.22,5,69.354,2962.34,2987.3,49.1323,1,2,1.0,0.0,0.0,5,0.0,0,True,1746969349.5417929,left,False
3392,1746969354.4429905,194.326,1.71751,-1.85965,-0.198313,-0.0268906,5960.84,5,69.376,2963.53,2988.49,49.132,1,2,1.0,0.0,0.0,5,0.0,0,True,1746969349.5417929,left,False
3393,1746969354.4637668,194.396,1.71811,-1.88702,-0.195466,-0.0273994,5963.67,5,69.398,2964.71,2989.68,49.1317,1,2,1.0,0.0,0.0,5,0.0,0,True,1746969349.5417929,left,False
3394,1746969354.48378,194.465,1.71868,-1.90891,-0.192578,-0.0279077,5964.66,5,69.42,2965.9,2990.86,49.1313,1,2,1.0,0.0,0.0,5,0.0,0,True,1746969349.5417929,left,False
3395,1746969354.5062313,194.535,1.71907,-1.93734,-0.189649,-0.0284155,5966.93,5,69.442,2967.09,2992.05,49.131,1,2,1.0,0.0,0.0,5,0.0,0,True,1746969349.5417929,left,False
3396,1746969354.530613,194.605,1.71932,-1.9651,-0.186678,-0.0289257,5968.7,5,69.464,2968.28,2993.24,49.1306,1,2,1.0,0.0,0.0,5,0.0,0,True,1746969349.5417929,left,False
3397,1746969354.551144,194.674,1.7193,-1.99166,-0.183666,-0.0294359,5970.86,5,69.486,2969.47,2994.43,49.1303,1,2,1.0,0.0,0.0,6,0.0,0,False,1746969354.537234,left,False
3398,1746969354.5745945,194.744,1.71928,-2.01735,-0.180613,-0.0299466,5973.05,5,69.508,2970.65,2995.62,49.13,1,2,1.0,0.0,0.0,6,0.0,0,False,1746969354.537234,left,False
3399,1746969354.593414,194.813,1.71965,-2.04773,-0.177518,-0.0304573,5975.17,5,69.53,2971.84,2996.81,49.1296,1,2,1.0,0.0,0.0,6,0.0,0,False,1746969354.537234,left,False
3400,1746969354.6169147,194.883,1.71966,-2.07423,-0.174382,-0.0309675,5977.57,5,69.552,2973.03,2998,49.1293,1,2,1.0,0.0,0.0,6,0.0,0,False,1746969354.537234,left,False
3401,1746969354.6390145,194.952,1.72008,-2.10218,-0.171204,-0.0314763,5979.49,5,69.574,2974.22,2999.19,49.129,1,2,1.0,0.0,0.0,6,0.0,0,False,1746969354.537234,left,False
3402,1746969354.6615283,195.022,1.7207,-2.12985,-0.167985,-0.0319856,5981.53,5,69.596,2975.41,3000.38,49.1286,1,2,1.0,0.0,0.0,6,0.0,0,False,1746969354.537234,left,False
3403,1746969354.6841614,195.092,1.7207,-2.15389,-0.164725,-0.0324925,5982.65,5,69.618,2976.61,3001.57,49.1283,1,2,1.0,0.0,0.0,6,0.0,0,False,1746969354.537234,left,False
3404,1746969354.707296,195.16,1.72207,-2.18211,-0.161488,-0.032988,5986.06,5,0.00199951,0.198486,3002.76,49.128,1,2,1.0,0.0,0.0,6,0.0,0,False,1746969354.537234,left,False
3405,1746969354.7275474,195.23,1.72327,-2.206,-0.158146,-0.033492,5987.8,5,0.0239995,1.39026,3003.95,49.1276,1,2,1.0,0.0,0.0,6,0.0,0,False,1746969354.537234,left,False
3406,1746969354.7496188,195.299,1.72288,-2.22946,-0.154762,-0.0340003,5990.03,5,0.0459995,2.58264,3005.14,49.1273,1,2,1.0,0.0,0.0,6,0.0,0,False,1746969354.537234,left,False
3407,1746969354.770728,195.369,1.72333,-2.25565,-0.151337,-0.0345094,5991.37,5,0.0679995,3.77527,3006.34,49.127,1,2,1.0,0.0,0.0,6,0.0,0,False,1746969354.537234,left,False
3408,1746969354.7910244,195.438,1.72373,-2.28602,-0.14787,-0.0350179,5994.26,5,0.0899995,4.96832,3007.53,49.1266,1,2,1.0,0.0,0.0,6,0.0,0,False,1746969354.537234,left,False
3409,1746969354.815171,195.508,1.72411,-2.31652,-0.144361,-0.0355283,5995.79,5,0.112,6.1618,3008.72,49.1263,1,2,1.0,0.0,0.0,6,0.0,0,False,1746969354.537234,left,False
3410,1746969354.838235,195.578,1.72355,-2.33888,-0.140811,-0.0360381,5997.14,5,0.134,7.35553,3009.92,49.1259,1,2,1.0,0.0,0.0,6,0.0,0,False,1746969354.537234,left,False
3411,1746969354.8590744,195.647,1.72445,-2.37303,-0.13722,-0.0365446,5999.94,5,0.156,8.54993,3011.11,49.1256,1,2,1.0,0.0,0.0,6,0.0,0,False,1746969354.537234,left,False
3412,1746969354.881029,195.716,1.72498,-2.39668,-0.133586,-0.0370494,6001.96,5,0.178,9.74451,3012.3,49.1253,1,2,1.0,0.0,0.0,6,0.0,0,False,1746969354.537234,left,False
3413,1746969354.9025505,195.786,1.72453,-2.41501,-0.129912,-0.0375576,6004.01,5,0.2,10.9396,3013.5,49.1249,1,2,1.0,0.0,0.0,6,0.0,0,False,1746969354.537234,left,False
3414,1746969354.9252708,195.855,1.72397,-2.43769,-0.126196,-0.038068,6006.4,5,0.222,12.1351,3014.7,49.1246,1,2,1.0,0.0,0.0,6,0.0,0,False,1746969354.537234,left,False
3415,1746969354.94738,195.923,1.7232,-2.47096,-0.122438,-0.0385846,6009.57,5,0.244,13.3308,3015.89,49.1243,1,2,1.0,0.0,0.0,6,0.0,0,False,1746969354.537234,left,False
3416,1746969354.9676354,195.994,1.721,-2.50309,-0.118638,-0.0391064,6011.07,5,0.266,14.5272,3017.09,49.1239,1,2,1.0,0.0,0.0,6,0.0,0,False,1746969354.537234,left,False
3417,1746969354.9900708,196.063,1.7209,-2.54103,-0.114797,-0.0396239,6012.43,5,0.288,15.7237,3018.28,49.1236,1,2,1.0,0.0,0.0,6,0.0,0,False,1746969354.537234,left,False
3418,1746969355.0119371,196.132,1.72031,-2.56638,-0.110913,-0.0401386,6014.97,5,0.31,16.9208,3019.48,49.1233,1,2,1.0,0.0,0.0,6,0.0,0,False,1746969354.537234,left,False
3419,1746969355.034404,196.202,1.72003,-2.60067,-0.106987,-0.0406534,6016.81,5,0.332,18.1182,3020.68,49.1229,1,2,1.0,0.0,0.0,6,0.0,0,False,1746969354.537234,left,False
3420,1746969355.0562992,196.272,1.71978,-2.62925,-0.103019,-0.0411666,6018.25,5,0.354,19.3159,3021.88,49.1226,1,2,0.9,0.0,0.0,5,0.0,0,False,1746969355.0443976,left,False
3421,1746969355.0787315,196.341,1.71972,-2.65811,-0.0990086,-0.0416779,6020.99,5,0.376,20.5142,3023.07,49.1223,1,2,0.9,0.0,0.0,5,0.0,0,False,1746969355.0443976,left,False
3422,1746969355.102603,196.411,1.71983,-2.68814,-0.0949565,-0.0421879,6022.75,5,0.398,21.7127,3024.27,49.1219,1,2,0.9,0.0,0.0,5,0.0,0,False,1746969355.0443976,left,False
3423,1746969355.1222465,196.475,1.72039,-2.71487,-0.0908623,-0.0426958,6012.69,5,0.42,22.9118,3025.47,49.1216,1,2,0.9,0.0,0.0,5,0.0,0,False,1746969355.0443976,left,False
3424,1746969355.1470823,196.533,1.72148,-2.74372,-0.0867263,-0.0432022,6012.3,5,0.442,24.111,3026.67,49.1213,1,2,0.9,0.0,0.0,5,0.0,0,False,1746969355.0443976,left,False
3425,1746969355.1682963,196.589,1.72204,-2.76835,-0.0825486,-0.0437059,6013.15,5,0.464,25.3107,3027.87,49.121,1,2,0.9,0.0,0.0,5,0.0,0,False,1746969355.0443976,left,False
3426,1746969355.189339,196.646,1.72336,-2.7905,-0.0783293,-0.0442066,6014.22,5,0.486,26.5105,3029.07,49.1207,1,2,0.9,0.0,0.0,5,0.0,0,False,1746969355.0443976,left,False
3427,1746969355.2102633,196.702,1.72555,-2.82304,-0.0740683,-0.0447039,6015.82,5,0.508,27.7109,3030.27,49.1205,1,2,0.9,0.0,0.0,5,0.0,0,False,1746969355.0443976,left,False
3428,1746969355.2362428,196.758,1.72823,-2.84642,-0.0697656,-0.0451951,6016.68,5,0.529999,28.9114,3031.47,49.1202,1,2,0.9,0.0,0.0,5,0.0,0,False,1746969355.0443976,left,False
3429,1746969355.256129,196.814,1.73186,-2.87191,-0.0654215,-0.0456824,6019.16,5,0.552,30.1124,3032.67,49.1199,1,2,0.9,0.0,0.0,5,0.0,0,False,1746969355.0443976,left,False
3430,1746969355.2787824,196.87,1.73547,-2.89526,-0.0610359,-0.0461684,6020.43,5,0.574,31.3135,3033.87,49.1196,1,2,0.9,0.0,0.0,5,0.0,0,False,1746969355.0443976,left,False
3431,1746969355.3008327,196.925,1.74009,-2.93022,-0.0566088,-0.0466502,6022.76,5,0.596,32.515,3035.08,49.1193,1,2,0.9,0.0,0.0,5,0.0,0,False,1746969355.0443976,left,False
3432,1746969355.3190942,196.982,1.74374,-2.94851,-0.0521404,-0.0471295,6023.14,5,0.617999,33.7168,3036.28,49.119,1,2,0.9,0.0,0.0,5,0.0,0,False,1746969355.0443976,left,False
3433,1746969355.3446515,197.038,1.74867,-2.98075,-0.0476308,-0.0476066,6025.59,5,0.64,34.9189,3037.48,49.1187,1,2,0.9,0.0,0.0,5,0.0,0,False,1746969355.0443976,left,False
3434,1746969355.3651974,197.093,1.75348,-3.0065,-0.0430801,-0.0480821,6027.44,5,0.662,36.1213,3038.68,49.1184,1,2,0.9,0.0,0.0,5,0.0,0,False,1746969355.0443976,left,False
3435,1746969355.389979,197.149,1.75812,-3.03652,-0.0384884,-0.0485559,6029.59,5,0.684,37.324,3039.88,49.1181,1,2,0.9,0.0,0.0,5,0.0,0,False,1746969355.0443976,left,False
3436,1746969355.4093628,197.205,1.76285,-3.05796,-0.0338556,-0.0490279,6030.51,5,0.705999,38.5271,3041.09,49.1178,1,2,0.9,0.0,0.0,5,0.0,0,False,1746969355.0443976,left,False
3437,1746969355.4310327,197.262,1.76719,-3.08531,-0.029182,-0.0494987,6031.35,5,0.728,39.7303,3042.29,49.1175,1,2,0.9,0.0,0.0,5,0.0,0,False,1746969355.0443976,left,False
3438,1746969355.451444,197.318,1.7718,-3.11048,-0.0244677,-0.0499683,6033.88,5,0.75,40.9341,3043.49,49.1172,1,2,0.9,0.0,0.0,5,0.0,0,False,1746969355.0443976,left,False
3439,1746969355.4743702,197.373,1.77651,-3.14148,-0.0197127,-0.0504375,6035.8,5,0.772,42.1379,3044.7,49.1169,1,2,0.9,0.0,0.0,5,0.0,0,False,1746969355.0443976,left,False
3440,1746969355.4978416,197.429,1.78089,-3.16766,-0.0149171,-0.0509062,6037.83,5,0.793999,43.3423,3045.9,49.1166,1,2,0.9,0.0,0.0,5,0.0,0,False,1746969355.0443976,left,False
3441,1746969355.5200098,197.486,1.78486,-3.19424,-0.0100811,-0.0513746,6039.23,5,0.816,44.5468,3047.11,49.1163,1,2,0.9,0.0,0.0,5,0.0,0,False,1746969355.0443976,left,False
3442,1746969355.5412848,197.542,1.78851,-3.21716,-0.00520471,-0.0518429,6041,5,0.838,45.7517,3048.31,49.116,1,2,0.9,0.0,0.0,5,0.0,0,False,1746969355.0443976,left,False
3443,1746969355.562384,197.598,1.79176,-3.24394,-0.000288073,-0.0523112,6042.2,5,0.86,46.9568,3049.52,49.1158,1,2,0.9,0.0,0.0,5,0.0,0,False,1746969355.0443976,left,False
3444,1746969355.584863,197.655,1.79499,-3.27252,0.00466894,-0.05278,6043.4,5,0.881999,48.1624,3050.72,49.1155,1,2,0.9,0.0,0.0,5,0.0,0,False,1746969355.0443976,left,False
3445,1746969355.6089954,197.711,1.79797,-3.29417,0.00966613,-0.0532492,6044.48,5,0.904,49.3682,3051.93,49.1152,1,2,0.9,0.0,0.0,5,0.0,0,False,1746969355.0443976,left,False
3446,1746969355.6311023,197.767,1.80079,-3.31945,0.0147033,-0.0537186,6046.32,5,0.926,50.5742,3053.13,49.1149,1,2,0.9,0.0,0.0,5,0.0,0,False,1746969355.0443976,left,False
3447,1746969355.6538393,197.822,1.80373,-3.35307,0.0197806,-0.0541884,6048.99,5,0.948,51.7807,3054.34,49.1146,1,2,0.9,0.0,-0.1,5,0.0,0,False,1746969355.0443976,left,False
3448,1746969355.6752706,197.879,1.80544,-3.37817,0.0248978,-0.0546597,6050.04,5,0.969999,52.9873,3055.55,49.1143,1,2,0.9,0.0,-0.1,5,0.0,0,False,1746969355.0443976,left,False
3449,1746969355.6965945,197.935,1.80741,-3.40038,0.030055,-0.0551307,6052.26,5,0.992,54.1945,3056.75,49.114,1,2,0.9,0.0,-0.1,5,0.0,0,False,1746969355.0443976,left,False
3450,1746969355.7175994,197.972,1.68287,-3.43015,0.0352069,-0.0548319,6055.26,5,1.014,55.4016,3057.96,49.1137,1,2,0.9,0.0,-0.1,5,0.0,0,False,1746969355.0443976,left,False
3451,1746969355.7398355,198.001,1.87727,-3.41974,0.0402681,-0.0524162,6053.39,5,1.036,56.6093,3059.17,49.1134,1,2,0.9,0.0,-0.1,5,0.0,0,False,1746969355.0443976,left,False
3452,1746969355.7598193,198.026,2.44435,-3.39124,0.0452202,-0.0478889,6048.66,5,1.058,57.8171,3060.38,49.1131,1,2,0.9,0.0,-0.1,5,0.0,0,False,1746969355.0443976,left,False
3453,1746969355.7812417,198.039,3.35865,-3.34557,0.0500427,-0.0413374,6045.22,5,1.08,59.0253,3061.59,49.1128,1,2,0.9,0.0,-0.1,5,0.0,0,False,1746969355.0443976,left,False
3454,1746969355.803753,198.033,4.58161,-3.28132,0.0547086,-0.0328772,6043.87,5,1.102,60.2338,3062.79,49.1125,1,2,0.9,0.0,-0.1,5,0.0,0,False,1746969355.0443976,left,False
3455,1746969355.8264828,198.003,6.07092,-3.18124,0.0591844,-0.0226315,6040.53,5,1.124,61.4423,3064,49.1122,1,2,0.9,0.0,-0.1,5,0.0,0,False,1746969355.0443976,left,False
3456,1746969355.8496907,197.939,7.79785,-3.05844,0.0634344,-0.0107591,6039.81,5,1.146,62.6514,3065.21,49.1119,1,2,0.9,0.0,-0.1,5,0.0,0,False,1746969355.0443976,left,False
3457,1746969355.872509,197.838,9.71759,-2.9133,0.0674205,0.00256747,6039.13,5,1.168,63.8606,3066.42,49.1116,1,2,0.9,0.0,-0.1,5,0.0,0,False,1746969355.0443976,left,False
3458,1746969355.8923352,197.691,11.7953,-2.73533,0.0711015,0.0171981,6038.36,5,1.19,65.0698,3067.63,49.1113,1,2,0.9,0.0,-0.1,5,0.0,0,False,1746969355.0443976,left,False
3459,1746969355.9154775,197.493,14.0013,-2.53248,0.0744376,0.0329584,6038.04,5,1.212,66.2789,3068.84,49.1111,1,2,0.9,0.0,-0.1,5,0.0,0,False,1746969355.0443976,left,False
3460,1746969355.9352844,197.239,16.3066,-2.30798,0.0773917,0.0496647,6039.58,5,1.234,67.4879,3070.05,49.1108,1,2,0.9,0.0,-0.1,5,0.0,0,False,1746969355.0443976,left,False
3461,1746969355.9588017,196.93,18.6595,-2.0409,0.0799271,0.0671056,6039.88,5,1.256,68.6964,3071.26,49.1105,1,2,0.9,0.0,-0.1,5,0.0,0,False,1746969355.0443976,left,False
3462,1746969355.9794838,196.564,21.0402,-1.76036,0.0820094,0.0850612,6042.82,5,1.278,69.9044,3072.47,49.1102,1,2,0.9,0.0,-0.1,5,0.0,0,False,1746969355.0443976,left,False
3463,1746969356.0045726,196.143,23.3902,-1.44591,0.0836103,0.103292,6046.35,5,1.3,71.1118,3073.67,49.1099,1,2,0.9,0.0,-0.1,5,0.0,0,False,1746969355.0443976,left,False
3464,1746969356.0237582,195.674,25.6758,-1.10404,0.0847014,0.121527,6052.89,5,1.322,72.3182,3074.88,49.1096,1,2,0.9,0.0,-0.1,5,0.0,0,False,1746969355.0443976,left,False
3465,1746969356.045891,195.165,27.8493,-0.740466,0.0852596,0.139501,6062.07,5,1.344,73.5235,3076.08,49.1093,1,2,0.9,0.0,-0.1,5,0.0,0,False,1746969355.0443976,left,False
3466,1746969356.0682385,194.629,29.8601,-0.354611,0.0852652,0.156904,6074.21,5,1.366,74.7274,3077.29,49.109,1,2,0.9,0.0,0.0,5,0.0,0,False,1746969355.0443976,right,False
3467,1746969356.0899723,194.075,31.6614,0.0500327,0.0847022,0.173471,6093.52,5,1.388,75.9298,3078.49,49.1087,1,2,0.9,0.0,0.0,5,0.0,0,False,1746969355.0443976,right,False
3468,1746969356.1139874,193.524,33.1968,0.472675,0.0835583,0.18887,6118.36,5,1.41,77.1304,3079.69,49.1084,1,2,0.9,0.0,0.0,5,0.0,0,False,1746969355.0443976,right,False
3469,1746969356.1357405,193.027,34.4658,0.902459,0.0818329,0.202718,6153.08,5,1.432,78.3291,3080.89,49.1081,1,2,0.9,0.0,0.0,5,0.0,0,False,1746969355.0443976,right,False
3470,1746969356.1561015,192.592,35.3415,1.3356,0.0795358,0.214522,6187.99,5,1.454,79.5259,3082.09,49.1078,1,2,0.9,0.0,0.0,5,0.0,0,False,1746969355.0443976,right,False
3471,1746969356.1771574,192.223,35.7661,1.77434,0.0766661,0.224047,6224.76,5,1.476,80.7208,3083.28,49.1075,1,2,0.9,0.0,0.0,5,0.0,0,False,1746969355.0443976,right,False
3472,1746969356.2007492,191.933,35.7153,2.21367,0.0732212,0.231129,6264.32,5,1.498,81.9136,3084.47,49.1072,1,2,0.9,0.0,0.0,5,0.0,0,False,1746969355.0443976,right,False
3473,1746969356.222653,191.735,35.1737,2.65457,0.0692018,0.235643,6299.76,5,1.52,83.1041,3085.66,49.1069,1,2,0.9,0.0,0.0,5,0.0,0,False,1746969355.0443976,right,False
3474,1746969356.2430487,191.63,34.1415,3.08893,0.0646137,0.237486,6335.28,5,1.542,84.2924,3086.85,49.1066,1,2,0.9,0.0,0.0,5,0.0,0,False,1746969355.0443976,right,False
3475,1746969356.2663994,191.618,32.6139,3.51253,0.0594654,0.236609,6368.07,5,1.564,85.4785,3088.04,49.1064,1,2,0.9,0.0,0.0,5,0.0,0,False,1746969355.0443976,right,False
3476,1746969356.2881522,191.699,30.6045,3.93144,0.0537709,0.233031,6386.81,5,1.586,86.6625,3089.22,49.1061,1,2,0.9,0.0,0.0,5,0.0,0,False,1746969355.0443976,right,False
3477,1746969356.3113925,191.851,28.1538,4.33024,0.0475484,0.226854,6404.32,5,1.608,87.8444,3090.4,49.1058,1,2,0.9,0.0,0.0,5,0.0,0,False,1746969355.0443976,right,False
3478,1746969356.3347785,192.067,25.3139,4.70705,0.0408231,0.21827,6401.45,5,1.63,89.0245,3091.58,49.1055,1,2,0.9,0.0,0.0,5,0.0,0,False,1746969355.0443976,right,False
3479,1746969356.3564162,192.321,22.148,5.06889,0.0336267,0.207546,6384.17,5,1.652,90.2029,3092.76,49.1052,1,2,0.9,0.0,0.0,5,0.0,0,False,1746969355.0443976,right,False
3480,1746969356.374918,192.597,18.7575,5.39871,0.0260018,0.195049,6347.75,5,1.674,91.3802,3093.94,49.1049,1,2,0.9,0.0,0.0,5,0.0,0,False,1746969355.0443976,right,False
3481,1746969356.3992095,192.874,15.2636,5.69928,0.0180022,0.181289,6287.16,5,1.696,92.5565,3095.12,49.1046,1,2,0.9,0.0,0.0,5,0.0,0,False,1746969355.0443976,right,False
3482,1746969356.4195979,193.139,11.8124,5.96411,0.00969378,0.166867,6203.44,5,1.718,93.7322,3096.29,49.1043,1,2,0.9,0.0,0.0,5,0.0,0,False,1746969355.0443976,right,False
3483,1746969356.444066,193.373,8.5409,6.1901,0.00115242,0.152424,6107.42,5,1.74,94.9078,3097.47,49.104,1,2,0.9,0.0,0.0,5,0.0,0,False,1746969355.0443976,right,False
3484,1746969356.4646757,193.556,5.56642,6.36563,-0.00754185,0.138544,6023.45,5,1.762,96.0837,3098.64,49.1037,1,2,0.9,0.0,0.0,5,0.0,0,False,1746969355.0443976,right,False
3485,1746969356.4877207,193.68,2.9612,6.50768,-0.0163098,0.125651,5963.3,5,1.784,97.2599,3099.82,49.1034,1,2,0.8,0.0,0.0,4,0.0,0,False,1746969356.4662256,right,False
3486,1746969356.5093493,193.75,0.751159,6.60248,-0.0250785,0.113942,5935.75,5,1.806,98.4365,3101,49.1031,1,2,0.8,0.0,0.0,4,0.0,0,False,1746969356.4662256,right,False
3487,1746969356.5314882,193.748,-1.09237,6.644,-0.0337854,0.103412,6804.48,4,1.828,99.6135,3102.17,49.1031,1,2,0.8,0.0,0.0,4,0.0,0,False,1746969356.4662256,right,False
3488,1746969356.5545003,193.668,-2.61972,6.63767,-0.0423782,0.0939539,6801.67,4,1.85,100.79,3103.35,49.1031,1,2,0.8,0.0,0.0,4,0.0,0,False,1746969356.4662256,right,False
3489,1746969356.5733314,193.565,-3.88949,6.56708,-0.0508194,0.0854046,6798.86,4,1.872,101.967,3104.53,49.1031,1,2,0.8,0.0,0.0,4,0.0,0,False,1746969356.4662256,right,False
3490,1746969356.5963078,193.453,-4.96608,6.44836,-0.0590836,0.077572,6796.06,4,1.894,103.143,3105.7,49.1031,1,2,0.8,0.0,0.0,4,0.0,0,False,1746969356.4662256,right,False
3491,1746969356.619345,193.338,-5.9018,6.27276,-0.0671544,0.0702767,6793.26,4,1.916,104.319,3106.88,49.1031,1,2,0.8,0.0,0.0,4,0.0,0,False,1746969356.4662256,right,False
3492,1746969356.6412625,193.22,-6.75532,6.02873,-0.0750242,0.0633352,6790.47,4,1.938,105.495,3108.06,49.1031,1,2,0.8,0.0,0.0,4,0.0,0,False,1746969356.4662256,right,False
3493,1746969356.6621428,193.099,-7.54227,5.76946,-0.082687,0.0566194,6787.68,4,1.96,106.671,3109.23,49.1031,1,2,0.8,0.0,0.0,4,0.0,0,False,1746969356.4662256,right,False
3494,1746969356.6834671,192.976,-8.30031,5.46178,-0.0901388,0.0500247,6784.89,4,1.982,107.846,3110.41,49.1031,1,2,0.8,0.0,0.0,4,0.0,0,False,1746969356.4662256,right,False
3495,1746969356.7076783,192.85,-9.0173,5.1604,-0.0973729,0.0434899,6782.11,4,2.004,109.021,3111.58,49.1031,1,2,0.8,0.0,0.0,4,0.0,0,False,1746969356.4662256,right,False
3496,1746969356.7300344,192.723,-9.66825,4.87364,-0.104375,0.0370742,6779.34,4,2.026,110.196,3112.76,49.1031,1,2,0.8,0.0,0.0,4,0.0,0,False,1746969356.4662256,right,False
3497,1746969356.7501717,192.596,-10.249,4.6004,-0.11113,0.0308461,6776.56,4,2.048,111.371,3113.93,49.1031,1,2,0.8,0.0,0.0,4,0.0,0,False,1746969356.4662256,right,False
3498,1746969356.771344,192.468,-10.7592,4.33514,-0.117623,0.0248368,6773.79,4,2.07,112.545,3115.11,49.1031,1,2,0.8,0.0,0.0,4,0.0,0,False,1746969356.4662256,right,False
3499,1746969356.794798,192.342,-11.2003,4.07202,-0.123844,0.0190519,6771.03,4,2.092,113.719,3116.28,49.1031,1,2,0.8,0.0,0.0,4,0.0,0,False,1746969356.4662256,right,False
3500,1746969356.8162985,192.217,-11.5665,3.83574,-0.129784,0.0135053,7195.56,4,2.114,114.893,3117.45,49.1031,1,2,0.8,0.0,0.0,4,0.0,0,False,1746969356.4662256,right,False
3501,1746969356.840113,192.094,-11.8659,3.60297,-0.135432,0.00821282,7191,4,2.136,116.066,3118.63,49.1031,1,2,0.8,0.0,0.0,4,0.0,0,False,1746969356.4662256,right,False
3502,1746969356.8602757,191.974,-12.0974,3.37663,-0.140781,0.00318519,7186.44,4,2.158,117.239,3119.8,49.1031,1,2,0.8,0.0,0.0,4,0.0,0,False,1746969356.4662256,right,False
3503,1746969356.881979,191.858,-12.2599,3.15996,-0.145826,-0.00156983,7181.96,4,2.18,118.412,3120.97,49.1031,1,2,0.8,0.0,0.0,4,0.0,0,False,1746969356.4662256,right,False
3504,1746969356.903232,191.745,-12.3627,2.94766,-0.150562,-0.00604518,7177.63,4,2.202,119.584,3122.14,49.1031,1,2,0.8,0.0,0.0,4,0.0,0,False,1746969356.4662256,right,False
3505,1746969356.925811,191.636,-12.4037,2.73898,-0.154987,-0.0102335,7173.43,4,2.224,120.756,3123.32,49.1031,1,2,0.8,0.0,0.0,4,0.0,0,False,1746969356.4662256,right,False
3506,1746969356.9477446,191.531,-12.3827,2.54267,-0.159099,-0.0141419,7169.31,4,2.246,121.928,3124.49,49.1031,1,2,0.8,0.0,0.0,4,0.0,0,False,1746969356.4662256,right,False
3507,1746969356.969482,191.43,-12.3086,2.34198,-0.162895,-0.0177709,7165.44,4,2.268,123.099,3125.66,49.1031,1,2,0.8,0.0,0.0,4,0.0,0,False,1746969356.4662256,right,False
3508,1746969356.9914765,191.334,-12.1892,2.13763,-0.166378,-0.0211223,7161.76,4,2.29,124.27,3126.83,49.1031,1,2,0.8,0.0,0.0,4,0.0,0,False,1746969356.4662256,right,False
3509,1746969357.0142276,191.242,-12.0143,1.94478,-0.169548,-0.0242025,7158.12,4,2.312,125.44,3128,49.1031,1,2,0.8,0.0,0.0,4,0.0,0,False,1746969356.4662256,right,False
3510,1746969357.0359738,191.155,-11.8021,1.74529,-0.172409,-0.0270259,7154.7,4,2.334,126.61,3129.17,49.1031,1,2,0.8,0.0,0.0,4,0.0,0,False,1746969356.4662256,right,False
3511,1746969357.0590436,191.071,-11.543,1.55683,-0.174961,-0.0296085,7151.35,4,2.356,127.779,3130.34,49.1031,1,2,0.8,0.0,0.0,4,0.0,0,False,1746969356.4662256,right,False
3512,1746969357.0812197,190.991,-11.2552,1.36231,-0.17721,-0.0319681,7148.2,4,2.378,128.948,3131.51,49.1031,1,2,0.8,0.0,0.0,4,0.0,0,False,1746969356.4662256,right,False
3513,1746969357.1018765,190.914,-10.9351,1.16854,-0.17916,-0.0341155,7145.12,4,2.4,130.117,3132.68,49.1031,1,2,0.8,0.0,0.0,4,0.0,0,False,1746969356.4662256,right,False
3514,1746969357.1254232,190.841,-10.5909,0.975164,-0.180814,-0.0360665,7142.22,4,2.422,131.285,3133.85,49.1031,1,2,0.8,0.0,0.0,4,0.0,0,False,1746969356.4662256,right,False
3515,1746969357.145514,190.771,-10.221,0.78222,-0.182178,-0.0378298,7139.37,4,2.444,132.452,3135.01,49.1031,1,2,0.8,0.0,0.0,4,0.0,0,False,1746969356.4662256,right,False
3516,1746969357.1674497,190.703,-9.83116,0.590503,-0.183256,-0.0394154,7136.66,4,2.466,133.619,3136.18,49.1031,1,2,0.8,0.0,0.0,4,0.0,0,False,1746969356.4662256,right,False
3517,1746969357.1902106,190.638,-9.42088,0.407463,-0.184056,-0.0408279,7134.07,4,2.488,134.786,3137.35,49.1031,1,2,0.8,0.0,0.0,4,0.0,0,False,1746969356.4662256,right,False
3518,1746969357.213446,190.575,-8.99195,0.222642,-0.184582,-0.0420715,7131.55,4,2.51,135.952,3138.51,49.1031,1,2,0.8,0.0,0.0,4,0.0,0,False,1746969356.4662256,right,False
3519,1746969357.2333302,190.514,-8.55089,0.044491,-0.18484,-0.0431667,7129.12,4,2.532,137.118,3139.68,49.1031,1,2,0.8,0.0,0.0,4,0.0,0,False,1746969356.4662256,right,False
3520,1746969357.2574556,190.456,-8.1027,-0.138073,-0.184837,-0.0441305,7126.79,4,2.554,138.283,3140.84,49.1031,1,2,0.8,0.0,0.0,4,0.0,0,False,1746969356.4662256,right,False
3521,1746969357.277941,190.398,-7.64922,-0.308829,-0.184581,-0.0449777,7124.52,4,2.576,139.448,3142.01,49.1031,1,2,0.8,0.0,0.0,5,0.0,0,False,1746969357.277941,right,False
3522,1746969357.299586,190.342,-7.18672,-0.478199,-0.184079,-0.0456869,7122.31,4,2.598,140.612,3143.17,49.1031,1,2,0.8,0.0,0.0,5,0.0,0,False,1746969357.277941,right,False
3523,1746969357.3466177,190.288,-6.71742,-0.640315,-0.183338,-0.046264,7120.19,4,2.62,141.775,3144.34,49.1031,1,2,0.8,0.0,0.0,5,0.0,0,False,1746969357.277941,right,False
3524,1746969357.3495035,190.235,-6.24772,-0.801907,-0.182365,-0.0467281,5707.07,5,2.642,142.939,3145.5,49.1031,1,2,0.8,0.0,0.0,5,0.0,0,False,1746969357.277941,right,False
3525,1746969357.367559,190.182,-5.77689,-0.944125,-0.18117,-0.0470883,5706.32,5,2.664,144.102,3146.66,49.1031,1,2,0.8,0.0,0.0,5,0.0,0,False,1746969357.277941,right,False
3526,1746969357.3954353,190.13,-5.30922,-1.08858,-0.179761,-0.0473558,5705.58,5,2.686,145.264,3147.82,49.1031,1,2,0.8,0.0,0.0,5,0.0,0,False,1746969357.277941,right,False
3527,1746969357.4315197,190.079,-4.85022,-1.22595,-0.178146,-0.0475453,5704.83,5,2.708,146.426,3148.99,49.1031,1,2,0.8,0.0,0.0,5,0.0,0,False,1746969357.277941,right,False
3528,1746969357.4342618,190.028,-4.39903,-1.35781,-0.176334,-0.0476684,5704.09,5,2.73,147.587,3150.15,49.1031,1,2,0.8,0.0,0.0,5,0.0,0,False,1746969357.277941,right,False
3529,1746969357.4563813,189.978,-3.95975,-1.47993,-0.174335,-0.0477337,5703.35,5,2.752,148.748,3151.31,49.1031,1,2,0.8,0.0,0.0,5,0.0,0,False,1746969357.277941,right,False
3530,1746969357.4866242,189.928,-3.53488,-1.60147,-0.172158,-0.0477516,5702.61,5,2.774,149.909,3152.47,49.1031,1,2,0.8,0.0,0.0,5,0.0,0,False,1746969357.277941,right,False
3531,1746969357.4972212,189.878,-3.12303,-1.70802,-0.169812,-0.0477346,5701.87,5,2.796,151.069,3153.63,49.1031,1,2,0.8,0.0,0.0,5,0.0,0,False,1746969357.277941,right,False
3532,1746969357.5219991,189.828,-2.73,-1.81449,-0.167306,-0.0476883,5701.14,5,2.818,152.229,3154.79,49.1031,1,2,0.8,0.0,0.0,5,0.0,0,False,1746969357.277941,right,False
3533,1746969357.543068,189.778,-2.35327,-1.91006,-0.164649,-0.0476206,5700.41,5,2.84,153.388,3155.95,49.1031,1,2,0.8,0.0,0.0,5,0.0,0,False,1746969357.277941,right,False
3534,1746969357.565583,189.728,-1.99478,-1.99905,-0.161849,-0.0475383,5699.67,5,2.862,154.547,3157.11,49.1031,1,2,0.8,0.0,0.0,5,0.0,0,False,1746969357.277941,right,False
3535,1746969357.5855262,189.678,-1.65547,-2.08467,-0.158916,-0.0474459,5698.94,5,2.884,155.706,3158.27,49.1031,1,2,0.8,0.0,0.0,5,0.0,0,False,1746969357.277941,right,False
3536,1746969357.6076539,189.629,-1.33381,-2.157,-0.155856,-0.0473476,5698.22,5,2.906,156.864,3159.42,49.1031,1,2,0.8,0.0,0.0,5,0.0,0,False,1746969357.277941,right,False
3537,1746969357.631581,189.579,-1.03167,-2.23258,-0.152679,-0.0472484,5685.82,5,2.928,158.021,3160.58,49.1031,1,2,0.8,0.0,0.0,5,0.0,0,False,1746969357.277941,right,False
3538,1746969357.6513817,189.569,-0.747813,-2.30139,-0.149391,-0.0471514,5766.34,5,2.95,159.179,3161.74,49.1028,1,2,0.8,0.0,0.0,5,0.0,0,False,1746969357.277941,right,False
3539,1746969357.6731296,189.608,-0.482046,-2.36468,-0.145998,-0.0470572,5783.67,5,2.972,160.336,3162.9,49.1026,1,2,0.8,0.0,0.0,5,0.0,0,False,1746969357.277941,right,False
3540,1746969357.6980677,189.656,-0.232979,-2.42955,-0.142508,-0.0469666,5790.31,5,2.994,161.494,3164.05,49.1023,1,2,0.8,0.0,0.0,5,0.0,0,False,1746969357.277941,right,False
3541,1746969357.7188644,189.707,-7.56228e-005,-2.47979,-0.138925,-0.0468804,5792.09,5,3.016,162.652,3165.21,49.1021,1,2,0.8,0.0,0.0,5,0.0,0,False,1746969357.277941,right,False
3542,1746969357.7397583,189.757,0.216229,-2.53442,-0.135257,-0.0468056,5794.42,5,3.038,163.81,3166.37,49.1018,1,2,0.8,0.0,0.0,5,0.0,0,False,1746969357.277941,right,False
3543,1746969357.7620795,189.808,0.417119,-2.58416,-0.131508,-0.0467428,5796.74,5,3.06,164.968,3167.53,49.1016,1,2,0.8,0.0,0.0,5,0.0,0,False,1746969357.277941,right,False
3544,1746969357.786149,189.86,0.601487,-2.62522,-0.127685,-0.0466993,5797.47,5,3.082,166.127,3168.69,49.1013,1,2,0.8,0.0,0.0,5,0.0,0,False,1746969357.277941,right,False
3545,1746969357.8057656,189.91,0.770635,-2.66801,-0.123792,-0.0466773,5800.19,5,3.104,167.286,3169.85,49.1011,1,2,0.8,0.0,0.0,5,0.0,0,False,1746969357.277941,right,False
3546,1746969357.8286235,189.962,0.92372,-2.70188,-0.119833,-0.0466828,5800.66,5,3.126,168.445,3171.01,49.1008,1,2,0.8,0.0,0.0,5,0.0,0,False,1746969357.277941,right,False
3547,1746969357.8506038,190.013,1.06206,-2.73573,-0.115813,-0.0467161,5802.1,5,3.148,169.605,3172.17,49.1006,1,2,0.8,0.0,0.0,5,0.0,0,False,1746969357.277941,right,False
3548,1746969357.87237,190.064,1.18563,-2.76518,-0.111735,-0.0467797,5803.52,5,3.17,170.765,3173.33,49.1003,1,2,0.8,0.0,0.0,5,0.0,0,False,1746969357.277941,right,False
3549,1746969357.894668,190.114,1.29573,-2.79547,-0.107603,-0.0468754,5805.75,5,3.192,171.925,3174.49,49.1001,1,2,0.8,0.0,0.0,5,0.0,0,False,1746969357.277941,right,False
3550,1746969357.916218,190.164,1.39309,-2.8291,-0.103419,-0.0470047,5808.14,5,3.214,173.085,3175.65,49.0998,1,2,0.8,0.0,0.0,5,0.0,0,False,1746969357.277941,right,False
3551,1746969357.939827,190.217,1.47718,-2.84982,-0.099187,-0.0471657,5807.54,5,3.236,174.246,3176.81,49.0996,1,2,0.8,0.0,0.0,5,0.0,0,False,1746969357.277941,right,False
3552,1746969357.9600496,190.267,1.55098,-2.87162,-0.0949085,-0.047354,5809.84,5,3.258,175.406,3177.97,49.0993,1,2,0.8,0.0,0.0,5,0.0,0,False,1746969357.277941,right,False
3553,1746969357.9807098,190.318,1.61458,-2.89496,-0.0905855,-0.0475737,5811.15,5,3.28,176.568,3179.13,49.0991,1,2,0.8,0.0,0.0,5,0.0,0,False,1746969357.277941,right,False
3554,1746969358.0059905,190.369,1.66991,-2.91999,-0.0862196,-0.0478161,5812.6,5,3.302,177.729,3180.29,49.0988,1,2,0.8,0.0,0.0,5,0.0,0,False,1746969357.277941,right,False
3555,1746969358.0272262,190.421,1.71599,-2.9322,-0.0818126,-0.0480835,5812.64,5,3.324,178.891,3181.45,49.0986,1,2,0.8,0.0,0.0,5,0.0,0,False,1746969357.277941,right,False
3556,1746969358.048382,190.471,1.75711,-2.96015,-0.0773657,-0.0483701,5815.44,5,3.346,180.053,3182.61,49.0983,1,2,0.8,0.0,0.0,5,0.0,0,False,1746969357.277941,right,False
3557,1746969358.0694962,190.524,1.7912,-2.9788,-0.0728798,-0.0486758,5815.69,5,3.368,181.215,3183.78,49.0981,1,2,0.8,0.0,0.0,5,0.0,0,False,1746969357.277941,right,False
3558,1746969358.0978131,190.574,1.82059,-3.00337,-0.0683558,-0.0489976,5818.28,5,3.39,182.378,3184.94,49.0978,1,2,0.8,0.0,0.0,5,0.0,0,False,1746969357.277941,right,False
3559,1746969358.1160767,190.626,1.84495,-3.02102,-0.0637946,-0.0493334,5819,5,3.412,183.54,3186.1,49.0976,1,2,0.8,0.0,0.0,5,0.0,0,False,1746969357.277941,right,False
3560,1746969358.1353264,190.677,1.8654,-3.04083,-0.0591965,-0.0496828,5820.4,5,3.434,184.703,3187.26,49.0973,1,2,0.8,0.0,0.0,5,0.0,0,False,1746969357.277941,right,False
3561,1746969358.1575027,190.728,1.88274,-3.06161,-0.0545624,-0.0500432,5822.5,5,3.456,185.867,3188.43,49.0971,1,2,0.8,0.0,0.0,5,0.0,0,False,1746969357.277941,right,False
3562,1746969358.1807494,190.779,1.89677,-3.08514,-0.0498926,-0.0504142,5823.56,5,3.478,187.03,3189.59,49.0968,1,2,0.8,0.0,0.0,5,0.0,0,False,1746969357.277941,right,False
3563,1746969358.203492,190.83,1.90879,-3.1055,-0.0451874,-0.0507938,5825.52,5,3.5,188.195,3190.76,49.0966,1,2,0.8,0.0,0.0,5,0.0,0,False,1746969357.277941,right,False
3564,1746969358.2246995,190.882,1.91801,-3.12804,-0.0404472,-0.0511818,5826.59,5,3.522,189.359,3191.92,49.0963,1,2,0.8,0.0,0.0,5,0.0,0,False,1746969357.277941,right,False
3565,1746969358.2460136,190.933,1.92553,-3.14542,-0.035672,-0.0515761,5827.99,5,3.544,190.523,3193.08,49.0961,1,2,0.8,0.0,0.0,5,0.0,0,False,1746969357.277941,right,False
3566,1746969358.2673955,190.984,1.93204,-3.17391,-0.0308622,-0.0519786,5830.22,5,3.566,191.688,3194.25,49.0958,1,2,0.8,0.0,0.0,5,0.0,0,False,1746969357.277941,right,False
3567,1746969358.290158,191.036,1.93582,-3.19653,-0.0260178,-0.0523876,5831.63,5,3.588,192.853,3195.41,49.0955,1,2,0.8,0.0,0.0,5,0.0,0,False,1746969357.277941,right,False
3568,1746969358.3119118,191.087,1.93874,-3.21647,-0.0211388,-0.0528014,5833.27,5,3.61,194.019,3196.58,49.0953,1,2,0.8,0.0,0.0,5,0.0,0,False,1746969357.277941,right,False
3569,1746969358.3335128,191.138,1.94096,-3.24306,-0.0162254,-0.0532215,5835.17,5,3.632,195.184,3197.74,49.095,1,2,0.8,0.0,0.0,5,0.0,0,False,1746969357.277941,right,False
3570,1746969358.3551593,191.191,1.94111,-3.26163,-0.0112776,-0.053648,5835.33,5,3.654,196.35,3198.91,49.0948,1,2,0.8,0.0,0.0,5,0.0,0,False,1746969357.277941,right,False
3571,1746969358.3787458,191.242,1.94046,-3.28278,-0.0062954,-0.0540794,5836.75,5,3.676,197.516,3200.08,49.0945,1,2,0.8,0.0,0.0,5,0.0,0,False,1746969357.277941,right,False
3572,1746969358.401453,191.293,1.93968,-3.30988,-0.00127869,-0.0545143,5838.91,5,3.698,198.683,3201.24,49.0943,1,2,0.8,0.0,0.0,5,0.0,0,False,1746969357.277941,right,False
3573,1746969358.4224603,191.345,1.93802,-3.33395,0.00377261,-0.0549544,5840.56,5,3.72,199.85,3202.41,49.094,1,2,0.8,0.0,0.0,5,0.0,0,False,1746969357.277941,right,False
3574,1746969358.4440866,191.396,1.93534,-3.35411,0.00885855,-0.0553987,5842.09,5,3.742,201.017,3203.58,49.0938,1,2,0.8,0.0,0.0,5,0.0,0,False,1746969357.277941,right,False
3575,1746969358.4654925,191.448,1.932,-3.37542,0.0139791,-0.0558464,5843.53,5,3.764,202.184,3204.75,49.0935,1,2,0.8,0.0,0.0,5,0.0,0,False,1746969357.277941,right,False
3576,1746969358.489627,191.499,1.92894,-3.40406,0.0191345,-0.0562969,5845.36,5,3.786,203.352,3205.91,49.0933,1,2,0.8,0.0,0.0,5,0.0,0,False,1746969357.277941,right,False
3577,1746969358.51027,191.551,1.92487,-3.4212,0.0243248,-0.0567499,5846.27,5,3.808,204.52,3207.08,49.093,1,2,0.8,0.0,0.0,5,0.0,0,False,1746969357.277941,right,False
3578,1746969358.533247,191.602,1.9215,-3.45225,0.0295502,-0.0572059,5848.97,5,3.83,205.688,3208.25,49.0928,1,2,0.8,0.0,0.0,5,0.0,0,False,1746969357.277941,right,False
3579,1746969358.5556974,191.654,1.91711,-3.47293,0.0348107,-0.0576637,5849.97,5,3.852,206.856,3209.42,49.0925,1,2,0.8,0.0,0.0,5,0.0,0,False,1746969357.277941,right,False
3580,1746969358.5752428,191.706,1.91314,-3.49257,0.0401065,-0.0581229,5851.2,5,3.874,208.025,3210.59,49.0923,1,2,0.8,0.0,0.0,5,0.0,0,False,1746969357.277941,right,False
3581,1746969358.597516,191.758,1.90907,-3.5142,0.0454376,-0.0585831,5852.91,5,3.896,209.194,3211.76,49.092,1,2,0.8,0.0,0.0,5,0.0,0,False,1746969357.277941,right,False
3582,1746969358.6201093,191.809,1.90491,-3.53635,0.0508043,-0.059045,5854.36,5,3.918,210.363,3212.92,49.0918,1,2,0.8,0.0,0.0,5,0.0,0,False,1746969357.277941,right,False
3583,1746969358.6415775,191.861,1.90087,-3.55969,0.0562067,-0.0595079,5855.81,5,3.94,211.533,3214.09,49.0915,1,2,0.8,0.0,0.0,5,0.0,0,False,1746969357.277941,right,False
3584,1746969358.6639626,191.913,1.89682,-3.58317,0.0616448,-0.0599715,5857.35,5,3.962,212.703,3215.26,49.0913,1,2,0.8,0.0,0.0,5,0.0,0,False,1746969357.277941,right,False
3585,1746969358.686798,191.965,1.89347,-3.61043,0.0671188,-0.0604361,5859.65,5,3.984,213.873,3216.43,49.091,1,2,0.8,0.0,0.0,5,0.0,0,False,1746969357.277941,right,False
3586,1746969358.706783,192.017,1.88986,-3.63646,0.072629,-0.0609019,5860.47,5,4.006,215.043,3217.6,49.0908,1,2,0.8,0.0,0.0,5,0.0,0,False,1746969357.277941,right,False
3587,1746969358.7308815,192.068,1.88694,-3.6629,0.0781755,-0.061367,5862.89,5,4.028,216.214,3218.78,49.0905,1,2,0.8,0.0,0.0,5,0.0,0,False,1746969357.277941,right,False
3588,1746969358.7512069,192.12,1.88362,-3.68544,0.0837582,-0.0618327,5864.18,5,4.05,217.385,3219.95,49.0903,1,2,0.8,0.0,0.0,5,0.0,0,False,1746969357.277941,right,False
3589,1746969358.773526,192.173,1.88027,-3.70304,0.0893771,-0.0622972,5864.94,5,4.072,218.556,3221.12,49.09,1,2,0.8,0.0,0.0,5,0.0,0,False,1746969357.277941,right,False
3590,1746969358.7956464,192.224,1.87797,-3.73368,0.0950325,-0.0627624,5867.5,5,4.094,219.728,3222.29,49.0898,1,2,0.8,0.0,0.0,5,0.0,0,False,1746969357.277941,right,False
3591,1746969358.817118,192.276,1.87514,-3.75047,0.100725,-0.0632269,5868.05,5,4.116,220.9,3223.46,49.0895,1,2,0.8,0.0,0.0,5,0.0,0,False,1746969357.277941,right,False
3592,1746969358.8412871,192.328,1.87313,-3.77465,0.106453,-0.063691,5870.3,5,4.138,222.072,3224.63,49.0893,1,2,0.8,0.0,0.0,5,0.0,0,False,1746969357.277941,right,False
3593,1746969358.8638816,192.38,1.87094,-3.79936,0.112219,-0.0641546,5871.69,5,4.16,223.244,3225.81,49.089,1,2,0.8,0.0,0.0,5,0.0,0,False,1746969357.277941,right,False
3594,1746969358.8831189,192.432,1.86936,-3.828,0.118021,-0.0646176,5872.93,5,4.182,224.417,3226.98,49.0887,1,2,0.8,0.0,0.0,5,0.0,0,False,1746969357.277941,right,False
3595,1746969358.9061484,192.484,1.86768,-3.85049,0.123861,-0.0650805,5874.54,5,4.204,225.59,3228.15,49.0885,1,2,0.8,0.0,0.0,5,0.0,0,False,1746969357.277941,right,False
3596,1746969358.927072,192.536,1.86656,-3.87606,0.129737,-0.0655423,5876.72,5,4.226,226.763,3229.32,49.0882,1,2,0.8,0.0,0.0,5,0.0,0,False,1746969357.277941,right,False
3597,1746969358.9510155,192.588,1.86527,-3.89657,0.13565,-0.0660037,5877.6,5,4.248,227.937,3230.5,49.088,1,2,0.8,0.0,0.0,5,0.0,0,False,1746969357.277941,right,False
3598,1746969358.97247,192.64,1.86466,-3.92233,0.1416,-0.066464,5879.44,5,4.27,229.11,3231.67,49.0877,1,2,0.8,0.0,0.0,5,0.0,0,False,1746969357.277941,right,False
3599,1746969358.993887,192.693,1.86369,-3.9502,0.147588,-0.066923,5880.8,5,4.292,230.284,3232.85,49.0875,1,2,0.8,0.0,0.0,5,0.0,0,False,1746969357.277941,right,False
3600,1746969359.0174,192.745,1.86353,-3.96518,0.153612,-0.0673798,5881.84,5,4.314,231.459,3234.02,49.0872,1,2,0.8,0.0,0.0,5,0.0,0,False,1746969357.277941,right,False
3601,1746969359.0396774,192.797,1.86436,-3.99478,0.159674,-0.0678334,5884.02,5,4.336,232.633,3235.19,49.087,1,2,0.8,0.0,0.0,5,0.0,0,False,1746969357.277941,right,False
3602,1746969359.0607035,192.848,1.86523,-4.01564,0.165772,-0.0682855,5886.05,5,4.358,233.808,3236.37,49.0867,1,2,0.8,0.0,0.0,5,0.0,0,False,1746969357.277941,right,False
3603,1746969359.0814238,192.9,1.86696,-4.05464,0.171909,-0.0687391,5888.15,5,4.38,234.983,3237.54,49.0865,1,2,0.8,0.0,0.0,5,0.0,0,False,1746969357.277941,right,False
3604,1746969359.1037273,192.953,1.86696,-4.07306,0.178082,-0.0691927,5889.58,5,4.402,236.159,3238.72,49.0862,1,2,0.8,0.0,0.0,5,0.0,0,False,1746969357.277941,right,False
3605,1746969359.1270075,193.005,1.86655,-4.09784,0.184293,-0.0696503,5890.34,5,4.424,237.334,3239.9,49.086,1,2,0.8,0.0,0.0,5,0.0,0,False,1746969357.277941,right,False
3606,1746969359.1487176,193.058,1.86585,-4.11999,0.190541,-0.070109,5891.45,5,4.446,238.51,3241.07,49.0857,1,2,0.8,0.0,0.0,5,0.0,0,False,1746969357.277941,right,False
3607,1746969359.169528,193.11,1.86511,-4.14521,0.196826,-0.0705691,5893.27,5,4.468,239.687,3242.25,49.0855,1,2,0.8,0.0,0.0,5,0.0,0,False,1746969357.277941,right,False
3608,1746969359.1925738,193.162,1.86442,-4.17265,0.203149,-0.0710297,5895.62,5,4.49,240.863,3243.42,49.0852,1,2,0.8,0.0,0.0,5,0.0,0,False,1746969357.277941,right,False
3609,1746969359.215008,193.214,1.86344,-4.19617,0.209508,-0.071491,5896.67,5,4.512,242.04,3244.6,49.085,1,2,0.8,0.0,0.0,5,0.0,0,False,1746969357.277941,right,False
3610,1746969359.2353976,193.267,1.86271,-4.22113,0.215905,-0.0719517,5898.13,5,4.534,243.217,3245.78,49.0847,1,2,0.8,0.0,0.0,5,0.0,0,False,1746969357.277941,right,False
3611,1746969359.2572503,193.319,1.86206,-4.2429,0.22234,-0.0724121,5899.33,5,4.556,244.394,3246.96,49.0845,1,2,0.8,0.0,0.0,5,0.0,0,False,1746969357.277941,right,False
3612,1746969359.2804027,193.372,1.86126,-4.2673,0.228812,-0.0728719,5901.18,5,4.578,245.572,3248.13,49.0842,1,2,0.8,0.0,0.0,5,0.0,0,False,1746969357.277941,right,False
3613,1746969359.3026195,193.424,1.86125,-4.28963,0.235321,-0.0733301,5902.65,5,4.6,246.75,3249.31,49.084,1,2,0.8,0.0,0.0,5,0.0,0,False,1746969357.277941,right,False
3614,1746969359.3254757,193.476,1.86128,-4.31556,0.241868,-0.0737878,5904.25,5,4.622,247.928,3250.49,49.0837,1,2,0.8,0.0,0.0,5,0.0,0,True,1746969357.277941,right,False
3615,1746969359.3448973,193.529,1.8613,-4.34054,0.248452,-0.0742447,5905.5,5,4.644,249.107,3251.67,49.0835,1,2,0.8,0.0,0.0,5,0.0,0,True,1746969357.277941,right,False
3616,1746969359.3681417,193.582,1.86141,-4.36171,0.255074,-0.0747007,5906.67,5,4.666,250.285,3252.85,49.0832,1,2,0.8,0.0,0.0,5,0.0,0,True,1746969357.277941,right,False
3617,1746969359.390833,193.634,1.86166,-4.38606,0.261733,-0.0751555,5908.23,5,4.688,251.464,3254.03,49.083,1,2,0.8,0.0,0.0,5,0.0,0,True,1746969357.277941,right,False
3618,1746969359.4160733,193.686,1.86253,-4.41322,0.26843,-0.0756105,5910.73,5,4.71,252.644,3255.2,49.0827,1,2,0.8,0.0,0.0,5,0.0,0,True,1746969357.277941,right,False
3619,1746969359.433294,193.739,1.86272,-4.43781,0.275165,-0.0760644,5911.88,5,4.732,253.823,3256.38,49.0825,1,2,0.8,0.0,0.0,5,0.0,0,True,1746969357.277941,right,False
3620,1746969359.4563375,193.792,1.86355,-4.46651,0.281937,-0.0765176,5913.56,5,4.754,255.003,3257.56,49.0822,1,2,0.8,0.0,0.0,5,0.0,0,True,1746969357.277941,right,False
3621,1746969359.4795218,193.844,1.86429,-4.48821,0.288747,-0.0769707,5915.33,5,4.776,256.183,3258.74,49.082,1,2,0.8,0.0,0.0,5,0.0,0,True,1746969357.277941,right,False
3622,1746969359.499392,193.896,1.86508,-4.51283,0.295594,-0.0774237,5916.88,5,4.798,257.363,3259.92,49.0817,1,2,0.8,0.0,0.0,5,0.0,0,True,1746969357.277941,right,False
3623,1746969359.522372,193.949,1.86539,-4.53729,0.302479,-0.0778754,5917.71,5,4.82,258.544,3261.1,49.0814,1,2,0.8,0.0,0.0,5,0.0,0,True,1746969357.277941,right,False
3624,1746969359.5434618,194.001,1.86683,-4.56203,0.309401,-0.0783274,5920.09,5,4.842,259.725,3262.29,49.0812,1,2,0.8,0.0,0.0,5,0.0,0,True,1746969357.277941,right,False
3625,1746969359.5666823,194.054,1.86718,-4.58559,0.316361,-0.0787783,5920.77,5,4.864,260.906,3263.47,49.0809,1,2,0.8,0.0,0.0,5,0.0,0,True,1746969357.277941,right,False
3626,1746969359.588937,194.107,1.86806,-4.60983,0.323358,-0.0792298,5922.47,5,4.886,262.088,3264.65,49.0807,1,2,0.8,0.0,0.0,5,0.0,0,True,1746969357.277941,right,False
3627,1746969359.6115305,194.16,1.86894,-4.63655,0.330393,-0.0796812,5924.27,5,4.908,263.269,3265.83,49.0804,1,2,0.8,0.0,0.0,5,0.0,0,True,1746969357.277941,right,False
3628,1746969359.6305995,194.212,1.8696,-4.66157,0.337466,-0.0801325,5926.47,5,4.93,264.451,3267.01,49.0802,1,2,0.8,0.0,0.0,5,0.0,0,True,1746969357.277941,right,False
3629,1746969359.6555588,194.265,1.86962,-4.68076,0.344576,-0.0805851,5927.1,5,4.952,265.634,3268.19,49.0799,1,2,0.8,0.0,0.0,5,0.0,0,True,1746969357.277941,right,False
3630,1746969359.6767595,194.317,1.87017,-4.70883,0.351723,-0.0810373,5929.76,5,4.974,266.816,3269.38,49.0797,1,2,0.8,0.0,0.0,5,0.0,0,True,1746969357.277941,right,False
3631,1746969359.69695,194.37,1.87093,-4.7345,0.358908,-0.0814899,5930.57,5,4.996,267.999,3270.56,49.0794,1,2,0.8,0.0,0.0,5,0.0,0,True,1746969357.277941,right,False
3632,1746969359.7220023,194.423,1.87108,-4.75918,0.366131,-0.0819412,5932.75,5,5.018,269.182,3271.74,49.0792,1,2,0.8,0.0,0.0,5,0.0,0,True,1746969357.277941,right,False
3633,1746969359.7425454,194.476,1.87246,-4.78564,0.373392,-0.082389,5933.47,5,5.04,270.366,3272.93,49.0789,1,2,0.8,0.0,0.0,5,0.0,0,True,1746969357.277941,right,False
3634,1746969359.763148,194.529,1.87246,-4.80641,0.380689,-0.08284,5935.68,5,5.062,271.549,3274.11,49.0787,1,2,0.8,0.0,0.0,5,0.0,0,True,1746969357.277941,right,False
3635,1746969359.785912,194.582,1.87224,-4.8248,0.388025,-0.083294,5936.09,5,5.084,272.733,3275.29,49.0784,1,2,0.8,0.0,0.0,5,0.0,0,True,1746969357.277941,right,False
3636,1746969359.8085039,194.634,1.87275,-4.85529,0.395397,-0.0837458,5939.24,5,5.106,273.917,3276.48,49.0782,1,2,0.8,0.0,0.0,5,0.0,0,True,1746969357.277941,right,False
3637,1746969359.830365,194.687,1.8733,-4.87728,0.402808,-0.084195,5940.18,5,5.128,275.102,3277.66,49.0779,1,2,0.8,0.0,0.0,5,0.0,0,True,1746969357.277941,right,False
3638,1746969359.8525918,194.74,1.87305,-4.8992,0.410256,-0.0846493,5941.4,5,5.15,276.287,3278.85,49.0777,1,2,0.8,0.0,0.0,5,0.0,0,True,1746969357.277941,right,False
3639,1746969359.8746667,194.792,1.8728,-4.92757,0.417742,-0.0851057,5943.79,5,5.172,277.472,3280.03,49.0774,1,2,0.8,0.0,0.0,5,0.0,0,True,1746969357.277941,right,False
3640,1746969359.897682,194.845,1.87391,-4.96263,0.425265,-0.0855596,5945.44,5,5.194,278.657,3281.22,49.0772,1,2,0.8,0.0,0.0,5,0.0,0,True,1746969357.277941,right,False
3641,1746969359.9181528,194.898,1.87412,-4.99068,0.432827,-0.0860123,5947.11,5,5.216,279.842,3282.4,49.0769,1,2,0.8,0.0,0.0,5,0.0,0,True,1746969357.277941,right,False
3642,1746969359.9406266,194.951,1.87458,-5.01153,0.440426,-0.0864619,5948.21,5,5.238,281.028,3283.59,49.0767,1,2,0.8,0.0,0.0,5,0.0,0,True,1746969357.277941,right,False
3643,1746969359.9638605,195.004,1.87546,-5.03894,0.448063,-0.0869121,5950.16,5,5.26,282.214,3284.78,49.0764,1,2,0.8,0.0,0.0,5,0.0,0,True,1746969357.277941,right,False
3644,1746969359.9841485,195.058,1.87554,-5.06302,0.455737,-0.0873625,5951.19,5,5.282,283.401,3285.96,49.0762,1,2,0.8,0.0,0.0,5,0.0,0,True,1746969357.277941,right,False
3645,1746969360.0097663,195.111,1.87613,-5.08406,0.463449,-0.0878112,5952.22,5,5.304,284.587,3287.15,49.0759,1,2,0.8,0.0,0.0,5,0.0,0,True,1746969357.277941,right,False
3646,1746969360.0294318,195.163,1.87752,-5.11382,0.471199,-0.0882593,5954.79,5,5.326,285.774,3288.33,49.0757,1,2,0.8,0.0,0.0,5,0.0,0,True,1746969357.277941,right,False
3647,1746969360.0523462,195.217,1.87786,-5.13643,0.478987,-0.0887077,5955.59,5,5.348,286.961,3289.52,49.0754,1,2,0.8,0.0,0.0,5,0.0,0,True,1746969357.277941,right,False
3648,1746969360.0714426,195.269,1.87869,-5.16449,0.486812,-0.0891566,5958,5,5.37,288.149,3290.71,49.0752,1,2,0.8,0.0,0.0,5,0.0,0,True,1746969357.277941,right,False
3649,1746969360.0935218,195.323,1.879,-5.18563,0.494676,-0.0896044,5958.56,5,5.392,289.336,3291.9,49.0749,1,2,0.8,0.0,0.0,5,0.0,0,True,1746969357.277941,right,False
3650,1746969360.115907,195.376,1.8794,-5.20751,0.502576,-0.0900528,5959.74,5,5.414,290.524,3293.09,49.0746,1,2,0.8,0.0,0.0,5,0.0,0,True,1746969357.277941,right,False
3651,1746969360.1385326,195.43,1.88006,-5.2332,0.510514,-0.0905001,5961.25,5,5.436,291.713,3294.27,49.0744,1,2,0.8,0.0,0.0,5,0.0,0,True,1746969357.277941,right,False
3652,1746969360.1616032,195.482,1.88064,-5.26171,0.51849,-0.0909491,5963.58,5,5.458,292.901,3295.46,49.0741,1,2,0.8,0.0,0.0,5,0.0,0,True,1746969357.277941,right,False
3653,1746969360.1824565,195.535,1.88141,-5.28693,0.526504,-0.0913972,5965.69,5,5.48,294.09,3296.65,49.0739,1,2,0.8,0.0,0.0,5,0.0,0,True,1746969357.277941,right,False
3654,1746969360.205564,195.588,1.88172,-5.30731,0.534555,-0.0918452,5966.92,5,5.502,295.279,3297.84,49.0736,1,2,0.8,0.0,0.0,5,0.0,0,True,1746969357.277941,right,False
3655,1746969360.2272105,195.642,1.88191,-5.33048,0.542645,-0.0922927,5967.91,5,5.524,296.468,3299.03,49.0734,1,2,0.8,0.0,0.0,5,0.0,0,True,1746969357.277941,right,False
3656,1746969360.2488885,195.695,1.88247,-5.35953,0.550771,-0.0927406,5970.22,5,5.546,297.658,3300.22,49.0731,1,2,0.8,0.0,0.0,5,0.0,0,True,1746969357.277941,right,False
3657,1746969360.2712018,195.747,1.88297,-5.38624,0.558935,-0.09319,5972.36,5,5.568,298.848,3301.41,49.0729,1,2,0.8,0.0,0.0,5,0.0,0,True,1746969357.277941,right,False
3658,1746969360.292269,195.803,1.88198,-5.39179,0.567137,-0.0935056,5971.02,5,5.59,300.039,3302.6,49.0726,1,2,0.8,0.0,0.0,5,0.0,0,True,1746969357.277941,right,False
3659,1746969360.3130991,195.859,1.88151,-5.37141,0.575203,-0.0898431,5967.77,5,5.612,301.265,3303.83,49.0724,1,2,0.8,0.0,0.0,5,0.0,0,True,1746969357.277941,right,False
3660,1746969360.3349903,195.914,1.88562,-5.3273,0.582979,-0.0861384,5966.17,5,5.634,302.492,3305.05,49.0721,1,2,0.8,0.0,0.0,5,0.0,0,True,1746969357.277941,right,False
3661,1746969360.3582807,195.969,1.89176,-5.23073,0.590464,-0.0823868,5963.34,5,5.656,303.72,3306.28,49.0719,1,2,0.8,0.0,0.0,5,0.0,0,True,1746969357.277941,right,False
3662,1746969360.380676,196.022,1.90047,-5.09267,0.597652,-0.0785943,5961.26,5,5.678,304.949,3307.51,49.0716,1,2,0.8,0.0,0.0,5,0.0,0,True,1746969357.277941,right,False
3663,1746969360.4033346,196.072,1.91271,-4.94136,0.604545,-0.0747662,5962.38,5,5.7,306.18,3308.74,49.0714,1,2,0.8,0.0,0.0,5,0.0,0,True,1746969357.277941,right,False
3664,1746969360.4233012,196.121,1.9246,-4.75071,0.611139,-0.070912,5962.85,5,5.722,307.412,3309.97,49.0711,1,2,0.8,0.0,0.0,5,0.0,0,True,1746969357.277941,right,False
3665,1746969360.4453132,196.169,1.93582,-4.53738,0.61743,-0.0670405,5963.02,5,5.744,308.645,3311.21,49.0709,1,2,0.8,0.0,0.0,5,0.0,0,True,1746969357.277941,right,False
3666,1746969360.4691575,196.217,1.94478,-4.30434,0.623419,-0.0631633,5963.95,5,5.766,309.879,3312.44,49.0706,1,2,0.8,0.0,0.0,5,0.0,0,True,1746969357.277941,right,False
3667,1746969360.4892974,196.263,1.95046,-4.06231,0.629104,-0.0592901,5964.79,5,5.788,311.113,3313.67,49.0704,1,2,0.8,0.0,0.0,5,0.0,0,True,1746969357.277941,right,False
3668,1746969360.5120542,196.308,1.95181,-3.8014,0.634479,-0.055424,5965.81,5,5.81,312.35,3314.91,49.0701,1,2,0.8,0.0,0.0,5,0.0,0,True,1746969357.277941,right,False
3669,1746969360.5334184,196.352,1.94935,-3.54345,0.639549,-0.0515756,5967.76,5,5.832,313.586,3316.15,49.0699,1,2,0.8,0.0,0.0,5,0.0,0,True,1746969357.277941,right,False
3670,1746969360.5562427,196.396,1.9417,-3.27723,0.644312,-0.0477495,5969.38,5,5.854,314.824,3317.38,49.0696,1,2,0.8,0.0,0.0,5,0.0,0,True,1746969357.277941,right,False
3671,1746969360.5785801,196.438,1.93022,-3.02367,0.648763,-0.0439479,5971.96,5,5.876,316.063,3318.62,49.0694,1,2,0.8,0.0,0.0,5,0.0,0,True,1746969357.277941,right,False
3672,1746969360.5999367,196.479,1.91415,-2.75962,0.652911,-0.0401713,5973.37,5,5.898,317.302,3319.86,49.0691,1,2,0.8,0.0,0.0,5,0.0,0,True,1746969357.277941,right,False
3673,1746969360.6215675,196.52,1.89456,-2.50745,0.656751,-0.0364223,5975.1,5,5.92,318.542,3321.1,49.0689,1,2,0.8,0.0,0.0,5,0.0,0,True,1746969357.277941,right,False
3674,1746969360.6452048,196.561,1.87232,-2.25723,0.66028,-0.032691,5975.9,5,5.942,319.783,3322.34,49.0686,1,2,0.8,0.0,0.0,5,0.0,0,True,1746969357.277941,right,False
3675,1746969360.665442,196.6,1.84903,-2.01511,0.663505,-0.0289773,5977.98,5,5.964,321.025,3323.59,49.0684,1,2,0.8,0.0,0.0,5,0.0,0,True,1746969357.277941,right,False
3676,1746969360.6908562,196.639,1.82604,-1.78317,0.666425,-0.0252765,5979.34,5,5.986,322.267,3324.83,49.0681,1,2,0.8,0.0,0.0,5,0.0,0,True,1746969357.277941,right,False
3677,1746969360.71161,196.677,1.80375,-1.55932,0.669039,-0.0215824,5980.45,5,6.008,323.509,3326.07,49.0679,1,2,0.8,0.0,0.0,5,0.0,0,True,1746969357.277941,right,False
3678,1746969360.733002,196.714,1.78318,-1.34139,0.671348,-0.0178885,5982.15,5,6.03,324.753,3327.31,49.0676,1,2,0.8,0.0,0.0,5,0.0,0,True,1746969357.277941,right,False
3679,1746969360.7544303,196.75,1.76476,-1.13561,0.673356,-0.0141957,5983.57,5,6.052,325.996,3328.56,49.0673,1,2,0.8,0.0,0.0,5,0.0,0,True,1746969357.277941,right,False
3680,1746969360.7776985,196.786,1.74909,-0.931494,0.675061,-0.0104985,5984.13,5,6.074,327.24,3329.8,49.0671,1,2,0.8,0.0,0.0,5,0.0,0,True,1746969357.277941,right,False
3681,1746969360.798433,196.821,1.73658,-0.741437,0.676461,-0.00679257,5986.22,5,6.096,328.485,3331.05,49.0668,1,2,0.8,0.0,0.0,5,0.0,0,True,1746969357.277941,right,False
3682,1746969360.8210707,196.855,1.72618,-0.542851,0.677559,-0.00307836,5986.45,5,6.118,329.73,3332.29,49.0666,1,2,0.8,0.0,0.0,5,0.0,0,True,1746969357.277941,right,False
3683,1746969360.842469,196.888,1.71835,-0.351763,0.678357,0.000644192,5988.12,5,6.14,330.976,3333.54,49.0663,1,2,0.8,0.0,0.0,5,0.0,0,True,1746969357.277941,right,False
3684,1746969360.8647602,196.921,1.71286,-0.166259,0.678853,0.00437531,5989.03,5,6.162,332.221,3334.78,49.0661,1,2,0.8,0.0,0.0,5,0.0,0,True,1746969357.277941,right,False
3685,1746969360.8850245,196.953,1.7099,0.0220793,0.679049,0.00811761,5990.26,5,6.184,333.467,3336.03,49.0658,1,2,0.8,0.0,0.0,5,0.0,0,True,1746969357.277941,right,False
3686,1746969360.9107287,196.984,1.70893,0.20884,0.678939,0.0118697,5991.1,5,6.206,334.713,3337.27,49.0656,1,2,0.8,0.0,0.0,5,0.0,0,True,1746969357.277941,right,False
3687,1746969360.9315205,197.014,1.71002,0.391439,0.678532,0.0156299,5992.25,5,6.228,335.959,3338.52,49.0653,1,2,0.8,0.0,0.0,5,0.0,0,True,1746969357.277941,right,False
3688,1746969360.9515738,197.043,1.71104,0.581335,0.67782,0.0193947,5992.76,5,6.25,337.206,3339.77,49.0651,1,2,0.8,0.0,0.0,5,0.0,0,True,1746969357.277941,right,False
3689,1746969360.974526,197.072,1.71238,0.773612,0.676809,0.023163,5993.06,5,6.272,338.452,3341.01,49.0648,1,2,0.8,0.0,0.0,5,0.0,0,True,1746969357.277941,right,False
3690,1746969360.9968772,197.1,1.71545,0.956017,0.675496,0.0269358,5994.63,5,6.294,339.698,3342.26,49.0646,1,2,0.8,0.0,0.0,5,0.0,0,True,1746969357.277941,right,False
3691,1746969361.0185964,197.127,1.71811,1.14922,0.673877,0.0307145,5995.32,5,6.316,340.945,3343.51,49.0643,1,2,0.8,0.0,0.0,5,0.0,0,True,1746969357.277941,right,False
3692,1746969361.0386589,197.153,1.72094,1.3442,0.671958,0.0344947,5995.95,5,6.338,342.191,3344.75,49.0641,1,2,0.8,0.0,0.0,5,0.0,0,True,1746969357.277941,right,False
3693,1746969361.0622842,197.178,1.72358,1.53696,0.669733,0.0382755,5996.71,5,6.36,343.438,3346,49.0638,1,2,0.8,0.0,0.0,5,0.0,0,True,1746969357.277941,right,False
3694,1746969361.0854082,197.203,1.72572,1.73564,0.667208,0.0420559,5997.07,5,6.382,344.684,3347.24,49.0636,1,2,0.8,0.0,0.0,5,0.0,0,True,1746969357.277941,right,False
3695,1746969361.1064327,197.227,1.72779,1.93278,0.664382,0.0458362,5997.61,5,6.404,345.93,3348.49,49.0633,1,2,0.8,0.0,0.0,5,0.0,0,True,1746969357.277941,right,False
3696,1746969361.1302338,197.25,1.72993,2.12842,0.661253,0.0496144,5998.69,5,6.426,347.175,3349.74,49.0631,1,2,0.8,0.0,0.0,5,0.0,0,True,1746969357.277941,right,False
3697,1746969361.1513712,197.273,1.73083,2.33671,0.657821,0.0533912,5999,5,6.448,348.42,3350.98,49.0628,1,2,0.8,0.0,0.0,5,0.0,0,True,1746969357.277941,right,False
3698,1746969361.172559,197.294,1.7323,2.53146,0.654081,0.057169,6000.17,5,6.47,349.666,3352.23,49.0626,1,2,0.8,0.0,0.0,5,0.0,0,True,1746969357.277941,right,False
3699,1746969361.1959882,197.315,1.73271,2.7387,0.650037,0.0609457,5999.78,5,6.492,350.911,3353.47,49.0623,1,2,0.8,0.0,0.0,5,0.0,0,True,1746969357.277941,right,False
3700,1746969361.2169166,197.335,1.73369,2.94093,0.645691,0.0647214,6000.59,5,6.514,352.156,3354.72,49.0621,1,2,0.8,0.0,0.1,5,0.0,0,True,1746969357.277941,right,False
3701,1746969361.2373667,197.354,1.7349,3.14281,0.64104,0.0684981,6001.21,5,6.536,353.4,3355.96,49.0618,1,2,0.8,0.0,0.1,5,0.0,0,True,1746969357.277941,right,False
3702,1746969361.2614155,197.358,1.90398,3.33998,0.636149,0.0712398,6002.53,5,6.558,354.644,3357.2,49.0616,1,2,0.8,0.0,0.1,5,0.0,0,True,1746969357.277941,right,False
3703,1746969361.2816546,197.359,1.63747,3.51289,0.631126,0.0712795,6005.74,5,6.58,355.887,3358.45,49.0613,1,2,0.8,0.0,0.1,5,0.0,0,True,1746969357.277941,right,False
3704,1746969361.307331,197.362,0.922531,3.65786,0.625973,0.0689517,6009.45,5,6.602,357.129,3359.69,49.0611,1,2,0.8,0.0,0.1,5,0.0,0,True,1746969357.277941,right,False
3705,1746969361.3256757,197.36,-0.13929,3.77636,0.620711,0.0646631,6014.6,5,6.624,358.372,3360.93,49.0608,1,2,0.8,0.0,0.1,5,0.0,0,True,1746969357.277941,right,False
3706,1746969361.3474653,197.348,-1.44825,3.87031,0.615367,0.0588213,6020.22,5,6.646,359.613,3362.17,49.0606,1,2,0.8,0.0,0.1,5,0.0,0,True,1746969357.277941,right,False
3707,1746969361.371502,197.318,-2.92464,3.93362,0.609963,0.0518118,6026.43,5,6.668,360.855,3363.41,49.0603,1,2,0.8,0.0,0.1,5,0.0,0,True,1746969357.277941,right,False
3708,1746969361.3916276,197.269,-4.49978,3.96388,0.604529,0.0439915,6034.68,5,6.69,362.095,3364.66,49.06,1,2,0.8,0.0,0.1,5,0.0,0,True,1746969357.277941,right,False
3709,1746969361.4162843,197.197,-6.11625,3.974,0.599093,0.0356806,6045.42,5,6.712,363.336,3365.9,49.0598,1,2,0.8,0.0,0.1,5,0.0,0,True,1746969357.277941,right,False
3710,1746969361.4357066,197.103,-7.73087,3.95303,0.593673,0.0271316,6058.17,5,6.734,364.575,3367.14,49.0595,1,2,0.8,0.0,0.1,5,0.0,0,True,1746969357.277941,right,False
3711,1746969361.458494,196.988,-9.3176,3.90505,0.588291,0.0185168,6073.57,5,6.756,365.815,3368.37,49.0593,1,2,0.8,0.0,0.2,5,0.0,0,True,1746969357.277941,right,False
3712,1746969361.4797318,196.854,-10.8604,3.84552,0.582963,0.00994502,6088.14,5,6.778,367.053,3369.61,49.059,1,2,0.8,0.0,0.2,5,0.0,0,True,1746969357.277941,right,False
3713,1746969361.5012567,196.701,-12.3465,3.77007,0.577704,0.00148445,6105.13,5,6.8,368.291,3370.85,49.0588,1,2,0.8,0.0,0.2,5,0.0,0,True,1746969357.277941,right,False
3714,1746969361.5239427,196.508,-13.7456,3.67931,0.572534,-0.00700586,6118.67,5,6.822,369.528,3372.09,49.0585,1,2,0.8,0.0,0.2,5,0.0,0,True,1746969357.277941,right,False
3715,1746969361.5479827,196.284,-15.168,3.5808,0.567483,-0.0157938,6136.07,5,6.844,370.765,3373.32,49.0583,1,2,0.8,0.0,0.2,5,0.0,0,True,1746969357.277941,right,False
3716,1746969361.5684767,196.04,-16.6217,3.47213,0.562555,-0.0248303,6151.41,5,6.866,372,3374.56,49.058,1,2,0.8,0.0,0.2,5,0.0,0,True,1746969357.277941,right,False
3717,1746969361.5907505,195.775,-18.0968,3.35674,0.557758,-0.034057,6169.67,5,6.888,373.234,3375.79,49.0578,1,2,0.8,0.0,0.2,5,0.0,0,True,1746969357.277941,right,False
3718,1746969361.61325,195.492,-19.5823,3.24603,0.553099,-0.0434659,6181.1,5,6.91,374.468,3377.03,49.0575,1,2,0.8,0.0,0.2,5,0.0,0,True,1746969357.277941,right,False
3719,1746969361.636248,195.185,-21.0811,3.12127,0.548586,-0.0529973,6196.34,5,6.932,375.7,3378.26,49.0573,1,2,0.8,0.0,0.2,5,0.0,0,True,1746969357.277941,right,False
3720,1746969361.6567264,194.863,-22.5698,3.00074,0.544222,-0.0626137,6204.66,5,6.954,376.931,3379.49,49.057,1,2,0.8,0.0,0.0,5,0.0,0,True,1746969357.277941,left,False
3721,1746969361.6782856,194.522,-24.0606,2.87365,0.540015,-0.0723085,6211.78,5,6.976,378.161,3380.72,49.0568,1,2,0.8,0.0,0.0,5,0.0,0,True,1746969357.277941,left,False
3722,1746969361.7016675,194.162,-25.5407,2.74829,0.535964,-0.082015,6218.58,5,6.998,379.389,3381.95,49.0565,1,2,0.8,0.0,0.0,5,0.0,0,True,1746969357.277941,left,False
3723,1746969361.7233117,193.816,-27.0325,2.62652,0.532074,-0.0916084,6233.43,5,7.02,380.617,3383.18,49.0563,1,2,0.8,0.0,0.0,5,0.0,0,True,1746969357.277941,left,False
3724,1746969361.7433503,193.51,-28.46,2.49942,0.528318,-0.100628,6230.59,5,7.042,381.844,3384.4,49.056,1,2,0.8,0.0,0.0,5,0.0,0,True,1746969357.277941,left,False
3725,1746969361.76731,193.216,-29.7277,2.38075,0.524703,-0.108995,6214.48,5,7.064,383.07,3385.63,49.0558,1,2,0.8,0.0,0.0,5,0.0,0,True,1746969357.277941,left,False
3726,1746969361.7882743,192.926,-30.8577,2.25893,0.521234,-0.116748,6202.94,5,7.086,384.295,3386.85,49.0555,1,2,0.8,0.0,0.0,5,0.0,0,True,1746969357.277941,left,False
3727,1746969361.8104408,192.644,-31.8563,2.1491,0.51792,-0.123932,6187.54,5,7.108,385.519,3388.08,49.0553,1,2,0.8,0.0,0.0,5,0.0,0,True,1746969357.277941,left,False
3728,1746969361.8323016,192.37,-32.7267,2.03985,0.514764,-0.130536,6177.5,5,7.13,386.743,3389.3,49.055,1,2,0.8,0.0,0.0,5,0.0,0,True,1746969357.277941,left,False
3729,1746969361.854648,192.103,-33.47,1.92561,0.511778,-0.136554,6174.18,5,7.152,387.966,3390.53,49.0548,1,2,0.8,0.0,0.0,5,0.0,0,True,1746969357.277941,left,False
3730,1746969361.8765025,191.847,-34.0973,1.8118,0.50896,-0.141986,6173.79,5,7.174,389.187,3391.75,49.0545,1,2,0.8,0.0,0.0,5,0.0,0,True,1746969357.277941,left,False
3731,1746969361.898732,191.603,-34.6129,1.69607,0.506309,-0.146872,6176.75,5,7.196,390.408,3392.97,49.0543,1,2,0.8,0.0,0.0,5,0.0,0,True,1746969357.277941,left,False
3732,1746969361.9207935,191.377,-35.0062,1.58224,0.503829,-0.151176,6177.83,5,7.218,391.627,3394.19,49.054,1,2,0.8,0.0,0.0,5,0.0,0,True,1746969357.277941,left,False
3733,1746969361.9416254,191.163,-35.2896,1.47043,0.501522,-0.15489,6184.78,5,7.24,392.846,3395.41,49.0538,1,2,0.8,0.0,0.0,5,0.0,0,True,1746969357.277941,left,False
3734,1746969361.964556,190.971,-35.4448,1.35839,0.499388,-0.157992,6193.15,5,7.262,394.063,3396.62,49.0535,1,2,0.8,0.0,0.0,5,0.0,0,True,1746969357.277941,left,False
3735,1746969361.986816,190.796,-35.4873,1.24004,0.497426,-0.160466,6206.56,5,7.284,395.28,3397.84,49.0532,1,2,0.8,0.0,0.0,5,0.0,0,True,1746969357.277941,left,False
3736,1746969362.0076072,190.646,-35.407,1.1253,0.495636,-0.162308,6216.69,5,7.306,396.495,3399.06,49.053,1,2,0.8,0.0,0.0,5,0.0,0,True,1746969357.277941,left,False
3737,1746969362.0303254,190.519,-35.2012,1.01015,0.494023,-0.16351,6227.96,5,7.328,397.709,3400.27,49.0527,1,2,0.8,0.0,0.0,5,0.0,0,True,1746969357.277941,left,False
3738,1746969362.0514965,190.419,-34.8706,0.896486,0.492582,-0.164067,6233,5,7.35,398.922,3401.48,49.0525,1,2,0.8,0.0,0.0,5,0.0,0,True,1746969357.277941,left,False
3739,1746969362.0750074,190.343,-34.4191,0.787415,0.491315,-0.163988,6238.65,5,7.372,400.135,3402.69,49.0522,1,2,0.8,0.0,0.0,5,0.0,0,True,1746969357.277941,left,False
3740,1746969362.0962856,190.288,-33.86,0.668045,0.490222,-0.16328,6248.19,5,7.394,401.346,3403.91,49.052,1,2,0.8,0.0,0.0,5,0.0,0,True,1746969357.277941,left,False
3741,1746969362.118623,190.263,-33.1716,0.564545,0.489301,-0.161939,6245.06,5,7.416,402.556,3405.12,49.0517,1,2,0.8,0.0,0.0,5,0.0,0,True,1746969357.277941,left,False
3742,1746969362.1407564,190.263,-32.3783,0.448425,0.48855,-0.159987,6242.51,5,7.438,403.765,3406.33,49.0515,1,2,0.8,0.0,0.0,5,0.0,0,True,1746969357.277941,left,False
3743,1746969362.164075,190.28,-31.4662,0.340441,0.48797,-0.157399,6241.38,5,7.46,404.974,3407.53,49.0512,1,2,0.8,0.0,0.0,5,0.0,0,True,1746969357.277941,left,False
3744,1746969362.1850948,190.323,-30.4509,0.226109,0.487553,-0.154194,6234.22,5,7.482,406.181,3408.74,49.051,1,2,0.8,0.0,0.0,5,0.0,0,True,1746969357.277941,left,False
3745,1746969362.2056818,190.386,-29.3266,0.117161,0.487303,-0.150392,6223.11,5,7.504,407.388,3409.95,49.0507,1,2,0.8,0.0,0.0,5,0.0,0,True,1746969357.277941,left,False
3746,1746969362.2270381,190.466,-28.1113,0.00406241,0.487213,-0.14604,6212.38,5,7.526,408.595,3411.16,49.0505,1,2,0.8,0.0,0.0,5,0.0,0,True,1746969357.277941,left,False
3747,1746969362.2513232,190.569,-26.8014,-0.103934,0.487276,-0.141158,6187.94,5,7.548,409.8,3412.36,49.0502,1,2,0.8,0.0,0.0,5,0.0,0,True,1746969357.277941,left,False
3748,1746969362.273002,190.678,-25.4183,-0.216752,0.487492,-0.135763,6170.61,5,7.57,411.005,3413.57,49.05,1,2,0.8,0.0,0.0,5,0.0,0,True,1746969357.277941,left,False
3749,1746969362.2934904,190.804,-23.943,-0.315227,0.48785,-0.129869,6144.08,5,7.592,412.21,3414.77,49.0497,1,2,0.8,0.0,0.0,5,0.0,0,True,1746969357.277941,left,False
3750,1746969362.3160453,190.94,-22.408,-0.420553,0.488348,-0.123523,6114.81,5,7.614,413.414,3415.97,49.0495,1,2,0.8,0.0,0.0,5,0.0,0,True,1746969357.277941,left,False
3751,1746969362.3381038,191.08,-20.8045,-0.514814,0.488973,-0.116743,6084.82,5,7.636,414.619,3417.18,49.0492,1,2,0.8,0.0,0.0,5,0.0,0,True,1746969357.277941,left,False
3752,1746969362.3600085,191.225,-19.1474,-0.602037,0.489724,-0.109555,6053.44,5,7.658,415.822,3418.38,49.049,1,2,0.8,0.0,0.0,5,0.0,0,True,1746969357.277941,left,False
3753,1746969362.3825223,191.366,-17.4599,-0.693908,0.490584,-0.102001,6028.14,5,7.68,417.026,3419.59,49.0487,1,2,0.8,0.0,0.0,5,0.0,0,True,1746969357.277941,left,False
3754,1746969362.4045417,191.51,-15.7366,-0.766706,0.491538,-0.0941351,5996.53,5,7.702,418.23,3420.79,49.0485,1,2,0.8,0.0,0.0,5,0.0,0,True,1746969357.277941,left,False
3755,1746969362.4257889,191.647,-14.0063,-0.828692,0.492574,-0.0860155,5968.35,5,7.724,419.434,3421.99,49.0482,1,2,0.8,0.0,0.0,5,0.0,0,True,1746969357.277941,left,False
3756,1746969362.4477248,191.775,-12.2984,-0.89313,0.493671,-0.0777245,5946.64,5,7.746,420.638,3423.2,49.048,1,2,0.8,0.0,0.0,5,0.0,0,True,1746969357.277941,left,False
3757,1746969362.4729323,191.896,-10.6136,-0.930748,0.494806,-0.0693234,5922.08,5,7.768,421.842,3424.4,49.0477,1,2,0.8,0.0,0.0,5,0.0,0,True,1746969357.277941,left,False
3758,1746969362.49146,192.002,-8.9939,-0.964548,0.495957,-0.0609064,5907.42,5,7.79,423.046,3425.61,49.0475,1,2,0.8,0.0,0.0,5,0.0,0,True,1746969357.277941,left,False
3759,1746969362.5140972,192.098,-7.44876,-0.978611,0.497093,-0.0525341,5894.86,5,7.812,424.25,3426.81,49.0472,1,2,0.8,0.0,0.0,5,0.0,0,True,1746969357.277941,left,False
3760,1746969362.5372171,192.184,-5.99741,-0.969934,0.498191,-0.0442943,5884.05,5,7.834,425.455,3428.02,49.047,1,2,0.8,0.0,0.0,5,0.0,0,True,1746969357.277941,right,False
3761,1746969362.55853,192.258,-4.6562,-0.940065,0.499217,-0.0362315,5876.55,5,7.856,426.66,3429.22,49.0467,1,2,0.8,0.0,0.0,5,0.0,0,True,1746969357.277941,right,False
3762,1746969362.5797658,192.323,-3.4349,-0.896705,0.50014,-0.0283989,5872.11,5,7.878,427.866,3430.43,49.0465,1,2,0.8,0.0,0.0,5,0.0,0,True,1746969357.277941,right,False
3763,1746969362.6029541,192.381,-2.33567,-0.824616,0.50093,-0.0208346,5867.87,5,7.9,429.071,3431.63,49.0462,1,2,0.8,0.0,0.0,5,0.0,0,True,1746969357.277941,right,False
3764,1746969362.6232343,192.432,-1.36253,-0.731563,0.501554,-0.0135625,5865.57,5,7.922,430.278,3432.84,49.0459,1,2,0.8,0.0,0.0,5,0.0,0,True,1746969357.277941,right,False
3765,1746969362.6464436,192.477,-0.512218,-0.617371,0.501992,-0.00659618,5864.48,5,7.944,431.484,3434.04,49.0457,1,2,0.8,0.0,0.0,5,0.0,0,True,1746969357.277941,right,False
3766,1746969362.6686106,192.518,0.220106,-0.47624,0.502214,6.00517e-005,5863.18,5,7.966,432.691,3435.25,49.0454,1,2,0.8,0.0,0.0,5,0.0,0,True,1746969357.277941,right,False
3767,1746969362.6911495,192.556,0.840079,-0.312091,0.502195,0.00640342,5862.59,5,7.988,433.898,3436.46,49.0452,1,2,0.8,0.0,0.0,5,0.0,0,True,1746969357.277941,right,False
3768,1746969362.713123,192.591,1.35658,-0.133883,0.501929,0.0124394,5862.65,5,8.01,435.105,3437.67,49.0449,1,2,0.8,0.0,0.0,5,0.0,0,True,1746969357.277941,right,False
3769,1746969362.736905,192.624,1.77697,0.0681731,0.501383,0.018179,5862.76,5,8.032,436.312,3438.87,49.0447,1,2,0.8,0.0,0.1,5,0.0,0,True,1746969357.277941,right,False
3770,1746969362.7572975,192.656,2.11113,0.282532,0.500553,0.0236335,5862.98,5,8.054,437.519,3440.08,49.0444,1,2,0.8,0.0,0.1,5,0.0,0,True,1746969357.277941,right,False
3771,1746969362.7792842,192.687,2.36734,0.515972,0.499422,0.0288203,5862.75,5,8.076,438.727,3441.29,49.0442,1,2,0.8,0.0,0.1,5,0.0,0,True,1746969357.277941,right,False
3772,1746969362.799497,192.703,2.73019,0.747763,0.498039,0.0327154,5864.54,5,8.098,439.934,3442.49,49.0439,1,2,0.8,0.0,0.1,5,0.0,0,True,1746969357.277941,right,False
3773,1746969362.8214319,192.72,2.61185,0.958289,0.496507,0.0336589,5868.04,5,8.12,441.142,3443.7,49.0437,1,2,0.8,0.0,0.1,5,0.0,0,True,1746969357.277941,right,False
3774,1746969362.8457463,192.743,2.00438,1.15188,0.494838,0.0320058,5872.22,5,8.142,442.349,3444.91,49.0434,1,2,0.8,0.0,0.1,5,0.0,0,True,1746969357.277941,right,False
3775,1746969362.8664567,192.765,1.02372,1.31811,0.493046,0.0281805,5876.27,5,8.164,443.557,3446.12,49.0432,1,2,0.8,0.0,0.1,5,0.0,0,True,1746969357.277941,right,False
3776,1746969362.88849,192.78,-0.228926,1.45905,0.491152,0.0225939,5879.97,5,8.186,444.764,3447.32,49.0429,1,2,0.8,0.0,0.1,5,0.0,0,True,1746969357.277941,right,False
3777,1746969362.9088552,192.781,-1.66998,1.57753,0.489193,0.0156361,5884.37,5,8.208,445.972,3448.53,49.0427,1,2,0.8,0.0,0.1,5,0.0,0,True,1746969357.277941,right,False
3778,1746969362.9326866,192.762,-3.23149,1.65506,0.487205,0.00767994,5890.84,5,8.23,447.179,3449.74,49.0424,1,2,0.8,0.0,0.1,5,0.0,0,True,1746969357.277941,right,False
3779,1746969362.9550254,192.72,-4.85702,1.69715,0.485215,-0.0009363,5899.89,5,8.252,448.386,3450.95,49.0422,1,2,0.8,0.0,0.1,5,0.0,0,True,1746969357.277941,right,False
3780,1746969362.9775178,192.656,-6.49464,1.71774,0.483252,-0.00993809,5909.68,5,8.274,449.593,3452.15,49.0419,1,2,0.8,0.0,0.1,5,0.0,0,True,1746969357.277941,right,False
3781,1746969362.9971404,192.568,-8.12407,1.69532,0.481335,-0.0191129,5922.59,5,8.296,450.8,3453.36,49.0417,1,2,0.8,0.0,0.1,5,0.0,0,True,1746969357.277941,right,False
3782,1746969363.0215726,192.455,-9.72643,1.6474,0.479476,-0.0283141,5941.7,5,8.318,452.006,3454.57,49.0414,1,2,0.8,0.0,0.1,5,0.0,0,True,1746969357.277941,right,False
3783,1746969363.0432444,192.324,-11.2809,1.57644,0.477698,-0.0374392,5960.19,5,8.34,453.212,3455.77,49.0412,1,2,0.8,0.0,0.1,5,0.0,0,True,1746969357.277941,right,False
3784,1746969363.0651326,192.174,-12.791,1.48601,0.476009,-0.0464551,5979.29,5,8.362,454.418,3456.98,49.0409,1,2,0.8,0.0,0.1,5,0.0,0,True,1746969357.277941,right,False
3785,1746969363.087555,192.008,-14.2518,1.38191,0.474418,-0.0553597,5998.08,5,8.384,455.623,3458.18,49.0407,1,2,0.8,0.0,0.1,5,0.0,0,True,1746969357.277941,right,False
3786,1746969363.1079724,191.828,-15.6684,1.27055,0.472931,-0.06415,6014.14,5,8.406,456.828,3459.39,49.0404,1,2,0.8,0.0,0.1,5,0.0,0,True,1746969357.277941,right,False
3787,1746969363.1309867,191.638,-17.0429,1.15506,0.471539,-0.0722376,6022.33,5,8.428,458.036,3460.6,49.0402,1,2,0.8,0.0,0.1,5,0.0,0,True,1746969357.277941,right,False
3788,1746969363.1523013,191.442,-18.3726,1.05376,0.470213,-0.0801491,6018.04,5,8.45,459.246,3461.81,49.0399,1,2,0.8,0.0,0.1,5,0.0,0,True,1746969357.277941,right,False
3789,1746969363.1741827,191.229,-19.6851,0.949105,0.468967,-0.0881011,6013.94,5,8.472,460.455,3463.02,49.0397,1,2,0.8,0.0,0.1,5,0.0,0,True,1746969357.277941,right,False
3790,1746969363.1975236,190.999,-20.9728,0.850753,0.467809,-0.096064,6012.97,5,8.494,461.663,3464.22,49.0394,1,2,0.8,0.0,0.1,5,0.0,0,True,1746969357.277941,right,False
3791,1746969363.2176764,190.757,-22.2287,0.754178,0.466746,-0.103985,6009.38,5,8.516,462.871,3465.43,49.0392,1,2,0.8,0.0,0.1,5,0.0,0,True,1746969357.277941,right,False
3792,1746969363.2415025,190.501,-23.4473,0.666963,0.465795,-0.111865,6007.12,5,8.538,464.078,3466.64,49.0389,1,2,0.8,0.0,0.1,5,0.0,0,True,1746969357.277941,right,False
3793,1746969363.26249,190.231,-24.631,0.576709,0.464954,-0.119641,6006.98,5,8.56,465.284,3467.84,49.0386,1,2,0.8,0.0,0.1,5,0.0,0,True,1746969357.277941,right,False
3794,1746969363.2843237,189.947,-25.7817,0.489318,0.464233,-0.127312,6012.93,5,8.582,466.489,3469.05,49.0384,1,2,0.8,0.0,0.1,5,0.0,0,True,1746969357.277941,right,False
3795,1746969363.3069816,189.657,-26.8816,0.402973,0.46364,-0.134812,6015.36,5,8.604,467.694,3470.25,49.0381,1,2,0.8,0.0,0.1,5,0.0,0,True,1746969357.277941,right,False
3796,1746969363.328994,189.355,-27.9312,0.319041,0.463172,-0.142104,6026.4,5,8.626,468.897,3471.46,49.0379,1,2,0.8,0.0,0.1,5,0.0,0,True,1746969357.277941,right,False
3797,1746969363.35103,189.051,-28.9209,0.228082,0.462832,-0.149109,6037.1,5,8.648,470.1,3472.66,49.0376,1,2,0.8,0.0,0.1,5,0.0,0,True,1746969357.277941,right,False
3798,1746969363.3714967,188.744,-29.8406,0.138388,0.462622,-0.1558,6049.28,5,8.67,471.302,3473.86,49.0374,1,2,0.8,0.0,0.1,5,0.0,0,True,1746969357.277941,right,False
3799,1746969363.3954194,188.437,-30.6919,0.0443675,0.462557,-0.162142,6064.24,5,8.692,472.502,3475.06,49.0371,1,2,0.8,0.0,0.1,5,0.0,0,True,1746969357.277941,right,False
3800,1746969363.4166613,188.134,-31.4647,-0.0427196,0.462623,-0.168145,6076.46,5,8.714,473.702,3476.26,49.0369,1,2,0.8,0.0,0.1,5,0.0,0,True,1746969357.277941,right,False
3801,1746969363.4386652,187.83,-32.1682,-0.138164,0.462831,-0.173772,6097.29,5,8.736,474.9,3477.46,49.0366,1,2,0.8,0.0,0.1,5,0.0,0,True,1746969357.277941,right,False
3802,1746969363.4621696,187.543,-32.7711,-0.226461,0.463171,-0.178964,6107.02,5,8.758,476.097,3478.66,49.0364,1,2,0.8,0.0,0.1,5,0.0,0,True,1746969357.277941,right,False
3803,1746969363.481322,187.258,-33.31,-0.328936,0.463659,-0.183762,6126.02,5,8.78,477.293,3479.85,49.0361,1,2,0.8,0.0,0.1,5,0.0,0,True,1746969357.277941,right,False
3804,1746969363.503164,186.988,-33.7574,-0.421052,0.464286,-0.188144,6135.25,5,8.802,478.488,3481.05,49.0359,1,2,0.8,0.0,0.1,5,0.0,0,True,1746969357.277941,right,False
3805,1746969363.5269125,186.728,-34.1271,-0.523537,0.465056,-0.192093,6150.11,5,8.824,479.682,3482.24,49.0356,1,2,0.8,0.0,0.1,5,0.0,0,True,1746969357.277941,right,False
3806,1746969363.5484123,186.481,-34.405,-0.616328,0.465968,-0.195614,6161.65,5,8.846,480.874,3483.43,49.0354,1,2,0.8,0.0,0.1,5,0.0,0,True,1746969357.277941,right,False
3807,1746969363.5723746,186.253,-34.6024,-0.716528,0.467021,-0.198695,6168.92,5,8.868,482.066,3484.63,49.0351,1,2,0.8,0.0,0.1,5,0.0,0,True,1746969357.277941,right,False
3808,1746969363.5912578,186.038,-34.7203,-0.816851,0.468217,-0.201353,6175.83,5,8.89,483.256,3485.82,49.0349,1,2,0.8,0.0,0.1,5,0.0,0,True,1746969357.277941,right,False
3809,1746969363.6143296,185.837,-34.7538,-0.914726,0.469566,-0.203598,6182.42,5,8.912,484.445,3487.01,49.0346,1,2,0.8,0.0,0.1,5,0.0,0,True,1746969357.277941,right,False
3810,1746969363.6386566,185.647,-34.711,-1.01727,0.471054,-0.20538,6197.12,5,8.934,485.633,3488.19,49.0344,1,2,0.8,0.0,0.1,5,0.0,0,True,1746969357.277941,right,False
3811,1746969363.6582694,185.478,-34.5758,-1.11762,0.472686,-0.206706,6204.31,5,8.956,486.82,3489.38,49.0341,1,2,0.8,0.0,0.1,5,0.0,0,True,1746969357.277941,right,False
3812,1746969363.679769,185.331,-34.3461,-1.2117,0.474462,-0.207561,6206.31,5,8.978,488.006,3490.57,49.0339,1,2,0.8,0.0,0.1,5,0.0,0,True,1746969357.277941,right,False
3813,1746969363.7040474,185.202,-34.0418,-1.31583,0.47639,-0.207983,6206.92,5,9,489.191,3491.75,49.0336,1,2,0.8,0.0,0.1,5,0.0,0,True,1746969357.277941,right,False
3814,1746969363.723953,185.083,-33.6646,-1.4187,0.478464,-0.207959,6216.65,5,9.022,490.374,3492.93,49.0334,1,2,0.8,0.0,0.1,5,0.0,0,True,1746969357.277941,right,False
3815,1746969363.7470236,184.988,-33.1874,-1.51187,0.48068,-0.207475,6217.77,5,9.044,491.557,3494.12,49.0331,1,2,0.8,0.0,0.1,5,0.0,0,True,1746969357.277941,right,False
3816,1746969363.7687578,184.91,-32.6221,-1.60742,0.483038,-0.206506,6218.82,5,9.066,492.738,3495.3,49.0329,1,2,0.8,0.0,0.1,5,0.0,0,True,1746969357.277941,right,False
3817,1746969363.7894146,184.848,-31.9835,-1.70195,0.485548,-0.20509,6219.84,5,9.088,493.919,3496.48,49.0326,1,2,0.8,0.0,0.1,5,0.0,0,True,1746969357.277941,right,False
3818,1746969363.811461,184.806,-31.2598,-1.79682,0.488205,-0.203218,6217.38,5,9.11,495.099,3497.66,49.0324,1,2,0.8,0.0,0.1,5,0.0,0,True,1746969357.277941,right,False
3819,1746969363.8359256,184.781,-30.4576,-1.89018,0.491001,-0.200903,6213.38,5,9.132,496.277,3498.84,49.0321,1,2,0.8,0.0,0.1,5,0.0,0,True,1746969357.277941,right,False
3820,1746969363.8572676,184.77,-29.5887,-1.98719,0.493938,-0.19817,6210.09,5,9.154,497.455,3500.02,49.0318,1,2,0.8,0.0,0.1,5,0.0,0,True,1746969357.277941,right,False
3821,1746969363.8787556,184.772,-28.647,-2.07736,0.497018,-0.195031,6203.98,5,9.176,498.632,3501.19,49.0316,1,2,0.8,0.0,0.1,5,0.0,0,True,1746969357.277941,right,False
3822,1746969363.8994563,184.793,-27.6296,-2.16349,0.500244,-0.191492,6191.06,5,9.198,499.809,3502.37,49.0313,1,2,0.8,0.0,0.1,5,0.0,0,True,1746969357.277941,right,False
3823,1746969363.921217,184.824,-26.5545,-2.25505,0.503603,-0.187568,6181.88,5,9.22,500.985,3503.54,49.0311,1,2,0.8,0.0,0.1,5,0.0,0,True,1746969357.277941,right,False
3824,1746969363.9459124,184.867,-25.4285,-2.34913,0.507104,-0.183299,6169.12,5,9.242,502.16,3504.72,49.0308,1,2,0.8,0.0,0.1,5,0.0,0,True,1746969357.277941,right,False
3825,1746969363.9672503,184.921,-24.2525,-2.43621,0.510729,-0.17874,6149.98,5,9.264,503.334,3505.89,49.0306,1,2,0.8,0.0,0.1,5,0.0,0,True,1746969357.277941,right,False
3826,1746969363.988873,184.982,-23.0506,-2.53188,0.514484,-0.173925,6130.19,5,9.286,504.508,3507.07,49.0303,1,2,0.8,0.0,0.1,5,0.0,0,True,1746969357.277941,right,False
3827,1746969364.0118423,185.047,-21.8132,-2.61529,0.518361,-0.168899,6110.08,5,9.308,505.682,3508.24,49.0301,1,2,0.8,0.0,0.1,5,0.0,0,True,1746969357.277941,right,False
3828,1746969364.033024,185.124,-20.5568,-2.69882,0.522356,-0.163716,6078.33,5,9.33,506.856,3509.42,49.0298,1,2,0.8,0.0,0.1,5,0.0,0,True,1746969357.277941,right,False
3829,1746969364.0533047,185.196,-19.3016,-2.78648,0.526465,-0.158415,6056.27,5,9.352,508.029,3510.59,49.0296,1,2,0.8,0.0,0.1,5,0.0,0,True,1746969357.277941,right,False
3830,1746969364.0767007,185.272,-18.0408,-2.85807,0.530684,-0.153057,6027.36,5,9.374,509.202,3511.76,49.0293,1,2,0.8,0.0,0.1,5,0.0,0,True,1746969357.277941,right,False
3831,1746969364.0987084,185.354,-16.7957,-2.93046,0.535005,-0.147691,5992.46,5,9.396,510.375,3512.94,49.0291,1,2,0.8,0.0,0.1,5,0.0,0,True,1746969357.277941,right,False
3832,1746969364.1204026,185.431,-15.5903,-3.00287,0.53942,-0.142408,5959.72,5,9.418,511.548,3514.11,49.0288,1,2,0.8,0.0,0.1,5,0.0,0,True,1746969357.277941,right,False
3833,1746969364.1465857,185.504,-14.4293,-3.06638,0.543923,-0.137286,5929.12,5,9.44,512.722,3515.28,49.0286,1,2,0.8,0.0,0.2,5,0.0,0,True,1746969357.277941,right,False
3834,1746969364.1652071,185.574,-13.3298,-3.12555,0.548504,-0.132404,5896.36,5,9.462,513.895,3516.46,49.0283,1,2,0.8,0.0,0.2,5,0.0,0,True,1746969357.277941,right,False
3835,1746969364.1870246,185.637,-12.3116,-3.17708,0.553153,-0.127826,5868.58,5,9.484,515.069,3517.63,49.0281,1,2,0.8,0.0,0.2,5,0.0,0,True,1746969357.277941,right,False
3836,1746969364.2078915,185.663,-11.3494,-3.22622,0.557881,-0.123802,5846.19,5,9.506,516.242,3518.8,49.0278,1,2,0.8,0.0,0.2,5,0.0,0,True,1746969357.277941,right,False
3837,1746969364.2300484,185.663,-10.5552,-3.27351,0.562688,-0.120648,5836.68,5,9.528,517.416,3519.98,49.0276,1,2,0.8,0.0,0.2,5,0.0,0,True,1746969357.277941,right,False
3838,1746969364.2537851,185.653,-9.94339,-3.31095,0.567566,-0.118399,5828.41,5,9.55,518.59,3521.15,49.0273,1,2,0.8,0.0,0.2,5,0.0,0,True,1746969357.277941,right,False
3839,1746969364.2740226,185.636,-9.51092,-3.34975,0.572513,-0.117067,5819.96,5,9.572,519.763,3522.32,49.0271,1,2,0.8,0.0,0.2,5,0.0,0,True,1746969357.277941,right,False
3840,1746969364.2965348,185.61,-9.25674,-3.38604,0.57753,-0.116658,5815.51,5,9.594,520.937,3523.5,49.0268,1,2,0.8,0.0,0.2,5,0.0,0,True,1746969357.277941,right,False
3841,1746969364.3174546,185.576,-9.16873,-3.42151,0.582612,-0.117146,5811.79,5,9.616,522.111,3524.67,49.0266,1,2,0.8,0.0,0.2,5,0.0,0,True,1746969357.277941,right,False
3842,1746969364.3400984,185.533,-9.23697,-3.45973,0.587757,-0.118477,5810.05,5,9.638,523.285,3525.84,49.0263,1,2,0.8,0.0,0.2,5,0.0,0,True,1746969357.277941,right,False
3843,1746969364.3627703,185.485,-9.44185,-3.48977,0.592974,-0.120611,5806.9,5,9.66,524.459,3527.02,49.0261,1,2,0.8,0.0,0.2,5,0.0,0,True,1746969357.277941,right,False
3844,1746969364.3839905,185.426,-9.77359,-3.5217,0.598253,-0.123481,5803.58,5,9.682,525.633,3528.19,49.0258,1,2,0.8,0.0,0.2,5,0.0,0,True,1746969357.277941,right,False
3845,1746969364.4074032,185.357,-10.2263,-3.5612,0.60361,-0.12703,5804.23,5,9.704,526.807,3529.37,49.0256,1,2,0.8,0.0,0.2,5,0.0,0,True,1746969357.277941,right,False
3846,1746969364.4295926,185.278,-10.769,-3.59455,0.609048,-0.13119,5803.18,5,9.726,527.981,3530.54,49.0253,1,2,0.8,0.0,0.2,5,0.0,0,True,1746969357.277941,right,False
3847,1746969364.4488513,185.187,-11.3999,-3.64035,0.614577,-0.135879,5804.27,5,9.748,529.155,3531.71,49.0251,1,2,0.8,0.0,0.2,5,0.0,0,True,1746969357.277941,right,False
3848,1746969364.4714816,185.085,-12.1021,-3.68326,0.620197,-0.141014,5807.14,5,9.77,530.329,3532.89,49.0248,1,2,0.8,0.0,0.2,5,0.0,0,True,1746969357.277941,right,False
3849,1746969364.493301,184.969,-12.8684,-3.73954,0.62591,-0.146543,5813.93,5,9.792,531.503,3534.06,49.0245,1,2,0.8,0.0,0.2,5,0.0,0,True,1746969357.277941,right,False
3850,1746969364.5158234,184.844,-13.6769,-3.79363,0.63173,-0.152409,5815.14,5,9.814,532.676,3535.24,49.0243,1,2,0.8,0.0,0.2,5,0.0,0,True,1746969357.277941,right,False
3851,1746969364.5392725,184.702,-14.5362,-3.86447,0.63766,-0.15856,5825.97,5,9.836,533.85,3536.41,49.024,1,2,0.8,0.0,0.2,5,0.0,0,True,1746969357.277941,right,False
3852,1746969364.56026,184.55,-15.4132,-3.92979,0.643693,-0.164929,5833.93,5,9.858,535.024,3537.58,49.0238,1,2,0.8,0.0,0.2,5,0.0,0,True,1746969357.277941,right,False
3853,1746969364.5825326,184.387,-16.3119,-3.99803,0.649853,-0.171479,5838.52,5,9.88,536.197,3538.76,49.0235,1,2,0.8,0.0,0.2,5,0.0,0,True,1746969357.277941,right,False
3854,1746969364.6056702,184.211,-17.2319,-4.08133,0.656129,-0.178186,5847.75,5,9.902,537.37,3539.93,49.0233,1,2,0.8,0.0,0.2,5,0.0,0,True,1746969357.277941,right,False
3855,1746969364.6263404,184.022,-18.1642,-4.15606,0.662526,-0.185002,5856.06,5,9.924,538.542,3541.1,49.023,1,2,0.8,0.0,0.2,5,0.0,0,True,1746969357.277941,right,False
3856,1746969364.6486695,183.823,-19.0993,-4.2461,0.669052,-0.191882,5867.09,5,9.946,539.715,3542.27,49.0228,1,2,0.8,0.0,0.2,5,0.0,0,True,1746969357.277941,right,False
3857,1746969364.670143,183.616,-20.0221,-4.33472,0.675703,-0.198768,5876.13,5,9.968,540.887,3543.45,49.0225,1,2,0.8,0.0,0.0,5,0.0,0,True,1746969357.277941,left,False
3858,1746969364.6913495,183.4,-20.9374,-4.42247,0.682485,-0.205649,5881.03,5,9.99,542.058,3544.62,49.0223,1,2,0.8,0.0,0.0,5,0.0,0,True,1746969357.277941,left,False
3859,1746969364.7136893,183.174,-21.8337,-4.51461,0.689403,-0.212517,5890.7,5,10.012,543.229,3545.79,49.022,1,2,0.8,0.0,0.0,5,0.0,0,True,1746969357.277941,left,False
3860,1746969364.7356608,182.97,-22.7553,-4.60845,0.696452,-0.219197,5910.53,5,10.034,544.4,3546.96,49.0218,1,2,0.8,0.0,0.0,5,0.0,0,True,1746969357.277941,left,False
3861,1746969364.7570863,182.821,-23.6023,-4.70114,0.703609,-0.225132,5904.08,5,10.056,545.57,3548.13,49.0215,1,2,0.8,0.0,0.0,5,0.0,0,True,1746969357.277941,left,False
3862,1746969364.7792923,182.695,-24.2766,-4.78662,0.710861,-0.230251,5886.02,5,10.078,546.741,3549.3,49.0213,1,2,0.8,0.0,0.0,5,0.0,0,True,1746969357.277941,left,False
3863,1746969364.8012154,182.583,-24.8054,-4.87618,0.718227,-0.234636,5864.35,5,10.1,547.912,3550.47,49.021,1,2,0.8,0.0,0.0,5,0.0,0,True,1746969357.277941,left,False
3864,1746969364.824207,182.486,-25.1935,-4.96159,0.725715,-0.238331,5844.53,5,10.122,549.083,3551.64,49.0208,1,2,0.8,0.0,0.0,5,0.0,0,True,1746969357.277941,left,False
3865,1746969364.8463645,182.402,-25.4564,-5.05078,0.733321,-0.241407,5825.72,5,10.144,550.254,3552.81,49.0205,1,2,0.8,0.0,0.0,5,0.0,0,True,1746969357.277941,left,False
3866,1746969364.8679767,182.33,-25.5985,-5.13236,0.741046,-0.243858,5812.36,5,10.166,551.425,3553.99,49.0203,1,2,0.8,0.0,0.0,5,0.0,0,True,1746969357.277941,left,False
3867,1746969364.8904545,182.269,-25.6233,-5.21021,0.748895,-0.245689,5802.77,5,10.188,552.597,3555.16,49.02,1,2,0.8,0.0,0.0,5,0.0,0,True,1746969357.277941,left,False
3868,1746969364.9124076,182.222,-25.5338,-5.29035,0.75688,-0.246909,5795.02,5,10.21,553.768,3556.33,49.0198,1,2,0.8,0.0,0.0,5,0.0,0,True,1746969357.277941,left,False
3869,1746969364.934744,182.187,-25.3393,-5.37376,0.764983,-0.247515,5793.58,5,10.232,554.939,3557.5,49.0195,1,2,0.8,0.0,0.0,5,0.0,0,True,1746969357.277941,left,False
3870,1746969364.9573874,182.171,-25.0304,-5.4503,0.773213,-0.247517,5789.68,5,10.254,556.11,3558.67,49.0193,1,2,0.8,0.0,0.0,5,0.0,0,True,1746969357.277941,left,False
3871,1746969364.9792473,182.166,-24.6178,-5.53393,0.781565,-0.246907,5792.46,5,10.276,557.281,3559.84,49.019,1,2,0.8,0.0,0.0,5,0.0,0,True,1746969357.277941,left,False
3872,1746969365.0007641,182.179,-24.1042,-5.61145,0.790027,-0.245698,5791.85,5,10.298,558.452,3561.01,49.0188,1,2,0.8,0.0,0.0,5,0.0,0,True,1746969357.277941,left,False
3873,1746969365.0223963,182.206,-23.4931,-5.69467,0.798609,-0.243886,5793.9,5,10.32,559.624,3562.18,49.0185,1,2,0.8,0.0,0.0,5,0.0,0,True,1746969357.277941,left,False
3874,1746969365.047259,182.254,-22.775,-5.77165,0.807307,-0.241467,5789.35,5,10.342,560.795,3563.35,49.0183,1,2,0.8,0.0,0.0,5,0.0,0,True,1746969357.277941,left,False
3875,1746969365.06642,182.317,-21.9622,-5.84545,0.816116,-0.238477,5781.96,5,10.364,561.966,3564.53,49.018,1,2,0.8,0.0,0.0,5,0.0,0,True,1746969357.277941,left,False
3876,1746969365.0877087,182.391,-21.0621,-5.91834,0.825025,-0.234927,5777.9,5,10.386,563.138,3565.7,49.0177,1,2,0.8,0.0,0.0,5,0.0,0,True,1746969357.277941,left,False
3877,1746969365.1112823,182.478,-20.0765,-5.98556,0.834044,-0.230823,5771.47,5,10.408,564.31,3566.87,49.0175,1,2,0.8,0.0,0.0,5,0.0,0,True,1746969357.277941,left,False
3878,1746969365.1325178,182.582,-19.0141,-6.05022,0.843155,-0.226206,5756.76,5,10.43,565.483,3568.04,49.0172,1,2,0.8,0.0,0.0,5,0.0,0,True,1746969357.277941,left,False
3879,1746969365.1556032,182.692,-17.886,-6.11437,0.852353,-0.22112,5743.73,5,10.452,566.656,3569.22,49.017,1,2,0.8,0.0,0.0,5,0.0,0,True,1746969357.277941,left,False
3880,1746969365.175615,182.81,-16.7032,-6.17779,0.861625,-0.21559,5728.26,5,10.474,567.829,3570.39,49.0167,1,2,0.8,0.0,0.0,5,0.0,0,True,1746969357.277941,left,False
3881,1746969365.1989942,182.931,-15.4736,-6.23237,0.870969,-0.209662,5714.91,5,10.496,569.003,3571.56,49.0165,1,2,0.8,0.0,0.0,5,0.0,0,True,1746969357.277941,left,False
3882,1746969365.2205884,183.06,-14.2038,-6.27403,0.880369,-0.20336,5694.99,5,10.518,570.178,3572.74,49.0162,1,2,0.8,0.0,0.0,5,0.0,0,True,1746969357.277941,left,False
3883,1746969365.2418053,183.185,-12.9182,-6.31543,0.889816,-0.196748,5681,5,10.54,571.354,3573.91,49.016,1,2,0.8,0.0,0.0,5,0.0,0,True,1746969357.277941,left,False
3884,1746969365.264798,183.31,-11.6243,-6.34977,0.89929,-0.189877,5666.19,5,10.562,572.53,3575.09,49.0157,1,2,0.8,0.0,0.0,5,0.0,0,True,1746969357.277941,left,False
3885,1746969365.2856436,183.431,-10.3422,-6.36964,0.908767,-0.182823,5653.2,5,10.584,573.708,3576.27,49.0155,1,2,0.8,0.0,0.0,5,0.0,0,True,1746969357.277941,left,False
3886,1746969365.3084364,183.547,-9.0862,-6.37027,0.918239,-0.175643,5643.18,5,10.606,574.886,3577.45,49.0152,1,2,0.8,0.0,0.0,5,0.0,0,True,1746969357.277941,left,False
3887,1746969365.3292649,183.658,-7.87425,-6.37411,0.927672,-0.168388,5635.21,5,10.628,576.066,3578.63,49.015,1,2,0.8,0.0,0.0,5,0.0,0,True,1746969357.277941,left,False
3888,1746969365.3539314,183.762,-6.71962,-6.35595,0.937053,-0.161119,5629.81,5,10.65,577.246,3579.81,49.0147,1,2,0.8,0.0,0.0,5,0.0,0,True,1746969357.277941,left,False
3889,1746969365.373108,183.877,-5.60408,-6.11949,0.946352,-0.154009,5600.31,5,10.672,578.429,3580.99,49.0145,1,2,0.8,0.0,0.0,5,0.0,0,True,1746969357.277941,left,False
3890,1746969365.3958852,183.96,-4.6225,-5.81446,0.955565,-0.147283,5596.54,5,10.694,579.612,3582.17,49.0142,1,2,0.8,0.0,0.0,5,0.0,0,True,1746969357.277941,left,False
3891,1746969365.4180605,184.028,-3.77779,-5.42246,0.964654,-0.140933,5600.26,5,10.716,580.797,3583.36,49.014,1,2,0.8,0.0,0.0,5,0.0,0,True,1746969357.277941,left,False
3892,1746969365.4414523,184.089,-3.03564,-4.84008,0.973609,-0.134807,5607.23,5,10.738,581.983,3584.54,49.0137,1,2,0.8,0.0,0.0,5,0.0,0,True,1746969357.277941,left,False
3893,1746969365.4612982,184.149,-2.39081,-4.21485,0.9824,-0.12879,5612.87,5,10.76,583.17,3585.73,49.0135,1,2,0.8,0.0,0.0,5,0.0,0,True,1746969357.277941,left,False
3894,1746969365.4833632,184.208,-1.83105,-3.61557,0.990975,-0.122809,5617.46,5,10.782,584.358,3586.92,49.0132,1,2,0.8,0.0,0.0,5,0.0,0,True,1746969357.277941,left,False
3895,1746969365.5070395,184.269,-1.34102,-3.04222,0.999323,-0.116835,5617.68,5,10.804,585.549,3588.11,49.013,1,2,0.8,0.0,0.0,5,0.0,0,True,1746969357.277941,left,False
3896,1746969365.5269434,184.33,-0.915568,-2.51433,1.00742,-0.110881,5617.09,5,10.826,586.74,3589.3,49.0127,1,2,0.8,0.0,0.0,5,0.0,0,True,1746969357.277941,left,False
3897,1746969365.548793,184.386,-0.552205,-2.0629,1.01521,-0.104963,5621.75,5,10.848,587.933,3590.49,49.0125,1,2,0.8,0.0,0.0,5,0.0,0,True,1746969357.277941,left,False
3898,1746969365.571474,184.44,-0.241803,-1.69909,1.02273,-0.0990865,5627.31,5,10.87,589.127,3591.69,49.0122,1,2,0.8,0.0,0.0,5,0.0,0,True,1746969357.277941,left,False
3899,1746969365.6099164,184.491,0.0210419,-1.41953,1.02991,-0.0932598,5634.8,5,10.892,590.323,3592.88,49.012,1,2,0.8,0.0,0.0,5,0.0,0,True,1746969357.277941,left,False
3900,1746969365.6175475,184.54,0.240295,-1.21099,1.03675,-0.0874913,5644.49,5,10.914,591.52,3594.08,49.0117,1,2,0.8,0.0,0.0,5,0.0,0,True,1746969357.277941,left,False
3901,1746969365.6942122,184.587,0.41866,-1.06956,1.04324,-0.0817912,5656.6,5,10.936,592.719,3595.28,49.0115,1,2,0.8,0.0,0.0,5,0.0,0,True,1746969357.277941,left,False
3902,1746969365.6966035,184.632,0.559104,-0.829296,1.04938,-0.0761797,5666.62,5,10.958,593.918,3596.48,49.0112,1,2,0.8,0.0,0.0,5,0.0,0,True,1746969357.277941,left,False
3903,1746969365.7052019,184.662,0.667097,-0.625687,1.05517,-0.0706543,5690.88,5,10.98,595.119,3597.68,49.011,1,2,0.8,0.0,0.0,5,0.0,0,True,1746969357.277941,left,False
3904,1746969365.707951,184.681,0.743864,-0.37409,1.06059,-0.0652226,5724.21,5,11.002,596.321,3598.88,49.0107,1,2,0.8,0.0,0.0,5,0.0,0,True,1746969357.277941,left,False
3905,1746969365.725365,184.705,0.795391,-0.0460773,1.06559,-0.0598868,5749.23,5,11.024,597.524,3600.08,49.0104,1,2,0.8,0.0,0.0,5,0.0,0,True,1746969357.277941,left,False
3906,1746969365.747876,184.749,0.829733,0.211793,1.07022,-0.0546263,5750.35,5,11.046,598.728,3601.29,49.0102,1,2,0.8,0.0,0.0,5,0.0,0,True,1746969357.277941,left,False
3907,1746969365.7728841,184.818,0.854177,0.419657,1.07449,-0.0494016,5721.08,5,11.068,599.933,3602.49,49.0099,1,2,0.8,0.0,0.0,5,0.0,0,True,1746969357.277941,left,False
3908,1746969365.792763,184.885,0.871653,0.571872,1.07837,-0.044207,5695.56,5,11.09,601.139,3603.7,49.0097,1,2,0.8,0.0,0.0,5,0.0,0,True,1746969357.277941,left,False
3909,1746969365.815165,184.942,0.880034,0.69119,1.08185,-0.0390546,5681.07,5,11.112,602.346,3604.91,49.0094,1,2,0.8,0.0,0.0,5,0.0,0,True,1746969357.277941,left,False
3910,1746969365.8372924,184.992,0.879606,0.760799,1.08497,-0.0339537,5676.49,5,11.134,603.554,3606.11,49.0092,1,2,0.8,0.0,0.0,5,0.0,0,True,1746969357.277941,left,False
3911,1746969365.8589823,185.035,0.871691,0.783431,1.08771,-0.0289006,5679.69,5,11.156,604.763,3607.32,49.0089,1,2,0.8,0.0,0.0,5,0.0,0,True,1746969357.277941,left,False
3912,1746969365.8802135,185.075,0.856798,0.755284,1.09003,-0.0238974,5687.44,5,11.178,605.972,3608.53,49.0087,1,2,0.8,0.0,0.0,5,0.0,0,True,1746969357.277941,left,False
3913,1746969365.9043396,185.113,0.835647,0.685311,1.09198,-0.0189416,5697.01,5,11.2,607.182,3609.74,49.0084,1,2,0.8,0.0,0.0,5,0.0,0,True,1746969357.277941,left,False
3914,1746969365.9243767,185.15,0.810513,0.565522,1.09358,-0.0140246,5708.1,5,11.222,608.393,3610.95,49.0082,1,2,0.8,0.0,0.0,5,0.0,0,True,1746969357.277941,left,False
3915,1746969365.9466572,185.192,0.780351,0.446122,1.09479,-0.00914121,5713.26,5,11.244,609.603,3612.16,49.0079,1,2,0.8,0.0,0.0,5,0.0,0,True,1746969357.277941,left,False
3916,1746969365.9674146,185.238,0.745485,0.325326,1.09558,-0.00429177,5712.71,5,11.266,610.815,3613.38,49.0077,1,2,0.8,0.0,0.0,5,0.0,0,True,1746969357.277941,left,False
3917,1746969365.9891562,185.289,0.707504,0.216426,1.09601,0.000530362,5706.9,5,11.288,612.027,3614.59,49.0074,1,2,0.8,0.0,0.0,5,0.0,0,True,1746969357.277941,left,False
3918,1746969366.0142987,185.337,0.667544,0.134315,1.09608,0.00533795,5704.39,5,11.31,613.239,3615.8,49.0072,1,2,0.8,0.0,0.0,5,0.0,0,True,1746969357.277941,left,False
3919,1746969366.034286,185.388,0.626454,0.0654758,1.09579,0.0101306,5698.42,5,11.332,614.451,3617.01,49.0069,1,2,0.8,0.0,0.0,5,0.0,0,True,1746969357.277941,left,False
3920,1746969366.0571656,185.435,0.587112,-0.00152871,1.09506,0.0149263,5697.26,5,11.354,615.664,3618.23,49.0067,1,2,0.8,0.0,0.0,5,0.0,0,True,1746969357.277941,left,False
3921,1746969366.0798624,185.483,0.550462,-0.0447765,1.09397,0.0197275,5694.66,5,11.376,616.877,3619.44,49.0064,1,2,0.8,0.0,0.0,5,0.0,0,True,1746969357.277941,left,False
3922,1746969366.0994592,185.53,0.515268,-0.0698046,1.09251,0.0245321,5692.93,5,11.398,618.09,3620.65,49.0062,1,2,0.8,0.0,0.0,5,0.0,0,True,1746969357.277941,left,False
3923,1746969366.122443,185.574,0.483108,-0.0908958,1.0907,0.0293431,5694.95,5,11.42,619.303,3621.86,49.0059,1,2,0.8,0.0,0.0,5,0.0,0,True,1746969357.277941,left,False
3924,1746969366.1440523,185.62,0.454032,-0.0979851,1.08851,0.0341617,5694.53,5,11.442,620.516,3623.08,49.0057,1,2,0.8,0.0,0.0,5,0.0,0,True,1746969357.277941,left,False
3925,1746969366.1663764,185.665,0.427689,-0.105166,1.08591,0.0389893,5696,5,11.464,621.729,3624.29,49.0054,1,2,0.8,0.0,0.0,5,0.0,0,True,1746969357.277941,left,False
3926,1746969366.1873617,185.712,0.403079,-0.0923066,1.08292,0.0438219,5694.83,5,11.486,622.942,3625.5,49.0052,1,2,0.8,0.0,0.0,5,0.0,0,True,1746969357.277941,left,False
3927,1746969366.209823,185.756,0.381323,-0.0853893,1.07957,0.0486605,5696.15,5,11.508,624.155,3626.72,49.0049,1,2,0.8,0.0,0.0,5,0.0,0,True,1746969357.277941,left,False
3928,1746969366.2330303,185.802,0.360984,-0.0794994,1.07586,0.0535002,5696.09,5,11.53,625.367,3627.93,49.0047,1,2,0.8,0.0,0.0,5,0.0,0,True,1746969357.277941,left,False
3929,1746969366.2547638,185.844,0.342299,-0.068692,1.07179,0.0583429,5699.53,5,11.552,626.579,3629.14,49.0044,1,2,0.8,0.0,0.0,5,0.0,0,True,1746969357.277941,right,False
3930,1746969366.276076,185.889,0.325301,-0.0600145,1.06736,0.0631872,5700.78,5,11.574,627.791,3630.35,49.0042,1,2,0.8,0.0,0.0,5,0.0,0,True,1746969357.277941,right,False
3931,1746969366.2995896,185.933,0.309302,-0.0464778,1.06251,0.0680318,5702.86,5,11.596,629.002,3631.56,49.0039,1,2,0.8,0.0,0.0,5,0.0,0,True,1746969357.277941,right,False
3932,1746969366.3217034,185.977,0.29425,-0.0311564,1.05727,0.0728766,5704.5,5,11.618,630.213,3632.77,49.0037,1,2,0.8,0.0,0.0,5,0.0,0,True,1746969357.277941,right,False
3933,1746969366.3426986,186.037,0.275854,0.119097,1.05167,0.0776988,5685.25,5,11.64,631.423,3633.98,49.0034,1,2,0.8,0.0,0.0,5,0.0,0,True,1746969357.277941,right,False
3934,1746969366.3652265,186.078,0.263625,0.334921,1.04571,0.0825276,5684.89,5,11.662,632.633,3635.19,49.0031,1,2,0.8,0.0,0.0,5,0.0,0,True,1746969357.277941,right,False
3935,1746969366.3877892,186.108,0.26427,0.672551,1.03939,0.0873684,5693.24,5,11.684,633.842,3636.4,49.0029,1,2,0.8,0.0,0.0,5,0.0,0,True,1746969357.277941,right,False
3936,1746969366.4085183,186.14,0.283682,1.11151,1.03271,0.0922389,5699.91,5,11.706,635.05,3637.61,49.0026,1,2,0.8,0.0,0.0,5,0.0,0,True,1746969357.277941,right,False
3937,1746969366.4292598,186.167,0.319829,1.5491,1.02567,0.0971335,5711.29,5,11.728,636.257,3638.82,49.0024,1,2,0.8,0.0,0.0,5,0.0,0,True,1746969357.277941,right,False
3938,1746969366.4518838,186.205,0.37134,1.96604,1.01827,0.102052,5708.57,5,11.75,637.463,3640.02,49.0021,1,2,0.8,0.0,0.0,5,0.0,0,True,1746969357.277941,right,False
3939,1746969366.4735,186.241,0.435597,2.36001,1.01051,0.106979,5706.95,5,11.772,638.669,3641.23,49.0019,1,2,0.8,0.0,0.0,5,0.0,0,True,1746969357.277941,right,False
3940,1746969366.4952695,186.278,0.509567,2.7103,1.00239,0.111902,5704.79,5,11.794,639.873,3642.43,49.0016,1,2,0.8,0.0,0.0,5,0.0,0,True,1746969357.277941,right,False
3941,1746969366.51731,186.312,0.587353,3.00952,0.993924,0.116794,5706.17,5,11.816,641.077,3643.64,49.0014,1,2,0.8,0.0,0.0,5,0.0,0,True,1746969357.277941,right,False
3942,1746969366.5410347,186.346,0.668531,3.26799,0.985182,0.121636,5706.2,5,11.838,642.279,3644.84,49.0011,1,2,0.8,0.0,0.0,5,0.0,0,True,1746969357.277941,right,False
3943,1746969366.5630672,186.378,0.753247,3.47384,0.976085,0.126424,5709.54,5,11.86,643.481,3646.04,49.0009,1,2,0.8,0.0,0.0,5,0.0,0,True,1746969357.277941,right,False
3944,1746969366.5857377,186.409,0.841069,3.64567,0.966636,0.131149,5713,5,11.882,644.681,3647.24,49.0006,1,2,0.8,0.0,0.0,5,0.0,0,True,1746969357.277941,right,False
3945,1746969366.606505,186.471,0.930087,3.89362,0.956904,0.135854,5676.01,5,11.904,645.88,3648.44,49.0004,1,2,0.8,0.0,0.0,5,0.0,0,True,1746969357.277941,right,False
3946,1746969366.6284158,186.509,1.02939,4.29091,0.946838,0.14064,5661.98,5,11.926,647.078,3649.64,49.0001,1,2,0.8,0.0,0.0,5,0.0,0,True,1746969357.277941,right,False
3947,1746969366.6497269,186.526,1.14629,4.725,0.936419,0.14552,5665.02,5,11.948,648.275,3650.84,48.9999,1,2,0.8,0.0,0.0,5,0.0,0,True,1746969357.277941,right,False
3948,1746969366.672632,186.536,1.24634,5.37027,0.925731,0.150448,5671.47,5,11.97,649.47,3652.03,48.9996,1,2,0.8,0.0,0.0,5,0.0,0,True,1746969357.277941,right,False
3949,1746969366.6957438,186.544,1.31068,6.11945,0.914688,0.155285,5678.36,5,11.992,650.664,3653.23,48.9994,1,2,0.8,0.0,0.0,5,0.0,0,True,1746969357.277941,right,False
3950,1746969366.7165844,186.554,1.35016,6.87347,0.903289,0.160014,5682.55,5,12.014,651.856,3654.42,48.9991,1,2,0.8,0.0,0.0,5,0.0,0,True,1746969357.277941,right,False
3951,1746969366.7375154,186.566,1.36832,7.57023,0.891534,0.164609,5682.66,5,12.036,653.047,3655.61,48.9989,1,2,0.8,0.0,0.0,5,0.0,0,True,1746969357.277941,right,False
3952,1746969366.7624018,186.581,1.36982,8.21493,0.879427,0.16908,5678.22,5,12.058,654.236,3656.8,48.9986,1,2,0.8,0.0,0.0,5,0.0,0,True,1746969357.277941,right,False
3953,1746969366.783003,186.594,1.3674,8.76781,0.867045,0.173468,5676.29,5,12.08,655.423,3657.98,48.9984,1,2,0.8,0.0,0.0,5,0.0,0,True,1746969357.277941,right,False
3954,1746969366.803711,186.604,1.36662,9.23793,0.854319,0.177813,5675.98,5,12.102,656.608,3659.17,48.9981,1,2,0.8,0.0,0.0,5,0.0,0,True,1746969357.277941,right,False
3955,1746969366.8271282,186.613,1.36703,9.64569,0.841242,0.182121,5676.53,5,12.124,657.792,3660.35,48.9979,1,2,0.8,0.0,0.0,5,0.0,0,True,1746969357.277941,right,False
3956,1746969366.8483424,186.619,1.36989,9.97669,0.827854,0.186399,5680.19,5,12.146,658.974,3661.53,48.9976,1,2,0.8,0.0,0.0,5,0.0,0,True,1746969357.277941,right,False
3957,1746969366.8704927,186.623,1.37558,10.2279,0.814165,0.190643,5685.44,5,12.168,660.154,3662.71,48.9974,1,2,0.8,0.0,0.0,5,0.0,0,True,1746969357.277941,right,False
3958,1746969366.8937008,186.625,1.38277,10.4053,0.800127,0.194855,5692.42,5,12.19,661.332,3663.89,48.9971,1,2,0.8,0.0,0.0,5,0.0,0,True,1746969357.277941,right,False
3959,1746969366.913805,186.625,1.3913,10.5101,0.785821,0.199036,5700.84,5,12.212,662.508,3665.07,48.9969,1,2,0.8,0.0,0.1,5,0.0,0,True,1746969357.277941,right,False
3960,1746969366.9376874,186.625,1.39965,10.5629,0.771175,0.20319,5708.14,5,12.234,663.682,3666.24,48.9966,1,2,0.8,0.0,0.1,5,0.0,0,True,1746969357.277941,right,False
3961,1746969366.9606304,186.628,1.40665,10.5898,0.756247,0.207325,5710.26,5,12.256,664.854,3667.42,48.9963,1,2,0.8,0.0,0.1,5,0.0,0,True,1746969357.277941,right,False
3962,1746969366.979154,186.635,1.41067,10.6178,0.740998,0.21145,5707.05,5,12.278,666.024,3668.58,48.9961,1,2,0.8,0.0,0.1,5,0.0,0,True,1746969357.277941,right,False
3963,1746969367.0031946,186.629,1.55955,10.6581,0.725488,0.214715,5704.11,5,12.3,667.192,3669.75,48.9958,1,2,0.8,0.0,0.1,5,0.0,0,True,1746969357.277941,right,False
3964,1746969367.025527,186.618,1.37454,10.6981,0.709822,0.215698,5703.58,5,12.322,668.358,3670.92,48.9956,1,2,0.8,0.0,0.1,5,0.0,0,True,1746969357.277941,right,False
3965,1746969367.0467892,186.609,0.823763,10.742,0.693997,0.214591,5702.84,5,12.344,669.523,3672.08,48.9953,1,2,0.8,0.0,0.1,5,0.0,0,True,1746969357.277941,right,False
3966,1746969367.0701914,186.595,-0.0238014,10.7805,0.678026,0.211661,5703.57,5,12.366,670.686,3673.25,48.9951,1,2,0.8,0.0,0.1,5,0.0,0,True,1746969357.277941,right,False
3967,1746969367.0894544,186.575,-1.09827,10.8256,0.661942,0.207178,5703.35,5,12.388,671.847,3674.41,48.9948,1,2,0.8,0.0,0.1,5,0.0,0,True,1746969357.277941,right,False
3968,1746969367.112205,186.54,-2.3459,10.8579,0.64577,0.201412,5704.87,5,12.41,673.006,3675.57,48.9946,1,2,0.8,0.0,0.1,5,0.0,0,True,1746969357.277941,right,False
3969,1746969367.1330998,186.489,-3.71204,10.8832,0.629545,0.194616,5705.55,5,12.432,674.164,3676.73,48.9943,1,2,0.8,0.0,0.1,5,0.0,0,True,1746969357.277941,right,False
3970,1746969367.1565187,186.419,-5.15911,10.8992,0.613292,0.186997,5706.62,5,12.454,675.321,3677.88,48.9941,1,2,0.8,0.0,0.1,5,0.0,0,True,1746969357.277941,right,False
3971,1746969367.1784384,186.326,-6.65853,10.9084,0.597047,0.178763,5710.08,5,12.476,676.476,3679.04,48.9938,1,2,0.8,0.0,0.1,5,0.0,0,True,1746969357.277941,right,False
3972,1746969367.2003415,186.21,-8.18621,10.8997,0.580824,0.170079,5713.86,5,12.498,677.63,3680.19,48.9936,1,2,0.8,0.0,0.1,5,0.0,0,True,1746969357.277941,right,False
3973,1746969367.222649,186.071,-9.7273,10.876,0.564647,0.161079,5720.84,5,12.52,678.782,3681.34,48.9933,1,2,0.8,0.0,0.1,5,0.0,0,True,1746969357.277941,right,False
3974,1746969367.2455556,185.908,-11.2658,10.8352,0.548543,0.151878,5730.05,5,12.542,679.933,3682.49,48.9931,1,2,0.8,0.0,0.1,5,0.0,0,True,1746969357.277941,right,False
3975,1746969367.2664456,185.723,-12.7915,10.7823,0.532517,0.142582,5741.53,5,12.564,681.082,3683.64,48.9928,1,2,0.8,0.0,0.1,5,0.0,0,True,1746969357.277941,right,False
3976,1746969367.2887595,185.516,-14.3022,10.7124,0.516579,0.133242,5756.07,5,12.586,682.231,3684.79,48.9926,1,2,0.8,0.0,0.1,5,0.0,0,True,1746969357.277941,right,False
3977,1746969367.3105881,185.289,-15.7772,10.635,0.500746,0.123946,5772,5,12.608,683.377,3685.94,48.9923,1,2,0.8,0.0,0.1,5,0.0,0,True,1746969357.277941,right,False
3978,1746969367.3324885,185.043,-17.2194,10.5427,0.485023,0.11475,5790.35,5,12.63,684.522,3687.08,48.9921,1,2,0.8,0.0,0.1,5,0.0,0,True,1746969357.277941,right,False
3979,1746969367.353893,184.782,-18.6108,10.4518,0.46941,0.10571,5808.57,5,12.652,685.666,3688.23,48.9918,1,2,0.8,0.0,0.1,5,0.0,0,True,1746969357.277941,right,False
3980,1746969367.3770113,184.508,-19.9544,10.3437,0.453916,0.0968616,5828.17,5,12.674,686.808,3689.37,48.9916,1,2,0.8,0.0,0.1,5,0.0,0,True,1746969357.277941,right,False
3981,1746969367.3982568,184.226,-21.239,10.2403,0.438543,0.0882343,5841.41,5,12.696,687.948,3690.51,48.9913,1,2,0.8,0.0,0.1,5,0.0,0,True,1746969357.277941,right,False
3982,1746969367.4195988,183.933,-22.4613,10.1292,0.42331,0.0798335,5856.17,5,12.718,689.087,3691.65,48.9911,1,2,0.8,0.0,0.1,5,0.0,0,True,1746969357.277941,right,False
3983,1746969367.44266,183.632,-23.6299,10.0158,0.408221,0.0716499,5871.97,5,12.74,690.225,3692.79,48.9908,1,2,0.8,0.0,0.1,5,0.0,0,True,1746969357.277941,right,False
3984,1746969367.4640913,183.327,-24.7369,9.90239,0.393276,0.0637026,5880.38,5,12.762,691.361,3693.92,48.9906,1,2,0.8,0.0,0.1,5,0.0,0,True,1746969357.277941,right,False
3985,1746969367.485995,183.016,-25.7784,9.7874,0.378465,0.0560354,5893.83,5,12.784,692.495,3695.06,48.9903,1,2,0.8,0.0,0.1,5,0.0,0,True,1746969357.277941,right,False
3986,1746969367.507345,182.707,-26.7517,9.67094,0.363821,0.0486646,5899.74,5,12.806,693.627,3696.19,48.9901,1,2,0.8,0.0,0.1,5,0.0,0,True,1746969357.277941,right,False
3987,1746969367.530961,182.393,-27.659,9.55525,0.349336,0.041608,5909.14,5,12.828,694.758,3697.32,48.9898,1,2,0.8,0.0,0.1,5,0.0,0,True,1746969357.277941,right,False
3988,1746969367.5534596,182.081,-28.4948,9.43722,0.335019,0.0348798,5917.84,5,12.85,695.888,3698.45,48.9896,1,2,0.8,0.0,0.1,5,0.0,0,True,1746969357.277941,right,False
3989,1746969367.5732636,181.772,-29.2466,9.3211,0.320862,0.0285226,5926.36,5,12.872,697.015,3699.58,48.9893,1,2,0.8,0.0,0.1,5,0.0,0,True,1746969357.277941,right,False
3990,1746969367.5962577,181.469,-29.9211,9.20139,0.306872,0.0225724,5936.1,5,12.894,698.141,3700.7,48.989,1,2,0.8,0.0,0.1,5,0.0,0,True,1746969357.277941,right,False
3991,1746969367.6196878,181.169,-30.5148,9.08685,0.293042,0.0170225,5946.61,5,12.916,699.265,3701.83,48.9888,1,2,0.8,0.0,0.1,5,0.0,0,True,1746969357.277941,right,False
3992,1746969367.6409552,180.882,-31.0369,8.96425,0.279397,0.0118423,5952.69,5,12.938,700.388,3702.95,48.9885,1,2,0.8,0.0,0.1,5,0.0,0,True,1746969357.277941,right,False
3993,1746969367.6614091,180.596,-31.4873,8.84278,0.265944,0.00705147,5966.2,5,12.96,701.509,3704.07,48.9883,1,2,0.8,0.0,0.1,5,0.0,0,True,1746969357.277941,right,False
3994,1746969367.6845706,180.324,-31.8548,8.71526,0.252653,0.00268185,5977.63,5,12.982,702.628,3705.19,48.988,1,2,0.8,0.0,0.1,5,0.0,0,True,1746969357.277941,right,False
3995,1746969367.7055333,180.062,-32.1454,8.58563,0.23953,-0.00126231,5991.12,5,13.004,703.745,3706.31,48.9878,1,2,0.8,0.0,0.1,5,0.0,0,True,1746969357.277941,right,False
3996,1746969367.7299683,179.816,-32.3407,8.47258,0.226571,-0.0047853,5999.04,5,13.026,704.861,3707.42,48.9875,1,2,0.8,0.0,0.1,5,0.0,0,True,1746969357.277941,right,False
3997,1746969367.750157,179.581,-32.463,8.34933,0.213821,-0.00786817,6007.9,5,13.048,705.975,3708.54,48.9873,1,2,0.8,0.0,0.1,5,0.0,0,True,1746969357.277941,right,False
3998,1746969367.7723475,179.361,-32.5044,8.22914,0.201242,-0.01052,6016.1,5,13.07,707.087,3709.65,48.987,1,2,0.8,0.0,0.1,5,0.0,0,True,1746969357.277941,right,False
3999,1746969367.7939339,179.157,-32.4622,8.11065,0.188828,-0.0127337,6024.63,5,13.092,708.198,3710.76,48.9868,1,2,0.8,0.0,0.1,5,0.0,0,True,1746969357.277941,right,False
4000,1746969367.8154829,178.968,-32.3421,7.98965,0.176601,-0.0145121,6031.77,5,13.114,709.307,3711.87,48.9865,1,2,0.8,0.0,0.1,5,0.0,0,True,1746969357.277941,right,False
4001,1746969367.8392394,178.793,-32.1449,7.8653,0.164572,-0.0158594,6041.52,5,13.136,710.414,3712.97,48.9863,1,2,0.8,0.0,0.1,5,0.0,0,True,1746969357.277941,right,False
4002,1746969367.8605683,178.637,-31.8689,7.74547,0.152708,-0.0167767,6045.42,5,13.158,711.52,3714.08,48.986,1,2,0.8,0.0,0.1,5,0.0,0,True,1746969357.277941,right,False
4003,1746969367.8828974,178.502,-31.5088,7.63327,0.141018,-0.0172671,6042.45,5,13.18,712.624,3715.18,48.9858,1,2,0.8,0.0,0.1,5,0.0,0,True,1746969357.277941,right,False
4004,1746969367.9067543,178.374,-31.0892,7.50581,0.12952,-0.0173349,6049.98,5,13.202,713.726,3716.29,48.9855,1,2,0.8,0.0,0.1,5,0.0,0,True,1746969357.277941,right,False
4005,1746969367.927642,178.257,-30.5896,7.38039,0.118212,-0.0169491,6063.32,5,13.224,714.827,3717.39,48.9853,1,2,0.8,0.0,0.2,5,0.0,0,True,1746969357.277941,right,False
4006,1746969367.9476836,178.155,-30.0338,7.2524,0.10708,-0.0162054,6074.43,5,13.246,715.926,3718.49,48.985,1,2,0.8,0.0,0.2,5,0.0,0,True,1746969357.277941,right,False
4007,1746969367.9704137,178.089,-29.3755,7.14003,0.0961182,-0.0149918,6058.01,5,13.268,717.024,3719.58,48.9848,1,2,0.8,0.0,0.2,5,0.0,0,True,1746969357.277941,right,False
4008,1746969367.9916089,178.038,-28.6675,7.02194,0.0853322,-0.0134422,6041.18,5,13.29,718.121,3720.68,48.9845,1,2,0.8,0.0,0.2,5,0.0,0,True,1746969357.277941,right,False
4009,1746969368.0148365,177.97,-27.8657,6.91279,0.0747152,-0.0116943,6031.54,5,13.312,719.215,3721.78,48.9843,1,2,0.8,0.0,0.2,5,0.0,0,True,1746969357.277941,right,False
4010,1746969368.037498,177.898,-27.0094,6.79003,0.0643209,-0.010125,6031.88,5,13.334,720.308,3722.87,48.984,1,2,0.8,0.0,0.2,5,0.0,0,True,1746969357.277941,right,False
4011,1746969368.0572357,177.829,-26.1133,6.65273,0.0541748,-0.00820017,6045.73,5,13.356,721.4,3723.96,48.9838,1,2,0.8,0.0,0.2,5,0.0,0,True,1746969357.277941,right,False
4012,1746969368.0792713,177.77,-25.1692,6.52052,0.0442383,-0.00594556,6058.78,5,13.378,722.49,3725.05,48.9835,1,2,0.8,0.0,0.2,5,0.0,0,True,1746969357.277941,right,False
4013,1746969368.1013288,177.719,-24.1855,6.38645,0.0345256,-0.00342262,6071.03,5,13.4,723.579,3726.14,48.9833,1,2,0.8,0.0,0.2,5,0.0,0,True,1746969357.277941,right,False
4014,1746969368.1254008,177.67,-23.1875,6.23739,0.0250468,-0.000686526,6088.64,5,13.422,724.667,3727.23,48.983,1,2,0.8,0.0,0.2,5,0.0,0,True,1746969357.277941,right,False
4015,1746969368.1455286,177.633,-22.1613,6.09291,0.0157694,0.00223231,6093.85,5,13.444,725.754,3728.31,48.9828,1,2,0.8,0.0,0.2,5,0.0,0,True,1746969357.277941,right,False
4016,1746969368.1697536,177.604,-21.1259,5.94071,0.00670369,0.00527322,6098.41,5,13.466,726.839,3729.4,48.9825,1,2,0.8,0.0,0.2,5,0.0,0,True,1746969357.277941,right,False
4017,1746969368.190311,177.586,-20.0782,5.79959,-0.00217692,0.00838029,6086.72,5,13.488,727.924,3730.48,48.9823,1,2,0.8,0.0,0.2,5,0.0,0,True,1746969357.277941,right,False
4018,1746969368.2111325,177.571,-19.0435,5.65642,-0.01085,0.0114961,6073.33,5,13.51,729.007,3731.57,48.982,1,2,0.8,0.0,0.2,5,0.0,0,True,1746969357.277941,right,False
4019,1746969368.2333267,177.564,-18.0192,5.51713,-0.0193237,0.0145767,6050.8,5,13.532,730.09,3732.65,48.9817,1,2,0.8,0.0,0.2,5,0.0,0,True,1746969357.277941,right,False
4020,1746969368.2574272,177.558,-17.0257,5.37749,-0.0276103,0.0175549,6026.17,5,13.554,731.172,3733.73,48.9815,1,2,0.8,0.0,0.2,5,0.0,0,True,1746969357.277941,right,False
4021,1746969368.2779212,177.552,-16.0627,5.24245,-0.0357096,0.0204155,6000.17,5,13.576,732.253,3734.81,48.9812,1,2,0.8,0.0,0.2,5,0.0,0,True,1746969357.277941,right,False
4022,1746969368.3007817,177.544,-15.1531,5.10717,-0.0436218,0.0230672,5974.68,5,13.598,733.334,3735.9,48.981,1,2,0.8,0.0,0.2,5,0.0,0,True,1746969357.277941,right,False
4023,1746969368.3223643,177.539,-14.2871,4.97987,-0.051355,0.0254773,5941.22,5,13.62,734.414,3736.98,48.9807,1,2,0.8,0.0,0.2,5,0.0,0,True,1746969357.277941,right,False
4024,1746969368.3433478,177.532,-13.4895,4.85885,-0.0589172,0.0275682,5905.97,5,13.642,735.493,3738.05,48.9805,1,2,0.8,0.0,0.2,5,0.0,0,True,1746969357.277941,right,False
4025,1746969368.3661737,177.521,-12.7632,4.74122,-0.0663147,0.0292975,5874.04,5,13.664,736.572,3739.13,48.9802,1,2,0.8,0.0,0.2,5,0.0,0,True,1746969357.277941,right,False
4026,1746969368.388353,177.508,-12.1206,4.62757,-0.0735413,0.0305868,5839.23,5,13.686,737.65,3740.21,48.98,1,2,0.8,0.0,0.2,5,0.0,0,True,1746969357.277941,right,False
4027,1746969368.4103575,177.487,-11.569,4.51987,-0.0806051,0.0314212,5810.55,5,13.708,738.728,3741.29,48.9797,1,2,0.8,0.0,0.2,5,0.0,0,True,1746969357.277941,right,False
4028,1746969368.4314463,177.464,-11.1087,4.41398,-0.0875102,0.031765,5779.57,5,13.73,739.805,3742.37,48.9795,1,2,0.8,0.0,0.2,5,0.0,0,True,1746969357.277941,right,False
4029,1746969368.4570863,177.432,-10.7463,4.31502,-0.0942546,0.0315899,5757.09,5,13.752,740.882,3743.44,48.9792,1,2,0.8,0.0,0.2,5,0.0,0,True,1746969357.277941,right,False
4030,1746969368.4775584,177.399,-10.479,4.21782,-0.10085,0.030872,5729.21,5,13.774,741.958,3744.52,48.979,1,2,0.8,0.0,0.2,5,0.0,0,True,1746969357.277941,right,False
4031,1746969368.499256,177.357,-10.3135,4.11685,-0.107279,0.0295984,5706.51,5,13.796,743.034,3745.6,48.9787,1,2,0.8,0.0,0.30000000000000004,5,0.0,0,True,1746969357.277941,right,False
4032,1746969368.5215294,177.306,-10.2509,4.01836,-0.113554,0.0277672,5693.43,5,13.818,744.11,3746.67,48.9785,1,2,0.8,0.0,0.30000000000000004,5,0.0,0,True,1746969357.277941,right,False
4033,1746969368.5434237,177.253,-10.269,3.92982,-0.119672,0.0253936,5671.95,5,13.84,745.185,3747.75,48.9782,1,2,0.8,0.0,0.30000000000000004,5,0.0,0,True,1746969357.277941,right,False
4034,1746969368.5631173,177.187,-10.3886,3.8333,-0.125631,0.0224941,5663.62,5,13.862,746.259,3748.82,48.978,1,2,0.8,0.0,0.30000000000000004,5,0.0,0,True,1746969357.277941,right,False
4035,1746969368.5855024,177.09,-10.5633,3.73715,-0.131425,0.0190122,5650.48,5,13.884,747.333,3749.89,48.9777,1,2,0.8,0.0,0.30000000000000004,5,0.0,0,True,1746969357.277941,right,False
4036,1746969368.6077807,176.973,-10.8475,3.64187,-0.137042,0.0148388,5645.7,5,13.906,748.407,3750.97,48.9775,1,2,0.8,0.0,0.30000000000000004,5,0.0,0,True,1746969357.277941,right,False
4037,1746969368.6308632,176.843,-11.2415,3.53414,-0.142474,0.0100518,5648.97,5,13.928,749.479,3752.04,48.9772,1,2,0.8,0.0,0.30000000000000004,5,0.0,0,True,1746969357.277941,right,False
4038,1746969368.6534889,176.702,-11.717,3.4292,-0.147721,0.00475061,5654.88,5,13.95,750.551,3753.11,48.977,1,2,0.8,0.0,0.30000000000000004,5,0.0,0,True,1746969357.277941,right,False
4039,1746969368.6741297,176.55,-12.271,3.32011,-0.152783,-0.00102901,5662.74,5,13.972,751.622,3754.18,48.9767,1,2,0.8,0.0,0.30000000000000004,5,0.0,0,True,1746969357.277941,right,False
4040,1746969368.6969612,176.39,-12.8856,3.19948,-0.157656,-0.00719953,5670.77,5,13.994,752.693,3755.25,48.9765,1,2,0.8,0.0,0.30000000000000004,5,0.0,0,True,1746969357.277941,right,False
4041,1746969368.720619,176.219,-13.5579,3.07304,-0.162335,-0.0137466,5682.24,5,14.016,753.762,3756.32,48.9762,1,2,0.8,0.0,0.30000000000000004,5,0.0,0,True,1746969357.277941,right,False
4042,1746969368.739676,176.035,-14.2717,2.94815,-0.166815,-0.0205774,5695.45,5,14.038,754.831,3757.39,48.976,1,2,0.8,0.0,0.30000000000000004,5,0.0,0,True,1746969357.277941,right,False
4043,1746969368.7623186,175.845,-15.0167,2.81932,-0.171098,-0.0276889,5704.38,5,14.06,755.899,3758.46,48.9757,1,2,0.8,0.0,0.30000000000000004,5,0.0,0,True,1746969357.277941,right,False
4044,1746969368.783822,175.643,-15.7924,2.69003,-0.175173,-0.0350242,5713.97,5,14.082,756.966,3759.53,48.9755,1,2,0.8,0.0,0.30000000000000004,5,0.0,0,True,1746969357.277941,right,False
4045,1746969368.805137,175.43,-16.5847,2.55468,-0.179047,-0.042502,5725.02,5,14.104,758.032,3760.59,48.9752,1,2,0.8,0.0,0.30000000000000004,5,0.0,0,True,1746969357.277941,right,False
4046,1746969368.827662,175.209,-17.4017,2.41137,-0.182705,-0.0501312,5736.93,5,14.126,759.098,3761.66,48.9749,1,2,0.8,0.0,0.30000000000000004,5,0.0,0,True,1746969357.277941,right,False
4047,1746969368.8515086,174.978,-18.2204,2.27262,-0.186153,-0.0578463,5749.13,5,14.148,760.162,3762.72,48.9747,1,2,0.8,0.0,0.30000000000000004,5,0.0,0,True,1746969357.277941,right,False
4048,1746969368.873249,174.741,-19.0392,2.12781,-0.189388,-0.0656511,5757.37,5,14.17,761.226,3763.79,48.9744,1,2,0.8,0.0,0.30000000000000004,5,0.0,0,True,1746969357.277941,right,False
4049,1746969368.8936286,174.494,-19.8519,1.98454,-0.192403,-0.0734704,5766.24,5,14.192,762.288,3764.85,48.9742,1,2,0.8,0.0,0.30000000000000004,5,0.0,0,True,1746969357.277941,right,False
4050,1746969368.9153793,174.239,-20.6608,1.83508,-0.195188,-0.0813069,5776.59,5,14.214,763.35,3765.91,48.9739,1,2,0.8,0.0,0.30000000000000004,5,0.0,0,True,1746969357.277941,right,False
4051,1746969368.9372764,173.976,-21.4628,1.68517,-0.197758,-0.0891452,5788.4,5,14.236,764.411,3766.97,48.9737,1,2,0.8,0.0,0.30000000000000004,5,0.0,0,True,1746969357.277941,right,False
4052,1746969368.960448,173.706,-22.2515,1.53081,-0.200094,-0.0969384,5799.76,5,14.258,765.47,3768.03,48.9734,1,2,0.8,0.0,0.0,5,0.0,0,True,1746969357.277941,left,False
4053,1746969368.9831467,173.429,-23.0268,1.38065,-0.202203,-0.104674,5813.71,5,14.28,766.529,3769.09,48.9732,1,2,0.8,0.0,0.0,5,0.0,0,True,1746969357.277941,left,False
4054,1746969369.0032125,173.148,-23.7758,1.22557,-0.204089,-0.112341,5822.24,5,14.302,767.586,3770.15,48.9729,1,2,0.8,0.0,0.0,5,0.0,0,True,1746969357.277941,left,False
4055,1746969369.0262372,172.861,-24.5017,1.07062,-0.205733,-0.11991,5834.44,5,14.324,768.642,3771.2,48.9727,1,2,0.8,0.0,0.0,5,0.0,0,True,1746969357.277941,left,False
4056,1746969369.0487049,172.593,-25.2229,0.914222,-0.207161,-0.127284,5864.28,5,14.346,769.698,3772.26,48.9724,1,2,0.8,0.0,0.0,5,0.0,0,True,1746969357.277941,left,False
4057,1746969369.0697021,172.4,-25.9221,0.755988,-0.208372,-0.134142,5873,5,14.368,770.752,3773.31,48.9722,1,2,0.8,0.0,0.0,5,0.0,0,True,1746969357.277941,left,False
4058,1746969369.0918906,172.242,-26.4923,0.606588,-0.209391,-0.140253,5858.62,5,14.39,771.806,3774.37,48.9719,1,2,0.8,0.0,0.0,5,0.0,0,True,1746969357.277941,left,False
4059,1746969369.1127608,172.105,-26.9243,0.454644,-0.210207,-0.145627,5837.34,5,14.412,772.86,3775.42,48.9717,1,2,0.8,0.0,0.0,5,0.0,0,True,1746969357.277941,left,False
4060,1746969369.1358917,171.994,-27.2157,0.307698,-0.210815,-0.150258,5807.28,5,14.434,773.913,3776.47,48.9714,1,2,0.8,0.0,0.0,5,0.0,0,True,1746969357.277941,left,False
4061,1746969369.1594293,171.896,-27.3792,0.161733,-0.211212,-0.154182,5786.6,5,14.456,774.966,3777.53,48.9712,1,2,0.8,0.0,0.0,5,0.0,0,True,1746969357.277941,left,False
4062,1746969369.1808631,171.819,-27.4053,0.0203457,-0.211397,-0.157368,5761.11,5,14.478,776.018,3778.58,48.9709,1,2,0.8,0.0,0.0,5,0.0,0,True,1746969357.277941,left,False
4063,1746969369.204445,171.766,-27.2976,-0.11485,-0.211369,-0.159806,5735.97,5,14.5,777.07,3779.63,48.9707,1,2,0.8,0.0,0.0,5,0.0,0,True,1746969357.277941,left,False
4064,1746969369.2238455,171.731,-27.06,-0.25444,-0.211119,-0.161499,5714.68,5,14.522,778.122,3780.68,48.9704,1,2,0.8,0.0,0.0,5,0.0,0,True,1746969357.277941,left,False
4065,1746969369.2470033,171.714,-26.7083,-0.394414,-0.210653,-0.162484,5696.43,5,14.544,779.173,3781.73,48.9702,1,2,0.8,0.0,0.0,5,0.0,0,True,1746969357.277941,left,False
4066,1746969369.2672992,171.714,-26.2443,-0.53253,-0.209973,-0.162799,5680.88,5,14.566,780.223,3782.78,48.9699,1,2,0.8,0.0,0.0,5,0.0,0,True,1746969357.277941,left,False
4067,1746969369.2908595,171.731,-25.6655,-0.668773,-0.209084,-0.162433,5665.24,5,14.588,781.274,3783.83,48.9697,1,2,0.8,0.0,0.0,5,0.0,0,True,1746969357.277941,left,False
4068,1746969369.3138628,171.762,-24.9837,-0.80939,-0.207979,-0.161405,5661.63,5,14.61,782.323,3784.88,48.9694,1,2,0.8,0.0,0.0,5,0.0,0,True,1746969357.277941,left,False
4069,1746969369.3341732,171.813,-24.1884,-0.939889,-0.206673,-0.159701,5650.28,5,14.632,783.373,3785.93,48.9692,1,2,0.8,0.0,0.0,5,0.0,0,True,1746969357.277941,left,False
4070,1746969369.3555136,171.881,-23.2934,-1.07941,-0.205166,-0.157343,5640.95,5,14.654,784.422,3786.98,48.9689,1,2,0.8,0.0,0.0,5,0.0,0,True,1746969357.277941,left,False
4071,1746969369.3771682,171.967,-22.2929,-1.20695,-0.203448,-0.154334,5625.74,5,14.676,785.471,3788.03,48.9687,1,2,0.8,0.0,0.0,5,0.0,0,True,1746969357.277941,left,False
4072,1746969369.401645,172.067,-21.2018,-1.34253,-0.201528,-0.150685,5612.34,5,14.698,786.519,3789.08,48.9684,1,2,0.8,0.0,0.0,5,0.0,0,True,1746969357.277941,left,False
4073,1746969369.4219198,172.183,-20.0239,-1.46989,-0.199434,-0.146442,5590.51,5,14.72,787.568,3790.13,48.9682,1,2,0.8,0.0,0.0,5,0.0,0,True,1746969357.277941,left,False
4074,1746969369.4460042,172.31,-18.7645,-1.59137,-0.197152,-0.141652,5568.36,5,14.742,788.616,3791.18,48.9679,1,2,0.8,0.0,0.0,5,0.0,0,True,1746969357.277941,left,False
4075,1746969369.466114,172.448,-17.4385,-1.70484,-0.194696,-0.13635,5536.76,5,14.764,789.664,3792.23,48.9676,1,2,0.8,0.0,0.0,5,0.0,0,True,1746969357.277941,left,False
4076,1746969369.4876695,172.592,-16.0601,-1.82411,-0.192074,-0.130569,5506.56,5,14.786,790.713,3793.27,48.9674,1,2,0.8,0.0,0.0,5,0.0,0,True,1746969357.277941,left,False
4077,1746969369.5114884,172.74,-14.637,-1.93214,-0.189303,-0.124365,5473.29,5,14.808,791.761,3794.32,48.9671,1,2,0.8,0.0,0.0,5,0.0,0,True,1746969357.277941,left,False
4078,1746969369.53187,172.889,-13.1861,-2.03802,-0.186389,-0.117789,5439.4,5,14.83,792.81,3795.37,48.9669,1,2,0.8,0.0,0.0,5,0.0,0,True,1746969357.277941,left,False
4079,1746969369.553408,173.034,-11.7278,-2.13596,-0.183348,-0.110935,5408.48,5,14.852,793.859,3796.42,48.9666,1,2,0.8,0.0,0.0,5,0.0,0,True,1746969357.277941,left,False
4080,1746969369.5767736,173.173,-10.2786,-2.22467,-0.180208,-0.103875,5379.95,5,14.874,794.909,3797.47,48.9664,1,2,0.8,0.0,0.0,5,0.0,0,True,1746969357.277941,left,False
4081,1746969369.5988233,173.301,-8.86278,-2.29625,-0.17698,-0.0967135,5357.51,5,14.896,795.958,3798.52,48.9661,1,2,0.8,0.0,0.0,5,0.0,0,True,1746969357.277941,left,False
4082,1746969369.6191247,173.417,-7.50658,-2.36678,-0.173698,-0.0895331,5343.42,5,14.918,797.009,3799.57,48.9659,1,2,0.8,0.0,0.0,5,0.0,0,True,1746969357.277941,left,False
4083,1746969369.6424909,173.526,-6.21594,-2.40828,-0.17038,-0.0824062,5328.64,5,14.94,798.059,3800.62,48.9656,1,2,0.8,0.0,0.0,5,0.0,0,True,1746969357.277941,left,False
4084,1746969369.663906,173.624,-5.01292,-2.43126,-0.167059,-0.0754044,5319.94,5,14.962,799.111,3801.67,48.9654,1,2,0.8,0.0,0.0,5,0.0,0,True,1746969357.277941,left,False
4085,1746969369.6871877,173.713,-3.91063,-2.44498,-0.163745,-0.0685817,5315.54,5,14.984,800.162,3802.72,48.9651,1,2,0.8,0.0,0.0,5,0.0,0,True,1746969357.277941,left,False
4086,1746969369.7093694,173.795,-2.909,-2.43526,-0.160482,-0.0619624,5312.02,5,15.006,801.215,3803.78,48.9649,1,2,0.8,0.0,0.0,5,0.0,0,True,1746969357.277941,left,False
4087,1746969369.7303178,173.871,-2.01203,-2.4043,-0.157302,-0.0555735,5309.69,5,15.028,802.268,3804.83,48.9646,1,2,0.8,0.0,0.0,5,0.0,0,True,1746969357.277941,left,False
4088,1746969369.7537427,173.943,-1.21747,-2.34404,-0.154215,-0.0494339,5307.44,5,15.05,803.321,3805.88,48.9644,1,2,0.8,0.0,0.0,5,0.0,0,True,1746969357.277941,left,False
4089,1746969369.7750912,174.01,-0.524644,-2.26991,-0.151255,-0.0435547,5307.82,5,15.072,804.376,3806.94,48.9641,1,2,0.8,0.0,0.0,5,0.0,0,True,1746969357.277941,right,False
4090,1746969369.7954009,174.074,0.0719786,-2.1744,-0.148442,-0.0379363,5307.9,5,15.094,805.43,3807.99,48.9639,1,2,0.8,0.0,0.0,5,0.0,0,True,1746969357.277941,right,False
4091,1746969369.8199584,174.136,0.578647,-2.05425,-0.145791,-0.0325768,5307.61,5,15.116,806.486,3809.05,48.9636,1,2,0.8,0.0,0.0,5,0.0,0,True,1746969357.277941,right,False
4092,1746969369.839169,174.195,1.00184,-1.92527,-0.143313,-0.027472,5309.15,5,15.138,807.542,3810.1,48.9634,1,2,0.8,0.0,0.0,5,0.0,0,True,1746969357.277941,right,False
4093,1746969369.862747,174.253,1.34885,-1.77219,-0.141052,-0.0226115,5309.96,5,15.16,808.599,3811.16,48.9631,1,2,0.8,0.0,0.0,5,0.0,0,True,1746969357.277941,right,False
4094,1746969369.8841455,174.309,1.628,-1.60926,-0.138987,-0.0179833,5311.4,5,15.182,809.656,3812.22,48.9629,1,2,0.8,0.0,0.0,5,0.0,0,True,1746969357.277941,right,False
4095,1746969369.9061992,174.365,1.8453,-1.42845,-0.137174,-0.0135739,5311.83,5,15.204,810.714,3813.28,48.9626,1,2,0.8,0.0,0.0,5,0.0,0,True,1746969357.277941,right,False
4096,1746969369.9288926,174.42,2.01063,-1.24722,-0.135553,-0.00936604,5313.99,5,15.226,811.772,3814.33,48.9624,1,2,0.8,0.0,0.0,5,0.0,0,True,1746969357.277941,right,False
4097,1746969369.949692,174.474,2.13017,-1.06005,-0.134167,-0.00534344,5315.35,5,15.248,812.831,3815.39,48.9621,1,2,0.8,0.0,0.0,5,0.0,0,True,1746969357.277941,right,False
4098,1746969369.9759567,174.528,2.21124,-0.867229,-0.133036,-0.0014832,5315.86,5,15.27,813.89,3816.45,48.9619,1,2,0.8,0.0,0.0,5,0.0,0,True,1746969357.277941,right,False
4099,1746969369.9961917,174.581,2.26135,-0.663742,-0.132163,0.00223732,5317.92,5,15.292,814.95,3817.51,48.9616,1,2,0.8,0.0,0.0,5,0.0,0,True,1746969357.277941,right,False
4100,1746969370.0170743,174.634,2.28657,-0.46348,-0.131547,0.00583601,5318.98,5,15.314,816.01,3818.57,48.9614,1,2,0.8,0.0,0.1,5,0.0,0,True,1746969357.277941,right,False
4101,1746969370.0398285,174.686,2.29191,-0.261588,-0.131187,0.00933373,5320.25,5,15.336,817.07,3819.63,48.9611,1,2,0.8,0.0,0.1,5,0.0,0,True,1746969357.277941,right,False
4102,1746969370.0606456,174.736,2.28397,-0.067959,-0.131032,0.0127479,5322.62,5,15.358,818.131,3820.69,48.9608,1,2,0.8,0.0,0.1,5,0.0,0,True,1746969357.277941,right,False
4103,1746969370.083303,174.788,2.26515,0.121667,-0.131104,0.0160919,5323.68,5,15.38,819.192,3821.75,48.9606,1,2,0.8,0.0,0.1,5,0.0,0,True,1746969357.277941,right,False
4104,1746969370.1029446,174.825,2.42501,0.292847,-0.131386,0.018368,5325.76,5,15.402,820.254,3822.82,48.9603,1,2,0.8,0.0,0.1,5,0.0,0,True,1746969357.277941,right,False
4105,1746969370.127411,174.862,2.20757,0.44663,-0.131755,0.0179482,5330.64,5,15.424,821.315,3823.88,48.9601,1,2,0.8,0.0,0.1,5,0.0,0,True,1746969357.277941,right,False
4106,1746969370.1470013,174.902,1.59904,0.574704,-0.13219,0.0151887,5335.63,5,15.446,822.377,3824.94,48.9598,1,2,0.8,0.0,0.1,5,0.0,0,True,1746969357.277941,right,False
4107,1746969370.1704147,174.941,0.696257,0.664812,-0.132684,0.0105013,5341.51,5,15.468,823.439,3826,48.9596,1,2,0.8,0.0,0.1,5,0.0,0,True,1746969357.277941,right,False
4108,1746969370.191533,174.972,-0.417355,0.722195,-0.133203,0.0042963,5348.18,5,15.49,824.501,3827.06,48.9593,1,2,0.8,0.0,0.1,5,0.0,0,True,1746969357.277941,right,False
4109,1746969370.2145038,174.99,-1.66942,0.758237,-0.133736,-0.00305152,5356.38,5,15.512,825.563,3828.12,48.9591,1,2,0.8,0.0,0.1,5,0.0,0,True,1746969357.277941,right,False
4110,1746969370.2379923,174.992,-3.00182,0.755896,-0.134247,-0.0111928,5365.99,5,15.534,826.626,3829.19,48.9588,1,2,0.8,0.0,0.1,5,0.0,0,True,1746969357.277941,right,False
4111,1746969370.2575707,174.977,-4.36659,0.725699,-0.134709,-0.0198305,5377.69,5,15.556,827.688,3830.25,48.9586,1,2,0.8,0.0,0.1,5,0.0,0,True,1746969357.277941,right,False
4112,1746969370.2797055,174.942,-5.73248,0.663776,-0.135103,-0.0287312,5392.77,5,15.578,828.751,3831.31,48.9583,1,2,0.8,0.0,0.1,5,0.0,0,True,1746969357.277941,right,False
4113,1746969370.3041806,174.89,-7.07157,0.585341,-0.135411,-0.037728,5408.71,5,15.6,829.813,3832.37,48.9581,1,2,0.8,0.0,0.1,5,0.0,0,True,1746969357.277941,right,False
4114,1746969370.3251681,174.822,-8.37224,0.48376,-0.13562,-0.0467097,5425.68,5,15.622,830.875,3833.44,48.9578,1,2,0.8,0.0,0.1,5,0.0,0,True,1746969357.277941,right,False
4115,1746969370.345681,174.739,-9.63233,0.369758,-0.135706,-0.055617,5444.39,5,15.644,831.938,3834.5,48.9576,1,2,0.8,0.0,0.1,5,0.0,0,True,1746969357.277941,right,False
4116,1746969370.368593,174.646,-10.8439,0.246079,-0.135665,-0.0644339,5458.05,5,15.666,833,3835.56,48.9573,1,2,0.8,0.0,0.1,5,0.0,0,True,1746969357.277941,right,False
4117,1746969370.3912833,174.541,-12.016,0.109315,-0.135486,-0.0731747,5471.87,5,15.688,834.062,3836.62,48.9571,1,2,0.8,0.0,0.1,5,0.0,0,True,1746969357.277941,right,False
4118,1746969370.411512,174.426,-13.1489,-0.0286169,-0.135156,-0.0818534,5481.99,5,15.71,835.124,3837.69,48.9568,1,2,0.8,0.0,0.1,5,0.0,0,True,1746969357.277941,right,False
4119,1746969370.433792,174.306,-14.2444,-0.159112,-0.13466,-0.0905018,5483.62,5,15.732,836.186,3838.75,48.9566,1,2,0.8,0.0,0.1,5,0.0,0,True,1746969357.277941,right,False
4120,1746969370.4555402,174.171,-15.3272,-0.310536,-0.134003,-0.0991225,5490.44,5,15.754,837.247,3839.81,48.9563,1,2,0.8,0.0,0.1,5,0.0,0,True,1746969357.277941,right,False
4121,1746969370.479083,174.028,-16.373,-0.444155,-0.133158,-0.10772,5492.57,5,15.776,838.308,3840.87,48.9561,1,2,0.8,0.0,0.1,5,0.0,0,True,1746969357.277941,right,False
4122,1746969370.5002391,173.873,-17.3969,-0.59125,-0.132131,-0.116285,5496.45,5,15.798,839.369,3841.93,48.9558,1,2,0.8,0.0,0.1,5,0.0,0,True,1746969357.277941,right,False
4123,1746969370.5216823,173.705,-18.4012,-0.73374,-0.13091,-0.124805,5504.11,5,15.82,840.43,3842.99,48.9556,1,2,0.8,0.0,0.1,5,0.0,0,True,1746969357.277941,right,False
4124,1746969370.5458791,173.528,-19.3737,-0.883001,-0.129498,-0.133228,5512.78,5,15.842,841.49,3844.05,48.9553,1,2,0.8,0.0,0.1,5,0.0,0,True,1746969357.277941,right,False
4125,1746969370.5669975,173.344,-20.3093,-1.02524,-0.127893,-0.141532,5521.92,5,15.864,842.549,3845.11,48.9551,1,2,0.8,0.0,0.1,5,0.0,0,True,1746969357.277941,right,False
4126,1746969370.5885599,173.154,-21.2095,-1.17351,-0.12607,-0.149688,5530.22,5,15.886,843.609,3846.17,48.9548,1,2,0.8,0.0,0.0,5,0.0,0,True,1746969357.277941,left,False
4127,1746969370.610196,172.952,-22.0795,-1.33297,-0.124046,-0.157661,5549.01,5,15.908,844.667,3847.23,48.9546,1,2,0.8,0.0,0.0,5,0.0,0,True,1746969357.277941,left,False
4128,1746969370.6319168,172.752,-22.8834,-1.4746,-0.121816,-0.165418,5559.3,5,15.93,845.726,3848.29,48.9543,1,2,0.8,0.0,0.0,5,0.0,0,True,1746969357.277941,left,False
4129,1746969370.6540456,172.545,-23.6474,-1.63084,-0.119366,-0.172891,5578.34,5,15.952,846.783,3849.34,48.9541,1,2,0.8,0.0,0.0,5,0.0,0,True,1746969357.277941,left,False
4130,1746969370.6773474,172.368,-24.3725,-1.78105,-0.116709,-0.179918,5593.38,5,15.974,847.84,3850.4,48.9538,1,2,0.8,0.0,0.0,5,0.0,0,True,1746969357.277941,left,False
4131,1746969370.698934,172.22,-24.9692,-1.92372,-0.113861,-0.186197,5595.78,5,15.996,848.897,3851.46,48.9535,1,2,0.8,0.0,0.0,5,0.0,0,True,1746969357.277941,left,False
4132,1746969370.720444,172.093,-25.4249,-2.06028,-0.110813,-0.191771,5587.62,5,16.018,849.953,3852.51,48.9533,1,2,0.8,0.0,0.0,5,0.0,0,True,1746969357.277941,left,False
4133,1746969370.7417827,171.972,-25.7774,-2.21062,-0.107554,-0.196687,5591.04,5,16.04,851.009,3853.57,48.953,1,2,0.8,0.0,0.0,5,0.0,0,True,1746969357.277941,left,False
4134,1746969370.7631588,171.879,-25.9868,-2.34296,-0.104089,-0.20094,5577.96,5,16.062,852.065,3854.63,48.9528,1,2,0.8,0.0,0.0,5,0.0,0,True,1746969357.277941,left,False
4135,1746969370.7869146,171.792,-26.0926,-2.48178,-0.100407,-0.204539,5578.25,5,16.084,853.12,3855.68,48.9525,1,2,0.8,0.0,0.0,5,0.0,0,True,1746969357.277941,left,False
4136,1746969370.8077166,171.728,-26.0717,-2.61626,-0.0965149,-0.207476,5571.97,5,16.106,854.175,3856.74,48.9523,1,2,0.8,0.0,0.0,5,0.0,0,True,1746969357.277941,left,False
4137,1746969370.8297179,171.674,-25.9511,-2.75561,-0.0924133,-0.209777,5573.25,5,16.128,855.229,3857.79,48.952,1,2,0.8,0.0,0.0,5,0.0,0,True,1746969357.277941,left,False
4138,1746969370.8526564,171.642,-25.7266,-2.89191,-0.0880981,-0.21148,5569.71,5,16.15,856.284,3858.85,48.9518,1,2,0.8,0.0,0.0,5,0.0,0,True,1746969357.277941,left,False
4139,1746969370.8740048,171.623,-25.4027,-3.02686,-0.0835693,-0.212598,5568.92,5,16.172,857.337,3859.9,48.9515,1,2,0.8,0.0,0.0,5,0.0,0,True,1746969357.277941,left,False
4140,1746969370.895709,171.622,-24.9856,-3.17547,-0.0788391,-0.21311,5569.44,5,16.194,858.391,3860.95,48.9513,1,2,0.8,0.0,0.0,5,0.0,0,True,1746969357.277941,left,False
4141,1746969370.9194245,171.637,-24.4721,-3.30857,-0.0739034,-0.213053,5566.51,5,16.216,859.444,3862.01,48.951,1,2,0.8,0.0,0.0,5,0.0,0,True,1746969357.277941,left,False
4142,1746969370.9397795,171.667,-23.8636,-3.44172,-0.068752,-0.212411,5564.82,5,16.238,860.496,3863.06,48.9508,1,2,0.8,0.0,0.0,5,0.0,0,True,1746969357.277941,left,False
4143,1746969370.9624178,171.717,-23.1703,-3.58417,-0.0634094,-0.211204,5559.36,5,16.26,861.549,3864.11,48.9505,1,2,0.8,0.0,0.0,5,0.0,0,True,1746969357.277941,left,False
4144,1746969370.9848404,171.777,-22.3915,-3.7213,-0.0578695,-0.209424,5556.34,5,16.282,862.601,3865.16,48.9503,1,2,0.8,0.0,0.0,5,0.0,0,True,1746969357.277941,left,False
4145,1746969371.0068874,171.857,-21.5198,-3.85541,-0.0521342,-0.207082,5545.44,5,16.304,863.653,3866.21,48.95,1,2,0.8,0.0,0.0,5,0.0,0,True,1746969357.277941,left,False
4146,1746969371.0294108,171.949,-20.5686,-3.98517,-0.0462097,-0.204178,5535.8,5,16.326,864.705,3867.27,48.9498,1,2,0.8,0.0,0.0,5,0.0,0,True,1746969357.277941,left,False
4147,1746969371.049622,172.055,-19.533,-4.11372,-0.0401001,-0.200725,5522.35,5,16.348,865.757,3868.32,48.9495,1,2,0.8,0.0,0.0,5,0.0,0,True,1746969357.277941,left,False
4148,1746969371.0716596,172.171,-18.4317,-4.23887,-0.0338135,-0.196768,5504.53,5,16.37,866.809,3869.37,48.9493,1,2,0.8,0.0,0.0,5,0.0,0,True,1746969357.277941,left,False
4149,1746969371.0945158,172.299,-17.2628,-4.36112,-0.027356,-0.192314,5485.25,5,16.392,867.862,3870.42,48.949,1,2,0.8,0.0,0.0,5,0.0,0,True,1746969357.277941,left,False
4150,1746969371.115294,172.43,-16.0369,-4.47552,-0.0207357,-0.187392,5465.3,5,16.414,868.914,3871.48,48.9488,1,2,0.8,0.0,0.0,5,0.0,0,True,1746969357.277941,left,False
4151,1746969371.1372416,172.57,-14.7534,-4.58167,-0.0139709,-0.182021,5442.87,5,16.436,869.966,3872.53,48.9485,1,2,0.8,0.0,0.0,5,0.0,0,True,1746969357.277941,left,False
4152,1746969371.160931,172.712,-13.4462,-4.69137,-0.00705973,-0.176277,5417.71,5,16.458,871.019,3873.58,48.9483,1,2,0.8,0.0,0.0,5,0.0,0,True,1746969357.277941,left,False
4153,1746969371.1816823,172.851,-12.1177,-4.78495,-2.03451e-005,-0.170237,5396.45,5,16.48,872.073,3874.63,48.948,1,2,0.8,0.0,0.0,5,0.0,0,True,1746969357.277941,left,False
4154,1746969371.204324,172.987,-10.7818,-4.87134,0.00713298,-0.1639,5378.31,5,16.502,873.126,3875.69,48.9478,1,2,0.8,0.0,0.0,5,0.0,0,True,1746969357.277941,left,False
4155,1746969371.226235,173.121,-9.45812,-4.9429,0.0143758,-0.157381,5358.24,5,16.524,874.181,3876.74,48.9475,1,2,0.8,0.0,0.0,5,0.0,0,True,1746969357.277941,left,False
4156,1746969371.248363,173.247,-8.16708,-4.99915,0.021696,-0.150745,5344.24,5,16.546,875.236,3877.8,48.9473,1,2,0.8,0.0,0.0,5,0.0,0,True,1746969357.277941,left,False
4157,1746969371.2698684,173.365,-6.92674,-5.04815,0.0290568,-0.144071,5331.82,5,16.568,876.291,3878.85,48.947,1,2,0.8,0.0,0.0,5,0.0,0,True,1746969357.277941,left,False
4158,1746969371.292054,173.476,-5.75246,-5.08354,0.0364482,-0.137424,5324.1,5,16.59,877.348,3879.91,48.9468,1,2,0.8,0.0,0.0,5,0.0,0,True,1746969357.277941,left,False
4159,1746969371.3127663,173.58,-4.65347,-5.09558,0.0438293,-0.130866,5316.25,5,16.612,878.405,3880.97,48.9465,1,2,0.8,0.0,0.0,5,0.0,0,True,1746969357.277941,left,False
4160,1746969371.3361573,173.677,-3.64257,-5.09273,0.0511902,-0.124439,5312.03,5,16.634,879.463,3882.02,48.9462,1,2,0.8,0.0,0.0,5,0.0,0,True,1746969357.277941,left,False
4161,1746969371.3577557,173.767,-2.72531,-5.07603,0.0584961,-0.118181,5310.33,5,16.656,880.522,3883.08,48.946,1,2,0.8,0.0,0.0,5,0.0,0,True,1746969357.277941,left,False
4162,1746969371.3831618,173.854,-1.90003,-5.03131,0.0657288,-0.112124,5307.38,5,16.678,881.582,3884.14,48.9457,1,2,0.8,0.0,0.0,5,0.0,0,True,1746969357.277941,right,False
4163,1746969371.4017522,173.935,-1.16975,-4.97259,0.0728455,-0.106284,5307.07,5,16.7,882.643,3885.21,48.9455,1,2,0.8,0.0,0.0,5,0.0,0,True,1746969357.277941,right,False
4164,1746969371.4248822,174.014,-0.530313,-4.89493,0.0798421,-0.100669,5307.28,5,16.722,883.706,3886.27,48.9452,1,2,0.8,0.0,0.0,5,0.0,0,True,1746969357.277941,right,False
4165,1746969371.4475665,174.089,0.022326,-4.79228,0.0866923,-0.0952804,5307.36,5,16.744,884.769,3887.33,48.945,1,2,0.8,0.0,0.0,5,0.0,0,True,1746969357.277941,right,False
4166,1746969371.4690778,174.162,0.493854,-4.68122,0.0933757,-0.0901184,5308.83,5,16.766,885.833,3888.39,48.9447,1,2,0.8,0.0,0.0,5,0.0,0,True,1746969357.277941,right,False
4167,1746969371.4896548,174.233,0.89009,-4.54824,0.0998942,-0.0851786,5310.06,5,16.788,886.898,3889.46,48.9445,1,2,0.8,0.0,0.0,5,0.0,0,True,1746969357.277941,right,False
4168,1746969371.5114012,174.302,1.2178,-4.40353,0.106205,-0.080452,5311.81,5,16.81,887.964,3890.53,48.9442,1,2,0.8,0.0,0.0,5,0.0,0,True,1746969357.277941,right,False
4169,1746969371.5357766,174.371,1.48328,-4.2433,0.112301,-0.0759294,5312.61,5,16.832,889.032,3891.59,48.944,1,2,0.8,0.0,0.0,5,0.0,0,True,1746969357.277941,right,False
4170,1746969371.556023,174.438,1.69379,-4.07065,0.118199,-0.0715959,5313.95,5,16.854,890.1,3892.66,48.9437,1,2,0.8,0.0,0.0,5,0.0,0,True,1746969357.277941,right,False
4171,1746969371.5776005,174.504,1.85679,-3.89514,0.123865,-0.0674407,5316.46,5,16.876,891.169,3893.73,48.9435,1,2,0.8,0.0,0.0,5,0.0,0,True,1746969357.277941,right,False
4172,1746969371.6004004,174.571,1.97727,-3.70656,0.129281,-0.063446,5317.79,5,16.898,892.24,3894.8,48.9432,1,2,0.8,0.0,0.0,5,0.0,0,True,1746969357.277941,right,False
4173,1746969371.6224751,174.636,2.06382,-3.52175,0.134503,-0.0595927,5319.05,5,16.92,893.311,3895.87,48.943,1,2,0.8,0.0,0.0,5,0.0,0,True,1746969357.277941,right,False
4174,1746969371.6437337,174.701,2.12107,-3.33222,0.139459,-0.0558624,5320.95,5,16.942,894.383,3896.95,48.9427,1,2,0.8,0.0,0.0,5,0.0,0,True,1746969357.277941,right,False
4175,1746969371.667777,174.765,2.1556,-3.13534,0.144157,-0.0522368,5322.7,5,16.964,895.456,3898.02,48.9425,1,2,0.8,0.0,0.0,5,0.0,0,True,1746969357.277941,right,False
4176,1746969371.6869824,174.828,2.17255,-2.94564,0.148641,-0.0486972,5324.8,5,16.986,896.531,3899.09,48.9422,1,2,0.8,0.0,0.0,5,0.0,0,True,1746969357.277941,right,False
4177,1746969371.7094388,174.891,2.17621,-2.7616,0.152883,-0.0452287,5326.47,5,17.008,897.606,3900.17,48.942,1,2,0.8,0.0,0.0,5,0.0,0,True,1746969357.277941,right,False
4178,1746969371.732618,174.954,2.16884,-2.56569,0.156866,-0.0418165,5327.67,5,17.03,898.681,3901.24,48.9417,1,2,0.8,0.0,0.0,5,0.0,0,True,1746969357.277941,right,False
4179,1746969371.7534094,175.015,2.1548,-2.38571,0.160586,-0.0384519,5329.58,5,17.052,899.758,3902.32,48.9415,1,2,0.8,0.0,0.0,5,0.0,0,True,1746969357.277941,right,False
4180,1746969371.7774322,175.076,2.136,-2.20434,0.164087,-0.0351236,5332.3,5,17.074,900.835,3903.4,48.9412,1,2,0.8,0.0,0.0,5,0.0,0,True,1746969357.277941,right,False
4181,1746969371.7970974,175.136,2.11322,-2.03262,0.167352,-0.0318277,5333.72,5,17.096,901.913,3904.47,48.941,1,2,0.8,0.0,0.0,5,0.0,0,True,1746969357.277941,right,False
4182,1746969371.8219063,175.196,2.08913,-1.86561,0.170355,-0.0285559,5335.92,5,17.118,902.992,3905.55,48.9407,1,2,0.8,0.0,0.0,5,0.0,0,True,1746969357.277941,right,False
4183,1746969371.841343,175.255,2.06314,-1.69598,0.173096,-0.0252998,5337.08,5,17.14,904.071,3906.63,48.9405,1,2,0.8,0.0,0.0,5,0.0,0,True,1746969357.277941,right,False
4184,1746969371.8646405,175.313,2.03908,-1.54238,0.175643,-0.0220535,5340.2,5,17.162,905.151,3907.71,48.9402,1,2,0.8,0.0,0.0,5,0.0,0,True,1746969357.277941,right,False
4185,1746969371.8854277,175.37,2.0143,-1.38142,0.177934,-0.0188179,5341.57,5,17.184,906.232,3908.79,48.94,1,2,0.8,0.0,0.0,5,0.0,0,True,1746969357.277941,right,False
4186,1746969371.908161,175.427,1.98955,-1.22226,0.179958,-0.0155954,5343.48,5,17.206,907.313,3909.87,48.9397,1,2,0.8,0.0,0.0,5,0.0,0,True,1746969357.277941,right,False
4187,1746969371.930699,175.484,1.96512,-1.06587,0.181767,-0.0123804,5345.47,5,17.228,908.395,3910.96,48.9394,1,2,0.8,0.0,0.0,5,0.0,0,True,1746969357.277941,right,False
4188,1746969371.9517598,175.539,1.94292,-0.919137,0.183343,-0.0091691,5347.26,5,17.25,909.477,3912.04,48.9392,1,2,0.8,0.0,0.0,5,0.0,0,True,1746969357.277941,right,False
4189,1746969371.9748821,175.594,1.92112,-0.766086,0.184656,-0.00596333,5349.27,5,17.272,910.56,3913.12,48.9389,1,2,0.8,0.0,0.0,5,0.0,0,True,1746969357.277941,right,False
4190,1746969371.9959242,175.648,1.89973,-0.613802,0.185742,-0.00276065,5351.35,5,17.294,911.643,3914.2,48.9387,1,2,0.8,0.0,0.0,5,0.0,0,True,1746969357.277941,right,False
4191,1746969372.0202103,175.702,1.88002,-0.468388,0.186605,0.000439882,5352.48,5,17.316,912.727,3915.29,48.9384,1,2,0.8,0.0,0.0,5,0.0,0,True,1746969357.277941,right,False
4192,1746969372.0397084,175.755,1.86145,-0.317452,0.187205,0.00363922,5353.96,5,17.338,913.811,3916.37,48.9382,1,2,0.8,0.0,0.0,5,0.0,0,True,1746969357.277941,right,False
4193,1746969372.062976,175.807,1.84416,-0.168357,0.187596,0.00683856,5355.71,5,17.36,914.895,3917.46,48.9379,1,2,0.8,0.0,0.0,5,0.0,0,True,1746969357.277941,right,False
4194,1746969372.0833745,175.859,1.82749,-0.017015,0.187752,0.0100367,5357.38,5,17.382,915.98,3918.54,48.9377,1,2,0.8,0.0,0.0,5,0.0,0,True,1746969357.277941,right,False
4195,1746969372.106243,175.91,1.812,0.134138,0.187636,0.013236,5358.44,5,17.404,917.065,3919.63,48.9374,1,2,0.8,0.0,0.0,5,0.0,0,True,1746969357.277941,right,False
4196,1746969372.12918,175.96,1.79751,0.29202,0.187313,0.0164392,5360.13,5,17.426,918.15,3920.71,48.9372,1,2,0.8,0.0,0.0,5,0.0,0,True,1746969357.277941,right,False
4197,1746969372.1510866,176.01,1.78507,0.447529,0.186747,0.0196459,5361.31,5,17.448,919.236,3921.8,48.9369,1,2,0.8,0.0,0.0,5,0.0,0,True,1746969357.277941,right,False
4198,1746969372.1730623,176.059,1.77415,0.604923,0.185923,0.0228572,5362.39,5,17.47,920.322,3922.88,48.9367,1,2,0.8,0.0,0.0,5,0.0,0,True,1746969357.277941,right,False
4199,1746969372.1952417,176.108,1.76465,0.761159,0.184902,0.0260751,5363.73,5,17.492,921.408,3923.97,48.9364,1,2,0.8,0.0,0.0,5,0.0,0,True,1746969357.277941,right,False
4200,1746969372.2167068,176.155,1.75817,0.912664,0.183628,0.0293014,5364.9,5,17.514,922.495,3925.06,48.9362,1,2,0.8,0.0,0.0,5,0.0,0,True,1746969357.277941,right,False
4201,1746969372.2389727,176.202,1.75216,1.06885,0.182102,0.0325325,5366.67,5,17.536,923.581,3926.14,48.9359,1,2,0.8,0.0,0.0,5,0.0,0,True,1746969357.277941,right,False
4202,1746969372.2603552,176.248,1.74833,1.22359,0.180377,0.0357704,5368.25,5,17.558,924.668,3927.23,48.9357,1,2,0.8,0.0,0.0,5,0.0,0,True,1746969357.277941,right,False
4203,1746969372.2818851,176.293,1.74512,1.37738,0.178394,0.0390112,5369.72,5,17.58,925.754,3928.32,48.9354,1,2,0.8,0.0,0.0,5,0.0,0,True,1746969357.277941,right,False
4204,1746969372.3033583,176.338,1.74217,1.53181,0.176168,0.0422549,5370.9,5,17.602,926.841,3929.4,48.9352,1,2,0.8,0.0,0.0,5,0.0,0,True,1746969357.277941,right,False
4205,1746969372.3269677,176.382,1.74083,1.67954,0.173741,0.0454993,5372.99,5,17.624,927.928,3930.49,48.9349,1,2,0.8,0.0,0.0,5,0.0,0,True,1746969357.277941,right,False
4206,1746969372.3495123,176.425,1.73936,1.82992,0.171059,0.0487442,5374.24,5,17.646,929.015,3931.58,48.9347,1,2,0.8,0.0,0.0,5,0.0,0,True,1746969357.277941,right,False
4207,1746969372.369518,176.468,1.73767,1.983,0.16815,0.0519886,5375.83,5,17.668,930.101,3932.66,48.9344,1,2,0.8,0.0,0.0,5,0.0,0,True,1746969357.277941,right,False
4208,1746969372.3948293,176.51,1.73597,2.13652,0.165017,0.0552328,5376.67,5,17.69,931.188,3933.75,48.9342,1,2,0.8,0.0,0.0,5,0.0,0,True,1746969357.277941,right,False
4209,1746969372.4149973,176.552,1.73362,2.2898,0.161623,0.058471,5377.93,5,17.712,932.274,3934.84,48.9339,1,2,0.8,0.0,0.1,5,0.0,0,True,1746969357.277941,right,False
4210,1746969372.4377284,176.592,1.73113,2.44429,0.158006,0.061708,5379.71,5,17.734,933.361,3935.92,48.9337,1,2,0.8,0.0,0.1,5,0.0,0,True,1746969357.277941,right,False
4211,1746969372.4582517,176.632,1.72886,2.5978,0.154161,0.0649433,5380.78,5,17.756,934.447,3937.01,48.9334,1,2,0.8,0.0,0.1,5,0.0,0,True,1746969357.277941,right,False
4212,1746969372.480732,176.657,1.90205,2.74434,0.150126,0.0671849,5383.53,5,17.778,935.533,3938.09,48.9332,1,2,0.8,0.0,0.1,5,0.0,0,True,1746969357.277941,right,False
4213,1746969372.503122,176.681,1.71132,2.86966,0.146027,0.0668492,5387.67,5,17.8,936.619,3939.18,48.9329,1,2,0.8,0.0,0.1,5,0.0,0,True,1746969357.277941,right,False
4214,1746969372.5255747,176.707,1.13787,2.97539,0.141864,0.0642688,5392.44,5,17.822,937.705,3940.27,48.9327,1,2,0.8,0.0,0.1,5,0.0,0,True,1746969357.277941,right,False
4215,1746969372.545419,176.73,0.275057,3.05127,0.137644,0.0598323,5398.14,5,17.844,938.791,3941.35,48.9324,1,2,0.8,0.0,0.1,5,0.0,0,True,1746969357.277941,right,False
4216,1746969372.5697794,176.746,-0.796968,3.09636,0.133396,0.0539324,5404.7,5,17.866,939.877,3942.44,48.9321,1,2,0.8,0.0,0.1,5,0.0,0,True,1746969357.277941,right,False
4217,1746969372.5894427,176.749,-2.0039,3.12273,0.129138,0.0469253,5411.52,5,17.888,940.962,3943.52,48.9319,1,2,0.8,0.0,0.1,5,0.0,0,True,1746969357.277941,right,False
4218,1746969372.612759,176.737,-3.29472,3.12324,0.124904,0.0391433,5421.75,5,17.91,942.047,3944.61,48.9316,1,2,0.8,0.0,0.1,5,0.0,0,True,1746969357.277941,right,False
4219,1746969372.6358504,176.708,-4.61414,3.10114,0.120703,0.0308583,5431.56,5,17.932,943.132,3945.69,48.9314,1,2,0.8,0.0,0.1,5,0.0,0,True,1746969357.277941,right,False
4220,1746969372.6562262,176.661,-5.94151,3.05137,0.116579,0.0222852,5445.64,5,17.954,944.217,3946.78,48.9311,1,2,0.8,0.0,0.1,5,0.0,0,True,1746969357.277941,right,False
4221,1746969372.6791804,176.597,-7.24852,2.9829,0.112531,0.0136003,5459.72,5,17.976,945.302,3947.86,48.9309,1,2,0.8,0.0,0.1,5,0.0,0,True,1746969357.277941,right,False
4222,1746969372.6991343,176.516,-8.52375,2.89563,0.108592,0.00490379,5476.93,5,17.998,946.386,3948.95,48.9306,1,2,0.8,0.0,0.1,5,0.0,0,True,1746969357.277941,right,False
4223,1746969372.7227628,176.424,-9.75616,2.78939,0.104757,-0.00374365,5492.17,5,18.02,947.47,3950.03,48.9304,1,2,0.8,0.0,0.1,5,0.0,0,True,1746969357.277941,right,False
4224,1746969372.7437522,176.318,-10.9467,2.68158,0.101054,-0.0123196,5506.27,5,18.042,948.554,3951.12,48.9301,1,2,0.8,0.0,0.1,5,0.0,0,True,1746969357.277941,right,False
4225,1746969372.765283,176.203,-12.0972,2.55861,0.0974874,-0.0208173,5519.22,5,18.064,949.638,3952.2,48.9299,1,2,0.8,0.0,0.1,5,0.0,0,True,1746969357.277941,right,False
4226,1746969372.789161,176.079,-13.2125,2.43065,0.0940715,-0.0292513,5526.79,5,18.086,950.721,3953.28,48.9296,1,2,0.8,0.0,0.1,5,0.0,0,True,1746969357.277941,right,False
4227,1746969372.809974,175.945,-14.2926,2.30227,0.0908081,-0.0376482,5532.43,5,18.108,951.804,3954.37,48.9294,1,2,0.8,0.0,0.1,5,0.0,0,True,1746969357.277941,right,False
4228,1746969372.831751,175.802,-15.3516,2.16573,0.0877136,-0.0460222,5537.03,5,18.13,952.886,3955.45,48.9291,1,2,0.8,0.0,0.1,5,0.0,0,True,1746969357.277941,right,False
4229,1746969372.8558238,175.646,-16.3895,2.02792,0.0847941,-0.0543866,5542.97,5,18.152,953.968,3956.53,48.9289,1,2,0.8,0.0,0.0,5,0.0,0,True,1746969357.277941,left,False
4230,1746969372.8771064,175.484,-17.3905,1.89907,0.0820516,-0.0627081,5543.21,5,18.174,955.05,3957.61,48.9286,1,2,0.8,0.0,0.0,5,0.0,0,True,1746969357.277941,left,False
4231,1746969372.897762,175.31,-18.3789,1.75299,0.0795003,-0.0709836,5548.16,5,18.196,956.131,3958.69,48.9284,1,2,0.8,0.0,0.0,5,0.0,0,True,1746969357.277941,left,False
4232,1746969372.921434,175.123,-19.3329,1.61371,0.0771383,-0.0791528,5559.37,5,18.218,957.211,3959.77,48.9281,1,2,0.8,0.0,0.0,5,0.0,0,True,1746969357.277941,left,False
4233,1746969372.9440198,174.958,-20.299,1.47143,0.0749593,-0.0869908,5567.67,5,18.24,958.291,3960.85,48.9279,1,2,0.8,0.0,0.0,5,0.0,0,True,1746969357.277941,left,False
4234,1746969372.9653437,174.819,-21.1404,1.32833,0.0729431,-0.0941033,5557.08,5,18.262,959.371,3961.93,48.9276,1,2,0.8,0.0,0.0,5,0.0,0,True,1746969357.277941,left,False
4235,1746969372.9868677,174.685,-21.8363,1.19256,0.0711019,-0.100536,5551.55,5,18.284,960.451,3963.01,48.9274,1,2,0.8,0.0,0.0,5,0.0,0,True,1746969357.277941,left,False
4236,1746969373.0074754,174.562,-22.4038,1.06483,0.0694417,-0.106337,5542.44,5,18.306,961.53,3964.09,48.9271,1,2,0.8,0.0,0.0,5,0.0,0,True,1746969357.277941,left,False
4237,1746969373.031201,174.447,-22.8488,0.935081,0.0679708,-0.11151,5535.2,5,18.328,962.609,3965.17,48.9269,1,2,0.8,0.0,0.0,5,0.0,0,True,1746969357.277941,left,False
4238,1746969373.0530002,174.342,-23.1793,0.802823,0.0666911,-0.116082,5531.62,5,18.35,963.687,3966.25,48.9266,1,2,0.8,0.0,0.0,5,0.0,0,True,1746969357.277941,left,False
4239,1746969373.0734098,174.248,-23.4074,0.673566,0.0656026,-0.12011,5527.81,5,18.372,964.765,3967.33,48.9264,1,2,0.8,0.0,0.0,5,0.0,0,True,1746969357.277941,left,False
4240,1746969373.0956542,174.162,-23.5358,0.543299,0.0647095,-0.123578,5527.87,5,18.394,965.843,3968.4,48.9261,1,2,0.8,0.0,0.0,5,0.0,0,True,1746969357.277941,left,False
4241,1746969373.1177237,174.088,-23.568,0.411029,0.0640177,-0.126484,5532.08,5,18.416,966.92,3969.48,48.9259,1,2,0.8,0.0,0.0,5,0.0,0,True,1746969357.277941,left,False
4242,1746969373.139637,174.027,-23.4957,0.282615,0.0635173,-0.128819,5535.81,5,18.438,967.997,3970.56,48.9256,1,2,0.8,0.0,0.0,5,0.0,0,True,1746969357.277941,left,False
4243,1746969373.1611857,173.983,-23.3265,0.153287,0.0632141,-0.130579,5535.54,5,18.46,969.073,3971.63,48.9254,1,2,0.8,0.0,0.0,5,0.0,0,True,1746969357.277941,left,False
4244,1746969373.186258,173.951,-23.061,0.021021,0.0631083,-0.131768,5540.16,5,18.482,970.149,3972.71,48.9251,1,2,0.8,0.0,0.0,5,0.0,0,True,1746969357.277941,left,False
4245,1746969373.2067611,173.932,-22.7133,-0.11496,0.0631877,-0.132397,5546.01,5,18.504,971.225,3973.79,48.9248,1,2,0.8,0.0,0.0,5,0.0,0,True,1746969357.277941,left,False
4246,1746969373.2301698,173.927,-22.263,-0.24542,0.0634603,-0.132462,5551.62,5,18.526,972.3,3974.86,48.9246,1,2,0.8,0.0,0.0,5,0.0,0,True,1746969357.277941,left,False
4247,1746969373.2514114,173.941,-21.7123,-0.372431,0.0639242,-0.131927,5552.48,5,18.548,973.374,3975.94,48.9243,1,2,0.8,0.0,0.0,5,0.0,0,True,1746969357.277941,left,False
4248,1746969373.2732308,173.973,-21.0703,-0.493731,0.0645732,-0.130824,5545.7,5,18.57,974.449,3977.01,48.9241,1,2,0.8,0.0,0.0,5,0.0,0,True,1746969357.277941,left,False
4249,1746969373.2956355,174.014,-20.3512,-0.62635,0.0654032,-0.12916,5547.68,5,18.592,975.523,3978.08,48.9238,1,2,0.8,0.0,0.0,5,0.0,0,True,1746969357.277941,left,False
4250,1746969373.3154237,174.074,-19.5355,-0.741627,0.0664124,-0.126949,5536.49,5,18.614,976.597,3979.16,48.9236,1,2,0.8,0.0,0.0,5,0.0,0,True,1746969357.277941,left,False
4251,1746969373.3394802,174.143,-18.6497,-0.863461,0.0675944,-0.124213,5528.67,5,18.636,977.671,3980.23,48.9233,1,2,0.8,0.0,0.0,5,0.0,0,True,1746969357.277941,left,False
4252,1746969373.3620737,174.227,-17.6838,-0.97924,0.0689453,-0.120955,5516.05,5,18.658,978.745,3981.31,48.9231,1,2,0.8,0.0,0.0,5,0.0,0,True,1746969357.277941,left,False
4253,1746969373.3816617,174.317,-16.652,-1.09207,0.070457,-0.117193,5504.94,5,18.68,979.818,3982.38,48.9228,1,2,0.8,0.0,0.0,5,0.0,0,True,1746969357.277941,left,False
4254,1746969373.4041657,174.417,-15.5596,-1.20526,0.0721191,-0.113358,5489.06,5,18.702,980.891,3983.45,48.9226,1,2,0.8,0.0,0.0,5,0.0,0,True,1746969357.277941,left,False
4255,1746969373.424795,174.514,-14.4214,-1.32323,0.0740153,-0.110721,5484.87,5,18.724,981.963,3984.52,48.9223,1,2,0.8,0.0,0.0,5,0.0,0,True,1746969357.277941,left,False
4256,1746969373.4491227,174.62,-13.2423,-1.44992,0.0761922,-0.107619,5474.66,5,18.746,983.034,3985.6,48.9221,1,2,0.8,0.0,0.0,5,0.0,0,True,1746969357.277941,left,False
4257,1746969373.4703379,174.725,-12.0372,-1.59178,0.0786173,-0.104082,5469.85,5,18.768,984.105,3986.67,48.9218,1,2,0.8,0.0,0.0,5,0.0,0,True,1746969357.277941,left,False
4258,1746969373.4925828,174.835,-10.8132,-1.74109,0.0812825,-0.100172,5461.23,5,18.79,985.177,3987.74,48.9216,1,2,0.8,0.0,0.0,5,0.0,0,True,1746969357.277941,left,False
4259,1746969373.5130866,174.946,-9.59151,-1.89476,0.0841512,-0.0959699,5447.89,5,18.812,986.248,3988.81,48.9213,1,2,0.8,0.0,0.0,5,0.0,0,True,1746969357.277941,left,False
4260,1746969373.5373807,175.057,-8.37543,-2.04149,0.0872152,-0.0915582,5434.3,5,18.834,987.32,3989.88,48.9211,1,2,0.8,0.0,0.0,5,0.0,0,True,1746969357.277941,left,False
4261,1746969373.5600963,175.168,-7.18909,-2.18407,0.09045,-0.0870235,5415.38,5,18.856,988.392,3990.95,48.9208,1,2,0.8,0.0,0.0,5,0.0,0,True,1746969357.277941,left,False
4262,1746969373.5813515,175.271,-6.04715,-2.31954,0.0938395,-0.0824487,5401.07,5,18.878,989.464,3992.03,48.9206,1,2,0.8,0.0,0.0,5,0.0,0,True,1746969357.277941,left,False
4263,1746969373.6015706,175.367,-4.96456,-2.44216,0.0973592,-0.077903,5391.33,5,18.9,990.537,3993.1,48.9203,1,2,0.8,0.0,0.0,5,0.0,0,True,1746969357.277941,left,False
4264,1746969373.6253645,175.455,-3.95072,-2.55105,0.100981,-0.0734439,5383.71,5,18.922,991.61,3994.17,48.9201,1,2,0.8,0.0,0.0,5,0.0,0,True,1746969357.277941,left,False
4265,1746969373.6464624,175.539,-3.01335,-2.6437,0.104696,-0.069119,5378.96,5,18.944,992.684,3995.25,48.9198,1,2,0.8,0.0,0.0,5,0.0,0,True,1746969357.277941,left,False
4266,1746969373.6683538,175.617,-2.15945,-2.71639,0.108455,-0.0649667,5374.48,5,18.966,993.758,3996.32,48.9196,1,2,0.8,0.0,0.0,5,0.0,0,True,1746969357.277941,left,False
4267,1746969373.6912017,175.689,-1.39094,-2.76988,0.11226,-0.0610101,5372.97,5,18.988,994.832,3997.39,48.9193,1,2,0.8,0.0,0.0,5,0.0,0,True,1746969357.277941,left,False
4268,1746969373.7139084,175.759,-0.706929,-2.80627,0.116085,-0.0572665,5371.32,5,19.01,995.907,3998.47,48.9191,1,2,0.8,0.0,0.0,5,0.0,0,True,1746969357.277941,left,False
4269,1746969373.7333336,175.826,-0.106269,-2.81818,0.119918,-0.0537419,5371.36,5,19.032,996.982,3999.54,48.9188,1,2,0.8,0.0,0.0,5,0.0,0,True,1746969357.277941,left,False
4270,1746969373.757556,175.89,0.415329,-2.81545,0.12373,-0.0504398,5371.57,5,19.054,998.058,4000.62,48.9186,1,2,0.8,0.0,0.0,5,0.0,0,True,1746969357.277941,left,False
4271,1746969373.7791471,175.953,0.861689,-2.7829,0.127502,-0.0473588,5370.23,5,19.076,999.135,4001.7,48.9183,1,2,0.8,0.0,0.0,5,0.0,0,True,1746969357.277941,left,False
4272,1746969373.800147,176.014,1.23828,-2.75247,0.131234,-0.0444951,5372.23,5,19.098,1000.21,4002.77,48.918,1,2,0.8,0.0,0.0,5,0.0,0,True,1746969357.277941,left,False
4273,1746969373.8236988,176.075,1.55016,-2.69563,0.134912,-0.041842,5372.23,5,19.12,1001.29,4003.85,48.9178,1,2,0.8,0.0,0.0,5,0.0,0,True,1746969357.277941,left,False
4274,1746969373.8455772,176.134,1.8039,-2.62759,0.138517,-0.0393898,5373.15,5,19.142,1002.37,4004.93,48.9175,1,2,0.8,0.0,0.0,5,0.0,0,True,1746969357.277941,left,False
4275,1746969373.869203,176.194,2.00563,-2.552,0.142021,-0.0371249,5374.42,5,19.164,1003.45,4006.01,48.9173,1,2,0.8,0.0,0.0,5,0.0,0,True,1746969357.277941,left,False
4276,1746969373.8891244,176.252,2.16114,-2.46543,0.145467,-0.0350358,5376.15,5,19.186,1004.52,4007.09,48.917,1,2,0.8,0.0,0.0,5,0.0,0,True,1746969357.277941,left,False
4277,1746969373.9104502,176.31,2.27704,-2.37698,0.148812,-0.0331087,5377.85,5,19.208,1005.6,4008.17,48.9168,1,2,0.8,0.0,0.0,5,0.0,0,True,1746969357.277941,left,False
4278,1746969373.9333725,176.369,2.35663,-2.27356,0.152047,-0.0313318,5378.77,5,19.23,1006.68,4009.25,48.9165,1,2,0.8,0.0,0.0,5,0.0,0,True,1746969357.277941,left,False
4279,1746969373.9554417,176.427,2.40819,-2.17674,0.155216,-0.0296855,5380.72,5,19.252,1007.77,4010.33,48.9163,1,2,0.8,0.0,0.0,5,0.0,0,True,1746969357.277941,left,False
4280,1746969373.9783876,176.485,2.43659,-2.07863,0.158293,-0.0281537,5381.91,5,19.274,1008.85,4011.41,48.916,1,2,0.8,0.0,0.0,5,0.0,0,True,1746969357.277941,left,False
4281,1746969373.9987738,176.542,2.44606,-1.99149,0.161267,-0.026721,5383.61,5,19.296,1009.93,4012.49,48.9158,1,2,0.8,0.0,0.0,5,0.0,0,True,1746969357.277941,left,False
4282,1746969374.020725,176.6,2.44064,-1.89627,0.164124,-0.0253732,5385.75,5,19.318,1011.01,4013.57,48.9155,1,2,0.8,0.0,0.0,5,0.0,0,True,1746969357.277941,left,False
4283,1746969374.0411913,176.657,2.42356,-1.80757,0.166895,-0.0240946,5387.2,5,19.34,1012.09,4014.65,48.9153,1,2,0.8,0.0,0.0,5,0.0,0,True,1746969357.277941,left,False
4284,1746969374.0643997,176.715,2.39874,-1.72474,0.169564,-0.0228715,5389.42,5,19.362,1013.17,4015.74,48.915,1,2,0.8,0.0,0.0,5,0.0,0,True,1746969357.277941,left,False
4285,1746969374.0872347,176.771,2.36755,-1.64126,0.172123,-0.0216994,5391.52,5,19.384,1014.26,4016.82,48.9148,1,2,0.8,0.0,0.0,5,0.0,0,True,1746969357.277941,left,False
4286,1746969374.1083586,176.829,2.33197,-1.5573,0.174593,-0.0205648,5392.58,5,19.406,1015.34,4017.9,48.9145,1,2,0.8,0.0,0.0,5,0.0,0,True,1746969357.277941,left,False
4287,1746969374.1311386,176.885,2.29609,-1.48721,0.176994,-0.0194581,5395.04,5,19.428,1016.43,4018.99,48.9143,1,2,0.8,0.0,0.0,5,0.0,0,True,1746969357.277941,left,False
4288,1746969374.1525156,176.941,2.25929,-1.42213,0.179293,-0.0183742,5396.87,5,19.45,1017.51,4020.07,48.914,1,2,0.8,0.0,0.0,5,0.0,0,True,1746969357.277941,left,False
4289,1746969374.1738043,176.998,2.22254,-1.35858,0.181474,-0.0173078,5398.61,5,19.472,1018.6,4021.16,48.9138,1,2,0.8,0.0,0.0,5,0.0,0,True,1746969357.277941,left,False
4290,1746969374.195189,177.053,2.18771,-1.30749,0.183606,-0.0162523,5401.78,5,19.494,1019.68,4022.24,48.9135,1,2,0.8,0.0,0.0,5,0.0,0,True,1746969357.277941,left,False
4291,1746969374.2184067,177.109,2.15294,-1.24298,0.185628,-0.0152087,5402.3,5,19.516,1020.77,4023.33,48.9133,1,2,0.8,0.0,0.0,5,0.0,0,True,1746969357.277941,left,False
4292,1746969374.2405636,177.165,2.11928,-1.18973,0.187557,-0.0141718,5404.1,5,19.538,1021.85,4024.42,48.913,1,2,0.8,0.0,0.0,5,0.0,0,True,1746969357.277941,left,False
4293,1746969374.263874,177.22,2.08827,-1.14005,0.189392,-0.0131404,5406.35,5,19.56,1022.94,4025.5,48.9128,1,2,0.8,0.0,0.0,5,0.0,0,True,1746969357.277941,left,False
4294,1746969374.2861419,177.275,2.05836,-1.09198,0.19115,-0.0121121,5408,5,19.582,1024.03,4026.59,48.9125,1,2,0.8,0.0,0.0,5,0.0,0,True,1746969357.277941,left,False
4295,1746969374.309496,177.33,2.03034,-1.0379,0.192814,-0.0110846,5409.92,5,19.604,1025.12,4027.68,48.9123,1,2,0.8,0.0,0.0,5,0.0,0,True,1746969357.277941,left,False
4296,1746969374.330009,177.384,2.00346,-0.981495,0.194385,-0.0100598,5411.45,5,19.626,1026.2,4028.77,48.912,1,2,0.8,0.0,0.0,5,0.0,0,True,1746969357.277941,left,False
4297,1746969374.3495238,177.438,1.97982,-0.937719,0.19587,-0.00903368,5413.75,5,19.648,1027.29,4029.85,48.9118,1,2,0.8,0.0,0.0,5,0.0,0,True,1746969357.277941,left,False
4298,1746969374.3728235,177.492,1.95762,-0.886768,0.197302,-0.00800633,5415.29,5,19.67,1028.38,4030.94,48.9115,1,2,0.8,0.0,0.0,5,0.0,0,True,1746969357.277941,left,False
4299,1746969374.3958523,177.547,1.93669,-0.83179,0.198645,-0.00697732,5415.49,5,19.692,1029.47,4032.03,48.9113,1,2,0.8,0.0,0.0,5,0.0,0,True,1746969357.277941,left,False
4300,1746969374.4177642,177.6,1.91861,-0.78359,0.199894,-0.00594401,5418.12,5,19.714,1030.56,4033.12,48.911,1,2,0.8,0.0,0.0,5,0.0,0,True,1746969357.277941,left,False
4301,1746969374.4411962,177.654,1.90157,-0.73266,0.201058,-0.00490928,5419.52,5,19.736,1031.65,4034.21,48.9107,1,2,0.8,0.0,0.0,5,0.0,0,True,1746969357.277941,left,False
4302,1746969374.4602304,177.707,1.88592,-0.68274,0.202136,-0.00387287,5420.86,5,19.758,1032.74,4035.3,48.9105,1,2,0.8,0.0,0.0,5,0.0,0,True,1746969357.277941,left,False
4303,1746969374.4813116,177.759,1.87224,-0.637205,0.203149,-0.00283504,5423.4,5,19.78,1033.83,4036.39,48.9102,1,2,0.8,0.0,0.0,5,0.0,0,True,1746969357.277941,left,False
4304,1746969374.503246,177.813,1.85908,-0.579509,0.204081,-0.00179315,5423.61,5,19.802,1034.92,4037.48,48.91,1,2,0.8,0.0,0.0,5,0.0,0,True,1746969357.277941,left,False
4305,1746969374.5277388,177.864,1.84832,-0.530755,0.204928,-0.000746727,5425.79,5,19.824,1036.01,4038.57,48.9097,1,2,0.8,0.0,0.0,5,0.0,0,True,1746969357.277941,left,False
4306,1746969374.547719,177.916,1.83798,-0.480636,0.205684,0.000299931,5427.69,5,19.846,1037.1,4039.67,48.9095,1,2,0.8,0.0,0.0,5,0.0,0,True,1746969357.277941,left,False
4307,1746969374.5696597,177.969,1.82878,-0.427469,0.206376,0.0013504,5428.85,5,19.868,1038.2,4040.76,48.9092,1,2,0.8,0.0,0.0,5,0.0,0,True,1746969357.277941,left,False
4308,1746969374.5949779,178.02,1.82055,-0.374662,0.206986,0.00240183,5430.64,5,19.89,1039.29,4041.85,48.909,1,2,0.8,0.0,0.0,5,0.0,0,True,1746969357.277941,left,False
4309,1746969374.6138744,178.072,1.81304,-0.323641,0.207511,0.00345564,5431.64,5,19.912,1040.38,4042.94,48.9087,1,2,0.8,0.0,0.0,5,0.0,0,True,1746969357.277941,left,False
4310,1746969374.6394057,178.122,1.80713,-0.27142,0.207951,0.00451374,5433.64,5,19.934,1041.47,4044.04,48.9085,1,2,0.8,0.0,0.0,5,0.0,0,True,1746969357.277941,left,False
4311,1746969374.65861,178.173,1.8016,-0.22004,0.208325,0.00557351,5435.17,5,19.956,1042.57,4045.13,48.9082,1,2,0.8,0.0,0.0,5,0.0,0,True,1746969357.277941,left,False
4312,1746969374.6800885,178.224,1.79752,-0.167469,0.208618,0.00664043,5436.61,5,19.978,1043.66,4046.22,48.908,1,2,0.8,0.0,0.0,5,0.0,0,True,1746969357.277941,left,False
4313,1746969374.7030516,178.274,1.79402,-0.116628,0.208822,0.00770807,5438.11,5,20,1044.76,4047.32,48.9077,1,2,0.8,0.0,0.0,5,0.0,0,True,1746969357.277941,left,False
4314,1746969374.7234337,178.324,1.79036,-0.0604594,0.208952,0.00877666,5439.71,5,20.022,1045.85,4048.41,48.9075,1,2,0.8,0.0,0.0,5,0.0,0,True,1746969357.277941,left,False
4315,1746969374.7453296,178.374,1.78735,-0.00511071,0.209009,0.00984693,5440.94,5,20.044,1046.95,4049.51,48.9072,1,2,0.8,0.0,0.0,5,0.0,0,True,1746969357.277941,left,False
4316,1746969374.7709615,178.424,1.78541,0.0454157,0.208972,0.0109205,5441.73,5,20.066,1048.04,4050.6,48.907,1,2,0.8,0.0,0.0,5,0.0,0,True,1746969357.277941,left,False
4317,1746969374.7936006,178.472,1.78474,0.096439,0.208862,0.012001,5444.44,5,20.088,1049.14,4051.7,48.9067,1,2,0.8,0.0,0.0,5,0.0,0,True,1746969357.277941,left,False
4318,1746969374.8124232,178.522,1.78328,0.149948,0.208687,0.0130782,5445.62,5,20.11,1050.23,4052.79,48.9065,1,2,0.8,0.0,0.0,5,0.0,0,True,1746969357.277941,left,False
4319,1746969374.8364966,178.571,1.7829,0.202185,0.208423,0.0141609,5446.77,5,20.132,1051.33,4053.89,48.9062,1,2,0.8,0.0,0.0,5,0.0,0,True,1746969357.277941,left,False
4320,1746969374.85706,178.619,1.78375,0.25236,0.208065,0.0152497,5448.06,5,20.154,1052.42,4054.98,48.906,1,2,0.8,0.0,0.0,5,0.0,0,True,1746969357.277941,left,False
4321,1746969374.8825746,178.668,1.78453,0.303833,0.207654,0.0163405,5449.76,5,20.176,1053.52,4056.08,48.9057,1,2,0.8,0.0,0.0,5,0.0,0,True,1746969357.277941,left,False
4322,1746969374.899283,178.715,1.78595,0.356103,0.207153,0.0174356,5452.17,5,20.198,1054.62,4057.18,48.9055,1,2,0.8,0.0,0.0,5,0.0,0,True,1746969357.277941,left,False
4323,1746969374.9216926,178.764,1.78666,0.417531,0.206563,0.0185316,5451.68,5,20.22,1055.71,4058.28,48.9052,1,2,0.8,0.0,0.0,5,0.0,0,True,1746969357.277941,left,False
4324,1746969374.9442542,178.811,1.78862,0.465499,0.2059,0.0196295,5454.1,5,20.242,1056.81,4059.37,48.905,1,2,0.8,0.0,0.0,5,0.0,0,True,1746969357.277941,left,False
4325,1746969374.9648457,178.858,1.79064,0.517421,0.205164,0.0207286,5455.64,5,20.264,1057.91,4060.47,48.9047,1,2,0.8,0.0,0.0,5,0.0,0,True,1746969357.277941,left,False
4326,1746969374.9880772,178.905,1.79279,0.567325,0.204338,0.0218294,5457.37,5,20.286,1059.01,4061.57,48.9045,1,2,0.8,0.0,0.0,5,0.0,0,True,1746969357.277941,left,False
4327,1746969375.0112977,178.951,1.7937,0.623832,0.20343,0.0229282,5458.71,5,20.308,1060.1,4062.67,48.9042,1,2,0.8,0.0,0.0,5,0.0,0,True,1746969357.277941,left,False
4328,1746969375.0305812,178.998,1.79514,0.67384,0.20245,0.0240266,5459.73,5,20.33,1061.2,4063.76,48.9039,1,2,0.8,0.0,0.0,5,0.0,0,True,1746969357.277941,left,False
4329,1746969375.053401,179.044,1.79716,0.720778,0.201388,0.0251284,5462.23,5,20.352,1062.3,4064.86,48.9037,1,2,0.8,0.0,0.0,5,0.0,0,True,1746969357.277941,left,False
4330,1746969375.0766408,179.09,1.79807,0.77746,0.200236,0.0262306,5463.32,5,20.374,1063.4,4065.96,48.9034,1,2,0.8,0.0,0.0,5,0.0,0,True,1746969357.277941,left,False
4331,1746969375.097924,179.136,1.79917,0.831329,0.199023,0.0273309,5464.15,5,20.396,1064.5,4067.06,48.9032,1,2,0.8,0.0,0.0,5,0.0,0,True,1746969357.277941,left,False
4332,1746969375.1207955,179.181,1.79959,0.885623,0.197717,0.02843,5465.57,5,20.418,1065.6,4068.16,48.9029,1,2,0.8,0.0,0.0,5,0.0,0,True,1746969357.277941,left,False
4333,1746969375.1408436,179.226,1.80033,0.937673,0.19633,0.0295289,5467.58,5,20.44,1066.7,4069.26,48.9027,1,2,0.8,0.0,0.0,5,0.0,0,True,1746969357.277941,left,False
4334,1746969375.1643314,179.272,1.79979,0.993425,0.194873,0.0306242,5467.53,5,20.462,1067.8,4070.36,48.9024,1,2,0.8,0.0,0.0,5,0.0,0,True,1746969357.277941,left,False
4335,1746969375.1884923,179.316,1.79978,1.04359,0.193323,0.0317178,5470.48,5,20.484,1068.9,4071.46,48.9022,1,2,0.8,0.0,0.0,5,0.0,0,True,1746969357.277941,left,False
4336,1746969375.2085764,179.36,1.7994,1.09696,0.191691,0.0328121,5471.74,5,20.506,1070,4072.56,48.9019,1,2,0.8,0.0,0.0,5,0.0,0,True,1746969357.277941,left,False
4337,1746969375.2305079,179.405,1.80011,1.14132,0.189994,0.0339069,5472.24,5,20.528,1071.1,4073.66,48.9017,1,2,0.8,0.0,0.0,5,0.0,0,True,1746969357.277941,left,False
4338,1746969375.2532823,179.449,1.79981,1.20139,0.188204,0.0350049,5473.27,5,20.55,1072.2,4074.76,48.9014,1,2,0.8,0.0,0.0,5,0.0,0,True,1746969357.277941,left,False
4339,1746969375.2732925,179.493,1.80051,1.25475,0.186328,0.0361047,5474.8,5,20.572,1073.3,4075.86,48.9012,1,2,0.8,0.0,0.0,5,0.0,0,True,1746969357.277941,left,False
4340,1746969375.2963245,179.536,1.79979,1.30819,0.184395,0.0371988,5476.46,5,20.594,1074.4,4076.96,48.9009,1,2,0.8,0.0,0.0,5,0.0,0,True,1746969357.277941,left,False
4341,1746969375.318179,179.58,1.79854,1.36138,0.182361,0.03829,5477.56,5,20.616,1075.5,4078.06,48.9007,1,2,0.8,0.0,0.0,5,0.0,0,True,1746969357.277941,left,False
4342,1746969375.339378,179.622,1.79802,1.41191,0.180241,0.0393827,5479.92,5,20.638,1076.6,4079.16,48.9004,1,2,0.8,0.0,0.0,5,0.0,0,True,1746969357.277941,left,False
4343,1746969375.3631082,179.664,1.79721,1.45769,0.17806,0.0404713,5480.94,5,20.66,1077.7,4080.27,48.9002,1,2,0.8,0.0,0.0,5,0.0,0,True,1746969357.277941,left,False
4344,1746969375.3833842,179.707,1.79656,1.50929,0.175785,0.041564,5482.17,5,20.682,1078.81,4081.37,48.8999,1,2,0.8,0.0,0.0,5,0.0,0,True,1746969357.277941,left,False
4345,1746969375.4051356,179.75,1.79567,1.56582,0.173421,0.0426552,5482.92,5,20.704,1079.91,4082.47,48.8997,1,2,0.8,0.0,0.0,5,0.0,0,True,1746969357.277941,left,False
4346,1746969375.4310231,179.791,1.79449,1.62028,0.170996,0.0437448,5484.27,5,20.726,1081.01,4083.57,48.8994,1,2,0.8,0.0,0.0,5,0.0,0,True,1746969357.277941,left,False
4347,1746969375.4524012,179.833,1.79227,1.6796,0.168477,0.0448313,5485.4,5,20.748,1082.11,4084.67,48.8992,1,2,0.8,0.0,0.0,5,0.0,0,True,1746969357.277941,left,False
4348,1746969375.4744203,179.874,1.7913,1.72289,0.165877,0.0459166,5488.24,5,20.77,1083.21,4085.78,48.8989,1,2,0.8,0.0,0.0,5,0.0,0,True,1746969357.277941,left,False
4349,1746969375.4964104,179.916,1.78908,1.77188,0.163212,0.0469978,5489.28,5,20.792,1084.32,4086.88,48.8987,1,2,0.8,0.0,0.0,5,0.0,0,True,1746969357.277941,left,False
4350,1746969375.517195,179.957,1.78687,1.82875,0.160445,0.0480804,5489.37,5,20.814,1085.42,4087.98,48.8984,1,2,0.8,0.0,0.0,5,0.0,0,True,1746969357.277941,left,False
4351,1746969375.5374398,179.998,1.78543,1.88013,0.157609,0.049165,5491.07,5,20.836,1086.52,4089.08,48.8982,1,2,0.8,0.0,0.0,5,0.0,0,True,1746969357.277941,left,False
4352,1746969375.5589933,180.038,1.78423,1.93135,0.154692,0.0502496,5491.98,5,20.858,1087.62,4090.19,48.8979,1,2,0.8,0.0,0.0,5,0.0,0,True,1746969357.277941,left,False
4353,1746969375.5833278,180.079,1.78245,1.99038,0.151685,0.0513363,5492.41,5,20.88,1088.73,4091.29,48.8977,1,2,0.8,0.0,0.0,5,0.0,0,True,1746969357.277941,left,False
4354,1746969375.6038105,180.119,1.78197,2.04122,0.148612,0.0524278,5494.29,5,20.902,1089.83,4092.39,48.8974,1,2,0.8,0.0,0.0,5,0.0,0,True,1746969357.277941,left,False
4355,1746969375.6280518,180.159,1.78223,2.09724,0.145451,0.0535219,5495.51,5,20.924,1090.93,4093.5,48.8972,1,2,0.8,0.0,0.0,5,0.0,0,True,1746969357.277941,left,False
4356,1746969375.6493409,180.198,1.78215,2.15275,0.1422,0.0546141,5496.68,5,20.946,1092.04,4094.6,48.8969,1,2,0.8,0.0,0.0,5,0.0,0,True,1746969357.277941,left,False
4357,1746969375.6704679,180.237,1.78222,2.20225,0.138883,0.055707,5498.52,5,20.968,1093.14,4095.7,48.8966,1,2,0.8,0.0,0.0,5,0.0,0,True,1746969357.277941,left,False
4358,1746969375.6945016,180.277,1.78202,2.26113,0.135474,0.0568001,5499.03,5,20.99,1094.24,4096.81,48.8964,1,2,0.8,0.0,0.0,5,0.0,0,True,1746969357.277941,left,False
4359,1746969375.7157052,180.315,1.7826,2.30741,0.131991,0.0578966,5500.44,5,21.012,1095.35,4097.91,48.8961,1,2,0.8,0.0,0.0,5,0.0,0,True,1746969357.277941,left,False
4360,1746969375.7353668,180.354,1.78325,2.36771,0.12843,0.0589948,5500.94,5,21.034,1096.45,4099.01,48.8959,1,2,0.8,0.0,0.0,5,0.0,0,True,1746969357.277941,left,False
4361,1746969375.7606208,180.392,1.78364,2.41946,0.12476,0.0600939,5502.45,5,21.056,1097.55,4100.12,48.8956,1,2,0.8,0.0,0.0,5,0.0,0,True,1746969357.277941,left,False
4362,1746969375.7814088,180.43,1.78392,2.47958,0.121049,0.0611894,5503.57,5,21.078,1098.66,4101.22,48.8954,1,2,0.8,0.0,0.0,5,0.0,0,True,1746969357.277941,left,False
4363,1746969375.8038335,180.468,1.78443,2.5367,0.117232,0.0622895,5504.56,5,21.1,1099.76,4102.33,48.8951,1,2,0.8,0.0,0.0,5,0.0,0,True,1746969357.277941,left,False
4364,1746969375.8246624,180.506,1.78512,2.58771,0.11333,0.0633886,5506.61,5,21.122,1100.87,4103.43,48.8949,1,2,0.8,0.0,0.0,5,0.0,0,True,1746969357.277941,left,False
4365,1746969375.8478458,180.543,1.78587,2.64206,0.109367,0.0644867,5507.27,5,21.144,1101.97,4104.53,48.8946,1,2,0.8,0.0,0.0,5,0.0,0,True,1746969357.277941,left,False
4366,1746969375.8675697,180.58,1.78666,2.68997,0.105302,0.0655851,5508.32,5,21.166,1103.08,4105.64,48.8944,1,2,0.8,0.0,0.0,5,0.0,0,True,1746969357.277941,left,False
4367,1746969375.8909411,180.617,1.78757,2.7458,0.101168,0.0666842,5509.99,5,21.188,1104.18,4106.74,48.8941,1,2,0.8,0.0,0.0,5,0.0,0,True,1746969357.277941,left,False
4368,1746969375.9132092,180.653,1.7877,2.79441,0.0969564,0.0677814,5511.13,5,21.21,1105.28,4107.85,48.8939,1,2,0.8,0.0,0.0,5,0.0,0,True,1746969357.277941,left,False
4369,1746969375.9339807,180.69,1.78719,2.84861,0.0926432,0.0688775,5511.91,5,21.232,1106.39,4108.95,48.8936,1,2,0.8,0.0,0.0,5,0.0,0,True,1746969357.277941,left,False
4370,1746969375.9555337,180.726,1.7865,2.90121,0.088269,0.0699699,5512.85,5,21.254,1107.49,4110.06,48.8934,1,2,0.8,0.0,0.0,5,0.0,0,True,1746969357.277941,left,False
4371,1746969375.9781473,180.762,1.78534,2.95949,0.0838013,0.0710616,5513.93,5,21.276,1108.6,4111.16,48.8931,1,2,0.8,0.0,0.0,5,0.0,0,True,1746969357.277941,left,False
4372,1746969376.0015242,180.797,1.78459,3.01167,0.0792603,0.0721512,5515.99,5,21.298,1109.7,4112.27,48.8929,1,2,0.8,0.0,0.0,5,0.0,0,True,1746969357.277941,left,False
4373,1746969376.0225525,180.833,1.7831,3.06821,0.0746297,0.0732405,5515.74,5,21.32,1110.81,4113.37,48.8926,1,2,0.8,0.0,0.0,5,0.0,0,True,1746969357.277941,left,False
4374,1746969376.046326,180.869,1.78149,3.12367,0.0699178,0.0743301,5516.46,5,21.342,1111.91,4114.48,48.8924,1,2,0.8,0.0,0.0,5,0.0,0,True,1746969357.277941,left,False
4375,1746969376.0658793,180.903,1.78111,3.16968,0.0651326,0.0754209,5518.76,5,21.364,1113.02,4115.58,48.8921,1,2,0.8,0.0,0.0,5,0.0,0,True,1746969357.277941,left,False
4376,1746969376.088569,180.938,1.78025,3.22842,0.0602539,0.0765126,5519.46,5,21.386,1114.12,4116.68,48.8919,1,2,0.8,0.0,0.0,5,0.0,0,True,1746969357.277941,left,False
4377,1746969376.1115055,180.972,1.77968,3.2834,0.055306,0.0776055,5520.1,5,21.408,1115.23,4117.79,48.8916,1,2,0.8,0.0,0.0,5,0.0,0,True,1746969357.277941,left,False
4378,1746969376.1330836,181.006,1.77968,3.33471,0.0502686,0.0786998,5521.36,5,21.43,1116.33,4118.89,48.8914,1,2,0.8,0.0,0.0,5,0.0,0,True,1746969357.277941,left,False
4379,1746969376.1558006,181.04,1.77963,3.39157,0.0451457,0.0797954,5522.23,5,21.452,1117.44,4120,48.8911,1,2,0.8,0.0,0.0,5,0.0,0,True,1746969357.277941,left,False
4380,1746969376.1758578,181.074,1.77997,3.44112,0.0399536,0.0808916,5523.81,5,21.474,1118.54,4121.1,48.8909,1,2,0.8,0.0,0.0,5,0.0,0,True,1746969357.277941,left,False
4381,1746969376.197685,181.107,1.78009,3.49893,0.034668,0.0819886,5524.6,5,21.496,1119.64,4122.21,48.8906,1,2,0.8,0.0,0.0,5,0.0,0,True,1746969357.277941,left,False
4382,1746969376.2197332,181.14,1.78025,3.55354,0.0293091,0.0830848,5525.45,5,21.518,1120.75,4123.31,48.8904,1,2,0.8,0.0,0.0,5,0.0,0,True,1746969357.277941,left,False
4383,1746969376.2430978,181.174,1.78053,3.60922,0.0238647,0.0841823,5526.17,5,21.54,1121.85,4124.42,48.8901,1,2,0.8,0.0,0.0,5,0.0,0,True,1746969357.277941,left,False
4384,1746969376.2634773,181.206,1.78086,3.6588,0.018335,0.0852797,5527.58,5,21.562,1122.96,4125.52,48.8899,1,2,0.8,0.0,0.0,5,0.0,0,True,1746969357.277941,left,False
4385,1746969376.2881694,181.239,1.78124,3.71226,0.012736,0.0863776,5528.87,5,21.584,1124.06,4126.63,48.8896,1,2,0.8,0.0,0.0,5,0.0,0,True,1746969357.277941,left,False
4386,1746969376.3082354,181.272,1.78076,3.7702,0.00703532,0.0874753,5528.93,5,21.606,1125.17,4127.73,48.8893,1,2,0.8,0.0,0.0,5,0.0,0,True,1746969357.277941,left,False
4387,1746969376.3311453,181.303,1.78125,3.82579,0.00127767,0.0885732,5529.63,5,21.628,1126.27,4128.84,48.8891,1,2,0.8,0.0,0.0,5,0.0,0,True,1746969357.277941,left,False
4388,1746969376.3555713,181.335,1.78181,3.8774,-0.00458171,0.0896719,5531.73,5,21.65,1127.38,4129.94,48.8888,1,2,0.8,0.0,0.0,5,0.0,0,True,1746969357.277941,left,False
4389,1746969376.375911,181.366,1.78219,3.93111,-0.0105143,0.0907698,5532.22,5,21.672,1128.48,4131.04,48.8886,1,2,0.8,0.0,0.0,5,0.0,0,True,1746969357.277941,left,False
4390,1746969376.3960462,181.397,1.78241,3.98349,-0.0165283,0.0918682,5533.29,5,21.694,1129.59,4132.15,48.8883,1,2,0.8,0.0,0.0,5,0.0,0,True,1746969357.277941,left,False
4391,1746969376.4200926,181.428,1.78272,4.03647,-0.0226318,0.0929675,5534.24,5,21.716,1130.69,4133.25,48.8881,1,2,0.8,0.0,0.0,5,0.0,0,True,1746969357.277941,left,False
4392,1746969376.4397929,181.46,1.78272,4.09101,-0.0288086,0.0940657,5534.89,5,21.738,1131.8,4134.36,48.8878,1,2,0.8,0.0,0.0,5,0.0,0,True,1746969357.277941,left,False
4393,1746969376.4618826,181.491,1.78299,4.14601,-0.0350789,0.0951636,5535.39,5,21.76,1132.9,4135.46,48.8876,1,2,0.8,0.0,0.0,5,0.0,0,True,1746969357.277941,left,False
4394,1746969376.4833052,181.521,1.78295,4.20284,-0.0414144,0.0962608,5536.2,5,21.782,1134,4136.57,48.8873,1,2,0.8,0.0,0.0,5,0.0,0,True,1746969357.277941,left,False
4395,1746969376.5055172,181.55,1.78352,4.25133,-0.0478434,0.0973582,5538.4,5,21.804,1135.11,4137.67,48.8871,1,2,0.8,0.0,0.0,5,0.0,0,True,1746969357.277941,left,False
4396,1746969376.5278144,181.581,1.78293,4.30814,-0.0543498,0.0984554,5538.02,5,21.826,1136.21,4138.78,48.8868,1,2,0.8,0.0,0.0,5,0.0,0,True,1746969357.277941,left,False
4397,1746969376.5505857,181.609,1.78339,4.35838,-0.0609416,0.0995517,5540.36,5,21.848,1137.32,4139.88,48.8866,1,2,0.8,0.0,0.0,5,0.0,0,True,1746969357.277941,left,False
4398,1746969376.5715454,181.64,1.78276,4.41737,-0.0676188,0.100651,5540.1,5,21.87,1138.42,4140.98,48.8863,1,2,0.8,0.0,0.0,5,0.0,0,True,1746969357.277941,left,False
4399,1746969376.593815,181.669,1.78301,4.46989,-0.0743693,0.101747,5540.96,5,21.892,1139.52,4142.09,48.8861,1,2,0.8,0.0,0.0,5,0.0,0,True,1746969357.277941,left,False
4400,1746969376.618779,181.697,1.78307,4.5263,-0.0812174,0.102846,5541.81,5,21.914,1140.63,4143.19,48.8858,1,2,0.8,0.0,0.0,5,0.0,0,True,1746969357.277941,left,False
4401,1746969376.641286,181.725,1.78345,4.57816,-0.0881266,0.103944,5543.52,5,21.936,1141.73,4144.3,48.8856,1,2,0.8,0.0,0.0,5,0.0,0,True,1746969357.277941,left,False
4402,1746969376.6609926,181.754,1.78397,4.62841,-0.0951375,0.105043,5544.68,5,21.958,1142.84,4145.4,48.8853,1,2,0.8,0.0,0.0,5,0.0,0,True,1746969357.277941,left,False
4403,1746969376.684671,181.782,1.78405,4.68227,-0.102214,0.106141,5544.76,5,21.98,1143.94,4146.5,48.8851,1,2,0.8,0.0,0.0,5,0.0,0,True,1746969357.277941,left,False
4404,1746969376.70499,181.81,1.78436,4.73563,-0.109383,0.10724,5545.82,5,22.002,1145.04,4147.61,48.8848,1,2,0.8,0.0,0.0,5,0.0,0,True,1746969357.277941,left,False
4405,1746969376.72768,181.838,1.78417,4.79566,-0.11663,0.108341,5546.33,5,22.024,1146.15,4148.71,48.8846,1,2,0.8,0.0,0.0,5,0.0,0,True,1746969357.277941,right,False
4406,1746969376.7482002,181.865,1.78457,4.84682,-0.123954,0.109439,5547.43,5,22.046,1147.25,4149.81,48.8843,1,2,0.8,0.0,0.0,5,0.0,0,True,1746969357.277941,right,False
4407,1746969376.769989,181.892,1.78494,4.90337,-0.131372,0.11054,5548.55,5,22.068,1148.35,4150.92,48.8841,1,2,0.8,0.0,0.0,5,0.0,0,True,1746969357.277941,right,False
4408,1746969376.796115,181.92,1.7845,4.96405,-0.138859,0.111639,5548.58,5,22.09,1149.46,4152.02,48.8838,1,2,0.8,0.0,0.0,5,0.0,0,True,1746969357.277941,right,False
4409,1746969376.8152246,181.946,1.78669,5.00997,-0.146452,0.112744,5550.5,5,22.112,1150.56,4153.12,48.8836,1,2,0.8,0.0,0.0,5,0.0,0,True,1746969357.277941,right,False
4410,1746969376.835195,181.973,1.78691,5.06827,-0.154097,0.113847,5550.44,5,22.134,1151.66,4154.22,48.8833,1,2,0.8,0.0,0.0,5,0.0,0,True,1746969357.277941,right,False
4411,1746969376.858133,181.999,1.78853,5.12236,-0.161849,0.114955,5551.47,5,22.156,1152.76,4155.33,48.8831,1,2,0.8,0.0,0.0,5,0.0,0,True,1746969357.277941,right,False
4412,1746969376.8831708,182.025,1.78992,5.1774,-0.169657,0.116061,5552.09,5,22.178,1153.87,4156.43,48.8828,1,2,0.8,0.0,0.0,5,0.0,0,True,1746969357.277941,right,False
4413,1746969376.9029565,182.052,1.79179,5.23154,-0.177572,0.117171,5552.36,5,22.2,1154.97,4157.53,48.8825,1,2,0.8,0.0,0.0,5,0.0,0,True,1746969357.277941,right,False
4414,1746969376.923338,182.077,1.79343,5.28775,-0.185555,0.118282,5553.76,5,22.222,1156.07,4158.63,48.8823,1,2,0.8,0.0,0.0,5,0.0,0,True,1746969357.277941,right,False
4415,1746969376.9466634,182.102,1.7963,5.33535,-0.193624,0.119395,5554.94,5,22.244,1157.17,4159.73,48.882,1,2,0.8,0.0,0.0,5,0.0,0,True,1746969357.277941,right,False
4416,1746969376.969413,182.126,1.79845,5.38604,-0.201782,0.120506,5555.92,5,22.266,1158.27,4160.84,48.8818,1,2,0.8,0.0,0.0,5,0.0,0,True,1746969357.277941,right,False
4417,1746969376.9892874,182.152,1.79921,5.44282,-0.210006,0.121615,5556.1,5,22.288,1159.38,4161.94,48.8815,1,2,0.8,0.0,0.0,5,0.0,0,True,1746969357.277941,right,False
4418,1746969377.0113115,182.177,1.80076,5.50015,-0.218339,0.122725,5556.3,5,22.31,1160.48,4163.04,48.8813,1,2,0.8,0.0,0.0,5,0.0,0,True,1746969357.277941,right,False
4419,1746969377.0361972,182.2,1.80203,5.55074,-0.226729,0.123835,5558.01,5,22.332,1161.58,4164.14,48.881,1,2,0.8,0.0,0.0,5,0.0,0,True,1746969357.277941,right,False
4420,1746969377.055926,182.224,1.80245,5.60748,-0.235225,0.124941,5559.02,5,22.354,1162.68,4165.24,48.8808,1,2,0.8,0.0,0.0,5,0.0,0,True,1746969357.277941,right,False
4421,1746969377.0791996,182.248,1.80352,5.65569,-0.243778,0.126046,5559.88,5,22.376,1163.78,4166.34,48.8805,1,2,0.8,0.0,0.0,5,0.0,0,True,1746969357.277941,right,False
4422,1746969377.0990615,182.272,1.8032,5.7143,-0.252433,0.127151,5560.04,5,22.398,1164.88,4167.44,48.8803,1,2,0.8,0.0,0.0,5,0.0,0,True,1746969357.277941,right,False
4423,1746969377.1226816,182.295,1.80291,5.76909,-0.261157,0.128253,5560.77,5,22.42,1165.98,4168.54,48.88,1,2,0.8,0.0,0.0,5,0.0,0,True,1746969357.277941,right,False
4424,1746969377.1444352,182.318,1.80337,5.81287,-0.269975,0.129352,5562.47,5,22.442,1167.08,4169.64,48.8798,1,2,0.8,0.0,0.0,5,0.0,0,True,1746969357.277941,right,False
4425,1746969377.1672645,182.341,1.80214,5.8644,-0.278866,0.130445,5562.32,5,22.464,1168.18,4170.74,48.8795,1,2,0.8,0.0,0.0,5,0.0,0,True,1746969357.277941,right,False
4426,1746969377.1889222,182.365,1.79922,5.92326,-0.287842,0.131533,5562.91,5,22.486,1169.28,4171.84,48.8793,1,2,0.8,0.0,0.0,5,0.0,0,True,1746969357.277941,right,False
4427,1746969377.2118132,182.388,1.79676,5.98453,-0.296908,0.132622,5562.3,5,22.508,1170.38,4172.94,48.879,1,2,0.8,0.0,0.0,5,0.0,0,True,1746969357.277941,right,False
4428,1746969377.236507,182.41,1.79559,6.03962,-0.306047,0.133716,5563.61,5,22.53,1171.48,4174.04,48.8788,1,2,0.8,0.0,0.1,5,0.0,0,True,1746969357.277941,right,False
4429,1746969377.255823,182.431,1.79359,6.09767,-0.315279,0.134806,5564.54,5,22.552,1172.58,4175.14,48.8785,1,2,0.8,0.0,0.1,5,0.0,0,True,1746969357.277941,right,False
4430,1746969377.2766151,182.453,1.79109,6.1525,-0.324577,0.135891,5565.36,5,22.574,1173.68,4176.24,48.8783,1,2,0.8,0.0,0.1,5,0.0,0,True,1746969357.277941,right,False
4431,1746969377.301557,182.461,1.94496,6.19498,-0.333915,0.13607,5568.85,5,22.596,1174.78,4177.34,48.878,1,2,0.8,0.0,0.1,5,0.0,0,True,1746969357.277941,right,False
4432,1746969377.3198972,182.467,1.75134,6.21008,-0.343188,0.13388,5573.5,5,22.618,1175.88,4178.44,48.8778,1,2,0.8,0.0,0.1,5,0.0,0,True,1746969357.277941,right,False
4433,1746969377.3437862,182.477,1.18844,6.21455,-0.352384,0.129593,5577.96,5,22.64,1176.98,4179.54,48.8775,1,2,0.8,0.0,0.1,5,0.0,0,True,1746969357.277941,right,False
4434,1746969377.3633845,182.484,0.335158,6.19608,-0.361499,0.123545,5583.9,5,22.662,1178.07,4180.64,48.8773,1,2,0.8,0.0,0.1,5,0.0,0,True,1746969357.277941,right,False
4435,1746969377.3859966,182.484,-0.733047,6.15106,-0.370516,0.11608,5591.11,5,22.684,1179.17,4181.73,48.877,1,2,0.8,0.0,0.1,5,0.0,0,True,1746969357.277941,right,False
4436,1746969377.4076622,182.473,-1.94746,6.09059,-0.379411,0.107533,5599.77,5,22.706,1180.27,4182.83,48.8768,1,2,0.8,0.0,0.1,5,0.0,0,True,1746969357.277941,right,False
4437,1746969377.4303448,182.448,-3.25111,6.00855,-0.388163,0.0982144,5609.2,5,22.728,1181.37,4183.93,48.8765,1,2,0.8,0.0,0.1,5,0.0,0,True,1746969357.277941,right,False
4438,1746969377.4515162,182.404,-4.6035,5.89609,-0.396753,0.0883923,5624.84,5,22.75,1182.47,4185.03,48.8763,1,2,0.8,0.0,0.1,5,0.0,0,True,1746969357.277941,right,False
4439,1746969377.4730656,182.345,-5.95765,5.77248,-0.405143,0.0782897,5639.09,5,22.772,1183.57,4186.13,48.876,1,2,0.8,0.0,0.1,5,0.0,0,True,1746969357.277941,right,False
4440,1746969377.494769,182.27,-7.2985,5.62973,-0.41333,0.0680702,5655.93,5,22.794,1184.67,4187.23,48.8758,1,2,0.8,0.0,0.1,5,0.0,0,True,1746969357.277941,right,False
4441,1746969377.519944,182.178,-8.61038,5.46376,-0.421301,0.0578327,5676.12,5,22.816,1185.77,4188.33,48.8755,1,2,0.8,0.0,0.1,5,0.0,0,True,1746969357.277941,right,False
4442,1746969377.5400913,182.073,-9.88248,5.28428,-0.429041,0.0476506,5695.65,5,22.838,1186.86,4189.43,48.8752,1,2,0.8,0.0,0.1,5,0.0,0,True,1746969357.277941,right,False
4443,1746969377.5658474,181.959,-11.1112,5.10684,-0.436536,0.0375166,5710.06,5,22.86,1187.96,4190.52,48.875,1,2,0.8,0.0,0.1,5,0.0,0,True,1746969357.277941,right,False
4444,1746969377.5857804,181.833,-12.3067,4.9131,-0.443778,0.0274432,5725.87,5,22.882,1189.06,4191.62,48.8747,1,2,0.8,0.0,0.1,5,0.0,0,True,1746969357.277941,right,False
4445,1746969377.6054568,181.7,-13.472,4.71144,-0.450749,0.0174053,5735.01,5,22.904,1190.16,4192.72,48.8745,1,2,0.8,0.0,0.1,5,0.0,0,True,1746969357.277941,right,False
4446,1746969377.6279426,181.556,-14.6091,4.51218,-0.457442,0.00738955,5744.15,5,22.926,1191.26,4193.82,48.8742,1,2,0.8,0.0,0.1,5,0.0,0,True,1746969357.277941,right,False
4447,1746969377.6523576,181.403,-15.7224,4.3103,-0.463859,-0.00261903,5748.93,5,22.948,1192.36,4194.92,48.874,1,2,0.8,0.0,0.1,5,0.0,0,True,1746969357.277941,right,False
4448,1746969377.6727428,181.239,-16.8103,4.11297,-0.469983,-0.0125947,5755.8,5,22.97,1193.45,4196.02,48.8737,1,2,0.8,0.0,0.0,5,0.0,0,True,1746969357.277941,left,False
4449,1746969377.6932921,181.065,-17.8819,3.89692,-0.47581,-0.0225205,5764.72,5,22.992,1194.55,4197.12,48.8735,1,2,0.8,0.0,0.0,5,0.0,0,True,1746969357.277941,left,False
4450,1746969377.7164845,180.88,-18.9276,3.68291,-0.481335,-0.0323982,5774.94,5,23.014,1195.65,4198.21,48.8732,1,2,0.8,0.0,0.0,5,0.0,0,True,1746969357.277941,left,False
4451,1746969377.7396688,180.684,-19.9492,3.46732,-0.48656,-0.0421865,5788.93,5,23.036,1196.75,4199.31,48.873,1,2,0.8,0.0,0.0,5,0.0,0,True,1746969357.277941,left,False
4452,1746969377.7612195,180.508,-20.9712,3.2539,-0.491488,-0.0516729,5797.03,5,23.058,1197.84,4200.41,48.8727,1,2,0.8,0.0,0.0,5,0.0,0,True,1746969357.277941,left,False
4453,1746969377.78145,180.353,-21.878,3.03728,-0.496134,-0.0604844,5792.8,5,23.08,1198.94,4201.5,48.8725,1,2,0.8,0.0,0.0,5,0.0,0,True,1746969357.277941,left,False
4454,1746969377.8039231,180.21,-22.6542,2.8261,-0.500509,-0.0686691,5783.38,5,23.102,1200.04,4202.6,48.8722,1,2,0.8,0.0,0.0,5,0.0,0,True,1746969357.277941,left,False
4455,1746969377.8296354,180.071,-23.3069,2.622,-0.504569,-0.0762892,5777.59,5,23.124,1201.14,4203.7,48.872,1,2,0.8,0.0,0.0,5,0.0,0,True,1746969357.277941,left,False
4456,1746969377.8492458,179.939,-23.851,2.41164,-0.508337,-0.083343,5775.42,5,23.146,1202.23,4204.79,48.8717,1,2,0.8,0.0,0.0,5,0.0,0,True,1746969357.277941,left,False
4457,1746969377.8711808,179.819,-24.2962,2.19625,-0.511804,-0.0898678,5771.42,5,23.168,1203.33,4205.89,48.8715,1,2,0.8,0.0,0.0,5,0.0,0,True,1746969357.277941,left,False
4458,1746969377.892589,179.706,-24.6198,1.98912,-0.51497,-0.0958173,5773.02,5,23.19,1204.42,4206.99,48.8712,1,2,0.8,0.0,0.0,5,0.0,0,True,1746969357.277941,left,False
4459,1746969377.9152253,179.604,-24.8473,1.77941,-0.517822,-0.101211,5776.07,5,23.212,1205.52,4208.08,48.871,1,2,0.8,0.0,0.0,5,0.0,0,True,1746969357.277941,left,False
4460,1746969377.9374654,179.513,-24.9762,1.57254,-0.520374,-0.106109,5781.98,5,23.234,1206.62,4209.18,48.8707,1,2,0.8,0.0,0.0,5,0.0,0,True,1746969357.277941,left,False
4461,1746969377.9603653,179.432,-25.0077,1.36379,-0.522607,-0.110479,5792.17,5,23.256,1207.71,4210.27,48.8705,1,2,0.8,0.0,0.0,5,0.0,0,True,1746969357.277941,left,False
4462,1746969377.9812732,179.364,-24.9264,1.1667,-0.52454,-0.114244,5802.59,5,23.278,1208.81,4211.37,48.8702,1,2,0.8,0.0,0.0,5,0.0,0,True,1746969357.277941,left,False
4463,1746969378.003732,179.315,-24.7357,0.962658,-0.526156,-0.117392,5811.58,5,23.3,1209.9,4212.46,48.87,1,2,0.8,0.0,0.0,5,0.0,0,True,1746969357.277941,left,False
4464,1746969378.026441,179.279,-24.4422,0.764031,-0.527466,-0.119941,5824.4,5,23.322,1210.99,4213.56,48.8697,1,2,0.8,0.0,0.0,5,0.0,0,True,1746969357.277941,left,False
4465,1746969378.0461795,179.267,-24.0437,0.559808,-0.528463,-0.121876,5826.16,5,23.344,1212.09,4214.65,48.8695,1,2,0.8,0.0,0.0,5,0.0,0,True,1746969357.277941,left,False
4466,1746969378.0683591,179.268,-23.5379,0.361056,-0.529154,-0.123217,5833.99,5,23.366,1213.18,4215.74,48.8692,1,2,0.8,0.0,0.0,5,0.0,0,True,1746969357.277941,left,False
4467,1746969378.0891206,179.287,-22.9339,0.161289,-0.529541,-0.123951,5836.28,5,23.388,1214.27,4216.84,48.869,1,2,0.8,0.0,0.0,5,0.0,0,True,1746969357.277941,left,False
4468,1746969378.112614,179.324,-22.2373,-0.0423756,-0.529622,-0.124094,5835.33,5,23.41,1215.37,4217.93,48.8687,1,2,0.8,0.0,0.0,5,0.0,0,True,1746969357.277941,left,False
4469,1746969378.135558,179.38,-21.444,-0.236805,-0.529415,-0.123695,5826.63,5,23.432,1216.46,4219.02,48.8685,1,2,0.8,0.0,0.0,5,0.0,0,True,1746969357.277941,left,False
4470,1746969378.1563556,179.449,-20.5693,-0.436173,-0.528906,-0.122755,5817.46,5,23.454,1217.55,4220.11,48.8682,1,2,0.8,0.0,0.0,5,0.0,0,True,1746969357.277941,left,False
4471,1746969378.1795003,179.535,-19.6173,-0.630836,-0.528113,-0.121316,5799.06,5,23.476,1218.64,4221.2,48.8679,1,2,0.8,0.0,0.0,5,0.0,0,True,1746969357.277941,left,False
4472,1746969378.1998186,179.634,-18.5982,-0.819068,-0.527039,-0.11943,5777.24,5,23.498,1219.73,4222.3,48.8677,1,2,0.8,0.0,0.0,5,0.0,0,True,1746969357.277941,left,False
4473,1746969378.2231436,179.736,-17.527,-1.01413,-0.525688,-0.11712,5759.26,5,23.52,1220.82,4223.39,48.8674,1,2,0.8,0.0,0.0,5,0.0,0,True,1746969357.277941,left,False
4474,1746969378.2454026,179.851,-16.3955,-1.19885,-0.524064,-0.1144,5731.02,5,23.542,1221.92,4224.48,48.8672,1,2,0.8,0.0,0.0,5,0.0,0,True,1746969357.277941,left,False
4475,1746969378.266566,179.968,-15.2172,-1.37554,-0.52218,-0.111298,5706.54,5,23.564,1223.01,4225.57,48.8669,1,2,0.8,0.0,0.0,5,0.0,0,True,1746969357.277941,left,False
4476,1746969378.2893565,180.088,-14.0031,-1.55185,-0.520048,-0.107847,5682.9,5,23.586,1224.1,4226.66,48.8667,1,2,0.8,0.0,0.0,5,0.0,0,True,1746969357.277941,left,False
4477,1746969378.3095324,180.21,-12.7607,-1.72379,-0.517676,-0.104076,5657.2,5,23.608,1225.19,4227.75,48.8664,1,2,0.8,0.0,0.0,5,0.0,0,True,1746969357.277941,left,False
4478,1746969378.3316898,180.329,-11.5031,-1.88478,-0.515072,-0.100036,5634.23,5,23.63,1226.28,4228.85,48.8662,1,2,0.8,0.0,0.0,5,0.0,0,True,1746969357.277941,left,False
4479,1746969378.354123,180.446,-10.241,-2.03671,-0.512264,-0.0957708,5613.43,5,23.652,1227.37,4229.94,48.8659,1,2,0.8,0.0,0.0,5,0.0,0,True,1746969357.277941,left,False
4480,1746969378.3766797,180.558,-8.9901,-2.17681,-0.509261,-0.0913374,5592.9,5,23.674,1228.47,4231.03,48.8657,1,2,0.8,0.0,0.0,5,0.0,0,True,1746969357.277941,left,False
4481,1746969378.3975964,180.663,-7.77045,-2.30525,-0.506083,-0.0868094,5579.8,5,23.696,1229.56,4232.12,48.8654,1,2,0.8,0.0,0.0,5,0.0,0,True,1746969357.277941,left,False
4482,1746969378.4209847,180.761,-6.59113,-2.425,-0.502738,-0.0822325,5568.95,5,23.718,1230.65,4233.22,48.8652,1,2,0.8,0.0,0.0,5,0.0,0,True,1746969357.277941,left,False
4483,1746969378.4411473,180.853,-5.46687,-2.53061,-0.499276,-0.0776668,5559.18,5,23.74,1231.75,4234.31,48.8649,1,2,0.8,0.0,0.0,5,0.0,0,True,1746969357.277941,left,False
4484,1746969378.463813,180.94,-4.40613,-2.61882,-0.495695,-0.073159,5551.02,5,23.762,1232.84,4235.4,48.8647,1,2,0.8,0.0,0.0,5,0.0,0,True,1746969357.277941,left,False
4485,1746969378.4857855,181.02,-3.42057,-2.68219,-0.492025,-0.0687623,5545.54,5,23.784,1233.93,4236.5,48.8644,1,2,0.8,0.0,0.0,5,0.0,0,True,1746969357.277941,left,False
4486,1746969378.507047,181.096,-2.51702,-2.73783,-0.488293,-0.0645134,5541.64,5,23.806,1235.03,4237.59,48.8642,1,2,0.8,0.0,0.0,5,0.0,0,True,1746969357.277941,left,False
4487,1746969378.5315173,181.166,-1.69894,-2.77466,-0.484513,-0.0604455,5539.17,5,23.828,1236.12,4238.68,48.8639,1,2,0.8,0.0,0.0,5,0.0,0,True,1746969357.277941,left,False
4488,1746969378.552522,181.232,-0.966535,-2.79255,-0.480713,-0.0565746,5537.59,5,23.85,1237.22,4239.78,48.8637,1,2,0.8,0.0,0.0,5,0.0,0,True,1746969357.277941,left,False
4489,1746969378.575039,181.295,-0.319345,-2.79412,-0.476912,-0.0529163,5537.1,5,23.872,1238.31,4240.88,48.8634,1,2,0.8,0.0,0.0,5,0.0,0,True,1746969357.277941,left,False
4490,1746969378.5966873,181.356,0.245368,-2.77979,-0.473132,-0.0494797,5536.9,5,23.894,1239.41,4241.97,48.8632,1,2,0.8,0.0,0.0,5,0.0,0,True,1746969357.277941,left,False
4491,1746969378.6211905,181.415,0.731653,-2.75035,-0.469381,-0.0462654,5537.21,5,23.916,1240.5,4243.07,48.8629,1,2,0.8,0.0,0.0,5,0.0,0,True,1746969357.277941,left,False
4492,1746969378.641511,181.472,1.14419,-2.7043,-0.465682,-0.0432734,5537.82,5,23.938,1241.6,4244.16,48.8627,1,2,0.8,0.0,0.0,5,0.0,0,True,1746969357.277941,left,False
4493,1746969378.6643102,181.528,1.4886,-2.65038,-0.462036,-0.040498,5538.96,5,23.96,1242.7,4245.26,48.8624,1,2,0.8,0.0,0.0,5,0.0,0,True,1746969357.277941,left,False
4494,1746969378.683506,181.583,1.77029,-2.58205,-0.458464,-0.0379324,5539.79,5,23.982,1243.8,4246.36,48.8622,1,2,0.8,0.0,0.0,5,0.0,0,True,1746969357.277941,left,False
4495,1746969378.7052534,181.638,1.99514,-2.49908,-0.454972,-0.0355666,5540.22,5,24.004,1244.89,4247.46,48.8619,1,2,0.8,0.0,0.0,5,0.0,0,True,1746969357.277941,left,False
4496,1746969378.7277732,181.692,2.17043,-2.41594,-0.451558,-0.0333881,5541.99,5,24.026,1245.99,4248.56,48.8617,1,2,0.8,0.0,0.0,5,0.0,0,True,1746969357.277941,left,False
4497,1746969378.7515147,181.747,2.3013,-2.3248,-0.448246,-0.0313821,5542.58,5,24.048,1247.09,4249.66,48.8614,1,2,0.8,0.0,0.0,5,0.0,0,True,1746969357.277941,left,False
4498,1746969378.7734456,181.8,2.39534,-2.22441,-0.44504,-0.0295267,5544.25,5,24.07,1248.19,4250.76,48.8611,1,2,0.8,0.0,0.0,5,0.0,0,True,1746969357.277941,left,False
4499,1746969378.7957335,181.854,2.45898,-2.13654,-0.441935,-0.0278108,5546.43,5,24.092,1249.29,4251.86,48.8609,1,2,0.8,0.0,0.0,5,0.0,0,True,1746969357.277941,left,False
4500,1746969378.8164625,181.907,2.49851,-2.04193,-0.438932,-0.0262046,5547.15,5,24.114,1250.39,4252.96,48.8606,1,2,0.8,0.0,0.0,5,0.0,0,True,1746969357.277941,left,False
4501,1746969378.8407938,181.96,2.5169,-1.95449,-0.436039,-0.0247011,5549.04,5,24.136,1251.49,4254.06,48.8604,1,2,0.8,0.0,0.0,5,0.0,0,True,1746969357.277941,left,False
4502,1746969378.8615084,182.014,2.51638,-1.85295,-0.433244,-0.0232863,5549.72,5,24.158,1252.6,4255.16,48.8601,1,2,0.8,0.0,0.0,5,0.0,0,True,1746969357.277941,left,False
4503,1746969378.885086,182.068,2.50354,-1.75076,-0.430558,-0.0219471,5550.38,5,24.18,1253.7,4256.26,48.8599,1,2,0.8,0.0,0.0,5,0.0,0,True,1746969357.277941,left,False
4504,1746969378.906706,182.12,2.48197,-1.66854,-0.427974,-0.0206642,5553.19,5,24.202,1254.8,4257.36,48.8596,1,2,0.8,0.0,0.0,5,0.0,0,True,1746969357.277941,left,False
4505,1746969378.9267576,182.172,2.45521,-1.58577,-0.425505,-0.0194275,5555.36,5,24.224,1255.9,4258.47,48.8594,1,2,0.8,0.0,0.0,5,0.0,0,True,1746969357.277941,left,False
4506,1746969378.949718,182.226,2.42189,-1.50066,-0.423128,-0.0182333,5556.07,5,24.246,1257.01,4259.57,48.8591,1,2,0.8,0.0,0.0,5,0.0,0,True,1746969357.277941,left,False
4507,1746969378.9719832,182.277,2.38768,-1.4316,-0.420837,-0.0170712,5558.45,5,24.268,1258.11,4260.67,48.8589,1,2,0.8,0.0,0.0,5,0.0,0,True,1746969357.277941,left,False
4508,1746969378.9952397,182.329,2.3506,-1.36113,-0.418632,-0.015938,5560.05,5,24.29,1259.22,4261.78,48.8586,1,2,0.8,0.0,0.0,5,0.0,0,True,1746969357.277941,left,False
4509,1746969379.014616,182.381,2.31291,-1.2997,-0.416532,-0.0148268,5562.85,5,24.312,1260.32,4262.88,48.8584,1,2,0.8,0.0,0.0,5,0.0,0,True,1746969357.277941,left,False
4510,1746969379.0374422,182.433,2.27438,-1.23053,-0.414539,-0.0137329,5563.67,5,24.334,1261.42,4263.99,48.8581,1,2,0.8,0.0,0.0,5,0.0,0,True,1746969357.277941,left,False
4511,1746969379.0600228,182.484,2.23692,-1.16905,-0.412655,-0.0126519,5565.15,5,24.356,1262.53,4265.09,48.8579,1,2,0.8,0.0,0.0,5,0.0,0,True,1746969357.277941,left,False
4512,1746969379.0798004,182.535,2.20009,-1.1099,-0.410852,-0.0115824,5567,5,24.378,1263.64,4266.2,48.8576,1,2,0.8,0.0,0.0,5,0.0,0,True,1746969357.277941,left,False
4513,1746969379.103219,182.586,2.16546,-1.05461,-0.409131,-0.0105205,5569.35,5,24.4,1264.74,4267.31,48.8574,1,2,0.8,0.0,0.0,5,0.0,0,True,1746969357.277941,left,False
4514,1746969379.1246145,182.637,2.13146,-0.995583,-0.40752,-0.00946403,5570.55,5,24.422,1265.85,4268.41,48.8571,1,2,0.8,0.0,0.0,5,0.0,0,True,1746969357.277941,left,False
4515,1746969379.1472473,182.687,2.09928,-0.943517,-0.406002,-0.00841308,5572.9,5,24.444,1266.96,4269.52,48.8569,1,2,0.8,0.0,0.0,5,0.0,0,True,1746969357.277941,left,False
4516,1746969379.1691196,182.738,2.06828,-0.884517,-0.404557,-0.00736475,5572.84,5,24.466,1268.06,4270.63,48.8566,1,2,0.8,0.0,0.0,5,0.0,0,True,1746969357.277941,left,False
4517,1746969379.1895423,182.787,2.04013,-0.831927,-0.403215,-0.00631666,5575.75,5,24.488,1269.17,4271.73,48.8564,1,2,0.8,0.0,0.0,5,0.0,0,True,1746969357.277941,left,False
4518,1746969379.21109,182.837,2.01317,-0.775531,-0.401965,-0.00527024,5576.76,5,24.51,1270.28,4272.84,48.8561,1,2,0.8,0.0,0.0,5,0.0,0,True,1746969357.277941,left,False
4519,1746969379.2341866,182.887,1.98891,-0.722908,-0.400798,-0.00422311,5578.12,5,24.532,1271.39,4273.95,48.8559,1,2,0.8,0.0,0.0,5,0.0,0,True,1746969357.277941,left,False
4520,1746969379.256074,182.936,1.96586,-0.669681,-0.399723,-0.00317407,5579.95,5,24.554,1272.49,4275.06,48.8556,1,2,0.8,0.0,0.0,5,0.0,0,True,1746969357.277941,left,False
4521,1746969379.279777,182.984,1.94488,-0.61571,-0.398722,-0.00212526,5581.4,5,24.576,1273.6,4276.17,48.8554,1,2,0.8,0.0,0.0,5,0.0,0,True,1746969357.277941,left,False
4522,1746969379.3010957,183.034,1.92553,-0.556285,-0.397823,-0.00107002,5582.16,5,24.598,1274.71,4277.28,48.8551,1,2,0.8,0.0,0.0,5,0.0,0,True,1746969357.277941,left,False
4523,1746969379.3213465,183.082,1.90817,-0.501538,-0.397001,-1.33514e-005,5584.06,5,24.62,1275.82,4278.39,48.8549,1,2,0.8,0.0,0.0,5,0.0,0,True,1746969357.277941,left,False
4524,1746969379.3449073,183.13,1.89269,-0.4508,-0.396273,0.00104642,5585.44,5,24.642,1276.93,4279.5,48.8546,1,2,0.8,0.0,0.0,5,0.0,0,True,1746969357.277941,left,False
4525,1746969379.3653657,183.178,1.87934,-0.400918,-0.395618,0.00211024,5586.95,5,24.664,1278.04,4280.61,48.8544,1,2,0.8,0.0,0.0,5,0.0,0,True,1746969357.277941,left,False
4526,1746969379.3883388,183.226,1.86716,-0.344644,-0.39506,0.0031786,5588.45,5,24.686,1279.15,4281.72,48.8541,1,2,0.8,0.0,0.0,5,0.0,0,True,1746969357.277941,left,False
4527,1746969379.4103227,183.274,1.8556,-0.284661,-0.394576,0.004251,5589.42,5,24.708,1280.26,4282.83,48.8538,1,2,0.8,0.0,0.0,5,0.0,0,True,1746969357.277941,left,False
4528,1746969379.4311004,183.321,1.84638,-0.229708,-0.394189,0.00532603,5590.5,5,24.73,1281.38,4283.94,48.8536,1,2,0.8,0.0,0.0,5,0.0,0,True,1746969357.277941,left,False
4529,1746969379.45461,183.367,1.8388,-0.179496,-0.393872,0.00640655,5593.34,5,24.752,1282.49,4285.05,48.8533,1,2,0.8,0.0,0.0,5,0.0,0,True,1746969357.277941,left,False
4530,1746969379.4780626,183.414,1.83172,-0.119505,-0.393652,0.00749111,5593.84,5,24.774,1283.6,4286.16,48.8531,1,2,0.8,0.0,0.0,5,0.0,0,True,1746969357.277941,left,False
4531,1746969379.500181,183.46,1.82655,-0.0711512,-0.393502,0.00857925,5595.54,5,24.796,1284.71,4287.27,48.8528,1,2,0.8,0.0,0.0,5,0.0,0,True,1746969357.277941,left,False
4532,1746969379.5216234,183.506,1.82139,-0.0126955,-0.393453,0.0096693,5597.2,5,24.818,1285.82,4288.39,48.8526,1,2,0.8,0.0,0.0,5,0.0,0,True,1746969357.277941,left,False
4533,1746969379.5433903,183.553,1.81668,0.0456714,-0.393469,0.0107608,5597.42,5,24.84,1286.94,4289.5,48.8523,1,2,0.8,0.0,0.0,5,0.0,0,True,1746969357.277941,left,False
4534,1746969379.5633667,183.597,1.81355,0.0965273,-0.393579,0.011858,5600.01,5,24.862,1288.05,4290.61,48.8521,1,2,0.8,0.0,0.0,5,0.0,0,True,1746969357.277941,left,False
4535,1746969379.5865784,183.643,1.81106,0.155368,-0.393766,0.0129595,5600.94,5,24.884,1289.16,4291.73,48.8518,1,2,0.8,0.0,0.0,5,0.0,0,True,1746969357.277941,left,False
4536,1746969379.6091876,183.688,1.80921,0.206934,-0.394043,0.0140617,5602.16,5,24.906,1290.28,4292.84,48.8516,1,2,0.8,0.0,0.0,5,0.0,0,True,1746969357.277941,left,False
4537,1746969379.6303186,183.733,1.80765,0.266649,-0.394401,0.0151677,5603.75,5,24.928,1291.39,4293.95,48.8513,1,2,0.8,0.0,0.0,5,0.0,0,True,1746969357.277941,left,False
4538,1746969379.6515894,183.778,1.80697,0.320129,-0.394845,0.0162756,5605.08,5,24.95,1292.5,4295.07,48.8511,1,2,0.8,0.0,0.0,5,0.0,0,True,1746969357.277941,left,False
4539,1746969379.6732273,183.822,1.80695,0.373194,-0.395374,0.0173864,5606.62,5,24.972,1293.62,4296.18,48.8508,1,2,0.8,0.0,0.0,5,0.0,0,True,1746969357.277941,left,False
4540,1746969379.6975672,183.866,1.80648,0.424949,-0.39598,0.0184965,5607.52,5,24.994,1294.73,4297.29,48.8506,1,2,0.8,0.0,0.0,5,0.0,0,True,1746969357.277941,left,False
4541,1746969379.719025,183.91,1.80656,0.485918,-0.396676,0.0196114,5608.36,5,25.016,1295.85,4298.41,48.8503,1,2,0.8,0.0,0.0,5,0.0,0,True,1746969357.277941,left,False
4542,1746969379.7417777,183.953,1.80699,0.534448,-0.397445,0.0207255,5610.72,5,25.038,1296.96,4299.52,48.8501,1,2,0.8,0.0,0.0,5,0.0,0,True,1746969357.277941,left,False
4543,1746969379.763197,183.997,1.80741,0.590863,-0.398311,0.0218408,5611.69,5,25.06,1298.08,4300.64,48.8498,1,2,0.8,0.0,0.0,5,0.0,0,True,1746969357.277941,left,False
4544,1746969379.78532,184.04,1.80762,0.6475,-0.399255,0.0229568,5612.89,5,25.082,1299.19,4301.75,48.8496,1,2,0.8,0.0,0.0,5,0.0,0,True,1746969357.277941,left,False
4545,1746969379.806199,184.083,1.80755,0.700609,-0.400281,0.0240712,5614.05,5,25.104,1300.31,4302.87,48.8493,1,2,0.8,0.0,0.0,5,0.0,0,True,1746969357.277941,left,False
4546,1746969379.8271844,184.125,1.80803,0.754556,-0.401396,0.025188,5615.84,5,25.126,1301.42,4303.99,48.8491,1,2,0.8,0.0,0.0,5,0.0,0,True,1746969357.277941,left,False
4547,1746969379.8525896,184.167,1.80833,0.809654,-0.402592,0.0263057,5617.04,5,25.148,1302.54,4305.1,48.8488,1,2,0.8,0.0,0.0,5,0.0,0,True,1746969357.277941,left,False
4548,1746969379.8725204,184.209,1.80853,0.865125,-0.403878,0.0274208,5618.15,5,25.17,1303.66,4306.22,48.8486,1,2,0.8,0.0,0.0,5,0.0,0,True,1746969357.277941,left,False
4549,1746969379.8944654,184.251,1.80835,0.922261,-0.405237,0.028537,5619.51,5,25.192,1304.77,4307.33,48.8483,1,2,0.8,0.0,0.0,5,0.0,0,True,1746969357.277941,left,False
4550,1746969379.9149084,184.293,1.8086,0.974951,-0.406689,0.0296526,5620.58,5,25.214,1305.89,4308.45,48.8481,1,2,0.8,0.0,0.0,5,0.0,0,True,1746969357.277941,left,False
4551,1746969379.9371827,184.334,1.80868,1.0305,-0.408219,0.0307701,5621.8,5,25.236,1307.01,4309.57,48.8478,1,2,0.8,0.0,0.0,5,0.0,0,True,1746969357.277941,left,False
4552,1746969379.9618146,184.375,1.8082,1.08572,-0.409839,0.0318854,5623.14,5,25.258,1308.12,4310.69,48.8476,1,2,0.8,0.0,0.0,5,0.0,0,True,1746969357.277941,left,False
4553,1746969379.9837968,184.415,1.80855,1.1353,-0.41154,0.0330005,5625.3,5,25.28,1309.24,4311.8,48.8473,1,2,0.8,0.0,0.0,5,0.0,0,True,1746969357.277941,left,False
4554,1746969380.0044782,184.456,1.80778,1.19176,-0.413326,0.0341132,5626.19,5,25.302,1310.36,4312.92,48.847,1,2,0.8,0.0,0.0,5,0.0,0,True,1746969357.277941,left,False
4555,1746969380.0277908,184.496,1.80715,1.2493,-0.415206,0.0352266,5627.12,5,25.324,1311.47,4314.04,48.8468,1,2,0.8,0.0,0.0,5,0.0,0,True,1746969357.277941,left,False
4556,1746969380.049339,184.536,1.80606,1.30713,-0.417155,0.0363376,5628.26,5,25.346,1312.59,4315.16,48.8465,1,2,0.8,0.0,0.0,5,0.0,0,True,1746969357.277941,left,False
4557,1746969380.0705779,184.576,1.80496,1.36659,-0.419198,0.0374501,5629.23,5,25.368,1313.71,4316.27,48.8463,1,2,0.8,0.0,0.0,5,0.0,0,True,1746969357.277941,left,False
4558,1746969380.091264,184.615,1.80451,1.41679,-0.421322,0.0385613,5631.36,5,25.39,1314.83,4317.39,48.846,1,2,0.8,0.0,0.0,5,0.0,0,True,1746969357.277941,left,False
4559,1746969380.1151528,184.655,1.80285,1.47591,-0.423527,0.0396721,5631.32,5,25.412,1315.95,4318.51,48.8458,1,2,0.8,0.0,0.0,5,0.0,0,True,1746969357.277941,left,False
4560,1746969380.1361032,184.694,1.80209,1.53267,-0.42583,0.0407836,5632.58,5,25.434,1317.06,4319.63,48.8455,1,2,0.8,0.0,0.0,5,0.0,0,True,1746969357.277941,left,False
4561,1746969380.1596267,184.733,1.80141,1.5888,-0.428198,0.0418959,5633.89,5,25.456,1318.18,4320.75,48.8453,1,2,0.8,0.0,0.0,5,0.0,0,True,1746969357.277941,left,False
4562,1746969380.1790876,184.771,1.79981,1.6485,-0.430668,0.0430067,5635.44,5,25.478,1319.3,4321.86,48.845,1,2,0.8,0.0,0.0,5,0.0,0,True,1746969357.277941,left,False
4563,1746969380.202435,184.809,1.79815,1.71184,-0.433211,0.0441148,5636.44,5,25.5,1320.42,4322.98,48.8448,1,2,0.8,0.0,0.0,5,0.0,0,True,1746969357.277941,left,False
4564,1746969380.2254932,184.847,1.79728,1.76397,-0.435844,0.0452247,5637.34,5,25.522,1321.54,4324.1,48.8445,1,2,0.8,0.0,0.0,5,0.0,0,True,1746969357.277941,left,False
4565,1746969380.2461696,184.885,1.79723,1.8152,-0.438562,0.0463371,5638.81,5,25.544,1322.66,4325.22,48.8443,1,2,0.8,0.0,0.0,5,0.0,0,True,1746969357.277941,left,False
4566,1746969380.268645,184.922,1.79726,1.86943,-0.441361,0.0474501,5640.37,5,25.566,1323.78,4326.34,48.844,1,2,0.8,0.0,0.0,5,0.0,0,True,1746969357.277941,left,False
4567,1746969380.2913816,184.96,1.79685,1.92447,-0.444255,0.0485644,5641.17,5,25.588,1324.9,4327.46,48.8438,1,2,0.8,0.0,0.0,5,0.0,0,True,1746969357.277941,left,False
4568,1746969380.3113265,184.997,1.79728,1.97598,-0.447217,0.0496802,5642,5,25.61,1326.02,4328.58,48.8435,1,2,0.8,0.0,0.0,5,0.0,0,True,1746969357.277941,left,False
4569,1746969380.334472,185.034,1.79773,2.02975,-0.450273,0.0507967,5643.79,5,25.632,1327.14,4329.7,48.8433,1,2,0.8,0.0,0.0,5,0.0,0,True,1746969357.277941,left,False
4570,1746969380.358165,185.07,1.79807,2.08784,-0.453414,0.051914,5644.88,5,25.654,1328.25,4330.82,48.843,1,2,0.8,0.0,0.0,5,0.0,0,True,1746969357.277941,left,False
4571,1746969380.377766,185.106,1.79844,2.13797,-0.456637,0.0530317,5645.9,5,25.676,1329.37,4331.94,48.8428,1,2,0.8,0.0,0.0,5,0.0,0,True,1746969357.277941,left,False
4572,1746969380.3998108,185.142,1.79894,2.1938,-0.459949,0.0541496,5647.28,5,25.698,1330.49,4333.06,48.8425,1,2,0.8,0.0,0.0,5,0.0,0,True,1746969357.277941,left,False
4573,1746969380.422423,185.178,1.799,2.2531,-0.463338,0.0552666,5647.75,5,25.72,1331.61,4334.18,48.8423,1,2,0.8,0.0,0.0,5,0.0,0,True,1746969357.277941,left,False
4574,1746969380.4447541,185.214,1.79909,2.30931,-0.466821,0.0563853,5648.8,5,25.742,1332.73,4335.3,48.842,1,2,0.8,0.0,0.0,5,0.0,0,True,1746969357.277941,left,False
4575,1746969380.4686143,185.249,1.79924,2.36611,-0.470386,0.0575035,5650.31,5,25.764,1333.85,4336.42,48.8418,1,2,0.8,0.0,0.0,5,0.0,0,True,1746969357.277941,left,False
4576,1746969380.4877207,185.284,1.79911,2.42672,-0.474036,0.0586207,5650.83,5,25.786,1334.97,4337.54,48.8415,1,2,0.8,0.0,0.0,5,0.0,0,True,1746969357.277941,left,False
4577,1746969380.5110629,185.319,1.79926,2.47781,-0.477771,0.059737,5652.26,5,25.808,1336.09,4338.66,48.8413,1,2,0.8,0.0,0.0,5,0.0,0,True,1746969357.277941,left,False
4578,1746969380.5331802,185.353,1.79988,2.53629,-0.481588,0.0608568,5653.55,5,25.83,1337.21,4339.78,48.841,1,2,0.8,0.0,0.0,5,0.0,0,True,1746969357.277941,left,False
4579,1746969380.5556731,185.388,1.79997,2.59364,-0.485494,0.0619771,5654.13,5,25.852,1338.33,4340.9,48.8408,1,2,0.8,0.0,0.0,5,0.0,0,True,1746969357.277941,left,False
4580,1746969380.5751934,185.422,1.80002,2.6541,-0.489486,0.0630965,5654.56,5,25.874,1339.45,4342.02,48.8405,1,2,0.8,0.0,0.0,5,0.0,0,True,1746969357.277941,left,False
4581,1746969380.5968046,185.455,1.80064,2.70839,-0.493559,0.0642164,5655.99,5,25.896,1340.57,4343.14,48.8403,1,2,0.8,0.0,0.0,5,0.0,0,True,1746969357.277941,left,False
4582,1746969380.6191607,185.489,1.80042,2.76516,-0.497721,0.0653358,5657.17,5,25.918,1341.7,4344.26,48.84,1,2,0.8,0.0,0.0,5,0.0,0,True,1746969357.277941,left,False
4583,1746969380.6438172,185.522,1.80087,2.81759,-0.501961,0.0664546,5658.4,5,25.94,1342.82,4345.38,48.8397,1,2,0.8,0.0,0.0,5,0.0,0,True,1746969357.277941,left,False
4584,1746969380.6656864,185.555,1.80064,2.87427,-0.506299,0.0675743,5659,5,25.962,1343.94,4346.5,48.8395,1,2,0.8,0.0,0.0,5,0.0,0,True,1746969357.277941,left,False
4585,1746969380.689314,185.588,1.80086,2.9342,-0.510718,0.0686936,5659.69,5,25.984,1345.06,4347.62,48.8392,1,2,0.8,0.0,0.0,5,0.0,0,True,1746969357.277941,left,False
4586,1746969380.708245,185.621,1.801,2.98827,-0.515214,0.069813,5660.92,5,26.006,1346.18,4348.74,48.839,1,2,0.8,0.0,0.0,5,0.0,0,True,1746969357.277941,left,False
4587,1746969380.7295341,185.653,1.80099,3.04649,-0.519808,0.0709324,5661.91,5,26.028,1347.3,4349.86,48.8387,1,2,0.8,0.0,0.0,5,0.0,0,True,1746969357.277941,right,False
4588,1746969380.7531493,185.685,1.80105,3.10217,-0.524479,0.072053,5662.88,5,26.05,1348.42,4350.98,48.8385,1,2,0.8,0.0,0.0,5,0.0,0,True,1746969357.277941,right,False
4589,1746969380.7731552,185.717,1.80148,3.1599,-0.529236,0.0731745,5664.18,5,26.072,1349.54,4352.1,48.8382,1,2,0.8,0.0,0.0,5,0.0,0,True,1746969357.277941,right,False
4590,1746969380.7960837,185.749,1.80173,3.21399,-0.53409,0.0742955,5664.92,5,26.094,1350.66,4353.22,48.838,1,2,0.8,0.0,0.0,5,0.0,0,True,1746969357.277941,right,False
4591,1746969380.8173356,185.78,1.8021,3.26763,-0.53901,0.075417,5666.37,5,26.116,1351.78,4354.34,48.8377,1,2,0.8,0.0,0.0,5,0.0,0,True,1746969357.277941,right,False
4592,1746969380.8419652,185.811,1.8029,3.32545,-0.544031,0.0765412,5667.05,5,26.138,1352.9,4355.46,48.8375,1,2,0.8,0.0,0.0,5,0.0,0,True,1746969357.277941,right,False
4593,1746969380.8633654,185.842,1.80256,3.38544,-0.549129,0.0776618,5667.94,5,26.16,1354.02,4356.58,48.8372,1,2,0.8,0.0,0.0,5,0.0,0,True,1746969357.277941,right,False
4594,1746969380.8843906,185.872,1.80311,3.43439,-0.554313,0.0787799,5669.15,5,26.182,1355.14,4357.7,48.837,1,2,0.8,0.0,0.0,5,0.0,0,True,1746969357.277941,right,False
4595,1746969380.906026,185.903,1.80305,3.49158,-0.559591,0.0798993,5669.85,5,26.204,1356.26,4358.82,48.8367,1,2,0.8,0.0,0.0,5,0.0,0,True,1746969357.277941,right,False
4596,1746969380.930367,185.933,1.80207,3.54857,-0.564941,0.0810153,5670.74,5,26.226,1357.38,4359.94,48.8365,1,2,0.8,0.0,0.0,5,0.0,0,True,1746969357.277941,right,False
4597,1746969380.9503849,185.963,1.8011,3.60064,-0.570386,0.0821297,5671.74,5,26.248,1358.5,4361.06,48.8362,1,2,0.8,0.0,0.0,5,0.0,0,True,1746969357.277941,right,False
4598,1746969380.973248,185.992,1.80004,3.66172,-0.575916,0.0832427,5672.3,5,26.27,1359.62,4362.18,48.836,1,2,0.8,0.0,0.1,5,0.0,0,True,1746969357.277941,right,False
4599,1746969380.9945233,186.021,1.79937,3.71566,-0.581527,0.084358,5673.84,5,26.292,1360.74,4363.3,48.8357,1,2,0.8,0.0,0.1,5,0.0,0,True,1746969357.277941,right,False
4600,1746969381.0157847,186.051,1.79858,3.76942,-0.587231,0.0854721,5674.58,5,26.314,1361.86,4364.42,48.8355,1,2,0.8,0.0,0.1,5,0.0,0,True,1746969357.277941,right,False
4601,1746969381.0380561,186.08,1.79789,3.82694,-0.593014,0.0865877,5675.2,5,26.336,1362.98,4365.54,48.8352,1,2,0.8,0.0,0.1,5,0.0,0,True,1746969357.277941,right,False
4602,1746969381.06102,186.095,1.95202,3.87786,-0.598832,0.0867889,5678.09,5,26.358,1364.1,4366.67,48.835,1,2,0.8,0.0,0.1,5,0.0,0,True,1746969357.277941,right,False
4603,1746969381.0817301,186.108,1.74636,3.90536,-0.604586,0.0845988,5682.56,5,26.38,1365.22,4367.79,48.8347,1,2,0.8,0.0,0.1,5,0.0,0,True,1746969357.277941,right,False
4604,1746969381.1031332,186.124,1.15836,3.91688,-0.610274,0.0802846,5687.9,5,26.402,1366.34,4368.91,48.8345,1,2,0.8,0.0,0.1,5,0.0,0,True,1746969357.277941,right,False
4605,1746969381.1267672,186.139,0.273433,3.90802,-0.615877,0.0741959,5693.23,5,26.424,1367.46,4370.03,48.8342,1,2,0.8,0.0,0.1,5,0.0,0,True,1746969357.277941,right,False
4606,1746969381.1493363,186.144,-0.835655,3.87294,-0.621383,0.0666842,5701.15,5,26.446,1368.58,4371.15,48.834,1,2,0.8,0.0,0.1,5,0.0,0,True,1746969357.277941,right,False
4607,1746969381.1695697,186.139,-2.09692,3.80861,-0.626774,0.0580804,5710.58,5,26.468,1369.7,4372.27,48.8337,1,2,0.8,0.0,0.1,5,0.0,0,True,1746969357.277941,right,False
4608,1746969381.1931171,186.118,-3.45136,3.72055,-0.632007,0.0487001,5721.32,5,26.49,1370.82,4373.39,48.8335,1,2,0.8,0.0,0.1,5,0.0,0,True,1746969357.277941,right,False
4609,1746969381.2131615,186.079,-4.85141,3.61417,-0.637081,0.0388238,5734.79,5,26.512,1371.95,4374.51,48.8332,1,2,0.8,0.0,0.1,5,0.0,0,True,1746969357.277941,right,False
4610,1746969381.235272,186.023,-6.26114,3.48348,-0.641968,0.0286667,5750.59,5,26.534,1373.07,4375.63,48.833,1,2,0.8,0.0,0.1,5,0.0,0,True,1746969357.277941,right,False
4611,1746969381.258992,185.948,-7.65774,3.33146,-0.646647,0.0183859,5769.77,5,26.556,1374.19,4376.75,48.8327,1,2,0.8,0.0,0.1,5,0.0,0,True,1746969357.277941,right,False
4612,1746969381.2796097,185.858,-9.02694,3.16764,-0.651119,0.00807095,5789.57,5,26.578,1375.31,4377.87,48.8324,1,2,0.8,0.0,0.1,5,0.0,0,True,1746969357.277941,right,False
4613,1746969381.3015003,185.753,-10.3525,2.99196,-0.655351,-0.00217533,5809.95,5,26.6,1376.43,4378.99,48.8322,1,2,0.8,0.0,0.1,5,0.0,0,True,1746969357.277941,right,False
4614,1746969381.3255565,185.637,-11.6392,2.80161,-0.659342,-0.0123494,5826.43,5,26.622,1377.55,4380.11,48.8319,1,2,0.8,0.0,0.1,5,0.0,0,True,1746969357.277941,right,False
4615,1746969381.346373,185.512,-12.8803,2.61163,-0.66309,-0.0224574,5839.03,5,26.644,1378.67,4381.23,48.8317,1,2,0.8,0.0,0.1,5,0.0,0,True,1746969357.277941,right,False
4616,1746969381.3674624,185.375,-14.0931,2.40895,-0.666569,-0.0325129,5850.17,5,26.666,1379.79,4382.35,48.8314,1,2,0.8,0.0,0.1,5,0.0,0,True,1746969357.277941,right,False
4617,1746969381.3912299,185.228,-15.2743,2.21104,-0.669771,-0.0425308,5859.84,5,26.688,1380.91,4383.47,48.8312,1,2,0.8,0.0,0.1,5,0.0,0,True,1746969357.277941,right,False
4618,1746969381.4122765,185.073,-16.4279,2.00706,-0.672701,-0.0525229,5865.57,5,26.71,1382.02,4384.59,48.8309,1,2,0.8,0.0,0.1,5,0.0,0,True,1746969357.277941,right,False
4619,1746969381.434424,184.904,-17.5633,1.80076,-0.67535,-0.0624795,5873.56,5,26.732,1383.14,4385.71,48.8307,1,2,0.8,0.0,0.1,5,0.0,0,True,1746969357.277941,right,False
4620,1746969381.4561236,184.727,-18.6712,1.59072,-0.677698,-0.0723882,5881.2,5,26.754,1384.26,4386.82,48.8304,1,2,0.8,0.0,0.1,5,0.0,0,True,1746969357.277941,right,False
4621,1746969381.4776251,184.538,-19.7558,1.37855,-0.679753,-0.082238,5890.06,5,26.776,1385.38,4387.94,48.8302,1,2,0.8,0.0,0.0,5,0.0,0,True,1746969357.277941,left,False
4622,1746969381.49968,184.337,-20.8139,1.16275,-0.681506,-0.091995,5906.01,5,26.798,1386.5,4389.06,48.8299,1,2,0.8,0.0,0.0,5,0.0,0,True,1746969357.277941,left,False
4623,1746969381.5238657,184.129,-21.8317,0.950469,-0.682959,-0.101627,5918.3,5,26.82,1387.62,4390.18,48.8297,1,2,0.8,0.0,0.0,5,0.0,0,True,1746969357.277941,left,False
4624,1746969381.5449436,183.914,-22.8161,0.725487,-0.684098,-0.111104,5933.53,5,26.842,1388.73,4391.29,48.8294,1,2,0.8,0.0,0.0,5,0.0,0,True,1746969357.277941,left,False
4625,1746969381.5677352,183.721,-23.7869,0.511892,-0.684937,-0.120267,5944.5,5,26.864,1389.85,4392.41,48.8292,1,2,0.8,0.0,0.0,5,0.0,0,True,1746969357.277941,left,False
4626,1746969381.5883694,183.55,-24.6328,0.30573,-0.685478,-0.128772,5943.33,5,26.886,1390.97,4393.53,48.8289,1,2,0.8,0.0,0.0,5,0.0,0,True,1746969357.277941,left,False
4627,1746969381.6108596,183.391,-25.3588,0.0945074,-0.685734,-0.136659,5938.84,5,26.908,1392.08,4394.64,48.8287,1,2,0.8,0.0,0.0,5,0.0,0,True,1746969357.277941,left,False
4628,1746969381.6314113,183.243,-25.9536,-0.113072,-0.685681,-0.143941,5934.8,5,26.93,1393.2,4395.76,48.8284,1,2,0.8,0.0,0.0,5,0.0,0,True,1746969357.277941,left,False
4629,1746969381.654059,183.109,-26.4219,-0.313659,-0.685323,-0.150613,5929.82,5,26.952,1394.31,4396.87,48.8282,1,2,0.8,0.0,0.0,5,0.0,0,True,1746969357.277941,left,False
4630,1746969381.675983,182.985,-26.7827,-0.519098,-0.684648,-0.15671,5928.94,5,26.974,1395.43,4397.99,48.8279,1,2,0.8,0.0,0.0,5,0.0,0,True,1746969357.277941,left,False
4631,1746969381.6989121,182.872,-27.0284,-0.717998,-0.683671,-0.16223,5931.64,5,26.996,1396.54,4399.1,48.8277,1,2,0.8,0.0,0.0,5,0.0,0,True,1746969357.277941,left,False
4632,1746969381.7202752,182.775,-27.1784,-0.923251,-0.682377,-0.167221,5928.49,5,27.018,1397.65,4400.21,48.8274,1,2,0.8,0.0,0.0,5,0.0,0,True,1746969357.277941,left,False
4633,1746969381.7423098,182.687,-27.2384,-1.13509,-0.68077,-0.171676,5937.62,5,27.04,1398.77,4401.33,48.8272,1,2,0.8,0.0,0.0,5,0.0,0,True,1746969357.277941,left,False
4634,1746969381.7654214,182.612,-27.1942,-1.33976,-0.678853,-0.175597,5945.07,5,27.062,1399.88,4402.44,48.8269,1,2,0.8,0.0,0.0,5,0.0,0,True,1746969357.277941,left,False
4635,1746969381.7848349,182.552,-27.06,-1.54863,-0.676628,-0.178979,5954.69,5,27.084,1400.99,4403.55,48.8267,1,2,0.8,0.0,0.0,5,0.0,0,True,1746969357.277941,left,False
4636,1746969381.8096204,182.51,-26.8223,-1.7495,-0.674097,-0.181831,5959.92,5,27.106,1402.1,4404.66,48.8264,1,2,0.8,0.0,0.0,5,0.0,0,True,1746969357.277941,left,False
4637,1746969381.8302834,182.479,-26.4967,-1.96346,-0.671252,-0.184138,5974.11,5,27.128,1403.21,4405.77,48.8262,1,2,0.8,0.0,0.0,5,0.0,0,True,1746969357.277941,left,False
4638,1746969381.8533485,182.469,-26.072,-2.17431,-0.668107,-0.185891,5980.9,5,27.15,1404.32,4406.88,48.8259,1,2,0.8,0.0,0.0,5,0.0,0,True,1746969357.277941,left,False
4639,1746969381.8753889,182.481,-25.5423,-2.37576,-0.664657,-0.187081,5978.99,5,27.172,1405.43,4407.99,48.8256,1,2,0.8,0.0,0.0,5,0.0,0,True,1746969357.277941,left,False
4640,1746969381.8973758,182.504,-24.9116,-2.5687,-0.660897,-0.187697,5981.38,5,27.194,1406.54,4409.1,48.8254,1,2,0.8,0.0,0.0,5,0.0,0,True,1746969357.277941,left,False
4641,1746969381.9183822,182.546,-24.1886,-2.77232,-0.65684,-0.187739,5981.75,5,27.216,1407.65,4410.21,48.8251,1,2,0.8,0.0,0.0,5,0.0,0,True,1746969357.277941,left,False
4642,1746969381.939894,182.607,-23.3696,-2.97141,-0.652486,-0.1872,5977.08,5,27.238,1408.76,4411.32,48.8249,1,2,0.8,0.0,0.0,5,0.0,0,True,1746969357.277941,left,False
4643,1746969381.9626524,182.682,-22.4587,-3.17564,-0.647831,-0.186095,5972.2,5,27.26,1409.87,4412.43,48.8246,1,2,0.8,0.0,0.0,5,0.0,0,True,1746969357.277941,left,False
4644,1746969381.9841726,182.773,-21.4506,-3.36918,-0.642887,-0.184422,5962.25,5,27.282,1410.98,4413.54,48.8244,1,2,0.8,0.0,0.0,5,0.0,0,True,1746969357.277941,left,False
4645,1746969382.0066512,182.877,-20.3566,-3.56664,-0.637659,-0.182188,5949.44,5,27.304,1412.08,4414.64,48.8241,1,2,0.8,0.0,0.0,5,0.0,0,True,1746969357.277941,left,False
4646,1746969382.028717,182.998,-19.1761,-3.75202,-0.632153,-0.179419,5927.91,5,27.326,1413.19,4415.75,48.8239,1,2,0.8,0.0,0.0,5,0.0,0,True,1746969357.277941,left,False
4647,1746969382.0493963,183.129,-17.9174,-3.93389,-0.626371,-0.176127,5903.45,5,27.348,1414.3,4416.86,48.8236,1,2,0.8,0.0,0.0,5,0.0,0,True,1746969357.277941,left,False
4648,1746969382.0733738,183.269,-16.5982,-4.1181,-0.620321,-0.172357,5876.21,5,27.37,1415.4,4417.96,48.8234,1,2,0.8,0.0,0.0,5,0.0,0,True,1746969357.277941,left,False
4649,1746969382.0941837,183.416,-15.2177,-4.28867,-0.614018,-0.168149,5843.39,5,27.392,1416.51,4419.07,48.8231,1,2,0.8,0.0,0.0,5,0.0,0,True,1746969357.277941,left,False
4650,1746969382.1169279,183.563,-13.806,-4.46316,-0.607467,-0.16356,5814.24,5,27.414,1417.62,4420.18,48.8229,1,2,0.8,0.0,0.0,5,0.0,0,True,1746969357.277941,left,False
4651,1746969382.138442,183.717,-12.3607,-4.62101,-0.600688,-0.158648,5774.82,5,27.436,1418.72,4421.28,48.8226,1,2,0.8,0.0,0.0,5,0.0,0,True,1746969357.277941,left,False
4652,1746969382.1611638,183.863,-10.9145,-4.77395,-0.593689,-0.153503,5743.18,5,27.458,1419.83,4422.39,48.8224,1,2,0.8,0.0,0.0,5,0.0,0,True,1746969357.277941,left,False
4653,1746969382.1837661,184,-9.48776,-4.9206,-0.586495,-0.148205,5717.99,5,27.48,1420.94,4423.5,48.8221,1,2,0.8,0.0,0.0,5,0.0,0,True,1746969357.277941,left,False
4654,1746969382.2046385,184.129,-8.09666,-5.05582,-0.579126,-0.142831,5694.21,5,27.502,1422.04,4424.61,48.8219,1,2,0.8,0.0,0.0,5,0.0,0,True,1746969357.277941,left,False
4655,1746969382.2273016,184.247,-6.76108,-5.17356,-0.571602,-0.137472,5677.23,5,27.524,1423.15,4425.71,48.8216,1,2,0.8,0.0,0.0,5,0.0,0,True,1746969357.277941,left,False
4656,1746969382.249657,184.354,-5.5011,-5.28629,-0.563945,-0.1322,5665.66,5,27.546,1424.26,4426.82,48.8214,1,2,0.8,0.0,0.0,5,0.0,0,True,1746969357.277941,left,False
4657,1746969382.270673,184.454,-4.32379,-5.37027,-0.556181,-0.127068,5655.32,5,27.568,1425.37,4427.93,48.8211,1,2,0.8,0.0,0.0,5,0.0,0,True,1746969357.277941,left,False
4658,1746969382.2917247,184.543,-3.24303,-5.44474,-0.54834,-0.122118,5650.45,5,27.59,1426.48,4429.04,48.8209,1,2,0.8,0.0,0.0,5,0.0,0,True,1746969357.277941,left,False
4659,1746969382.3157053,184.627,-2.26028,-5.49874,-0.540434,-0.117383,5646.87,5,27.612,1427.59,4430.15,48.8206,1,2,0.8,0.0,0.0,5,0.0,0,True,1746969357.277941,left,False
4660,1746969382.3362937,184.705,-1.3788,-5.53182,-0.532495,-0.112886,5644.44,5,27.634,1428.7,4431.26,48.8204,1,2,0.8,0.0,0.0,5,0.0,0,True,1746969357.277941,left,False
4661,1746969382.3572824,184.779,-0.597388,-5.54654,-0.524556,-0.108642,5643.5,5,27.656,1429.81,4432.37,48.8201,1,2,0.8,0.0,0.0,5,0.0,0,True,1746969357.277941,left,False
4662,1746969382.3793714,184.849,0.0861813,-5.54618,-0.516622,-0.104657,5643.82,5,27.678,1430.92,4433.48,48.8199,1,2,0.8,0.0,0.0,5,0.0,0,True,1746969357.277941,left,False
4663,1746969382.4017456,184.916,0.676254,-5.51965,-0.508716,-0.100939,5644.1,5,27.7,1432.03,4434.59,48.8196,1,2,0.8,0.0,0.0,5,0.0,0,True,1746969357.277941,left,False
4664,1746969382.4262326,184.981,1.17773,-5.47812,-0.500863,-0.0974844,5644.2,5,27.722,1433.14,4435.7,48.8194,1,2,0.8,0.0,0.0,5,0.0,0,True,1746969357.277941,left,False
4665,1746969382.445937,185.045,1.59677,-5.42231,-0.49307,-0.0942891,5644.82,5,27.744,1434.26,4436.82,48.8191,1,2,0.8,0.0,0.0,5,0.0,0,True,1746969357.277941,left,False
4666,1746969382.4682884,185.108,1.93993,-5.35284,-0.485343,-0.0913461,5646.02,5,27.766,1435.37,4437.93,48.8189,1,2,0.8,0.0,0.0,5,0.0,0,True,1746969357.277941,left,False
4667,1746969382.4895005,185.17,2.21362,-5.26982,-0.477718,-0.0886472,5647.34,5,27.788,1436.49,4439.05,48.8186,1,2,0.8,0.0,0.0,5,0.0,0,True,1746969357.277941,left,False
4668,1746969382.511261,185.23,2.42639,-5.18205,-0.470174,-0.0861762,5649.91,5,27.81,1437.6,4440.16,48.8183,1,2,0.8,0.0,0.0,5,0.0,0,True,1746969357.277941,left,False
4669,1746969382.5338583,185.292,2.5829,-5.07853,-0.46274,-0.0839184,5650.49,5,27.832,1438.72,4441.28,48.8181,1,2,0.8,0.0,0.0,5,0.0,0,True,1746969357.277941,left,False
4670,1746969382.555235,185.353,2.69267,-4.97495,-0.45542,-0.081858,5652,5,27.854,1439.83,4442.39,48.8178,1,2,0.8,0.0,0.0,5,0.0,0,True,1746969357.277941,left,False
4671,1746969382.577268,185.415,2.76125,-4.85951,-0.448214,-0.0799735,5652.38,5,27.876,1440.95,4443.51,48.8176,1,2,0.8,0.0,0.0,5,0.0,0,True,1746969357.277941,left,False
4672,1746969382.6016777,185.475,2.79853,-4.75988,-0.441121,-0.0782426,5655.34,5,27.898,1442.07,4444.63,48.8173,1,2,0.8,0.0,0.0,5,0.0,0,True,1746969357.277941,left,False
4673,1746969382.6218288,185.536,2.80734,-4.64303,-0.434143,-0.0766442,5656.35,5,27.92,1443.19,4445.75,48.8171,1,2,0.8,0.0,0.0,5,0.0,0,True,1746969357.277941,left,False
4674,1746969382.6439428,185.597,2.7958,-4.53469,-0.427279,-0.0751584,5657.94,5,27.942,1444.31,4446.87,48.8168,1,2,0.8,0.0,0.0,5,0.0,0,True,1746969357.277941,left,False
4675,1746969382.6674898,185.658,2.76903,-4.43396,-0.420528,-0.0737651,5659.68,5,27.964,1445.43,4447.99,48.8166,1,2,0.8,0.0,0.0,5,0.0,0,True,1746969357.277941,left,False
4676,1746969382.6879926,185.719,2.73146,-4.32995,-0.413896,-0.0724452,5661.13,5,27.986,1446.55,4449.11,48.8163,1,2,0.8,0.0,0.0,5,0.0,0,True,1746969357.277941,left,False
4677,1746969382.7103944,185.779,2.68625,-4.2381,-0.407373,-0.0711854,5663.19,5,28.008,1447.67,4450.23,48.8161,1,2,0.8,0.0,0.0,5,0.0,0,True,1746969357.277941,left,False
4678,1746969382.7315195,185.839,2.63627,-4.14354,-0.400968,-0.0699723,5665.21,5,28.03,1448.79,4451.35,48.8158,1,2,0.8,0.0,0.0,5,0.0,0,True,1746969357.277941,left,False
4679,1746969382.7539687,185.899,2.58392,-4.05779,-0.394678,-0.0687946,5667.72,5,28.052,1449.92,4452.48,48.8156,1,2,0.8,0.0,0.0,5,0.0,0,True,1746969357.277941,left,False
4680,1746969382.7753096,185.959,2.5314,-3.98417,-0.388464,-0.0676463,5669.38,5,28.074,1451.04,4453.6,48.8153,1,2,0.8,0.0,0.0,5,0.0,0,True,1746969357.277941,left,False
4681,1746969382.7982936,186.018,2.47886,-3.91114,-0.382361,-0.06652,5671.9,5,28.096,1452.16,4454.72,48.8151,1,2,0.8,0.0,0.0,5,0.0,0,True,1746969357.277941,left,False
4682,1746969382.818997,186.077,2.42757,-3.84227,-0.376371,-0.0654119,5674.25,5,28.118,1453.29,4455.85,48.8148,1,2,0.8,0.0,0.0,5,0.0,0,True,1746969357.277941,left,False
4683,1746969382.8427308,186.137,2.37673,-3.77519,-0.3705,-0.0643185,5675.57,5,28.14,1454.41,4456.97,48.8146,1,2,0.8,0.0,0.0,5,0.0,0,True,1746969357.277941,left,False
4684,1746969382.8651803,186.195,2.32868,-3.71198,-0.364693,-0.0632346,5678.12,5,28.162,1455.54,4458.1,48.8143,1,2,0.8,0.0,0.0,5,0.0,0,True,1746969357.277941,left,False
4685,1746969382.8863297,186.253,2.28302,-3.65029,-0.359009,-0.062157,5679.94,5,28.184,1456.67,4459.23,48.8141,1,2,0.8,0.0,0.0,5,0.0,0,True,1746969357.277941,left,False
4686,1746969382.907534,186.312,2.23927,-3.59061,-0.353422,-0.0610841,5681.2,5,28.206,1457.79,4460.35,48.8138,1,2,0.8,0.0,0.0,5,0.0,0,True,1746969357.277941,left,False
4687,1746969382.9298134,186.37,2.19727,-3.5303,-0.347925,-0.0600198,5683.46,5,28.228,1458.92,4461.48,48.8136,1,2,0.8,0.0,0.0,5,0.0,0,True,1746969357.277941,left,False
4688,1746969382.9524739,186.428,2.15746,-3.47637,-0.342533,-0.0589584,5685.27,5,28.25,1460.05,4462.61,48.8133,1,2,0.8,0.0,0.0,5,0.0,0,True,1746969357.277941,left,False
4689,1746969382.9766934,186.485,2.12092,-3.41939,-0.337223,-0.0578979,5687.48,5,28.272,1461.18,4463.74,48.8131,1,2,0.8,0.0,0.0,5,0.0,0,True,1746969357.277941,left,False
4690,1746969382.9989028,186.542,2.08637,-3.36922,-0.332019,-0.0568388,5689.19,5,28.294,1462.31,4464.87,48.8128,1,2,0.8,0.0,0.0,5,0.0,0,True,1746969357.277941,left,False
4691,1746969383.0202277,186.599,2.05467,-3.31419,-0.326892,-0.0557788,5690.7,5,28.316,1463.44,4466,48.8126,1,2,0.8,0.0,0.0,5,0.0,0,True,1746969357.277941,left,False
4692,1746969383.0434337,186.656,2.0254,-3.26499,-0.321871,-0.0547136,5692.39,5,28.338,1464.57,4467.13,48.8123,1,2,0.8,0.0,0.0,5,0.0,0,True,1746969357.277941,left,False
4693,1746969383.0627153,186.713,1.99851,-3.20809,-0.316939,-0.0536473,5693.87,5,28.36,1465.7,4468.26,48.8121,1,2,0.8,0.0,0.0,5,0.0,0,True,1746969357.277941,left,False
4694,1746969383.0858374,186.769,1.97337,-3.15192,-0.312089,-0.0525788,5696.15,5,28.382,1466.83,4469.39,48.8118,1,2,0.8,0.0,0.0,5,0.0,0,True,1746969357.277941,left,False
4695,1746969383.1053317,186.825,1.95025,-3.09424,-0.307341,-0.0515083,5697.24,5,28.404,1467.96,4470.52,48.8116,1,2,0.8,0.0,0.0,5,0.0,0,True,1746969357.277941,left,False
4696,1746969383.1305006,186.88,1.92943,-3.04032,-0.302673,-0.0504335,5699.54,5,28.426,1469.1,4471.66,48.8113,1,2,0.8,0.0,0.0,5,0.0,0,True,1746969357.277941,left,False
4697,1746969383.1543896,186.936,1.91054,-2.98573,-0.298092,-0.0493549,5700.12,5,28.448,1470.23,4472.79,48.811,1,2,0.8,0.0,0.0,5,0.0,0,True,1746969357.277941,left,False
4698,1746969383.1725507,186.992,1.89319,-2.92819,-0.293608,-0.0482724,5701.78,5,28.47,1471.36,4473.92,48.8108,1,2,0.8,0.0,0.0,5,0.0,0,True,1746969357.277941,left,False
4699,1746969383.1946507,187.047,1.87786,-2.87128,-0.289205,-0.0471862,5703.55,5,28.492,1472.5,4475.06,48.8105,1,2,0.8,0.0,0.0,5,0.0,0,True,1746969357.277941,left,False
4700,1746969383.2195833,187.101,1.86424,-2.81449,-0.284888,-0.0460952,5705.38,5,28.514,1473.63,4476.19,48.8103,1,2,0.8,0.0,0.0,5,0.0,0,True,1746969357.277941,left,False
4701,1746969383.238696,187.155,1.85224,-2.75756,-0.280668,-0.0450004,5707.19,5,28.536,1474.77,4477.33,48.81,1,2,0.8,0.0,0.0,5,0.0,0,True,1746969357.277941,left,False
4702,1746969383.2613113,187.209,1.84162,-2.69866,-0.276526,-0.0439013,5708.88,5,28.558,1475.9,4478.46,48.8098,1,2,0.8,0.0,0.0,5,0.0,0,True,1746969357.277941,left,False
4703,1746969383.2815967,187.263,1.83198,-2.63665,-0.272473,-0.0427983,5710.31,5,28.58,1477.04,4479.6,48.8095,1,2,0.8,0.0,0.0,5,0.0,0,True,1746969357.277941,left,False
4704,1746969383.3051455,187.316,1.82449,-2.58673,-0.26851,-0.0416911,5712.68,5,28.602,1478.18,4480.74,48.8093,1,2,0.8,0.0,0.0,5,0.0,0,True,1746969357.277941,left,False
4705,1746969383.3259723,187.37,1.81784,-2.5246,-0.264636,-0.0405782,5713.56,5,28.624,1479.31,4481.87,48.809,1,2,0.8,0.0,0.0,5,0.0,0,True,1746969357.277941,left,False
4706,1746969383.3475246,187.422,1.81241,-2.47174,-0.260836,-0.0394643,5715.94,5,28.646,1480.45,4483.01,48.8088,1,2,0.8,0.0,0.0,5,0.0,0,True,1746969357.277941,left,False
4707,1746969383.3709178,187.475,1.80796,-2.41826,-0.257129,-0.0383466,5717.45,5,28.668,1481.59,4484.15,48.8085,1,2,0.8,0.0,0.0,5,0.0,0,True,1746969357.277941,left,False
4708,1746969383.393976,187.528,1.80302,-2.35345,-0.253516,-0.037226,5718.17,5,28.69,1482.73,4485.29,48.8083,1,2,0.8,0.0,0.0,5,0.0,0,True,1746969357.277941,left,False
4709,1746969383.4140337,187.581,1.79951,-2.29239,-0.24998,-0.0361016,5719.59,5,28.712,1483.87,4486.43,48.808,1,2,0.8,0.0,0.0,5,0.0,0,True,1746969357.277941,left,False
4710,1746969383.4363623,187.633,1.79674,-2.23401,-0.246533,-0.0349734,5721.23,5,28.734,1485.01,4487.57,48.8078,1,2,0.8,0.0,0.0,5,0.0,0,True,1746969357.277941,left,False
4711,1746969383.458603,187.684,1.79566,-2.17475,-0.243172,-0.0338386,5722.62,5,28.756,1486.15,4488.71,48.8075,1,2,0.8,0.0,0.0,5,0.0,0,True,1746969357.277941,left,False
4712,1746969383.4817293,187.736,1.79538,-2.11892,-0.239901,-0.0326989,5724.25,5,28.778,1487.29,4489.85,48.8073,1,2,0.8,0.0,0.0,5,0.0,0,True,1746969357.277941,left,False
4713,1746969383.5012543,187.787,1.79579,-2.06253,-0.236715,-0.0315545,5726.09,5,28.8,1488.43,4490.99,48.807,1,2,0.8,0.0,0.0,5,0.0,0,True,1746969357.277941,left,False
4714,1746969383.5263057,187.837,1.79732,-2.01207,-0.23361,-0.0304073,5728.18,5,28.822,1489.57,4492.13,48.8068,1,2,0.8,0.0,0.0,5,0.0,0,True,1746969357.277941,left,False
4715,1746969383.5478098,187.888,1.79861,-1.95213,-0.230595,-0.0292576,5729.42,5,28.844,1490.71,4493.27,48.8065,1,2,0.8,0.0,0.0,5,0.0,0,True,1746969357.277941,left,False
4716,1746969383.567728,187.938,1.79992,-1.89669,-0.227673,-0.0281051,5731.06,5,28.866,1491.85,4494.41,48.8063,1,2,0.8,0.0,0.0,5,0.0,0,True,1746969357.277941,left,False
4717,1746969383.5891287,187.989,1.80163,-1.83848,-0.224833,-0.0269511,5731.87,5,28.888,1493,4495.56,48.806,1,2,0.8,0.0,0.0,5,0.0,0,True,1746969357.277941,left,False
4718,1746969383.6125152,188.038,1.80397,-1.78365,-0.222078,-0.0257929,5733.88,5,28.91,1494.14,4496.7,48.8058,1,2,0.8,0.0,0.0,5,0.0,0,True,1746969357.277941,left,False
4719,1746969383.6357613,188.088,1.80606,-1.72386,-0.219413,-0.0246328,5735.12,5,28.932,1495.28,4497.84,48.8055,1,2,0.8,0.0,0.0,5,0.0,0,True,1746969357.277941,left,False
4720,1746969383.6555376,188.137,1.80836,-1.66672,-0.216838,-0.0234717,5736.87,5,28.954,1496.43,4498.99,48.8053,1,2,0.8,0.0,0.0,5,0.0,0,True,1746969357.277941,left,False
4721,1746969383.6788516,188.186,1.81048,-1.60792,-0.214343,-0.0223106,5738.22,5,28.976,1497.57,4500.13,48.805,1,2,0.8,0.0,0.0,5,0.0,0,True,1746969357.277941,left,False
4722,1746969383.7019978,188.235,1.81205,-1.55049,-0.211938,-0.0211485,5739.48,5,28.998,1498.71,4501.27,48.8048,1,2,0.8,0.0,0.0,5,0.0,0,True,1746969357.277941,left,False
4723,1746969383.722496,188.283,1.8143,-1.49923,-0.209627,-0.0199869,5741.86,5,29.02,1499.86,4502.42,48.8045,1,2,0.8,0.0,0.0,5,0.0,0,True,1746969357.277941,left,False
4724,1746969383.7432504,188.331,1.81591,-1.44021,-0.207406,-0.0188244,5742.92,5,29.042,1501,4503.56,48.8042,1,2,0.8,0.0,0.0,5,0.0,0,True,1746969357.277941,left,False
4725,1746969383.7673898,188.379,1.81781,-1.38652,-0.205257,-0.0176619,5744.56,5,29.064,1502.15,4504.71,48.804,1,2,0.8,0.0,0.0,5,0.0,0,True,1746969357.277941,left,False
4726,1746969383.7890084,188.426,1.81907,-1.32762,-0.203206,-0.0164998,5746.18,5,29.086,1503.3,4505.86,48.8037,1,2,0.8,0.0,0.0,5,0.0,0,True,1746969357.277941,left,False
4727,1746969383.8111076,188.474,1.81954,-1.26946,-0.201249,-0.0153392,5747.81,5,29.108,1504.44,4507,48.8035,1,2,0.8,0.0,0.0,5,0.0,0,True,1746969357.277941,left,False
4728,1746969383.8325427,188.521,1.8199,-1.21111,-0.199373,-0.0141791,5748.66,5,29.13,1505.59,4508.15,48.8032,1,2,0.8,0.0,0.0,5,0.0,0,True,1746969357.277941,left,False
4729,1746969383.8533309,188.567,1.82054,-1.1546,-0.197583,-0.0130199,5750.55,5,29.152,1506.74,4509.3,48.803,1,2,0.8,0.0,0.0,5,0.0,0,True,1746969357.277941,left,False
4730,1746969383.875092,188.614,1.82059,-1.09547,-0.19589,-0.0118607,5751.87,5,29.174,1507.89,4510.44,48.8027,1,2,0.8,0.0,0.0,5,0.0,0,True,1746969357.277941,left,False
4731,1746969383.899268,188.661,1.82042,-1.04258,-0.194287,-0.0107034,5753.14,5,29.196,1509.03,4511.59,48.8025,1,2,0.8,0.0,0.0,5,0.0,0,True,1746969357.277941,left,False
4732,1746969383.9204514,188.707,1.81983,-0.979045,-0.192765,-0.00954515,5754.58,5,29.218,1510.18,4512.74,48.8022,1,2,0.8,0.0,0.0,5,0.0,0,True,1746969357.277941,left,False
4733,1746969383.9415457,188.753,1.8192,-0.918067,-0.191333,-0.00838691,5755.7,5,29.24,1511.33,4513.89,48.802,1,2,0.8,0.0,0.0,5,0.0,0,True,1746969357.277941,left,False
4734,1746969383.9658422,188.798,1.81914,-0.857512,-0.189994,-0.0072282,5757.04,5,29.262,1512.48,4515.04,48.8017,1,2,0.8,0.0,0.0,5,0.0,0,True,1746969357.277941,left,False
4735,1746969383.9872909,188.843,1.81887,-0.797267,-0.188745,-0.00606758,5758.15,5,29.284,1513.63,4516.19,48.8015,1,2,0.8,0.0,0.0,5,0.0,0,True,1746969357.277941,left,False
4736,1746969384.0071979,188.888,1.81866,-0.737236,-0.187581,-0.00490791,5759.65,5,29.306,1514.78,4517.34,48.8012,1,2,0.8,0.0,0.0,5,0.0,0,True,1746969357.277941,left,False
4737,1746969384.0311894,188.933,1.81877,-0.682227,-0.186507,-0.00374824,5761.31,5,29.328,1515.93,4518.49,48.801,1,2,0.8,0.0,0.0,5,0.0,0,True,1746969357.277941,left,False
4738,1746969384.0540292,188.977,1.8188,-0.627766,-0.185527,-0.00258857,5763.09,5,29.35,1517.08,4519.64,48.8007,1,2,0.8,0.0,0.0,5,0.0,0,True,1746969357.277941,left,False
4739,1746969384.0744658,189.022,1.818,-0.562816,-0.184639,-0.00142891,5762.9,5,29.372,1518.23,4520.79,48.8005,1,2,0.8,0.0,0.0,5,0.0,0,True,1746969357.277941,left,False
4740,1746969384.0961242,189.065,1.81788,-0.504918,-0.18383,-0.000269238,5764.79,5,29.394,1519.38,4521.94,48.8002,1,2,0.8,0.0,0.0,5,0.0,0,True,1746969357.277941,left,False
4741,1746969384.1169672,189.109,1.81746,-0.44176,-0.18311,0.000892337,5766.15,5,29.416,1520.53,4523.09,48.8,1,2,0.8,0.0,0.0,5,0.0,0,True,1746969357.277941,left,False
4742,1746969384.1407135,189.152,1.81749,-0.386197,-0.182487,0.00205248,5767.45,5,29.438,1521.68,4524.24,48.7997,1,2,0.8,0.0,0.0,5,0.0,0,True,1746969357.277941,left,False
4743,1746969384.1626062,189.195,1.81709,-0.329675,-0.181958,0.00321358,5769.17,5,29.46,1522.83,4525.39,48.7995,1,2,0.8,0.0,0.0,5,0.0,0,True,1746969357.277941,left,False
4744,1746969384.1848736,189.237,1.81722,-0.273383,-0.181506,0.00437516,5770.67,5,29.482,1523.99,4526.55,48.7992,1,2,0.8,0.0,0.0,5,0.0,0,True,1746969357.277941,left,False
4745,1746969384.2067375,189.281,1.81575,-0.206365,-0.181148,0.00553482,5770.67,5,29.504,1525.14,4527.7,48.799,1,2,0.8,0.0,0.0,5,0.0,0,True,1746969357.277941,left,False
4746,1746969384.229694,189.322,1.81659,-0.155814,-0.180884,0.00669545,5773.61,5,29.526,1526.29,4528.85,48.7987,1,2,0.8,0.0,0.0,5,0.0,0,True,1746969357.277941,left,False
4747,1746969384.252735,189.364,1.8162,-0.102724,-0.180709,0.00785607,5773.88,5,29.548,1527.44,4530,48.7985,1,2,0.8,0.0,0.0,5,0.0,0,True,1746969357.277941,left,False
4748,1746969384.2712429,189.405,1.81522,-0.0331095,-0.180615,0.00901574,5775.46,5,29.57,1528.6,4531.16,48.7982,1,2,0.8,0.0,0.0,5,0.0,0,True,1746969357.277941,left,False
4749,1746969384.2931387,189.447,1.81338,0.0248338,-0.180615,0.0101744,5776.11,5,29.592,1529.75,4532.31,48.798,1,2,0.8,0.0,0.0,5,0.0,0,True,1746969357.277941,left,False
4750,1746969384.3163776,189.488,1.81306,0.0859617,-0.180713,0.0113341,5777.46,5,29.614,1530.9,4533.46,48.7977,1,2,0.8,0.0,0.0,5,0.0,0,True,1746969357.277941,left,False
4751,1746969384.3389993,189.529,1.81247,0.150358,-0.1809,0.0124986,5778.56,5,29.636,1532.06,4534.62,48.7975,1,2,0.8,0.0,0.0,5,0.0,0,True,1746969357.277941,left,False
4752,1746969384.3603036,189.569,1.81257,0.211134,-0.181169,0.0136635,5780.55,5,29.658,1533.21,4535.77,48.7972,1,2,0.8,0.0,0.0,5,0.0,0,True,1746969357.277941,left,False
4753,1746969384.3825624,189.609,1.81188,0.273771,-0.181535,0.0148255,5781.02,5,29.68,1534.37,4536.93,48.7969,1,2,0.8,0.0,0.0,5,0.0,0,True,1746969357.277941,left,False
4754,1746969384.4032357,189.649,1.81148,0.338321,-0.181991,0.0159895,5782.31,5,29.702,1535.52,4538.08,48.7967,1,2,0.8,0.0,0.0,5,0.0,0,True,1746969357.277941,left,False
4755,1746969384.427369,189.688,1.81223,0.394215,-0.182536,0.0171544,5784.36,5,29.724,1536.68,4539.24,48.7964,1,2,0.8,0.0,0.0,5,0.0,0,True,1746969357.277941,left,False
4756,1746969384.4482467,189.727,1.81362,0.437519,-0.183167,0.0183198,5786.1,5,29.746,1537.83,4540.39,48.7962,1,2,0.8,0.0,0.0,5,0.0,0,True,1746969357.277941,left,False
4757,1746969384.469419,189.766,1.81424,0.497231,-0.183891,0.0194871,5786.9,5,29.768,1538.99,4541.55,48.7959,1,2,0.8,0.0,0.0,5,0.0,0,True,1746969357.277941,left,False
4758,1746969384.4942427,189.805,1.81425,0.556353,-0.184705,0.0206525,5788.03,5,29.79,1540.14,4542.7,48.7957,1,2,0.8,0.0,0.0,5,0.0,0,True,1746969357.277941,left,False
4759,1746969384.516295,189.842,1.81401,0.606699,-0.185612,0.0218107,5790.02,5,29.812,1541.3,4543.86,48.7954,1,2,0.8,0.0,0.0,5,0.0,0,True,1746969357.277941,left,False
4760,1746969384.5372818,189.881,1.81117,0.664998,-0.186601,0.0229623,5790.16,5,29.834,1542.45,4545.01,48.7952,1,2,0.8,0.0,0.0,5,0.0,0,True,1746969357.277941,left,False
4761,1746969384.556801,189.92,1.80891,0.724494,-0.187687,0.0241148,5790.52,5,29.856,1543.61,4546.17,48.7949,1,2,0.8,0.0,0.0,5,0.0,0,True,1746969357.277941,left,False
4762,1746969384.581064,189.957,1.8074,0.781958,-0.188871,0.0252706,5792.13,5,29.878,1544.77,4547.32,48.7947,1,2,0.8,0.0,0.0,5,0.0,0,True,1746969357.277941,left,False
4763,1746969384.6026986,189.994,1.80542,0.8393,-0.190137,0.0264251,5793.26,5,29.9,1545.92,4548.48,48.7944,1,2,0.8,0.0,0.0,5,0.0,0,True,1746969357.277941,left,False
4764,1746969384.6246376,190.032,1.8036,0.908281,-0.191488,0.0275828,5793.61,5,29.922,1547.08,4549.64,48.7942,1,2,0.8,0.0,0.0,5,0.0,0,True,1746969357.277941,left,False
4765,1746969384.647037,190.069,1.80157,0.977315,-0.192936,0.0287434,5794.4,5,29.944,1548.24,4550.79,48.7939,1,2,0.8,0.0,0.0,5,0.0,0,True,1746969357.277941,left,False
4766,1746969384.6678739,190.105,1.80156,1.0398,-0.194478,0.0299079,5796.15,5,29.966,1549.39,4551.95,48.7937,1,2,0.8,0.0,0.0,5,0.0,0,True,1746969357.277941,left,False
4767,1746969384.6912587,190.141,1.80194,1.10298,-0.19611,0.0310766,5796.99,5,29.988,1550.55,4553.11,48.7934,1,2,0.8,0.0,0.0,5,0.0,0,True,1746969357.277941,left,False
4768,1746969384.7134497,190.177,1.8024,1.16552,-0.197823,0.0322439,5798.13,5,30.01,1551.71,4554.27,48.7932,1,2,0.8,0.0,0.0,5,0.0,0,True,1746969357.277941,left,False
4769,1746969384.7354865,190.213,1.80314,1.23197,-0.199638,0.0334184,5799.08,5,30.032,1552.86,4555.42,48.7929,1,2,0.8,0.0,0.0,5,0.0,0,True,1746969357.277941,left,False
4770,1746969384.757299,190.248,1.8055,1.29052,-0.201546,0.0345971,5799.91,5,30.054,1554.02,4556.58,48.7927,1,2,0.8,0.0,0.0,5,0.0,0,True,1746969357.277941,left,False
4771,1746969384.7777128,190.283,1.80771,1.35156,-0.203536,0.0357749,5801.33,5,30.076,1555.18,4557.74,48.7924,1,2,0.8,0.0,0.0,5,0.0,0,True,1746969357.277941,left,False
4772,1746969384.8006346,190.318,1.80959,1.41043,-0.205615,0.0369531,5801.69,5,30.098,1556.34,4558.9,48.7922,1,2,0.8,0.0,0.0,5,0.0,0,True,1746969357.277941,left,False
4773,1746969384.823201,190.353,1.81144,1.47385,-0.207788,0.0381343,5802.66,5,30.12,1557.49,4560.05,48.7919,1,2,0.8,0.0,0.0,5,0.0,0,True,1746969357.277941,left,False
4774,1746969384.8436923,190.387,1.81348,1.53222,-0.210063,0.039314,5803.92,5,30.142,1558.65,4561.21,48.7917,1,2,0.8,0.0,0.0,5,0.0,0,True,1746969357.277941,left,False
4775,1746969384.8665948,190.42,1.81573,1.5857,-0.212415,0.0404927,5806,5,30.164,1559.81,4562.37,48.7914,1,2,0.8,0.0,0.0,5,0.0,0,True,1746969357.277941,left,False
4776,1746969384.8888927,190.454,1.81702,1.64366,-0.21486,0.04167,5806.58,5,30.186,1560.97,4563.53,48.7912,1,2,0.8,0.0,0.0,5,0.0,0,True,1746969357.277941,left,False
4777,1746969384.9092157,190.486,1.81817,1.69951,-0.217399,0.0428464,5808.38,5,30.208,1562.13,4564.69,48.7909,1,2,0.8,0.0,0.0,5,0.0,0,True,1746969357.277941,left,False
4778,1746969384.9324253,190.519,1.81885,1.75783,-0.220036,0.0440204,5809.48,5,30.23,1563.29,4565.84,48.7907,1,2,0.8,0.0,0.0,5,0.0,0,True,1746969357.277941,left,False
4779,1746969384.9538007,190.553,1.81909,1.81879,-0.222754,0.0451934,5809.88,5,30.252,1564.44,4567,48.7904,1,2,0.8,0.0,0.0,5,0.0,0,True,1746969357.277941,left,False
4780,1746969384.9772394,190.585,1.81927,1.87363,-0.22557,0.0463664,5811.24,5,30.274,1565.6,4568.16,48.7901,1,2,0.8,0.0,0.0,5,0.0,0,True,1746969357.277941,left,False
4781,1746969385.0007498,190.617,1.81854,1.93664,-0.228479,0.0475375,5811.74,5,30.296,1566.76,4569.32,48.7899,1,2,0.8,0.0,0.0,5,0.0,0,True,1746969357.277941,left,False
4782,1746969385.0203323,190.65,1.81839,2.00098,-0.231478,0.048711,5812.64,5,30.318,1567.92,4570.48,48.7896,1,2,0.8,0.0,0.0,5,0.0,0,True,1746969357.277941,left,False
4783,1746969385.041208,190.681,1.81851,2.05517,-0.23457,0.0498816,5813.8,5,30.34,1569.08,4571.64,48.7894,1,2,0.8,0.0,0.0,5,0.0,0,True,1746969357.277941,left,False
4784,1746969385.0644128,190.713,1.81754,2.12064,-0.237744,0.0510527,5813.98,5,30.362,1570.24,4572.8,48.7891,1,2,0.8,0.0,0.0,5,0.0,0,True,1746969357.277941,left,False
4785,1746969385.085371,190.745,1.81742,2.18078,-0.24102,0.0522253,5814.57,5,30.384,1571.4,4573.95,48.7889,1,2,0.8,0.0,0.0,5,0.0,0,True,1746969357.277941,left,False
4786,1746969385.109513,190.775,1.81799,2.23869,-0.244389,0.0533997,5816.42,5,30.406,1572.55,4575.11,48.7886,1,2,0.8,0.0,0.0,5,0.0,0,True,1746969357.277941,left,False
4787,1746969385.1305733,190.806,1.81778,2.30363,-0.247843,0.0545747,5816.89,5,30.428,1573.71,4576.27,48.7884,1,2,0.8,0.0,0.0,5,0.0,0,True,1746969357.277941,right,False
4788,1746969385.1523237,190.835,1.8184,2.35937,-0.251392,0.0557496,5818.43,5,30.45,1574.87,4577.43,48.7881,1,2,0.8,0.0,0.0,5,0.0,0,True,1746969357.277941,right,False
4789,1746969385.1736119,190.866,1.81736,2.42505,-0.255033,0.0569207,5818.37,5,30.472,1576.03,4578.59,48.7879,1,2,0.8,0.0,0.0,5,0.0,0,True,1746969357.277941,right,False
4790,1746969385.1954699,190.896,1.81762,2.48502,-0.258769,0.0580966,5819.43,5,30.494,1577.19,4579.75,48.7876,1,2,0.8,0.0,0.0,5,0.0,0,True,1746969357.277941,right,False
4791,1746969385.2170525,190.925,1.81805,2.55025,-0.262585,0.0592763,5820.16,5,30.516,1578.35,4580.91,48.7874,1,2,0.8,0.0,0.0,5,0.0,0,True,1746969357.277941,right,False
4792,1746969385.2393074,190.955,1.81904,2.61144,-0.2665,0.0604569,5821.15,5,30.538,1579.51,4582.07,48.7871,1,2,0.8,0.0,0.0,5,0.0,0,True,1746969357.277941,right,False
4793,1746969385.2616932,190.983,1.82116,2.66854,-0.270512,0.0616419,5822.49,5,30.56,1580.67,4583.23,48.7869,1,2,0.8,0.0,0.0,5,0.0,0,True,1746969357.277941,right,False
4794,1746969385.2861805,191.012,1.82333,2.7242,-0.274613,0.0628263,5823.65,5,30.582,1581.83,4584.39,48.7866,1,2,0.8,0.0,0.0,5,0.0,0,True,1746969357.277941,right,False
4795,1746969385.3063605,191.041,1.82504,2.78881,-0.2788,0.0640146,5823.47,5,30.604,1582.99,4585.55,48.7864,1,2,0.8,0.0,0.0,5,0.0,0,True,1746969357.277941,right,False
4796,1746969385.328946,191.068,1.82745,2.84822,-0.283085,0.0652034,5824.92,5,30.626,1584.15,4586.71,48.7861,1,2,0.8,0.0,0.0,5,0.0,0,True,1746969357.277941,right,False
4797,1746969385.3517241,191.097,1.82903,2.91361,-0.287467,0.0663935,5825.4,5,30.648,1585.3,4587.86,48.7859,1,2,0.8,0.0,0.0,5,0.0,0,True,1746969357.277941,right,False
4798,1746969385.3725321,191.125,1.83125,2.97184,-0.291939,0.0675828,5825.78,5,30.67,1586.46,4589.02,48.7856,1,2,0.8,0.0,0.0,5,0.0,0,True,1746969357.277941,right,False
4799,1746969385.3939073,191.151,1.83379,3.02848,-0.296497,0.0687725,5827.9,5,30.692,1587.62,4590.18,48.7854,1,2,0.8,0.0,0.0,5,0.0,0,True,1746969357.277941,right,False
4800,1746969385.4163318,191.178,1.83531,3.09153,-0.301147,0.0699622,5828.14,5,30.714,1588.78,4591.34,48.7851,1,2,0.8,0.0,0.0,5,0.0,0,True,1746969357.277941,right,False
4801,1746969385.439275,191.205,1.83647,3.15578,-0.305896,0.0711514,5828.37,5,30.736,1589.94,4592.5,48.7849,1,2,0.8,0.0,0.0,5,0.0,0,True,1746969357.277941,right,False
4802,1746969385.46146,191.232,1.83834,3.21204,-0.310734,0.0723411,5829.52,5,30.758,1591.1,4593.66,48.7846,1,2,0.8,0.0,0.0,5,0.0,0,True,1746969357.277941,right,False
4803,1746969385.4826055,191.258,1.83943,3.27294,-0.315666,0.0735289,5830.21,5,30.78,1592.26,4594.82,48.7844,1,2,0.8,0.0,0.0,5,0.0,0,True,1746969357.277941,right,False
4804,1746969385.5070376,191.283,1.84109,3.32787,-0.320691,0.0747153,5831.98,5,30.802,1593.42,4595.98,48.7841,1,2,0.8,0.0,0.0,5,0.0,0,True,1746969357.277941,right,False
4805,1746969385.5256822,191.309,1.84102,3.38733,-0.325814,0.0758998,5832.93,5,30.824,1594.58,4597.14,48.7839,1,2,0.8,0.0,0.0,5,0.0,0,True,1746969357.277941,right,False
4806,1746969385.550911,191.335,1.84101,3.45365,-0.331018,0.0770833,5832.57,5,30.846,1595.74,4598.3,48.7836,1,2,0.8,0.0,0.0,5,0.0,0,True,1746969357.277941,right,False
4807,1746969385.5704536,191.36,1.841,3.50953,-0.336316,0.0782639,5833.82,5,30.868,1596.89,4599.45,48.7834,1,2,0.8,0.0,0.0,5,0.0,0,True,1746969357.277941,right,False
4808,1746969385.595392,191.384,1.84041,3.56864,-0.341711,0.0794427,5835.01,5,30.89,1598.05,4600.61,48.7831,1,2,0.8,0.0,0.1,5,0.0,0,True,1746969357.277941,right,False
4809,1746969385.616096,191.409,1.83967,3.62724,-0.347209,0.0806186,5835.48,5,30.912,1599.21,4601.77,48.7828,1,2,0.8,0.0,0.1,5,0.0,0,True,1746969357.277941,right,False
4810,1746969385.6355672,191.433,1.83779,3.69065,-0.352787,0.0817935,5836.07,5,30.934,1600.37,4602.93,48.7826,1,2,0.8,0.0,0.1,5,0.0,0,True,1746969357.277941,right,False
4811,1746969385.6595113,191.458,1.83601,3.75331,-0.358464,0.0829655,5836.71,5,30.956,1601.53,4604.09,48.7823,1,2,0.8,0.0,0.1,5,0.0,0,True,1746969357.277941,right,False
4812,1746969385.6794496,191.468,1.98642,3.81289,-0.364176,0.0832173,5838.81,5,30.978,1602.69,4605.25,48.7821,1,2,0.8,0.0,0.1,5,0.0,0,True,1746969357.277941,right,False
4813,1746969385.7024493,191.476,1.76096,3.84125,-0.369832,0.0810639,5843.45,5,31,1603.85,4606.41,48.7818,1,2,0.8,0.0,0.1,5,0.0,0,True,1746969357.277941,right,False
4814,1746969385.724819,191.488,1.14112,3.85585,-0.375427,0.0767814,5848.39,5,31.022,1605,4607.56,48.7816,1,2,0.8,0.0,0.1,5,0.0,0,True,1746969357.277941,right,False
4815,1746969385.7475724,191.496,0.21166,3.84322,-0.380949,0.0707208,5854.4,5,31.044,1606.16,4608.72,48.7813,1,2,0.8,0.0,0.1,5,0.0,0,True,1746969357.277941,right,False
4816,1746969385.768917,191.496,-0.946938,3.80742,-0.386373,0.0632245,5861.68,5,31.066,1607.32,4609.88,48.7811,1,2,0.8,0.0,0.1,5,0.0,0,True,1746969357.277941,right,False
4817,1746969385.7888029,191.483,-2.26471,3.75009,-0.391679,0.0546347,5871.15,5,31.088,1608.48,4611.04,48.7808,1,2,0.8,0.0,0.1,5,0.0,0,True,1746969357.277941,right,False
4818,1746969385.8132298,191.455,-3.67735,3.67248,-0.396851,0.0452625,5880.33,5,31.11,1609.64,4612.2,48.7806,1,2,0.8,0.0,0.1,5,0.0,0,True,1746969357.277941,right,False
4819,1746969385.8341823,191.407,-5.14327,3.56009,-0.40186,0.0353929,5894.64,5,31.132,1610.8,4613.35,48.7803,1,2,0.8,0.0,0.1,5,0.0,0,True,1746969357.277941,right,False
4820,1746969385.8567867,191.341,-6.60989,3.44319,-0.406685,0.0252539,5909.9,5,31.154,1611.95,4614.51,48.7801,1,2,0.8,0.0,0.1,5,0.0,0,True,1746969357.277941,right,False
4821,1746969385.8800364,191.258,-8.06197,3.29772,-0.411316,0.0149924,5924.6,5,31.176,1613.11,4615.67,48.7798,1,2,0.8,0.0,0.1,5,0.0,0,True,1746969357.277941,right,False
4822,1746969385.9015243,191.154,-9.4905,3.132,-0.415735,0.00472134,5946.18,5,31.198,1614.27,4616.83,48.7796,1,2,0.8,0.0,0.0,5,0.0,0,True,1746969357.277941,left,False
4823,1746969385.9228177,191.038,-10.8706,2.96355,-0.419918,-0.0054949,5963.71,5,31.22,1615.43,4617.99,48.7793,1,2,0.8,0.0,0.0,5,0.0,0,True,1746969357.277941,left,False
4824,1746969385.9447854,190.91,-12.2144,2.77693,-0.423865,-0.0156472,5979.91,5,31.242,1616.58,4619.14,48.7791,1,2,0.8,0.0,0.0,5,0.0,0,True,1746969357.277941,left,False
4825,1746969385.9678626,190.767,-13.523,2.58356,-0.427568,-0.0257438,5996.29,5,31.264,1617.74,4620.3,48.7788,1,2,0.8,0.0,0.0,5,0.0,0,True,1746969357.277941,left,False
4826,1746969385.9878626,190.645,-14.8479,2.39111,-0.431026,-0.0355027,5999.05,5,31.286,1618.9,4621.46,48.7786,1,2,0.8,0.0,0.0,5,0.0,0,True,1746969357.277941,left,False
4827,1746969386.0124142,190.547,-16.0074,2.21002,-0.434269,-0.0444072,5978.05,5,31.308,1620.06,4622.62,48.7783,1,2,0.8,0.0,0.0,5,0.0,0,True,1746969357.277941,left,False
4828,1746969386.033262,190.45,-16.9875,2.02517,-0.437276,-0.0525611,5961.99,5,31.33,1621.21,4623.77,48.7781,1,2,0.8,0.0,0.0,5,0.0,0,True,1746969357.277941,left,False
4829,1746969386.0554812,190.358,-17.8318,1.83958,-0.440039,-0.0601285,5942.68,5,31.352,1622.37,4624.93,48.7778,1,2,0.8,0.0,0.0,5,0.0,0,True,1746969357.277941,left,False
4830,1746969386.0762029,190.265,-18.5532,1.66159,-0.44255,-0.0672086,5928.61,5,31.374,1623.53,4626.09,48.7776,1,2,0.8,0.0,0.0,5,0.0,0,True,1746969357.277941,left,False
4831,1746969386.0985744,190.169,-19.1725,1.48345,-0.444796,-0.0738619,5925.24,5,31.396,1624.69,4627.25,48.7773,1,2,0.8,0.0,0.0,5,0.0,0,True,1746969357.277941,left,False
4832,1746969386.119558,190.077,-19.7098,1.30093,-0.446769,-0.0801085,5921.21,5,31.418,1625.84,4628.4,48.7771,1,2,0.8,0.0,0.0,5,0.0,0,True,1746969357.277941,left,False
4833,1746969386.1429918,189.986,-20.1579,1.1219,-0.448478,-0.085974,5920.78,5,31.44,1627,4629.56,48.7768,1,2,0.8,0.0,0.0,5,0.0,0,True,1746969357.277941,left,False
4834,1746969386.1634207,189.897,-20.535,0.938828,-0.44991,-0.0914658,5926.25,5,31.462,1628.16,4630.72,48.7766,1,2,0.8,0.0,0.0,5,0.0,0,True,1746969357.277941,left,False
4835,1746969386.1852279,189.816,-20.8358,0.74688,-0.451066,-0.0965746,5931.3,5,31.484,1629.31,4631.87,48.7763,1,2,0.8,0.0,0.0,5,0.0,0,True,1746969357.277941,left,False
4836,1746969386.209519,189.737,-21.0606,0.55911,-0.451949,-0.101283,5941.52,5,31.506,1630.47,4633.03,48.7761,1,2,0.8,0.0,0.0,5,0.0,0,True,1746969357.277941,left,False
4837,1746969386.2294183,189.669,-21.1934,0.366259,-0.452555,-0.105552,5948.45,5,31.528,1631.62,4634.18,48.7758,1,2,0.8,0.0,0.0,5,0.0,0,True,1746969357.277941,left,False
4838,1746969386.2525709,189.605,-21.2537,0.16845,-0.452885,-0.109376,5962.25,5,31.55,1632.78,4635.34,48.7755,1,2,0.8,0.0,0.0,5,0.0,0,True,1746969357.277941,left,False
4839,1746969386.275974,189.555,-21.2182,-0.0213189,-0.452942,-0.112709,5971.51,5,31.572,1633.93,4636.49,48.7753,1,2,0.8,0.0,0.0,5,0.0,0,True,1746969357.277941,left,False
4840,1746969386.296393,189.522,-21.0648,-0.203088,-0.452726,-0.115501,5976.2,5,31.594,1635.09,4637.65,48.775,1,2,0.8,0.0,0.0,5,0.0,0,True,1746969357.277941,left,False
4841,1746969386.3183465,189.497,-20.8392,-0.398648,-0.452226,-0.117775,5985.22,5,31.616,1636.24,4638.8,48.7748,1,2,0.8,0.0,0.0,5,0.0,0,True,1746969357.277941,left,False
4842,1746969386.341848,189.49,-20.4978,-0.581191,-0.451461,-0.119517,5986.36,5,31.638,1637.4,4639.96,48.7745,1,2,0.8,0.0,0.0,5,0.0,0,True,1746969357.277941,left,False
4843,1746969386.361946,189.493,-20.0739,-0.772916,-0.450415,-0.120726,5989.87,5,31.66,1638.55,4641.11,48.7743,1,2,0.8,0.0,0.0,5,0.0,0,True,1746969357.277941,left,False
4844,1746969386.3837938,189.512,-19.5455,-0.958734,-0.449101,-0.121378,5988.78,5,31.682,1639.7,4642.26,48.774,1,2,0.8,0.0,0.0,5,0.0,0,True,1746969357.277941,left,False
4845,1746969386.4080472,189.548,-18.9206,-1.13889,-0.447518,-0.121483,5983.82,5,31.704,1640.86,4643.42,48.7738,1,2,0.8,0.0,0.0,5,0.0,0,True,1746969357.277941,left,False
4846,1746969386.4303517,189.589,-18.2197,-1.32655,-0.445675,-0.121088,5982.43,5,31.726,1642.01,4644.57,48.7735,1,2,0.8,0.0,0.0,5,0.0,0,True,1746969357.277941,left,False
4847,1746969386.4510708,189.648,-17.4349,-1.50367,-0.443571,-0.120232,5970.03,5,31.748,1643.16,4645.72,48.7733,1,2,0.8,0.0,0.0,5,0.0,0,True,1746969357.277941,left,False
4848,1746969386.473242,189.716,-16.5781,-1.67461,-0.441219,-0.118924,5958.89,5,31.77,1644.32,4646.88,48.773,1,2,0.8,0.0,0.0,5,0.0,0,True,1746969357.277941,left,False
4849,1746969386.4957516,189.792,-15.6528,-1.83761,-0.438615,-0.117183,5944.38,5,31.792,1645.47,4648.03,48.7728,1,2,0.8,0.0,0.0,5,0.0,0,True,1746969357.277941,left,False
4850,1746969386.5188491,189.87,-14.685,-2.00765,-0.435771,-0.115053,5935.58,5,31.814,1646.62,4649.18,48.7725,1,2,0.8,0.0,0.0,5,0.0,0,True,1746969357.277941,left,False
4851,1746969386.5370362,189.956,-13.6608,-2.16398,-0.432699,-0.112556,5922.46,5,31.836,1647.77,4650.33,48.7723,1,2,0.8,0.0,0.0,5,0.0,0,True,1746969357.277941,left,False
4852,1746969386.5591831,190.045,-12.6102,-2.32212,-0.429411,-0.109752,5908.7,5,31.858,1648.93,4651.49,48.772,1,2,0.8,0.0,0.0,5,0.0,0,True,1746969357.277941,left,False
4853,1746969386.5838203,190.138,-11.528,-2.45983,-0.425907,-0.106674,5891.37,5,31.88,1650.08,4652.64,48.7718,1,2,0.8,0.0,0.0,5,0.0,0,True,1746969357.277941,left,False
4854,1746969386.6042829,190.224,-10.4505,-2.60443,-0.422209,-0.103391,5883.52,5,31.902,1651.23,4653.79,48.7715,1,2,0.8,0.0,0.0,5,0.0,0,True,1746969357.277941,left,False
4855,1746969386.6267338,190.314,-9.36768,-2.73239,-0.418331,-0.0999215,5870.19,5,31.924,1652.39,4654.94,48.7713,1,2,0.8,0.0,0.0,5,0.0,0,True,1746969357.277941,left,False
4856,1746969386.6482995,190.402,-8.30242,-2.8523,-0.414286,-0.0963376,5858.99,5,31.946,1653.54,4656.1,48.771,1,2,0.8,0.0,0.0,5,0.0,0,True,1746969357.277941,left,False
4857,1746969386.6689684,190.482,-7.26883,-2.9623,-0.410099,-0.092686,5853.55,5,31.968,1654.69,4657.25,48.7708,1,2,0.8,0.0,0.0,5,0.0,0,True,1746969357.277941,left,False
4858,1746969386.6926973,190.563,-6.26744,-3.05682,-0.405786,-0.0889881,5845,5,31.99,1655.85,4658.4,48.7705,1,2,0.8,0.0,0.0,5,0.0,0,True,1746969357.277941,left,False
4859,1746969386.7148783,190.637,-5.31592,-3.14371,-0.401351,-0.0853008,5841.04,5,32.012,1657,4659.56,48.7703,1,2,0.8,0.0,0.0,5,0.0,0,True,1746969357.277941,left,False
4860,1746969386.735132,190.709,-4.41749,-3.21326,-0.396818,-0.0816515,5836.65,5,32.034,1658.15,4660.71,48.77,1,2,0.8,0.0,0.0,5,0.0,0,True,1746969357.277941,left,False
4861,1746969386.7594588,190.775,-3.57758,-3.27254,-0.392216,-0.0780614,5834.72,5,32.056,1659.31,4661.87,48.7698,1,2,0.8,0.0,0.0,5,0.0,0,True,1746969357.277941,left,False
4862,1746969386.7798612,190.841,-2.79786,-3.31261,-0.387561,-0.0745562,5832,5,32.078,1660.46,4663.02,48.7695,1,2,0.8,0.0,0.0,5,0.0,0,True,1746969357.277941,left,False
4863,1746969386.8009377,190.903,-2.08166,-3.33937,-0.382874,-0.0711487,5830.63,5,32.1,1661.62,4664.18,48.7693,1,2,0.8,0.0,0.0,5,0.0,0,True,1746969357.277941,left,False
4864,1746969386.824112,190.962,-1.43017,-3.35275,-0.378166,-0.067858,5829.15,5,32.122,1662.77,4665.33,48.769,1,2,0.8,0.0,0.0,5,0.0,0,True,1746969357.277941,left,False
4865,1746969386.8459911,191.017,-0.842974,-3.35937,-0.373454,-0.0646947,5830.62,5,32.144,1663.93,4666.49,48.7687,1,2,0.8,0.0,0.0,5,0.0,0,True,1746969357.277941,left,False
4866,1746969386.8684578,191.073,-0.317665,-3.34169,-0.368762,-0.0616677,5829.92,5,32.166,1665.09,4667.65,48.7685,1,2,0.8,0.0,0.0,5,0.0,0,True,1746969357.277941,left,False
4867,1746969386.8897293,191.126,0.146782,-3.3157,-0.364095,-0.0587838,5830.39,5,32.188,1666.24,4668.8,48.7682,1,2,0.8,0.0,0.0,5,0.0,0,True,1746969357.277941,left,False
4868,1746969386.912277,191.179,0.552757,-3.26767,-0.359469,-0.0560458,5829.87,5,32.21,1667.4,4669.96,48.768,1,2,0.8,0.0,0.0,5,0.0,0,True,1746969357.277941,left,False
4869,1746969386.9354136,191.229,0.904306,-3.22335,-0.354895,-0.0534547,5832.15,5,32.232,1668.56,4671.12,48.7677,1,2,0.8,0.0,0.0,5,0.0,0,True,1746969357.277941,left,False
4870,1746969386.9557998,191.279,1.20412,-3.16056,-0.350391,-0.0510085,5832.24,5,32.254,1669.72,4672.28,48.7675,1,2,0.8,0.0,0.0,5,0.0,0,True,1746969357.277941,left,False
4871,1746969386.9779668,191.328,1.45676,-3.09159,-0.345955,-0.0487025,5833.59,5,32.276,1670.88,4673.44,48.7672,1,2,0.8,0.0,0.0,5,0.0,0,True,1746969357.277941,left,False
4872,1746969387.001675,191.377,1.66627,-3.0221,-0.341602,-0.0465358,5834.76,5,32.298,1672.04,4674.59,48.767,1,2,0.8,0.0,0.0,5,0.0,0,True,1746969357.277941,left,False
4873,1746969387.021532,191.426,1.83555,-2.93539,-0.337337,-0.0444987,5835.04,5,32.32,1673.19,4675.75,48.7667,1,2,0.8,0.0,0.0,5,0.0,0,True,1746969357.277941,left,False
4874,1746969387.0438826,191.474,1.9711,-2.85391,-0.333158,-0.0425809,5836.69,5,32.342,1674.36,4676.92,48.7665,1,2,0.8,0.0,0.0,5,0.0,0,True,1746969357.277941,left,False
4875,1746969387.0667455,191.521,2.07629,-2.769,-0.329081,-0.0407751,5838.24,5,32.364,1675.52,4678.08,48.7662,1,2,0.8,0.0,0.0,5,0.0,0,True,1746969357.277941,left,False
4876,1746969387.0887327,191.569,2.15472,-2.67839,-0.32511,-0.0390685,5838.74,5,32.386,1676.68,4679.24,48.766,1,2,0.8,0.0,0.0,5,0.0,0,True,1746969357.277941,left,False
4877,1746969387.1095905,191.616,2.21231,-2.59221,-0.321224,-0.0374473,5840.57,5,32.408,1677.84,4680.4,48.7657,1,2,0.8,0.0,0.0,5,0.0,0,True,1746969357.277941,left,False
4878,1746969387.1323864,191.664,2.24942,-2.49405,-0.317464,-0.0359052,5840.34,5,32.43,1679,4681.56,48.7655,1,2,0.8,0.0,0.0,5,0.0,0,True,1746969357.277941,left,False
4879,1746969387.1551547,191.71,2.27398,-2.41554,-0.313782,-0.0344289,5842.92,5,32.452,1680.16,4682.72,48.7652,1,2,0.8,0.0,0.0,5,0.0,0,True,1746969357.277941,left,False
4880,1746969387.174773,191.757,2.28453,-2.32198,-0.310234,-0.0330089,5843.27,5,32.474,1681.33,4683.89,48.765,1,2,0.8,0.0,0.0,5,0.0,0,True,1746969357.277941,left,False
4881,1746969387.1979747,191.803,2.28686,-2.23993,-0.306767,-0.0316346,5845.04,5,32.496,1682.49,4685.05,48.7647,1,2,0.8,0.0,0.0,5,0.0,0,True,1746969357.277941,left,False
4882,1746969387.2189996,191.849,2.28224,-2.15782,-0.303426,-0.0302971,5846.44,5,32.518,1683.65,4686.21,48.7645,1,2,0.8,0.0,0.0,5,0.0,0,True,1746969357.277941,left,False
4883,1746969387.2413552,191.894,2.27369,-2.08544,-0.300179,-0.0289872,5848.51,5,32.54,1684.82,4687.38,48.7642,1,2,0.8,0.0,0.0,5,0.0,0,True,1746969357.277941,left,False
4884,1746969387.2646422,191.94,2.25927,-2.00477,-0.297046,-0.0277069,5849.51,5,32.562,1685.98,4688.54,48.764,1,2,0.8,0.0,0.0,5,0.0,0,True,1746969357.277941,left,False
4885,1746969387.2855248,191.985,2.24331,-1.93205,-0.29401,-0.0264447,5850.54,5,32.584,1687.15,4689.71,48.7637,1,2,0.8,0.0,0.0,5,0.0,0,True,1746969357.277941,left,False
4886,1746969387.308848,192.029,2.22561,-1.86169,-0.291077,-0.0251992,5852.38,5,32.606,1688.31,4690.87,48.7635,1,2,0.8,0.0,0.0,5,0.0,0,True,1746969357.277941,left,False
4887,1746969387.3311136,192.074,2.20623,-1.79188,-0.288257,-0.023969,5853.82,5,32.628,1689.48,4692.04,48.7632,1,2,0.8,0.0,0.0,5,0.0,0,True,1746969357.277941,left,False
4888,1746969387.3511186,192.118,2.18715,-1.72942,-0.285531,-0.0227483,5855.6,5,32.65,1690.65,4693.21,48.763,1,2,0.8,0.0,0.0,5,0.0,0,True,1746969357.277941,left,False
4889,1746969387.3769534,192.163,2.16611,-1.65608,-0.282926,-0.0215371,5855.92,5,32.672,1691.81,4694.37,48.7627,1,2,0.8,0.0,0.0,5,0.0,0,True,1746969357.277941,left,False
4890,1746969387.3951676,192.206,2.14634,-1.59835,-0.2804,-0.0203365,5858.12,5,32.694,1692.98,4695.54,48.7625,1,2,0.8,0.0,0.0,5,0.0,0,True,1746969357.277941,left,False
4891,1746969387.4178143,192.249,2.12603,-1.53403,-0.277987,-0.0191425,5859.85,5,32.716,1694.15,4696.71,48.7622,1,2,0.8,0.0,0.0,5,0.0,0,True,1746969357.277941,left,False
4892,1746969387.4412854,192.292,2.10623,-1.47142,-0.275675,-0.0179542,5860.99,5,32.738,1695.32,4697.88,48.762,1,2,0.8,0.0,0.0,5,0.0,0,True,1746969357.277941,left,False
4893,1746969387.4616134,192.335,2.08579,-1.40663,-0.273458,-0.0167745,5861.95,5,32.76,1696.48,4699.04,48.7617,1,2,0.8,0.0,0.0,5,0.0,0,True,1746969357.277941,left,False
4894,1746969387.483877,192.377,2.06618,-1.34622,-0.27135,-0.0155976,5863.88,5,32.782,1697.65,4700.21,48.7614,1,2,0.8,0.0,0.0,5,0.0,0,True,1746969357.277941,left,False
4895,1746969387.507201,192.419,2.04739,-1.2858,-0.26934,-0.0144265,5865.63,5,32.804,1698.82,4701.38,48.7612,1,2,0.8,0.0,0.0,5,0.0,0,True,1746969357.277941,left,False
4896,1746969387.5284393,192.462,2.02793,-1.21884,-0.267424,-0.0132602,5865.82,5,32.826,1699.99,4702.55,48.7609,1,2,0.8,0.0,0.0,5,0.0,0,True,1746969357.277941,left,False
4897,1746969387.5513415,192.503,2.00961,-1.15882,-0.265613,-0.0120967,5867.61,5,32.848,1701.16,4703.72,48.7607,1,2,0.8,0.0,0.0,5,0.0,0,True,1746969357.277941,left,False
4898,1746969387.5726385,192.545,1.99244,-1.10246,-0.2639,-0.0109351,5868.95,5,32.87,1702.33,4704.89,48.7604,1,2,0.8,0.0,0.0,5,0.0,0,True,1746969357.277941,left,False
4899,1746969387.5947,192.586,1.97544,-1.03133,-0.262272,-0.00977546,5869.47,5,32.892,1703.5,4706.06,48.7602,1,2,0.8,0.0,0.0,5,0.0,0,True,1746969357.277941,left,False
4900,1746969387.615758,192.627,1.9595,-0.971452,-0.26075,-0.0086177,5870.91,5,32.914,1704.67,4707.23,48.7599,1,2,0.8,0.0,0.0,5,0.0,0,True,1746969357.277941,left,False
4901,1746969387.6382353,192.667,1.94448,-0.908045,-0.259334,-0.00745994,5872.12,5,32.936,1705.84,4708.4,48.7597,1,2,0.8,0.0,0.0,5,0.0,0,True,1746969357.277941,left,False
4902,1746969387.6616912,192.708,1.93007,-0.846644,-0.258,-0.00630314,5873.3,5,32.958,1707.01,4709.57,48.7594,1,2,0.8,0.0,0.0,5,0.0,0,True,1746969357.277941,left,False
4903,1746969387.6832318,192.748,1.91708,-0.779687,-0.256771,-0.00514251,5874.5,5,32.98,1708.19,4710.75,48.7592,1,2,0.8,0.0,0.0,5,0.0,0,True,1746969357.277941,left,False
4904,1746969387.7040205,192.788,1.90441,-0.708194,-0.255636,-0.00398142,5875.22,5,33.002,1709.36,4711.92,48.7589,1,2,0.8,0.0,0.0,5,0.0,0,True,1746969357.277941,left,False
4905,1746969387.7253115,192.827,1.89373,-0.654827,-0.254598,-0.00282032,5877.22,5,33.024,1710.53,4713.09,48.7587,1,2,0.8,0.0,0.0,5,0.0,0,True,1746969357.277941,left,False
4906,1746969387.7503052,192.866,1.88394,-0.590599,-0.253654,-0.00165826,5878.08,5,33.046,1711.7,4714.26,48.7584,1,2,0.8,0.0,0.0,5,0.0,0,True,1746969357.277941,left,False
4907,1746969387.7701387,192.904,1.87474,-0.531243,-0.252804,-0.000495736,5879.98,5,33.068,1712.87,4715.44,48.7582,1,2,0.8,0.0,0.0,5,0.0,0,True,1746969357.277941,left,False
4908,1746969387.7924862,192.943,1.86607,-0.467358,-0.252051,0.000668224,5880.73,5,33.09,1714.05,4716.61,48.7579,1,2,0.8,0.0,0.0,5,0.0,0,True,1746969357.277941,left,False
4909,1746969387.8137994,192.982,1.85809,-0.406812,-0.251392,0.00183361,5881.76,5,33.112,1715.22,4717.78,48.7577,1,2,0.8,0.0,0.0,5,0.0,0,True,1746969357.277941,left,False
4910,1746969387.836776,193.019,1.85176,-0.347081,-0.25083,0.00300186,5883.37,5,33.134,1716.39,4718.95,48.7574,1,2,0.8,0.0,0.0,5,0.0,0,True,1746969357.277941,left,False
4911,1746969387.859469,193.057,1.84564,-0.280256,-0.250354,0.00417155,5883.58,5,33.156,1717.57,4720.13,48.7572,1,2,0.8,0.0,0.0,5,0.0,0,True,1746969357.277941,left,False
4912,1746969387.8796864,193.094,1.84016,-0.218157,-0.249976,0.00534409,5884.79,5,33.178,1718.74,4721.3,48.7569,1,2,0.8,0.0,0.0,5,0.0,0,True,1746969357.277941,left,False
4913,1746969387.9026222,193.132,1.83539,-0.156167,-0.249695,0.00651949,5886.17,5,33.2,1719.92,4722.48,48.7567,1,2,0.8,0.0,0.0,5,0.0,0,True,1746969357.277941,left,False
4914,1746969387.9253616,193.168,1.83213,-0.100286,-0.249512,0.00769633,5888.14,5,33.222,1721.09,4723.65,48.7564,1,2,0.8,0.0,0.0,5,0.0,0,True,1746969357.277941,left,False
4915,1746969387.9469469,193.204,1.8291,-0.0447539,-0.249422,0.00887173,5889.02,5,33.244,1722.27,4724.83,48.7562,1,2,0.8,0.0,0.0,5,0.0,0,True,1746969357.277941,left,False
4916,1746969387.972422,193.241,1.82486,0.0192571,-0.249418,0.0100447,5889.94,5,33.266,1723.44,4726,48.7559,1,2,0.8,0.0,0.0,5,0.0,0,True,1746969357.277941,left,False
4917,1746969387.990721,193.278,1.82084,0.0848806,-0.249512,0.0112244,5889.17,5,33.288,1724.61,4727.18,48.7557,1,2,0.8,0.0,0.0,5,0.0,0,True,1746969357.277941,left,False
4918,1746969388.0132828,193.314,1.81891,0.152286,-0.249707,0.0124103,5890.17,5,33.31,1725.79,4728.35,48.7554,1,2,0.8,0.0,0.0,5,0.0,0,True,1746969357.277941,left,False
4919,1746969388.0359516,193.349,1.81742,0.218362,-0.249996,0.0135986,5892.04,5,33.332,1726.97,4729.53,48.7552,1,2,0.8,0.0,0.0,5,0.0,0,True,1746969357.277941,right,False
4920,1746969388.058055,193.383,1.81756,0.283041,-0.250378,0.0147921,5893.4,5,33.354,1728.14,4730.7,48.7549,1,2,0.8,0.0,0.0,5,0.0,0,True,1746969357.277941,right,False
4921,1746969388.0783846,193.419,1.81791,0.348518,-0.25085,0.0159895,5894.07,5,33.376,1729.32,4731.88,48.7547,1,2,0.8,0.0,0.0,5,0.0,0,True,1746969357.277941,right,False
4922,1746969388.1011615,193.453,1.81945,0.40635,-0.251412,0.0171897,5895.71,5,33.398,1730.49,4733.05,48.7544,1,2,0.8,0.0,0.0,5,0.0,0,True,1746969357.277941,right,False
4923,1746969388.123149,193.486,1.82118,0.466902,-0.252071,0.0183923,5897.13,5,33.42,1731.67,4734.23,48.7541,1,2,0.8,0.0,0.0,5,0.0,0,True,1746969357.277941,right,False
4924,1746969388.144672,193.521,1.82263,0.5314,-0.252832,0.0195958,5897.24,5,33.442,1732.85,4735.41,48.7539,1,2,0.8,0.0,0.0,5,0.0,0,True,1746969357.277941,right,False
4925,1746969388.167443,193.554,1.8243,0.595929,-0.253687,0.0208003,5898.68,5,33.464,1734.02,4736.58,48.7536,1,2,0.8,0.0,0.0,5,0.0,0,True,1746969357.277941,right,False
4926,1746969388.1877315,193.588,1.82579,0.654379,-0.254635,0.0220053,5899.72,5,33.486,1735.2,4737.76,48.7534,1,2,0.8,0.0,0.0,5,0.0,0,True,1746969357.277941,right,False
4927,1746969388.2092764,193.62,1.82738,0.715,-0.255672,0.0232093,5901.26,5,33.508,1736.38,4738.94,48.7531,1,2,0.8,0.0,0.0,5,0.0,0,True,1746969357.277941,right,False
4928,1746969388.2326229,193.653,1.82832,0.778451,-0.256807,0.0244133,5901.98,5,33.53,1737.55,4740.11,48.7529,1,2,0.8,0.0,0.0,5,0.0,0,True,1746969357.277941,right,False
4929,1746969388.25462,193.685,1.8297,0.835088,-0.25804,0.0256154,5903.52,5,33.552,1738.73,4741.29,48.7526,1,2,0.8,0.0,0.0,5,0.0,0,True,1746969357.277941,right,False
4930,1746969388.276916,193.718,1.83007,0.893596,-0.259367,0.026817,5903.48,5,33.574,1739.91,4742.47,48.7524,1,2,0.8,0.0,0.0,5,0.0,0,True,1746969357.277941,right,False
4931,1746969388.2996616,193.75,1.83084,0.960076,-0.260779,0.0280206,5904.79,5,33.596,1741.09,4743.65,48.7521,1,2,0.8,0.0,0.0,5,0.0,0,True,1746969357.277941,right,False
4932,1746969388.320804,193.782,1.83043,1.02937,-0.262297,0.0292231,5904.9,5,33.618,1742.26,4744.82,48.7519,1,2,0.8,0.0,0.0,5,0.0,0,True,1746969357.277941,right,False
4933,1746969388.3427997,193.813,1.83148,1.08891,-0.263904,0.0304267,5906.47,5,33.64,1743.44,4746,48.7516,1,2,0.8,0.0,0.0,5,0.0,0,True,1746969357.277941,right,False
4934,1746969388.3633475,193.844,1.83292,1.14739,-0.265609,0.0316321,5907.56,5,33.662,1744.62,4747.18,48.7514,1,2,0.8,0.0,0.0,5,0.0,0,True,1746969357.277941,right,False
4935,1746969388.3863122,193.875,1.83398,1.20899,-0.267403,0.0328385,5908.21,5,33.684,1745.8,4748.36,48.7511,1,2,0.8,0.0,0.0,5,0.0,0,True,1746969357.277941,right,False
4936,1746969388.4088688,193.905,1.83488,1.26669,-0.269299,0.0340454,5909.29,5,33.706,1746.97,4749.54,48.7509,1,2,0.8,0.0,0.0,5,0.0,0,True,1746969357.277941,right,False
4937,1746969388.4302254,193.936,1.83508,1.33638,-0.271289,0.0352513,5910.08,5,33.728,1748.15,4750.71,48.7506,1,2,0.8,0.0,0.0,5,0.0,0,True,1746969357.277941,right,False
4938,1746969388.4526308,193.966,1.83495,1.39693,-0.273385,0.0364539,5910.97,5,33.75,1749.33,4751.89,48.7504,1,2,0.8,0.0,0.0,5,0.0,0,True,1746969357.277941,right,False
4939,1746969388.4737504,193.995,1.83425,1.4607,-0.275574,0.0376546,5911.98,5,33.772,1750.51,4753.07,48.7501,1,2,0.8,0.0,0.1,5,0.0,0,True,1746969357.277941,right,False
4940,1746969388.4957607,194.025,1.83356,1.5292,-0.277848,0.0388567,5912.54,5,33.794,1751.69,4754.25,48.7499,1,2,0.8,0.0,0.1,5,0.0,0,True,1746969357.277941,right,False
4941,1746969388.5187905,194.054,1.834,1.58801,-0.280221,0.0400597,5913.64,5,33.816,1752.87,4755.43,48.7496,1,2,0.8,0.0,0.1,5,0.0,0,True,1746969357.277941,right,False
4942,1746969388.5415475,194.083,1.83317,1.65872,-0.282694,0.0412618,5914.22,5,33.838,1754.05,4756.61,48.7494,1,2,0.8,0.0,0.1,5,0.0,0,True,1746969357.277941,right,False
4943,1746969388.5639853,194.098,1.98345,1.70973,-0.285205,0.0415465,5917,5,33.86,1755.22,4757.79,48.7491,1,2,0.8,0.0,0.1,5,0.0,0,True,1746969357.277941,right,False
4944,1746969388.5843472,194.111,1.75171,1.74872,-0.287663,0.0394136,5921.14,5,33.882,1756.4,4758.96,48.7489,1,2,0.8,0.0,0.1,5,0.0,0,True,1746969357.277941,right,False
4945,1746969388.6068769,194.127,1.11677,1.76396,-0.290063,0.0351397,5926.21,5,33.904,1757.58,4760.14,48.7486,1,2,0.8,0.0,0.1,5,0.0,0,True,1746969357.277941,right,False
4946,1746969388.627637,194.14,0.166284,1.75603,-0.292383,0.0290686,5931.73,5,33.926,1758.76,4761.32,48.7484,1,2,0.8,0.0,0.1,5,0.0,0,True,1746969357.277941,right,False
4947,1746969388.6509273,194.145,-1.0195,1.72871,-0.294617,0.0215499,5938.28,5,33.948,1759.94,4762.5,48.7481,1,2,0.8,0.0,0.1,5,0.0,0,True,1746969357.277941,right,False
4948,1746969388.6735854,194.135,-2.37336,1.66572,-0.296737,0.0129239,5947.97,5,33.97,1761.12,4763.68,48.7479,1,2,0.8,0.0,0.1,5,0.0,0,True,1746969357.277941,right,False
4949,1746969388.6932395,194.11,-3.8225,1.58996,-0.298714,0.00351208,5957.64,5,33.992,1762.3,4764.86,48.7476,1,2,0.8,0.0,0.1,5,0.0,0,True,1746969357.277941,right,False
4950,1746969388.7165577,194.065,-5.32502,1.48474,-0.300533,-0.00641185,5971.11,5,34.014,1763.48,4766.04,48.7473,1,2,0.8,0.0,0.1,5,0.0,0,True,1746969357.277941,right,False
4951,1746969388.737842,194,-6.84269,1.35437,-0.302177,-0.0166257,5986.37,5,34.036,1764.65,4767.21,48.7471,1,2,0.8,0.0,0.1,5,0.0,0,True,1746969357.277941,right,False
4952,1746969388.760226,193.917,-8.34112,1.21187,-0.303617,-0.0269511,6003.97,5,34.058,1765.83,4768.39,48.7468,1,2,0.8,0.0,0.1,5,0.0,0,True,1746969357.277941,right,False
4953,1746969388.7839022,193.815,-9.81519,1.04206,-0.304846,-0.0372976,6023.14,5,34.08,1767.01,4769.57,48.7466,1,2,0.8,0.0,0.1,5,0.0,0,True,1746969357.277941,right,False
4954,1746969388.8033156,193.697,-11.2496,0.865334,-0.305851,-0.0475867,6043.29,5,34.102,1768.19,4770.75,48.7463,1,2,0.8,0.0,0.1,5,0.0,0,True,1746969357.277941,right,False
4955,1746969388.8260138,193.567,-12.6324,0.683717,-0.306624,-0.0577863,6061.2,5,34.124,1769.37,4771.93,48.7461,1,2,0.8,0.0,0.0,5,0.0,0,True,1746969357.277941,left,False
4956,1746969388.8493054,193.426,-13.9754,0.493587,-0.307149,-0.0679248,6073.45,5,34.146,1770.55,4773.11,48.7458,1,2,0.8,0.0,0.0,5,0.0,0,True,1746969357.277941,left,False
4957,1746969388.8710349,193.275,-15.2783,0.306045,-0.307418,-0.0780028,6082.51,5,34.168,1771.72,4774.28,48.7456,1,2,0.8,0.0,0.0,5,0.0,0,True,1746969357.277941,left,False
4958,1746969388.89192,193.111,-16.5569,0.108214,-0.307418,-0.0880616,6090.34,5,34.19,1772.9,4775.46,48.7453,1,2,0.8,0.0,0.0,5,0.0,0,True,1746969357.277941,left,False
4959,1746969388.9154294,192.963,-17.8639,-0.0906249,-0.307166,-0.0978492,6092.37,5,34.212,1774.08,4776.64,48.7451,1,2,0.8,0.0,0.0,5,0.0,0,True,1746969357.277941,left,False
4960,1746969388.9355493,192.836,-19.0275,-0.283248,-0.306669,-0.106914,6075.99,5,34.234,1775.25,4777.81,48.7448,1,2,0.8,0.0,0.0,5,0.0,0,True,1746969357.277941,left,False
4961,1746969388.959693,192.711,-20.0368,-0.474998,-0.305924,-0.115357,6061.31,5,34.256,1776.43,4778.99,48.7446,1,2,0.8,0.0,0.0,5,0.0,0,True,1746969357.277941,left,False
4962,1746969388.9795377,192.588,-20.9247,-0.669785,-0.304924,-0.123267,6047.37,5,34.278,1777.61,4780.17,48.7443,1,2,0.8,0.0,0.0,5,0.0,0,True,1746969357.277941,left,False
4963,1746969389.0031796,192.467,-21.6933,-0.848073,-0.303646,-0.130713,6036.24,5,34.3,1778.78,4781.34,48.7441,1,2,0.8,0.0,0.0,5,0.0,0,True,1746969357.277941,left,False
4964,1746969389.02528,192.346,-22.3724,-1.04708,-0.302096,-0.137717,6032.27,5,34.322,1779.96,4782.52,48.7438,1,2,0.8,0.0,0.0,5,0.0,0,True,1746969357.277941,left,False
4965,1746969389.0468192,192.228,-22.9544,-1.23216,-0.300273,-0.144315,6030.65,5,34.344,1781.14,4783.7,48.7436,1,2,0.8,0.0,0.0,5,0.0,0,True,1746969357.277941,left,False
4966,1746969389.067462,192.113,-23.4481,-1.42668,-0.298161,-0.150481,6033.85,5,34.366,1782.31,4784.87,48.7433,1,2,0.8,0.0,0.0,5,0.0,0,True,1746969357.277941,left,False
4967,1746969389.093123,192.004,-23.8609,-1.62063,-0.295768,-0.15624,6037.46,5,34.388,1783.49,4786.05,48.7431,1,2,0.8,0.0,0.0,5,0.0,0,True,1746969357.277941,left,False
4968,1746969389.1123722,191.902,-24.1746,-1.81339,-0.293083,-0.161541,6045.7,5,34.41,1784.66,4787.22,48.7428,1,2,0.8,0.0,0.0,5,0.0,0,True,1746969357.277941,left,False
4969,1746969389.133306,191.808,-24.3999,-2.01045,-0.290112,-0.16636,6055.56,5,34.432,1785.83,4788.39,48.7426,1,2,0.8,0.0,0.0,5,0.0,0,True,1746969357.277941,left,False
4970,1746969389.1559887,191.727,-24.5171,-2.19685,-0.286853,-0.170677,6065.29,5,34.454,1787.01,4789.57,48.7423,1,2,0.8,0.0,0.0,5,0.0,0,True,1746969357.277941,left,False
4971,1746969389.176719,191.655,-24.5427,-2.3915,-0.283309,-0.174472,6076.47,5,34.476,1788.18,4790.74,48.7421,1,2,0.8,0.0,0.0,5,0.0,0,True,1746969357.277941,left,False
4972,1746969389.2007358,191.6,-24.4668,-2.58872,-0.279476,-0.177744,6086.48,5,34.498,1789.35,4791.91,48.7418,1,2,0.8,0.0,0.0,5,0.0,0,True,1746969357.277941,left,False
4973,1746969389.2226784,191.556,-24.2945,-2.78419,-0.275358,-0.180492,6098.12,5,34.52,1790.52,4793.08,48.7416,1,2,0.8,0.0,0.0,5,0.0,0,True,1746969357.277941,left,False
4974,1746969389.2440662,191.531,-24.0225,-2.97672,-0.270951,-0.182722,6102.7,5,34.542,1791.7,4794.26,48.7413,1,2,0.8,0.0,0.0,5,0.0,0,True,1746969357.277941,left,False
4975,1746969389.267013,191.518,-23.6472,-3.16607,-0.26626,-0.184401,6111.41,5,34.564,1792.87,4795.43,48.7411,1,2,0.8,0.0,0.0,5,0.0,0,True,1746969357.277941,left,False
4976,1746969389.28781,191.525,-23.1795,-3.35806,-0.261292,-0.185557,6110.61,5,34.586,1794.04,4796.6,48.7408,1,2,0.8,0.0,0.0,5,0.0,0,True,1746969357.277941,left,False
4977,1746969389.3090231,191.544,-22.6234,-3.54724,-0.256034,-0.186227,6112.04,5,34.608,1795.21,4797.77,48.7406,1,2,0.8,0.0,0.0,5,0.0,0,True,1746969357.277941,left,False
4978,1746969389.332683,191.577,-21.981,-3.73626,-0.250505,-0.186386,6110.17,5,34.63,1796.38,4798.94,48.7403,1,2,0.8,0.0,0.0,5,0.0,0,True,1746969357.277941,left,False
4979,1746969389.3534238,191.626,-21.2517,-3.92115,-0.244694,-0.186066,6104.11,5,34.652,1797.55,4800.11,48.74,1,2,0.8,0.0,0.0,5,0.0,0,True,1746969357.277941,left,False
4980,1746969389.3764484,191.687,-20.4426,-4.10686,-0.238615,-0.185265,6096.38,5,34.674,1798.71,4801.27,48.7398,1,2,0.8,0.0,0.0,5,0.0,0,True,1746969357.277941,left,False
4981,1746969389.3999774,191.762,-19.5499,-4.28948,-0.232271,-0.183981,6083.24,5,34.696,1799.88,4802.44,48.7395,1,2,0.8,0.0,0.0,5,0.0,0,True,1746969357.277941,left,False
4982,1746969389.4212499,191.846,-18.5851,-4.4629,-0.225659,-0.182247,6071.05,5,34.718,1801.05,4803.61,48.7393,1,2,0.8,0.0,0.0,5,0.0,0,True,1746969357.277941,left,False
4983,1746969389.4440491,191.937,-17.5595,-4.63773,-0.218795,-0.180097,6059.08,5,34.74,1802.22,4804.78,48.739,1,2,0.8,0.0,0.0,5,0.0,0,True,1746969357.277941,left,False
4984,1746969389.467162,192.036,-16.4768,-4.80996,-0.211678,-0.177529,6043.17,5,34.762,1803.39,4805.95,48.7388,1,2,0.8,0.0,0.0,5,0.0,0,True,1746969357.277941,left,False
4985,1746969389.4877577,192.142,-15.3354,-4.97155,-0.204325,-0.174576,6026.02,5,34.784,1804.55,4807.12,48.7385,1,2,0.8,0.0,0.0,5,0.0,0,True,1746969357.277941,left,False
4986,1746969389.509103,192.249,-14.158,-5.13569,-0.196745,-0.171277,6010.23,5,34.806,1805.72,4808.28,48.7383,1,2,0.8,0.0,0.0,5,0.0,0,True,1746969357.277941,left,False
4987,1746969389.5296702,192.36,-12.9505,-5.28846,-0.188936,-0.167678,5994.14,5,34.828,1806.89,4809.45,48.738,1,2,0.8,0.0,0.0,5,0.0,0,True,1746969357.277941,left,False
4988,1746969389.5518606,192.471,-11.7207,-5.4319,-0.180933,-0.163799,5974.93,5,34.85,1808.06,4810.62,48.7378,1,2,0.8,0.0,0.0,5,0.0,0,True,1746969357.277941,left,False
4989,1746969389.5749364,192.58,-10.4857,-5.57027,-0.172729,-0.159703,5960.92,5,34.872,1809.23,4811.79,48.7375,1,2,0.8,0.0,0.0,5,0.0,0,True,1746969357.277941,left,False
4990,1746969389.5959466,192.686,-9.26233,-5.70261,-0.164351,-0.155448,5947.28,5,34.894,1810.39,4812.95,48.7373,1,2,0.8,0.0,0.0,5,0.0,0,True,1746969357.277941,left,False
4991,1746969389.6172109,192.788,-8.06075,-5.82121,-0.155811,-0.151084,5934.57,5,34.916,1811.56,4814.12,48.737,1,2,0.8,0.0,0.0,5,0.0,0,True,1746969357.277941,left,False
4992,1746969389.6404908,192.883,-6.89833,-5.92509,-0.147139,-0.146672,5926.01,5,34.938,1812.73,4815.29,48.7368,1,2,0.8,0.0,0.0,5,0.0,0,True,1746969357.277941,left,False
4993,1746969389.6626058,192.974,-5.78645,-6.011,-0.13835,-0.142268,5918.44,5,34.96,1813.9,4816.46,48.7365,1,2,0.8,0.0,0.0,5,0.0,0,True,1746969357.277941,left,False
4994,1746969389.6846762,193.059,-4.73618,-6.0928,-0.129464,-0.137913,5912.8,5,34.982,1815.07,4817.63,48.7363,1,2,0.8,0.0,0.0,5,0.0,0,True,1746969357.277941,left,False
4995,1746969389.7050805,193.141,-3.75451,-6.14892,-0.1205,-0.13365,5907.32,5,35.004,1816.24,4818.8,48.736,1,2,0.8,0.0,0.0,5,0.0,0,True,1746969357.277941,left,False
4996,1746969389.7289844,193.216,-2.84983,-6.19534,-0.111483,-0.12951,5904.33,5,35.026,1817.41,4819.97,48.7358,1,2,0.8,0.0,0.0,5,0.0,0,True,1746969357.277941,left,False
4997,1746969389.749806,193.287,-2.02423,-6.22647,-0.102429,-0.12552,5902.96,5,35.048,1818.58,4821.14,48.7355,1,2,0.8,0.0,0.0,5,0.0,0,True,1746969357.277941,left,False
4998,1746969389.7743056,193.355,-1.27808,-6.23303,-0.0933634,-0.121699,5900.88,5,35.07,1819.75,4822.31,48.7353,1,2,0.8,0.0,0.0,5,0.0,0,True,1746969357.277941,left,False
4999,1746969389.7933264,193.419,-0.61188,-6.23207,-0.0843058,-0.118057,5900.85,5,35.092,1820.92,4823.48,48.735,1,2,0.8,0.0,0.0,5,0.0,0,True,1746969357.277941,left,False
5000,1746969389.8161173,193.481,-0.0233575,-6.2132,-0.0752645,-0.114603,5901.47,5,35.114,1822.09,4824.65,48.7348,1,2,0.8,0.0,0.0,5,0.0,0,True,1746969357.277941,left,False
5001,1746969389.840736,193.541,0.4908,-6.18277,-0.0662638,-0.111342,5901.45,5,35.136,1823.27,4825.83,48.7345,1,2,0.8,0.0,0.0,5,0.0,0,True,1746969357.277941,left,False
5002,1746969389.860371,193.6,0.934417,-6.13652,-0.0573242,-0.108273,5901.92,5,35.158,1824.44,4827,48.7343,1,2,0.8,0.0,0.0,5,0.0,0,True,1746969357.277941,left,False
5003,1746969389.8829772,193.657,1.31177,-6.07678,-0.0484497,-0.105396,5903.23,5,35.18,1825.62,4828.18,48.734,1,2,0.8,0.0,0.0,5,0.0,0,True,1746969357.277941,left,False
5004,1746969389.904114,193.714,1.62756,-6.00735,-0.0396403,-0.102704,5903.67,5,35.202,1826.79,4829.35,48.7338,1,2,0.8,0.0,0.0,5,0.0,0,True,1746969357.277941,left,False
5005,1746969389.925675,193.77,1.88748,-5.93111,-0.0309204,-0.100192,5904.79,5,35.224,1827.97,4830.53,48.7335,1,2,0.8,0.0,0.0,5,0.0,0,True,1746969357.277941,left,False
5006,1746969389.9478602,193.825,2.09664,-5.84009,-0.0223104,-0.0978492,5905.4,5,35.246,1829.14,4831.7,48.7332,1,2,0.8,0.0,0.0,5,0.0,0,True,1746969357.277941,left,False
5007,1746969389.9714017,193.879,2.26065,-5.74904,-0.0137858,-0.0956672,5908.03,5,35.268,1830.32,4832.88,48.733,1,2,0.8,0.0,0.0,5,0.0,0,True,1746969357.277941,left,False
5008,1746969389.9928565,193.934,2.38447,-5.65436,-0.00537109,-0.0936359,5908.76,5,35.29,1831.5,4834.06,48.7327,1,2,0.8,0.0,0.0,5,0.0,0,True,1746969357.277941,left,False
5009,1746969390.0133264,193.988,2.47373,-5.55892,0.00292562,-0.0917395,5909.91,5,35.312,1832.68,4835.24,48.7325,1,2,0.8,0.0,0.0,5,0.0,0,True,1746969357.277941,left,False
5010,1746969390.0365508,194.042,2.53403,-5.45511,0.0111165,-0.0899618,5911.74,5,35.334,1833.86,4836.42,48.7322,1,2,0.8,0.0,0.0,5,0.0,0,True,1746969357.277941,left,False
5011,1746969390.059868,194.096,2.57006,-5.35701,0.0191895,-0.0882905,5913.08,5,35.356,1835.04,4837.6,48.732,1,2,0.8,0.0,0.0,5,0.0,0,True,1746969357.277941,left,False
5012,1746969390.080802,194.15,2.58603,-5.25821,0.0271444,-0.0867093,5915.2,5,35.378,1836.22,4838.78,48.7317,1,2,0.8,0.0,0.0,5,0.0,0,True,1746969357.277941,left,False
5013,1746969390.1042953,194.203,2.58615,-5.1524,0.0349894,-0.0852063,5915.61,5,35.4,1837.4,4839.96,48.7315,1,2,0.8,0.0,0.0,5,0.0,0,True,1746969357.277941,left,False
5014,1746969390.1241827,194.257,2.57386,-5.06138,0.0427083,-0.0837711,5917.79,5,35.422,1838.58,4841.14,48.7312,1,2,0.8,0.0,0.0,5,0.0,0,True,1746969357.277941,left,False
5015,1746969390.1475632,194.31,2.55182,-4.96658,0.0503255,-0.0823911,5919.02,5,35.444,1839.77,4842.33,48.731,1,2,0.8,0.0,0.0,5,0.0,0,True,1746969357.277941,left,False
5016,1746969390.1683657,194.362,2.52346,-4.87724,0.0578084,-0.0810569,5921.25,5,35.466,1840.95,4843.51,48.7307,1,2,0.8,0.0,0.0,5,0.0,0,True,1746969357.277941,left,False
5017,1746969390.1923704,194.414,2.4904,-4.79749,0.0651937,-0.0797618,5923.5,5,35.488,1842.13,4844.69,48.7305,1,2,0.8,0.0,0.0,5,0.0,0,True,1746969357.277941,left,False
5018,1746969390.2133248,194.467,2.45142,-4.70439,0.0724528,-0.0785011,5923.76,5,35.51,1843.32,4845.88,48.7302,1,2,0.8,0.0,0.0,5,0.0,0,True,1746969357.277941,left,False
5019,1746969390.235497,194.519,2.41143,-4.62126,0.0796102,-0.077267,5925.81,5,35.532,1844.5,4847.06,48.73,1,2,0.8,0.0,0.0,5,0.0,0,True,1746969357.277941,left,False
5020,1746969390.255883,194.57,2.37105,-4.54634,0.0866374,-0.076053,5927.93,5,35.554,1845.69,4848.25,48.7297,1,2,0.8,0.0,0.0,5,0.0,0,True,1746969357.277941,left,False
5021,1746969390.2789667,194.622,2.33134,-4.47577,0.093575,-0.0748504,5929.88,5,35.576,1846.88,4849.44,48.7295,1,2,0.8,0.0,0.0,5,0.0,0,True,1746969357.277941,left,False
5022,1746969390.2991414,194.673,2.2922,-4.40139,0.100391,-0.0736573,5930.93,5,35.598,1848.07,4850.62,48.7292,1,2,0.8,0.0,0.0,5,0.0,0,True,1746969357.277941,left,False
5023,1746969390.3214974,194.724,2.25491,-4.33669,0.107104,-0.072471,5932.16,5,35.62,1849.25,4851.81,48.729,1,2,0.8,0.0,0.0,5,0.0,0,True,1746969357.277941,left,False
5024,1746969390.344549,194.774,2.21894,-4.27001,0.113708,-0.0712903,5934.2,5,35.642,1850.44,4853,48.7287,1,2,0.8,0.0,0.0,5,0.0,0,True,1746969357.277941,left,False
5025,1746969390.3675194,194.824,2.18521,-4.20396,0.120207,-0.0701144,5935.66,5,35.664,1851.63,4854.19,48.7285,1,2,0.8,0.0,0.0,5,0.0,0,True,1746969357.277941,left,False
5026,1746969390.3884957,194.874,2.15366,-4.13905,0.126599,-0.0689357,5937.33,5,35.686,1852.82,4855.38,48.7282,1,2,0.8,0.0,0.0,5,0.0,0,True,1746969357.277941,left,False
5027,1746969390.4106205,194.924,2.1239,-4.07985,0.132894,-0.0677598,5939.36,5,35.708,1854.01,4856.57,48.728,1,2,0.8,0.0,0.0,5,0.0,0,True,1746969357.277941,left,False
5028,1746969390.4333632,194.973,2.09559,-4.0125,0.139079,-0.066583,5940.1,5,35.73,1855.2,4857.76,48.7277,1,2,0.8,0.0,0.0,5,0.0,0,True,1746969357.277941,left,False
5029,1746969390.4550304,195.022,2.07033,-3.95139,0.145158,-0.0654033,5941.57,5,35.752,1856.4,4858.95,48.7275,1,2,0.8,0.0,0.0,5,0.0,0,True,1746969357.277941,left,False
5030,1746969390.4769547,195.071,2.04699,-3.89213,0.151143,-0.0642226,5943.78,5,35.774,1857.59,4860.15,48.7272,1,2,0.8,0.0,0.0,5,0.0,0,True,1746969357.277941,left,False
5031,1746969390.4982326,195.119,2.02416,-3.82208,0.157023,-0.063041,5944.7,5,35.796,1858.78,4861.34,48.727,1,2,0.8,0.0,0.0,5,0.0,0,True,1746969357.277941,left,False
5032,1746969390.5196493,195.168,2.00352,-3.75621,0.162801,-0.061858,5945.72,5,35.818,1859.97,4862.53,48.7267,1,2,0.8,0.0,0.0,5,0.0,0,True,1746969357.277941,left,False
5033,1746969390.541454,195.215,1.98522,-3.69642,0.168477,-0.0606712,5947.1,5,35.84,1861.17,4863.73,48.7265,1,2,0.8,0.0,0.0,5,0.0,0,True,1746969357.277941,left,False
5034,1746969390.563211,195.263,1.96847,-3.63505,0.174056,-0.0594819,5949.16,5,35.862,1862.36,4864.92,48.7262,1,2,0.8,0.0,0.0,5,0.0,0,True,1746969357.277941,left,False
5035,1746969390.586178,195.31,1.95312,-3.56775,0.179537,-0.0582884,5950.46,5,35.884,1863.56,4866.12,48.7259,1,2,0.8,0.0,0.0,5,0.0,0,True,1746969357.277941,left,False
5036,1746969390.608355,195.357,1.93951,-3.5084,0.184916,-0.0570925,5951.53,5,35.906,1864.75,4867.31,48.7257,1,2,0.8,0.0,0.0,5,0.0,0,True,1746969357.277941,left,False
5037,1746969390.6339734,195.403,1.92688,-3.44058,0.19019,-0.0558937,5953.26,5,35.928,1865.95,4868.51,48.7254,1,2,0.8,0.0,0.0,5,0.0,0,True,1746969357.277941,left,False
5038,1746969390.651018,195.449,1.91621,-3.38463,0.195369,-0.0546911,5955.19,5,35.95,1867.15,4869.7,48.7252,1,2,0.8,0.0,0.0,5,0.0,0,True,1746969357.277941,left,False
5039,1746969390.6753478,195.495,1.90591,-3.31248,0.200452,-0.0534862,5955.8,5,35.972,1868.34,4870.9,48.7249,1,2,0.8,0.0,0.0,5,0.0,0,True,1746969357.277941,left,False
5040,1746969390.696683,195.541,1.89717,-3.24884,0.205432,-0.0522783,5957.2,5,35.994,1869.54,4872.1,48.7247,1,2,0.8,0.0,0.0,5,0.0,0,True,1746969357.277941,left,False
5041,1746969390.7190862,195.586,1.88884,-3.18539,0.210315,-0.0510696,5958.92,5,36.016,1870.74,4873.3,48.7244,1,2,0.8,0.0,0.0,5,0.0,0,True,1746969357.277941,left,False
5042,1746969390.7397342,195.631,1.88169,-3.1227,0.2151,-0.0498584,5960.01,5,36.038,1871.94,4874.5,48.7242,1,2,0.8,0.0,0.0,5,0.0,0,True,1746969357.277941,left,False
5043,1746969390.7608955,195.676,1.87479,-3.05384,0.219788,-0.0486453,5961.2,5,36.06,1873.14,4875.69,48.7239,1,2,0.8,0.0,0.0,5,0.0,0,True,1746969357.277941,left,False
5044,1746969390.7831194,195.72,1.86921,-2.99299,0.224377,-0.0474299,5962.95,5,36.082,1874.34,4876.89,48.7237,1,2,0.8,0.0,0.0,5,0.0,0,True,1746969357.277941,left,False
5045,1746969390.804872,195.764,1.8641,-2.92681,0.22887,-0.046213,5964.19,5,36.104,1875.54,4878.09,48.7234,1,2,0.8,0.0,0.0,5,0.0,0,True,1746969357.277941,left,False
5046,1746969390.8286328,195.807,1.85978,-2.86691,0.23326,-0.0449956,5965.72,5,36.126,1876.74,4879.29,48.7232,1,2,0.8,0.0,0.0,5,0.0,0,True,1746969357.277941,left,False
5047,1746969390.849633,195.851,1.85492,-2.80069,0.237557,-0.0437768,5967.15,5,36.148,1877.94,4880.5,48.7229,1,2,0.8,0.0,0.0,5,0.0,0,True,1746969357.277941,left,False
5048,1746969390.8717148,195.894,1.85116,-2.73742,0.241748,-0.0425552,5968.18,5,36.17,1879.14,4881.7,48.7227,1,2,0.8,0.0,0.0,5,0.0,0,True,1746969357.277941,left,False
5049,1746969390.8946135,195.937,1.84779,-2.66364,0.24585,-0.0413316,5969.19,5,36.192,1880.34,4882.9,48.7224,1,2,0.8,0.0,0.0,5,0.0,0,True,1746969357.277941,left,False
5050,1746969390.9172015,195.979,1.84486,-2.59538,0.249849,-0.0401061,5970.58,5,36.214,1881.54,4884.1,48.7222,1,2,0.8,0.0,0.0,5,0.0,0,True,1746969357.277941,left,False
5051,1746969390.9390101,196.022,1.84199,-2.52947,0.253752,-0.0388797,5971.47,5,36.236,1882.74,4885.3,48.7219,1,2,0.8,0.0,0.0,5,0.0,0,True,1746969357.277941,left,False
5052,1746969390.9593973,196.064,1.84056,-2.46318,0.257556,-0.0376475,5972.47,5,36.258,1883.95,4886.51,48.7217,1,2,0.8,0.0,0.0,5,0.0,0,True,1746969357.277941,left,False
5053,1746969390.9841125,196.105,1.83964,-2.39283,0.261259,-0.036413,5973.74,5,36.28,1885.15,4887.71,48.7214,1,2,0.8,0.0,0.0,5,0.0,0,True,1746969357.277941,left,False
5054,1746969391.0036738,196.146,1.84083,-2.33902,0.26486,-0.0351732,5976.01,5,36.302,1886.36,4888.91,48.7212,1,2,0.8,0.0,0.0,5,0.0,0,True,1746969357.277941,left,False
5055,1746969391.026345,196.187,1.84184,-2.27771,0.268372,-0.033933,5976.99,5,36.324,1887.56,4890.12,48.7209,1,2,0.8,0.0,0.0,5,0.0,0,True,1746969357.277941,left,False
5056,1746969391.0490437,196.228,1.84263,-2.22351,0.271785,-0.0326908,5977.97,5,36.346,1888.76,4891.32,48.7207,1,2,0.8,0.0,0.0,5,0.0,0,True,1746969357.277941,left,False
5057,1746969391.0694857,196.268,1.842,-2.15501,0.275098,-0.0314525,5979.43,5,36.368,1889.97,4892.53,48.7204,1,2,0.8,0.0,0.0,5,0.0,0,True,1746969357.277941,left,False
5058,1746969391.0918891,196.309,1.84135,-2.0856,0.278308,-0.0302137,5980.46,5,36.39,1891.18,4893.73,48.7202,1,2,0.8,0.0,0.0,5,0.0,0,True,1746969357.277941,left,False
5059,1746969391.1139948,196.348,1.84099,-2.02653,0.281421,-0.0289767,5982,5,36.412,1892.38,4894.94,48.7199,1,2,0.8,0.0,0.0,5,0.0,0,True,1746969357.277941,left,False
5060,1746969391.136123,196.388,1.83945,-1.95734,0.28444,-0.0277417,5983.09,5,36.434,1893.59,4896.15,48.7197,1,2,0.8,0.0,0.0,5,0.0,0,True,1746969357.277941,left,False
5061,1746969391.1574733,196.427,1.83872,-1.89816,0.287362,-0.0265053,5984.27,5,36.456,1894.79,4897.35,48.7194,1,2,0.8,0.0,0.0,5,0.0,0,True,1746969357.277941,left,False
5062,1746969391.1809232,196.466,1.83717,-1.83049,0.290181,-0.0252703,5984.69,5,36.478,1896,4898.56,48.7192,1,2,0.8,0.0,0.0,5,0.0,0,True,1746969357.277941,left,False
5063,1746969391.2025855,196.505,1.83673,-1.76084,0.2929,-0.024031,5985.69,5,36.5,1897.21,4899.77,48.7189,1,2,0.8,0.0,0.0,5,0.0,0,True,1746969357.277941,left,False
5064,1746969391.2245011,196.543,1.83587,-1.69647,0.29552,-0.0227903,5987.86,5,36.522,1898.42,4900.97,48.7186,1,2,0.8,0.0,0.0,5,0.0,0,True,1746969357.277941,left,False
5065,1746969391.2469745,196.581,1.83484,-1.62804,0.298039,-0.0215529,5988.78,5,36.544,1899.62,4902.18,48.7184,1,2,0.8,0.0,0.0,5,0.0,0,True,1746969357.277941,left,False
5066,1746969391.2684278,196.619,1.83283,-1.56317,0.300464,-0.0203202,5989.66,5,36.566,1900.83,4903.39,48.7181,1,2,0.8,0.0,0.0,5,0.0,0,True,1746969357.277941,left,False
5067,1746969391.2913437,196.656,1.83095,-1.50075,0.302791,-0.019089,5991.17,5,36.588,1902.04,4904.6,48.7179,1,2,0.8,0.0,0.0,5,0.0,0,True,1746969357.277941,left,False
5068,1746969391.3127232,196.693,1.82948,-1.43658,0.305013,-0.017855,5991.86,5,36.61,1903.25,4905.81,48.7176,1,2,0.8,0.0,0.0,5,0.0,0,True,1746969357.277941,left,False
5069,1746969391.3349738,196.73,1.82762,-1.36915,0.307137,-0.01662,5992.5,5,36.632,1904.46,4907.02,48.7174,1,2,0.8,0.0,0.0,5,0.0,0,True,1746969357.277941,left,False
5070,1746969391.356891,196.767,1.82676,-1.30626,0.309155,-0.0153821,5993.41,5,36.654,1905.67,4908.23,48.7171,1,2,0.8,0.0,0.0,5,0.0,0,True,1746969357.277941,left,False
5071,1746969391.3778877,196.803,1.82613,-1.23809,0.311088,-0.0141414,5994.78,5,36.676,1906.88,4909.44,48.7169,1,2,0.8,0.0,0.0,5,0.0,0,True,1746969357.277941,left,False
5072,1746969391.3989348,196.839,1.82649,-1.16371,0.312919,-0.012894,5995.1,5,36.698,1908.09,4910.65,48.7166,1,2,0.8,0.0,0.0,5,0.0,0,True,1746969357.277941,left,False
5073,1746969391.4217858,196.874,1.82865,-1.10449,0.314648,-0.0116428,5996.9,5,36.72,1909.3,4911.86,48.7164,1,2,0.8,0.0,0.0,5,0.0,0,True,1746969357.277941,left,False
5074,1746969391.444076,196.91,1.83067,-1.04382,0.316276,-0.0103877,5997.67,5,36.742,1910.51,4913.07,48.7161,1,2,0.8,0.0,0.0,5,0.0,0,True,1746969357.277941,left,False
5075,1746969391.466491,196.945,1.83377,-0.973988,0.317802,-0.00912792,5998.68,5,36.764,1911.72,4914.28,48.7159,1,2,0.8,0.0,0.0,5,0.0,0,True,1746969357.277941,left,False
5076,1746969391.4887595,196.98,1.83582,-0.907086,0.319234,-0.00787002,5999.19,5,36.786,1912.93,4915.49,48.7156,1,2,0.8,0.0,0.0,5,0.0,0,True,1746969357.277941,left,False
5077,1746969391.5094955,197.014,1.83877,-0.848849,0.320561,-0.00660831,6001.39,5,36.808,1914.15,4916.7,48.7154,1,2,0.8,0.0,0.0,5,0.0,0,True,1746969357.277941,left,False
5078,1746969391.5334775,197.048,1.84068,-0.781979,0.32179,-0.00534755,6002.02,5,36.83,1915.36,4917.92,48.7151,1,2,0.8,0.0,0.0,5,0.0,0,True,1746969357.277941,left,False
5079,1746969391.5549343,197.082,1.84243,-0.710103,0.322917,-0.00408775,6003.09,5,36.852,1916.57,4919.13,48.7149,1,2,0.8,0.0,0.0,5,0.0,0,True,1746969357.277941,left,False
5080,1746969391.5763946,197.115,1.84377,-0.648693,0.323938,-0.00283128,6004.51,5,36.874,1917.78,4920.34,48.7146,1,2,0.8,0.0,0.0,5,0.0,0,True,1746969357.277941,left,False
5081,1746969391.5981972,197.149,1.84397,-0.576535,0.324866,-0.00157577,6005.15,5,36.896,1919,4921.55,48.7144,1,2,0.8,0.0,0.0,5,0.0,0,True,1746969357.277941,left,False
5082,1746969391.6212316,197.182,1.84407,-0.512278,0.325692,-0.000323598,6005.87,5,36.918,1920.21,4922.77,48.7141,1,2,0.8,0.0,0.0,5,0.0,0,True,1746969357.277941,left,False
5083,1746969391.6410632,197.214,1.84476,-0.448565,0.326416,0.00092953,6007.61,5,36.94,1921.42,4923.98,48.7139,1,2,0.8,0.0,0.0,5,0.0,0,True,1746969357.277941,left,False
5084,1746969391.6637306,197.247,1.84436,-0.383794,0.327039,0.00218123,6008.14,5,36.962,1922.64,4925.19,48.7136,1,2,0.8,0.0,0.0,5,0.0,0,True,1746969357.277941,left,False
5085,1746969391.6850398,197.279,1.84403,-0.312405,0.327568,0.00343483,6008.77,5,36.984,1923.85,4926.41,48.7134,1,2,0.8,0.0,0.0,5,0.0,0,True,1746969357.277941,left,False
5086,1746969391.707536,197.311,1.84367,-0.244626,0.327991,0.00468796,6009.34,5,37.006,1925.06,4927.62,48.7131,1,2,0.8,0.0,0.0,5,0.0,0,True,1746969357.277941,left,False
5087,1746969391.730642,197.342,1.84464,-0.182464,0.328312,0.00594395,6011.09,5,37.028,1926.28,4928.83,48.7129,1,2,0.8,0.0,0.0,5,0.0,0,True,1746969357.277941,left,False
5088,1746969391.751503,197.373,1.84497,-0.114987,0.328536,0.00720089,6011.61,5,37.05,1927.49,4930.05,48.7126,1,2,0.8,0.0,0.0,5,0.0,0,True,1746969357.277941,left,False
5089,1746969391.7754703,197.404,1.84531,-0.046068,0.328654,0.00845784,6012.6,5,37.072,1928.71,4931.26,48.7124,1,2,0.8,0.0,0.0,5,0.0,0,True,1746969357.277941,left,False
5090,1746969391.7956173,197.434,1.84656,0.0172965,0.328678,0.00971812,6013.75,5,37.094,1929.92,4932.48,48.7121,1,2,0.8,0.0,0.0,5,0.0,0,True,1746969357.277941,left,False
5091,1746969391.8182952,197.464,1.84752,0.0821286,0.328597,0.0109774,6015.15,5,37.116,1931.14,4933.69,48.7118,1,2,0.8,0.0,0.0,5,0.0,0,True,1746969357.277941,left,False
5092,1746969391.8405018,197.495,1.84836,0.150405,0.32841,0.0122406,6015.65,5,37.138,1932.35,4934.91,48.7116,1,2,0.8,0.0,0.0,5,0.0,0,True,1746969357.277941,left,False
5093,1746969391.8611815,197.525,1.84988,0.219909,0.328125,0.0135066,6016.27,5,37.16,1933.57,4936.12,48.7113,1,2,0.8,0.0,0.0,5,0.0,0,True,1746969357.277941,left,False
5094,1746969391.8848414,197.554,1.85193,0.288887,0.327747,0.0147764,6016.75,5,37.182,1934.78,4937.34,48.7111,1,2,0.8,0.0,0.0,5,0.0,0,True,1746969357.277941,left,False
5095,1746969391.9054537,197.583,1.85439,0.356842,0.327254,0.0160491,6017.7,5,37.204,1936,4938.55,48.7108,1,2,0.8,0.0,0.0,5,0.0,0,True,1746969357.277941,left,False
5096,1746969391.9275584,197.613,1.85726,0.426337,0.326664,0.0173251,6018.32,5,37.226,1937.21,4939.77,48.7106,1,2,0.8,0.0,0.0,5,0.0,0,True,1746969357.277941,left,False
5097,1746969391.9492745,197.641,1.85999,0.49489,0.325972,0.0186002,6018.8,5,37.248,1938.43,4940.99,48.7103,1,2,0.8,0.0,0.0,5,0.0,0,True,1746969357.277941,left,False
5098,1746969391.9726338,197.669,1.86342,0.55629,0.325183,0.0198781,6020.77,5,37.27,1939.65,4942.2,48.7101,1,2,0.8,0.0,0.0,5,0.0,0,True,1746969357.277941,left,False
5099,1746969391.9936936,197.697,1.8665,0.618743,0.324288,0.021156,6021.64,5,37.292,1940.86,4943.42,48.7098,1,2,0.8,0.0,0.0,5,0.0,0,True,1746969357.277941,left,False
5100,1746969392.0152733,197.724,1.86855,0.690696,0.323291,0.022433,6022.1,5,37.314,1942.08,4944.64,48.7096,1,2,0.8,0.0,0.0,5,0.0,0,True,1746969357.277941,left,False
5101,1746969392.0388026,197.752,1.87081,0.757763,0.322188,0.0237109,6022.61,5,37.336,1943.29,4945.85,48.7093,1,2,0.8,0.0,0.0,5,0.0,0,True,1746969357.277941,left,False
5102,1746969392.0595598,197.778,1.87355,0.817602,0.320996,0.0249869,6024.67,5,37.358,1944.51,4947.07,48.7091,1,2,0.8,0.0,0.0,5,0.0,0,True,1746969357.277941,left,False
5103,1746969392.0831754,197.806,1.87494,0.884121,0.319694,0.026262,6024.69,5,37.38,1945.73,4948.29,48.7088,1,2,0.8,0.0,0.0,5,0.0,0,True,1746969357.277941,left,False
5104,1746969392.103219,197.832,1.87591,0.953762,0.318286,0.0275351,6025.5,5,37.402,1946.94,4949.5,48.7086,1,2,0.8,0.0,0.0,5,0.0,0,True,1746969357.277941,left,False
5105,1746969392.12534,197.858,1.87644,1.0229,0.316781,0.0288073,6026.38,5,37.424,1948.16,4950.72,48.7083,1,2,0.8,0.0,0.0,5,0.0,0,True,1746969357.277941,left,False
5106,1746969392.1498082,197.884,1.8767,1.08907,0.315177,0.0300767,6026.54,5,37.446,1949.38,4951.94,48.7081,1,2,0.8,0.0,0.0,5,0.0,0,True,1746969357.277941,left,False
5107,1746969392.169799,197.91,1.87612,1.15417,0.31346,0.0313436,6027.57,5,37.468,1950.59,4953.15,48.7078,1,2,0.8,0.0,0.0,5,0.0,0,True,1746969357.277941,left,False
5108,1746969392.1918912,197.935,1.87568,1.22035,0.311641,0.0326096,6028.42,5,37.49,1951.81,4954.37,48.7076,1,2,0.8,0.0,0.0,5,0.0,0,True,1746969357.277941,left,False
5109,1746969392.2159534,197.96,1.87522,1.28735,0.309725,0.0338733,6030.09,5,37.512,1953.03,4955.59,48.7073,1,2,0.8,0.0,0.0,5,0.0,0,True,1746969357.277941,left,False
5110,1746969392.2355561,197.985,1.87383,1.35594,0.307707,0.0351359,6029.95,5,37.534,1954.25,4956.8,48.7071,1,2,0.8,0.0,0.0,5,0.0,0,True,1746969357.277941,left,False
5111,1746969392.2574272,198.01,1.87239,1.42179,0.305583,0.0363976,6030.6,5,37.556,1955.46,4958.02,48.7068,1,2,0.8,0.0,0.0,5,0.0,0,True,1746969357.277941,left,False
5112,1746969392.2816315,198.034,1.87092,1.48892,0.303349,0.0376574,6031.27,5,37.578,1956.68,4959.24,48.7066,1,2,0.8,0.0,0.0,5,0.0,0,True,1746969357.277941,left,False
5113,1746969392.3025055,198.058,1.86934,1.55534,0.301025,0.0389168,6032.08,5,37.6,1957.9,4960.46,48.7063,1,2,0.8,0.0,0.0,5,0.0,0,True,1746969357.277941,left,False
5114,1746969392.324609,198.082,1.86765,1.62376,0.298592,0.0401751,6032.97,5,37.622,1959.12,4961.67,48.7061,1,2,0.8,0.0,0.0,5,0.0,0,True,1746969357.277941,left,False
5115,1746969392.3449283,198.105,1.86614,1.68959,0.296057,0.0414321,6034.23,5,37.644,1960.33,4962.89,48.7058,1,2,0.8,0.0,0.0,5,0.0,0,True,1746969357.277941,left,False
5116,1746969392.3691037,198.128,1.86415,1.7598,0.29342,0.042689,6034.35,5,37.666,1961.55,4964.11,48.7056,1,2,0.8,0.0,0.0,5,0.0,0,True,1746969357.277941,left,False
5117,1746969392.39085,198.151,1.86204,1.83108,0.290686,0.0439441,6035,5,37.688,1962.77,4965.33,48.7053,1,2,0.8,0.0,0.0,5,0.0,0,True,1746969357.277941,left,False
5118,1746969392.4125926,198.173,1.86041,1.89108,0.287842,0.0452005,6036.39,5,37.71,1963.99,4966.54,48.7051,1,2,0.8,0.0,0.0,5,0.0,0,True,1746969357.277941,left,False
5119,1746969392.433458,198.196,1.85858,1.96259,0.284892,0.0464565,6036.65,5,37.732,1965.2,4967.76,48.7048,1,2,0.8,0.0,0.0,5,0.0,0,True,1746969357.277941,left,False
5120,1746969392.456667,198.217,1.85755,2.02797,0.281852,0.047713,6037.63,5,37.754,1966.42,4968.98,48.7045,1,2,0.8,0.0,0.0,5,0.0,0,True,1746969357.277941,left,False
5121,1746969392.4778235,198.239,1.85597,2.09866,0.278703,0.048969,6038.08,5,37.776,1967.64,4970.2,48.7043,1,2,0.8,0.0,0.0,5,0.0,0,True,1746969357.277941,left,False
5122,1746969392.4991906,198.261,1.85432,2.16406,0.275448,0.050224,6038.52,5,37.798,1968.86,4971.41,48.704,1,2,0.8,0.0,0.0,5,0.0,0,True,1746969357.277941,left,False
5123,1746969392.5224643,198.282,1.85299,2.23632,0.272095,0.0514805,6039.1,5,37.82,1970.07,4972.63,48.7038,1,2,0.8,0.0,0.0,5,0.0,0,True,1746969357.277941,left,False
5124,1746969392.543366,198.302,1.85199,2.30119,0.26864,0.0527346,6040.5,5,37.842,1971.29,4973.85,48.7035,1,2,0.8,0.0,0.0,5,0.0,0,True,1746969357.277941,left,False
5125,1746969392.5673406,198.323,1.85027,2.36516,0.265084,0.0539858,6040.82,5,37.864,1972.51,4975.07,48.7033,1,2,0.8,0.0,0.0,5,0.0,0,True,1746969357.277941,left,False
5126,1746969392.5879211,198.344,1.84824,2.43312,0.261418,0.0552384,6040.58,5,37.886,1973.73,4976.28,48.703,1,2,0.8,0.0,0.0,5,0.0,0,True,1746969357.277941,left,False
5127,1746969392.609336,198.363,1.8463,2.50685,0.257662,0.0564906,6042,5,37.908,1974.94,4977.5,48.7028,1,2,0.8,0.0,0.0,5,0.0,0,True,1746969357.277941,left,False
5128,1746969392.632422,198.383,1.84405,2.57237,0.253796,0.0577399,6042.1,5,37.93,1976.16,4978.72,48.7025,1,2,0.8,0.0,0.0,5,0.0,0,True,1746969357.277941,left,False
5129,1746969392.6538794,198.403,1.84298,2.63798,0.249829,0.0589916,6042.87,5,37.952,1977.38,4979.94,48.7023,1,2,0.8,0.0,0.0,5,0.0,0,True,1746969357.277941,left,False
5130,1746969392.6771631,198.422,1.84186,2.70828,0.24576,0.0602452,6043.05,5,37.974,1978.6,4981.15,48.702,1,2,0.8,0.0,0.0,5,0.0,0,True,1746969357.277941,left,False
5131,1746969392.69925,198.441,1.84111,2.78049,0.241589,0.0615002,6043.72,5,37.996,1979.81,4982.37,48.7018,1,2,0.8,0.0,0.0,5,0.0,0,True,1746969357.277941,right,False
5132,1746969392.7200222,198.46,1.84079,2.84502,0.237317,0.0627553,6044.7,5,38.018,1981.03,4983.59,48.7015,1,2,0.8,0.0,0.0,5,0.0,0,True,1746969357.277941,right,False
5133,1746969392.7410345,198.478,1.84106,2.90593,0.232943,0.0640132,6045.19,5,38.04,1982.25,4984.8,48.7013,1,2,0.8,0.0,0.0,5,0.0,0,True,1746969357.277941,right,False
5134,1746969392.7635179,198.496,1.84103,2.976,0.228467,0.0652715,6045.5,5,38.062,1983.46,4986.02,48.701,1,2,0.8,0.0,0.0,5,0.0,0,True,1746969357.277941,right,False
5135,1746969392.7858746,198.514,1.84162,3.04155,0.223889,0.0665294,6046.38,5,38.084,1984.68,4987.24,48.7008,1,2,0.8,0.0,0.0,5,0.0,0,True,1746969357.277941,right,False
5136,1746969392.8097975,198.532,1.84151,3.11353,0.219206,0.0677878,6045.97,5,38.106,1985.9,4988.45,48.7005,1,2,0.8,0.0,0.0,5,0.0,0,True,1746969357.277941,right,False
5137,1746969392.8299522,198.549,1.84186,3.17891,0.214425,0.0690476,6046.68,5,38.128,1987.11,4989.67,48.7003,1,2,0.8,0.0,0.0,5,0.0,0,True,1746969357.277941,right,False
5138,1746969392.852103,198.566,1.8426,3.23945,0.209538,0.0703065,6047.35,5,38.15,1988.33,4990.89,48.7,1,2,0.8,0.0,0.0,5,0.0,0,True,1746969357.277941,right,False
5139,1746969392.8757975,198.583,1.84331,3.30809,0.204553,0.0715663,6048.01,5,38.172,1989.55,4992.1,48.6998,1,2,0.8,0.0,0.0,5,0.0,0,True,1746969357.277941,right,False
5140,1746969392.9001787,198.599,1.84336,3.37515,0.199463,0.0728251,6048.75,5,38.194,1990.76,4993.32,48.6995,1,2,0.8,0.0,0.1,5,0.0,0,True,1746969357.277941,right,False
5141,1746969392.9187195,198.615,1.84332,3.43885,0.194275,0.074083,6049.35,5,38.216,1991.98,4994.54,48.6993,1,2,0.8,0.0,0.1,5,0.0,0,True,1746969357.277941,right,False
5142,1746969392.9412918,198.631,1.84364,3.50742,0.188981,0.0753409,6049.73,5,38.238,1993.2,4995.75,48.699,1,2,0.8,0.0,0.1,5,0.0,0,True,1746969357.277941,right,False
5143,1746969392.960912,198.647,1.84327,3.57969,0.18359,0.0765988,6049.9,5,38.26,1994.41,4996.97,48.6988,1,2,0.8,0.0,0.1,5,0.0,0,True,1746969357.277941,right,False
5144,1746969392.9831734,198.649,1.99146,3.6359,0.178149,0.0769321,6051.66,5,38.282,1995.63,4998.18,48.6985,1,2,0.8,0.0,0.1,5,0.0,0,True,1746969357.277941,right,False
5145,1746969393.0061734,198.649,1.74499,3.68273,0.17275,0.0748259,6054.71,5,38.304,1996.84,4999.4,48.6983,1,2,0.8,0.0,0.1,5,0.0,0,True,1746969357.277941,right,False
5146,1746969393.0285358,198.653,1.08392,3.72449,0.167328,0.0727751,6056.65,5,38.326,1998.07,5000.62,48.698,1,2,0.8,0.0,0.1,5,0.0,0,True,1746969357.277941,right,False
5147,1746969393.0496476,198.653,0.0872519,3.76081,0.161786,0.0689685,6058.97,5,38.348,1999.29,5001.84,48.6978,1,2,0.8,0.0,0.1,5,0.0,0,True,1746969357.277941,right,False
5148,1746969393.0715966,198.642,-1.16852,3.78702,0.156146,0.0635669,6062.49,5,38.37,2000.51,5003.06,48.6975,1,2,0.8,0.0,0.1,5,0.0,0,True,1746969357.277941,right,False
5149,1746969393.0936515,198.617,-2.60752,3.81577,0.150444,0.0568845,6066.53,5,38.392,2001.73,5004.28,48.6972,1,2,0.8,0.0,0.1,5,0.0,0,True,1746969357.277941,right,False
5150,1746969393.116352,198.573,-4.1654,3.84156,0.144694,0.0492346,6071.13,5,38.414,2002.95,5005.5,48.697,1,2,0.8,0.0,0.1,5,0.0,0,True,1746969357.277941,right,False
5151,1746969393.1385894,198.505,-5.78833,3.86457,0.138947,0.0409057,6077.11,5,38.436,2004.17,5006.72,48.6967,1,2,0.8,0.0,0.1,5,0.0,0,True,1746969357.277941,right,False
5152,1746969393.1605923,198.415,-7.43725,3.87085,0.133221,0.0321366,6084.03,5,38.458,2005.39,5007.94,48.6965,1,2,0.8,0.0,0.1,5,0.0,0,True,1746969357.277941,right,False
5153,1746969393.1841533,198.3,-9.08202,3.86414,0.127545,0.0231325,6094.78,5,38.48,2006.6,5009.16,48.6962,1,2,0.8,0.0,0.1,5,0.0,0,True,1746969357.277941,right,False
5154,1746969393.2035983,198.163,-10.6958,3.8363,0.121936,0.014065,6106.89,5,38.502,2007.82,5010.38,48.696,1,2,0.8,0.0,0.1,5,0.0,0,True,1746969357.277941,right,False
5155,1746969393.2256937,198.005,-12.2702,3.80128,0.116412,0.00501793,6120.49,5,38.524,2009.04,5011.59,48.6957,1,2,0.8,0.0,0.1,5,0.0,0,True,1746969357.277941,right,False
5156,1746969393.2473633,197.83,-13.7927,3.75207,0.11098,-0.0039261,6133.94,5,38.546,2010.25,5012.81,48.6955,1,2,0.8,0.0,0.1,5,0.0,0,True,1746969357.277941,right,False
5157,1746969393.2706277,197.638,-15.2709,3.68221,0.105658,-0.0127633,6148.03,5,38.568,2011.47,5014.03,48.6952,1,2,0.8,0.0,0.1,5,0.0,0,True,1746969357.277941,right,False
5158,1746969393.2929792,197.431,-16.696,3.61487,0.100454,-0.0214828,6160.19,5,38.59,2012.68,5015.24,48.695,1,2,0.8,0.0,0.0,5,0.0,0,True,1746969357.277941,left,False
5159,1746969393.3158288,197.211,-18.0842,3.52318,0.0953674,-0.0300801,6170.23,5,38.612,2013.9,5016.45,48.6947,1,2,0.8,0.0,0.0,5,0.0,0,True,1746969357.277941,left,False
5160,1746969393.3356357,196.977,-19.4354,3.42825,0.0904134,-0.0385726,6181.98,5,38.634,2015.11,5017.67,48.6945,1,2,0.8,0.0,0.0,5,0.0,0,True,1746969357.277941,left,False
5161,1746969393.3586164,196.733,-20.7423,3.32357,0.0855937,-0.0469206,6190.38,5,38.656,2016.32,5018.88,48.6942,1,2,0.8,0.0,0.0,5,0.0,0,True,1746969357.277941,left,False
5162,1746969393.381071,196.509,-22.0424,3.21875,0.0809001,-0.0549215,6195.44,5,38.678,2017.54,5020.09,48.694,1,2,0.8,0.0,0.0,5,0.0,0,True,1746969357.277941,left,False
5163,1746969393.4029806,196.305,-23.2036,3.11313,0.0763163,-0.0621908,6183.83,5,38.7,2018.75,5021.3,48.6937,1,2,0.8,0.0,0.0,5,0.0,0,True,1746969357.277941,left,False
5164,1746969393.4247022,196.11,-24.209,3.01074,0.0718526,-0.0688031,6170.71,5,38.722,2019.96,5022.51,48.6935,1,2,0.8,0.0,0.0,5,0.0,0,True,1746969357.277941,left,False
5165,1746969393.4468548,195.918,-25.0759,2.90944,0.067513,-0.0748413,6159.5,5,38.744,2021.17,5023.72,48.6932,1,2,0.8,0.0,0.0,5,0.0,0,True,1746969357.277941,left,False
5166,1746969393.4680233,195.732,-25.8289,2.80263,0.0633097,-0.0803674,6147.95,5,38.766,2022.38,5024.93,48.693,1,2,0.8,0.0,0.0,5,0.0,0,True,1746969357.277941,left,False
5167,1746969393.4900112,195.552,-26.4693,2.7017,0.0592489,-0.0854276,6140.17,5,38.788,2023.58,5026.14,48.6927,1,2,0.8,0.0,0.0,5,0.0,0,True,1746969357.277941,left,False
5168,1746969393.5121377,195.373,-27.0136,2.59456,0.0553304,-0.09001,6141.05,5,38.81,2024.79,5027.35,48.6925,1,2,0.8,0.0,0.0,5,0.0,0,True,1746969357.277941,left,False
5169,1746969393.5350916,195.206,-27.4511,2.48682,0.0515584,-0.0940841,6139.56,5,38.832,2026,5028.55,48.6922,1,2,0.8,0.0,0.0,5,0.0,0,True,1746969357.277941,left,False
5170,1746969393.5569117,195.046,-27.7967,2.37073,0.0479289,-0.097668,6142.94,5,38.854,2027.2,5029.76,48.692,1,2,0.8,0.0,0.0,5,0.0,0,True,1746969357.277941,left,False
5171,1746969393.5776868,194.9,-28.0281,2.26726,0.0444519,-0.100735,6146.02,5,38.876,2028.41,5030.97,48.6917,1,2,0.8,0.0,0.0,5,0.0,0,True,1746969357.277941,left,False
5172,1746969393.6011314,194.765,-28.1661,2.15245,0.0411214,-0.103313,6149.89,5,38.898,2029.61,5032.17,48.6915,1,2,0.8,0.0,0.0,5,0.0,0,True,1746969357.277941,left,False
5173,1746969393.6226106,194.646,-28.1836,2.05531,0.0379435,-0.105338,6153.37,5,38.92,2030.82,5033.37,48.6912,1,2,0.8,0.0,0.0,5,0.0,0,True,1746969357.277941,left,False
5174,1746969393.644192,194.538,-28.0942,1.94483,0.0349182,-0.106777,6164.3,5,38.942,2032.02,5034.58,48.691,1,2,0.8,0.0,0.0,5,0.0,0,True,1746969357.277941,left,False
5175,1746969393.6659071,194.452,-27.8876,1.8422,0.0320455,-0.107622,6168.45,5,38.964,2033.22,5035.78,48.6907,1,2,0.8,0.0,0.0,5,0.0,0,True,1746969357.277941,left,False
5176,1746969393.6884882,194.384,-27.5637,1.74226,0.0293233,-0.107878,6173.11,5,38.986,2034.42,5036.98,48.6904,1,2,0.8,0.0,0.0,5,0.0,0,True,1746969357.277941,left,False
5177,1746969393.709703,194.332,-27.1343,1.63936,0.0267537,-0.107548,6178.25,5,39.008,2035.62,5038.18,48.6902,1,2,0.8,0.0,0.0,5,0.0,0,True,1746969357.277941,left,False
5178,1746969393.7335896,194.301,-26.5942,1.53866,0.0243306,-0.106633,6179.5,5,39.03,2036.82,5039.38,48.6899,1,2,0.8,0.0,0.0,5,0.0,0,True,1746969357.277941,left,False
5179,1746969393.7548964,194.29,-25.9407,1.44282,0.0220581,-0.105137,6176.47,5,39.052,2038.02,5040.58,48.6897,1,2,0.8,0.0,0.0,5,0.0,0,True,1746969357.277941,left,False
5180,1746969393.7762752,194.295,-25.193,1.34105,0.01993,-0.10308,6172.95,5,39.074,2039.22,5041.78,48.6894,1,2,0.8,0.0,0.0,5,0.0,0,True,1746969357.277941,left,False
5181,1746969393.7995028,194.317,-24.3458,1.24264,0.0179464,-0.100472,6165.8,5,39.096,2040.42,5042.98,48.6892,1,2,0.8,0.0,0.0,5,0.0,0,True,1746969357.277941,left,False
5182,1746969393.8226268,194.354,-23.4015,1.15167,0.016099,-0.0973323,6156.98,5,39.118,2041.62,5044.17,48.6889,1,2,0.8,0.0,0.0,5,0.0,0,True,1746969357.277941,left,False
5183,1746969393.841884,194.405,-22.3727,1.05698,0.014388,-0.0936702,6146.32,5,39.14,2042.81,5045.37,48.6887,1,2,0.8,0.0,0.0,5,0.0,0,True,1746969357.277941,left,False
5184,1746969393.865246,194.468,-21.2619,0.970147,0.0128031,-0.0895222,6133.2,5,39.162,2044.01,5046.57,48.6884,1,2,0.8,0.0,0.0,5,0.0,0,True,1746969357.277941,right,False
5185,1746969393.8866632,194.542,-20.0773,0.888521,0.0113424,-0.0849126,6116.77,5,39.184,2045.21,5047.76,48.6882,1,2,0.8,0.0,0.0,5,0.0,0,True,1746969357.277941,right,False
5186,1746969393.9090006,194.621,-18.8298,0.80071,0.00999552,-0.0798448,6105.45,5,39.206,2046.4,5048.96,48.6879,1,2,0.8,0.0,0.0,5,0.0,0,True,1746969357.277941,right,False
5187,1746969393.9295027,194.711,-17.5248,0.726452,0.00875448,-0.0743941,6084.06,5,39.228,2047.6,5050.15,48.6877,1,2,0.8,0.0,0.0,5,0.0,0,True,1746969357.277941,right,False
5188,1746969393.9512773,194.8,-16.1822,0.656428,0.00760295,-0.0685795,6069.06,5,39.25,2048.79,5051.35,48.6874,1,2,0.8,0.0,0.0,5,0.0,0,True,1746969357.277941,right,False
5189,1746969393.976562,194.895,-14.8038,0.595465,0.00654093,-0.0624464,6048.85,5,39.272,2049.99,5052.54,48.6872,1,2,0.8,0.0,0.0,5,0.0,0,True,1746969357.277941,right,False
5190,1746969393.9957016,194.985,-13.4188,0.530883,0.00554403,-0.0560544,6035.46,5,39.294,2051.18,5053.74,48.6869,1,2,0.8,0.0,0.0,5,0.0,0,True,1746969357.277941,right,False
5191,1746969394.01777,195.073,-12.0309,0.486683,0.00458984,-0.0494574,6020.41,5,39.316,2052.38,5054.93,48.6867,1,2,0.8,0.0,0.0,5,0.0,0,True,1746969357.277941,right,False
5192,1746969394.040847,195.16,-10.6576,0.45097,0.00367432,-0.0427082,6004.98,5,39.338,2053.57,5056.13,48.6864,1,2,0.8,0.0,0.0,5,0.0,0,True,1746969357.277941,right,False
5193,1746969394.0615811,195.238,-9.32032,0.423877,0.00276896,-0.0358699,5995.21,5,39.36,2054.76,5057.32,48.6862,1,2,0.8,0.0,0.0,5,0.0,0,True,1746969357.277941,right,False
5194,1746969394.0849123,195.312,-8.02815,0.410848,0.00185343,-0.0289901,5985.67,5,39.382,2055.96,5058.52,48.6859,1,2,0.8,0.0,0.0,5,0.0,0,True,1746969357.277941,right,False
5195,1746969394.1059039,195.379,-6.79656,0.417708,0.000901286,-0.0221275,5978.3,5,39.404,2057.15,5059.71,48.6857,1,2,0.8,0.0,0.0,5,0.0,0,True,1746969357.277941,right,False
5196,1746969394.13028,195.439,-5.63839,0.434213,-0.000107829,-0.0153273,5972.47,5,39.426,2058.35,5060.9,48.6854,1,2,0.8,0.0,0.0,5,0.0,0,True,1746969357.277941,right,False
5197,1746969394.1511383,195.494,-4.55767,0.478325,-0.00119832,-0.00862152,5967.48,5,39.448,2059.54,5062.1,48.6852,1,2,0.8,0.0,0.1,5,0.0,0,True,1746969357.277941,right,False
5198,1746969394.1718216,195.543,-3.56419,0.530245,-0.00239665,-0.00204593,5964.68,5,39.47,2060.74,5063.29,48.6849,1,2,0.8,0.0,0.1,5,0.0,0,True,1746969357.277941,right,False
5199,1746969394.1932323,195.587,-2.65915,0.606232,-0.00372721,0.00437325,5962.25,5,39.492,2061.93,5064.49,48.6847,1,2,0.8,0.0,0.1,5,0.0,0,True,1746969357.277941,right,False
5200,1746969394.2153568,195.627,-1.84427,0.696419,-0.00521851,0.0106198,5960.73,5,39.514,2063.13,5065.68,48.6844,1,2,0.8,0.0,0.1,5,0.0,0,True,1746969357.277941,right,False
5201,1746969394.23866,195.643,-0.978231,0.812786,-0.00683594,0.0158164,5959.82,5,39.536,2064.32,5066.88,48.6842,1,2,0.8,0.0,0.1,5,0.0,0,True,1746969357.277941,right,False
5202,1746969394.2608151,195.646,-0.554177,0.911373,-0.00851644,0.0185973,5964.02,5,39.558,2065.52,5068.07,48.6839,1,2,0.8,0.0,0.1,5,0.0,0,True,1746969357.277941,right,False
5203,1746969394.2840996,195.651,-0.576182,1.01491,-0.0102641,0.0191757,5967.12,5,39.58,2066.71,5069.27,48.6837,1,2,0.8,0.0,0.1,5,0.0,0,True,1746969357.277941,right,False
5204,1746969394.3044312,195.654,-0.970034,1.10656,-0.0120789,0.0178248,5970.34,5,39.602,2067.91,5070.46,48.6834,1,2,0.8,0.0,0.1,5,0.0,0,True,1746969357.277941,right,False
5205,1746969394.3260243,195.652,-1.65889,1.19883,-0.0139567,0.0148293,5973.94,5,39.624,2069.1,5071.66,48.6831,1,2,0.8,0.0,0.1,5,0.0,0,True,1746969357.277941,right,False
5206,1746969394.3487236,195.643,-2.57248,1.27189,-0.0158752,0.0104777,5977.53,5,39.646,2070.3,5072.85,48.6829,1,2,0.8,0.0,0.1,5,0.0,0,True,1746969357.277941,right,False
5207,1746969394.3711,195.621,-3.64828,1.34022,-0.0178141,0.00504702,5981.8,5,39.668,2071.49,5074.05,48.6826,1,2,0.8,0.0,0.1,5,0.0,0,True,1746969357.277941,right,False
5208,1746969394.391797,195.586,-4.83433,1.38831,-0.0197571,-0.00120002,5986.85,5,39.69,2072.69,5075.24,48.6824,1,2,0.8,0.0,0.1,5,0.0,0,True,1746969357.277941,right,False
5209,1746969394.414029,195.536,-6.08701,1.42212,-0.0216777,-0.00804645,5991.68,5,39.712,2073.88,5076.44,48.6821,1,2,0.8,0.0,0.1,5,0.0,0,True,1746969357.277941,right,False
5210,1746969394.4365497,195.469,-7.3807,1.43235,-0.0235555,-0.0153125,5998.55,5,39.734,2075.07,5077.63,48.6819,1,2,0.8,0.0,0.1,5,0.0,0,True,1746969357.277941,right,False
5211,1746969394.4571388,195.384,-8.69382,1.41649,-0.0253764,-0.0228723,6006.88,5,39.756,2076.27,5078.82,48.6816,1,2,0.8,0.0,0.1,5,0.0,0,True,1746969357.277941,right,False
5212,1746969394.4800391,195.283,-10.0109,1.38321,-0.0271261,-0.0306028,6015.64,5,39.778,2077.46,5080.02,48.6814,1,2,0.8,0.0,0.1,5,0.0,0,True,1746969357.277941,right,False
5213,1746969394.5014231,195.166,-11.3145,1.3427,-0.0287903,-0.0384491,6025.1,5,39.8,2078.65,5081.21,48.6811,1,2,0.8,0.0,0.1,5,0.0,0,True,1746969357.277941,right,False
5214,1746969394.5253649,195.033,-12.616,1.27543,-0.0303589,-0.0463718,6037.18,5,39.822,2079.85,5082.4,48.6809,1,2,0.8,0.0,0.1,5,0.0,0,True,1746969357.277941,right,False
5215,1746969394.5460684,194.885,-13.8978,1.19824,-0.0318237,-0.0543321,6046.73,5,39.844,2081.04,5083.59,48.6806,1,2,0.8,0.0,0.1,5,0.0,0,True,1746969357.277941,right,False
5216,1746969394.5675995,194.723,-15.1665,1.11046,-0.0331746,-0.0623005,6058.58,5,39.866,2082.23,5084.79,48.6804,1,2,0.8,0.0,0.1,5,0.0,0,True,1746969357.277941,right,False
5217,1746969394.5904703,194.549,-16.4112,1.01262,-0.0344096,-0.0702694,6067.22,5,39.888,2083.42,5085.98,48.6801,1,2,0.8,0.0,0.1,5,0.0,0,True,1746969357.277941,right,False
5218,1746969394.6129577,194.362,-17.6323,0.916964,-0.0355143,-0.0782207,6074.87,5,39.91,2084.61,5087.17,48.6799,1,2,0.8,0.0,0.1,5,0.0,0,True,1746969357.277941,right,False
5219,1746969394.6350381,194.163,-18.8359,0.800467,-0.0364848,-0.0861405,6083.67,5,39.932,2085.8,5088.36,48.6796,1,2,0.8,0.0,0.1,5,0.0,0,True,1746969357.277941,right,False
5220,1746969394.6558511,193.953,-20.013,0.692128,-0.0373189,-0.0940388,6089.82,5,39.954,2086.99,5089.55,48.6794,1,2,0.8,0.0,0.1,5,0.0,0,True,1746969357.277941,right,False
5221,1746969394.6792245,193.73,-21.1581,0.579793,-0.0380066,-0.101857,6098.89,5,39.976,2088.18,5090.74,48.6791,1,2,0.8,0.0,0.1,5,0.0,0,True,1746969357.277941,right,False
5222,1746969394.7012086,193.499,-22.2826,0.461448,-0.0385457,-0.109613,6106.05,5,39.998,2089.37,5091.92,48.6789,1,2,0.8,0.0,0.1,5,0.0,0,True,1746969357.277941,right,False
5223,1746969394.7239213,193.26,-23.3671,0.340883,-0.0389303,-0.117239,6111.04,5,40.02,2090.56,5093.11,48.6786,1,2,0.8,0.0,0.1,5,0.0,0,True,1746969357.277941,right,False
5224,1746969394.7458904,193.011,-24.4111,0.216412,-0.0391581,-0.124702,6122.5,5,40.042,2091.74,5094.3,48.6784,1,2,0.8,0.0,0.1,5,0.0,0,True,1746969357.277941,right,False
5225,1746969394.7649891,192.758,-25.4004,0.0962273,-0.0392212,-0.131969,6129.09,5,40.064,2092.93,5095.48,48.6781,1,2,0.8,0.0,0.1,5,0.0,0,True,1746969357.277941,right,False
5226,1746969394.7898006,192.5,-26.3436,-0.0281604,-0.0391215,-0.139024,6138.94,5,40.086,2094.11,5096.67,48.6779,1,2,0.8,0.0,0.1,5,0.0,0,True,1746969357.277941,right,False
5227,1746969394.8110564,192.24,-27.2241,-0.147628,-0.0388529,-0.145837,6148.8,5,40.108,2095.3,5097.85,48.6776,1,2,0.8,0.0,0.1,5,0.0,0,True,1746969357.277941,right,False
5228,1746969394.8332944,191.98,-28.0479,-0.270659,-0.0384176,-0.152379,6156.17,5,40.13,2096.48,5099.04,48.6774,1,2,0.8,0.0,0.1,5,0.0,0,True,1746969357.277941,right,False
5229,1746969394.8583848,191.718,-28.8076,-0.396951,-0.0378072,-0.158625,6168.56,5,40.152,2097.67,5100.22,48.6771,1,2,0.8,0.0,0.1,5,0.0,0,True,1746969357.277941,right,False
5230,1746969394.8763044,191.464,-29.496,-0.524439,-0.0370199,-0.164543,6176.32,5,40.174,2098.85,5101.4,48.6769,1,2,0.8,0.0,0.1,5,0.0,0,True,1746969357.277941,right,False
5231,1746969394.8985984,191.209,-30.1205,-0.650441,-0.0360555,-0.170156,6189.99,5,40.196,2100.03,5102.58,48.6766,1,2,0.8,0.0,0.1,5,0.0,0,True,1746969357.277941,right,False
5232,1746969394.9196553,190.959,-30.6812,-0.779445,-0.0349121,-0.175443,6202.14,5,40.218,2101.21,5103.76,48.6763,1,2,0.8,0.0,0.1,5,0.0,0,True,1746969357.277941,right,False
5233,1746969394.944771,190.716,-31.161,-0.902602,-0.0335938,-0.180363,6215.65,5,40.24,2102.39,5104.94,48.6761,1,2,0.8,0.0,0.1,5,0.0,0,True,1746969357.277941,right,False
5234,1746969394.9636166,190.484,-31.5634,-1.02705,-0.0320984,-0.184904,6225.4,5,40.262,2103.57,5106.12,48.6758,1,2,0.8,0.0,0.1,5,0.0,0,True,1746969357.277941,right,False
5235,1746969394.9891186,190.259,-31.8947,-1.16046,-0.0304159,-0.189059,6240.63,5,40.284,2104.74,5107.3,48.6756,1,2,0.8,0.0,0.1,5,0.0,0,True,1746969357.277941,right,False
5236,1746969395.0090883,190.05,-32.1424,-1.28453,-0.0285522,-0.192827,6249.58,5,40.306,2105.92,5108.47,48.6753,1,2,0.8,0.0,0.1,5,0.0,0,True,1746969357.277941,right,False
5237,1746969395.0317187,189.85,-32.312,-1.40892,-0.0265076,-0.196184,6259.41,5,40.328,2107.09,5109.65,48.6751,1,2,0.8,0.0,0.1,5,0.0,0,True,1746969357.277941,right,False
5238,1746969395.053439,189.665,-32.3889,-1.5311,-0.0242737,-0.199118,6268.84,5,40.35,2108.27,5110.82,48.6748,1,2,0.8,0.0,0.1,5,0.0,0,True,1746969357.277941,right,False
5239,1746969395.074928,189.495,-32.3872,-1.65125,-0.0218547,-0.201636,6274.87,5,40.372,2109.44,5112,48.6746,1,2,0.8,0.0,0.1,5,0.0,0,True,1746969357.277941,right,False
5240,1746969395.0955415,189.338,-32.307,-1.77557,-0.0192485,-0.203719,6284.79,5,40.394,2110.61,5113.17,48.6743,1,2,0.8,0.0,0.1,5,0.0,0,True,1746969357.277941,right,False
5241,1746969395.1197634,189.201,-32.1429,-1.89625,-0.0164591,-0.205401,6287.87,5,40.416,2111.79,5114.34,48.6741,1,2,0.8,0.0,0.1,5,0.0,0,True,1746969357.277941,right,False
5242,1746969395.1425512,189.076,-31.8991,-2.01315,-0.0134806,-0.206666,6291.01,5,40.438,2112.96,5115.51,48.6738,1,2,0.8,0.0,0.1,5,0.0,0,True,1746969357.277941,right,False
5243,1746969395.1639366,188.964,-31.5808,-2.14095,-0.0103129,-0.207488,6299.89,5,40.46,2114.13,5116.68,48.6736,1,2,0.8,0.0,0.1,5,0.0,0,True,1746969357.277941,right,False
5244,1746969395.186309,188.87,-31.1844,-2.26265,-0.00696004,-0.207905,6302.96,5,40.482,2115.29,5117.85,48.6733,1,2,0.8,0.0,0.1,5,0.0,0,True,1746969357.277941,right,False
5245,1746969395.20687,188.789,-30.7119,-2.38434,-0.00342407,-0.207897,6309.43,5,40.504,2116.46,5119.02,48.6731,1,2,0.8,0.0,0.1,5,0.0,0,True,1746969357.277941,right,False
5246,1746969395.2273538,188.73,-30.1523,-2.49652,0.000299072,-0.207489,6304.37,5,40.526,2117.63,5120.18,48.6728,1,2,0.8,0.0,0.1,5,0.0,0,True,1746969357.277941,right,False
5247,1746969395.2507246,188.683,-29.5446,-2.62815,0.00420736,-0.206708,6303.59,5,40.548,2118.8,5121.35,48.6726,1,2,0.8,0.0,0.1,5,0.0,0,True,1746969357.277941,right,False
5248,1746969395.2724917,188.65,-28.8534,-2.74138,0.00829671,-0.205547,6299.02,5,40.57,2119.96,5122.52,48.6723,1,2,0.8,0.0,0.1,5,0.0,0,True,1746969357.277941,right,False
5249,1746969395.294776,188.63,-28.1112,-2.86721,0.0125692,-0.204021,6293.56,5,40.592,2121.13,5123.68,48.6721,1,2,0.8,0.0,0.1,5,0.0,0,True,1746969357.277941,right,False
5250,1746969395.315638,188.624,-27.3129,-2.985,0.0170207,-0.202215,6283.33,5,40.614,2122.29,5124.84,48.6718,1,2,0.8,0.0,0.1,5,0.0,0,True,1746969357.277941,right,False
5251,1746969395.3372295,188.626,-26.4649,-3.11024,0.0216512,-0.200082,6276.38,5,40.636,2123.45,5126.01,48.6716,1,2,0.8,0.0,0.1,5,0.0,0,True,1746969357.277941,right,False
5252,1746969395.359022,188.644,-25.5639,-3.224,0.0264567,-0.197674,6257.48,5,40.658,2124.62,5127.17,48.6713,1,2,0.8,0.0,0.1,5,0.0,0,True,1746969357.277941,right,False
5253,1746969395.3814504,188.662,-24.6307,-3.34289,0.0314351,-0.195004,6251.9,5,40.68,2125.78,5128.33,48.6711,1,2,0.8,0.0,0.1,5,0.0,0,True,1746969357.277941,right,False
5254,1746969395.404333,188.694,-23.6515,-3.45991,0.0365845,-0.192091,6236.23,5,40.702,2126.94,5129.49,48.6708,1,2,0.8,0.0,0.1,5,0.0,0,True,1746969357.277941,right,False
5255,1746969395.4252472,188.733,-22.6473,-3.57866,0.0419006,-0.188952,6219.7,5,40.724,2128.1,5130.66,48.6706,1,2,0.8,0.0,0.1,5,0.0,0,True,1746969357.277941,right,False
5256,1746969395.4500809,188.781,-21.6017,-3.68503,0.0473816,-0.185625,6195.51,5,40.746,2129.26,5131.82,48.6703,1,2,0.8,0.0,0.1,5,0.0,0,True,1746969357.277941,right,False
5257,1746969395.4691124,188.831,-20.5446,-3.79494,0.0530233,-0.182129,6176.58,5,40.768,2130.42,5132.98,48.6701,1,2,0.8,0.0,0.1,5,0.0,0,True,1746969357.277941,right,False
5258,1746969395.4914277,188.885,-19.4789,-3.90369,0.0588216,-0.178521,6154.66,5,40.79,2131.58,5134.14,48.6698,1,2,0.8,0.0,0.1,5,0.0,0,True,1746969357.277941,right,False
5259,1746969395.5158677,188.943,-18.3992,-4.00099,0.0647725,-0.174806,6130.21,5,40.812,2132.74,5135.3,48.6696,1,2,0.8,0.0,0.1,5,0.0,0,True,1746969357.277941,right,False
5260,1746969395.5354774,189.003,-17.3314,-4.10523,0.0708679,-0.171051,6107.12,5,40.834,2133.9,5136.46,48.6693,1,2,0.8,0.0,0.1,5,0.0,0,True,1746969357.277941,right,False
5261,1746969395.5579166,189.06,-16.2834,-4.20516,0.0771077,-0.167319,6087.13,5,40.856,2135.07,5137.62,48.669,1,2,0.8,0.0,0.1,5,0.0,0,True,1746969357.277941,right,False
5262,1746969395.5793855,189.12,-15.2658,-4.29641,0.0834778,-0.163675,6059.82,5,40.878,2136.23,5138.78,48.6688,1,2,0.8,0.0,0.1,5,0.0,0,True,1746969357.277941,right,False
5263,1746969395.6013165,189.178,-14.2923,-4.38618,0.089976,-0.16018,6034.84,5,40.9,2137.39,5139.94,48.6685,1,2,0.8,0.0,0.1,5,0.0,0,True,1746969357.277941,right,False
5264,1746969395.6254995,189.234,-13.3664,-4.46966,0.0965963,-0.156881,6008.24,5,40.922,2138.55,5141.1,48.6683,1,2,0.8,0.0,0.1,5,0.0,0,True,1746969357.277941,right,False
5265,1746969395.6455395,189.286,-12.512,-4.54582,0.10333,-0.153845,5985.07,5,40.944,2139.71,5142.26,48.668,1,2,0.8,0.0,0.1,5,0.0,0,True,1746969357.277941,right,False
5266,1746969395.6685286,189.333,-11.7327,-4.62058,0.110177,-0.151144,5961.72,5,40.966,2140.87,5143.42,48.6678,1,2,0.8,0.0,0.1,5,0.0,0,True,1746969357.277941,right,False
5267,1746969395.6898696,189.376,-11.0438,-4.69384,0.117124,-0.148831,5942.21,5,40.988,2142.03,5144.58,48.6675,1,2,0.8,0.0,0.1,5,0.0,0,True,1746969357.277941,right,False
5268,1746969395.712398,189.414,-10.4466,-4.76014,0.124166,-0.146958,5922.62,5,41.01,2143.19,5145.74,48.6673,1,2,0.8,0.0,0.1,5,0.0,0,True,1746969357.277941,right,False
5269,1746969395.7330036,189.444,-9.95231,-4.81272,0.131303,-0.145558,5909.7,5,41.032,2144.35,5146.91,48.667,1,2,0.8,0.0,0.1,5,0.0,0,True,1746969357.277941,right,False
5270,1746969395.7575533,189.47,-9.56382,-4.86806,0.138527,-0.144666,5897.05,5,41.054,2145.51,5148.07,48.6668,1,2,0.8,0.0,0.1,5,0.0,0,True,1746969357.277941,right,False
5271,1746969395.77793,189.49,-9.27682,-4.91738,0.145837,-0.144291,5886.3,5,41.076,2146.68,5149.23,48.6665,1,2,0.8,0.0,0.1,5,0.0,0,True,1746969357.277941,right,False
5272,1746969395.8000307,189.504,-9.09874,-4.96758,0.153231,-0.144469,5878.92,5,41.098,2147.84,5150.39,48.6663,1,2,0.8,0.0,0.1,5,0.0,0,True,1746969357.277941,right,False
5273,1746969395.821198,189.514,-9.02325,-5.01621,0.160706,-0.145164,5872.91,5,41.12,2149,5151.56,48.666,1,2,0.8,0.0,0.1,5,0.0,0,True,1746969357.277941,right,False
5274,1746969395.843457,189.517,-9.04554,-5.05966,0.168262,-0.146397,5868.66,5,41.142,2150.17,5152.72,48.6658,1,2,0.8,0.0,0.1,5,0.0,0,True,1746969357.277941,right,False
5275,1746969395.8656404,189.516,-9.15586,-5.09824,0.175901,-0.148138,5863.53,5,41.164,2151.33,5153.88,48.6655,1,2,0.8,0.0,0.1,5,0.0,0,True,1746969357.277941,right,False
5276,1746969395.8873827,189.508,-9.35365,-5.13956,0.183626,-0.150345,5862.32,5,41.186,2152.49,5155.05,48.6653,1,2,0.8,0.0,0.1,5,0.0,0,True,1746969357.277941,right,False
5277,1746969395.9099925,189.494,-9.62519,-5.18247,0.191441,-0.153001,5861.27,5,41.208,2153.66,5156.21,48.665,1,2,0.8,0.0,0.1,5,0.0,0,True,1746969357.277941,right,False
5278,1746969395.932455,189.474,-9.96382,-5.23383,0.199351,-0.156059,5861.31,5,41.23,2154.82,5157.38,48.6648,1,2,0.8,0.0,0.1,5,0.0,0,True,1746969357.277941,right,False
5279,1746969395.9532058,189.447,-10.3652,-5.28469,0.207355,-0.159475,5863.11,5,41.252,2155.99,5158.54,48.6645,1,2,0.8,0.0,0.1,5,0.0,0,True,1746969357.277941,right,False
5280,1746969395.9761212,189.414,-10.8144,-5.34015,0.21546,-0.163228,5864.98,5,41.274,2157.15,5159.71,48.6643,1,2,0.8,0.0,0.1,5,0.0,0,True,1746969357.277941,right,False
5281,1746969395.9990616,189.374,-11.3104,-5.39634,0.223671,-0.167267,5867.37,5,41.296,2158.32,5160.87,48.664,1,2,0.8,0.0,0.1,5,0.0,0,True,1746969357.277941,right,False
5282,1746969396.0209155,189.327,-11.8382,-5.46199,0.231991,-0.171541,5872.74,5,41.318,2159.49,5162.04,48.6638,1,2,0.8,0.0,0.1,5,0.0,0,True,1746969357.277941,right,False
5283,1746969396.042475,189.275,-12.3895,-5.52401,0.240426,-0.176022,5873.96,5,41.34,2160.65,5163.21,48.6635,1,2,0.8,0.0,0.1,5,0.0,0,True,1746969357.277941,right,False
5284,1746969396.0640538,189.213,-12.973,-5.59799,0.248979,-0.180678,5881.35,5,41.362,2161.82,5164.37,48.6633,1,2,0.8,0.0,0.1,5,0.0,0,True,1746969357.277941,right,False
5285,1746969396.086953,189.147,-13.5673,-5.67293,0.257652,-0.185468,5885.96,5,41.384,2162.98,5165.54,48.663,1,2,0.8,0.0,0.1,5,0.0,0,True,1746969357.277941,right,False
5286,1746969396.1086895,189.073,-14.1727,-5.75547,0.266451,-0.190362,5892.01,5,41.406,2164.15,5166.7,48.6628,1,2,0.8,0.0,0.1,5,0.0,0,True,1746969357.277941,right,False
5287,1746969396.1293497,188.996,-14.7771,-5.8359,0.27538,-0.195328,5896.05,5,41.428,2165.32,5167.87,48.6625,1,2,0.8,0.0,0.1,5,0.0,0,True,1746969357.277941,right,False
5288,1746969396.1514096,188.913,-15.3828,-5.92801,0.284442,-0.200321,5901,5,41.45,2166.48,5169.04,48.6623,1,2,0.8,0.0,0.1,5,0.0,0,True,1746969357.277941,right,False
5289,1746969396.1732774,188.823,-15.9827,-6.02125,0.293642,-0.205334,5908.95,5,41.472,2167.65,5170.2,48.662,1,2,0.8,0.0,0.1,5,0.0,0,True,1746969357.277941,right,False
5290,1746969396.1970053,188.728,-16.5692,-6.11449,0.302981,-0.210321,5918.49,5,41.494,2168.82,5171.37,48.6617,1,2,0.8,0.0,0.1,5,0.0,0,True,1746969357.277941,right,False
5291,1746969396.2186553,188.633,-17.1372,-6.21219,0.312461,-0.215264,5923.01,5,41.516,2169.98,5172.54,48.6615,1,2,0.8,0.0,0.1,5,0.0,0,True,1746969357.277941,right,False
5292,1746969396.2410102,188.532,-17.6876,-6.30869,0.322089,-0.220157,5930.66,5,41.538,2171.15,5173.71,48.6612,1,2,0.8,0.0,0.1,5,0.0,0,True,1746969357.277941,right,False
5293,1746969396.262538,188.428,-18.2211,-6.41247,0.331866,-0.224973,5939.43,5,41.56,2172.32,5174.87,48.661,1,2,0.8,0.0,0.1,5,0.0,0,True,1746969357.277941,right,False
5294,1746969396.2838056,188.326,-18.7185,-6.51515,0.341791,-0.229659,5943.92,5,41.582,2173.48,5176.04,48.6607,1,2,0.8,0.0,0.1,5,0.0,0,True,1746969357.277941,right,False
5295,1746969396.3071725,188.223,-19.1956,-6.62196,0.35187,-0.234252,5946.93,5,41.604,2174.65,5177.21,48.6605,1,2,0.8,0.0,0.1,5,0.0,0,True,1746969357.277941,right,False
5296,1746969396.327734,188.115,-19.6452,-6.73205,0.362101,-0.238721,5956.09,5,41.626,2175.82,5178.37,48.6602,1,2,0.8,0.0,0.1,5,0.0,0,True,1746969357.277941,right,False
5297,1746969396.3494022,188.006,-20.0584,-6.83909,0.372487,-0.243027,5966.17,5,41.648,2176.98,5179.54,48.66,1,2,0.8,0.0,0.0,5,0.0,0,True,1746969357.277941,left,False
5298,1746969396.373753,187.905,-20.4232,-6.94308,0.383034,-0.247149,5968.25,5,41.67,2178.15,5180.71,48.6597,1,2,0.8,0.0,0.0,5,0.0,0,True,1746969357.277941,left,False
5299,1746969396.3941646,187.8,-20.765,-7.05684,0.393738,-0.251115,5975.86,5,41.692,2179.32,5181.87,48.6595,1,2,0.8,0.0,0.0,5,0.0,0,True,1746969357.277941,left,False
5300,1746969396.416081,187.701,-21.0616,-7.16603,0.404602,-0.254893,5978.44,5,41.714,2180.48,5183.04,48.6592,1,2,0.8,0.0,0.0,5,0.0,0,True,1746969357.277941,left,False
5301,1746969396.4377227,187.632,-21.3537,-7.27145,0.415623,-0.258278,5981.82,5,41.736,2181.65,5184.2,48.659,1,2,0.8,0.0,0.0,5,0.0,0,True,1746969357.277941,left,False
5302,1746969396.4596574,187.6,-21.522,-7.36973,0.426776,-0.260921,5963.39,5,41.758,2182.82,5185.37,48.6587,1,2,0.8,0.0,0.0,5,0.0,0,True,1746969357.277941,left,False
5303,1746969396.4819922,187.579,-21.5645,-7.47788,0.438068,-0.262896,5950.76,5,41.78,2183.98,5186.54,48.6585,1,2,0.8,0.0,0.0,5,0.0,0,True,1746969357.277941,left,False
5304,1746969396.5040781,187.576,-21.47,-7.5728,0.449495,-0.264215,5932.82,5,41.802,2185.15,5187.7,48.6582,1,2,0.8,0.0,0.0,5,0.0,0,True,1746969357.277941,left,False
5305,1746969396.5260763,187.587,-21.2684,-7.66956,0.461066,-0.26496,5914.65,5,41.824,2186.32,5188.87,48.658,1,2,0.8,0.0,0.0,5,0.0,0,True,1746969357.277941,left,False
5306,1746969396.549688,187.607,-20.9648,-7.76323,0.472776,-0.265148,5900.95,5,41.846,2187.48,5190.04,48.6577,1,2,0.8,0.0,0.0,5,0.0,0,True,1746969357.277941,left,False
5307,1746969396.5711546,187.636,-20.563,-7.85212,0.484625,-0.264807,5892.4,5,41.868,2188.65,5191.21,48.6575,1,2,0.8,0.0,0.0,5,0.0,0,True,1746969357.277941,left,False
5308,1746969396.5909805,187.676,-20.0786,-7.94598,0.496611,-0.263962,5884.36,5,41.89,2189.82,5192.37,48.6572,1,2,0.8,0.0,0.0,5,0.0,0,True,1746969357.277941,left,False
5309,1746969396.6149445,187.726,-19.5058,-8.03508,0.50873,-0.262608,5877.23,5,41.912,2190.99,5193.54,48.657,1,2,0.8,0.0,0.0,5,0.0,0,True,1746969357.277941,left,False
5310,1746969396.6360776,187.786,-18.854,-8.12081,0.52098,-0.260783,5869.87,5,41.934,2192.16,5194.71,48.6567,1,2,0.8,0.0,0.0,5,0.0,0,True,1746969357.277941,left,False
5311,1746969396.6585374,187.855,-18.134,-8.21587,0.533348,-0.258488,5866.07,5,41.956,2193.33,5195.88,48.6565,1,2,0.8,0.0,0.0,5,0.0,0,True,1746969357.277941,left,False
5312,1746969396.680732,187.934,-17.3354,-8.29358,0.545837,-0.25573,5858.5,5,41.978,2194.5,5197.05,48.6562,1,2,0.8,0.0,0.0,5,0.0,0,True,1746969357.277941,left,False
5313,1746969396.7010417,188.02,-16.4739,-8.36981,0.558439,-0.25253,5852.84,5,42,2195.67,5198.22,48.656,1,2,0.8,0.0,0.0,5,0.0,0,True,1746969357.277941,left,False
5314,1746969396.724863,188.114,-15.5547,-8.44698,0.571145,-0.248906,5845.47,5,42.022,2196.84,5199.39,48.6557,1,2,0.8,0.0,0.0,5,0.0,0,True,1746969357.277941,left,False
5315,1746969396.746994,188.213,-14.5864,-8.51513,0.583946,-0.244903,5839.19,5,42.044,2198.01,5200.56,48.6555,1,2,0.8,0.0,0.0,5,0.0,0,True,1746969357.277941,left,False
5316,1746969396.768733,188.318,-13.5812,-8.58073,0.596832,-0.240548,5829.86,5,42.066,2199.18,5201.73,48.6552,1,2,0.8,0.0,0.0,5,0.0,0,True,1746969357.277941,left,False
5317,1746969396.79143,188.423,-12.547,-8.64129,0.60979,-0.235872,5824.01,5,42.088,2200.35,5202.91,48.6549,1,2,0.8,0.0,0.0,5,0.0,0,True,1746969357.277941,left,False
5318,1746969396.8119237,188.532,-11.4907,-8.68918,0.622811,-0.230911,5815.89,5,42.11,2201.53,5204.08,48.6547,1,2,0.8,0.0,0.0,5,0.0,0,True,1746969357.277941,left,False
5319,1746969396.833282,188.641,-10.4234,-8.73091,0.635876,-0.225704,5807.61,5,42.132,2202.7,5205.25,48.6544,1,2,0.8,0.0,0.0,5,0.0,0,True,1746969357.277941,left,False
5320,1746969396.8564143,188.749,-9.36288,-8.76572,0.648973,-0.220301,5801.03,5,42.154,2203.88,5206.43,48.6542,1,2,0.8,0.0,0.0,5,0.0,0,True,1746969357.277941,left,False
5321,1746969396.8795135,188.856,-8.31688,-8.77811,0.662083,-0.214748,5794.55,5,42.176,2205.05,5207.61,48.6539,1,2,0.8,0.0,0.0,5,0.0,0,True,1746969357.277941,left,False
5322,1746969396.8991773,188.959,-7.29978,-8.79153,0.675189,-0.209093,5790.56,5,42.198,2206.23,5208.79,48.6537,1,2,0.8,0.0,0.0,5,0.0,0,True,1746969357.277941,left,False
5323,1746969396.932912,189.059,-6.31754,-8.78009,0.688269,-0.203369,5786.54,5,42.22,2207.41,5209.96,48.6534,1,2,0.8,0.0,0.0,5,0.0,0,True,1746969357.277941,left,False
5324,1746969396.945842,189.157,-5.38197,-8.76753,0.7013,-0.197614,5782.84,5,42.242,2208.59,5211.15,48.6532,1,2,0.8,0.0,0.0,5,0.0,0,True,1746969357.277941,left,False
5325,1746969396.9652777,189.25,-4.5018,-8.73665,0.714266,-0.191873,5781.03,5,42.264,2209.77,5212.33,48.6529,1,2,0.8,0.0,0.0,5,0.0,0,True,1746969357.277941,left,False
5326,1746969396.9885354,189.34,-3.67848,-8.68038,0.727144,-0.186173,5778.93,5,42.286,2210.96,5213.51,48.6527,1,2,0.8,0.0,0.0,5,0.0,0,True,1746969357.277941,left,False
5327,1746969397.0105698,189.426,-2.91843,-8.62024,0.739913,-0.180534,5779.02,5,42.308,2212.14,5214.7,48.6524,1,2,0.8,0.0,0.0,5,0.0,0,True,1746969357.277941,left,False
5328,1746969397.0330534,189.511,-2.22121,-8.53895,0.752551,-0.174979,5778.18,5,42.33,2213.33,5215.88,48.6522,1,2,0.8,0.0,0.0,5,0.0,0,True,1746969357.277941,left,False
5329,1746969397.0538046,189.591,-1.59125,-8.44194,0.765041,-0.169527,5778.25,5,42.352,2214.52,5217.07,48.6519,1,2,0.8,0.0,0.0,5,0.0,0,True,1746969357.277941,left,False
5330,1746969397.0787532,189.67,-1.0263,-8.33649,0.777362,-0.164194,5778.97,5,42.374,2215.71,5218.26,48.6517,1,2,0.8,0.0,0.0,5,0.0,0,True,1746969357.277941,left,False
5331,1746969397.0973282,189.746,-0.523871,-8.20573,0.7895,-0.158983,5779.82,5,42.396,2216.9,5219.45,48.6514,1,2,0.8,0.0,0.0,5,0.0,0,True,1746969357.277941,left,False
5332,1746969397.1199384,189.82,-0.0816288,-8.06495,0.801438,-0.153897,5781.02,5,42.418,2218.09,5220.65,48.6512,1,2,0.8,0.0,0.0,5,0.0,0,True,1746969357.277941,left,False
5333,1746969397.1409621,189.893,0.30368,-7.9119,0.813163,-0.148939,5782.29,5,42.44,2219.29,5221.84,48.6509,1,2,0.8,0.0,0.0,5,0.0,0,True,1746969357.277941,left,False
5334,1746969397.164847,189.964,0.635967,-7.74978,0.824658,-0.144108,5783.72,5,42.462,2220.48,5223.04,48.6507,1,2,0.8,0.0,0.0,5,0.0,0,True,1746969357.277941,left,False
5335,1746969397.185794,190.033,0.91915,-7.57923,0.835917,-0.139401,5785.21,5,42.484,2221.68,5224.24,48.6504,1,2,0.8,0.0,0.0,5,0.0,0,True,1746969357.277941,left,False
5336,1746969397.2084658,190.103,1.15706,-7.38741,0.846928,-0.134816,5786.17,5,42.506,2222.88,5225.44,48.6502,1,2,0.8,0.0,0.0,5,0.0,0,True,1746969357.277941,left,False
5337,1746969397.232702,190.17,1.35439,-7.19288,0.85768,-0.130347,5788.42,5,42.528,2224.08,5226.64,48.6499,1,2,0.8,0.0,0.0,5,0.0,0,True,1746969357.277941,left,False
5338,1746969397.2528517,190.237,1.5158,-6.98972,0.86817,-0.125982,5789.17,5,42.55,2225.29,5227.84,48.6497,1,2,0.8,0.0,0.0,5,0.0,0,True,1746969357.277941,left,False
5339,1746969397.275427,190.302,1.64595,-6.79328,0.878387,-0.121714,5791.64,5,42.572,2226.49,5229.05,48.6494,1,2,0.8,0.0,0.0,5,0.0,0,True,1746969357.277941,left,False
5340,1746969397.2954617,190.367,1.74811,-6.58269,0.888332,-0.117535,5793.07,5,42.594,2227.7,5230.25,48.6492,1,2,0.8,0.0,0.0,5,0.0,0,True,1746969357.277941,left,False
5341,1746969397.3189023,190.431,1.82776,-6.37922,0.897994,-0.113433,5795.28,5,42.616,2228.91,5231.46,48.6489,1,2,0.8,0.0,0.0,5,0.0,0,True,1746969357.277941,left,False
5342,1746969397.3405836,190.495,1.88661,-6.169,0.907377,-0.109404,5796.63,5,42.638,2230.12,5232.67,48.6487,1,2,0.8,0.0,0.0,5,0.0,0,True,1746969357.277941,left,False
5343,1746969397.3626301,190.557,1.92943,-5.96356,0.916473,-0.105434,5798.92,5,42.66,2231.33,5233.89,48.6484,1,2,0.8,0.0,0.0,5,0.0,0,True,1746969357.277941,left,False
5344,1746969397.386802,190.619,1.95882,-5.7625,0.925281,-0.101514,5800.39,5,42.682,2232.54,5235.1,48.6482,1,2,0.8,0.0,0.0,5,0.0,0,True,1746969357.277941,left,False
5345,1746969397.4082286,190.679,1.97699,-5.55764,0.933799,-0.0976403,5802.8,5,42.704,2233.76,5236.31,48.6479,1,2,0.8,0.0,0.0,5,0.0,0,True,1746969357.277941,left,False
5346,1746969397.4281962,190.74,1.98546,-5.35044,0.942029,-0.0938047,5804.27,5,42.726,2234.97,5237.53,48.6476,1,2,0.8,0.0,0.0,5,0.0,0,True,1746969357.277941,left,False
5347,1746969397.4499674,190.802,1.98121,-4.95825,0.949965,-0.089959,5800.04,5,42.748,2236.19,5238.75,48.6474,1,2,0.8,0.0,0.0,5,0.0,0,True,1746969357.277941,left,False
5348,1746969397.4715073,190.852,1.97966,-4.51537,0.957601,-0.0860408,5804.07,5,42.77,2237.41,5239.97,48.6471,1,2,0.8,0.0,0.0,5,0.0,0,True,1746969357.277941,left,False
5349,1746969397.4967556,190.898,1.96236,-3.87859,0.964929,-0.0820773,5808.61,5,42.792,2238.63,5241.19,48.6469,1,2,0.8,0.0,0.0,5,0.0,0,True,1746969357.277941,left,False
5350,1746969397.5153441,190.944,1.92736,-3.21335,0.971946,-0.0781253,5813.33,5,42.814,2239.85,5242.41,48.6466,1,2,0.8,0.0,0.0,5,0.0,0,True,1746969357.277941,left,False
5351,1746969397.5398195,190.99,1.87549,-2.5898,0.978636,-0.0742291,5817.26,5,42.836,2241.07,5243.63,48.6464,1,2,0.8,0.0,0.0,5,0.0,0,True,1746969357.277941,left,False
5352,1746969397.5598543,191.039,1.80599,-2.02571,0.985006,-0.0704115,5817.83,5,42.858,2242.3,5244.85,48.6461,1,2,0.8,0.0,0.0,5,0.0,0,True,1746969357.277941,left,False
5353,1746969397.5817926,191.087,1.72666,-1.54214,0.99105,-0.0666483,5818.51,5,42.88,2243.52,5246.08,48.6459,1,2,0.8,0.0,0.0,5,0.0,0,True,1746969357.277941,left,False
5354,1746969397.606287,191.135,1.64387,-1.13725,0.996775,-0.0629142,5819.96,5,42.902,2244.75,5247.3,48.6456,1,2,0.8,0.0,0.0,5,0.0,0,True,1746969357.277941,left,False
5355,1746969397.626748,191.18,1.56229,-0.820399,1.00217,-0.0591868,5823.51,5,42.924,2245.97,5248.53,48.6454,1,2,0.8,0.0,0.0,5,0.0,0,True,1746969357.277941,left,False
5356,1746969397.6502657,191.224,1.48127,-0.574704,1.00725,-0.0554612,5829.73,5,42.946,2247.2,5249.76,48.6451,1,2,0.8,0.0,0.0,5,0.0,0,True,1746969357.277941,left,False
5357,1746969397.6715035,191.265,1.40192,-0.408127,1.01201,-0.0517352,5838.17,5,42.968,2248.43,5250.99,48.6449,1,2,0.8,0.0,0.0,5,0.0,0,True,1746969357.277941,left,False
5358,1746969397.6914566,191.3,1.32364,-0.309316,1.01645,-0.0480197,5852.86,5,42.99,2249.66,5252.21,48.6446,1,2,0.8,0.0,0.0,5,0.0,0,True,1746969357.277941,left,False
5359,1746969397.7140968,191.334,1.24438,-0.282357,1.02056,-0.0443156,5867.58,5,43.012,2250.89,5253.45,48.6444,1,2,0.8,0.0,0.0,5,0.0,0,True,1746969357.277941,left,False
5360,1746969397.7363927,191.367,1.16762,-0.30975,1.02436,-0.0406039,5883.42,5,43.034,2252.12,5254.68,48.6441,1,2,0.8,0.0,0.0,5,0.0,0,True,1746969357.277941,left,False
5361,1746969397.7589362,191.402,1.09165,-0.373494,1.02784,-0.0368775,5894.73,5,43.056,2253.35,5255.91,48.6439,1,2,0.8,0.0,0.0,5,0.0,0,True,1746969357.277941,left,False
5362,1746969397.7809134,191.441,1.01707,-0.443421,1.03099,-0.0331252,5900.39,5,43.078,2254.59,5257.14,48.6436,1,2,0.8,0.0,0.0,5,0.0,0,True,1746969357.277941,left,False
5363,1746969397.801705,191.486,0.944969,-0.50467,1.03383,-0.0293415,5898.86,5,43.1,2255.82,5258.37,48.6434,1,2,0.8,0.0,0.0,5,0.0,0,True,1746969357.277941,right,False
5364,1746969397.824844,191.538,0.877329,-0.540553,1.03633,-0.0255087,5887.57,5,43.122,2257.05,5259.61,48.6431,1,2,0.8,0.0,0.0,5,0.0,0,True,1746969357.277941,right,False
5365,1746969397.846198,191.588,0.814356,-0.548964,1.03852,-0.0216354,5877.71,5,43.144,2258.29,5260.84,48.6429,1,2,0.8,0.0,0.0,5,0.0,0,True,1746969357.277941,right,False
5366,1746969397.8671603,191.637,0.758364,-0.538756,1.04036,-0.017144,5869.72,5,43.166,2259.53,5262.09,48.6426,1,2,0.8,0.0,0.0,5,0.0,0,True,1746969357.277941,right,False
5367,1746969397.890781,191.684,0.707836,-0.488434,1.0418,-0.0123046,5863.26,5,43.188,2260.78,5263.33,48.6424,1,2,0.8,0.0,0.0,5,0.0,0,True,1746969357.277941,right,False
5368,1746969397.9123735,191.729,0.664376,-0.424679,1.04285,-0.00742466,5859.41,5,43.21,2262.03,5264.58,48.6421,1,2,0.8,0.0,0.0,5,0.0,0,True,1746969357.277941,right,False
5369,1746969397.9326959,191.77,0.627328,-0.336738,1.0435,-0.00250799,5858.39,5,43.232,2263.28,5265.83,48.6419,1,2,0.8,0.0,0.0,5,0.0,0,True,1746969357.277941,right,False
5370,1746969397.957579,191.811,0.596462,-0.224685,1.04375,0.00243967,5857.38,5,43.254,2264.53,5267.08,48.6416,1,2,0.8,0.0,0.0,5,0.0,0,True,1746969357.277941,right,False
5371,1746969397.9801714,191.852,0.572437,-0.099563,1.04361,0.00741738,5856.93,5,43.276,2265.78,5268.34,48.6414,1,2,0.8,0.0,0.0,5,0.0,0,True,1746969357.277941,right,False
5372,1746969397.9994354,191.89,0.554985,0.0343512,1.04306,0.0124194,5858.04,5,43.298,2267.03,5269.59,48.6411,1,2,0.8,0.0,0.0,5,0.0,0,True,1746969357.277941,right,False
5373,1746969398.0213354,191.927,0.543606,0.172903,1.04212,0.0174424,5859.93,5,43.32,2268.28,5270.84,48.6409,1,2,0.8,0.0,0.0,5,0.0,0,True,1746969357.277941,right,False
5374,1746969398.043182,191.965,0.537467,0.333205,1.04077,0.0224816,5859.86,5,43.342,2269.53,5272.09,48.6406,1,2,0.8,0.0,0.0,5,0.0,0,True,1746969357.277941,right,False
5375,1746969398.0656707,192,0.53749,0.483449,1.03904,0.0275347,5862.25,5,43.364,2270.78,5273.34,48.6403,1,2,0.8,0.0,0.0,5,0.0,0,True,1746969357.277941,right,False
5376,1746969398.0880058,192.034,0.542861,0.634204,1.03691,0.0325953,5865.08,5,43.386,2272.03,5274.59,48.6401,1,2,0.8,0.0,0.0,5,0.0,0,True,1746969357.277941,right,False
5377,1746969398.1099806,192.069,0.553852,0.791775,1.03438,0.0376641,5866.61,5,43.408,2273.28,5275.84,48.6398,1,2,0.8,0.0,0.0,5,0.0,0,True,1746969357.277941,right,False
5378,1746969398.1312118,192.103,0.569788,0.953503,1.03147,0.0427358,5869.09,5,43.43,2274.54,5277.09,48.6396,1,2,0.8,0.0,0.0,5,0.0,0,True,1746969357.277941,right,False
5379,1746969398.154554,192.135,0.59108,1.10255,1.02816,0.0478064,5871.85,5,43.452,2275.79,5278.34,48.6393,1,2,0.8,0.0,0.0,5,0.0,0,True,1746969357.277941,right,False
5380,1746969398.1763794,192.167,0.61763,1.24994,1.02447,0.0528733,5874.9,5,43.474,2277.04,5279.59,48.6391,1,2,0.8,0.0,0.0,5,0.0,0,True,1746969357.277941,right,False
5381,1746969398.1971354,192.2,0.649495,1.39476,1.02039,0.0579373,5875.56,5,43.496,2278.29,5280.84,48.6388,1,2,0.8,0.0,0.0,5,0.0,0,True,1746969357.277941,right,False
5382,1746969398.2214167,192.236,0.687811,1.52795,1.01593,0.0630032,5873.68,5,43.518,2279.53,5282.09,48.6386,1,2,0.8,0.0,0.0,5,0.0,0,True,1746969357.277941,right,False
5383,1746969398.2426436,192.268,0.732491,1.66867,1.01109,0.0680649,5874.4,5,43.54,2280.78,5283.34,48.6383,1,2,0.8,0.0,0.0,5,0.0,0,True,1746969357.277941,right,False
5384,1746969398.264753,192.299,0.781645,1.8029,1.00587,0.0731184,5875.96,5,43.562,2282.03,5284.59,48.6381,1,2,0.8,0.0,0.0,5,0.0,0,True,1746969357.277941,right,False
5385,1746969398.285057,192.329,0.832561,1.93049,1.00028,0.0781442,5879.4,5,43.584,2283.28,5285.84,48.6378,1,2,0.8,0.0,0.0,5,0.0,0,True,1746969357.277941,right,False
5386,1746969398.391512,192.358,0.886149,2.05301,0.994317,0.0831391,5882.5,5,43.606,2284.52,5287.08,48.6376,1,2,0.8,0.0,0.0,5,0.0,0,True,1746969357.277941,right,False
5387,1746969398.3953457,192.388,0.944041,2.17311,0.987986,0.0881078,5883.83,5,43.628,2285.77,5288.33,48.6373,1,2,0.8,0.0,0.0,5,0.0,0,True,1746969357.277941,right,False
5388,1746969398.3981507,192.417,1.0058,2.28971,0.981292,0.0930449,5885.8,5,43.65,2287.02,5289.57,48.6371,1,2,0.8,0.0,0.0,5,0.0,0,True,1746969357.277941,right,False
5389,1746969398.4007447,192.445,1.07214,2.40246,0.974241,0.0979521,5888.96,5,43.672,2288.26,5290.82,48.6368,1,2,0.8,0.0,0.0,5,0.0,0,True,1746969357.277941,right,False
5390,1746969398.4051602,192.473,1.14355,2.51966,0.966832,0.102831,5890.16,5,43.694,2289.5,5292.06,48.6366,1,2,0.8,0.0,0.0,5,0.0,0,True,1746969357.277941,right,False
5391,1746969398.4182317,192.503,1.22043,2.64438,0.959073,0.107683,5887.61,5,43.716,2290.75,5293.3,48.6363,1,2,0.8,0.0,0.0,5,0.0,0,True,1746969357.277941,right,False
5392,1746969398.4399822,192.564,1.30232,2.97678,0.950961,0.112638,5845.23,5,43.738,2291.99,5294.54,48.6361,1,2,0.8,0.0,0.0,5,0.0,0,True,1746969357.277941,right,False
5393,1746969398.467447,192.588,1.40621,3.36283,0.942496,0.117716,5841.25,5,43.76,2293.23,5295.78,48.6358,1,2,0.8,0.0,0.0,5,0.0,0,True,1746969357.277941,right,False
5394,1746969398.48317,192.602,1.52468,3.84572,0.933673,0.122927,5842.93,5,43.782,2294.47,5297.02,48.6356,1,2,0.8,0.0,0.1,5,0.0,0,True,1746969357.277941,right,False
5395,1746969398.5073347,192.613,1.60962,4.50756,0.924485,0.128127,5845.23,5,43.804,2295.71,5298.26,48.6353,1,2,0.8,0.0,0.1,5,0.0,0,True,1746969357.277941,right,False
5396,1746969398.5291054,192.623,1.66878,5.21076,0.914923,0.133255,5848.1,5,43.826,2296.94,5299.5,48.6351,1,2,0.8,0.0,0.1,5,0.0,0,True,1746969357.277941,right,False
5397,1746969398.5504637,192.631,1.70521,5.90187,0.904985,0.138274,5850.65,5,43.848,2298.18,5300.73,48.6348,1,2,0.8,0.0,0.1,5,0.0,0,True,1746969357.277941,right,False
5398,1746969398.574286,192.64,1.71727,6.55297,0.894669,0.143154,5851.76,5,43.87,2299.41,5301.97,48.6346,1,2,0.8,0.0,0.1,5,0.0,0,True,1746969357.277941,right,False
5399,1746969398.5938272,192.632,1.92175,7.15896,0.884052,0.146611,5852.22,5,43.892,2300.64,5303.2,48.6343,1,2,0.8,0.0,0.1,5,0.0,0,True,1746969357.277941,right,False
5400,1746969398.6156905,192.623,1.60108,7.6774,0.873269,0.146723,5853.37,5,43.914,2301.87,5304.43,48.6341,1,2,0.8,0.0,0.1,5,0.0,0,True,1746969357.277941,right,False
5401,1746969398.6413722,192.614,0.775561,8.09763,0.862334,0.144112,5857.26,5,43.936,2303.1,5305.66,48.6338,1,2,0.8,0.0,0.1,5,0.0,0,True,1746969357.277941,right,False
5402,1746969398.6609998,192.599,-0.395766,8.42322,0.851264,0.139478,5864.36,5,43.958,2304.33,5306.89,48.6335,1,2,0.8,0.0,0.1,5,0.0,0,True,1746969357.277941,right,False
5403,1746969398.6824458,192.568,-1.77533,8.67017,0.840086,0.133494,5875.44,5,43.98,2305.56,5308.12,48.6333,1,2,0.8,0.0,0.1,5,0.0,0,True,1746969357.277941,right,False
5404,1746969398.70333,192.514,-3.25606,8.83096,0.82882,0.126809,5897.77,5,44.002,2306.78,5309.34,48.633,1,2,0.8,0.0,0.1,5,0.0,0,True,1746969357.277941,right,False
5405,1746969398.7265267,192.424,-4.74153,8.90113,0.817479,0.120024,5947.24,5,44.024,2308.01,5310.57,48.6328,1,2,0.8,0.0,0.1,5,0.0,0,True,1746969357.277941,right,False
5406,1746969398.7505352,192.294,-6.1616,8.89581,0.806076,0.113534,6028.1,5,44.046,2309.23,5311.79,48.6325,1,2,0.8,0.0,0.1,5,0.0,0,True,1746969357.277941,right,False
5407,1746969398.7712786,192.145,-7.47846,8.82926,0.794617,0.107427,6114.01,5,44.068,2310.45,5313.01,48.6323,1,2,0.8,0.0,0.1,5,0.0,0,True,1746969357.277941,right,False
5408,1746969398.793118,191.982,-8.71709,8.72761,0.783111,0.101608,6200.1,5,44.09,2311.67,5314.23,48.632,1,2,0.8,0.0,0.1,5,0.0,0,True,1746969357.277941,right,False
5409,1746969398.8140001,191.809,-9.90788,8.57187,0.771565,0.0959727,6284.35,5,44.112,2312.89,5315.45,48.6318,1,2,0.8,0.0,0.1,5,0.0,0,True,1746969357.277941,right,False
5410,1746969398.8349485,191.624,-11.0759,8.37638,0.759983,0.0904328,6367.24,5,44.134,2314.11,5316.66,48.6315,1,2,0.8,0.0,0.1,5,0.0,0,True,1746969357.277941,right,False
5411,1746969398.8593647,191.429,-12.2098,8.1754,0.748366,0.0849392,6448.45,5,44.156,2315.32,5317.88,48.6313,1,2,0.8,0.0,0.1,5,0.0,0,True,1746969357.277941,right,False
5412,1746969398.8791566,191.225,-13.3105,7.96293,0.736727,0.0794818,6527.25,5,44.178,2316.54,5319.09,48.631,1,2,0.8,0.0,0.1,5,0.0,0,True,1746969357.277941,right,False
5413,1746969398.9039495,191.076,-14.3258,7.79089,0.725082,0.0741469,6522.18,5,44.2,2317.75,5320.3,48.6308,1,2,0.8,0.0,0.1,5,0.0,0,True,1746969357.277941,right,False
5414,1746969398.9237876,190.992,-15.2659,7.64378,0.713453,0.0689046,6427.28,5,44.222,2318.96,5321.51,48.6305,1,2,0.8,0.0,0.1,5,0.0,0,True,1746969357.277941,right,False
5415,1746969398.945566,190.94,-16.1394,7.53038,0.701863,0.063688,6285.98,5,44.244,2320.17,5322.72,48.6303,1,2,0.8,0.0,0.1,5,0.0,0,True,1746969357.277941,right,False
5416,1746969398.9679942,190.87,-16.9699,7.44569,0.690334,0.0583708,6155.61,5,44.266,2321.37,5323.93,48.63,1,2,0.8,0.0,0.1,5,0.0,0,True,1746969357.277941,right,False
5417,1746969398.9898624,190.767,-17.7943,7.37359,0.678888,0.0528967,6056.69,5,44.288,2322.58,5325.14,48.6298,1,2,0.8,0.0,0.1,5,0.0,0,True,1746969357.277941,right,False
5418,1746969399.0118682,190.627,-18.6177,7.31135,0.667539,0.0472314,5991.57,5,44.31,2323.79,5326.35,48.6295,1,2,0.8,0.0,0.1,5,0.0,0,True,1746969357.277941,right,False
5419,1746969399.033851,190.453,-19.4569,7.25197,0.656301,0.0413606,5955.23,5,44.332,2325,5327.55,48.6293,1,2,0.8,0.0,0.1,5,0.0,0,True,1746969357.277941,right,False
5420,1746969399.055204,190.255,-20.3055,7.20006,0.645179,0.0353438,5936.65,5,44.354,2326.2,5328.76,48.629,1,2,0.8,0.0,0.1,5,0.0,0,True,1746969357.277941,right,False
5421,1746969399.078481,190.038,-21.1547,7.13859,0.634182,0.0292703,5930.47,5,44.376,2327.4,5329.96,48.6288,1,2,0.8,0.0,0.1,5,0.0,0,True,1746969357.277941,right,False
5422,1746969399.0997388,189.806,-21.9993,7.07901,0.623311,0.0231807,5933.88,5,44.398,2328.61,5331.16,48.6285,1,2,0.8,0.0,0.1,5,0.0,0,True,1746969357.277941,right,False
5423,1746969399.121679,189.564,-22.8225,7.01956,0.612569,0.0171587,5940.84,5,44.42,2329.81,5332.36,48.6283,1,2,0.8,0.0,0.1,5,0.0,0,True,1746969357.277941,right,False
5424,1746969399.1430998,189.31,-23.6294,6.95173,0.601959,0.0112731,5958.21,5,44.442,2331.01,5333.56,48.628,1,2,0.8,0.0,0.1,5,0.0,0,True,1746969357.277941,right,False
5425,1746969399.1665397,189.054,-24.4005,6.87724,0.591477,0.00554436,5973.81,5,44.464,2332.2,5334.76,48.6278,1,2,0.8,0.0,0.1,5,0.0,0,True,1746969357.277941,right,False
5426,1746969399.18765,188.792,-25.129,6.78942,0.581124,3.54608e-005,5996.42,5,44.486,2333.4,5335.96,48.6275,1,2,0.8,0.0,0.1,5,0.0,0,True,1746969357.277941,right,False
5427,1746969399.2105384,188.532,-25.7768,6.71044,0.570906,-0.00512726,6020.27,5,44.508,2334.59,5337.15,48.6273,1,2,0.8,0.0,0.1,5,0.0,0,True,1746969357.277941,right,False
5428,1746969399.2326026,188.279,-26.3517,6.63161,0.56082,-0.00993282,6037.96,5,44.53,2335.79,5338.34,48.627,1,2,0.8,0.0,0.1,5,0.0,0,True,1746969357.277941,right,False
5429,1746969399.2536976,188.029,-26.8556,6.54479,0.550873,-0.0143607,6061.17,5,44.552,2336.98,5339.53,48.6268,1,2,0.8,0.0,0.1,5,0.0,0,True,1746969357.277941,right,False
5430,1746969399.2772548,187.789,-27.2837,6.45745,0.54106,-0.0183924,6078.65,5,44.574,2338.17,5340.72,48.6265,1,2,0.8,0.0,0.1,5,0.0,0,True,1746969357.277941,right,False
5431,1746969399.2975001,187.564,-27.6331,6.36755,0.531386,-0.0220731,6087.66,5,44.596,2339.36,5341.91,48.6262,1,2,0.8,0.0,0.1,5,0.0,0,True,1746969357.277941,right,False
5432,1746969399.321564,187.348,-27.9127,6.27336,0.521855,-0.0253823,6095.23,5,44.618,2340.54,5343.1,48.626,1,2,0.8,0.0,0.1,5,0.0,0,True,1746969357.277941,right,False
5433,1746969399.342762,187.144,-28.1204,6.17956,0.512462,-0.0283287,6098.58,5,44.64,2341.73,5344.28,48.6257,1,2,0.8,0.0,0.1,5,0.0,0,True,1746969357.277941,right,False
5434,1746969399.3641899,186.953,-28.2496,6.09237,0.503214,-0.0309122,6097.79,5,44.662,2342.91,5345.47,48.6255,1,2,0.8,0.0,0.1,5,0.0,0,True,1746969357.277941,right,False
5435,1746969399.3874514,186.767,-28.3062,5.99598,0.494109,-0.0330728,6106,5,44.684,2344.09,5346.65,48.6252,1,2,0.8,0.0,0.1,5,0.0,0,True,1746969357.277941,right,False
5436,1746969399.4095469,186.597,-28.2927,5.89747,0.485147,-0.0348514,6108.17,5,44.706,2345.27,5347.83,48.625,1,2,0.8,0.0,0.2,5,0.0,0,True,1746969357.277941,right,False
5437,1746969399.4316618,186.434,-28.2192,5.79188,0.476322,-0.0362757,6114.81,5,44.728,2346.45,5349.01,48.6247,1,2,0.8,0.0,0.2,5,0.0,0,True,1746969357.277941,right,False
5438,1746969399.453214,186.293,-28.0611,5.69672,0.467641,-0.0373276,6107.15,5,44.75,2347.63,5350.19,48.6245,1,2,0.8,0.0,0.2,5,0.0,0,True,1746969357.277941,right,False
5439,1746969399.4767523,186.159,-27.8426,5.59626,0.459105,-0.0380104,6107.12,5,44.772,2348.81,5351.36,48.6242,1,2,0.8,0.0,0.2,5,0.0,0,True,1746969357.277941,right,False
5440,1746969399.4981399,186.039,-27.5633,5.49408,0.450709,-0.0383762,6101.61,5,44.794,2349.98,5352.54,48.624,1,2,0.8,0.0,0.2,5,0.0,0,True,1746969357.277941,right,False
5441,1746969399.5196557,185.907,-27.2017,5.39589,0.442459,-0.0384744,6089.29,5,44.816,2351.16,5353.71,48.6237,1,2,0.8,0.0,0.2,5,0.0,0,True,1746969357.277941,right,False
5442,1746969399.5414102,185.765,-26.8205,5.2879,0.434364,-0.0384048,6093.01,5,44.838,2352.33,5354.88,48.6235,1,2,0.8,0.0,0.2,5,0.0,0,True,1746969357.277941,right,False
5443,1746969399.5625577,185.628,-26.4007,5.18526,0.42642,-0.0381606,6096.57,5,44.86,2353.5,5356.05,48.6232,1,2,0.8,0.0,0.2,5,0.0,0,True,1746969357.277941,right,False
5444,1746969399.5831926,185.498,-25.9511,5.08919,0.418625,-0.0377458,6100,5,44.882,2354.67,5357.22,48.623,1,2,0.8,0.0,0.2,5,0.0,0,True,1746969357.277941,right,False
5445,1746969399.6075552,185.373,-25.4776,4.98682,0.410979,-0.0371702,6107.38,5,44.904,2355.83,5358.39,48.6227,1,2,0.8,0.0,0.2,5,0.0,0,True,1746969357.277941,right,False
5446,1746969399.6288788,185.255,-24.9721,4.8848,0.403484,-0.0364326,6111.28,5,44.926,2357,5359.56,48.6225,1,2,0.8,0.0,0.2,5,0.0,0,True,1746969357.277941,right,False
5447,1746969399.6506875,185.147,-24.4377,4.79347,0.396139,-0.0355657,6106.35,5,44.948,2358.16,5360.72,48.6222,1,2,0.8,0.0,0.2,5,0.0,0,True,1746969357.277941,right,False
5448,1746969399.6718705,185.04,-23.8917,4.6961,0.388941,-0.0345824,6110.81,5,44.97,2359.33,5361.88,48.622,1,2,0.8,0.0,0.2,5,0.0,0,True,1746969357.277941,right,False
5449,1746969399.6933703,184.941,-23.3399,4.59852,0.38189,-0.0335258,6108.96,5,44.992,2360.49,5363.04,48.6217,1,2,0.8,0.0,0.2,5,0.0,0,True,1746969357.277941,right,False
5450,1746969399.7162058,184.842,-22.7706,4.5017,0.37498,-0.032347,6111.76,5,45.014,2361.65,5364.2,48.6215,1,2,0.8,0.0,0.2,5,0.0,0,True,1746969357.277941,right,False
5451,1746969399.7389364,184.751,-22.1959,4.39475,0.368211,-0.0310767,6112.42,5,45.036,2362.81,5365.36,48.6212,1,2,0.8,0.0,0.2,5,0.0,0,True,1746969357.277941,right,False
5452,1746969399.7604215,184.669,-21.5952,4.30034,0.361581,-0.0297115,6107.29,5,45.058,2363.97,5366.52,48.621,1,2,0.8,0.0,0.2,5,0.0,0,True,1746969357.277941,right,False
5453,1746969399.7824817,184.587,-21.0008,4.19516,0.355089,-0.0283006,6103.27,5,45.08,2365.12,5367.68,48.6207,1,2,0.8,0.0,0.2,5,0.0,0,True,1746969357.277941,right,False
5454,1746969399.8047996,184.516,-20.3941,4.09913,0.348733,-0.0268481,6092.97,5,45.102,2366.28,5368.83,48.6205,1,2,0.8,0.0,0.2,5,0.0,0,True,1746969357.277941,right,False
5455,1746969399.8262663,184.449,-19.7809,4.01499,0.342517,-0.0254081,6076.9,5,45.124,2367.43,5369.99,48.6202,1,2,0.8,0.0,0.2,5,0.0,0,True,1746969357.277941,right,False
5456,1746969399.8477497,184.382,-19.1797,3.93291,0.336438,-0.0239804,6062.53,5,45.146,2368.58,5371.14,48.62,1,2,0.8,0.0,0.2,5,0.0,0,True,1746969357.277941,right,False
5457,1746969399.8692305,184.31,-18.5908,3.8439,0.330495,-0.0225671,6058.58,5,45.168,2369.74,5372.29,48.6197,1,2,0.8,0.0,0.2,5,0.0,0,True,1746969357.277941,right,False
5458,1746969399.8936453,184.246,-18.0193,3.75906,0.324683,-0.0212272,6043.11,5,45.19,2370.89,5373.44,48.6194,1,2,0.8,0.0,0.2,5,0.0,0,True,1746969357.277941,right,False
5459,1746969399.9133732,184.182,-17.4798,3.66757,0.318999,-0.0200041,6030.72,5,45.212,2372.04,5374.59,48.6192,1,2,0.8,0.0,0.30000000000000004,5,0.0,0,True,1746969357.277941,right,False
5460,1746969399.9354331,184.119,-16.9613,3.58811,0.313443,-0.0189164,6015.36,5,45.234,2373.19,5375.74,48.6189,1,2,0.8,0.0,0.30000000000000004,5,0.0,0,True,1746969357.277941,right,False
5461,1746969399.958517,184.055,-16.4811,3.50542,0.308012,-0.0179966,6002.27,5,45.256,2374.33,5376.89,48.6187,1,2,0.8,0.0,0.30000000000000004,5,0.0,0,True,1746969357.277941,right,False
5462,1746969399.981626,183.992,-16.0376,3.42794,0.302706,-0.0172685,5982.92,5,45.278,2375.48,5378.04,48.6184,1,2,0.8,0.0,0.30000000000000004,5,0.0,0,True,1746969357.277941,right,False
5463,1746969400.0042143,183.926,-15.6424,3.34407,0.297522,-0.0167545,5967.38,5,45.3,2376.63,5379.18,48.6182,1,2,0.8,0.0,0.30000000000000004,5,0.0,0,True,1746969357.277941,right,False
5464,1746969400.0240915,183.836,-15.2749,3.26467,0.292462,-0.0165351,5947.13,5,45.322,2377.77,5380.33,48.6179,1,2,0.8,0.0,0.30000000000000004,5,0.0,0,True,1746969357.277941,right,False
5465,1746969400.0451758,183.726,-14.9841,3.18332,0.287534,-0.0167249,5939.28,5,45.344,2378.92,5381.47,48.6177,1,2,0.8,0.0,0.30000000000000004,5,0.0,0,True,1746969357.277941,right,False
5466,1746969400.0676653,183.613,-14.7639,3.105,0.282735,-0.0173209,5928.07,5,45.366,2380.06,5382.62,48.6174,1,2,0.8,0.0,0.30000000000000004,5,0.0,0,True,1746969357.277941,right,False
5467,1746969400.0897782,183.491,-14.6279,3.02525,0.278064,-0.0183342,5924.26,5,45.388,2381.2,5383.76,48.6172,1,2,0.8,0.0,0.30000000000000004,5,0.0,0,True,1746969357.277941,right,False
5468,1746969400.1120143,183.363,-14.5717,2.9379,0.273522,-0.0197676,5922.98,5,45.41,2382.34,5384.9,48.6169,1,2,0.8,0.0,0.30000000000000004,5,0.0,0,True,1746969357.277941,right,False
5469,1746969400.134934,183.234,-14.5768,2.86049,0.269106,-0.0215896,5913.1,5,45.432,2383.48,5386.04,48.6167,1,2,0.8,0.0,0.30000000000000004,5,0.0,0,True,1746969357.277941,right,False
5470,1746969400.1558304,183.096,-14.6536,2.77874,0.264821,-0.0238107,5909.98,5,45.454,2384.62,5387.18,48.6164,1,2,0.8,0.0,0.30000000000000004,5,0.0,0,True,1746969357.277941,right,False
5471,1746969400.1785328,182.954,-14.7967,2.69853,0.260668,-0.0264204,5906.58,5,45.476,2385.76,5388.32,48.6162,1,2,0.8,0.0,0.30000000000000004,5,0.0,0,True,1746969357.277941,right,False
5472,1746969400.2013404,182.803,-15.0098,2.60977,0.256648,-0.0293925,5904.26,5,45.498,2386.9,5389.46,48.6159,1,2,0.8,0.0,0.30000000000000004,5,0.0,0,True,1746969357.277941,right,False
5473,1746969400.2226124,182.645,-15.2808,2.51795,0.25276,-0.0327013,5905.77,5,45.52,2388.04,5390.59,48.6157,1,2,0.8,0.0,0.30000000000000004,5,0.0,0,True,1746969357.277941,right,False
5474,1746969400.244616,182.486,-15.5885,2.44084,0.249009,-0.036342,5897.1,5,45.542,2389.17,5391.73,48.6154,1,2,0.8,0.0,0.30000000000000004,5,0.0,0,True,1746969357.277941,right,False
5475,1746969400.266263,182.317,-15.9539,2.35843,0.245399,-0.0403045,5893.03,5,45.564,2390.3,5392.86,48.6152,1,2,0.8,0.0,0.30000000000000004,5,0.0,0,True,1746969357.277941,right,False
5476,1746969400.2873495,182.142,-16.3682,2.26601,0.241931,-0.0445545,5888.76,5,45.586,2391.44,5393.99,48.6149,1,2,0.8,0.0,0.30000000000000004,5,0.0,0,True,1746969357.277941,right,False
5477,1746969400.3109784,181.956,-16.8242,2.17435,0.238607,-0.0490454,5888.97,5,45.608,2392.57,5395.13,48.6147,1,2,0.8,0.0,0.30000000000000004,5,0.0,0,True,1746969357.277941,right,False
5478,1746969400.3326316,181.764,-17.3121,2.0808,0.23543,-0.0537618,5890.07,5,45.63,2393.7,5396.26,48.6144,1,2,0.8,0.0,0.30000000000000004,5,0.0,0,True,1746969357.277941,right,False
5479,1746969400.355537,181.567,-17.8225,1.98532,0.232401,-0.0586756,5886.92,5,45.652,2394.83,5397.39,48.6142,1,2,0.8,0.0,0.30000000000000004,5,0.0,0,True,1746969357.277941,right,False
5480,1746969400.3762143,181.359,-18.3636,1.88848,0.229523,-0.0637425,5892.02,5,45.674,2395.96,5398.52,48.6139,1,2,0.8,0.0,0.30000000000000004,5,0.0,0,True,1746969357.277941,right,False
5481,1746969400.3989713,181.146,-18.9126,1.79128,0.226796,-0.0689176,5894.02,5,45.696,2397.09,5399.65,48.6137,1,2,0.8,0.0,0.30000000000000004,5,0.0,0,True,1746969357.277941,right,False
5482,1746969400.4193099,180.926,-19.4772,1.68829,0.224225,-0.0741866,5898.19,5,45.718,2398.22,5400.77,48.6134,1,2,0.8,0.0,0.30000000000000004,5,0.0,0,True,1746969357.277941,right,False
5483,1746969400.442808,180.701,-20.0469,1.57852,0.221809,-0.0795234,5900.82,5,45.74,2399.34,5401.9,48.6132,1,2,0.8,0.0,0.30000000000000004,5,0.0,0,True,1746969357.277941,right,False
5484,1746969400.4649866,180.468,-20.6151,1.47261,0.21955,-0.0848716,5908.77,5,45.762,2400.47,5403.02,48.6129,1,2,0.8,0.0,0.30000000000000004,5,0.0,0,True,1746969357.277941,right,False
5485,1746969400.4870048,180.233,-21.1725,1.36526,0.217452,-0.0902374,5912.48,5,45.784,2401.59,5404.15,48.6127,1,2,0.8,0.0,0.30000000000000004,5,0.0,0,True,1746969357.277941,right,False
5486,1746969400.507237,179.992,-21.7279,1.25253,0.215515,-0.0956009,5919.55,5,45.806,2402.71,5405.27,48.6124,1,2,0.8,0.0,0.30000000000000004,5,0.0,0,True,1746969357.277941,right,False
5487,1746969400.5323598,179.747,-22.2713,1.14358,0.21374,-0.100931,5925.75,5,45.828,2403.84,5406.39,48.6121,1,2,0.8,0.0,0.30000000000000004,5,0.0,0,True,1746969357.277941,right,False
5488,1746969400.5527093,179.501,-22.7908,1.03868,0.212133,-0.10621,5930.6,5,45.85,2404.96,5407.51,48.6119,1,2,0.8,0.0,0.30000000000000004,5,0.0,0,True,1746969357.277941,right,False
5489,1746969400.57328,179.253,-23.2978,0.923046,0.210694,-0.111402,5935.66,5,45.872,2406.07,5408.63,48.6116,1,2,0.8,0.0,0.30000000000000004,5,0.0,0,True,1746969357.277941,right,False
5490,1746969400.5980022,179.004,-23.7801,0.810595,0.209423,-0.116514,5938.12,5,45.894,2407.19,5409.75,48.6114,1,2,0.8,0.0,0.30000000000000004,5,0.0,0,True,1746969357.277941,right,False
5491,1746969400.6169317,178.75,-24.2451,0.690418,0.208321,-0.121513,5949.73,5,45.916,2408.31,5410.86,48.6111,1,2,0.8,0.0,0.30000000000000004,5,0.0,0,True,1746969357.277941,right,False
5492,1746969400.6411145,178.497,-24.6681,0.575877,0.207391,-0.126364,5957.24,5,45.938,2409.43,5411.98,48.6109,1,2,0.8,0.0,0.30000000000000004,5,0.0,0,True,1746969357.277941,right,False
5493,1746969400.6623604,178.251,-25.057,0.4684,0.206636,-0.131083,5956.26,5,45.96,2410.54,5413.09,48.6106,1,2,0.8,0.0,0.30000000000000004,5,0.0,0,True,1746969357.277941,right,False
5494,1746969400.684638,178,-25.4266,0.345118,0.206054,-0.135628,5966.56,5,45.982,2411.65,5414.21,48.6104,1,2,0.8,0.0,0.30000000000000004,5,0.0,0,True,1746969357.277941,right,False
5495,1746969400.7071736,177.752,-25.7525,0.234052,0.205648,-0.140036,5973.58,5,46.004,2412.76,5415.32,48.6101,1,2,0.8,0.0,0.30000000000000004,5,0.0,0,True,1746969357.277941,right,False
5496,1746969400.728134,177.506,-26.048,0.116598,0.205417,-0.144248,5981.03,5,46.026,2413.88,5416.43,48.6099,1,2,0.8,0.0,0.30000000000000004,5,0.0,0,True,1746969357.277941,right,False
5497,1746969400.7491515,177.268,-26.3021,0.000211904,0.205367,-0.148285,5983.43,5,46.048,2414.98,5417.54,48.6096,1,2,0.8,0.0,0.30000000000000004,5,0.0,0,True,1746969357.277941,right,False
5498,1746969400.7739246,177.03,-26.5314,-0.119975,0.205494,-0.152162,5989.11,5,46.07,2416.09,5418.65,48.6094,1,2,0.8,0.0,0.30000000000000004,5,0.0,0,True,1746969357.277941,right,False
5499,1746969400.7930627,176.799,-26.706,-0.232561,0.205804,-0.15581,5991.35,5,46.092,2417.2,5419.76,48.6091,1,2,0.8,0.0,0.30000000000000004,5,0.0,0,True,1746969357.277941,right,False
5500,1746969400.8157644,176.57,-26.8657,-0.355456,0.206292,-0.159318,5997.99,5,46.114,2418.31,5420.86,48.6089,1,2,0.8,0.0,0.30000000000000004,5,0.0,0,True,1746969357.277941,right,False
5501,1746969400.8382797,176.35,-26.9725,-0.468268,0.206959,-0.162613,5997.13,5,46.136,2419.41,5421.97,48.6086,1,2,0.8,0.0,0.30000000000000004,5,0.0,0,True,1746969357.277941,right,False
5502,1746969400.8605456,176.133,-27.0543,-0.592077,0.207811,-0.165724,6002.97,5,46.158,2420.51,5423.07,48.6084,1,2,0.8,0.0,0.30000000000000004,5,0.0,0,True,1746969357.277941,right,False
5503,1746969400.8812144,175.925,-27.1048,-0.709996,0.208843,-0.168687,6000.69,5,46.18,2421.61,5424.17,48.6081,1,2,0.8,0.0,0.30000000000000004,5,0.0,0,True,1746969357.277941,right,False
5504,1746969400.905322,175.715,-27.1304,-0.832026,0.210056,-0.171494,6007.73,5,46.202,2422.72,5425.27,48.6079,1,2,0.8,0.0,0.30000000000000004,5,0.0,0,True,1746969357.277941,right,False
5505,1746969400.925663,175.515,-27.1121,-0.946319,0.211449,-0.174121,6005.31,5,46.224,2423.82,5426.37,48.6076,1,2,0.8,0.0,0.30000000000000004,5,0.0,0,True,1746969357.277941,right,False
5506,1746969400.9493434,175.321,-27.0645,-1.07098,0.213025,-0.176518,6007.79,5,46.246,2424.91,5427.47,48.6074,1,2,0.8,0.0,0.30000000000000004,5,0.0,0,True,1746969357.277941,right,False
5507,1746969400.9709177,175.13,-26.9811,-1.19874,0.21478,-0.178708,6018.31,5,46.268,2426.01,5428.57,48.6071,1,2,0.8,0.0,0.30000000000000004,5,0.0,0,True,1746969357.277941,right,False
5508,1746969400.9942307,174.95,-26.8587,-1.3172,0.216717,-0.180717,6015.92,5,46.29,2427.11,5429.66,48.6069,1,2,0.8,0.0,0.30000000000000004,5,0.0,0,True,1746969357.277941,right,False
5509,1746969401.0137222,174.774,-26.7119,-1.44447,0.218833,-0.182545,6020.59,5,46.312,2428.2,5430.76,48.6066,1,2,0.8,0.0,0.30000000000000004,5,0.0,0,True,1746969357.277941,right,False
5510,1746969401.035902,174.608,-26.5228,-1.56336,0.221131,-0.184182,6022,5,46.334,2429.3,5431.85,48.6064,1,2,0.8,0.0,0.30000000000000004,5,0.0,0,True,1746969357.277941,right,False
5511,1746969401.0583582,174.449,-26.3004,-1.68774,0.22361,-0.185625,6019.95,5,46.356,2430.39,5432.95,48.6061,1,2,0.8,0.0,0.30000000000000004,5,0.0,0,True,1746969357.277941,right,False
5512,1746969401.0839157,174.295,-26.0495,-1.81678,0.226273,-0.186866,6022.39,5,46.378,2431.48,5434.04,48.6059,1,2,0.8,0.0,0.30000000000000004,5,0.0,0,True,1746969357.277941,right,False
5513,1746969401.101308,174.152,-25.7544,-1.93373,0.229116,-0.187915,6019.06,5,46.4,2432.57,5435.13,48.6056,1,2,0.8,0.0,0.30000000000000004,5,0.0,0,True,1746969357.277941,right,False
5514,1746969401.1251638,174.012,-25.4397,-2.04787,0.23214,-0.188803,6018.62,5,46.422,2433.66,5436.22,48.6054,1,2,0.8,0.0,0.30000000000000004,5,0.0,0,True,1746969357.277941,right,False
5515,1746969401.1469064,173.878,-25.0947,-2.172,0.235342,-0.189505,6023.94,5,46.444,2434.75,5437.31,48.6051,1,2,0.8,0.0,0.30000000000000004,5,0.0,0,True,1746969357.277941,right,False
5516,1746969401.1704562,173.753,-24.7106,-2.29599,0.238727,-0.189984,6023.35,5,46.466,2435.83,5438.39,48.6048,1,2,0.8,0.0,0.30000000000000004,5,0.0,0,True,1746969357.277941,right,False
5517,1746969401.1909986,173.638,-24.2899,-2.40842,0.242291,-0.190279,6019.43,5,46.488,2436.92,5439.48,48.6046,1,2,0.8,0.0,0.30000000000000004,5,0.0,0,True,1746969357.277941,right,False
5518,1746969401.2123592,173.528,-23.8571,-2.52621,0.246033,-0.190474,6015.35,5,46.51,2438.01,5440.56,48.6043,1,2,0.8,0.0,0.30000000000000004,5,0.0,0,True,1746969357.277941,right,False
5519,1746969401.23503,173.419,-23.4023,-2.64911,0.249955,-0.190511,6016.08,5,46.532,2439.09,5441.65,48.6041,1,2,0.8,0.0,0.30000000000000004,5,0.0,0,True,1746969357.277941,right,False
5520,1746969401.2597277,173.321,-22.9114,-2.7673,0.254057,-0.190335,6015.72,5,46.554,2440.17,5442.73,48.6038,1,2,0.8,0.0,0.30000000000000004,5,0.0,0,True,1746969357.277941,right,False
5521,1746969401.2799737,173.23,-22.3914,-2.88395,0.258333,-0.189995,6013.21,5,46.576,2441.26,5443.82,48.6036,1,2,0.8,0.0,0.30000000000000004,5,0.0,0,True,1746969357.277941,right,False
5522,1746969401.3014565,173.146,-21.8525,-2.99881,0.26279,-0.189521,6007.31,5,46.598,2442.34,5444.9,48.6033,1,2,0.8,0.0,0.30000000000000004,5,0.0,0,True,1746969357.277941,right,False
5523,1746969401.3219786,173.067,-21.2969,-3.11364,0.267421,-0.188943,6000.03,5,46.62,2443.42,5445.98,48.6031,1,2,0.8,0.0,0.30000000000000004,5,0.0,0,True,1746969357.277941,right,False
5524,1746969401.3448758,172.992,-20.7341,-3.22837,0.272227,-0.188297,5993.38,5,46.642,2444.5,5447.06,48.6028,1,2,0.8,0.0,0.30000000000000004,5,0.0,0,True,1746969357.277941,right,False
5525,1746969401.3654823,172.927,-20.1665,-3.34048,0.277207,-0.187605,5978.39,5,46.664,2445.58,5448.14,48.6026,1,2,0.8,0.0,0.30000000000000004,5,0.0,0,True,1746969357.277941,right,False
5526,1746969401.3911278,172.864,-19.5979,-3.45124,0.282363,-0.186937,5961.22,5,46.686,2446.66,5449.22,48.6023,1,2,0.8,0.0,0.30000000000000004,5,0.0,0,True,1746969357.277941,right,False
5527,1746969401.4110675,172.798,-19.0551,-3.56886,0.287687,-0.186287,5954.86,5,46.708,2447.74,5450.29,48.6021,1,2,0.8,0.0,0.30000000000000004,5,0.0,0,True,1746969357.277941,right,False
5528,1746969401.433884,172.734,-18.5139,-3.68037,0.293181,-0.185664,5946.34,5,46.73,2448.81,5451.37,48.6018,1,2,0.8,0.0,0.30000000000000004,5,0.0,0,True,1746969357.277941,right,False
5529,1746969401.455307,172.681,-17.9745,-3.78921,0.298842,-0.185087,5924.64,5,46.752,2449.89,5452.45,48.6016,1,2,0.8,0.0,0.30000000000000004,5,0.0,0,True,1746969357.277941,right,False
5530,1746969401.4780653,172.624,-17.467,-3.8984,0.304671,-0.184621,5908.67,5,46.774,2450.97,5453.53,48.6013,1,2,0.8,0.0,0.30000000000000004,5,0.0,0,True,1746969357.277941,right,False
5531,1746969401.5012546,172.567,-16.9916,-4.01105,0.310663,-0.184294,5894.05,5,46.796,2452.04,5454.6,48.6011,1,2,0.8,0.0,0.30000000000000004,5,0.0,0,True,1746969357.277941,right,False
5532,1746969401.5207105,172.512,-16.5408,-4.12249,0.316819,-0.18409,5878.72,5,46.818,2453.12,5455.68,48.6008,1,2,0.8,0.0,0.30000000000000004,5,0.0,0,True,1746969357.277941,right,False
5533,1746969401.5430176,172.458,-16.1145,-4.22633,0.323137,-0.184054,5858.71,5,46.84,2454.19,5456.75,48.6006,1,2,0.8,0.0,0.30000000000000004,5,0.0,0,True,1746969357.277941,right,False
5534,1746969401.5658631,172.402,-15.7305,-4.33579,0.329614,-0.184208,5842.96,5,46.862,2455.27,5457.83,48.6003,1,2,0.8,0.0,0.30000000000000004,5,0.0,0,True,1746969357.277941,right,False
5535,1746969401.5869,172.347,-15.3803,-4.43604,0.336253,-0.184582,5823.11,5,46.884,2456.34,5458.9,48.6001,1,2,0.8,0.0,0.30000000000000004,5,0.0,0,True,1746969357.277941,right,False
5536,1746969401.60722,172.289,-15.08,-4.53955,0.343049,-0.18519,5803.62,5,46.906,2457.42,5459.98,48.5998,1,2,0.8,0.0,0.30000000000000004,5,0.0,0,True,1746969357.277941,right,False
5537,1746969401.629706,172.232,-14.8148,-4.63781,0.350003,-0.18605,5780.98,5,46.928,2458.49,5461.05,48.5996,1,2,0.8,0.0,0.30000000000000004,5,0.0,0,True,1746969357.277941,right,False
5538,1746969401.6524706,172.169,-14.6101,-4.74726,0.357115,-0.187177,5768.94,5,46.95,2459.56,5462.12,48.5993,1,2,0.8,0.0,0.30000000000000004,5,0.0,0,True,1746969357.277941,right,False
5539,1746969401.675552,172.101,-14.4529,-4.85834,0.36438,-0.188543,5759.46,5,46.972,2460.64,5463.2,48.5991,1,2,0.8,0.0,0.30000000000000004,5,0.0,0,True,1746969357.277941,right,False
5540,1746969401.6982508,172.036,-14.3181,-4.94791,0.371801,-0.190164,5737.92,5,46.994,2461.71,5464.27,48.5988,1,2,0.8,0.0,0.30000000000000004,5,0.0,0,True,1746969357.277941,right,False
5541,1746969401.7183237,171.969,-14.2305,-5.04236,0.379382,-0.192061,5719.01,5,47.016,2462.78,5465.34,48.5986,1,2,0.8,0.0,0.30000000000000004,5,0.0,0,True,1746969357.277941,right,False
5542,1746969401.7413669,171.897,-14.2074,-5.14374,0.387122,-0.194278,5700.08,5,47.038,2463.86,5466.42,48.5983,1,2,0.8,0.0,0.30000000000000004,5,0.0,0,True,1746969357.277941,right,False
5543,1746969401.7609103,171.817,-14.2337,-5.24367,0.39502,-0.196814,5686.66,5,47.06,2464.93,5467.49,48.598,1,2,0.8,0.0,0.30000000000000004,5,0.0,0,True,1746969357.277941,right,False
5544,1746969401.783147,171.729,-14.3195,-5.34674,0.403075,-0.199651,5681.53,5,47.082,2466,5468.56,48.5978,1,2,0.8,0.0,0.30000000000000004,5,0.0,0,True,1746969357.277941,right,False
5545,1746969401.8064885,171.642,-14.438,-5.4473,0.411289,-0.202771,5665.38,5,47.104,2467.07,5469.63,48.5975,1,2,0.8,0.0,0.30000000000000004,5,0.0,0,True,1746969357.277941,right,False
5546,1746969401.831535,171.546,-14.6058,-5.54629,0.419661,-0.206156,5657.49,5,47.126,2468.14,5470.7,48.5973,1,2,0.8,0.0,0.30000000000000004,5,0.0,0,True,1746969357.277941,right,False
5547,1746969401.8513782,171.443,-14.8126,-5.65064,0.428193,-0.209792,5653.02,5,47.148,2469.21,5471.77,48.597,1,2,0.8,0.0,0.30000000000000004,5,0.0,0,True,1746969357.277941,right,False
5548,1746969401.8725138,171.335,-15.0524,-5.75328,0.436887,-0.213639,5649.24,5,47.17,2470.29,5472.85,48.5968,1,2,0.8,0.0,0.30000000000000004,5,0.0,0,True,1746969357.277941,right,False
5549,1746969401.8945394,171.225,-15.3253,-5.85788,0.445744,-0.217717,5642.47,5,47.192,2471.36,5473.92,48.5965,1,2,0.8,0.0,0.30000000000000004,5,0.0,0,True,1746969357.277941,right,False
5550,1746969401.9175286,171.105,-15.6326,-5.96934,0.454764,-0.221967,5645.1,5,47.214,2472.43,5474.99,48.5963,1,2,0.8,0.0,0.30000000000000004,5,0.0,0,True,1746969357.277941,right,False
5551,1746969401.940104,170.981,-15.9553,-6.07814,0.463947,-0.226371,5643.99,5,47.236,2473.5,5476.06,48.596,1,2,0.8,0.0,0.30000000000000004,5,0.0,0,True,1746969357.277941,right,False
5552,1746969401.961317,170.854,-16.2954,-6.19051,0.473296,-0.23091,5642.65,5,47.258,2474.57,5477.13,48.5958,1,2,0.8,0.0,0.30000000000000004,5,0.0,0,True,1746969357.277941,right,False
5553,1746969401.9815326,170.723,-16.6501,-6.29379,0.482815,-0.235597,5641.14,5,47.28,2475.64,5478.2,48.5955,1,2,0.8,0.0,0.30000000000000004,5,0.0,0,True,1746969357.277941,right,False
5554,1746969402.006514,170.585,-17.0228,-6.40672,0.492502,-0.240374,5641.83,5,47.302,2476.71,5479.26,48.5953,1,2,0.8,0.0,0.30000000000000004,5,0.0,0,True,1746969357.277941,right,False
5555,1746969402.0268958,170.446,-17.3975,-6.51506,0.502363,-0.245235,5640,5,47.324,2477.77,5480.33,48.595,1,2,0.8,0.0,0.30000000000000004,5,0.0,0,True,1746969357.277941,right,False
5556,1746969402.0507274,170.3,-17.7843,-6.62768,0.512395,-0.250156,5643.3,5,47.346,2478.84,5481.4,48.5948,1,2,0.8,0.0,0.30000000000000004,5,0.0,0,True,1746969357.277941,right,False
5557,1746969402.0704725,170.149,-18.175,-6.74161,0.522601,-0.255133,5649.25,5,47.368,2479.91,5482.47,48.5945,1,2,0.8,0.0,0.30000000000000004,5,0.0,0,True,1746969357.277941,right,False
5558,1746969402.0907958,169.998,-18.5637,-6.85638,0.532981,-0.260144,5648.05,5,47.39,2480.98,5483.54,48.5943,1,2,0.8,0.0,0.0,5,0.0,0,True,1746969357.277941,left,False
5559,1746969402.1140578,169.839,-18.9603,-6.97538,0.543538,-0.265197,5655.23,5,47.412,2482.04,5484.6,48.594,1,2,0.8,0.0,0.0,5,0.0,0,True,1746969357.277941,left,False
5560,1746969402.1370149,169.68,-19.3462,-7.09059,0.554273,-0.270263,5658.51,5,47.434,2483.11,5485.67,48.5938,1,2,0.8,0.0,0.0,5,0.0,0,True,1746969357.277941,left,False
5561,1746969402.1598825,169.514,-19.7352,-7.21053,0.565185,-0.275306,5668.44,5,47.456,2484.18,5486.74,48.5935,1,2,0.8,0.0,0.0,5,0.0,0,True,1746969357.277941,left,False
5562,1746969402.1814377,169.35,-20.1059,-7.32567,0.576277,-0.280312,5671.72,5,47.478,2485.24,5487.8,48.5933,1,2,0.8,0.0,0.0,5,0.0,0,True,1746969357.277941,left,False
5563,1746969402.203397,169.215,-20.4802,-7.44284,0.587546,-0.285202,5684.65,5,47.5,2486.31,5488.87,48.593,1,2,0.8,0.0,0.0,5,0.0,0,True,1746969357.277941,left,False
5564,1746969402.2232573,169.15,-20.8843,-7.56291,0.59897,-0.289589,5680.29,5,47.522,2487.37,5489.93,48.5928,1,2,0.8,0.0,0.0,5,0.0,0,True,1746969357.277941,left,False
5565,1746969402.2459207,169.137,-21.1379,-7.66833,0.610534,-0.293103,5638.7,5,47.544,2488.44,5491,48.5925,1,2,0.8,0.0,0.0,5,0.0,0,True,1746969357.277941,left,False
5566,1746969402.269193,169.14,-21.2414,-7.77726,0.622246,-0.295765,5600.05,5,47.566,2489.51,5492.06,48.5923,1,2,0.8,0.0,0.0,5,0.0,0,True,1746969357.277941,left,False
5567,1746969402.288994,169.169,-21.1977,-7.88045,0.634108,-0.297623,5548.68,5,47.588,2490.57,5493.13,48.592,1,2,0.8,0.0,0.0,5,0.0,0,True,1746969357.277941,left,False
5568,1746969402.314305,169.214,-21.0208,-7.98006,0.646123,-0.298713,5498.08,5,47.61,2491.64,5494.2,48.5918,1,2,0.8,0.0,0.0,5,0.0,0,True,1746969357.277941,left,False
5569,1746969402.3364582,169.264,-20.7252,-8.08221,0.658293,-0.299099,5462.15,5,47.632,2492.71,5495.27,48.5915,1,2,0.8,0.0,0.0,5,0.0,0,True,1746969357.277941,left,False
5570,1746969402.35653,169.331,-20.3113,-8.17671,0.670613,-0.298793,5424.47,5,47.654,2493.78,5496.33,48.5913,1,2,0.8,0.0,0.0,5,0.0,0,True,1746969357.277941,left,False
5571,1746969402.3777237,169.4,-19.7999,-8.27568,0.683083,-0.297859,5402.04,5,47.676,2494.84,5497.4,48.591,1,2,0.8,0.0,0.0,5,0.0,0,True,1746969357.277941,left,False
5572,1746969402.3988352,169.481,-19.1872,-8.36988,0.6957,-0.296288,5380.54,5,47.698,2495.91,5498.47,48.5907,1,2,0.8,0.0,0.0,5,0.0,0,True,1746969357.277941,left,False
5573,1746969402.4231005,169.57,-18.4858,-8.46375,0.708459,-0.294121,5366.06,5,47.72,2496.98,5499.54,48.5905,1,2,0.8,0.0,0.0,5,0.0,0,True,1746969357.277941,left,False
5574,1746969402.4470532,169.669,-17.6965,-8.55556,0.721355,-0.291368,5353.78,5,47.742,2498.05,5500.61,48.5902,1,2,0.8,0.0,0.0,5,0.0,0,True,1746969357.277941,left,False
5575,1746969402.4674945,169.776,-16.8426,-8.64704,0.734381,-0.288115,5342.08,5,47.764,2499.12,5501.68,48.59,1,2,0.8,0.0,0.0,5,0.0,0,True,1746969357.277941,left,False
5576,1746969402.4901938,169.888,-15.9242,-8.73421,0.74753,-0.284355,5335.37,5,47.786,2500.2,5502.75,48.5897,1,2,0.8,0.0,-0.1,5,0.0,0,True,1746969357.277941,left,False
5577,1746969402.511679,170.01,-14.9421,-8.81725,0.760792,-0.280096,5322.27,5,47.808,2501.27,5503.83,48.5895,1,2,0.8,0.0,-0.1,5,0.0,0,True,1746969357.277941,left,False
5578,1746969402.535787,170.135,-13.9098,-8.8969,0.774159,-0.275381,5315.35,5,47.83,2502.34,5504.9,48.5892,1,2,0.8,0.0,-0.1,5,0.0,0,True,1746969357.277941,left,False
5579,1746969402.5551805,170.271,-12.831,-8.96318,0.787621,-0.270271,5298.12,5,47.852,2503.42,5505.97,48.589,1,2,0.8,0.0,-0.1,5,0.0,0,True,1746969357.277941,left,False
5580,1746969402.5769756,170.403,-11.7379,-9.02897,0.801165,-0.264837,5289.08,5,47.874,2504.49,5507.05,48.5887,1,2,0.8,0.0,-0.1,5,0.0,0,True,1746969357.277941,left,False
5581,1746969402.5976005,170.556,-10.7639,-9.0759,0.814738,-0.258402,5266.15,5,47.896,2505.57,5508.12,48.5885,1,2,0.8,0.0,-0.1,5,0.0,0,True,1746969357.277941,left,False
5582,1746969402.622331,170.726,-9.54203,-9.09707,0.828246,-0.249683,5243.14,5,47.918,2506.64,5509.2,48.5882,1,2,0.8,0.0,-0.1,5,0.0,0,True,1746969357.277941,left,False
5583,1746969402.6423607,170.898,-8.02595,-9.0842,0.841652,-0.238774,5227.9,5,47.94,2507.72,5510.28,48.588,1,2,0.8,0.0,-0.1,5,0.0,0,True,1746969357.277941,left,False
5584,1746969402.6646125,171.062,-6.27074,-9.04743,0.854918,-0.225824,5221.09,5,47.962,2508.81,5511.36,48.5877,1,2,0.8,0.0,-0.1,5,0.0,0,True,1746969357.277941,left,False
5585,1746969402.6883218,171.211,-4.3213,-8.97132,0.867992,-0.210956,5217.35,5,47.984,2509.89,5512.45,48.5875,1,2,0.8,0.0,-0.1,5,0.0,0,True,1746969357.277941,left,False
5586,1746969402.7089565,171.336,-2.22318,-8.85046,0.880811,-0.194302,5215.65,5,48.006,2510.98,5513.53,48.5872,1,2,0.8,0.0,-0.1,5,0.0,0,True,1746969357.277941,left,False
5587,1746969402.730908,171.428,-0.0166442,-8.69234,0.893308,-0.176011,5214.89,5,48.028,2512.06,5514.62,48.587,1,2,0.8,0.0,-0.1,5,0.0,0,True,1746969357.277941,left,False
5588,1746969402.7519844,171.479,2.25742,-8.49285,0.905406,-0.156263,5213.72,5,48.05,2513.16,5515.71,48.5867,1,2,0.8,0.0,-0.1,5,0.0,0,True,1746969357.277941,left,False
5589,1746969402.7741003,171.481,4.56783,-8.24359,0.917028,-0.135225,5212.86,5,48.072,2514.25,5516.81,48.5865,1,2,0.8,0.0,-0.1,5,0.0,0,True,1746969357.277941,left,False
5590,1746969402.7958152,171.43,6.89131,-7.94455,0.928099,-0.113083,5212.73,5,48.094,2515.34,5517.9,48.5862,1,2,0.8,0.0,-0.1,5,0.0,0,True,1746969357.277941,left,False
5591,1746969402.8197742,171.323,9.19779,-7.58751,0.938544,-0.0900443,5211.69,5,48.116,2516.44,5519,48.586,1,2,0.8,0.0,-0.1,5,0.0,0,True,1746969357.277941,left,False
5592,1746969402.841185,171.156,11.478,-7.12576,0.948298,-0.0663026,5212.08,5,48.138,2517.54,5520.1,48.5857,1,2,0.8,0.0,-0.1,5,0.0,0,True,1746969357.277941,left,False
5593,1746969402.8629508,170.923,13.6519,-6.45047,0.957295,-0.0420864,5217.89,5,48.16,2518.65,5521.2,48.5855,1,2,0.8,0.0,-0.1,5,0.0,0,True,1746969357.277941,left,False
5594,1746969402.8833413,170.632,15.6364,-5.54961,0.965446,-0.0177596,5233.68,5,48.182,2519.75,5522.31,48.5852,1,2,0.8,0.0,-0.1,5,0.0,0,True,1746969357.277941,left,False
5595,1746969402.9076664,170.273,17.9064,0.0272351,0.972752,0.00606793,5302.11,5,48.204,2520.85,5523.41,48.585,9,2,0.8,0.0,-0.1,5,0.0,0,True,1746969357.277941,left,False
5596,1746969402.9274893,169.848,20.4398,0.2074,0.979447,0.0292694,5398.61,5,48.226,2521.95,5524.5,48.5847,9,2,0.8,0.0,-0.1,5,0.0,0,True,1746969357.277941,left,False
5597,1746969402.9516969,169.376,22.9607,0.328647,0.985569,0.0523402,5494.78,5,48.248,2523.04,5525.6,48.5845,9,2,0.8,0.0,0.0,5,0.0,0,True,1746969357.277941,right,False
5598,1746969402.9713604,168.868,25.4681,0.322481,0.991136,0.0749456,5591.98,5,48.27,2524.14,5526.69,48.5842,9,2,0.8,0.0,0.0,5,0.0,0,True,1746969357.277941,right,False
5599,1746969402.9938583,168.333,27.9278,0.195509,0.996181,0.0968301,5689.23,5,48.292,2525.23,5527.79,48.584,9,2,0.8,0.0,0.0,5,0.0,0,True,1746969357.277941,right,False
5600,1746969403.017361,167.786,30.313,-0.0722852,1.00075,0.117634,5790.11,5,48.314,2526.32,5528.88,48.5837,9,2,0.8,0.0,0.0,5,0.0,0,True,1746969357.277941,right,False
5601,1746969403.0390642,167.279,32.2837,-0.359227,1.00485,0.136157,5894.61,5,48.336,2527.42,5529.98,48.5834,9,2,0.8,0.0,0.0,5,0.0,0,True,1746969357.277941,right,False
5602,1746969403.0612428,166.847,33.7543,-0.676512,1.00847,0.151427,6006.89,5,48.358,2528.51,5531.07,48.5832,9,2,0.8,0.0,0.0,5,0.0,0,True,1746969357.277941,right,False
5603,1746969403.0816908,166.521,34.5903,-1.01558,1.01164,0.162722,6127.25,5,48.38,2529.61,5532.17,48.5829,9,2,0.8,0.0,0.0,5,0.0,0,True,1746969357.277941,right,False
5604,1746969403.1040301,166.334,34.6887,-1.33912,1.01435,0.169766,6243.38,5,48.402,2530.7,5533.26,48.5827,9,2,0.8,0.0,0.0,5,0.0,0,True,1746969357.277941,right,False
5605,1746969403.1264527,166.349,34.015,-1.61169,1.01659,0.172464,6278.73,5,48.424,2531.79,5534.35,48.5824,9,2,0.8,0.0,0.0,5,0.0,0,True,1746969357.277941,right,False
5606,1746969403.148332,166.706,32.4079,-1.70029,1.01829,0.170822,6082.45,5,48.446,2532.89,5535.45,48.5822,9,2,0.8,0.0,0.0,5,0.0,0,True,1746969357.277941,right,False
5607,1746969403.169501,167.026,30.0417,-1.67557,1.01938,0.16582,6053.51,5,48.468,2533.98,5536.54,48.5819,9,2,0.8,0.0,0.0,5,0.0,0,True,1746969357.277941,right,False
5608,1746969403.1932843,167.299,27.2008,-1.55993,1.0198,0.158558,6130.8,5,48.49,2535.07,5537.63,48.5817,9,2,0.8,0.0,0.0,5,0.0,0,True,1746969357.277941,right,False
5609,1746969403.2153182,167.617,24.0482,-1.35516,1.01955,0.149638,6156.72,5,48.512,2536.16,5538.72,48.5814,9,2,0.8,0.0,0.0,5,0.0,0,True,1746969357.277941,right,False
5610,1746969403.2362483,168.151,20.7735,-1.02678,1.01861,0.140159,5893.51,5,48.534,2537.25,5539.81,48.5812,9,2,0.8,0.0,0.0,5,0.0,0,True,1746969357.277941,right,False
5611,1746969403.2589736,168.72,17.566,-0.660395,1.01697,0.130814,5544.05,5,48.556,2538.34,5540.9,48.5809,9,2,0.8,0.0,0.0,5,0.0,0,True,1746969357.277941,right,False
5612,1746969403.2791178,169.177,14.5043,-0.260336,1.01467,0.122162,5276.46,5,48.578,2539.44,5542,48.5807,9,2,0.8,0.0,0.0,5,0.0,0,True,1746969357.277941,right,False
5613,1746969403.3031235,169.442,11.6998,0.176425,1.01174,0.114649,5184.9,5,48.6,2540.53,5543.09,48.5804,9,2,0.8,0.0,0.0,5,0.0,0,True,1746969357.277941,right,False
5614,1746969403.3239486,169.605,9.25492,0.634012,1.00821,0.108527,5165.87,5,48.622,2541.62,5544.18,48.5802,9,2,0.8,0.0,0.0,5,0.0,0,True,1746969357.277941,right,False
5615,1746969403.3465242,169.723,7.20074,1.10659,1.00414,0.103862,5162.83,5,48.644,2542.71,5545.27,48.5799,9,2,0.8,0.0,0.0,5,0.0,0,True,1746969357.277941,right,False
5616,1746969403.3676198,169.814,5.50989,1.53514,0.999605,0.100459,5163.97,5,48.666,2543.8,5546.36,48.5797,9,2,0.8,0.0,0.0,5,0.0,0,True,1746969357.277941,right,False
5617,1746969403.3910825,169.889,4.15045,1.90244,0.994655,0.0980856,5166.74,5,48.688,2544.89,5547.45,48.5794,9,2,0.8,0.0,0.0,5,0.0,0,True,1746969357.277941,right,False
5618,1746969403.4143264,169.953,3.06355,2.21111,0.989351,0.0965592,5170.65,5,48.71,2545.98,5548.54,48.5792,9,2,0.8,0.0,0.0,5,0.0,0,True,1746969357.277941,right,False
5619,1746969403.4342232,170.01,2.20027,2.46512,0.983738,0.0957338,5174.37,5,48.732,2547.07,5549.63,48.5789,9,2,0.8,0.0,0.0,5,0.0,0,True,1746969357.277941,right,False
5620,1746969403.4567719,170.063,1.52086,2.66353,0.97785,0.095493,5179.35,5,48.754,2548.16,5550.72,48.5787,9,2,0.8,0.0,0.0,5,0.0,0,True,1746969357.277941,right,False
5621,1746969403.4774055,170.111,0.990791,2.81826,0.971722,0.0957333,5185.73,5,48.776,2549.25,5551.81,48.5784,9,2,0.8,0.0,0.0,5,0.0,0,True,1746969357.277941,right,False
5622,1746969403.4996884,170.155,0.584167,2.91065,0.965375,0.0963713,5194.04,5,48.798,2550.34,5552.9,48.5782,9,2,0.8,0.0,0.0,5,0.0,0,True,1746969357.277941,right,False
5623,1746969403.5212388,170.198,0.277552,2.96815,0.958832,0.0973441,5204.06,5,48.82,2551.42,5553.98,48.5779,9,2,0.8,0.0,0.0,5,0.0,0,True,1746969357.277941,right,False
5624,1746969403.5438712,170.268,0.0536322,3.18953,0.9521,0.0986883,5174.64,5,48.842,2552.51,5555.07,48.5777,9,2,0.8,0.0,0.0,5,0.0,0,True,1746969357.277941,right,False
5625,1746969403.5653355,170.311,-0.0880014,3.42306,0.94519,0.100366,5174.41,5,48.864,2553.6,5556.16,48.5774,9,2,0.8,0.0,0.0,5,0.0,0,True,1746969357.277941,right,False
5626,1746969403.5898464,170.347,-0.161581,3.65796,0.93811,0.102327,5178.29,5,48.886,2554.69,5557.24,48.5772,9,2,0.8,0.0,0.0,5,0.0,0,True,1746969357.277941,right,False
5627,1746969403.6100988,170.377,-0.185109,4.04424,0.93087,0.104527,5184.71,5,48.908,2555.77,5558.33,48.5769,9,2,0.8,0.0,0.0,5,0.0,0,True,1746969357.277941,right,False
5628,1746969403.6315622,170.409,-0.171509,4.42304,0.923468,0.10693,5189.32,5,48.93,2556.86,5559.42,48.5766,9,2,0.8,0.0,0.0,5,0.0,0,True,1746969357.277941,right,False
5629,1746969403.65585,170.442,-0.129537,4.77818,0.915904,0.109508,5192.95,5,48.952,2557.94,5560.5,48.5764,9,2,0.8,0.0,0.0,5,0.0,0,True,1746969357.277941,right,False
5630,1746969403.6757486,170.474,-0.0657877,5.1057,0.908179,0.112236,5195.28,5,48.974,2559.03,5561.59,48.5761,9,2,0.8,0.0,0.0,5,0.0,0,True,1746969357.277941,right,False
5631,1746969403.697452,170.507,0.0137582,5.39766,0.900291,0.115089,5196.82,5,48.996,2560.11,5562.67,48.5759,9,2,0.8,0.0,0.0,5,0.0,0,True,1746969357.277941,right,False
5632,1746969403.7205076,170.54,0.104781,5.64553,0.892236,0.118046,5197.88,5,49.018,2561.19,5563.75,48.5756,9,2,0.8,0.0,0.0,5,0.0,0,True,1746969357.277941,right,False
5633,1746969403.7415028,170.571,0.204098,5.84453,0.884009,0.121093,5200.75,5,49.04,2562.28,5564.84,48.5754,9,2,0.8,0.0,0.0,5,0.0,0,True,1746969357.277941,right,False
5634,1746969403.765514,170.602,0.308086,6.01495,0.87561,0.124211,5202.86,5,49.062,2563.36,5565.92,48.5751,9,2,0.8,0.0,0.0,5,0.0,0,True,1746969357.277941,right,False
5635,1746969403.7862601,170.632,0.414344,6.14371,0.867037,0.127388,5206.31,5,49.084,2564.44,5567,48.5749,9,2,0.8,0.0,0.0,5,0.0,0,True,1746969357.277941,right,False
5636,1746969403.8077207,170.662,0.520394,6.24889,0.85828,0.13061,5208.42,5,49.106,2565.52,5568.08,48.5746,9,2,0.8,0.0,0.0,5,0.0,0,True,1746969357.277941,right,False
5637,1746969403.8322392,170.691,0.624072,6.3309,0.849347,0.133863,5210.56,5,49.128,2566.6,5569.16,48.5744,9,2,0.8,0.0,0.0,5,0.0,0,True,1746969357.277941,right,False
5638,1746969403.852623,170.721,0.723723,6.39948,0.840224,0.137137,5211.54,5,49.15,2567.68,5570.24,48.5741,9,2,0.8,0.0,0.0,5,0.0,0,True,1746969357.277941,right,False
5639,1746969403.873042,170.75,0.818135,6.4679,0.830914,0.140427,5211.35,5,49.172,2568.76,5571.32,48.5739,9,2,0.8,0.0,0.0,5,0.0,0,True,1746969357.277941,right,False
5640,1746969403.896526,170.78,0.907073,6.53641,0.821413,0.14373,5210.34,5,49.194,2569.84,5572.4,48.5736,9,2,0.8,0.0,0.0,5,0.0,0,True,1746969357.277941,right,False
5641,1746969403.9201229,170.808,0.990768,6.60697,0.811715,0.147041,5210.38,5,49.216,2570.92,5573.48,48.5734,9,2,0.8,0.0,0.1,5,0.0,0,True,1746969357.277941,right,False
5642,1746969403.9398396,170.837,1.06814,6.68928,0.801819,0.15036,5208.52,5,49.238,2572,5574.55,48.5731,9,2,0.8,0.0,0.1,5,0.0,0,True,1746969357.277941,right,False
5643,1746969403.9646952,170.864,1.1405,6.77181,0.791724,0.153685,5208.94,5,49.26,2573.07,5575.63,48.5729,9,2,0.8,0.0,0.1,5,0.0,0,True,1746969357.277941,right,False
5644,1746969403.9874308,170.891,1.20845,6.87046,0.781425,0.157019,5208.37,5,49.282,2574.15,5576.71,48.5726,9,2,0.8,0.0,0.1,5,0.0,0,True,1746969357.277941,right,False
5645,1746969404.006899,170.916,1.27171,6.96608,0.770921,0.16036,5208.88,5,49.304,2575.22,5577.78,48.5724,9,2,0.8,0.0,0.1,5,0.0,0,True,1746969357.277941,right,False
5646,1746969404.0270996,170.926,1.50944,7.07422,0.760268,0.162726,5210.04,5,49.326,2576.29,5578.85,48.5721,9,2,0.8,0.0,0.1,5,0.0,0,True,1746969357.277941,right,False
5647,1746969404.0510185,170.932,1.39398,7.16129,0.749563,0.162568,5214.81,5,49.348,2577.37,5579.93,48.5719,9,2,0.8,0.0,0.1,5,0.0,0,True,1746969357.277941,right,False
5648,1746969404.072953,170.942,0.914099,7.23545,0.738806,0.160192,5217.61,5,49.37,2578.44,5581,48.5716,9,2,0.8,0.0,0.1,5,0.0,0,True,1746969357.277941,right,False
5649,1746969404.094759,170.949,0.150633,7.29561,0.728019,0.155961,5221.14,5,49.392,2579.51,5582.07,48.5714,9,2,0.8,0.0,0.1,5,0.0,0,True,1746969357.277941,right,False
5650,1746969404.1161242,170.95,-0.822308,7.33049,0.717214,0.150228,5226.38,5,49.414,2580.58,5583.14,48.5711,9,2,0.8,0.0,0.1,5,0.0,0,True,1746969357.277941,right,False
5651,1746969404.1388757,170.939,-1.93597,7.35407,0.706417,0.143334,5231.93,5,49.436,2581.65,5584.21,48.5709,9,2,0.8,0.0,0.1,5,0.0,0,True,1746969357.277941,right,False
5652,1746969404.1592145,170.914,-3.14205,7.3427,0.695652,0.13559,5240.03,5,49.458,2582.72,5585.28,48.5706,9,2,0.8,0.0,0.1,5,0.0,0,True,1746969357.277941,right,False
5653,1746969404.1826751,170.873,-4.39168,7.3127,0.684945,0.127276,5249.23,5,49.48,2583.79,5586.35,48.5704,9,2,0.8,0.0,0.1,5,0.0,0,True,1746969357.277941,right,False
5654,1746969404.203439,170.815,-5.65129,7.27205,0.674316,0.118612,5259.98,5,49.502,2584.86,5587.42,48.5701,9,2,0.8,0.0,0.1,5,0.0,0,True,1746969357.277941,right,False
5655,1746969404.227264,170.739,-6.90175,7.20211,0.663784,0.109794,5274.73,5,49.524,2585.93,5588.49,48.5699,9,2,0.8,0.0,0.1,5,0.0,0,True,1746969357.277941,right,False
5656,1746969404.2490532,170.649,-8.12044,7.11606,0.653367,0.100941,5289.22,5,49.546,2586.99,5589.55,48.5696,9,2,0.8,0.0,0.1,5,0.0,0,True,1746969357.277941,right,False
5657,1746969404.26913,170.543,-9.29694,7.0179,0.643075,0.0921509,5307.63,5,49.568,2588.06,5590.62,48.5693,9,2,0.8,0.0,0.1,5,0.0,0,True,1746969357.277941,right,False
5658,1746969404.2940633,170.428,-10.4345,6.90181,0.632918,0.0834615,5322.52,5,49.59,2589.13,5591.69,48.5691,9,2,0.8,0.0,0.1,5,0.0,0,True,1746969357.277941,right,False
5659,1746969404.3148081,170.302,-11.523,6.78268,0.622915,0.0748703,5335.39,5,49.612,2590.19,5592.75,48.5688,9,2,0.8,0.0,0.1,5,0.0,0,True,1746969357.277941,right,False
5660,1746969404.3351285,170.168,-12.5735,6.65007,0.613066,0.0663764,5346.86,5,49.634,2591.26,5593.82,48.5686,9,2,0.8,0.0,0.1,5,0.0,0,True,1746969357.277941,right,False
5661,1746969404.3571625,170.027,-13.5835,6.52379,0.603385,0.0579788,5354.76,5,49.656,2592.32,5594.88,48.5683,9,2,0.8,0.0,0.1,5,0.0,0,True,1746969357.277941,right,False
5662,1746969404.3795497,169.878,-14.5548,6.38468,0.593878,0.0496899,5361.12,5,49.678,2593.39,5595.95,48.5681,9,2,0.8,0.0,0.1,5,0.0,0,True,1746969357.277941,right,False
5663,1746969404.404583,169.72,-15.5011,6.23765,0.584558,0.0414841,5367.79,5,49.7,2594.45,5597.01,48.5678,9,2,0.8,0.0,0.1,5,0.0,0,True,1746969357.277941,right,False
5664,1746969404.4249032,169.557,-16.4136,6.08984,0.575419,0.0333559,5371.79,5,49.722,2595.51,5598.07,48.5676,9,2,0.8,0.0,0.1,5,0.0,0,True,1746969357.277941,right,False
5665,1746969404.4454517,169.384,-17.2913,5.94868,0.566482,0.0253283,5378.49,5,49.744,2596.58,5599.14,48.5673,9,2,0.8,0.0,0.1,5,0.0,0,True,1746969357.277941,right,False
5666,1746969404.4692104,169.205,-18.1338,5.80301,0.557741,0.0174305,5382.91,5,49.766,2597.64,5600.2,48.5671,9,2,0.8,0.0,0.1,5,0.0,0,True,1746969357.277941,right,False
5667,1746969404.4907067,169.022,-18.9408,5.65127,0.549207,0.00966042,5389.33,5,49.788,2598.7,5601.26,48.5668,9,2,0.8,0.0,0.1,5,0.0,0,True,1746969357.277941,right,False
5668,1746969404.514893,168.831,-19.7122,5.50612,0.540879,0.00203532,5397.48,5,49.81,2599.76,5602.32,48.5666,9,2,0.8,0.0,0.1,5,0.0,0,True,1746969357.277941,right,False
5669,1746969404.5357966,168.634,-20.4471,5.35232,0.532766,-0.00538475,5409.78,5,49.832,2600.82,5603.38,48.5663,9,2,0.8,0.0,0.1,5,0.0,0,True,1746969357.277941,right,False
5670,1746969404.5569997,168.436,-21.1388,5.18949,0.524864,-0.0125678,5422.8,5,49.854,2601.88,5604.44,48.5661,9,2,0.8,0.0,0.1,5,0.0,0,True,1746969357.277941,right,False
5671,1746969404.5774956,168.241,-21.7711,5.04076,0.517179,-0.0195258,5431.11,5,49.876,2602.94,5605.49,48.5658,9,2,0.8,0.0,0.1,5,0.0,0,True,1746969357.277941,right,False
5672,1746969404.6016557,168.044,-22.3589,4.8848,0.509717,-0.0262492,5441.2,5,49.898,2603.99,5606.55,48.5656,9,2,0.8,0.0,0.1,5,0.0,0,True,1746969357.277941,right,False
5673,1746969404.623208,167.846,-22.9008,4.72934,0.502478,-0.0327118,5456.04,5,49.92,2605.05,5607.61,48.5653,9,2,0.8,0.0,0.1,5,0.0,0,True,1746969357.277941,right,False
5674,1746969404.6439457,167.651,-23.3842,4.57224,0.495465,-0.0388821,5469.16,5,49.942,2606.11,5608.66,48.5651,9,2,0.8,0.0,0.1,5,0.0,0,True,1746969357.277941,right,False
5675,1746969404.6653025,167.458,-23.8072,4.41763,0.488676,-0.0447214,5486.39,5,49.964,2607.16,5609.72,48.5648,9,2,0.8,0.0,0.1,5,0.0,0,True,1746969357.277941,right,False
5676,1746969404.6899414,167.272,-24.166,4.26925,0.482111,-0.0502055,5500.54,5,49.986,2608.21,5610.77,48.5646,9,2,0.8,0.0,0.1,5,0.0,0,True,1746969357.277941,right,False
5677,1746969404.7105882,167.09,-24.4566,4.11149,0.475781,-0.0552972,5523.16,5,50.008,2609.27,5611.83,48.5643,9,2,0.8,0.0,0.1,5,0.0,0,True,1746969357.277941,right,False
5678,1746969404.7337189,166.921,-24.6714,3.96063,0.469678,-0.0599864,5536.84,5,50.03,2610.32,5612.88,48.5641,9,2,0.8,0.0,0.1,5,0.0,0,True,1746969357.277941,right,False
5679,1746969404.7542212,166.761,-24.8195,3.79953,0.463808,-0.0642541,5552.24,5,50.052,2611.37,5613.93,48.5638,9,2,0.8,0.0,0.1,5,0.0,0,True,1746969357.277941,right,False
5680,1746969404.7778869,166.611,-24.9014,3.64084,0.458171,-0.068138,5569.75,5,50.074,2612.42,5614.98,48.5636,9,2,0.8,0.0,0.1,5,0.0,0,True,1746969357.277941,right,False
5681,1746969404.797023,166.473,-24.9133,3.48679,0.452763,-0.071617,5582.1,5,50.096,2613.47,5616.03,48.5633,9,2,0.8,0.0,0.1,5,0.0,0,True,1746969357.277941,right,False
5682,1746969404.8215377,166.347,-24.8448,3.33584,0.447589,-0.0746668,5594.51,5,50.118,2614.52,5617.08,48.5631,9,2,0.8,0.0,0.1,5,0.0,0,True,1746969357.277941,right,False
5683,1746969404.8418846,166.232,-24.7181,3.17501,0.442645,-0.0772994,5608.04,5,50.14,2615.57,5618.13,48.5628,9,2,0.8,0.0,0.1,5,0.0,0,True,1746969357.277941,right,False
5684,1746969404.8645356,166.139,-24.5115,3.02885,0.437939,-0.0795429,5606.53,5,50.162,2616.62,5619.17,48.5625,9,2,0.8,0.0,0.1,5,0.0,0,True,1746969357.277941,right,False
5685,1746969404.8875115,166.055,-24.2457,2.8738,0.433464,-0.0813711,5610.25,5,50.184,2617.66,5620.22,48.5623,9,2,0.8,0.0,0.1,5,0.0,0,True,1746969357.277941,right,False
5686,1746969404.9073584,165.976,-23.9115,2.72102,0.429222,-0.0827811,5622.62,5,50.206,2618.71,5621.27,48.562,9,2,0.8,0.0,0.1,5,0.0,0,True,1746969357.277941,right,False
5687,1746969404.9301765,165.925,-23.5101,2.56833,0.425214,-0.0837854,5614.45,5,50.228,2619.75,5622.31,48.5618,9,2,0.8,0.0,0.1,5,0.0,0,True,1746969357.277941,right,False
5688,1746969404.9531803,165.871,-23.0563,2.41423,0.421436,-0.0844248,5622.14,5,50.25,2620.8,5623.35,48.5615,9,2,0.8,0.0,0.1,5,0.0,0,True,1746969357.277941,right,False
5689,1746969404.9765441,165.829,-22.5431,2.26262,0.417883,-0.0846899,5628.5,5,50.272,2621.84,5624.4,48.5613,9,2,0.8,0.0,0.1,5,0.0,0,True,1746969357.277941,right,False
5690,1746969404.9981263,165.814,-21.9696,2.11711,0.414563,-0.0846222,5613.17,5,50.294,2622.88,5625.44,48.561,9,2,0.8,0.0,0.1,5,0.0,0,True,1746969357.277941,right,False
5691,1746969405.0197816,165.8,-21.361,1.9652,0.411466,-0.0842555,5607.35,5,50.316,2623.93,5626.48,48.5608,9,2,0.8,0.0,0.1,5,0.0,0,True,1746969357.277941,right,False
5692,1746969405.041379,165.798,-20.7095,1.81969,0.408594,-0.0836199,5595.52,5,50.338,2624.97,5627.53,48.5605,9,2,0.8,0.0,0.1,5,0.0,0,True,1746969357.277941,right,False
5693,1746969405.06099,165.805,-20.0283,1.67119,0.405941,-0.0827478,5582.24,5,50.36,2626.01,5628.57,48.5603,9,2,0.8,0.0,0.1,5,0.0,0,True,1746969357.277941,right,False
5694,1746969405.085749,165.815,-19.3224,1.51987,0.403503,-0.0816477,5571.28,5,50.382,2627.05,5629.61,48.56,9,2,0.8,0.0,0.1,5,0.0,0,True,1746969357.277941,right,False
5695,1746969405.1078336,165.836,-18.5817,1.37133,0.401284,-0.0803331,5555.62,5,50.404,2628.09,5630.65,48.5598,9,2,0.8,0.0,0.1,5,0.0,0,True,1746969357.277941,right,False
5696,1746969405.1292982,165.866,-17.8177,1.23371,0.399272,-0.078832,5532.29,5,50.426,2629.13,5631.69,48.5595,9,2,0.8,0.0,0.1,5,0.0,0,True,1746969357.277941,right,False
5697,1746969405.1505537,165.897,-17.0384,1.09215,0.397467,-0.0771511,5514.76,5,50.448,2630.17,5632.73,48.5593,9,2,0.8,0.0,0.1,5,0.0,0,True,1746969357.277941,right,False
5698,1746969405.174182,165.937,-16.2449,0.954025,0.395864,-0.0753315,5490.64,5,50.47,2631.21,5633.77,48.559,9,2,0.8,0.0,0.1,5,0.0,0,True,1746969357.277941,right,False
5699,1746969405.1945136,165.976,-15.4449,0.813592,0.394462,-0.0733922,5471.72,5,50.492,2632.25,5634.81,48.5588,9,2,0.8,0.0,0.1,5,0.0,0,True,1746969357.277941,right,False
5700,1746969405.2147527,166.022,-14.6381,0.686764,0.39325,-0.0713647,5449.32,5,50.514,2633.29,5635.84,48.5585,9,2,0.8,0.0,0.1,5,0.0,0,True,1746969357.277941,right,False
5701,1746969405.2405028,166.07,-13.8352,0.561534,0.39223,-0.0692871,5422.69,5,50.536,2634.33,5636.88,48.5583,9,2,0.8,0.0,0.1,5,0.0,0,True,1746969357.277941,right,False
5702,1746969405.2607713,166.122,-13.0479,0.434042,0.391392,-0.0672143,5393.31,5,50.558,2635.36,5637.92,48.558,9,2,0.8,0.0,0.1,5,0.0,0,True,1746969357.277941,right,False
5703,1746969405.280987,166.171,-12.2867,0.312273,0.390731,-0.0651968,5369.44,5,50.58,2636.4,5638.96,48.5578,9,2,0.8,0.0,0.1,5,0.0,0,True,1746969357.277941,right,False
5704,1746969405.3065822,166.222,-11.5485,0.196457,0.39024,-0.063278,5342.26,5,50.602,2637.44,5640,48.5575,9,2,0.8,0.0,0.1,5,0.0,0,True,1746969357.277941,right,False
5705,1746969405.326909,166.271,-10.8529,0.0854489,0.389917,-0.0615194,5317.49,5,50.624,2638.48,5641.04,48.5573,9,2,0.8,0.0,0.1,5,0.0,0,True,1746969357.277941,right,False
5706,1746969405.3481162,166.318,-10.2099,-0.0194707,0.389754,-0.059985,5293.41,5,50.646,2639.52,5642.08,48.557,9,2,0.8,0.0,0.1,5,0.0,0,True,1746969357.277941,right,False
5707,1746969405.3724742,166.363,-9.62559,-0.120924,0.389746,-0.0587271,5270.53,5,50.668,2640.56,5643.12,48.5568,9,2,0.8,0.0,0.1,5,0.0,0,True,1746969357.277941,right,False
5708,1746969405.391143,166.404,-9.10815,-0.22134,0.389886,-0.0577996,5249.16,5,50.69,2641.6,5644.15,48.5565,9,2,0.8,0.0,0.1,5,0.0,0,True,1746969357.277941,right,False
5709,1746969405.41719,166.44,-8.66702,-0.317495,0.390169,-0.0572603,5230.74,5,50.712,2642.63,5645.19,48.5563,9,2,0.8,0.0,0.1,5,0.0,0,True,1746969357.277941,right,False
5710,1746969405.4375713,166.471,-8.30466,-0.40916,0.390592,-0.0571507,5217.42,5,50.734,2643.67,5646.23,48.556,9,2,0.8,0.0,0.1,5,0.0,0,True,1746969357.277941,right,False
5711,1746969405.457763,166.498,-8.02445,-0.497708,0.391152,-0.057493,5205.2,5,50.756,2644.71,5647.27,48.5558,9,2,0.8,0.0,0.1,5,0.0,0,True,1746969357.277941,right,False
5712,1746969405.4791784,166.521,-7.82036,-0.576469,0.391844,-0.0582855,5194.88,5,50.778,2645.75,5648.31,48.5555,9,2,0.8,0.0,0.1,5,0.0,0,True,1746969357.277941,right,False
5713,1746969405.5056212,166.539,-7.69782,-0.653534,0.392672,-0.0595334,5187.34,5,50.8,2646.79,5649.35,48.5552,9,2,0.8,0.0,0.1,5,0.0,0,True,1746969357.277941,right,False
5714,1746969405.5231414,166.555,-7.65049,-0.734048,0.393632,-0.061251,5178.84,5,50.822,2647.83,5650.39,48.555,9,2,0.8,0.0,0.1,5,0.0,0,True,1746969357.277941,right,False
5715,1746969405.5458093,166.566,-7.6747,-0.81286,0.394725,-0.0634173,5173.86,5,50.844,2648.87,5651.43,48.5547,9,2,0.8,0.0,0.1,5,0.0,0,True,1746969357.277941,right,False
5716,1746969405.5671341,166.57,-7.76883,-0.8884,0.395953,-0.0660046,5173.98,5,50.866,2649.91,5652.47,48.5545,9,2,0.8,0.0,0.1,5,0.0,0,True,1746969357.277941,right,False
5717,1746969405.590587,166.573,-7.91751,-0.962142,0.397319,-0.0689853,5169.44,5,50.888,2650.95,5653.51,48.5542,9,2,0.8,0.0,0.1,5,0.0,0,True,1746969357.277941,right,False
5718,1746969405.6138055,166.569,-8.13081,-1.04555,0.398824,-0.072358,5168.71,5,50.91,2651.99,5654.54,48.554,9,2,0.8,0.0,0.1,5,0.0,0,True,1746969357.277941,right,False
5719,1746969405.6342354,166.561,-8.39132,-1.13054,0.400472,-0.0760778,5170.78,5,50.932,2653.03,5655.58,48.5537,9,2,0.8,0.0,0.1,5,0.0,0,True,1746969357.277941,right,False
5720,1746969405.6557198,166.55,-8.69622,-1.21025,0.402268,-0.0801271,5170.51,5,50.954,2654.07,5656.62,48.5535,9,2,0.8,0.0,0.1,5,0.0,0,True,1746969357.277941,right,False
5721,1746969405.679928,166.532,-9.03944,-1.29883,0.404213,-0.0844601,5172.7,5,50.976,2655.11,5657.66,48.5532,9,2,0.8,0.0,0.1,5,0.0,0,True,1746969357.277941,right,False
5722,1746969405.7015321,166.511,-9.41548,-1.39356,0.406313,-0.0890392,5173.93,5,50.998,2656.15,5658.7,48.553,9,2,0.8,0.0,0.1,5,0.0,0,True,1746969357.277941,right,False
5723,1746969405.7226226,166.483,-9.81997,-1.49532,0.408571,-0.0938338,5178.46,5,51.02,2657.19,5659.74,48.5527,9,2,0.8,0.0,0.1,5,0.0,0,True,1746969357.277941,right,False
5724,1746969405.7430704,166.449,-10.2492,-1.59302,0.41099,-0.0988291,5184.15,5,51.042,2658.23,5660.78,48.5525,9,2,0.8,0.0,0.1,5,0.0,0,True,1746969357.277941,right,False
5725,1746969405.7674503,166.411,-10.6904,-1.69802,0.413578,-0.103975,5189.78,5,51.064,2659.27,5661.82,48.5522,9,2,0.8,0.0,0.1,5,0.0,0,True,1746969357.277941,right,False
5726,1746969405.7900486,166.371,-11.1381,-1.8035,0.416335,-0.109242,5192.45,5,51.086,2660.31,5662.86,48.552,9,2,0.8,0.0,0.1,5,0.0,0,True,1746969357.277941,right,False
5727,1746969405.810497,166.321,-11.6027,-1.91584,0.419263,-0.114604,5202.78,5,51.108,2661.34,5663.9,48.5517,9,2,0.8,0.0,0.1,5,0.0,0,True,1746969357.277941,right,False
5728,1746969405.8327405,166.272,-12.0631,-2.03601,0.422371,-0.120017,5207.31,5,51.13,2662.38,5664.94,48.5515,9,2,0.8,0.0,0.1,5,0.0,0,True,1746969357.277941,right,False
5729,1746969405.855485,166.217,-12.5221,-2.15473,0.425655,-0.125456,5215.39,5,51.152,2663.42,5665.98,48.5512,9,2,0.8,0.0,0.1,5,0.0,0,True,1746969357.277941,right,False
5730,1746969405.8756511,166.163,-12.9607,-2.26635,0.429128,-0.130903,5217.96,5,51.174,2664.46,5667.02,48.551,9,2,0.8,0.0,0.1,5,0.0,0,True,1746969357.277941,right,False
5731,1746969405.8975143,166.103,-13.4024,-2.39504,0.432786,-0.136337,5224.67,5,51.196,2665.5,5668.06,48.5507,9,2,0.8,0.0,0.0,5,0.0,0,True,1746969357.277941,left,False
5732,1746969405.921649,166.042,-13.8272,-2.51454,0.436637,-0.141766,5229.19,5,51.218,2666.54,5669.1,48.5505,9,2,0.8,0.0,0.0,5,0.0,0,True,1746969357.277941,left,False
5733,1746969405.9424808,165.975,-14.2443,-2.64644,0.440678,-0.147134,5238.65,5,51.24,2667.58,5670.14,48.5502,9,2,0.8,0.0,0.0,5,0.0,0,True,1746969357.277941,left,False
5734,1746969405.9640965,165.912,-14.6397,-2.77351,0.444916,-0.152464,5241.02,5,51.262,2668.62,5671.18,48.55,9,2,0.8,0.0,0.0,5,0.0,0,True,1746969357.277941,left,False
5735,1746969405.9859393,165.842,-15.0269,-2.90739,0.449349,-0.157725,5249.36,5,51.284,2669.66,5672.22,48.5497,9,2,0.8,0.0,0.0,5,0.0,0,True,1746969357.277941,left,False
5736,1746969406.0094938,165.805,-15.4436,-3.03707,0.453969,-0.162653,5248.37,5,51.306,2670.7,5673.26,48.5495,9,2,0.8,0.0,0.0,5,0.0,0,True,1746969357.277941,left,False
5737,1746969406.0315683,165.792,-15.7468,-3.16812,0.458746,-0.166749,5236.31,5,51.328,2671.74,5674.29,48.5492,9,2,0.8,0.0,0.0,5,0.0,0,True,1746969357.277941,left,False
5738,1746969406.0523317,165.795,-15.9026,-3.28868,0.463688,-0.170086,5217.09,5,51.35,2672.78,5675.33,48.549,9,2,0.8,0.0,0.0,5,0.0,0,True,1746969357.277941,left,False
5739,1746969406.0741887,165.805,-15.9477,-3.41666,0.468797,-0.172749,5201.44,5,51.372,2673.81,5676.37,48.5487,9,2,0.8,0.0,0.0,5,0.0,0,True,1746969357.277941,left,False
5740,1746969406.097742,165.823,-15.8828,-3.544,0.474076,-0.174796,5191.08,5,51.394,2674.85,5677.41,48.5485,9,2,0.8,0.0,-0.1,5,0.0,0,True,1746969357.277941,left,False
5741,1746969406.1202703,165.85,-15.7192,-3.65414,0.479525,-0.176287,5178.88,5,51.416,2675.89,5678.45,48.5482,9,2,0.8,0.0,-0.1,5,0.0,0,True,1746969357.277941,left,False
5742,1746969406.13947,165.883,-15.4786,-3.77803,0.485142,-0.177249,5173.87,5,51.438,2676.93,5679.49,48.5479,9,2,0.8,0.0,-0.1,5,0.0,0,True,1746969357.277941,left,False
5743,1746969406.164068,165.918,-15.1618,-3.91017,0.490941,-0.178909,5178.59,5,51.46,2677.96,5680.52,48.5477,9,2,0.8,0.0,-0.1,5,0.0,0,True,1746969357.277941,left,False
5744,1746969406.1852322,165.958,-14.7647,-4.05602,0.497079,-0.182132,5187.99,5,51.482,2678.98,5681.54,48.5474,9,2,0.8,0.0,-0.1,5,0.0,0,True,1746969357.277941,left,False
5745,1746969406.206115,166.029,-14.3818,-4.21057,0.503568,-0.184167,5189.07,5,51.504,2679.99,5682.55,48.5472,9,2,0.8,0.0,-0.1,5,0.0,0,True,1746969357.277941,left,False
5746,1746969406.2281647,166.14,-13.7419,-4.39662,0.510336,-0.184053,5179.84,5,51.526,2681,5683.56,48.5469,9,2,0.8,0.0,-0.1,5,0.0,0,True,1746969357.277941,left,False
5747,1746969406.2497308,166.284,-12.8004,-4.5709,0.517368,-0.181956,5160.83,5,51.548,2682.02,5684.58,48.5467,9,2,0.8,0.0,-0.1,5,0.0,0,True,1746969357.277941,left,False
5748,1746969406.273728,166.443,-11.6085,-4.75924,0.524647,-0.178037,5144.55,5,51.57,2683.03,5685.59,48.5464,9,2,0.8,0.0,-0.1,5,0.0,0,True,1746969357.277941,left,False
5749,1746969406.295972,166.612,-10.1936,-4.93346,0.532148,-0.172427,5128.5,5,51.592,2684.05,5686.6,48.5462,9,2,0.8,0.0,-0.1,5,0.0,0,True,1746969357.277941,left,False
5750,1746969406.3165202,166.779,-8.58587,-5.11041,0.539843,-0.165209,5121.72,5,51.614,2685.06,5687.62,48.5459,9,2,0.8,0.0,-0.1,5,0.0,0,True,1746969357.277941,left,False
5751,1746969406.338231,166.939,-6.81217,-5.26295,0.547696,-0.156436,5115.19,5,51.636,2686.07,5688.63,48.5457,9,2,0.8,0.0,-0.1,5,0.0,0,True,1746969357.277941,left,False
5752,1746969406.3616755,167.086,-4.89392,-5.39807,0.555665,-0.146156,5111.29,5,51.658,2687.09,5689.65,48.5454,9,2,0.8,0.0,-0.1,5,0.0,0,True,1746969357.277941,left,False
5753,1746969406.3827164,167.211,-2.85936,-5.50764,0.563702,-0.134431,5109.04,5,51.68,2688.1,5690.66,48.5452,9,2,0.8,0.0,-0.1,5,0.0,0,True,1746969357.277941,left,False
5754,1746969406.4054646,167.307,-0.732753,-5.5894,0.571751,-0.12134,5108.06,5,51.702,2689.12,5691.68,48.5449,9,2,0.8,0.0,-0.1,5,0.0,0,True,1746969357.277941,left,False
5755,1746969406.4262574,167.367,1.45981,-5.6346,0.579755,-0.106989,5107.55,5,51.724,2690.13,5692.69,48.5447,9,2,0.8,0.0,-0.1,5,0.0,0,True,1746969357.277941,left,False
5756,1746969406.4474602,167.387,3.6931,-5.63878,0.587649,-0.0915006,5106.96,5,51.746,2691.15,5693.71,48.5444,9,2,0.8,0.0,-0.1,5,0.0,0,True,1746969357.277941,left,False
5757,1746969406.4712207,167.359,5.94478,-5.59643,0.595374,-0.0750278,5106.81,5,51.768,2692.17,5694.72,48.5442,9,2,0.8,0.0,-0.1,5,0.0,0,True,1746969357.277941,left,False
5758,1746969406.49193,167.282,8.19547,-5.51409,0.602869,-0.0577267,5108,5,51.79,2693.18,5695.74,48.5439,9,2,0.8,0.0,-0.1,5,0.0,0,True,1746969357.277941,left,False
5759,1746969406.5163722,167.153,10.4243,-5.37466,0.610077,-0.0397647,5109.13,5,51.812,2694.2,5696.76,48.5437,9,2,0.8,0.0,-0.1,5,0.0,0,True,1746969357.277941,left,False
5760,1746969406.5382671,166.972,12.6132,-5.18972,0.616947,-0.021303,5110.34,5,51.834,2695.22,5697.78,48.5434,9,2,0.8,0.0,-0.1,5,0.0,0,True,1746969357.277941,left,False
5761,1746969406.5576284,166.739,14.739,-4.95667,0.623429,-0.00253612,5114.7,5,51.856,2696.24,5698.8,48.5432,9,2,0.8,0.0,-0.1,5,0.0,0,True,1746969357.277941,left,False
5762,1746969406.581068,166.458,16.7751,-4.67407,0.629481,0.0163085,5120.79,5,51.878,2697.26,5699.81,48.5429,9,2,0.8,0.0,-0.1,5,0.0,0,True,1746969357.277941,left,False
5763,1746969406.602172,166.135,18.7029,-4.36005,0.635065,0.0349919,5131.85,5,51.9,2698.27,5700.83,48.5427,9,2,0.8,0.0,-0.1,5,0.0,0,True,1746969357.277941,left,False
5764,1746969406.623671,165.778,20.479,-4.00435,0.640149,0.0532514,5145.08,5,51.922,2699.29,5701.85,48.5424,9,2,0.8,0.0,-0.1,5,0.0,0,True,1746969357.277941,left,False
5765,1746969406.6453578,165.397,22.0746,-3.61569,0.644704,0.0708253,5164.45,5,51.944,2700.31,5702.87,48.5422,9,2,0.8,0.0,-0.1,5,0.0,0,True,1746969357.277941,left,False
5766,1746969406.6693652,165.005,23.4469,-3.19057,0.648707,0.0874211,5185.61,5,51.966,2701.33,5703.89,48.5419,9,2,0.8,0.0,-0.1,5,0.0,0,True,1746969357.277941,left,False
5767,1746969406.6903973,164.613,24.5711,-2.75281,0.652141,0.102742,5213.97,5,51.988,2702.34,5704.9,48.5417,9,2,0.8,0.0,-0.1,5,0.0,0,True,1746969357.277941,left,False
5768,1746969406.7131503,164.236,25.4086,-2.29047,0.654991,0.11654,5247.33,5,52.01,2703.36,5705.92,48.5414,9,2,0.8,0.0,-0.1,5,0.0,0,True,1746969357.277941,left,False
5769,1746969406.7338088,163.891,25.9349,-1.8166,0.657248,0.128597,5282.24,5,52.032,2704.37,5706.93,48.5411,9,2,0.8,0.0,-0.1,5,0.0,0,True,1746969357.277941,left,False
5770,1746969406.7575693,163.583,26.1386,-1.33885,0.658907,0.138739,5322.13,5,52.054,2705.39,5707.95,48.5409,9,2,0.8,0.0,-0.1,5,0.0,0,True,1746969357.277941,left,False
5771,1746969406.7782674,163.333,26.0035,-0.849245,0.659963,0.14688,5352.08,5,52.076,2706.4,5708.96,48.5406,9,2,0.8,0.0,-0.1,5,0.0,0,True,1746969357.277941,left,False
5772,1746969406.7996142,163.141,25.531,-0.357993,0.66042,0.152956,5372.61,5,52.098,2707.41,5709.97,48.5404,9,2,0.8,0.0,-0.1,5,0.0,0,True,1746969357.277941,left,False
5773,1746969406.8211787,163.009,24.7408,0.123456,0.660281,0.156969,5389.38,5,52.12,2708.42,5710.97,48.5401,9,2,0.8,0.0,-0.1,5,0.0,0,True,1746969357.277941,left,False
5774,1746969406.843924,162.937,23.6532,0.59366,0.659558,0.158972,5395.84,5,52.142,2709.42,5711.98,48.5399,9,2,0.8,0.0,-0.1,5,0.0,0,True,1746969357.277941,left,False
5775,1746969406.865337,162.923,22.292,1.05277,0.658261,0.159105,5384.35,5,52.164,2710.43,5712.99,48.5396,9,2,0.8,0.0,-0.1,5,0.0,0,True,1746969357.277941,left,False
5776,1746969406.8886366,162.952,20.7163,1.49442,0.656409,0.15763,5363.93,5,52.186,2711.43,5713.99,48.5394,9,2,0.8,0.0,-0.1,5,0.0,0,True,1746969357.277941,left,False
5777,1746969406.9093266,163.014,18.9853,1.91181,0.654024,0.154821,5336.9,5,52.208,2712.44,5714.99,48.5391,9,2,0.8,0.0,-0.1,5,0.0,0,True,1746969357.277941,left,False
5778,1746969406.9313703,163.097,17.1639,2.29319,0.651135,0.151013,5300.05,5,52.23,2713.44,5715.99,48.5389,9,2,0.8,0.0,-0.1,5,0.0,0,True,1746969357.277941,left,False
5779,1746969406.9548447,163.196,15.3158,2.65053,0.647773,0.146618,5250.15,5,52.252,2714.44,5717,48.5386,9,2,0.8,0.0,-0.1,5,0.0,0,True,1746969357.277941,left,False
5780,1746969406.9762266,163.295,13.5156,2.98853,0.643969,0.142067,5195.55,5,52.274,2715.44,5718,48.5384,9,2,0.8,0.0,-0.1,5,0.0,0,True,1746969357.277941,left,False
5781,1746969407.0001047,163.386,11.8433,3.28879,0.639754,0.137854,5139.98,5,52.296,2716.44,5718.99,48.5381,9,2,0.8,0.0,-0.1,5,0.0,0,True,1746969357.277941,left,False
5782,1746969407.0223608,163.458,10.3688,3.55782,0.635162,0.134404,5092.34,5,52.318,2717.43,5719.99,48.5379,9,2,0.8,0.0,-0.1,5,0.0,0,True,1746969357.277941,left,False
5783,1746969407.0430028,163.507,9.14569,3.80436,0.630222,0.132105,5055.49,5,52.34,2718.43,5720.99,48.5376,9,2,0.8,0.0,-0.1,5,0.0,0,True,1746969357.277941,left,False
5784,1746969407.0670245,163.532,8.21719,4.01474,0.624959,0.131253,5031.34,5,52.362,2719.43,5721.99,48.5374,9,2,0.8,0.0,-0.1,5,0.0,0,True,1746969357.277941,left,False
5785,1746969407.0859628,163.539,7.59027,4.20946,0.619394,0.132042,5014.06,5,52.384,2720.43,5722.99,48.5371,9,2,0.8,0.0,-0.1,5,0.0,0,True,1746969357.277941,left,False
5786,1746969407.1085627,163.529,7.2726,4.37849,0.613541,0.13456,5003.32,5,52.406,2721.42,5723.98,48.5369,9,2,0.8,0.0,-0.1,5,0.0,0,True,1746969357.277941,left,False
5787,1746969407.130152,163.504,7.25106,4.53837,0.607406,0.138837,4995.67,5,52.428,2722.42,5724.98,48.5366,9,2,0.8,0.0,-0.1,5,0.0,0,True,1746969357.277941,left,False
5788,1746969407.1536756,163.462,7.51098,4.6733,0.600993,0.144813,4992.44,5,52.45,2723.42,5725.97,48.5364,9,2,0.8,0.0,-0.1,5,0.0,0,True,1746969357.277941,left,False
5789,1746969407.1746068,163.404,8.01421,4.80755,0.594295,0.152403,4988.83,5,52.472,2724.41,5726.97,48.5361,9,2,0.8,0.0,-0.1,5,0.0,0,True,1746969357.277941,left,False
5790,1746969407.1967146,163.326,8.73133,4.94718,0.587303,0.161503,4986.92,5,52.494,2725.4,5727.96,48.5359,9,2,0.8,0.0,-0.1,5,0.0,0,True,1746969357.277941,left,False
5791,1746969407.2195895,163.226,9.63023,5.09133,0.580001,0.171963,4984.59,5,52.516,2726.4,5728.96,48.5356,9,2,0.8,0.0,-0.1,5,0.0,0,True,1746969357.277941,left,False
5792,1746969407.2417536,163.1,10.6767,5.2493,0.572371,0.183634,4982.04,5,52.538,2727.39,5729.95,48.5354,9,2,0.8,0.0,-0.1,5,0.0,0,True,1746969357.277941,left,False
5793,1746969407.2634943,162.946,11.845,5.42538,0.564395,0.19638,4980.23,5,52.56,2728.38,5730.94,48.5351,9,2,0.8,0.0,-0.1,5,0.0,0,True,1746969357.277941,left,False
5794,1746969407.283662,162.762,13.1065,5.6059,0.55605,0.210026,4978.37,5,52.582,2729.37,5731.93,48.5349,9,2,0.8,0.0,-0.1,5,0.0,0,True,1746969357.277941,left,False
5795,1746969407.305418,162.547,14.4295,5.81422,0.547316,0.224421,4976.93,5,52.604,2730.36,5732.92,48.5346,9,2,0.8,0.0,-0.1,5,0.0,0,True,1746969357.277941,left,False
5796,1746969407.328779,162.298,15.8066,6.02495,0.538174,0.239407,4977.41,5,52.626,2731.35,5733.91,48.5344,9,2,0.8,0.0,-0.1,5,0.0,0,True,1746969357.277941,left,False
5797,1746969407.3513138,162.019,17.1897,6.26077,0.528606,0.254785,4978.01,5,52.648,2732.33,5734.89,48.5341,9,2,0.8,0.0,-0.1,5,0.0,0,True,1746969357.277941,left,False
5798,1746969407.3719554,161.709,18.5612,6.50746,0.518596,0.270376,4981.15,5,52.67,2733.32,5735.88,48.5338,9,2,0.8,0.0,-0.1,5,0.0,0,True,1746969357.277941,left,False
5799,1746969407.396315,161.375,19.8894,6.76881,0.508127,0.285955,4986.02,5,52.692,2734.3,5736.86,48.5336,9,2,0.8,0.0,-0.1,5,0.0,0,True,1746969357.277941,left,False
5800,1746969407.4166005,161.021,21.1338,7.05298,0.497188,0.301314,4991.41,5,52.714,2735.28,5737.84,48.5333,9,2,0.8,0.0,-0.1,5,0.0,0,True,1746969357.277941,left,False
5801,1746969407.4373374,160.651,22.2776,7.3463,0.485768,0.316224,5002.29,5,52.736,2736.26,5738.81,48.5331,9,2,0.8,0.0,-0.1,5,0.0,0,True,1746969357.277941,left,False
5802,1746969407.4614143,160.277,23.2731,7.66387,0.473856,0.330477,5011.93,5,52.758,2737.23,5739.79,48.5328,9,2,0.8,0.0,-0.1,5,0.0,0,True,1746969357.277941,left,False
5803,1746969407.4837587,159.904,24.103,7.98768,0.461445,0.34383,5028.21,5,52.78,2738.2,5740.76,48.5326,9,2,0.8,0.0,-0.1,5,0.0,0,True,1746969357.277941,left,False
5804,1746969407.505569,159.546,24.7292,8.32897,0.448529,0.356083,5043.3,5,52.802,2739.17,5741.73,48.5323,9,2,0.8,0.0,-0.1,5,0.0,0,True,1746969357.277941,left,False
5805,1746969407.5254467,159.21,25.1283,8.6827,0.435101,0.367057,5058.83,5,52.824,2740.13,5742.69,48.5321,9,2,0.8,0.0,-0.1,5,0.0,0,True,1746969357.277941,left,False
5806,1746969407.5502582,158.904,25.2847,9.05008,0.421158,0.37661,5076.67,5,52.846,2741.1,5743.65,48.5318,9,2,0.8,0.0,-0.1,5,0.0,0,True,1746969357.277941,left,False
5807,1746969407.5714738,158.635,25.1945,9.42033,0.406698,0.384638,5089.63,5,52.868,2742.05,5744.61,48.5316,9,2,0.7000000000000001,0.0,-0.1,4,0.0,0,False,1746969407.5576003,left,False
5808,1746969407.5924695,158.407,24.8448,9.80118,0.391724,0.391064,5103.36,5,52.89,2743.01,5745.57,48.5313,9,2,0.7000000000000001,0.0,-0.1,4,0.0,0,False,1746969407.5576003,left,False
5809,1746969407.6153734,158.221,24.2428,10.1835,0.376236,0.395841,5116.57,5,52.912,2743.96,5746.52,48.5311,9,2,0.7000000000000001,0.0,-0.1,4,0.0,0,False,1746969407.5576003,left,False
5810,1746969407.6351018,158.084,23.3951,10.556,0.360242,0.398994,5121.13,5,52.934,2744.91,5747.46,48.5308,9,2,0.7000000000000001,0.0,-0.1,4,0.0,0,False,1746969407.5576003,left,False
5811,1746969407.6593695,157.989,22.3169,10.9307,0.343746,0.400561,5120.01,5,52.956,2745.85,5748.41,48.5306,9,2,0.7000000000000001,0.0,-0.1,4,0.0,0,False,1746969407.5576003,left,False
5812,1746969407.681775,157.912,21.031,11.2981,0.32676,0.400625,6390.14,4,52.978,2746.79,5749.35,48.5306,9,2,0.7000000000000001,0.0,-0.1,4,0.0,0,False,1746969407.5576003,left,False
5813,1746969407.7026458,157.845,19.5627,11.6545,0.3093,0.399337,6388.01,4,53,2747.73,5750.28,48.5306,9,2,0.7000000000000001,0.0,-0.1,4,0.0,0,False,1746969407.5576003,left,False
5814,1746969407.7246163,157.785,17.9694,12,0.291382,0.397005,6385.88,4,53.022,2748.66,5751.22,48.5306,9,2,0.7000000000000001,0.0,-0.1,4,0.0,0,False,1746969407.5576003,left,False
5815,1746969407.7471762,157.722,16.3136,12.3317,0.273026,0.394029,6383.76,4,53.044,2749.59,5752.15,48.5306,9,2,0.7000000000000001,0.0,-0.1,4,0.0,0,False,1746969407.5576003,left,False
5816,1746969407.7682543,157.641,14.6859,12.6403,0.254255,0.390836,6381.64,4,53.066,2750.52,5753.07,48.5306,9,2,0.7000000000000001,0.0,-0.1,4,0.0,0,False,1746969407.5576003,left,False
5817,1746969407.7899466,157.541,13.1587,12.927,0.235094,0.387908,6379.52,4,53.088,2751.44,5754,48.5306,9,2,0.7000000000000001,0.0,-0.1,4,0.0,0,False,1746969407.5576003,left,False
5818,1746969407.8115275,157.419,11.7962,13.1985,0.215568,0.38569,6377.41,4,53.11,2752.36,5754.92,48.5306,9,2,0.7000000000000001,0.0,-0.1,4,0.0,0,False,1746969407.5576003,left,False
5819,1746969407.8331368,157.278,10.6611,13.4425,0.195701,0.38458,6375.3,4,53.132,2753.28,5755.83,48.5306,9,2,0.7000000000000001,0.0,-0.1,4,0.0,0,False,1746969407.5576003,left,False
5820,1746969407.855676,157.12,9.78288,13.676,0.175512,0.384848,6373.2,4,53.154,2754.19,5756.75,48.5306,9,2,0.7000000000000001,0.0,-0.1,4,0.0,0,False,1746969407.5576003,left,False
5821,1746969407.8770826,156.947,9.19127,13.8852,0.155015,0.386685,6371.1,4,53.176,2755.1,5757.66,48.5306,9,2,0.7000000000000001,0.0,-0.1,4,0.0,0,False,1746969407.5576003,left,False
5822,1746969407.8991265,156.759,8.8861,14.0785,0.134224,0.390215,6369,4,53.198,2756.01,5758.57,48.5306,9,2,0.7000000000000001,0.0,-0.1,4,0.0,0,False,1746969407.5576003,left,False
5823,1746969407.9211957,156.558,8.85528,14.2651,0.113144,0.395446,6366.91,4,53.22,2756.91,5759.47,48.5306,9,2,0.7000000000000001,0.0,-0.1,4,0.0,0,False,1746969407.5576003,left,False
5824,1746969407.9445813,156.342,9.07757,14.4418,0.0917778,0.402346,6364.82,4,53.242,2757.82,5760.37,48.5306,9,2,0.7000000000000001,0.0,-0.1,4,0.0,0,False,1746969407.5576003,left,False
5825,1746969407.9649937,156.107,9.54236,14.6094,0.0701237,0.410842,5815.49,4,53.264,2758.72,5761.27,48.5306,9,2,0.7000000000000001,0.0,-0.1,4,0.0,0,False,1746969407.5576003,left,False
5826,1746969407.9886556,155.896,10.2163,14.7687,0.0481742,0.420829,5909.43,4,53.286,2759.61,5762.17,48.5303,9,2,0.7000000000000001,0.0,-0.1,4,0.0,0,False,1746969407.5576003,left,False
5827,1746969408.0089746,155.707,11.0681,14.9264,0.0259112,0.432152,5929.15,4,53.308,2760.51,5763.06,48.5301,9,2,0.7000000000000001,0.0,-0.1,4,0.0,0,False,1746969407.5576003,left,False
5828,1746969408.032024,155.503,12.0573,15.0944,0.00331834,0.444629,5932.06,4,53.33,2761.4,5763.96,48.5299,9,2,0.7000000000000001,0.0,-0.1,4,0.0,0,False,1746969407.5576003,left,False
5829,1746969408.0553215,155.275,13.1435,15.2813,-0.0196175,0.458045,5929.77,4,53.352,2762.29,5764.84,48.5297,9,2,0.7000000000000001,0.0,-0.1,4,0.0,0,False,1746969407.5576003,left,False
5830,1746969408.0762336,155.019,14.3005,15.4712,-0.0429103,0.472178,5927.96,4,53.374,2763.17,5765.73,48.5295,9,2,0.7000000000000001,0.0,-0.1,4,0.0,0,False,1746969407.5576003,left,False
5831,1746969408.0984166,154.735,15.4953,15.6711,-0.0665723,0.486823,5927.71,4,53.396,2764.05,5766.61,48.5293,9,2,0.7000000000000001,0.0,-0.1,4,0.0,0,False,1746969407.5576003,left,False
5832,1746969408.1199439,154.426,16.6946,15.8783,-0.0906135,0.501743,5929.11,4,53.418,2764.93,5767.49,48.5291,9,2,0.7000000000000001,0.0,-0.1,4,0.0,0,False,1746969407.5576003,left,False
5833,1746969408.1419454,154.093,17.8728,16.0953,-0.115042,0.516751,5932.53,4,53.44,2765.81,5768.36,48.5289,9,2,0.7000000000000001,0.0,-0.1,4,0.0,0,False,1746969407.5576003,left,False
5834,1746969408.1646442,153.742,18.9972,16.3134,-0.139865,0.531607,5939.51,4,53.462,2766.68,5769.24,48.5287,9,2,0.7000000000000001,0.0,-0.1,4,0.0,0,False,1746969407.5576003,left,False
5835,1746969408.185952,153.379,20.0268,16.5463,-0.165087,0.546076,5946.77,4,53.484,2767.55,5770.1,48.5285,9,2,0.7000000000000001,0.0,0.0,4,0.0,0,False,1746969407.5576003,right,False
5836,1746969408.20692,153.008,20.9424,16.7879,-0.190712,0.559945,5958.45,4,53.506,2768.41,5770.97,48.5282,9,2,0.7000000000000001,0.0,0.0,4,0.0,0,False,1746969407.5576003,right,False
5837,1746969408.2311094,152.638,21.7123,17.0353,-0.216743,0.57299,5975.41,4,53.528,2769.27,5771.82,48.528,9,2,0.7000000000000001,0.0,0.0,4,0.0,0,False,1746969407.5576003,right,False
5838,1746969408.2514207,152.277,22.2994,17.2968,-0.243182,0.585022,5994.88,4,53.55,2770.12,5772.68,48.5278,9,2,0.7000000000000001,0.0,0.0,4,0.0,0,False,1746969407.5576003,right,False
5839,1746969408.2741745,151.935,22.6876,17.5697,-0.270032,0.595852,6012.77,4,53.572,2770.97,5773.53,48.5276,9,2,0.7000000000000001,0.0,0.0,4,0.0,0,False,1746969407.5576003,right,False
5840,1746969408.295326,151.652,22.8978,17.8528,-0.297287,0.6052,6031.18,4,53.594,2771.81,5774.37,48.5274,9,2,0.7000000000000001,0.0,0.0,4,0.0,0,False,1746969407.5576003,right,False
5841,1746969408.3175232,151.423,22.8396,18.1387,-0.324937,0.612659,6041.14,4,53.616,2772.65,5775.21,48.5272,9,2,0.7000000000000001,0.0,0.0,4,0.0,0,False,1746969407.5576003,right,False
5842,1746969408.3394427,151.242,22.4817,18.4233,-0.35298,0.618138,6044.74,4,53.638,2773.49,5776.04,48.527,9,2,0.7000000000000001,0.0,0.0,4,0.0,0,False,1746969407.5576003,right,False
5843,1746969408.3638477,151.108,21.8279,18.7088,-0.381413,0.621603,6044.63,4,53.66,2774.32,5776.87,48.5268,9,2,0.7000000000000001,0.0,0.0,4,0.0,0,False,1746969407.5576003,right,False
5844,1746969408.383129,151.024,20.885,18.9976,-0.41023,0.623052,6037.78,4,53.682,2775.14,5777.7,48.5266,9,2,0.7000000000000001,0.0,0.0,4,0.0,0,False,1746969407.5576003,right,False
5845,1746969408.4059992,150.984,19.6767,19.2754,-0.439426,0.622548,6027.28,4,53.704,2775.97,5778.52,48.5264,9,2,0.7000000000000001,0.0,0.0,4,0.0,0,False,1746969407.5576003,right,False
5846,1746969408.4305122,150.98,18.2375,19.5398,-0.468983,0.620176,6014.25,4,53.726,2776.78,5779.34,48.5261,9,2,0.7000000000000001,0.0,0.0,4,0.0,0,False,1746969407.5576003,right,False
5847,1746969408.4514282,151.014,16.591,19.8081,-0.498889,0.616118,5984.19,4,53.748,2777.6,5780.15,48.5259,9,2,0.7000000000000001,0.0,0.0,4,0.0,0,False,1746969407.5576003,right,False
5848,1746969408.4731092,151.066,14.8007,20.0545,-0.529126,0.610627,5953.73,4,53.77,2778.41,5780.96,48.5257,9,2,0.7000000000000001,0.0,0.1,4,0.0,0,False,1746969407.5576003,right,False
5849,1746969408.494764,151.131,12.9181,20.2993,-0.559667,0.603998,5913.86,4,53.792,2779.21,5781.77,48.5255,9,2,0.7000000000000001,0.0,0.1,4,0.0,0,False,1746969407.5576003,right,False
5850,1746969408.5158103,151.193,11.0248,20.5188,-0.590483,0.596614,5879.53,4,53.814,2780.02,5782.57,48.5253,9,2,0.7000000000000001,0.0,0.1,4,0.0,0,False,1746969407.5576003,right,False
5851,1746969408.5390863,151.247,9.19262,20.7165,-0.621535,0.588868,5844.9,4,53.836,2780.82,5783.37,48.5251,9,2,0.7000000000000001,0.0,0.1,4,0.0,0,False,1746969407.5576003,right,False
5852,1746969408.560299,151.283,7.4889,20.8877,-0.652781,0.581136,5821.12,4,53.858,2781.61,5784.17,48.5249,9,2,0.7000000000000001,0.0,0.1,4,0.0,0,False,1746969407.5576003,right,False
5853,1746969408.5827847,151.313,6.13753,21.0225,-0.684137,0.572859,5797.71,4,53.88,2782.41,5784.97,48.5247,9,2,0.7000000000000001,0.0,0.1,4,0.0,0,False,1746969407.5576003,right,False
5854,1746969408.6035776,151.329,4.72211,21.1209,-0.715475,0.562654,5785.51,4,53.902,2783.21,5785.76,48.5245,9,2,0.7000000000000001,0.0,0.1,4,0.0,0,False,1746969407.5576003,right,False
5855,1746969408.6252563,151.333,3.19118,21.1701,-0.746742,0.550846,5781.29,4,53.924,2784.01,5786.56,48.5243,9,2,0.7000000000000001,0.0,0.1,4,0.0,0,False,1746969407.5576003,right,False
5856,1746969408.6476715,151.319,1.59866,21.178,-0.777894,0.537803,5779.98,4,53.946,2784.8,5787.36,48.5241,9,2,0.7000000000000001,0.0,0.1,4,0.0,0,False,1746969407.5576003,right,False
5857,1746969408.6697059,151.283,-0.015492,21.1422,-0.808885,0.523863,5782.72,4,53.968,2785.6,5788.16,48.5238,9,2,0.7000000000000001,0.0,0.1,4,0.0,0,False,1746969407.5576003,right,False
5858,1746969408.6918015,151.222,-1.62566,21.0624,-0.839675,0.509332,5791,4,53.99,2786.4,5788.96,48.5236,9,2,0.7000000000000001,0.0,0.1,4,0.0,0,False,1746969407.5576003,right,False
5859,1746969408.7151494,151.133,-3.21734,20.9291,-0.870234,0.494489,5807.49,4,54.012,2787.21,5789.76,48.5234,9,2,0.7000000000000001,0.0,0.1,4,0.0,0,False,1746969407.5576003,right,False
5860,1746969408.737047,117.139,59.7249,20.3766,-0.868827,0.485848,5852.58,4,54.034,2788.01,5790.57,48.5232,456,2,0.7000000000000001,0.0,0.1,4,0.0,0,False,1746969407.5576003,right,False
5861,1746969408.7584195,117.473,59.011,19.6003,-0.869583,0.478218,6016.09,4,54.056,2788.81,5791.37,48.523,456,2,0.7000000000000001,0.0,0.1,4,0.0,0,False,1746969407.5576003,right,False
5862,1746969408.779502,117.801,58.2985,18.8237,-0.870252,0.470588,6173.86,4,54.078,2789.62,5792.17,48.5228,456,2,0.7000000000000001,0.0,0.1,4,0.0,0,False,1746969407.5576003,right,False
5863,1746969408.8015232,118.124,57.5842,18.047,-0.870831,0.462959,6325.38,4,54.1,2790.42,5792.98,48.5226,456,2,0.7000000000000001,0.0,0.1,4,0.0,0,False,1746969407.5576003,right,False
5864,1746969408.8231175,118.444,56.8682,17.2703,-0.871322,0.45533,6472.22,4,54.122,2791.22,5793.78,48.5224,456,2,0.7000000000000001,0.0,0.1,4,0.0,0,False,1746969407.5576003,right,False
5865,1746969408.8468041,118.759,56.1505,16.4936,-0.871723,0.4477,6615.06,4,54.144,2792.03,5794.58,48.5222,456,2,0.7000000000000001,0.0,0.1,4,0.0,0,False,1746969407.5576003,right,False
5866,1746969408.867711,119.07,55.431,15.7169,-0.872034,0.440071,6754.01,4,54.166,2792.83,5795.38,48.522,456,2,0.7000000000000001,0.0,0.1,4,0.0,0,False,1746969407.5576003,right,False
5867,1746969408.8897617,119.376,54.7099,14.9402,-0.872257,0.432441,6811.87,4,54.188,2793.63,5796.19,48.5219,456,2,0.7000000000000001,0.0,0.1,4,0.0,0,False,1746969407.5576003,right,False
5868,1746969408.9114492,119.679,53.9871,14.1635,-0.87239,0.424812,6811.81,4,54.21,2794.43,5796.99,48.5219,456,2,0.7000000000000001,0.0,0.1,4,0.0,0,False,1746969407.5576003,right,False
5869,1746969408.934927,119.977,53.2627,13.3869,-0.872435,0.417182,6811.81,4,54.232,2795.24,5797.79,48.5219,456,2,0.7000000000000001,0.0,0.1,4,0.0,0,False,1746969407.5576003,right,False
5870,1746969408.9555924,120.271,52.5367,12.6102,-0.87239,0.409553,6811.81,4,54.254,2796.04,5798.59,48.5219,456,2,0.7000000000000001,0.0,0.1,4,0.0,0,False,1746969407.5576003,right,False
5871,1746969408.9787104,120.561,51.809,11.8335,-0.872256,0.401923,6811.81,4,54.276,2796.84,5799.39,48.5219,456,2,0.7000000000000001,0.0,0.1,4,0.0,0,False,1746969407.5576003,right,False
5872,1746969408.999369,120.847,51.0798,11.0568,-0.872034,0.394293,6811.81,4,54.298,2797.64,5800.2,48.5219,456,2,0.7000000000000001,0.0,0.1,4,0.0,0,False,1746969407.5576003,right,False
5873,1746969409.0229979,121.128,50.3491,10.2801,-0.871722,0.386664,6811.81,4,54.32,2798.44,5801,48.5219,456,2,0.7000000000000001,0.0,0.1,4,0.0,0,False,1746969407.5576003,right,False
5874,1746969409.0458937,121.406,49.6168,9.50343,-0.871322,0.379035,6811.81,4,54.342,2799.24,5801.8,48.5219,456,2,0.7000000000000001,0.0,0.1,4,0.0,0,False,1746969407.5576003,right,False
5875,1746969409.0659604,121.679,48.883,8.72674,-0.870833,0.371405,6811.81,4,54.364,2800.05,5802.6,48.5219,456,2,0.7000000000000001,0.0,0.1,4,0.0,0,False,1746969407.5576003,right,False
5876,1746969409.0896602,121.947,48.1477,7.95006,-0.870256,0.363776,6811.81,4,54.386,2800.85,5803.4,48.5219,456,2,0.7000000000000001,0.0,0.1,4,0.0,0,False,1746969407.5576003,right,False
5877,1746969409.1101706,122.212,47.411,7.17337,-0.86959,0.356147,6811.81,4,54.408,2801.65,5804.2,48.5219,456,2,0.7000000000000001,0.0,0.1,4,0.0,0,False,1746969407.5576003,right,False
5878,1746969409.1318462,122.472,46.6728,6.39668,-0.868835,0.348517,6811.81,4,54.43,2802.45,5805,48.5219,456,2,0.7000000000000001,0.0,0.1,4,0.0,0,False,1746969407.5576003,right,False
5879,1746969409.1545558,122.728,45.9332,5.62,-0.867992,0.340887,6811.81,4,54.452,2803.25,5805.8,48.5219,456,2,0.7000000000000001,0.0,0.1,4,0.0,0,False,1746969407.5576003,right,False
5880,1746969409.1774955,122.98,45.1922,4.84331,-0.86706,0.333258,6811.81,4,54.474,2804.05,5806.61,48.5219,456,2,0.7000000000000001,0.0,0.1,4,0.0,0,False,1746969407.5576003,right,False
5881,1746969409.2000384,123.227,44.4498,4.06663,-0.86604,0.325628,6811.81,4,54.496,2804.85,5807.41,48.5219,456,2,0.7000000000000001,0.0,0.2,4,0.0,0,False,1746969407.5576003,right,False
5882,1746969409.2225413,123.471,43.7061,3.28994,-0.864932,0.317999,6811.81,4,54.518,2805.65,5808.21,48.5219,456,2,0.7000000000000001,0.0,0.2,4,0.0,0,False,1746969407.5576003,right,False
5883,1746969409.2414901,123.709,42.961,2.51326,-0.863735,0.310369,6811.8,4,54.54,2806.45,5809.01,48.5219,456,2,0.7000000000000001,0.0,0.2,4,0.0,0,False,1746969407.5576003,right,False
5884,1746969409.267286,123.944,42.2146,1.73657,-0.862451,0.30274,6811.8,4,54.562,2807.25,5809.81,48.5219,456,2,0.7000000000000001,0.0,0.2,4,0.0,0,False,1746969407.5576003,right,False
5885,1746969409.287628,124.174,41.4669,0.959885,-0.861078,0.29511,6811.8,4,54.584,2808.05,5810.61,48.5219,456,2,0.7000000000000001,0.0,0.2,4,0.0,0,False,1746969407.5576003,right,False
5886,1746969409.309431,124.4,40.7179,0.183198,-0.859617,0.287481,6811.8,4,54.606,2808.85,5811.41,48.5219,456,2,0.7000000000000001,0.0,0.2,4,0.0,0,False,1746969407.5576003,right,False
5887,1746969409.3316288,124.622,39.9676,-0.593489,-0.858068,0.279852,6811.8,4,54.628,2809.65,5812.21,48.5219,456,2,0.7000000000000001,0.0,0.2,4,0.0,0,False,1746969407.5576003,right,False
5888,1746969409.3515818,124.84,39.2161,-1.37018,-0.856432,0.272222,6811.8,4,54.65,2810.45,5813.01,48.5219,456,2,0.7000000000000001,0.0,0.2,4,0.0,0,False,1746969407.5576003,right,False
5889,1746969409.3753111,125.053,38.4634,-2.14686,-0.854707,0.264592,6811.8,4,54.672,2811.25,5813.8,48.5219,456,2,0.7000000000000001,0.0,0.2,4,0.0,0,False,1746969407.5576003,right,False
5890,1746969409.3981633,125.262,37.7095,-2.92355,-0.852895,0.256963,6811.8,4,54.694,2812.05,5814.6,48.5219,456,2,0.7000000000000001,0.0,0.2,4,0.0,0,False,1746969407.5576003,right,False
5891,1746969409.4178867,125.466,36.9545,-3.70024,-0.850995,0.249334,6811.8,4,54.716,2812.85,5815.4,48.5219,456,2,0.7000000000000001,0.0,0.2,4,0.0,0,False,1746969407.5576003,right,False
5892,1746969409.4415238,125.666,36.1983,-4.47692,-0.849007,0.241704,6811.8,4,54.738,2813.65,5816.2,48.5219,456,2,0.7000000000000001,0.0,0.2,4,0.0,0,False,1746969407.5576003,right,False
5893,1746969409.4637196,125.862,35.441,-5.25361,-0.846932,0.234075,6811.8,4,54.76,2814.44,5817,48.5219,456,2,0.7000000000000001,0.0,0.2,4,0.0,0,False,1746969407.5576003,right,False
5894,1746969409.485457,126.054,34.6825,-6.03029,-0.844769,0.226445,6811.8,4,54.782,2815.24,5817.8,48.5219,456,2,0.7000000000000001,0.0,0.2,4,0.0,0,False,1746969407.5576003,right,False
5895,1746969409.505849,126.241,33.923,-6.80698,-0.84252,0.218816,6811.8,4,54.804,2816.04,5818.6,48.5219,456,2,0.7000000000000001,0.0,0.2,4,0.0,0,False,1746969407.5576003,right,False
5896,1746969409.5299091,126.424,33.1624,-7.58366,-0.840182,0.211186,6811.8,4,54.826,2816.84,5819.39,48.5219,456,2,0.7000000000000001,0.0,0.2,4,0.0,0,False,1746969407.5576003,right,False
5897,1746969409.5506084,126.602,32.4008,-8.36035,-0.837758,0.203557,6811.8,4,54.848,2817.64,5820.19,48.5219,456,2,0.7000000000000001,0.0,0.2,4,0.0,0,False,1746969407.5576003,right,False
5898,1746969409.5731804,126.777,31.6381,-9.13703,-0.835246,0.195927,6811.8,4,54.87,2818.43,5820.99,48.5219,456,2,0.7000000000000001,0.0,0.2,4,0.0,0,False,1746969407.5576003,right,False
5899,1746969409.596673,126.946,30.8744,-9.91372,-0.832648,0.188297,6811.8,4,54.892,2819.23,5821.79,48.5219,456,2,0.7000000000000001,0.0,0.2,4,0.0,0,True,1746969407.5576003,right,False
5900,1746969409.6174407,127.112,30.1098,-10.6904,-0.829962,0.180668,6811.8,4,54.914,2820.03,5822.59,48.5219,456,2,0.7000000000000001,0.0,0.2,4,0.0,0,True,1746969407.5576003,right,False
5901,1746969409.6385624,127.273,29.3442,-11.4671,-0.82719,0.173039,6811.8,4,54.936,2820.83,5823.38,48.5219,456,2,0.7000000000000001,0.0,0.2,4,0.0,0,True,1746969407.5576003,right,False
5902,1746969409.6611457,127.43,28.5777,-12.2438,-0.82433,0.165409,6811.8,4,54.958,2821.62,5824.18,48.5219,456,2,0.7000000000000001,0.0,0.2,4,0.0,0,True,1746969407.5576003,right,False
5903,1746969409.6834824,127.582,27.8102,-13.0205,-0.821384,0.15778,6811.8,4,54.98,2822.42,5824.98,48.5219,456,2,0.7000000000000001,0.0,0.2,4,0.0,0,True,1746969407.5576003,right,False
5904,1746969409.707989,127.731,27.0418,-13.7971,-0.818352,0.15015,6811.8,4,55.002,2823.22,5825.77,48.5219,456,2,0.7000000000000001,0.0,0.2,4,0.0,0,True,1746969407.5576003,right,False
5905,1746969409.7310448,127.874,26.2726,-14.5738,-0.815233,0.142521,6811.8,4,55.024,2824.01,5826.57,48.5219,456,2,0.7000000000000001,0.0,0.2,4,0.0,0,True,1746969407.5576003,right,False
5906,1746969409.7490745,128.014,25.5025,-15.3505,-0.812027,0.134891,6811.8,4,55.046,2824.81,5827.37,48.5219,456,2,0.7000000000000001,0.0,0.2,4,0.0,0,True,1746969407.5576003,right,False
5907,1746969409.773146,128.149,24.7316,-16.1272,-0.808735,0.127262,6811.8,4,55.068,2825.6,5828.16,48.5219,456,2,0.7000000000000001,0.0,0.2,4,0.0,0,True,1746969407.5576003,right,False
5908,1746969409.7915184,128.279,23.9599,-16.9039,-0.805356,0.119632,6811.8,4,55.09,2826.4,5828.96,48.5219,456,2,0.7000000000000001,0.0,0.2,4,0.0,0,True,1746969407.5576003,right,False
5909,1746969409.8134737,128.406,23.1874,-17.6806,-0.801892,0.112003,6811.8,4,55.112,2827.2,5829.75,48.5219,456,2,0.7000000000000001,0.0,0.2,4,0.0,0,True,1746969407.5576003,right,False
5910,1746969409.8383627,128.528,22.4141,-18.4573,-0.798341,0.104374,6811.8,4,55.134,2827.99,5830.55,48.5219,456,2,0.7000000000000001,0.0,0.2,4,0.0,0,True,1746969407.5576003,right,False
5911,1746969409.8589635,128.645,21.6401,-19.2339,-0.794704,0.0967438,6811.8,4,55.156,2828.79,5831.34,48.5219,456,2,0.7000000000000001,0.0,0.2,4,0.0,0,True,1746969407.5576003,right,False
5912,1746969409.8804085,128.758,20.8653,-20.0106,-0.790982,0.0891144,6811.8,4,55.178,2829.58,5832.14,48.5219,456,2,0.7000000000000001,0.0,0.2,4,0.0,0,True,1746969407.5576003,right,False
5913,1746969409.9033499,129.153,20.0426,-20.541,-0.787177,0.0812218,6438.79,4,55.2,2830.38,5832.94,48.5218,456,2,0.7000000000000001,0.0,0.2,4,0.0,0,True,1746969407.5576003,right,False
5914,1746969409.9255197,129.333,18.9183,-20.5202,-0.783377,0.0737631,6551.23,4,55.222,2831.17,5833.73,48.5216,456,2,0.7000000000000001,0.0,0.2,4,0.0,0,True,1746969407.5576003,right,False
5915,1746969409.9466233,129.184,22.2319,-4.69043,-0.779133,0.0685312,6658.94,4,55.244,2831.97,5834.53,48.5213,490,2,0.7000000000000001,0.0,0.2,4,0.0,0,True,1746969407.5576003,right,False
5916,1746969409.9679804,129.279,21.6575,-4.81305,-0.773763,0.0655896,6760.66,4,55.266,2832.77,5835.33,48.5211,490,2,0.7000000000000001,0.0,0.2,4,0.0,0,True,1746969407.5576003,right,False
5917,1746969409.9904344,129.312,21.4457,-5.03764,-0.768439,0.0647046,6814.63,4,55.288,2833.57,5836.12,48.521,490,2,0.7000000000000001,0.0,0.2,4,0.0,0,True,1746969407.5576003,right,False
5918,1746969410.011433,129.284,21.5124,-5.38727,-0.763131,0.0654275,6813.96,4,55.31,2834.36,5836.92,48.521,490,2,0.7000000000000001,0.0,0.2,4,0.0,0,True,1746969407.5576003,right,False
5919,1746969410.0354712,129.222,21.793,-5.84517,-0.757815,0.0673897,6812.19,4,55.332,2835.16,5837.72,48.521,490,2,0.7000000000000001,0.0,0.2,4,0.0,0,True,1746969407.5576003,right,False
5920,1746969410.0569324,129.131,22.2436,-6.43012,-0.752469,0.0702702,6810.84,4,55.354,2835.96,5838.51,48.521,490,2,0.7000000000000001,0.0,0.2,4,0.0,0,True,1746969407.5576003,right,False
5921,1746969410.0783145,129.041,22.811,-7.14166,-0.747078,0.0736219,6810.39,4,55.376,2836.75,5839.31,48.521,490,2,0.7000000000000001,0.0,0.2,4,0.0,0,True,1746969407.5576003,right,False
5922,1746969410.1008124,128.999,23.249,-7.85179,-0.741639,0.0762278,6810.39,4,55.398,2837.55,5840.11,48.521,490,2,0.7000000000000001,0.0,0.2,4,0.0,0,True,1746969407.5576003,right,False
5923,1746969410.121761,129.067,23.2864,-8.38982,-0.736195,0.077316,6810.39,4,55.42,2838.35,5840.9,48.521,490,2,0.7000000000000001,0.0,0.2,4,0.0,0,True,1746969407.5576003,right,False
5924,1746969410.145963,129.521,22.4507,-8.37,-0.730923,0.0748483,6374.14,4,55.442,2839.15,5841.7,48.5208,490,2,0.7000000000000001,0.0,0.2,4,0.0,0,True,1746969407.5576003,right,False
5925,1746969410.166524,129.966,20.7287,-8.02,-0.725956,0.0678431,6051.04,4,55.464,2839.95,5842.5,48.5206,490,2,0.7000000000000001,0.0,0.2,4,0.0,0,True,1746969407.5576003,right,False
5926,1746969410.1876202,130.206,18.0556,-7.49299,-0.721401,0.0549352,6163.2,4,55.486,2840.75,5843.3,48.5204,490,2,0.7000000000000001,0.0,0.2,4,0.0,0,True,1746969407.5576003,right,False
5927,1746969410.2117453,130.453,16.0828,-3.01026,-0.716886,0.0361201,6282.64,4,55.508,2841.55,5844.1,48.5202,497,2,0.7000000000000001,0.0,0.2,4,0.0,0,True,1746969407.5576003,right,False
