Step,Time,SpeedX,SpeedY,SpeedZ,TrackPos,Angle,RPM,Gear_State,CurLapTime,DistFromStart,DistRaced,Fuel,Damage,RacePos,Accel,Brake,Steer,Gear_Control,Clutch,Meta,IsAutoShifting,LastManualShiftTime,SteerDirection,IsStopped
0,1746968592.9329562,0.0921063,0.126593,-0.0916573,0.343006,0.0121934,1047.2,0,-0.982,2952.63,0,50,1,1,0.0,0.0,0.0,1,0.0,0,True,1746968590.027273,,False
1,1746968592.9529629,0.0921063,0.126593,-0.0916573,0.343006,0.0121934,1047.2,0,-0.962,2952.63,0,50,1,1,0.0,0.0,0.0,1,0.0,0,True,1746968590.027273,,False
2,1746968592.975462,0.0921063,0.126593,-0.0916573,0.343006,0.0121934,1047.2,0,-0.942,2952.63,0,50,1,1,0.0,0.0,0.0,1,0.0,0,True,1746968590.027273,,False
3,1746968592.993947,0.0921063,0.126593,-0.0916573,0.343006,0.0121934,1047.2,0,-0.922,2952.63,0,50,1,1,0.0,0.0,0.0,1,0.0,0,True,1746968590.027273,,False
4,1746968593.016705,0.0921063,0.126593,-0.0916573,0.343006,0.0121934,1047.2,0,-0.902,2952.63,0,50,1,1,0.0,0.0,0.0,1,0.0,0,True,1746968590.027273,,False
5,1746968593.0324302,0.0921063,0.126593,-0.0916573,0.343006,0.0121934,1047.2,0,-0.882,2952.63,0,50,1,1,0.0,0.0,0.0,1,0.0,0,True,1746968590.027273,,False
6,1746968593.0580113,0.0921063,0.126593,-0.0916573,0.343006,0.0121934,1047.2,0,-0.862,2952.63,0,50,1,1,0.0,0.0,0.0,1,0.0,0,True,1746968590.027273,,False
7,1746968593.0770974,0.0921063,0.126593,-0.0916573,0.343006,0.0121934,1047.2,0,-0.842,2952.63,0,50,1,1,0.0,0.0,0.0,1,0.0,0,True,1746968590.027273,,False
8,1746968593.096477,0.0921063,0.126593,-0.0916573,0.343006,0.0121934,1047.2,0,-0.822,2952.63,0,50,1,1,0.1,0.0,0.0,1,0.0,0,True,1746968590.027273,,True
9,1746968593.1130672,0.0921063,0.126593,-0.0916573,0.343006,0.0121934,1051.6,0,-0.802,2952.63,0,50,1,1,0.1,0.0,0.0,1,0.0,0,True,1746968590.027273,,True
10,1746968593.1329763,0.0921063,0.126593,-0.0916573,0.343006,0.0121934,1055.99,0,-0.782,2952.63,0,50,1,1,0.1,0.0,0.0,1,0.0,0,True,1746968590.027273,,True
11,1746968593.1532497,0.0921063,0.126593,-0.0916573,0.343006,0.0121934,1060.38,0,-0.762,2952.63,0,50,1,1,0.1,0.0,0.0,1,0.0,0,True,1746968590.027273,,True
12,1746968593.1783602,0.0921063,0.126593,-0.0916573,0.343006,0.0121934,1064.76,0,-0.742,2952.63,0,50,1,1,0.1,0.0,0.0,1,0.0,0,True,1746968590.027273,,True
13,1746968593.1941464,0.0921063,0.126593,-0.0916573,0.343006,0.0121934,1069.14,0,-0.722,2952.63,0,50,1,1,0.1,0.0,0.0,1,0.0,0,True,1746968590.027273,,True
14,1746968593.2142963,0.0921063,0.126593,-0.0916573,0.343006,0.0121934,1073.52,0,-0.702,2952.63,0,50,1,1,0.1,0.0,0.0,1,0.0,0,True,1746968590.027273,,True
15,1746968593.2348683,0.0921063,0.126593,-0.0916573,0.343006,0.0121934,1077.89,0,-0.682,2952.63,0,50,1,1,0.1,0.0,0.0,1,0.0,0,True,1746968590.027273,,True
16,1746968593.252785,0.0921063,0.126593,-0.0916573,0.343006,0.0121934,1082.26,0,-0.662,2952.63,0,50,1,1,0.1,0.0,0.0,1,0.0,0,True,1746968590.027273,,True
17,1746968593.27692,0.0921063,0.126593,-0.0916573,0.343006,0.0121934,1086.62,0,-0.642,2952.63,0,50,1,1,0.1,0.0,0.0,1,0.0,0,True,1746968590.027273,,True
18,1746968593.2929938,0.0921063,0.126593,-0.0916573,0.343006,0.0121934,1090.98,0,-0.622,2952.63,0,50,1,1,0.1,0.0,0.0,1,0.0,0,True,1746968590.027273,,True
19,1746968593.3165588,0.0921063,0.126593,-0.0916573,0.343006,0.0121934,1095.33,0,-0.602,2952.63,0,50,1,1,0.1,0.0,0.0,1,0.0,0,True,1746968590.027273,,True
20,1746968593.3321629,0.0921063,0.126593,-0.0916573,0.343006,0.0121934,1099.68,0,-0.582,2952.63,0,50,1,1,0.1,0.0,0.0,1,0.0,0,True,1746968590.027273,,True
21,1746968593.3565948,0.0921063,0.126593,-0.0916573,0.343006,0.0121934,1104.03,0,-0.562,2952.63,0,50,1,1,0.1,0.0,0.0,1,0.0,0,True,1746968590.027273,,True
22,1746968593.3756592,0.0921063,0.126593,-0.0916573,0.343006,0.0121934,1108.37,0,-0.542,2952.63,0,50,1,1,0.1,0.0,0.0,1,0.0,0,True,1746968590.027273,,True
23,1746968593.3971305,0.0921063,0.126593,-0.0916573,0.343006,0.0121934,1112.7,0,-0.522,2952.63,0,50,1,1,0.1,0.0,0.0,1,0.0,0,True,1746968590.027273,,True
24,1746968593.4138253,0.0921063,0.126593,-0.0916573,0.343006,0.0121934,1117.04,0,-0.502,2952.63,0,50,1,1,0.1,0.0,0.0,1,0.0,0,True,1746968590.027273,,True
25,1746968593.4356313,0.0921063,0.126593,-0.0916573,0.343006,0.0121934,1121.36,0,-0.482,2952.63,0,50,1,1,0.1,0.0,0.0,1,0.0,0,True,1746968590.027273,,True
26,1746968593.454499,0.0921063,0.126593,-0.0916573,0.343006,0.0121934,1125.69,0,-0.462,2952.63,0,50,1,1,0.1,0.0,0.0,1,0.0,0,True,1746968590.027273,,True
27,1746968593.4726954,0.0921063,0.126593,-0.0916573,0.343006,0.0121934,1130.01,0,-0.442,2952.63,0,50,1,1,0.1,0.0,0.0,1,0.0,0,True,1746968590.027273,,True
28,1746968593.4935987,0.0921063,0.126593,-0.0916573,0.343006,0.0121934,1134.32,0,-0.422,2952.63,0,50,1,1,0.1,0.0,0.0,1,0.0,0,True,1746968590.027273,,True
29,1746968593.516065,0.0921063,0.126593,-0.0916573,0.343006,0.0121934,1138.63,0,-0.402,2952.63,0,50,1,1,0.1,0.0,0.0,1,0.0,0,True,1746968590.027273,,True
30,1746968593.5351872,0.0921063,0.126593,-0.0916573,0.343006,0.0121934,1142.94,0,-0.382,2952.63,0,50,1,1,0.1,0.0,0.0,1,0.0,0,True,1746968590.027273,,True
31,1746968593.5527098,0.0921063,0.126593,-0.0916573,0.343006,0.0121934,1147.24,0,-0.362,2952.63,0,50,1,1,0.1,0.0,0.0,1,0.0,0,True,1746968590.027273,,True
32,1746968593.5779603,0.0921063,0.126593,-0.0916573,0.343006,0.0121934,1151.54,0,-0.342,2952.63,0,50,1,1,0.1,0.0,0.0,1,0.0,0,True,1746968590.027273,,True
33,1746968593.5965512,0.0921063,0.126593,-0.0916573,0.343006,0.0121934,1155.83,0,-0.322,2952.63,0,50,1,1,0.2,0.0,0.0,1,0.0,0,True,1746968590.027273,,True
34,1746968593.6171725,0.0921063,0.126593,-0.0916573,0.343006,0.0121934,1164.53,0,-0.302,2952.63,0,50,1,1,0.2,0.0,0.0,1,0.0,0,True,1746968590.027273,,True
35,1746968593.6355834,0.0921063,0.126593,-0.0916573,0.343006,0.0121934,1173.22,0,-0.282,2952.63,0,50,1,1,0.2,0.0,0.0,1,0.0,0,True,1746968590.027273,,True
36,1746968593.657703,0.0921063,0.126593,-0.0916573,0.343006,0.0121934,1181.9,0,-0.262,2952.63,0,50,1,1,0.30000000000000004,0.0,0.0,1,0.0,0,True,1746968590.027273,,True
37,1746968593.6760476,0.0921063,0.126593,-0.0916573,0.343006,0.0121934,1194.99,0,-0.242,2952.63,0,50,1,1,0.30000000000000004,0.0,0.0,1,0.0,0,True,1746968590.027273,,True
38,1746968593.6937306,0.0921063,0.126593,-0.0916573,0.343006,0.0121934,1208.07,0,-0.222,2952.63,0,50,1,1,0.4,0.0,0.0,1,0.0,0,True,1746968590.027273,,True
39,1746968593.713994,0.0921063,0.126593,-0.0916573,0.343006,0.0121934,1225.56,0,-0.202,2952.63,0,50,1,1,0.4,0.0,0.0,1,0.0,0,True,1746968590.027273,,True
40,1746968593.7314765,0.0921063,0.126593,-0.0916573,0.343006,0.0121934,1243.03,0,-0.182,2952.63,0,50,1,1,0.4,0.0,0.0,1,0.0,0,True,1746968590.027273,,True
41,1746968593.7559912,0.0921063,0.126593,-0.0916573,0.343006,0.0121934,1260.5,0,-0.162,2952.63,0,50,1,1,0.5,0.0,0.0,1,0.0,0,True,1746968590.027273,,True
42,1746968593.7752397,0.0921063,0.126593,-0.0916573,0.343006,0.0121934,1282.37,0,-0.142,2952.63,0,50,1,1,0.5,0.0,0.0,1,0.0,0,True,1746968590.027273,,True
43,1746968593.7947307,0.0921063,0.126593,-0.0916573,0.343006,0.0121934,1304.23,0,-0.122,2952.63,0,50,1,1,0.5,0.0,0.0,1,0.0,0,True,1746968590.027273,,True
44,1746968593.8126693,0.0921063,0.126593,-0.0916573,0.343006,0.0121934,1326.08,0,-0.102,2952.63,0,50,1,1,0.6,0.0,0.0,1,0.0,0,True,1746968590.027273,,True
45,1746968593.842717,0.0921063,0.126593,-0.0916573,0.343006,0.0121934,1352.35,0,-0.082,2952.63,0,50,1,1,0.6,0.0,0.0,1,0.0,0,True,1746968590.027273,,True
46,1746968593.8556814,0.0921063,0.126593,-0.0916573,0.343006,0.0121934,1378.61,0,-0.062,2952.63,0,50,1,1,0.7,0.0,0.0,1,0.0,0,True,1746968590.027273,,True
47,1746968593.8777187,0.0921063,0.126593,-0.0916573,0.343006,0.0121934,1409.3,0,-0.042,2952.63,0,49.9999,1,1,0.7,0.0,0.0,1,0.0,0,True,1746968590.027273,,True
48,1746968593.897445,0.0921063,0.126593,-0.0916573,0.343006,0.0121934,1439.97,0,-0.022,2952.63,0,49.9999,1,1,0.7,0.0,0.0,1,0.0,0,True,1746968590.027273,,True
49,1746968593.9335506,0.021515,0.211392,-0.0623429,0.343068,0.0123565,1501.29,0,0.018,2952.63,0.000244141,49.9998,1,1,0.7999999999999999,0.0,0.0,1,0.0,0,True,1746968590.027273,,True
50,1746968593.960808,0.0936232,0.30847,-0.041032,0.343163,0.0124385,1051.16,1,0.038,2952.63,0.000976563,49.9998,1,1,0.7999999999999999,0.0,0.0,1,0.0,0,True,1746968590.027273,,True
51,1746968593.9730294,0.0147684,0.415229,-0.0326958,0.343299,0.0123469,1055.55,1,0.058,2952.63,0.00146484,49.9998,1,1,0.8999999999999999,0.0,0.0,1,0.0,0,True,1746968590.027273,,True
52,1746968594.0043771,0.0882974,0.51859,-0.0364228,0.343472,0.0121528,1059.94,1,0.078,2952.63,0.00219727,49.9998,1,1,0.8999999999999999,0.0,0.0,1,0.0,0,True,1746968590.027273,,True
53,1746968594.0176861,0.00776375,0.628746,-0.04309,0.343687,0.011799,1064.32,1,0.098,2952.63,0.00268555,49.9998,1,1,0.8999999999999999,0.0,0.0,1,0.0,0,True,1746968590.027273,,True
54,1746968594.043335,0.0825721,0.735922,-0.0603361,0.343941,0.0112759,1068.71,1,0.118,2952.63,0.00317383,49.9998,1,1,0.8999999999999999,0.0,0.0,1,0.0,0,True,1746968590.027273,,True
55,1746968594.0553503,0.00481653,0.831598,-0.0929558,0.344233,0.010575,1073.08,1,0.138,2952.64,0.00366211,49.9998,1,1,0.9999999999999999,0.0,0.0,1,0.0,0,True,1746968590.027273,,True
56,1746968594.0738137,0.0794679,0.918496,-0.121848,0.344558,0.00968903,1077.45,1,0.158,2952.64,0.00415039,49.9998,1,1,0.9999999999999999,0.0,0.0,1,0.0,0,True,1746968590.027273,,True
57,1746968594.0929859,-1.54212e-005,0.981348,-0.157548,0.34491,0.00855988,1081.82,1,0.178,2952.64,0.00439453,49.9998,1,1,0.9999999999999999,0.0,0.0,1,0.0,0,True,1746968590.027273,,True
58,1746968594.118098,0.0760309,1.01098,-0.194662,0.345279,0.00717228,1086.18,1,0.198,2952.64,0.00488281,49.9998,1,1,1.0,0.0,0.0,1,0.0,0,True,1746968590.027273,,True
59,1746968594.1374044,2.70649e-006,1.01781,-0.227519,0.345654,0.00542944,1090.54,1,0.218,2952.64,0.00537109,49.9998,1,1,1.0,0.0,0.0,1,0.0,0,True,1746968590.027273,,True
60,1746968594.1566467,0.0758913,0.9969,-0.258227,0.346027,0.00334376,1094.9,1,0.238,2952.64,0.00585938,49.9998,1,1,1.0,0.0,0.0,1,0.0,0,True,1746968590.027273,,True
61,1746968594.174952,0.0902575,0.966976,-0.282221,0.346424,0.000695403,1099.68,1,0.26,2952.64,0.00634766,49.9998,1,1,1.0,0.0,0.0,1,0.0,0,True,1746968590.027273,,True
62,1746968594.1988065,0.0152954,0.931735,-0.299698,0.346772,-0.00189716,1104.03,1,0.28,2952.64,0.0065918,49.9998,1,1,1.0,0.0,0.0,1,0.0,0,True,1746968590.027273,,True
63,1746968594.2175279,0.0957997,0.916258,-0.30499,0.347111,-0.00458891,1108.37,1,0.3,2952.64,0.00708008,49.9998,1,1,1.0,0.0,0.0,1,0.0,0,True,1746968590.027273,,True
64,1746968594.2353983,0.030506,0.881535,-0.304528,0.347441,-0.0072549,1047.2,1,0.32,2952.64,0.00756836,49.9998,1,1,1.0,0.0,0.0,1,0.0,0,True,1746968590.027273,,True
65,1746968594.2619715,0.261486,0.861465,-0.308748,0.34776,-0.00972969,1047.2,1,0.34,2952.64,0.00854492,49.9998,1,1,1.0,0.0,0.0,1,0.0,0,True,1746968590.027273,,True
66,1746968594.2751036,0.356173,0.888837,-0.303481,0.348086,-0.0122216,1047.2,1,0.36,2952.64,0.0102539,49.9997,1,1,1.0,0.0,0.0,1,0.0,0,True,1746968590.027273,,True
67,1746968594.2961843,0.698047,0.789868,-0.298974,0.348408,-0.0145286,1047.2,1,0.38,2952.64,0.0131836,49.9997,1,1,1.0,0.0,0.0,1,0.0,0,True,1746968590.027273,,True
68,1746968594.3177247,0.794604,0.693385,-0.286375,0.348686,-0.0164641,1047.2,1,0.4,2952.65,0.017334,49.9996,1,1,1.0,0.0,0.0,1,0.0,0,True,1746968590.027273,,False
69,1746968594.3358736,1.0897,0.540368,-0.263571,0.348919,-0.0179656,1047.2,1,0.42,2952.65,0.0227051,49.9996,1,1,1.0,0.0,0.0,1,0.0,0,True,1746968590.027273,,False
70,1746968594.356425,1.2265,0.424842,-0.237103,0.349101,-0.0189608,1047.2,1,0.44,2952.66,0.0292969,49.9996,1,1,1.0,0.0,0.0,1,0.0,0,True,1746968590.027273,,False
71,1746968594.3742297,1.49956,0.324333,-0.209047,0.349249,-0.019626,1047.2,1,0.46,2952.67,0.0368652,49.9995,1,1,1.0,0.0,0.0,1,0.0,0,True,1746968590.027273,,False
72,1746968594.396898,1.63421,0.285335,-0.177009,0.349371,-0.0200027,1047.2,1,0.48,2952.68,0.0456543,49.9995,1,1,1.0,0.0,0.0,1,0.0,0,True,1746968590.027273,,False
73,1746968594.4183576,1.94054,0.247919,-0.142818,0.34949,-0.0203131,1047.2,1,0.502,2952.69,0.0568848,49.9995,1,1,1.0,0.0,0.0,1,0.0,0,True,1746968590.027273,,False
74,1746968594.4374783,2.11058,0.228524,-0.111156,0.349595,-0.0205906,1047.2,1,0.522,2952.7,0.0678711,49.9994,1,1,1.0,0.0,0.0,1,0.0,0,True,1746968590.027273,,False
75,1746968594.456921,2.40409,0.210077,-0.0851662,0.349696,-0.020737,1047.2,1,0.542,2952.71,0.0805664,49.9994,1,1,1.0,0.0,0.0,1,0.0,0,True,1746968590.027273,,False
76,1746968594.4807801,2.51163,0.230012,-0.0639052,0.349797,-0.0209377,1047.2,1,0.562,2952.73,0.0939941,49.9993,1,1,1.0,0.0,0.0,1,0.0,0,True,1746968590.027273,,False
77,1746968594.496647,2.8027,0.218053,-0.0545148,0.349902,-0.0211476,1047.2,1,0.582,2952.74,0.108887,49.9993,1,1,1.0,0.0,0.0,1,0.0,0,True,1746968590.027273,,False
78,1746968594.517294,2.93632,0.234513,-0.0336195,0.350009,-0.021396,1047.2,1,0.602,2952.76,0.125,49.9993,1,1,1.0,0.0,0.0,1,0.0,0,True,1746968590.027273,,False
79,1746968594.5409727,3.23329,0.221791,-0.0301837,0.350119,-0.0216001,1047.2,1,0.622,2952.77,0.141846,49.9992,1,1,1.0,0.0,0.0,1,0.0,0,True,1746968590.027273,,False
80,1746968594.556582,3.37115,0.226171,-0.0240896,0.350227,-0.0218819,1047.2,1,0.642,2952.79,0.160156,49.9992,1,1,1.0,0.0,0.0,1,0.0,0,True,1746968590.027273,,False
81,1746968594.5783966,3.63787,0.2285,-0.0276884,0.350338,-0.0221193,1047.2,1,0.662,2952.81,0.179688,49.9991,1,1,1.0,0.0,0.0,1,0.0,0,True,1746968590.027273,,False
82,1746968594.5995486,3.79853,0.218423,-0.029498,0.350453,-0.022354,1047.2,1,0.682,2952.83,0.200439,49.9991,1,1,1.0,0.0,0.0,1,0.0,0,True,1746968590.027273,,False
83,1746968594.6183562,4.07865,0.208011,-0.0356147,0.350568,-0.022601,1047.2,1,0.702,2952.85,0.222412,49.9991,1,1,1.0,0.0,0.0,1,0.0,0,True,1746968590.027273,,False
84,1746968594.6388085,4.1916,0.226904,-0.0493114,0.350683,-0.0228031,1047.2,1,0.722,2952.88,0.245361,49.999,1,1,1.0,0.0,0.0,1,0.0,0,True,1746968590.027273,,False
85,1746968594.657674,4.4906,0.23099,-0.0482723,0.350805,-0.0230854,1047.2,1,0.742,2952.9,0.269531,49.999,1,1,1.0,0.0,0.0,1,0.0,0,True,1746968590.027273,,False
86,1746968594.6781394,4.65425,0.225658,-0.0593674,0.350928,-0.0233668,1047.2,1,0.762,2952.93,0.294678,49.999,1,1,1.0,0.0,0.0,1,0.0,0,True,1746968590.027273,,False
87,1746968594.697842,4.88388,0.242895,-0.0722552,0.351056,-0.023711,1047.2,1,0.782,2952.95,0.321289,49.9989,1,1,1.0,0.0,0.0,1,0.0,0,True,1746968590.027273,,False
88,1746968594.7204278,5.05606,0.227469,-0.0834409,0.351188,-0.0240853,1047.2,1,0.802,2952.98,0.348877,49.9989,1,1,1.0,0.0,0.0,1,0.0,0,True,1746968590.027273,,False
89,1746968594.7365346,5.32217,0.210701,-0.0829454,0.351316,-0.0243786,1047.2,1,0.822,2953.01,0.377686,49.9988,1,1,1.0,0.0,0.0,1,0.0,0,True,1746968590.027273,left,False
90,1746968594.760744,5.47022,0.23053,-0.0970764,0.351449,-0.0246599,1047.2,1,0.842,2953.04,0.407715,49.9988,1,1,1.0,0.0,0.0,1,0.0,0,True,1746968590.027273,left,False
91,1746968594.7806547,5.67773,0.235013,-0.101197,0.351587,-0.0249351,1047.2,1,0.862,2953.07,0.438965,49.9988,1,1,1.0,0.0,-0.1,1,0.0,0,True,1746968590.027273,left,False
92,1746968594.7982597,5.92627,0.18063,-0.106432,0.35172,-0.0250705,1047.2,1,0.882,2953.1,0.471191,49.9987,1,1,1.0,0.0,-0.1,1,0.0,0,True,1746968590.027273,left,False
93,1746968594.8166823,6.14405,0.112645,-0.106923,0.351827,-0.0248697,1047.2,1,0.902,2953.14,0.504639,49.9987,1,1,1.0,0.0,-0.1,1,0.0,0,True,1746968590.027273,left,False
94,1746968594.8360205,6.29472,0.0713942,-0.100211,0.35192,-0.0244945,1047.2,1,0.922,2953.17,0.539063,49.9986,1,1,1.0,0.0,-0.1,1,0.0,0,True,1746968590.027273,left,False
95,1746968594.8598728,6.471,0.0629743,-0.0889094,0.352003,-0.0240009,1065.09,1,0.942,2953.21,0.574707,49.9986,1,1,1.0,0.0,-0.1,1,0.0,0,True,1746968590.027273,left,False
96,1746968594.8760552,6.69312,0.0545684,-0.080003,0.352084,-0.0234512,1113.23,1,0.962,2953.24,0.611572,49.9986,1,1,1.0,0.0,-0.1,1,0.0,0,True,1746968590.027273,left,False
97,1746968594.8966465,6.96386,0.0243347,-0.066752,0.352157,-0.022816,1047.2,1,0.982,2953.28,0.649658,49.9985,1,1,1.0,0.0,-0.1,1,0.0,0,True,1746968590.027273,left,False
98,1746968594.9201849,7.174,0.0408476,-0.0617447,0.352235,-0.0220788,1082.4,1,1.004,2953.32,0.692627,49.9985,1,1,1.0,0.0,-0.1,1,0.0,0,True,1746968590.027273,left,False
99,1746968594.9408767,7.37142,0.0380899,-0.0546991,0.352307,-0.0213793,1084.53,1,1.024,2953.36,0.733154,49.9985,1,1,1.0,0.0,-0.1,1,0.0,0,True,1746968590.027273,left,False
100,1746968594.95985,7.5286,0.0294175,-0.0505595,0.352377,-0.0206674,1135.1,1,1.044,2953.41,0.774658,49.9984,1,1,1.0,0.0,-0.1,1,0.0,0,True,1746968590.027273,left,False
101,1746968594.981781,7.72784,0.0211539,-0.05341,0.352444,-0.019945,1173.71,1,1.064,2953.45,0.817139,49.9984,1,1,1.0,0.0,-0.1,1,0.0,0,True,1746968590.027273,left,False
102,1746968594.9998631,7.98235,0.00799056,-0.0401015,0.352507,-0.0191506,1131.35,1,1.084,2953.49,0.86084,49.9983,1,1,1.0,0.0,-0.1,1,0.0,0,True,1746968590.027273,left,False
103,1746968595.0223355,8.20294,0.00664482,-0.0513695,0.352566,-0.0183461,1165.3,1,1.104,2953.54,0.905762,49.9983,1,1,1.0,0.0,-0.1,1,0.0,0,True,1746968590.027273,left,False
104,1746968595.04119,8.41117,0.00484596,-0.0360652,0.352625,-0.0175498,1201.86,1,1.124,2953.58,0.951904,49.9983,1,1,1.0,0.0,-0.1,1,0.0,0,True,1746968590.027273,left,False
105,1746968595.0608397,8.57379,0.000247386,-0.0270935,0.352678,-0.0166724,1269.32,1,1.144,2953.63,0.999023,49.9982,1,1,1.0,0.0,-0.1,1,0.0,0,True,1746968590.027273,left,False
106,1746968595.0817072,8.77138,-0.0205561,-0.0275055,0.352727,-0.0157865,1134.91,1,1.164,2953.68,1.04736,49.9982,1,1,1.0,0.0,-0.1,1,0.0,0,True,1746968590.027273,left,False
107,1746968595.098721,8.96293,-0.00975139,-0.012843,0.352773,-0.0149081,1268.54,1,1.184,2953.73,1.09668,49.9981,1,1,1.0,0.0,-0.1,1,0.0,0,True,1746968590.027273,left,False
108,1746968595.1187415,9.19736,-0.0119594,-0.0073333,0.352816,-0.0139521,1317.6,1,1.204,2953.78,1.14722,49.9981,1,1,1.0,0.0,-0.1,1,0.0,0,True,1746968590.027273,left,False
109,1746968595.1404192,9.43755,-0.0162267,-0.0114836,0.352858,-0.012997,1271.42,1,1.224,2953.83,1.19873,49.9981,1,1,1.0,0.0,-0.1,1,0.0,0,True,1746968590.027273,left,False
110,1746968595.1576693,9.6163,-0.0156222,-0.0147198,0.352896,-0.012029,1357.49,1,1.244,2953.88,1.25146,49.998,1,1,1.0,0.0,-0.1,1,0.0,0,True,1746968590.027273,left,False
111,1746968595.1797905,9.76452,-0.0241839,-0.0352109,0.35293,-0.0110248,1374.67,1,1.264,2953.94,1.30542,49.998,1,1,1.0,0.0,-0.1,1,0.0,0,True,1746968590.027273,left,False
112,1746968595.1983612,9.95288,-0.0249754,-0.027082,0.35296,-0.0100196,1413.56,1,1.284,2953.99,1.36035,49.998,1,1,1.0,0.0,-0.1,1,0.0,0,True,1746968590.027273,left,False
113,1746968595.2194471,10.1938,-0.0269131,-0.0205726,0.352987,-0.00897485,1328.69,1,1.304,2954.05,1.4165,49.9979,1,1,1.0,0.0,-0.1,1,0.0,0,True,1746968590.027273,left,False
114,1746968595.2389214,10.3868,-0.0189325,-0.0199998,0.35301,-0.00785524,1470.6,1,1.324,2954.11,1.47363,49.9979,1,1,1.0,0.0,-0.1,1,0.0,0,True,1746968590.027273,left,False
115,1746968595.257969,10.6298,-0.0287678,-0.0180338,0.353031,-0.00673801,1435.43,1,1.344,2954.16,1.53198,49.9978,1,1,1.0,0.0,-0.1,1,0.0,0,True,1746968590.027273,left,False
116,1746968595.2782123,10.8255,-0.0311324,-0.0224413,0.353044,-0.00561172,1499.78,1,1.364,2954.22,1.59155,49.9978,1,1,1.0,0.0,-0.1,1,0.0,0,True,1746968590.027273,left,False
117,1746968595.3000119,11.0297,-0.0306997,-0.0144138,0.353053,-0.0044759,1537.4,1,1.384,2954.28,1.6521,49.9978,1,1,1.0,0.0,-0.1,1,0.0,0,True,1746968590.027273,left,False
118,1746968595.3209064,11.2331,-0.035207,-0.00222212,0.353057,-0.00333149,1514.8,1,1.404,2954.35,1.71362,49.9977,1,1,1.0,0.0,-0.1,1,0.0,0,True,1746968590.027273,left,False
119,1746968595.338071,11.4281,-0.0423655,-0.0100114,0.353055,-0.0021413,1545.18,1,1.424,2954.41,1.77661,49.9977,1,1,1.0,0.0,-0.1,1,0.0,0,True,1746968590.027273,left,False
120,1746968595.3617833,11.6004,-0.0516292,-0.00472899,0.353044,-0.000926797,1592.56,1,1.444,2954.47,1.84058,49.9977,1,1,1.0,0.0,-0.1,1,0.0,0,True,1746968590.027273,left,False
121,1746968595.3816829,11.8015,-0.0554608,0.010457,0.353026,0.000293907,1566.17,1,1.464,2954.54,1.90552,49.9976,1,1,1.0,0.0,-0.1,1,0.0,0,True,1746968590.027273,left,False
122,1746968595.399668,11.9948,-0.0614525,0.0109627,0.353,0.00157994,1600.76,1,1.484,2954.6,1.97192,49.9976,1,1,1.0,0.0,-0.1,1,0.0,0,True,1746968590.027273,left,False
123,1746968595.4205866,12.2115,-0.0750965,0.0158101,0.352965,0.00292557,1650.76,1,1.504,2954.67,2.03931,49.9975,1,1,1.0,0.0,-0.1,1,0.0,0,True,1746968590.027273,left,False
124,1746968595.4402666,12.4504,-0.0783709,0.021401,0.35292,0.00430649,1633.09,1,1.524,2954.74,2.10791,49.9975,1,1,1.0,0.0,-0.1,1,0.0,0,True,1746968590.027273,left,False
125,1746968595.4609683,12.6938,-0.0799909,0.0380157,0.352868,0.00568026,1661.58,1,1.544,2954.81,2.17773,49.9975,1,1,1.0,0.0,-0.1,1,0.0,0,True,1746968590.027273,left,False
126,1746968595.4781477,12.8962,-0.082413,0.0354725,0.352807,0.00710362,1796.23,1,1.564,2954.88,2.24878,49.9974,1,1,1.0,0.0,-0.1,1,0.0,0,True,1746968590.027273,left,False
127,1746968595.5011702,13.1376,-0.0937207,0.0443283,0.352738,0.0085389,1710.85,1,1.584,2954.95,2.32104,49.9974,1,1,1.0,0.0,-0.1,1,0.0,0,True,1746968590.027273,left,False
128,1746968595.5200338,13.3414,-0.0949947,0.0502842,0.352658,0.0100276,1733.54,1,1.604,2955.03,2.39429,49.9973,1,1,1.0,0.0,-0.1,1,0.0,0,True,1746968590.027273,left,False
129,1746968595.5418122,13.5441,-0.0964241,0.0590447,0.35257,0.011521,1770.63,1,1.624,2955.1,2.46875,49.9973,1,1,1.0,0.0,-0.1,1,0.0,0,True,1746968590.027273,left,False
130,1746968595.5614219,13.751,-0.105875,0.0693192,0.352471,0.0130479,1817.41,1,1.644,2955.18,2.54468,49.9973,1,1,1.0,0.0,-0.1,1,0.0,0,True,1746968590.027273,left,False
131,1746968595.5785303,13.937,-0.107862,0.0844251,0.35236,0.014631,1992.21,1,1.664,2955.25,2.62183,49.9972,1,1,1.0,0.0,-0.1,1,0.0,0,True,1746968590.027273,left,False
132,1746968595.6011477,14.2017,-0.117023,0.098899,0.352238,0.0162255,1880.41,1,1.684,2955.33,2.7002,49.9972,1,1,1.0,0.0,-0.1,1,0.0,0,True,1746968590.027273,left,False
133,1746968595.620321,14.436,-0.121288,0.108884,0.352104,0.0178673,1943.97,1,1.704,2955.41,2.77979,49.9972,1,1,1.0,0.0,-0.1,1,0.0,0,True,1746968590.027273,left,False
134,1746968595.6395333,14.6931,-0.123409,0.11143,0.351958,0.0195371,1974.82,1,1.724,2955.49,2.86084,49.9971,1,1,1.0,0.0,-0.1,1,0.0,0,True,1746968590.027273,left,False
135,1746968595.6597536,14.9472,-0.126636,0.1211,0.3518,0.0212304,1987.51,1,1.744,2955.57,2.94287,49.997,1,1,1.0,0.0,-0.1,1,0.0,0,True,1746968590.027273,left,False
136,1746968595.6797397,15.194,-0.132957,0.128825,0.351629,0.0229523,2019.27,1,1.764,2955.66,3.02661,49.997,1,1,1.0,0.0,-0.1,1,0.0,0,True,1746968590.027273,left,False
137,1746968595.700351,15.4285,-0.13527,0.135405,0.351445,0.0246937,2067.19,1,1.784,2955.74,3.11133,49.9969,1,1,1.0,0.0,-0.1,1,0.0,0,True,1746968590.027273,left,False
138,1746968595.7196195,15.6575,-0.138717,0.145343,0.351247,0.0264508,2098.91,1,1.804,2955.83,3.19751,49.9968,1,1,1.0,0.0,-0.1,1,0.0,0,True,1746968590.027273,left,False
139,1746968595.740576,15.8966,-0.146607,0.158666,0.351035,0.0282461,2088.83,1,1.824,2955.92,3.2854,49.9968,1,1,1.0,0.0,-0.1,1,0.0,0,True,1746968590.027273,left,False
140,1746968595.7603993,16.1358,-0.153267,0.166287,0.350806,0.0300857,2124.11,1,1.844,2956.01,3.37451,49.9967,1,1,1.0,0.0,-0.1,1,0.0,0,True,1746968590.027273,left,False
141,1746968595.7784626,16.3973,-0.158325,0.175139,0.350562,0.0319592,2114.53,1,1.864,2956.1,3.46509,49.9966,1,1,1.0,0.0,-0.1,1,0.0,0,True,1746968590.027273,left,False
142,1746968595.7995963,16.6588,-0.166034,0.18108,0.3503,0.0338876,2171.09,1,1.884,2956.19,3.55688,49.9965,1,1,1.0,0.0,-0.1,1,0.0,0,True,1746968590.027273,left,False
143,1746968595.819402,16.9392,-0.16998,0.194711,0.350022,0.0358416,2171.25,1,1.904,2956.28,3.65015,49.9965,1,1,1.0,0.0,-0.1,1,0.0,0,True,1746968590.027273,left,False
144,1746968595.839967,17.2134,-0.1762,0.210817,0.349725,0.037831,2205.53,1,1.924,2956.38,3.74487,49.9964,1,1,1.0,0.0,-0.1,1,0.0,0,True,1746968590.027273,left,False
145,1746968595.8601372,17.4832,-0.180237,0.216214,0.349411,0.0398528,2232.12,1,1.944,2956.47,3.84131,49.9963,1,1,1.0,0.0,-0.1,1,0.0,0,True,1746968590.027273,left,False
146,1746968595.8805544,17.742,-0.18563,0.233011,0.349077,0.0419056,2281.8,1,1.964,2956.57,3.93896,49.9962,1,1,1.0,0.0,-0.1,1,0.0,0,True,1746968590.027273,left,False
147,1746968595.8991685,17.998,-0.189809,0.24688,0.348724,0.0439908,2328.86,1,1.984,2956.67,4.03784,49.9962,1,1,1.0,0.0,-0.1,1,0.0,0,True,1746968590.027273,left,False
148,1746968595.9204397,18.2701,-0.197355,0.267922,0.348312,0.0463163,2357.17,1,2.006,2956.78,4.14868,49.9961,1,1,1.0,0.0,-0.1,1,0.0,0,True,1746968590.027273,left,False
149,1746968595.9445424,18.5972,-0.200571,0.283102,0.347875,0.0487048,2377.14,1,2.028,2956.89,4.26123,49.996,1,1,1.0,0.0,-0.1,1,0.0,0,True,1746968590.027273,left,False
150,1746968595.967224,18.9049,-0.204779,0.297829,0.347412,0.0511362,2426.05,1,2.05,2957.01,4.37573,49.9959,1,1,1.0,0.0,-0.1,1,0.0,0,True,1746968590.027273,left,False
151,1746968595.987242,19.1847,-0.209097,0.315107,0.346922,0.0535871,2498.08,1,2.072,2957.12,4.49194,49.9958,1,1,1.0,0.0,-0.1,1,0.0,0,True,1746968590.027273,left,False
152,1746968596.011129,19.5152,-0.216052,0.334872,0.346404,0.0560953,2475.88,1,2.094,2957.24,4.61011,49.9957,1,1,1.0,0.0,-0.1,1,0.0,0,True,1746968590.027273,left,False
153,1746968596.0313816,19.834,-0.219388,0.357042,0.345857,0.0586616,2540.12,1,2.116,2957.36,4.73022,49.9956,1,1,1.0,0.0,-0.1,1,0.0,0,True,1746968590.027273,left,False
154,1746968596.0527675,20.1359,-0.221393,0.373744,0.34528,0.0612399,2606.45,1,2.138,2957.48,4.85205,49.9956,1,1,1.0,0.0,-0.1,1,0.0,0,True,1746968590.027273,left,False
155,1746968596.07556,20.4593,-0.225695,0.398308,0.344673,0.0638615,2629.82,1,2.16,2957.61,4.97583,49.9955,1,1,1.0,0.0,-0.1,1,0.0,0,True,1746968590.027273,left,False
156,1746968596.0958793,20.7978,-0.22804,0.418518,0.344034,0.0665318,2645.98,1,2.182,2957.73,5.10156,49.9954,1,1,1.0,0.0,-0.1,1,0.0,0,True,1746968590.027273,left,False
157,1746968596.1194582,21.1186,-0.230613,0.439926,0.343362,0.0692403,2711.44,1,2.204,2957.86,5.22949,49.9952,1,1,1.0,0.0,-0.1,1,0.0,0,True,1746968590.027273,left,False
158,1746968596.143009,21.4494,-0.231615,0.460012,0.342657,0.0719778,2753.67,1,2.226,2957.99,5.35913,49.9951,1,1,1.0,0.0,-0.1,1,0.0,0,True,1746968590.027273,left,False
159,1746968596.1629546,21.7898,-0.23239,0.480945,0.341918,0.0747515,2803.2,1,2.248,2958.12,5.49097,49.995,1,1,1.0,0.0,-0.1,1,0.0,0,True,1746968590.027273,left,False
160,1746968596.1860847,22.1318,-0.231023,0.50036,0.341144,0.0775601,2855.14,1,2.27,2958.26,5.62476,49.9949,1,1,1.0,0.0,-0.1,1,0.0,0,True,1746968590.027273,left,False
161,1746968596.209237,22.4776,-0.231291,0.523842,0.340334,0.0803954,2909.4,1,2.292,2958.39,5.7605,49.9947,1,1,1.0,0.0,-0.1,1,0.0,0,True,1746968590.027273,left,False
162,1746968596.2303178,22.8299,-0.230174,0.550716,0.339487,0.0832569,2961.85,1,2.314,2958.53,5.89844,49.9946,1,1,1.0,0.0,-0.1,1,0.0,0,True,1746968590.027273,left,False
163,1746968596.2533965,23.1863,-0.227168,0.570443,0.338602,0.0861422,3026.91,1,2.336,2958.67,6.03857,49.9945,1,1,1.0,0.0,-0.1,1,0.0,0,True,1746968590.027273,left,False
164,1746968596.2726514,23.5486,-0.225173,0.596775,0.337678,0.0890528,3086.62,1,2.358,2958.81,6.18066,49.9944,1,1,1.0,0.0,-0.1,1,0.0,0,True,1746968590.027273,left,False
165,1746968596.2954824,23.9196,-0.222264,0.621908,0.336713,0.0919811,3131.73,1,2.38,2958.96,6.3252,49.9942,1,1,1.0,0.0,-0.1,1,0.0,0,True,1746968590.027273,left,False
166,1746968596.3198533,24.2934,-0.217685,0.643971,0.335709,0.0949299,3197.91,1,2.402,2959.1,6.47192,49.9941,1,1,1.0,0.0,-0.1,1,0.0,0,True,1746968590.027273,left,False
167,1746968596.3388104,24.6725,-0.214945,0.679976,0.334661,0.0978987,3258.14,1,2.424,2959.25,6.62085,49.9939,1,1,1.0,0.0,-0.1,1,0.0,0,True,1746968590.027273,left,False
168,1746968596.364077,25.0551,-0.210285,0.706678,0.333571,0.10089,3331.98,1,2.446,2959.4,6.77197,49.9937,1,1,1.0,0.0,-0.1,1,0.0,0,True,1746968590.027273,left,False
169,1746968596.3866186,25.4443,-0.204277,0.731055,0.332436,0.103892,3411.82,1,2.468,2959.56,6.92554,49.9936,1,1,1.0,0.0,-0.1,1,0.0,0,True,1746968590.027273,left,False
170,1746968596.4080682,25.8416,-0.198992,0.760031,0.331256,0.106902,3477.2,1,2.49,2959.71,7.0813,49.9934,1,1,1.0,0.0,0.0,1,0.0,0,True,1746968590.027273,right,False
171,1746968596.4279127,26.2499,-0.0179181,0.792198,0.330063,0.109366,3560.46,1,2.512,2959.87,7.2395,49.9932,1,1,1.0,0.0,0.0,1,0.0,0,True,1746968590.027273,right,False
172,1746968596.4516435,26.6629,0.152202,0.807112,0.328911,0.110625,3652.37,1,2.534,2960.03,7.40039,49.9931,1,1,1.0,0.0,0.0,1,0.0,0,True,1746968590.027273,right,False
173,1746968596.470607,27.0835,0.271427,0.815091,0.327788,0.111122,3752.29,1,2.556,2960.2,7.56372,49.9929,1,1,1.0,0.0,0.0,1,0.0,0,True,1746968590.027273,right,False
174,1746968596.4928107,27.5127,0.358975,0.813465,0.326683,0.11112,3857.78,1,2.578,2960.36,7.72998,49.9926,1,1,1.0,0.0,0.0,1,0.0,0,True,1746968590.027273,right,False
175,1746968596.5158021,27.9447,0.4269,0.806597,0.325592,0.110777,3981.07,1,2.6,2960.53,7.89868,49.9924,1,1,1.0,0.0,0.0,1,0.0,0,True,1746968590.027273,right,False
176,1746968596.5374403,28.386,0.481884,0.787976,0.324511,0.110164,4118.17,1,2.622,2960.7,8.07007,49.9922,1,1,1.0,0.0,0.0,1,0.0,0,True,1746968590.027273,right,False
177,1746968596.559094,28.8348,0.528583,0.772774,0.323438,0.109324,4269.7,1,2.644,2960.88,8.24438,49.992,1,1,1.0,0.0,0.0,1,0.0,0,True,1746968590.027273,right,False
178,1746968596.5813322,29.2979,0.569591,0.752195,0.322374,0.108287,4411.57,1,2.666,2961.05,8.42139,49.9917,1,1,1.0,0.0,0.0,1,0.0,0,True,1746968590.027273,right,False
179,1746968596.604128,29.7623,0.606015,0.731894,0.321318,0.10707,4605.74,1,2.688,2961.23,8.60132,49.9915,1,1,1.0,0.0,0.0,1,0.0,0,True,1746968590.027273,right,False
180,1746968596.6265519,30.2436,0.638838,0.709022,0.320272,0.105701,4791.68,1,2.71,2961.42,8.78418,49.9912,1,1,1.0,0.0,0.0,1,0.0,0,True,1746968590.027273,right,False
181,1746968596.6466553,30.7253,0.667623,0.69031,0.319234,0.104199,4971.53,1,2.732,2961.6,8.97021,49.9909,1,1,1.0,0.0,0.0,1,0.0,0,True,1746968590.027273,right,False
182,1746968596.669453,31.2103,0.691674,0.671062,0.318206,0.102578,5137.46,1,2.754,2961.79,9.15894,49.9906,1,1,1.0,0.0,0.0,1,0.0,0,True,1746968590.027273,right,False
183,1746968596.6927936,31.7053,0.709792,0.659659,0.317187,0.100858,5237.35,1,2.776,2961.98,9.35059,49.9903,1,1,1.0,0.0,0.0,1,0.0,0,True,1746968590.027273,right,False
184,1746968596.7144125,32.1965,0.724226,0.6501,0.316177,0.0990588,5349.45,1,2.798,2962.18,9.54541,49.9899,1,1,1.0,0.0,0.0,1,0.0,0,True,1746968590.027273,right,False
185,1746968596.7353413,32.6845,0.736146,0.628677,0.315177,0.0972015,5478.23,1,2.82,2962.38,9.74341,49.9896,1,2,1.0,0.0,0.0,1,0.0,0,True,1746968590.027273,right,False
186,1746968596.7559803,33.1798,0.744111,0.624157,0.314186,0.0952966,5558.15,1,2.842,2962.58,9.94434,49.9893,1,2,1.0,0.0,0.0,1,0.0,0,True,1746968590.027273,right,False
187,1746968596.780119,33.6798,0.750387,0.620019,0.313204,0.0933587,5613.99,1,2.864,2962.78,10.1482,49.9889,1,2,1.0,0.0,0.0,1,0.0,0,True,1746968590.027273,right,False
188,1746968596.8026483,34.1729,0.755074,0.611654,0.312233,0.0914027,5702.49,1,2.886,2962.99,10.3552,49.9886,1,2,1.0,0.0,0.0,1,0.0,0,True,1746968590.027273,right,False
189,1746968596.8241165,34.673,0.759281,0.610352,0.311271,0.0894272,5746.37,1,2.908,2963.2,10.5654,49.9882,1,2,1.0,0.0,0.0,1,0.0,0,True,1746968590.027273,right,False
190,1746968596.845734,35.1727,0.762829,0.600902,0.310321,0.0874354,5797.8,1,2.93,2963.41,10.7786,49.9879,1,2,1.0,0.0,0.0,1,0.0,0,True,1746968590.027273,right,False
191,1746968596.867912,35.6718,0.766463,0.595546,0.309384,0.0854322,5828.67,1,2.952,2963.63,10.9946,49.9876,1,2,1.0,0.0,0.0,1,0.0,0,True,1746968590.027273,right,False
192,1746968596.889245,36.1677,0.767676,0.59587,0.308459,0.083429,5856.39,1,2.974,2963.85,11.2139,49.9872,1,2,1.0,0.0,0.0,1,0.0,0,True,1746968590.027273,right,False
193,1746968596.9112806,36.6704,0.768541,0.593695,0.307547,0.0814235,5854.28,1,2.996,2964.07,11.4363,49.9869,1,2,1.0,0.0,0.0,1,0.0,0,True,1746968590.027273,right,False
194,1746968596.9349768,37.1674,0.769415,0.586856,0.306648,0.0794274,5870.47,1,3.018,2964.29,11.6616,49.9866,1,2,1.0,0.0,0.0,1,0.0,0,True,1746968590.027273,right,False
195,1746968596.9570994,37.6678,0.770419,0.588895,0.305764,0.0774247,5864.99,1,3.04,2964.52,11.8901,49.9862,1,2,1.0,0.0,0.0,1,0.0,0,True,1746968590.027273,right,False
196,1746968596.9785702,38.1605,0.770054,0.581171,0.304896,0.0754458,5893.63,1,3.062,2964.75,12.1216,49.9859,1,2,1.0,0.0,0.0,1,0.0,0,True,1746968590.027273,left,False
197,1746968597.0009289,38.6499,0.770821,0.570753,0.304043,0.0734846,5916.56,1,3.084,2964.99,12.3562,49.9856,1,2,1.0,0.0,0.0,1,0.0,0,True,1746968590.027273,left,False
198,1746968597.0199676,39.1387,0.770001,0.563249,0.303206,0.0715434,5939.16,1,3.106,2965.23,12.5938,49.9852,1,2,1.0,0.0,0.0,1,0.0,0,True,1746968590.027273,left,False
199,1746968597.044783,39.628,0.769618,0.554059,0.302385,0.0696213,5949.6,1,3.128,2965.47,12.8342,49.9849,1,2,1.0,0.0,0.0,1,0.0,0,True,1746968590.027273,left,False
200,1746968597.0639782,40.1099,0.769078,0.542069,0.301581,0.0677277,5988.79,1,3.15,2965.71,13.0779,49.9846,1,2,1.0,0.0,0.0,1,0.0,0,True,1746968590.027273,left,False
201,1746968597.0889797,40.5929,0.768024,0.533218,0.300795,0.0658614,6001.16,1,3.172,2965.96,13.3242,49.9842,1,2,1.0,0.0,0.0,1,0.0,0,True,1746968590.027273,left,False
202,1746968597.1095567,41.0688,0.767422,0.52112,0.300025,0.0640203,6029.75,1,3.194,2966.21,13.5737,49.9839,1,2,1.0,0.0,0.0,1,0.0,0,True,1746968590.027273,left,False
203,1746968597.130492,41.5453,0.766518,0.50565,0.299274,0.0622084,6048.12,1,3.216,2966.46,13.8262,49.9835,1,2,1.0,0.0,0.0,1,0.0,0,True,1746968590.027273,left,False
204,1746968597.1539357,42.0136,0.765941,0.49138,0.298541,0.0604255,6094.61,1,3.238,2966.71,14.0813,49.9832,1,2,1.0,0.0,0.0,1,0.0,0,True,1746968590.027273,left,False
205,1746968597.174911,42.4839,0.764601,0.480793,0.297826,0.0586678,6111.16,1,3.26,2966.97,14.3396,49.9829,1,2,1.0,0.0,0.0,1,0.0,0,True,1746968590.027273,left,False
206,1746968597.197472,42.9477,0.7639,0.469555,0.297129,0.0569445,6142.54,1,3.282,2967.23,14.6006,49.9825,1,2,1.0,0.0,0.0,1,0.0,0,True,1746968590.027273,left,False
207,1746968597.218462,43.4102,0.762964,0.45332,0.296452,0.0552484,6177.19,1,3.304,2967.5,14.8645,49.9822,1,2,1.0,0.0,0.0,1,0.0,0,True,1746968590.027273,left,False
208,1746968597.2406936,43.8682,0.762176,0.43726,0.295793,0.0535824,6206.92,1,3.326,2967.76,15.1311,49.9819,1,2,1.0,0.0,0.0,1,0.0,0,True,1746968590.027273,left,False
209,1746968597.2641857,44.3222,0.761961,0.419084,0.295154,0.0519444,6237.21,1,3.348,2968.03,15.4004,49.9815,1,2,1.0,0.0,0.0,1,0.0,0,True,1746968590.027273,left,False
210,1746968597.285857,44.7728,0.761179,0.403582,0.294534,0.0503399,6264.15,1,3.37,2968.3,15.6726,49.9812,1,2,1.0,0.0,0.0,1,0.0,0,True,1746968590.027273,left,False
211,1746968597.3063624,45.2245,0.760065,0.393615,0.293934,0.048763,6280.5,1,3.392,2968.58,15.9478,49.9809,1,2,1.0,0.0,0.0,1,0.0,0,True,1746968590.027273,left,False
212,1746968597.329852,45.6674,0.759445,0.375429,0.293354,0.0472328,6321.14,1,3.414,2968.86,16.2253,49.9805,1,2,1.0,0.0,0.0,1,0.0,0,True,1746968590.027273,left,False
213,1746968597.351973,46.1093,0.759429,0.362941,0.292793,0.0457193,6361.57,1,3.436,2969.14,16.5059,49.9802,1,2,1.0,0.0,0.0,1,0.0,0,True,1746968590.027273,left,False
214,1746968597.3763537,46.5466,0.759864,0.346261,0.292252,0.0442359,6403.36,1,3.458,2969.42,16.7891,49.9799,1,2,1.0,0.0,-0.1,1,0.0,0,True,1746968590.027273,left,False
215,1746968597.3960507,46.9596,0.623275,0.342187,0.291703,0.0432455,6476.07,1,3.48,2969.71,17.0747,49.9795,1,2,1.0,0.0,-0.1,1,0.0,0,True,1746968590.027273,left,False
216,1746968597.416562,47.3749,0.493616,0.339831,0.291095,0.0434567,6499.73,1,3.502,2969.99,17.363,49.9792,1,2,1.0,0.0,-0.1,1,0.0,0,True,1746968590.027273,left,False
217,1746968597.4415505,47.7936,0.399552,0.352692,0.290422,0.0447194,6511.17,1,3.524,2970.29,17.6538,49.9788,1,2,1.0,0.0,-0.1,1,0.0,0,True,1746968590.027273,left,False
218,1746968597.4607198,48.2119,0.333671,0.390118,0.289676,0.0468828,6511.89,1,3.546,2970.58,17.947,49.9785,1,2,1.0,0.0,-0.1,1,0.0,0,True,1746968590.027273,left,False
219,1746968597.4823968,48.6229,0.294479,0.426345,0.288853,0.0497958,6542.13,1,3.568,2970.87,18.2427,49.9782,1,2,1.0,0.0,-0.1,1,0.0,0,True,1746968590.027273,left,False
220,1746968597.5059264,49.0302,0.27542,0.475464,0.287946,0.0533196,6575.76,1,3.59,2971.17,18.541,49.9778,1,2,1.0,0.0,-0.1,1,0.0,0,True,1746968590.027273,left,False
221,1746968597.526273,49.4315,0.269223,0.539975,0.286951,0.0573289,6614.58,1,3.612,2971.47,18.8416,49.9775,1,2,1.0,0.0,-0.1,1,0.0,0,True,1746968590.027273,left,False
222,1746968597.551677,49.8312,0.277047,0.610352,0.285863,0.0616972,6643.87,1,3.634,2971.78,19.1445,49.9772,1,2,1.0,0.0,-0.1,1,0.0,0,True,1746968590.027273,left,False
223,1746968597.5718124,50.2172,0.291296,0.681459,0.284679,0.0663478,6714.68,1,3.656,2972.08,19.4497,49.9768,1,2,1.0,0.0,0.0,1,0.0,0,True,1746968590.027273,right,False
224,1746968597.5953321,50.6218,0.498473,0.757742,0.283433,0.0705516,6733.18,1,3.678,2972.39,19.7576,49.9765,1,2,1.0,0.0,0.0,1,0.0,0,True,1746968590.027273,right,False
225,1746968597.6152601,51.0158,0.674594,0.818612,0.282189,0.0732757,6792.6,1,3.7,2972.7,20.0676,49.9762,1,2,1.0,0.0,0.0,1,0.0,0,True,1746968590.027273,right,False
226,1746968597.6390839,51.387,0.777039,0.867155,0.280944,0.074855,6782.27,1,3.722,2973.01,20.3801,49.9759,1,2,1.0,0.0,0.0,1,0.0,0,True,1746968590.027273,right,False
227,1746968597.6589322,51.7506,0.831025,0.907852,0.279692,0.0755946,6810.81,1,3.744,2973.33,20.6951,49.9756,1,2,1.0,0.0,0.0,1,0.0,0,True,1746968590.027273,right,False
228,1746968597.6805816,52.0828,0.856566,0.927426,0.278436,0.0757424,6807.73,1,3.766,2973.64,21.012,49.9753,1,2,1.0,0.0,0.0,1,0.0,0,True,1746968590.027273,right,False
229,1746968597.7037578,52.4111,0.863198,0.943872,0.277177,0.0754763,6587.55,1,3.788,2973.96,21.3308,49.975,1,2,1.0,0.0,0.0,1,0.0,0,True,1746968590.027273,right,False
230,1746968597.7262056,52.7153,0.859171,0.949075,0.275917,0.0749404,6816.78,1,3.81,2974.28,21.6516,49.9748,1,2,1.0,0.0,0.0,1,0.0,0,True,1746968590.027273,right,False
231,1746968597.7458322,53.0127,0.8523,0.942042,0.274658,0.0742389,6770.44,1,3.832,2974.61,21.9744,49.9745,1,2,1.0,0.0,0.0,1,0.0,0,True,1746968590.027273,right,False
232,1746968597.7698038,53.2946,0.841328,0.933305,0.273403,0.0734388,6857.36,1,3.854,2974.93,22.2988,49.9743,1,2,1.0,0.0,0.0,1,0.0,0,True,1746968590.027273,right,False
233,1746968597.7919986,53.5661,0.83163,0.91402,0.272153,0.0725939,6768.71,1,3.876,2975.26,22.6248,49.9741,1,2,1.0,0.0,0.0,1,0.0,0,True,1746968590.027273,right,False
234,1746968597.813184,53.8312,0.822606,0.898553,0.270911,0.0717484,6811.35,1,3.898,2975.58,22.9526,49.9738,1,2,1.0,0.0,0.0,1,0.0,0,True,1746968590.027273,right,False
235,1746968597.8352685,54.0712,0.814501,0.875667,0.269675,0.0709307,6567.57,1,3.92,2975.91,23.2817,49.9737,1,2,1.0,0.0,0.0,1,0.0,0,True,1746968590.027273,right,False
236,1746968597.8565075,54.3069,0.807543,0.860837,0.268447,0.0701649,6828.52,1,3.942,2976.24,23.6125,49.9734,1,2,1.0,0.0,0.0,1,0.0,0,True,1746968590.027273,right,False
237,1746968597.8787522,54.5049,0.803144,0.843767,0.267227,0.0694634,6595.82,1,3.964,2976.58,23.9446,49.9733,1,2,1.0,0.0,0.0,1,0.0,0,True,1746968590.027273,right,False
238,1746968597.9003682,54.7044,0.800972,0.835699,0.266015,0.0688383,6854.09,1,3.986,2976.91,24.2778,49.9731,1,2,1.0,0.0,0.0,1,0.0,0,True,1746968590.027273,right,False
239,1746968597.9261835,54.8988,0.80288,0.816422,0.264811,0.0682751,6631.44,1,4.008,2977.24,24.6125,49.973,1,2,1.0,0.0,0.0,1,0.0,0,True,1746968590.027273,right,False
240,1746968597.9437683,55.0942,0.80743,0.80378,0.263614,0.0677702,6895.93,1,4.03,2977.58,24.9482,49.9728,1,2,1.0,0.0,0.0,1,0.0,0,True,1746968590.027273,right,False
241,1746968597.969628,55.2888,0.811801,0.798138,0.26236,0.0673221,6668.31,1,4.052,0.318115,25.283,49.9726,1,2,1.0,0.0,0.0,1,0.0,0,True,1746968590.027273,right,False
242,1746968597.9903593,55.4813,0.818172,0.790338,0.261177,0.0669037,6938.18,1,4.074,0.656189,25.621,49.9724,1,2,1.0,0.0,0.0,1,0.0,0,True,1746968590.027273,right,False
243,1746968598.0124192,55.6749,0.824333,0.78329,0.260001,0.0665169,6709.24,1,4.096,0.995544,25.9604,49.9723,1,2,1.0,0.0,0.0,1,0.0,0,True,1746968590.027273,right,False
244,1746968598.0332112,55.8657,0.830826,0.777903,0.258831,0.0661511,6973.84,1,4.118,1.336,26.3008,49.9721,1,2,1.0,0.0,0.0,1,0.0,0,True,1746968590.027273,right,False
245,1746968598.0563893,56.0548,0.836702,0.778217,0.257666,0.0657998,6760.41,1,4.14,1.67761,26.6425,49.972,1,2,1.0,0.0,0.0,1,0.0,0,True,1746968590.027273,right,False
246,1746968598.0790439,56.2443,0.843056,0.770139,0.256507,0.0654546,7023.04,1,4.162,2.02039,26.9852,49.9718,1,2,1.0,0.0,0.0,1,0.0,0,True,1746968590.027273,right,False
247,1746968598.0984159,56.2877,0.844809,0.768739,0.255353,0.0651188,3810.37,2,4.184,2.36414,27.329,49.9718,1,2,1.0,0.0,0.0,2,0.0,0,True,1746968590.027273,right,False
248,1746968598.125354,56.2687,0.847089,0.764693,0.254208,0.0648174,3814.01,2,4.206,2.70789,27.6727,49.9718,1,2,1.0,0.0,0.0,2,0.0,0,True,1746968590.027273,right,False
249,1746968598.1447353,56.2497,0.851333,0.756918,0.253072,0.0645597,3817.64,2,4.228,3.05133,28.0162,49.9718,1,2,1.0,0.0,0.0,2,0.0,0,True,1746968590.027273,right,False
250,1746968598.164324,56.2308,0.855541,0.755366,0.251943,0.0643395,3821.26,2,4.25,3.39441,28.3593,49.9718,1,2,1.0,0.0,0.0,2,0.0,0,True,1746968590.027273,right,False
251,1746968598.1900277,56.2119,0.861596,0.749691,0.250821,0.0641626,3824.88,2,4.272,3.73749,28.7023,49.9718,1,2,1.0,0.0,0.0,2,0.0,0,True,1746968590.027273,right,False
252,1746968598.210472,56.193,0.867989,0.744094,0.249706,0.064021,3828.49,2,4.294,4.08057,29.0454,49.9718,1,2,1.0,0.0,0.0,2,0.0,0,True,1746968590.027273,right,False
253,1746968598.2312076,56.1741,0.874365,0.740796,0.248597,0.0639086,3832.1,2,4.316,4.42365,29.3885,49.9718,1,2,1.0,0.0,0.0,2,0.0,0,True,1746968590.027273,right,False
254,1746968598.2548587,56.1551,0.88106,0.73638,0.247493,0.0638288,3835.7,2,4.338,4.76672,29.7316,49.9718,1,2,1.0,0.0,0.0,2,0.0,0,True,1746968590.027273,right,False
255,1746968598.276734,56.1362,0.887385,0.731399,0.246394,0.063767,3839.29,2,4.36,5.10956,30.0744,49.9718,1,2,1.0,0.0,0.0,2,0.0,0,True,1746968590.027273,right,False
256,1746968598.2965565,56.1173,0.892856,0.729068,0.2453,0.0637211,3842.88,2,4.382,5.45197,30.4168,49.9718,1,2,1.0,0.0,0.0,2,0.0,0,True,1746968590.027273,right,False
257,1746968598.3203073,56.0984,0.897693,0.727288,0.244209,0.0636901,3846.46,2,4.404,5.79437,30.7592,49.9718,1,2,1.0,0.0,0.0,2,0.0,0,True,1746968590.027273,right,False
258,1746968598.3405833,56.0795,0.901836,0.726127,0.243121,0.0636607,3850.04,2,4.426,6.13678,31.1016,49.9718,1,2,1.0,0.0,0.0,2,0.0,0,True,1746968590.027273,right,False
259,1746968598.3645825,56.0606,0.905189,0.726893,0.242035,0.0636379,3853.61,2,4.448,6.47919,31.444,49.9718,1,2,1.0,0.0,0.0,2,0.0,0,True,1746968590.027273,right,False
260,1746968598.3863628,56.043,0.908184,0.723598,0.240952,0.0636129,3731.47,2,4.47,6.82159,31.7864,49.9718,1,2,1.0,0.0,0.0,2,0.0,0,True,1746968590.027273,right,False
261,1746968598.407479,56.2256,0.915241,0.71857,0.23987,0.063574,3918.96,2,4.492,7.16425,32.1291,49.9716,1,2,1.0,0.0,0.0,2,0.0,0,True,1746968590.027273,right,False
262,1746968598.4327254,56.4724,0.920287,0.717254,0.238785,0.0634776,3942.99,2,4.514,7.50836,32.4732,49.9713,1,2,1.0,0.0,0.0,2,0.0,0,True,1746968590.027273,right,False
263,1746968598.4543283,56.7209,0.921987,0.714749,0.237699,0.0633064,3965.31,2,4.536,7.854,32.8188,49.9711,1,2,1.0,0.0,0.0,2,0.0,0,True,1746968590.027273,right,False
264,1746968598.473627,56.9687,0.922073,0.704673,0.236611,0.0630541,3993.46,2,4.558,8.20111,33.166,49.9709,1,2,1.0,0.0,0.0,2,0.0,0,True,1746968590.027273,right,False
265,1746968598.4944942,57.221,0.91822,0.704991,0.235522,0.0627195,4012.51,2,4.58,8.54974,33.5146,49.9707,1,2,1.0,0.0,0.0,2,0.0,0,True,1746968590.027273,right,False
266,1746968598.5200796,57.471,0.914348,0.695452,0.234435,0.0623095,4040.36,2,4.602,8.89996,33.8648,49.9705,1,2,1.0,0.0,0.0,2,0.0,0,True,1746968590.027273,right,False
267,1746968598.5410492,57.7261,0.907649,0.691521,0.233348,0.0618227,4058.45,2,4.624,9.25171,34.2166,49.9703,1,2,1.0,0.0,0.0,2,0.0,0,True,1746968590.027273,right,False
268,1746968598.5664084,57.9785,0.901867,0.681175,0.232265,0.0612668,4085.88,2,4.646,9.60498,34.5698,49.9701,1,2,1.0,0.0,0.0,2,0.0,0,True,1746968590.027273,right,False
269,1746968598.5854006,58.2338,0.894457,0.67772,0.231187,0.0606488,4109.02,2,4.668,9.95984,34.9247,49.9699,1,2,1.0,0.0,0.0,2,0.0,0,True,1746968590.027273,right,False
270,1746968598.6036916,58.4922,0.886616,0.67621,0.230115,0.0599791,4125.47,2,4.69,10.3162,35.2811,49.9696,1,2,1.0,0.0,0.0,2,0.0,0,True,1746968590.027273,right,False
271,1746968598.6278756,58.753,0.879198,0.66821,0.229049,0.0592697,4141.52,2,4.712,10.6742,35.639,49.9694,1,2,1.0,0.0,0.0,2,0.0,0,True,1746968590.027273,right,False
272,1746968598.6484008,59.0104,0.872803,0.666579,0.227992,0.0585341,4168.29,2,4.734,11.0338,35.9987,49.9691,1,2,1.0,0.0,0.0,2,0.0,0,True,1746968590.027273,right,False
273,1746968598.6737382,59.2734,0.866945,0.659727,0.226944,0.0577778,4181.35,2,4.756,11.395,36.3599,49.9689,1,2,1.0,0.0,0.0,2,0.0,0,True,1746968590.027273,right,False
274,1746968598.6943603,59.5347,0.862317,0.658893,0.225907,0.0570141,4201.19,2,4.778,11.7578,36.7227,49.9686,1,2,1.0,0.0,0.0,2,0.0,0,True,1746968590.027273,right,False
275,1746968598.7154791,59.7981,0.858866,0.654211,0.224879,0.0562509,4220.43,2,4.8,12.1223,37.0871,49.9684,1,2,1.0,0.0,0.0,2,0.0,0,True,1746968590.027273,right,False
276,1746968598.7363043,60.0613,0.856252,0.651571,0.223863,0.0554948,4239.94,2,4.822,12.4883,37.4531,49.9681,1,2,1.0,0.0,0.0,2,0.0,0,True,1746968590.027273,right,False
277,1746968598.7582326,60.3296,0.854669,0.647555,0.222859,0.0547495,4247.59,2,4.844,12.856,37.8209,49.9679,1,2,1.0,0.0,0.0,2,0.0,0,True,1746968590.027273,right,False
278,1746968598.781005,60.593,0.855476,0.642189,0.221867,0.0540205,4275.38,2,4.866,13.2253,38.1901,49.9676,1,2,1.0,0.0,0.0,2,0.0,0,True,1746968590.027273,right,False
279,1746968598.8044512,60.8619,0.855687,0.64069,0.220886,0.0533043,4286.28,2,4.888,13.5962,38.561,49.9674,1,2,1.0,0.0,0.0,2,0.0,0,True,1746968590.027273,right,False
280,1746968598.8264182,61.1293,0.858244,0.641175,0.219919,0.052606,4304.21,2,4.91,13.9688,38.9336,49.9671,1,2,1.0,0.0,0.0,2,0.0,0,True,1746968590.027273,right,False
281,1746968598.845913,61.3968,0.86132,0.633041,0.218964,0.0519232,4325.13,2,4.932,14.343,39.3078,49.9668,1,2,1.0,0.0,0.0,2,0.0,0,True,1746968590.027273,right,False
282,1746968598.8710697,61.6661,0.864989,0.627088,0.218022,0.0512512,4344.59,2,4.954,14.7189,39.6837,49.9666,1,2,1.0,0.0,0.0,2,0.0,0,True,1746968590.027273,right,False
283,1746968598.8923209,61.936,0.869016,0.620457,0.217092,0.0505872,4363.7,2,4.976,15.0964,40.0612,49.9663,1,2,1.0,0.0,0.0,2,0.0,0,True,1746968590.027273,right,False
284,1746968598.9124289,62.2073,0.873219,0.612128,0.216175,0.0499321,4381.31,2,4.998,15.4756,40.4404,49.9661,1,2,1.0,0.0,0.0,2,0.0,0,True,1746968590.027273,right,False
285,1746968598.936324,62.4775,0.878097,0.606671,0.215271,0.0492806,4407.59,2,5.02,15.8564,40.8212,49.9658,1,2,1.0,0.0,0.0,2,0.0,0,True,1746968590.027273,right,False
286,1746968598.9566839,62.7498,0.882164,0.596031,0.21438,0.0486295,4428.66,2,5.042,16.239,41.2038,49.9656,1,2,1.0,0.0,0.0,2,0.0,0,True,1746968590.027273,right,False
287,1746968598.979807,63.0236,0.887495,0.581655,0.213502,0.0479811,4446.77,2,5.064,16.6231,41.588,49.9653,1,2,1.0,0.0,0.0,2,0.0,0,True,1746968590.027273,right,False
288,1746968599.0014253,63.2999,0.892115,0.566258,0.212637,0.0473344,4464.99,2,5.086,17.009,41.9739,49.9651,1,2,1.0,0.0,0.0,2,0.0,0,True,1746968590.027273,right,False
289,1746968599.0231528,63.5735,0.895868,0.564672,0.211786,0.0466844,4492.07,2,5.108,17.3966,42.3615,49.9648,1,2,1.0,0.0,0.0,2,0.0,0,True,1746968590.027273,right,False
290,1746968599.0456874,63.8507,0.89912,0.554744,0.210947,0.0460196,4508.45,2,5.13,17.7859,42.7507,49.9646,1,2,1.0,0.0,0.0,2,0.0,0,True,1746968590.027273,right,False
291,1746968599.0699022,64.1272,0.902039,0.541867,0.210122,0.0453445,4535.97,2,5.152,18.1768,43.1417,49.9643,1,2,1.0,0.0,0.0,2,0.0,0,True,1746968590.027273,right,False
292,1746968599.0882661,64.4077,0.90427,0.534823,0.209311,0.0446574,4550.17,2,5.174,18.5695,43.5344,49.964,1,2,1.0,0.0,0.0,2,0.0,0,True,1746968590.027273,right,False
293,1746968599.1132154,64.6848,0.906575,0.524073,0.208514,0.0439613,4579.46,2,5.196,18.9639,43.9287,49.9637,1,2,1.0,0.0,0.0,2,0.0,0,True,1746968590.027273,right,False
294,1746968599.1366272,64.9664,0.908618,0.509837,0.20773,0.0432529,4597.51,2,5.218,19.36,44.3248,49.9634,1,2,1.0,0.0,0.0,2,0.0,0,True,1746968590.027273,right,False
295,1746968599.1561372,65.2492,0.910109,0.500997,0.206962,0.0425348,4616.46,2,5.24,19.7578,44.7227,49.9632,1,2,1.0,0.0,0.0,2,0.0,0,True,1746968590.027273,right,False
296,1746968599.176259,65.5319,0.911758,0.489426,0.206208,0.0418136,4638.7,2,5.262,20.1573,45.1222,49.9629,1,2,1.0,0.0,0.0,2,0.0,0,True,1746968590.027273,right,False
297,1746968599.201752,65.815,0.912807,0.479617,0.20547,0.0410848,4663.85,2,5.284,20.5587,45.5235,49.9626,1,2,1.0,0.0,0.0,2,0.0,0,True,1746968590.027273,right,False
298,1746968599.2215302,66.1012,0.91346,0.47062,0.204747,0.0403482,4681.81,2,5.306,20.9617,45.9266,49.9623,1,2,1.0,0.0,0.0,2,0.0,0,True,1746968590.027273,right,False
299,1746968599.2425754,66.3863,0.915153,0.464206,0.204039,0.039605,4701.65,2,5.328,21.3665,46.3314,49.962,1,2,1.0,0.0,0.0,2,0.0,0,True,1746968590.027273,right,False
300,1746968599.2683687,66.6742,0.915942,0.450422,0.203348,0.038855,4723.69,2,5.35,21.7731,46.738,49.9617,1,2,1.0,0.0,0.0,2,0.0,0,True,1746968590.027273,right,False
301,1746968599.2866445,66.9594,0.917645,0.438826,0.202672,0.0380994,4750.49,2,5.372,22.1814,47.1462,49.9614,1,2,1.0,0.0,0.0,2,0.0,0,True,1746968590.027273,right,False
302,1746968599.3106904,67.2473,0.918765,0.430214,0.202014,0.03734,4767.44,2,5.394,22.5916,47.5564,49.9611,1,2,1.0,0.0,0.0,2,0.0,0,True,1746968590.027273,left,False
303,1746968599.330704,67.5352,0.919737,0.417862,0.201372,0.0365765,4786.63,2,5.416,23.0034,47.9682,49.9608,1,2,1.0,0.0,0.0,2,0.0,0,True,1746968590.027273,left,False
304,1746968599.3583841,67.8224,0.920589,0.412572,0.200748,0.0358104,4804.47,2,5.438,23.417,48.3818,49.9605,1,2,1.0,0.0,0.0,2,0.0,0,True,1746968590.027273,left,False
305,1746968599.3773942,68.109,0.922304,0.397461,0.200141,0.035045,4826.51,2,5.46,23.8323,48.7972,49.9602,1,2,1.0,0.0,0.0,2,0.0,0,True,1746968590.027273,left,False
306,1746968599.396931,68.3982,0.923416,0.386526,0.199552,0.0342749,4841.42,2,5.482,24.2495,49.2143,49.9599,1,2,1.0,0.0,0.0,2,0.0,0,True,1746968590.027273,left,False
307,1746968599.4204412,68.6822,0.925674,0.372789,0.198981,0.0335045,4867,2,5.504,24.6683,49.6332,49.9596,1,2,1.0,0.0,0.0,2,0.0,0,True,1746968590.027273,left,False
308,1746968599.440024,68.9683,0.927641,0.360171,0.198429,0.0327328,4886.09,2,5.526,25.089,50.0538,49.9593,1,2,1.0,0.0,0.0,2,0.0,0,True,1746968590.027273,left,False
309,1746968599.463428,69.2571,0.928692,0.347837,0.197895,0.0319617,4902.6,2,5.548,25.5114,50.4762,49.959,1,2,1.0,0.0,0.0,2,0.0,0,True,1746968590.027273,left,False
310,1746968599.4866843,69.5413,0.930579,0.338569,0.19738,0.0311903,4927.59,2,5.57,25.9355,50.9004,49.9587,1,2,1.0,0.0,0.0,2,0.0,0,True,1746968590.027273,left,False
311,1746968599.5067573,69.8278,0.932453,0.325241,0.196883,0.0304206,4946.25,2,5.592,26.3615,51.3263,49.9585,1,2,1.0,0.0,0.0,2,0.0,0,True,1746968590.027273,left,False
312,1746968599.5299685,70.1162,0.933961,0.316582,0.196406,0.0296496,4959.42,2,5.614,26.7891,51.754,49.9582,1,2,1.0,0.0,0.0,2,0.0,0,True,1746968590.027273,left,False
313,1746968599.5538514,70.4017,0.936372,0.300355,0.195948,0.0288828,4981.63,2,5.636,27.2186,52.1834,49.9579,1,2,1.0,0.0,0.0,2,0.0,0,True,1746968590.027273,left,False
314,1746968599.5733898,70.685,0.938531,0.287326,0.19551,0.0281162,5007.68,2,5.658,27.6497,52.6145,49.9576,1,2,1.0,0.0,0.0,2,0.0,0,True,1746968590.027273,left,False
315,1746968599.5961607,70.9721,0.940729,0.276351,0.195092,0.0273497,5022.56,2,5.68,28.0826,53.0475,49.9573,1,2,1.0,0.0,0.0,2,0.0,0,True,1746968590.027273,left,False
316,1746968599.6175606,71.2585,0.94256,0.266814,0.194693,0.0265821,5040.34,2,5.702,28.5173,53.4821,49.957,1,2,1.0,0.0,0.0,2,0.0,0,True,1746968590.027273,left,False
317,1746968599.638494,71.5427,0.945291,0.249463,0.194314,0.0258158,5063.47,2,5.724,28.9537,53.9185,49.9567,1,2,1.0,0.0,0.0,2,0.0,0,True,1746968590.027273,left,False
318,1746968599.6627362,71.8271,0.947491,0.236053,0.193956,0.0250525,5086.33,2,5.746,29.3918,54.3567,49.9564,1,2,1.0,0.0,0.0,2,0.0,0,True,1746968590.027273,left,False
319,1746968599.6820796,72.1124,0.950463,0.219159,0.193618,0.0242861,5105.03,2,5.768,29.8317,54.7965,49.9561,1,2,1.0,0.0,0.0,2,0.0,0,True,1746968590.027273,left,False
320,1746968599.7046292,72.3989,0.952706,0.202557,0.193301,0.0235188,5121.5,2,5.79,30.2734,55.2382,49.9558,1,2,1.0,0.0,0.0,2,0.0,0,True,1746968590.027273,left,False
321,1746968599.727539,72.6838,0.95465,0.189234,0.193004,0.0227531,5140.89,2,5.812,30.7167,55.6816,49.9555,1,2,1.0,0.0,0.0,2,0.0,0,True,1746968590.027273,left,False
322,1746968599.7512023,72.969,0.956387,0.179015,0.192729,0.0219904,5159.16,2,5.834,31.1619,56.1267,49.9552,1,2,1.0,0.0,0.0,2,0.0,0,True,1746968590.027273,left,False
323,1746968599.7713695,73.2549,0.958102,0.169555,0.192474,0.021229,5175.95,2,5.856,31.6088,56.5736,49.9549,1,2,1.0,0.0,0.0,2,0.0,0,True,1746968590.027273,left,False
324,1746968599.7951336,73.5392,0.96149,0.149986,0.192241,0.0204713,5195.98,2,5.878,32.0574,57.0222,49.9546,1,2,1.0,0.0,0.0,2,0.0,0,True,1746968590.027273,left,False
325,1746968599.8197596,73.8199,0.963829,0.138516,0.192028,0.0197156,5226.02,2,5.9,32.5078,57.4727,49.9543,1,2,1.0,0.0,-0.1,2,0.0,0,True,1746968590.027273,left,False
326,1746968599.8366723,74.0774,0.793379,0.126929,0.191798,0.0196293,5271.18,2,5.922,32.9598,57.9246,49.9539,1,2,1.0,0.0,-0.1,2,0.0,0,True,1746968590.027273,left,False
327,1746968599.8587742,74.3455,0.676275,0.1424,0.19148,0.0212323,5272.1,2,5.944,33.4134,58.3782,49.9536,1,2,1.0,0.0,-0.1,2,0.0,0,True,1746968590.027273,left,False
328,1746968599.8803797,74.6119,0.658807,0.163873,0.191065,0.024361,5275.98,2,5.966,33.8686,58.8334,49.9533,1,2,1.0,0.0,-0.1,2,0.0,0,True,1746968590.027273,left,False
329,1746968599.9028597,74.8735,0.716674,0.208123,0.190544,0.0288015,5287.13,2,5.988,34.3254,59.2902,49.9529,1,2,1.0,0.0,-0.1,2,0.0,0,True,1746968590.027273,left,False
330,1746968599.9262452,75.1335,0.827817,0.270942,0.189904,0.0343464,5296.59,2,6.01,34.7838,59.7486,49.9526,1,2,1.0,0.0,-0.1,2,0.0,0,True,1746968590.027273,left,False
331,1746968599.9500718,75.3859,0.98274,0.340099,0.189133,0.040788,5316.49,2,6.032,35.2437,60.2085,49.9523,1,2,1.0,0.0,-0.1,2,0.0,0,True,1746968590.027273,left,False
332,1746968599.9689796,75.6367,1.15668,0.436583,0.188218,0.0479208,5331.27,2,6.054,35.705,60.6699,49.9519,1,2,1.0,0.0,-0.1,2,0.0,0,True,1746968590.027273,left,False
333,1746968599.9942102,75.8816,1.34056,0.540535,0.187144,0.0555839,5351.45,2,6.076,36.1678,61.1327,49.9516,1,2,1.0,0.0,-0.1,2,0.0,0,True,1746968590.027273,left,False
334,1746968600.0146887,76.1184,1.52831,0.654151,0.185899,0.0636193,5381.77,2,6.098,36.632,61.5969,49.9512,1,2,1.0,0.0,-0.1,2,0.0,0,True,1746968590.027273,left,False
335,1746968600.037005,76.3541,1.70576,0.779469,0.184469,0.0718959,5405,2,6.12,37.0976,62.0624,49.9509,1,2,1.0,0.0,-0.1,2,0.0,0,True,1746968590.027273,left,False
336,1746968600.0558453,76.5809,1.87248,0.915536,0.182843,0.0802934,5439.11,2,6.142,37.5645,62.5294,49.9506,1,2,1.0,0.0,-0.1,2,0.0,0,True,1746968590.027273,left,False
337,1746968600.0783453,76.8071,2.01882,1.05658,0.181011,0.088709,5466.68,2,6.164,38.0327,62.9975,49.9502,1,2,1.0,0.0,-0.1,2,0.0,0,True,1746968590.027273,left,False
338,1746968600.1050696,77.0277,2.14512,1.20954,0.178963,0.0970554,5498.16,2,6.186,38.502,63.4668,49.9499,1,2,1.0,0.0,-0.1,2,0.0,0,True,1746968590.027273,left,False
339,1746968600.1251838,77.2458,2.24907,1.36704,0.176693,0.105269,5528.21,2,6.208,38.9724,63.9372,49.9496,1,2,1.0,0.0,-0.1,2,0.0,0,True,1746968590.027273,left,False
340,1746968600.1522532,77.4625,2.32704,1.53637,0.174195,0.113295,5555.19,2,6.23,39.4439,64.4088,49.9492,1,2,1.0,0.0,-0.1,2,0.0,0,True,1746968590.027273,left,False
341,1746968600.1688256,77.6761,2.38531,1.69943,0.171465,0.121088,5590.78,2,6.252,39.9164,64.8813,49.9489,1,2,1.0,0.0,0.0,2,0.0,0,True,1746968590.027273,right,False
342,1746968600.190344,77.9223,2.60522,1.87506,0.16854,0.127974,5583.37,2,6.274,40.3902,65.355,49.9486,1,2,1.0,0.0,0.0,2,0.0,0,True,1746968590.027273,right,False
343,1746968600.2133615,78.1659,2.72692,2.03306,0.165492,0.132811,5597.82,2,6.296,40.8653,65.8301,49.9482,1,2,1.0,0.0,0.0,2,0.0,0,True,1746968590.027273,right,False
344,1746968600.2357414,78.4072,2.71518,2.177,0.162321,0.135925,5628.65,2,6.318,41.3417,66.3065,49.9479,1,2,1.0,0.0,0.0,2,0.0,0,True,1746968590.027273,right,False
345,1746968600.253807,78.6551,2.61639,2.3006,0.159034,0.13765,5650.58,2,6.34,41.8194,66.7842,49.9476,1,2,1.0,0.0,0.0,2,0.0,0,True,1746968590.027273,right,False
346,1746968600.276959,78.9085,2.46305,2.41013,0.155641,0.13827,5662.37,2,6.362,42.2985,67.2633,49.9472,1,2,1.0,0.0,0.0,2,0.0,0,True,1746968590.027273,right,False
347,1746968600.3003168,79.1646,2.28068,2.49883,0.152158,0.138049,5676.37,2,6.384,42.7789,67.7438,49.9469,1,2,1.0,0.0,0.0,2,0.0,0,True,1746968590.027273,right,False
348,1746968600.3219235,79.4273,2.09056,2.56643,0.148601,0.137228,5676.21,2,6.406,43.2609,68.2257,49.9465,1,2,1.0,0.0,0.0,2,0.0,0,True,1746968590.027273,right,False
349,1746968600.345525,79.6837,1.90439,2.61671,0.144986,0.135996,5691.72,2,6.428,43.7443,68.7091,49.9462,1,2,1.0,0.0,0.0,2,0.0,0,True,1746968590.027273,right,False
350,1746968600.3677683,79.9424,1.72983,2.65014,0.141328,0.13451,5703.73,2,6.45,44.2291,69.194,49.9459,1,2,1.0,0.0,0.0,2,0.0,0,True,1746968590.027273,right,False
351,1746968600.3866065,80.2034,1.57301,2.66699,0.137639,0.132892,5710.97,2,6.472,44.7155,69.6803,49.9455,1,2,1.0,0.0,0.0,2,0.0,0,True,1746968590.027273,right,False
352,1746968600.409617,80.4636,1.43703,2.66675,0.133931,0.131235,5719.68,2,6.494,45.2034,70.1683,49.9452,1,2,1.0,0.0,0.0,2,0.0,0,True,1746968590.027273,right,False
353,1746968600.4335206,80.7247,1.3215,2.65864,0.130212,0.129603,5725.21,2,6.516,45.6929,70.6578,49.9449,1,2,1.0,0.0,0.0,2,0.0,0,True,1746968590.027273,right,False
354,1746968600.452149,80.9826,1.2267,2.64181,0.12649,0.128038,5738.89,2,6.538,46.184,71.1489,49.9445,1,2,1.0,0.0,0.0,2,0.0,0,True,1746968590.027273,right,False
355,1746968600.4778814,81.2432,1.15048,2.61872,0.122771,0.126564,5745.57,2,6.56,46.6767,71.6415,49.9442,1,2,1.0,0.0,0.0,2,0.0,0,True,1746968590.027273,right,False
356,1746968600.5007875,81.502,1.09171,2.59451,0.119058,0.125204,5757.01,2,6.582,47.171,72.1358,49.9439,1,2,1.0,0.0,0.0,2,0.0,0,True,1746968590.027273,right,False
357,1746968600.523549,81.7593,1.04847,2.56674,0.115354,0.123954,5771,2,6.604,47.6668,72.6317,49.9435,1,2,1.0,0.0,0.0,2,0.0,0,True,1746968590.027273,right,False
358,1746968600.5533905,82.0143,1.01907,2.53554,0.111664,0.122808,5788.29,2,6.626,48.1643,73.1292,49.9432,1,2,1.0,0.0,0.0,2,0.0,0,True,1746968590.027273,right,False
359,1746968600.5625703,82.2734,0.998079,2.51631,0.107987,0.121754,5793.6,2,6.648,48.6633,73.6282,49.9429,1,2,1.0,0.0,0.0,2,0.0,0,True,1746968590.027273,right,False
360,1746968600.5875802,82.5258,0.988047,2.48247,0.104325,0.120785,5812.27,2,6.67,49.164,74.1288,49.9425,1,2,1.0,0.0,0.0,2,0.0,0,True,1746968590.027273,right,False
361,1746968600.6125207,82.7803,0.98357,2.4588,0.100679,0.119888,5823.77,2,6.692,49.6662,74.631,49.9422,1,2,1.0,0.0,0.0,2,0.0,0,True,1746968590.027273,right,False
362,1746968600.632092,83.031,0.984154,2.43444,0.0970497,0.119049,5842.4,2,6.714,50.17,75.1348,49.9418,1,2,1.0,0.0,0.0,2,0.0,0,True,1746968590.027273,right,False
363,1746968600.6542988,83.2818,0.987577,2.41596,0.093436,0.11826,5859.72,2,6.736,50.6754,75.6403,49.9415,1,2,1.0,0.0,0.0,2,0.0,0,True,1746968590.027273,right,False
364,1746968600.6749372,83.5307,0.994318,2.3924,0.0898387,0.117509,5878.69,2,6.758,51.1824,76.1472,49.9412,1,2,1.0,0.0,0.0,2,0.0,0,True,1746968590.027273,right,False
365,1746968600.6939764,83.7808,1.00161,2.37539,0.0862576,0.116783,5890.94,2,6.78,51.6909,76.6557,49.9408,1,2,1.0,0.0,0.0,2,0.0,0,True,1746968590.027273,right,False
366,1746968600.7183523,84.0278,1.00954,2.3595,0.0826922,0.116077,5908.71,2,6.802,52.2009,77.1658,49.9405,1,2,1.0,0.0,0.0,2,0.0,0,True,1746968590.027273,right,False
367,1746968600.7415082,84.2754,1.01726,2.34759,0.0791423,0.115384,5921.32,2,6.824,52.7125,77.6774,49.9402,1,2,1.0,0.0,0.0,2,0.0,0,True,1746968590.027273,right,False
368,1746968600.7632804,84.5209,1.02432,2.33401,0.0756076,0.114692,5940.62,2,6.846,53.2256,78.1904,49.9398,1,2,1.0,0.0,0.0,2,0.0,0,True,1746968590.027273,right,False
369,1746968600.7906895,84.7651,1.03153,2.31713,0.0720876,0.114002,5959.3,2,6.868,53.7403,78.7051,49.9395,1,2,1.0,0.0,0.0,2,0.0,0,True,1746968590.027273,right,False
370,1746968600.8075058,85.0091,1.03832,2.29907,0.0685829,0.113312,5972.36,2,6.89,54.2565,79.2213,49.9392,1,2,1.0,0.0,0.0,2,0.0,0,True,1746968590.027273,right,False
371,1746968600.829523,85.2498,1.04384,2.28006,0.065093,0.112618,5998.49,2,6.912,54.7742,79.739,49.9388,1,2,1.0,0.0,0.0,2,0.0,0,True,1746968590.027273,right,False
372,1746968600.85144,85.4943,1.04715,2.27072,0.061618,0.111912,6006.97,2,6.934,55.2934,80.2582,49.9385,1,2,1.0,0.0,0.0,2,0.0,0,True,1746968590.027273,right,False
373,1746968600.8705547,85.7355,1.05052,2.25669,0.058158,0.111203,6023.58,2,6.956,55.8141,80.779,49.9382,1,2,1.0,0.0,0.0,2,0.0,0,True,1746968590.027273,right,False
374,1746968600.894154,85.9766,1.05237,2.24636,0.0547129,0.110483,6036.3,2,6.978,56.3364,81.3012,49.9378,1,2,1.0,0.0,0.0,2,0.0,0,True,1746968590.027273,right,False
375,1746968600.918799,86.2149,1.05396,2.23275,0.0512833,0.109756,6056.32,2,7,56.86,81.8249,49.9375,1,2,1.0,0.0,0.0,2,0.0,0,True,1746968590.027273,right,False
376,1746968600.9389431,86.4547,1.05436,2.22892,0.0478687,0.109021,6066.14,2,7.022,57.3852,82.35,49.9371,1,2,1.0,0.0,0.0,2,0.0,0,True,1746968590.027273,right,False
377,1746968600.959944,86.6904,1.05484,2.21615,0.0444698,0.10828,6085.78,2,7.044,57.9118,82.8766,49.9368,1,2,1.0,0.0,0.0,2,0.0,0,True,1746968590.027273,right,False
378,1746968600.9833755,86.9267,1.05482,2.20301,0.0410863,0.107533,6104.7,2,7.066,58.4399,83.4048,49.9365,1,2,1.0,0.0,0.0,2,0.0,0,True,1746968590.027273,right,False
379,1746968601.0038958,87.1629,1.05435,2.19772,0.0377189,0.106784,6118.86,2,7.088,58.9695,83.9344,49.9361,1,2,1.0,0.0,0.0,2,0.0,0,True,1746968590.027273,right,False
380,1746968601.025904,87.398,1.05415,2.19105,0.0343678,0.106033,6130.74,2,7.11,59.5006,84.4655,49.9358,1,2,1.0,0.0,0.0,2,0.0,0,True,1746968590.027273,right,False
381,1746968601.0459614,87.6321,1.05429,2.17665,0.0310332,0.105281,6145.14,2,7.132,60.0331,84.998,49.9355,1,2,1.0,0.0,0.0,2,0.0,0,True,1746968590.027273,right,False
382,1746968601.0711174,87.865,1.05459,2.17065,0.0277152,0.10453,6160.28,2,7.154,60.5671,85.532,49.9351,1,2,1.0,0.0,0.0,2,0.0,0,True,1746968590.027273,right,False
383,1746968601.0911162,88.0973,1.05476,2.15708,0.0244143,0.103782,6175.45,2,7.176,61.1027,86.0675,49.9348,1,2,1.0,0.0,0.0,2,0.0,0,True,1746968590.027273,right,False
384,1746968601.11504,88.3291,1.05524,2.15496,0.0211304,0.103036,6187.69,2,7.198,61.6396,86.6045,49.9345,1,2,1.0,0.0,0.0,2,0.0,0,True,1746968590.027273,right,False
385,1746968601.1342819,88.5587,1.05692,2.14439,0.017864,0.102295,6202.71,2,7.22,62.178,87.1428,49.9341,1,2,1.0,0.0,0.0,2,0.0,0,True,1746968590.027273,right,False
386,1746968601.1601162,88.7884,1.05837,2.13347,0.0146151,0.101558,6218.55,2,7.242,62.7178,87.6826,49.9338,1,2,1.0,0.0,0.0,2,0.0,0,True,1746968590.027273,right,False
387,1746968601.1808114,89.016,1.06034,2.11938,0.0113838,0.100824,6236.35,2,7.264,63.259,88.2239,49.9335,1,2,1.0,0.0,0.0,2,0.0,0,True,1746968590.027273,right,False
388,1746968601.2009678,89.2448,1.06231,2.1063,0.00817064,0.100095,6247.44,2,7.286,63.8016,88.7665,49.9331,1,2,1.0,0.0,0.0,2,0.0,0,True,1746968590.027273,right,False
389,1746968601.2262824,89.4712,1.06434,2.09759,0.00497532,0.0993674,6261.06,2,7.308,64.3457,89.3105,49.9328,1,2,1.0,0.0,0.0,2,0.0,0,True,1746968590.027273,right,False
390,1746968601.2441301,89.6981,1.0663,2.0885,0.00179812,0.0986446,6273.29,2,7.33,64.8912,89.856,49.9324,1,2,1.0,0.0,0.0,2,0.0,0,True,1746968590.027273,right,False
391,1746968601.269721,89.9225,1.06918,2.07693,-0.00136102,0.0979274,6288.78,2,7.352,65.4381,90.403,49.9321,1,2,1.0,0.0,0.0,2,0.0,0,True,1746968590.027273,right,False
392,1746968601.2898135,90.1476,1.07116,2.06355,-0.00450192,0.0972119,6303.26,2,7.374,65.9864,90.9512,49.9318,1,2,1.0,0.0,0.0,2,0.0,0,True,1746968590.027273,right,False
393,1746968601.3104248,90.3726,1.07435,2.05842,-0.00762463,0.0965092,6311.42,2,7.396,66.5361,91.501,49.9314,1,2,1.0,0.0,0.0,2,0.0,0,True,1746968590.027273,right,False
394,1746968601.3353639,90.5944,1.07867,2.04718,-0.010729,0.095818,6331.7,2,7.418,67.0872,92.0521,49.9311,1,2,1.0,0.0,0.0,2,0.0,0,True,1746968590.027273,right,False
395,1746968601.3562737,90.8151,1.08293,2.031,-0.0138149,0.0951281,6350.63,2,7.44,67.6397,92.6046,49.9308,1,2,1.0,0.0,0.0,2,0.0,0,True,1746968590.027273,right,False
396,1746968601.3774412,91.0368,1.08602,2.01878,-0.0168822,0.0944286,6364.8,2,7.462,68.1935,93.1584,49.9304,1,2,1.0,0.0,0.0,2,0.0,0,True,1746968590.027273,right,False
397,1746968601.403205,91.258,1.08886,2.00381,-0.0199309,0.0937264,6379.37,2,7.484,68.7488,93.7136,49.9301,1,2,1.0,0.0,0.0,2,0.0,0,True,1746968590.027273,right,False
398,1746968601.472081,91.48,1.09102,1.98849,-0.022961,0.0930214,6390.89,2,7.506,69.3054,94.2702,49.9298,1,2,1.0,0.0,0.0,2,0.0,0,True,1746968590.027273,right,False
399,1746968601.4921203,91.699,1.09312,1.97997,-0.0259724,0.0923155,6405.78,2,7.528,69.8633,94.8282,49.9294,1,2,1.0,0.0,0.0,2,0.0,0,True,1746968590.027273,right,False
400,1746968601.4941444,91.919,1.09435,1.96613,-0.0289651,0.0916072,6421.59,2,7.55,70.4227,95.3876,49.9291,1,2,1.0,0.0,0.0,2,0.0,0,True,1746968590.027273,right,False
401,1746968601.4967341,92.1379,1.09556,1.96077,-0.0319391,0.0908985,6433.41,2,7.572,70.9835,95.9483,49.9288,1,2,1.0,0.0,0.0,2,0.0,0,True,1746968590.027273,right,False
402,1746968601.5088723,92.3567,1.09721,1.94265,-0.0348941,0.0901916,6446.35,2,7.594,71.5455,96.5104,49.9284,1,2,1.0,0.0,0.0,2,0.0,0,True,1746968590.027273,right,False
403,1746968601.5504425,92.5736,1.09965,1.9239,-0.0378297,0.0894881,6463.51,2,7.616,72.1089,97.0738,49.9281,1,2,1.0,0.0,0.0,2,0.0,0,True,1746968590.027273,right,False
404,1746968601.5566669,92.792,1.10126,1.91477,-0.0407458,0.0887856,6475.47,2,7.638,72.6738,97.6386,49.9277,1,2,1.0,0.0,0.0,2,0.0,0,True,1746968590.027273,right,False
405,1746968601.5826774,93.0088,1.10331,1.90195,-0.0436427,0.0880879,6489.81,2,7.66,73.2399,98.2048,49.9274,1,2,1.0,0.0,0.0,2,0.0,0,True,1746968590.027273,right,False
406,1746968601.598138,93.2245,1.10582,1.88615,-0.0465203,0.0873929,6506.54,2,7.682,73.8074,98.7723,49.9271,1,2,1.0,0.0,0.0,2,0.0,0,True,1746968590.027273,right,False
407,1746968601.6188433,93.4408,1.10783,1.87107,-0.0493783,0.0866995,6517.1,2,7.704,74.3763,99.3411,49.9267,1,2,1.0,0.0,0.0,2,0.0,0,True,1746968590.027273,right,False
408,1746968601.6414435,93.656,1.11006,1.85756,-0.0522168,0.0860091,6531.04,2,7.726,74.9465,99.9113,49.9264,1,2,1.0,0.0,0.0,2,0.0,0,True,1746968590.027273,right,False
409,1746968601.6631887,93.8709,1.112,1.84956,-0.0550357,0.085321,6544.9,2,7.748,75.518,100.483,49.9261,1,2,1.0,0.0,0.0,2,0.0,0,True,1746968590.027273,right,False
410,1746968601.6867037,94.0856,1.11399,1.83835,-0.0578348,0.0846337,6554.73,2,7.77,76.0909,101.056,49.9257,1,2,1.0,0.0,0.0,2,0.0,0,True,1746968590.027273,right,False
411,1746968601.7070994,94.2965,1.11705,1.82158,-0.0606141,0.0839487,6576.27,2,7.792,76.6651,101.63,49.9254,1,2,1.0,0.0,0.0,2,0.0,0,True,1746968590.027273,right,False
412,1746968601.7312472,94.511,1.11888,1.81217,-0.0633737,0.0832662,6585.34,2,7.814,77.2407,102.206,49.9251,1,2,1.0,0.0,0.0,2,0.0,0,True,1746968590.027273,right,False
413,1746968601.752013,94.722,1.12158,1.79555,-0.0661132,0.0825846,6603.04,2,7.836,77.8175,102.782,49.9247,1,2,1.0,0.0,0.0,2,0.0,0,True,1746968590.027273,right,False
414,1746968601.7750783,94.9341,1.12385,1.78226,-0.0688327,0.0819048,6616.74,2,7.858,78.3957,103.361,49.9244,1,2,1.0,0.0,0.0,2,0.0,0,True,1746968590.027273,right,False
415,1746968601.7971525,95.1455,1.12627,1.771,-0.0715321,0.0812265,6629.55,2,7.88,78.9752,103.94,49.9241,1,2,1.0,0.0,0.0,2,0.0,0,True,1746968590.027273,right,False
416,1746968601.8196151,95.3559,1.12849,1.75777,-0.0742114,0.0805486,6643.58,2,7.902,79.556,104.521,49.9237,1,2,1.0,0.0,0.0,2,0.0,0,True,1746968590.027273,right,False
417,1746968601.8386505,95.5668,1.13048,1.74138,-0.0768705,0.0798698,6654.82,2,7.924,80.1381,105.103,49.9234,1,2,1.0,0.0,0.0,2,0.0,0,True,1746968590.027273,right,False
418,1746968601.8613405,95.7755,1.13235,1.73273,-0.0795093,0.0791941,6670.52,2,7.946,80.7215,105.686,49.923,1,2,1.0,0.0,0.0,2,0.0,0,True,1746968590.027273,right,False
419,1746968601.8853877,95.9851,1.1342,1.71772,-0.0821275,0.0785162,6684.03,2,7.968,81.3062,106.271,49.9227,1,2,1.0,0.0,0.0,2,0.0,0,True,1746968590.027273,right,False
420,1746968601.9059703,96.1947,1.13564,1.70977,-0.0847255,0.0778409,6693.02,2,7.99,81.8922,106.857,49.9224,1,2,1.0,0.0,0.0,2,0.0,0,True,1746968590.027273,right,False
421,1746968601.9269056,96.3833,1.13772,1.69487,-0.0870694,0.0772304,6707.81,2,8.01,82.426,107.391,49.9221,1,2,1.0,0.0,0.0,2,0.0,0,True,1746968590.027273,right,False
422,1746968601.9476624,96.5713,1.13972,1.6811,-0.0893964,0.0766194,6722.6,2,8.03,82.961,107.926,49.9218,1,2,1.0,0.0,0.0,2,0.0,0,True,1746968590.027273,right,False
423,1746968601.9678338,96.7598,1.14144,1.67137,-0.091706,0.0760063,6730.67,2,8.05,83.497,108.462,49.9215,1,2,1.0,0.0,0.0,2,0.0,0,True,1746968590.027273,right,False
424,1746968601.9840474,96.9469,1.14304,1.65959,-0.0939983,0.0753959,6745.6,2,8.07,84.0341,108.999,49.9212,1,2,1.0,0.0,0.0,2,0.0,0,True,1746968590.027273,right,False
425,1746968602.0069976,97.1337,1.14563,1.64288,-0.0962732,0.0747845,6759.45,2,8.09,84.5721,109.537,49.9209,1,2,1.0,0.0,0.0,2,0.0,0,True,1746968590.027273,right,False
426,1746968602.0252352,97.321,1.147,1.62985,-0.0985308,0.074176,6771.3,2,8.11,85.1113,110.076,49.9205,1,2,1.0,0.0,0.0,2,0.0,0,True,1746968590.027273,right,False
427,1746968602.0455716,97.5083,1.14835,1.61861,-0.100771,0.0735643,6780.61,2,8.13,85.6516,110.616,49.9202,1,2,1.0,0.0,0.0,2,0.0,0,True,1746968590.027273,right,False
428,1746968602.0665932,97.6943,1.15033,1.60333,-0.102994,0.0729565,6793.18,2,8.15,86.1929,111.158,49.9199,1,2,1.0,0.0,0.0,2,0.0,0,True,1746968590.027273,right,False
429,1746968602.0906112,97.8797,1.15223,1.58936,-0.105199,0.072349,6804.26,2,8.17,86.7352,111.7,49.9196,1,2,1.0,0.0,0.0,2,0.0,0,True,1746968590.027273,right,False
430,1746968602.106853,98.0494,1.153,1.57673,-0.107386,0.071744,6805.58,2,8.19,87.2786,112.243,49.9194,1,2,1.0,0.0,0.0,2,0.0,0,True,1746968590.027273,right,False
431,1746968602.129162,98.2117,1.1547,1.56432,-0.109556,0.0711457,6781.23,2,8.21,87.8228,112.788,49.9191,1,2,1.0,0.0,0.0,3,0.0,0,False,1746968602.110034,right,False
432,1746968602.143882,98.3659,1.15583,1.55525,-0.111707,0.0705562,6806.29,2,8.23,88.368,113.333,49.9188,1,2,1.0,0.0,0.0,3,0.0,0,False,1746968602.110034,right,False
433,1746968602.1646357,98.4426,1.15732,1.53793,-0.11384,0.0699769,4928.92,3,8.25,88.914,113.879,49.9188,1,2,1.0,0.0,0.0,3,0.0,0,False,1746968602.110034,right,False
434,1746968602.1854157,98.4228,1.15817,1.53,-0.115952,0.0694269,4930.06,3,8.27,89.46,114.425,49.9188,1,2,1.0,0.0,0.0,3,0.0,0,False,1746968602.110034,right,False
435,1746968602.2077737,98.3964,1.1635,1.51373,-0.118043,0.0689184,4931.19,3,8.29,90.0057,114.971,49.9188,1,2,1.0,0.0,0.0,3,0.0,0,False,1746968602.110034,right,False
436,1746968602.2260015,98.3697,1.1723,1.49698,-0.120113,0.0684589,4932.33,3,8.31,90.5513,115.516,49.9188,1,2,1.0,0.0,0.0,3,0.0,0,False,1746968602.110034,right,False
437,1746968602.2448566,98.343,1.18467,1.4893,-0.122163,0.0680506,4933.46,3,8.33,91.097,116.062,49.9188,1,2,1.0,0.0,0.0,3,0.0,0,False,1746968602.110034,right,False
438,1746968602.264184,98.3163,1.19995,1.47541,-0.124192,0.0676965,4934.58,3,8.35,91.6426,116.607,49.9188,1,2,1.0,0.0,0.0,3,0.0,0,False,1746968602.110034,right,False
439,1746968602.2865515,98.2897,1.21914,1.46382,-0.126203,0.0673945,4935.71,3,8.37,92.1879,117.153,49.9188,1,2,1.0,0.0,0.0,3,0.0,0,False,1746968602.110034,right,False
440,1746968602.3058066,98.263,1.23995,1.45392,-0.128195,0.0671411,4936.83,3,8.39,92.7329,117.698,49.9188,1,2,1.0,0.0,0.0,3,0.0,0,False,1746968602.110034,right,False
441,1746968602.3257132,98.2363,1.26364,1.43934,-0.13017,0.0669337,4937.95,3,8.41,93.278,118.243,49.9188,1,2,1.0,0.0,0.0,3,0.0,0,False,1746968602.110034,right,False
442,1746968602.3452897,98.2097,1.28744,1.42916,-0.132128,0.0667647,4939.06,3,8.43,93.823,118.788,49.9188,1,2,1.0,0.0,0.0,3,0.0,0,False,1746968602.110034,right,False
443,1746968602.3649442,98.183,1.31258,1.41908,-0.134071,0.0666306,4940.18,3,8.45,94.368,119.333,49.9188,1,2,1.0,0.0,0.0,3,0.0,0,False,1746968602.110034,right,False
444,1746968602.386687,98.1563,1.33767,1.40327,-0.136,0.0665251,4941.29,3,8.47,94.9124,119.877,49.9188,1,2,1.0,0.0,0.0,3,0.0,0,False,1746968602.110034,right,False
445,1746968602.4040227,98.1296,1.36239,1.38923,-0.137916,0.0664426,4942.39,3,8.49,95.4568,120.422,49.9188,1,2,1.0,0.0,0.0,3,0.0,0,False,1746968602.110034,right,False
446,1746968602.427073,98.1029,1.38448,1.38664,-0.13982,0.0663772,4943.5,3,8.51,96.0013,120.966,49.9188,1,2,1.0,0.0,0.0,3,0.0,0,False,1746968602.110034,right,False
447,1746968602.443978,98.0762,1.4071,1.37484,-0.141712,0.0663255,4944.6,3,8.53,96.5457,121.511,49.9188,1,2,1.0,0.0,0.0,3,0.0,0,False,1746968602.110034,right,False
448,1746968602.465271,98.1632,1.42911,1.36013,-0.143595,0.066283,4907.94,3,8.55,97.0901,122.055,49.9185,1,2,1.0,0.0,0.0,3,0.0,0,False,1746968602.110034,right,False
449,1746968602.486633,98.3302,1.44815,1.35748,-0.145472,0.0662199,4925.73,3,8.57,97.6354,122.6,49.9183,1,2,1.0,0.0,0.0,3,0.0,0,False,1746968602.110034,right,False
450,1746968602.5047798,98.4993,1.46334,1.34784,-0.147345,0.0661145,4938.64,3,8.59,98.1815,123.146,49.918,1,2,1.0,0.0,0.0,3,0.0,0,False,1746968602.110034,right,False
451,1746968602.5284028,98.67,1.47179,1.33766,-0.149212,0.0659583,4950.34,3,8.61,98.7286,123.693,49.9177,1,2,1.0,0.0,0.0,3,0.0,0,False,1746968602.110034,right,False
452,1746968602.5464492,98.8388,1.47506,1.32794,-0.151075,0.0657426,4963.59,3,8.63,99.2766,124.241,49.9175,1,2,1.0,0.0,0.0,3,0.0,0,False,1746968602.110034,right,False
453,1746968602.5690873,99.0101,1.47139,1.32234,-0.152933,0.0654634,4973.38,3,8.65,99.8256,124.79,49.9172,1,2,1.0,0.0,0.0,3,0.0,0,False,1746968602.110034,right,False
454,1746968602.5866132,99.1793,1.46319,1.31312,-0.154787,0.0651184,4987.52,3,8.67,100.376,125.34,49.9169,1,2,1.0,0.0,0.0,3,0.0,0,False,1746968602.110034,right,False
455,1746968602.6042345,99.3489,1.45012,1.30467,-0.156635,0.0647062,4999.9,3,8.69,100.926,125.891,49.9167,1,2,1.0,0.0,0.0,3,0.0,0,False,1746968602.110034,right,False
456,1746968602.6270056,99.5195,1.43254,1.29922,-0.158476,0.0642286,5009.79,3,8.71,101.478,126.443,49.9164,1,2,1.0,0.0,0.0,3,0.0,0,False,1746968602.110034,right,False
457,1746968602.6437497,99.691,1.41179,1.29084,-0.16031,0.0636901,5019.76,3,8.73,102.031,126.996,49.9161,1,2,1.0,0.0,0.0,3,0.0,0,False,1746968602.110034,right,False
458,1746968602.666663,99.8629,1.3881,1.28255,-0.162135,0.0630972,5029.15,3,8.75,102.585,127.55,49.9159,1,2,1.0,0.0,0.0,3,0.0,0,False,1746968602.110034,right,False
459,1746968602.6878452,100.035,1.36265,1.27781,-0.163951,0.0624583,5036.57,3,8.77,103.139,128.104,49.9156,1,2,1.0,0.0,0.0,3,0.0,0,False,1746968602.110034,right,False
460,1746968602.7066855,100.207,1.33683,1.27371,-0.165756,0.061783,5045.56,3,8.79,103.695,128.66,49.9153,1,2,1.0,0.0,0.0,3,0.0,0,False,1746968602.110034,right,False
461,1746968602.7281353,100.379,1.31113,1.2661,-0.167549,0.0610793,5054.17,3,8.81,104.252,129.217,49.9151,1,2,1.0,0.0,0.0,3,0.0,0,False,1746968602.110034,right,False
462,1746968602.7450223,100.551,1.28692,1.25895,-0.169329,0.0603569,5062.43,3,8.83,104.809,129.774,49.9148,1,2,1.0,0.0,0.0,3,0.0,0,False,1746968602.110034,right,False
463,1746968602.7677476,100.723,1.26379,1.25627,-0.171094,0.0596266,5070.02,3,8.85,105.368,130.333,49.9145,1,2,1.0,0.0,0.0,3,0.0,0,False,1746968602.110034,right,False
464,1746968602.7857475,100.898,1.24236,1.25416,-0.172844,0.0588929,5073.5,3,8.87,105.927,130.892,49.9143,1,2,1.0,0.0,0.0,3,0.0,0,False,1746968602.110034,right,False
465,1746968602.804163,101.068,1.22463,1.24159,-0.174578,0.0581654,5085.64,3,8.89,106.488,131.453,49.914,1,2,1.0,0.0,0.0,3,0.0,0,False,1746968602.110034,right,False
466,1746968602.825697,101.242,1.20896,1.23955,-0.176295,0.057447,5089.27,3,8.91,107.049,132.014,49.9137,1,2,1.0,0.0,0.0,3,0.0,0,False,1746968602.110034,right,False
467,1746968602.843985,101.415,1.1965,1.22805,-0.177993,0.0567418,5098.05,3,8.93,107.612,132.577,49.9135,1,2,1.0,0.0,0.0,3,0.0,0,False,1746968602.110034,right,False
468,1746968602.863599,101.586,1.18737,1.21615,-0.179673,0.0560516,5107.61,3,8.95,108.175,133.14,49.9132,1,2,1.0,0.0,0.0,3,0.0,0,False,1746968602.110034,right,False
469,1746968602.8875082,101.759,1.18036,1.2069,-0.181334,0.0553787,5114.81,3,8.97,108.74,133.705,49.9129,1,2,1.0,0.0,0.0,3,0.0,0,False,1746968602.110034,right,False
470,1746968602.904822,101.932,1.17574,1.19945,-0.182975,0.0547243,5120.99,3,8.99,109.305,134.27,49.9127,1,2,1.0,0.0,0.0,3,0.0,0,False,1746968602.110034,right,False
471,1746968602.9282718,102.104,1.17347,1.18544,-0.184597,0.0540869,5128.86,3,9.01,109.871,134.836,49.9124,1,2,1.0,0.0,0.0,3,0.0,0,False,1746968602.110034,right,False
472,1746968602.9443777,102.276,1.17332,1.17221,-0.186199,0.0534655,5138.22,3,9.03,110.439,135.404,49.9121,1,2,1.0,0.0,0.0,3,0.0,0,False,1746968602.110034,right,False
473,1746968602.9674747,102.449,1.17456,1.16459,-0.18778,0.0528582,5144.17,3,9.05,111.007,135.972,49.9119,1,2,1.0,0.0,0.0,3,0.0,0,False,1746968602.110034,right,False
474,1746968602.9842837,102.619,1.17807,1.14043,-0.189341,0.0522656,5156.54,3,9.07,111.576,136.541,49.9116,1,2,1.0,0.0,0.0,3,0.0,0,False,1746968602.110034,right,False
475,1746968603.0043218,102.792,1.18116,1.13335,-0.190882,0.0516837,5162.59,3,9.09,112.146,137.111,49.9113,1,2,1.0,0.0,0.0,3,0.0,0,False,1746968602.110034,right,False
476,1746968603.0270045,102.962,1.18684,1.10895,-0.192403,0.0511093,5175,3,9.11,112.718,137.682,49.9111,1,2,1.0,0.0,0.0,3,0.0,0,False,1746968602.110034,right,False
477,1746968603.0444198,103.133,1.19196,1.08115,-0.193903,0.0505363,5185.26,3,9.13,113.29,138.255,49.9108,1,2,1.0,0.0,0.0,3,0.0,0,False,1746968602.110034,right,False
478,1746968603.0650296,103.308,1.19625,1.06661,-0.195383,0.0499694,5188.43,3,9.15,113.863,138.828,49.9105,1,2,1.0,0.0,0.0,3,0.0,0,False,1746968602.110034,right,False
479,1746968603.0854702,103.479,1.20132,1.04938,-0.196842,0.0494121,5198.15,3,9.17,114.437,139.402,49.9102,1,2,1.0,0.0,0.0,3,0.0,0,False,1746968602.110034,right,False
480,1746968603.1061144,103.65,1.205,1.04058,-0.198282,0.0488582,5207.83,3,9.19,115.012,139.977,49.9099,1,2,1.0,0.0,0.0,3,0.0,0,False,1746968602.110034,right,False
481,1746968603.126294,103.822,1.2094,1.02603,-0.199703,0.0483026,5215.09,3,9.21,115.588,140.553,49.9096,1,2,1.0,0.0,0.0,3,0.0,0,False,1746968602.110034,right,False
482,1746968603.1449654,103.994,1.21352,1.01193,-0.201103,0.0477508,5223.98,3,9.23,116.165,141.13,49.9093,1,2,1.0,0.0,0.0,3,0.0,0,False,1746968602.110034,right,False
483,1746968603.1655393,104.165,1.21777,0.994288,-0.202484,0.0472,5235.67,3,9.25,116.743,141.708,49.909,1,2,1.0,0.0,0.0,3,0.0,0,False,1746968602.110034,right,False
484,1746968603.186685,104.336,1.22136,0.980802,-0.203845,0.0466449,5244.21,3,9.27,117.322,142.286,49.9087,1,2,1.0,0.0,0.0,3,0.0,0,False,1746968602.110034,right,False
485,1746968603.206081,104.508,1.22448,0.965505,-0.205187,0.0460854,5252.88,3,9.29,117.901,142.866,49.9084,1,2,1.0,0.0,0.0,3,0.0,0,False,1746968602.110034,right,False
486,1746968603.2269912,104.68,1.22688,0.9485,-0.206508,0.0455224,5260.89,3,9.31,118.482,143.447,49.9081,1,2,1.0,0.0,0.0,3,0.0,0,False,1746968602.110034,right,False
487,1746968603.2441928,104.852,1.2286,0.933456,-0.20781,0.0449563,5268.07,3,9.33,119.064,144.029,49.9077,1,2,1.0,0.0,0.0,3,0.0,0,False,1746968602.110034,right,False
488,1746968603.2657979,105.024,1.22939,0.922665,-0.209092,0.044386,5277.12,3,9.35,119.647,144.612,49.9074,1,2,1.0,0.0,0.0,3,0.0,0,False,1746968602.110034,right,False
489,1746968603.2858653,105.195,1.23021,0.911912,-0.210354,0.0438125,5285.71,3,9.37,120.231,145.195,49.9071,1,2,1.0,0.0,0.0,3,0.0,0,False,1746968602.110034,right,False
490,1746968603.304237,105.366,1.232,0.889114,-0.211597,0.0432375,5296.06,3,9.39,120.815,145.78,49.9068,1,2,1.0,0.0,0.0,3,0.0,0,False,1746968602.110034,right,False
491,1746968603.325848,105.538,1.23187,0.880621,-0.212819,0.0426583,5303.54,3,9.41,121.401,146.366,49.9065,1,2,1.0,0.0,0.0,3,0.0,0,False,1746968602.110034,right,False
492,1746968603.3448486,105.71,1.2326,0.862891,-0.214021,0.0420769,5311.18,3,9.43,121.987,146.952,49.9062,1,2,1.0,0.0,0.0,3,0.0,0,False,1746968602.110034,right,False
493,1746968603.363899,105.881,1.23243,0.8488,-0.215203,0.0414908,5320.39,3,9.45,122.575,147.54,49.9059,1,2,1.0,0.0,0.0,3,0.0,0,False,1746968602.110034,right,False
494,1746968603.3863063,106.053,1.23275,0.831888,-0.216365,0.0409051,5329.9,3,9.47,123.164,148.128,49.9056,1,2,1.0,0.0,0.0,3,0.0,0,False,1746968602.110034,right,False
495,1746968603.4052167,106.224,1.23254,0.816854,-0.217506,0.0403174,5339.19,3,9.49,123.753,148.718,49.9053,1,2,1.0,0.0,0.0,3,0.0,0,False,1746968602.110034,right,False
496,1746968603.4266455,106.397,1.23237,0.805974,-0.218627,0.039729,5343.2,3,9.51,124.344,149.308,49.905,1,2,1.0,0.0,0.0,3,0.0,0,False,1746968602.110034,right,False
497,1746968603.4455888,106.569,1.23233,0.78619,-0.219727,0.0391392,5353.37,3,9.53,124.935,149.9,49.9047,1,2,1.0,0.0,0.0,3,0.0,0,False,1746968602.110034,right,False
498,1746968603.4666123,106.738,1.2327,0.773896,-0.220806,0.0385504,5365.71,3,9.55,125.527,150.492,49.9044,1,2,1.0,0.0,0.0,3,0.0,0,False,1746968602.110034,right,False
499,1746968603.4868562,106.91,1.23238,0.760064,-0.221865,0.0379618,5373.08,3,9.57,126.121,151.086,49.9041,1,2,1.0,0.0,0.0,3,0.0,0,False,1746968602.110034,right,False
500,1746968603.507734,107.083,1.23277,0.742961,-0.222902,0.0373732,5380.21,3,9.59,126.715,151.68,49.9038,1,2,1.0,0.0,0.0,3,0.0,0,False,1746968602.110034,right,False
501,1746968603.5273342,107.255,1.23325,0.727089,-0.223918,0.036785,5388.13,3,9.61,127.31,152.275,49.9035,1,2,1.0,0.0,0.0,3,0.0,0,False,1746968602.110034,right,False
502,1746968603.545008,107.426,1.23388,0.713096,-0.224913,0.0361976,5396,3,9.63,127.906,152.871,49.9032,1,2,1.0,0.0,0.0,3,0.0,0,False,1746968602.110034,right,False
503,1746968603.5656302,107.598,1.23461,0.700631,-0.225887,0.0356112,5404.33,3,9.65,128.504,153.469,49.9029,1,2,1.0,0.0,0.0,3,0.0,0,False,1746968602.110034,right,False
504,1746968603.584748,107.769,1.23525,0.683538,-0.22684,0.0350269,5414,3,9.67,129.102,154.067,49.9026,1,2,1.0,0.0,0.0,3,0.0,0,False,1746968602.110034,right,False
505,1746968603.6091497,107.94,1.23572,0.672521,-0.227771,0.0344401,5422.28,3,9.69,129.701,154.666,49.9023,1,2,1.0,0.0,0.0,3,0.0,0,False,1746968602.110034,right,False
506,1746968603.6263707,108.112,1.23714,0.653592,-0.22868,0.0338555,5431.01,3,9.71,130.301,155.266,49.9019,1,2,1.0,0.0,0.0,3,0.0,0,False,1746968602.110034,right,False
507,1746968603.6465445,108.282,1.23833,0.637982,-0.229568,0.033271,5442.02,3,9.73,130.902,155.867,49.9016,1,2,1.0,0.0,0.0,3,0.0,0,False,1746968602.110034,right,False
508,1746968603.6657343,108.455,1.23906,0.625082,-0.230434,0.032689,5445.51,3,9.75,131.504,156.469,49.9013,1,2,1.0,0.0,0.0,3,0.0,0,False,1746968602.110034,right,False
509,1746968603.6849432,108.626,1.24012,0.60963,-0.231279,0.0321094,5457.47,3,9.77,132.107,157.072,49.901,1,2,1.0,0.0,0.0,3,0.0,0,False,1746968602.110034,right,False
510,1746968603.7046802,108.798,1.24209,0.589331,-0.232102,0.0315312,5463.68,3,9.79,132.711,157.676,49.9007,1,2,1.0,0.0,0.0,3,0.0,0,False,1746968602.110034,right,False
511,1746968603.7279391,108.969,1.24376,0.575839,-0.232903,0.0309565,5473.4,3,9.81,133.316,158.281,49.9004,1,2,1.0,0.0,0.0,3,0.0,0,False,1746968602.110034,right,False
512,1746968603.7469041,109.141,1.24509,0.563255,-0.233682,0.0303808,5480.06,3,9.83,133.922,158.887,49.9001,1,2,1.0,0.0,0.0,3,0.0,0,False,1746968602.110034,right,False
513,1746968603.7675788,109.312,1.24747,0.543051,-0.234439,0.0298074,5489.43,3,9.85,134.529,159.493,49.8998,1,2,1.0,0.0,0.0,3,0.0,0,False,1746968602.110034,right,False
514,1746968603.7861936,109.484,1.24896,0.527072,-0.235174,0.0292321,5497.11,3,9.87,135.136,160.101,49.8995,1,2,1.0,0.0,0.0,3,0.0,0,False,1746968602.110034,left,False
515,1746968603.8061528,109.655,1.25055,0.512948,-0.235887,0.0286595,5505.21,3,9.89,135.745,160.71,49.8992,1,2,1.0,0.0,0.0,3,0.0,0,False,1746968602.110034,left,False
516,1746968603.8256521,109.826,1.25204,0.498188,-0.236578,0.0280864,5514.22,3,9.91,136.355,161.319,49.8989,1,2,1.0,0.0,0.0,3,0.0,0,False,1746968602.110034,left,False
517,1746968603.8440766,109.997,1.25371,0.480106,-0.237247,0.0275115,5523.65,3,9.93,136.965,161.93,49.8986,1,2,1.0,0.0,0.0,3,0.0,0,False,1746968602.110034,left,False
518,1746968603.8664098,110.169,1.25509,0.462908,-0.237893,0.026934,5531.22,3,9.95,137.577,162.542,49.8983,1,2,1.0,0.0,0.0,3,0.0,0,False,1746968602.110034,left,False
519,1746968603.885792,110.342,1.25569,0.450381,-0.238518,0.0263579,5536.88,3,9.97,138.189,163.154,49.898,1,2,1.0,0.0,0.0,3,0.0,0,False,1746968602.110034,left,False
520,1746968603.905415,110.51,1.25788,0.426047,-0.239119,0.025784,5551.12,3,9.99,138.803,163.768,49.8977,1,2,1.0,0.0,0.0,3,0.0,0,False,1746968602.110034,left,False
521,1746968603.9279833,110.682,1.25856,0.41473,-0.239699,0.0252056,5557.84,3,10.01,139.417,164.382,49.8974,1,2,1.0,0.0,0.0,3,0.0,0,False,1746968602.110034,left,False
522,1746968603.9454796,110.853,1.25973,0.397924,-0.240256,0.0246298,5568.31,3,10.03,140.033,164.998,49.8971,1,2,1.0,0.0,0.0,3,0.0,0,False,1746968602.110034,left,False
523,1746968603.9657881,111.024,1.26107,0.376506,-0.240791,0.0240504,5576.69,3,10.05,140.649,165.614,49.8968,1,2,1.0,0.0,0.0,3,0.0,0,False,1746968602.110034,left,False
524,1746968603.9842563,111.196,1.26136,0.363945,-0.241303,0.0234696,5584.12,3,10.07,141.266,166.231,49.8965,1,2,1.0,0.0,0.0,3,0.0,0,False,1746968602.110034,left,False
525,1746968604.006838,111.367,1.2623,0.346977,-0.241792,0.0228886,5592.19,3,10.09,141.885,166.85,49.8961,1,2,1.0,0.0,0.0,3,0.0,0,False,1746968602.110034,left,False
526,1746968604.025024,111.538,1.26294,0.32864,-0.242258,0.0223046,5601.22,3,10.11,142.504,167.469,49.8958,1,2,1.0,0.0,0.0,3,0.0,0,False,1746968602.110034,left,False
527,1746968604.04537,111.709,1.26331,0.312897,-0.242702,0.0217212,5609.14,3,10.13,143.124,168.089,49.8955,1,2,1.0,0.0,0.0,3,0.0,0,False,1746968602.110034,left,False
528,1746968604.064977,111.88,1.26356,0.297901,-0.243123,0.0211357,5618.26,3,10.15,143.745,168.71,49.8952,1,2,1.0,0.0,0.0,3,0.0,0,False,1746968602.110034,left,False
529,1746968604.0854003,112.051,1.26446,0.277706,-0.24352,0.02055,5627.24,3,10.17,144.367,169.332,49.8949,1,2,1.0,0.0,0.0,3,0.0,0,False,1746968602.110034,left,False
530,1746968604.1059146,112.222,1.26476,0.260852,-0.243894,0.0199633,5636.29,3,10.19,144.99,169.955,49.8946,1,2,1.0,0.0,0.0,3,0.0,0,False,1746968602.110034,left,False
531,1746968604.1265385,112.394,1.26466,0.249577,-0.244245,0.0193761,5643.12,3,10.21,145.614,170.579,49.8943,1,2,1.0,0.0,0.0,3,0.0,0,False,1746968602.110034,left,False
532,1746968604.148143,112.565,1.26496,0.235681,-0.244573,0.0187883,5649.93,3,10.23,146.239,171.204,49.894,1,2,1.0,0.0,0.0,3,0.0,0,True,1746968602.110034,left,False
533,1746968604.1639163,112.737,1.26519,0.21902,-0.244877,0.0181998,5657.57,3,10.25,146.865,171.83,49.8937,1,2,1.0,0.0,0.0,3,0.0,0,True,1746968602.110034,left,False
534,1746968604.186791,112.906,1.26581,0.194824,-0.245158,0.0176108,5669.45,3,10.27,147.492,172.457,49.8934,1,2,1.0,0.0,0.0,3,0.0,0,True,1746968602.110034,left,False
535,1746968604.204684,113.078,1.26607,0.177368,-0.245415,0.0170212,5676.38,3,10.29,148.12,173.085,49.8931,1,2,1.0,0.0,0.0,3,0.0,0,True,1746968602.110034,left,False
536,1746968604.22891,113.249,1.26666,0.161554,-0.245648,0.0164298,5686.28,3,10.31,148.749,173.713,49.8928,1,2,1.0,0.0,0.0,3,0.0,0,True,1746968602.110034,left,False
537,1746968604.2447925,113.42,1.26656,0.147121,-0.245858,0.0158408,5693.93,3,10.33,149.378,174.343,49.8925,1,2,1.0,0.0,0.0,3,0.0,0,True,1746968602.110034,left,False
538,1746968604.2661707,113.59,1.26785,0.124074,-0.246043,0.0152488,5704.89,3,10.35,150.009,174.974,49.8922,1,2,1.0,0.0,0.0,3,0.0,0,True,1746968602.110034,left,False
539,1746968604.2870855,113.763,1.26743,0.112467,-0.246205,0.0146573,5707.75,3,10.37,150.641,175.605,49.8919,1,2,1.0,0.0,0.0,3,0.0,0,True,1746968602.110034,left,False
540,1746968604.3068585,113.933,1.26783,0.0963812,-0.246342,0.014069,5719.74,3,10.39,151.273,176.238,49.8916,1,2,1.0,0.0,0.0,3,0.0,0,True,1746968602.110034,left,False
541,1746968604.3255475,114.102,1.26924,0.0730695,-0.246455,0.0134753,5732.33,3,10.41,151.907,176.871,49.8913,1,2,1.0,0.0,0.0,3,0.0,0,True,1746968602.110034,left,False
542,1746968604.3462548,114.273,1.26967,0.0490718,-0.246543,0.0128786,5740.58,3,10.43,152.541,177.506,49.891,1,2,1.0,0.0,0.0,3,0.0,0,True,1746968602.110034,left,False
543,1746968604.364933,114.446,1.2692,0.0320388,-0.246607,0.0122793,5744.12,3,10.45,153.177,178.141,49.8907,1,2,1.0,0.0,0.0,3,0.0,0,True,1746968602.110034,left,False
544,1746968604.3871958,114.616,1.27,0.0115889,-0.246647,0.0116856,5755.31,3,10.47,153.813,178.778,49.8904,1,2,1.0,0.0,0.0,3,0.0,0,True,1746968602.110034,left,False
545,1746968604.4054227,114.787,1.27068,-0.00630935,-0.246661,0.0110939,5764.08,3,10.49,154.45,179.415,49.89,1,2,1.0,0.0,0.0,3,0.0,0,True,1746968602.110034,left,False
546,1746968604.4260392,114.957,1.27013,-0.0199388,-0.246651,0.0104942,5772.69,3,10.51,155.088,180.053,49.8897,1,2,1.0,0.0,0.0,3,0.0,0,True,1746968602.110034,left,False
547,1746968604.4440985,115.13,1.26836,-0.0272583,-0.246617,0.0098912,5775.78,3,10.53,155.728,180.693,49.8894,1,2,1.0,0.0,0.0,3,0.0,0,True,1746968602.110034,left,False
548,1746968604.4641478,115.301,1.26738,-0.0346903,-0.246558,0.00929498,5782.6,3,10.55,156.368,181.333,49.8891,1,2,1.0,0.0,0.0,3,0.0,0,True,1746968602.110034,left,False
549,1746968604.4866502,115.468,1.26832,-0.0533763,-0.246474,0.00870166,5796.8,3,10.57,157.009,181.974,49.8888,1,2,1.0,0.0,0.0,3,0.0,0,True,1746968602.110034,left,False
550,1746968604.5060027,115.64,1.26786,-0.0599271,-0.246365,0.00810603,5800.49,3,10.59,157.651,182.616,49.8885,1,2,1.0,0.0,0.0,3,0.0,0,True,1746968602.110034,left,False
551,1746968604.5253682,115.807,1.27009,-0.0887959,-0.246232,0.00751606,5812.33,3,10.61,158.294,183.259,49.8882,1,2,1.0,0.0,0.0,3,0.0,0,True,1746968602.110034,left,False
552,1746968604.5455017,115.977,1.27272,-0.11161,-0.246072,0.00693364,5819.49,3,10.63,158.938,183.903,49.8879,1,2,1.0,0.0,0.0,3,0.0,0,True,1746968602.110034,left,False
553,1746968604.5649083,116.145,1.27568,-0.137338,-0.245887,0.00635526,5828.79,3,10.65,159.583,184.548,49.8876,1,2,1.0,0.0,0.0,3,0.0,0,True,1746968602.110034,left,False
554,1746968604.5868983,116.313,1.27799,-0.158871,-0.245677,0.00577687,5837.86,3,10.67,160.229,185.193,49.8873,1,2,1.0,0.0,0.0,3,0.0,0,True,1746968602.110034,left,False
555,1746968604.6048288,116.482,1.28075,-0.173882,-0.245441,0.00520319,5843.63,3,10.69,160.875,185.84,49.887,1,2,1.0,0.0,0.0,3,0.0,0,True,1746968602.110034,left,False
556,1746968604.6263597,116.649,1.28379,-0.193862,-0.245179,0.00462933,5852.83,3,10.71,161.523,186.488,49.8867,1,2,1.0,0.0,0.0,3,0.0,0,True,1746968602.110034,left,False
557,1746968604.6445172,116.816,1.28588,-0.218192,-0.244892,0.0040522,5862.36,3,10.73,162.172,187.136,49.8864,1,2,1.0,0.0,0.0,3,0.0,0,True,1746968602.110034,left,False
558,1746968604.666982,116.984,1.28701,-0.235478,-0.24458,0.00346965,5868.02,3,10.75,162.821,187.786,49.8861,1,2,1.0,0.0,0.0,3,0.0,0,True,1746968602.110034,left,False
559,1746968604.6852148,117.151,1.28868,-0.257331,-0.244242,0.0028897,5875.6,3,10.77,163.471,188.436,49.8858,1,2,1.0,0.0,0.0,3,0.0,0,True,1746968602.110034,left,False
560,1746968604.7058792,117.316,1.28994,-0.276983,-0.243879,0.00230822,5885.51,3,10.79,164.123,189.088,49.8855,1,2,1.0,0.0,0.0,3,0.0,0,True,1746968602.110034,left,False
561,1746968604.7250109,117.484,1.28995,-0.295378,-0.24349,0.00171762,5891.01,3,10.81,164.775,189.74,49.8852,1,2,1.0,0.0,0.0,3,0.0,0,True,1746968602.110034,left,False
562,1746968604.7446878,117.648,1.29085,-0.31874,-0.243075,0.00113034,5901.24,3,10.83,165.428,190.393,49.8849,1,2,1.0,0.0,0.0,3,0.0,0,True,1746968602.110034,left,False
563,1746968604.767605,117.815,1.29039,-0.331101,-0.242635,0.000541258,5906.19,3,10.85,166.082,191.047,49.8846,1,2,1.0,0.0,0.0,3,0.0,0,True,1746968602.110034,left,False
564,1746968604.7865376,117.98,1.29111,-0.346005,-0.242169,-4.72809e-005,5913.54,3,10.87,166.737,191.702,49.8842,1,2,1.0,0.0,0.0,3,0.0,0,True,1746968602.110034,left,False
565,1746968604.8063378,118.145,1.29232,-0.369917,-0.241677,-0.000632395,5922.5,3,10.89,167.393,192.358,49.8839,1,2,1.0,0.0,0.0,3,0.0,0,True,1746968602.110034,left,False
566,1746968604.8263733,118.309,1.29328,-0.392181,-0.241159,-0.001216,5930.45,3,10.91,168.05,193.015,49.8836,1,2,1.0,0.0,0.0,3,0.0,0,True,1746968602.110034,left,False
567,1746968604.845025,118.474,1.29354,-0.404737,-0.240615,-0.00179964,5936.33,3,10.93,168.708,193.673,49.8833,1,2,1.0,0.0,0.0,3,0.0,0,True,1746968602.110034,left,False
568,1746968604.8661149,118.638,1.29416,-0.425791,-0.240045,-0.00238441,5944.78,3,10.95,169.367,194.332,49.883,1,2,1.0,0.0,0.0,3,0.0,0,True,1746968602.110034,left,False
569,1746968604.8840194,118.801,1.29483,-0.446302,-0.239449,-0.00297001,5953.2,3,10.97,170.026,194.991,49.8827,1,2,1.0,0.0,0.0,3,0.0,0,True,1746968602.110034,left,False
570,1746968604.9054148,118.965,1.29589,-0.466539,-0.238827,-0.00355304,5960.96,3,10.99,170.687,195.652,49.8824,1,2,1.0,0.0,0.0,3,0.0,0,True,1746968602.110034,left,False
571,1746968604.9254892,119.127,1.29657,-0.484973,-0.238179,-0.00413639,5969.42,3,11.01,171.348,196.313,49.8821,1,2,1.0,0.0,0.0,3,0.0,0,True,1746968602.110034,left,False
572,1746968604.9448864,119.291,1.297,-0.502608,-0.237504,-0.00472069,5975.11,3,11.03,172.01,196.975,49.8818,1,2,1.0,0.0,0.0,3,0.0,0,True,1746968602.110034,left,False
573,1746968604.9677386,119.454,1.29737,-0.514946,-0.236804,-0.00530177,5980.94,3,11.05,172.674,197.638,49.8815,1,2,1.0,0.0,0.0,3,0.0,0,True,1746968602.110034,left,False
574,1746968604.9847074,119.617,1.29851,-0.531733,-0.236077,-0.00587876,5990.11,3,11.07,173.338,198.303,49.8812,1,2,1.0,0.0,0.0,3,0.0,0,True,1746968602.110034,left,False
575,1746968605.007413,119.777,1.30033,-0.554426,-0.235323,-0.00645501,6001.36,3,11.09,174.003,198.968,49.8809,1,2,1.0,0.0,0.0,3,0.0,0,True,1746968602.110034,left,False
576,1746968605.0265818,119.94,1.30139,-0.570238,-0.234544,-0.00702871,6004.85,3,11.11,174.669,199.633,49.8806,1,2,1.0,0.0,0.0,3,0.0,0,True,1746968602.110034,left,False
577,1746968605.04455,120.101,1.30282,-0.578878,-0.233737,-0.00760129,6011.85,3,11.13,175.335,200.3,49.8803,1,2,1.0,0.0,0.0,3,0.0,0,True,1746968602.110034,left,False
578,1746968605.0662696,120.262,1.30474,-0.605345,-0.232905,-0.00817198,6021.48,3,11.15,176.003,200.968,49.88,1,2,1.0,0.0,0.0,3,0.0,0,True,1746968602.110034,left,False
579,1746968605.084671,120.422,1.30673,-0.622522,-0.232045,-0.00874147,6029.51,3,11.17,176.672,201.636,49.8797,1,2,1.0,0.0,0.0,3,0.0,0,True,1746968602.110034,left,False
580,1746968605.1063607,120.583,1.30862,-0.641431,-0.231159,-0.00930974,6036.45,3,11.19,177.341,202.306,49.8794,1,2,1.0,0.0,0.0,3,0.0,0,True,1746968602.110034,left,False
581,1746968605.125626,120.744,1.31068,-0.662623,-0.230247,-0.00987738,6043.92,3,11.21,178.011,202.976,49.8791,1,2,1.0,0.0,0.0,3,0.0,0,True,1746968602.110034,left,False
582,1746968605.1442995,120.903,1.31248,-0.681457,-0.229308,-0.0104441,6051.7,3,11.23,178.682,203.647,49.8788,1,2,1.0,0.0,0.0,3,0.0,0,True,1746968602.110034,left,False
583,1746968605.1638868,121.063,1.31445,-0.700604,-0.228342,-0.0110096,6059.95,3,11.25,179.354,204.319,49.8784,1,2,1.0,0.0,0.0,3,0.0,0,True,1746968602.110034,left,False
584,1746968605.185942,121.222,1.31653,-0.721628,-0.227349,-0.0115762,6067.7,3,11.27,180.027,204.992,49.8781,1,2,1.0,0.0,0.0,3,0.0,0,True,1746968602.110034,left,False
585,1746968605.206674,121.381,1.31803,-0.739132,-0.22633,-0.0121424,6074.24,3,11.29,180.701,205.666,49.8778,1,2,1.0,0.0,0.0,3,0.0,0,True,1746968602.110034,left,False
586,1746968605.2255383,121.54,1.3197,-0.761178,-0.225284,-0.0127072,6082.76,3,11.31,181.376,206.341,49.8775,1,2,1.0,0.0,0.0,3,0.0,0,True,1746968602.110034,left,False
587,1746968605.2440352,121.699,1.32124,-0.781684,-0.224211,-0.0132714,6090.43,3,11.33,182.051,207.016,49.8772,1,2,1.0,0.0,0.0,3,0.0,0,True,1746968602.110034,left,False
588,1746968605.267742,121.858,1.32284,-0.801936,-0.223111,-0.0138355,6095.56,3,11.35,182.728,207.693,49.8769,1,2,1.0,0.0,0.0,3,0.0,0,True,1746968602.110034,left,False
589,1746968605.2877305,122.014,1.32506,-0.827092,-0.221985,-0.0143988,6106.81,3,11.37,183.405,208.37,49.8766,1,2,1.0,0.0,0.0,3,0.0,0,True,1746968602.110034,left,False
590,1746968605.3055196,122.173,1.3259,-0.841956,-0.220831,-0.0149609,6111.11,3,11.39,184.083,209.048,49.8763,1,2,1.0,0.0,0.0,3,0.0,0,True,1746968602.110034,left,False
591,1746968605.327662,122.33,1.32769,-0.861765,-0.219651,-0.0155224,6119.05,3,11.41,184.762,209.727,49.876,1,2,1.0,0.0,0.0,3,0.0,0,True,1746968602.110034,left,False
592,1746968605.345599,122.487,1.32929,-0.881983,-0.218444,-0.0160833,6126.26,3,11.43,185.442,210.407,49.8757,1,2,1.0,0.0,0.0,3,0.0,0,True,1746968602.110034,left,False
593,1746968605.367213,122.644,1.33065,-0.901274,-0.21721,-0.0166446,6133.18,3,11.45,186.123,211.088,49.8754,1,2,1.0,0.0,0.0,3,0.0,0,True,1746968602.110034,left,False
594,1746968605.3868365,122.801,1.33226,-0.919049,-0.215949,-0.0172031,6140.06,3,11.47,186.804,211.769,49.8751,1,2,1.0,0.0,0.0,3,0.0,0,True,1746968602.110034,left,False
595,1746968605.4069421,122.957,1.33349,-0.939833,-0.214661,-0.0177628,6147.29,3,11.49,187.487,212.452,49.8748,1,2,1.0,0.0,0.0,3,0.0,0,True,1746968602.110034,left,False
596,1746968605.4275775,123.112,1.33498,-0.958582,-0.213346,-0.0183228,6157.13,3,11.51,188.17,213.135,49.8745,1,2,1.0,0.0,0.0,3,0.0,0,True,1746968602.110034,left,False
597,1746968605.4465852,123.27,1.33635,-0.981491,-0.212004,-0.0188809,6160.48,3,11.53,188.854,213.819,49.8742,1,2,1.0,0.0,0.0,3,0.0,0,True,1746968602.110034,left,False
598,1746968605.4675133,123.424,1.33825,-1.00196,-0.210634,-0.019439,6170.37,3,11.55,189.539,214.504,49.8739,1,2,1.0,0.0,0.0,3,0.0,0,True,1746968602.110034,left,False
599,1746968605.4852402,123.579,1.33937,-1.01756,-0.209238,-0.0199938,6179.24,3,11.57,190.225,215.19,49.8736,1,2,1.0,0.0,0.0,3,0.0,0,True,1746968602.110034,left,False
600,1746968605.5049021,123.735,1.34089,-1.03852,-0.207815,-0.0205493,6182.72,3,11.59,190.912,215.877,49.8733,1,2,1.0,0.0,0.0,3,0.0,0,True,1746968602.110034,left,False
601,1746968605.525426,123.889,1.34253,-1.06086,-0.206364,-0.0211048,6192.34,3,11.61,191.6,216.565,49.873,1,2,1.0,0.0,0.0,3,0.0,0,True,1746968602.110034,left,False
602,1746968605.545501,124.044,1.34372,-1.07612,-0.204886,-0.0216588,6198.12,3,11.63,192.288,217.253,49.8727,1,2,1.0,0.0,0.0,3,0.0,0,True,1746968602.110034,left,False
603,1746968605.5657074,124.197,1.34551,-1.09984,-0.203381,-0.0222126,6206.94,3,11.65,192.977,217.942,49.8723,1,2,1.0,0.0,0.0,3,0.0,0,True,1746968602.110034,left,False
604,1746968605.5860848,124.352,1.34691,-1.11603,-0.201849,-0.0227662,6212.96,3,11.67,193.668,218.632,49.872,1,2,1.0,0.0,0.0,3,0.0,0,True,1746968602.110034,left,False
605,1746968605.6046398,124.505,1.34829,-1.13607,-0.200289,-0.0233172,6219.47,3,11.69,194.359,219.323,49.8717,1,2,1.0,0.0,0.0,3,0.0,0,True,1746968602.110034,left,False
606,1746968605.625522,124.658,1.3496,-1.15558,-0.198702,-0.0238698,6228.04,3,11.71,195.05,220.015,49.8714,1,2,1.0,0.0,0.0,3,0.0,0,True,1746968602.110034,left,False
607,1746968605.6457543,124.811,1.35142,-1.17587,-0.197088,-0.0244188,6234.52,3,11.73,195.743,220.708,49.8711,1,2,1.0,0.0,0.0,3,0.0,0,True,1746968602.110034,left,False
608,1746968605.6675723,124.963,1.35309,-1.19892,-0.195447,-0.0249694,6242.67,3,11.75,196.436,221.401,49.8708,1,2,1.0,0.0,0.0,3,0.0,0,True,1746968602.110034,left,False
609,1746968605.6862702,125.116,1.35437,-1.21617,-0.193778,-0.0255184,6249.38,3,11.77,197.131,222.096,49.8705,1,2,1.0,0.0,0.0,3,0.0,0,True,1746968602.110034,left,False
610,1746968605.7060778,125.269,1.3557,-1.23441,-0.192082,-0.0260676,6255.35,3,11.79,197.826,222.791,49.8702,1,2,1.0,0.0,0.0,3,0.0,0,True,1746968602.110034,left,False
611,1746968605.7264915,125.422,1.35685,-1.24805,-0.190358,-0.0266168,6259.52,3,11.81,198.522,223.487,49.8699,1,2,1.0,0.0,0.0,3,0.0,0,True,1746968602.110034,left,False
612,1746968605.7456925,125.572,1.35853,-1.2753,-0.188606,-0.0271663,6270.85,3,11.83,199.219,224.183,49.8696,1,2,1.0,0.0,0.0,3,0.0,0,True,1746968602.110034,left,False
613,1746968605.767777,125.724,1.3595,-1.2926,-0.186827,-0.0277162,6275.27,3,11.85,199.916,224.881,49.8693,1,2,1.0,0.0,0.0,3,0.0,0,True,1746968602.110034,left,False
614,1746968605.7846584,125.874,1.36093,-1.31544,-0.185021,-0.0282658,6284.71,3,11.87,200.615,225.58,49.869,1,2,1.0,0.0,0.0,3,0.0,0,True,1746968602.110034,left,False
615,1746968605.8039773,126.025,1.36287,-1.3392,-0.183187,-0.0288122,6291.67,3,11.89,201.314,226.279,49.8687,1,2,1.0,0.0,0.0,3,0.0,0,True,1746968602.110034,left,False
616,1746968605.8259077,126.175,1.36545,-1.36613,-0.181325,-0.029357,6299.96,3,11.91,202.014,226.979,49.8684,1,2,1.0,0.0,0.0,3,0.0,0,True,1746968602.110034,left,False
617,1746968605.844645,126.326,1.36737,-1.38877,-0.179435,-0.0299012,6306.04,3,11.93,202.715,227.68,49.8681,1,2,1.0,0.0,0.0,3,0.0,0,True,1746968602.110034,left,False
618,1746968605.864165,126.478,1.36852,-1.40404,-0.177517,-0.0304419,6311.43,3,11.95,203.417,228.381,49.8678,1,2,1.0,0.0,0.0,3,0.0,0,True,1746968602.110034,left,False
619,1746968605.8842692,126.626,1.37019,-1.42113,-0.175572,-0.030981,6320.99,3,11.97,204.119,229.084,49.8675,1,2,1.0,0.0,0.0,3,0.0,0,True,1746968602.110034,left,False
620,1746968605.9047287,126.777,1.37138,-1.43941,-0.1736,-0.0315244,6327.11,3,11.99,204.823,229.787,49.8672,1,2,1.0,0.0,0.0,3,0.0,0,True,1746968602.110034,left,False
621,1746968605.927169,126.926,1.37199,-1.4547,-0.1716,-0.0320682,6334.85,3,12.01,205.527,230.492,49.8669,1,2,1.0,0.0,0.0,3,0.0,0,True,1746968602.110034,left,False
622,1746968605.9448068,127.076,1.37347,-1.47645,-0.169572,-0.032612,6342.23,3,12.03,206.232,231.197,49.8665,1,2,1.0,0.0,0.0,3,0.0,0,True,1746968602.110034,left,False
623,1746968605.965594,127.224,1.37435,-1.49526,-0.167516,-0.0331572,6351.62,3,12.05,206.938,231.902,49.8662,1,2,1.0,0.0,0.0,3,0.0,0,True,1746968602.110034,left,False
624,1746968605.9850829,127.375,1.37532,-1.51827,-0.165432,-0.0337026,6357.22,3,12.07,207.644,232.609,49.8659,1,2,1.0,0.0,0.0,3,0.0,0,True,1746968602.110034,left,False
625,1746968606.0056946,127.524,1.37575,-1.53462,-0.163321,-0.0342489,6362.89,3,12.09,208.352,233.316,49.8656,1,2,1.0,0.0,0.0,3,0.0,0,True,1746968602.110034,left,False
626,1746968606.0260625,127.673,1.37643,-1.5555,-0.161182,-0.0347954,6371.18,3,12.11,209.06,234.025,49.8653,1,2,1.0,0.0,0.0,3,0.0,0,True,1746968602.110034,left,False
627,1746968606.0462358,127.821,1.37718,-1.57151,-0.159014,-0.0353414,6378.53,3,12.13,209.769,234.734,49.865,1,2,1.0,0.0,0.0,3,0.0,0,True,1746968602.110034,left,False
628,1746968606.067762,127.971,1.37794,-1.59087,-0.156819,-0.0358868,6384.06,3,12.15,210.479,235.444,49.8647,1,2,1.0,0.0,0.0,3,0.0,0,True,1746968602.110034,left,False
629,1746968606.08452,128.118,1.37899,-1.61333,-0.154595,-0.0364329,6393.16,3,12.17,211.189,236.154,49.8644,1,2,1.0,0.0,0.0,3,0.0,0,True,1746968602.110034,left,False
630,1746968606.10465,128.267,1.3797,-1.63476,-0.152344,-0.0369784,6399.61,3,12.19,211.901,236.866,49.8641,1,2,1.0,0.0,0.0,3,0.0,0,True,1746968602.110034,left,False
631,1746968606.1254575,128.415,1.38055,-1.65349,-0.150064,-0.0375232,6406.09,3,12.21,212.613,237.578,49.8638,1,2,1.0,0.0,0.0,3,0.0,0,True,1746968602.110034,left,False
632,1746968606.1450489,128.563,1.38157,-1.6738,-0.147756,-0.0380691,6413.15,3,12.23,213.326,238.291,49.8635,1,2,1.0,0.0,0.0,3,0.0,0,True,1746968602.110034,left,False
633,1746968606.1666992,128.711,1.38191,-1.6929,-0.145419,-0.0386141,6419.05,3,12.25,214.04,239.005,49.8632,1,2,1.0,0.0,0.0,3,0.0,0,True,1746968602.110034,left,False
634,1746968606.183985,128.858,1.38296,-1.71838,-0.143054,-0.0391581,6428.02,3,12.27,214.755,239.72,49.8629,1,2,1.0,0.0,0.0,3,0.0,0,True,1746968602.110034,left,False
635,1746968606.203984,129.005,1.38447,-1.73753,-0.140661,-0.0397016,6435.63,3,12.29,215.47,240.435,49.8626,1,2,1.0,0.0,0.0,3,0.0,0,True,1746968602.110034,left,False
636,1746968606.2265215,129.153,1.38533,-1.7562,-0.138239,-0.0402447,6440.79,3,12.31,216.187,241.151,49.8623,1,2,1.0,0.0,0.0,3,0.0,0,True,1746968602.110034,left,False
637,1746968606.2460675,129.301,1.38583,-1.77809,-0.135789,-0.0407883,6447.18,3,12.33,216.904,241.868,49.862,1,2,1.0,0.0,0.0,3,0.0,0,True,1746968602.110034,left,False
638,1746968606.2659712,129.447,1.38712,-1.80038,-0.13331,-0.0413317,6455.01,3,12.35,217.621,242.586,49.8617,1,2,1.0,0.0,0.0,3,0.0,0,True,1746968602.110034,left,False
639,1746968606.2839987,129.594,1.38783,-1.8193,-0.130802,-0.0418748,6460.91,3,12.37,218.34,243.305,49.8614,1,2,1.0,0.0,0.0,3,0.0,0,True,1746968602.110034,left,False
640,1746968606.3044682,129.741,1.38889,-1.8427,-0.128266,-0.0424175,6469.19,3,12.39,219.06,244.024,49.8611,1,2,1.0,0.0,0.0,3,0.0,0,True,1746968602.110034,left,False
641,1746968606.3257182,129.887,1.38995,-1.86755,-0.125701,-0.0429598,6477.08,3,12.41,219.78,244.745,49.8607,1,2,1.0,0.0,0.0,3,0.0,0,True,1746968602.110034,left,False
642,1746968606.3445604,130.033,1.39092,-1.8884,-0.123108,-0.0435018,6484.28,3,12.43,220.501,245.466,49.8604,1,2,1.0,0.0,0.0,3,0.0,0,True,1746968602.110034,left,False
643,1746968606.3647976,130.179,1.39207,-1.91209,-0.120485,-0.0440427,6491.83,3,12.45,221.223,246.188,49.8601,1,2,1.0,0.0,0.0,3,0.0,0,True,1746968602.110034,left,False
644,1746968606.3859742,130.326,1.39268,-1.93239,-0.117834,-0.044583,6497.67,3,12.47,221.945,246.91,49.8598,1,2,1.0,0.0,0.0,3,0.0,0,True,1746968602.110034,left,False
645,1746968606.4060798,130.471,1.39366,-1.94418,-0.115155,-0.0451227,6504.21,3,12.49,222.669,247.634,49.8595,1,2,1.0,0.0,0.0,3,0.0,0,True,1746968602.110034,left,False
646,1746968606.4245126,130.617,1.39488,-1.97553,-0.112446,-0.0456628,6512.09,3,12.51,223.393,248.358,49.8592,1,2,1.0,0.0,0.0,3,0.0,0,True,1746968602.110034,left,False
647,1746968606.4452085,130.763,1.3953,-1.98942,-0.109708,-0.0462023,6518.93,3,12.53,224.118,249.083,49.8589,1,2,1.0,0.0,0.0,3,0.0,0,True,1746968602.110034,left,False
648,1746968606.4652956,130.908,1.3966,-2.01426,-0.106942,-0.0467419,6525.35,3,12.55,224.844,249.808,49.8586,1,2,1.0,0.0,0.0,3,0.0,0,True,1746968602.110034,left,False
649,1746968606.4848328,131.052,1.3974,-2.03175,-0.104147,-0.0472814,6534.04,3,12.57,225.57,250.535,49.8583,1,2,1.0,0.0,0.0,3,0.0,0,True,1746968602.110034,left,False
650,1746968606.5040998,131.198,1.39842,-2.05588,-0.101322,-0.0478194,6540.58,3,12.59,226.297,251.262,49.858,1,2,1.0,0.0,0.0,3,0.0,0,True,1746968602.110034,left,False
651,1746968606.5249045,131.343,1.39951,-2.0732,-0.0984686,-0.0483577,6545.44,3,12.61,227.026,251.99,49.8577,1,2,1.0,0.0,0.0,3,0.0,0,True,1746968602.110034,left,False
652,1746968606.5462751,131.487,1.40049,-2.09719,-0.095586,-0.0488956,6553.97,3,12.63,227.754,252.719,49.8574,1,2,1.0,0.0,0.0,3,0.0,0,True,1746968602.110034,left,False
653,1746968606.5677032,131.632,1.40087,-2.11603,-0.0926744,-0.049434,6559.26,3,12.65,228.484,253.449,49.8571,1,2,1.0,0.0,0.0,3,0.0,0,True,1746968602.110034,left,False
654,1746968606.5862458,131.776,1.40195,-2.13417,-0.0897336,-0.0499717,6567.06,3,12.67,229.215,254.179,49.8568,1,2,1.0,0.0,0.0,3,0.0,0,True,1746968602.110034,left,False
655,1746968606.6050766,131.921,1.40268,-2.15635,-0.0867636,-0.0505085,6572.66,3,12.69,229.946,254.911,49.8565,1,2,1.0,0.0,0.0,3,0.0,0,True,1746968602.110034,left,False
656,1746968606.624589,132.065,1.40357,-2.1767,-0.0837645,-0.0510445,6580.98,3,12.71,230.678,255.643,49.8562,1,2,1.0,0.0,0.0,3,0.0,0,True,1746968602.110034,left,False
657,1746968606.6458817,132.208,1.40487,-2.20141,-0.0807362,-0.0515809,6588.45,3,12.73,231.411,256.375,49.8559,1,2,1.0,0.0,0.0,3,0.0,0,True,1746968602.110034,left,False
658,1746968606.6648629,132.352,1.4062,-2.22276,-0.0776785,-0.0521144,6595.64,3,12.75,232.144,257.109,49.8556,1,2,1.0,0.0,0.0,3,0.0,0,True,1746968602.110034,left,False
659,1746968606.6842625,132.495,1.40729,-2.24257,-0.0745915,-0.0526487,6602.8,3,12.77,232.878,257.843,49.8553,1,2,1.0,0.0,0.0,3,0.0,0,True,1746968602.110034,left,False
660,1746968606.7041461,132.639,1.4081,-2.26065,-0.0714752,-0.0531822,6609.04,3,12.79,233.614,258.578,49.8549,1,2,1.0,0.0,0.0,3,0.0,0,True,1746968602.110034,left,False
661,1746968606.7242773,132.782,1.40928,-2.28265,-0.0683295,-0.0537146,6616.15,3,12.81,234.349,259.314,49.8546,1,2,1.0,0.0,0.0,3,0.0,0,True,1746968602.110034,left,False
662,1746968606.744339,132.925,1.41032,-2.30113,-0.0651544,-0.0542469,6622.25,3,12.83,235.086,260.051,49.8543,1,2,1.0,0.0,0.0,3,0.0,0,True,1746968602.110034,left,False
663,1746968606.7666147,133.069,1.41155,-2.3237,-0.0619499,-0.054779,6626.98,3,12.85,235.823,260.788,49.854,1,2,1.0,0.0,0.0,3,0.0,0,True,1746968602.110034,left,False
664,1746968606.7862246,133.212,1.41268,-2.34535,-0.0587158,-0.0553114,6633.15,3,12.87,236.562,261.526,49.8537,1,2,1.0,0.0,0.0,3,0.0,0,True,1746968602.110034,left,False
665,1746968606.8060627,133.355,1.41348,-2.36258,-0.0554523,-0.0558413,6639.85,3,12.89,237.3,262.265,49.8534,1,2,1.0,0.0,0.0,3,0.0,0,True,1746968602.110034,left,False
666,1746968606.8261225,133.497,1.41449,-2.38422,-0.0521593,-0.0563715,6647.04,3,12.91,238.04,263.005,49.8531,1,2,1.0,0.0,0.0,3,0.0,0,True,1746968602.110034,left,False
667,1746968606.8450675,133.64,1.41567,-2.40686,-0.0488367,-0.056902,6653.27,3,12.93,238.781,263.745,49.8528,1,2,1.0,0.0,0.0,3,0.0,0,True,1746968602.110034,left,False
668,1746968606.8656826,133.782,1.41696,-2.42901,-0.0454845,-0.057432,6660,3,12.95,239.522,264.487,49.8525,1,2,1.0,0.0,0.0,3,0.0,0,True,1746968602.110034,left,False
669,1746968606.884915,133.922,1.41873,-2.45333,-0.0421026,-0.0579595,6670.01,3,12.97,240.264,265.229,49.8522,1,2,1.0,0.0,0.0,3,0.0,0,True,1746968602.110034,left,False
670,1746968606.9048576,134.065,1.41987,-2.47152,-0.0386911,-0.0584852,6674.86,3,12.99,241.006,265.971,49.8519,1,2,1.0,0.0,0.0,3,0.0,0,True,1746968602.110034,left,False
671,1746968606.9246383,134.205,1.42211,-2.49898,-0.0352499,-0.0590116,6684.42,3,13.01,241.75,266.715,49.8516,1,2,1.0,0.0,0.0,3,0.0,0,True,1746968602.110034,left,False
672,1746968606.9471047,134.349,1.42253,-2.51656,-0.0317791,-0.0595381,6686.51,3,13.03,242.494,267.459,49.8513,1,2,1.0,0.0,0.0,3,0.0,0,True,1746968602.110034,left,False
673,1746968606.9640472,134.488,1.42422,-2.54025,-0.0282786,-0.060064,6697.24,3,13.05,243.239,268.204,49.851,1,2,1.0,0.0,0.0,3,0.0,0,True,1746968602.110034,left,False
674,1746968606.9866636,134.63,1.42591,-2.56194,-0.0247483,-0.0605862,6703.7,3,13.07,243.985,268.95,49.8507,1,2,1.0,0.0,0.0,4,0.0,0,False,1746968606.9782462,left,False
675,1746968607.0089037,134.772,1.42702,-2.58186,-0.0211884,-0.0611102,6708.12,3,13.09,244.731,269.696,49.8504,1,2,1.0,0.0,0.0,4,0.0,0,False,1746968606.9782462,left,False
676,1746968607.0267518,134.852,1.42716,-2.60229,-0.0175992,-0.0616334,5196.39,4,13.11,245.479,270.443,49.8503,1,2,1.0,0.0,0.0,4,0.0,0,False,1746968606.9782462,left,False
677,1746968607.0447748,134.851,1.42775,-2.62393,-0.0139836,-0.0621467,5196.89,4,13.13,246.226,271.19,49.8503,1,2,1.0,0.0,0.0,4,0.0,0,False,1746968606.9782462,left,False
678,1746968607.0643191,134.837,1.43076,-2.64603,-0.0103425,-0.0626368,5197.39,4,13.15,246.973,271.938,49.8503,1,2,1.0,0.0,0.0,4,0.0,0,False,1746968606.9782462,left,False
679,1746968607.0844762,134.821,1.43663,-2.66231,-0.00667636,-0.0630964,5197.89,4,13.17,247.72,272.685,49.8503,1,2,1.0,0.0,0.0,4,0.0,0,False,1746968606.9782462,left,False
680,1746968607.105031,134.805,1.44693,-2.67961,-0.00298538,-0.0635174,5198.38,4,13.19,248.467,273.432,49.8503,1,2,1.0,0.0,0.0,4,0.0,0,False,1746968606.9782462,left,False
681,1746968607.1263452,134.789,1.46213,-2.70311,0.000730133,-0.0639004,5198.88,4,13.21,249.214,274.179,49.8503,1,2,1.0,0.0,0.0,4,0.0,0,False,1746968606.9782462,left,False
682,1746968607.1449409,134.774,1.47976,-2.71625,0.00446968,-0.0642456,5199.37,4,13.23,249.96,274.925,49.8503,1,2,1.0,0.0,0.0,4,0.0,0,False,1746968606.9782462,left,False
683,1746968607.165702,134.758,1.50079,-2.72769,0.00823224,-0.06455,5199.87,4,13.25,250.707,275.672,49.8503,1,2,1.0,0.0,0.0,4,0.0,0,False,1746968606.9782462,left,False
684,1746968607.1852083,134.742,1.52588,-2.74933,0.0120174,-0.0648201,5200.36,4,13.27,251.453,276.418,49.8503,1,2,1.0,0.0,0.0,4,0.0,0,False,1746968606.9782462,left,False
685,1746968607.205873,134.726,1.55244,-2.76145,0.0158244,-0.0650567,5200.85,4,13.29,252.2,277.165,49.8503,1,2,1.0,0.0,0.0,4,0.0,0,False,1746968606.9782462,left,False
686,1746968607.225482,134.711,1.58106,-2.77562,0.0196524,-0.065263,5201.34,4,13.31,252.946,277.911,49.8503,1,2,1.0,0.0,0.0,4,0.0,0,False,1746968606.9782462,left,False
687,1746968607.2465901,134.695,1.61036,-2.78617,0.0235003,-0.0654406,5201.83,4,13.33,253.692,278.657,49.8503,1,2,1.0,0.0,0.0,4,0.0,0,False,1746968606.9782462,left,False
688,1746968607.2665713,134.679,1.64097,-2.80099,0.0273674,-0.0655977,5202.32,4,13.35,254.438,279.403,49.8503,1,2,1.0,0.0,0.0,4,0.0,0,False,1746968606.9782462,left,False
689,1746968607.2857094,134.663,1.67079,-2.81305,0.0312525,-0.0657353,5202.81,4,13.37,255.184,280.149,49.8503,1,2,1.0,0.0,0.0,4,0.0,0,False,1746968606.9782462,left,False
690,1746968607.3076625,134.648,1.70129,-2.82871,0.0351549,-0.0658561,5203.29,4,13.39,255.93,280.895,49.8503,1,2,1.0,0.0,0.0,4,0.0,0,False,1746968606.9782462,left,False
691,1746968607.326696,134.706,1.72978,-2.83571,0.0390742,-0.0659665,5165.69,4,13.41,256.676,281.641,49.8501,1,2,1.0,0.0,0.0,4,0.0,0,False,1746968606.9782462,left,False
692,1746968607.3465798,134.832,1.75932,-2.85524,0.0430125,-0.0660753,5188.49,4,13.43,257.422,282.387,49.8498,1,2,1.0,0.0,0.0,4,0.0,0,False,1746968606.9782462,left,False
693,1746968607.3664358,134.967,1.78329,-2.86546,0.0469695,-0.066204,5196.39,4,13.45,258.17,283.134,49.8495,1,2,1.0,0.0,0.0,4,0.0,0,False,1746968606.9782462,left,False
694,1746968607.3839586,135.102,1.8029,-2.88129,0.050945,-0.0663617,5204.74,4,13.47,258.917,283.882,49.8492,1,2,1.0,0.0,0.0,4,0.0,0,False,1746968606.9782462,left,False
695,1746968607.4048207,135.237,1.81648,-2.89759,0.0549383,-0.0665568,5212.41,4,13.49,259.666,284.631,49.8489,1,2,1.0,0.0,0.0,4,0.0,0,False,1746968606.9782462,left,False
696,1746968607.4246862,135.373,1.82344,-2.91216,0.0589492,-0.066794,5219.38,4,13.51,260.416,285.38,49.8486,1,2,1.0,0.0,0.0,4,0.0,0,False,1746968606.9782462,left,False
697,1746968607.4456382,135.508,1.82428,-2.92981,0.0629777,-0.0670776,5227.46,4,13.53,261.166,286.13,49.8483,1,2,1.0,0.0,0.0,4,0.0,0,False,1746968606.9782462,left,False
698,1746968607.4655204,135.644,1.8188,-2.94391,0.067024,-0.0674091,5234.23,4,13.55,261.917,286.881,49.848,1,2,1.0,0.0,0.0,4,0.0,0,False,1746968606.9782462,left,False
699,1746968607.4847686,135.78,1.80775,-2.96048,0.0710882,-0.067792,5241.03,4,13.57,262.668,287.633,49.8477,1,2,1.0,0.0,0.0,4,0.0,0,False,1746968606.9782462,left,False
700,1746968607.5051026,135.916,1.79097,-2.97736,0.075171,-0.0682257,5247.51,4,13.59,263.42,288.385,49.8474,1,2,1.0,0.0,0.0,4,0.0,0,False,1746968606.9782462,left,False
701,1746968607.5269506,136.053,1.7693,-2.99213,0.0792731,-0.0687066,5252.48,4,13.61,264.174,289.138,49.847,1,2,1.0,0.0,0.0,4,0.0,0,False,1746968606.9782462,left,False
702,1746968607.546657,136.191,1.7443,-3.01079,0.083395,-0.0692314,5257.61,4,13.63,264.927,289.892,49.8467,1,2,1.0,0.0,0.0,4,0.0,0,False,1746968606.9782462,left,False
703,1746968607.5646074,136.327,1.71575,-3.02471,0.0875375,-0.0697947,5263.71,4,13.65,265.682,290.647,49.8464,1,2,1.0,0.0,0.0,4,0.0,0,False,1746968606.9782462,left,False
704,1746968607.5863736,136.465,1.68567,-3.04211,0.0917019,-0.0703888,5269.48,4,13.67,266.437,291.402,49.8461,1,2,1.0,0.0,0.0,4,0.0,0,False,1746968606.9782462,left,False
705,1746968607.6075983,136.602,1.65441,-3.05669,0.0958889,-0.0710072,5274.6,4,13.69,267.193,292.158,49.8458,1,2,1.0,0.0,0.0,4,0.0,0,False,1746968606.9782462,left,False
706,1746968607.6260917,136.74,1.62299,-3.07136,0.100099,-0.0716434,5278.41,4,13.71,267.95,292.915,49.8455,1,2,1.0,0.0,0.0,4,0.0,0,False,1746968606.9782462,left,False
707,1746968607.6453185,136.878,1.59276,-3.0815,0.104335,-0.0722886,5283.29,4,13.73,268.707,293.672,49.8452,1,2,1.0,0.0,0.0,4,0.0,0,False,1746968606.9782462,left,False
708,1746968607.6664143,137.016,1.56444,-3.09828,0.108596,-0.0729404,5286.78,4,13.75,269.466,294.43,49.8449,1,2,1.0,0.0,0.0,4,0.0,0,False,1746968606.9782462,left,False
709,1746968607.684169,137.155,1.53794,-3.11265,0.112884,-0.0735908,5291.12,4,13.77,270.225,295.189,49.8446,1,2,1.0,0.0,0.0,4,0.0,0,False,1746968606.9782462,left,False
710,1746968607.7054532,137.293,1.51477,-3.12919,0.117199,-0.0742363,5295.58,4,13.79,270.984,295.949,49.8443,1,2,1.0,0.0,0.0,4,0.0,0,False,1746968606.9782462,left,False
711,1746968607.7256074,137.429,1.49454,-3.14652,0.121542,-0.0748703,5302.09,4,13.81,271.745,296.709,49.844,1,2,1.0,0.0,0.0,4,0.0,0,False,1746968606.9782462,left,False
712,1746968607.7459419,137.569,1.4763,-3.15835,0.125914,-0.0754987,5303.67,4,13.83,272.506,297.471,49.8437,1,2,1.0,0.0,0.0,4,0.0,0,False,1746968606.9782462,left,False
713,1746968607.765055,137.705,1.46277,-3.18251,0.130316,-0.0761124,5311.27,4,13.85,273.268,298.232,49.8434,1,2,1.0,0.0,0.0,4,0.0,0,False,1746968606.9782462,left,False
714,1746968607.7841263,137.844,1.45079,-3.19643,0.134747,-0.0767142,5313.77,4,13.87,274.03,298.995,49.8431,1,2,1.0,0.0,0.0,4,0.0,0,False,1746968606.9782462,left,False
715,1746968607.8054335,137.98,1.44252,-3.22048,0.13921,-0.0773017,5321.11,4,13.89,274.794,299.758,49.8428,1,2,1.0,0.0,0.0,4,0.0,0,False,1746968606.9782462,left,False
716,1746968607.8262122,138.119,1.43567,-3.24212,0.143703,-0.0778786,5324.88,4,13.91,275.558,300.522,49.8425,1,2,1.0,0.0,0.0,4,0.0,0,False,1746968606.9782462,left,False
717,1746968607.8451357,138.256,1.43207,-3.26966,0.148227,-0.0784427,5332.52,4,13.93,276.322,301.287,49.8422,1,2,1.0,0.0,0.0,4,0.0,0,False,1746968606.9782462,left,False
718,1746968607.8660085,138.393,1.43021,-3.28952,0.152783,-0.0789944,5336.55,4,13.95,277.088,302.053,49.8419,1,2,1.0,0.0,0.0,4,0.0,0,False,1746968606.9782462,left,False
719,1746968607.8842623,138.531,1.42916,-3.31036,0.157371,-0.0795365,5342.08,4,13.97,277.854,302.819,49.8416,1,2,1.0,0.0,0.0,4,0.0,0,False,1746968606.9782462,left,False
720,1746968607.9059858,138.668,1.42969,-3.33385,0.161989,-0.0800724,5347.3,4,13.99,278.621,303.586,49.8412,1,2,1.0,0.0,0.0,4,0.0,0,False,1746968606.9782462,left,False
721,1746968607.9249427,138.806,1.43123,-3.36012,0.16664,-0.0805995,5352.72,4,14.01,279.389,304.354,49.8409,1,2,1.0,0.0,0.0,4,0.0,0,False,1746968606.9782462,left,False
722,1746968607.9456372,138.943,1.43393,-3.38156,0.171323,-0.0811194,5358.44,4,14.03,280.157,305.122,49.8406,1,2,1.0,0.0,0.0,4,0.0,0,False,1746968606.9782462,left,False
723,1746968607.9669938,139.081,1.43739,-3.40553,0.176037,-0.0816325,5363.42,4,14.05,280.926,305.891,49.8403,1,2,1.0,0.0,0.0,4,0.0,0,False,1746968606.9782462,left,False
724,1746968607.983857,139.218,1.44142,-3.43371,0.180782,-0.0821415,5369.43,4,14.07,281.696,306.661,49.84,1,2,1.0,0.0,0.0,4,0.0,0,False,1746968606.9782462,left,False
725,1746968608.0064719,139.355,1.44513,-3.46414,0.18556,-0.0826511,5375.17,4,14.09,282.467,307.432,49.8397,1,2,1.0,0.0,0.0,4,0.0,0,False,1746968606.9782462,left,False
726,1746968608.0242875,139.493,1.44831,-3.48598,0.190369,-0.0831611,5380.26,4,14.11,283.238,308.203,49.8394,1,2,1.0,0.0,0.0,4,0.0,0,False,1746968606.9782462,left,False
727,1746968608.0454,139.631,1.45089,-3.50967,0.19521,-0.0836701,5384.25,4,14.13,284.01,308.975,49.8391,1,2,1.0,0.0,0.0,4,0.0,0,False,1746968606.9782462,left,False
728,1746968608.0671637,139.768,1.45385,-3.53198,0.200082,-0.0841779,5389.92,4,14.15,284.783,309.748,49.8388,1,2,1.0,0.0,0.0,4,0.0,0,False,1746968606.9782462,left,False
729,1746968608.0849664,139.905,1.45652,-3.55726,0.204986,-0.084686,5396.19,4,14.17,285.556,310.521,49.8385,1,2,1.0,0.0,0.0,4,0.0,0,False,1746968606.9782462,left,False
730,1746968608.1065748,140.042,1.45927,-3.58324,0.209921,-0.0851941,5402.24,4,14.19,286.33,311.295,49.8382,1,2,1.0,0.0,0.0,4,0.0,0,False,1746968606.9782462,left,False
731,1746968608.125279,140.179,1.46091,-3.60741,0.214887,-0.0857072,5407.96,4,14.21,287.105,312.07,49.8379,1,2,1.0,0.0,0.0,4,0.0,0,False,1746968606.9782462,left,False
732,1746968608.145252,140.318,1.46197,-3.63118,0.219885,-0.0862253,5411.96,4,14.23,287.881,312.846,49.8376,1,2,1.0,0.0,0.0,4,0.0,0,False,1746968606.9782462,left,False
733,1746968608.1666868,140.456,1.46262,-3.64941,0.224915,-0.0867422,5416.52,4,14.25,288.657,313.622,49.8373,1,2,1.0,0.0,0.0,4,0.0,0,False,1746968606.9782462,left,False
734,1746968608.1872141,140.592,1.46386,-3.67505,0.229976,-0.0872616,5423.57,4,14.27,289.434,314.399,49.837,1,2,1.0,0.0,0.0,4,0.0,0,False,1746968606.9782462,left,False
735,1746968608.2064195,140.731,1.46462,-3.70155,0.235069,-0.0877805,5427.37,4,14.29,290.212,315.177,49.8367,1,2,1.0,0.0,0.0,4,0.0,0,False,1746968606.9782462,left,False
736,1746968608.2247572,140.868,1.46477,-3.72168,0.240193,-0.0883007,5433.28,4,14.31,290.991,315.956,49.8364,1,2,1.0,0.0,0.0,4,0.0,0,False,1746968606.9782462,left,False
737,1746968608.2467453,141.006,1.46508,-3.74307,0.245349,-0.0888219,5437.93,4,14.33,291.77,316.735,49.8361,1,2,1.0,0.0,0.0,4,0.0,0,False,1746968606.9782462,left,False
738,1746968608.2653193,141.143,1.46563,-3.76728,0.250537,-0.0893428,5443.4,4,14.35,292.55,317.515,49.8358,1,2,1.0,0.0,0.0,4,0.0,0,False,1746968606.9782462,left,False
739,1746968608.2841856,141.281,1.46572,-3.79268,0.255757,-0.0898649,5448.3,4,14.37,293.331,318.295,49.8354,1,2,1.0,0.0,0.0,4,0.0,0,False,1746968606.9782462,left,False
740,1746968608.3041902,141.419,1.46578,-3.81278,0.261009,-0.0903862,5452.55,4,14.39,294.112,319.077,49.8351,1,2,1.0,0.0,0.0,4,0.0,0,False,1746968606.9782462,left,False
741,1746968608.326451,141.557,1.46605,-3.8314,0.266292,-0.090905,5458.09,4,14.41,294.894,319.859,49.8348,1,2,1.0,0.0,0.0,4,0.0,0,False,1746968606.9782462,left,False
742,1746968608.3456812,141.694,1.46667,-3.85681,0.271607,-0.091424,5465.35,4,14.43,295.677,320.642,49.8345,1,2,1.0,0.0,0.0,4,0.0,0,False,1746968606.9782462,left,False
743,1746968608.3664405,141.831,1.46738,-3.88343,0.276954,-0.0919452,5470.22,4,14.45,296.46,321.425,49.8342,1,2,1.0,0.0,0.0,4,0.0,0,False,1746968606.9782462,left,False
744,1746968608.3852482,141.97,1.46721,-3.90465,0.282333,-0.0924674,5474.4,4,14.47,297.245,322.209,49.8339,1,2,1.0,0.0,0.0,4,0.0,0,False,1746968606.9782462,left,False
745,1746968608.4044583,142.108,1.46703,-3.92383,0.287745,-0.0929885,5479.85,4,14.49,298.03,322.995,49.8336,1,2,1.0,0.0,0.0,4,0.0,0,False,1746968606.9782462,left,False
746,1746968608.426485,142.245,1.46758,-3.94717,0.293188,-0.0935081,5484.98,4,14.51,298.815,323.78,49.8333,1,2,1.0,0.0,0.0,4,0.0,0,False,1746968606.9782462,left,False
747,1746968608.4437342,142.383,1.46729,-3.96489,0.298663,-0.0940296,5489.32,4,14.53,299.602,324.567,49.833,1,2,1.0,0.0,0.0,4,0.0,0,False,1746968606.9782462,left,False
748,1746968608.4647877,142.523,1.46728,-3.97409,0.304154,-0.0932229,5491.35,4,14.55,300.395,325.36,49.8327,1,2,1.0,0.0,0.0,4,0.0,0,False,1746968606.9782462,left,False
749,1746968608.4840562,142.663,1.46677,-3.96069,0.309552,-0.0910483,5490.94,4,14.57,301.195,326.16,49.8324,1,2,1.0,0.0,0.0,4,0.0,0,False,1746968606.9782462,left,False
750,1746968608.5060472,142.803,1.4682,-3.93622,0.314842,-0.0888445,5491.35,4,14.59,301.997,326.962,49.8321,1,2,1.0,0.0,0.0,4,0.0,0,False,1746968606.9782462,left,False
751,1746968608.5242527,142.94,1.47207,-3.90194,0.32002,-0.0866116,5495.85,4,14.61,302.8,327.765,49.8318,1,2,1.0,0.0,0.0,4,0.0,0,False,1746968606.9782462,left,False
752,1746968608.545527,143.077,1.47635,-3.84833,0.325083,-0.084353,5497.82,4,14.63,303.604,328.569,49.8315,1,2,1.0,0.0,0.0,4,0.0,0,False,1746968606.9782462,left,False
753,1746968608.5667586,143.214,1.48169,-3.78462,0.330035,-0.0820722,5502.11,4,14.65,304.409,329.374,49.8312,1,2,1.0,0.0,0.0,4,0.0,0,False,1746968606.9782462,left,False
754,1746968608.5841882,143.349,1.48745,-3.70797,0.334873,-0.0797712,5505.47,4,14.67,305.215,330.18,49.8309,1,2,1.0,0.0,0.0,4,0.0,0,False,1746968606.9782462,left,False
755,1746968608.604067,143.484,1.49293,-3.62006,0.339593,-0.0774546,5510.48,4,14.69,306.022,330.987,49.8306,1,2,1.0,0.0,0.0,4,0.0,0,False,1746968606.9782462,left,False
756,1746968608.6246564,143.618,1.49834,-3.52274,0.344198,-0.0751285,5515.04,4,14.71,306.831,331.795,49.8303,1,2,1.0,0.0,0.0,4,0.0,0,False,1746968606.9782462,left,False
757,1746968608.6446927,143.751,1.50266,-3.41296,0.348684,-0.0727965,5518.35,4,14.73,307.64,332.605,49.83,1,2,1.0,0.0,0.0,4,0.0,0,False,1746968606.9782462,left,False
758,1746968608.6664746,143.883,1.50607,-3.30976,0.353052,-0.0704635,5524.4,4,14.75,308.451,333.415,49.8297,1,2,1.0,0.0,0.0,4,0.0,0,False,1746968606.9782462,left,False
759,1746968608.6839378,144.015,1.50843,-3.20111,0.3573,-0.0681337,5530.64,4,14.77,309.262,334.227,49.8293,1,2,1.0,0.0,0.0,4,0.0,0,False,1746968606.9782462,left,False
760,1746968608.7044075,144.147,1.5086,-3.08772,0.361426,-0.0658079,5535.13,4,14.79,310.075,335.04,49.829,1,2,1.0,0.0,0.0,4,0.0,0,False,1746968606.9782462,left,False
761,1746968608.7253926,144.277,1.50798,-2.97072,0.365434,-0.0634878,5540.38,4,14.81,310.889,335.854,49.8287,1,2,1.0,0.0,0.0,4,0.0,0,False,1746968606.9782462,left,False
762,1746968608.7447567,144.407,1.506,-2.86213,0.36932,-0.061177,5547.03,4,14.83,311.704,336.668,49.8284,1,2,1.0,0.0,0.0,4,0.0,0,False,1746968606.9782462,left,False
763,1746968608.7652237,144.537,1.50251,-2.74803,0.373086,-0.0588748,5551.78,4,14.85,312.519,337.484,49.8281,1,2,1.0,0.0,0.0,4,0.0,0,False,1746968606.9782462,left,False
764,1746968608.7853065,144.666,1.49864,-2.64126,0.376729,-0.0565798,5557.28,4,14.87,313.336,338.301,49.8278,1,2,1.0,0.0,0.0,4,0.0,0,False,1746968606.9782462,left,False
765,1746968608.8050675,144.794,1.49354,-2.54009,0.380253,-0.0542941,5563.7,4,14.89,314.154,339.119,49.8275,1,2,1.0,0.0,0.0,4,0.0,0,False,1746968606.9782462,left,False
766,1746968608.8267176,144.923,1.48794,-2.43354,0.383653,-0.0520144,5568.6,4,14.91,314.973,339.938,49.8272,1,2,1.0,0.0,0.0,4,0.0,0,False,1746968606.9782462,left,False
767,1746968608.8443282,145.051,1.48132,-2.32969,0.38693,-0.0497414,5573.01,4,14.93,315.793,340.758,49.8269,1,2,1.0,0.0,0.0,4,0.0,0,False,1746968606.9782462,left,False
768,1746968608.8654077,145.179,1.47516,-2.22765,0.390088,-0.0474706,5577.65,4,14.95,316.614,341.579,49.8266,1,2,1.0,0.0,0.0,4,0.0,0,False,1746968606.9782462,left,False
769,1746968608.8857465,145.306,1.46968,-2.1327,0.393121,-0.0452003,5581.87,4,14.97,317.436,342.4,49.8263,1,2,1.0,0.0,0.0,4,0.0,0,False,1746968606.9782462,left,False
770,1746968608.9067788,145.432,1.4642,-2.03943,0.396037,-0.0429315,5588.64,4,14.99,318.258,343.223,49.826,1,2,1.0,0.0,0.0,4,0.0,0,False,1746968606.9782462,left,False
771,1746968608.9260418,145.558,1.4587,-1.94896,0.398828,-0.0406623,5593.14,4,15.01,319.082,344.047,49.8257,1,2,1.0,0.0,0.0,4,0.0,0,False,1746968606.9782462,left,False
772,1746968608.9453897,145.684,1.45425,-1.86024,0.401497,-0.0383907,5598.53,4,15.03,319.906,344.871,49.8254,1,2,1.0,0.0,0.0,4,0.0,0,False,1746968606.9782462,left,False
773,1746968608.9654086,145.809,1.44975,-1.77086,0.404045,-0.0361152,5603.37,4,15.05,320.732,345.697,49.8251,1,2,1.0,0.0,0.0,4,0.0,0,False,1746968606.9782462,left,False
774,1746968608.98445,145.934,1.44629,-1.679,0.406466,-0.0338335,5607.71,4,15.07,321.558,346.523,49.8248,1,2,1.0,0.0,0.0,4,0.0,0,False,1746968606.9782462,left,False
775,1746968609.0082548,146.058,1.44383,-1.59385,0.408769,-0.0315472,5611.96,4,15.09,322.386,347.35,49.8245,1,2,1.0,0.0,0.0,4,0.0,0,True,1746968606.9782462,left,False
776,1746968609.0289066,146.182,1.44266,-1.51011,0.410946,-0.0292541,5616.32,4,15.11,323.214,348.179,49.8242,1,2,1.0,0.0,0.0,4,0.0,0,True,1746968606.9782462,left,False
777,1746968609.0455236,146.305,1.44111,-1.41822,0.413003,-0.0269538,5620.74,4,15.13,324.043,349.008,49.8239,1,2,1.0,0.0,0.0,4,0.0,0,True,1746968606.9782462,left,False
778,1746968609.0656745,146.428,1.44129,-1.33845,0.414931,-0.0246481,5625.58,4,15.15,324.873,349.838,49.8235,1,2,1.0,0.0,0.0,4,0.0,0,True,1746968606.9782462,right,False
779,1746968609.0851867,146.55,1.4419,-1.25079,0.416738,-0.0223321,5630.67,4,15.17,325.704,350.668,49.8232,1,2,1.0,0.0,0.0,4,0.0,0,True,1746968606.9782462,right,False
780,1746968609.105,146.672,1.4434,-1.16792,0.41842,-0.0200082,5634.18,4,15.19,326.535,351.5,49.8229,1,2,1.0,0.0,0.0,4,0.0,0,True,1746968606.9782462,right,False
781,1746968609.1264522,146.794,1.44515,-1.07666,0.419979,-0.0176762,5638.68,4,15.21,327.367,352.332,49.8226,1,2,1.0,0.0,0.0,4,0.0,0,True,1746968606.9782462,right,False
782,1746968609.1447573,146.913,1.44794,-0.996189,0.421411,-0.0153391,5644.53,4,15.23,328.201,353.165,49.8223,1,2,1.0,0.0,0.0,4,0.0,0,True,1746968606.9782462,right,False
783,1746968609.1666055,147.035,1.45018,-0.904954,0.422717,-0.0129961,5646.86,4,15.25,329.035,353.999,49.822,1,2,1.0,0.0,0.0,4,0.0,0,True,1746968606.9782462,right,False
784,1746968609.1843703,147.154,1.4532,-0.812578,0.423899,-0.010645,5652.11,4,15.27,329.869,354.834,49.8217,1,2,1.0,0.0,0.0,4,0.0,0,True,1746968606.9782462,right,False
785,1746968609.207438,147.273,1.45618,-0.723673,0.424951,-0.0082906,5657.3,4,15.29,330.705,355.67,49.8214,1,2,1.0,0.0,0.0,4,0.0,0,True,1746968606.9782462,right,False
786,1746968609.2264132,147.392,1.45903,-0.637463,0.425879,-0.00593167,5661.25,4,15.31,331.541,356.506,49.8211,1,2,1.0,0.0,0.0,4,0.0,0,True,1746968606.9782462,right,False
787,1746968609.246848,147.51,1.46253,-0.547203,0.426681,-0.00356635,5665.87,4,15.33,332.378,357.343,49.8208,1,2,1.0,0.0,0.0,4,0.0,0,True,1746968606.9782462,right,False
788,1746968609.2667346,147.628,1.46542,-0.456102,0.427352,-0.00119799,5670.1,4,15.35,333.216,358.181,49.8205,1,2,1.0,0.0,0.0,4,0.0,0,True,1746968606.9782462,right,False
789,1746968609.2862337,147.745,1.46835,-0.360627,0.427893,0.00117313,5673.72,4,15.37,334.054,359.019,49.8202,1,2,1.0,0.0,0.0,4,0.0,0,True,1746968606.9782462,right,False
790,1746968609.3061218,147.861,1.47121,-0.2755,0.428306,0.00354626,5680.54,4,15.39,334.893,359.858,49.8199,1,2,1.0,0.0,0.0,4,0.0,0,True,1746968606.9782462,right,False
791,1746968609.3257687,147.978,1.47277,-0.178954,0.428591,0.00592103,5682.84,4,15.41,335.733,360.698,49.8196,1,2,1.0,0.0,0.0,4,0.0,0,True,1746968606.9782462,right,False
792,1746968609.3457785,148.094,1.47488,-0.073369,0.428748,0.00830142,5686.57,4,15.43,336.574,361.539,49.8193,1,2,1.0,0.0,0.0,4,0.0,0,True,1746968606.9782462,right,False
793,1746968609.3643048,148.207,1.47725,0.0161999,0.42877,0.0106819,5694.68,4,15.45,337.415,362.38,49.819,1,2,1.0,0.0,0.0,4,0.0,0,True,1746968606.9782462,right,False
794,1746968609.3861148,148.322,1.47877,0.110236,0.428664,0.0130627,5697.71,4,15.47,338.257,363.222,49.8187,1,2,1.0,0.0,0.0,4,0.0,0,True,1746968606.9782462,right,False
795,1746968609.4058917,148.436,1.47884,0.209477,0.428428,0.0154374,5703.53,4,15.49,339.099,364.064,49.8184,1,2,1.0,0.0,0.0,4,0.0,0,True,1746968606.9782462,right,False
796,1746968609.4297116,148.55,1.47853,0.299977,0.428062,0.0178082,5706.16,4,15.51,339.942,364.907,49.8181,1,2,1.0,0.0,0.1,4,0.0,0,True,1746968606.9782462,right,False
797,1746968609.4462922,148.663,1.47822,0.396059,0.427561,0.0201811,5710.59,4,15.53,340.786,365.751,49.8177,1,2,1.0,0.0,0.1,4,0.0,0,True,1746968606.9782462,right,False
798,1746968609.4646962,148.762,1.65497,0.484222,0.426973,0.0218121,5720.29,4,15.55,341.63,366.595,49.8174,1,2,1.0,0.0,0.1,4,0.0,0,True,1746968606.9782462,right,False
799,1746968609.4840355,148.857,1.61395,0.554279,0.426379,0.021445,5731.36,4,15.57,342.475,367.44,49.8171,1,2,1.0,0.0,0.1,4,0.0,0,True,1746968606.9782462,right,False
800,1746968609.5046535,148.957,1.31619,0.613359,0.425777,0.0193152,5741.33,4,15.59,343.32,368.285,49.8168,1,2,1.0,0.0,0.1,4,0.0,0,True,1746968606.9782462,right,False
801,1746968609.5279121,149.057,0.81822,0.644466,0.425177,0.0157137,5753.1,4,15.61,344.166,369.131,49.8165,1,2,1.0,0.0,0.1,4,0.0,0,True,1746968606.9782462,right,False
802,1746968609.5463316,149.153,0.174292,0.66632,0.424593,0.0109221,5766.53,4,15.63,345.012,369.977,49.8162,1,2,1.0,0.0,0.1,4,0.0,0,True,1746968606.9782462,right,False
803,1746968609.5653088,149.244,-0.570649,0.660569,0.424036,0.00520268,5780.06,4,15.65,345.859,370.824,49.8159,1,2,1.0,0.0,0.1,4,0.0,0,True,1746968606.9782462,right,False
804,1746968609.5853636,149.327,-1.37773,0.642081,0.423519,-0.0012151,5796.06,4,15.67,346.707,371.672,49.8156,1,2,1.0,0.0,0.1,4,0.0,0,True,1746968606.9782462,right,False
805,1746968609.6092696,149.4,-2.21977,0.606489,0.423065,-0.00812346,5813.36,4,15.69,347.555,372.52,49.8153,1,2,1.0,0.0,0.1,4,0.0,0,True,1746968606.9782462,right,False
806,1746968609.6250148,149.462,-3.07416,0.552416,0.422691,-0.0153591,5835.2,4,15.71,348.403,373.368,49.815,1,2,1.0,0.0,0.1,4,0.0,0,True,1746968606.9782462,right,False
807,1746968609.646309,149.514,-3.92302,0.484255,0.422408,-0.0227849,5858.6,4,15.73,349.251,374.216,49.8147,1,2,1.0,0.0,0.1,4,0.0,0,True,1746968606.9782462,right,False
808,1746968609.6652622,149.555,-4.75617,0.401984,0.422225,-0.0302911,5885.04,4,15.75,350.101,375.065,49.8144,1,2,1.0,0.0,0.1,4,0.0,0,True,1746968606.9782462,right,False
809,1746968609.686482,149.588,-5.56224,0.304998,0.422158,-0.0378036,5910.49,4,15.77,350.95,375.915,49.8141,1,2,1.0,0.0,0.1,4,0.0,0,True,1746968606.9782462,right,False
810,1746968609.706525,149.613,-6.34347,0.191022,0.422213,-0.0452777,5936.59,4,15.79,351.8,376.765,49.8138,1,2,1.0,0.0,0.1,4,0.0,0,True,1746968606.9782462,right,False
811,1746968609.7266693,149.633,-7.09118,0.079334,0.422398,-0.0527001,5957.56,4,15.81,352.65,377.615,49.8135,1,2,1.0,0.0,0.1,4,0.0,0,True,1746968606.9782462,right,False
812,1746968609.7446117,149.646,-7.81262,-0.0463485,0.422723,-0.0600579,5979.75,4,15.83,353.5,378.465,49.8132,1,2,1.0,0.0,0.1,4,0.0,0,True,1746968606.9782462,right,False
813,1746968609.764741,149.655,-8.50795,-0.177772,0.423195,-0.0673555,5998.53,4,15.85,354.351,379.316,49.8129,1,2,1.0,0.0,0.1,4,0.0,0,True,1746968606.9782462,right,False
814,1746968609.7844958,149.662,-9.16988,-0.304888,0.42382,-0.0745964,6006.64,4,15.87,355.202,380.166,49.8126,1,2,1.0,0.0,0.1,4,0.0,0,True,1746968606.9782462,right,False
815,1746968609.8048658,149.661,-9.81578,-0.451616,0.424603,-0.0817687,6025.21,4,15.89,356.053,381.018,49.8123,1,2,1.0,0.0,0.1,4,0.0,0,True,1746968606.9782462,right,False
816,1746968609.8260767,149.658,-10.4348,-0.582114,0.425553,-0.0888955,6033.86,4,15.91,356.904,381.869,49.812,1,2,1.0,0.0,0.0,4,0.0,0,True,1746968606.9782462,left,False
817,1746968609.8451521,149.654,-11.0272,-0.716758,0.426672,-0.0959591,6038.15,4,15.93,357.756,382.72,49.8116,1,2,1.0,0.0,0.0,4,0.0,0,True,1746968606.9782462,left,False
818,1746968609.8644934,149.669,-11.6711,-0.861987,0.427952,-0.102688,6035.4,4,15.95,358.607,383.572,49.8113,1,2,1.0,0.0,0.0,4,0.0,0,True,1746968606.9782462,left,False
819,1746968609.8860147,149.707,-12.2069,-1.00365,0.429366,-0.108561,6020.09,4,15.97,359.46,384.424,49.811,1,2,1.0,0.0,0.0,4,0.0,0,True,1746968606.9782462,left,False
820,1746968609.9050484,149.759,-12.5947,-1.12833,0.430922,-0.11364,5989.96,4,15.99,360.312,385.277,49.8107,1,2,1.0,0.0,0.0,4,0.0,0,True,1746968606.9782462,left,False
821,1746968609.9262793,149.821,-12.8839,-1.2725,0.432804,-0.118404,5964.23,4,16.012,361.251,386.216,49.8104,1,2,1.0,0.0,0.0,4,0.0,0,True,1746968606.9782462,left,False
822,1746968609.9487276,149.888,-13.0373,-1.40434,0.434871,-0.122401,5946.17,4,16.034,362.19,387.155,49.8101,1,2,1.0,0.0,0.0,4,0.0,0,True,1746968606.9782462,left,False
823,1746968609.969911,149.963,-13.0759,-1.53869,0.437132,-0.125675,5930.8,4,16.056,363.13,388.094,49.8097,1,2,1.0,0.0,0.0,4,0.0,0,True,1746968606.9782462,left,False
824,1746968609.9941845,150.038,-13.0154,-1.66597,0.439583,-0.128303,5929.76,4,16.078,364.07,389.034,49.8094,1,2,1.0,0.0,0.0,4,0.0,0,True,1746968606.9782462,left,False
825,1746968610.0142775,150.12,-12.8585,-1.79338,0.442232,-0.130292,5932.75,4,16.1,365.01,389.975,49.8091,1,2,1.0,0.0,0.0,4,0.0,0,True,1746968606.9782462,left,False
826,1746968610.0388749,150.214,-12.6146,-1.92044,0.445068,-0.131663,5930.13,4,16.122,365.951,390.916,49.8087,1,2,1.0,0.0,0.0,4,0.0,0,True,1746968606.9782462,left,False
827,1746968610.0612235,150.31,-12.2926,-2.04949,0.448092,-0.132412,5939.06,4,16.144,366.892,391.857,49.8084,1,2,1.0,0.0,0.0,4,0.0,0,True,1746968606.9782462,left,False
828,1746968610.082171,150.42,-11.8889,-2.17389,0.451302,-0.132578,5937.49,4,16.166,367.834,392.799,49.808,1,2,1.0,0.0,0.0,4,0.0,0,True,1746968606.9782462,left,False
829,1746968610.1036682,150.533,-11.4138,-2.29422,0.45469,-0.132159,5945.31,4,16.188,368.776,393.741,49.8077,1,2,1.0,0.0,0.0,4,0.0,0,True,1746968606.9782462,left,False
830,1746968610.1242158,150.657,-10.8712,-2.4171,0.45825,-0.131148,5946.14,4,16.21,369.719,394.684,49.8074,1,2,1.0,0.0,0.0,4,0.0,0,True,1746968606.9782462,left,False
831,1746968610.1469736,150.791,-10.262,-2.527,0.461973,-0.129595,5942.89,4,16.232,370.663,395.627,49.807,1,2,1.0,0.0,0.0,4,0.0,0,True,1746968606.9782462,left,False
832,1746968610.1694093,150.934,-9.60557,-2.64184,0.465851,-0.127533,5934.53,4,16.254,371.607,396.571,49.8067,1,2,1.0,0.0,0.0,4,0.0,0,True,1746968606.9782462,left,False
833,1746968610.19343,151.08,-8.90657,-2.75217,0.469869,-0.125012,5928.93,4,16.276,372.551,397.516,49.8064,1,2,1.0,0.0,0.0,4,0.0,0,True,1746968606.9782462,left,False
834,1746968610.2127957,151.233,-8.17199,-2.84902,0.474019,-0.122068,5917.55,4,16.298,373.497,398.462,49.806,1,2,1.0,0.0,0.0,4,0.0,0,True,1746968606.9782462,left,False
835,1746968610.2358308,151.386,-7.42082,-2.94577,0.478286,-0.118769,5910.71,4,16.32,374.443,399.408,49.8057,1,2,1.0,0.0,0.0,4,0.0,0,True,1746968606.9782462,left,False
836,1746968610.258463,151.543,-6.65655,-3.02832,0.482654,-0.115156,5899.73,4,16.342,375.39,400.355,49.8054,1,2,1.0,0.0,0.0,4,0.0,0,True,1746968606.9782462,left,False
837,1746968610.2806685,151.698,-5.89544,-3.10433,0.487111,-0.111295,5895.46,4,16.364,376.338,401.303,49.805,1,2,1.0,0.0,0.0,4,0.0,0,True,1746968606.9782462,left,False
838,1746968610.3010788,151.854,-5.14362,-3.15774,0.491638,-0.107231,5885.94,4,16.386,377.287,402.252,49.8047,1,2,1.0,0.0,0.0,4,0.0,0,True,1746968606.9782462,left,False
839,1746968610.3243113,152.009,-4.41595,-3.20893,0.496214,-0.103016,5879.87,4,16.408,378.237,403.202,49.8044,1,2,1.0,0.0,0.0,4,0.0,0,True,1746968606.9782462,left,False
840,1746968610.345083,152.16,-3.71885,-3.2463,0.500822,-0.0987062,5877.59,4,16.43,379.188,404.153,49.804,1,2,1.0,0.0,0.0,4,0.0,0,True,1746968606.9782462,left,False
841,1746968610.3676922,152.308,-3.05958,-3.26991,0.505438,-0.0943371,5876.79,4,16.452,380.14,405.105,49.8037,1,2,1.0,0.0,0.0,4,0.0,0,True,1746968606.9782462,left,False
842,1746968610.3885646,152.455,-2.44359,-3.27175,0.510055,-0.0899568,5875.53,4,16.474,381.093,406.058,49.8033,1,2,1.0,0.0,0.0,4,0.0,0,True,1746968606.9782462,left,False
843,1746968610.4106898,152.599,-1.87448,-3.26243,0.514644,-0.0855925,5875.26,4,16.496,382.047,407.011,49.803,1,2,1.0,0.0,0.0,4,0.0,0,True,1746968606.9782462,left,False
844,1746968610.4334288,152.742,-1.35596,-3.23682,0.519194,-0.0812753,5875.67,4,16.518,383.002,407.966,49.8027,1,2,1.0,0.0,0.0,4,0.0,0,True,1746968606.9782462,left,False
845,1746968610.4548302,152.882,-0.888033,-3.19581,0.523669,-0.0770259,5877.61,4,16.54,383.958,408.923,49.8023,1,2,1.0,0.0,0.0,4,0.0,0,True,1746968606.9782462,left,False
846,1746968610.4766927,153.02,-0.471395,-3.14113,0.52807,-0.0728664,5880.45,4,16.562,384.916,409.881,49.802,1,2,1.0,0.0,0.0,4,0.0,0,True,1746968606.9782462,left,False
847,1746968610.498954,153.156,-0.104196,-3.06557,0.532381,-0.0688087,5882.58,4,16.584,385.874,410.839,49.8017,1,2,1.0,0.0,0.0,4,0.0,0,True,1746968606.9782462,left,False
848,1746968610.5210197,153.29,0.215036,-2.98539,0.53658,-0.064861,5887.14,4,16.606,386.835,411.799,49.8013,1,2,1.0,0.0,0.0,4,0.0,0,True,1746968606.9782462,left,False
849,1746968610.54344,153.424,0.489569,-2.88887,0.540666,-0.0610296,5889.51,4,16.628,387.796,412.76,49.801,1,2,1.0,0.0,0.0,4,0.0,0,True,1746968606.9782462,left,False
850,1746968610.5651004,153.556,0.722351,-2.78383,0.544613,-0.0573142,5893.35,4,16.65,388.758,413.723,49.8007,1,2,1.0,0.0,0.0,4,0.0,0,True,1746968606.9782462,left,False
851,1746968610.5863533,153.687,0.917449,-2.67046,0.548425,-0.0537127,5897.06,4,16.672,389.721,414.686,49.8003,1,2,1.0,0.0,0.0,4,0.0,0,True,1746968606.9782462,left,False
852,1746968610.6090174,153.818,1.07847,-2.54913,0.552091,-0.0502207,5900.23,4,16.694,390.686,415.651,49.8,1,2,1.0,0.0,0.0,4,0.0,0,True,1746968606.9782462,left,False
853,1746968610.6334329,153.946,1.20993,-2.42751,0.555601,-0.0468279,5906.61,4,16.716,391.652,416.616,49.7997,1,2,1.0,0.0,0.0,4,0.0,0,True,1746968606.9782462,left,False
854,1746968610.6529334,154.075,1.31532,-2.29898,0.55895,-0.0435255,5910.57,4,16.738,392.618,417.583,49.7993,1,2,1.0,0.0,0.0,4,0.0,0,True,1746968606.9782462,left,False
855,1746968610.6751196,154.202,1.39866,-2.16178,0.562134,-0.0403055,5915.1,4,16.76,393.586,418.551,49.799,1,2,1.0,0.0,0.0,4,0.0,0,True,1746968606.9782462,left,False
856,1746968610.697855,154.329,1.46322,-2.0234,0.565151,-0.0371564,5917.43,4,16.782,394.556,419.52,49.7986,1,2,1.0,0.0,0.0,4,0.0,0,True,1746968606.9782462,left,False
857,1746968610.7189407,154.454,1.51346,-1.897,0.567999,-0.0340694,5923.02,4,16.804,395.526,420.49,49.7983,1,2,1.0,0.0,0.0,4,0.0,0,True,1746968606.9782462,left,False
858,1746968610.7406006,154.58,1.55049,-1.7628,0.570673,-0.0310361,5926.96,4,16.826,396.497,421.462,49.798,1,2,1.0,0.0,0.0,4,0.0,0,True,1746968606.9782462,left,False
859,1746968610.764254,154.704,1.57748,-1.63149,0.573171,-0.0280454,5931.77,4,16.848,397.469,422.434,49.7976,1,2,1.0,0.0,0.0,4,0.0,0,True,1746968606.9782462,left,False
860,1746968610.7840674,154.827,1.59691,-1.49864,0.575492,-0.0250904,5936.56,4,16.87,398.442,423.407,49.7973,1,2,1.0,0.0,0.0,4,0.0,0,True,1746968606.9782462,left,False
861,1746968610.8076808,154.95,1.60908,-1.36699,0.577635,-0.0221654,5940.96,4,16.892,399.416,424.381,49.797,1,2,1.0,0.0,0.0,4,0.0,0,True,1746968606.9782462,right,False
862,1746968610.830513,155.071,1.61639,-1.2428,0.579598,-0.0192683,5946.15,4,16.914,400.391,425.356,49.7966,1,2,1.0,0.0,0.0,4,0.0,0,True,1746968606.9782462,right,False
863,1746968610.8510725,155.192,1.61967,-1.11481,0.581384,-0.0163915,5950.38,4,16.936,401.367,426.332,49.7963,1,2,1.0,0.0,0.0,4,0.0,0,True,1746968606.9782462,right,False
864,1746968610.8755188,155.312,1.61981,-0.988012,0.58299,-0.013532,5955.11,4,16.958,402.344,427.309,49.796,1,2,1.0,0.0,0.0,4,0.0,0,True,1746968606.9782462,right,False
865,1746968610.897625,155.432,1.61811,-0.868586,0.584414,-0.0106872,5959.79,4,16.98,403.322,428.287,49.7956,1,2,1.0,0.0,0.0,4,0.0,0,True,1746968606.9782462,right,False
866,1746968610.917835,155.55,1.61395,-0.745669,0.585659,-0.00785312,5964.29,4,17.002,404.301,429.266,49.7953,1,2,1.0,0.0,0.0,4,0.0,0,True,1746968606.9782462,right,False
867,1746968610.9391186,155.667,1.6092,-0.630312,0.586721,-0.00502852,5970.09,4,17.024,405.281,430.245,49.795,1,2,1.0,0.0,0.0,4,0.0,0,True,1746968606.9782462,right,False
868,1746968610.9608908,155.785,1.60337,-0.512007,0.587602,-0.00221002,5973.99,4,17.046,406.261,431.226,49.7946,1,2,1.0,0.0,0.0,4,0.0,0,True,1746968606.9782462,right,False
869,1746968610.982044,155.902,1.5966,-0.389295,0.588304,0.000603288,5977.63,4,17.068,407.242,432.207,49.7943,1,2,1.0,0.0,0.0,4,0.0,0,True,1746968606.9782462,right,False
870,1746968611.0048316,156.017,1.59036,-0.275894,0.588824,0.00341418,5983.05,4,17.09,408.224,433.189,49.7939,1,2,1.0,0.0,0.0,4,0.0,0,True,1746968606.9782462,right,False
871,1746968611.0260074,156.132,1.58273,-0.152278,0.589162,0.00622028,5986.2,4,17.112,409.207,434.172,49.7936,1,2,1.0,0.0,0.0,4,0.0,0,True,1746968606.9782462,right,False
872,1746968611.0491867,156.246,1.57636,-0.0401524,0.589319,0.00902531,5990.26,4,17.134,410.191,435.156,49.7933,1,2,1.0,0.0,0.0,4,0.0,0,True,1746968606.9782462,right,False
873,1746968611.0713255,156.36,1.56965,0.0771433,0.589296,0.0118299,5993.55,4,17.156,411.175,436.14,49.7929,1,2,1.0,0.0,0.0,4,0.0,0,True,1746968606.9782462,right,False
874,1746968611.0974352,156.472,1.56306,0.201614,0.589091,0.0146395,5998.25,4,17.178,412.16,437.125,49.7926,1,2,1.0,0.0,0.1,4,0.0,0,True,1746968606.9782462,right,False
875,1746968611.117459,156.585,1.55656,0.327213,0.5887,0.0174491,6001.53,4,17.2,413.146,438.11,49.7923,1,2,1.0,0.0,0.1,4,0.0,0,True,1746968606.9782462,right,False
876,1746968611.1388721,156.68,1.73811,0.438073,0.588184,0.0193167,6010.45,4,17.222,414.132,439.097,49.7919,1,2,1.0,0.0,0.1,4,0.0,0,True,1746968606.9782462,right,False
877,1746968611.1591187,156.773,1.61735,0.529466,0.58764,0.0187179,6021.37,4,17.244,415.119,440.083,49.7916,1,2,1.0,0.0,0.1,4,0.0,0,True,1746968606.9782462,right,False
878,1746968611.1800878,156.87,1.17349,0.590078,0.587073,0.0159942,6031.9,4,17.266,416.106,441.071,49.7913,1,2,1.0,0.0,0.1,4,0.0,0,True,1746968606.9782462,right,False
879,1746968611.203518,156.964,0.488231,0.63482,0.586495,0.0115307,6043.38,4,17.288,417.094,442.059,49.7909,1,2,1.0,0.0,0.1,4,0.0,0,True,1746968606.9782462,right,False
880,1746968611.224261,157.052,-0.368483,0.655763,0.585925,0.00569209,6057.69,4,17.31,418.082,443.047,49.7906,1,2,1.0,0.0,0.1,4,0.0,0,True,1746968606.9782462,right,False
881,1746968611.2485685,157.131,-1.33443,0.653017,0.585384,-0.00117758,6071.78,4,17.332,419.071,444.036,49.7903,1,2,1.0,0.0,0.1,4,0.0,0,True,1746968606.9782462,right,False
882,1746968611.2689102,157.195,-2.36609,0.624236,0.584898,-0.00875831,6091.82,4,17.354,420.061,445.026,49.7899,1,2,1.0,0.0,0.1,4,0.0,0,True,1746968606.9782462,right,False
883,1746968611.2907119,157.246,-3.41876,0.573895,0.584481,-0.0167781,6113.57,4,17.376,421.051,446.015,49.7896,1,2,1.0,0.0,0.1,4,0.0,0,True,1746968606.9782462,right,False
884,1746968611.3138988,157.282,-4.46713,0.502005,0.584161,-0.0250349,6139.48,4,17.398,422.041,447.006,49.7892,1,2,1.0,0.0,0.1,4,0.0,0,True,1746968606.9782462,right,False
885,1746968611.336918,157.304,-5.49014,0.417357,0.58395,-0.0333729,6167.35,4,17.42,423.032,447.996,49.7889,1,2,1.0,0.0,0.1,4,0.0,0,True,1746968606.9782462,right,False
886,1746968611.3574889,157.316,-6.48087,0.311025,0.583866,-0.0417131,6193.79,4,17.442,424.023,448.987,49.7886,1,2,1.0,0.0,0.1,4,0.0,0,True,1746968606.9782462,right,False
887,1746968611.3783689,157.314,-7.43434,0.188246,0.583921,-0.04997,6224.53,4,17.464,425.014,449.979,49.7882,1,2,1.0,0.0,0.1,4,0.0,0,True,1746968606.9782462,right,False
888,1746968611.4013708,157.306,-8.3393,0.0657435,0.584125,-0.0581334,6248.43,4,17.486,426.005,450.97,49.7879,1,2,1.0,0.0,0.1,4,0.0,0,True,1746968606.9782462,right,False
889,1746968611.422326,157.292,-9.2028,-0.063592,0.584487,-0.0661835,6267.34,4,17.508,426.997,451.962,49.7876,1,2,1.0,0.0,0.1,4,0.0,0,True,1746968606.9782462,right,False
890,1746968611.4445252,157.276,-10.026,-0.199356,0.585024,-0.0741403,6277.81,4,17.53,427.989,452.954,49.7872,1,2,1.0,0.0,0.1,4,0.0,0,True,1746968606.9782462,right,False
891,1746968611.4667625,157.247,-10.8247,-0.343321,0.585738,-0.0820292,6295.31,4,17.552,428.981,453.946,49.7869,1,2,1.0,0.0,0.1,4,0.0,0,True,1746968606.9782462,right,False
892,1746968611.4915087,157.217,-11.5914,-0.488265,0.586639,-0.0898633,6305.88,4,17.574,429.973,454.938,49.7866,1,2,1.0,0.0,0.1,4,0.0,0,True,1746968606.9782462,right,False
893,1746968611.5122523,157.18,-12.3247,-0.633466,0.58774,-0.0976143,6313.65,4,17.596,430.966,455.931,49.7862,1,2,1.0,0.0,0.0,4,0.0,0,True,1746968606.9782462,left,False
894,1746968611.532854,157.139,-13.0283,-0.776828,0.589042,-0.105285,6320.63,4,17.618,431.958,456.923,49.7859,1,2,1.0,0.0,0.0,4,0.0,0,True,1746968606.9782462,left,False
895,1746968611.5564265,157.124,-13.7721,-0.923642,0.590533,-0.11256,6315.63,4,17.64,432.951,457.916,49.7856,1,2,1.0,0.0,0.0,4,0.0,0,True,1746968606.9782462,left,False
896,1746968611.576583,157.131,-14.3771,-1.06552,0.59219,-0.118882,6294.06,4,17.662,433.944,458.909,49.7852,1,2,1.0,0.0,0.0,4,0.0,0,True,1746968606.9782462,left,False
897,1746968611.6000056,157.149,-14.8228,-1.20534,0.594016,-0.124336,6276.86,4,17.684,434.938,459.903,49.7849,1,2,1.0,0.0,0.0,4,0.0,0,True,1746968606.9782462,left,False
898,1746968611.6215208,157.173,-15.1354,-1.34616,0.596021,-0.129018,6258.17,4,17.706,435.932,460.897,49.7845,1,2,1.0,0.0,0.0,4,0.0,0,True,1746968606.9782462,left,False
899,1746968611.643331,157.208,-15.3159,-1.47435,0.59821,-0.13299,6240.3,4,17.728,436.926,461.891,49.7842,1,2,1.0,0.0,0.0,4,0.0,0,True,1746968606.9782462,left,False
900,1746968611.667132,157.248,-15.3872,-1.60777,0.60059,-0.136295,6233.92,4,17.75,437.921,462.885,49.7839,1,2,1.0,0.0,0.0,4,0.0,0,True,1746968606.9782462,left,False
901,1746968611.689833,157.293,-15.3572,-1.74117,0.60316,-0.13898,6234.02,4,17.772,438.915,463.88,49.7835,1,2,1.0,0.0,0.0,4,0.0,0,True,1746968606.9782462,left,False
902,1746968611.709635,157.347,-15.2323,-1.8688,0.605922,-0.141058,6232.62,4,17.794,439.911,464.875,49.7832,1,2,1.0,0.0,0.0,4,0.0,0,True,1746968606.9782462,left,False
903,1746968611.7332768,157.409,-15.0215,-1.99525,0.608872,-0.142541,6235.07,4,17.816,440.906,465.871,49.7829,1,2,1.0,0.0,0.0,4,0.0,0,True,1746968606.9782462,left,False
904,1746968611.7536128,157.482,-14.7213,-2.12568,0.61201,-0.143424,6237.63,4,17.838,441.902,466.867,49.7825,1,2,1.0,0.0,0.0,4,0.0,0,True,1746968606.9782462,left,False
905,1746968611.7747674,157.564,-14.3325,-2.24816,0.615332,-0.143702,6244.08,4,17.86,442.898,467.863,49.7822,1,2,1.0,0.0,0.0,4,0.0,0,True,1746968606.9782462,left,False
906,1746968611.7978284,157.654,-13.8679,-2.37346,0.618829,-0.143382,6247.52,4,17.882,443.894,468.859,49.7819,1,2,1.0,0.0,0.0,4,0.0,0,True,1746968606.9782462,left,False
907,1746968611.819731,157.757,-13.3221,-2.49403,0.622502,-0.142485,6249.01,4,17.904,444.891,469.856,49.7815,1,2,1.0,0.0,0.0,4,0.0,0,True,1746968606.9782462,left,False
908,1746968611.842523,157.868,-12.7014,-2.61677,0.626345,-0.141009,6248.98,4,17.926,445.888,470.853,49.7812,1,2,1.0,0.0,0.0,4,0.0,0,True,1746968606.9782462,left,False
909,1746968611.8655727,157.989,-12.0131,-2.73069,0.630353,-0.138973,6246.81,4,17.948,446.885,471.85,49.7809,1,2,1.0,0.0,0.0,4,0.0,0,True,1746968606.9782462,left,False
910,1746968611.8855999,158.117,-11.2676,-2.84366,0.634505,-0.136393,6244.33,4,17.97,447.883,472.848,49.7805,1,2,1.0,0.0,0.0,4,0.0,0,True,1746968606.9782462,left,False
911,1746968611.9100523,158.257,-10.459,-2.94553,0.638802,-0.133292,6230.86,4,17.992,448.882,473.847,49.7802,1,2,1.0,0.0,0.0,4,0.0,0,True,1746968606.9782462,left,False
912,1746968611.928318,158.401,-9.60665,-3.04654,0.643221,-0.129728,6216.87,4,18.014,449.881,474.846,49.7798,1,2,1.0,0.0,0.0,4,0.0,0,True,1746968606.9782462,left,False
913,1746968611.952758,158.551,-8.72507,-3.13232,0.647766,-0.125759,6200.78,4,18.036,450.881,475.846,49.7795,1,2,1.0,0.0,0.0,4,0.0,0,True,1746968606.9782462,left,False
914,1746968611.9721937,158.702,-7.82575,-3.21016,0.652407,-0.121441,6185.98,4,18.058,451.882,476.847,49.7792,1,2,1.0,0.0,0.0,4,0.0,0,True,1746968606.9782462,left,False
915,1746968611.9966803,158.853,-6.92447,-3.27989,0.657137,-0.116847,6172.46,4,18.08,452.884,477.848,49.7788,1,2,1.0,0.0,0.0,4,0.0,0,True,1746968606.9782462,left,False
916,1746968612.018425,159.003,-6.03511,-3.33789,0.66193,-0.112042,6160.61,4,18.102,453.886,478.851,49.7785,1,2,1.0,0.0,0.0,4,0.0,0,True,1746968606.9782462,left,False
917,1746968612.0406785,159.149,-5.1716,-3.38329,0.666768,-0.107098,6154.05,4,18.124,454.889,479.854,49.7782,1,2,1.0,0.0,0.0,4,0.0,0,True,1746968606.9782462,left,False
918,1746968612.060408,159.292,-4.3453,-3.41693,0.671635,-0.102076,6148.54,4,18.146,455.894,480.859,49.7778,1,2,1.0,0.0,0.0,4,0.0,0,True,1746968606.9782462,left,False
919,1746968612.0829303,159.435,-3.56328,-3.42374,0.676508,-0.0970316,6138.52,4,18.168,456.899,481.864,49.7775,1,2,1.0,0.0,0.0,4,0.0,0,True,1746968606.9782462,left,False
920,1746968612.1050854,159.57,-2.83996,-3.41984,0.681348,-0.0914434,6137.58,4,18.19,457.911,482.876,49.7772,1,2,1.0,0.0,0.0,4,0.0,0,True,1746968606.9782462,left,False
921,1746968612.1298018,159.705,-2.17427,-3.39371,0.686098,-0.0857967,6133.13,4,18.212,458.926,483.891,49.7768,1,2,1.0,0.0,0.0,4,0.0,0,True,1746968606.9782462,left,False
922,1746968612.1508486,159.835,-1.57328,-3.34913,0.690761,-0.0802496,6133.02,4,18.234,459.942,484.907,49.7765,1,2,1.0,0.0,0.0,4,0.0,0,True,1746968606.9782462,left,False
923,1746968612.1725554,159.962,-1.03452,-3.28111,0.695288,-0.0748141,6134.48,4,18.256,460.959,485.924,49.7762,1,2,1.0,0.0,0.0,4,0.0,0,True,1746968606.9782462,left,False
924,1746968612.1932597,160.088,-0.558032,-3.18602,0.699668,-0.0695046,6134.61,4,18.278,461.978,486.943,49.7758,1,2,1.0,0.0,0.0,4,0.0,0,True,1746968606.9782462,left,False
925,1746968612.2160997,160.211,-0.141943,-3.08301,0.703918,-0.064334,6136.58,4,18.3,462.997,487.962,49.7755,1,2,1.0,0.0,0.0,4,0.0,0,True,1746968606.9782462,left,False
926,1746968612.2366745,160.331,0.21753,-2.96336,0.70799,-0.0593003,6140.15,4,18.322,464.018,488.983,49.7751,1,2,1.0,0.0,0.0,4,0.0,0,True,1746968606.9782462,left,False
927,1746968612.2591467,160.449,0.524212,-2.82671,0.711872,-0.054407,6144.1,4,18.344,465.039,490.004,49.7748,1,2,1.0,0.0,0.0,4,0.0,0,True,1746968606.9782462,left,False
928,1746968612.2827048,160.566,0.78216,-2.67285,0.715557,-0.0496509,6147.68,4,18.366,466.062,491.027,49.7745,1,2,1.0,0.0,0.0,4,0.0,0,True,1746968606.9782462,left,False
929,1746968612.3033543,160.683,0.995366,-2.50198,0.719037,-0.0450304,6149.31,4,18.388,467.086,492.051,49.7741,1,2,1.0,0.0,0.0,4,0.0,0,True,1746968606.9782462,left,False
930,1746968612.3254006,160.798,1.16943,-2.33284,0.722303,-0.0405403,6153.21,4,18.41,468.111,493.076,49.7738,1,2,1.0,0.0,0.0,4,0.0,0,True,1746968606.9782462,left,False
931,1746968612.348797,160.912,1.30794,-2.14415,0.725305,-0.0361644,6156.66,4,18.432,469.138,494.103,49.7735,1,2,1.0,0.0,0.0,4,0.0,0,True,1746968606.9782462,left,False
932,1746968612.3677673,161.025,1.41657,-1.95199,0.728083,-0.0318952,6159.76,4,18.454,470.166,495.131,49.7731,1,2,1.0,0.0,0.0,4,0.0,0,True,1746968606.9782462,left,False
933,1746968612.3936179,161.137,1.50037,-1.76072,0.730636,-0.027723,6164.07,4,18.476,471.195,496.16,49.7728,1,2,1.0,0.0,0.0,4,0.0,0,True,1746968606.9782462,left,False
934,1746968612.412554,161.247,1.56278,-1.56836,0.73296,-0.0236362,6167.63,4,18.498,472.225,497.189,49.7725,1,2,1.0,0.0,0.0,4,0.0,0,True,1746968606.9782462,right,False
935,1746968612.435065,161.357,1.60784,-1.3699,0.735029,-0.0196208,6171.28,4,18.52,473.255,498.22,49.7721,1,2,1.0,0.0,0.0,4,0.0,0,True,1746968606.9782462,right,False
936,1746968612.4576986,161.466,1.63961,-1.18158,0.736839,-0.0156636,6175.52,4,18.542,474.287,499.252,49.7718,1,2,1.0,0.0,0.0,4,0.0,0,True,1746968606.9782462,right,False
937,1746968612.4795866,161.574,1.66097,-0.993858,0.738414,-0.011757,6180.92,4,18.564,475.32,500.285,49.7715,1,2,1.0,0.0,0.0,4,0.0,0,True,1746968606.9782462,right,False
938,1746968612.5021935,161.681,1.67379,-0.806847,0.739751,-0.00789118,6183.73,4,18.586,476.353,501.318,49.7711,1,2,1.0,0.0,0.0,4,0.0,0,True,1746968606.9782462,right,False
939,1746968612.5247898,161.787,1.68074,-0.624964,0.740826,-0.00405508,6187.19,4,18.608,477.387,502.352,49.7708,1,2,1.0,0.0,0.0,4,0.0,0,True,1746968606.9782462,right,False
940,1746968612.5460932,161.892,1.68311,-0.447036,0.741639,-0.000243902,6192.42,4,18.63,478.423,503.387,49.7704,1,2,1.0,0.0,0.0,4,0.0,0,True,1746968606.9782462,right,False
941,1746968612.5663047,161.997,1.68195,-0.273427,0.742215,0.00354689,6196.26,4,18.652,479.458,504.423,49.7701,1,2,1.0,0.0,0.0,4,0.0,0,True,1746968606.9782462,right,False
942,1746968612.5908356,162.099,1.6792,-0.107442,0.742552,0.00731868,6201.47,4,18.674,480.495,505.459,49.7698,1,2,1.0,0.0,0.0,4,0.0,0,True,1746968606.9782462,right,False
943,1746968612.6110246,162.203,1.67334,0.0601099,0.742631,0.0110763,6203.07,4,18.696,481.532,506.497,49.7694,1,2,1.0,0.0,0.0,4,0.0,0,True,1746968606.9782462,right,False
944,1746968612.633908,162.304,1.66727,0.223164,0.742438,0.014828,6207.52,4,18.718,482.57,507.535,49.7691,1,2,1.0,0.0,0.0,4,0.0,0,True,1746968606.9782462,right,False
945,1746968612.6553602,162.404,1.66086,0.377193,0.742005,0.0185766,6212.14,4,18.74,483.608,508.573,49.7688,1,2,1.0,0.0,0.0,4,0.0,0,True,1746968606.9782462,right,False
946,1746968612.676469,162.504,1.65358,0.544079,0.741333,0.0223184,6216.11,4,18.762,484.647,509.612,49.7684,1,2,1.0,0.0,0.0,4,0.0,0,True,1746968606.9782462,right,False
947,1746968612.700188,162.602,1.64577,0.705596,0.74042,0.0260522,6220.84,4,18.784,485.687,510.651,49.7681,1,2,1.0,0.0,0.0,4,0.0,0,True,1746968606.9782462,right,False
948,1746968612.7216535,162.7,1.63803,0.871066,0.739227,0.0297845,6223.52,4,18.806,486.727,511.692,49.7678,1,2,1.0,0.0,0.0,4,0.0,0,True,1746968606.9782462,right,False
949,1746968612.7426753,162.798,1.62869,1.03464,0.737778,0.0335115,6225.6,4,18.828,487.768,512.732,49.7674,1,2,1.0,0.0,0.0,4,0.0,0,True,1746968606.9782462,right,False
950,1746968612.765934,162.892,1.62031,1.19238,0.736089,0.0372334,6231.29,4,18.85,488.809,513.773,49.7671,1,2,1.0,0.0,0.0,4,0.0,0,True,1746968606.9782462,right,False
951,1746968612.788424,162.987,1.61208,1.3507,0.734156,0.0409511,6235.37,4,18.872,489.85,514.815,49.7668,1,2,1.0,0.0,0.0,4,0.0,0,True,1746968606.9782462,right,False
952,1746968612.809851,163.082,1.60357,1.51337,0.731983,0.0446653,6237.61,4,18.894,490.891,515.856,49.7664,1,2,1.0,0.0,0.0,4,0.0,0,True,1746968606.9782462,right,False
953,1746968612.8330204,163.175,1.59598,1.67003,0.729548,0.0483801,6240.97,4,18.916,491.933,516.898,49.7661,1,2,1.0,0.0,0.0,4,0.0,0,True,1746968606.9782462,right,False
954,1746968612.852587,163.267,1.5876,1.83687,0.726835,0.0520962,6245.32,4,18.938,492.976,517.941,49.7657,1,2,1.0,0.0,0.0,4,0.0,0,True,1746968606.9782462,right,False
955,1746968612.8759866,163.359,1.57857,2.00853,0.723878,0.0558075,6247,4,18.96,494.018,518.983,49.7654,1,2,1.0,0.0,0.0,4,0.0,0,True,1746968606.9782462,right,False
956,1746968612.8999414,163.449,1.57057,2.17684,0.720678,0.059518,6251.15,4,18.982,495.061,520.026,49.7651,1,2,1.0,0.0,0.0,4,0.0,0,True,1746968606.9782462,right,False
957,1746968612.922377,163.54,1.56368,2.34011,0.717235,0.0632284,6253.67,4,19.004,496.104,521.069,49.7647,1,2,1.0,0.0,0.1,4,0.0,0,True,1746968606.9782462,right,False
958,1746968612.9400747,163.629,1.55679,2.51175,0.713549,0.0669421,6256.37,4,19.026,497.147,522.111,49.7644,1,2,1.0,0.0,0.1,4,0.0,0,True,1746968606.9782462,right,False
959,1746968612.9638057,163.7,1.73907,2.66898,0.709653,0.0696729,6264.51,4,19.048,498.19,523.154,49.7641,1,2,1.0,0.0,0.1,4,0.0,0,True,1746968606.9782462,right,False
960,1746968612.9865735,163.77,1.59298,2.80848,0.705667,0.0698346,6272.08,4,19.07,499.233,524.198,49.7637,1,2,1.0,0.0,0.1,4,0.0,0,True,1746968606.9782462,right,False
961,1746968613.0096836,163.842,1.09373,2.92147,0.7016,0.0677686,6281.57,4,19.092,500.276,525.241,49.7634,1,2,1.0,0.0,0.1,4,0.0,0,True,1746968606.9782462,right,False
962,1746968613.0277748,163.912,0.33388,3.01431,0.69746,0.0638853,6291.24,4,19.114,501.319,526.284,49.7631,1,2,1.0,0.0,0.1,4,0.0,0,True,1746968606.9782462,right,False
963,1746968613.0507941,163.974,-0.613,3.07358,0.693268,0.0585763,6304.12,4,19.136,502.363,527.328,49.7627,1,2,1.0,0.0,0.1,4,0.0,0,True,1746968606.9782462,right,False
964,1746968613.0724092,164.025,-1.67751,3.11191,0.689054,0.0521946,6317.21,4,19.158,503.406,528.371,49.7624,1,2,1.0,0.0,0.1,4,0.0,0,True,1746968606.9782462,right,False
965,1746968613.0962834,164.061,-2.81061,3.12283,0.684831,0.0450804,6335.31,4,19.18,504.45,529.415,49.7621,1,2,1.0,0.0,0.1,4,0.0,0,True,1746968606.9782462,right,False
966,1746968613.117094,164.081,-3.96769,3.10921,0.680632,0.0375009,6355.54,4,19.202,505.494,530.458,49.7617,1,2,1.0,0.0,0.1,4,0.0,0,True,1746968606.9782462,right,False
967,1746968613.1391587,164.085,-5.11916,3.07359,0.676482,0.0296864,6378.25,4,19.224,506.537,531.502,49.7614,1,2,1.0,0.0,0.1,4,0.0,0,True,1746968606.9782462,right,False
968,1746968613.1625035,164.074,-6.24302,3.0159,0.672393,0.0218122,6404.84,4,19.246,507.581,532.546,49.761,1,2,1.0,0.0,0.1,4,0.0,0,True,1746968606.9782462,right,False
969,1746968613.1821492,164.05,-7.32934,2.94077,0.668372,0.0139668,6431.51,4,19.268,508.625,533.589,49.7607,1,2,1.0,0.0,0.1,4,0.0,0,True,1746968606.9782462,right,False
970,1746968613.2066653,164.014,-8.36973,2.85751,0.664445,0.00619829,6457.64,4,19.29,509.668,534.633,49.7604,1,2,1.0,0.0,0.1,4,0.0,0,True,1746968606.9782462,right,False
971,1746968613.2279706,163.968,-9.3675,2.75713,0.660614,-0.0014593,6483.45,4,19.312,510.712,535.677,49.76,1,2,1.0,0.0,0.1,4,0.0,0,True,1746968606.9782462,right,False
972,1746968613.249664,163.915,-10.3205,2.65214,0.656893,-0.00899655,6502.59,4,19.334,511.755,536.72,49.7597,1,2,1.0,0.0,0.1,4,0.0,0,True,1746968606.9782462,right,False
973,1746968613.2711422,163.857,-11.2248,2.54186,0.653305,-0.0164137,6516.35,4,19.356,512.798,537.763,49.7594,1,2,1.0,0.0,0.1,4,0.0,0,True,1746968606.9782462,right,False
974,1746968613.2924323,163.796,-12.0965,2.42835,0.649842,-0.0237653,6522.95,4,19.378,513.841,538.806,49.759,1,2,1.0,0.0,0.1,4,0.0,0,True,1746968606.9782462,right,False
975,1746968613.316334,163.724,-12.9357,2.31263,0.646524,-0.0310484,6531.98,4,19.4,514.884,539.849,49.7587,1,2,1.0,0.0,0.1,4,0.0,0,True,1746968606.9782462,right,False
976,1746968613.336457,163.646,-13.7424,2.1996,0.64335,-0.0382571,6540.07,4,19.422,515.927,540.892,49.7584,1,2,1.0,0.0,0.1,4,0.0,0,True,1746968606.9782462,right,False
977,1746968613.3593693,163.562,-14.5192,2.07889,0.640335,-0.0453737,6545.57,4,19.444,516.97,541.935,49.758,1,2,1.0,0.0,0.1,4,0.0,0,True,1746968606.9782462,right,False
978,1746968613.381294,163.469,-15.2616,1.96068,0.637481,-0.0523776,6558.63,4,19.466,518.012,542.977,49.7577,1,2,1.0,0.0,0.0,4,0.0,0,True,1746968606.9782462,left,False
979,1746968613.403684,163.369,-15.979,1.83632,0.634795,-0.0592694,6571.61,4,19.488,519.055,544.019,49.7574,1,2,1.0,0.0,0.0,4,0.0,0,True,1746968606.9782462,left,False
980,1746968613.425892,163.3,-16.7139,1.71521,0.632264,-0.0657673,6568.99,4,19.51,520.097,545.061,49.757,1,2,1.0,0.0,0.0,4,0.0,0,True,1746968606.9782462,left,False
981,1746968613.4470677,163.253,-17.307,1.59755,0.62987,-0.0713568,6559.52,4,19.532,521.139,546.103,49.7567,1,2,1.0,0.0,0.0,4,0.0,0,True,1746968606.9782462,left,False
982,1746968613.4690676,163.219,-17.7452,1.48587,0.627618,-0.0761247,6542.12,4,19.554,522.181,547.145,49.7563,1,2,1.0,0.0,0.0,4,0.0,0,True,1746968606.9782462,left,False
983,1746968613.492475,163.195,-18.0461,1.37428,0.625507,-0.080129,6530.59,4,19.576,523.223,548.187,49.756,1,2,1.0,0.0,0.0,4,0.0,0,True,1746968606.9782462,left,False
984,1746968613.516537,163.185,-18.2207,1.26258,0.623546,-0.0834113,6514.1,4,19.598,524.265,549.229,49.7557,1,2,1.0,0.0,0.0,4,0.0,0,True,1746968606.9782462,left,False
985,1746968613.5350058,163.183,-18.2762,1.15379,0.621742,-0.0859989,6503.64,4,19.62,525.307,550.272,49.7553,1,2,1.0,0.0,0.0,4,0.0,0,True,1746968606.9782462,left,False
986,1746968613.5576322,163.19,-18.2216,1.04916,0.620092,-0.0879387,6498.73,4,19.642,526.349,551.314,49.755,1,2,1.0,0.0,0.0,4,0.0,0,True,1746968606.9782462,left,False
987,1746968613.5796497,163.208,-18.0714,0.93528,0.618597,-0.0892478,6496.68,4,19.664,527.391,552.356,49.7547,1,2,1.0,0.0,0.0,4,0.0,0,True,1746968606.9782462,left,False
988,1746968613.6020772,163.237,-17.8183,0.830557,0.617256,-0.0899433,6495.24,4,19.686,528.433,553.397,49.7543,1,2,1.0,0.0,0.0,4,0.0,0,True,1746968606.9782462,left,False
989,1746968613.622321,163.276,-17.47,0.724225,0.616063,-0.090013,6498.12,4,19.708,529.474,554.439,49.754,1,2,1.0,0.0,0.0,4,0.0,0,True,1746968606.9782462,left,False
990,1746968613.6446388,163.328,-17.0328,0.619599,0.615026,-0.0894838,6499.91,4,19.73,530.516,555.481,49.7537,1,2,1.0,0.0,0.0,4,0.0,0,True,1746968606.9782462,left,False
991,1746968613.666639,163.391,-16.5047,0.514736,0.61413,-0.0883172,6504.71,4,19.752,531.558,556.523,49.7533,1,2,1.0,0.0,0.0,4,0.0,0,True,1746968606.9782462,left,False
992,1746968613.6891665,163.47,-15.8917,0.412224,0.61337,-0.0865637,6500.39,4,19.774,532.6,557.565,49.753,1,2,1.0,0.0,0.0,4,0.0,0,True,1746968606.9782462,left,False
993,1746968613.7107284,163.558,-15.1865,0.326762,0.612755,-0.0841964,6495.25,4,19.796,533.642,558.607,49.7527,1,2,1.0,0.0,0.0,4,0.0,0,True,1746968606.9782462,left,False
994,1746968613.7340486,163.658,-14.4061,0.229653,0.612265,-0.0812178,6489.3,4,19.818,534.684,559.649,49.7523,1,2,1.0,0.0,0.0,4,0.0,0,True,1746968606.9782462,left,False
995,1746968613.7567995,163.767,-13.5579,0.138785,0.6119,-0.0776947,6482.22,4,19.84,535.727,560.692,49.752,1,2,1.0,0.0,0.0,4,0.0,0,True,1746968606.9782462,left,False
996,1746968613.7806528,163.884,-12.65,0.0510989,0.611638,-0.0736347,6470.89,4,19.862,536.769,561.734,49.7516,1,2,1.0,0.0,0.0,4,0.0,0,True,1746968606.9782462,left,False
997,1746968613.7999697,164.013,-11.6929,-0.0242036,0.611477,-0.0691289,6451.76,4,19.884,537.812,562.777,49.7513,1,2,1.0,0.0,0.0,4,0.0,0,True,1746968606.9782462,right,False
998,1746968613.8210297,164.147,-10.6936,-0.0848206,0.611403,-0.0641915,6427.82,4,19.906,538.856,563.82,49.751,1,2,1.0,0.0,0.0,4,0.0,0,True,1746968606.9782462,right,False
999,1746968613.8453166,164.28,-9.67057,-0.144037,0.611403,-0.0588779,6412.04,4,19.928,539.899,564.864,49.7506,1,2,1.0,0.0,0.0,4,0.0,0,True,1746968606.9782462,right,False
1000,1746968613.8651419,164.414,-8.63892,-0.192467,0.611458,-0.0532561,6395.55,4,19.95,540.944,565.908,49.7503,1,2,1.0,0.0,0.0,4,0.0,0,True,1746968606.9782462,right,False
1001,1746968613.8882875,164.547,-7.61027,-0.228502,0.611546,-0.0473809,6379.82,4,19.972,541.988,566.953,49.75,1,2,1.0,0.0,0.0,4,0.0,0,True,1746968606.9782462,right,False
1002,1746968613.9092994,164.676,-6.60411,-0.259019,0.611656,-0.0413281,6368.93,4,19.994,543.034,567.999,49.7496,1,2,1.0,0.0,0.0,4,0.0,0,True,1746968606.9782462,right,False
1003,1746968613.93198,164.802,-5.63059,-0.266332,0.611759,-0.0351605,6358.44,4,20.016,544.079,569.044,49.7493,1,2,1.0,0.0,0.0,4,0.0,0,True,1746968606.9782462,right,False
1004,1746968613.9542925,164.924,-4.70542,-0.264196,0.61183,-0.0289444,6351.53,4,20.038,545.126,570.091,49.749,1,2,1.0,0.0,0.0,4,0.0,0,True,1746968606.9782462,right,False
1005,1746968613.9742665,165.042,-3.8372,-0.237129,0.611857,-0.0227324,6344.21,4,20.06,546.173,571.138,49.7486,1,2,1.0,0.0,0.0,4,0.0,0,True,1746968606.9782462,right,False
1006,1746968613.9978166,165.156,-3.03539,-0.206054,0.611793,-0.0165805,6340.47,4,20.082,547.221,572.186,49.7483,1,2,1.0,0.0,0.0,4,0.0,0,True,1746968606.9782462,right,False
1007,1746968614.0206995,165.265,-2.3011,-0.147688,0.61164,-0.0105109,6337.68,4,20.104,548.269,573.234,49.748,1,2,1.0,0.0,0.0,4,0.0,0,True,1746968606.9782462,right,False
1008,1746968614.0418103,165.37,-1.63957,-0.0781553,0.611365,-0.00455797,6338.22,4,20.126,549.318,574.283,49.7476,1,2,1.0,0.0,0.0,4,0.0,0,True,1746968606.9782462,right,False
1009,1746968614.067845,165.473,-1.0499,0.0132924,0.610945,0.00125223,6337.1,4,20.148,550.367,575.332,49.7473,1,2,1.0,0.0,0.0,4,0.0,0,True,1746968606.9782462,right,False
1010,1746968614.088554,165.573,-0.532272,0.117062,0.610366,0.00690299,6338.55,4,20.17,551.417,576.382,49.7469,1,2,1.0,0.0,0.1,4,0.0,0,True,1746968606.9782462,right,False
1011,1746968614.1066873,165.671,-0.0817544,0.245843,0.609607,0.0123906,6339.06,4,20.192,552.468,577.433,49.7466,1,2,1.0,0.0,0.1,4,0.0,0,True,1746968606.9782462,right,False
1012,1746968614.1295762,165.745,0.471834,0.377196,0.6087,0.0168108,6348.36,4,20.214,553.519,578.484,49.7463,1,2,1.0,0.0,0.1,4,0.0,0,True,1746968606.9782462,right,False
1013,1746968614.1512074,165.815,0.667713,0.499972,0.607729,0.0187415,6357.2,4,20.236,554.57,579.535,49.7459,1,2,1.0,0.0,0.1,4,0.0,0,True,1746968606.9782462,right,False
1014,1746968614.1750243,165.888,0.488703,0.619322,0.606692,0.0184557,6364.5,4,20.258,555.622,580.587,49.7456,1,2,1.0,0.0,0.1,4,0.0,0,True,1746968606.9782462,right,False
1015,1746968614.1945949,165.961,0.0170244,0.725576,0.605593,0.0162889,6371.97,4,20.28,556.674,581.639,49.7453,1,2,1.0,0.0,0.1,4,0.0,0,True,1746968606.9782462,right,False
1016,1746968614.2166548,166.03,-0.674617,0.819849,0.604447,0.0125809,6380.05,4,20.302,557.726,582.691,49.7449,1,2,1.0,0.0,0.1,4,0.0,0,True,1746968606.9782462,right,False
1017,1746968614.238872,166.09,-1.52367,0.895424,0.603268,0.00765026,6390.35,4,20.324,558.779,583.744,49.7446,1,2,1.0,0.0,0.1,4,0.0,0,True,1746968606.9782462,right,False
1018,1746968614.2613897,166.14,-2.47681,0.949569,0.602086,0.00179607,6402.28,4,20.346,559.832,584.797,49.7443,1,2,1.0,0.0,0.1,4,0.0,0,True,1746968606.9782462,right,False
1019,1746968614.2843945,166.178,-3.4908,0.980181,0.600918,-0.00471973,6415.4,4,20.368,560.886,585.851,49.7439,1,2,1.0,0.0,0.1,4,0.0,0,True,1746968606.9782462,right,False
1020,1746968614.3043585,166.202,-4.5342,0.988574,0.599778,-0.0116854,6430.56,4,20.39,561.94,586.905,49.7436,1,2,1.0,0.0,0.1,4,0.0,0,True,1746968606.9782462,right,False
1021,1746968614.3290682,166.212,-5.58539,0.971837,0.598698,-0.0189328,6448.24,4,20.412,562.994,587.959,49.7433,1,2,1.0,0.0,0.1,4,0.0,0,True,1746968606.9782462,right,False
1022,1746968614.3504453,166.207,-6.63078,0.93994,0.597689,-0.0263458,6468.26,4,20.434,564.048,589.013,49.7429,1,2,1.0,0.0,0.1,4,0.0,0,True,1746968606.9782462,right,False
1023,1746968614.3704264,166.191,-7.6557,0.882219,0.596764,-0.0338347,6489.13,4,20.456,565.102,590.067,49.7426,1,2,1.0,0.0,0.1,4,0.0,0,True,1746968606.9782462,right,False
1024,1746968614.3949366,166.16,-8.66617,0.810855,0.595927,-0.0413625,6512.88,4,20.478,566.157,591.121,49.7422,1,2,1.0,0.0,0.1,4,0.0,0,True,1746968606.9782462,right,False
1025,1746968614.4143658,166.121,-9.64959,0.726717,0.595204,-0.0488727,6533.66,4,20.5,567.211,592.176,49.7419,1,2,1.0,0.0,0.1,4,0.0,0,True,1746968606.9782462,right,False
1026,1746968614.4390643,166.07,-10.609,0.628698,0.594595,-0.0563479,6556.46,4,20.522,568.265,593.23,49.7416,1,2,1.0,0.0,0.1,4,0.0,0,True,1746968606.9782462,right,False
1027,1746968614.4597692,166.011,-11.5345,0.530115,0.594103,-0.0637901,6574.39,4,20.544,569.32,594.285,49.7412,1,2,1.0,0.0,0.1,4,0.0,0,True,1746968606.9782462,right,False
1028,1746968614.480672,165.946,-12.4362,0.424706,0.593734,-0.0711855,6588.51,4,20.566,570.374,595.339,49.7409,1,2,1.0,0.0,0.1,4,0.0,0,True,1746968606.9782462,right,False
1029,1746968614.503054,165.872,-13.3129,0.312766,0.593508,-0.0785435,6603.35,4,20.588,571.429,596.394,49.7406,1,2,1.0,0.0,0.0,4,0.0,0,True,1746968606.9782462,left,False
1030,1746968614.5264716,165.789,-14.1661,0.194909,0.593427,-0.0858421,6618.37,4,20.61,572.483,597.448,49.7402,1,2,1.0,0.0,0.0,4,0.0,0,True,1746968606.9782462,left,False
1031,1746968614.5476086,165.734,-15.0504,0.0809488,0.593489,-0.0927712,6617.29,4,20.632,573.538,598.503,49.7399,1,2,1.0,0.0,0.0,4,0.0,0,True,1746968606.9782462,left,False
1032,1746968614.5693743,165.704,-15.7912,-0.0312152,0.593631,-0.0987691,6596.1,4,20.654,574.592,599.557,49.7396,1,2,1.0,0.0,0.0,4,0.0,0,True,1746968606.9782462,left,False
1033,1746968614.592608,165.682,-16.3687,-0.141912,0.5939,-0.103938,6575.57,4,20.676,575.647,600.612,49.7392,1,2,1.0,0.0,0.0,4,0.0,0,True,1746968606.9782462,left,False
1034,1746968614.6128554,165.666,-16.8059,-0.254183,0.594301,-0.108352,6560.72,4,20.698,576.702,601.667,49.7389,1,2,1.0,0.0,0.0,4,0.0,0,True,1746968606.9782462,left,False
1035,1746968614.6363332,165.66,-17.1,-0.353155,0.594828,-0.112075,6544.54,4,20.72,577.758,602.723,49.7386,1,2,1.0,0.0,0.0,4,0.0,0,True,1746968606.9782462,left,False
1036,1746968614.6588037,165.658,-17.2843,-0.453344,0.595497,-0.115147,6538.54,4,20.742,578.813,603.778,49.7382,1,2,1.0,0.0,0.0,4,0.0,0,True,1746968606.9782462,left,False
1037,1746968614.6812336,165.663,-17.3605,-0.556961,0.596302,-0.117623,6535.91,4,20.764,579.869,604.834,49.7379,1,2,1.0,0.0,0.0,4,0.0,0,True,1746968606.9782462,left,False
1038,1746968614.702284,165.676,-17.3368,-0.656883,0.597245,-0.119509,6538.44,4,20.786,580.924,605.889,49.7375,1,2,1.0,0.0,0.0,4,0.0,0,True,1746968606.9782462,left,False
1039,1746968614.7222712,165.7,-17.2097,-0.749816,0.598329,-0.120788,6538.87,4,20.808,581.98,606.945,49.7372,1,2,1.0,0.0,0.0,4,0.0,0,True,1746968606.9782462,left,False
1040,1746968614.7476678,165.731,-16.9935,-0.847766,0.59956,-0.121468,6546.8,4,20.83,583.036,608.001,49.7369,1,2,1.0,0.0,0.0,4,0.0,0,True,1746968606.9782462,left,False
1041,1746968614.766775,165.776,-16.6768,-0.941908,0.600931,-0.121543,6550.18,4,20.852,584.092,609.057,49.7365,1,2,1.0,0.0,0.0,4,0.0,0,True,1746968606.9782462,left,False
1042,1746968614.7878795,165.833,-16.2677,-1.03173,0.602431,-0.121003,6551.76,4,20.874,585.148,610.113,49.7362,1,2,1.0,0.0,0.0,4,0.0,0,True,1746968606.9782462,left,False
1043,1746968614.8109508,165.899,-15.7721,-1.12729,0.604069,-0.119848,6558.71,4,20.896,586.205,611.169,49.7359,1,2,1.0,0.0,0.0,4,0.0,0,True,1746968606.9782462,left,False
1044,1746968614.8349848,165.978,-15.1911,-1.21791,0.605833,-0.118095,6557.89,4,20.918,587.261,612.226,49.7355,1,2,1.0,0.0,0.0,4,0.0,0,True,1746968606.9782462,left,False
1045,1746968614.8545125,166.068,-14.5248,-1.30692,0.607725,-0.115753,6559.33,4,20.94,588.318,613.283,49.7352,1,2,1.0,0.0,0.0,4,0.0,0,True,1746968606.9782462,left,False
1046,1746968614.8784022,166.171,-13.7836,-1.38602,0.609718,-0.112844,6550.96,4,20.962,589.375,614.34,49.7349,1,2,1.0,0.0,0.0,4,0.0,0,True,1746968606.9782462,left,False
1047,1746968614.8987873,166.284,-12.9713,-1.46412,0.611835,-0.109389,6538.92,4,20.984,590.432,615.397,49.7345,1,2,1.0,0.0,0.0,4,0.0,0,True,1746968606.9782462,left,False
1048,1746968614.9209697,166.403,-12.1049,-1.54258,0.614043,-0.105427,6529.84,4,21.006,591.49,616.455,49.7342,1,2,1.0,0.0,0.0,4,0.0,0,True,1746968606.9782462,left,False
1049,1746968614.9451842,166.529,-11.1882,-1.60435,0.616328,-0.101013,6516.47,4,21.028,592.548,617.513,49.7339,1,2,1.0,0.0,0.0,4,0.0,0,True,1746968606.9782462,left,False
1050,1746968614.9669342,166.658,-10.2404,-1.66893,0.618687,-0.0961893,6504.6,4,21.05,593.607,618.572,49.7335,1,2,1.0,0.0,0.0,4,0.0,0,True,1746968606.9782462,left,False
1051,1746968614.9871764,166.794,-9.26898,-1.71289,0.621101,-0.0910321,6483.31,4,21.072,594.666,619.631,49.7332,1,2,1.0,0.0,0.0,4,0.0,0,True,1746968606.9782462,left,False
1052,1746968615.011453,166.923,-8.2971,-1.7608,0.623553,-0.0855951,6475.61,4,21.094,595.726,620.691,49.7328,1,2,1.0,0.0,0.0,4,0.0,0,True,1746968606.9782462,left,False
1053,1746968615.0327919,167.057,-7.32675,-1.78715,0.626032,-0.0799342,6458.78,4,21.116,596.787,621.752,49.7325,1,2,1.0,0.0,0.0,4,0.0,0,True,1746968606.9782462,left,False
1054,1746968615.0537703,167.184,-6.38212,-1.80511,0.628513,-0.0741162,6451.6,4,21.138,597.849,622.813,49.7322,1,2,1.0,0.0,0.0,4,0.0,0,True,1746968606.9782462,left,False
1055,1746968615.0755749,167.31,-5.46955,-1.81142,0.630974,-0.068185,6444.05,4,21.16,598.911,623.876,49.7318,1,2,1.0,0.0,0.0,4,0.0,0,True,1746968606.9782462,left,False
1056,1746968615.099243,167.433,-4.59943,-1.7989,0.633393,-0.0622039,6436.28,4,21.182,599.974,624.939,49.7315,1,2,1.0,0.0,0.0,4,0.0,0,True,1746968606.9782462,left,False
1057,1746968615.1205907,167.551,-3.78325,-1.76948,0.635749,-0.0562196,6433.69,4,21.204,601.038,626.002,49.7312,1,2,1.0,0.0,0.0,4,0.0,0,True,1746968606.9782462,left,False
1058,1746968615.142297,167.666,-3.02566,-1.73038,0.638016,-0.0502671,6430.81,4,21.226,602.102,627.067,49.7308,1,2,1.0,0.0,0.0,4,0.0,0,True,1746968606.9782462,left,False
1059,1746968615.1639545,167.777,-2.33057,-1.67096,0.640179,-0.0443795,6428.77,4,21.248,603.168,628.133,49.7305,1,2,1.0,0.0,0.0,4,0.0,0,True,1746968606.9782462,left,False
1060,1746968615.1876202,167.885,-1.70083,-1.59118,0.642209,-0.0385877,6429.03,4,21.27,604.234,629.199,49.7302,1,2,1.0,0.0,0.0,4,0.0,0,True,1746968606.9782462,left,False
1061,1746968615.2127886,167.991,-1.13614,-1.49589,0.644097,-0.0329077,6428.78,4,21.292,605.301,630.266,49.7298,1,2,1.0,0.0,0.0,4,0.0,0,True,1746968606.9782462,right,False
1062,1746968615.2296674,168.094,-0.635672,-1.3806,0.645813,-0.0273547,6429.49,4,21.314,606.369,631.334,49.7295,1,2,1.0,0.0,0.0,4,0.0,0,True,1746968606.9782462,right,False
1063,1746968615.251689,168.194,-0.197471,-1.2545,0.647337,-0.0219365,6432.25,4,21.336,607.438,632.403,49.7292,1,2,1.0,0.0,0.0,4,0.0,0,True,1746968606.9782462,right,False
1064,1746968615.2733943,168.291,0.182135,-1.11596,0.648682,-0.0166595,6435.6,4,21.358,608.507,633.472,49.7288,1,2,1.0,0.0,0.0,4,0.0,0,True,1746968606.9782462,right,False
1065,1746968615.2956727,168.39,0.506843,-0.951397,0.649799,-0.0115243,6434.63,4,21.38,609.578,634.543,49.7285,1,2,1.0,0.0,0.0,4,0.0,0,True,1746968606.9782462,right,False
1066,1746968615.316292,168.484,0.781028,-0.793519,0.650695,-0.00653028,6438.91,4,21.402,610.649,635.614,49.7281,1,2,1.0,0.0,0.0,4,0.0,0,True,1746968606.9782462,right,False
1067,1746968615.3409436,168.579,1.00853,-0.609106,0.651318,-0.00167441,6440.75,4,21.424,611.721,636.686,49.7278,1,2,1.0,0.0,0.0,4,0.0,0,True,1746968606.9782462,right,False
1068,1746968615.3597927,168.672,1.19439,-0.417863,0.651754,0.00304854,6443.25,4,21.446,612.793,637.758,49.7275,1,2,1.0,0.0,0.0,4,0.0,0,True,1746968606.9782462,right,False
1069,1746968615.38356,168.764,1.34403,-0.225092,0.651914,0.00764942,6447.08,4,21.468,613.866,638.831,49.7271,1,2,1.0,0.0,0.0,4,0.0,0,True,1746968606.9782462,right,False
1070,1746968615.4061968,168.854,1.4621,-0.0293528,0.651801,0.0121386,6450.62,4,21.49,614.94,639.905,49.7268,1,2,1.0,0.0,0.0,4,0.0,0,True,1746968606.9782462,right,False
1071,1746968615.4266877,168.945,1.55183,0.185336,0.65141,0.0165275,6451.74,4,21.512,616.014,640.979,49.7265,1,2,1.0,0.0,0.0,4,0.0,0,True,1746968606.9782462,right,False
1072,1746968615.4497094,169.033,1.61979,0.393505,0.650741,0.0208294,6456,4,21.534,617.089,642.054,49.7261,1,2,1.0,0.0,0.0,4,0.0,0,True,1746968606.9782462,right,False
1073,1746968615.471961,169.122,1.66884,0.605161,0.649801,0.0250547,6459.04,4,21.556,618.165,643.129,49.7258,1,2,1.0,0.0,0.0,4,0.0,0,True,1746968606.9782462,right,False
1074,1746968615.4922252,169.209,1.7042,0.802679,0.648655,0.0292147,6462.2,4,21.578,619.24,644.205,49.7255,1,2,1.0,0.0,0.0,4,0.0,0,True,1746968606.9782462,right,False
1075,1746968615.5138693,169.295,1.72832,1.00344,0.64723,0.033324,6465.07,4,21.6,620.316,645.281,49.7251,1,2,1.0,0.0,0.0,4,0.0,0,True,1746968606.9782462,right,False
1076,1746968615.53664,169.38,1.7433,1.19487,0.645524,0.037388,6468.9,4,21.622,621.392,646.357,49.7248,1,2,1.0,0.0,0.0,4,0.0,0,True,1746968606.9782462,right,False
1077,1746968615.561013,169.465,1.75063,1.39072,0.643535,0.0414181,6471.49,4,21.644,622.468,647.433,49.7245,1,2,1.0,0.0,0.0,4,0.0,0,True,1746968606.9782462,right,False
1078,1746968615.5816345,169.549,1.75249,1.58336,0.641266,0.0454161,6475.41,4,21.666,623.545,648.51,49.7241,1,2,1.0,0.0,0.0,4,0.0,0,True,1746968606.9782462,right,False
1079,1746968615.6050491,169.632,1.75067,1.77451,0.638714,0.0493915,6477.98,4,21.688,624.622,649.587,49.7238,1,2,1.0,0.0,0.0,4,0.0,0,True,1746968606.9782462,right,False
1080,1746968615.6288915,169.714,1.74531,1.96477,0.635877,0.0533472,6481.08,4,21.71,625.7,650.664,49.7234,1,2,1.0,0.0,0.0,4,0.0,0,True,1746968606.9782462,right,False
1081,1746968615.6480877,169.795,1.73838,2.15044,0.632758,0.0572869,6483.87,4,21.732,626.777,651.742,49.7231,1,2,1.0,0.0,0.0,4,0.0,0,True,1746968606.9782462,right,False
1082,1746968615.671814,169.875,1.7301,2.33639,0.629355,0.0612149,6487.82,4,21.754,627.855,652.819,49.7228,1,2,1.0,0.0,0.1,4,0.0,0,True,1746968606.9782462,right,False
1083,1746968615.6923614,169.954,1.72036,2.52252,0.625667,0.0651311,6490.5,4,21.776,628.932,653.897,49.7224,1,2,1.0,0.0,0.1,4,0.0,0,True,1746968606.9782462,right,False
1084,1746968615.7125008,170.017,1.89582,2.70451,0.621779,0.0680311,6496.33,4,21.798,630.01,654.975,49.7221,1,2,1.0,0.0,0.1,4,0.0,0,True,1746968606.9782462,right,False
1085,1746968615.7378032,170.078,1.71794,2.85502,0.617781,0.0683134,6504.85,4,21.82,631.087,656.052,49.7218,1,2,1.0,0.0,0.1,4,0.0,0,True,1746968606.9782462,right,False
1086,1746968615.757405,170.141,1.16873,2.98085,0.61367,0.0663321,6514.62,4,21.842,632.165,657.13,49.7214,1,2,1.0,0.0,0.1,4,0.0,0,True,1746968606.9782462,right,False
1087,1746968615.780017,170.202,0.343133,3.08326,0.609473,0.0624943,6524.69,4,21.864,633.243,658.207,49.7211,1,2,1.0,0.0,0.1,4,0.0,0,True,1746968606.9782462,right,False
1088,1746968615.8010573,170.255,-0.676925,3.15694,0.605205,0.057196,6535.85,4,21.886,634.32,659.285,49.7208,1,2,1.0,0.0,0.1,4,0.0,0,True,1746968606.9782462,right,False
1089,1746968615.8228638,170.295,-1.8272,3.20819,0.600889,0.0508113,6550.27,4,21.908,635.398,660.363,49.7204,1,2,1.0,0.0,0.1,4,0.0,0,True,1746968606.9782462,right,False
1090,1746968615.8461401,170.319,-3.04633,3.22325,0.59656,0.0436903,6567.56,4,21.93,636.475,661.44,49.7201,1,2,1.0,0.0,0.1,4,0.0,0,True,1746968606.9782462,right,False
1091,1746968615.8679411,170.327,-4.28781,3.22328,0.592236,0.0361015,6585.3,4,21.952,637.553,662.518,49.7198,1,2,1.0,0.0,0.1,4,0.0,0,True,1746968606.9782462,right,False
1092,1746968615.8888035,170.316,-5.53186,3.18683,0.587933,0.0282794,6609.61,4,21.974,638.63,663.595,49.7194,1,2,1.0,0.0,0.1,4,0.0,0,True,1746968606.9782462,right,False
1093,1746968615.910113,170.29,-6.74141,3.13209,0.583692,0.0203985,6634.11,4,21.996,639.708,664.673,49.7191,1,2,1.0,0.0,0.1,4,0.0,0,True,1746968606.9782462,right,False
1094,1746968615.9322512,170.249,-7.9109,3.07039,0.579506,0.0125281,6660.99,4,22.018,640.785,665.75,49.7188,1,2,1.0,0.0,0.1,4,0.0,0,True,1746968606.9782462,right,False
1095,1746968615.9558609,170.196,-9.03375,2.993,0.575396,0.00474274,6684.38,4,22.04,641.862,666.827,49.7184,1,2,1.0,0.0,0.1,4,0.0,0,True,1746968606.9782462,right,False
1096,1746968615.9756925,170.132,-10.1169,2.89452,0.57137,-0.00294816,6708.57,4,22.062,642.939,667.904,49.7181,1,2,1.0,0.0,0.1,4,0.0,0,True,1746968606.9782462,right,False
1097,1746968616.0011063,170.059,-11.1516,2.79756,0.567453,-0.0105256,6729.13,4,22.084,644.016,668.98,49.7177,1,2,1.0,0.0,0.1,4,0.0,0,True,1746968606.9782462,right,False
1098,1746968616.021274,169.978,-12.1458,2.69297,0.563636,-0.0180149,6743.83,4,22.106,645.092,670.057,49.7174,1,2,1.0,0.0,0.1,4,0.0,0,True,1746968606.9782462,right,False
1099,1746968616.0452375,169.894,-13.0955,2.59465,0.559942,-0.0254271,6749.57,4,22.128,646.168,671.133,49.7171,1,2,1.0,0.0,0.1,4,0.0,0,True,1746968606.9782462,right,False
1100,1746968616.0659926,169.796,-14.0251,2.4808,0.556379,-0.032777,6762.68,4,22.15,647.244,672.209,49.7167,1,2,1.0,0.0,0.1,4,0.0,0,True,1746968606.9782462,right,False
1101,1746968616.0860198,169.692,-14.9168,2.37249,0.552953,-0.0400556,6772.19,4,22.172,648.32,673.284,49.7164,1,2,1.0,0.0,0.1,4,0.0,0,True,1746968606.9782462,right,False
1102,1746968616.1093726,169.579,-15.7794,2.2593,0.549672,-0.0472568,6782.31,4,22.194,649.395,674.36,49.7161,1,2,1.0,0.0,0.1,4,0.0,0,True,1746968606.9782462,right,False
1103,1746968616.1332955,169.459,-16.612,2.14303,0.546543,-0.054358,6790.53,4,22.216,650.47,675.435,49.7157,1,2,1.0,0.0,0.1,4,0.0,0,True,1746968606.9782462,right,False
1104,1746968616.1531668,169.335,-17.4048,2.02868,0.543566,-0.0613532,6797.92,4,22.238,651.544,676.509,49.7154,1,2,1.0,0.0,0.1,4,0.0,0,True,1746968606.9782462,right,False
1105,1746968616.1743734,169.198,-18.1671,1.91234,0.540754,-0.0681896,6799.78,4,22.26,652.619,677.583,49.7151,1,2,1.0,0.0,0.1,4,0.0,0,True,1746968606.9782462,right,False
1106,1746968616.197009,169.053,-18.8884,1.7936,0.538098,-0.0748409,6807.58,4,22.282,653.692,678.657,49.7148,1,2,1.0,0.0,0.1,4,0.0,0,True,1746968606.9782462,right,False
1107,1746968616.2192469,168.898,-19.5587,1.67134,0.535605,-0.0812404,6782.7,4,22.304,654.766,679.73,49.7145,1,2,1.0,0.0,0.1,4,0.0,0,True,1746968606.9782462,right,False
1108,1746968616.2401118,168.742,-20.1783,1.54729,0.533281,-0.0873927,6784.55,4,22.326,655.838,680.803,49.7143,1,2,1.0,0.0,0.1,4,0.0,0,True,1746968606.9782462,right,False
1109,1746968616.2625284,168.581,-20.7424,1.42281,0.531134,-0.0932746,6806.27,4,22.348,656.91,681.875,49.714,1,2,1.0,0.0,0.1,4,0.0,0,True,1746968606.9782462,right,False
1110,1746968616.2837257,168.419,-21.2557,1.29707,0.529164,-0.0988706,6804.43,4,22.37,657.981,682.946,49.7137,1,2,1.0,0.0,0.1,4,0.0,0,True,1746968606.9782462,right,False
1111,1746968616.307128,168.254,-21.708,1.17,0.527359,-0.104134,6807.03,4,22.392,659.052,684.017,49.7135,1,2,1.0,0.0,0.1,4,0.0,0,True,1746968606.9782462,right,False
1112,1746968616.3299782,168.096,-22.0974,1.04565,0.525753,-0.109066,6781.73,4,22.414,660.122,685.087,49.7133,1,2,1.0,0.0,0.1,4,0.0,0,True,1746968606.9782462,right,False
1113,1746968616.3549974,167.944,-22.4244,0.920973,0.524304,-0.113703,6812.91,4,22.436,661.191,686.156,49.713,1,2,1.0,0.0,0.1,4,0.0,0,True,1746968606.9782462,right,False
1114,1746968616.3744216,167.797,-22.6993,0.792756,0.523054,-0.118023,6782.79,4,22.458,662.26,687.224,49.7128,1,2,1.0,0.0,0.1,5,0.0,0,False,1746968616.369637,right,False
1115,1746968616.3953485,167.656,-22.9152,0.667215,0.521977,-0.122043,6812.92,4,22.48,663.327,688.292,49.7125,1,2,1.0,0.0,0.1,5,0.0,0,False,1746968616.369637,right,False
1116,1746968616.416122,167.505,-23.084,0.544855,0.521088,-0.125767,5443.96,5,22.502,664.394,689.359,49.7125,1,2,1.0,0.0,0.1,5,0.0,0,False,1746968616.369637,right,False
1117,1746968616.4397295,167.341,-23.1843,0.417107,0.520393,-0.129142,5443.87,5,22.524,665.46,690.425,49.7125,1,2,1.0,0.0,0.1,5,0.0,0,False,1746968616.369637,right,False
1118,1746968616.462992,167.174,-23.2236,0.291519,0.519868,-0.132177,5443.79,5,22.546,666.526,691.49,49.7125,1,2,1.0,0.0,0.1,5,0.0,0,False,1746968616.369637,right,False
1119,1746968616.4859848,167.009,-23.2036,0.171959,0.519527,-0.134929,5443.7,5,22.568,667.59,692.554,49.7125,1,2,1.0,0.0,0.1,5,0.0,0,False,1746968616.369637,right,False
1120,1746968616.5042975,166.841,-23.148,0.0481242,0.519379,-0.137462,5443.61,5,22.59,668.653,693.617,49.7125,1,2,1.0,0.0,0.1,5,0.0,0,False,1746968616.369637,right,False
1121,1746968616.5265007,166.67,-23.0671,-0.0792085,0.519431,-0.139809,5443.52,5,22.612,669.714,694.679,49.7125,1,2,1.0,0.0,0.1,5,0.0,0,False,1746968616.369637,right,False
1122,1746968616.547975,166.5,-22.9393,-0.200071,0.519674,-0.141936,5443.44,5,22.634,670.775,695.74,49.7125,1,2,1.0,0.0,0.1,5,0.0,0,False,1746968616.369637,right,False
1123,1746968616.5730562,166.33,-22.7911,-0.3288,0.520092,-0.143907,5443.35,5,22.656,671.835,696.799,49.7125,1,2,1.0,0.0,0.1,5,0.0,0,False,1746968616.369637,right,False
1124,1746968616.5950387,166.162,-22.6197,-0.450825,0.520687,-0.145774,5443.27,5,22.678,672.893,697.858,49.7125,1,2,1.0,0.0,0.1,5,0.0,0,False,1746968616.369637,right,False
1125,1746968616.614133,165.995,-22.4291,-0.569074,0.521474,-0.147552,5443.19,5,22.7,673.95,698.915,49.7125,1,2,1.0,0.0,0.1,5,0.0,0,False,1746968616.369637,right,False
1126,1746968616.6357222,165.829,-22.2303,-0.694624,0.522461,-0.149229,5443.11,5,22.722,675.006,699.971,49.7125,1,2,1.0,0.0,0.1,5,0.0,0,False,1746968616.369637,right,False
1127,1746968616.6583433,165.665,-22.0224,-0.825875,0.523642,-0.150831,5443.03,5,22.744,676.061,701.026,49.7125,1,2,1.0,0.0,0.1,5,0.0,0,False,1746968616.369637,right,False
1128,1746968616.6805387,165.503,-21.7891,-0.945885,0.524976,-0.152345,5442.95,5,22.766,677.115,702.079,49.7125,1,2,1.0,0.0,0.1,5,0.0,0,False,1746968616.369637,right,False
1129,1746968616.7030785,165.343,-21.5465,-1.06979,0.526511,-0.15378,4936.64,5,22.788,678.167,703.132,49.7125,1,2,1.0,0.0,0.1,5,0.0,0,False,1746968616.369637,right,False
1130,1746968616.7244642,165.213,-21.2938,-1.19429,0.52824,-0.155172,5070.66,5,22.81,679.218,704.183,49.7122,1,2,1.0,0.0,0.1,5,0.0,0,False,1746968616.369637,right,False
1131,1746968616.7477257,165.118,-21.0465,-1.32302,0.530152,-0.156548,5159.7,5,22.832,680.269,705.234,49.7119,1,2,1.0,0.0,0.1,5,0.0,0,False,1746968616.369637,right,False
1132,1746968616.7693295,165.043,-20.788,-1.44252,0.532248,-0.157847,5228.6,5,22.854,681.319,706.284,49.7116,1,2,1.0,0.0,0.1,5,0.0,0,False,1746968616.369637,right,False
1133,1746968616.7903352,164.982,-20.515,-1.56403,0.534544,-0.159011,5284.58,5,22.876,682.368,707.333,49.7113,1,2,1.0,0.0,0.1,5,0.0,0,False,1746968616.369637,right,False
1134,1746968616.8149827,164.934,-20.2096,-1.68497,0.53701,-0.159966,5332.55,5,22.898,683.417,708.381,49.7109,1,2,1.0,0.0,0.1,5,0.0,0,False,1746968616.369637,right,False
1135,1746968616.8359156,164.897,-19.8778,-1.81064,0.539677,-0.160678,5376.05,5,22.92,684.465,709.43,49.7106,1,2,1.0,0.0,0.1,5,0.0,0,False,1746968616.369637,right,False
1136,1746968616.8563688,164.875,-19.5018,-1.93526,0.542507,-0.161113,5409.74,5,22.942,685.513,710.478,49.7103,1,2,1.0,0.0,0.1,5,0.0,0,False,1746968616.369637,right,False
1137,1746968616.8811195,164.864,-19.0808,-2.05125,0.545531,-0.161261,5437.71,5,22.964,686.56,711.525,49.7099,1,2,1.0,0.0,0.1,5,0.0,0,False,1746968616.369637,right,False
1138,1746968616.9000494,164.862,-18.6282,-2.1774,0.548726,-0.161111,5465.44,5,22.986,687.608,712.572,49.7096,1,2,1.0,0.0,0.1,5,0.0,0,False,1746968616.369637,right,False
1139,1746968616.9232073,164.878,-18.118,-2.28928,0.552094,-0.160667,5478.56,5,23.008,688.655,713.62,49.7093,1,2,1.0,0.0,0.1,5,0.0,0,False,1746968616.369637,right,False
1140,1746968616.9452531,164.904,-17.5773,-2.40482,0.55564,-0.159954,5488.18,5,23.03,689.702,714.667,49.7089,1,2,1.0,0.0,0.1,5,0.0,0,False,1746968616.369637,right,False
1141,1746968616.9662542,164.939,-17.0055,-2.52127,0.559351,-0.158983,5493.64,5,23.052,690.749,715.713,49.7086,1,2,1.0,0.0,0.1,5,0.0,0,False,1746968616.369637,right,False
1142,1746968616.9911644,164.983,-16.4076,-2.6372,0.563233,-0.157794,5495.74,5,23.074,691.795,716.76,49.7083,1,2,1.0,0.0,0.1,5,0.0,0,False,1746968616.369637,right,False
1143,1746968617.0113847,165.039,-15.7816,-2.74201,0.567281,-0.156437,5487.12,5,23.096,692.842,717.807,49.7079,1,2,1.0,0.0,0.1,5,0.0,0,False,1746968616.369637,right,False
1144,1746968617.0325334,165.098,-15.1475,-2.84975,0.571485,-0.154933,5479.89,5,23.118,693.889,718.854,49.7076,1,2,1.0,0.0,0.1,5,0.0,0,False,1746968616.369637,right,False
1145,1746968617.0566664,165.167,-14.5057,-2.95603,0.575846,-0.153322,5464.24,5,23.14,694.936,719.901,49.7073,1,2,1.0,0.0,0.1,5,0.0,0,False,1746968616.369637,right,False
1146,1746968617.0781748,165.233,-13.872,-3.06474,0.580364,-0.151659,5454.69,5,23.162,695.984,720.948,49.7069,1,2,1.0,0.0,0.1,5,0.0,0,False,1746968616.369637,right,False
1147,1746968617.0985985,165.308,-13.2384,-3.16764,0.585023,-0.149956,5438.42,5,23.184,697.031,721.996,49.7066,1,2,1.0,0.0,0.1,5,0.0,0,False,1746968616.369637,right,False
1148,1746968617.1225672,165.386,-12.6163,-3.2598,0.589822,-0.148271,5419.23,5,23.206,698.079,723.044,49.7062,1,2,1.0,0.0,0.1,5,0.0,0,False,1746968616.369637,right,False
1149,1746968617.1445124,165.467,-12.0133,-3.34997,0.594762,-0.146627,5395.44,5,23.228,699.127,724.092,49.7059,1,2,1.0,0.0,0.1,5,0.0,0,False,1746968616.369637,right,False
1150,1746968617.1640112,165.542,-11.4405,-3.44022,0.599841,-0.145057,5382.48,5,23.25,700.176,725.141,49.7056,1,2,1.0,0.0,0.1,5,0.0,0,False,1746968616.369637,right,False
1151,1746968617.1893294,165.626,-10.8889,-3.51969,0.605037,-0.143604,5355.33,5,23.272,701.225,726.19,49.7052,1,2,1.0,0.0,0.1,5,0.0,0,False,1746968616.369637,right,False
1152,1746968617.2105691,165.703,-10.3916,-3.60909,0.610367,-0.142325,5338.47,5,23.294,702.275,727.24,49.7049,1,2,1.0,0.0,0.1,5,0.0,0,False,1746968616.369637,right,False
1153,1746968617.233432,165.782,-9.93064,-3.68525,0.615802,-0.141249,5320.37,5,23.316,703.325,728.29,49.7046,1,2,1.0,0.0,0.1,5,0.0,0,False,1746968616.369637,right,False
1154,1746968617.2523584,165.856,-9.518,-3.75919,0.62137,-0.140409,5303.47,5,23.338,704.376,729.341,49.7042,1,2,1.0,0.0,0.1,5,0.0,0,False,1746968616.369637,right,False
1155,1746968617.274222,165.93,-9.16227,-3.83182,0.627045,-0.139839,5288.01,5,23.36,705.427,730.392,49.7039,1,2,1.0,0.0,0.1,5,0.0,0,False,1746968616.369637,right,False
1156,1746968617.2968094,166.003,-8.85915,-3.90016,0.632809,-0.139564,5270.33,5,23.382,706.479,731.444,49.7036,1,2,1.0,0.0,0.1,5,0.0,0,False,1746968616.369637,right,False
1157,1746968617.320808,166.069,-8.61673,-3.96295,0.63869,-0.139611,5260.67,5,23.404,707.531,732.496,49.7032,1,2,1.0,0.0,0.1,5,0.0,0,False,1746968616.369637,right,False
1158,1746968617.343445,166.133,-8.43809,-4.02492,0.644669,-0.139997,5248.89,5,23.426,708.584,733.549,49.7029,1,2,1.0,0.0,0.1,5,0.0,0,False,1746968616.369637,right,False
1159,1746968617.3621922,166.191,-8.31705,-4.08675,0.650745,-0.140732,5244.8,5,23.448,709.638,734.603,49.7026,1,2,1.0,0.0,0.1,5,0.0,0,False,1746968616.369637,right,False
1160,1746968617.384603,166.247,-8.25622,-4.14352,0.656926,-0.141814,5238.62,5,23.47,710.692,735.657,49.7022,1,2,1.0,0.0,0.1,5,0.0,0,False,1746968616.369637,right,False
1161,1746968617.4064977,166.3,-8.24796,-4.19733,0.663206,-0.143227,5233.19,5,23.492,711.747,736.712,49.7019,1,2,1.0,0.0,0.1,5,0.0,0,False,1746968616.369637,right,False
1162,1746968617.4298124,166.349,-8.29308,-4.25184,0.669574,-0.144984,5229.99,5,23.514,712.802,737.767,49.7015,1,2,1.0,0.0,0.1,5,0.0,0,False,1746968616.369637,right,False
1163,1746968617.451482,166.392,-8.39775,-4.31151,0.676055,-0.147072,5231.41,5,23.536,713.858,738.823,49.7012,1,2,1.0,0.0,0.1,5,0.0,0,False,1746968616.369637,right,False
1164,1746968617.473969,166.432,-8.54346,-4.37557,0.682642,-0.149442,5232.7,5,23.558,714.915,739.88,49.7009,1,2,1.0,0.0,0.1,5,0.0,0,False,1746968616.369637,right,False
1165,1746968617.4968925,166.47,-8.72408,-4.42749,0.689317,-0.152087,5231.72,5,23.58,715.972,740.937,49.7005,1,2,1.0,0.0,0.1,5,0.0,0,False,1746968616.369637,right,False
1166,1746968617.5184479,166.503,-8.9456,-4.48636,0.696104,-0.154979,5234.42,5,23.602,717.03,741.995,49.7002,1,2,1.0,0.0,0.1,5,0.0,0,False,1746968616.369637,right,False
1167,1746968617.5397465,166.531,-9.19863,-4.55519,0.702997,-0.158094,5238.23,5,23.624,718.088,743.053,49.6999,1,2,1.0,0.0,0.1,5,0.0,0,False,1746968616.369637,right,False
1168,1746968617.562609,166.556,-9.47661,-4.62805,0.709998,-0.161564,5243.84,5,23.646,719.145,744.11,49.6995,1,2,1.0,0.0,0.1,5,0.0,0,False,1746968616.369637,right,False
1169,1746968617.5830438,166.577,-9.77524,-4.6933,0.717161,-0.165744,5249.54,5,23.668,720.196,745.161,49.6992,1,2,1.0,0.0,0.1,5,0.0,0,False,1746968616.369637,right,False
1170,1746968617.6064343,166.59,-10.0955,-4.78053,0.724477,-0.170039,5260.46,5,23.69,721.248,746.213,49.6989,1,2,1.0,0.0,0.0,5,0.0,0,False,1746968616.369637,left,False
1171,1746968617.6276937,166.599,-10.4312,-4.88414,0.731954,-0.174422,5276.24,5,23.712,722.3,747.265,49.6985,1,2,1.0,0.0,0.0,5,0.0,0,False,1746968616.369637,left,False
1172,1746968617.6490622,166.644,-10.8448,-4.96792,0.739577,-0.178517,5269.86,5,23.734,723.353,748.318,49.6982,1,2,1.0,0.0,0.0,5,0.0,0,False,1746968616.369637,left,False
1173,1746968617.6704953,166.711,-11.1199,-5.06375,0.747314,-0.181584,5255.63,5,23.756,724.406,749.371,49.6979,1,2,1.0,0.0,0.0,5,0.0,0,False,1746968616.369637,left,False
1174,1746968617.6928525,166.789,-11.239,-5.1563,0.755155,-0.183762,5239.74,5,23.778,725.46,750.425,49.6975,1,2,1.0,0.0,0.0,5,0.0,0,False,1746968616.369637,left,False
1175,1746968617.714575,166.877,-11.2198,-5.24353,0.763108,-0.185178,5219.33,5,23.8,726.515,751.48,49.6972,1,2,1.0,0.0,0.0,5,0.0,0,False,1746968616.369637,left,False
1176,1746968617.7367136,166.968,-11.0886,-5.33849,0.771175,-0.185927,5207.47,5,23.822,727.571,752.536,49.6968,1,2,1.0,0.0,0.0,5,0.0,0,False,1746968616.369637,left,False
1177,1746968617.7597768,167.062,-10.865,-5.42048,0.779356,-0.186091,5198.16,5,23.844,728.627,753.592,49.6965,1,2,1.0,0.0,0.0,5,0.0,0,False,1746968616.369637,left,False
1178,1746968617.7828581,167.162,-10.5552,-5.49641,0.787646,-0.185734,5191.79,5,23.866,729.685,754.649,49.6962,1,2,1.0,0.0,0.0,5,0.0,0,False,1746968616.369637,left,False
1179,1746968617.8021364,167.263,-10.1824,-5.57556,0.796047,-0.184911,5190.1,5,23.888,730.743,755.707,49.6958,1,2,1.0,0.0,0.0,5,0.0,0,False,1746968616.369637,left,False
1180,1746968617.8259392,167.368,-9.75258,-5.64566,0.804535,-0.183652,5189.15,5,23.91,731.801,756.766,49.6955,1,2,1.0,0.0,0.0,5,0.0,0,False,1746968616.369637,left,False
1181,1746968617.8475866,167.479,-9.27246,-5.71449,0.813127,-0.181977,5188.27,5,23.932,732.861,757.826,49.6952,1,2,1.0,0.0,-0.1,5,0.0,0,False,1746968616.369637,left,False
1182,1746968617.8719678,167.592,-8.75164,-5.78394,0.821798,-0.179928,5187.93,5,23.954,733.921,758.886,49.6948,1,2,1.0,0.0,-0.1,5,0.0,0,False,1746968616.369637,left,False
1183,1746968617.8922844,167.718,-8.34919,-5.83278,0.830503,-0.176721,5180.07,5,23.976,734.983,759.947,49.6945,1,2,1.0,0.0,-0.1,5,0.0,0,False,1746968616.369637,left,False
1184,1746968617.9147727,167.864,-7.64039,-5.86693,0.83915,-0.170924,5167.52,5,23.998,736.045,761.01,49.6942,1,2,1.0,0.0,-0.1,5,0.0,0,False,1746968616.369637,left,False
1185,1746968617.9343216,168.02,-6.57417,-5.8578,0.847691,-0.162669,5157.7,5,24.02,737.109,762.074,49.6939,1,2,1.0,0.0,-0.1,5,0.0,0,False,1746968616.369637,left,False
1186,1746968617.9572413,168.176,-5.21117,-5.81669,0.85611,-0.152146,5152.89,5,24.042,738.175,763.14,49.6936,1,2,1.0,0.0,-0.1,5,0.0,0,False,1746968616.369637,left,False
1187,1746968617.9792192,168.324,-3.60741,-5.75374,0.864343,-0.13953,5150.54,5,24.064,739.242,764.207,49.6933,1,2,1.0,0.0,-0.1,5,0.0,0,False,1746968616.369637,left,False
1188,1746968618.000735,168.455,-1.80901,-5.64067,0.872333,-0.12497,5149.01,5,24.086,740.311,765.275,49.693,1,2,1.0,0.0,-0.1,5,0.0,0,False,1746968616.369637,left,False
1189,1746968618.0243144,168.558,0.140157,-5.49751,0.880074,-0.108642,5150.28,5,24.108,741.381,766.346,49.6927,1,2,1.0,0.0,-0.1,5,0.0,0,False,1746968616.369637,left,False
1190,1746968618.0437481,168.626,2.19532,-5.31988,0.887471,-0.090742,5151.04,5,24.13,742.452,767.417,49.6925,1,2,1.0,0.0,-0.1,5,0.0,0,False,1746968616.369637,left,False
1191,1746968618.066332,168.652,4.31913,-5.10265,0.894448,-0.0714823,5152.75,5,24.152,743.526,768.491,49.6922,1,2,1.0,0.0,-0.1,5,0.0,0,False,1746968616.369637,left,False
1192,1746968618.090513,168.631,6.47471,-4.84005,0.900948,-0.0510771,5154.27,5,24.174,744.6,769.565,49.6919,1,2,1.0,0.0,-0.1,5,0.0,0,False,1746968616.369637,left,False
1193,1746968618.1124055,168.559,8.6329,-4.53006,0.906889,-0.0297357,5155.93,5,24.196,745.677,770.641,49.6916,1,2,1.0,0.0,-0.1,5,0.0,0,False,1746968616.369637,left,False
1194,1746968618.1336462,168.434,10.7741,-4.17563,0.912229,-0.00766909,5157.71,5,24.218,746.754,771.719,49.6913,1,2,1.0,0.0,-0.1,5,0.0,0,False,1746968616.369637,left,False
1195,1746968618.1563568,168.255,12.8645,-3.76565,0.916895,0.0149204,5161.42,5,24.24,747.832,772.797,49.691,1,2,1.0,0.0,0.0,5,0.0,0,False,1746968616.369637,right,False
1196,1746968618.1783094,168.025,14.8833,-3.30328,0.920856,0.0378298,5167.06,5,24.262,748.911,773.876,49.6907,1,2,1.0,0.0,0.0,5,0.0,0,False,1746968616.369637,right,False
1197,1746968618.1988406,167.795,16.9096,-2.79298,0.924062,0.0602771,5172.63,5,24.284,749.991,774.955,49.6904,1,2,1.0,0.0,0.0,5,0.0,0,False,1746968616.369637,right,False
1198,1746968618.220195,167.558,18.5957,-2.24994,0.92654,0.0809931,5185.43,5,24.306,751.07,776.035,49.6901,1,2,1.0,0.0,0.0,5,0.0,0,False,1746968616.369637,right,False
1199,1746968618.242108,167.325,19.865,-1.68286,0.928263,0.0997669,5202.51,5,24.328,752.15,777.115,49.6898,1,2,1.0,0.0,0.0,5,0.0,0,False,1746968616.369637,right,False
1200,1746968618.264496,167.108,20.7159,-1.09846,0.929195,0.116404,5227.08,5,24.35,753.229,778.194,49.6894,1,2,1.0,0.0,0.0,5,0.0,0,False,1746968616.369637,right,False
1201,1746968618.2868068,166.927,21.1245,-0.493059,0.929311,0.130649,5254.4,5,24.372,754.308,779.273,49.6891,1,2,1.0,0.0,0.0,5,0.0,0,False,1746968616.369637,right,False
1202,1746968618.3110905,166.766,21.2253,0.297234,0.928615,0.142331,5307.26,5,24.394,755.386,780.351,49.6888,1,2,1.0,0.0,0.0,5,0.0,0,False,1746968616.369637,right,False
1203,1746968618.3309805,166.613,20.9982,0.69224,0.927183,0.151455,5420.76,5,24.416,756.462,781.427,49.6884,1,2,1.0,0.0,0.0,5,0.0,0,False,1746968616.369637,right,False
1204,1746968618.3565958,166.508,20.3319,1.09076,0.925055,0.157876,5543.9,5,24.438,757.537,782.502,49.6881,1,2,1.0,0.0,0.0,5,0.0,0,False,1746968616.369637,right,False
1205,1746968618.3753676,166.465,19.2259,1.49606,0.922205,0.161527,5657.46,5,24.46,758.61,783.575,49.6878,1,2,1.0,0.0,0.0,5,0.0,0,False,1746968616.369637,right,False
1206,1746968618.399057,166.444,17.9693,2.79393,0.918693,0.162495,5753.55,5,24.482,759.682,784.647,49.6874,2,2,1.0,0.0,0.0,5,0.0,0,True,1746968616.369637,right,False
1207,1746968618.4220023,166.503,16.1866,3.12946,0.914589,0.161084,5844.31,5,24.504,760.752,785.716,49.6871,2,2,1.0,0.0,0.0,5,0.0,0,True,1746968616.369637,right,False
1208,1746968618.441967,166.661,14.1478,3.46501,0.909863,0.157598,5834.49,5,24.526,761.82,786.785,49.6867,2,2,1.0,0.0,0.0,5,0.0,0,True,1746968616.369637,right,False
1209,1746968618.464458,166.899,11.9408,3.79302,0.904561,0.15243,5742.16,5,24.548,762.888,787.853,49.6864,2,2,1.0,0.0,0.0,5,0.0,0,True,1746968616.369637,right,False
1210,1746968618.4843724,167.199,9.65924,4.13399,0.89871,0.146061,5568.98,5,24.57,763.955,788.92,49.6861,2,2,1.0,0.0,0.0,5,0.0,0,True,1746968616.369637,right,False
1211,1746968618.50751,167.499,7.4189,4.45617,0.892385,0.139105,5377.38,5,24.592,765.023,789.987,49.6857,2,2,1.0,0.0,0.0,5,0.0,0,True,1746968616.369637,right,False
1212,1746968618.529978,167.747,5.33104,4.76683,0.885647,0.132244,5229.91,5,24.614,766.09,791.055,49.6854,2,2,1.0,0.0,0.0,5,0.0,0,True,1746968616.369637,right,False
1213,1746968618.5506651,167.906,3.50601,5.05852,0.878552,0.126095,5163.48,5,24.636,767.158,792.123,49.6851,2,2,1.0,0.0,0.0,5,0.0,0,True,1746968616.369637,right,False
1214,1746968618.5722635,168.009,1.99426,5.30697,0.871195,0.12097,5146.52,5,24.658,768.225,793.19,49.6848,2,2,1.0,0.0,0.0,5,0.0,0,True,1746968616.369637,right,False
1215,1746968618.5967069,168.088,0.782767,5.53025,0.863588,0.116915,5141.44,5,24.68,769.292,794.257,49.6845,2,2,1.0,0.0,0.0,5,0.0,0,True,1746968616.369637,right,False
1216,1746968618.6178617,168.157,-0.164718,5.71567,0.855784,0.113858,5141.57,5,24.702,770.359,795.324,49.6842,2,2,1.0,0.0,0.0,5,0.0,0,True,1746968616.369637,right,False
1217,1746968618.6393301,168.219,-0.891777,5.8675,0.847823,0.111674,5142.5,5,24.724,771.425,796.39,49.6839,2,2,1.0,0.0,0.0,5,0.0,0,True,1746968616.369637,right,False
1218,1746968618.6599495,168.278,-1.44095,5.97987,0.839736,0.11023,5146.19,5,24.746,772.491,797.456,49.6836,2,2,1.0,0.0,0.0,5,0.0,0,True,1746968616.369637,right,False
1219,1746968618.6837716,168.334,-1.8488,6.05821,0.831541,0.109404,5150.78,5,24.768,773.557,798.522,49.6833,2,2,1.0,0.0,0.0,5,0.0,0,True,1746968616.369637,right,False
1220,1746968618.7044961,168.39,-2.14461,6.10083,0.823236,0.109092,5155.56,5,24.79,774.622,799.587,49.683,2,2,1.0,0.0,0.0,5,0.0,0,True,1746968616.369637,right,False
1221,1746968618.7259068,168.445,-2.35129,6.11548,0.814832,0.109214,5161,5,24.812,775.688,800.652,49.6827,2,2,1.0,0.0,0.0,5,0.0,0,True,1746968616.369637,right,False
1222,1746968618.7481468,168.502,-2.48442,6.11361,0.806342,0.109708,5164.89,5,24.834,776.752,801.717,49.6824,2,2,1.0,0.0,0.0,5,0.0,0,True,1746968616.369637,right,False
1223,1746968618.7728338,168.558,-2.55543,6.09401,0.797768,0.110536,5169.78,5,24.856,777.817,802.782,49.6821,2,2,1.0,0.0,0.0,5,0.0,0,True,1746968616.369637,right,False
1224,1746968618.79437,168.616,-2.57012,6.07938,0.789109,0.111673,5174.58,5,24.878,778.882,803.846,49.6819,2,2,1.0,0.0,0.0,5,0.0,0,True,1746968616.369637,right,False
1225,1746968618.8152087,168.674,-2.53619,6.06191,0.780367,0.113102,5177.68,5,24.9,779.946,804.911,49.6816,2,2,1.0,0.0,0.0,5,0.0,0,True,1746968616.369637,right,False
1226,1746968618.8358088,168.734,-2.45922,6.04857,0.771539,0.114805,5180.23,5,24.922,781.01,805.974,49.6813,2,2,1.0,0.0,0.0,5,0.0,0,True,1746968616.369637,right,False
1227,1746968618.8591158,168.794,-2.34375,6.04257,0.76262,0.116764,5182.99,5,24.944,782.073,807.038,49.681,2,2,1.0,0.0,0.0,5,0.0,0,True,1746968616.369637,right,False
1228,1746968618.883898,168.856,-2.19673,6.04108,0.753613,0.118961,5183.38,5,24.966,783.136,808.101,49.6807,2,2,1.0,0.0,0.0,5,0.0,0,True,1746968616.369637,right,False
1229,1746968618.9042337,168.918,-2.02394,6.05019,0.744509,0.121369,5183.71,5,24.988,784.199,809.164,49.6804,2,2,1.0,0.0,0.0,5,0.0,0,True,1746968616.369637,right,False
1230,1746968618.9283648,168.979,-1.83233,6.06267,0.735301,0.123967,5185.66,5,25.01,785.262,810.227,49.6801,2,2,1.0,0.0,0.1,5,0.0,0,True,1746968616.369637,right,False
1231,1746968618.9467602,169.041,-1.6247,6.08787,0.726007,0.126732,5185.59,5,25.032,786.324,811.289,49.6797,2,2,1.0,0.0,0.1,5,0.0,0,True,1746968616.369637,right,False
1232,1746968618.9706032,169.08,-1.25694,6.12077,0.716642,0.128826,5192.05,5,25.054,787.386,812.351,49.6794,2,2,1.0,0.0,0.1,5,0.0,0,True,1746968616.369637,right,False
1233,1746968618.9917653,169.11,-1.1703,6.14312,0.707288,0.128934,5200.03,5,25.076,788.448,813.412,49.6791,2,2,1.0,0.0,0.1,5,0.0,0,True,1746968616.369637,right,False
1234,1746968619.0117776,169.141,-1.38179,6.16414,0.697949,0.127293,5206.27,5,25.098,789.509,814.474,49.6787,2,2,1.0,0.0,0.1,5,0.0,0,True,1746968616.369637,right,False
1235,1746968619.036461,169.167,-1.83024,6.17001,0.688625,0.124183,5214.47,5,25.12,790.57,815.535,49.6784,2,2,1.0,0.0,0.1,5,0.0,0,True,1746968616.369637,right,False
1236,1746968619.0566366,169.188,-2.45452,6.17441,0.67934,0.119878,5222.51,5,25.142,791.631,816.596,49.678,2,2,1.0,0.0,0.1,5,0.0,0,True,1746968616.369637,right,False
1237,1746968619.079963,169.201,-3.20515,6.16808,0.670085,0.11464,5232.75,5,25.164,792.691,817.656,49.6777,2,2,1.0,0.0,0.1,5,0.0,0,True,1746968616.369637,right,False
1238,1746968619.1018186,169.203,-4.041,6.14522,0.660889,0.10872,5244.97,5,25.186,793.752,818.716,49.6774,2,2,1.0,0.0,0.1,5,0.0,0,True,1746968616.369637,right,False
1239,1746968619.1240716,169.196,-4.91904,6.11091,0.651774,0.102326,5258.57,5,25.208,794.812,819.776,49.677,2,2,1.0,0.0,0.1,5,0.0,0,True,1746968616.369637,right,False
1240,1746968619.145041,169.177,-5.8176,6.0667,0.642741,0.0956123,5272.17,5,25.23,795.871,820.836,49.6767,2,2,1.0,0.0,0.1,5,0.0,0,True,1746968616.369637,right,False
1241,1746968619.1667123,169.148,-6.71925,6.00503,0.633799,0.0887085,5288.19,5,25.252,796.931,821.896,49.6764,2,2,1.0,0.0,0.1,5,0.0,0,True,1746968616.369637,right,False
1242,1746968619.1908362,169.111,-7.60957,5.93251,0.624982,0.0817049,5304.09,5,25.274,797.99,822.955,49.676,2,2,1.0,0.0,0.1,5,0.0,0,True,1746968616.369637,right,False
1243,1746968619.2122526,169.066,-8.47806,5.8518,0.616288,0.0746539,5316.83,5,25.296,799.05,824.014,49.6757,2,2,1.0,0.0,0.1,5,0.0,0,True,1746968616.369637,right,False
1244,1746968619.2323196,169.013,-9.33061,5.76215,0.607731,0.0675805,5329.58,5,25.318,800.108,825.073,49.6754,2,2,1.0,0.0,0.1,5,0.0,0,True,1746968616.369637,right,False
1245,1746968619.255849,168.952,-10.1606,5.6586,0.599308,0.0605077,5342.12,5,25.34,801.167,826.132,49.675,2,2,1.0,0.0,0.1,5,0.0,0,True,1746968616.369637,right,False
1246,1746968619.2759788,168.888,-10.9658,5.55366,0.591048,0.0534468,5350.21,5,25.362,802.225,827.19,49.6747,2,2,1.0,0.0,0.1,5,0.0,0,True,1746968616.369637,right,False
1247,1746968619.2985628,168.813,-11.7526,5.44143,0.582939,0.0463978,5362.32,5,25.384,803.283,828.248,49.6744,2,2,1.0,0.0,0.1,5,0.0,0,True,1746968616.369637,right,False
1248,1746968619.3201067,168.729,-12.5231,5.32536,0.575002,0.0393853,5378.36,5,25.406,804.341,829.306,49.674,2,2,1.0,0.0,0.1,5,0.0,0,True,1746968616.369637,right,False
1249,1746968619.3429406,168.645,-13.2654,5.19874,0.567238,0.0324138,5384.23,5,25.428,805.399,830.363,49.6737,2,2,1.0,0.0,0.1,5,0.0,0,True,1746968616.369637,right,False
1250,1746968619.364769,168.553,-13.9916,5.0694,0.559654,0.0255027,5395.86,5,25.45,806.456,831.421,49.6733,2,2,1.0,0.0,0.1,5,0.0,0,True,1746968616.369637,right,False
1251,1746968619.3867874,168.457,-14.6882,4.9363,0.552252,0.0186726,5405.75,5,25.472,807.513,832.477,49.673,2,2,1.0,0.0,0.1,5,0.0,0,True,1746968616.369637,right,False
1252,1746968619.4098523,168.357,-15.3554,4.80647,0.545034,0.011939,5413.59,5,25.494,808.569,833.534,49.6727,2,2,1.0,0.0,0.1,5,0.0,0,True,1746968616.369637,right,False
1253,1746968619.430417,168.249,-15.9983,4.66455,0.538009,0.00533295,5428.18,5,25.516,809.625,834.59,49.6723,2,2,1.0,0.0,0.1,5,0.0,0,True,1746968616.369637,right,False
1254,1746968619.4533055,168.138,-16.593,4.53289,0.531179,-0.00109911,5443.57,5,25.538,810.681,835.646,49.672,2,2,1.0,0.0,0.1,5,0.0,0,True,1746968616.369637,right,False
1255,1746968619.475132,168.025,-17.1471,4.39552,0.524554,-0.00731134,5460.91,5,25.56,811.736,836.701,49.6717,2,2,1.0,0.0,0.1,5,0.0,0,True,1746968616.369637,right,False
1256,1746968619.4990616,167.911,-17.6668,4.24337,0.518125,-0.0133018,5478.95,5,25.582,812.791,837.756,49.6713,2,2,1.0,0.0,0.1,5,0.0,0,True,1746968616.369637,right,False
1257,1746968619.520008,167.798,-18.1396,4.09627,0.511896,-0.0190635,5496.61,5,25.604,813.846,838.811,49.671,2,2,1.0,0.0,0.1,5,0.0,0,True,1746968616.369637,right,False
1258,1746968619.5426102,167.686,-18.5575,3.95256,0.505878,-0.0245579,5513.79,5,25.626,814.9,839.865,49.6707,2,2,1.0,0.0,0.1,5,0.0,0,True,1746968616.369637,right,False
1259,1746968619.5653038,167.576,-18.9283,3.80067,0.500067,-0.0297846,5533.15,5,25.648,815.954,840.918,49.6703,2,2,1.0,0.0,0.1,5,0.0,0,True,1746968616.369637,right,False
1260,1746968619.5857015,167.469,-19.2457,3.64981,0.49446,-0.0347017,5555.1,5,25.67,817.007,841.971,49.67,2,2,1.0,0.0,0.1,5,0.0,0,True,1746968616.369637,right,False
1261,1746968619.6085327,167.369,-19.5002,3.49927,0.489067,-0.0392871,5572.5,5,25.692,818.059,843.024,49.6697,2,2,1.0,0.0,0.1,5,0.0,0,True,1746968616.369637,right,False
1262,1746968619.630323,167.275,-19.6903,3.35741,0.483887,-0.0435352,5587.7,5,25.714,819.111,844.076,49.6693,2,2,1.0,0.0,0.1,5,0.0,0,True,1746968616.369637,right,False
1263,1746968619.65136,167.187,-19.825,3.2116,0.478918,-0.0474473,5605.58,5,25.736,820.163,845.128,49.669,2,2,1.0,0.0,0.1,5,0.0,0,True,1746968616.369637,right,False
1264,1746968619.6736772,167.111,-19.8916,3.06772,0.47417,-0.0509911,5615.94,5,25.758,821.214,846.179,49.6686,2,2,1.0,0.0,0.1,5,0.0,0,True,1746968616.369637,right,False
1265,1746968619.6964498,167.037,-19.904,2.918,0.469629,-0.0541815,5636.02,5,25.78,822.265,847.23,49.6683,2,2,1.0,0.0,0.1,5,0.0,0,True,1746968616.369637,right,False
1266,1746968619.7177184,166.978,-19.8439,2.7781,0.465306,-0.0569907,5643.84,5,25.802,823.315,848.28,49.668,2,2,1.0,0.0,0.1,5,0.0,0,True,1746968616.369637,right,False
1267,1746968619.738123,166.923,-19.7295,2.63759,0.461202,-0.0594622,5657.54,5,25.824,824.365,849.33,49.6676,2,2,1.0,0.0,0.0,5,0.0,0,True,1746968616.369637,left,False
1268,1746968619.7623656,166.874,-19.5637,2.49143,0.45731,-0.0615692,5674.84,5,25.846,825.415,850.379,49.6673,2,2,1.0,0.0,0.0,5,0.0,0,True,1746968616.369637,left,False
1269,1746968619.784467,166.875,-19.3707,2.3573,0.453621,-0.0631683,5669.32,5,25.868,826.464,851.429,49.667,2,2,1.0,0.0,0.0,5,0.0,0,True,1746968616.369637,left,False
1270,1746968619.8065536,166.907,-19.0669,2.2209,0.450118,-0.0639133,5654.22,5,25.89,827.513,852.478,49.6666,2,2,1.0,0.0,0.0,5,0.0,0,True,1746968616.369637,left,False
1271,1746968619.8277802,166.975,-18.6245,2.09132,0.446794,-0.0638335,5615.42,5,25.912,828.562,853.527,49.6663,2,2,1.0,0.0,0.0,5,0.0,0,True,1746968616.369637,left,False
1272,1746968619.8491454,167.067,-18.0551,1.97006,0.443654,-0.062978,5566.97,5,25.934,829.611,854.576,49.666,2,2,1.0,0.0,0.0,5,0.0,0,True,1746968616.369637,left,False
1273,1746968619.8699772,167.175,-17.3708,1.84893,0.440684,-0.0613832,5515.38,5,25.956,830.66,855.625,49.6656,2,2,1.0,0.0,0.0,5,0.0,0,True,1746968616.369637,left,False
1274,1746968619.8918386,167.288,-16.5872,1.72635,0.437885,-0.0591009,5474.63,5,25.978,831.709,856.674,49.6653,2,2,1.0,0.0,0.0,5,0.0,0,True,1746968616.369637,left,False
1275,1746968619.9163733,167.421,-15.7062,1.61198,0.435258,-0.0561823,5423,5,26,832.759,857.724,49.665,2,2,1.0,0.0,0.0,5,0.0,0,True,1746968616.369637,left,False
1276,1746968619.9385233,167.551,-14.75,1.49997,0.432798,-0.0526791,5385.28,5,26.022,833.809,858.774,49.6646,2,2,1.0,0.0,0.0,5,0.0,0,True,1746968616.369637,left,False
1277,1746968619.9579618,167.691,-13.7223,1.39634,0.430481,-0.0486547,5342.86,5,26.044,834.859,859.824,49.6643,2,2,1.0,0.0,0.0,5,0.0,0,True,1746968616.369637,left,False
1278,1746968619.9828358,167.823,-12.646,1.29804,0.42831,-0.0441585,5315.58,5,26.066,835.91,860.874,49.6639,2,2,1.0,0.0,0.0,5,0.0,0,True,1746968616.369637,left,False
1279,1746968620.0023446,167.957,-11.5349,1.20122,0.42627,-0.0392616,5292.66,5,26.088,836.96,861.925,49.6636,2,2,1.0,0.0,0.0,5,0.0,0,True,1746968616.369637,left,False
1280,1746968620.0255327,168.091,-10.4017,1.11588,0.424329,-0.0340252,5268.95,5,26.11,838.011,862.976,49.6633,2,2,1.0,0.0,0.0,5,0.0,0,True,1746968616.369637,left,False
1281,1746968620.0484157,168.22,-9.26268,1.04236,0.422487,-0.028509,5252.2,5,26.132,839.062,864.027,49.6629,2,2,1.0,0.0,0.0,5,0.0,0,True,1746968616.369637,left,False
1282,1746968620.0678165,168.345,-8.13324,0.97434,0.420732,-0.0227631,5238.04,5,26.154,840.114,865.079,49.6626,2,2,1.0,0.0,0.0,5,0.0,0,True,1746968616.369637,left,False
1283,1746968620.0926723,168.466,-7.02979,0.923132,0.419039,-0.0168766,5224.36,5,26.176,841.166,866.131,49.6623,2,2,1.0,0.0,0.0,5,0.0,0,True,1746968616.369637,left,False
1284,1746968620.1148477,168.584,-5.96294,0.885738,0.417375,-0.0108956,5213.57,5,26.198,842.218,867.183,49.6619,2,2,1.0,0.0,0.0,5,0.0,0,True,1746968616.369637,left,False
1285,1746968620.1360617,168.694,-4.95212,0.858989,0.415719,-0.00489521,5206.52,5,26.22,843.271,868.236,49.6616,2,2,1.0,0.0,0.0,5,0.0,0,True,1746968616.369637,left,False
1286,1746968620.1577084,168.801,-4.00208,0.853204,0.414054,0.00107884,5198.7,5,26.242,844.324,869.289,49.6613,2,2,1.0,0.0,0.0,5,0.0,0,True,1746968616.369637,left,False
1287,1746968620.1815882,168.901,-3.12522,0.863563,0.412351,0.00696588,5194.22,5,26.264,845.378,870.343,49.6609,2,2,1.0,0.0,0.0,5,0.0,0,True,1746968616.369637,left,False
1288,1746968620.2027457,168.996,-2.32573,0.89354,0.41059,0.0127306,5192,5,26.286,846.432,871.397,49.6606,2,2,1.0,0.0,0.0,5,0.0,0,True,1746968616.369637,left,False
1289,1746968620.2260594,169.088,-1.60587,0.94051,0.408738,0.0183449,5190.27,5,26.308,847.486,872.451,49.6603,2,2,1.0,0.0,0.0,5,0.0,0,True,1746968616.369637,left,False
1290,1746968620.2448192,169.176,-0.966772,1.00705,0.406785,0.0237849,5189.53,5,26.33,848.541,873.506,49.6599,2,2,1.0,0.0,0.0,5,0.0,0,True,1746968616.369637,right,False
1291,1746968620.2668376,169.261,-0.405927,1.09329,0.4047,0.0290366,5188.58,5,26.352,849.596,874.561,49.6596,2,2,1.0,0.0,0.0,5,0.0,0,True,1746968616.369637,right,False
1292,1746968620.290517,169.343,0.0791993,1.19594,0.402468,0.0340918,5189.27,5,26.374,850.651,875.616,49.6592,2,2,1.0,0.0,0.0,5,0.0,0,True,1746968616.369637,right,False
1293,1746968620.3109255,169.423,0.493106,1.3097,0.400081,0.0389477,5190.8,5,26.396,851.707,876.672,49.6589,2,2,1.0,0.0,0.0,5,0.0,0,True,1746968616.369637,right,False
1294,1746968620.3326833,169.502,0.840686,1.43929,0.39751,0.0436044,5192.43,5,26.418,852.763,877.728,49.6586,2,2,1.0,0.0,0.0,5,0.0,0,True,1746968616.369637,right,False
1295,1746968620.355327,169.579,1.1281,1.58558,0.394741,0.0480703,5193.68,5,26.44,853.819,878.784,49.6582,2,2,1.0,0.0,0.0,5,0.0,0,True,1746968616.369637,right,False
1296,1746968620.3783045,169.656,1.36082,1.74178,0.391797,0.0523508,5195.05,5,26.462,854.876,879.841,49.6579,2,2,1.0,0.0,0.0,5,0.0,0,True,1746968616.369637,right,False
1297,1746968620.39771,169.731,1.54474,1.91108,0.388627,0.0564563,5196.56,5,26.484,855.932,880.897,49.6576,2,2,1.0,0.0,0.0,5,0.0,0,True,1746968616.369637,right,False
1298,1746968620.421438,169.806,1.68661,2.0794,0.385262,0.0604017,5198.21,5,26.506,856.989,881.954,49.6572,2,2,1.0,0.0,0.0,5,0.0,0,True,1746968616.369637,right,False
1299,1746968620.443001,169.881,1.79119,2.26341,0.381647,0.0641998,5198.72,5,26.528,858.046,883.011,49.6569,2,2,1.0,0.0,0.0,5,0.0,0,True,1746968616.369637,right,False
1300,1746968620.467121,169.953,1.867,2.44047,0.377838,0.0678711,5201.63,5,26.55,859.103,884.068,49.6566,2,2,1.0,0.0,0.0,5,0.0,0,True,1746968616.369637,right,False
1301,1746968620.487849,170.025,1.91789,2.62196,0.373798,0.0714321,5204.21,5,26.572,860.16,885.125,49.6562,2,2,1.0,0.0,0.0,5,0.0,0,True,1746968616.369637,right,False
1302,1746968620.510362,170.097,1.94857,2.8062,0.369505,0.0748985,5205.83,5,26.594,861.217,886.182,49.6559,2,2,1.0,0.0,0.0,5,0.0,0,True,1746968616.369637,right,False
1303,1746968620.5328245,170.169,1.96417,2.98367,0.364986,0.0782869,5208.23,5,26.616,862.274,887.239,49.6556,2,2,1.0,0.0,0.0,5,0.0,0,True,1746968616.369637,right,False
1304,1746968620.5523424,170.239,1.96841,3.16284,0.360268,0.0816125,5209.97,5,26.638,863.331,888.296,49.6552,2,2,1.0,0.0,0.0,5,0.0,0,True,1746968616.369637,right,False
1305,1746968620.5746512,170.309,1.96429,3.33858,0.355294,0.0848856,5212.01,5,26.66,864.388,889.353,49.6549,2,2,1.0,0.0,0.0,5,0.0,0,True,1746968616.369637,right,False
1306,1746968620.5985286,170.379,1.95434,3.50638,0.350069,0.0881194,5213.59,5,26.682,865.445,890.409,49.6545,2,2,1.0,0.0,0.0,5,0.0,0,True,1746968616.369637,right,False
1307,1746968620.6198797,170.447,1.94141,3.66744,0.344653,0.0913234,5217.33,5,26.704,866.501,891.466,49.6542,2,2,1.0,0.0,0.0,5,0.0,0,True,1746968616.369637,right,False
1308,1746968620.6399734,170.516,1.92519,3.82791,0.339001,0.0944999,5218.49,5,26.726,867.558,892.523,49.6539,2,2,1.0,0.0,0.0,5,0.0,0,True,1746968616.369637,right,False
1309,1746968620.6625056,170.583,1.90683,3.99044,0.333095,0.0976551,5219.88,5,26.748,868.614,893.579,49.6535,2,2,1.0,0.0,0.0,5,0.0,0,True,1746968616.369637,right,False
1310,1746968620.6869822,170.65,1.88809,4.14348,0.326973,0.100793,5223.02,5,26.77,869.67,894.635,49.6532,2,2,1.0,0.0,0.1,5,0.0,0,True,1746968616.369637,right,False
1311,1746968620.7077284,170.715,1.86912,4.29197,0.320644,0.103915,5225.28,5,26.792,870.726,895.691,49.6529,2,2,1.0,0.0,0.1,5,0.0,0,True,1746968616.369637,right,False
1312,1746968620.7296348,170.766,2.02935,4.43292,0.314124,0.106039,5231.25,5,26.814,871.782,896.747,49.6525,2,2,1.0,0.0,0.1,5,0.0,0,True,1746968616.369637,right,False
1313,1746968620.7537413,170.815,1.84191,4.54298,0.307542,0.105599,5237.86,5,26.836,872.837,897.802,49.6522,2,2,1.0,0.0,0.1,5,0.0,0,True,1746968616.369637,right,False
1314,1746968620.7730968,170.867,1.28969,4.63783,0.300903,0.102939,5244.95,5,26.858,873.893,898.858,49.6519,2,2,1.0,0.0,0.1,5,0.0,0,True,1746968616.369637,right,False
1315,1746968620.794799,170.918,0.463489,4.7031,0.29422,0.0984505,5252.44,5,26.88,874.948,899.913,49.6515,2,2,1.0,0.0,0.1,5,0.0,0,True,1746968616.369637,right,False
1316,1746968620.8190594,170.96,-0.56128,4.74368,0.287508,0.0925264,5262.94,5,26.902,876.003,900.968,49.6512,2,2,1.0,0.0,0.1,5,0.0,0,True,1746968616.369637,right,False
1317,1746968620.8406382,170.991,-1.70933,4.76075,0.280792,0.0855322,5273.63,5,26.924,877.058,902.023,49.6509,2,2,1.0,0.0,0.1,5,0.0,0,True,1746968616.369637,right,False
1318,1746968620.8638213,171.006,-2.93062,4.74706,0.274109,0.0777962,5287.86,5,26.946,878.113,903.078,49.6505,2,2,1.0,0.0,0.1,5,0.0,0,True,1746968616.369637,right,False
1319,1746968620.8829138,171.005,-4.18048,4.70526,0.267474,0.0695925,5305.02,5,26.968,879.168,904.133,49.6502,2,2,1.0,0.0,0.1,5,0.0,0,True,1746968616.369637,right,False
1320,1746968620.9068434,170.988,-5.42558,4.64725,0.260909,0.0611441,5322.55,5,26.99,880.222,905.187,49.6498,2,2,1.0,0.0,0.1,5,0.0,0,True,1746968616.369637,right,False
1321,1746968620.9263632,170.953,-6.64805,4.56731,0.254437,0.0526137,5346.78,5,27.012,881.277,906.242,49.6495,2,2,1.0,0.0,0.1,5,0.0,0,True,1746968616.369637,right,False
1322,1746968620.9502614,170.905,-7.82694,4.47456,0.248055,0.0441148,5370.04,5,27.034,882.331,907.296,49.6492,2,2,1.0,0.0,0.1,5,0.0,0,True,1746968616.369637,right,False
1323,1746968620.974358,170.845,-8.95851,4.36297,0.241799,0.0357137,5392.83,5,27.056,883.385,908.35,49.6488,2,2,1.0,0.0,0.1,5,0.0,0,True,1746968616.369637,right,False
1324,1746968620.9977963,170.776,-10.0413,4.25003,0.235679,0.0274234,5412.1,5,27.078,884.44,909.404,49.6485,2,2,1.0,0.0,0.1,5,0.0,0,True,1746968616.369637,right,False
1325,1746968621.0158587,170.697,-11.0809,4.12333,0.2297,0.019238,5432.29,5,27.1,885.493,910.458,49.6482,2,2,1.0,0.0,0.1,5,0.0,0,True,1746968616.369637,right,False
1326,1746968621.0401094,170.616,-12.074,4.00118,0.223871,0.0111411,5441.06,5,27.122,886.547,911.512,49.6478,2,2,1.0,0.0,0.1,5,0.0,0,True,1746968616.369637,right,False
1327,1746968621.0589294,170.527,-13.0341,3.86889,0.218205,0.00312757,5451.37,5,27.144,887.6,912.565,49.6475,2,2,1.0,0.0,0.1,5,0.0,0,True,1746968616.369637,right,False
1328,1746968621.0817385,170.428,-13.96,3.73546,0.212712,-0.00482321,5459.02,5,27.166,888.653,913.618,49.6472,2,2,1.0,0.0,0.1,5,0.0,0,True,1746968616.369637,right,False
1329,1746968621.1047013,170.325,-14.8575,3.59579,0.207395,-0.0127075,5465.52,5,27.188,889.706,914.671,49.6468,2,2,1.0,0.0,0.1,5,0.0,0,True,1746968616.369637,right,False
1330,1746968621.1239002,170.209,-15.7303,3.45804,0.202266,-0.0205169,5477.06,5,27.21,890.759,915.724,49.6465,2,2,1.0,0.0,0.1,5,0.0,0,True,1746968616.369637,right,False
1331,1746968621.1475742,170.086,-16.5727,3.30737,0.197327,-0.0282099,5488.74,5,27.232,891.811,916.776,49.6462,2,2,1.0,0.0,0.1,5,0.0,0,True,1746968616.369637,right,False
1332,1746968621.1700504,169.959,-17.3713,3.16633,0.192584,-0.0357833,5499.01,5,27.254,892.863,917.828,49.6458,2,2,1.0,0.0,0.1,5,0.0,0,True,1746968616.369637,right,False
1333,1746968621.1900349,169.824,-18.138,3.02359,0.188043,-0.0431998,5514.26,5,27.276,893.915,918.88,49.6455,2,2,1.0,0.0,0.1,5,0.0,0,True,1746968616.369637,right,False
1334,1746968621.2146533,169.685,-18.8591,2.87214,0.183706,-0.0504014,5531.18,5,27.298,894.966,919.931,49.6451,2,2,1.0,0.0,0.1,5,0.0,0,True,1746968616.369637,right,False
1335,1746968621.234275,169.545,-19.5299,2.7241,0.179574,-0.0573702,5546.56,5,27.32,896.017,920.982,49.6448,2,2,1.0,0.0,0.1,5,0.0,0,True,1746968616.369637,right,False
1336,1746968621.2571259,169.402,-20.1405,2.58623,0.175655,-0.0640819,5564.5,5,27.342,897.067,922.032,49.6445,2,2,1.0,0.0,0.1,5,0.0,0,True,1746968616.369637,right,False
1337,1746968621.2801948,169.258,-20.7062,2.43747,0.171956,-0.0705192,5585.75,5,27.364,898.117,923.082,49.6441,2,2,1.0,0.0,0.1,5,0.0,0,True,1746968616.369637,right,False
1338,1746968621.301212,169.117,-21.2193,2.28272,0.168465,-0.0766516,5606.33,5,27.386,899.167,924.131,49.6438,2,2,1.0,0.0,0.1,5,0.0,0,True,1746968616.369637,right,False
1339,1746968621.324646,168.985,-21.6549,2.14199,0.1652,-0.0824673,5618.42,5,27.408,900.216,925.18,49.6435,2,2,1.0,0.0,0.1,5,0.0,0,True,1746968616.369637,right,False
1340,1746968621.345999,168.848,-22.045,1.98744,0.162148,-0.0879366,5645.19,5,27.43,901.264,926.229,49.6431,2,2,1.0,0.0,0.0,5,0.0,0,True,1746968616.369637,left,False
1341,1746968621.3666055,168.715,-22.3631,1.84362,0.159314,-0.0930586,5672.99,5,27.452,902.312,927.277,49.6428,2,2,1.0,0.0,0.0,5,0.0,0,True,1746968616.369637,left,False
1342,1746968621.388301,168.621,-22.657,1.69229,0.156696,-0.0976577,5690.13,5,27.474,903.359,928.324,49.6425,2,2,1.0,0.0,0.0,5,0.0,0,True,1746968616.369637,left,False
1343,1746968621.411367,168.553,-22.8278,1.54249,0.154283,-0.101456,5704.66,5,27.496,904.406,929.371,49.6421,2,2,1.0,0.0,0.0,5,0.0,0,True,1746968616.369637,left,False
1344,1746968621.4321017,168.524,-22.8604,1.40336,0.152057,-0.104487,5690.38,5,27.518,905.453,930.418,49.6418,2,2,1.0,0.0,0.0,5,0.0,0,True,1746968616.369637,left,False
1345,1746968621.4561462,168.51,-22.7691,1.25795,0.150033,-0.106763,5679.29,5,27.54,906.5,931.465,49.6415,2,2,1.0,0.0,0.0,5,0.0,0,True,1746968616.369637,left,False
1346,1746968621.4758747,168.521,-22.5485,1.1188,0.148212,-0.108291,5660.18,5,27.562,907.546,932.511,49.6411,2,2,1.0,0.0,0.0,5,0.0,0,True,1746968616.369637,left,False
1347,1746968621.500111,168.554,-22.2086,0.982597,0.146584,-0.109114,5636.06,5,27.584,908.593,933.557,49.6408,2,2,1.0,0.0,0.0,5,0.0,0,True,1746968616.369637,left,False
1348,1746968621.522534,168.602,-21.7451,0.845493,0.145164,-0.10919,5619.2,5,27.606,909.639,934.604,49.6404,2,2,1.0,0.0,0.0,5,0.0,0,True,1746968616.369637,left,False
1349,1746968621.5447206,168.659,-21.1642,0.708275,0.143937,-0.108526,5607.48,5,27.628,910.685,935.65,49.6401,2,2,1.0,0.0,0.0,5,0.0,0,True,1746968616.369637,left,False
1350,1746968621.5655284,168.734,-20.4763,0.574195,0.142908,-0.107173,5593.44,5,27.65,911.731,936.696,49.6398,2,2,1.0,0.0,0.0,5,0.0,0,True,1746968616.369637,left,False
1351,1746968621.589004,168.83,-19.681,0.445556,0.142072,-0.105139,5575.19,5,27.672,912.777,937.742,49.6394,2,2,1.0,0.0,0.0,5,0.0,0,True,1746968616.369637,left,False
1352,1746968621.6096745,168.937,-18.7839,0.316404,0.14142,-0.102409,5555.8,5,27.694,913.823,938.788,49.6391,2,2,1.0,0.0,0.0,5,0.0,0,True,1746968616.369637,left,False
1353,1746968621.6317773,169.058,-17.7855,0.193199,0.140957,-0.0989935,5536.68,5,27.716,914.87,939.834,49.6388,2,2,1.0,0.0,0.0,5,0.0,0,True,1746968616.369637,left,False
1354,1746968621.6548498,169.195,-16.6901,0.0802279,0.14066,-0.0949249,5512.24,5,27.738,915.916,940.88,49.6384,2,2,1.0,0.0,0.0,5,0.0,0,True,1746968616.369637,left,False
1355,1746968621.675346,169.34,-15.5184,-0.027272,0.140523,-0.0902808,5485.2,5,27.76,916.962,941.927,49.6381,2,2,1.0,0.0,0.0,5,0.0,0,True,1746968616.369637,left,False
1356,1746968621.6966991,169.492,-14.2931,-0.139596,0.140548,-0.0851004,5457.63,5,27.782,918.009,942.974,49.6378,2,2,1.0,0.0,0.0,5,0.0,0,True,1746968616.369637,left,False
1357,1746968621.7199733,169.653,-13.0075,-0.240476,0.140715,-0.0794115,5421.53,5,27.804,919.056,944.021,49.6374,2,2,1.0,0.0,0.0,5,0.0,0,True,1746968616.369637,left,False
1358,1746968621.7403224,169.815,-11.6853,-0.329838,0.141007,-0.0733187,5389.16,5,27.826,920.103,945.068,49.6371,2,2,1.0,0.0,0.0,5,0.0,0,True,1746968616.369637,left,False
1359,1746968621.7634716,169.973,-10.3565,-0.421318,0.141418,-0.0668831,5358.34,5,27.848,921.151,946.116,49.6368,2,2,1.0,0.0,0.0,5,0.0,0,True,1746968616.369637,left,False
1360,1746968621.7850828,170.129,-9.02544,-0.487362,0.141911,-0.0601845,5326.47,5,27.87,922.199,947.164,49.6364,2,2,1.0,0.0,0.0,5,0.0,0,True,1746968616.369637,left,False
1361,1746968621.806076,170.276,-7.72281,-0.552754,0.142476,-0.0533316,5303.46,5,27.892,923.248,948.213,49.6361,2,2,1.0,0.0,0.0,5,0.0,0,True,1746968616.369637,left,False
1362,1746968621.8303344,170.412,-6.4677,-0.596145,0.143087,-0.0464296,5283.81,5,27.914,924.298,949.262,49.6357,2,2,1.0,0.0,0.0,5,0.0,0,True,1746968616.369637,left,False
1363,1746968621.8507373,170.539,-5.28319,-0.624031,0.143715,-0.0395553,5272.29,5,27.936,925.347,950.312,49.6354,2,2,1.0,0.0,0.0,5,0.0,0,True,1746968616.369637,left,False
1364,1746968621.8739598,170.658,-4.18152,-0.638942,0.144336,-0.0327833,5261.59,5,27.958,926.398,951.363,49.6351,2,2,1.0,0.0,0.0,5,0.0,0,True,1746968616.369637,left,False
1365,1746968621.8966935,170.768,-3.17097,-0.639176,0.144916,-0.0261652,5255.45,5,27.98,927.449,952.414,49.6347,2,2,1.0,0.0,0.0,5,0.0,0,True,1746968616.369637,left,False
1366,1746968621.9180079,170.871,-2.2586,-0.624277,0.145437,-0.0197332,5253.56,5,28.002,928.501,953.466,49.6344,2,2,1.0,0.0,0.0,5,0.0,0,True,1746968616.369637,left,False
1367,1746968621.939853,170.969,-1.44139,-0.583975,0.14587,-0.0135093,5250.3,5,28.024,929.553,954.518,49.6341,2,2,1.0,0.0,0.0,5,0.0,0,True,1746968616.369637,left,False
1368,1746968621.9602196,171.063,-0.721911,-0.522392,0.146185,-0.00752592,5248.98,5,28.046,930.606,955.571,49.6337,2,2,1.0,0.0,0.0,5,0.0,0,True,1746968616.369637,left,False
1369,1746968621.9857757,171.154,-0.098022,-0.434339,0.146362,-0.00180101,5246.69,5,28.068,931.659,956.624,49.6334,2,2,1.0,0.0,0.0,5,0.0,0,True,1746968616.369637,left,False
1370,1746968622.005819,171.241,0.433591,-0.331673,0.146381,0.00365901,5247.8,5,28.09,932.713,957.678,49.6331,2,2,1.0,0.0,0.0,5,0.0,0,True,1746968616.369637,right,False
1371,1746968622.0275342,171.325,0.878932,-0.210174,0.146228,0.0088532,5249.16,5,28.112,933.768,958.732,49.6327,2,2,1.0,0.0,0.0,5,0.0,0,True,1746968616.369637,right,False
1372,1746968622.0483024,171.408,1.24488,-0.0693593,0.145868,0.0137894,5249.92,5,28.134,934.823,959.787,49.6324,2,2,1.0,0.0,0.0,5,0.0,0,True,1746968616.369637,right,False
1373,1746968622.0720286,171.489,1.53919,0.0868212,0.145325,0.0184786,5251.47,5,28.156,935.878,960.843,49.6321,2,2,1.0,0.0,0.0,5,0.0,0,True,1746968616.369637,right,False
1374,1746968622.0935667,171.569,1.76817,0.264612,0.144545,0.0229306,5252.69,5,28.178,936.934,961.899,49.6317,2,2,1.0,0.0,0.0,5,0.0,0,True,1746968616.369637,right,False
1375,1746968622.115653,171.649,1.94177,0.439327,0.143573,0.027164,5254.76,5,28.2,937.991,962.955,49.6314,2,2,1.0,0.0,0.0,5,0.0,0,True,1746968616.369637,right,False
1376,1746968622.1393788,171.728,2.06579,0.627708,0.142342,0.0311961,5256.31,5,28.222,939.047,964.012,49.6311,2,2,1.0,0.0,0.0,5,0.0,0,True,1746968616.369637,right,False
1377,1746968622.1580117,171.805,2.15023,0.82447,0.140883,0.0350506,5258.54,5,28.244,940.104,965.069,49.6307,2,2,1.0,0.0,0.0,5,0.0,0,True,1746968616.369637,right,False
1378,1746968622.1805806,171.883,2.20093,1.02208,0.139205,0.0387516,5259.83,5,28.266,941.162,966.127,49.6304,2,2,1.0,0.0,0.0,5,0.0,0,True,1746968616.369637,right,False
1379,1746968622.2025223,171.961,2.22476,1.2224,0.137264,0.0423188,5261.34,5,28.288,942.219,967.184,49.63,2,2,1.0,0.0,0.0,5,0.0,0,True,1746968616.369637,right,False
1380,1746968622.2265747,172.037,2.22813,1.41954,0.135063,0.0457754,5263.8,5,28.31,943.277,968.242,49.6297,2,2,1.0,0.0,0.0,5,0.0,0,True,1746968616.369637,right,False
1381,1746968622.2472873,172.112,2.21712,1.60558,0.132662,0.0491424,5266.2,5,28.332,944.335,969.3,49.6294,2,2,1.0,0.0,0.0,5,0.0,0,True,1746968616.369637,right,False
1382,1746968622.2700224,172.187,2.19503,1.79194,0.130005,0.0524323,5269.54,5,28.354,945.394,970.359,49.629,2,2,1.0,0.0,0.0,5,0.0,0,True,1746968616.369637,right,False
1383,1746968622.2919667,172.262,2.16324,1.98388,0.127087,0.055661,5270.36,5,28.376,946.452,971.417,49.6287,2,2,1.0,0.0,0.0,5,0.0,0,True,1746968616.369637,right,False
1384,1746968622.313025,172.335,2.1284,2.16313,0.123936,0.0588422,5274.21,5,28.398,947.511,972.475,49.6284,2,2,1.0,0.0,0.0,5,0.0,0,True,1746968616.369637,right,False
1385,1746968622.3343847,172.409,2.09066,2.3353,0.120569,0.0619886,5275.99,5,28.42,948.57,973.534,49.628,2,2,1.0,0.0,0.0,5,0.0,0,True,1746968616.369637,right,False
1386,1746968622.3582397,172.482,2.05169,2.50765,0.116941,0.0651081,5278.09,5,28.442,949.628,974.593,49.6277,2,2,1.0,0.0,0.0,5,0.0,0,True,1746968616.369637,right,False
1387,1746968622.3785915,172.554,2.01268,2.67774,0.113068,0.0682075,5280.28,5,28.464,950.687,975.652,49.6274,2,2,1.0,0.0,0.0,5,0.0,0,True,1746968616.369637,right,False
1388,1746968622.4004533,172.625,1.97632,2.83458,0.108993,0.0712974,5283.2,5,28.486,951.746,976.711,49.627,2,2,1.0,0.0,0.0,5,0.0,0,True,1746968616.369637,right,False
1389,1746968622.4229975,172.696,1.9419,2.99279,0.104661,0.0743775,5284.38,5,28.508,952.805,977.77,49.6267,2,2,1.0,0.0,0.0,5,0.0,0,True,1746968616.369637,right,False
1390,1746968622.4467347,172.765,1.91051,3.13895,0.100098,0.0774543,5288,5,28.53,953.864,978.829,49.6264,2,2,1.0,0.0,0.0,5,0.0,0,True,1746968616.369637,right,False
1391,1746968622.4667697,172.834,1.88141,3.29284,0.0953247,0.0805314,5290.3,5,28.552,954.923,979.887,49.626,2,2,1.0,0.0,0.0,5,0.0,0,True,1746968616.369637,right,False
1392,1746968622.4888427,172.904,1.85406,3.44232,0.0902913,0.0836039,5291.25,5,28.574,955.981,980.946,49.6257,2,2,1.0,0.0,0.0,5,0.0,0,True,1746968616.369637,right,False
1393,1746968622.5102158,172.971,1.83035,3.58219,0.0850566,0.0866783,5294.71,5,28.596,957.04,982.005,49.6253,2,2,1.0,0.0,0.0,5,0.0,0,True,1746968616.369637,right,False
1394,1746968622.5357609,173.039,1.80846,3.72782,0.0795898,0.0897536,5296.42,5,28.618,958.098,983.063,49.625,2,2,1.0,0.0,0.0,5,0.0,0,True,1746968616.369637,right,False
1395,1746968622.555097,173.106,1.78827,3.87168,0.0738749,0.0928285,5298.26,5,28.64,959.157,984.121,49.6247,2,2,1.0,0.0,0.0,5,0.0,0,True,1746968616.369637,right,False
1396,1746968622.57705,173.172,1.77071,4.00564,0.0679586,0.0959048,5300.62,5,28.662,960.215,985.18,49.6243,2,2,1.0,0.0,0.1,5,0.0,0,True,1746968616.369637,right,False
1397,1746968622.5992727,173.237,1.75444,4.14686,0.061794,0.0989811,5303.12,5,28.684,961.273,986.238,49.624,2,2,1.0,0.0,0.1,5,0.0,0,True,1746968616.369637,right,False
1398,1746968622.6219676,173.286,1.91429,4.27891,0.0554708,0.101084,5308.94,5,28.706,962.331,987.295,49.6237,2,2,1.0,0.0,0.1,5,0.0,0,True,1746968616.369637,right,False
1399,1746968622.6423333,173.334,1.727,4.38688,0.0490784,0.100652,5315.36,5,28.728,963.388,988.353,49.6233,2,2,1.0,0.0,0.1,5,0.0,0,True,1746968616.369637,right,False
1400,1746968622.6656644,173.385,1.17061,4.48214,0.042631,0.0980055,5321.9,5,28.75,964.446,989.41,49.623,2,2,1.0,0.0,0.1,5,0.0,0,True,1746968616.369637,right,False
1401,1746968622.6876373,173.433,0.335635,4.54911,0.0361348,0.0935428,5329.52,5,28.772,965.503,990.468,49.6227,2,2,1.0,0.0,0.1,5,0.0,0,True,1746968616.369637,right,False
1402,1746968622.7103007,173.473,-0.700007,4.58831,0.0296143,0.0876362,5339.07,5,28.794,966.56,991.525,49.6223,2,2,1.0,0.0,0.1,5,0.0,0,True,1746968616.369637,right,False
1403,1746968622.7327886,173.501,-1.86566,4.60153,0.0230916,0.0806556,5350.19,5,28.816,967.617,992.582,49.622,2,2,1.0,0.0,0.1,5,0.0,0,True,1746968616.369637,right,False
1404,1746968622.7530248,173.514,-3.10802,4.59291,0.0166016,0.072916,5364.19,5,28.838,968.674,993.639,49.6217,2,2,1.0,0.0,0.1,5,0.0,0,True,1746968616.369637,right,False
1405,1746968622.7781084,173.51,-4.37642,4.56659,0.0101522,0.064713,5379.86,5,28.86,969.731,994.696,49.6213,2,2,1.0,0.0,0.1,5,0.0,0,True,1746968616.369637,right,False
1406,1746968622.8068824,173.489,-5.64434,4.50836,0.00377808,0.056263,5399.19,5,28.882,970.788,995.753,49.621,2,2,1.0,0.0,0.1,5,0.0,0,True,1746968616.369637,right,False
1407,1746968622.8222506,173.451,-6.88417,4.43923,-0.00251058,0.0477388,5421.61,5,28.904,971.845,996.809,49.6206,2,2,1.0,0.0,0.1,5,0.0,0,True,1746968616.369637,right,False
1408,1746968622.8510356,173.398,-8.08717,4.3454,-0.00869141,0.0392504,5446.4,5,28.926,972.901,997.866,49.6203,2,2,1.0,0.0,0.1,5,0.0,0,True,1746968616.369637,right,False
1409,1746968622.8665967,173.334,-9.23997,4.24197,-0.0147583,0.0308597,5469.18,5,28.948,973.957,998.922,49.62,2,2,1.0,0.0,0.0,5,0.0,0,True,1746968616.369637,left,False
1410,1746968622.886455,173.26,-10.346,4.12582,-0.0206889,0.0225682,5488.91,5,28.97,975.013,999.978,49.6196,2,2,1.0,0.0,0.0,5,0.0,0,True,1746968616.369637,left,False
1411,1746968622.9187858,173.212,-11.4806,4.00777,-0.0265096,0.0147665,5491.26,5,28.992,976.069,1001.03,49.6193,2,2,1.0,0.0,0.0,5,0.0,0,True,1746968616.369637,left,False
1412,1746968622.931502,173.188,-12.4263,3.8916,-0.0322327,0.00810647,5475.93,5,29.014,977.125,1002.09,49.619,2,2,1.0,0.0,0.0,5,0.0,0,True,1746968616.369637,left,False
1413,1746968622.9514294,173.177,-13.1518,3.78638,-0.0378642,0.00243974,5449.45,5,29.036,978.181,1003.15,49.6186,2,2,1.0,0.0,0.0,5,0.0,0,True,1746968616.369637,left,False
1414,1746968622.9747014,173.172,-13.7096,3.67942,-0.0433757,-0.00241923,5424.13,5,29.058,979.237,1004.2,49.6183,2,2,1.0,0.0,0.0,5,0.0,0,True,1746968616.369637,left,False
1415,1746968622.995032,173.162,-14.1278,3.57871,-0.048761,-0.00660992,5411.51,5,29.08,980.293,1005.26,49.618,2,2,1.0,0.0,0.0,5,0.0,0,True,1746968616.369637,left,False
1416,1746968623.0183425,173.149,-14.4355,3.46399,-0.0539876,-0.0115006,5411.64,5,29.102,981.351,1006.32,49.6176,2,2,1.0,0.0,0.0,5,0.0,0,True,1746968616.369637,left,False
1417,1746968623.040003,173.142,-14.6363,3.34203,-0.0589437,-0.0165451,5414.31,5,29.124,982.409,1007.37,49.6173,2,2,1.0,0.0,0.0,5,0.0,0,True,1746968616.369637,left,False
1418,1746968623.060669,173.138,-14.7424,3.19665,-0.0636271,-0.0209744,5424.5,5,29.146,983.467,1008.43,49.617,2,2,1.0,0.0,0.0,5,0.0,0,True,1746968616.369637,left,False
1419,1746968623.0849419,173.142,-14.7573,3.04319,-0.0680339,-0.0248349,5435.63,5,29.168,984.525,1009.49,49.6166,2,2,1.0,0.0,0.0,5,0.0,0,True,1746968616.369637,left,False
1420,1746968623.1074903,173.155,-14.6992,2.86945,-0.072172,-0.0281632,5444.95,5,29.19,985.584,1010.55,49.6163,2,2,1.0,0.0,0.0,5,0.0,0,True,1746968616.369637,left,False
1421,1746968623.128755,173.177,-14.5569,2.68794,-0.0760579,-0.0309625,5455.31,5,29.212,986.643,1011.61,49.6159,2,2,1.0,0.0,0.0,5,0.0,0,True,1746968616.369637,left,False
1422,1746968623.1490114,173.207,-14.341,2.50143,-0.0796794,-0.033252,5465.15,5,29.234,987.702,1012.67,49.6156,2,2,1.0,0.0,0.0,5,0.0,0,True,1746968616.369637,left,False
1423,1746968623.1728902,173.249,-14.0483,2.30833,-0.0830526,-0.0350339,5471.61,5,29.256,988.761,1013.73,49.6153,2,2,1.0,0.0,0.0,5,0.0,0,True,1746968616.369637,left,False
1424,1746968623.1933284,173.3,-13.6808,2.1129,-0.0861776,-0.0363092,5476.12,5,29.278,989.82,1014.79,49.6149,2,2,1.0,0.0,0.0,5,0.0,0,True,1746968616.369637,left,False
1425,1746968623.2143912,173.363,-13.2312,1.92515,-0.0890584,-0.0370746,5476.58,5,29.3,990.88,1015.84,49.6146,2,2,1.0,0.0,0.0,5,0.0,0,True,1746968616.369637,left,False
1426,1746968623.2358093,173.436,-12.7169,1.73485,-0.0917033,-0.0373712,5472.64,5,29.322,991.94,1016.9,49.6143,2,2,1.0,0.0,0.0,5,0.0,0,True,1746968616.369637,left,False
1427,1746968623.260172,173.52,-12.137,1.55088,-0.0941203,-0.0372183,5464.39,5,29.344,993,1017.96,49.6139,2,2,1.0,0.0,0.0,5,0.0,0,True,1746968616.369637,left,False
1428,1746968623.2809641,173.605,-11.4998,1.37011,-0.0963135,-0.036648,5460.29,5,29.366,994.061,1019.03,49.6136,2,2,1.0,0.0,0.0,5,0.0,0,True,1746968616.369637,left,False
1429,1746968623.3046272,173.701,-10.8092,1.19975,-0.0982829,-0.035666,5449.61,5,29.388,995.121,1020.09,49.6133,2,2,1.0,0.0,0.0,5,0.0,0,True,1746968616.369637,left,False
1430,1746968623.3248622,173.8,-10.0768,1.03406,-0.100045,-0.0343139,5440.15,5,29.41,996.183,1021.15,49.6129,2,2,1.0,0.0,0.0,5,0.0,0,True,1746968616.369637,left,False
1431,1746968623.348586,173.901,-9.31066,0.875873,-0.101603,-0.0326269,5431.23,5,29.432,997.244,1022.21,49.6126,2,2,1.0,0.0,0.0,5,0.0,0,True,1746968616.369637,left,False
1432,1746968623.369396,174.003,-8.51925,0.72974,-0.102974,-0.0306473,5423.39,5,29.454,998.306,1023.27,49.6123,2,2,1.0,0.0,0.0,5,0.0,0,True,1746968616.369637,left,False
1433,1746968623.3917453,174.108,-7.71472,0.594049,-0.104171,-0.0284171,5415.08,5,29.476,999.369,1024.33,49.6119,2,2,1.0,0.0,0.0,5,0.0,0,True,1746968616.369637,left,False
1434,1746968623.4151835,174.214,-6.9039,0.478212,-0.105196,-0.0259812,5404.29,5,29.498,1000.43,1025.4,49.6116,2,2,1.0,0.0,0.0,5,0.0,0,True,1746968616.369637,left,False
1435,1746968623.4361477,174.315,-6.10371,0.360434,-0.106071,-0.0233667,5399.32,5,29.52,1001.49,1026.46,49.6112,2,2,1.0,0.0,0.0,5,0.0,0,True,1746968616.369637,left,False
1436,1746968623.456552,174.417,-5.31293,0.263434,-0.10682,-0.0206122,5392.89,5,29.542,1002.56,1027.52,49.6109,2,2,1.0,0.0,0.0,5,0.0,0,True,1746968616.369637,left,False
1437,1746968623.4818273,174.517,-4.54761,0.170715,-0.107446,-0.0177712,5388.71,5,29.564,1003.62,1028.59,49.6106,2,2,1.0,0.0,0.0,5,0.0,0,True,1746968616.369637,left,False
1438,1746968623.5036755,174.615,-3.81391,0.103267,-0.107967,-0.0148797,5382.56,5,29.586,1004.69,1029.65,49.6102,2,2,1.0,0.0,0.0,5,0.0,0,True,1746968616.369637,left,False
1439,1746968623.5251572,174.711,-3.12036,0.0389099,-0.108403,-0.0119772,5380.5,5,29.608,1005.75,1030.72,49.6099,2,2,1.0,0.0,0.0,5,0.0,0,True,1746968616.369637,left,False
1440,1746968623.5448654,174.803,-2.47069,-0.00568343,-0.108773,-0.009094,5379.47,5,29.63,1006.82,1031.78,49.6096,2,2,1.0,0.0,0.0,5,0.0,0,True,1746968616.369637,left,False
1441,1746968623.5676837,174.893,-1.86849,-0.0343906,-0.109094,-0.00625134,5378,5,29.652,1007.88,1032.85,49.6092,2,2,1.0,0.0,0.0,5,0.0,0,True,1746968616.369637,left,False
1442,1746968623.5885553,174.982,-1.31723,-0.0623794,-0.109383,-0.00347996,5377.57,5,29.674,1008.95,1033.92,49.6089,2,2,1.0,0.0,0.0,5,0.0,0,True,1746968616.369637,left,False
1443,1746968623.6130095,175.068,-0.817256,-0.0674673,-0.109652,-0.000797749,5377.7,5,29.696,1010.02,1034.98,49.6086,2,2,1.0,0.0,0.0,5,0.0,0,True,1746968616.369637,left,False
1444,1746968623.6342964,175.153,-0.368952,-0.0693945,-0.109916,0.00178123,5377.96,5,29.718,1011.09,1036.05,49.6082,2,2,1.0,0.0,0.0,5,0.0,0,True,1746968616.369637,left,False
1445,1746968623.65628,175.238,0.0293458,-0.0477055,-0.110189,0.00424933,5377.68,5,29.74,1012.15,1037.12,49.6079,2,2,1.0,0.0,0.0,5,0.0,0,True,1746968616.369637,left,False
1446,1746968623.676075,175.32,0.379016,-0.0228442,-0.110486,0.00659871,5379.56,5,29.762,1013.22,1038.19,49.6076,2,2,1.0,0.0,0.0,5,0.0,0,True,1746968616.369637,left,False
1447,1746968623.6984081,175.401,0.682597,0.0180221,-0.110803,0.00882554,5381.32,5,29.784,1014.29,1039.26,49.6072,2,2,1.0,0.0,0.0,5,0.0,0,True,1746968616.369637,left,False
1448,1746968623.720449,175.482,0.942971,0.0573146,-0.111169,0.0109293,5383.75,5,29.806,1015.36,1040.33,49.6069,2,2,1.0,0.0,0.0,5,0.0,0,True,1746968616.369637,left,False
1449,1746968623.742006,175.562,1.16297,0.112296,-0.111597,0.0129106,5385.38,5,29.828,1016.43,1041.4,49.6065,2,2,1.0,0.0,0.0,5,0.0,0,True,1746968616.369637,left,False
1450,1746968623.7658205,175.641,1.34666,0.170644,-0.112073,0.0147741,5386.78,5,29.85,1017.5,1042.47,49.6062,2,2,1.0,0.0,0.0,5,0.0,0,True,1746968616.369637,left,False
1451,1746968623.7865374,175.72,1.49721,0.23585,-0.112598,0.0165255,5389.33,5,29.872,1018.57,1043.54,49.6059,2,2,1.0,0.0,0.0,5,0.0,0,True,1746968616.369637,left,False
1452,1746968623.8097653,175.799,1.61878,0.302339,-0.113204,0.0181737,5390.14,5,29.894,1019.65,1044.61,49.6055,2,2,1.0,0.0,0.0,5,0.0,0,True,1746968616.369637,left,False
1453,1746968623.8322031,175.878,1.71513,0.367384,-0.113879,0.0197284,5393.02,5,29.916,1020.72,1045.68,49.6052,2,2,1.0,0.0,0.0,5,0.0,0,True,1746968616.369637,left,False
1454,1746968623.8542817,175.956,1.78952,0.437421,-0.11464,0.0211978,5394.52,5,29.938,1021.79,1046.76,49.6049,2,2,1.0,0.0,0.0,5,0.0,0,True,1746968616.369637,left,False
1455,1746968623.8744137,176.034,1.8457,0.505819,-0.115483,0.022594,5397.53,5,29.96,1022.86,1047.83,49.6045,2,2,1.0,0.0,0.0,5,0.0,0,True,1746968616.369637,left,False
1456,1746968623.897658,176.112,1.8866,0.580021,-0.116398,0.0239251,5399.57,5,29.982,1023.94,1048.9,49.6042,2,2,1.0,0.0,0.0,5,0.0,0,True,1746968616.369637,left,False
1457,1746968623.9206433,176.19,1.91446,0.64817,-0.117407,0.0251989,5401.38,5,30.004,1025.01,1049.98,49.6039,2,2,1.0,0.0,0.0,5,0.0,0,True,1746968616.369637,left,False
1458,1746968623.9400299,176.266,1.93264,0.714481,-0.118494,0.0264263,5404.86,5,30.026,1026.09,1051.05,49.6035,2,2,1.0,0.0,0.0,5,0.0,0,True,1746968616.369637,left,False
1459,1746968623.9654481,176.344,1.94195,0.786135,-0.119657,0.0276101,5406.04,5,30.048,1027.16,1052.13,49.6032,2,2,1.0,0.0,0.0,5,0.0,0,True,1746968616.369637,left,False
1460,1746968623.9867067,176.421,1.94514,0.849536,-0.120907,0.0287597,5408.54,5,30.07,1028.24,1053.2,49.6029,2,2,1.0,0.0,0.0,5,0.0,0,True,1746968616.369637,right,False
1461,1746968624.0086477,176.497,1.94281,0.914199,-0.122241,0.02988,5411.17,5,30.092,1029.31,1054.28,49.6025,2,2,1.0,0.0,0.0,5,0.0,0,True,1746968616.369637,right,False
1462,1746968624.0284648,176.573,1.93695,0.972658,-0.123653,0.0309761,5413.66,5,30.114,1030.39,1055.35,49.6022,2,2,1.0,0.0,0.0,5,0.0,0,True,1746968616.369637,right,False
1463,1746968624.0511644,176.65,1.92809,1.03205,-0.125159,0.0320511,5415.65,5,30.136,1031.46,1056.43,49.6018,2,2,1.0,0.0,0.0,5,0.0,0,True,1746968616.369637,right,False
1464,1746968624.0737686,176.725,1.91694,1.09115,-0.126733,0.0331075,5418.53,5,30.158,1032.54,1057.51,49.6015,2,2,1.0,0.0,0.0,5,0.0,0,True,1746968616.369637,right,False
1465,1746968624.0975094,176.801,1.90489,1.1413,-0.128357,0.0341496,5421.25,5,30.18,1033.62,1058.58,49.6012,2,2,1.0,0.0,0.0,5,0.0,0,True,1746968616.369637,right,False
1466,1746968624.1162233,176.876,1.89186,1.18387,-0.13007,0.0351794,5424.13,5,30.202,1034.7,1059.66,49.6008,2,2,1.0,0.0,0.0,5,0.0,0,True,1746968616.369637,right,False
1467,1746968624.138683,176.95,1.87749,1.23651,-0.13186,0.0361998,5426.85,5,30.224,1035.77,1060.74,49.6005,2,2,1.0,0.0,0.0,5,0.0,0,True,1746968616.369637,right,False
1468,1746968624.1628294,177.026,1.86257,1.28665,-0.133736,0.0372088,5427.82,5,30.246,1036.85,1061.82,49.6002,2,2,1.0,0.0,0.0,5,0.0,0,True,1746968616.369637,right,False
1469,1746968624.182309,177.101,1.84752,1.3341,-0.135697,0.0382113,5430.36,5,30.268,1037.93,1062.9,49.5998,2,2,1.0,0.0,0.0,5,0.0,0,True,1746968616.369637,right,False
1470,1746968624.206652,177.175,1.83266,1.37867,-0.13774,0.0392072,5432.92,5,30.29,1039.01,1063.97,49.5995,2,2,1.0,0.0,0.0,5,0.0,0,True,1746968616.369637,right,False
1471,1746968624.2259374,177.249,1.81761,1.42304,-0.139868,0.0401974,5435.4,5,30.312,1040.09,1065.05,49.5992,2,2,1.0,0.0,0.0,5,0.0,0,True,1746968616.369637,right,False
1472,1746968624.2483885,177.323,1.8025,1.47483,-0.142074,0.0411839,5436.87,5,30.334,1041.17,1066.13,49.5988,2,2,1.0,0.0,0.0,5,0.0,0,True,1746968616.369637,right,False
1473,1746968624.2706347,177.397,1.78789,1.53065,-0.144364,0.0421705,5439.19,5,30.356,1042.25,1067.21,49.5985,2,2,1.0,0.0,0.0,5,0.0,0,True,1746968616.369637,right,False
1474,1746968624.2946796,177.471,1.77429,1.58502,-0.146741,0.0431583,5441.14,5,30.378,1043.33,1068.29,49.5982,2,2,1.0,0.0,0.0,5,0.0,0,True,1746968616.369637,right,False
1475,1746968624.3144479,177.544,1.76195,1.63707,-0.14917,0.0441432,5443.7,5,30.4,1044.41,1069.38,49.5978,2,2,1.0,0.0,0.0,5,0.0,0,True,1746968616.369637,right,False
1476,1746968624.3382382,177.616,1.7499,1.68548,-0.151672,0.0451252,5446.06,5,30.422,1045.49,1070.46,49.5975,2,2,1.0,0.0,0.0,5,0.0,0,True,1746968616.369637,right,False
1477,1746968624.3590486,177.689,1.73874,1.73257,-0.15426,0.0461071,5448.75,5,30.444,1046.57,1071.54,49.5971,2,2,1.0,0.0,0.0,5,0.0,0,True,1746968616.369637,right,False
1478,1746968624.3808205,177.762,1.72835,1.78357,-0.15693,0.0470898,5450.79,5,30.466,1047.66,1072.62,49.5968,2,2,1.0,0.0,0.0,5,0.0,0,True,1746968616.369637,right,False
1479,1746968624.403076,177.833,1.7183,1.8356,-0.159684,0.0480735,5453.43,5,30.488,1048.74,1073.7,49.5965,2,2,1.0,0.0,0.0,5,0.0,0,True,1746968616.369637,right,False
1480,1746968624.4242332,177.905,1.71032,1.88047,-0.16252,0.0490603,5455.16,5,30.51,1049.82,1074.79,49.5961,2,2,1.0,0.0,0.0,5,0.0,0,True,1746968616.369637,right,False
1481,1746968624.4460528,177.977,1.7029,1.92432,-0.165401,0.0500493,5458.05,5,30.532,1050.9,1075.87,49.5958,2,2,1.0,0.0,0.0,5,0.0,0,True,1746968616.369637,right,False
1482,1746968624.4700584,178.049,1.69651,1.97267,-0.168368,0.0510409,5459.83,5,30.554,1051.99,1076.95,49.5955,2,2,1.0,0.0,0.0,5,0.0,0,True,1746968616.369637,right,False
1483,1746968624.4919133,178.12,1.69072,2.02111,-0.171415,0.0520341,5461.75,5,30.576,1053.07,1078.04,49.5951,2,2,1.0,0.0,0.0,5,0.0,0,True,1746968616.369637,right,False
1484,1746968624.5129826,178.19,1.68547,2.0681,-0.174552,0.0530295,5464.49,5,30.598,1054.15,1079.12,49.5948,2,2,1.0,0.0,0.0,5,0.0,0,True,1746968616.369637,right,False
1485,1746968624.5341556,178.261,1.68058,2.12674,-0.177763,0.0540278,5465.44,5,30.62,1055.24,1080.2,49.5945,2,2,1.0,0.0,0.0,5,0.0,0,True,1746968616.369637,right,False
1486,1746968624.5563402,178.332,1.67668,2.17477,-0.181026,0.0550268,5468.17,5,30.642,1056.32,1081.29,49.5941,2,2,1.0,0.0,0.0,5,0.0,0,True,1746968616.369637,right,False
1487,1746968624.5781634,178.401,1.67355,2.21877,-0.184371,0.0560286,5471.17,5,30.664,1057.41,1082.37,49.5938,2,2,1.0,0.0,0.0,5,0.0,0,True,1746968616.369637,right,False
1488,1746968624.599907,178.472,1.66998,2.2748,-0.187805,0.0570309,5472.31,5,30.686,1058.49,1083.46,49.5935,2,2,1.0,0.0,0.0,5,0.0,0,True,1746968616.369637,right,False
1489,1746968624.6237373,178.541,1.66765,2.32593,-0.191325,0.0580361,5474.79,5,30.708,1059.58,1084.54,49.5931,2,2,1.0,0.0,0.0,5,0.0,0,True,1746968616.369637,right,False
1490,1746968624.6467407,178.611,1.66536,2.37188,-0.194897,0.0590413,5476.83,5,30.73,1060.66,1085.63,49.5928,2,2,1.0,0.0,0.0,5,0.0,0,True,1746968616.369637,right,False
1491,1746968624.6673095,178.68,1.66316,2.42052,-0.198547,0.0600467,5479,5,30.752,1061.75,1086.72,49.5924,2,2,1.0,0.0,0.0,5,0.0,0,True,1746968616.369637,right,False
1492,1746968624.690589,178.749,1.66116,2.4726,-0.202279,0.0610518,5480.46,5,30.774,1062.84,1087.8,49.5921,2,2,1.0,0.0,0.0,5,0.0,0,True,1746968616.369637,right,False
1493,1746968624.71255,178.817,1.65956,2.52361,-0.206099,0.0620604,5482.94,5,30.796,1063.92,1088.89,49.5918,2,2,1.0,0.0,0.0,5,0.0,0,True,1746968616.369637,right,False
1494,1746968624.736366,178.885,1.65767,2.57562,-0.209977,0.0630679,5485.07,5,30.818,1065.01,1089.97,49.5914,2,2,1.0,0.0,0.0,5,0.0,0,True,1746968616.369637,right,False
1495,1746968624.7568803,178.953,1.65673,2.62607,-0.213932,0.0640771,5487.46,5,30.84,1066.1,1091.06,49.5911,2,2,1.0,0.0,0.1,5,0.0,0,True,1746968616.369637,right,False
1496,1746968624.7781494,179.021,1.65564,2.67231,-0.217969,0.0650873,5489.64,5,30.862,1067.18,1092.15,49.5908,2,2,1.0,0.0,0.1,5,0.0,0,True,1746968616.369637,right,False
1497,1746968624.8007274,179.074,1.81225,2.71842,-0.22203,0.0652001,5494.7,5,30.884,1068.27,1093.24,49.5904,2,2,1.0,0.0,0.1,5,0.0,0,True,1746968616.369637,right,False
1498,1746968624.823236,179.125,1.63006,2.74311,-0.226017,0.0629718,5502.53,5,30.906,1069.36,1094.32,49.5901,2,2,1.0,0.0,0.1,5,0.0,0,True,1746968616.369637,right,False
1499,1746968624.8424363,179.178,1.0898,2.74728,-0.229936,0.0586786,5510.95,5,30.928,1070.45,1095.41,49.5898,2,2,1.0,0.0,0.1,5,0.0,0,True,1746968616.369637,right,False
1500,1746968624.8650627,179.23,0.272898,2.73281,-0.233761,0.0526731,5519.69,5,30.95,1071.54,1096.5,49.5894,2,2,1.0,0.0,0.1,5,0.0,0,True,1746968616.369637,right,False
1501,1746968624.886134,179.274,-0.74931,2.68655,-0.237484,0.0452921,5530.71,5,30.972,1072.63,1097.59,49.5891,2,2,1.0,0.0,0.1,5,0.0,0,True,1746968616.369637,right,False
1502,1746968624.9085183,179.307,-1.9102,2.62197,-0.241081,0.0368695,5543.91,5,30.994,1073.71,1098.68,49.5888,2,2,1.0,0.0,0.1,5,0.0,0,True,1746968616.369637,right,False
1503,1746968624.9315379,179.325,-3.15572,2.53454,-0.244523,0.0277102,5559.73,5,31.016,1074.8,1099.77,49.5884,2,2,1.0,0.0,0.1,5,0.0,0,True,1746968616.369637,right,False
1504,1746968624.955775,179.327,-4.4434,2.4184,-0.247807,0.0180764,5579.58,5,31.038,1075.89,1100.86,49.5881,2,2,1.0,0.0,0.1,5,0.0,0,True,1746968616.369637,right,False
1505,1746968624.9745924,179.312,-5.73298,2.29003,-0.250895,0.00818944,5602.81,5,31.06,1076.98,1101.95,49.5877,2,2,1.0,0.0,0.1,5,0.0,0,True,1746968616.369637,right,False
1506,1746968624.9989488,179.28,-7.01004,2.13577,-0.25378,-0.0018065,5629.31,5,31.082,1078.07,1103.04,49.5874,2,2,1.0,0.0,0.1,5,0.0,0,True,1746968616.369637,right,False
1507,1746968625.0198283,179.235,-8.2487,1.97417,-0.256453,-0.0117934,5656.45,5,31.104,1079.16,1104.13,49.5871,2,2,1.0,0.0,0.1,5,0.0,0,True,1746968616.369637,right,False
1508,1746968625.0408878,179.175,-9.45735,1.79399,-0.258903,-0.0217378,5686.8,5,31.126,1080.25,1105.22,49.5867,2,2,1.0,0.0,0.1,5,0.0,0,True,1746968616.369637,right,False
1509,1746968625.064303,179.109,-10.6126,1.61175,-0.261104,-0.0315893,5710.7,5,31.148,1081.34,1106.31,49.5864,2,2,1.0,0.0,0.1,5,0.0,0,True,1746968616.369637,right,False
1510,1746968625.0867333,179.032,-11.7304,1.42088,-0.263057,-0.0413375,5733.27,5,31.17,1082.43,1107.4,49.5861,2,2,1.0,0.0,0.1,5,0.0,0,True,1746968616.369637,right,False
1511,1746968625.1082816,178.947,-12.8115,1.22369,-0.264742,-0.0509834,5755.71,5,31.192,1083.52,1108.49,49.5857,2,2,1.0,0.0,0.0,5,0.0,0,True,1746968616.369637,left,False
1512,1746968625.1284778,178.858,-13.8556,1.01926,-0.266154,-0.0605698,5772.2,5,31.214,1084.61,1109.58,49.5854,2,2,1.0,0.0,0.0,5,0.0,0,True,1746968616.369637,left,False
1513,1746968625.1508996,178.794,-14.9243,0.82015,-0.267314,-0.0698156,5770.59,5,31.236,1085.7,1110.67,49.5851,2,2,1.0,0.0,0.0,5,0.0,0,True,1746968616.369637,left,False
1514,1746968625.174664,178.755,-15.8402,0.624099,-0.268225,-0.078181,5752.64,5,31.258,1086.79,1111.76,49.5847,2,2,1.0,0.0,0.0,5,0.0,0,True,1746968616.369637,left,False
1515,1746968625.1950738,178.725,-16.5861,0.431153,-0.268892,-0.0857451,5731.64,5,31.28,1087.89,1112.85,49.5844,2,2,1.0,0.0,0.0,5,0.0,0,True,1746968616.369637,left,False
1516,1746968625.2190785,178.703,-17.185,0.244457,-0.269307,-0.0926349,5708.27,5,31.302,1088.98,1113.94,49.5841,2,2,1.0,0.0,0.0,5,0.0,0,True,1746968616.369637,left,False
1517,1746968625.2407744,178.686,-17.6486,0.0676334,-0.269438,-0.0989146,5687.35,5,31.324,1090.07,1115.03,49.5837,2,2,1.0,0.0,0.0,5,0.0,0,True,1746968616.369637,left,False
1518,1746968625.2600517,178.671,-18.0048,-0.118241,-0.269299,-0.104623,5675.12,5,31.346,1091.16,1116.12,49.5834,2,2,1.0,0.0,0.0,5,0.0,0,True,1746968616.369637,left,False
1519,1746968625.2844157,178.655,-18.2634,-0.311563,-0.268884,-0.109795,5674.9,5,31.368,1092.25,1117.21,49.583,2,2,1.0,0.0,0.0,5,0.0,0,True,1746968616.369637,left,False
1520,1746968625.305046,178.65,-18.4153,-0.489809,-0.268184,-0.114465,5671.42,5,31.39,1093.34,1118.31,49.5827,2,2,1.0,0.0,0.0,5,0.0,0,True,1746968616.369637,left,False
1521,1746968625.3285258,178.647,-18.4791,-0.675171,-0.267212,-0.118623,5676.68,5,31.412,1094.43,1119.4,49.5824,2,2,1.0,0.0,0.0,5,0.0,0,True,1746968616.369637,left,False
1522,1746968625.347914,178.654,-18.4541,-0.866383,-0.265946,-0.122267,5682.07,5,31.434,1095.52,1120.49,49.582,2,2,1.0,0.0,0.0,5,0.0,0,True,1746968616.369637,left,False
1523,1746968625.3706021,178.669,-18.3399,-1.05041,-0.264408,-0.125399,5691.16,5,31.456,1096.62,1121.58,49.5817,2,2,1.0,0.0,0.0,5,0.0,0,True,1746968616.369637,left,False
1524,1746968625.394073,178.694,-18.1444,-1.24835,-0.262585,-0.128022,5700.93,5,31.478,1097.71,1122.67,49.5814,2,2,1.0,0.0,0.0,5,0.0,0,True,1746968616.369637,left,False
1525,1746968625.414491,178.728,-17.8565,-1.43204,-0.260506,-0.130117,5711.98,5,31.5,1098.8,1123.76,49.581,2,2,1.0,0.0,0.0,5,0.0,0,True,1746968616.369637,left,False
1526,1746968625.4373882,178.775,-17.4861,-1.62751,-0.25813,-0.13169,5719.52,5,31.522,1099.89,1124.85,49.5807,2,2,1.0,0.0,0.0,5,0.0,0,True,1746968616.369637,left,False
1527,1746968625.4591992,178.833,-17.0272,-1.81547,-0.255497,-0.132719,5727.23,5,31.544,1100.98,1125.95,49.5804,2,2,1.0,0.0,0.0,5,0.0,0,True,1746968616.369637,left,False
1528,1746968625.4799197,178.903,-16.4836,-2.00585,-0.252596,-0.133202,5733.89,5,31.566,1102.07,1127.04,49.58,2,2,1.0,0.0,0.0,5,0.0,0,True,1746968616.369637,left,False
1529,1746968625.5019858,178.987,-15.8517,-2.19039,-0.249434,-0.133149,5732.72,5,31.588,1103.16,1128.13,49.5797,2,2,1.0,0.0,0.0,5,0.0,0,True,1746968616.369637,left,False
1530,1746968625.5252452,179.082,-15.1399,-2.37034,-0.246021,-0.13256,5730.91,5,31.61,1104.26,1129.22,49.5794,2,2,1.0,0.0,0.0,5,0.0,0,True,1746968616.369637,left,False
1531,1746968625.548422,179.195,-14.334,-2.54036,-0.242354,-0.131394,5716.5,5,31.632,1105.35,1130.31,49.579,2,2,1.0,0.0,0.0,5,0.0,0,True,1746968616.369637,left,False
1532,1746968625.5692685,179.315,-13.4613,-2.70823,-0.238444,-0.129714,5702.53,5,31.654,1106.44,1131.4,49.5787,2,2,1.0,0.0,0.0,5,0.0,0,True,1746968616.369637,left,False
1533,1746968625.5913303,179.439,-12.525,-2.87461,-0.234294,-0.127564,5692.26,5,31.676,1107.53,1132.5,49.5783,2,2,1.0,0.0,0.0,5,0.0,0,True,1746968616.369637,left,False
1534,1746968625.6146762,179.571,-11.5424,-3.02979,-0.229919,-0.124996,5675.41,5,31.698,1108.62,1133.59,49.578,2,2,1.0,0.0,0.0,5,0.0,0,True,1746968616.369637,left,False
1535,1746968625.6339796,179.707,-10.5181,-3.17857,-0.225338,-0.122046,5658.01,5,31.72,1109.72,1134.68,49.5777,2,2,1.0,0.0,0.0,5,0.0,0,True,1746968616.369637,left,False
1536,1746968625.6566153,179.844,-9.47222,-3.32432,-0.220553,-0.11878,5639.87,5,31.742,1110.81,1135.77,49.5773,2,2,1.0,0.0,0.0,5,0.0,0,True,1746968616.369637,left,False
1537,1746968625.6813135,179.981,-8.41295,-3.45339,-0.21558,-0.115249,5618.93,5,31.764,1111.9,1136.87,49.577,2,2,1.0,0.0,0.0,5,0.0,0,True,1746968616.369637,left,False
1538,1746968625.700498,180.115,-7.3615,-3.57699,-0.210445,-0.111523,5604.35,5,31.786,1113,1137.96,49.5767,2,2,1.0,0.0,0.0,5,0.0,0,True,1746968616.369637,left,False
1539,1746968625.7226062,180.245,-6.32872,-3.68467,-0.205164,-0.107664,5589.45,5,31.808,1114.09,1139.05,49.5763,2,2,1.0,0.0,0.0,5,0.0,0,True,1746968616.369637,left,False
1540,1746968625.7442555,180.37,-5.33266,-3.78622,-0.199748,-0.103737,5580.73,5,31.83,1115.19,1140.15,49.576,2,2,1.0,0.0,0.0,5,0.0,0,True,1746968616.369637,left,False
1541,1746968625.7684283,180.488,-4.38358,-3.87075,-0.194218,-0.099802,5573.88,5,31.852,1116.28,1141.25,49.5757,2,2,1.0,0.0,0.0,5,0.0,0,True,1746968616.369637,left,False
1542,1746968625.7907603,180.603,-3.49081,-3.93986,-0.188603,-0.095906,5566.7,5,31.874,1117.38,1142.34,49.5753,2,2,1.0,0.0,0.0,5,0.0,0,True,1746968616.369637,left,False
1543,1746968625.8103273,180.713,-2.66337,-3.99889,-0.182922,-0.0920947,5563.72,5,31.896,1118.47,1143.44,49.575,2,2,1.0,0.0,0.0,5,0.0,0,True,1746968616.369637,left,False
1544,1746968625.833805,180.819,-1.90456,-4.03589,-0.177185,-0.0883992,5560.02,5,31.918,1119.57,1144.54,49.5747,2,2,1.0,0.0,0.0,5,0.0,0,True,1746968616.369637,left,False
1545,1746968625.8546245,180.921,-1.21769,-4.05626,-0.171423,-0.0848477,5558.92,5,31.94,1120.67,1145.63,49.5743,2,2,1.0,0.0,0.0,5,0.0,0,True,1746968616.369637,left,False
1546,1746968625.876279,181.021,-0.603511,-4.06557,-0.165653,-0.0814583,5558.61,5,31.962,1121.77,1146.73,49.574,2,2,1.0,0.0,0.0,5,0.0,0,True,1746968616.369637,left,False
1547,1746968625.8991008,181.118,-0.0606889,-4.05362,-0.159884,-0.0782435,5557.99,5,31.984,1122.87,1147.83,49.5736,2,2,1.0,0.0,0.0,5,0.0,0,True,1746968616.369637,left,False
1548,1746968625.9228017,181.213,0.41262,-4.03539,-0.154138,-0.0752134,5559.65,5,32.006,1123.97,1148.93,49.5733,2,2,1.0,0.0,0.0,5,0.0,0,True,1746968616.369637,left,False
1549,1746968625.9402955,181.297,0.785817,-4.00999,-0.148946,-0.0726206,5562.2,5,32.026,1124.97,1149.93,49.573,2,2,1.0,0.0,0.0,5,0.0,0,True,1746968616.369637,left,False
1550,1746968625.9629757,181.381,1.10718,-3.9645,-0.143799,-0.0701818,5562.75,5,32.046,1125.97,1150.93,49.5727,2,2,1.0,0.0,0.0,5,0.0,0,True,1746968616.369637,left,False
1551,1746968625.981256,181.464,1.3806,-3.91577,-0.138692,-0.0678964,5564.69,5,32.066,1126.97,1151.94,49.5724,2,2,1.0,0.0,0.0,5,0.0,0,True,1746968616.369637,left,False
1552,1746968626.0010517,181.547,1.60884,-3.8587,-0.133651,-0.0657594,5566.25,5,32.086,1127.97,1152.94,49.5721,2,2,1.0,0.0,0.0,5,0.0,0,True,1746968616.369637,left,False
1553,1746968626.020132,181.629,1.79713,-3.79259,-0.128654,-0.0637639,5568.01,5,32.106,1128.98,1153.94,49.5718,2,2,1.0,0.0,0.0,5,0.0,0,True,1746968616.369637,left,False
1554,1746968626.0441952,181.711,1.94854,-3.72484,-0.123726,-0.061903,5570.46,5,32.126,1129.98,1154.95,49.5715,2,2,1.0,0.0,0.0,5,0.0,0,True,1746968616.369637,left,False
1555,1746968626.0603309,181.792,2.06701,-3.65197,-0.11888,-0.0601707,5573.37,5,32.146,1130.99,1155.95,49.5712,2,2,1.0,0.0,0.0,5,0.0,0,True,1746968616.369637,left,False
1556,1746968626.0806901,181.873,2.15635,-3.574,-0.114107,-0.0585554,5573.92,5,32.166,1131.99,1156.96,49.5709,2,2,1.0,0.0,0.0,5,0.0,0,True,1746968616.369637,right,False
1557,1746968626.1005368,181.954,2.22047,-3.49294,-0.109412,-0.0570445,5577.06,5,32.186,1133,1157.96,49.5706,2,2,1.0,0.0,0.0,5,0.0,0,True,1746968616.369637,right,False
1558,1746968626.1204622,182.035,2.26416,-3.41976,-0.104797,-0.0556273,5579.78,5,32.206,1134,1158.97,49.5703,2,2,1.0,0.0,0.0,5,0.0,0,True,1746968616.369637,right,False
1559,1746968626.1420674,182.116,2.28978,-3.33664,-0.100256,-0.054292,5581.09,5,32.226,1135.01,1159.98,49.57,2,2,1.0,0.0,0.0,5,0.0,0,True,1746968616.369637,right,False
1560,1746968626.1617763,182.196,2.30124,-3.25548,-0.0957926,-0.0530286,5583.65,5,32.246,1136.02,1160.98,49.5696,2,2,1.0,0.0,0.0,5,0.0,0,True,1746968616.369637,right,False
1561,1746968626.1808472,182.277,2.3012,-3.18187,-0.0914103,-0.0518262,5586.29,5,32.266,1137.03,1161.99,49.5693,2,2,1.0,0.0,0.0,5,0.0,0,True,1746968616.369637,right,False
1562,1746968626.199617,182.357,2.29218,-3.10771,-0.0871094,-0.0506771,5588.99,5,32.286,1138.04,1163,49.569,2,2,1.0,0.0,0.0,5,0.0,0,True,1746968616.369637,right,False
1563,1746968626.2230434,182.437,2.27526,-3.02937,-0.0828817,-0.0495722,5590.15,5,32.306,1139.05,1164.01,49.5687,2,2,1.0,0.0,0.0,5,0.0,0,True,1746968616.369637,right,False
1564,1746968626.241232,182.517,2.25376,-2.95995,-0.0787313,-0.0485046,5593.32,5,32.326,1140.06,1165.02,49.5684,2,2,1.0,0.0,0.0,5,0.0,0,True,1746968616.369637,right,False
1565,1746968626.2606285,182.596,2.22803,-2.89671,-0.0746663,-0.0474694,5596.58,5,32.346,1141.07,1166.03,49.5681,2,2,1.0,0.0,0.0,5,0.0,0,True,1746968616.369637,right,False
1566,1746968626.2805073,182.675,2.20038,-2.83403,-0.0706746,-0.0464566,5599.27,5,32.366,1142.08,1167.04,49.5678,2,2,1.0,0.0,0.0,5,0.0,0,True,1746968616.369637,right,False
1567,1746968626.3034384,182.754,2.17002,-2.77047,-0.0667684,-0.0454681,5601.52,5,32.386,1143.09,1168.06,49.5675,2,2,1.0,0.0,0.0,5,0.0,0,True,1746968616.369637,right,False
1568,1746968626.3210034,182.833,2.13852,-2.71407,-0.0629354,-0.0444989,5604.12,5,32.406,1144.1,1169.07,49.5672,2,2,1.0,0.0,0.0,5,0.0,0,True,1746968616.369637,right,False
1569,1746968626.342389,182.912,2.10632,-2.6529,-0.0591797,-0.043546,5606.77,5,32.426,1145.12,1170.08,49.5669,2,2,1.0,0.0,0.0,5,0.0,0,True,1746968616.369637,right,False
1570,1746968626.3615701,182.991,2.07347,-2.59743,-0.0555094,-0.0426066,5608.64,5,32.446,1146.13,1171.1,49.5666,2,2,1.0,0.0,0.0,5,0.0,0,True,1746968616.369637,right,False
1571,1746968626.3809066,183.069,2.04187,-2.54664,-0.0518799,-0.0416772,5611.25,5,32.466,1147.15,1172.11,49.5663,2,2,1.0,0.0,0.0,5,0.0,0,True,1746968616.369637,right,False
1572,1746968626.4024503,183.147,2.01081,-2.49993,-0.0483276,-0.0407546,5614.66,5,32.486,1148.16,1173.13,49.566,2,2,1.0,0.0,0.0,5,0.0,0,True,1746968616.369637,right,False
1573,1746968626.4223807,183.224,1.98118,-2.45016,-0.0448568,-0.03984,5617.56,5,32.506,1149.18,1174.14,49.5657,2,2,1.0,0.0,0.0,5,0.0,0,True,1746968616.369637,right,False
1574,1746968626.4413824,183.302,1.95176,-2.41193,-0.0414632,-0.0389345,5620.04,5,32.526,1150.19,1175.16,49.5654,2,2,1.0,0.0,0.0,5,0.0,0,True,1746968616.369637,right,False
1575,1746968626.4619727,183.38,1.92351,-2.36155,-0.038147,-0.0380299,5622.43,5,32.546,1151.21,1176.17,49.5651,2,2,1.0,0.0,0.0,5,0.0,0,True,1746968616.369637,right,False
1576,1746968626.4819705,183.458,1.89542,-2.30494,-0.0348796,-0.0371265,5623.76,5,32.566,1152.23,1177.19,49.5648,2,2,1.0,0.0,0.0,5,0.0,0,True,1746968616.369637,right,False
1577,1746968626.5002465,183.535,1.87015,-2.26104,-0.0316854,-0.0362234,5627.12,5,32.586,1153.24,1178.21,49.5645,2,2,1.0,0.0,0.0,5,0.0,0,True,1746968616.369637,right,False
1578,1746968626.5206225,183.612,1.84712,-2.2105,-0.0285685,-0.0353165,5628.33,5,32.606,1154.26,1179.23,49.5642,2,2,1.0,0.0,0.0,5,0.0,0,True,1746968616.369637,right,False
1579,1746968626.5420556,183.688,1.82565,-2.16429,-0.025533,-0.0344055,5631.45,5,32.626,1155.28,1180.25,49.5639,2,2,1.0,0.0,0.0,5,0.0,0,True,1746968616.369637,right,False
1580,1746968626.5611405,183.765,1.80628,-2.11698,-0.0225464,-0.0334899,5632.93,5,32.646,1156.3,1181.26,49.5635,2,2,1.0,0.0,0.0,5,0.0,0,True,1746968616.369637,right,False
1581,1746968626.581692,183.841,1.78886,-2.07021,-0.019633,-0.0325723,5635.35,5,32.666,1157.32,1182.28,49.5632,2,2,1.0,0.0,0.0,5,0.0,0,True,1746968616.369637,right,False
1582,1746968626.600423,183.917,1.77283,-2.02183,-0.0168009,-0.0316508,5637.34,5,32.686,1158.34,1183.31,49.5629,2,2,1.0,0.0,0.0,5,0.0,0,True,1746968616.369637,right,False
1583,1746968626.6233156,183.993,1.75857,-1.97412,-0.0140137,-0.0307252,5640.47,5,32.706,1159.36,1184.33,49.5626,2,2,1.0,0.0,0.0,5,0.0,0,True,1746968616.369637,right,False
1584,1746968626.6422684,184.069,1.7458,-1.93057,-0.0113037,-0.0297959,5642.28,5,32.726,1160.38,1185.35,49.5623,2,2,1.0,0.0,0.0,5,0.0,0,True,1746968616.369637,right,False
1585,1746968626.6616507,184.144,1.73447,-1.8865,-0.00867106,-0.0288634,5644.65,5,32.746,1161.4,1186.37,49.562,2,2,1.0,0.0,0.0,5,0.0,0,True,1746968616.369637,right,False
1586,1746968626.6816525,184.219,1.72445,-1.84244,-0.00609131,-0.0279264,5647.52,5,32.766,1162.43,1187.39,49.5617,2,2,1.0,0.0,0.0,5,0.0,0,True,1746968616.369637,right,False
1587,1746968626.7010443,184.293,1.71555,-1.7948,-0.00358073,-0.0269864,5649.97,5,32.786,1163.45,1188.41,49.5614,2,2,1.0,0.0,0.0,5,0.0,0,True,1746968616.369637,right,False
1588,1746968626.7206259,184.368,1.70732,-1.74593,-0.00115153,-0.0260429,5651.49,5,32.806,1164.47,1189.44,49.5611,2,2,1.0,0.0,0.0,5,0.0,0,True,1746968616.369637,right,False
1589,1746968626.7426176,184.442,1.70002,-1.69703,0.00123291,-0.0250974,5654.17,5,32.826,1165.5,1190.46,49.5608,2,2,1.0,0.0,0.0,5,0.0,0,True,1746968616.369637,right,False
1590,1746968626.7621582,184.517,1.69361,-1.65039,0.00354004,-0.0241477,5656.09,5,32.846,1166.52,1191.49,49.5605,2,2,1.0,0.0,0.0,5,0.0,0,True,1746968616.369637,right,False
1591,1746968626.781209,184.591,1.68806,-1.59965,0.00577799,-0.0231946,5657.96,5,32.866,1167.55,1192.51,49.5602,2,2,1.0,0.0,0.0,5,0.0,0,True,1746968616.369637,right,False
1592,1746968626.8001668,184.664,1.68387,-1.5532,0.00795898,-0.0222397,5660.75,5,32.886,1168.57,1193.54,49.5599,2,2,1.0,0.0,0.0,5,0.0,0,True,1746968616.369637,right,False
1593,1746968626.8226318,184.738,1.67994,-1.50623,0.0100627,-0.021281,5663.37,5,32.906,1169.6,1194.56,49.5596,2,2,1.0,0.0,0.0,5,0.0,0,True,1746968616.369637,right,False
1594,1746968626.8415902,184.811,1.67616,-1.45678,0.0121134,-0.0203214,5664.72,5,32.926,1170.62,1195.59,49.5593,2,2,1.0,0.0,0.0,5,0.0,0,True,1746968616.369637,right,False
1595,1746968626.8599453,184.884,1.67331,-1.40964,0.014091,-0.0193582,5667.07,5,32.946,1171.65,1196.62,49.559,2,2,1.0,0.0,0.0,5,0.0,0,True,1746968616.369637,right,False
1596,1746968626.880911,184.957,1.67073,-1.35838,0.0159993,-0.0183921,5669.21,5,32.966,1172.68,1197.64,49.5587,2,2,1.0,0.0,0.0,5,0.0,0,True,1746968616.369637,right,False
1597,1746968626.902453,185.029,1.6688,-1.31354,0.0178467,-0.017426,5671.6,5,32.986,1173.71,1198.67,49.5584,2,2,1.0,0.0,0.0,5,0.0,0,True,1746968616.369637,right,False
1598,1746968626.9219024,185.102,1.66707,-1.25941,0.0196167,-0.0164559,5673.72,5,33.006,1174.73,1199.7,49.5581,2,2,1.0,0.0,0.0,5,0.0,0,True,1746968616.369637,right,False
1599,1746968626.9411874,185.173,1.66664,-1.22347,0.0213338,-0.0154843,5676.98,5,33.026,1175.76,1200.73,49.5577,2,2,1.0,0.0,0.0,5,0.0,0,True,1746968616.369637,right,False
1600,1746968626.9606044,185.246,1.66553,-1.16667,0.0229777,-0.0145082,5677.59,5,33.046,1176.79,1201.76,49.5574,2,2,1.0,0.0,0.0,5,0.0,0,True,1746968616.369637,right,False
1601,1746968626.9817543,185.317,1.6653,-1.11942,0.0245524,-0.0135324,5680.7,5,33.066,1177.82,1202.79,49.5571,2,2,1.0,0.0,0.0,5,0.0,0,True,1746968616.369637,right,False
1602,1746968627.0041234,185.388,1.66513,-1.07579,0.0260661,-0.0125554,5682.98,5,33.086,1178.85,1203.82,49.5568,2,2,1.0,0.0,0.0,5,0.0,0,True,1746968616.369637,right,False
1603,1746968627.0223312,185.46,1.66494,-1.0222,0.0275024,-0.011575,5684.3,5,33.106,1179.88,1204.85,49.5565,2,2,1.0,0.0,0.0,5,0.0,0,True,1746968616.369637,right,False
1604,1746968627.0425904,185.531,1.66546,-0.980414,0.02889,-0.0105944,5686.74,5,33.126,1180.91,1205.88,49.5562,2,2,1.0,0.0,0.0,5,0.0,0,True,1746968616.369637,right,False
1605,1746968627.0624511,185.602,1.66544,-0.932364,0.0301921,-0.0096128,5689.26,5,33.146,1181.95,1206.91,49.5559,2,2,1.0,0.0,0.0,5,0.0,0,True,1746968616.369637,right,False
1606,1746968627.082883,185.672,1.66574,-0.884974,0.0314412,-0.00862932,5691.27,5,33.166,1182.98,1207.94,49.5556,2,2,1.0,0.0,0.0,5,0.0,0,True,1746968616.369637,right,False
1607,1746968627.1017203,185.742,1.66648,-0.837938,0.0326131,-0.00764418,5694.23,5,33.186,1184.01,1208.97,49.5553,2,2,1.0,0.0,0.0,5,0.0,0,True,1746968616.369637,right,False
1608,1746968627.1227615,185.813,1.66588,-0.77915,0.0337158,-0.00666094,5695.08,5,33.206,1185.04,1210.01,49.555,2,2,1.0,0.0,0.0,5,0.0,0,True,1746968616.369637,right,False
1609,1746968627.1400826,185.882,1.66585,-0.732089,0.0347616,-0.00567675,5697.52,5,33.226,1186.08,1211.04,49.5547,2,2,1.0,0.0,0.0,5,0.0,0,True,1746968616.369637,right,False
1610,1746968627.1621566,185.952,1.66665,-0.681993,0.0357259,-0.0046885,5699.75,5,33.246,1187.11,1212.07,49.5544,2,2,1.0,0.0,0.0,5,0.0,0,True,1746968616.369637,right,False
1611,1746968627.1811688,186.021,1.66804,-0.636439,0.0366374,-0.0036974,5702.13,5,33.266,1188.14,1213.11,49.5541,2,2,1.0,0.0,0.0,5,0.0,0,True,1746968616.369637,right,False
1612,1746968627.2002206,186.09,1.66907,-0.584422,0.0374715,-0.0027051,5704.09,5,33.286,1189.18,1214.14,49.5538,2,2,1.0,0.0,0.0,5,0.0,0,True,1746968616.369637,right,False
1613,1746968627.2206798,186.16,1.66946,-0.534752,0.0382446,-0.00171232,5704.81,5,33.306,1190.21,1215.18,49.5535,2,2,1.0,0.0,0.0,5,0.0,0,True,1746968616.369637,right,False
1614,1746968627.241186,186.228,1.6708,-0.484962,0.0389486,-0.000720024,5708.57,5,33.326,1191.25,1216.21,49.5532,2,2,1.0,0.0,0.0,5,0.0,0,True,1746968616.369637,right,False
1615,1746968627.2600255,186.296,1.6714,-0.434415,0.0395752,0.000273466,5710.48,5,33.346,1192.28,1217.25,49.5529,2,2,1.0,0.0,0.0,5,0.0,0,True,1746968616.369637,right,False
1616,1746968627.2806873,186.365,1.67245,-0.386521,0.0401449,0.00126815,5712.23,5,33.366,1193.32,1218.28,49.5526,2,2,1.0,0.0,0.0,5,0.0,0,True,1746968616.369637,right,False
1617,1746968627.3012764,186.433,1.67311,-0.334347,0.0406331,0.00226283,5713.81,5,33.386,1194.36,1219.32,49.5523,2,2,1.0,0.0,0.0,5,0.0,0,True,1746968616.369637,right,False
1618,1746968627.323008,186.5,1.67409,-0.290322,0.0410685,0.00325799,5716.38,5,33.406,1195.39,1220.36,49.5519,2,2,1.0,0.0,0.0,5,0.0,0,True,1746968616.369637,right,False
1619,1746968627.342009,186.568,1.67466,-0.238854,0.0414266,0.00425291,5718.89,5,33.426,1196.43,1221.39,49.5516,2,2,1.0,0.0,0.0,5,0.0,0,True,1746968616.369637,right,False
1620,1746968627.3605614,186.634,1.67527,-0.188761,0.0417196,0.00524664,5721.73,5,33.446,1197.47,1222.43,49.5513,2,2,1.0,0.0,0.0,5,0.0,0,True,1746968616.369637,right,False
1621,1746968627.3803208,186.702,1.67517,-0.137704,0.0419393,0.00624228,5722.81,5,33.466,1198.51,1223.47,49.551,2,2,1.0,0.0,0.0,5,0.0,0,True,1746968616.369637,right,False
1622,1746968627.401834,186.768,1.67632,-0.0939576,0.0420939,0.0072372,5726.02,5,33.486,1199.54,1224.51,49.5507,2,2,1.0,0.0,0.0,5,0.0,0,True,1746968616.369637,right,False
1623,1746968627.4213755,186.834,1.67633,-0.0574067,0.0421753,0.00822663,5728.42,5,33.506,1200.58,1225.55,49.5504,2,2,1.0,0.0,0.0,5,0.0,0,True,1746968616.369637,right,False
1624,1746968627.4411836,186.902,1.67559,-0.00584872,0.0421875,0.00921559,5729.58,5,33.526,1201.62,1226.59,49.5501,2,2,1.0,0.0,0.0,5,0.0,0,True,1746968616.369637,right,False
1625,1746968627.4634,186.97,1.67321,0.0560997,0.0421427,0.0102048,5729.24,5,33.546,1202.66,1227.63,49.5498,2,2,1.0,0.0,0.0,5,0.0,0,True,1746968616.369637,right,False
1626,1746968627.48049,187.034,1.67154,0.114383,0.0420125,0.0111942,5732.84,5,33.566,1203.7,1228.67,49.5495,2,2,1.0,0.0,0.0,5,0.0,0,True,1746968616.369637,right,False
1627,1746968627.500528,187.1,1.67068,0.162229,0.0418254,0.0121851,5734.67,5,33.586,1204.74,1229.71,49.5492,2,2,1.0,0.0,0.0,5,0.0,0,True,1746968616.369637,right,False
1628,1746968627.5211282,187.166,1.67125,0.211373,0.0415609,0.0131831,5736.14,5,33.606,1205.78,1230.75,49.5489,2,2,1.0,0.0,0.0,5,0.0,0,True,1746968616.369637,right,False
1629,1746968627.5407205,187.231,1.67189,0.262502,0.0412313,0.0141828,5738.97,5,33.626,1206.82,1231.79,49.5486,2,2,1.0,0.0,0.0,5,0.0,0,True,1746968616.369637,right,False
1630,1746968627.5634422,187.297,1.67303,0.317005,0.0408285,0.015187,5739.91,5,33.646,1207.86,1232.83,49.5483,2,2,1.0,0.0,0.0,5,0.0,0,True,1746968616.369637,right,False
1631,1746968627.5799575,187.361,1.67461,0.359846,0.0403564,0.0161934,5743.01,5,33.666,1208.91,1233.87,49.548,2,2,1.0,0.0,0.0,5,0.0,0,True,1746968616.369637,right,False
1632,1746968627.6017492,187.425,1.67615,0.412471,0.0398275,0.0171988,5745.43,5,33.686,1209.95,1234.91,49.5477,2,2,1.0,0.0,0.0,5,0.0,0,True,1746968616.369637,right,False
1633,1746968627.6221967,187.49,1.67692,0.472373,0.039209,0.0182049,5746.36,5,33.706,1210.99,1235.95,49.5474,2,2,1.0,0.0,0.0,5,0.0,0,True,1746968616.369637,right,False
1634,1746968627.6407442,187.554,1.67829,0.521296,0.0385335,0.0192103,5748.53,5,33.726,1212.03,1237,49.5471,2,2,1.0,0.0,0.0,5,0.0,0,True,1746968616.369637,right,False
1635,1746968627.6605182,187.618,1.67904,0.568742,0.0377726,0.0202162,5750.26,5,33.746,1213.08,1238.04,49.5468,2,2,1.0,0.0,0.0,5,0.0,0,True,1746968616.369637,right,False
1636,1746968627.6799588,187.682,1.67991,0.614085,0.0369629,0.0212216,5752.47,5,33.766,1214.12,1239.08,49.5465,2,2,1.0,0.0,0.0,5,0.0,0,True,1746968616.369637,right,False
1637,1746968627.7026193,187.745,1.68043,0.665082,0.0360677,0.0222254,5754.77,5,33.786,1215.16,1240.13,49.5462,2,2,1.0,0.0,0.1,5,0.0,0,True,1746968616.369637,right,False
1638,1746968627.7203052,187.809,1.68016,0.715208,0.0351156,0.0232279,5756.2,5,33.806,1216.21,1241.17,49.5458,2,2,1.0,0.0,0.1,5,0.0,0,True,1746968616.369637,right,False
1639,1746968627.7414308,187.858,1.82966,0.759421,0.0341309,0.0235093,5761.35,5,33.826,1217.25,1242.22,49.5455,2,2,1.0,0.0,0.1,5,0.0,0,True,1746968616.369637,right,False
1640,1746968627.763253,187.905,1.69227,0.787237,0.0331909,0.0218294,5768.62,5,33.846,1218.3,1243.26,49.5452,2,2,1.0,0.0,0.1,5,0.0,0,True,1746968616.369637,right,False
1641,1746968627.7827132,187.954,1.22821,0.803571,0.0323079,0.0183682,5775.12,5,33.866,1219.34,1244.3,49.5449,2,2,1.0,0.0,0.1,5,0.0,0,True,1746968616.369637,right,False
1642,1746968627.8001566,188.002,0.499062,0.793472,0.031486,0.0133979,5784.35,5,33.886,1220.38,1245.35,49.5446,2,2,1.0,0.0,0.1,5,0.0,0,True,1746968616.369637,right,False
1643,1746968627.822421,188.045,-0.431112,0.768943,0.0307332,0.00717807,5793.28,5,33.906,1221.43,1246.39,49.5443,2,2,1.0,0.0,0.1,5,0.0,0,True,1746968616.369637,right,False
1644,1746968627.840375,188.08,-1.50892,0.725552,0.0300741,-3.98159e-005,5803.32,5,33.926,1222.48,1247.44,49.544,2,2,1.0,0.0,0.1,5,0.0,0,True,1746968616.369637,right,False
1645,1746968627.8631206,188.101,-2.69045,0.656592,0.0295247,-0.00800729,5816.96,5,33.946,1223.52,1248.49,49.5437,2,2,1.0,0.0,0.1,5,0.0,0,True,1746968616.369637,right,False
1646,1746968627.8800883,188.11,-3.92787,0.582727,0.0291016,-0.0165246,5830.69,5,33.966,1224.57,1249.53,49.5434,2,2,1.0,0.0,0.1,5,0.0,0,True,1746968616.369637,right,False
1647,1746968627.9033222,188.102,-5.19924,0.479776,0.0288167,-0.0253909,5849,5,33.986,1225.61,1250.58,49.5431,2,2,1.0,0.0,0.1,5,0.0,0,True,1746968616.369637,right,False
1648,1746968627.920486,188.08,-6.46876,0.371343,0.0286784,-0.0344501,5868.47,5,34.006,1226.66,1251.62,49.5428,2,2,1.0,0.0,0.1,5,0.0,0,True,1746968616.369637,right,False
1649,1746968627.9412785,188.042,-7.7292,0.237097,0.0287109,-0.0435944,5892.65,5,34.026,1227.7,1252.67,49.5425,2,2,1.0,0.0,0.1,5,0.0,0,True,1746968616.369637,right,False
1650,1746968627.9629335,187.99,-8.9612,0.0893903,0.0289144,-0.0527313,5916.82,5,34.046,1228.75,1253.72,49.5422,2,2,1.0,0.0,0.1,5,0.0,0,True,1746968616.369637,right,False
1651,1746968627.9834902,187.927,-10.1609,-0.0668997,0.029305,-0.06182,5941.89,5,34.066,1229.8,1254.76,49.5419,2,2,1.0,0.0,0.1,5,0.0,0,True,1746968616.369637,right,False
1652,1746968628.001023,187.852,-11.3254,-0.231496,0.029891,-0.0708511,5966.02,5,34.086,1230.84,1255.81,49.5416,2,2,1.0,0.0,0.1,5,0.0,0,True,1746968616.369637,right,False
1653,1746968628.0212607,187.767,-12.4623,-0.409288,0.0306763,-0.0798016,5991.42,5,34.106,1231.89,1256.85,49.5413,2,2,1.0,0.0,0.1,5,0.0,0,True,1746968616.369637,right,False
1654,1746968628.0426185,187.68,-13.5528,-0.575807,0.0316691,-0.0886912,6003.34,5,34.126,1232.94,1257.9,49.541,2,2,1.0,0.0,0.1,5,0.0,0,True,1746968616.369637,right,False
1655,1746968628.0630147,187.581,-14.6236,-0.758728,0.0328817,-0.0975215,6022.34,5,34.146,1233.98,1258.95,49.5407,2,2,1.0,0.0,0.1,5,0.0,0,True,1746968616.369637,right,False
1656,1746968628.0818145,187.478,-15.6622,-0.940737,0.034314,-0.106285,6033.61,5,34.166,1235.03,1259.99,49.5404,2,2,1.0,0.0,0.1,5,0.0,0,True,1746968616.369637,right,False
1657,1746968628.100032,187.363,-16.6723,-1.12228,0.0359741,-0.114972,6048.18,5,34.186,1236.07,1261.04,49.54,2,2,1.0,0.0,0.0,5,0.0,0,True,1746968616.369637,left,False
1658,1746968628.1206415,187.245,-17.653,-1.30679,0.0378581,-0.12359,6059.5,5,34.206,1237.12,1262.08,49.5397,2,2,1.0,0.0,0.0,5,0.0,0,True,1746968616.369637,left,False
1659,1746968628.1398795,187.149,-18.6514,-1.4905,0.039974,-0.131955,6059.37,5,34.226,1238.16,1263.13,49.5394,2,2,1.0,0.0,0.0,5,0.0,0,True,1746968616.369637,left,False
1660,1746968628.1600401,187.068,-19.5419,-1.66979,0.0423014,-0.139696,6050.7,5,34.246,1239.21,1264.17,49.5391,2,2,1.0,0.0,0.0,5,0.0,0,True,1746968616.369637,left,False
1661,1746968628.1805348,186.996,-20.2985,-1.84499,0.0448446,-0.146855,6037.57,5,34.266,1240.25,1265.22,49.5388,2,2,1.0,0.0,0.0,5,0.0,0,True,1746968616.369637,left,False
1662,1746968628.2030563,186.934,-20.9387,-2.0189,0.0476115,-0.15347,6021.5,5,34.286,1241.3,1266.26,49.5385,2,2,1.0,0.0,0.0,5,0.0,0,True,1746968616.369637,left,False
1663,1746968628.2225132,186.875,-21.4723,-2.19945,0.0506063,-0.159551,6012.32,5,34.306,1242.34,1267.31,49.5382,2,2,1.0,0.0,0.0,5,0.0,0,True,1746968616.369637,left,False
1664,1746968628.242485,186.822,-21.9027,-2.37465,0.053833,-0.165161,6003.61,5,34.326,1243.39,1268.35,49.5379,2,2,1.0,0.0,0.0,5,0.0,0,True,1746968616.369637,left,False
1665,1746968628.2622247,186.774,-22.2314,-2.54412,0.0572957,-0.170296,6001.64,5,34.346,1244.43,1269.4,49.5376,2,2,1.0,0.0,0.0,5,0.0,0,True,1746968616.369637,left,False
1666,1746968628.28115,186.735,-22.4662,-2.71522,0.0609985,-0.174958,5998.83,5,34.366,1245.48,1270.44,49.5373,2,2,1.0,0.0,0.0,5,0.0,0,True,1746968616.369637,left,False
1667,1746968628.3016157,186.708,-22.6124,-2.88153,0.0649414,-0.179178,5993.74,5,34.386,1246.52,1271.49,49.537,2,2,1.0,0.0,0.0,5,0.0,0,True,1746968616.369637,left,False
1668,1746968628.3224525,186.68,-22.69,-3.06051,0.0691243,-0.182963,6003.22,5,34.406,1247.57,1272.53,49.5367,2,2,1.0,0.0,0.0,5,0.0,0,True,1746968616.369637,left,False
1669,1746968628.3413744,186.663,-22.6794,-3.23719,0.0735433,-0.186302,6010.6,5,34.426,1248.61,1273.58,49.5364,2,2,1.0,0.0,0.0,5,0.0,0,True,1746968616.369637,left,False
1670,1746968628.3617303,186.657,-22.5848,-3.40929,0.0781942,-0.189191,6016.45,5,34.446,1249.66,1274.62,49.5361,2,2,1.0,0.0,0.0,5,0.0,0,True,1746968616.369637,left,False
1671,1746968628.3807986,186.655,-22.4204,-3.59378,0.0830933,-0.191641,6032.08,5,34.466,1250.7,1275.66,49.5358,2,2,1.0,0.0,0.0,5,0.0,0,True,1746968616.369637,left,False
1672,1746968628.4000363,186.669,-22.1684,-3.76523,0.0882161,-0.193655,6040.51,5,34.486,1251.74,1276.71,49.5355,2,2,1.0,0.0,0.0,5,0.0,0,True,1746968616.369637,left,False
1673,1746968628.4226112,186.694,-21.8403,-3.94423,0.093575,-0.19521,6048.16,5,34.506,1252.79,1277.75,49.5352,2,2,1.0,0.0,0.0,5,0.0,0,True,1746968616.369637,left,False
1674,1746968628.442587,186.727,-21.4341,-4.12192,0.0991618,-0.196305,6059.24,5,34.526,1253.83,1278.79,49.5349,2,2,1.0,0.0,0.0,5,0.0,0,True,1746968616.369637,left,False
1675,1746968628.4606574,186.775,-20.9419,-4.29085,0.10498,-0.196926,6065.05,5,34.546,1254.87,1279.84,49.5346,2,2,1.0,0.0,0.0,5,0.0,0,True,1746968616.369637,left,False
1676,1746968628.4808407,186.836,-20.3677,-4.46501,0.111027,-0.197073,6068.06,5,34.566,1255.91,1280.88,49.5342,2,2,1.0,0.0,0.0,5,0.0,0,True,1746968616.369637,left,False
1677,1746968628.5044634,186.91,-19.7152,-4.63556,0.117293,-0.196739,6070.08,5,34.586,1256.96,1281.92,49.5339,2,2,1.0,0.0,0.0,5,0.0,0,True,1746968616.369637,left,False
1678,1746968628.5220869,186.995,-18.9759,-4.80788,0.123783,-0.195914,6069.41,5,34.606,1258,1282.96,49.5336,2,2,1.0,0.0,0.0,5,0.0,0,True,1746968616.369637,left,False
1679,1746968628.5412254,187.096,-18.1583,-4.96897,0.130493,-0.194607,6059.28,5,34.626,1259.04,1284.01,49.5333,2,2,1.0,0.0,0.0,5,0.0,0,True,1746968616.369637,left,False
1680,1746968628.5634227,187.211,-17.2692,-5.13075,0.137419,-0.192828,6041.68,5,34.646,1260.08,1285.05,49.533,2,2,1.0,0.0,0.0,5,0.0,0,True,1746968616.369637,left,False
1681,1746968628.5821767,187.331,-16.3118,-5.28365,0.144552,-0.190622,6026.98,5,34.666,1261.13,1286.09,49.5327,2,2,1.0,0.0,0.0,5,0.0,0,True,1746968616.369637,left,False
1682,1746968628.6015012,187.459,-15.2967,-5.43587,0.151888,-0.18801,6010.47,5,34.686,1262.17,1287.13,49.5324,2,2,1.0,0.0,0.0,5,0.0,0,True,1746968616.369637,left,False
1683,1746968628.6214726,187.593,-14.2304,-5.58869,0.15942,-0.185009,5991.05,5,34.706,1263.21,1288.17,49.5321,2,2,1.0,0.0,0.0,5,0.0,0,True,1746968616.369637,left,False
1684,1746968628.6409419,187.731,-13.1244,-5.73683,0.167139,-0.181656,5971.09,5,34.726,1264.25,1289.22,49.5318,2,2,1.0,0.0,0.0,5,0.0,0,True,1746968616.369637,left,False
1685,1746968628.6621969,187.875,-11.9809,-5.86855,0.175037,-0.177987,5944.77,5,34.746,1265.29,1290.26,49.5315,2,2,1.0,0.0,0.0,5,0.0,0,True,1746968616.369637,left,False
1686,1746968628.6820889,188.019,-10.818,-6.00044,0.183101,-0.174047,5919.25,5,34.766,1266.34,1291.3,49.5312,2,2,1.0,0.0,0.0,5,0.0,0,True,1746968616.369637,left,False
1687,1746968628.7015393,188.159,-9.6475,-6.12325,0.191317,-0.16989,5896.74,5,34.786,1267.38,1292.35,49.5309,2,2,1.0,0.0,0.0,5,0.0,0,True,1746968616.369637,left,False
1688,1746968628.7213292,188.299,-8.48303,-6.23612,0.199679,-0.165574,5873.63,5,34.806,1268.42,1293.39,49.5306,2,2,1.0,0.0,0.0,5,0.0,0,True,1746968616.369637,left,False
1689,1746968628.7405899,188.432,-7.34208,-6.34399,0.208171,-0.161166,5856.68,5,34.826,1269.47,1294.43,49.5303,2,2,1.0,0.0,0.0,5,0.0,0,True,1746968616.369637,left,False
1690,1746968628.7614334,188.558,-6.23802,-6.43896,0.216768,-0.156719,5841.57,5,34.846,1270.51,1295.48,49.53,2,2,1.0,0.0,0.0,5,0.0,0,True,1746968616.369637,left,False
1691,1746968628.7806723,188.677,-5.18052,-6.52433,0.22546,-0.152287,5832.73,5,34.866,1271.56,1296.52,49.5297,2,2,1.0,0.0,0.0,5,0.0,0,True,1746968616.369637,left,False
1692,1746968628.8028417,188.792,-4.17951,-6.59196,0.234224,-0.147913,5823.16,5,34.886,1272.6,1297.57,49.5294,2,2,1.0,0.0,0.0,5,0.0,0,True,1746968616.369637,left,False
1693,1746968628.821786,188.901,-3.24462,-6.65063,0.243058,-0.143637,5816.97,5,34.906,1273.65,1298.61,49.5291,2,2,1.0,0.0,0.0,5,0.0,0,True,1746968616.369637,left,False
1694,1746968628.841962,189.003,-2.38091,-6.69597,0.251925,-0.139492,5814.33,5,34.926,1274.7,1299.66,49.5288,2,2,1.0,0.0,0.0,5,0.0,0,True,1746968616.369637,left,False
1695,1746968628.8602452,189.101,-1.59092,-6.72563,0.260824,-0.135503,5812.17,5,34.946,1275.74,1300.71,49.5285,2,2,1.0,0.0,0.0,5,0.0,0,True,1746968616.369637,left,False
1696,1746968628.8826056,189.197,-0.876028,-6.73474,0.269722,-0.131689,5809.7,5,34.966,1276.79,1301.76,49.5281,2,2,1.0,0.0,0.0,5,0.0,0,True,1746968616.369637,left,False
1697,1746968628.9019387,189.289,-0.236732,-6.7356,0.278617,-0.128062,5808.74,5,34.986,1277.84,1302.81,49.5278,2,2,1.0,0.0,0.0,5,0.0,0,True,1746968616.369637,left,False
1698,1746968628.923137,189.378,0.328388,-6.72028,0.287488,-0.124632,5809.75,5,35.006,1278.89,1303.85,49.5275,2,2,1.0,0.0,0.0,5,0.0,0,True,1746968616.369637,left,False
1699,1746968628.939981,189.466,0.821855,-6.68315,0.296318,-0.121405,5809.03,5,35.026,1279.94,1304.91,49.5272,2,2,1.0,0.0,0.0,5,0.0,0,True,1746968616.369637,left,False
1700,1746968628.9624908,189.551,1.24731,-6.64294,0.305107,-0.11838,5811.36,5,35.046,1280.99,1305.96,49.5269,2,2,1.0,0.0,0.0,5,0.0,0,True,1746968616.369637,left,False
1701,1746968628.9814825,189.634,1.60854,-6.59246,0.313847,-0.115556,5813.02,5,35.066,1282.04,1307.01,49.5266,2,2,1.0,0.0,0.0,5,0.0,0,True,1746968616.369637,left,False
1702,1746968628.9998522,189.719,1.90966,-6.52571,0.32251,-0.112931,5813.26,5,35.086,1283.1,1308.06,49.5263,2,2,1.0,0.0,0.0,5,0.0,0,True,1746968616.369637,left,False
1703,1746968629.021474,189.801,2.15594,-6.45382,0.331108,-0.110495,5816.35,5,35.106,1284.15,1309.11,49.526,2,2,1.0,0.0,0.0,5,0.0,0,True,1746968616.369637,left,False
1704,1746968629.0399396,189.883,2.35118,-6.37219,0.339612,-0.108242,5818.71,5,35.126,1285.2,1310.17,49.5257,2,2,1.0,0.0,0.0,5,0.0,0,True,1746968616.369637,left,False
1705,1746968629.0628283,189.965,2.50201,-6.28704,0.348022,-0.106164,5821.01,5,35.146,1286.26,1311.22,49.5254,2,2,1.0,0.0,0.0,5,0.0,0,True,1746968616.369637,left,False
1706,1746968629.0821435,190.048,2.61099,-6.18697,0.35634,-0.104247,5821.18,5,35.166,1287.32,1312.28,49.5251,2,2,1.0,0.0,0.0,5,0.0,0,True,1746968616.369637,left,False
1707,1746968629.102056,190.129,2.68617,-6.09321,0.364567,-0.102478,5824.35,5,35.186,1288.37,1313.34,49.5248,2,2,1.0,0.0,0.0,5,0.0,0,True,1746968616.369637,left,False
1708,1746968629.1201556,190.21,2.73056,-5.99378,0.372701,-0.100843,5826.31,5,35.206,1289.43,1314.39,49.5245,2,2,1.0,0.0,0.0,5,0.0,0,True,1746968616.369637,left,False
1709,1746968629.140293,190.292,2.75039,-5.89361,0.380741,-0.0993257,5828.69,5,35.226,1290.49,1315.45,49.5242,2,2,1.0,0.0,0.0,5,0.0,0,True,1746968616.369637,left,False
1710,1746968629.1608117,190.374,2.74967,-5.79195,0.388688,-0.0979097,5829.9,5,35.246,1291.55,1316.51,49.5239,2,2,1.0,0.0,0.0,5,0.0,0,True,1746968616.369637,left,False
1711,1746968629.1812203,190.455,2.73317,-5.69921,0.396541,-0.0965796,5832.06,5,35.266,1292.61,1317.57,49.5236,2,2,1.0,0.0,0.0,5,0.0,0,True,1746968616.369637,left,False
1712,1746968629.201304,190.535,2.70552,-5.61118,0.404297,-0.0953228,5835.7,5,35.286,1293.67,1318.63,49.5233,2,2,1.0,0.0,0.0,5,0.0,0,True,1746968616.369637,left,False
1713,1746968629.2221432,190.617,2.66695,-5.51881,0.411959,-0.0941293,5836.73,5,35.306,1294.73,1319.69,49.523,2,2,1.0,0.0,0.0,5,0.0,0,True,1746968616.369637,left,False
1714,1746968629.2419305,190.697,2.62249,-5.43164,0.419527,-0.0929854,5839.6,5,35.326,1295.79,1320.76,49.5227,2,2,1.0,0.0,0.0,5,0.0,0,True,1746968616.369637,left,False
1715,1746968629.2621849,190.777,2.5737,-5.35332,0.427002,-0.0918832,5842.28,5,35.346,1296.86,1321.82,49.5223,2,2,1.0,0.0,0.0,5,0.0,0,True,1746968616.369637,left,False
1716,1746968629.2827623,190.857,2.52225,-5.27375,0.434383,-0.0908115,5845.05,5,35.366,1297.92,1322.88,49.522,2,2,1.0,0.0,0.0,5,0.0,0,True,1746968616.369637,left,False
1717,1746968629.2999237,190.937,2.4689,-5.20623,0.441667,-0.0897696,5847.75,5,35.386,1298.98,1323.95,49.5217,2,2,1.0,0.0,0.0,5,0.0,0,True,1746968616.369637,left,False
1718,1746968629.3207903,191.017,2.41376,-5.12352,0.448857,-0.0887513,5849.49,5,35.406,1300.05,1325.01,49.5214,2,2,1.0,0.0,0.0,5,0.0,0,True,1746968616.369637,left,False
1719,1746968629.3406012,191.095,2.36025,-5.05758,0.455973,-0.0877521,5852.63,5,35.426,1301.12,1326.08,49.5211,2,2,1.0,0.0,0.0,5,0.0,0,True,1746968616.369637,left,False
1720,1746968629.362573,191.174,2.30713,-4.99626,0.463013,-0.0867684,5855.44,5,35.446,1302.18,1327.15,49.5208,2,2,1.0,0.0,0.0,5,0.0,0,True,1746968616.369637,left,False
1721,1746968629.3806658,191.253,2.25463,-4.93339,0.469954,-0.0857983,5857.28,5,35.466,1303.25,1328.21,49.5205,2,2,1.0,0.0,0.0,5,0.0,0,True,1746968616.369637,left,False
1722,1746968629.4006126,191.331,2.2043,-4.87499,0.476803,-0.0848348,5860.4,5,35.486,1304.32,1329.28,49.5202,2,2,1.0,0.0,0.0,5,0.0,0,True,1746968616.369637,left,False
1723,1746968629.4226108,191.408,2.15664,-4.82071,0.483582,-0.0838788,5863.89,5,35.506,1305.39,1330.35,49.5199,2,2,1.0,0.0,0.0,5,0.0,0,True,1746968616.369637,left,False
1724,1746968629.4425428,191.486,2.10983,-4.77278,0.490275,-0.0829325,5866.56,5,35.526,1306.46,1331.42,49.5196,2,2,1.0,0.0,0.0,5,0.0,0,True,1746968616.369637,left,False
1725,1746968629.462423,191.565,2.0652,-4.71495,0.496875,-0.081985,5866.99,5,35.546,1307.53,1332.49,49.5193,2,2,1.0,0.0,0.0,5,0.0,0,True,1746968616.369637,left,False
1726,1746968629.4803429,191.641,2.02536,-4.66529,0.503414,-0.0810328,5870.33,5,35.566,1308.6,1333.56,49.519,2,2,1.0,0.0,0.0,5,0.0,0,True,1746968616.369637,left,False
1727,1746968629.503462,191.719,1.98704,-4.6068,0.509863,-0.0800788,5872.18,5,35.586,1309.67,1334.63,49.5187,2,2,1.0,0.0,0.0,5,0.0,0,True,1746968616.369637,left,False
1728,1746968629.5234387,191.796,1.95096,-4.55113,0.516239,-0.0791256,5874.1,5,35.606,1310.74,1335.71,49.5184,2,2,1.0,0.0,0.0,5,0.0,0,True,1746968616.369637,left,False
1729,1746968629.5404065,191.872,1.91812,-4.50609,0.52253,-0.0781682,5876.85,5,35.626,1311.82,1336.78,49.5181,2,2,1.0,0.0,0.0,5,0.0,0,True,1746968616.369637,left,False
1730,1746968629.5634632,191.948,1.88769,-4.44784,0.528748,-0.0772073,5878.51,5,35.646,1312.89,1337.85,49.5178,2,2,1.0,0.0,0.0,5,0.0,0,True,1746968616.369637,left,False
1731,1746968629.580283,192.024,1.85992,-4.39785,0.534888,-0.0762424,5881.32,5,35.666,1313.96,1338.93,49.5175,2,2,1.0,0.0,0.0,5,0.0,0,True,1746968616.369637,left,False
1732,1746968629.6019971,192.1,1.83383,-4.34284,0.540955,-0.0752721,5883.26,5,35.686,1315.04,1340,49.5172,2,2,1.0,0.0,0.0,5,0.0,0,True,1746968616.369637,left,False
1733,1746968629.62189,192.174,1.8113,-4.29076,0.54694,-0.0742955,5885.92,5,35.706,1316.11,1341.08,49.5169,2,2,1.0,0.0,0.0,5,0.0,0,True,1746968616.369637,left,False
1734,1746968629.6407003,192.25,1.79067,-4.24135,0.552852,-0.0733132,5887.82,5,35.726,1317.19,1342.16,49.5165,2,2,1.0,0.0,0.0,5,0.0,0,True,1746968616.369637,left,False
1735,1746968629.660504,192.325,1.77213,-4.1854,0.558683,-0.0723252,5889.4,5,35.746,1318.27,1343.23,49.5162,2,2,1.0,0.0,0.0,5,0.0,0,True,1746968616.369637,left,False
1736,1746968629.6805205,192.399,1.75601,-4.13171,0.564457,-0.0713298,5891.21,5,35.766,1319.35,1344.31,49.5159,2,2,1.0,0.0,0.0,5,0.0,0,True,1746968616.369637,left,False
1737,1746968629.700477,192.472,1.74268,-4.08386,0.570142,-0.070328,5895.16,5,35.786,1320.42,1345.39,49.5156,2,2,1.0,0.0,0.0,5,0.0,0,True,1746968616.369637,left,False
1738,1746968629.7214906,192.547,1.73001,-4.02978,0.575753,-0.0693202,5895.83,5,35.806,1321.5,1346.47,49.5153,2,2,1.0,0.0,0.0,5,0.0,0,True,1746968616.369637,left,False
1739,1746968629.7415187,192.62,1.72037,-3.98004,0.581295,-0.0683033,5898.73,5,35.826,1322.58,1347.55,49.515,2,2,1.0,0.0,0.0,5,0.0,0,True,1746968616.369637,left,False
1740,1746968629.7619088,192.693,1.71207,-3.9266,0.586751,-0.0672803,5901.02,5,35.846,1323.66,1348.63,49.5147,2,2,1.0,0.0,0.0,5,0.0,0,True,1746968616.369637,left,False
1741,1746968629.78542,192.765,1.70492,-3.87459,0.592151,-0.0662537,5903.54,5,35.866,1324.74,1349.71,49.5144,2,2,1.0,0.0,0.0,5,0.0,0,True,1746968616.369637,left,False
1742,1746968629.8012388,192.838,1.69888,-3.82062,0.597465,-0.0652223,5905.23,5,35.886,1325.83,1350.79,49.5141,2,2,1.0,0.0,0.0,5,0.0,0,True,1746968616.369637,left,False
1743,1746968629.8218825,192.91,1.69466,-3.77127,0.602702,-0.0641835,5907.88,5,35.906,1326.91,1351.87,49.5138,2,2,1.0,0.0,0.0,5,0.0,0,True,1746968616.369637,left,False
1744,1746968629.8416176,192.983,1.69016,-3.71369,0.607882,-0.0631428,5908.99,5,35.926,1327.99,1352.95,49.5135,2,2,1.0,0.0,0.0,5,0.0,0,True,1746968616.369637,left,False
1745,1746968629.8618941,193.053,1.68787,-3.66615,0.61298,-0.0620973,5912.49,5,35.946,1329.07,1354.04,49.5132,2,2,1.0,0.0,0.0,5,0.0,0,True,1746968616.369637,left,False
1746,1746968629.883928,193.125,1.68529,-3.60779,0.617997,-0.0610483,5913.99,5,35.966,1330.16,1355.12,49.5129,2,2,1.0,0.0,0.0,5,0.0,0,True,1746968616.369637,left,False
1747,1746968629.9033504,193.196,1.68392,-3.55824,0.622949,-0.0599945,5915.72,5,35.986,1331.24,1356.21,49.5126,2,2,1.0,0.0,0.0,5,0.0,0,True,1746968616.369637,left,False
1748,1746968629.9227927,193.267,1.68311,-3.50758,0.627828,-0.0589375,5918.3,5,36.006,1332.33,1357.29,49.5123,2,2,1.0,0.0,-0.1,5,0.0,0,True,1746968616.369637,left,False
1749,1746968629.940192,193.338,1.68268,-3.45142,0.632625,-0.0578778,5919.79,5,36.026,1333.41,1358.38,49.512,2,2,1.0,0.0,-0.1,5,0.0,0,True,1746968616.369637,left,False
1750,1746968629.9611292,193.389,1.54663,-3.39354,0.637309,-0.0561464,5924.2,5,36.046,1334.5,1359.46,49.5117,2,2,1.0,0.0,-0.1,5,0.0,0,True,1746968616.369637,left,False
1751,1746968629.9841156,193.433,1.67164,-3.31424,0.641801,-0.0525327,5923.21,5,36.066,1335.59,1360.55,49.5114,2,2,1.0,0.0,-0.1,5,0.0,0,True,1746968616.369637,left,False
1752,1746968630.003621,193.474,2.12531,-3.21305,0.646086,-0.0470452,5920.41,5,36.086,1336.67,1361.64,49.5111,2,2,1.0,0.0,-0.1,5,0.0,0,True,1746968616.369637,left,False
1753,1746968630.023297,193.506,2.87486,-3.09478,0.650151,-0.0397639,5917.17,5,36.106,1337.76,1362.72,49.5107,2,2,1.0,0.0,-0.1,5,0.0,0,True,1746968616.369637,left,False
1754,1746968630.040676,193.524,3.89203,-2.95704,0.653975,-0.0307879,5914.92,5,36.126,1338.85,1363.81,49.5104,2,2,1.0,0.0,-0.1,5,0.0,0,True,1746968616.369637,left,False
1755,1746968630.062805,193.522,5.14339,-2.79579,0.657536,-0.020251,5913.9,5,36.146,1339.94,1364.9,49.5101,2,2,1.0,0.0,-0.1,5,0.0,0,True,1746968616.369637,left,False
1756,1746968630.0825465,193.495,6.59334,-2.61197,0.660799,-0.00827193,5913.15,5,36.166,1341.03,1365.99,49.5098,2,2,1.0,0.0,-0.1,5,0.0,0,True,1746968616.369637,left,False
1757,1746968630.1026645,193.439,8.20979,-2.40257,0.663729,0.00500846,5912.88,5,36.186,1342.12,1367.08,49.5095,2,2,1.0,0.0,-0.1,5,0.0,0,True,1746968616.369637,left,False
1758,1746968630.123261,193.348,9.96281,-2.16609,0.6663,0.019453,5912.03,5,36.206,1343.21,1368.17,49.5092,2,2,1.0,0.0,0.0,5,0.0,0,True,1746968616.369637,right,False
1759,1746968630.1407099,193.217,11.832,-1.90947,0.668477,0.0349412,5912.28,5,36.226,1344.3,1369.26,49.5089,2,2,1.0,0.0,0.0,5,0.0,0,True,1746968616.369637,right,False
1760,1746968630.1613505,193.081,13.9046,-1.62923,0.67026,0.0507936,5912.17,5,36.246,1345.39,1370.35,49.5086,2,2,1.0,0.0,0.0,5,0.0,0,True,1746968616.369637,right,False
1761,1746968630.181171,192.931,15.7948,-1.3348,0.671663,0.0657797,5915.71,5,36.266,1346.48,1371.44,49.5083,2,2,1.0,0.0,0.0,5,0.0,0,True,1746968616.369637,right,False
1762,1746968630.2010307,192.767,17.4123,-1.03354,0.672681,0.0798233,5921.41,5,36.286,1347.57,1372.53,49.508,2,2,1.0,0.0,0.0,5,0.0,0,True,1746968616.369637,right,False
1763,1746968630.2214506,192.599,18.7646,-0.718336,0.673267,0.0928528,5927.77,5,36.306,1348.66,1373.62,49.5077,2,2,1.0,0.0,0.0,5,0.0,0,True,1746968616.369637,right,False
1764,1746968630.2406278,192.433,19.8532,-0.393717,0.673409,0.104798,5937.89,5,36.326,1349.75,1374.71,49.5074,2,2,1.0,0.0,0.0,5,0.0,0,True,1746968616.369637,right,False
1765,1746968630.262551,192.279,20.6609,-0.0492864,0.673083,0.115533,5947.41,5,36.346,1350.84,1375.8,49.5071,2,2,1.0,0.0,0.0,5,0.0,0,True,1746968616.369637,right,False
1766,1746968630.2814283,192.141,21.1814,0.309041,0.672274,0.124934,5960.57,5,36.366,1351.93,1376.89,49.5068,2,2,1.0,0.0,0.0,5,0.0,0,True,1746968616.369637,right,False
1767,1746968630.3013842,192.028,21.4003,0.67797,0.670976,0.132881,5973.58,5,36.386,1353.01,1377.98,49.5065,2,2,1.0,0.0,0.0,5,0.0,0,True,1746968616.369637,right,False
1768,1746968630.3225756,191.945,21.3089,1.06193,0.669181,0.139268,5986.33,5,36.406,1354.1,1379.07,49.5062,2,2,1.0,0.0,0.0,5,0.0,0,True,1746968616.369637,right,False
1769,1746968630.3416657,191.896,20.9057,1.45472,0.666886,0.144028,6000.04,5,36.426,1355.19,1380.15,49.5059,2,2,1.0,0.0,0.0,5,0.0,0,True,1746968616.369637,right,False
1770,1746968630.3605182,191.881,20.1964,1.85245,0.664099,0.147117,6012.81,5,36.446,1356.28,1381.24,49.5056,2,2,1.0,0.0,0.0,5,0.0,0,True,1746968616.369637,right,False
1771,1746968630.3799732,191.901,19.1912,2.25494,0.660828,0.148537,6025.39,5,36.466,1357.36,1382.33,49.5053,2,2,1.0,0.0,0.0,5,0.0,0,True,1746968616.369637,right,False
1772,1746968630.4041836,191.955,17.9174,2.66143,0.65708,0.148361,6028.44,5,36.486,1358.45,1383.41,49.505,2,2,1.0,0.0,0.0,5,0.0,0,True,1746968616.369637,right,False
1773,1746968630.4220169,192.036,16.4151,3.06061,0.652877,0.146718,6028.66,5,36.506,1359.53,1384.49,49.5046,2,2,1.0,0.0,0.0,5,0.0,0,True,1746968616.369637,right,False
1774,1746968630.4406104,192.139,14.7376,3.45397,0.648234,0.143797,6019.14,5,36.526,1360.61,1385.58,49.5043,2,2,1.0,0.0,0.0,5,0.0,0,True,1746968616.369637,right,False
1775,1746968630.4634707,192.258,12.9476,3.82982,0.643193,0.139845,6000.39,5,36.546,1361.69,1386.66,49.504,2,2,1.0,0.0,0.0,5,0.0,0,True,1746968616.369637,right,False
1776,1746968630.4821208,192.381,11.1208,4.18689,0.637789,0.135183,5977.84,5,36.566,1362.78,1387.74,49.5037,2,2,1.0,0.0,0.0,5,0.0,0,True,1746968616.369637,right,False
1777,1746968630.499975,192.498,9.33294,4.50817,0.632056,0.130131,5956.27,5,36.586,1363.86,1388.82,49.5034,2,2,1.0,0.0,0.0,5,0.0,0,True,1746968616.369637,right,False
1778,1746968630.5222108,192.606,7.63663,4.80672,0.626042,0.124998,5934.79,5,36.606,1364.94,1389.9,49.5031,2,2,1.0,0.0,0.0,5,0.0,0,True,1746968616.369637,right,False
1779,1746968630.5408652,192.698,6.09029,5.05607,0.619788,0.120034,5922.3,5,36.626,1366.02,1390.98,49.5028,2,2,1.0,0.0,0.0,5,0.0,0,True,1746968616.369637,right,False
1780,1746968630.5610712,192.778,4.70757,5.27733,0.613338,0.115398,5911.7,5,36.646,1367.1,1392.06,49.5025,2,2,1.0,0.0,0.0,5,0.0,0,True,1746968616.369637,right,False
1781,1746968630.5824547,192.845,3.50186,5.46527,0.60673,0.111189,5906.32,5,36.666,1368.18,1393.15,49.5022,2,2,1.0,0.0,0.0,5,0.0,0,True,1746968616.369637,right,False
1782,1746968630.6014056,192.903,2.4678,5.61291,0.600004,0.107446,5904.14,5,36.686,1369.26,1394.23,49.5019,2,2,1.0,0.0,0.0,5,0.0,0,True,1746968616.369637,right,False
1783,1746968630.620069,192.954,1.59358,5.7204,0.59318,0.10417,5904.27,5,36.706,1370.34,1395.31,49.5016,2,2,1.0,0.0,0.0,5,0.0,0,True,1746968616.369637,right,False
1784,1746968630.640909,193,0.861066,5.78907,0.586271,0.101341,5905.88,5,36.726,1371.42,1396.39,49.5013,2,2,1.0,0.0,0.0,5,0.0,0,True,1746968616.369637,right,False
1785,1746968630.662825,193.044,0.253482,5.83979,0.579305,0.0989234,5907.19,5,36.746,1372.5,1397.47,49.501,2,2,1.0,0.0,0.0,5,0.0,0,True,1746968616.369637,right,False
1786,1746968630.6812017,193.083,-0.246059,5.84166,0.572294,0.0968804,5911.11,5,36.766,1373.58,1398.55,49.5007,2,2,1.0,0.0,0.0,5,0.0,0,True,1746968616.369637,right,False
1787,1746968630.7020965,193.121,-0.653521,5.81905,0.565251,0.0951705,5915.85,5,36.786,1374.66,1399.63,49.5004,2,2,1.0,0.0,0.0,5,0.0,0,True,1746968616.369637,right,False
1788,1746968630.7202497,193.159,-0.982042,5.77679,0.558187,0.0937598,5919.84,5,36.806,1375.74,1400.71,49.5001,2,2,1.0,0.0,0.0,5,0.0,0,True,1746968616.369637,right,False
1789,1746968630.7428205,193.197,-1.24347,5.7122,0.551103,0.0926151,5923.74,5,36.826,1376.82,1401.79,49.4998,2,2,1.0,0.0,0.0,5,0.0,0,True,1746968616.369637,right,False
1790,1746968630.7617376,193.233,-1.44593,5.63044,0.54401,0.0917115,5928.96,5,36.846,1377.9,1402.87,49.4995,2,2,1.0,0.0,0.0,5,0.0,0,True,1746968616.369637,right,False
1791,1746968630.78106,193.271,-1.5955,5.55726,0.536906,0.0910292,5931.56,5,36.866,1378.98,1403.95,49.4992,2,2,1.0,0.0,0.0,5,0.0,0,True,1746968616.369637,right,False
1792,1746968630.801442,193.309,-1.69842,5.47714,0.529801,0.0905542,5934.67,5,36.886,1380.06,1405.03,49.4988,2,2,1.0,0.0,0.0,5,0.0,0,True,1746968616.369637,right,False
1793,1746968630.8209562,193.349,-1.75891,5.40258,0.522689,0.0902731,5935.37,5,36.906,1381.14,1406.11,49.4985,2,2,1.0,0.0,0.0,5,0.0,0,True,1746968616.369637,right,False
1794,1746968630.8420055,193.388,-1.78097,5.33906,0.515572,0.090173,5936.48,5,36.926,1382.22,1407.19,49.4982,2,2,1.0,0.0,0.0,5,0.0,0,True,1746968616.369637,right,False
1795,1746968630.8606284,193.429,-1.76982,5.27275,0.508464,0.0902426,5937.35,5,36.946,1383.31,1408.27,49.4979,2,2,1.0,0.0,0.0,5,0.0,0,True,1746968616.369637,right,False
1796,1746968630.8812149,193.471,-1.72822,5.22287,0.501351,0.0904686,5936.32,5,36.966,1384.39,1409.35,49.4976,2,2,1.0,0.0,0.0,5,0.0,0,True,1746968616.369637,right,False
1797,1746968630.9038503,193.512,-1.66157,5.17661,0.494238,0.0908375,5936.36,5,36.986,1385.47,1410.43,49.4973,2,2,1.0,0.0,0.0,5,0.0,0,True,1746968616.369637,right,False
1798,1746968630.9215403,193.553,-1.57244,5.13927,0.487117,0.0913384,5937.01,5,37.006,1386.55,1411.51,49.497,2,2,1.0,0.0,0.0,5,0.0,0,True,1746968616.369637,right,False
1799,1746968630.9416575,193.595,-1.46451,5.10909,0.479993,0.0919614,5937.5,5,37.026,1387.63,1412.59,49.4967,2,2,1.0,0.0,0.0,5,0.0,0,True,1746968616.369637,right,False
1800,1746968630.9600768,193.637,-1.34131,5.08817,0.472864,0.0926936,5936.28,5,37.046,1388.71,1413.67,49.4964,2,2,1.0,0.0,0.0,5,0.0,0,True,1746968616.369637,right,False
1801,1746968630.9820173,193.679,-1.20537,5.07689,0.465723,0.0935245,5937.02,5,37.066,1389.79,1414.76,49.4961,2,2,1.0,0.0,0.0,5,0.0,0,True,1746968616.369637,right,False
1802,1746968631.00161,193.721,-1.05994,5.07036,0.458577,0.094445,5937.02,5,37.086,1390.87,1415.84,49.4958,2,2,1.0,0.0,0.0,5,0.0,0,True,1746968616.369637,right,False
1803,1746968631.0227966,193.762,-0.907446,5.07077,0.451412,0.0954442,5937.37,5,37.106,1391.95,1416.92,49.4955,2,2,1.0,0.0,0.0,5,0.0,0,True,1746968616.369637,right,False
1804,1746968631.0415797,193.803,-0.749907,5.07944,0.44423,0.0965147,5938.51,5,37.126,1393.03,1418,49.4952,2,2,1.0,0.0,0.0,5,0.0,0,True,1746968616.369637,right,False
1805,1746968631.062041,193.844,-0.589802,5.08792,0.437028,0.0976462,5939.87,5,37.146,1394.12,1419.08,49.4949,2,2,1.0,0.0,0.0,5,0.0,0,True,1746968616.369637,right,False
1806,1746968631.0819323,193.885,-0.428675,5.10648,0.429797,0.0988307,5940.99,5,37.166,1395.2,1420.16,49.4946,2,2,1.0,0.0,0.0,5,0.0,0,True,1746968616.369637,right,False
1807,1746968631.1024704,193.926,-0.268485,5.13465,0.422542,0.10006,5941.2,5,37.186,1396.28,1421.24,49.4943,2,2,1.0,0.0,0.0,5,0.0,0,True,1746968616.369637,right,False
1808,1746968631.1222327,193.967,-0.110857,5.16341,0.415259,0.101324,5941.24,5,37.206,1397.36,1422.32,49.494,2,2,1.0,0.0,0.0,5,0.0,0,True,1746968616.369637,right,False
1809,1746968631.1429563,194.006,0.0426023,5.19496,0.407935,0.102617,5943.35,5,37.226,1398.44,1423.41,49.4937,2,2,1.0,0.0,0.0,5,0.0,0,True,1746968616.369637,right,False
1810,1746968631.163535,194.045,0.190617,5.22937,0.40057,0.103928,5944.46,5,37.246,1399.52,1424.49,49.4934,2,2,1.0,0.0,0.0,5,0.0,0,True,1746968616.369637,right,False
1811,1746968631.182233,194.086,0.332543,5.2732,0.393164,0.105256,5943.71,5,37.266,1400.6,1425.57,49.493,2,2,1.0,0.0,0.0,5,0.0,0,True,1746968616.369637,right,False
1812,1746968631.2015142,194.125,0.467622,5.31275,0.385714,0.106592,5945.42,5,37.286,1401.68,1426.65,49.4927,2,2,1.0,0.0,0.0,5,0.0,0,True,1746968616.369637,right,False
1813,1746968631.2233353,194.164,0.595139,5.36158,0.37821,0.107933,5946.04,5,37.306,1402.77,1427.73,49.4924,2,2,1.0,0.0,0.0,5,0.0,0,True,1746968616.369637,right,False
1814,1746968631.2426524,194.202,0.715065,5.40578,0.370658,0.109273,5947.37,5,37.326,1403.85,1428.81,49.4921,2,2,1.0,0.0,0.1,5,0.0,0,True,1746968616.369637,right,False
1815,1746968631.2638316,194.24,0.826563,5.45808,0.363045,0.110609,5948.49,5,37.346,1404.93,1429.89,49.4918,2,2,1.0,0.0,0.1,5,0.0,0,True,1746968616.369637,right,False
1816,1746968631.2812057,194.264,1.0731,5.49435,0.355428,0.111232,5952.79,5,37.366,1406.01,1430.97,49.4915,2,2,1.0,0.0,0.1,5,0.0,0,True,1746968616.369637,right,False
1817,1746968631.3005412,194.281,1.01715,5.52398,0.347864,0.109921,5959.93,5,37.386,1407.09,1432.05,49.4912,2,2,1.0,0.0,0.1,5,0.0,0,True,1746968616.369637,right,False
1818,1746968631.3225534,194.302,0.626285,5.53859,0.340361,0.10687,5965.49,5,37.406,1408.17,1433.14,49.4909,2,2,1.0,0.0,0.1,5,0.0,0,True,1746968616.369637,right,False
1819,1746968631.3423417,194.321,-0.0406592,5.53324,0.332922,0.102319,5973.21,5,37.426,1409.25,1434.22,49.4906,2,2,1.0,0.0,0.1,5,0.0,0,True,1746968616.369637,right,False
1820,1746968631.3607569,194.335,-0.921872,5.50989,0.325557,0.0965159,5980.93,5,37.446,1410.33,1435.3,49.4903,2,2,1.0,0.0,0.1,5,0.0,0,True,1746968616.369637,right,False
1821,1746968631.3813703,194.341,-1.96295,5.47483,0.318278,0.0897088,5990.22,5,37.466,1411.42,1436.38,49.49,2,2,1.0,0.0,0.1,5,0.0,0,True,1746968616.369637,right,False
1822,1746968631.4014628,194.335,-3.11503,5.41742,0.311112,0.0821307,6001.85,5,37.486,1412.5,1437.46,49.4897,2,2,1.0,0.0,0.1,5,0.0,0,True,1746968616.369637,right,False
1823,1746968631.422577,194.315,-4.33958,5.33952,0.304065,0.0739989,6015.3,5,37.506,1413.58,1438.54,49.4894,2,2,1.0,0.0,0.1,5,0.0,0,True,1746968616.369637,right,False
1824,1746968631.4420874,194.279,-5.59867,5.24534,0.297156,0.0655096,6032.92,5,37.526,1414.66,1439.62,49.4891,2,2,1.0,0.0,0.1,5,0.0,0,True,1746968616.369637,right,False
1825,1746968631.462219,194.231,-6.86505,5.13857,0.290397,0.0567987,6049.67,5,37.546,1415.74,1440.71,49.4888,2,2,1.0,0.0,0.1,5,0.0,0,True,1746968616.369637,right,False
1826,1746968631.481003,194.167,-8.12174,5.01848,0.283793,0.047986,6069.92,5,37.566,1416.82,1441.79,49.4885,2,2,1.0,0.0,0.1,5,0.0,0,True,1746968616.369637,right,False
1827,1746968631.4999592,194.089,-9.36094,4.8762,0.277364,0.0391593,6093.09,5,37.586,1417.9,1442.87,49.4882,2,2,1.0,0.0,0.1,5,0.0,0,True,1746968616.369637,right,False
1828,1746968631.522413,194.002,-10.5676,4.72816,0.271122,0.0303514,6112.44,5,37.606,1418.99,1443.95,49.4879,2,2,1.0,0.0,0.1,5,0.0,0,True,1746968616.369637,right,False
1829,1746968631.5419364,193.901,-11.7466,4.56811,0.265068,0.0215914,6134.92,5,37.626,1420.07,1445.03,49.4876,2,2,1.0,0.0,0.1,5,0.0,0,True,1746968616.369637,right,False
1830,1746968631.562343,193.793,-12.8898,4.40666,0.259208,0.0128889,6153.81,5,37.646,1421.15,1446.11,49.4873,2,2,1.0,0.0,0.1,5,0.0,0,True,1746968616.369637,right,False
1831,1746968631.581905,193.676,-14.0073,4.22927,0.253552,0.00423694,6170.79,5,37.666,1422.23,1447.19,49.4869,2,2,1.0,0.0,0.1,5,0.0,0,True,1746968616.369637,right,False
1832,1746968631.6032355,193.559,-15.0901,4.06879,0.248112,-0.00439215,6175.15,5,37.686,1423.31,1448.28,49.4866,2,2,1.0,0.0,0.1,5,0.0,0,True,1746968616.369637,right,False
1833,1746968631.6225433,193.427,-16.1574,3.88993,0.242891,-0.0129883,6186.92,5,37.706,1424.39,1449.36,49.4863,2,2,1.0,0.0,0.1,5,0.0,0,True,1746968616.369637,right,False
1834,1746968631.6424882,193.287,-17.2064,3.71313,0.237895,-0.0215533,6197.74,5,37.726,1425.47,1450.44,49.486,2,2,1.0,0.0,0.1,5,0.0,0,True,1746968616.369637,right,False
1835,1746968631.6633117,193.14,-18.2318,3.53167,0.233126,-0.0300896,6207.61,5,37.746,1426.55,1451.52,49.4857,2,2,1.0,0.0,0.1,5,0.0,0,True,1746968616.369637,right,False
1836,1746968631.6802254,192.98,-19.2402,3.3495,0.228589,-0.038563,6223.08,5,37.766,1427.63,1452.6,49.4854,2,2,1.0,0.0,0.1,5,0.0,0,True,1746968616.369637,right,False
1837,1746968631.7034826,192.816,-20.2158,3.16558,0.224288,-0.0469544,6233.8,5,37.786,1428.71,1453.68,49.4851,2,2,1.0,0.0,0.1,5,0.0,0,True,1746968616.369637,right,False
1838,1746968631.720665,192.639,-21.1713,2.97791,0.220227,-0.0552535,6253.71,5,37.806,1429.79,1454.76,49.4848,2,2,1.0,0.0,0.1,5,0.0,0,True,1746968616.369637,right,False
1839,1746968631.740957,192.46,-22.0936,2.78416,0.216406,-0.0634398,6269.91,5,37.826,1430.87,1455.84,49.4845,2,2,1.0,0.0,0.1,5,0.0,0,True,1746968616.369637,right,False
1840,1746968631.76022,192.274,-22.9797,2.59622,0.21283,-0.0714869,6286.78,5,37.846,1431.95,1456.92,49.4842,2,2,1.0,0.0,0.1,5,0.0,0,True,1746968616.369637,right,False
1841,1746968631.7810297,192.087,-23.8219,2.40077,0.209501,-0.0793575,6304.55,5,37.866,1433.03,1458,49.4839,2,2,1.0,0.0,0.1,5,0.0,0,True,1746968616.369637,right,False
1842,1746968631.800526,191.896,-24.621,2.21372,0.206421,-0.0870317,6320.62,5,37.886,1434.11,1459.08,49.4836,2,2,1.0,0.0,0.0,5,0.0,0,True,1746968616.369637,left,False
1843,1746968631.8219757,191.702,-25.3734,2.01753,0.203593,-0.0944827,6343.8,5,37.906,1435.19,1460.15,49.4833,2,2,1.0,0.0,0.0,5,0.0,0,True,1746968616.369637,left,False
1844,1746968631.842138,191.529,-26.1014,1.82344,0.201009,-0.101591,6366.46,5,37.926,1436.27,1461.23,49.483,2,2,1.0,0.0,0.0,5,0.0,0,True,1746968616.369637,left,False
1845,1746968631.8625474,191.38,-26.7219,1.63952,0.198661,-0.108138,6377.51,5,37.946,1437.35,1462.31,49.4827,2,2,1.0,0.0,0.0,5,0.0,0,True,1746968616.369637,left,False
1846,1746968631.8798857,191.25,-27.232,1.45149,0.196554,-0.114131,6379.73,5,37.966,1438.42,1463.39,49.4824,2,2,1.0,0.0,0.0,5,0.0,0,True,1746968616.369637,left,False
1847,1746968631.9012086,191.14,-27.6207,1.27409,0.194686,-0.119571,6372.57,5,37.986,1439.5,1464.46,49.4821,2,2,1.0,0.0,0.0,5,0.0,0,True,1746968616.369637,left,False
1848,1746968631.921825,191.035,-27.9068,1.09036,0.19307,-0.124486,6375.18,5,38.006,1440.58,1465.54,49.4818,2,2,1.0,0.0,0.0,5,0.0,0,True,1746968616.369637,left,False
1849,1746968631.9411695,190.944,-28.0908,0.905785,0.191691,-0.128873,6378.63,5,38.026,1441.65,1466.62,49.4815,2,2,1.0,0.0,0.0,5,0.0,0,True,1746968616.369637,left,False
1850,1746968631.9611943,190.869,-28.1615,0.729428,0.190568,-0.132711,6378.93,5,38.046,1442.73,1467.69,49.4811,2,2,1.0,0.0,0.0,5,0.0,0,True,1746968616.369637,left,False
1851,1746968631.9807584,190.807,-28.1314,0.548217,0.189693,-0.13602,6384.48,5,38.066,1443.81,1468.77,49.4808,2,2,1.0,0.0,0.0,5,0.0,0,True,1746968616.369637,left,False
1852,1746968632.001317,190.763,-28.0028,0.366603,0.189063,-0.138799,6385.06,5,38.086,1444.88,1469.85,49.4805,2,2,1.0,0.0,0.0,5,0.0,0,True,1746968616.369637,left,False
1853,1746968632.019993,190.734,-27.7734,0.184483,0.188676,-0.14105,6385.69,5,38.106,1445.96,1470.92,49.4802,2,2,1.0,0.0,0.0,5,0.0,0,True,1746968616.369637,left,False
1854,1746968632.0420554,190.721,-27.4416,0.00974895,0.188542,-0.142781,6389.39,5,38.126,1447.03,1472,49.4799,2,2,1.0,0.0,0.0,5,0.0,0,True,1746968616.369637,left,False
1855,1746968632.0634189,190.727,-27.0104,-0.167161,0.188652,-0.143973,6385.87,5,38.146,1448.11,1473.07,49.4796,2,2,1.0,0.0,0.0,5,0.0,0,True,1746968616.369637,left,False
1856,1746968632.0799794,190.747,-26.4866,-0.346894,0.18901,-0.14464,6386.31,5,38.166,1449.18,1474.14,49.4793,2,2,1.0,0.0,0.0,5,0.0,0,True,1746968616.369637,left,False
1857,1746968632.102338,190.781,-25.876,-0.520326,0.189612,-0.144805,6385.23,5,38.186,1450.25,1475.22,49.479,2,2,1.0,0.0,0.0,5,0.0,0,True,1746968616.369637,left,False
1858,1746968632.1214747,190.829,-25.177,-0.701346,0.19045,-0.144474,6386.18,5,38.206,1451.33,1476.29,49.4787,2,2,1.0,0.0,0.0,5,0.0,0,True,1746968616.369637,left,False
1859,1746968632.1400557,190.893,-24.3897,-0.879015,0.191532,-0.143645,6381.27,5,38.226,1452.4,1477.37,49.4784,2,2,1.0,0.0,0.0,5,0.0,0,True,1746968616.369637,left,False
1860,1746968632.1606345,190.975,-23.5077,-1.04606,0.192847,-0.142307,6367.26,5,38.246,1453.47,1478.44,49.4781,2,2,1.0,0.0,0.0,5,0.0,0,True,1746968616.369637,left,False
1861,1746968632.1802852,191.063,-22.5582,-1.2283,0.194393,-0.140501,6361.93,5,38.266,1454.55,1479.51,49.4778,2,2,1.0,0.0,0.0,5,0.0,0,True,1746968616.369637,left,False
1862,1746968632.202644,191.176,-21.5135,-1.394,0.196163,-0.138197,6337.02,5,38.286,1455.62,1480.58,49.4775,2,2,1.0,0.0,0.0,5,0.0,0,True,1746968616.369637,left,False
1863,1746968632.2220542,191.294,-20.3951,-1.55906,0.198161,-0.135432,6317.24,5,38.306,1456.69,1481.66,49.4772,2,2,1.0,0.0,0.0,5,0.0,0,True,1746968616.369637,left,False
1864,1746968632.241216,191.421,-19.208,-1.72294,0.200374,-0.132198,6294.69,5,38.326,1457.77,1482.73,49.4769,2,2,1.0,0.0,0.0,5,0.0,0,True,1746968616.369637,left,False
1865,1746968632.2614114,191.561,-17.9496,-1.88496,0.202804,-0.128511,6264.42,5,38.346,1458.84,1483.8,49.4766,2,2,1.0,0.0,0.0,5,0.0,0,True,1746968616.369637,left,False
1866,1746968632.281872,191.704,-16.6306,-2.0358,0.20544,-0.124409,6236.57,5,38.366,1459.91,1484.88,49.4763,2,2,1.0,0.0,0.0,5,0.0,0,True,1746968616.369637,left,False
1867,1746968632.3009152,191.854,-15.2638,-2.18842,0.208276,-0.119914,6201.5,5,38.386,1460.98,1485.95,49.476,2,2,1.0,0.0,0.0,5,0.0,0,True,1746968616.369637,left,False
1868,1746968632.3219872,192.011,-13.8562,-2.33509,0.211292,-0.115076,6160.92,5,38.406,1462.06,1487.02,49.4757,2,2,1.0,0.0,0.0,5,0.0,0,True,1746968616.369637,left,False
1869,1746968632.3415449,192.169,-12.4235,-2.47201,0.214478,-0.109943,6115.89,5,38.426,1463.13,1488.09,49.4753,2,2,1.0,0.0,0.0,5,0.0,0,True,1746968616.369637,left,False
1870,1746968632.3614523,192.32,-10.9843,-2.60311,0.217839,-0.104586,6079.76,5,38.446,1464.2,1489.17,49.475,2,2,1.0,0.0,0.0,5,0.0,0,True,1746968616.369637,left,False
1871,1746968632.3821657,192.468,-9.55498,-2.72111,0.221338,-0.0990775,6038.83,5,38.466,1465.28,1490.24,49.4747,2,2,1.0,0.0,0.0,5,0.0,0,True,1746968616.369637,left,False
1872,1746968632.4015858,192.604,-8.15604,-2.84017,0.224972,-0.0934871,6010.46,5,38.486,1466.35,1491.32,49.4744,2,2,1.0,0.0,0.0,5,0.0,0,True,1746968616.369637,left,False
1873,1746968632.4225006,192.731,-6.80097,-2.93815,0.228719,-0.0878843,5984.16,5,38.506,1467.43,1492.39,49.4741,2,2,1.0,0.0,0.0,5,0.0,0,True,1746968616.369637,left,False
1874,1746968632.4405396,192.846,-5.5108,-3.02314,0.232552,-0.0823482,5964.45,5,38.526,1468.5,1493.47,49.4738,2,2,1.0,0.0,0.0,5,0.0,0,True,1746968616.369637,left,False
1875,1746968632.4617019,192.95,-4.29814,-3.09574,0.236462,-0.0769313,5952.17,5,38.546,1469.58,1494.54,49.4735,2,2,1.0,0.0,0.0,5,0.0,0,True,1746968616.369637,left,False
1876,1746968632.4808936,193.043,-3.17347,-3.16353,0.24043,-0.0716785,5946.27,5,38.566,1470.65,1495.62,49.4732,2,2,1.0,0.0,0.0,5,0.0,0,True,1746968616.369637,left,False
1877,1746968632.5006237,193.132,-2.13901,-3.19932,0.244425,-0.066623,5938.09,5,38.586,1471.73,1496.69,49.4729,2,2,1.0,0.0,0.0,5,0.0,0,True,1746968616.369637,left,False
1878,1746968632.5220418,193.213,-1.20289,-3.22256,0.248429,-0.0617994,5933.83,5,38.606,1472.81,1497.77,49.4726,2,2,1.0,0.0,0.0,5,0.0,0,True,1746968616.369637,left,False
1879,1746968632.5413108,193.289,-0.365322,-3.23019,0.252425,-0.0572284,5930.85,5,38.626,1473.88,1498.85,49.4723,2,2,1.0,0.0,0.0,5,0.0,0,True,1746968616.369637,left,False
1880,1746968632.561203,193.36,0.374232,-3.22106,0.256392,-0.052923,5930.76,5,38.646,1474.96,1499.93,49.472,2,2,1.0,0.0,0.0,5,0.0,0,True,1746968616.369637,left,False
1881,1746968632.580843,193.428,1.01859,-3.19243,0.260323,-0.0488923,5930.35,5,38.666,1476.04,1501.01,49.4717,2,2,1.0,0.0,0.0,5,0.0,0,True,1746968616.369637,left,False
1882,1746968632.6008916,193.495,1.57076,-3.14664,0.264189,-0.0451396,5929.97,5,38.686,1477.12,1502.09,49.4714,2,2,1.0,0.0,0.0,5,0.0,0,True,1746968616.369637,left,False
1883,1746968632.6207423,193.559,2.03598,-3.08324,0.267977,-0.0416644,5930.15,5,38.706,1478.2,1503.16,49.4711,2,2,1.0,0.0,0.0,5,0.0,0,True,1746968616.369637,left,False
1884,1746968632.643199,193.623,2.41948,-3.00608,0.271696,-0.038461,5930.28,5,38.726,1479.28,1504.24,49.4708,2,2,1.0,0.0,0.0,5,0.0,0,True,1746968616.369637,left,False
1885,1746968632.6602218,193.685,2.72767,-2.91755,0.275305,-0.0355228,5932.23,5,38.746,1480.36,1505.33,49.4705,2,2,1.0,0.0,0.0,5,0.0,0,True,1746968616.369637,right,False
1886,1746968632.6819267,193.747,2.96699,-2.81466,0.278809,-0.0328377,5932.94,5,38.766,1481.44,1506.41,49.4702,2,2,1.0,0.0,0.0,5,0.0,0,True,1746968616.369637,right,False
1887,1746968632.703277,193.808,3.14501,-2.70758,0.282206,-0.030392,5934.58,5,38.786,1482.52,1507.49,49.4699,2,2,1.0,0.0,0.0,5,0.0,0,True,1746968616.369637,right,False
1888,1746968632.7220044,193.87,3.26721,-2.59283,0.285498,-0.0281718,5935.47,5,38.806,1483.61,1508.57,49.4696,2,2,1.0,0.0,0.0,5,0.0,0,True,1746968616.369637,right,False
1889,1746968632.7412915,193.932,3.34443,-2.47845,0.288684,-0.0261548,5937.09,5,38.826,1484.69,1509.65,49.4692,2,2,1.0,0.0,0.0,5,0.0,0,True,1746968616.369637,right,False
1890,1746968632.7620008,193.993,3.38089,-2.36541,0.291748,-0.0243219,5938.93,5,38.846,1485.77,1510.74,49.4689,2,2,1.0,0.0,0.0,5,0.0,0,True,1746968616.369637,right,False
1891,1746968632.7813442,194.056,3.38099,-2.23288,0.294682,-0.0226563,5940.15,5,38.866,1486.86,1511.82,49.4686,2,2,1.0,0.0,0.0,5,0.0,0,True,1746968616.369637,right,False
1892,1746968632.800427,194.118,3.35384,-2.10808,0.297506,-0.021138,5941.29,5,38.886,1487.94,1512.91,49.4683,2,2,1.0,0.0,0.0,5,0.0,0,True,1746968616.369637,right,False
1893,1746968632.8210645,194.18,3.30524,-1.99575,0.300216,-0.0197442,5942.82,5,38.906,1489.03,1513.99,49.468,2,2,1.0,0.0,0.0,5,0.0,0,True,1746968616.369637,right,False
1894,1746968632.8426938,194.242,3.23992,-1.87466,0.302787,-0.0184563,5944.68,5,38.926,1490.11,1515.07,49.4677,2,2,1.0,0.0,0.0,5,0.0,0,True,1746968616.369637,right,False
1895,1746968632.8604546,194.305,3.16228,-1.76149,0.305249,-0.0172561,5945.88,5,38.946,1491.2,1516.16,49.4674,2,2,1.0,0.0,0.0,5,0.0,0,True,1746968616.369637,right,False
1896,1746968632.882674,194.367,3.078,-1.65619,0.307605,-0.0161217,5947.32,5,38.966,1492.28,1517.25,49.4671,2,2,1.0,0.0,0.0,5,0.0,0,True,1746968616.369637,right,False
1897,1746968632.9014108,194.428,2.98961,-1.55585,0.309851,-0.0150407,5949.3,5,38.986,1493.37,1518.33,49.4668,2,2,1.0,0.0,0.0,5,0.0,0,True,1746968616.369637,right,False
1898,1746968632.9214623,194.489,2.89954,-1.45756,0.311987,-0.0140036,5952.32,5,39.006,1494.46,1519.42,49.4665,2,2,1.0,0.0,0.0,5,0.0,0,True,1746968616.369637,right,False
1899,1746968632.9408617,194.551,2.80853,-1.36164,0.314022,-0.0129989,5953.56,5,39.026,1495.54,1520.51,49.4662,2,2,1.0,0.0,0.0,5,0.0,0,True,1746968616.369637,right,False
1900,1746968632.9625545,194.611,2.71972,-1.27927,0.315946,-0.0120204,5955.67,5,39.046,1496.63,1521.6,49.4659,2,2,1.0,0.0,0.0,5,0.0,0,True,1746968616.369637,right,False
1901,1746968632.9832249,194.672,2.63326,-1.20178,0.317761,-0.011061,5957.83,5,39.066,1497.72,1522.68,49.4656,2,2,1.0,0.0,0.0,5,0.0,0,True,1746968616.369637,right,False
1902,1746968633.0007195,194.733,2.54906,-1.11337,0.319466,-0.010115,5958.93,5,39.086,1498.81,1523.77,49.4653,2,2,1.0,0.0,0.0,5,0.0,0,True,1746968616.369637,right,False
1903,1746968633.021174,194.793,2.47044,-1.04403,0.321094,-0.00917703,5961.79,5,39.106,1499.9,1524.86,49.465,2,2,1.0,0.0,0.0,5,0.0,0,True,1746968616.369637,right,False
1904,1746968633.041694,194.852,2.39577,-0.974731,0.322628,-0.00824529,5963.85,5,39.126,1500.99,1525.95,49.4647,2,2,1.0,0.0,0.0,5,0.0,0,True,1746968616.369637,right,False
1905,1746968633.062904,194.912,2.32492,-0.910252,0.324052,-0.00731737,5965.71,5,39.146,1502.08,1527.04,49.4644,2,2,1.0,0.0,0.0,5,0.0,0,True,1746968616.369637,right,False
1906,1746968633.0801978,194.971,2.25906,-0.851051,0.325399,-0.00639087,5968.04,5,39.166,1503.17,1528.13,49.4641,2,2,1.0,0.0,0.0,5,0.0,0,True,1746968616.369637,right,False
1907,1746968633.1003642,195.03,2.19763,-0.795266,0.326644,-0.005462,5970.27,5,39.186,1504.26,1529.22,49.4638,2,2,1.0,0.0,0.0,5,0.0,0,True,1746968616.369637,right,False
1908,1746968633.122863,195.088,2.14028,-0.741979,0.327808,-0.00453216,5972.17,5,39.206,1505.35,1530.31,49.4634,2,2,1.0,0.0,0.0,5,0.0,0,True,1746968616.369637,right,False
1909,1746968633.1426227,195.147,2.08678,-0.681168,0.328878,-0.00359756,5973.66,5,39.226,1506.44,1531.4,49.4631,2,2,1.0,0.0,0.0,5,0.0,0,True,1746968616.369637,right,False
1910,1746968633.162713,195.205,2.0382,-0.627082,0.329871,-0.00265628,5975.61,5,39.246,1507.53,1532.5,49.4628,2,2,1.0,0.0,0.0,5,0.0,0,True,1746968616.369637,right,False
1911,1746968633.1819923,195.263,1.99364,-0.575166,0.330762,-0.00170976,5978.29,5,39.266,1508.62,1533.59,49.4625,2,2,1.0,0.0,0.0,5,0.0,0,True,1746968616.369637,right,False
1912,1746968633.2012398,195.321,1.95241,-0.52162,0.331588,-0.000758473,5978.9,5,39.286,1509.72,1534.68,49.4622,2,2,1.0,0.0,0.0,5,0.0,0,True,1746968616.369637,right,False
1913,1746968633.2223518,195.378,1.91479,-0.464622,0.33232,0.000200446,5980.41,5,39.306,1510.81,1535.77,49.4619,2,2,1.0,0.0,0.0,5,0.0,0,True,1746968616.369637,right,False
1914,1746968633.242453,195.435,1.88221,-0.418576,0.332967,0.00116843,5982.83,5,39.326,1511.9,1536.87,49.4616,2,2,1.0,0.0,0.0,5,0.0,0,True,1746968616.369637,right,False
1915,1746968633.2633216,195.492,1.85135,-0.362525,0.333541,0.00214165,5984.4,5,39.346,1512.99,1537.96,49.4613,2,2,1.0,0.0,0.0,5,0.0,0,True,1746968616.369637,right,False
1916,1746968633.2802327,195.548,1.82449,-0.309186,0.334025,0.00312346,5986.36,5,39.366,1514.09,1539.05,49.461,2,2,1.0,0.0,0.0,5,0.0,0,True,1746968616.369637,right,False
1917,1746968633.3021162,195.604,1.80062,-0.258011,0.334424,0.00411385,5988.18,5,39.386,1515.18,1540.15,49.4607,2,2,1.0,0.0,0.0,5,0.0,0,True,1746968616.369637,right,False
1918,1746968633.3207772,195.66,1.77952,-0.205641,0.334753,0.00511139,5989.98,5,39.406,1516.28,1541.24,49.4604,2,2,1.0,0.0,0.0,5,0.0,0,True,1746968616.369637,right,False
1919,1746968633.3419607,195.717,1.76021,-0.144754,0.335006,0.00611752,5990.68,5,39.426,1517.37,1542.34,49.4601,2,2,1.0,0.0,0.0,5,0.0,0,True,1746968616.369637,right,False
1920,1746968633.3615656,195.772,1.74439,-0.0902953,0.335168,0.00713127,5992.79,5,39.446,1518.47,1543.43,49.4598,2,2,1.0,0.0,0.0,5,0.0,0,True,1746968616.369637,right,False
1921,1746968633.3807223,195.828,1.73061,-0.0382333,0.335254,0.00815171,5993.49,5,39.466,1519.56,1544.53,49.4595,2,2,1.0,0.0,0.0,5,0.0,0,True,1746968616.369637,right,False
1922,1746968633.4024515,195.883,1.71911,0.0211629,0.335266,0.00918263,5995.26,5,39.486,1520.66,1545.62,49.4592,2,2,1.0,0.0,0.0,5,0.0,0,True,1746968616.369637,right,False
1923,1746968633.4219563,195.937,1.70913,0.0779889,0.335197,0.0102174,5997.16,5,39.506,1521.75,1546.72,49.4589,2,2,1.0,0.0,0.0,5,0.0,0,True,1746968616.369637,right,False
1924,1746968633.4405897,195.991,1.70111,0.135136,0.335046,0.0112607,5998.74,5,39.526,1522.85,1547.81,49.4586,2,2,1.0,0.0,0.0,5,0.0,0,True,1746968616.369637,right,False
1925,1746968633.4630227,196.046,1.69453,0.194079,0.334814,0.0123107,5999.9,5,39.546,1523.95,1548.91,49.4583,2,2,1.0,0.0,0.0,5,0.0,0,True,1746968616.369637,right,False
1926,1746968633.4811697,196.1,1.68973,0.251974,0.334509,0.0133664,6000.77,5,39.566,1525.04,1550.01,49.458,2,2,1.0,0.0,0.0,5,0.0,0,True,1746968616.369637,right,False
1927,1746968633.503679,196.153,1.68671,0.310204,0.334127,0.0144307,6002.83,5,39.586,1526.14,1551.11,49.4576,2,2,1.0,0.0,0.0,5,0.0,0,True,1746968616.369637,right,False
1928,1746968633.522193,196.207,1.68581,0.364534,0.333663,0.0155036,6004.46,5,39.606,1527.24,1552.2,49.4573,2,2,1.0,0.0,0.0,5,0.0,0,True,1746968616.369637,right,False
1929,1746968633.5416198,196.26,1.68536,0.424034,0.333114,0.0165812,6005.99,5,39.626,1528.34,1553.3,49.457,2,2,1.0,0.0,0.0,5,0.0,0,True,1746968616.369637,right,False
1930,1746968633.560576,196.311,1.6864,0.478254,0.332487,0.0176656,6008.79,5,39.646,1529.43,1554.4,49.4567,2,2,1.0,0.0,0.0,5,0.0,0,True,1746968616.369637,right,False
1931,1746968633.58256,196.364,1.68779,0.536034,0.331795,0.0187528,6009.82,5,39.666,1530.53,1555.5,49.4564,2,2,1.0,0.0,0.0,5,0.0,0,True,1746968616.369637,right,False
1932,1746968633.6021106,196.416,1.68966,0.591284,0.331014,0.0198438,6011.51,5,39.686,1531.63,1556.6,49.4561,2,2,1.0,0.0,0.0,5,0.0,0,True,1746968616.369637,right,False
1933,1746968633.6216881,196.468,1.69154,0.652528,0.330155,0.0209357,6012.59,5,39.706,1532.73,1557.69,49.4558,2,2,1.0,0.0,0.0,5,0.0,0,True,1746968616.369637,right,False
1934,1746968633.6415474,196.519,1.69398,0.70455,0.329211,0.0220286,6014.34,5,39.726,1533.83,1558.79,49.4555,2,2,1.0,0.0,0.0,5,0.0,0,True,1746968616.369637,right,False
1935,1746968633.663129,196.57,1.69611,0.758043,0.328194,0.0231215,6016.59,5,39.746,1534.93,1559.89,49.4552,2,2,1.0,0.0,0.0,5,0.0,0,True,1746968616.369637,right,False
1936,1746968633.6832552,196.622,1.69775,0.815926,0.327104,0.0242154,6017.7,5,39.766,1536.03,1560.99,49.4549,2,2,1.0,0.0,0.0,5,0.0,0,True,1746968616.369637,right,False
1937,1746968633.7004101,196.672,1.69955,0.871017,0.325928,0.0253093,6019.43,5,39.786,1537.13,1562.09,49.4546,2,2,1.0,0.0,0.0,5,0.0,0,True,1746968616.369637,right,False
1938,1746968633.7211015,196.723,1.70121,0.935176,0.32467,0.026405,6020.04,5,39.806,1538.23,1563.19,49.4543,2,2,1.0,0.0,0.0,5,0.0,0,True,1746968616.369637,right,False
1939,1746968633.7423873,196.773,1.70439,0.986738,0.323332,0.0275065,6021.76,5,39.826,1539.33,1564.29,49.454,2,2,1.0,0.0,0.0,5,0.0,0,True,1746968616.369637,right,False
1940,1746968633.7634702,196.822,1.70781,1.03435,0.32192,0.028608,6024.33,5,39.846,1540.43,1565.39,49.4537,2,2,1.0,0.0,0.0,5,0.0,0,True,1746968616.369637,right,False
1941,1746968633.7821193,196.873,1.70986,1.09511,0.320426,0.0297105,6024.27,5,39.866,1541.53,1566.49,49.4534,2,2,1.0,0.0,0.0,5,0.0,0,True,1746968616.369637,right,False
1942,1746968633.8029246,196.922,1.71263,1.15115,0.318852,0.0308139,6026.86,5,39.886,1542.63,1567.6,49.4531,2,2,1.0,0.0,0.0,5,0.0,0,True,1746968616.369637,right,False
1943,1746968633.8218474,196.971,1.71408,1.21416,0.3172,0.0319144,6028.08,5,39.906,1543.73,1568.7,49.4528,2,2,1.0,0.0,0.0,5,0.0,0,True,1746968616.369637,right,False
1944,1746968633.8402102,197.02,1.71625,1.26764,0.315462,0.0330169,6029.85,5,39.926,1544.83,1569.8,49.4525,2,2,1.0,0.0,0.0,5,0.0,0,True,1746968616.369637,right,False
1945,1746968633.8624845,197.069,1.71767,1.32605,0.313652,0.0341193,6030.7,5,39.946,1545.93,1570.9,49.4522,2,2,1.0,0.0,0.0,5,0.0,0,True,1746968616.369637,right,False
1946,1746968633.8814619,197.118,1.71909,1.38999,0.311755,0.0352218,6031.24,5,39.966,1547.04,1572,49.4519,2,2,1.0,0.0,0.0,5,0.0,0,True,1746968616.369637,right,False
1947,1746968633.901905,197.166,1.7209,1.44847,0.309782,0.0363275,6032.6,5,39.986,1548.14,1573.1,49.4515,2,2,1.0,0.0,0.0,5,0.0,0,True,1746968616.369637,right,False
1948,1746968633.9218278,197.213,1.72319,1.50682,0.307723,0.0374362,6035.13,5,40.006,1549.24,1574.2,49.4512,2,2,1.0,0.0,0.0,5,0.0,0,True,1746968616.369637,right,False
1949,1746968633.9404263,197.261,1.7245,1.57312,0.305587,0.0385405,6035.47,5,40.026,1550.34,1575.31,49.4509,2,2,1.0,0.0,0.0,5,0.0,0,True,1746968616.369637,right,False
1950,1746968633.9616597,197.308,1.72573,1.63015,0.303373,0.0396458,6037.13,5,40.046,1551.45,1576.41,49.4506,2,2,1.0,0.0,0.0,5,0.0,0,True,1746968616.369637,right,False
1951,1746968633.9804816,197.355,1.7272,1.69077,0.30107,0.0407531,6039.51,5,40.066,1552.55,1577.51,49.4503,2,2,1.0,0.0,0.0,5,0.0,0,True,1746968616.369637,right,False
1952,1746968634.0009022,197.402,1.7283,1.75054,0.298682,0.0418574,6040.19,5,40.086,1553.65,1578.62,49.45,2,2,1.0,0.0,0.0,5,0.0,0,True,1746968616.369637,right,False
1953,1746968634.0209641,197.448,1.7288,1.81381,0.296224,0.0429618,6041.53,5,40.106,1554.75,1579.72,49.4497,2,2,1.0,0.0,0.0,5,0.0,0,True,1746968616.369637,right,False
1954,1746968634.040895,197.494,1.72992,1.8632,0.293681,0.0440652,6044.29,5,40.126,1555.86,1580.82,49.4494,2,2,1.0,0.0,0.0,5,0.0,0,True,1746968616.369637,right,False
1955,1746968634.0614483,197.54,1.72947,1.92731,0.291056,0.0451648,6044.96,5,40.146,1556.96,1581.92,49.4491,2,2,1.0,0.0,0.0,5,0.0,0,True,1746968616.369637,right,False
1956,1746968634.081037,197.586,1.72919,1.98636,0.288346,0.0462643,6046.81,5,40.166,1558.06,1583.03,49.4488,2,2,1.0,0.0,0.0,5,0.0,0,True,1746968616.369637,right,False
1957,1746968634.101166,197.631,1.7291,2.04082,0.285559,0.0473639,6048.44,5,40.186,1559.17,1584.13,49.4485,2,2,1.0,0.0,0.0,5,0.0,0,True,1746968616.369637,right,False
1958,1746968634.1224859,197.676,1.72808,2.10426,0.282694,0.0484597,6049.13,5,40.206,1560.27,1585.24,49.4482,2,2,1.0,0.0,0.0,5,0.0,0,True,1746968616.369637,right,False
1959,1746968634.1398733,197.72,1.72742,2.15764,0.279744,0.0495555,6051.15,5,40.226,1561.37,1586.34,49.4479,2,2,1.0,0.0,0.0,5,0.0,0,True,1746968616.369637,right,False
1960,1746968634.16109,197.766,1.72546,2.21887,0.276709,0.0506474,6051.79,5,40.246,1562.48,1587.44,49.4476,2,2,1.0,0.0,0.0,5,0.0,0,True,1746968616.369637,right,False
1961,1746968634.1810925,197.81,1.72359,2.28028,0.273596,0.0517375,6052.98,5,40.266,1563.58,1588.55,49.4473,2,2,1.0,0.0,0.0,5,0.0,0,True,1746968616.369637,right,False
1962,1746968634.203312,197.854,1.72118,2.33712,0.270406,0.0528271,6054.45,5,40.286,1564.69,1589.65,49.447,2,2,1.0,0.0,0.0,5,0.0,0,True,1746968616.369637,right,False
1963,1746968634.2224786,197.899,1.71961,2.39792,0.267131,0.0539185,6054.94,5,40.306,1565.79,1590.76,49.4467,2,2,1.0,0.0,0.0,5,0.0,0,True,1746968616.369637,right,False
1964,1746968634.2427108,197.942,1.71837,2.46072,0.263774,0.0550105,6056.75,5,40.326,1566.9,1591.86,49.4464,2,2,1.0,0.0,0.0,5,0.0,0,True,1746968616.369637,right,False
1965,1746968634.2620156,197.985,1.71674,2.5146,0.260331,0.0561044,6058.26,5,40.346,1568,1592.97,49.4461,2,2,1.0,0.0,0.0,5,0.0,0,True,1746968616.369637,right,False
1966,1746968634.281717,198.028,1.71573,2.57294,0.256812,0.0571963,6060.59,5,40.366,1569.11,1594.07,49.4457,2,2,1.0,0.0,0.0,5,0.0,0,True,1746968616.369637,right,False
1967,1746968634.3025131,198.071,1.71453,2.62803,0.25321,0.0582878,6061.51,5,40.386,1570.21,1595.17,49.4454,2,2,1.0,0.0,0.0,5,0.0,0,True,1746968616.369637,right,False
1968,1746968634.3211086,198.113,1.71311,2.68892,0.249524,0.0593793,6062.23,5,40.406,1571.32,1596.28,49.4451,2,2,1.0,0.0,0.0,5,0.0,0,True,1746968616.369637,right,False
1969,1746968634.3409872,198.156,1.71206,2.74622,0.24576,0.0604717,6063.28,5,40.426,1572.42,1597.38,49.4448,2,2,1.0,0.0,0.1,5,0.0,0,True,1746968616.369637,right,False
1970,1746968634.3605628,198.198,1.71182,2.7971,0.241915,0.0615661,6064.57,5,40.446,1573.53,1598.49,49.4445,2,2,1.0,0.0,0.1,5,0.0,0,True,1746968616.369637,right,False
1971,1746968634.3799572,198.227,1.85586,2.86097,0.238033,0.0619323,6068.04,5,40.466,1574.63,1599.6,49.4442,2,2,1.0,0.0,0.1,5,0.0,0,True,1746968616.369637,right,False
1972,1746968634.4004786,198.252,1.69061,2.89669,0.234188,0.0603072,6074.12,5,40.486,1575.74,1600.7,49.4439,2,2,1.0,0.0,0.1,5,0.0,0,True,1746968616.369637,right,False
1973,1746968634.4230459,198.28,1.1751,2.91616,0.230391,0.0568797,6080.66,5,40.506,1576.84,1601.81,49.4436,2,2,1.0,0.0,0.1,5,0.0,0,True,1746968616.369637,right,False
1974,1746968634.4413857,198.307,0.376725,2.92565,0.226644,0.0518987,6086.66,5,40.526,1577.95,1602.91,49.4433,2,2,1.0,0.0,0.1,5,0.0,0,True,1746968616.369637,right,False
1975,1746968634.4600434,198.327,-0.645234,2.90002,0.222965,0.0456302,6095.53,5,40.546,1579.05,1604.02,49.443,2,2,1.0,0.0,0.1,5,0.0,0,True,1746968616.369637,right,False
1976,1746968634.481288,198.337,-1.82841,2.86537,0.219364,0.0383465,6105.51,5,40.566,1580.16,1605.12,49.4427,2,2,1.0,0.0,0.1,5,0.0,0,True,1746968616.369637,right,False
1977,1746968634.503776,198.334,-3.12107,2.8109,0.215869,0.030297,6117.44,5,40.586,1581.26,1606.23,49.4424,2,2,1.0,0.0,0.1,5,0.0,0,True,1746968616.369637,right,False
1978,1746968634.5217216,198.315,-4.4793,2.73718,0.212484,0.0217182,6132.04,5,40.606,1582.37,1607.33,49.4421,2,2,1.0,0.0,0.1,5,0.0,0,True,1746968616.369637,right,False
1979,1746968634.5402365,198.279,-5.86523,2.64181,0.209237,0.0127971,6149.49,5,40.626,1583.47,1608.44,49.4418,2,2,1.0,0.0,0.1,5,0.0,0,True,1746968616.369637,right,False
1980,1746968634.5627124,198.227,-7.25699,2.52136,0.20614,0.00369328,6168.4,5,40.646,1584.58,1609.55,49.4415,2,2,1.0,0.0,0.1,5,0.0,0,True,1746968616.369637,right,False
1981,1746968634.5823867,198.159,-8.62941,2.3948,0.203194,-0.00548202,6190.25,5,40.666,1585.69,1610.65,49.4412,2,2,1.0,0.0,0.1,5,0.0,0,True,1746968616.369637,right,False
1982,1746968634.6014302,198.076,-9.97134,2.25239,0.200423,-0.0146492,6213.01,5,40.686,1586.79,1611.76,49.4409,2,2,1.0,0.0,0.0,5,0.0,0,True,1746968616.369637,left,False
1983,1746968634.621187,197.979,-11.2853,2.10033,0.197827,-0.0237706,6235.87,5,40.706,1587.9,1612.86,49.4406,2,2,1.0,0.0,0.0,5,0.0,0,True,1746968616.369637,left,False
1984,1746968634.642033,197.899,-12.6149,1.9389,0.19541,-0.0325511,6247.4,5,40.726,1589,1613.97,49.4403,2,2,1.0,0.0,0.0,5,0.0,0,True,1746968616.369637,left,False
1985,1746968634.660578,197.83,-13.7859,1.77935,0.19314,-0.040449,6247.78,5,40.746,1590.11,1615.07,49.4399,2,2,1.0,0.0,0.0,5,0.0,0,True,1746968616.369637,left,False
1986,1746968634.6813874,197.775,-14.7655,1.6244,0.191028,-0.0475658,6234.98,5,40.766,1591.21,1616.18,49.4396,2,2,1.0,0.0,0.0,5,0.0,0,True,1746968616.369637,left,False
1987,1746968634.701034,197.73,-15.5877,1.47141,0.189091,-0.0540364,6215.2,5,40.786,1592.32,1617.28,49.4393,2,2,1.0,0.0,0.0,5,0.0,0,True,1746968616.369637,left,False
1988,1746968634.7199988,197.688,-16.278,1.31842,0.187329,-0.059974,6196.85,5,40.806,1593.43,1618.39,49.439,2,2,1.0,0.0,0.0,5,0.0,0,True,1746968616.369637,left,False
1989,1746968634.7407377,197.646,-16.8588,1.16811,0.185754,-0.0654596,6184.15,5,40.826,1594.53,1619.5,49.4387,2,2,1.0,0.0,0.0,5,0.0,0,True,1746968616.369637,left,False
1990,1746968634.760107,197.605,-17.3486,1.02228,0.184379,-0.0705665,6174.32,5,40.846,1595.64,1620.6,49.4384,2,2,1.0,0.0,0.0,5,0.0,0,True,1746968616.369637,left,False
1991,1746968634.7819252,197.563,-17.7613,0.864264,0.183199,-0.075312,6172.66,5,40.866,1596.74,1621.71,49.4381,2,2,1.0,0.0,0.0,5,0.0,0,True,1746968616.369637,left,False
1992,1746968634.7999797,197.525,-18.0911,0.713395,0.182218,-0.0797227,6170,5,40.886,1597.85,1622.81,49.4378,2,2,1.0,0.0,0.0,5,0.0,0,True,1746968616.369637,left,False
1993,1746968634.8203104,197.49,-18.3477,0.566512,0.181433,-0.0837925,6170.7,5,40.906,1598.96,1623.92,49.4375,2,2,1.0,0.0,0.0,5,0.0,0,True,1746968616.369637,left,False
1994,1746968634.840378,197.455,-18.5411,0.415203,0.180859,-0.0875371,6178.51,5,40.926,1600.06,1625.03,49.4372,2,2,1.0,0.0,0.0,5,0.0,0,True,1746968616.369637,left,False
1995,1746968634.8601828,197.43,-18.6534,0.263221,0.180497,-0.0909069,6181.41,5,40.946,1601.17,1626.13,49.4369,2,2,1.0,0.0,0.0,5,0.0,0,True,1746968616.369637,left,False
1996,1746968634.8813891,197.406,-18.7075,0.100785,0.180339,-0.0939286,6191.62,5,40.966,1602.27,1627.24,49.4366,2,2,1.0,0.0,0.0,5,0.0,0,True,1746968616.369637,left,False
1997,1746968634.902459,197.394,-18.6744,-0.0496601,0.180383,-0.0965627,6195.13,5,40.986,1603.38,1628.34,49.4363,2,2,1.0,0.0,0.0,5,0.0,0,True,1746968616.369637,left,False
1998,1746968634.9220903,197.389,-18.5702,-0.204723,0.18064,-0.0988148,6200.75,5,41.006,1604.49,1629.45,49.436,2,2,1.0,0.0,0.0,5,0.0,0,True,1746968616.369637,left,False
1999,1746968634.9403224,197.388,-18.3974,-0.361458,0.181099,-0.100673,6210.39,5,41.026,1605.59,1630.56,49.4357,2,2,1.0,0.0,0.0,5,0.0,0,True,1746968616.369637,left,False
2000,1746968634.9621034,197.401,-18.1422,-0.510074,0.181759,-0.102137,6212.88,5,41.046,1606.7,1631.66,49.4354,2,2,1.0,0.0,0.0,5,0.0,0,True,1746968616.369637,left,False
2001,1746968634.981295,197.417,-17.8238,-0.671834,0.182625,-0.103197,6220.56,5,41.066,1607.8,1632.77,49.4351,2,2,1.0,0.0,0.0,5,0.0,0,True,1746968616.369637,left,False
2002,1746968635.0038786,197.448,-17.4297,-0.823598,0.183687,-0.103869,6219.95,5,41.086,1608.91,1633.87,49.4348,2,2,1.0,0.0,0.0,5,0.0,0,True,1746968616.369637,left,False
2003,1746968635.0221245,197.488,-16.9682,-0.973378,0.184953,-0.104163,6218.25,5,41.106,1610.01,1634.98,49.4345,2,2,1.0,0.0,0.0,5,0.0,0,True,1746968616.369637,left,False
2004,1746968635.0404682,197.532,-16.4462,-1.12387,0.186405,-0.104084,6217.88,5,41.126,1611.12,1636.08,49.4342,2,2,1.0,0.0,0.0,5,0.0,0,True,1746968616.369637,left,False
2005,1746968635.0628376,197.586,-15.8611,-1.27385,0.188049,-0.103635,6215.86,5,41.146,1612.22,1637.19,49.4338,2,2,1.0,0.0,0.0,5,0.0,0,True,1746968616.369637,left,False
2006,1746968635.0814986,197.649,-15.2149,-1.41811,0.18988,-0.102823,6208.92,5,41.166,1613.33,1638.29,49.4335,2,2,1.0,0.0,0.0,5,0.0,0,True,1746968616.369637,left,False
2007,1746968635.100262,197.718,-14.5102,-1.56028,0.19189,-0.101651,6202.3,5,41.186,1614.43,1639.4,49.4332,2,2,1.0,0.0,0.0,5,0.0,0,True,1746968616.369637,left,False
2008,1746968635.1209562,197.792,-13.7569,-1.69875,0.194071,-0.100137,6196.34,5,41.206,1615.54,1640.5,49.4329,2,2,1.0,0.0,0.0,5,0.0,0,True,1746968616.369637,left,False
2009,1746968635.1441405,197.872,-12.9563,-1.82842,0.196419,-0.0983108,6184.42,5,41.226,1616.64,1641.61,49.4326,2,2,1.0,0.0,0.0,5,0.0,0,True,1746968616.369637,left,False
2010,1746968635.1604552,197.955,-12.1232,-1.95658,0.19893,-0.0962032,6176.29,5,41.246,1617.75,1642.71,49.4323,2,2,1.0,0.0,0.0,5,0.0,0,True,1746968616.369637,left,False
2011,1746968635.1834502,198.041,-11.2606,-2.08161,0.201595,-0.0938333,6166.62,5,41.266,1618.86,1643.82,49.432,2,2,1.0,0.0,0.0,5,0.0,0,True,1746968616.369637,left,False
2012,1746968635.2033875,198.129,-10.3734,-2.19298,0.204407,-0.0912307,6155.76,5,41.286,1619.96,1644.93,49.4317,2,2,1.0,0.0,0.0,5,0.0,0,True,1746968616.369637,left,False
2013,1746968635.2199094,198.218,-9.46978,-2.29735,0.207353,-0.0884088,6146.17,5,41.306,1621.07,1646.03,49.4314,2,2,1.0,0.0,0.0,5,0.0,0,True,1746968616.369637,left,False
2014,1746968635.2430336,198.305,-8.56061,-2.39613,0.210421,-0.0854185,6137.82,5,41.326,1622.17,1647.14,49.4311,2,2,1.0,0.0,0.0,5,0.0,0,True,1746968616.369637,left,False
2015,1746968635.2645786,198.391,-7.65955,-2.4864,0.213603,-0.0822852,6130.82,5,41.346,1623.28,1648.24,49.4308,2,2,1.0,0.0,0.0,5,0.0,0,True,1746968616.369637,left,False
2016,1746968635.2817771,198.476,-6.77143,-2.56991,0.216886,-0.0790566,6123.17,5,41.366,1624.39,1649.35,49.4305,2,2,1.0,0.0,0.0,5,0.0,0,True,1746968616.369637,left,False
2017,1746968635.3013704,198.558,-5.90491,-2.64156,0.22026,-0.0757592,6117.5,5,41.386,1625.49,1650.46,49.4302,2,2,1.0,0.0,0.0,5,0.0,0,True,1746968616.369637,left,False
2018,1746968635.3221602,198.637,-5.06714,-2.70813,0.223702,-0.0724242,6113.48,5,41.406,1626.6,1651.57,49.4299,2,2,1.0,0.0,0.0,5,0.0,0,True,1746968616.369637,left,False
2019,1746968635.3407488,198.714,-4.26707,-2.76387,0.227205,-0.0690835,6109.26,5,41.426,1627.71,1652.67,49.4296,2,2,1.0,0.0,0.0,5,0.0,0,True,1746968616.369637,left,False
2020,1746968635.3639483,198.789,-3.50647,-2.79375,0.230754,-0.06577,6104.22,5,41.446,1628.82,1653.78,49.4293,2,2,1.0,0.0,0.0,5,0.0,0,True,1746968616.369637,left,False
2021,1746968635.3834317,198.861,-2.79308,-2.82177,0.234326,-0.0625051,6101.07,5,41.466,1629.93,1654.89,49.429,2,2,1.0,0.0,0.0,5,0.0,0,True,1746968616.369637,left,False
2022,1746968635.4020052,198.93,-2.12986,-2.84299,0.237923,-0.0593074,6100.54,5,41.486,1631.04,1656,49.4287,2,2,1.0,0.0,0.0,5,0.0,0,True,1746968616.369637,left,False
2023,1746968635.420198,198.996,-1.51734,-2.85543,0.24152,-0.0561922,6100.65,5,41.506,1632.15,1657.11,49.4284,2,2,1.0,0.0,0.0,5,0.0,0,True,1746968616.369637,left,False
2024,1746968635.4413097,199.061,-0.955763,-2.84946,0.245113,-0.0531724,6099.39,5,41.526,1633.26,1658.22,49.428,2,2,1.0,0.0,0.0,5,0.0,0,True,1746968616.369637,left,False
2025,1746968635.4605453,199.125,-0.446292,-2.82494,0.248678,-0.0502613,6097.85,5,41.546,1634.37,1659.33,49.4277,2,2,1.0,0.0,0.0,5,0.0,0,True,1746968616.369637,left,False
2026,1746968635.4838204,199.186,0.0115429,-2.79487,0.252218,-0.0474661,6098.23,5,41.566,1635.48,1660.44,49.4274,2,2,1.0,0.0,0.0,5,0.0,0,True,1746968616.369637,left,False
2027,1746968635.501222,199.246,0.419045,-2.75233,0.255709,-0.0447925,6098.32,5,41.586,1636.59,1661.55,49.4271,2,2,1.0,0.0,0.0,5,0.0,0,True,1746968616.369637,left,False
2028,1746968635.5224013,199.304,0.778446,-2.70983,0.259151,-0.0422414,6100.03,5,41.606,1637.7,1662.67,49.4268,2,2,1.0,0.0,0.0,5,0.0,0,True,1746968616.369637,left,False
2029,1746968635.5434647,199.363,1.09186,-2.6536,0.262537,-0.0398153,6100.74,5,41.626,1638.81,1663.78,49.4265,2,2,1.0,0.0,0.0,5,0.0,0,True,1746968616.369637,left,False
2030,1746968635.5610273,199.42,1.36197,-2.58944,0.265853,-0.0375131,6101.55,5,41.646,1639.93,1664.89,49.4262,2,2,1.0,0.0,0.0,5,0.0,0,True,1746968616.369637,left,False
2031,1746968635.581739,199.477,1.5915,-2.51947,0.269096,-0.0353339,6102.84,5,41.666,1641.04,1666,49.4259,2,2,1.0,0.0,0.0,5,0.0,0,True,1746968616.369637,left,False
2032,1746968635.6002693,199.533,1.784,-2.44799,0.272257,-0.0332711,6103.97,5,41.686,1642.15,1667.12,49.4256,2,2,1.0,0.0,0.0,5,0.0,0,True,1746968616.369637,left,False
2033,1746968635.621974,199.589,1.94237,-2.36637,0.275338,-0.0313199,6104.57,5,41.706,1643.27,1668.23,49.4253,2,2,1.0,0.0,0.0,5,0.0,0,True,1746968616.369637,left,False
2034,1746968635.642589,199.645,2.0692,-2.2801,0.278337,-0.0294793,6106.11,5,41.726,1644.38,1669.35,49.425,2,2,1.0,0.0,0.0,5,0.0,0,True,1746968616.369637,left,False
2035,1746968635.6620836,199.7,2.16857,-2.19399,0.281234,-0.0277379,6108.19,5,41.746,1645.5,1670.46,49.4247,2,2,1.0,0.0,0.0,5,0.0,0,True,1746968616.369637,left,False
2036,1746968635.680855,199.755,2.24373,-2.10312,0.284045,-0.0260881,6108.41,5,41.766,1646.61,1671.58,49.4244,2,2,1.0,0.0,0.0,5,0.0,0,True,1746968616.369637,left,False
2037,1746968635.7031133,199.81,2.29792,-2.01064,0.286759,-0.0245188,6110.06,5,41.786,1647.73,1672.69,49.4241,2,2,1.0,0.0,0.0,5,0.0,0,True,1746968616.369637,left,False
2038,1746968635.7205887,199.865,2.33548,-1.92875,0.289372,-0.023022,6111.49,5,41.806,1648.84,1673.81,49.4238,2,2,1.0,0.0,0.0,5,0.0,0,True,1746968616.369637,left,False
2039,1746968635.7415833,199.919,2.35684,-1.83167,0.29189,-0.0215915,6112.64,5,41.826,1649.96,1674.92,49.4235,2,2,1.0,0.0,0.0,5,0.0,0,True,1746968616.369637,left,False
2040,1746968635.7621632,199.973,2.36696,-1.7504,0.294316,-0.0202172,6115.1,5,41.846,1651.08,1676.04,49.4232,2,2,1.0,0.0,0.0,5,0.0,0,True,1746968616.369637,left,False
2041,1746968635.781139,200.027,2.36605,-1.66623,0.296635,-0.0188926,6116.48,5,41.866,1652.19,1677.16,49.4229,2,2,1.0,0.0,0.0,5,0.0,0,True,1746968616.369637,left,False
2042,1746968635.7999184,200.081,2.3573,-1.58099,0.298865,-0.0176099,6117.85,5,41.886,1653.31,1678.28,49.4226,2,2,1.0,0.0,0.0,5,0.0,0,True,1746968616.369637,left,False
2043,1746968635.8212738,200.133,2.34146,-1.49479,0.300985,-0.0163644,6120.51,5,41.906,1654.43,1679.4,49.4222,2,2,1.0,0.0,0.0,5,0.0,0,True,1746968616.369637,left,False
2044,1746968635.840361,200.186,2.32225,-1.4222,0.303019,-0.0151489,6122.18,5,41.926,1655.55,1680.51,49.4219,2,2,1.0,0.0,0.0,5,0.0,0,True,1746968616.369637,left,False
2045,1746968635.862219,200.239,2.29761,-1.33946,0.304952,-0.0139626,6124.02,5,41.946,1656.67,1681.63,49.4216,2,2,1.0,0.0,0.0,5,0.0,0,True,1746968616.369637,left,False
2046,1746968635.880599,200.292,2.26924,-1.26616,0.306791,-0.0128034,6125.41,5,41.966,1657.79,1682.75,49.4213,2,2,1.0,0.0,0.0,5,0.0,0,True,1746968616.369637,left,False
2047,1746968635.9013162,200.345,2.23929,-1.19026,0.308529,-0.0116637,6126.69,5,41.986,1658.91,1683.87,49.421,2,2,1.0,0.0,0.0,5,0.0,0,True,1746968616.369637,left,False
2048,1746968635.9206982,200.396,2.20956,-1.1303,0.310173,-0.0105365,6128.85,5,42.006,1660.03,1684.99,49.4207,2,2,1.0,0.0,0.0,5,0.0,0,True,1746968616.369637,left,False
2049,1746968635.943096,200.449,2.17876,-1.05878,0.311727,-0.00942165,6130.14,5,42.026,1661.15,1686.11,49.4204,2,2,1.0,0.0,0.0,5,0.0,0,True,1746968616.369637,left,False
2050,1746968635.9636934,200.5,2.14784,-0.990621,0.31318,-0.00831539,6131.46,5,42.046,1662.27,1687.23,49.4201,2,2,1.0,0.0,0.0,5,0.0,0,True,1746968616.369637,left,False
2051,1746968635.9850092,200.551,2.11754,-0.927774,0.314551,-0.00721866,6133.35,5,42.066,1663.39,1688.35,49.4198,2,2,1.0,0.0,0.0,5,0.0,0,True,1746968616.369637,left,False
2052,1746968636.0044444,200.603,2.08724,-0.861691,0.31582,-0.00612718,6134.55,5,42.086,1664.51,1689.48,49.4195,2,2,1.0,0.0,0.0,5,0.0,0,True,1746968616.369637,left,False
2053,1746968636.0232596,200.654,2.05767,-0.796329,0.316996,-0.00504142,6136.15,5,42.106,1665.63,1690.6,49.4192,2,2,1.0,0.0,0.0,5,0.0,0,True,1746968616.369637,left,False
2054,1746968636.0441105,200.704,2.03039,-0.73747,0.318091,-0.0039571,6137.9,5,42.126,1666.76,1691.72,49.4189,2,2,1.0,0.0,0.0,5,0.0,0,True,1746968616.369637,left,False
2055,1746968636.0604668,200.755,2.00284,-0.669483,0.319088,-0.00287563,6138.99,5,42.146,1667.88,1692.84,49.4186,2,2,1.0,0.0,0.0,5,0.0,0,True,1746968616.369637,left,False
2056,1746968636.0816665,200.805,1.9778,-0.607203,0.319995,-0.00179464,6141.11,5,42.166,1669,1693.97,49.4183,2,2,1.0,0.0,0.0,5,0.0,0,True,1746968616.369637,left,False
2057,1746968636.1012383,200.854,1.95423,-0.546106,0.320817,-0.00071365,6142.69,5,42.186,1670.12,1695.09,49.418,2,2,1.0,0.0,0.0,5,0.0,0,True,1746968616.369637,left,False
2058,1746968636.1206453,200.904,1.93172,-0.482457,0.321549,0.000368293,6143.97,5,42.206,1671.25,1696.21,49.4177,2,2,1.0,0.0,0.0,5,0.0,0,True,1746968616.369637,left,False
2059,1746968636.141471,200.953,1.91054,-0.419571,0.322192,0.00145071,6145.16,5,42.226,1672.37,1697.34,49.4174,2,2,1.0,0.0,0.0,5,0.0,0,True,1746968616.369637,left,False
2060,1746968636.1631057,201.002,1.89208,-0.364703,0.322742,0.00253647,6147.09,5,42.246,1673.5,1698.46,49.4171,2,2,1.0,0.0,0.0,5,0.0,0,True,1746968616.369637,left,False
2061,1746968636.1825793,201.05,1.87391,-0.29918,0.32321,0.00362366,6148.86,5,42.266,1674.62,1699.58,49.4168,2,2,1.0,0.0,0.0,5,0.0,0,True,1746968616.369637,left,False
2062,1746968636.2022908,201.099,1.85755,-0.238847,0.323592,0.00471276,6150.16,5,42.286,1675.74,1700.71,49.4165,2,2,1.0,0.0,0.0,5,0.0,0,True,1746968616.369637,left,False
2063,1746968636.222653,201.147,1.84276,-0.179701,0.323877,0.00580376,6151.82,5,42.306,1676.87,1701.83,49.4161,2,2,1.0,0.0,0.0,5,0.0,0,True,1746968616.369637,left,False
2064,1746968636.242424,201.195,1.82913,-0.120045,0.32408,0.00689762,6153.33,5,42.326,1677.99,1702.96,49.4158,2,2,1.0,0.0,0.0,5,0.0,0,True,1746968616.369637,left,False
2065,1746968636.2654533,201.242,1.81635,-0.0627237,0.324202,0.00799054,6154.41,5,42.346,1679.12,1704.08,49.4155,2,2,1.0,0.0,0.0,5,0.0,0,True,1746968616.369637,left,False
2066,1746968636.2822063,201.289,1.80471,-0.000638578,0.324235,0.00908726,6156.17,5,42.366,1680.25,1705.21,49.4152,2,2,1.0,0.0,0.0,5,0.0,0,True,1746968616.369637,left,False
2067,1746968636.3005307,201.338,1.79221,0.070207,0.324182,0.010183,6156.04,5,42.386,1681.37,1706.34,49.4149,2,2,1.0,0.0,0.0,5,0.0,0,True,1746968616.369637,left,False
2068,1746968636.3203037,201.384,1.78165,0.136392,0.324036,0.0112807,6158.14,5,42.406,1682.5,1707.46,49.4146,2,2,1.0,0.0,0.0,5,0.0,0,True,1746968616.369637,left,False
2069,1746968636.3408358,201.43,1.77207,0.200348,0.323812,0.0123813,6159.44,5,42.426,1683.62,1708.59,49.4143,2,2,1.0,0.0,0.0,5,0.0,0,True,1746968616.369637,left,False
2070,1746968636.3611658,201.477,1.76535,0.259497,0.323499,0.0134904,6160.97,5,42.446,1684.75,1709.72,49.414,2,2,1.0,0.0,0.0,5,0.0,0,True,1746968616.369637,left,False
2071,1746968636.3800886,201.523,1.7593,0.323091,0.3231,0.0146043,6161.74,5,42.466,1685.88,1710.84,49.4137,2,2,1.0,0.0,0.0,5,0.0,0,True,1746968616.369637,left,False
2072,1746968636.4023004,201.568,1.7552,0.381084,0.322624,0.0157234,6163.46,5,42.486,1687.01,1711.97,49.4134,2,2,1.0,0.0,0.0,5,0.0,0,True,1746968616.369637,left,False
2073,1746968636.4227517,201.613,1.75172,0.440601,0.322054,0.0168464,6165.72,5,42.506,1688.13,1713.1,49.4131,2,2,1.0,0.0,0.0,5,0.0,0,True,1746968616.369637,left,False
2074,1746968636.4415598,201.659,1.7488,0.502526,0.321399,0.0179726,6165.82,5,42.526,1689.26,1714.23,49.4128,2,2,1.0,0.0,0.0,5,0.0,0,True,1746968616.369637,left,False
2075,1746968636.4605534,201.703,1.74671,0.561456,0.320662,0.0190999,6168.01,5,42.546,1690.39,1715.35,49.4125,2,2,1.0,0.0,0.0,5,0.0,0,True,1746968616.369637,left,False
2076,1746968636.482241,201.748,1.74481,0.62614,0.319836,0.02023,6168.67,5,42.566,1691.52,1716.48,49.4122,2,2,1.0,0.0,0.0,5,0.0,0,True,1746968616.369637,left,False
2077,1746968636.5000105,201.792,1.74378,0.680395,0.318933,0.021361,6170.58,5,42.586,1692.65,1717.61,49.4119,2,2,1.0,0.0,0.0,5,0.0,0,True,1746968616.369637,left,False
2078,1746968636.520834,201.836,1.74254,0.747455,0.31794,0.022495,6171.73,5,42.606,1693.77,1718.74,49.4116,2,2,1.0,0.0,0.0,5,0.0,0,True,1746968616.369637,left,False
2079,1746968636.5405757,201.88,1.74199,0.80382,0.316858,0.0236294,6173.36,5,42.626,1694.9,1719.87,49.4113,2,2,1.0,0.0,0.0,5,0.0,0,True,1746968616.369637,left,False
2080,1746968636.5605764,201.924,1.74112,0.870274,0.315694,0.0247661,6173.95,5,42.646,1696.03,1721,49.411,2,2,1.0,0.0,0.0,5,0.0,0,True,1746968616.369637,left,False
2081,1746968636.5816374,201.967,1.74121,0.92955,0.314441,0.0259024,6175.31,5,42.666,1697.16,1722.13,49.4107,2,2,1.0,0.0,0.0,5,0.0,0,True,1746968616.369637,left,False
2082,1746968636.6021261,202.009,1.74125,0.988105,0.313106,0.0270402,6177.74,5,42.686,1698.29,1723.25,49.4103,2,2,1.0,0.0,0.0,5,0.0,0,True,1746968616.369637,left,False
2083,1746968636.6201463,202.053,1.73955,1.05534,0.311686,0.0281731,6178.05,5,42.706,1699.42,1724.38,49.41,2,2,1.0,0.0,0.0,5,0.0,0,True,1746968616.369637,left,False
2084,1746968636.64114,202.095,1.73865,1.12089,0.310181,0.029308,6179.7,5,42.726,1700.55,1725.51,49.4097,2,2,1.0,0.0,0.0,5,0.0,0,True,1746968616.369637,left,False
2085,1746968636.6628044,202.138,1.73708,1.18162,0.308586,0.030441,6180.15,5,42.746,1701.68,1726.64,49.4094,2,2,1.0,0.0,0.0,5,0.0,0,True,1746968616.369637,left,False
2086,1746968636.6833303,202.179,1.73683,1.24449,0.306901,0.0315778,6182.07,5,42.766,1702.81,1727.77,49.4091,2,2,1.0,0.0,0.0,5,0.0,0,True,1746968616.369637,right,False
2087,1746968636.7020695,202.22,1.73681,1.29984,0.305131,0.0327141,6183.57,5,42.786,1703.94,1728.9,49.4088,2,2,1.0,0.0,0.0,5,0.0,0,True,1746968616.369637,right,False
2088,1746968636.7223637,202.262,1.73591,1.36519,0.30328,0.0338494,6184.51,5,42.806,1705.07,1730.03,49.4085,2,2,1.0,0.0,0.0,5,0.0,0,True,1746968616.369637,right,False
2089,1746968636.7413151,202.303,1.73583,1.42366,0.301347,0.0349871,6185.63,5,42.826,1706.2,1731.16,49.4082,2,2,1.0,0.0,0.0,5,0.0,0,True,1746968616.369637,right,False
2090,1746968636.762922,202.344,1.73562,1.4843,0.29932,0.0361258,6187.18,5,42.846,1707.33,1732.3,49.4079,2,2,1.0,0.0,0.0,5,0.0,0,True,1746968616.369637,right,False
2091,1746968636.7818084,202.385,1.7349,1.55142,0.297209,0.0372645,6187.39,5,42.866,1708.46,1733.43,49.4076,2,2,1.0,0.0,0.0,5,0.0,0,True,1746968616.369637,right,False
2092,1746968636.8018649,202.425,1.73478,1.61279,0.295011,0.0384042,6189.32,5,42.886,1709.59,1734.56,49.4073,2,2,1.0,0.0,0.0,5,0.0,0,True,1746968616.369637,right,False
2093,1746968636.820558,202.465,1.73487,1.6763,0.292729,0.0395433,6190.54,5,42.906,1710.72,1735.69,49.407,2,2,1.0,0.0,0.0,5,0.0,0,True,1746968616.369637,right,False
2094,1746968636.8401818,202.505,1.73504,1.73629,0.290361,0.0406854,6191.45,5,42.926,1711.85,1736.82,49.4067,2,2,1.0,0.0,0.0,5,0.0,0,True,1746968616.369637,right,False
2095,1746968636.861119,202.544,1.73498,1.80317,0.287911,0.0418259,6192.85,5,42.946,1712.99,1737.95,49.4064,2,2,1.0,0.0,0.0,5,0.0,0,True,1746968616.369637,right,False
2096,1746968636.8813279,202.583,1.73501,1.86082,0.285372,0.0429665,6194.42,5,42.966,1714.12,1739.08,49.4061,2,2,1.0,0.0,0.0,5,0.0,0,True,1746968616.369637,right,False
2097,1746968636.9023633,202.623,1.73511,1.92567,0.282743,0.044109,6195.02,5,42.986,1715.25,1740.21,49.4058,2,2,1.0,0.0,0.0,5,0.0,0,True,1746968616.369637,right,False
2098,1746968636.9206235,202.662,1.73509,1.99059,0.280029,0.0452506,6195.56,5,43.006,1716.38,1741.35,49.4055,2,2,1.0,0.0,0.0,5,0.0,0,True,1746968616.369637,right,False
2099,1746968636.9429371,202.7,1.73545,2.05139,0.27723,0.0463936,6197.33,5,43.026,1717.51,1742.48,49.4052,2,2,1.0,0.0,0.0,5,0.0,0,True,1746968616.369637,right,False
2100,1746968636.9610026,202.738,1.73531,2.1189,0.274353,0.0475365,6197.9,5,43.046,1718.64,1743.61,49.4049,2,2,1.0,0.0,0.0,5,0.0,0,True,1746968616.369637,right,False
2101,1746968636.9806826,202.776,1.73616,2.17586,0.271387,0.048681,6199.36,5,43.066,1719.78,1744.74,49.4045,2,2,1.0,0.0,0.0,5,0.0,0,True,1746968616.369637,left,False
2102,1746968637.0032647,202.814,1.73654,2.23987,0.268327,0.0498258,6200.2,5,43.086,1720.91,1745.87,49.4042,2,2,1.0,0.0,0.0,5,0.0,0,True,1746968616.369637,left,False
2103,1746968637.0210788,202.852,1.7369,2.30639,0.265186,0.0509712,6200.84,5,43.106,1722.04,1747.01,49.4039,2,2,1.0,0.0,0.0,5,0.0,0,True,1746968616.369637,left,False
2104,1746968637.0434809,202.889,1.73727,2.36903,0.261955,0.0521161,6202.13,5,43.126,1723.17,1748.14,49.4036,2,2,1.0,0.0,0.0,5,0.0,0,True,1746968616.369637,left,False
2105,1746968637.061752,202.925,1.73783,2.4304,0.258634,0.0532624,6203.56,5,43.146,1724.31,1749.27,49.4033,2,2,1.0,0.0,0.0,5,0.0,0,True,1746968616.369637,left,False
2106,1746968637.0823731,202.962,1.73836,2.49307,0.255233,0.0544092,6205.16,5,43.166,1725.44,1750.4,49.403,2,2,1.0,0.0,0.0,5,0.0,0,True,1746968616.369637,left,False
2107,1746968637.1020913,202.999,1.73841,2.5584,0.251742,0.0555555,6205.38,5,43.186,1726.57,1751.53,49.4027,2,2,1.0,0.0,0.0,5,0.0,0,True,1746968616.369637,left,False
2108,1746968637.1207316,203.034,1.73918,2.61556,0.248169,0.0567023,6207.39,5,43.206,1727.7,1752.67,49.4024,2,2,1.0,0.0,0.0,5,0.0,0,True,1746968616.369637,left,False
2109,1746968637.1405506,203.07,1.73969,2.68086,0.244507,0.0578496,6208.86,5,43.226,1728.84,1753.8,49.4021,2,2,1.0,0.0,0.0,5,0.0,0,True,1746968616.369637,left,False
2110,1746968637.162156,203.106,1.74061,2.7443,0.240751,0.0589992,6208.59,5,43.246,1729.97,1754.93,49.4018,2,2,1.0,0.0,0.0,5,0.0,0,True,1746968616.369637,left,False
2111,1746968637.181432,203.141,1.74174,2.80739,0.236914,0.0601498,6210.46,5,43.266,1731.1,1756.07,49.4015,2,2,1.0,0.0,0.0,5,0.0,0,True,1746968616.369637,left,False
2112,1746968637.2039485,203.176,1.74325,2.86395,0.232992,0.0613019,6212,5,43.286,1732.23,1757.2,49.4012,2,2,1.0,0.0,0.0,5,0.0,0,True,1746968616.369637,left,False
2113,1746968637.22063,203.212,1.74397,2.93553,0.228984,0.0624549,6212.3,5,43.306,1733.37,1758.33,49.4009,2,2,1.0,0.0,0.0,5,0.0,0,True,1746968616.369637,left,False
2114,1746968637.2413888,203.246,1.74604,2.99373,0.22489,0.0636088,6213.36,5,43.326,1734.5,1759.46,49.4006,2,2,1.0,0.0,0.0,5,0.0,0,True,1746968616.369637,right,False
2115,1746968637.2601364,203.281,1.74704,3.05834,0.220699,0.0647628,6213.71,5,43.346,1735.63,1760.6,49.4003,2,2,1.0,0.0,0.0,5,0.0,0,True,1746968616.369637,right,False
2116,1746968637.2814617,203.314,1.74904,3.12234,0.216427,0.0659196,6215.51,5,43.366,1736.76,1761.73,49.4,2,2,1.0,0.0,0.0,5,0.0,0,True,1746968616.369637,right,False
2117,1746968637.3032758,203.349,1.75008,3.18874,0.212069,0.0670754,6215.67,5,43.386,1737.9,1762.86,49.3997,2,2,1.0,0.0,0.0,5,0.0,0,True,1746968616.369637,right,False
2118,1746968637.3207352,203.382,1.75153,3.24879,0.207621,0.0682308,6217.68,5,43.406,1739.03,1763.99,49.3994,2,2,1.0,0.0,0.0,5,0.0,0,True,1746968616.369637,right,False
2119,1746968637.3407614,203.415,1.75355,3.30871,0.203088,0.0693876,6218.94,5,43.426,1740.16,1765.13,49.3991,2,2,1.0,0.0,0.0,5,0.0,0,True,1746968616.369637,right,False
2120,1746968637.361164,203.448,1.75475,3.36917,0.19847,0.070542,6219.81,5,43.446,1741.3,1766.26,49.3988,2,2,1.0,0.0,0.0,5,0.0,0,True,1746968616.369637,right,False
2121,1746968637.381219,203.481,1.75553,3.43328,0.193758,0.0716965,6220.52,5,43.466,1742.43,1767.39,49.3984,2,2,1.0,0.0,0.0,5,0.0,0,True,1746968616.369637,right,False
2122,1746968637.4008174,203.513,1.75644,3.49603,0.188965,0.0728509,6221.7,5,43.486,1743.56,1768.53,49.3981,2,2,1.0,0.0,0.0,5,0.0,0,True,1746968616.369637,right,False
2123,1746968637.4205852,203.546,1.75652,3.56378,0.184086,0.0740024,6221.93,5,43.506,1744.69,1769.66,49.3978,2,2,1.0,0.0,0.0,5,0.0,0,True,1746968616.369637,right,False
2124,1746968637.440641,203.577,1.75708,3.62341,0.17911,0.075155,6223.38,5,43.526,1745.83,1770.79,49.3975,2,2,1.0,0.0,0.0,5,0.0,0,True,1746968616.369637,right,False
2125,1746968637.4619348,203.609,1.75742,3.68361,0.174052,0.076307,6224.7,5,43.546,1746.96,1771.92,49.3972,2,2,1.0,0.0,0.0,5,0.0,0,True,1746968616.369637,right,False
2126,1746968637.4814546,203.641,1.7572,3.74474,0.168909,0.0774562,6225.36,5,43.566,1748.09,1773.06,49.3969,2,2,1.0,0.0,0.0,5,0.0,0,True,1746968616.369637,right,False
2127,1746968637.5020685,203.672,1.75706,3.80998,0.16368,0.0786063,6226.55,5,43.586,1749.22,1774.19,49.3966,2,2,1.0,0.0,0.0,5,0.0,0,True,1746968616.369637,right,False
2128,1746968637.5221221,203.703,1.7572,3.86916,0.158362,0.0797555,6228.09,5,43.606,1750.36,1775.32,49.3963,2,2,1.0,0.0,0.0,5,0.0,0,True,1746968616.369637,right,False
2129,1746968637.542366,203.734,1.75615,3.94063,0.152954,0.0809032,6227.46,5,43.626,1751.49,1776.45,49.396,2,2,1.0,0.0,0.0,5,0.0,0,True,1746968616.369637,right,False
2130,1746968637.5626173,203.765,1.75523,4.0009,0.147453,0.0820505,6228.78,5,43.646,1752.62,1777.59,49.3957,2,2,1.0,0.0,0.0,5,0.0,0,True,1746968616.369637,right,False
2131,1746968637.580308,203.795,1.75566,4.05895,0.141866,0.0832016,6230.04,5,43.666,1753.75,1778.72,49.3954,2,2,1.0,0.0,0.0,5,0.0,0,True,1746968616.369637,right,False
2132,1746968637.6008763,203.825,1.75534,4.12622,0.136198,0.0843503,6230.55,5,43.686,1754.89,1779.85,49.3951,2,2,1.0,0.0,0.0,5,0.0,0,True,1746968616.369637,right,False
2133,1746968637.6211798,203.855,1.75484,4.19002,0.130444,0.0854985,6231.56,5,43.706,1756.02,1780.98,49.3948,2,2,1.0,0.0,0.0,5,0.0,0,True,1746968616.369637,right,False
2134,1746968637.6411088,203.884,1.75454,4.25023,0.124597,0.0866467,6232.99,5,43.726,1757.15,1782.12,49.3945,2,2,1.0,0.0,0.0,5,0.0,0,True,1746968616.369637,right,False
2135,1746968637.6644351,203.913,1.75401,4.31726,0.118669,0.087794,6233.5,5,43.746,1758.28,1783.25,49.3942,2,2,1.0,0.0,0.0,5,0.0,0,True,1746968616.369637,right,False
2136,1746968637.6812215,203.943,1.7528,4.3861,0.112651,0.0889398,6233.48,5,43.766,1759.42,1784.38,49.3939,2,2,1.0,0.0,0.1,5,0.0,0,True,1746968616.369637,right,False
2137,1746968637.7005246,203.971,1.75248,4.44428,0.106547,0.0900857,6235.32,5,43.786,1760.55,1785.51,49.3936,2,2,1.0,0.0,0.1,5,0.0,0,True,1746968616.369637,right,False
2138,1746968637.7204795,203.987,1.89321,4.50262,0.100391,0.0904939,6238.69,5,43.806,1761.68,1786.64,49.3933,2,2,1.0,0.0,0.1,5,0.0,0,True,1746968616.369637,right,False
2139,1746968637.7398434,203.999,1.71234,4.54621,0.0942749,0.0888945,6243.23,5,43.826,1762.81,1787.78,49.393,2,2,1.0,0.0,0.1,5,0.0,0,True,1746968616.369637,right,False
2140,1746968637.7632422,204.014,1.16683,4.57089,0.0881999,0.0854737,6249.04,5,43.846,1763.94,1788.91,49.3926,2,2,1.0,0.0,0.1,5,0.0,0,True,1746968616.369637,right,False
2141,1746968637.7813764,204.027,0.325763,4.57296,0.0821696,0.0804955,6255.73,5,43.866,1765.08,1790.04,49.3923,2,2,1.0,0.0,0.1,5,0.0,0,True,1746968616.369637,right,False
2142,1746968637.8024855,204.034,-0.743591,4.56091,0.0762004,0.0742165,6262.82,5,43.886,1766.21,1791.17,49.392,2,2,1.0,0.0,0.1,5,0.0,0,True,1746968616.369637,right,False
2143,1746968637.8205297,204.029,-1.98618,4.52603,0.0703125,0.066899,6272.98,5,43.906,1767.34,1792.3,49.3917,2,2,1.0,0.0,0.1,5,0.0,0,True,1746968616.369637,right,False
2144,1746968637.841461,204.011,-3.34253,4.47405,0.0645142,0.0587994,6283.6,5,43.926,1768.47,1793.44,49.3914,2,2,1.0,0.0,0.1,5,0.0,0,True,1746968616.369637,right,False
2145,1746968637.8620653,203.976,-4.76824,4.40333,0.0588338,0.0501539,6297.04,5,43.946,1769.6,1794.57,49.3911,2,2,1.0,0.0,0.1,5,0.0,0,True,1746968616.369637,right,False
2146,1746968637.8797143,203.923,-6.22901,4.30652,0.0532837,0.0411612,6313.91,5,43.966,1770.73,1795.7,49.3908,2,2,1.0,0.0,0.1,5,0.0,0,True,1746968616.369637,right,False
2147,1746968637.9018927,203.853,-7.69299,4.19757,0.04788,0.0319783,6332.98,5,43.986,1771.87,1796.83,49.3905,2,2,1.0,0.0,0.1,5,0.0,0,True,1746968616.369637,right,False
2148,1746968637.9217713,203.765,-9.14157,4.06433,0.042627,0.0227382,6356.44,5,44.006,1773,1797.96,49.3902,2,2,1.0,0.0,0.1,5,0.0,0,True,1746968616.369637,right,False
2149,1746968637.9429681,203.662,-10.5544,3.92616,0.0375529,0.013519,6379.35,5,44.026,1774.13,1799.09,49.3899,2,2,1.0,0.0,0.1,5,0.0,0,True,1746968616.369637,right,False
2150,1746968637.961927,203.546,-11.9295,3.7752,0.0326497,0.00436467,6402,5,44.046,1775.26,1800.22,49.3896,2,2,1.0,0.0,0.1,5,0.0,0,True,1746968616.369637,right,False
2151,1746968637.979993,203.416,-13.2715,3.60915,0.0279297,-0.0047043,6427.45,5,44.066,1776.39,1801.36,49.3893,2,2,1.0,0.0,0.1,5,0.0,0,True,1746968616.369637,right,False
2152,1746968638.0019815,203.281,-14.5627,3.44984,0.023409,-0.0136979,6441.85,5,44.086,1777.52,1802.49,49.389,2,2,1.0,0.0,0.1,5,0.0,0,True,1746968616.369637,right,False
2153,1746968638.02176,203.133,-15.8263,3.27903,0.0190837,-0.0226219,6460.54,5,44.106,1778.65,1803.62,49.3887,2,2,1.0,0.0,0.1,5,0.0,0,True,1746968616.369637,right,False
2154,1746968638.0421715,202.977,-17.0567,3.10613,0.0149699,-0.0314773,6475.38,5,44.126,1779.78,1804.75,49.3884,2,2,1.0,0.0,0.1,5,0.0,0,True,1746968616.369637,right,False
2155,1746968638.061311,202.814,-18.2578,2.92817,0.0110636,-0.0402811,6484.14,5,44.146,1780.91,1805.88,49.3881,2,2,1.0,0.0,0.1,5,0.0,0,True,1746968616.369637,right,False
2156,1746968638.080403,202.643,-19.4269,2.75533,0.00738525,-0.0490435,6491.97,5,44.166,1782.04,1807.01,49.3878,2,2,1.0,0.0,0.1,5,0.0,0,True,1746968616.369637,right,False
2157,1746968638.1000752,202.461,-20.5772,2.5812,0.00393473,-0.0577534,6499.83,5,44.186,1783.17,1808.14,49.3875,2,2,1.0,0.0,0.1,5,0.0,0,True,1746968616.369637,right,False
2158,1746968638.121328,202.27,-21.706,2.39845,0.000708008,-0.0664142,6510.74,5,44.206,1784.3,1809.27,49.3872,2,2,1.0,0.0,0.1,5,0.0,0,True,1746968616.369637,right,False
2159,1746968638.1400683,202.068,-22.8085,2.21457,-0.00228271,-0.0750154,6522.64,5,44.226,1785.43,1810.4,49.3868,2,2,1.0,0.0,0.1,5,0.0,0,True,1746968616.369637,right,False
2160,1746968638.162231,201.86,-23.8839,2.03593,-0.00503743,-0.0835279,6532.99,5,44.246,1786.56,1811.52,49.3865,2,2,1.0,0.0,0.1,5,0.0,0,True,1746968616.369637,right,False
2161,1746968638.1799812,201.639,-24.9345,1.84556,-0.00755208,-0.0919355,6551.15,5,44.266,1787.69,1812.65,49.3862,2,2,1.0,0.0,0.1,5,0.0,0,True,1746968616.369637,right,False
2162,1746968638.2018385,201.414,-25.9435,1.65679,-0.00983073,-0.100194,6568.04,5,44.286,1788.82,1813.78,49.3859,2,2,1.0,0.0,0.1,5,0.0,0,True,1746968616.369637,right,False
2163,1746968638.221053,201.185,-26.9056,1.47751,-0.0118571,-0.108291,6584.51,5,44.306,1789.94,1814.91,49.3856,2,2,1.0,0.0,0.1,5,0.0,0,True,1746968616.369637,right,False
2164,1746968638.241056,200.949,-27.8365,1.28805,-0.0136434,-0.11622,6605.23,5,44.326,1791.07,1816.03,49.3853,2,2,1.0,0.0,0.0,5,0.0,0,True,1746968616.369637,left,False
2165,1746968638.2627113,200.714,-28.7105,1.09621,-0.0151815,-0.123927,6625.37,5,44.346,1792.2,1817.16,49.385,2,2,1.0,0.0,0.0,5,0.0,0,True,1746968616.369637,left,False
2166,1746968638.2803547,200.493,-29.5572,0.910079,-0.0164754,-0.131308,6652.02,5,44.366,1793.32,1818.29,49.3847,2,2,1.0,0.0,0.0,5,0.0,0,True,1746968616.369637,left,False
2167,1746968638.3015373,200.302,-30.3038,0.716932,-0.0175374,-0.138131,6660.49,5,44.386,1794.45,1819.41,49.3844,2,2,1.0,0.0,0.0,5,0.0,0,True,1746968616.369637,left,False
2168,1746968638.3213947,200.12,-30.9342,0.531535,-0.0183634,-0.144444,6674.46,5,44.406,1795.57,1820.54,49.3841,2,2,1.0,0.0,0.0,5,0.0,0,True,1746968616.369637,left,False
2169,1746968638.3430448,199.958,-31.447,0.347041,-0.0189535,-0.150233,6677.59,5,44.426,1796.7,1821.66,49.3838,2,2,1.0,0.0,0.0,5,0.0,0,True,1746968616.369637,left,False
2170,1746968638.3623884,199.807,-31.8457,0.166916,-0.0192993,-0.155487,6682.52,5,44.446,1797.82,1822.78,49.3835,2,2,1.0,0.0,0.0,5,0.0,0,True,1746968616.369637,left,False
2171,1746968638.380117,199.677,-32.1352,-0.0136749,-0.019401,-0.16022,6684.21,5,44.466,1798.94,1823.91,49.3832,2,2,1.0,0.0,0.0,5,0.0,0,True,1746968616.369637,left,False
2172,1746968638.4017763,199.558,-32.3204,-0.196091,-0.0192546,-0.164426,6691.17,5,44.486,1800.07,1825.03,49.3829,2,2,1.0,0.0,0.0,5,0.0,0,True,1746968616.369637,left,False
2173,1746968638.4207494,199.459,-32.3912,-0.37656,-0.0188639,-0.168123,6693.61,5,44.506,1801.19,1826.15,49.3826,2,2,1.0,0.0,0.0,5,0.0,0,True,1746968616.369637,left,False
2174,1746968638.440702,199.379,-32.3592,-0.550665,-0.0182251,-0.171296,6691.86,5,44.526,1802.31,1827.28,49.3823,2,2,1.0,0.0,0.0,5,0.0,0,True,1746968616.369637,left,False
2175,1746968638.4622269,199.311,-32.2272,-0.727524,-0.0173421,-0.173954,6697.2,5,44.546,1803.43,1828.4,49.382,2,2,1.0,0.0,0.0,5,0.0,0,True,1746968616.369637,left,False
2176,1746968638.480439,199.26,-31.9957,-0.906828,-0.0162028,-0.176108,6702.41,5,44.566,1804.55,1829.52,49.3817,2,2,1.0,0.0,0.0,5,0.0,0,True,1746968616.369637,left,False
2177,1746968638.502511,199.227,-31.6601,-1.08507,-0.0148234,-0.177744,6709.37,5,44.586,1805.67,1830.64,49.3814,2,2,1.0,0.0,0.0,5,0.0,0,True,1746968616.369637,left,False
2178,1746968638.5216658,199.209,-31.2293,-1.25875,-0.0132039,-0.178879,6717.78,5,44.606,1806.79,1831.76,49.3811,2,2,1.0,0.0,0.0,5,0.0,0,True,1746968616.369637,left,False
2179,1746968638.5410726,199.208,-30.7022,-1.43166,-0.0113363,-0.179521,6723.35,5,44.626,1807.91,1832.88,49.3807,2,2,1.0,0.0,0.0,5,0.0,0,True,1746968616.369637,left,False
2180,1746968638.5601494,199.227,-30.0896,-1.61145,-0.00923258,-0.179673,6726.17,5,44.646,1809.03,1834,49.3804,2,2,1.0,0.0,0.0,5,0.0,0,True,1746968616.369637,left,False
2181,1746968638.5819428,199.262,-29.379,-1.78601,-0.0068807,-0.179342,6726.52,5,44.666,1810.15,1835.11,49.3801,2,2,1.0,0.0,0.0,5,0.0,0,True,1746968616.369637,left,False
2182,1746968638.60209,199.309,-28.5747,-1.95976,-0.00429688,-0.1785,6728.29,5,44.686,1811.27,1836.23,49.3798,2,2,1.0,0.0,0.0,5,0.0,0,True,1746968616.369637,left,False
2183,1746968638.6218557,199.377,-27.6733,-2.13245,-0.00147298,-0.177142,6725.48,5,44.706,1812.38,1837.35,49.3795,2,2,1.0,0.0,0.0,5,0.0,0,True,1746968616.369637,left,False
2184,1746968638.642602,199.457,-26.6918,-2.31102,0.00158691,-0.175309,6724.79,5,44.726,1813.5,1838.47,49.3792,2,2,1.0,0.0,0.0,5,0.0,0,True,1746968616.369637,left,False
2185,1746968638.6616483,199.558,-25.6197,-2.48496,0.00487061,-0.17299,6710.74,5,44.746,1814.62,1839.58,49.3789,2,2,1.0,0.0,0.0,5,0.0,0,True,1746968616.369637,left,False
2186,1746968638.6822982,199.671,-24.4548,-2.64511,0.00838216,-0.170188,6696.05,5,44.766,1815.74,1840.7,49.3786,2,2,1.0,0.0,0.0,5,0.0,0,True,1746968616.369637,left,False
2187,1746968638.7028658,199.793,-23.2103,-2.81041,0.0121216,-0.166906,6681.25,5,44.786,1816.85,1841.82,49.3783,2,2,1.0,0.0,0.0,5,0.0,0,True,1746968616.369637,left,False
2188,1746968638.720736,199.932,-21.8873,-2.9721,0.0160767,-0.16315,6653.74,5,44.806,1817.97,1842.93,49.378,2,2,1.0,0.0,0.0,5,0.0,0,True,1746968616.369637,left,False
2189,1746968638.7413332,200.079,-20.4827,-3.13479,0.0202474,-0.158906,6627.3,5,44.826,1819.08,1844.05,49.3777,2,2,1.0,0.0,0.0,5,0.0,0,True,1746968616.369637,left,False
2190,1746968638.7612772,200.237,-19.0097,-3.29183,0.0246216,-0.154208,6593.02,5,44.846,1820.2,1845.16,49.3774,2,2,1.0,0.0,0.0,5,0.0,0,True,1746968616.369637,left,False
2191,1746968638.7814555,200.405,-17.4708,-3.43857,0.0291911,-0.149096,6547.04,5,44.866,1821.32,1846.28,49.3771,2,2,1.0,0.0,0.0,5,0.0,0,True,1746968616.369637,left,False
2192,1746968638.8000028,200.574,-15.8882,-3.58879,0.0339478,-0.1436,6502.73,5,44.886,1822.43,1847.4,49.3768,2,2,1.0,0.0,0.0,5,0.0,0,True,1746968616.369637,left,False
2193,1746968638.8206553,200.746,-14.265,-3.72537,0.0388916,-0.137773,6452.66,5,44.906,1823.55,1848.51,49.3765,2,2,1.0,0.0,0.0,5,0.0,0,True,1746968616.369637,left,False
2194,1746968638.843752,200.916,-12.6249,-3.85735,0.0439941,-0.131672,6400.63,5,44.926,1824.66,1849.63,49.3762,2,2,1.0,0.0,0.0,5,0.0,0,True,1746968616.369637,left,False
2195,1746968638.8629491,201.078,-10.9871,-3.98849,0.0492472,-0.125377,6352.13,5,44.946,1825.78,1850.75,49.3759,2,2,1.0,0.0,0.0,5,0.0,0,True,1746968616.369637,left,False
2196,1746968638.8817847,201.233,-9.36577,-4.1007,0.0546346,-0.118961,6304.66,5,44.966,1826.9,1851.86,49.3756,2,2,1.0,0.0,0.0,5,0.0,0,True,1746968616.369637,left,False
2197,1746968638.9023495,201.369,-7.79125,-4.20548,0.0601359,-0.112512,6269.71,5,44.986,1828.02,1852.98,49.3753,2,2,1.0,0.0,0.0,5,0.0,0,True,1746968616.369637,left,False
2198,1746968638.9203186,201.493,-6.27894,-4.29554,0.0657349,-0.106111,6240.64,5,45.006,1829.13,1854.1,49.3749,2,2,1.0,0.0,0.0,5,0.0,0,True,1746968616.369637,left,False
2199,1746968638.9410028,201.602,-4.85173,-4.37031,0.0713989,-0.0998419,6219.15,5,45.026,1830.25,1855.22,49.3746,2,2,1.0,0.0,0.0,5,0.0,0,True,1746968616.369637,left,False
2200,1746968638.9620774,201.698,-3.5243,-4.42474,0.07712,-0.0937703,6205.63,5,45.046,1831.37,1856.34,49.3743,2,2,1.0,0.0,0.0,5,0.0,0,True,1746968616.369637,left,False
2201,1746968638.9831746,201.781,-2.30726,-4.46883,0.0828654,-0.0879405,6197.22,5,45.066,1832.49,1857.46,49.374,2,2,1.0,0.0,0.0,5,0.0,0,True,1746968616.369637,left,False
2202,1746968639.003619,201.857,-1.20453,-4.49456,0.0886149,-0.0823825,6191.41,5,45.086,1833.61,1858.58,49.3737,2,2,1.0,0.0,0.0,5,0.0,0,True,1746968616.369637,left,False
2203,1746968639.0208964,201.926,-0.217904,-4.49888,0.09434,-0.0771254,6187.42,5,45.106,1834.73,1859.7,49.3734,2,2,1.0,0.0,0.0,5,0.0,0,True,1746968616.369637,left,False
2204,1746968639.040086,201.987,0.651066,-4.48582,0.100037,-0.0721849,6186.46,5,45.126,1835.85,1860.82,49.3731,2,2,1.0,0.0,0.0,5,0.0,0,True,1746968616.369637,left,False
2205,1746968639.062035,202.047,1.40676,-4.44775,0.105664,-0.0675681,6184.31,5,45.146,1836.97,1861.94,49.3728,2,2,1.0,0.0,0.0,5,0.0,0,True,1746968616.369637,left,False
2206,1746968639.0818224,202.102,2.05327,-4.39612,0.111222,-0.0632761,6184.63,5,45.166,1838.1,1863.06,49.3725,2,2,1.0,0.0,0.0,5,0.0,0,True,1746968616.369637,left,False
2207,1746968639.1003067,202.156,2.59545,-4.32627,0.116691,-0.0593131,6184.84,5,45.186,1839.22,1864.18,49.3722,2,2,1.0,0.0,0.0,5,0.0,0,True,1746968616.369637,left,False
2208,1746968639.1236627,202.208,3.03997,-4.24048,0.12205,-0.0556706,6185.14,5,45.206,1840.34,1865.31,49.3719,2,2,1.0,0.0,0.0,5,0.0,0,True,1746968616.369637,left,False
2209,1746968639.1417267,202.259,3.39393,-4.13753,0.127287,-0.0523408,6186.46,5,45.226,1841.47,1866.43,49.3716,2,2,1.0,0.0,0.0,5,0.0,0,True,1746968616.369637,left,False
2210,1746968639.1604576,202.31,3.66453,-4.0189,0.132393,-0.0493124,6187.03,5,45.246,1842.59,1867.56,49.3713,2,2,1.0,0.0,0.0,5,0.0,0,True,1746968616.369637,left,False
2211,1746968639.181296,202.361,3.86082,-3.89807,0.137374,-0.0465692,6187.96,5,45.266,1843.72,1868.68,49.371,2,2,1.0,0.0,0.0,5,0.0,0,True,1746968616.369637,left,False
2212,1746968639.1998262,202.413,3.98947,-3.75985,0.142224,-0.044091,6188.83,5,45.286,1844.84,1869.81,49.3707,2,2,1.0,0.0,0.0,5,0.0,0,True,1746968616.369637,left,False
2213,1746968639.2224922,202.465,4.06009,-3.61915,0.146944,-0.0418628,6189.88,5,45.306,1845.97,1870.93,49.3704,2,2,1.0,0.0,0.0,5,0.0,0,True,1746968616.369637,left,False
2214,1746968639.2424045,202.517,4.08102,-3.47498,0.151518,-0.0398606,6191.19,5,45.326,1847.09,1872.06,49.3701,2,2,1.0,0.0,0.0,5,0.0,0,True,1746968616.369637,left,False
2215,1746968639.263422,202.57,4.05946,-3.32838,0.155941,-0.0380614,6191.87,5,45.346,1848.22,1873.19,49.3698,2,2,1.0,0.0,0.0,5,0.0,0,True,1746968616.369637,right,False
2216,1746968639.2820613,202.622,4.00501,-3.18807,0.160234,-0.0364369,6193.28,5,45.366,1849.35,1874.31,49.3695,2,2,1.0,0.0,0.0,5,0.0,0,True,1746968616.369637,right,False
2217,1746968639.3001044,202.675,3.92515,-3.04821,0.164376,-0.034962,6195.13,5,45.386,1850.48,1875.44,49.3691,2,2,1.0,0.0,0.0,5,0.0,0,True,1746968616.369637,right,False
2218,1746968639.3206923,202.729,3.82366,-2.90455,0.168376,-0.0336126,6195.07,5,45.406,1851.61,1876.57,49.3688,2,2,1.0,0.0,0.0,5,0.0,0,True,1746968616.369637,right,False
2219,1746968639.3398807,202.781,3.71041,-2.77199,0.172241,-0.0323651,6197.39,5,45.426,1852.73,1877.7,49.3685,2,2,1.0,0.0,0.0,5,0.0,0,True,1746968616.369637,right,False
2220,1746968639.361098,202.835,3.58795,-2.64269,0.175981,-0.0312002,6198.14,5,45.446,1853.86,1878.83,49.3682,2,2,1.0,0.0,0.0,5,0.0,0,True,1746968616.369637,right,False
2221,1746968639.3807144,202.888,3.46128,-2.52292,0.17959,-0.0301002,6199.62,5,45.466,1854.99,1879.96,49.3679,2,2,1.0,0.0,0.0,5,0.0,0,True,1746968616.369637,right,False
2222,1746968639.401828,202.94,3.33405,-2.41128,0.183073,-0.0290502,6201.75,5,45.486,1856.12,1881.09,49.3676,2,2,1.0,0.0,0.0,5,0.0,0,True,1746968616.369637,right,False
2223,1746968639.422179,202.992,3.20679,-2.30633,0.18643,-0.0280431,6204.22,5,45.506,1857.26,1882.22,49.3673,2,2,1.0,0.0,0.0,5,0.0,0,True,1746968616.369637,right,False
2224,1746968639.441119,203.045,3.08232,-2.2041,0.189661,-0.0270618,6204.67,5,45.526,1858.39,1883.35,49.367,2,2,1.0,0.0,0.0,5,0.0,0,True,1746968616.369637,right,False
2225,1746968639.4628499,203.097,2.96324,-2.10862,0.192769,-0.0260986,6206.22,5,45.546,1859.52,1884.48,49.3667,2,2,1.0,0.0,0.0,5,0.0,0,True,1746968616.369637,right,False
2226,1746968639.4805083,203.149,2.84851,-2.01577,0.195764,-0.0251477,6207.9,5,45.566,1860.65,1885.62,49.3664,2,2,1.0,0.0,0.0,5,0.0,0,True,1746968616.369637,right,False
2227,1746968639.502556,203.2,2.74095,-1.93434,0.198657,-0.0242036,6209.6,5,45.586,1861.78,1886.75,49.3661,2,2,1.0,0.0,0.0,5,0.0,0,True,1746968616.369637,right,False
2228,1746968639.5199249,203.251,2.63989,-1.85317,0.201428,-0.0232618,6211.46,5,45.606,1862.92,1887.88,49.3658,2,2,1.0,0.0,0.0,5,0.0,0,True,1746968616.369637,right,False
2229,1746968639.5421104,203.301,2.54593,-1.78629,0.204106,-0.0223191,6214.74,5,45.626,1864.05,1889.01,49.3655,2,2,1.0,0.0,0.0,5,0.0,0,True,1746968616.369637,right,False
2230,1746968639.5627327,203.352,2.45755,-1.71389,0.206669,-0.021375,6215.4,5,45.646,1865.18,1890.15,49.3652,2,2,1.0,0.0,0.0,5,0.0,0,True,1746968616.369637,right,False
2231,1746968639.580814,203.402,2.3764,-1.64692,0.209139,-0.0204232,6217.53,5,45.666,1866.32,1891.28,49.3649,2,2,1.0,0.0,0.0,5,0.0,0,True,1746968616.369637,right,False
2232,1746968639.600047,203.452,2.30114,-1.57983,0.211495,-0.0194648,6218.83,5,45.686,1867.45,1892.42,49.3646,2,2,1.0,0.0,0.0,5,0.0,0,True,1746968616.369637,right,False
2233,1746968639.6211991,203.501,2.23225,-1.51813,0.213765,-0.0184997,6220.47,5,45.706,1868.59,1893.55,49.3643,2,2,1.0,0.0,0.0,5,0.0,0,True,1746968616.369637,right,False
2234,1746968639.642923,203.551,2.16902,-1.45919,0.215934,-0.017526,6222.01,5,45.726,1869.72,1894.69,49.364,2,2,1.0,0.0,0.0,5,0.0,0,True,1746968616.369637,right,False
2235,1746968639.6617377,203.599,2.11268,-1.40807,0.218005,-0.0165413,6224.29,5,45.746,1870.86,1895.82,49.3637,2,2,1.0,0.0,0.0,5,0.0,0,True,1746968616.369637,right,False
2236,1746968639.681423,203.648,2.06049,-1.34243,0.219987,-0.0155466,6225.43,5,45.766,1871.99,1896.96,49.3633,2,2,1.0,0.0,0.0,5,0.0,0,True,1746968616.369637,right,False
2237,1746968639.7030911,203.697,2.01334,-1.28839,0.221879,-0.0145429,6226.98,5,45.786,1873.13,1898.1,49.363,2,2,1.0,0.0,0.0,5,0.0,0,True,1746968616.369637,right,False
2238,1746968639.7218735,203.745,1.97083,-1.22873,0.223669,-0.0135296,6228.18,5,45.806,1874.27,1899.23,49.3627,2,2,1.0,0.0,0.0,5,0.0,0,True,1746968616.369637,right,False
2239,1746968639.7408686,203.793,1.93284,-1.16862,0.225366,-0.0125068,6229.59,5,45.826,1875.41,1900.37,49.3624,2,2,1.0,0.0,0.0,5,0.0,0,True,1746968616.369637,right,False
2240,1746968639.762531,203.84,1.8988,-1.11449,0.226978,-0.0114735,6231.45,5,45.846,1876.54,1901.51,49.3621,2,2,1.0,0.0,0.0,5,0.0,0,True,1746968616.369637,right,False
2241,1746968639.7828403,203.888,1.86862,-1.05456,0.228503,-0.0104302,6232.02,5,45.866,1877.68,1902.65,49.3618,2,2,1.0,0.0,0.0,5,0.0,0,True,1746968616.369637,right,False
2242,1746968639.8015406,203.935,1.84244,-0.995399,0.229936,-0.00937587,6233.95,5,45.886,1878.82,1903.78,49.3615,2,2,1.0,0.0,0.0,5,0.0,0,True,1746968616.369637,right,False
2243,1746968639.8219278,203.981,1.81927,-0.940911,0.231278,-0.00831348,6235.66,5,45.906,1879.96,1904.92,49.3612,2,2,1.0,0.0,0.0,5,0.0,0,True,1746968616.369637,right,False
2244,1746968639.8414633,204.028,1.79917,-0.877555,0.232528,-0.0072406,6236.69,5,45.926,1881.1,1906.06,49.3609,2,2,1.0,0.0,0.0,5,0.0,0,True,1746968616.369637,right,False
2245,1746968639.861802,204.075,1.78159,-0.818023,0.233691,-0.00616008,6237.36,5,45.946,1882.23,1907.2,49.3606,2,2,1.0,0.0,0.0,5,0.0,0,True,1746968616.369637,right,False
2246,1746968639.8841012,204.12,1.76709,-0.759139,0.234774,-0.00507051,6239.41,5,45.966,1883.37,1908.34,49.3603,2,2,1.0,0.0,0.0,5,0.0,0,True,1746968616.369637,right,False
2247,1746968639.900934,204.166,1.75444,-0.690276,0.235771,-0.00397331,6240.59,5,45.986,1884.51,1909.48,49.36,2,2,1.0,0.0,0.0,5,0.0,0,True,1746968616.369637,right,False
2248,1746968639.9214215,204.211,1.74405,-0.636286,0.236678,-0.00286895,6242.34,5,46.006,1885.65,1910.62,49.3597,2,2,1.0,0.0,0.1,5,0.0,0,True,1746968616.369637,right,False
2249,1746968639.9424815,204.257,1.73514,-0.561482,0.237492,-0.00175792,6242.36,5,46.026,1886.79,1911.76,49.3594,2,2,1.0,0.0,0.1,5,0.0,0,True,1746968616.369637,right,False
2250,1746968639.960894,204.289,1.87105,-0.503229,0.238261,-0.0013755,6246.08,5,46.046,1887.93,1912.9,49.3591,2,2,1.0,0.0,0.1,5,0.0,0,True,1746968616.369637,right,False
2251,1746968639.9827716,204.316,1.68221,-0.471468,0.239063,-0.00299389,6253.27,5,46.066,1889.07,1914.04,49.3588,2,2,1.0,0.0,0.1,5,0.0,0,True,1746968616.369637,right,False
2252,1746968640.0016692,204.347,1.1326,-0.446038,0.239913,-0.00642521,6259.04,5,46.086,1890.22,1915.18,49.3585,2,2,1.0,0.0,0.1,5,0.0,0,True,1746968616.369637,right,False
2253,1746968640.0207608,204.376,0.288142,-0.442664,0.240812,-0.0114039,6266.05,5,46.106,1891.36,1916.32,49.3582,2,2,1.0,0.0,0.1,5,0.0,0,True,1746968616.369637,right,False
2254,1746968640.0401917,204.399,-0.782515,-0.457922,0.241764,-0.0176719,6273.33,5,46.126,1892.5,1917.46,49.3579,2,2,1.0,0.0,0.1,5,0.0,0,True,1746968616.369637,right,False
2255,1746968640.0606408,204.411,-2.02389,-0.491097,0.242802,-0.0249646,6282.8,5,46.146,1893.64,1918.6,49.3576,2,2,1.0,0.0,0.1,5,0.0,0,True,1746968616.369637,right,False
2256,1746968640.081445,204.408,-3.38229,-0.545945,0.243929,-0.0330318,6295.13,5,46.166,1894.78,1919.74,49.3572,2,2,1.0,0.0,0.1,5,0.0,0,True,1746968616.369637,right,False
2257,1746968640.101016,204.389,-4.80823,-0.619565,0.245174,-0.0416415,6309.24,5,46.186,1895.92,1920.89,49.3569,2,2,1.0,0.0,0.1,5,0.0,0,True,1746968616.369637,right,False
2258,1746968640.120298,204.354,-6.26047,-0.705239,0.246545,-0.0505956,6323.82,5,46.206,1897.06,1922.03,49.3566,2,2,1.0,0.0,0.1,5,0.0,0,True,1746968616.369637,right,False
2259,1746968640.1405203,204.299,-7.72561,-0.820758,0.248059,-0.0597346,6344.09,5,46.226,1898.2,1923.17,49.3563,2,2,1.0,0.0,0.0,5,0.0,0,True,1746968616.369637,left,False
2260,1746968640.1622593,204.251,-9.24264,-0.943638,0.249719,-0.0686024,6358.47,5,46.246,1899.35,1924.31,49.356,2,2,1.0,0.0,0.0,5,0.0,0,True,1746968616.369637,left,False
2261,1746968640.180853,204.209,-10.5657,-1.07503,0.251477,-0.0764573,6364.59,5,46.266,1900.49,1925.45,49.3557,2,2,1.0,0.0,0.0,5,0.0,0,True,1746968616.369637,left,False
2262,1746968640.2022233,204.174,-11.659,-1.20779,0.253357,-0.0833924,6361.24,5,46.286,1901.63,1926.59,49.3554,2,2,1.0,0.0,0.0,5,0.0,0,True,1746968616.369637,left,False
2263,1746968640.2224386,204.148,-12.5561,-1.33652,0.255375,-0.0895456,6352.4,5,46.306,1902.77,1927.74,49.3551,2,2,1.0,0.0,0.0,5,0.0,0,True,1746968616.369637,left,False
2264,1746968640.2401636,204.126,-13.2933,-1.46506,0.257536,-0.0950692,6340.62,5,46.326,1903.91,1928.88,49.3548,2,2,1.0,0.0,0.0,5,0.0,0,True,1746968616.369637,left,False
2265,1746968640.259972,204.104,-13.9009,-1.59467,0.259851,-0.100053,6333.29,5,46.346,1905.05,1930.02,49.3545,2,2,1.0,0.0,0.0,5,0.0,0,True,1746968616.369637,left,False
2266,1746968640.2807364,204.088,-14.3979,-1.72501,0.262329,-0.104599,6324.59,5,46.366,1906.2,1931.16,49.3542,2,2,1.0,0.0,0.0,5,0.0,0,True,1746968616.369637,left,False
2267,1746968640.3008509,204.07,-14.807,-1.85842,0.264974,-0.108764,6322.13,5,46.386,1907.34,1932.3,49.3539,2,2,1.0,0.0,0.0,5,0.0,0,True,1746968616.369637,left,False
2268,1746968640.3206353,204.055,-15.1313,-1.98332,0.267786,-0.112602,6321.97,5,46.406,1908.48,1933.45,49.3536,2,2,1.0,0.0,0.0,5,0.0,0,True,1746968616.369637,left,False
2269,1746968640.3416631,204.04,-15.3936,-2.12278,0.270768,-0.116132,6324.43,5,46.426,1909.62,1934.59,49.3533,2,2,1.0,0.0,0.0,5,0.0,0,True,1746968616.369637,left,False
2270,1746968640.362714,204.032,-15.5788,-2.25033,0.27393,-0.119354,6324.27,5,46.446,1910.77,1935.73,49.353,2,2,1.0,0.0,0.0,5,0.0,0,True,1746968616.369637,left,False
2271,1746968640.380292,204.027,-15.699,-2.38033,0.277266,-0.122272,6325.39,5,46.466,1911.91,1936.87,49.3527,2,2,1.0,0.0,0.0,5,0.0,0,True,1746968616.369637,left,False
2272,1746968640.401639,204.023,-15.7704,-2.52321,0.280782,-0.124901,6331.46,5,46.486,1913.05,1938.01,49.3524,2,2,1.0,0.0,0.0,5,0.0,0,True,1746968616.369637,left,False
2273,1746968640.421501,204.026,-15.7622,-2.65251,0.284473,-0.127204,6334.74,5,46.506,1914.19,1939.16,49.3521,2,2,1.0,0.0,0.0,5,0.0,0,True,1746968616.369637,left,False
2274,1746968640.4415772,204.034,-15.6994,-2.79221,0.288346,-0.129191,6338.73,5,46.526,1915.33,1940.3,49.3518,2,2,1.0,0.0,0.0,5,0.0,0,True,1746968616.369637,left,False
2275,1746968640.4626832,204.05,-15.5654,-2.92073,0.292391,-0.130856,6340.5,5,46.546,1916.48,1941.44,49.3514,2,2,1.0,0.0,0.0,5,0.0,0,True,1746968616.369637,left,False
2276,1746968640.4806635,204.07,-15.3809,-3.06284,0.296611,-0.132207,6343.56,5,46.566,1917.62,1942.58,49.3511,2,2,1.0,0.0,0.0,5,0.0,0,True,1746968616.369637,left,False
2277,1746968640.5032973,204.095,-15.1324,-3.19631,0.301005,-0.133234,6346.21,5,46.586,1918.76,1943.73,49.3508,2,2,1.0,0.0,0.0,5,0.0,0,True,1746968616.369637,left,False
2278,1746968640.5218482,204.127,-14.8239,-3.3338,0.305575,-0.133927,6348.64,5,46.606,1919.9,1944.87,49.3505,2,2,1.0,0.0,0.0,5,0.0,0,True,1746968616.369637,left,False
2279,1746968640.5407279,204.164,-14.4595,-3.47235,0.310307,-0.134291,6351.76,5,46.626,1921.05,1946.01,49.3502,2,2,1.0,0.0,0.0,5,0.0,0,True,1746968616.369637,left,False
2280,1746968640.5622675,204.209,-14.0333,-3.60228,0.315206,-0.134322,6351.45,5,46.646,1922.19,1947.15,49.3499,2,2,1.0,0.0,0.0,5,0.0,0,True,1746968616.369637,left,False
2281,1746968640.582059,204.259,-13.5544,-3.73815,0.320264,-0.134021,6352.28,5,46.666,1923.33,1948.29,49.3496,2,2,1.0,0.0,0.0,5,0.0,0,True,1746968616.369637,left,False
2282,1746968640.6026466,204.315,-13.0169,-3.86479,0.325484,-0.133395,6350.97,5,46.686,1924.47,1949.44,49.3493,2,2,1.0,0.0,0.0,5,0.0,0,True,1746968616.369637,left,False
2283,1746968640.620523,204.377,-12.4281,-3.98292,0.330847,-0.132454,6345.63,5,46.706,1925.61,1950.58,49.349,2,2,1.0,0.0,0.0,5,0.0,0,True,1746968616.369637,left,False
2284,1746968640.6407363,204.444,-11.795,-4.10133,0.336369,-0.131213,6340.54,5,46.726,1926.76,1951.72,49.3487,2,2,1.0,0.0,0.0,5,0.0,0,True,1746968616.369637,left,False
2285,1746968640.6620789,204.513,-11.1239,-4.21656,0.342025,-0.129697,6336.87,5,46.746,1927.9,1952.86,49.3484,2,2,1.0,0.0,0.0,5,0.0,0,True,1746968616.369637,left,False
2286,1746968640.6811328,204.586,-10.4207,-4.32549,0.347815,-0.127928,6332.05,5,46.766,1929.04,1954.01,49.3481,2,2,1.0,0.0,0.0,5,0.0,0,True,1746968616.369637,left,False
2287,1746968640.7020764,204.66,-9.69396,-4.42827,0.353731,-0.125938,6326.91,5,46.786,1930.18,1955.15,49.3478,2,2,1.0,0.0,0.0,5,0.0,0,True,1746968616.369637,left,False
2288,1746968640.7220778,204.737,-8.94906,-4.52345,0.359762,-0.123751,6320.6,5,46.806,1931.33,1956.29,49.3475,2,2,1.0,0.0,0.0,5,0.0,0,True,1746968616.369637,left,False
2289,1746968640.7411764,204.813,-8.19458,-4.60505,0.365898,-0.121394,6316.15,5,46.826,1932.47,1957.44,49.3472,2,2,1.0,0.0,0.0,5,0.0,0,True,1746968616.369637,left,False
2290,1746968640.7643573,204.89,-7.43622,-4.68472,0.372139,-0.118885,6309.61,5,46.846,1933.62,1958.58,49.3469,2,2,1.0,0.0,0.0,5,0.0,0,True,1746968616.369637,left,False
2291,1746968640.781738,204.965,-6.68572,-4.75501,0.378459,-0.116267,6305.73,5,46.866,1934.76,1959.72,49.3466,2,2,1.0,0.0,0.0,5,0.0,0,True,1746968616.369637,left,False
2292,1746968640.8027177,205.039,-5.94807,-4.82055,0.384859,-0.113564,6302.73,5,46.886,1935.9,1960.87,49.3463,2,2,1.0,0.0,0.0,5,0.0,0,True,1746968616.369637,left,False
2293,1746968640.8212109,205.112,-5.2268,-4.87589,0.391329,-0.110796,6299.56,5,46.906,1937.05,1962.01,49.346,2,2,1.0,0.0,0.0,5,0.0,0,True,1746968616.369637,left,False
2294,1746968640.8398657,205.184,-4.53036,-4.9216,0.397839,-0.107992,6296.67,5,46.926,1938.19,1963.16,49.3456,2,2,1.0,0.0,0.0,5,0.0,0,True,1746968616.369637,left,False
2295,1746968640.862032,205.253,-3.86041,-4.95278,0.404399,-0.105172,6294,5,46.946,1939.34,1964.3,49.3453,2,2,1.0,0.0,0.0,5,0.0,0,True,1746968616.369637,left,False
2296,1746968640.8818898,205.321,-3.2216,-4.97581,0.410986,-0.102347,6292.63,5,46.966,1940.49,1965.45,49.345,2,2,1.0,0.0,0.0,5,0.0,0,True,1746968616.369637,left,False
2297,1746968640.90219,205.388,-2.61819,-4.98753,0.417586,-0.099541,6291.19,5,46.986,1941.63,1966.6,49.3447,2,2,1.0,0.0,0.0,5,0.0,0,True,1746968616.369637,left,False
2298,1746968640.9211988,205.453,-2.05177,-4.99858,0.424198,-0.0967696,6289.66,5,47.006,1942.78,1967.74,49.3444,2,2,1.0,0.0,0.0,5,0.0,0,True,1746968616.369637,left,False
2299,1746968640.9409347,205.516,-1.52516,-4.98276,0.430802,-0.0940507,6289.61,5,47.026,1943.93,1968.89,49.3441,2,2,1.0,0.0,0.0,5,0.0,0,True,1746968616.369637,left,False
2300,1746968640.9620419,205.577,-1.03886,-4.97027,0.43739,-0.0913923,6289.98,5,47.046,1945.07,1970.04,49.3438,2,2,1.0,0.0,0.0,5,0.0,0,True,1746968616.369637,left,False
2301,1746968640.9833994,205.637,-0.593407,-4.94409,0.443953,-0.0888065,6290.23,5,47.066,1946.22,1971.19,49.3435,2,2,1.0,0.0,0.0,5,0.0,0,True,1746968616.369637,left,False
2302,1746968641.0028408,205.696,-0.187976,-4.90727,0.450488,-0.0862964,6290.51,5,47.086,1947.37,1972.34,49.3432,2,2,1.0,0.0,0.0,5,0.0,0,True,1746968616.369637,left,False
2303,1746968641.0212162,205.754,0.178001,-4.86622,0.45697,-0.0838674,6291.32,5,47.106,1948.52,1973.49,49.3429,2,2,1.0,0.0,0.0,5,0.0,0,True,1746968616.369637,left,False
2304,1746968641.042055,205.811,0.505231,-4.82285,0.463403,-0.0815266,6292.09,5,47.126,1949.67,1974.64,49.3426,2,2,1.0,0.0,0.0,5,0.0,0,True,1746968616.369637,left,False
2305,1746968641.06057,205.868,0.795547,-4.76116,0.469779,-0.0792745,6292.48,5,47.146,1950.82,1975.79,49.3423,2,2,1.0,0.0,0.0,5,0.0,0,True,1746968616.369637,left,False
2306,1746968641.080758,205.923,1.05161,-4.71155,0.476082,-0.0771115,6294.83,5,47.166,1951.97,1976.94,49.342,2,2,1.0,0.0,0.0,5,0.0,0,True,1746968616.369637,left,False
2307,1746968641.1028996,205.979,1.27454,-4.65094,0.482316,-0.0750335,6295.47,5,47.186,1953.12,1978.09,49.3417,2,2,1.0,0.0,0.0,5,0.0,0,True,1746968616.369637,left,False
2308,1746968641.1200483,206.033,1.46698,-4.58292,0.488472,-0.0730432,6296.56,5,47.206,1954.28,1979.24,49.3414,2,2,1.0,0.0,0.0,5,0.0,0,True,1746968616.369637,left,False
2309,1746968641.1399863,206.087,1.6305,-4.51561,0.494548,-0.0711373,6298.22,5,47.226,1955.43,1980.39,49.3411,2,2,1.0,0.0,0.0,5,0.0,0,True,1746968616.369637,left,False
2310,1746968641.162586,206.141,1.76703,-4.43274,0.500537,-0.0693153,6298.71,5,47.246,1956.58,1981.55,49.3408,2,2,1.0,0.0,0.0,5,0.0,0,True,1746968616.369637,left,False
2311,1746968641.1814308,206.195,1.87965,-4.35479,0.506433,-0.067571,6300.01,5,47.266,1957.74,1982.7,49.3405,2,2,1.0,0.0,0.0,5,0.0,0,True,1746968616.369637,left,False
2312,1746968641.2000098,206.248,1.97081,-4.27307,0.51224,-0.0658968,6301.46,5,47.286,1958.89,1983.86,49.3402,2,2,1.0,0.0,0.0,5,0.0,0,True,1746968616.369637,left,False
2313,1746968641.2205534,206.301,2.04308,-4.19065,0.517953,-0.0642889,6303.12,5,47.306,1960.05,1985.01,49.3399,2,2,1.0,0.0,0.0,5,0.0,0,True,1746968616.369637,left,False
2314,1746968641.2412474,206.355,2.09866,-4.10403,0.523568,-0.0627406,6303.77,5,47.326,1961.2,1986.17,49.3395,2,2,1.0,0.0,0.0,5,0.0,0,True,1746968616.369637,left,False
2315,1746968641.2624638,206.407,2.14036,-4.01959,0.529089,-0.0612453,6305.57,5,47.346,1962.36,1987.32,49.3392,2,2,1.0,0.0,0.0,5,0.0,0,True,1746968616.369637,left,False
2316,1746968641.2825253,206.459,2.16972,-3.93565,0.534509,-0.0597976,6307.48,5,47.366,1963.52,1988.48,49.3389,2,2,1.0,0.0,0.0,5,0.0,0,True,1746968616.369637,left,False
2317,1746968641.3004067,206.511,2.18869,-3.85118,0.539827,-0.0583919,6308.55,5,47.386,1964.67,1989.64,49.3386,2,2,1.0,0.0,0.0,5,0.0,0,True,1746968616.369637,left,False
2318,1746968641.3223877,206.563,2.19915,-3.76887,0.545056,-0.0570234,6310.65,5,47.406,1965.83,1990.8,49.3383,2,2,1.0,0.0,0.0,5,0.0,0,True,1746968616.369637,left,False
2319,1746968641.3406332,206.614,2.20189,-3.68435,0.550179,-0.0556882,6311.88,5,47.426,1966.99,1991.95,49.338,2,2,1.0,0.0,0.0,5,0.0,0,True,1746968616.369637,left,False
2320,1746968641.3625488,206.665,2.1993,-3.6078,0.5552,-0.0543826,6313.77,5,47.446,1968.15,1993.11,49.3377,2,2,1.0,0.0,0.0,5,0.0,0,True,1746968616.369637,left,False
2321,1746968641.3817906,206.716,2.19139,-3.52547,0.560132,-0.0531014,6315.06,5,47.466,1969.31,1994.27,49.3374,2,2,1.0,0.0,0.0,5,0.0,0,True,1746968616.369637,left,False
2322,1746968641.39991,206.767,2.17962,-3.44774,0.564958,-0.0518411,6316.82,5,47.486,1970.47,1995.43,49.3371,2,2,1.0,0.0,0.0,5,0.0,0,True,1746968616.369637,left,False
2323,1746968641.4207447,206.817,2.16485,-3.37142,0.569682,-0.0506004,6318.69,5,47.506,1971.63,1996.59,49.3368,2,2,1.0,0.0,0.0,5,0.0,0,True,1746968616.369637,left,False
2324,1746968641.4412217,206.868,2.14737,-3.29231,0.574308,-0.0493739,6319.38,5,47.526,1972.79,1997.75,49.3365,2,2,1.0,0.0,0.0,5,0.0,0,True,1746968616.369637,left,False
2325,1746968641.4622154,206.918,2.12924,-3.21963,0.578833,-0.0481609,6320.71,5,47.546,1973.95,1998.91,49.3362,2,2,1.0,0.0,0.0,5,0.0,0,True,1746968616.369637,left,False
2326,1746968641.4808714,206.968,2.10996,-3.1493,0.58326,-0.0469564,6323.02,5,47.566,1975.11,2000.08,49.3359,2,2,1.0,0.0,0.0,5,0.0,0,True,1746968616.369637,left,False
2327,1746968641.501793,207.017,2.0901,-3.07597,0.587594,-0.0457605,6324.3,5,47.586,1976.27,2001.24,49.3356,2,2,1.0,0.0,0.0,5,0.0,0,True,1746968616.369637,left,False
2328,1746968641.5198593,207.067,2.06918,-3.0041,0.591821,-0.0445731,6325.66,5,47.606,1977.44,2002.4,49.3353,2,2,1.0,0.0,0.0,5,0.0,0,True,1746968616.369637,left,False
2329,1746968641.5397112,207.115,2.04907,-2.93831,0.595951,-0.0433925,6327.62,5,47.626,1978.6,2003.56,49.335,2,2,1.0,0.0,0.0,5,0.0,0,True,1746968616.369637,left,False
2330,1746968641.5619352,207.165,2.02809,-2.86423,0.599988,-0.0422156,6328.49,5,47.646,1979.76,2004.73,49.3347,2,2,1.0,0.0,0.0,5,0.0,0,True,1746968616.369637,left,False
2331,1746968641.5811534,207.212,2.00922,-2.79956,0.603927,-0.0410417,6331.23,5,47.666,1980.93,2005.89,49.3344,2,2,1.0,0.0,0.0,5,0.0,0,True,1746968616.369637,left,False
2332,1746968641.6005654,207.26,1.98965,-2.72696,0.607768,-0.0398696,6332.14,5,47.686,1982.09,2007.06,49.3341,2,2,1.0,0.0,0.0,5,0.0,0,True,1746968616.369637,left,False
2333,1746968641.6200013,207.309,1.97136,-2.65944,0.611515,-0.0386995,6333.18,5,47.706,1983.26,2008.22,49.3337,2,2,1.0,0.0,0.0,5,0.0,0,True,1746968616.369637,left,False
2334,1746968641.6413221,207.357,1.95382,-2.59271,0.615165,-0.0375302,6334.49,5,47.726,1984.42,2009.39,49.3334,2,2,1.0,0.0,0.0,5,0.0,0,True,1746968616.369637,left,False
2335,1746968641.661753,207.404,1.93735,-2.52491,0.618717,-0.036361,6336.29,5,47.746,1985.59,2010.55,49.3331,2,2,1.0,0.0,0.0,5,0.0,0,True,1746968616.369637,left,False
2336,1746968641.6803682,207.451,1.92136,-2.45584,0.622176,-0.0351909,6337.69,5,47.766,1986.75,2011.72,49.3328,2,2,1.0,0.0,0.0,5,0.0,0,True,1746968616.369637,left,False
2337,1746968641.7032385,207.497,1.90702,-2.3927,0.625545,-0.0340226,6339.41,5,47.786,1987.92,2012.88,49.3325,2,2,1.0,0.0,0.0,5,0.0,0,True,1746968616.369637,left,False
2338,1746968641.7215543,207.544,1.8922,-2.32197,0.628813,-0.0328525,6340.16,5,47.806,1989.09,2014.05,49.3322,2,2,1.0,0.0,0.0,5,0.0,0,True,1746968616.369637,left,False
2339,1746968641.7407105,207.591,1.87868,-2.25246,0.631991,-0.0316823,6341.61,5,47.826,1990.25,2015.22,49.3319,2,2,1.0,0.0,0.0,5,0.0,0,True,1746968616.369637,left,False
2340,1746968641.7613273,207.636,1.86646,-2.18409,0.635071,-0.0305103,6343.42,5,47.846,1991.42,2016.39,49.3316,2,2,1.0,0.0,0.0,5,0.0,0,True,1746968616.369637,left,False
2341,1746968641.7819753,207.682,1.85574,-2.1197,0.638062,-0.0293348,6344.09,5,47.866,1992.59,2017.55,49.3313,2,2,1.0,0.0,0.0,5,0.0,0,True,1746968616.369637,left,False
2342,1746968641.8013468,207.727,1.84645,-2.0566,0.640955,-0.0281556,6346.47,5,47.886,1993.76,2018.72,49.331,2,2,1.0,0.0,0.0,5,0.0,0,True,1746968616.369637,left,False
2343,1746968641.8199182,207.772,1.83793,-1.99112,0.643758,-0.0269731,6348,5,47.906,1994.93,2019.89,49.3307,2,2,1.0,0.0,0.0,5,0.0,0,True,1746968616.369637,left,False
2344,1746968641.8419886,207.818,1.83033,-1.91916,0.646464,-0.0257877,6347.91,5,47.926,1996.1,2021.06,49.3304,2,2,1.0,0.0,0.0,5,0.0,0,True,1746968616.369637,left,False
2345,1746968641.8615801,207.865,1.82332,-1.84169,0.649068,-0.0238898,6347.52,5,47.946,1997.27,2022.24,49.3301,2,2,1.0,0.0,0.0,5,0.0,0,True,1746968616.369637,left,False
2346,1746968641.8806658,207.911,1.81832,-1.74765,0.65144,-0.0203102,6346.03,5,47.966,1998.47,2023.43,49.3298,2,2,1.0,0.0,0.0,5,0.0,0,True,1746968616.369637,left,False
2347,1746968641.900415,207.956,1.81553,-1.63541,0.653538,-0.0167096,6344.86,5,47.986,1999.66,2024.63,49.3295,2,2,1.0,0.0,0.0,5,0.0,0,True,1746968616.369637,left,False
2348,1746968641.922096,208,1.81516,-1.50129,0.655357,-0.0130881,6344.19,5,48.006,2000.85,2025.82,49.3292,2,2,1.0,0.0,0.0,5,0.0,0,True,1746968616.369637,left,False
2349,1746968641.940863,208.044,1.81526,-1.33722,0.656895,-0.0094474,6342.46,5,48.026,2002.05,2027.01,49.3289,2,2,1.0,0.0,0.0,5,0.0,0,True,1746968616.369637,left,False
2350,1746968641.9605796,208.086,1.81751,-1.16621,0.658154,-0.00579054,6343.4,5,48.046,2003.24,2028.21,49.3286,2,2,1.0,0.0,0.0,5,0.0,0,True,1746968616.369637,left,False
2351,1746968641.9827948,208.127,1.81905,-0.968632,0.659133,-0.00212366,6342.74,5,48.066,2004.44,2029.4,49.3283,2,2,1.0,0.0,0.0,5,0.0,0,True,1746968616.369637,left,False
2352,1746968641.9997995,208.168,1.82054,-0.755968,0.659829,0.00155228,6342.49,5,48.086,2005.64,2030.6,49.3279,2,2,1.0,0.0,0.0,5,0.0,0,True,1746968616.369637,left,False
2353,1746968642.0207038,208.206,1.82236,-0.538447,0.66024,0.00523346,6344.63,5,48.106,2006.83,2031.8,49.3276,2,2,1.0,0.0,0.0,5,0.0,0,True,1746968616.369637,left,False
2354,1746968642.04079,208.245,1.82248,-0.311682,0.660368,0.00891274,6345.35,5,48.126,2008.03,2032.99,49.3273,2,2,1.0,0.0,0.0,5,0.0,0,True,1746968616.369637,left,False
2355,1746968642.0607977,208.283,1.82058,-0.0717358,0.660211,0.0125872,6345.83,5,48.146,2009.22,2034.19,49.327,2,2,1.0,0.0,0.0,5,0.0,0,True,1746968616.369637,left,False
2356,1746968642.0799305,208.319,1.81744,0.162305,0.659772,0.0162551,6347.77,5,48.166,2010.42,2035.39,49.3267,2,2,1.0,0.0,0.0,5,0.0,0,True,1746968616.369637,left,False
2357,1746968642.1026697,208.356,1.81169,0.410285,0.659047,0.0199148,6348.16,5,48.186,2011.62,2036.58,49.3264,2,2,1.0,0.0,0.0,5,0.0,0,True,1746968616.369637,left,False
2358,1746968642.120484,208.392,1.80393,0.66167,0.658036,0.023565,6348.38,5,48.206,2012.82,2037.78,49.3261,2,2,1.0,0.0,0.0,5,0.0,0,True,1746968616.369637,left,False
2359,1746968642.1402853,208.426,1.79509,0.906001,0.656744,0.0272052,6350.49,5,48.226,2014.01,2038.98,49.3258,2,2,1.0,0.0,0.0,5,0.0,0,True,1746968616.369637,left,False
2360,1746968642.1613402,208.46,1.78471,1.15949,0.655166,0.0308372,6351.14,5,48.246,2015.21,2040.17,49.3255,2,2,1.0,0.0,0.0,5,0.0,0,True,1746968616.369637,right,False
2361,1746968642.1808271,208.493,1.77385,1.40284,0.653302,0.0344607,6352.22,5,48.266,2016.41,2041.37,49.3252,2,2,1.0,0.0,0.0,5,0.0,0,True,1746968616.369637,right,False
2362,1746968642.2004128,208.525,1.76236,1.63794,0.651152,0.0380742,6354.31,5,48.286,2017.6,2042.57,49.3249,2,2,1.0,0.0,0.0,5,0.0,0,True,1746968616.369637,right,False
2363,1746968642.2206278,208.557,1.75101,1.86418,0.648722,0.04168,6356.18,5,48.306,2018.8,2043.77,49.3246,2,2,1.0,0.0,0.0,5,0.0,0,True,1746968616.369637,right,False
2364,1746968642.241813,208.588,1.73888,2.08986,0.646008,0.0452773,6357.42,5,48.326,2020,2044.96,49.3243,2,2,1.0,0.0,0.0,5,0.0,0,True,1746968616.369637,right,False
2365,1746968642.2619808,208.618,1.72655,2.31158,0.643011,0.0488679,6358.08,5,48.346,2021.19,2046.16,49.324,2,2,1.0,0.0,0.0,5,0.0,0,True,1746968616.369637,right,False
2366,1746968642.280802,208.648,1.7152,2.52861,0.639734,0.0524566,6359.32,5,48.366,2022.39,2047.36,49.3237,2,2,1.0,0.0,0.0,5,0.0,0,True,1746968616.369637,right,False
2367,1746968642.3014424,208.677,1.70473,2.74013,0.636176,0.0560424,6361.03,5,48.386,2023.59,2048.55,49.3234,2,2,1.0,0.0,0.0,5,0.0,0,True,1746968616.369637,right,False
2368,1746968642.321923,208.705,1.69498,2.93774,0.632332,0.0596244,6361.62,5,48.406,2024.78,2049.75,49.3231,2,2,1.0,0.0,0.0,5,0.0,0,True,1746968616.369637,right,False
2369,1746968642.340402,208.733,1.68748,3.13452,0.628213,0.0632083,6363.27,5,48.426,2025.98,2050.94,49.3228,2,2,1.0,0.0,0.0,5,0.0,0,True,1746968616.369637,right,False
2370,1746968642.3606436,208.76,1.68088,3.33129,0.62381,0.0667941,6364.3,5,48.446,2027.17,2052.14,49.3225,2,2,1.0,0.0,0.0,5,0.0,0,True,1746968616.369637,right,False
2371,1746968642.3824892,208.786,1.67449,3.52594,0.619128,0.0703799,6365.72,5,48.466,2028.37,2053.33,49.3222,2,2,1.0,0.0,0.0,5,0.0,0,True,1746968616.369637,right,False
2372,1746968642.4013891,208.812,1.66911,3.7181,0.61417,0.0739648,6366.16,5,48.486,2029.56,2054.53,49.3218,2,2,1.0,0.0,0.0,5,0.0,0,True,1746968616.369637,right,False
2373,1746968642.4208071,208.837,1.66368,3.91631,0.608929,0.0775482,6366.66,5,48.506,2030.76,2055.72,49.3215,2,2,1.0,0.0,0.0,5,0.0,0,True,1746968616.369637,right,False
2374,1746968642.4417462,208.862,1.65872,4.11018,0.60341,0.0811288,6368.04,5,48.526,2031.95,2056.92,49.3212,2,2,1.0,0.0,0.0,5,0.0,0,True,1746968616.369637,right,False
2375,1746968642.4605181,208.886,1.65337,4.31247,0.597614,0.0847098,6368.11,5,48.546,2033.14,2058.11,49.3209,2,2,1.0,0.0,0.0,5,0.0,0,True,1746968616.369637,right,False
2376,1746968642.4812257,208.909,1.64932,4.50588,0.591536,0.0882885,6368.47,5,48.566,2034.34,2059.3,49.3206,2,2,1.0,0.0,0.0,5,0.0,0,True,1746968616.369637,right,False
2377,1746968642.5007145,208.931,1.64581,4.7004,0.585181,0.0918681,6369.92,5,48.586,2035.53,2060.49,49.3203,2,2,1.0,0.0,0.0,5,0.0,0,True,1746968616.369637,right,False
2378,1746968642.5205834,208.953,1.64214,4.89819,0.578548,0.0954458,6370.46,5,48.606,2036.72,2061.68,49.32,2,2,1.0,0.0,0.0,5,0.0,0,True,1746968616.369637,right,False
2379,1746968642.5408666,208.975,1.63956,5.09796,0.571637,0.0990264,6369.95,5,48.626,2037.91,2062.87,49.3197,2,2,1.0,0.0,0.0,5,0.0,0,True,1746968616.369637,right,False
2380,1746968642.5619824,208.996,1.63772,5.30644,0.564449,0.102611,6370.2,5,48.646,2039.1,2064.06,49.3194,2,2,1.0,0.0,0.0,5,0.0,0,True,1746968616.369637,right,False
2381,1746968642.5803494,209.016,1.63722,5.50977,0.556982,0.106197,6370.03,5,48.666,2040.29,2065.25,49.3191,2,2,1.0,0.0,0.0,5,0.0,0,True,1746968616.369637,right,False
2382,1746968642.6023405,209.035,1.63869,5.70214,0.549241,0.109789,6371.26,5,48.686,2041.48,2066.44,49.3188,2,2,1.0,0.0,0.0,5,0.0,0,True,1746968616.369637,right,False
2383,1746968642.6214354,209.053,1.64064,5.90511,0.541221,0.113383,6372.06,5,48.706,2042.66,2067.63,49.3185,2,2,1.0,0.0,0.1,5,0.0,0,True,1746968616.369637,right,False
2384,1746968642.6406972,209.071,1.6442,6.10283,0.532924,0.116982,6372.43,5,48.726,2043.85,2068.82,49.3182,2,2,1.0,0.0,0.1,5,0.0,0,True,1746968616.369637,right,False
2385,1746968642.6618636,209.074,1.80851,6.2951,0.5244,0.119746,6374.59,5,48.746,2045.04,2070,49.3179,2,2,1.0,0.0,0.1,5,0.0,0,True,1746968616.369637,right,False
2386,1746968642.6813724,209.073,1.59615,6.46433,0.515739,0.120239,6378.49,5,48.766,2046.22,2071.19,49.3176,2,2,1.0,0.0,0.1,5,0.0,0,True,1746968616.369637,right,False
2387,1746968642.703577,209.074,0.969072,6.62536,0.506948,0.118684,6382.59,5,48.786,2047.41,2072.37,49.3173,2,2,1.0,0.0,0.1,5,0.0,0,True,1746968616.369637,right,False
2388,1746968642.7208264,209.071,0.00880414,6.75166,0.498039,0.115391,6388.31,5,48.806,2048.59,2073.55,49.317,2,2,1.0,0.0,0.1,5,0.0,0,True,1746968616.369637,right,False
2389,1746968642.740669,209.06,-1.20169,6.86535,0.489032,0.110672,6393.93,5,48.826,2049.77,2074.74,49.3167,2,2,1.0,0.0,0.1,5,0.0,0,True,1746968616.369637,right,False
2390,1746968642.7618604,209.035,-2.59519,6.95308,0.479942,0.104835,6401.14,5,48.846,2050.95,2075.92,49.3164,2,2,1.0,0.0,0.1,5,0.0,0,True,1746968616.369637,right,False
2391,1746968642.780001,208.993,-4.10664,7.01206,0.470791,0.0981685,6410.13,5,48.866,2052.14,2077.1,49.316,2,2,1.0,0.0,0.1,5,0.0,0,True,1746968616.369637,right,False
2392,1746968642.8028255,208.931,-5.68562,7.04677,0.461605,0.0909502,6421.94,5,48.886,2053.32,2078.28,49.3157,2,2,1.0,0.0,0.1,5,0.0,0,True,1746968616.369637,right,False
2393,1746968642.8215516,208.848,-7.2825,7.06716,0.452401,0.0834109,6434.88,5,48.906,2054.5,2079.46,49.3154,2,2,1.0,0.0,0.1,5,0.0,0,True,1746968616.369637,right,False
2394,1746968642.8422263,208.744,-8.87281,7.05556,0.443195,0.0757348,6451.44,5,48.926,2055.68,2080.64,49.3151,2,2,1.0,0.0,0.1,5,0.0,0,True,1746968616.369637,right,False
2395,1746968642.8611915,208.621,-10.4315,7.03515,0.434003,0.0680439,6470.96,5,48.946,2056.85,2081.82,49.3148,2,2,1.0,0.0,0.1,5,0.0,0,True,1746968616.369637,right,False
2396,1746968642.8799682,208.481,-11.946,6.99133,0.424835,0.0604312,6491.45,5,48.966,2058.03,2083,49.3145,2,2,1.0,0.0,0.1,5,0.0,0,True,1746968616.369637,right,False
2397,1746968642.9023461,208.324,-13.4029,6.93599,0.415704,0.0529634,6513.9,5,48.986,2059.21,2084.17,49.3142,2,2,1.0,0.0,0.1,5,0.0,0,True,1746968616.369637,right,False
2398,1746968642.9224412,208.157,-14.7997,6.87234,0.406616,0.045654,6532.13,5,49.006,2060.38,2085.35,49.3139,2,2,1.0,0.0,0.1,5,0.0,0,True,1746968616.369637,right,False
2399,1746968642.9408329,207.98,-16.1502,6.80332,0.397581,0.0384657,6547.36,5,49.026,2061.56,2086.52,49.3136,2,2,1.0,0.0,0.1,5,0.0,0,True,1746968616.369637,right,False
2400,1746968642.9614267,207.795,-17.4456,6.72892,0.388609,0.0313851,6555.81,5,49.046,2062.73,2087.7,49.3133,2,2,1.0,0.0,0.1,5,0.0,0,True,1746968616.369637,right,False
2401,1746968642.9834225,207.599,-18.7116,6.64781,0.379706,0.0243937,6566.13,5,49.066,2063.91,2088.87,49.313,2,2,1.0,0.0,0.1,5,0.0,0,True,1746968616.369637,right,False
2402,1746968643.0030506,207.397,-19.934,6.56895,0.370878,0.0174672,6568.93,5,49.086,2065.08,2090.04,49.3127,2,2,1.0,0.0,0.1,5,0.0,0,True,1746968616.369637,right,False
2403,1746968643.0220673,207.184,-21.1318,6.48704,0.362132,0.0105974,6571.91,5,49.106,2066.25,2091.21,49.3124,2,2,1.0,0.0,0.1,5,0.0,0,True,1746968616.369637,right,False
2404,1746968643.0453393,206.961,-22.2966,6.40441,0.353477,0.00377816,6572.87,5,49.126,2067.42,2092.38,49.3121,2,2,1.0,0.0,0.1,5,0.0,0,True,1746968616.369637,right,False
2405,1746968643.0606642,206.728,-23.4377,6.31869,0.344914,-0.00298387,6575.82,5,49.146,2068.59,2093.55,49.3118,2,2,1.0,0.0,0.1,5,0.0,0,True,1746968616.369637,right,False
2406,1746968643.0818052,206.484,-24.5453,6.23313,0.33645,-0.0096553,6580.47,5,49.166,2069.76,2094.72,49.3115,2,2,1.0,0.0,0.1,5,0.0,0,True,1746968616.369637,right,False
2407,1746968643.1005056,206.233,-25.6241,6.1449,0.32809,-0.0162318,6586.46,5,49.186,2070.92,2095.89,49.3112,2,2,1.0,0.0,0.1,5,0.0,0,True,1746968616.369637,right,False
2408,1746968643.1202927,205.972,-26.6612,6.06041,0.319834,-0.022683,6595.75,5,49.206,2072.09,2097.05,49.3109,2,2,1.0,0.0,0.1,5,0.0,0,True,1746968616.369637,right,False
2409,1746968643.140284,205.707,-27.6674,5.96451,0.311688,-0.028982,6603.42,5,49.226,2073.26,2098.22,49.3106,2,2,1.0,0.0,0.1,5,0.0,0,True,1746968616.369637,right,False
2410,1746968643.1620765,205.433,-28.6245,5.87115,0.303654,-0.0351031,6617.9,5,49.246,2074.42,2099.38,49.3102,2,2,1.0,0.0,0.1,5,0.0,0,True,1746968616.369637,right,False
2411,1746968643.1809237,205.159,-29.5285,5.77731,0.295732,-0.0410121,6629.36,5,49.266,2075.58,2100.55,49.3099,2,2,1.0,0.0,0.0,5,0.0,0,True,1746968616.369637,left,False
2412,1746968643.200046,204.883,-30.381,5.68655,0.287923,-0.0467065,6640.72,5,49.286,2076.75,2101.71,49.3096,2,2,1.0,0.0,0.0,5,0.0,0,True,1746968616.369637,left,False
2413,1746968643.2216063,204.63,-31.2026,5.59221,0.280229,-0.0520499,6657.85,5,49.306,2077.91,2102.87,49.3093,2,2,1.0,0.0,0.0,5,0.0,0,True,1746968616.369637,left,False
2414,1746968643.2429092,204.404,-31.9106,5.49784,0.272632,-0.0568231,6661.79,5,49.326,2079.07,2104.03,49.309,2,2,1.0,0.0,0.0,5,0.0,0,True,1746968616.369637,left,False
2415,1746968643.26304,204.196,-32.4955,5.40941,0.265139,-0.0610412,6659.74,5,49.346,2080.23,2105.19,49.3087,2,2,1.0,0.0,0.0,5,0.0,0,True,1746968616.369637,left,False
2416,1746968643.2800388,204.004,-32.9557,5.31994,0.257753,-0.0647119,6656.32,5,49.366,2081.38,2106.35,49.3084,2,2,1.0,0.0,0.0,5,0.0,0,True,1746968616.369637,left,False
2417,1746968643.3001838,203.825,-33.3035,5.232,0.250476,-0.0678414,6654.92,5,49.386,2082.54,2107.51,49.3081,2,2,1.0,0.0,0.0,5,0.0,0,True,1746968616.369637,left,False
2418,1746968643.3221312,203.665,-33.529,5.14115,0.243315,-0.0704234,6653,5,49.406,2083.7,2108.66,49.3078,2,2,1.0,0.0,0.0,5,0.0,0,True,1746968616.369637,left,False
2419,1746968643.3412924,203.522,-33.6402,5.05529,0.236267,-0.0724614,6650.47,5,49.426,2084.85,2109.82,49.3075,2,2,1.0,0.0,0.0,5,0.0,0,True,1746968616.369637,left,False
2420,1746968643.3619514,203.396,-33.6452,4.96917,0.229329,-0.0739787,6648.09,5,49.446,2086.01,2110.97,49.3072,2,2,1.0,0.0,0.0,5,0.0,0,True,1746968616.369637,left,False
2421,1746968643.3820772,203.285,-33.5415,4.8779,0.22251,-0.0749605,6651.59,5,49.466,2087.16,2112.12,49.3069,2,2,1.0,0.0,0.0,5,0.0,0,True,1746968616.369637,left,False
2422,1746968643.402705,203.194,-33.3156,4.79746,0.215804,-0.0753701,6652.78,5,49.486,2088.31,2113.28,49.3066,2,2,1.0,0.0,0.0,5,0.0,0,True,1746968616.369637,left,False
2423,1746968643.4219825,203.121,-32.9787,4.71439,0.209216,-0.0752481,6656.39,5,49.506,2089.46,2114.43,49.3063,2,2,1.0,0.0,0.0,5,0.0,0,True,1746968616.369637,left,False
2424,1746968643.4415488,203.076,-32.5247,4.63212,0.202747,-0.0745357,6648.48,5,49.526,2090.61,2115.58,49.306,2,2,1.0,0.0,0.0,5,0.0,0,True,1746968616.369637,left,False
2425,1746968643.461214,203.05,-31.9739,4.55578,0.196389,-0.0733493,6638.96,5,49.546,2091.76,2116.73,49.3057,2,2,1.0,0.0,0.0,5,0.0,0,True,1746968616.369637,left,False
2426,1746968643.480522,203.04,-31.3302,4.47637,0.190145,-0.0716479,6633.68,5,49.566,2092.91,2117.88,49.3054,2,2,1.0,0.0,0.0,5,0.0,0,True,1746968616.369637,left,False
2427,1746968643.5006552,203.037,-30.5985,4.38574,0.184009,-0.0694478,6636.83,5,49.586,2094.06,2119.03,49.3051,2,2,1.0,0.0,0.0,5,0.0,0,True,1746968616.369637,left,False
2428,1746968643.5200105,203.057,-29.7591,4.30529,0.177983,-0.066717,6633.69,5,49.606,2095.21,2120.17,49.3048,2,2,1.0,0.0,0.0,5,0.0,0,True,1746968616.369637,left,False
2429,1746968643.5423253,203.101,-28.8114,4.2314,0.172064,-0.0634583,6617.7,5,49.626,2096.35,2121.32,49.3045,2,2,1.0,0.0,0.0,5,0.0,0,True,1746968616.369637,left,False
2430,1746968643.5605493,203.161,-27.7592,4.15381,0.166256,-0.0596402,6604.21,5,49.646,2097.5,2122.46,49.3041,2,2,1.0,0.0,0.0,5,0.0,0,True,1746968616.369637,left,False
2431,1746968643.5810533,203.227,-26.6231,4.07185,0.160551,-0.0553001,6598.92,5,49.666,2098.64,2123.61,49.3038,2,2,1.0,0.0,0.0,5,0.0,0,True,1746968616.369637,left,False
2432,1746968643.6012206,203.314,-25.3927,3.99931,0.154936,-0.0504769,6581.93,5,49.686,2099.79,2124.75,49.3035,2,2,1.0,0.0,0.0,5,0.0,0,True,1746968616.369637,left,False
2433,1746968643.6220682,203.411,-24.0743,3.92554,0.149416,-0.0451625,6565.46,5,49.706,2100.93,2125.9,49.3032,2,2,1.0,0.0,0.0,5,0.0,0,True,1746968616.369637,left,False
2434,1746968643.6413338,203.52,-22.6828,3.85828,0.143986,-0.0393937,6542.96,5,49.726,2102.08,2127.04,49.3029,2,2,1.0,0.0,0.0,5,0.0,0,True,1746968616.369637,left,False
2435,1746968643.660693,203.635,-21.2192,3.79463,0.138635,-0.0331982,6519.73,5,49.746,2103.22,2128.18,49.3026,2,2,1.0,0.0,0.0,5,0.0,0,True,1746968616.369637,left,False
2436,1746968643.6810176,203.757,-19.6981,3.73584,0.133358,-0.0266045,6492.82,5,49.766,2104.36,2129.33,49.3023,2,2,1.0,0.0,0.0,5,0.0,0,True,1746968616.369637,left,False
2437,1746968643.700837,203.882,-18.1296,3.67831,0.128141,-0.0196469,6465.27,5,49.786,2105.5,2130.47,49.302,2,2,1.0,0.0,0.0,5,0.0,0,True,1746968616.369637,left,False
2438,1746968643.721097,204.008,-16.5246,3.63313,0.122978,-0.0123685,6436.76,5,49.806,2106.64,2131.61,49.3017,2,2,1.0,0.0,0.0,5,0.0,0,True,1746968616.369637,left,False
2439,1746968643.7413342,204.133,-14.8955,3.59353,0.117855,-0.00482113,6404.43,5,49.826,2107.79,2132.75,49.3014,2,2,1.0,0.0,0.0,5,0.0,0,True,1746968616.369637,right,False
2440,1746968643.761771,204.251,-13.2712,3.5529,0.112756,0.00293225,6379.63,5,49.846,2108.93,2133.89,49.3011,2,2,1.0,0.0,0.0,5,0.0,0,True,1746968616.369637,right,False
2441,1746968643.7816026,204.363,-11.6583,3.53008,0.107668,0.0108244,6353.06,5,49.866,2110.07,2135.03,49.3008,2,2,1.0,0.0,0.0,5,0.0,0,True,1746968616.369637,right,False
2442,1746968643.801192,204.466,-10.0813,3.51778,0.102568,0.0187837,6329.52,5,49.886,2111.21,2136.17,49.3005,2,2,1.0,0.0,0.0,5,0.0,0,True,1746968616.369637,right,False
2443,1746968643.8207574,204.557,-8.55891,3.51493,0.0974386,0.0267436,6310.87,5,49.906,2112.35,2137.31,49.3002,2,2,1.0,0.0,0.0,5,0.0,0,True,1746968616.369637,right,False
2444,1746968643.842112,204.638,-7.10746,3.52495,0.0922567,0.0346453,6297.02,5,49.926,2113.49,2138.45,49.2999,2,2,1.0,0.0,0.0,5,0.0,0,True,1746968616.369637,right,False
2445,1746968643.8611448,204.709,-5.74055,3.55544,0.0869995,0.0424315,6284.64,5,49.946,2114.63,2139.59,49.2996,2,2,1.0,0.0,0.0,5,0.0,0,True,1746968616.369637,right,False
2446,1746968643.8801954,204.771,-4.46802,3.59849,0.0816467,0.0500576,6276,5,49.966,2115.77,2140.73,49.2993,2,2,1.0,0.0,0.0,5,0.0,0,True,1746968616.369637,right,False
2447,1746968643.9014122,204.823,-3.29967,3.66334,0.0761719,0.0574858,6270.19,5,49.986,2116.91,2141.87,49.299,2,2,1.0,0.0,0.0,5,0.0,0,True,1746968616.369637,right,False
2448,1746968643.9220147,204.869,-2.23854,3.75016,0.0705505,0.0646855,6265.2,5,50.006,2118.05,2143.01,49.2987,2,2,1.0,0.0,0.0,5,0.0,0,True,1746968616.369637,right,False
2449,1746968643.9413164,204.908,-1.28709,3.85587,0.0647603,0.0716368,6261.91,5,50.026,2119.19,2144.15,49.2983,2,2,1.0,0.0,0.0,5,0.0,0,True,1746968616.369637,right,False
2450,1746968643.9606683,204.943,-0.444146,3.97802,0.058785,0.078324,6259.61,5,50.046,2120.33,2145.29,49.298,2,2,1.0,0.0,0.0,5,0.0,0,True,1746968616.369637,right,False
2451,1746968643.9812567,204.973,0.29303,4.12155,0.0525981,0.0847403,6258.4,5,50.066,2121.46,2146.43,49.2977,2,2,1.0,0.0,0.0,5,0.0,0,True,1746968616.369637,right,False
2452,1746968644.0019484,205,0.92883,4.28332,0.0461873,0.090882,6257.25,5,50.086,2122.6,2147.57,49.2974,2,2,1.0,0.0,0.0,5,0.0,0,True,1746968616.369637,right,False
2453,1746968644.0218139,205.025,1.46835,4.46615,0.0395365,0.096749,6256.62,5,50.106,2123.74,2148.7,49.2971,2,2,1.0,0.0,0.0,5,0.0,0,True,1746968616.369637,right,False
2454,1746968644.0408998,205.048,1.91765,4.66441,0.0326294,0.102345,6256.09,5,50.126,2124.87,2149.84,49.2968,2,2,1.0,0.0,0.0,5,0.0,0,True,1746968616.369637,right,False
2455,1746968644.0620522,205.069,2.28346,4.88031,0.0254537,0.107677,6256.02,5,50.146,2126.01,2150.98,49.2965,2,2,1.0,0.0,0.0,5,0.0,0,True,1746968616.369637,right,False
2456,1746968644.080255,205.089,2.57337,5.10109,0.0180074,0.112755,6256.35,5,50.166,2127.15,2152.11,49.2962,2,2,1.0,0.0,0.0,5,0.0,0,True,1746968616.369637,right,False
2457,1746968644.1012585,205.109,2.79349,5.34401,0.0102702,0.117592,6255.53,5,50.186,2128.28,2153.24,49.2959,2,2,1.0,0.0,0.0,5,0.0,0,True,1746968616.369637,right,False
2458,1746968644.1220336,205.128,2.95317,5.58692,0.00224813,0.1222,6256.34,5,50.206,2129.41,2154.38,49.2956,2,2,1.0,0.0,0.0,5,0.0,0,True,1746968616.369637,right,False
2459,1746968644.1410227,205.147,3.05858,5.8441,-0.00606689,0.126596,6255.99,5,50.226,2130.55,2155.51,49.2953,2,2,1.0,0.0,0.0,5,0.0,0,True,1746968616.369637,right,False
2460,1746968644.1621683,205.165,3.11772,6.09842,-0.014681,0.130798,6256.45,5,50.246,2131.68,2156.64,49.295,2,2,1.0,0.0,0.0,5,0.0,0,True,1746968616.369637,right,False
2461,1746968644.180614,205.183,3.13828,6.35973,-0.0235901,0.134827,6256.66,5,50.266,2132.81,2157.77,49.2947,2,2,1.0,0.0,0.0,5,0.0,0,True,1746968616.369637,right,False
2462,1746968644.2009306,205.202,3.12738,6.62011,-0.0327983,0.138705,6255.97,5,50.286,2133.94,2158.9,49.2944,2,2,1.0,0.0,0.0,5,0.0,0,True,1746968616.369637,right,False
2463,1746968644.2219977,205.219,3.09334,6.87614,-0.0423055,0.142457,6257.16,5,50.306,2135.07,2160.03,49.2941,2,2,1.0,0.0,0.0,5,0.0,0,True,1746968616.369637,right,False
2464,1746968644.2420537,205.236,3.03982,7.1279,-0.0521118,0.146096,6257.25,5,50.326,2136.2,2161.16,49.2938,2,2,1.0,0.0,0.0,5,0.0,0,True,1746968616.369637,right,False
2465,1746968644.2612493,205.252,2.97343,7.37798,-0.0622172,0.149646,6257.62,5,50.346,2137.32,2162.29,49.2935,2,2,1.0,0.0,0.0,5,0.0,0,True,1746968616.369637,right,False
2466,1746968644.2826993,205.269,2.89741,7.62361,-0.0726095,0.153124,6257.6,5,50.366,2138.45,2163.42,49.2932,2,2,1.0,0.0,0.1,5,0.0,0,True,1746968616.369637,right,False
2467,1746968644.301048,205.284,2.81724,7.8606,-0.0832865,0.156543,6258.52,5,50.386,2139.57,2164.54,49.2929,2,2,1.0,0.0,0.1,5,0.0,0,True,1746968616.369637,right,False
2468,1746968644.3238857,205.287,2.90363,8.08087,-0.0942078,0.159059,6260.51,5,50.406,2140.7,2165.66,49.2925,2,2,1.0,0.0,0.1,5,0.0,0,True,1746968616.369637,right,False
2469,1746968644.3415813,205.289,2.61024,8.28043,-0.105265,0.159181,6264.32,5,50.426,2141.82,2166.79,49.2922,2,2,1.0,0.0,0.1,5,0.0,0,True,1746968616.369637,right,False
2470,1746968644.3619466,205.294,1.89516,8.45485,-0.116455,0.15716,6268.43,5,50.446,2142.94,2167.91,49.2919,2,2,1.0,0.0,0.1,5,0.0,0,True,1746968616.369637,right,False
2471,1746968644.3805013,205.297,0.848528,8.59978,-0.127759,0.153332,6273.61,5,50.466,2144.06,2169.03,49.2916,2,2,1.0,0.0,0.1,5,0.0,0,True,1746968616.369637,right,False
2472,1746968644.4023972,205.292,-0.448559,8.70921,-0.13916,0.14803,6279.82,5,50.486,2145.18,2170.15,49.2913,2,2,1.0,0.0,0.1,5,0.0,0,True,1746968616.369637,right,False
2473,1746968644.4202015,205.272,-1.92198,8.79521,-0.150633,0.14158,6287.25,5,50.506,2146.3,2171.27,49.291,2,2,1.0,0.0,0.1,5,0.0,0,True,1746968616.369637,right,False
2474,1746968644.4408498,205.233,-3.50928,8.85092,-0.162154,0.134289,6296.57,5,50.526,2147.42,2172.39,49.2907,2,2,1.0,0.0,0.1,5,0.0,0,True,1746968616.369637,right,False
2475,1746968644.461114,205.173,-5.15768,8.87297,-0.173702,0.126442,6308.86,5,50.546,2148.54,2173.51,49.2904,2,2,1.0,0.0,0.1,5,0.0,0,True,1746968616.369637,right,False
2476,1746968644.480154,205.091,-6.81993,8.87737,-0.185252,0.118284,6323.67,5,50.566,2149.66,2174.62,49.2901,2,2,1.0,0.0,0.1,5,0.0,0,True,1746968616.369637,right,False
2477,1746968644.5022335,204.986,-8.47386,8.84816,-0.196794,0.110005,6343.87,5,50.586,2150.77,2175.74,49.2898,2,2,1.0,0.0,0.1,5,0.0,0,True,1746968616.369637,right,False
2478,1746968644.5216205,204.86,-10.0866,8.79585,-0.208305,0.101759,6366.29,5,50.606,2151.89,2176.85,49.2895,2,2,1.0,0.0,0.1,5,0.0,0,True,1746968616.369637,right,False
2479,1746968644.541314,204.715,-11.6475,8.73155,-0.219784,0.0936095,6390.95,5,50.626,2153,2177.97,49.2892,2,2,1.0,0.0,0.1,5,0.0,0,True,1746968616.369637,right,False
2480,1746968644.5621033,204.557,-13.1446,8.65631,-0.231211,0.0856282,6413.28,5,50.646,2154.12,2179.08,49.2889,2,2,1.0,0.0,0.1,5,0.0,0,True,1746968616.369637,right,False
2481,1746968644.580411,204.384,-14.5894,8.56622,-0.24258,0.0777885,6436.75,5,50.666,2155.23,2180.19,49.2886,2,2,1.0,0.0,0.1,5,0.0,0,True,1746968616.369637,right,False
2482,1746968644.6002095,204.201,-15.9757,8.47591,-0.253886,0.0701019,6453.69,5,50.686,2156.34,2181.3,49.2883,2,2,1.0,0.0,0.1,5,0.0,0,True,1746968616.369637,right,False
2483,1746968644.6218865,204.011,-17.3123,8.37424,-0.265114,0.0625316,6465.4,5,50.706,2157.45,2182.42,49.288,2,2,1.0,0.0,0.1,5,0.0,0,True,1746968616.369637,right,False
2484,1746968644.6410208,203.813,-18.6074,8.28174,-0.276255,0.0550377,6471.3,5,50.726,2158.56,2183.53,49.2877,2,2,1.0,0.0,0.1,5,0.0,0,True,1746968616.369637,right,False
2485,1746968644.660534,203.605,-19.8681,8.18515,-0.287309,0.0476138,6474.22,5,50.746,2159.67,2184.63,49.2874,2,2,1.0,0.0,0.1,5,0.0,0,True,1746968616.369637,right,False
2486,1746968644.6811936,203.385,-21.0986,8.08496,-0.298263,0.0402467,6477.8,5,50.766,2160.78,2185.74,49.2871,2,2,1.0,0.0,0.1,5,0.0,0,True,1746968616.369637,right,False
2487,1746968644.7022974,203.153,-22.2955,7.98256,-0.309111,0.0329553,6482.63,5,50.786,2161.89,2186.85,49.2868,2,2,1.0,0.0,0.1,5,0.0,0,True,1746968616.369637,right,False
2488,1746968644.7218728,202.918,-23.4553,7.89032,-0.319849,0.0257265,6479.91,5,50.806,2162.99,2187.96,49.2864,2,2,1.0,0.0,0.1,5,0.0,0,True,1746968616.369637,right,False
2489,1746968644.740916,202.67,-24.5891,7.79559,-0.330469,0.0185496,6480.26,5,50.826,2164.1,2189.06,49.2861,2,2,1.0,0.0,0.1,5,0.0,0,True,1746968616.369637,right,False
2490,1746968644.7613688,202.406,-25.7045,7.68356,-0.340969,0.0114714,6492,5,50.846,2165.2,2190.17,49.2858,2,2,1.0,0.0,0.1,5,0.0,0,True,1746968616.369637,right,False
2491,1746968644.7808056,202.136,-26.7713,7.58463,-0.351347,0.00456065,6501.83,5,50.866,2166.3,2191.27,49.2855,2,2,1.0,0.0,0.1,5,0.0,0,True,1746968616.369637,right,False
2492,1746968644.801889,201.857,-27.8049,7.47311,-0.361599,-0.00220901,6515.11,5,50.886,2167.41,2192.37,49.2852,2,2,1.0,0.0,0.1,5,0.0,0,True,1746968616.369637,right,False
2493,1746968644.8209085,201.575,-28.7853,7.36994,-0.371724,-0.0087803,6529.19,5,50.906,2168.51,2193.47,49.2849,2,2,1.0,0.0,0.1,5,0.0,0,True,1746968616.369637,right,False
2494,1746968644.8414357,201.29,-29.716,7.25575,-0.381722,-0.0151342,6545.14,5,50.926,2169.61,2194.57,49.2846,2,2,1.0,0.0,0.1,5,0.0,0,True,1746968616.369637,right,False
2495,1746968644.860225,201.005,-30.5834,7.15129,-0.391583,-0.021252,6557.38,5,50.946,2170.71,2195.67,49.2843,2,2,1.0,0.0,0.1,5,0.0,0,True,1746968616.369637,right,False
2496,1746968644.8815122,200.718,-31.3958,7.0371,-0.40131,-0.0270665,6576.78,5,50.966,2171.8,2196.77,49.284,2,2,1.0,0.0,0.1,5,0.0,0,True,1746968616.369637,right,False
2497,1746968644.9010859,200.437,-32.124,6.93516,-0.410903,-0.0325807,6590.31,5,50.986,2172.9,2197.87,49.2837,2,2,1.0,0.0,0.1,5,0.0,0,True,1746968616.369637,right,False
2498,1746968644.920385,200.158,-32.7803,6.82901,-0.420353,-0.0377219,6613.15,5,51.006,2174,2198.96,49.2834,2,2,1.0,0.0,0.1,5,0.0,0,True,1746968616.369637,right,False
2499,1746968644.9401915,199.891,-33.3556,6.72254,-0.429663,-0.0425084,6625.87,5,51.026,2175.09,2200.06,49.2831,2,2,1.0,0.0,0.1,5,0.0,0,True,1746968616.369637,right,False
2500,1746968644.9605267,199.631,-33.8675,6.61076,-0.438829,-0.0469921,6640.91,5,51.046,2176.18,2201.15,49.2828,2,2,1.0,0.0,0.1,5,0.0,0,True,1746968616.369637,right,False
2501,1746968644.9810154,199.374,-34.3187,6.49925,-0.447856,-0.0511721,6660.14,5,51.066,2177.28,2202.24,49.2825,2,2,1.0,0.0,0.1,5,0.0,0,True,1746968616.369637,right,False
2502,1746968645.0012252,199.126,-34.6937,6.38853,-0.456736,-0.0549987,6681.52,5,51.086,2178.37,2203.33,49.2822,2,2,1.0,0.0,0.1,5,0.0,0,True,1746968616.369637,right,False
2503,1746968645.021152,198.892,-34.9878,6.27737,-0.465472,-0.0584496,6695.94,5,51.106,2179.46,2204.42,49.2819,2,2,1.0,0.0,0.1,5,0.0,0,True,1746968616.369637,right,False
2504,1746968645.0428402,198.672,-35.2037,6.17544,-0.474062,-0.061549,6707.15,5,51.126,2180.54,2205.51,49.2816,2,2,1.0,0.0,0.1,5,0.0,0,True,1746968616.369637,right,False
2505,1746968645.0609274,198.463,-35.3423,6.06946,-0.482503,-0.0642656,6720.69,5,51.146,2181.63,2206.6,49.2813,2,2,1.0,0.0,0.1,5,0.0,0,True,1746968616.369637,right,False
2506,1746968645.0817585,198.264,-35.4114,5.95506,-0.490796,-0.0666011,6739.86,5,51.166,2182.72,2207.68,49.281,2,2,1.0,0.0,0.1,5,0.0,0,True,1746968616.369637,right,False
2507,1746968645.1038063,198.084,-35.3965,5.84547,-0.498944,-0.0685504,6752.19,5,51.186,2183.8,2208.77,49.2806,2,2,1.0,0.0,0.1,5,0.0,0,True,1746968616.369637,right,False
2508,1746968645.1220114,197.92,-35.2998,5.74124,-0.506942,-0.070123,6759.11,5,51.206,2184.89,2209.85,49.2803,2,2,1.0,0.0,0.1,5,0.0,0,True,1746968616.369637,right,False
2509,1746968645.1405005,197.765,-35.1411,5.62504,-0.514789,-0.0713261,6775.68,5,51.226,2185.97,2210.93,49.28,2,2,1.0,0.0,0.1,5,0.0,0,True,1746968616.369637,right,False
2510,1746968645.164347,197.636,-34.8918,5.52685,-0.522489,-0.0721429,6773.37,5,51.246,2187.05,2212.01,49.2797,2,2,1.0,0.0,0.1,5,0.0,0,True,1746968616.369637,right,False
2511,1746968645.181929,197.514,-34.5655,5.41752,-0.530039,-0.0725587,6785.78,5,51.266,2188.13,2213.09,49.2794,2,2,1.0,0.0,0.1,5,0.0,0,True,1746968616.369637,right,False
2512,1746968645.2014341,197.408,-34.1747,5.30761,-0.537437,-0.0726021,6793.27,5,51.286,2189.21,2214.17,49.2791,2,2,1.0,0.0,0.1,5,0.0,0,True,1746968616.369637,right,False
2513,1746968645.2204494,197.318,-33.7078,5.19717,-0.544688,-0.072264,6799.02,5,51.306,2190.29,2215.25,49.2788,2,2,1.0,0.0,0.1,5,0.0,0,True,1746968616.369637,right,False
2514,1746968645.2429857,197.244,-33.1696,5.09288,-0.551794,-0.071565,6803.64,5,51.326,2191.36,2216.33,49.2785,2,2,1.0,0.0,0.1,5,0.0,0,True,1746968616.369637,right,False
2515,1746968645.2615378,197.185,-32.5684,4.9806,-0.55875,-0.0704997,6790.77,5,51.346,2192.44,2217.41,49.2782,2,2,1.0,0.0,0.1,5,0.0,0,True,1746968616.369637,right,False
2516,1746968645.281582,197.137,-31.895,4.87672,-0.56556,-0.0690969,6793.84,5,51.366,2193.52,2218.48,49.2779,2,2,1.0,0.0,0.1,5,0.0,0,True,1746968616.369637,right,False
2517,1746968645.303993,197.099,-31.1668,4.76557,-0.572229,-0.0673583,6798.75,5,51.386,2194.59,2219.55,49.2776,2,2,1.0,0.0,0.1,5,0.0,0,True,1746968616.369637,right,False
2518,1746968645.3224301,197.077,-30.3654,4.66211,-0.578752,-0.0652784,6796.64,5,51.406,2195.66,2220.63,49.2773,2,2,1.0,0.0,0.1,5,0.0,0,True,1746968616.369637,right,False
2519,1746968645.3408377,197.07,-29.5056,4.56055,-0.585132,-0.0628684,6793.46,5,51.426,2196.73,2221.7,49.277,2,2,1.0,0.0,0.1,5,0.0,0,True,1746968616.369637,right,False
2520,1746968645.3601465,197.068,-28.5939,4.45314,-0.591372,-0.0601381,6794.31,5,51.446,2197.81,2222.77,49.2767,2,2,1.0,0.0,0.1,5,0.0,0,True,1746968616.369637,right,False
2521,1746968645.382738,197.084,-27.6165,4.35131,-0.597469,-0.0570825,6781.34,5,51.466,2198.88,2223.84,49.2764,2,2,1.0,0.0,0.1,5,0.0,0,True,1746968616.369637,right,False
2522,1746968645.4045668,197.108,-26.5935,4.25114,-0.603434,-0.0537303,6772.11,5,51.486,2199.94,2224.91,49.2761,2,2,1.0,0.0,0.2,5,0.0,0,True,1746968616.369637,right,False
2523,1746968645.420446,197.144,-25.5143,4.15277,-0.609261,-0.0500868,6757.48,5,51.506,2201.01,2225.98,49.2758,2,2,1.0,0.0,0.2,5,0.0,0,True,1746968616.369637,right,False
2524,1746968645.4404798,197.167,-24.3748,4.05422,-0.614952,-0.0462373,6736.84,5,51.526,2202.08,2227.05,49.2755,2,2,1.0,0.0,0.2,5,0.0,0,True,1746968616.369637,right,False
2525,1746968645.4619162,197.175,-23.2304,3.95543,-0.620504,-0.0423296,6728.08,5,51.546,2203.15,2228.11,49.2752,2,2,1.0,0.0,0.2,5,0.0,0,True,1746968616.369637,right,False
2526,1746968645.4817767,197.184,-22.0901,3.85511,-0.625922,-0.0383995,6720.19,5,51.566,2204.22,2229.18,49.2749,2,2,1.0,0.0,0.2,5,0.0,0,True,1746968616.369637,right,False
2527,1746968645.502952,197.194,-20.9542,3.76132,-0.631203,-0.034468,6708,5,51.586,2205.28,2230.25,49.2746,2,2,1.0,0.0,0.2,5,0.0,0,True,1746968616.369637,right,False
2528,1746968645.5215938,197.203,-19.8405,3.66488,-0.636357,-0.030567,6695.82,5,51.606,2206.35,2231.31,49.2743,2,2,1.0,0.0,0.2,5,0.0,0,True,1746968616.369637,right,False
2529,1746968645.5406263,197.214,-18.7527,3.57021,-0.641386,-0.0267594,6678.21,5,51.626,2207.41,2232.37,49.274,2,2,1.0,0.0,0.2,5,0.0,0,True,1746968616.369637,right,False
2530,1746968645.561069,197.217,-17.7036,3.47623,-0.646295,-0.0230573,6670.85,5,51.646,2208.47,2233.44,49.2737,2,2,1.0,0.0,0.2,5,0.0,0,True,1746968616.369637,right,False
2531,1746968645.5820804,197.226,-16.6886,3.38856,-0.651088,-0.0195082,6649.4,5,51.666,2209.54,2234.5,49.2734,2,2,1.0,0.0,0.2,5,0.0,0,True,1746968616.369637,right,False
2532,1746968645.6031618,197.231,-15.7309,3.30125,-0.65577,-0.0161737,6630.64,5,51.686,2210.6,2235.56,49.273,2,2,1.0,0.0,0.2,5,0.0,0,True,1746968616.369637,right,False
2533,1746968645.62133,197.235,-14.8302,3.21922,-0.660348,-0.0130833,6606.56,5,51.706,2211.66,2236.63,49.2727,2,2,1.0,0.0,0.2,5,0.0,0,True,1746968616.369637,right,False
2534,1746968645.640202,197.237,-14.0042,3.13571,-0.664821,-0.010311,6584.03,5,51.726,2212.72,2237.69,49.2724,2,2,1.0,0.0,0.2,5,0.0,0,True,1746968616.369637,right,False
2535,1746968645.6604576,197.236,-13.2602,3.06064,-0.669194,-0.00791103,6557.49,5,51.746,2213.78,2238.75,49.2721,2,2,1.0,0.0,0.2,5,0.0,0,True,1746968616.369637,right,False
2536,1746968645.6812809,197.238,-12.5992,2.98862,-0.67347,-0.00591118,6522.61,5,51.766,2214.84,2239.81,49.2718,2,2,1.0,0.0,0.2,5,0.0,0,True,1746968616.369637,right,False
2537,1746968645.7006106,197.232,-12.0369,2.91743,-0.677655,-0.00436241,6492.57,5,51.786,2215.9,2240.87,49.2715,2,2,1.0,0.0,0.2,5,0.0,0,True,1746968616.369637,right,False
2538,1746968645.72152,197.222,-11.5713,2.85172,-0.681748,-0.00328237,6462.7,5,51.806,2216.96,2241.93,49.2712,2,2,1.0,0.0,0.2,5,0.0,0,True,1746968616.369637,right,False
2539,1746968645.7414389,197.209,-11.2112,2.7891,-0.685748,-0.0027321,6429.6,5,51.826,2218.02,2242.99,49.2709,2,2,1.0,0.0,0.2,5,0.0,0,True,1746968616.369637,right,False
2540,1746968645.7616866,197.188,-10.9609,2.72549,-0.689665,-0.00270921,6401.86,5,51.846,2219.08,2244.05,49.2706,2,2,1.0,0.0,0.2,5,0.0,0,True,1746968616.369637,right,False
2541,1746968645.7827735,197.162,-10.8124,2.6648,-0.693492,-0.00322038,6377.03,5,51.866,2220.14,2245.11,49.2703,2,2,1.0,0.0,0.2,5,0.0,0,True,1746968616.369637,right,False
2542,1746968645.802861,197.129,-10.7702,2.60953,-0.697231,-0.00428468,6351.82,5,51.886,2221.2,2246.17,49.27,2,2,1.0,0.0,0.30000000000000004,5,0.0,0,True,1746968616.369637,right,False
2543,1746968645.8242745,197.084,-10.8381,2.54809,-0.700879,-0.0058921,6336.54,5,51.906,2222.26,2247.22,49.2697,2,2,1.0,0.0,0.30000000000000004,5,0.0,0,True,1746968616.369637,right,False
2544,1746968645.8420632,197.01,-10.9755,2.49168,-0.704433,-0.0080846,6318.82,5,51.926,2223.32,2248.28,49.2694,2,2,1.0,0.0,0.30000000000000004,5,0.0,0,True,1746968616.369637,right,False
2545,1746968645.8637977,196.912,-11.2347,2.43228,-0.70788,-0.0109256,6315.84,5,51.946,2224.37,2249.34,49.2691,2,2,1.0,0.0,0.30000000000000004,5,0.0,0,True,1746968616.369637,right,False
2546,1746968645.883137,196.804,-11.601,2.37499,-0.711216,-0.0143836,6313.1,5,51.966,2225.43,2250.4,49.2688,2,2,1.0,0.0,0.30000000000000004,5,0.0,0,True,1746968616.369637,right,False
2547,1746968645.902318,196.684,-12.0754,2.31137,-0.714445,-0.0184062,6315.71,5,51.986,2226.49,2251.45,49.2685,2,2,1.0,0.0,0.30000000000000004,5,0.0,0,True,1746968616.369637,right,False
2548,1746968645.9222696,196.555,-12.6393,2.24204,-0.717552,-0.0229386,6317.32,5,52.006,2227.54,2252.51,49.2682,2,2,1.0,0.0,0.30000000000000004,5,0.0,0,True,1746968616.369637,right,False
2549,1746968645.942386,196.414,-13.2846,2.1706,-0.720546,-0.0279291,6321.39,5,52.026,2228.6,2253.56,49.2679,2,2,1.0,0.0,0.30000000000000004,5,0.0,0,True,1746968616.369637,right,False
2550,1746968645.9605386,196.259,-14.0024,2.09475,-0.723413,-0.0333074,6332.04,5,52.046,2229.65,2254.62,49.2676,2,2,1.0,0.0,0.30000000000000004,5,0.0,0,True,1746968616.369637,right,False
2551,1746968645.9811385,196.095,-14.7701,2.01715,-0.726162,-0.0390394,6338.59,5,52.066,2230.71,2255.67,49.2673,2,2,1.0,0.0,0.30000000000000004,5,0.0,0,True,1746968616.369637,right,False
2552,1746968646.0005462,195.92,-15.5915,1.93444,-0.728776,-0.0450705,6344.92,5,52.086,2231.76,2256.72,49.2669,2,2,1.0,0.0,0.30000000000000004,5,0.0,0,True,1746968616.369637,right,False
2553,1746968646.0202649,195.728,-16.4696,1.83826,-0.731264,-0.0513881,6360.53,5,52.106,2232.81,2257.78,49.2666,2,2,1.0,0.0,0.30000000000000004,5,0.0,0,True,1746968616.369637,right,False
2554,1746968646.0411828,195.528,-17.3688,1.74866,-0.733616,-0.0579193,6369.25,5,52.126,2233.86,2258.83,49.2663,2,2,1.0,0.0,0.30000000000000004,5,0.0,0,True,1746968616.369637,right,False
2555,1746968646.060839,195.315,-18.2951,1.6526,-0.735832,-0.0646156,6381.67,5,52.146,2234.91,2259.88,49.266,2,2,1.0,0.0,0.30000000000000004,5,0.0,0,True,1746968616.369637,right,False
2556,1746968646.0814512,195.091,-19.2391,1.55275,-0.737905,-0.0714505,6397.05,5,52.166,2235.97,2260.93,49.2657,2,2,1.0,0.0,0.30000000000000004,5,0.0,0,True,1746968616.369637,right,False
2557,1746968646.1025164,194.855,-20.1957,1.44869,-0.73984,-0.078379,6412.49,5,52.186,2237.01,2261.98,49.2654,2,2,1.0,0.0,0.30000000000000004,5,0.0,0,True,1746968616.369637,right,False
2558,1746968646.1218808,194.61,-21.1595,1.34092,-0.74163,-0.085377,6425.1,5,52.206,2238.06,2263.03,49.2651,2,2,1.0,0.0,0.30000000000000004,5,0.0,0,True,1746968616.369637,right,False
2559,1746968646.1413286,194.354,-22.1205,1.23369,-0.743276,-0.0924233,6440.86,5,52.226,2239.11,2264.08,49.2648,2,2,1.0,0.0,0.30000000000000004,5,0.0,0,True,1746968616.369637,right,False
2560,1746968646.1606796,194.089,-23.081,1.11884,-0.744769,-0.0994809,6456.16,5,52.246,2240.16,2265.12,49.2645,2,2,1.0,0.0,0.30000000000000004,5,0.0,0,True,1746968616.369637,right,False
2561,1746968646.18257,193.817,-24.0349,0.994823,-0.746118,-0.106504,6472.78,5,52.266,2241.2,2266.17,49.2642,2,2,1.0,0.0,0.30000000000000004,5,0.0,0,True,1746968616.369637,right,False
2562,1746968646.2024612,193.537,-24.9685,0.875666,-0.747321,-0.11349,6488.44,5,52.286,2242.25,2267.21,49.2639,2,2,1.0,0.0,0.30000000000000004,5,0.0,0,True,1746968616.369637,right,False
2563,1746968646.2205942,193.253,-25.8661,0.7622,-0.748368,-0.120399,6497.96,5,52.306,2243.29,2268.26,49.2636,2,2,1.0,0.0,0.30000000000000004,5,0.0,0,True,1746968616.369637,right,False
2564,1746968646.242702,192.962,-26.7453,0.651461,-0.749257,-0.127243,6509.47,5,52.326,2244.34,2269.3,49.2633,2,2,1.0,0.0,0.30000000000000004,5,0.0,0,True,1746968616.369637,right,False
2565,1746968646.2622533,192.664,-27.6088,0.526914,-0.74999,-0.133986,6526.45,5,52.346,2245.38,2270.35,49.263,2,2,1.0,0.0,0.30000000000000004,5,0.0,0,True,1746968616.369637,right,False
2566,1746968646.2813878,192.369,-28.4417,0.403495,-0.750566,-0.140619,6529.03,5,52.366,2246.42,2271.39,49.2627,2,2,1.0,0.0,0.30000000000000004,5,0.0,0,True,1746968616.369637,right,False
2567,1746968646.3010318,192.064,-29.2452,0.285678,-0.750981,-0.147162,6545.11,5,52.386,2247.46,2272.43,49.2624,2,2,1.0,0.0,0.30000000000000004,5,0.0,0,True,1746968616.369637,right,False
2568,1746968646.3232095,191.752,-30.0264,0.164357,-0.751237,-0.153563,6561.8,5,52.406,2248.5,2273.47,49.2621,2,2,1.0,0.0,0.30000000000000004,5,0.0,0,True,1746968616.369637,right,False
2569,1746968646.3406875,191.439,-30.7621,0.0378924,-0.751335,-0.159777,6583.66,5,52.426,2249.54,2274.51,49.2618,2,2,1.0,0.0,0.30000000000000004,5,0.0,0,True,1746968616.369637,right,False
2570,1746968646.3612692,191.129,-31.4511,-0.0799208,-0.75127,-0.165787,6596.48,5,52.446,2250.58,2275.54,49.2615,2,2,1.0,0.0,0.30000000000000004,5,0.0,0,True,1746968616.369637,right,False
2571,1746968646.381421,190.821,-32.0922,-0.201297,-0.751042,-0.171582,6611.86,5,52.466,2251.62,2276.58,49.2611,2,2,1.0,0.0,0.30000000000000004,5,0.0,0,True,1746968616.369637,right,False
2572,1746968646.4022055,190.512,-32.679,-0.321034,-0.750649,-0.177151,6631.25,5,52.486,2252.65,2277.62,49.2608,2,2,1.0,0.0,0.30000000000000004,5,0.0,0,True,1746968616.369637,right,False
2573,1746968646.4219453,190.212,-33.2065,-0.442292,-0.750087,-0.182432,6648.93,5,52.506,2253.69,2278.65,49.2605,2,2,1.0,0.0,0.30000000000000004,5,0.0,0,True,1746968616.369637,right,False
2574,1746968646.4430642,189.914,-33.6895,-0.56472,-0.749359,-0.187458,6666.98,5,52.526,2254.72,2279.68,49.2602,2,2,1.0,0.0,0.30000000000000004,5,0.0,0,True,1746968616.369637,right,False
2575,1746968646.4619577,189.624,-34.1214,-0.689434,-0.748464,-0.192255,6681.91,5,52.546,2255.75,2280.72,49.2599,2,2,1.0,0.0,0.30000000000000004,5,0.0,0,True,1746968616.369637,right,False
2576,1746968646.4814522,189.335,-34.5066,-0.812215,-0.747406,-0.1968,6702.83,5,52.566,2256.78,2281.75,49.2596,2,2,1.0,0.0,0.30000000000000004,5,0.0,0,True,1746968616.369637,right,False
2577,1746968646.502882,189.056,-34.8354,-0.937083,-0.746179,-0.201083,6718.27,5,52.586,2257.81,2282.78,49.2593,2,2,1.0,0.0,0.30000000000000004,5,0.0,0,True,1746968616.369637,right,False
2578,1746968646.5206618,188.789,-35.1001,-1.05719,-0.744781,-0.205035,6728.98,5,52.606,2258.84,2283.8,49.259,2,2,1.0,0.0,0.30000000000000004,5,0.0,0,True,1746968616.369637,right,False
2579,1746968646.5406523,188.528,-35.3269,-1.17887,-0.743243,-0.208198,6740.33,5,52.626,2259.86,2284.82,49.2587,2,2,1.0,0.0,0.30000000000000004,5,0.0,0,True,1746968616.369637,right,False
2580,1746968646.560642,188.275,-35.4985,-1.28665,-0.741575,-0.211151,6745.53,5,52.646,2260.88,2285.84,49.2584,2,2,1.0,0.0,0.30000000000000004,5,0.0,0,True,1746968616.369637,right,False
2581,1746968646.5822902,188.034,-35.6179,-1.39221,-0.739779,-0.213866,6746.73,5,52.666,2261.9,2286.86,49.2581,2,2,1.0,0.0,0.30000000000000004,5,0.0,0,True,1746968616.369637,right,False
2582,1746968646.6023164,187.801,-35.6835,-1.49813,-0.737846,-0.216328,6748.99,5,52.686,2262.91,2287.88,49.2578,2,2,1.0,0.0,0.30000000000000004,5,0.0,0,True,1746968616.369637,right,False
2583,1746968646.6225657,187.578,-35.697,-1.59985,-0.735781,-0.21852,6752.76,5,52.706,2263.93,2288.9,49.2575,2,2,1.0,0.0,0.30000000000000004,5,0.0,0,True,1746968616.369637,right,False
2584,1746968646.6409009,187.367,-35.6418,-1.69262,-0.73358,-0.220438,6750.11,5,52.726,2264.95,2289.91,49.2572,2,2,1.0,0.0,0.30000000000000004,5,0.0,0,True,1746968616.369637,right,False
2585,1746968646.6612394,187.169,-35.5355,-1.78554,-0.731234,-0.222099,6745.41,5,52.746,2265.96,2290.92,49.2569,2,2,1.0,0.0,0.30000000000000004,5,0.0,0,True,1746968616.369637,right,False
2586,1746968646.6800842,186.975,-35.3881,-1.88458,-0.728754,-0.223494,6748.24,5,52.766,2266.97,2291.94,49.2566,2,2,1.0,0.0,0.30000000000000004,5,0.0,0,True,1746968616.369637,right,False
2587,1746968646.7022126,186.787,-35.1834,-1.98154,-0.726129,-0.224598,6761.92,5,52.786,2267.98,2292.95,49.2563,2,2,1.0,0.0,0.30000000000000004,5,0.0,0,True,1746968616.369637,right,False
2588,1746968646.7216725,186.613,-34.9221,-2.07325,-0.72337,-0.225412,6769.48,5,52.806,2268.99,2293.96,49.256,2,2,1.0,0.0,0.30000000000000004,5,0.0,0,True,1746968616.369637,right,False
2589,1746968646.7422812,186.448,-34.6011,-2.1625,-0.720473,-0.225917,6779.73,5,52.826,2270,2294.97,49.2557,2,2,1.0,0.0,0.30000000000000004,5,0.0,0,True,1746968616.369637,right,False
2590,1746968646.761636,186.296,-34.2268,-2.26113,-0.717434,-0.226112,6793.53,5,52.846,2271.01,2295.98,49.2553,2,2,1.0,0.0,0.30000000000000004,5,0.0,0,True,1746968616.369637,right,False
2591,1746968646.7819583,186.161,-33.7999,-2.35061,-0.71426,-0.226014,6795.74,5,52.866,2272.02,2296.98,49.255,2,2,1.0,0.0,0.30000000000000004,5,0.0,0,True,1746968616.369637,right,False
2592,1746968646.7999268,186.026,-33.317,-2.44916,-0.710944,-0.225643,6803.32,5,52.886,2273.03,2297.99,49.2548,2,2,1.0,0.0,0.30000000000000004,5,0.0,0,True,1746968616.369637,right,False
2593,1746968646.820576,185.898,-32.7973,-2.55086,-0.707493,-0.224969,6803.28,5,52.906,2274.03,2299,49.2545,2,2,1.0,0.0,0.30000000000000004,5,0.0,0,True,1746968616.369637,right,False
2594,1746968646.8413215,185.796,-32.2073,-2.64193,-0.703904,-0.224018,6794.46,5,52.926,2275.03,2300,49.2542,2,2,1.0,0.0,0.30000000000000004,5,0.0,0,True,1746968616.369637,right,False
2595,1746968646.8612356,185.699,-31.5789,-2.74327,-0.700181,-0.222789,6798.89,5,52.946,2276.04,2301,49.254,2,2,1.0,0.0,0.30000000000000004,5,0.0,0,True,1746968616.369637,right,False
2596,1746968646.8822691,185.619,-30.8894,-2.83603,-0.696322,-0.221276,6800.36,5,52.966,2277.04,2302,49.2537,2,2,1.0,0.0,0.30000000000000004,5,0.0,0,True,1746968616.369637,right,False
2597,1746968646.900952,185.543,-30.1646,-2.93497,-0.692322,-0.219501,6802.09,5,52.986,2278.04,2303.01,49.2534,2,2,1.0,0.0,0.30000000000000004,5,0.0,0,True,1746968616.369637,right,False
2598,1746968646.9212806,185.49,-29.3983,-3.03132,-0.68819,-0.217518,6795.01,5,53.006,2279.04,2304.01,49.2531,2,2,1.0,0.0,0.30000000000000004,5,0.0,0,True,1746968616.369637,right,False
2599,1746968646.9428174,185.438,-28.601,-3.12749,-0.683921,-0.215334,6791.82,5,53.026,2280.04,2305.01,49.2528,2,2,1.0,0.0,0.30000000000000004,5,0.0,0,True,1746968616.369637,right,False
2600,1746968646.9608057,185.401,-27.7712,-3.22717,-0.679519,-0.212971,6784.65,5,53.046,2281.04,2306.01,49.2525,2,2,1.0,0.0,0.30000000000000004,5,0.0,0,True,1746968616.369637,right,False
2601,1746968646.980447,185.371,-26.9209,-3.32888,-0.674982,-0.210433,6773.31,5,53.066,2282.04,2307,49.2522,2,2,1.0,0.0,0.30000000000000004,5,0.0,0,True,1746968616.369637,right,False
2602,1746968647.0037446,185.338,-26.0334,-3.42348,-0.670315,-0.207692,6775.21,5,53.086,2283.04,2308,49.2519,2,2,1.0,0.0,0.30000000000000004,5,0.0,0,True,1746968616.369637,right,False
2603,1746968647.0201428,185.313,-25.1195,-3.52653,-0.665517,-0.204744,6774.88,5,53.106,2284.03,2309,49.2516,2,2,1.0,0.0,0.30000000000000004,5,0.0,0,True,1746968616.369637,right,False
2604,1746968647.044826,185.297,-24.1719,-3.62196,-0.660596,-0.201647,6768.25,5,53.126,2285.03,2309.99,49.2513,2,2,1.0,0.0,0.30000000000000004,5,0.0,0,True,1746968616.369637,right,False
2605,1746968647.0606673,185.291,-23.2122,-3.72031,-0.655542,-0.198426,6754.16,5,53.146,2286.03,2310.99,49.251,2,2,1.0,0.0,0.30000000000000004,5,0.0,0,True,1746968616.369637,right,False
2606,1746968647.0808532,185.294,-22.24,-3.81066,-0.650362,-0.195147,6729.91,5,53.166,2287.02,2311.99,49.2506,2,2,1.0,0.0,0.30000000000000004,5,0.0,0,True,1746968616.369637,right,False
2607,1746968647.1013784,185.296,-21.2661,-3.89607,-0.645054,-0.191835,6708.47,5,53.186,2288.02,2312.98,49.2503,2,2,1.0,0.0,0.30000000000000004,5,0.0,0,True,1746968616.369637,right,False
2608,1746968647.1213965,185.301,-20.3041,-3.98552,-0.639626,-0.188522,6681.34,5,53.206,2289.01,2313.97,49.25,2,2,1.0,0.0,0.30000000000000004,5,0.0,0,True,1746968616.369637,right,False
2609,1746968647.1414707,185.305,-19.3615,-4.07814,-0.634076,-0.18526,6662.25,5,53.226,2290,2314.97,49.2497,2,2,1.0,0.0,0.30000000000000004,5,0.0,0,True,1746968616.369637,right,False
2610,1746968647.1613982,185.307,-18.4421,-4.16971,-0.62841,-0.182066,6643.82,5,53.246,2291,2315.96,49.2494,2,2,1.0,0.0,0.30000000000000004,5,0.0,0,True,1746968616.369637,right,False
2611,1746968647.1804345,185.309,-17.5512,-4.2551,-0.62263,-0.178993,6620.62,5,53.266,2291.99,2316.96,49.2491,2,2,1.0,0.0,0.30000000000000004,5,0.0,0,True,1746968616.369637,right,False
2612,1746968647.2019558,185.315,-16.6898,-4.3355,-0.616738,-0.176065,6591.5,5,53.286,2292.98,2317.95,49.2488,2,2,1.0,0.0,0.30000000000000004,5,0.0,0,True,1746968616.369637,right,False
2613,1746968647.2205453,185.32,-15.8695,-4.41045,-0.610736,-0.173321,6560.46,5,53.306,2293.98,2318.94,49.2485,2,2,1.0,0.0,0.30000000000000004,5,0.0,0,True,1746968616.369637,right,False
2614,1746968647.2403328,185.318,-15.1203,-4.50084,-0.604629,-0.170818,6538.15,5,53.326,2294.97,2319.93,49.2482,2,2,1.0,0.0,0.30000000000000004,5,0.0,0,True,1746968616.369637,right,False
2615,1746968647.260501,185.325,-14.4137,-4.57399,-0.598419,-0.168609,6500.31,5,53.346,2295.96,2320.93,49.2479,2,2,1.0,0.0,0.30000000000000004,5,0.0,0,True,1746968616.369637,right,False
2616,1746968647.2823777,185.324,-13.779,-4.64823,-0.592108,-0.166723,6466.25,5,53.366,2296.96,2321.92,49.2476,2,2,1.0,0.0,0.30000000000000004,5,0.0,0,True,1746968616.369637,right,False
2617,1746968647.3013005,185.322,-13.2231,-4.72479,-0.585695,-0.16521,6432.35,5,53.386,2297.95,2322.91,49.2473,2,2,1.0,0.0,0.30000000000000004,5,0.0,0,True,1746968616.369637,right,False
2618,1746968647.3231728,185.315,-12.7479,-4.79692,-0.579193,-0.164093,6400.05,5,53.406,2298.94,2323.91,49.247,2,2,1.0,0.0,0.30000000000000004,5,0.0,0,True,1746968616.369637,right,False
2619,1746968647.344174,185.308,-12.3496,-4.86813,-0.572595,-0.16338,6363.07,5,53.426,2299.93,2324.9,49.2467,2,2,1.0,0.0,0.4,5,0.0,0,True,1746968616.369637,right,False
2620,1746968647.3601506,185.295,-12.0394,-4.93719,-0.565904,-0.163128,6330.51,5,53.446,2300.93,2325.89,49.2464,2,2,1.0,0.0,0.4,5,0.0,0,True,1746968616.369637,right,False
2621,1746968647.3818665,185.261,-11.7984,-5.00086,-0.559115,-0.163379,6287.27,5,53.466,2301.92,2326.88,49.2461,2,2,1.0,0.0,0.4,5,0.0,0,True,1746968616.369637,right,False
2622,1746968647.404756,185.205,-11.6652,-5.0655,-0.55223,-0.164202,6260.67,5,53.486,2302.91,2327.88,49.2458,2,2,1.0,0.0,0.4,5,0.0,0,True,1746968616.369637,right,False
2623,1746968647.4214003,185.141,-11.6324,-5.12614,-0.545247,-0.16559,6234.26,5,53.506,2303.9,2328.87,49.2455,2,2,1.0,0.0,0.4,5,0.0,0,True,1746968616.369637,right,False
2624,1746968647.4413967,185.071,-11.6953,-5.1872,-0.538161,-0.167534,6209.99,5,53.526,2304.9,2329.86,49.2452,2,2,1.0,0.0,0.4,5,0.0,0,True,1746968616.369637,right,False
2625,1746968647.461674,184.99,-11.8597,-5.24999,-0.530975,-0.170031,6192.72,5,53.546,2305.89,2330.85,49.2449,2,2,1.0,0.0,0.4,5,0.0,0,True,1746968616.369637,right,False
2626,1746968647.4813056,184.902,-12.1108,-5.31385,-0.523686,-0.173051,6172.03,5,53.566,2306.88,2331.85,49.2445,2,2,1.0,0.0,0.4,5,0.0,0,True,1746968616.369637,right,False
2627,1746968647.5012403,184.8,-12.4543,-5.37763,-0.51629,-0.176556,6164.25,5,53.586,2307.87,2332.84,49.2442,2,2,1.0,0.0,0.4,5,0.0,0,True,1746968616.369637,right,False
2628,1746968647.522437,184.691,-12.8704,-5.44915,-0.508787,-0.180504,6154.42,5,53.606,2308.87,2333.83,49.2439,2,2,1.0,0.0,0.4,5,0.0,0,True,1746968616.369637,right,False
2629,1746968647.540844,184.57,-13.3479,-5.51221,-0.501178,-0.184866,6148.26,5,53.626,2309.86,2334.82,49.2436,2,2,1.0,0.0,0.4,5,0.0,0,True,1746968616.369637,right,False
2630,1746968647.5612774,184.439,-13.8975,-5.58457,-0.493455,-0.189608,6143.89,5,53.646,2310.85,2335.81,49.2433,2,2,1.0,0.0,0.4,5,0.0,0,True,1746968616.369637,right,False
2631,1746968647.5828495,184.297,-14.5041,-5.66585,-0.48562,-0.194685,6146.58,5,53.666,2311.84,2336.81,49.243,2,2,1.0,0.0,0.4,5,0.0,0,True,1746968616.369637,right,False
2632,1746968647.6013415,184.146,-15.1466,-5.74212,-0.477671,-0.200055,6145.95,5,53.686,2312.83,2337.8,49.2427,2,2,1.0,0.0,0.4,5,0.0,0,True,1746968616.369637,right,False
2633,1746968647.6204288,183.982,-15.8358,-5.82325,-0.4696,-0.205675,6152.89,5,53.706,2313.82,2338.79,49.2424,2,2,1.0,0.0,0.4,5,0.0,0,True,1746968616.369637,right,False
2634,1746968647.6422405,183.809,-16.5577,-5.90862,-0.461414,-0.211512,6154.98,5,53.726,2314.81,2339.78,49.2421,2,2,1.0,0.0,0.4,5,0.0,0,True,1746968616.369637,right,False
2635,1746968647.6614387,183.626,-17.3045,-5.99566,-0.453103,-0.217532,6163.56,5,53.746,2315.8,2340.77,49.2418,2,2,1.0,0.0,0.4,5,0.0,0,True,1746968616.369637,right,False
2636,1746968647.6822746,183.433,-18.0671,-6.08711,-0.444668,-0.223693,6168.98,5,53.766,2316.79,2341.76,49.2415,2,2,1.0,0.0,0.4,5,0.0,0,True,1746968616.369637,right,False
2637,1746968647.7022345,183.23,-18.8477,-6.17496,-0.436104,-0.229993,6176.2,5,53.786,2317.78,2342.75,49.2412,2,2,1.0,0.0,0.4,5,0.0,0,True,1746968616.369637,right,False
2638,1746968647.7212386,183.017,-19.6424,-6.27135,-0.427415,-0.236382,6185.69,5,53.806,2318.77,2343.74,49.2409,2,2,1.0,0.0,0.4,5,0.0,0,True,1746968616.369637,right,False
2639,1746968647.7432745,182.796,-20.4336,-6.36627,-0.418599,-0.242832,6193.27,5,53.826,2319.76,2344.73,49.2406,2,2,1.0,0.0,0.4,5,0.0,0,True,1746968616.369637,right,False
2640,1746968647.760912,182.565,-21.2301,-6.46125,-0.409652,-0.249319,6206.04,5,53.846,2320.75,2345.71,49.2403,2,2,1.0,0.0,0.4,5,0.0,0,True,1746968616.369637,right,False
2641,1746968647.7809558,182.326,-22.0227,-6.56489,-0.400574,-0.255819,6217.02,5,53.866,2321.74,2346.7,49.24,2,2,1.0,0.0,0.4,5,0.0,0,True,1746968616.369637,right,False
2642,1746968647.801967,182.081,-22.8112,-6.66852,-0.391363,-0.262316,6230.69,5,53.886,2322.72,2347.69,49.2397,2,2,1.0,0.0,0.4,5,0.0,0,True,1746968616.369637,right,False
2643,1746968647.8213189,181.831,-23.5804,-6.76677,-0.382018,-0.268769,6236.51,5,53.906,2323.71,2348.67,49.2394,2,2,1.0,0.0,0.4,5,0.0,0,True,1746968616.369637,right,False
2644,1746968647.842603,181.577,-24.3282,-6.86906,-0.372537,-0.275156,6244.02,5,53.926,2324.7,2349.66,49.2391,2,2,1.0,0.0,0.4,5,0.0,0,True,1746968616.369637,right,False
2645,1746968647.8610892,181.313,-25.0612,-6.97028,-0.362917,-0.281489,6257.69,5,53.946,2325.68,2350.65,49.2387,2,2,1.0,0.0,0.4,5,0.0,0,True,1746968616.369637,right,False
2646,1746968647.881297,181.043,-25.7805,-7.07846,-0.35316,-0.287732,6275.74,5,53.966,2326.67,2351.63,49.2384,2,2,1.0,0.0,0.4,5,0.0,0,True,1746968616.369637,right,False
2647,1746968647.9018433,180.774,-26.4627,-7.1805,-0.343264,-0.293862,6282.94,5,53.986,2327.65,2352.61,49.2381,2,2,1.0,0.0,0.4,5,0.0,0,True,1746968616.369637,right,False
2648,1746968647.921365,180.502,-27.1166,-7.28185,-0.333228,-0.299873,6294.21,5,54.006,2328.63,2353.6,49.2378,2,2,1.0,0.0,0.4,5,0.0,0,True,1746968616.369637,right,False
2649,1746968647.9406688,180.226,-27.7491,-7.39066,-0.323051,-0.305739,6308.53,5,54.026,2329.62,2354.58,49.2375,2,2,1.0,0.0,0.4,5,0.0,0,True,1746968616.369637,right,False
2650,1746968647.9601674,179.949,-28.3475,-7.49458,-0.312735,-0.311466,6326.37,5,54.046,2330.6,2355.56,49.2372,2,2,1.0,0.0,0.4,5,0.0,0,True,1746968616.369637,right,False
2651,1746968647.9813406,179.676,-28.9076,-7.6021,-0.302276,-0.317002,6334.76,5,54.066,2331.58,2356.54,49.2369,2,2,1.0,0.0,0.4,5,0.0,0,True,1746968616.369637,right,False
2652,1746968648.0027611,179.402,-29.431,-7.71147,-0.291675,-0.322382,6345.08,5,54.086,2332.56,2357.52,49.2366,2,2,1.0,0.0,0.0,5,0.0,0,True,1746968616.369637,left,False
2653,1746968648.0205126,179.129,-29.9224,-7.81716,-0.280932,-0.327578,6360.05,5,54.106,2333.54,2358.5,49.2363,2,2,1.0,0.0,0.0,5,0.0,0,True,1746968616.369637,left,False
2654,1746968648.0401683,178.88,-30.3662,-7.91443,-0.270045,-0.332527,6383.3,5,54.126,2334.52,2359.48,49.236,2,2,1.0,0.0,0.0,5,0.0,0,True,1746968616.369637,left,False
2655,1746968648.061028,178.683,-30.7874,-8.0177,-0.259018,-0.337138,6417.06,5,54.146,2335.5,2360.46,49.2357,2,2,1.0,0.0,0.0,5,0.0,0,True,1746968616.369637,left,False
2656,1746968648.0821242,178.552,-31.1627,-8.11939,-0.247858,-0.341187,6422.22,5,54.166,2336.47,2361.44,49.2354,2,2,1.0,0.0,0.0,5,0.0,0,True,1746968616.369637,left,False
2657,1746968648.1027904,178.45,-31.4119,-8.21857,-0.236573,-0.344605,6416.44,5,54.186,2337.45,2362.42,49.2351,2,2,1.0,0.0,0.0,5,0.0,0,True,1746968616.369637,left,False
2658,1746968648.1217353,178.363,-31.549,-8.32294,-0.225158,-0.347378,6414.79,5,54.206,2338.43,2363.4,49.2348,2,2,1.0,0.0,0.0,5,0.0,0,True,1746968616.369637,left,False
2659,1746968648.141849,178.308,-31.5564,-8.41725,-0.213612,-0.349475,6398.01,5,54.226,2339.41,2364.37,49.2345,2,2,1.0,0.0,0.0,5,0.0,0,True,1746968616.369637,left,False
2660,1746968648.1599813,178.281,-31.4479,-8.5159,-0.201932,-0.350916,6375.64,5,54.246,2340.39,2365.35,49.2342,2,2,1.0,0.0,0.0,5,0.0,0,True,1746968616.369637,left,False
2661,1746968648.1800349,178.275,-31.2219,-8.61292,-0.190118,-0.351689,6349.61,5,54.266,2341.37,2366.33,49.2339,2,2,1.0,0.0,0.0,5,0.0,0,True,1746968616.369637,left,False
2662,1746968648.2019207,178.293,-30.8643,-8.70506,-0.178169,-0.351759,6326.38,5,54.286,2342.34,2367.31,49.2336,2,2,1.0,0.0,0.0,5,0.0,0,True,1746968616.369637,left,False
2663,1746968648.2213619,178.332,-30.386,-8.80035,-0.166087,-0.351113,6305.6,5,54.306,2343.32,2368.29,49.2333,2,2,1.0,0.0,0.0,5,0.0,0,True,1746968616.369637,left,False
2664,1746968648.2392714,178.392,-29.788,-8.8903,-0.153871,-0.349787,6285.33,5,54.326,2344.3,2369.27,49.2329,2,2,1.0,0.0,0.0,5,0.0,0,True,1746968616.369637,left,False
2665,1746968648.2609942,178.475,-29.0719,-8.99005,-0.141523,-0.34776,6265.51,5,54.346,2345.28,2370.24,49.2326,2,2,1.0,0.0,0.0,5,0.0,0,True,1746968616.369637,left,False
2666,1746968648.2812595,178.573,-28.2462,-9.08618,-0.129048,-0.345053,6252.63,5,54.366,2346.26,2371.22,49.2323,2,2,1.0,0.0,0.0,5,0.0,0,True,1746968616.369637,left,False
2667,1746968648.3032703,178.695,-27.3008,-9.17519,-0.116445,-0.341666,6233.13,5,54.386,2347.24,2372.2,49.232,2,2,1.0,0.0,0.0,5,0.0,0,True,1746968616.369637,left,False
2668,1746968648.3206477,178.839,-26.2459,-9.26454,-0.103717,-0.337632,6208.58,5,54.406,2348.22,2373.18,49.2317,2,2,1.0,0.0,0.0,5,0.0,0,True,1746968616.369637,left,False
2669,1746968648.3406954,178.998,-25.0963,-9.3524,-0.0908681,-0.332979,6181.02,5,54.426,2349.2,2374.16,49.2314,2,2,1.0,0.0,0.0,5,0.0,0,True,1746968616.369637,left,False
2670,1746968648.3608437,179.166,-23.851,-9.44454,-0.0779012,-0.327709,6164.07,5,54.446,2350.18,2375.14,49.2311,2,2,1.0,0.0,0.0,5,0.0,0,True,1746968616.369637,left,False
2671,1746968648.380502,179.349,-22.5115,-9.53221,-0.0648204,-0.321831,6140.08,5,54.466,2351.16,2376.12,49.2308,2,2,1.0,0.0,0.0,5,0.0,0,True,1746968616.369637,left,False
2672,1746968648.4018135,179.551,-21.0865,-9.617,-0.0516337,-0.315377,6104.91,5,54.486,2352.14,2377.1,49.2305,2,2,1.0,0.0,0.0,5,0.0,0,True,1746968616.369637,left,False
2673,1746968648.4212098,179.767,-19.586,-9.70022,-0.0383464,-0.308381,6061.59,5,54.506,2353.12,2378.09,49.2302,2,2,1.0,0.0,0.0,5,0.0,0,True,1746968616.369637,left,False
2674,1746968648.4414163,179.995,-18.019,-9.77424,-0.0249634,-0.300886,6008.29,5,54.526,2354.1,2379.07,49.2299,2,2,1.0,0.0,0.0,5,0.0,0,True,1746968616.369637,left,False
2675,1746968648.4608133,180.224,-16.394,-9.84389,-0.011499,-0.292914,5956.24,5,54.546,2355.09,2380.05,49.2296,2,2,1.0,0.0,0.0,5,0.0,0,True,1746968616.369637,left,False
2676,1746968648.481635,180.46,-14.7302,-9.91584,0.00203959,-0.284522,5896.76,5,54.566,2356.07,2381.04,49.2293,2,2,1.0,0.0,0.0,5,0.0,0,True,1746968616.369637,left,False
2677,1746968648.5007422,180.7,-13.0357,-9.96619,0.0156382,-0.275785,5829.15,5,54.586,2357.06,2382.02,49.229,2,2,1.0,0.0,0.0,5,0.0,0,True,1746968616.369637,left,False
2678,1746968648.5213635,180.93,-11.3438,-10.0162,0.0292837,-0.266787,5767.48,5,54.606,2358.05,2383.01,49.2287,2,2,1.0,0.0,0.0,5,0.0,0,True,1746968616.369637,left,False
2679,1746968648.5405834,181.144,-9.68008,-10.0633,0.0429535,-0.257641,5718,5,54.626,2359.03,2384,49.2284,2,2,1.0,0.0,0.0,5,0.0,0,True,1746968616.369637,left,False
2680,1746968648.560995,181.352,-8.05579,-10.0862,0.0566305,-0.248444,5664.25,5,54.646,2360.02,2384.99,49.2281,2,2,1.0,0.0,0.0,5,0.0,0,True,1746968616.369637,left,False
2681,1746968648.5825708,181.532,-6.51515,-10.0994,0.0702861,-0.239333,5632.29,5,54.666,2361.02,2385.98,49.2278,2,2,1.0,0.0,0.0,5,0.0,0,True,1746968616.369637,left,False
2682,1746968648.6024468,181.692,-5.07269,-10.0953,0.0838969,-0.23038,5611.45,5,54.686,2362.01,2386.97,49.2275,2,2,1.0,0.0,0.0,5,0.0,0,True,1746968616.369637,left,False
2683,1746968648.6220124,181.838,-3.74509,-10.0749,0.0974355,-0.221667,5597.65,5,54.706,2363,2387.97,49.2271,2,2,1.0,0.0,0.0,5,0.0,0,True,1746968616.369637,left,False
2684,1746968648.6424358,181.971,-2.54395,-10.0328,0.110872,-0.213251,5590.17,5,54.726,2364,2388.97,49.2268,2,2,1.0,0.0,0.0,5,0.0,0,True,1746968616.369637,left,False
2685,1746968648.6614373,182.092,-1.4733,-9.96643,0.124182,-0.205166,5586.45,5,54.746,2365,2389.96,49.2265,2,2,1.0,0.0,0.0,5,0.0,0,True,1746968616.369637,left,False
2686,1746968648.6815586,182.208,-0.532201,-9.87357,0.137336,-0.197434,5583.84,5,54.766,2366,2390.96,49.2262,2,2,1.0,0.0,0.0,5,0.0,0,True,1746968616.369637,left,False
2687,1746968648.7028365,182.316,0.280972,-9.7689,0.150316,-0.190062,5584.38,5,54.786,2367,2391.97,49.2259,2,2,1.0,0.0,0.0,5,0.0,0,True,1746968616.369637,left,False
2688,1746968648.7212293,182.42,0.972495,-9.62901,0.163096,-0.183058,5584.16,5,54.806,2368.01,2392.97,49.2256,2,2,1.0,0.0,0.0,5,0.0,0,True,1746968616.369637,left,False
2689,1746968648.7406256,182.521,1.54961,-9.47641,0.175658,-0.176415,5586.21,5,54.826,2369.01,2393.98,49.2253,2,2,1.0,0.0,0.0,5,0.0,0,True,1746968616.369637,left,False
2690,1746968648.7597942,182.62,2.02061,-9.29608,0.187984,-0.170123,5586.5,5,54.846,2370.02,2394.99,49.225,2,2,1.0,0.0,0.0,5,0.0,0,True,1746968616.369637,left,False
2691,1746968648.7804797,182.717,2.39403,-9.10021,0.20006,-0.164172,5588.89,5,54.866,2371.03,2396,49.2247,2,2,1.0,0.0,0.0,5,0.0,0,True,1746968616.369637,left,False
2692,1746968648.8026574,182.813,2.68027,-8.88869,0.211874,-0.158542,5590.87,5,54.886,2372.04,2397.01,49.2244,2,2,1.0,0.0,0.0,5,0.0,0,True,1746968616.369637,left,False
2693,1746968648.8237484,182.907,2.88932,-8.66768,0.223417,-0.153211,5593.63,5,54.906,2373.06,2398.02,49.2241,2,2,1.0,0.0,0.0,5,0.0,0,True,1746968616.369637,left,False
2694,1746968648.8407102,183.002,3.03128,-8.42969,0.234678,-0.148156,5595.79,5,54.926,2374.07,2399.04,49.2238,2,2,1.0,0.0,0.0,5,0.0,0,True,1746968616.369637,left,False
2695,1746968648.8611763,183.096,3.1144,-8.18128,0.245656,-0.143354,5597.96,5,54.946,2375.09,2400.06,49.2235,2,2,1.0,0.0,0.0,5,0.0,0,True,1746968616.369637,right,False
2696,1746968648.8798792,183.19,3.1488,-7.93375,0.256344,-0.138779,5601.15,5,54.966,2376.11,2401.08,49.2232,2,2,1.0,0.0,0.0,5,0.0,0,True,1746968616.369637,right,False
2697,1746968648.902019,183.284,3.14284,-7.6722,0.26674,-0.134402,5602.91,5,54.986,2377.14,2402.1,49.2229,2,2,1.0,0.0,0.0,5,0.0,0,True,1746968616.369637,right,False
2698,1746968648.9212022,183.377,3.10596,-7.4109,0.276843,-0.130193,5604.79,5,55.006,2378.16,2403.12,49.2226,2,2,1.0,0.0,0.0,5,0.0,0,True,1746968616.369637,right,False
2699,1746968648.9400878,183.47,3.04547,-7.14871,0.286656,-0.126123,5607,5,55.026,2379.19,2404.15,49.2223,2,2,1.0,0.0,0.0,5,0.0,0,True,1746968616.369637,right,False
2700,1746968648.9608204,183.562,2.96897,-6.89355,0.296174,-0.122168,5609.96,5,55.046,2380.21,2405.18,49.222,2,2,1.0,0.0,0.0,5,0.0,0,True,1746968616.369637,right,False
2701,1746968648.9810605,183.654,2.88143,-6.64126,0.305404,-0.118303,5612.33,5,55.066,2381.24,2406.21,49.2217,2,2,1.0,0.0,0.0,5,0.0,0,True,1746968616.369637,right,False
2702,1746968649.002697,183.747,2.78693,-6.39401,0.314346,-0.114507,5613.95,5,55.086,2382.27,2407.24,49.2214,2,2,1.0,0.0,0.0,5,0.0,0,True,1746968616.369637,right,False
2703,1746968649.0224192,183.837,2.69213,-6.15259,0.323003,-0.110755,5616.6,5,55.106,2383.31,2408.27,49.221,2,2,1.0,0.0,0.0,5,0.0,0,True,1746968616.369637,right,False
2704,1746968649.041334,183.927,2.59807,-5.9156,0.331375,-0.107038,5619.23,5,55.126,2384.34,2409.3,49.2207,2,2,1.0,0.0,0.0,5,0.0,0,True,1746968616.369637,right,False
2705,1746968649.061325,184.016,2.50801,-5.69596,0.339465,-0.103339,5622.39,5,55.146,2385.38,2410.34,49.2204,2,2,1.0,0.0,0.0,5,0.0,0,True,1746968616.369637,right,False
2706,1746968649.0802443,184.105,2.42211,-5.4668,0.347278,-0.0996493,5624.69,5,55.166,2386.41,2411.38,49.2201,2,2,1.0,0.0,0.0,5,0.0,0,True,1746968616.369637,right,False
2707,1746968649.1011832,184.192,2.34301,-5.25938,0.354813,-0.0959647,5628.42,5,55.186,2387.45,2412.42,49.2198,2,2,1.0,0.0,0.0,5,0.0,0,True,1746968616.369637,right,False
2708,1746968649.120487,184.278,2.26939,-5.05662,0.362073,-0.0922788,5631.49,5,55.206,2388.49,2413.46,49.2195,2,2,1.0,0.0,0.0,5,0.0,0,True,1746968616.369637,right,False
2709,1746968649.139906,184.365,2.20099,-4.85481,0.36906,-0.0885895,5633.7,5,55.226,2389.53,2414.5,49.2192,2,2,1.0,0.0,0.0,5,0.0,0,True,1746968616.369637,right,False
2710,1746968649.1610157,184.45,2.13873,-4.65673,0.375774,-0.0848945,5636.92,5,55.246,2390.58,2415.54,49.2189,2,2,1.0,0.0,0.0,5,0.0,0,True,1746968616.369637,right,False
2711,1746968649.1801956,184.534,2.08182,-4.46724,0.382218,-0.0811899,5639.77,5,55.266,2391.62,2416.59,49.2186,2,2,1.0,0.0,0.0,5,0.0,0,True,1746968616.369637,right,False
2712,1746968649.2028186,184.618,2.02934,-4.28119,0.388394,-0.077484,5643.22,5,55.286,2392.67,2417.63,49.2183,2,2,1.0,0.0,0.0,5,0.0,0,True,1746968616.369637,right,False
2713,1746968649.220006,184.701,1.982,-4.09664,0.394299,-0.0737694,5646.09,5,55.306,2393.71,2418.68,49.218,2,2,1.0,0.0,0.0,5,0.0,0,True,1746968616.369637,right,False
2714,1746968649.2402973,184.783,1.93816,-3.91583,0.399937,-0.0700486,5648.91,5,55.326,2394.76,2419.73,49.2177,2,2,1.0,0.0,0.0,5,0.0,0,True,1746968616.369637,right,False
2715,1746968649.2605872,184.865,1.89798,-3.73454,0.405307,-0.0663222,5651.35,5,55.346,2395.81,2420.77,49.2174,2,2,1.0,0.0,0.0,5,0.0,0,True,1746968616.369637,right,False
2716,1746968649.2801974,184.946,1.86217,-3.55516,0.410411,-0.0625842,5653.98,5,55.366,2396.86,2421.82,49.2171,2,2,1.0,0.0,0.0,5,0.0,0,True,1746968616.369637,right,False
2717,1746968649.3031473,185.025,1.82976,-3.37244,0.415249,-0.0588391,5657.07,5,55.386,2397.91,2422.88,49.2168,2,2,1.0,0.0,0.0,5,0.0,0,True,1746968616.369637,right,False
2718,1746968649.3214614,185.106,1.7998,-3.19503,0.41982,-0.0550869,5658.92,5,55.406,2398.96,2423.93,49.2165,2,2,1.0,0.0,0.0,5,0.0,0,True,1746968616.369637,right,False
2719,1746968649.3410647,185.185,1.77262,-3.01173,0.424125,-0.0513261,5660.77,5,55.426,2400.02,2424.98,49.2162,2,2,1.0,0.0,0.0,5,0.0,0,True,1746968616.369637,right,False
2720,1746968649.3610957,185.262,1.7484,-2.82972,0.428166,-0.0475586,5663.99,5,55.446,2401.07,2426.04,49.2159,2,2,1.0,0.0,0.1,5,0.0,0,True,1746968616.369637,right,False
2721,1746968649.3814974,185.339,1.72605,-2.64513,0.43194,-0.043784,5666.12,5,55.466,2402.13,2427.09,49.2156,2,2,1.0,0.0,0.1,5,0.0,0,True,1746968616.369637,right,False
2722,1746968649.4014225,185.402,1.87655,-2.46165,0.435496,-0.0408252,5670.58,5,55.486,2403.18,2428.15,49.2152,2,2,1.0,0.0,0.1,5,0.0,0,True,1746968616.369637,right,False
2723,1746968649.4215472,185.462,1.71393,-2.29784,0.438923,-0.040089,5676.35,5,55.506,2404.24,2429.2,49.2149,2,2,1.0,0.0,0.1,5,0.0,0,True,1746968616.369637,right,False
2724,1746968649.4400935,185.524,1.1941,-2.15062,0.442229,-0.0413402,5681.94,5,55.526,2405.3,2430.26,49.2146,2,2,1.0,0.0,0.1,5,0.0,0,True,1746968616.369637,right,False
2725,1746968649.4604783,185.584,0.392928,-2.02211,0.445423,-0.0442756,5688.1,5,55.546,2406.35,2431.32,49.2143,2,2,1.0,0.0,0.1,5,0.0,0,True,1746968616.369637,right,False
2726,1746968649.4819617,185.637,-0.622851,-1.92208,0.448523,-0.0485895,5696.81,5,55.566,2407.41,2432.38,49.214,2,2,1.0,0.0,0.1,5,0.0,0,True,1746968616.369637,right,False
2727,1746968649.5007477,185.679,-1.78637,-1.83564,0.451545,-0.0539807,5705.33,5,55.586,2408.47,2433.44,49.2137,2,2,1.0,0.0,0.1,5,0.0,0,True,1746968616.369637,right,False
2728,1746968649.5214236,185.708,-3.04789,-1.77747,0.454515,-0.0601824,5715.57,5,55.606,2409.53,2434.5,49.2134,2,2,1.0,0.0,0.1,5,0.0,0,True,1746968616.369637,right,False
2729,1746968649.5398824,185.72,-4.36332,-1.73909,0.45745,-0.0669378,5728.2,5,55.626,2410.59,2435.56,49.2131,2,2,1.0,0.0,0.1,5,0.0,0,True,1746968616.369637,right,False
2730,1746968649.561177,185.713,-5.69976,-1.72554,0.46037,-0.0740278,5744.79,5,55.646,2411.65,2436.62,49.2128,2,2,1.0,0.0,0.1,5,0.0,0,True,1746968616.369637,right,False
2731,1746968649.5802984,185.69,-7.02601,-1.73059,0.463291,-0.0812739,5762.15,5,55.666,2412.71,2437.68,49.2125,2,2,1.0,0.0,0.1,5,0.0,0,True,1746968616.369637,right,False
2732,1746968649.6028433,185.651,-8.3277,-1.75635,0.466227,-0.0885628,5782.46,5,55.686,2413.77,2438.74,49.2122,2,2,1.0,0.0,0.1,5,0.0,0,True,1746968616.369637,right,False
2733,1746968649.6200993,185.596,-9.59324,-1.79413,0.469188,-0.0958045,5804.2,5,55.706,2414.83,2439.8,49.2119,2,2,1.0,0.0,0.1,5,0.0,0,True,1746968616.369637,right,False
2734,1746968649.642756,185.527,-10.8086,-1.84212,0.472183,-0.10294,5827.12,5,55.726,2415.9,2440.86,49.2116,2,2,1.0,0.0,0.1,5,0.0,0,True,1746968616.369637,right,False
2735,1746968649.661956,185.447,-11.9864,-1.91215,0.475224,-0.109945,5849.57,5,55.746,2416.96,2441.92,49.2113,2,2,1.0,0.0,0.1,5,0.0,0,True,1746968616.369637,right,False
2736,1746968649.682155,185.358,-13.1131,-1.98344,0.478315,-0.116812,5869.87,5,55.766,2418.02,2442.98,49.211,2,2,1.0,0.0,0.1,5,0.0,0,True,1746968616.369637,right,False
2737,1746968649.7028472,185.262,-14.1948,-2.05636,0.481464,-0.123559,5884.98,5,55.786,2419.08,2444.05,49.2107,2,2,1.0,0.0,0.1,5,0.0,0,True,1746968616.369637,right,False
2738,1746968649.7206078,185.162,-15.2312,-2.13243,0.484682,-0.130195,5892.55,5,55.806,2420.14,2445.11,49.2104,2,2,1.0,0.0,0.1,5,0.0,0,True,1746968616.369637,right,False
2739,1746968649.740678,185.054,-16.2401,-2.21277,0.487972,-0.13676,5900.7,5,55.826,2421.21,2446.17,49.2101,2,2,1.0,0.0,0.1,5,0.0,0,True,1746968616.369637,right,False
2740,1746968649.7617831,184.937,-17.2183,-2.29552,0.491343,-0.143246,5906.89,5,55.846,2422.27,2447.23,49.2098,2,2,1.0,0.0,0.1,5,0.0,0,True,1746968616.369637,right,False
2741,1746968649.7814572,184.814,-18.158,-2.37416,0.494802,-0.149649,5911.89,5,55.866,2423.33,2448.29,49.2094,2,2,1.0,0.0,0.1,5,0.0,0,True,1746968616.369637,right,False
2742,1746968649.8022995,184.683,-19.0732,-2.45809,0.498348,-0.155959,5918.26,5,55.886,2424.39,2449.36,49.2091,2,2,1.0,0.0,0.1,5,0.0,0,True,1746968616.369637,right,False
2743,1746968649.821656,184.547,-19.956,-2.53959,0.501992,-0.162193,5921.16,5,55.906,2425.45,2450.42,49.2088,2,2,1.0,0.0,0.1,5,0.0,0,True,1746968616.369637,right,False
2744,1746968649.8406065,184.404,-20.81,-2.6256,0.505733,-0.168318,5925.39,5,55.926,2426.51,2451.48,49.2085,2,2,1.0,0.0,0.1,5,0.0,0,True,1746968616.369637,right,False
2745,1746968649.8613389,184.253,-21.621,-2.70735,0.509576,-0.174291,5933.93,5,55.946,2427.58,2452.54,49.2082,2,2,1.0,0.0,0.1,5,0.0,0,True,1746968616.369637,right,False
2746,1746968649.8822896,184.096,-22.3966,-2.7892,0.513526,-0.180106,5945.72,5,55.966,2428.64,2453.6,49.2079,2,2,1.0,0.0,0.1,5,0.0,0,True,1746968616.369637,right,False
2747,1746968649.9011023,183.935,-23.1379,-2.8757,0.517582,-0.185752,5959,5,55.986,2429.7,2454.66,49.2076,2,2,1.0,0.0,0.1,5,0.0,0,True,1746968616.369637,right,False
2748,1746968649.921733,183.771,-23.8294,-2.9665,0.521749,-0.19116,5974.62,5,56.006,2430.76,2455.72,49.2073,2,2,1.0,0.0,0.1,5,0.0,0,True,1746968616.369637,right,False
2749,1746968649.940576,183.607,-24.4773,-3.05642,0.526025,-0.196341,5988.89,5,56.026,2431.82,2456.78,49.207,2,2,1.0,0.0,0.1,5,0.0,0,True,1746968616.369637,right,False
2750,1746968649.9624333,183.443,-25.0626,-3.14316,0.530413,-0.201263,6005.03,5,56.046,2432.88,2457.84,49.2067,2,2,1.0,0.0,0.1,5,0.0,0,True,1746968616.369637,right,False
2751,1746968649.9804919,183.28,-25.5977,-3.23284,0.534914,-0.205897,6023.22,5,56.066,2433.94,2458.91,49.2064,2,2,1.0,0.0,0.1,5,0.0,0,True,1746968616.369637,right,False
2752,1746968650.002467,183.118,-26.0819,-3.327,0.539528,-0.210247,6044.09,5,56.086,2435,2459.96,49.2061,2,2,1.0,0.0,0.1,5,0.0,0,True,1746968616.369637,right,False
2753,1746968650.0217948,182.963,-26.4952,-3.41526,0.544256,-0.214287,6062.39,5,56.106,2436.06,2461.02,49.2058,2,2,1.0,0.0,0.1,5,0.0,0,True,1746968616.369637,right,False
2754,1746968650.0411968,182.815,-26.8504,-3.50763,0.549098,-0.217995,6079.43,5,56.126,2437.12,2462.08,49.2055,2,2,1.0,0.0,0.1,5,0.0,0,True,1746968616.369637,right,False
2755,1746968650.0612326,182.67,-27.1414,-3.60442,0.554056,-0.221366,6102.7,5,56.146,2438.18,2463.14,49.2052,2,2,1.0,0.0,0.1,5,0.0,0,True,1746968616.369637,right,False
2756,1746968650.0819476,182.536,-27.3698,-3.69153,0.559131,-0.224409,6116.09,5,56.166,2439.23,2464.2,49.2049,2,2,1.0,0.0,0.1,5,0.0,0,True,1746968616.369637,right,False
2757,1746968650.1006086,182.41,-27.532,-3.78546,0.564323,-0.227114,6135.44,5,56.186,2440.29,2465.26,49.2046,2,2,1.0,0.0,0.1,5,0.0,0,True,1746968616.369637,right,False
2758,1746968650.1205215,182.297,-27.6279,-3.87755,0.569633,-0.229472,6144.82,5,56.206,2441.35,2466.31,49.2043,2,2,1.0,0.0,0.1,5,0.0,0,True,1746968616.369637,right,False
2759,1746968650.1427164,182.186,-27.6626,-3.96895,0.575063,-0.231481,6165.68,5,56.226,2442.41,2467.37,49.204,2,2,1.0,0.0,0.1,5,0.0,0,True,1746968616.369637,right,False
2760,1746968650.1628306,182.092,-27.6262,-4.0576,0.580611,-0.233132,6177.3,5,56.246,2443.46,2468.43,49.2037,2,2,1.0,0.0,0.1,5,0.0,0,True,1746968616.369637,right,False
2761,1746968650.1805325,182.008,-27.5256,-4.14007,0.586277,-0.234416,6186.63,5,56.266,2444.52,2469.49,49.2033,2,2,1.0,0.0,0.1,5,0.0,0,True,1746968616.369637,right,False
2762,1746968650.2019804,181.939,-27.3602,-4.22999,0.592063,-0.235342,6190.32,5,56.286,2445.58,2470.54,49.203,2,2,1.0,0.0,0.1,5,0.0,0,True,1746968616.369637,right,False
2763,1746968650.2223308,181.879,-27.1285,-4.31743,0.597969,-0.235906,6200.19,5,56.306,2446.63,2471.6,49.2027,2,2,1.0,0.0,0.1,5,0.0,0,True,1746968616.369637,right,False
2764,1746968650.2417076,181.829,-26.836,-4.40458,0.60399,-0.236115,6207.45,5,56.326,2447.69,2472.65,49.2024,2,2,1.0,0.0,0.1,5,0.0,0,True,1746968616.369637,right,False
2765,1746968650.262503,181.793,-26.4793,-4.49419,0.61013,-0.235963,6213.73,5,56.346,2448.74,2473.71,49.2021,2,2,1.0,0.0,0.1,5,0.0,0,True,1746968616.369637,right,False
2766,1746968650.2799685,181.767,-26.0676,-4.58472,0.616387,-0.235464,6217.3,5,56.366,2449.8,2474.76,49.2018,2,2,1.0,0.0,0.1,5,0.0,0,True,1746968616.369637,right,False
2767,1746968650.3026328,181.752,-25.5933,-4.67472,0.622758,-0.234617,6220.8,5,56.386,2450.85,2475.82,49.2015,2,2,1.0,0.0,0.1,5,0.0,0,True,1746968616.369637,right,False
2768,1746968650.3237016,181.748,-25.0625,-4.75516,0.629242,-0.233463,6225.01,5,56.406,2451.91,2476.87,49.2012,2,2,1.0,0.0,0.0,5,0.0,0,True,1746968616.369637,left,False
2769,1746968650.3418498,181.758,-24.4693,-4.83752,0.635843,-0.231953,6220.96,5,56.426,2452.96,2477.93,49.2009,2,2,1.0,0.0,0.0,5,0.0,0,True,1746968616.369637,left,False
2770,1746968650.362387,181.803,-23.867,-4.91925,0.642548,-0.230038,6215.17,5,56.446,2454.01,2478.98,49.2006,2,2,1.0,0.0,0.0,5,0.0,0,True,1746968616.369637,left,False
2771,1746968650.380606,181.89,-23.1583,-4.99114,0.649346,-0.227434,6182.69,5,56.466,2455.07,2480.03,49.2003,2,2,1.0,0.0,0.0,5,0.0,0,True,1746968616.369637,left,False
2772,1746968650.4011652,181.997,-22.3245,-5.05923,0.656236,-0.224151,6148.45,5,56.486,2456.12,2481.09,49.2,2,2,1.0,0.0,0.0,5,0.0,0,True,1746968616.369637,left,False
2773,1746968650.4216328,182.125,-21.3782,-5.12122,0.663216,-0.220193,6107.87,5,56.506,2457.18,2482.14,49.1997,2,2,1.0,0.0,0.0,5,0.0,0,True,1746968616.369637,left,False
2774,1746968650.4431107,182.271,-20.3338,-5.18568,0.670284,-0.215583,6061.1,5,56.526,2458.23,2483.2,49.1994,2,2,1.0,0.0,0.0,5,0.0,0,True,1746968616.369637,left,False
2775,1746968650.4607425,182.432,-19.1901,-5.24336,0.677429,-0.210349,6011.89,5,56.546,2459.29,2484.26,49.1991,2,2,1.0,0.0,0.0,5,0.0,0,True,1746968616.369637,left,False
2776,1746968650.4832537,182.603,-17.963,-5.30911,0.684648,-0.204545,5965.43,5,56.566,2460.35,2485.31,49.1988,2,2,1.0,0.0,0.0,5,0.0,0,True,1746968616.369637,left,False
2777,1746968650.501713,182.779,-16.6629,-5.36554,0.691933,-0.198231,5917.23,5,56.586,2461.4,2486.37,49.1985,2,2,1.0,0.0,0.0,5,0.0,0,True,1746968616.369637,left,False
2778,1746968650.5220416,182.962,-15.3044,-5.4108,0.699273,-0.191468,5865.96,5,56.606,2462.46,2487.43,49.1982,2,2,1.0,0.0,0.0,5,0.0,0,True,1746968616.369637,left,False
2779,1746968650.5449443,183.144,-13.9087,-5.45911,0.70666,-0.184334,5819.29,5,56.626,2463.52,2488.49,49.1979,2,2,1.0,0.0,0.0,5,0.0,0,True,1746968616.369637,left,False
2780,1746968650.562554,183.32,-12.4929,-5.49235,0.71408,-0.176894,5779.64,5,56.646,2464.58,2489.55,49.1975,2,2,1.0,0.0,0.0,5,0.0,0,True,1746968616.369637,left,False
2781,1746968650.5835345,183.489,-11.0764,-5.52227,0.721517,-0.169232,5745.97,5,56.666,2465.64,2490.61,49.1972,2,2,1.0,0.0,0.0,5,0.0,0,True,1746968616.369637,left,False
2782,1746968650.6018991,183.647,-9.6828,-5.54819,0.728954,-0.161433,5721.73,5,56.686,2466.7,2491.67,49.1969,2,2,1.0,0.0,0.0,5,0.0,0,True,1746968616.369637,left,False
2783,1746968650.623472,183.796,-8.32535,-5.55796,0.736372,-0.153565,5699.78,5,56.706,2467.77,2492.73,49.1966,2,2,1.0,0.0,0.0,5,0.0,0,True,1746968616.369637,left,False
2784,1746968650.6415768,183.933,-7.02551,-5.55093,0.743751,-0.1457,5684.75,5,56.726,2468.83,2493.79,49.1963,2,2,1.0,0.0,0.0,5,0.0,0,True,1746968616.369637,left,False
2785,1746968650.6648915,184.062,-5.79377,-5.52975,0.751068,-0.137904,5673.6,5,56.746,2469.89,2494.86,49.196,2,2,1.0,0.0,0.0,5,0.0,0,True,1746968616.369637,left,False
2786,1746968650.6826804,184.182,-4.64615,-5.49028,0.758302,-0.130234,5665.23,5,56.766,2470.96,2495.92,49.1957,2,2,1.0,0.0,0.0,5,0.0,0,True,1746968616.369637,left,False
2787,1746968650.703721,184.293,-3.58982,-5.4322,0.765429,-0.122721,5660.6,5,56.786,2472.03,2496.99,49.1954,2,2,1.0,0.0,0.0,5,0.0,0,True,1746968616.369637,left,False
2788,1746968650.7214901,184.398,-2.6279,-5.36313,0.772426,-0.115398,5657.24,5,56.806,2473.1,2498.06,49.1951,2,2,1.0,0.0,0.0,5,0.0,0,True,1746968616.369637,left,False
2789,1746968650.7449422,184.497,-1.76222,-5.26874,0.77927,-0.108287,5654.84,5,56.826,2474.16,2499.13,49.1948,2,2,1.0,0.0,0.0,5,0.0,0,True,1746968616.369637,left,False
2790,1746968650.7623942,184.592,-0.993032,-5.15325,0.785943,-0.101404,5653.94,5,56.846,2475.24,2500.2,49.1945,2,2,1.0,0.0,0.0,5,0.0,0,True,1746968616.369637,left,False
2791,1746968650.7823079,184.682,-0.317626,-5.01872,0.792418,-0.0947583,5652.84,5,56.866,2476.31,2501.27,49.1942,2,2,1.0,0.0,0.0,5,0.0,0,True,1746968616.369637,left,False
2792,1746968650.8016791,184.769,0.267538,-4.87387,0.798685,-0.0883539,5654.12,5,56.886,2477.38,2502.35,49.1939,2,2,1.0,0.0,0.0,5,0.0,0,True,1746968616.369637,left,False
2793,1746968650.821975,184.854,0.767112,-4.701,0.804721,-0.0821922,5654.16,5,56.906,2478.45,2503.42,49.1936,2,2,1.0,0.0,0.0,5,0.0,0,True,1746968616.369637,left,False
2794,1746968650.843076,184.936,1.18699,-4.51756,0.810516,-0.076268,5655.43,5,56.926,2479.53,2504.5,49.1933,2,2,1.0,0.0,0.0,5,0.0,0,True,1746968616.369637,right,False
2795,1746968650.8611398,185.017,1.5332,-4.31082,0.816056,-0.0705765,5656.89,5,56.946,2480.61,2505.57,49.193,2,2,1.0,0.0,0.0,5,0.0,0,True,1746968616.369637,right,False
2796,1746968650.8809245,185.097,1.81199,-4.09562,0.821332,-0.0651077,5658.35,5,56.966,2481.69,2506.65,49.1927,2,2,1.0,0.0,0.0,5,0.0,0,True,1746968616.369637,right,False
2797,1746968650.9051628,185.175,2.03099,-3.86752,0.826332,-0.059851,5660.54,5,56.986,2482.76,2507.73,49.1924,2,2,1.0,0.0,0.0,5,0.0,0,True,1746968616.369637,right,False
2798,1746968650.9224691,185.253,2.1961,-3.63118,0.831049,-0.0547927,5662,5,57.006,2483.85,2508.81,49.1921,2,2,1.0,0.0,0.0,5,0.0,0,True,1746968616.369637,right,False
2799,1746968650.9426935,185.33,2.31461,-3.38784,0.835479,-0.0499156,5663.63,5,57.026,2484.93,2509.89,49.1917,2,2,1.0,0.0,0.0,5,0.0,0,True,1746968616.369637,right,False
2800,1746968650.9612744,185.406,2.39298,-3.13898,0.839618,-0.0452054,5665.4,5,57.046,2486.01,2510.97,49.1914,2,2,1.0,0.0,0.0,5,0.0,0,True,1746968616.369637,right,False
2801,1746968650.9808884,185.481,2.43832,-2.88315,0.84346,-0.0406392,5667.63,5,57.066,2487.09,2512.06,49.1911,2,2,1.0,0.0,0.0,5,0.0,0,True,1746968616.369637,right,False
2802,1746968651.000222,185.556,2.45728,-2.63028,0.847005,-0.0361951,5669.97,5,57.086,2488.18,2513.14,49.1908,2,2,1.0,0.0,0.0,5,0.0,0,True,1746968616.369637,right,False
2803,1746968651.0224264,185.63,2.45521,-2.37803,0.850253,-0.0318587,5671.75,5,57.106,2489.26,2514.23,49.1905,2,2,1.0,0.0,0.0,5,0.0,0,True,1746968616.369637,right,False
2804,1746968651.041377,185.704,2.43648,-2.12498,0.853201,-0.0276125,5673.66,5,57.126,2490.35,2515.31,49.1902,2,2,1.0,0.0,0.0,5,0.0,0,True,1746968616.369637,right,False
2805,1746968651.0625076,185.777,2.4059,-1.88002,0.855852,-0.0234407,5676.5,5,57.146,2491.44,2516.4,49.1899,2,2,1.0,0.0,0.0,5,0.0,0,True,1746968616.369637,right,False
2806,1746968651.0817513,185.849,2.36573,-1.63067,0.858206,-0.0193308,5677.98,5,57.166,2492.52,2517.49,49.1896,2,2,1.0,0.0,0.0,5,0.0,0,True,1746968616.369637,right,False
2807,1746968651.100218,185.921,2.32006,-1.39069,0.860264,-0.0152682,5679.59,5,57.186,2493.61,2518.58,49.1893,2,2,1.0,0.0,0.0,5,0.0,0,True,1746968616.369637,right,False
2808,1746968651.122545,185.992,2.27218,-1.15831,0.862023,-0.0112422,5682.49,5,57.206,2494.7,2519.67,49.189,2,2,1.0,0.0,0.0,5,0.0,0,True,1746968616.369637,right,False
2809,1746968651.1419303,186.062,2.22198,-0.920827,0.863492,-0.00724298,5684.08,5,57.226,2495.79,2520.76,49.1887,2,2,1.0,0.0,0.0,5,0.0,0,True,1746968616.369637,right,False
2810,1746968651.1627388,186.131,2.17255,-0.700067,0.864665,-0.00326568,5687.13,5,57.246,2496.88,2521.85,49.1884,2,2,1.0,0.0,0.0,5,0.0,0,True,1746968616.369637,right,False
2811,1746968651.1818528,186.199,2.12463,-0.487498,0.865548,0.00069445,5690.33,5,57.266,2497.97,2522.94,49.1881,2,2,1.0,0.0,0.0,5,0.0,0,True,1746968616.369637,right,False
2812,1746968651.2005584,186.268,2.0766,-0.266861,0.866138,0.00464028,5691.46,5,57.286,2499.06,2524.03,49.1878,2,2,1.0,0.0,0.0,5,0.0,0,True,1746968616.369637,right,False
2813,1746968651.221029,186.335,2.03034,-0.0500808,0.866441,0.008578,5693.21,5,57.306,2500.16,2525.12,49.1875,2,2,1.0,0.0,0.0,5,0.0,0,True,1746968616.369637,right,False
2814,1746968651.2407296,186.4,1.98805,0.156764,0.866456,0.0125143,5696.53,5,57.326,2501.25,2526.21,49.1872,2,2,1.0,0.0,0.0,5,0.0,0,True,1746968616.369637,right,False
2815,1746968651.261682,186.467,1.94783,0.365866,0.866181,0.0164487,5697.72,5,57.346,2502.34,2527.3,49.1869,2,2,1.0,0.0,0.0,5,0.0,0,True,1746968616.369637,right,False
2816,1746968651.2806664,186.532,1.91071,0.575943,0.86562,0.0203835,5698.97,5,57.366,2503.43,2528.4,49.1866,2,2,1.0,0.0,0.0,5,0.0,0,True,1746968616.369637,right,False
2817,1746968651.302254,186.595,1.87709,0.78144,0.864773,0.0243246,5702.26,5,57.386,2504.53,2529.49,49.1863,2,2,1.0,0.0,0.0,5,0.0,0,True,1746968616.369637,right,False
2818,1746968651.3205998,186.659,1.8475,0.983043,0.863644,0.0282699,5703.79,5,57.406,2505.62,2530.58,49.186,2,2,1.0,0.0,0.0,5,0.0,0,True,1746968616.369637,right,False
2819,1746968651.3413525,186.721,1.82097,1.17864,0.86223,0.0322229,5706.11,5,57.426,2506.71,2531.68,49.1856,2,2,1.0,0.0,0.0,5,0.0,0,True,1746968616.369637,right,False
2820,1746968651.366982,186.783,1.79786,1.37833,0.860532,0.0361821,5707.66,5,57.446,2507.81,2532.77,49.1853,2,2,1.0,0.0,0.0,5,0.0,0,True,1746968616.369637,right,False
2821,1746968651.383018,186.844,1.77735,1.58117,0.858552,0.0401484,5709.58,5,57.466,2508.9,2533.87,49.185,2,2,1.0,0.0,0.0,5,0.0,0,True,1746968616.369637,right,False
2822,1746968651.4035046,186.904,1.75955,1.76955,0.856289,0.0441195,5711.69,5,57.486,2509.99,2534.96,49.1847,2,2,1.0,0.0,0.1,5,0.0,0,True,1746968616.369637,right,False
2823,1746968651.4236817,186.964,1.74426,1.9633,0.853745,0.0480968,5713.37,5,57.506,2511.09,2536.05,49.1844,2,2,1.0,0.0,0.1,5,0.0,0,True,1746968616.369637,right,False
2824,1746968651.4407256,187.008,1.90304,2.15971,0.850966,0.0512463,5717.97,5,57.526,2512.18,2537.15,49.1841,2,2,1.0,0.0,0.1,5,0.0,0,True,1746968616.369637,right,False
2825,1746968651.462158,187.049,1.73885,2.32942,0.848046,0.0521447,5723.9,5,57.546,2513.28,2538.24,49.1838,2,2,1.0,0.0,0.1,5,0.0,0,True,1746968616.369637,right,False
2826,1746968651.5550914,187.093,1.21008,2.48214,0.844988,0.0510356,5729.82,5,57.566,2514.37,2539.34,49.1835,2,2,1.0,0.0,0.1,5,0.0,0,True,1746968616.369637,right,False
2827,1746968651.5580578,187.135,0.394658,2.61416,0.841805,0.0482356,5736.76,5,57.586,2515.46,2540.43,49.1832,2,2,1.0,0.0,0.1,5,0.0,0,True,1746968616.369637,right,False
2828,1746968651.5852814,187.17,-0.633226,2.72488,0.838513,0.0440642,5744.31,5,57.606,2516.56,2541.52,49.1829,2,2,1.0,0.0,0.1,5,0.0,0,True,1746968616.369637,right,False
2829,1746968651.5876286,187.194,-1.81113,2.80632,0.835132,0.0388166,5753.58,5,57.626,2517.65,2542.62,49.1826,2,2,1.0,0.0,0.1,5,0.0,0,True,1746968616.369637,right,False
2830,1746968651.591051,187.204,-3.08175,2.87151,0.831682,0.0327894,5763.9,5,57.646,2518.75,2543.71,49.1823,2,2,1.0,0.0,0.1,5,0.0,0,True,1746968616.369637,right,False
2831,1746968651.5938926,187.196,-4.40462,2.91241,0.828189,0.0262281,5777.32,5,57.666,2519.84,2544.8,49.182,2,2,1.0,0.0,0.1,5,0.0,0,True,1746968616.369637,right,False
2832,1746968651.6010234,187.171,-5.74414,2.92939,0.82467,0.0190665,5794.01,5,57.686,2520.93,2545.89,49.1817,2,2,1.0,0.0,0.1,5,0.0,0,True,1746968616.369637,right,False
2833,1746968651.6245503,187.127,-7.06926,2.92241,0.821179,0.011317,5814.42,5,57.706,2522.01,2546.98,49.1814,2,2,1.0,0.0,0.1,5,0.0,0,True,1746968616.369637,right,False
2834,1746968651.642362,187.067,-8.35802,2.89443,0.817741,0.00359982,5837.63,5,57.726,2523.1,2548.06,49.1811,2,2,1.0,0.0,0.1,5,0.0,0,True,1746968616.369637,right,False
2835,1746968651.6612003,186.993,-9.60816,2.83925,0.814366,-0.00401241,5863.84,5,57.746,2524.18,2549.14,49.1808,2,2,1.0,0.0,0.1,5,0.0,0,True,1746968616.369637,right,False
2836,1746968651.6818027,186.905,-10.8099,2.76523,0.81106,-0.0114644,5891.38,5,57.766,2525.26,2550.23,49.1805,2,2,1.0,0.0,0.1,5,0.0,0,True,1746968616.369637,right,False
2837,1746968651.700493,186.809,-11.9563,2.68176,0.807833,-0.0187476,5916.26,5,57.786,2526.34,2551.31,49.1802,2,2,1.0,0.0,0.1,5,0.0,0,True,1746968616.369637,right,False
2838,1746968651.7232077,186.705,-13.054,2.58885,0.804685,-0.0258668,5936.55,5,57.806,2527.43,2552.39,49.1798,2,2,1.0,0.0,0.1,5,0.0,0,True,1746968616.369637,right,False
2839,1746968651.7436857,186.599,-14.1027,2.4873,0.801632,-0.0328544,5949.2,5,57.826,2528.51,2553.47,49.1795,2,2,1.0,0.0,0.1,5,0.0,0,True,1746968616.369637,right,False
2840,1746968651.7618942,186.484,-15.1254,2.37239,0.798674,-0.0397423,5963.61,5,57.846,2529.59,2554.56,49.1792,2,2,1.0,0.0,0.1,5,0.0,0,True,1746968616.369637,right,False
2841,1746968651.7809672,186.368,-16.1019,2.2685,0.795821,-0.0465487,5968.25,5,57.866,2530.67,2555.64,49.1789,2,2,1.0,0.0,0.1,5,0.0,0,True,1746968616.369637,right,False
2842,1746968651.8021832,186.245,-17.0543,2.16575,0.793079,-0.0533174,5967.63,5,57.886,2531.75,2556.72,49.1786,2,2,1.0,0.0,0.1,5,0.0,0,True,1746968616.369637,right,False
2843,1746968651.8213856,186.111,-17.9863,2.05566,0.790452,-0.0600303,5973.28,5,57.906,2532.83,2557.8,49.1783,2,2,1.0,0.0,0.1,5,0.0,0,True,1746968616.369637,right,False
2844,1746968651.8410819,185.974,-18.8864,1.94392,0.787948,-0.0666869,5973.49,5,57.926,2533.92,2558.88,49.178,2,2,1.0,0.0,0.1,5,0.0,0,True,1746968616.369637,right,False
2845,1746968651.861108,185.825,-19.7725,1.82367,0.785569,-0.0732802,5981.33,5,57.946,2535,2559.96,49.1777,2,2,1.0,0.0,0.1,5,0.0,0,True,1746968616.369637,right,False
2846,1746968651.8834217,185.671,-20.6182,1.71813,0.783319,-0.0797685,5986.25,5,57.966,2536.07,2561.04,49.1774,2,2,1.0,0.0,0.1,5,0.0,0,True,1746968616.369637,right,False
2847,1746968651.902671,185.513,-21.4372,1.60483,0.781205,-0.0861529,5991.01,5,57.986,2537.15,2562.12,49.1771,2,2,1.0,0.0,0.1,5,0.0,0,True,1746968616.369637,right,False
2848,1746968651.9238203,185.343,-22.2239,1.49384,0.779226,-0.0923999,6004.45,5,58.006,2538.23,2563.2,49.1768,2,2,1.0,0.0,0.1,5,0.0,0,True,1746968616.369637,right,False
2849,1746968651.9403405,185.172,-22.9758,1.372,0.777382,-0.0984681,6018.41,5,58.026,2539.31,2564.28,49.1765,2,2,1.0,0.0,0.1,5,0.0,0,True,1746968616.369637,right,False
2850,1746968651.9601197,184.999,-23.6725,1.25738,0.775682,-0.104329,6029.29,5,58.046,2540.39,2565.35,49.1762,2,2,1.0,0.0,0.1,5,0.0,0,True,1746968616.369637,right,False
2851,1746968651.979979,184.823,-24.3289,1.14511,0.774123,-0.109991,6046.76,5,58.066,2541.47,2566.43,49.1759,2,2,1.0,0.0,0.1,5,0.0,0,True,1746968616.369637,right,False
2852,1746968652.0003395,184.645,-24.937,1.02569,0.772709,-0.11541,6063.43,5,58.086,2542.54,2567.51,49.1756,2,2,1.0,0.0,0.1,5,0.0,0,True,1746968616.369637,right,False
2853,1746968652.020618,184.472,-25.4825,0.913081,0.771446,-0.120567,6080.42,5,58.106,2543.62,2568.58,49.1753,2,2,1.0,0.0,0.1,5,0.0,0,True,1746968616.369637,right,False
2854,1746968652.0405989,184.299,-25.9788,0.796138,0.770327,-0.12543,6098.77,5,58.126,2544.7,2569.66,49.175,2,2,1.0,0.0,0.1,5,0.0,0,True,1746968616.369637,right,False
2855,1746968652.0615907,184.13,-26.418,0.679931,0.769354,-0.130015,6118.79,5,58.146,2545.77,2570.74,49.1747,2,2,1.0,0.0,0.1,5,0.0,0,True,1746968616.369637,right,False
2856,1746968652.0842977,183.965,-26.7952,0.560595,0.768534,-0.13429,6141.87,5,58.166,2546.84,2571.81,49.1744,2,2,1.0,0.0,0.1,5,0.0,0,True,1746968616.369637,right,False
2857,1746968652.1031802,183.812,-27.0985,0.45073,0.767867,-0.138224,6152.81,5,58.186,2547.92,2572.88,49.174,2,2,1.0,0.0,0.1,5,0.0,0,True,1746968616.369637,right,False
2858,1746968652.120407,183.663,-27.3427,0.330242,0.767352,-0.141816,6174.12,5,58.206,2548.99,2573.96,49.1737,2,2,1.0,0.0,0.1,5,0.0,0,True,1746968616.369637,right,False
2859,1746968652.1431687,183.526,-27.5135,0.223697,0.766992,-0.145079,6188.03,5,58.226,2550.06,2575.03,49.1734,2,2,1.0,0.0,0.1,5,0.0,0,True,1746968616.369637,right,False
2860,1746968652.162178,183.395,-27.6293,0.11402,0.766787,-0.148001,6203.51,5,58.246,2551.14,2576.1,49.1731,2,2,1.0,0.0,0.1,5,0.0,0,True,1746968616.369637,right,False
2861,1746968652.1853864,183.275,-27.6795,-0.000633225,0.766736,-0.150585,6216.39,5,58.266,2552.21,2577.17,49.1728,2,2,1.0,0.0,0.1,5,0.0,0,True,1746968616.369637,right,False
2862,1746968652.2021227,183.165,-27.6696,-0.119525,0.76684,-0.152817,6230.52,5,58.286,2553.28,2578.24,49.1725,2,2,1.0,0.0,0.1,5,0.0,0,True,1746968616.369637,right,False
2863,1746968652.222693,183.065,-27.5999,-0.231967,0.767094,-0.15473,6241.44,5,58.306,2554.35,2579.31,49.1722,2,2,1.0,0.0,0.0,5,0.0,0,True,1746968616.369637,left,False
2864,1746968652.2431746,182.975,-27.4648,-0.349911,0.767503,-0.156305,6254.67,5,58.326,2555.42,2580.38,49.1719,2,2,1.0,0.0,0.0,5,0.0,0,True,1746968616.369637,left,False
2865,1746968652.2608716,182.894,-27.2623,-0.460185,0.768068,-0.15751,6269.63,5,58.346,2556.48,2581.45,49.1716,2,2,1.0,0.0,0.0,5,0.0,0,True,1746968616.369637,left,False
2866,1746968652.2837684,182.851,-27.0235,-0.570803,0.768781,-0.158265,6275.4,5,58.366,2557.55,2582.52,49.1713,2,2,1.0,0.0,0.0,5,0.0,0,True,1746968616.369637,left,False
2867,1746968652.3039093,182.844,-26.6847,-0.683638,0.769631,-0.158373,6269.98,5,58.386,2558.62,2583.58,49.171,2,2,1.0,0.0,0.0,5,0.0,0,True,1746968616.369637,left,False
2868,1746968652.3229597,182.865,-26.2202,-0.787464,0.770614,-0.15783,6253.02,5,58.406,2559.69,2584.65,49.1707,2,2,1.0,0.0,0.0,5,0.0,0,True,1746968616.369637,left,False
2869,1746968652.3412516,182.905,-25.6566,-0.899609,0.771737,-0.156668,6232.85,5,58.426,2560.75,2585.72,49.1704,2,2,1.0,0.0,0.0,5,0.0,0,True,1746968616.369637,left,False
2870,1746968652.3622887,182.972,-24.9643,-0.992905,0.772994,-0.154857,6203.64,5,58.446,2561.82,2586.79,49.1701,2,2,1.0,0.0,0.0,5,0.0,0,True,1746968616.369637,left,False
2871,1746968652.3836772,183.05,-24.1705,-1.09195,0.774388,-0.152412,6179.47,5,58.466,2562.89,2587.85,49.1698,2,2,1.0,0.0,0.0,5,0.0,0,True,1746968616.369637,left,False
2872,1746968652.402619,183.15,-23.2736,-1.18611,0.775909,-0.149374,6146.32,5,58.486,2563.96,2588.92,49.1695,2,2,1.0,0.0,0.0,5,0.0,0,True,1746968616.369637,left,False
2873,1746968652.4236615,183.269,-22.2759,-1.28059,0.777561,-0.145751,6109.33,5,58.506,2565.02,2589.99,49.1692,2,2,1.0,0.0,0.0,5,0.0,0,True,1746968616.369637,left,False
2874,1746968652.4413505,183.399,-21.1935,-1.37512,0.779338,-0.141568,6073.32,5,58.526,2566.09,2591.05,49.1689,2,2,1.0,0.0,0.0,5,0.0,0,True,1746968616.369637,left,False
2875,1746968652.4603717,183.54,-20.0267,-1.45932,0.781236,-0.13687,6034.99,5,58.546,2567.16,2592.12,49.1686,2,2,1.0,0.0,0.0,5,0.0,0,True,1746968616.369637,left,False
2876,1746968652.483111,183.683,-18.786,-1.54915,0.783246,-0.131644,6004.59,5,58.566,2568.22,2593.19,49.1683,2,2,1.0,0.0,0.0,5,0.0,0,True,1746968616.369637,left,False
2877,1746968652.5040133,183.839,-17.4747,-1.63159,0.78536,-0.125935,5967.99,5,58.586,2569.29,2594.26,49.1679,2,2,1.0,0.0,0.0,5,0.0,0,True,1746968616.369637,left,False
2878,1746968652.5208983,184.004,-16.1058,-1.70669,0.787571,-0.119788,5923.84,5,58.606,2570.36,2595.32,49.1676,2,2,1.0,0.0,0.0,5,0.0,0,True,1746968616.369637,left,False
2879,1746968652.5433176,184.169,-14.6958,-1.77633,0.78987,-0.113267,5883.18,5,58.626,2571.43,2596.39,49.1673,2,2,1.0,0.0,0.0,5,0.0,0,True,1746968616.369637,left,False
2880,1746968652.563335,184.329,-13.2607,-1.84019,0.792242,-0.106417,5847.66,5,58.646,2572.49,2597.46,49.167,2,2,1.0,0.0,0.0,5,0.0,0,True,1746968616.369637,left,False
2881,1746968652.5853941,184.49,-11.8129,-1.89616,0.794678,-0.0993074,5810.47,5,58.666,2573.56,2598.53,49.1667,2,2,1.0,0.0,0.0,5,0.0,0,True,1746968616.369637,left,False
2882,1746968652.600979,184.641,-10.3757,-1.94496,0.79716,-0.0920213,5781.62,5,58.686,2574.63,2599.6,49.1664,2,2,1.0,0.0,0.0,5,0.0,0,True,1746968616.369637,left,False
2883,1746968652.6203845,184.782,-8.96865,-1.9878,0.799666,-0.0846184,5758.51,5,58.706,2575.7,2600.67,49.1661,2,2,1.0,0.0,0.0,5,0.0,0,True,1746968616.369637,left,False
2884,1746968652.6431801,184.917,-7.6022,-2.01057,0.802181,-0.0771788,5735.16,5,58.726,2576.77,2601.74,49.1658,2,2,1.0,0.0,0.0,5,0.0,0,True,1746968616.369637,left,False
2885,1746968652.663466,185.038,-6.30358,-2.02651,0.804677,-0.0697716,5721.77,5,58.746,2577.84,2602.81,49.1655,2,2,1.0,0.0,0.0,5,0.0,0,True,1746968616.369637,left,False
2886,1746968652.6803126,185.152,-5.07994,-2.02658,0.807143,-0.0624602,5709.49,5,58.766,2578.91,2603.88,49.1652,2,2,1.0,0.0,0.0,5,0.0,0,True,1746968616.369637,left,False
2887,1746968652.7022374,185.257,-3.94211,-2.00464,0.809546,-0.055292,5698.94,5,58.786,2579.99,2604.95,49.1649,2,2,1.0,0.0,0.0,5,0.0,0,True,1746968616.369637,left,False
2888,1746968652.7227044,185.352,-2.90165,-1.97052,0.811867,-0.0483192,5694.3,5,58.806,2581.06,2606.02,49.1646,2,2,1.0,0.0,0.0,5,0.0,0,True,1746968616.369637,left,False
2889,1746968652.7432995,185.441,-1.96025,-1.92069,0.814083,-0.0415652,5690.42,5,58.826,2582.13,2607.1,49.1643,2,2,1.0,0.0,0.0,5,0.0,0,True,1746968616.369637,left,False
2890,1746968652.763856,185.525,-1.11868,-1.84112,0.816172,-0.0350536,5687.54,5,58.846,2583.2,2608.17,49.164,2,2,1.0,0.0,0.0,5,0.0,0,True,1746968616.369637,left,False
2891,1746968652.7838259,185.604,-0.377319,-1.74101,0.818113,-0.0288013,5685.84,5,58.866,2584.28,2609.24,49.1637,2,2,1.0,0.0,0.0,5,0.0,0,True,1746968616.369637,right,False
2892,1746968652.8018668,185.679,0.267103,-1.63158,0.819887,-0.0228131,5686.39,5,58.886,2585.35,2610.32,49.1634,2,2,1.0,0.0,0.0,5,0.0,0,True,1746968616.369637,right,False
2893,1746968652.820409,185.751,0.81945,-1.50056,0.82148,-0.0170906,5686.46,5,58.906,2586.43,2611.39,49.1631,2,2,1.0,0.0,0.0,5,0.0,0,True,1746968616.369637,right,False
2894,1746968652.842622,185.821,1.2855,-1.34773,0.822874,-0.0116313,5686.79,5,58.926,2587.51,2612.47,49.1628,2,2,1.0,0.0,0.0,5,0.0,0,True,1746968616.369637,right,False
2895,1746968652.863246,185.889,1.67105,-1.18526,0.824058,-0.00643188,5687.78,5,58.946,2588.58,2613.55,49.1625,2,2,1.0,0.0,0.0,5,0.0,0,True,1746968616.369637,right,False
2896,1746968652.8841903,185.956,1.98192,-0.996964,0.825018,-0.00148279,5688.27,5,58.966,2589.66,2614.62,49.1621,2,2,1.0,0.0,0.0,5,0.0,0,True,1746968616.369637,right,False
2897,1746968652.9010925,186.022,2.22706,-0.809432,0.825747,0.00322836,5690.52,5,58.986,2590.74,2615.7,49.1618,2,2,1.0,0.0,0.0,5,0.0,0,True,1746968616.369637,right,False
2898,1746968652.9209003,186.087,2.41245,-0.605384,0.826235,0.00771445,5691.82,5,59.006,2591.82,2616.78,49.1615,2,2,1.0,0.0,0.0,5,0.0,0,True,1746968616.369637,right,False
2899,1746968652.941762,186.151,2.54496,-0.395559,0.826479,0.0119898,5693.07,5,59.026,2592.89,2617.86,49.1612,2,2,1.0,0.0,0.0,5,0.0,0,True,1746968616.369637,right,False
2900,1746968652.960507,186.216,2.63162,-0.175144,0.826475,0.0160744,5694.28,5,59.046,2593.97,2618.94,49.1609,2,2,1.0,0.0,0.0,5,0.0,0,True,1746968616.369637,right,False
2901,1746968652.9837196,186.28,2.68027,0.0500696,0.826215,0.0199868,5695.45,5,59.066,2595.05,2620.02,49.1606,2,2,1.0,0.0,0.0,5,0.0,0,True,1746968616.369637,right,False
2902,1746968653.0006342,186.344,2.69805,0.273441,0.825704,0.0237486,5696.59,5,59.086,2596.13,2621.1,49.1603,2,2,1.0,0.0,0.0,5,0.0,0,True,1746968616.369637,right,False
2903,1746968653.0228078,186.407,2.69006,0.500292,0.824937,0.0273816,5698.2,5,59.106,2597.21,2622.18,49.16,2,2,1.0,0.0,0.0,5,0.0,0,True,1746968616.369637,right,False
2904,1746968653.0438309,186.469,2.6631,0.727039,0.823914,0.0309069,5700.13,5,59.126,2598.29,2623.26,49.1597,2,2,1.0,0.0,0.0,5,0.0,0,True,1746968616.369637,right,False
2905,1746968653.0620837,186.53,2.62312,0.942653,0.822638,0.0343439,5702.76,5,59.146,2599.37,2624.34,49.1594,2,2,1.0,0.0,0.0,5,0.0,0,True,1746968616.369637,right,False
2906,1746968653.080767,186.593,2.57257,1.15928,0.821108,0.0377085,5703.44,5,59.166,2600.45,2625.42,49.1591,2,2,1.0,0.0,0.0,5,0.0,0,True,1746968616.369637,right,False
2907,1746968653.1022737,186.654,2.51653,1.37717,0.819328,0.0410191,5705.18,5,59.186,2601.54,2626.5,49.1588,2,2,1.0,0.0,0.0,5,0.0,0,True,1746968616.369637,right,False
2908,1746968653.1223116,186.714,2.45699,1.58404,0.817297,0.0442855,5706.84,5,59.206,2602.62,2627.58,49.1585,2,2,1.0,0.0,0.0,5,0.0,0,True,1746968616.369637,right,False
2909,1746968653.1454284,186.773,2.39648,1.78188,0.815019,0.0475184,5709.75,5,59.226,2603.7,2628.66,49.1582,2,2,1.0,0.0,0.0,5,0.0,0,True,1746968616.369637,right,False
2910,1746968653.1627014,186.832,2.3373,1.97123,0.812494,0.0507261,5711.85,5,59.246,2604.78,2629.74,49.1579,2,2,1.0,0.0,0.0,5,0.0,0,True,1746968616.369637,right,False
2911,1746968653.1810262,186.891,2.27911,2.16079,0.809727,0.0539166,5713.21,5,59.266,2605.86,2630.82,49.1576,2,2,1.0,0.0,0.0,5,0.0,0,True,1746968616.369637,right,False
2912,1746968653.2032254,186.948,2.22383,2.33831,0.806716,0.0570933,5716.31,5,59.286,2606.94,2631.91,49.1573,2,2,1.0,0.0,0.0,5,0.0,0,True,1746968616.369637,right,False
2913,1746968653.2226481,187.006,2.1703,2.52504,0.803465,0.06026,5717.39,5,59.306,2608.02,2632.99,49.157,2,2,1.0,0.0,0.0,5,0.0,0,True,1746968616.369637,right,False
2914,1746968653.2436948,187.062,2.12035,2.68991,0.799976,0.0634171,5720.48,5,59.326,2609.1,2634.07,49.1567,2,2,1.0,0.0,0.0,5,0.0,0,True,1746968616.369637,right,False
2915,1746968653.260111,187.119,2.07288,2.86644,0.796244,0.06657,5721.48,5,59.346,2610.18,2635.15,49.1563,2,2,1.0,0.0,0.0,5,0.0,0,True,1746968616.369637,right,False
2916,1746968653.2804556,187.174,2.02882,3.02888,0.792281,0.069719,5723.67,5,59.366,2611.27,2636.23,49.156,2,2,1.0,0.0,0.1,5,0.0,0,True,1746968616.369637,right,False
2917,1746968653.3000562,187.228,1.98778,3.19126,0.78808,0.0728652,5726,5,59.386,2612.35,2637.31,49.1557,2,2,1.0,0.0,0.1,5,0.0,0,True,1746968616.369637,right,False
2918,1746968653.3220057,187.282,1.94972,3.35182,0.783649,0.0760099,5728.14,5,59.406,2613.43,2638.39,49.1554,2,2,1.0,0.0,0.1,5,0.0,0,True,1746968616.369637,right,False
2919,1746968653.3419795,187.323,2.08112,3.50863,0.77903,0.0783436,5731.89,5,59.426,2614.51,2639.47,49.1551,2,2,1.0,0.0,0.1,5,0.0,0,True,1746968616.369637,right,False
2920,1746968653.3637574,187.36,1.89872,3.64041,0.774312,0.0784942,5738.05,5,59.446,2615.59,2640.55,49.1548,2,2,1.0,0.0,0.1,5,0.0,0,True,1746968616.369637,right,False
2921,1746968653.3817406,187.401,1.36237,3.76016,0.769507,0.0766913,5743.72,5,59.466,2616.67,2641.63,49.1545,2,2,1.0,0.0,0.1,5,0.0,0,True,1746968616.369637,right,False
2922,1746968653.403907,187.439,0.545205,3.8576,0.76462,0.0732304,5751.04,5,59.486,2617.75,2642.71,49.1542,2,2,1.0,0.0,0.1,5,0.0,0,True,1746968616.369637,right,False
2923,1746968653.424116,187.472,-0.481285,3.92775,0.759668,0.0684101,5757.76,5,59.506,2618.83,2643.79,49.1539,2,2,1.0,0.0,0.1,5,0.0,0,True,1746968616.369637,right,False
2924,1746968653.4438195,187.493,-1.66014,3.98459,0.754673,0.0625207,5767.27,5,59.526,2619.91,2644.87,49.1536,2,2,1.0,0.0,0.1,5,0.0,0,True,1746968616.369637,right,False
2925,1746968653.4655454,187.5,-2.9363,4.01393,0.749656,0.0558459,5778.27,5,59.546,2620.99,2645.95,49.1533,2,2,1.0,0.0,0.1,5,0.0,0,True,1746968616.369637,right,False
2926,1746968653.4817696,187.491,-4.26398,4.02281,0.744635,0.0486338,5791.25,5,59.566,2622.07,2647.03,49.153,2,2,1.0,0.0,0.1,5,0.0,0,True,1746968616.369637,right,False
2927,1746968653.5039344,187.465,-5.61069,4.00786,0.739628,0.0410859,5806.96,5,59.586,2623.15,2648.11,49.1527,2,2,1.0,0.0,0.1,5,0.0,0,True,1746968616.369637,right,False
2928,1746968653.5214176,187.42,-6.95093,3.97352,0.734656,0.0333707,5824.8,5,59.606,2624.23,2649.19,49.1524,2,2,1.0,0.0,0.1,5,0.0,0,True,1746968616.369637,right,False
2929,1746968653.539815,187.36,-8.26689,3.9207,0.729728,0.0256183,5845.4,5,59.626,2625.3,2650.27,49.1521,2,2,1.0,0.0,0.1,5,0.0,0,True,1746968616.369637,right,False
2930,1746968653.5604224,187.285,-9.54145,3.85473,0.724858,0.0179216,5866.93,5,59.646,2626.38,2651.35,49.1518,2,2,1.0,0.0,0.1,5,0.0,0,True,1746968616.369637,right,False
2931,1746968653.58348,187.198,-10.7718,3.77604,0.720054,0.0103189,5887.29,5,59.666,2627.46,2652.43,49.1515,2,2,1.0,0.0,0.1,5,0.0,0,True,1746968616.369637,right,False
2932,1746968653.6024466,187.099,-11.9585,3.68909,0.715328,0.00282639,5906.7,5,59.686,2628.54,2653.5,49.1512,2,2,1.0,0.0,0.1,5,0.0,0,True,1746968616.369637,right,False
2933,1746968653.6221173,186.991,-13.1018,3.59614,0.710689,-0.00456649,5925.18,5,59.706,2629.62,2654.58,49.1509,2,2,1.0,0.0,0.1,5,0.0,0,True,1746968616.369637,right,False
2934,1746968653.6423218,186.876,-14.2057,3.49364,0.706142,-0.0118678,5938.22,5,59.726,2630.69,2655.66,49.1506,2,2,1.0,0.0,0.0,5,0.0,0,True,1746968616.369637,left,False
2935,1746968653.663378,186.756,-15.2664,3.39852,0.701695,-0.0190752,5944.48,5,59.746,2631.77,2656.74,49.1502,2,2,1.0,0.0,0.0,5,0.0,0,True,1746968616.369637,left,False
2936,1746968653.6834564,186.622,-16.3071,3.29162,0.697359,-0.0262292,5957.25,5,59.766,2632.85,2657.81,49.1499,2,2,1.0,0.0,0.0,5,0.0,0,True,1746968616.369637,left,False
2937,1746968653.700732,186.518,-17.3563,3.19504,0.693127,-0.0330928,5949.66,5,59.786,2633.92,2658.89,49.1496,2,2,1.0,0.0,0.0,5,0.0,0,True,1746968616.369637,left,False
2938,1746968653.7232206,186.426,-18.2905,3.09265,0.688973,-0.0392311,5937.92,5,59.806,2635,2659.96,49.1493,2,2,1.0,0.0,0.0,5,0.0,0,True,1746968616.369637,left,False
2939,1746968653.7429416,186.348,-19.0732,2.99809,0.68491,-0.044721,5916.15,5,59.826,2636.08,2661.04,49.149,2,2,1.0,0.0,0.0,5,0.0,0,True,1746968616.369637,left,False
2940,1746968653.7664092,186.273,-19.7286,2.90233,0.680947,-0.0496557,5899.8,5,59.846,2637.15,2662.12,49.1487,2,2,1.0,0.0,0.0,5,0.0,0,True,1746968616.369637,left,False
2941,1746968653.7814267,186.201,-20.2661,2.81824,0.677087,-0.0540794,5884.65,5,59.866,2638.23,2663.19,49.1484,2,2,1.0,0.0,0.0,5,0.0,0,True,1746968616.369637,left,False
2942,1746968653.8008504,186.129,-20.7116,2.72736,0.67334,-0.0580462,5879.15,5,59.886,2639.3,2664.27,49.1481,2,2,1.0,0.0,0.0,5,0.0,0,True,1746968616.369637,left,False
2943,1746968653.822753,186.062,-21.061,2.6375,0.669706,-0.0615624,5875.63,5,59.906,2640.38,2665.34,49.1478,2,2,1.0,0.0,0.0,5,0.0,0,True,1746968616.369637,left,False
2944,1746968653.8418398,186.001,-21.3242,2.54791,0.666191,-0.0646499,5876.21,5,59.926,2641.45,2666.42,49.1475,2,2,1.0,0.0,0.0,5,0.0,0,True,1746968616.369637,left,False
2945,1746968653.8603742,185.946,-21.5033,2.45549,0.662793,-0.0672916,5877.79,5,59.946,2642.53,2667.49,49.1472,2,2,1.0,0.0,0.0,5,0.0,0,True,1746968616.369637,left,False
2946,1746968653.8817854,185.901,-21.5897,2.3688,0.659513,-0.0694855,5877.81,5,59.966,2643.6,2668.56,49.1469,2,2,1.0,0.0,0.0,5,0.0,0,True,1746968616.369637,left,False
2947,1746968653.9016802,185.861,-21.6049,2.27334,0.656358,-0.0712436,5883.4,5,59.986,2644.67,2669.64,49.1466,2,2,1.0,0.0,0.0,5,0.0,0,True,1746968616.369637,left,False
2948,1746968653.9215288,185.828,-21.5358,2.17839,0.653318,-0.0725539,5894.18,5,60.006,2645.75,2670.71,49.1463,2,2,1.0,0.0,0.0,5,0.0,0,True,1746968616.369637,left,False
2949,1746968653.9432244,185.81,-21.3706,2.09149,0.650401,-0.0733755,5898.44,5,60.026,2646.82,2671.79,49.146,2,2,1.0,0.0,0.0,5,0.0,0,True,1746968616.369637,left,False
2950,1746968653.963378,185.801,-21.1184,2.00581,0.647599,-0.0737031,5904.09,5,60.046,2647.89,2672.86,49.1457,2,2,1.0,0.0,0.0,5,0.0,0,True,1746968616.369637,left,False
2951,1746968653.9831254,185.806,-20.7859,1.91022,0.644918,-0.0735443,5908.55,5,60.066,2648.97,2673.93,49.1454,2,2,1.0,0.0,0.0,5,0.0,0,True,1746968616.369637,left,False
2952,1746968654.0043054,185.819,-20.3643,1.82283,0.642348,-0.072882,5916.62,5,60.086,2650.04,2675,49.1451,2,2,1.0,0.0,0.0,5,0.0,0,True,1746968616.369637,left,False
2953,1746968654.0226533,185.846,-19.864,1.73269,0.639893,-0.0717304,5918.15,5,60.106,2651.11,2676.08,49.1448,2,2,1.0,0.0,0.0,5,0.0,0,True,1746968616.369637,left,False
2954,1746968654.0402322,185.886,-19.2734,1.64666,0.637543,-0.0700806,5920.18,5,60.126,2652.18,2677.15,49.1444,2,2,1.0,0.0,0.0,5,0.0,0,True,1746968616.369637,left,False
2955,1746968654.0632899,185.94,-18.6023,1.56412,0.635305,-0.0679458,5915.05,5,60.146,2653.25,2678.22,49.1441,2,2,1.0,0.0,0.0,5,0.0,0,True,1746968616.369637,left,False
2956,1746968654.0814257,186.004,-17.8581,1.4817,0.633164,-0.0653279,5908.71,5,60.166,2654.33,2679.29,49.1438,2,2,1.0,0.0,0.0,5,0.0,0,True,1746968616.369637,left,False
2957,1746968654.1008189,186.081,-17.0409,1.40399,0.631122,-0.0622605,5897.85,5,60.186,2655.4,2680.36,49.1435,2,2,1.0,0.0,0.0,5,0.0,0,True,1746968616.369637,left,False
2958,1746968654.1229205,186.164,-16.1626,1.3317,0.629169,-0.0587724,5886.68,5,60.206,2656.47,2681.43,49.1432,2,2,1.0,0.0,0.0,5,0.0,0,True,1746968616.369637,left,False
2959,1746968654.142435,186.256,-15.2301,1.25554,0.627299,-0.0548876,5873.15,5,60.226,2657.54,2682.51,49.1429,2,2,1.0,0.0,0.0,5,0.0,0,True,1746968616.369637,left,False
2960,1746968654.1623933,186.351,-14.2496,1.19724,0.625509,-0.0506395,5861.28,5,60.246,2658.61,2683.58,49.1426,2,2,1.0,0.0,0.0,5,0.0,0,True,1746968616.369637,left,False
2961,1746968654.1814952,186.45,-13.23,1.13579,0.623783,-0.0460432,5847.96,5,60.266,2659.68,2684.65,49.1423,2,2,1.0,0.0,0.0,5,0.0,0,True,1746968616.369637,left,False
2962,1746968654.2007082,186.555,-12.1809,1.08036,0.622119,-0.0411456,5830.39,5,60.286,2660.75,2685.72,49.142,2,2,1.0,0.0,0.0,5,0.0,0,True,1746968616.369637,left,False
2963,1746968654.22208,186.658,-11.1157,1.0348,0.620498,-0.0359882,5817.2,5,60.306,2661.83,2686.79,49.1417,2,2,1.0,0.0,0.0,5,0.0,0,True,1746968616.369637,left,False
2964,1746968654.2412386,186.76,-10.0454,0.992261,0.618911,-0.030618,5804.79,5,60.326,2662.9,2687.86,49.1414,2,2,1.0,0.0,0.0,5,0.0,0,True,1746968616.369637,left,False
2965,1746968654.2655067,186.861,-8.97708,0.968755,0.617344,-0.0250767,5793.27,5,60.346,2663.97,2688.94,49.1411,2,2,1.0,0.0,0.0,5,0.0,0,True,1746968616.369637,left,False
2966,1746968654.280232,186.96,-7.92512,0.949795,0.615782,-0.0193999,5781.46,5,60.366,2665.04,2690.01,49.1408,2,2,1.0,0.0,0.0,5,0.0,0,True,1746968616.369637,left,False
2967,1746968654.3027425,187.054,-6.90346,0.940701,0.614209,-0.0136421,5772.89,5,60.386,2666.12,2691.08,49.1405,2,2,1.0,0.0,0.0,5,0.0,0,True,1746968616.369637,left,False
2968,1746968654.3203948,187.144,-5.9187,0.952586,0.612606,-0.00785524,5765.96,5,60.406,2667.19,2692.15,49.1402,2,2,1.0,0.0,0.0,5,0.0,0,True,1746968616.369637,left,False
2969,1746968654.3407588,187.231,-4.98407,0.97308,0.610956,-0.00207121,5759.21,5,60.426,2668.26,2693.23,49.1399,2,2,1.0,0.0,0.0,5,0.0,0,True,1746968616.369637,left,False
2970,1746968654.3621848,187.312,-4.1048,1.00257,0.609245,0.00366705,5755.58,5,60.446,2669.33,2694.3,49.1396,2,2,1.0,0.0,0.0,5,0.0,0,True,1746968616.369637,left,False
2971,1746968654.3815036,187.389,-3.28566,1.05249,0.607448,0.00933808,5753.29,5,60.466,2670.41,2695.37,49.1393,2,2,1.0,0.0,0.0,5,0.0,0,True,1746968616.369637,left,False
2972,1746968654.40284,187.464,-2.52799,1.12024,0.605552,0.0149185,5749.06,5,60.486,2671.48,2696.45,49.139,2,2,1.0,0.0,0.0,5,0.0,0,True,1746968616.369637,left,False
2973,1746968654.4200544,187.534,-1.83791,1.19142,0.603538,0.0203826,5748.26,5,60.506,2672.55,2697.52,49.1386,2,2,1.0,0.0,0.0,5,0.0,0,True,1746968616.369637,left,False
2974,1746968654.4432046,187.602,-1.21325,1.28482,0.601392,0.025715,5747.04,5,60.526,2673.63,2698.59,49.1383,2,2,1.0,0.0,0.0,5,0.0,0,True,1746968616.369637,left,False
2975,1746968654.4625397,187.667,-0.65453,1.3903,0.599097,0.0309059,5746.57,5,60.546,2674.7,2699.67,49.138,2,2,1.0,0.0,0.0,5,0.0,0,True,1746968616.369637,left,False
2976,1746968654.4823134,187.73,-0.159555,1.51406,0.596637,0.035947,5746.28,5,60.566,2675.78,2700.74,49.1377,2,2,1.0,0.0,0.0,5,0.0,0,True,1746968616.369637,left,False
2977,1746968654.5007167,187.79,0.274278,1.64506,0.594002,0.0408341,5747.77,5,60.586,2676.85,2701.82,49.1374,2,2,1.0,0.0,0.0,5,0.0,0,True,1746968616.369637,left,False
2978,1746968654.523168,187.847,0.650269,1.76875,0.591192,0.0444695,5752.09,5,60.606,2677.92,2702.88,49.1371,2,2,1.0,0.0,0.0,5,0.0,0,True,1746968616.369637,left,False
2979,1746968654.5424824,187.902,0.972366,1.88551,0.588375,0.0454623,5757.27,5,60.626,2678.96,2703.92,49.1368,2,2,1.0,0.0,0.0,5,0.0,0,True,1746968616.369637,left,False
2980,1746968654.5606036,187.957,1.24373,1.99536,0.585601,0.0462915,5761,5,60.646,2680,2704.97,49.1365,2,2,1.0,0.0,0.0,5,0.0,0,True,1746968616.369637,left,False
2981,1746968654.5838282,188.011,1.46983,2.07949,0.582865,0.0469596,5766.81,5,60.666,2681.05,2706.01,49.1362,2,2,1.0,0.0,0.0,5,0.0,0,True,1746968616.369637,left,False
2982,1746968654.6015978,188.067,1.65419,2.14817,0.580161,0.0474703,5770.07,5,60.686,2682.09,2707.05,49.1359,2,2,1.0,0.0,0.0,5,0.0,0,True,1746968616.369637,left,False
2983,1746968654.6233568,188.121,1.80425,2.1795,0.577487,0.0478379,5776.01,5,60.706,2683.13,2708.1,49.1356,2,2,1.0,0.0,0.0,5,0.0,0,True,1746968616.369637,left,False
2984,1746968654.6414897,188.176,1.92209,2.19646,0.574838,0.0480677,5779.95,5,60.726,2684.18,2709.14,49.1353,2,2,1.0,0.0,0.0,5,0.0,0,True,1746968616.369637,left,False
2985,1746968654.6629014,188.231,2.01395,2.19301,0.572215,0.0481822,5783.97,5,60.746,2685.22,2710.19,49.135,2,2,1.0,0.0,0.0,5,0.0,0,True,1746968616.369637,left,False
2986,1746968654.6821766,188.286,2.08393,2.16923,0.569616,0.0481908,5787.44,5,60.766,2686.27,2711.23,49.1347,2,2,1.0,0.0,0.0,5,0.0,0,True,1746968616.369637,left,False
2987,1746968654.700134,188.343,2.13366,2.14408,0.56704,0.0481102,5789.48,5,60.786,2687.31,2712.28,49.1344,2,2,1.0,0.0,0.0,5,0.0,0,True,1746968616.369637,left,False
2988,1746968654.7210588,188.4,2.16977,2.09688,0.564486,0.0479538,5792.25,5,60.806,2688.36,2713.32,49.1341,2,2,1.0,0.0,0.0,5,0.0,0,True,1746968616.369637,left,False
2989,1746968654.7440267,188.456,2.19195,2.04998,0.561955,0.0477335,5795.37,5,60.826,2689.41,2714.37,49.1338,2,2,1.0,0.0,0.0,5,0.0,0,True,1746968616.369637,left,False
2990,1746968654.762556,188.514,2.20317,2.00255,0.559446,0.0474593,5795.9,5,60.846,2690.45,2715.42,49.1335,2,2,1.0,0.0,0.0,5,0.0,0,True,1746968616.369637,left,False
2991,1746968654.784218,188.572,2.20634,1.95066,0.556958,0.0471422,5797.26,5,60.866,2691.5,2716.46,49.1332,2,2,1.0,0.0,0.0,5,0.0,0,True,1746968616.369637,left,False
2992,1746968654.8026054,188.631,2.20279,1.90164,0.554493,0.0467922,5798.02,5,60.886,2692.55,2717.51,49.1329,2,2,1.0,0.0,0.0,5,0.0,0,True,1746968616.369637,left,False
2993,1746968654.822432,188.691,2.19313,1.86272,0.55205,0.0464146,5796.3,5,60.906,2693.59,2718.56,49.1325,2,2,1.0,0.0,0.0,5,0.0,0,True,1746968616.369637,left,False
2994,1746968654.841614,188.748,2.18119,1.81848,0.549628,0.0460188,5798.45,5,60.926,2694.64,2719.61,49.1322,2,2,1.0,0.0,0.0,5,0.0,0,True,1746968616.369637,left,False
2995,1746968654.8631241,188.807,2.16637,1.77888,0.547228,0.0456087,5799.13,5,60.946,2695.69,2720.66,49.1319,2,2,1.0,0.0,0.0,5,0.0,0,True,1746968616.369637,left,False
2996,1746968654.8819807,188.867,2.14919,1.74801,0.544851,0.0451886,5798.92,5,60.966,2696.74,2721.7,49.1316,2,2,1.0,0.0,0.0,5,0.0,0,True,1746968616.369637,left,False
2997,1746968654.9018505,188.925,2.13234,1.7135,0.542495,0.0447609,5799.61,5,60.986,2697.79,2722.75,49.1313,2,2,1.0,0.0,0.0,5,0.0,0,True,1746968616.369637,left,False
2998,1746968654.9214902,188.983,2.11576,1.67623,0.540163,0.0443303,5801.6,5,61.006,2698.84,2723.8,49.131,2,2,1.0,0.0,0.0,5,0.0,0,True,1746968616.369637,left,False
2999,1746968654.9421296,189.042,2.09844,1.65944,0.537853,0.0439011,5801.79,5,61.026,2699.89,2724.85,49.1307,2,2,1.0,0.0,0.0,5,0.0,0,True,1746968616.369637,left,False
3000,1746968654.9601395,189.099,2.08197,1.62988,0.535567,0.0434663,5803.84,5,61.046,2700.94,2725.9,49.1304,2,2,1.0,0.0,0.0,5,0.0,0,True,1746968616.369637,left,False
3001,1746968654.9834185,189.158,2.06476,1.61392,0.533304,0.0430285,5805.37,5,61.066,2701.99,2726.95,49.1301,2,2,1.0,0.0,0.0,5,0.0,0,True,1746968616.369637,left,False
3002,1746968655.0011067,189.216,2.04776,1.59583,0.531064,0.042587,5805.78,5,61.086,2703.04,2728,49.1298,2,2,1.0,0.0,0.0,5,0.0,0,True,1746968616.369637,left,False
3003,1746968655.020782,189.274,2.03053,1.58349,0.528848,0.0421411,5807.92,5,61.106,2704.09,2729.05,49.1295,2,2,1.0,0.0,0.0,5,0.0,0,True,1746968616.369637,left,False
3004,1746968655.0421572,189.331,2.01496,1.55938,0.526657,0.0416924,5810.95,5,61.126,2705.14,2730.1,49.1292,2,2,1.0,0.0,0.0,5,0.0,0,True,1746968616.369637,left,False
3005,1746968655.0600064,189.39,1.99886,1.54241,0.52449,0.041239,5811.78,5,61.146,2706.19,2731.16,49.1289,2,2,1.0,0.0,0.0,5,0.0,0,True,1746968616.369637,left,False
3006,1746968655.0848587,189.446,1.98326,1.52209,0.522349,0.0407812,5814.69,5,61.166,2707.24,2732.21,49.1286,2,2,1.0,0.0,0.0,5,0.0,0,True,1746968616.369637,left,False
3007,1746968655.1029642,189.504,1.96697,1.50356,0.520234,0.0403172,5816.94,5,61.186,2708.3,2733.26,49.1283,2,2,1.0,0.0,0.0,5,0.0,0,True,1746968616.369637,left,False
3008,1746968655.1234465,189.562,1.95082,1.48954,0.518144,0.0398475,5818.32,5,61.206,2709.35,2734.31,49.128,2,2,1.0,0.0,0.0,5,0.0,0,True,1746968616.369637,left,False
3009,1746968655.1409528,189.619,1.93417,1.47475,0.51608,0.0393712,5819.96,5,61.226,2710.4,2735.37,49.1277,2,2,1.0,0.0,0.0,5,0.0,0,True,1746968616.369637,left,False
3010,1746968655.1605558,189.677,1.91761,1.45703,0.514043,0.0388905,5822.48,5,61.246,2711.45,2736.42,49.1274,2,2,1.0,0.0,0.0,5,0.0,0,True,1746968616.369637,left,False
3011,1746968655.1836135,189.736,1.90068,1.43754,0.512033,0.0384032,5823.59,5,61.266,2712.51,2737.47,49.1271,2,2,1.0,0.0,0.0,5,0.0,0,True,1746968616.369637,left,False
3012,1746968655.202691,189.793,1.88422,1.42384,0.51005,0.0379102,5825.51,5,61.286,2713.56,2738.53,49.1267,2,2,1.0,0.0,0.0,5,0.0,0,True,1746968616.369637,left,False
3013,1746968655.2208922,189.851,1.86779,1.4051,0.508095,0.0374138,5826.99,5,61.306,2714.62,2739.58,49.1264,2,2,1.0,0.0,0.0,5,0.0,0,True,1746968616.369637,left,False
3014,1746968655.2416427,189.909,1.85156,1.38501,0.506168,0.0369121,5829.55,5,61.326,2715.67,2740.64,49.1261,2,2,1.0,0.0,0.0,5,0.0,0,True,1746968616.369637,left,False
3015,1746968655.2602577,189.966,1.83594,1.36457,0.50427,0.0364072,5831.24,5,61.346,2716.73,2741.69,49.1258,2,2,1.0,0.0,0.0,5,0.0,0,True,1746968616.369637,left,False
3016,1746968655.2825003,190.024,1.82054,1.34651,0.502401,0.0358998,5833.43,5,61.366,2717.78,2742.75,49.1255,2,2,1.0,0.0,0.0,5,0.0,0,True,1746968616.369637,left,False
3017,1746968655.3031096,190.082,1.80605,1.32167,0.500562,0.0353896,5835.57,5,61.386,2718.84,2743.8,49.1252,2,2,1.0,0.0,0.0,5,0.0,0,True,1746968616.369637,left,False
3018,1746968655.3211832,190.14,1.79146,1.30195,0.498752,0.0348775,5837.19,5,61.406,2719.89,2744.86,49.1249,2,2,1.0,0.0,0.0,5,0.0,0,True,1746968616.369637,left,False
3019,1746968655.342227,190.198,1.77768,1.28305,0.496972,0.0343644,5838.47,5,61.426,2720.95,2745.91,49.1246,2,2,1.0,0.0,0.0,5,0.0,0,True,1746968616.369637,left,False
3020,1746968655.3606033,190.255,1.76526,1.2615,0.495223,0.0338518,5840.93,5,61.446,2722,2746.97,49.1243,2,2,1.0,0.0,0.0,5,0.0,0,True,1746968616.369637,left,False
3021,1746968655.381435,190.313,1.75326,1.23887,0.493505,0.0333387,5842.53,5,61.466,2723.06,2748.03,49.124,2,2,1.0,0.0,0.0,5,0.0,0,True,1746968616.369637,left,False
3022,1746968655.4026358,190.372,1.74168,1.21698,0.491818,0.0328271,5843.66,5,61.486,2724.12,2749.08,49.1237,2,2,1.0,0.0,0.0,5,0.0,0,True,1746968616.369637,left,False
3023,1746968655.4201245,190.43,1.73194,1.19551,0.490163,0.0323173,5845.24,5,61.506,2725.18,2750.14,49.1234,2,2,1.0,0.0,0.0,5,0.0,0,True,1746968616.369637,left,False
3024,1746968655.4418867,190.487,1.72256,1.17113,0.488539,0.031809,5847.83,5,61.526,2726.23,2751.2,49.1231,2,2,1.0,0.0,0.0,5,0.0,0,True,1746968616.369637,left,False
3025,1746968655.4627187,190.546,1.71452,1.14679,0.486947,0.0313026,5849.2,5,61.546,2727.29,2752.26,49.1228,2,2,1.0,0.0,0.0,5,0.0,0,True,1746968616.369637,left,False
3026,1746968655.4806318,190.604,1.70738,1.1227,0.485387,0.0307991,5850.52,5,61.566,2728.35,2753.32,49.1225,2,2,1.0,0.0,0.0,5,0.0,0,True,1746968616.369637,left,False
3027,1746968655.5003848,190.662,1.70082,1.09796,0.483859,0.0302979,5851.65,5,61.586,2729.41,2754.37,49.1222,2,2,1.0,0.0,0.0,5,0.0,0,True,1746968616.369637,left,False
3028,1746968655.5199575,190.72,1.69526,1.07866,0.482364,0.0297996,5853.33,5,61.606,2730.47,2755.43,49.1219,2,2,1.0,0.0,0.0,5,0.0,0,True,1746968616.369637,left,False
3029,1746968655.5453513,190.778,1.69073,1.0534,0.480902,0.0293042,5855.13,5,61.626,2731.53,2756.49,49.1216,2,2,1.0,0.0,0.0,5,0.0,0,True,1746968616.369637,left,False
3030,1746968655.5608659,190.836,1.68715,1.02729,0.479472,0.0288116,5857.58,5,61.646,2732.59,2757.55,49.1213,2,2,1.0,0.0,0.0,5,0.0,0,True,1746968616.369637,left,False
3031,1746968655.580301,190.894,1.68404,1.00232,0.478075,0.028321,5859.02,5,61.666,2733.65,2758.61,49.1209,2,2,1.0,0.0,0.0,5,0.0,0,True,1746968616.369637,left,False
3032,1746968655.6012723,190.952,1.68172,0.977353,0.476711,0.0278332,5860.9,5,61.686,2734.71,2759.67,49.1206,2,2,1.0,0.0,0.0,5,0.0,0,True,1746968616.369637,left,False
3033,1746968655.621265,191.01,1.67961,0.953254,0.47538,0.0273477,5862.68,5,61.706,2735.77,2760.73,49.1203,2,2,1.0,0.0,0.0,5,0.0,0,True,1746968616.369637,left,False
3034,1746968655.640805,191.068,1.67829,0.932635,0.474082,0.0268652,5863.57,5,61.726,2736.83,2761.8,49.12,2,2,1.0,0.0,0.0,5,0.0,0,True,1746968616.369637,left,False
3035,1746968655.6621637,191.126,1.6775,0.907543,0.472818,0.0263855,5865.18,5,61.746,2737.89,2762.86,49.1197,2,2,1.0,0.0,0.0,5,0.0,0,True,1746968616.369637,left,False
3036,1746968655.6809683,191.184,1.67753,0.883176,0.471586,0.0259077,5867.67,5,61.766,2738.95,2763.92,49.1194,2,2,1.0,0.0,0.0,5,0.0,0,True,1746968616.369637,left,False
3037,1746968655.701358,191.242,1.67747,0.86121,0.470388,0.0254318,5868.55,5,61.786,2740.02,2764.98,49.1191,2,2,1.0,0.0,0.0,5,0.0,0,True,1746968616.369637,left,False
3038,1746968655.7224355,191.3,1.67795,0.83396,0.469223,0.0249574,5870.43,5,61.806,2741.08,2766.04,49.1188,2,2,1.0,0.0,0.0,5,0.0,0,True,1746968616.369637,left,False
3039,1746968655.7400784,191.358,1.67911,0.805924,0.468091,0.0244848,5873.28,5,61.826,2742.14,2767.11,49.1185,2,2,1.0,0.0,0.0,5,0.0,0,True,1746968616.369637,left,False
3040,1746968655.7618017,191.416,1.67972,0.782046,0.466992,0.0240132,5874.7,5,61.846,2743.21,2768.17,49.1182,2,2,1.0,0.0,0.0,5,0.0,0,True,1746968616.369637,left,False
3041,1746968655.7798257,191.474,1.68097,0.755386,0.465927,0.0235421,5876.95,5,61.866,2744.27,2769.23,49.1179,2,2,1.0,0.0,0.0,5,0.0,0,True,1746968616.369637,left,False
3042,1746968655.8022625,191.533,1.68153,0.733887,0.464895,0.023071,5877.64,5,61.886,2745.33,2770.3,49.1176,2,2,1.0,0.0,0.0,5,0.0,0,True,1746968616.369637,left,False
3043,1746968655.8213124,191.591,1.68286,0.713287,0.463896,0.0226046,5879.19,5,61.906,2746.4,2771.36,49.1173,2,2,1.0,0.0,0.0,5,0.0,0,True,1746968616.369637,left,False
3044,1746968655.8431723,191.649,1.68401,0.695669,0.46293,0.0221378,5881.14,5,61.926,2747.46,2772.43,49.117,2,2,1.0,0.0,0.0,5,0.0,0,True,1746968616.369637,left,False
3045,1746968655.8595612,191.706,1.68525,0.676263,0.461997,0.02167,5883.02,5,61.946,2748.53,2773.49,49.1167,2,2,1.0,0.0,0.0,5,0.0,0,True,1746968616.369637,left,False
3046,1746968655.884847,191.765,1.68596,0.652145,0.461097,0.0211999,5884.66,5,61.966,2749.59,2774.56,49.1164,2,2,1.0,0.0,0.0,5,0.0,0,True,1746968616.369637,left,False
3047,1746968655.9020872,191.823,1.68666,0.620997,0.460231,0.0207288,5886.61,5,61.986,2750.66,2775.62,49.1161,2,2,1.0,0.0,0.0,5,0.0,0,True,1746968616.369637,left,False
3048,1746968655.923075,191.881,1.6878,0.593521,0.459398,0.0202586,5888.26,5,62.006,2751.72,2776.69,49.1158,2,2,1.0,0.0,0.0,5,0.0,0,True,1746968616.369637,left,False
3049,1746968655.941958,191.939,1.68864,0.572619,0.458598,0.0197899,5890.07,5,62.026,2752.79,2777.75,49.1155,2,2,1.0,0.0,0.0,5,0.0,0,True,1746968616.369637,left,False
3050,1746968655.9610379,191.996,1.69032,0.537275,0.457832,0.0193216,5893.14,5,62.046,2753.86,2778.82,49.1152,2,2,1.0,0.0,0.0,5,0.0,0,True,1746968616.369637,left,False
3051,1746968655.9817245,192.055,1.69128,0.522304,0.457099,0.0188538,5893.47,5,62.066,2754.92,2779.89,49.1148,2,2,1.0,0.0,0.0,5,0.0,0,True,1746968616.369637,left,False
3052,1746968656.000902,192.113,1.69193,0.499076,0.456399,0.018387,5894.22,5,62.086,2755.99,2780.95,49.1145,2,2,1.0,0.0,0.0,5,0.0,0,True,1746968616.369637,left,False
3053,1746968656.0241926,192.171,1.69343,0.463238,0.455733,0.0179197,5897.16,5,62.106,2757.06,2782.02,49.1142,2,2,1.0,0.0,0.0,5,0.0,0,True,1746968616.369637,left,False
3054,1746968656.0441105,192.229,1.69484,0.440349,0.455099,0.0174538,5898.89,5,62.126,2758.12,2783.09,49.1139,2,2,1.0,0.0,0.0,5,0.0,0,True,1746968616.369637,left,False
3055,1746968656.0606365,192.288,1.69569,0.420114,0.454499,0.0169885,5900.12,5,62.146,2759.19,2784.16,49.1136,2,2,1.0,0.0,0.0,5,0.0,0,True,1746968616.369637,left,False
3056,1746968656.0825083,192.345,1.69679,0.3963,0.453932,0.0165226,5901.94,5,62.166,2760.26,2785.23,49.1133,2,2,1.0,0.0,0.0,5,0.0,0,True,1746968616.369637,left,False
3057,1746968656.1010458,192.403,1.69797,0.369778,0.453398,0.0160572,5903.95,5,62.186,2761.33,2786.29,49.113,2,2,1.0,0.0,0.0,5,0.0,0,True,1746968616.369637,left,False
3058,1746968656.124437,192.462,1.69874,0.346651,0.452898,0.0155913,5905.16,5,62.206,2762.4,2787.36,49.1127,2,2,1.0,0.0,0.0,5,0.0,0,True,1746968616.369637,left,False
3059,1746968656.1415236,192.52,1.69975,0.324049,0.452431,0.0151254,5907.25,5,62.226,2763.47,2788.43,49.1124,2,2,1.0,0.0,0.0,5,0.0,0,True,1746968616.369637,left,False
3060,1746968656.1628642,192.578,1.70004,0.299568,0.451997,0.0146591,5908.54,5,62.246,2764.54,2789.5,49.1121,2,2,1.0,0.0,0.0,5,0.0,0,True,1746968616.369637,left,False
3061,1746968656.1800346,192.636,1.7008,0.277621,0.451596,0.0141928,5910.64,5,62.266,2765.61,2790.57,49.1118,2,2,1.0,0.0,0.0,5,0.0,0,True,1746968616.369637,left,False
3062,1746968656.2016873,192.695,1.70158,0.253213,0.451228,0.0137274,5912.02,5,62.286,2766.68,2791.64,49.1115,2,2,1.0,0.0,0.0,5,0.0,0,True,1746968616.369637,left,False
3063,1746968656.2216074,192.752,1.70211,0.232815,0.450893,0.013262,5914.26,5,62.306,2767.75,2792.71,49.1112,2,2,1.0,0.0,0.0,5,0.0,0,True,1746968616.369637,left,False
3064,1746968656.2408013,192.811,1.70289,0.206134,0.450592,0.0127966,5914.13,5,62.326,2768.82,2793.79,49.1109,2,2,1.0,0.0,0.0,5,0.0,0,True,1746968616.369637,left,False
3065,1746968656.2614117,192.868,1.70392,0.181697,0.450324,0.0123317,5918.43,5,62.346,2769.89,2794.86,49.1106,2,2,1.0,0.0,0.0,5,0.0,0,True,1746968616.369637,left,False
3066,1746968656.2829373,192.927,1.70425,0.159896,0.450089,0.0118663,5919.32,5,62.366,2770.96,2795.93,49.1103,2,2,1.0,0.0,0.0,5,0.0,0,True,1746968616.369637,left,False
3067,1746968656.3018382,192.985,1.70488,0.136589,0.449887,0.0114004,5920.01,5,62.386,2772.04,2797,49.11,2,2,1.0,0.0,0.0,5,0.0,0,True,1746968616.369637,left,False
3068,1746968656.3216648,193.043,1.7056,0.113149,0.449719,0.010936,5922.23,5,62.406,2773.11,2798.07,49.1097,2,2,1.0,0.0,-0.1,5,0.0,0,True,1746968616.369637,left,False
3069,1746968656.3403594,193.1,1.70606,0.0876347,0.449583,0.0104696,5925.26,5,62.426,2774.18,2799.15,49.1094,2,2,1.0,0.0,-0.1,5,0.0,0,True,1746968616.369637,left,False
3070,1746968656.3643699,193.159,1.70662,0.0585651,0.449482,0.0100018,5926.19,5,62.446,2775.25,2800.22,49.109,2,2,1.0,0.0,-0.1,5,0.0,0,True,1746968616.369637,left,False
3071,1746968656.3826013,193.2,1.58021,0.0476505,0.449377,0.0101559,5929.94,5,62.466,2776.33,2801.29,49.1087,2,2,1.0,0.0,-0.1,5,0.0,0,True,1746968616.369637,left,False
3072,1746968656.4006813,193.234,1.70018,0.0417187,0.449199,0.0120479,5930.71,5,62.486,2777.4,2802.37,49.1084,2,2,1.0,0.0,-0.1,5,0.0,0,True,1746968616.369637,left,False
3073,1746968656.4212108,193.266,2.12029,0.0644135,0.448936,0.0156805,5926.3,5,62.506,2778.47,2803.44,49.1081,2,2,1.0,0.0,-0.1,5,0.0,0,True,1746968616.369637,left,False
3074,1746968656.4435754,193.29,2.82056,0.104206,0.448572,0.0209853,5922.02,5,62.526,2779.55,2804.51,49.1078,2,2,1.0,0.0,-0.1,5,0.0,0,True,1746968616.369637,left,False
3075,1746968656.4624946,193.301,3.78141,0.151372,0.44809,0.0278804,5921.13,5,62.546,2780.62,2805.59,49.1075,2,2,1.0,0.0,-0.1,5,0.0,0,True,1746968616.369637,left,False
3076,1746968656.480345,193.296,4.96361,0.224045,0.447466,0.036267,5919.09,5,62.566,2781.7,2806.66,49.1072,2,2,1.0,0.0,-0.1,5,0.0,0,True,1746968616.369637,left,False
3077,1746968656.5038764,193.268,6.34359,0.316727,0.446675,0.0460474,5918.04,5,62.586,2782.77,2807.74,49.1069,2,2,1.0,0.0,-0.1,5,0.0,0,True,1746968616.369637,left,False
3078,1746968656.5243256,193.213,7.89463,0.439487,0.445689,0.0571005,5916.43,5,62.606,2783.84,2808.81,49.1066,2,2,1.0,0.0,-0.1,5,0.0,0,True,1746968616.369637,left,False
3079,1746968656.5410247,193.126,9.59056,0.576789,0.444479,0.0693056,5916.82,5,62.626,2784.92,2809.88,49.1063,2,2,1.0,0.0,-0.1,5,0.0,0,True,1746968616.369637,left,False
3080,1746968656.5619726,193.002,11.4076,0.733333,0.443017,0.0825311,5918.13,5,62.646,2785.99,2810.96,49.106,2,2,1.0,0.0,-0.1,5,0.0,0,True,1746968616.369637,left,False
3081,1746968656.5806277,192.839,13.3128,0.91531,0.441273,0.096626,5920.21,5,62.666,2787.07,2812.03,49.1057,2,2,1.0,0.0,-0.1,5,0.0,0,True,1746968616.369637,left,False
3082,1746968656.6043072,192.634,15.282,1.11769,0.439219,0.111435,5922.4,5,62.686,2788.14,2813.1,49.1054,2,2,1.0,0.0,-0.1,5,0.0,0,True,1746968616.369637,left,False
3083,1746968656.6210852,192.387,17.2857,1.34597,0.436828,0.126806,5925,5,62.706,2789.21,2814.18,49.1051,2,2,1.0,0.0,-0.1,5,0.0,0,True,1746968616.369637,left,False
3084,1746968656.6404412,192.096,19.2953,1.60105,0.434075,0.142579,5928.15,5,62.726,2790.28,2815.25,49.1048,2,2,1.0,0.0,-0.1,5,0.0,0,True,1746968616.369637,left,False
3085,1746968656.6608853,191.765,21.2895,1.8743,0.430939,0.158575,5934.59,5,62.746,2791.36,2816.32,49.1045,2,2,1.0,0.0,-0.1,5,0.0,0,True,1746968616.369637,left,False
3086,1746968656.6797352,191.396,23.2281,2.17188,0.427398,0.17459,5942.21,5,62.766,2792.43,2817.39,49.1042,2,2,1.0,0.0,0.0,5,0.0,0,True,1746968616.369637,right,False
3087,1746968656.7022345,190.996,25.0812,2.48839,0.423437,0.190447,5951.73,5,62.786,2793.49,2818.46,49.1039,2,2,1.0,0.0,0.0,5,0.0,0,True,1746968616.369637,right,False
3088,1746968656.7205539,190.568,26.8289,2.82035,0.419039,0.205939,5968.38,5,62.806,2794.56,2819.53,49.1036,2,2,1.0,0.0,0.0,5,0.0,0,True,1746968616.369637,right,False
3089,1746968656.7412996,190.159,28.4689,3.16365,0.414204,0.220663,5991.97,5,62.826,2795.63,2820.59,49.1032,2,2,1.0,0.0,0.0,5,0.0,0,True,1746968616.369637,right,False
3090,1746968656.7630012,189.773,29.849,3.51906,0.408942,0.234067,6012.71,5,62.846,2796.69,2821.66,49.1029,2,2,1.0,0.0,0.0,5,0.0,0,True,1746968616.369637,right,False
3091,1746968656.782091,189.407,30.9207,3.87847,0.403244,0.245978,6040.52,5,62.866,2797.76,2822.72,49.1026,2,2,1.0,0.0,0.0,5,0.0,0,True,1746968616.369637,right,False
3092,1746968656.8000066,189.076,31.6489,4.24907,0.397105,0.256192,6071.59,5,62.886,2798.82,2823.78,49.1023,2,2,1.0,0.0,0.0,5,0.0,0,True,1746968616.369637,right,False
3093,1746968656.8200948,188.789,32.0161,4.62309,0.390521,0.26456,6106.77,5,62.906,2799.88,2824.84,49.102,2,2,1.0,0.0,0.0,5,0.0,0,True,1746968616.369637,right,False
3094,1746968656.8411455,188.557,32.0057,4.99129,0.38349,0.270939,6150.76,5,62.926,2800.94,2825.9,49.1017,2,2,1.0,0.0,0.0,5,0.0,0,True,1746968616.369637,right,False
3095,1746968656.8614988,188.385,31.6055,5.35705,0.376017,0.27519,6199.12,5,62.946,2801.99,2826.96,49.1014,2,2,1.0,0.0,0.0,5,0.0,0,True,1746968616.369637,right,False
3096,1746968656.8799913,188.281,30.7973,5.72458,0.368105,0.277225,6247.61,5,62.966,2803.05,2828.01,49.1011,2,2,1.0,0.0,0.0,5,0.0,0,True,1746968616.369637,right,False
3097,1746968656.9013247,188.261,29.5794,6.09263,0.359759,0.277022,6273.44,5,62.986,2804.1,2829.06,49.1008,2,2,1.0,0.0,0.0,5,0.0,0,True,1746968616.369637,right,False
3098,1746968656.9206057,188.298,27.9819,6.44828,0.350987,0.274601,6308.96,5,63.006,2805.15,2830.11,49.1005,2,2,1.0,0.0,0.0,5,0.0,0,True,1746968616.369637,right,False
3099,1746968656.941639,188.399,26.0134,6.79821,0.341802,0.270012,6330.87,5,63.026,2806.2,2831.16,49.1002,2,2,1.0,0.0,0.0,5,0.0,0,True,1746968616.369637,right,False
3100,1746968656.9627538,188.553,23.7148,7.1362,0.332222,0.263378,6336.47,5,63.046,2807.24,2832.21,49.0999,2,2,1.0,0.0,0.0,5,0.0,0,True,1746968616.369637,right,False
3101,1746968656.9811056,188.748,21.1431,7.45618,0.322269,0.254908,6324.32,5,63.066,2808.29,2833.25,49.0996,2,2,1.0,0.0,0.0,5,0.0,0,True,1746968616.369637,right,False
3102,1746968657.0015213,188.973,18.3613,7.75797,0.311971,0.244863,6290.56,5,63.086,2809.33,2834.29,49.0993,2,2,1.0,0.0,0.0,5,0.0,0,True,1746968616.369637,right,False
3103,1746968657.0203018,189.207,15.4671,8.03004,0.301365,0.233624,6238.9,5,63.106,2810.37,2835.34,49.099,2,2,1.0,0.0,0.0,5,0.0,0,True,1746968616.369637,right,False
3104,1746968657.0456448,189.43,12.5599,8.27219,0.290499,0.221619,6178.95,5,63.126,2811.41,2836.38,49.0987,2,2,1.0,0.0,0.0,5,0.0,0,True,1746968616.369637,right,False
3105,1746968657.062637,189.662,9.72674,8.49835,0.279422,0.209305,6077.87,5,63.146,2812.46,2837.42,49.0984,2,2,1.0,0.0,0.0,5,0.0,0,True,1746968616.369637,right,False
3106,1746968657.0801735,189.855,7.07859,8.67898,0.26819,0.197155,5989.55,5,63.166,2813.5,2838.46,49.0981,2,2,1.0,0.0,0.0,5,0.0,0,True,1746968616.369637,right,False
3107,1746968657.1025412,190.007,4.67625,8.8234,0.25686,0.185542,5916.5,5,63.186,2814.54,2839.5,49.0978,2,2,1.0,0.0,0.0,5,0.0,0,True,1746968616.369637,right,False
3108,1746968657.122721,190.114,2.56256,8.93496,0.245486,0.174733,5868.84,5,63.206,2815.58,2840.55,49.0975,2,2,1.0,0.0,0.0,5,0.0,0,True,1746968616.369637,right,False
3109,1746968657.140759,190.183,0.747491,9.01005,0.234118,0.164851,5844.58,5,63.226,2816.62,2841.59,49.0971,2,2,1.0,0.0,0.0,5,0.0,0,True,1746968616.369637,right,False
3110,1746968657.1604774,190.224,-0.786353,9.04436,0.2228,0.155887,5836.38,5,63.246,2817.67,2842.63,49.0968,2,2,1.0,0.0,0.0,5,0.0,0,True,1746968616.369637,right,False
3111,1746968657.1816478,190.251,-2.07467,9.03726,0.211565,0.147768,5833.6,5,63.266,2818.71,2843.68,49.0965,2,2,1.0,0.0,0.0,5,0.0,0,True,1746968616.369637,right,False
3112,1746968657.2025192,190.269,-3.15484,8.99672,0.200442,0.140396,5834.76,5,63.286,2819.75,2844.72,49.0962,2,2,1.0,0.0,0.0,5,0.0,0,True,1746968616.369637,right,False
3113,1746968657.2231703,190.279,-4.07144,8.89807,0.189448,0.133653,5842.04,5,63.306,2820.8,2845.76,49.0959,2,2,1.0,0.0,0.0,5,0.0,0,True,1746968616.369637,right,False
3114,1746968657.2438972,190.284,-4.85642,8.76507,0.178599,0.127425,5851.02,5,63.326,2821.84,2846.81,49.0956,2,2,1.0,0.0,0.0,5,0.0,0,True,1746968616.369637,right,False
3115,1746968657.2622635,190.284,-5.54084,8.59131,0.167902,0.121614,5865.83,5,63.346,2822.89,2847.85,49.0953,2,2,1.0,0.0,0.0,5,0.0,0,True,1746968616.369637,right,False
3116,1746968657.282301,190.28,-6.153,8.37266,0.157363,0.11613,5883.05,5,63.366,2823.94,2848.9,49.095,2,2,1.0,0.0,0.0,5,0.0,0,True,1746968616.369637,right,False
3117,1746968657.3020086,190.276,-6.70005,8.13925,0.146986,0.110923,5900.09,5,63.386,2824.98,2849.95,49.0947,2,2,1.0,0.0,0.0,5,0.0,0,True,1746968616.369637,right,False
3118,1746968657.3214645,190.269,-7.18954,7.8807,0.136775,0.105954,5919.3,5,63.406,2826.03,2850.99,49.0944,2,2,1.0,0.0,0.0,5,0.0,0,True,1746968616.369637,right,False
3119,1746968657.3428917,190.27,-7.61627,7.62936,0.126736,0.101225,5927.95,5,63.426,2827.07,2852.04,49.0941,2,2,1.0,0.0,0.0,5,0.0,0,True,1746968616.369637,right,False
3120,1746968657.3608184,190.272,-7.9624,7.387,0.116876,0.096801,5937.74,5,63.446,2828.12,2853.09,49.0938,2,2,1.0,0.0,0.0,5,0.0,0,True,1746968616.369637,right,False
3121,1746968657.3808625,190.284,-8.2291,7.1586,0.107204,0.092704,5937.05,5,63.466,2829.17,2854.14,49.0935,2,2,1.0,0.0,0.0,5,0.0,0,True,1746968616.369637,right,False
3122,1746968657.4014525,190.302,-8.41618,6.93164,0.0977252,0.0889546,5933.03,5,63.486,2830.22,2855.18,49.0932,2,2,1.0,0.0,0.0,5,0.0,0,True,1746968616.369637,left,False
3123,1746968657.421095,190.328,-8.51945,6.72803,0.088444,0.085551,5923.02,5,63.506,2831.27,2856.23,49.0929,2,2,1.0,0.0,0.0,5,0.0,0,True,1746968616.369637,left,False
3124,1746968657.4422019,190.353,-8.5528,6.52378,0.0793661,0.0824892,5917.61,5,63.526,2832.32,2857.28,49.0926,2,2,1.0,0.0,0.0,5,0.0,0,True,1746968616.369637,left,False
3125,1746968657.4625235,190.384,-8.51711,6.33271,0.0704932,0.0797526,5909.53,5,63.546,2833.37,2858.33,49.0923,2,2,1.0,0.0,0.0,5,0.0,0,True,1746968616.369637,left,False
3126,1746968657.48285,190.418,-8.41608,6.158,0.061828,0.0773231,5901.25,5,63.566,2834.42,2859.38,49.092,2,2,1.0,0.0,0.0,5,0.0,0,True,1746968616.369637,left,False
3127,1746968657.5035105,190.452,-8.2654,5.97608,0.05337,0.0751817,5900.07,5,63.586,2835.47,2860.44,49.0917,2,2,1.0,0.0,0.0,5,0.0,0,True,1746968616.369637,left,False
3128,1746968657.5203767,190.489,-8.06255,5.81009,0.0451193,0.0733158,5894.97,5,63.606,2836.52,2861.49,49.0913,2,2,1.0,0.0,0.0,5,0.0,0,True,1746968616.369637,left,False
3129,1746968657.5411353,190.528,-7.81529,5.65361,0.0370737,0.0717074,5892.96,5,63.626,2837.57,2862.54,49.091,2,2,1.0,0.0,0.0,5,0.0,0,True,1746968616.369637,left,False
3130,1746968657.5623453,190.567,-7.53009,5.49321,0.0292312,0.0703532,5894.51,5,63.646,2838.63,2863.59,49.0907,2,2,1.0,0.0,0.0,5,0.0,0,True,1746968616.369637,left,False
3131,1746968657.5830476,190.609,-7.20243,5.3429,0.0215886,0.0692593,5894.99,5,63.666,2839.68,2864.65,49.0904,2,2,1.0,0.0,0.0,5,0.0,0,True,1746968616.369637,left,False
3132,1746968657.600444,190.654,-6.8422,5.20516,0.0141418,0.0684015,5893.23,5,63.686,2840.74,2865.7,49.0901,2,2,1.0,0.0,0.0,5,0.0,0,True,1746968616.369637,left,False
3133,1746968657.622727,190.701,-6.45411,5.05825,0.00688623,0.0677673,5893.05,5,63.706,2841.79,2866.75,49.0898,2,2,1.0,0.0,0.0,5,0.0,0,True,1746968616.369637,left,False
3134,1746968657.6405869,190.749,-6.03992,4.92472,-0.000183678,0.0673396,5892.12,5,63.726,2842.84,2867.81,49.0895,2,2,1.0,0.0,0.0,5,0.0,0,True,1746968616.369637,left,False
3135,1746968657.6608016,190.799,-5.60833,4.79694,-0.00707429,0.0671007,5891.42,5,63.746,2843.9,2868.86,49.0892,2,2,1.0,0.0,0.0,5,0.0,0,True,1746968616.369637,left,False
3136,1746968657.681598,190.848,-5.16405,4.67478,-0.0137925,0.0670325,5892.44,5,63.766,2844.96,2869.92,49.0889,2,2,1.0,0.0,0.0,5,0.0,0,True,1746968616.369637,left,False
3137,1746968657.7015345,190.9,-4.71031,4.54988,-0.0203458,0.0671098,5892.38,5,63.786,2846.01,2870.98,49.0886,2,2,1.0,0.0,0.0,5,0.0,0,True,1746968616.369637,left,False
3138,1746968657.7213326,190.954,-4.24838,4.44624,-0.0267407,0.067321,5888.81,5,63.806,2847.07,2872.03,49.0883,2,2,1.0,0.0,0.0,5,0.0,0,True,1746968616.369637,left,False
3139,1746968657.7405179,191.008,-3.78878,4.3392,-0.032985,0.0676343,5886.62,5,63.826,2848.13,2873.09,49.088,2,2,1.0,0.0,0.0,5,0.0,0,True,1746968616.369637,left,False
3140,1746968657.761323,191.06,-3.33567,4.24247,-0.0390865,0.0680305,5885.55,5,63.846,2849.18,2874.15,49.0877,2,2,1.0,0.0,0.0,5,0.0,0,True,1746968616.369637,left,False
3141,1746968657.782061,191.113,-2.89104,4.15447,-0.0450537,0.0684916,5883.9,5,63.866,2850.24,2875.21,49.0874,2,2,1.0,0.0,0.0,5,0.0,0,True,1746968616.369637,left,False
3142,1746968657.8002272,191.165,-2.45973,4.05953,-0.0508949,0.0690018,5883.51,5,63.886,2851.3,2876.26,49.0871,2,2,1.0,0.0,0.0,5,0.0,0,True,1746968616.369637,left,False
3143,1746968657.8199725,191.217,-2.04405,3.97784,-0.0566181,0.0695435,5882.96,5,63.906,2852.36,2877.32,49.0868,2,2,1.0,0.0,0.0,5,0.0,0,True,1746968616.369637,left,False
3144,1746968657.8409433,191.268,-1.64625,3.89488,-0.0622314,0.0701005,5883.83,5,63.926,2853.42,2878.38,49.0865,2,2,1.0,0.0,0.0,5,0.0,0,True,1746968616.369637,left,False
3145,1746968657.8612814,191.319,-1.26865,3.82445,-0.0677428,0.0706593,5882.61,5,63.946,2854.48,2879.44,49.0862,2,2,1.0,0.0,0.0,5,0.0,0,True,1746968616.369637,left,False
3146,1746968657.8821442,191.37,-0.913144,3.75504,-0.0731596,0.0712058,5883.06,5,63.966,2855.54,2880.5,49.0859,2,2,1.0,0.0,0.0,5,0.0,0,True,1746968616.369637,left,False
3147,1746968657.9015338,191.421,-0.580601,3.69925,-0.0784889,0.0717294,5882.01,5,63.986,2856.6,2881.56,49.0855,2,2,1.0,0.0,0.0,5,0.0,0,True,1746968616.369637,left,False
3148,1746968657.925126,191.476,-0.242686,3.63828,-0.0842583,0.0722672,5881.76,5,64.008,2857.76,2882.73,49.0852,2,2,1.0,0.0,0.0,5,0.0,0,True,1746968616.369637,left,False
3149,1746968657.946174,191.529,0.0660619,3.58357,-0.0899387,0.0727579,5882.95,5,64.03,2858.93,2883.9,49.0849,2,2,1.0,0.0,0.0,5,0.0,0,True,1746968616.369637,left,False
3150,1746968657.966519,191.583,0.345256,3.54223,-0.0955381,0.0731918,5883.32,5,64.052,2860.1,2885.06,49.0845,2,2,1.0,0.0,0.0,5,0.0,0,True,1746968616.369637,left,False
3151,1746968657.990556,191.636,0.596131,3.49592,-0.101063,0.0735642,5884.26,5,64.074,2861.27,2886.23,49.0842,2,2,1.0,0.0,0.0,5,0.0,0,True,1746968616.369637,left,False
3152,1746968658.010895,191.69,0.819085,3.46194,-0.106521,0.0738727,5884.7,5,64.096,2862.44,2887.4,49.0839,2,2,1.0,0.0,0.0,5,0.0,0,True,1746968616.369637,left,False
3153,1746968658.034159,191.743,1.01573,3.43209,-0.111918,0.074115,5885.3,5,64.118,2863.6,2888.57,49.0835,2,2,1.0,0.0,0.0,5,0.0,0,True,1746968616.369637,left,False
3154,1746968658.0569751,191.795,1.18797,3.40111,-0.117258,0.0742914,5887.07,5,64.14,2864.77,2889.74,49.0832,2,2,1.0,0.0,0.0,5,0.0,0,True,1746968616.369637,left,False
3155,1746968658.076607,191.847,1.33742,3.37417,-0.122546,0.0744049,5888.31,5,64.162,2865.94,2890.91,49.0829,2,2,1.0,0.0,0.0,5,0.0,0,True,1746968616.369637,left,False
3156,1746968658.1017518,191.9,1.46579,3.35,-0.127787,0.0744569,5889.61,5,64.184,2867.11,2892.08,49.0825,2,2,1.0,0.0,0.0,5,0.0,0,True,1746968616.369637,left,False
3157,1746968658.122203,191.953,1.57453,3.3347,-0.132984,0.0744502,5890.63,5,64.206,2868.28,2893.25,49.0822,2,2,1.0,0.0,0.0,5,0.0,0,True,1746968616.369637,left,False
3158,1746968658.1427467,192.006,1.66653,3.31765,-0.138139,0.0743901,5891.24,5,64.228,2869.45,2894.42,49.0819,2,2,1.0,0.0,0.0,5,0.0,0,True,1746968616.369637,left,False
3159,1746968658.165956,192.057,1.74318,3.29449,-0.143256,0.0742761,5893.37,5,64.25,2870.62,2895.59,49.0815,2,2,1.0,0.0,0.0,5,0.0,0,True,1746968616.369637,left,False
3160,1746968658.1884606,192.11,1.80487,3.28617,-0.148335,0.074115,5893.86,5,64.272,2871.8,2896.76,49.0812,2,2,1.0,0.0,0.0,5,0.0,0,True,1746968616.369637,left,False
3161,1746968658.2093365,192.162,1.85534,3.26993,-0.15338,0.0739095,5895.95,5,64.294,2872.97,2897.93,49.0808,2,2,1.0,0.0,0.0,5,0.0,0,True,1746968616.369637,left,False
3162,1746968658.2301824,192.215,1.89512,3.25797,-0.15839,0.0736658,5897.15,5,64.316,2874.14,2899.1,49.0805,2,2,1.0,0.0,0.0,5,0.0,0,True,1746968616.369637,left,False
3163,1746968658.2525334,192.267,1.9248,3.24459,-0.163368,0.0733825,5898.77,5,64.338,2875.31,2900.28,49.0802,2,2,1.0,0.0,0.0,5,0.0,0,True,1746968616.369637,left,False
3164,1746968658.2761502,192.32,1.94736,3.2268,-0.168313,0.0730669,5900.86,5,64.36,2876.49,2901.45,49.0798,2,2,1.0,0.0,0.0,5,0.0,0,True,1746968616.369637,left,False
3165,1746968658.2988067,192.372,1.96226,3.21032,-0.173227,0.0727217,5902.09,5,64.382,2877.66,2902.62,49.0795,2,2,1.0,0.0,0.0,5,0.0,0,True,1746968616.369637,left,False
3166,1746968658.3183396,192.425,1.97102,3.19853,-0.17811,0.0723488,5903.22,5,64.404,2878.83,2903.8,49.0792,2,2,1.0,0.0,0.0,5,0.0,0,True,1746968616.369637,left,False
3167,1746968658.341433,192.477,1.97552,3.17881,-0.182962,0.071952,5905.94,5,64.426,2880.01,2904.97,49.0788,2,2,1.0,0.0,0.0,5,0.0,0,True,1746968616.369637,left,False
3168,1746968658.362464,192.53,1.9757,3.16128,-0.187782,0.0715353,5906.71,5,64.448,2881.18,2906.15,49.0785,2,2,1.0,0.0,0.0,5,0.0,0,True,1746968616.369637,left,False
3169,1746968658.3840413,192.583,1.97256,3.14545,-0.192572,0.0711004,5908.23,5,64.47,2882.35,2907.32,49.0782,2,2,1.0,0.0,0.0,5,0.0,0,True,1746968616.369637,left,False
3170,1746968658.4091036,192.636,1.96639,3.12879,-0.19733,0.0706479,5909.65,5,64.492,2883.53,2908.49,49.0778,2,2,1.0,0.0,0.0,5,0.0,0,True,1746968616.369637,right,False
3171,1746968658.4279034,192.688,1.95768,3.10405,-0.202057,0.0701792,5912.6,5,64.514,2884.71,2909.67,49.0775,2,2,1.0,0.0,0.0,5,0.0,0,True,1746968616.369637,right,False
3172,1746968658.4500227,192.742,1.94654,3.0902,-0.206752,0.0696961,5912.17,5,64.536,2885.88,2910.85,49.0772,2,2,1.0,0.0,0.0,5,0.0,0,True,1746968616.369637,right,False
3173,1746968658.4739597,192.793,1.93501,3.0641,-0.211415,0.0692021,5916.18,5,64.558,2887.06,2912.02,49.0768,2,2,1.0,0.0,0.0,5,0.0,0,True,1746968616.369637,right,False
3174,1746968658.4961882,192.847,1.92177,3.04828,-0.216046,0.0687,5916.69,5,64.58,2888.23,2913.2,49.0765,2,2,1.0,0.0,0.0,5,0.0,0,True,1746968616.369637,right,False
3175,1746968658.5179765,192.9,1.90816,3.02217,-0.220644,0.0681888,5918.03,5,64.602,2889.41,2914.38,49.0761,2,2,1.0,0.0,0.0,5,0.0,0,True,1746968616.369637,right,False
3176,1746968658.5377676,192.953,1.89369,3.007,-0.225208,0.0676696,5919.26,5,64.624,2890.59,2915.55,49.0758,2,2,1.0,0.0,0.0,5,0.0,0,True,1746968616.369637,right,False
3177,1746968658.56103,193.006,1.87956,2.98264,-0.229739,0.0671455,5921.02,5,64.646,2891.76,2916.73,49.0755,2,2,1.0,0.0,0.0,5,0.0,0,True,1746968616.369637,right,False
3178,1746968658.5850008,193.058,1.86534,2.96,-0.234236,0.0666162,5922.83,5,64.668,2892.94,2917.91,49.0751,2,2,1.0,0.0,0.0,5,0.0,0,True,1746968616.369637,right,False
3179,1746968658.605204,193.111,1.85152,2.93596,-0.238698,0.0660836,5924.65,5,64.69,2894.12,2919.09,49.0748,2,2,1.0,0.0,0.0,5,0.0,0,True,1746968616.369637,right,False
3180,1746968658.6261125,193.164,1.83829,2.91226,-0.243125,0.0655486,5926.4,5,64.712,2895.3,2920.26,49.0745,2,2,1.0,0.0,0.0,5,0.0,0,True,1746968616.369637,right,False
3181,1746968658.6519601,193.218,1.82471,2.88964,-0.247517,0.0650112,5927.27,5,64.734,2896.48,2921.44,49.0741,2,2,1.0,0.0,0.0,5,0.0,0,True,1746968616.369637,right,False
3182,1746968658.6706858,193.27,1.81257,2.85867,-0.251874,0.0644709,5930.41,5,64.756,2897.66,2922.62,49.0738,2,2,1.0,0.0,0.0,5,0.0,0,True,1746968616.369637,left,False
3183,1746968658.6940062,193.324,1.8004,2.84125,-0.256194,0.0639312,5930.07,5,64.778,2898.84,2923.8,49.0735,2,2,1.0,0.0,0.0,5,0.0,0,True,1746968616.369637,left,False
3184,1746968658.715472,193.376,1.78942,2.80907,-0.260477,0.0633909,5933.14,5,64.8,2900.02,2924.98,49.0731,2,2,1.0,0.0,0.0,5,0.0,0,True,1746968616.369637,left,False
3185,1746968658.7379436,193.429,1.77912,2.78705,-0.264724,0.0628506,5935.07,5,64.822,2901.2,2926.16,49.0728,2,2,1.0,0.0,0.0,5,0.0,0,True,1746968616.369637,left,False
3186,1746968658.7613413,193.482,1.76942,2.75847,-0.268934,0.0623109,5936.35,5,64.844,2902.38,2927.34,49.0725,2,2,1.0,0.0,0.0,5,0.0,0,True,1746968616.369637,left,False
3187,1746968658.7834396,193.535,1.76093,2.73505,-0.273107,0.061773,5937.98,5,64.866,2903.56,2928.52,49.0721,2,2,1.0,0.0,0.0,5,0.0,0,True,1746968616.369637,left,False
3188,1746968658.8043294,193.589,1.75263,2.71107,-0.277242,0.0612356,5939.38,5,64.888,2904.74,2929.7,49.0718,2,2,1.0,0.0,0.0,5,0.0,0,True,1746968616.369637,left,False
3189,1746968658.8261404,193.642,1.74522,2.68826,-0.281339,0.0607001,5940.82,5,64.91,2905.92,2930.89,49.0714,2,2,1.0,0.0,0.0,5,0.0,0,True,1746968616.369637,left,False
3190,1746968658.8469946,193.696,1.73861,2.66451,-0.285398,0.0601665,5941.15,5,64.932,2907.1,2932.07,49.0711,2,2,1.0,0.0,0.0,5,0.0,0,True,1746968616.369637,left,False
3191,1746968658.868432,193.749,1.73276,2.63932,-0.289419,0.0596349,5943.04,5,64.954,2908.29,2933.25,49.0708,2,2,1.0,0.0,0.0,5,0.0,0,True,1746968616.369637,left,False
3192,1746968658.8922422,193.802,1.72795,2.60789,-0.293401,0.0591041,5945.77,5,64.976,2909.47,2934.43,49.0704,2,2,1.0,0.0,0.0,5,0.0,0,True,1746968616.369637,left,False
3193,1746968658.9145782,193.855,1.72375,2.58148,-0.297345,0.0585749,5947.53,5,64.998,2910.65,2935.62,49.0701,2,2,1.0,0.0,0.0,5,0.0,0,True,1746968616.369637,left,False
3194,1746968658.9355822,193.909,1.71948,2.56205,-0.30125,0.0580475,5947.88,5,65.02,2911.84,2936.8,49.0698,2,2,1.0,0.0,0.0,5,0.0,0,True,1746968616.369637,left,False
3195,1746968658.9590697,193.963,1.71615,2.53008,-0.305117,0.0575206,5949.64,5,65.042,2913.02,2937.98,49.0694,2,2,1.0,0.0,0.0,5,0.0,0,True,1746968616.369637,left,False
3196,1746968658.9790423,194.015,1.71344,2.50538,-0.308944,0.0569965,5951.85,5,65.064,2914.2,2939.17,49.0691,2,2,1.0,0.0,0.0,5,0.0,0,True,1746968616.369637,left,False
3197,1746968659.000558,194.069,1.71121,2.47895,-0.312732,0.0564734,5953.52,5,65.086,2915.39,2940.35,49.0688,2,2,1.0,0.0,0.0,5,0.0,0,True,1746968616.369637,left,False
3198,1746968659.0236905,194.122,1.70915,2.45152,-0.316481,0.0559494,5955.53,5,65.108,2916.57,2941.54,49.0684,2,2,1.0,0.0,0.0,5,0.0,0,True,1746968616.369637,left,False
3199,1746968659.0463588,194.175,1.70741,2.42686,-0.320191,0.0554263,5956.98,5,65.13,2917.76,2942.72,49.0681,2,2,1.0,0.0,0.0,5,0.0,0,True,1746968616.369637,left,False
3200,1746968659.0683835,194.229,1.70581,2.4032,-0.323861,0.0549056,5957.5,5,65.152,2918.94,2943.91,49.0678,2,2,1.0,0.0,0.0,5,0.0,0,True,1746968616.369637,left,False
3201,1746968659.0919173,194.282,1.70491,2.37251,-0.327492,0.0543887,5959.66,5,65.174,2920.13,2945.09,49.0674,2,2,1.0,0.0,0.0,5,0.0,0,True,1746968616.369637,left,False
3202,1746968659.112457,194.336,1.70501,2.34658,-0.331084,0.0538751,5961.34,5,65.196,2921.32,2946.28,49.0671,2,2,1.0,0.0,0.0,5,0.0,0,True,1746968616.369637,left,False
3203,1746968659.13434,194.39,1.70485,2.32075,-0.334636,0.0533611,5962.69,5,65.218,2922.5,2947.47,49.0667,2,2,1.0,0.0,0.0,5,0.0,0,True,1746968616.369637,left,False
3204,1746968659.154926,194.443,1.70548,2.29609,-0.338148,0.0528499,5964.43,5,65.24,2923.69,2948.65,49.0664,2,2,1.0,0.0,0.0,5,0.0,0,True,1746968616.369637,left,False
3205,1746968659.178883,194.497,1.7048,2.2753,-0.341621,0.0523364,5965.29,5,65.262,2924.88,2949.84,49.0661,2,2,1.0,0.0,0.0,5,0.0,0,True,1746968616.369637,left,False
3206,1746968659.199759,194.55,1.70547,2.24868,-0.345055,0.0518243,5966.61,5,65.284,2926.06,2951.03,49.0657,2,2,1.0,0.0,0.0,5,0.0,0,True,1746968616.369637,left,False
3207,1746968659.220338,194.603,1.70571,2.22252,-0.348449,0.0513117,5968.96,5,65.306,2927.25,2952.22,49.0654,2,2,1.0,0.0,0.0,5,0.0,0,True,1746968616.369637,left,False
3208,1746968659.2421985,194.657,1.70615,2.19838,-0.351803,0.0508,5970.98,5,65.328,2928.44,2953.41,49.0651,2,2,1.0,0.0,0.0,5,0.0,0,True,1746968616.369637,left,False
3209,1746968659.2652109,194.71,1.70655,2.17327,-0.355118,0.0502884,5972.24,5,65.35,2929.63,2954.59,49.0647,2,2,1.0,0.0,0.0,5,0.0,0,True,1746968616.369637,left,False
3210,1746968659.2885163,194.764,1.7073,2.14376,-0.358393,0.0497777,5974.52,5,65.372,2930.82,2955.78,49.0644,2,2,1.0,0.0,0.0,5,0.0,0,True,1746968616.369637,left,False
3211,1746968659.3096752,194.818,1.70767,2.11654,-0.361629,0.0492656,5975.66,5,65.394,2932.01,2956.97,49.0641,2,2,1.0,0.0,0.0,5,0.0,0,True,1746968616.369637,left,False
3212,1746968659.330673,194.872,1.70783,2.09301,-0.364825,0.0487553,5976.62,5,65.416,2933.2,2958.16,49.0637,2,2,1.0,0.0,0.0,5,0.0,0,True,1746968616.369637,left,False
3213,1746968659.3535554,194.925,1.70875,2.065,-0.367981,0.0482456,5978.78,5,65.438,2934.39,2959.35,49.0634,2,2,1.0,0.0,0.0,5,0.0,0,True,1746968616.369637,left,False
3214,1746968659.3756573,194.979,1.70946,2.04074,-0.371097,0.0477363,5979.79,5,65.46,2935.58,2960.54,49.0631,2,2,1.0,0.0,0.0,5,0.0,0,True,1746968616.369637,right,False
3215,1746968659.3971205,195.032,1.71043,2.0085,-0.374174,0.0472271,5982.73,5,65.482,2936.77,2961.73,49.0627,2,2,1.0,0.0,0.0,5,0.0,0,True,1746968616.369637,right,False
3216,1746968659.4182847,195.087,1.71083,1.9887,-0.377212,0.0467188,5982.93,5,65.504,2937.96,2962.93,49.0624,2,2,1.0,0.0,0.0,5,0.0,0,True,1746968616.369637,right,False
3217,1746968659.4407923,195.14,1.71171,1.95925,-0.380209,0.0462095,5985.19,5,65.526,2939.15,2964.12,49.062,2,2,1.0,0.0,0.0,5,0.0,0,True,1746968616.369637,right,False
3218,1746968659.463242,195.194,1.71193,1.93621,-0.383167,0.0456998,5985.96,5,65.548,2940.34,2965.31,49.0617,2,2,1.0,0.0,0.0,5,0.0,0,True,1746968616.369637,right,False
3219,1746968659.486219,195.247,1.71284,1.90788,-0.386085,0.045191,5988.72,5,65.57,2941.54,2966.5,49.0614,2,2,1.0,0.0,0.0,5,0.0,0,True,1746968616.369637,right,False
3220,1746968659.5075939,195.302,1.71322,1.88605,-0.388964,0.0446822,5989.07,5,65.592,2942.73,2967.69,49.061,2,2,1.0,0.0,0.0,5,0.0,0,True,1746968616.369637,right,False
3221,1746968659.5282695,195.355,1.71432,1.85117,-0.391802,0.0441744,5991.75,5,65.614,2943.92,2968.89,49.0607,2,2,1.0,0.0,0.0,5,0.0,0,True,1746968616.369637,right,False
3222,1746968659.5510826,195.409,1.7149,1.82892,-0.394601,0.0436656,5992.97,5,65.636,2945.11,2970.08,49.0604,2,2,1.0,0.0,0.0,5,0.0,0,True,1746968616.369637,right,False
3223,1746968659.5737717,195.463,1.71548,1.8042,-0.39736,0.0431582,5994.18,5,65.658,2946.31,2971.27,49.06,2,2,1.0,0.0,0.0,5,0.0,0,True,1746968616.369637,right,False
3224,1746968659.5944312,195.517,1.71623,1.7755,-0.40008,0.0426509,5996.19,5,65.68,2947.5,2972.47,49.0597,2,2,1.0,0.0,0.0,5,0.0,0,True,1746968616.369637,right,False
3225,1746968659.6176248,195.571,1.71652,1.75185,-0.40276,0.0421416,5997.63,5,65.702,2948.7,2973.66,49.0594,2,2,1.0,0.0,0.0,5,0.0,0,True,1746968616.369637,right,False
3226,1746968659.639895,195.625,1.7174,1.72455,-0.4054,0.0416343,5999.38,5,65.724,2949.89,2974.86,49.059,2,2,1.0,0.0,0.0,5,0.0,0,True,1746968616.369637,left,False
3227,1746968659.6615748,195.678,1.71862,1.69462,-0.408,0.0411293,6001.34,5,65.746,2951.09,2976.05,49.0587,2,2,1.0,0.0,0.0,5,0.0,0,True,1746968616.369637,left,False
3228,1746968659.6843987,195.733,1.7195,1.66928,-0.41056,0.0406229,6002.01,5,65.768,2952.28,2977.25,49.0584,2,2,1.0,0.0,0.0,5,0.0,0,True,1746968616.369637,left,False
3229,1746968659.7048087,195.786,1.72079,1.63528,-0.41308,0.0401174,6005.4,5,65.79,2953.48,2978.44,49.058,2,2,1.0,0.0,0.0,5,0.0,0,True,1746968616.369637,left,False
3230,1746968659.7283316,195.84,1.72083,1.61421,-0.415561,0.0396096,6006.65,5,65.812,2954.67,2979.64,49.0577,2,2,1.0,0.0,0.0,5,0.0,0,True,1746968616.369637,left,False
3231,1746968659.747875,195.895,1.72092,1.59017,-0.418002,0.0391018,6006.96,5,65.834,2955.87,2980.84,49.0574,2,2,1.0,0.0,0.0,5,0.0,0,True,1746968616.369637,left,False
3232,1746968659.7719982,195.949,1.72089,1.56643,-0.420403,0.038593,6008.59,5,65.856,2957.07,2982.03,49.057,2,2,1.0,0.0,0.0,5,0.0,0,True,1746968616.369637,left,False
3233,1746968659.7920637,196.003,1.72091,1.54247,-0.422765,0.0380837,6010.12,5,65.878,2958.26,2983.23,49.0567,2,2,1.0,0.0,0.0,5,0.0,0,True,1746968616.369637,left,False
3234,1746968659.8158214,196.057,1.72116,1.51193,-0.425086,0.0375745,6011.89,5,65.9,2959.46,2984.43,49.0563,2,2,1.0,0.0,0.0,5,0.0,0,True,1746968616.369637,left,False
3235,1746968659.8365507,196.111,1.72101,1.48879,-0.427368,0.0370652,6013.62,5,65.922,2960.66,2985.62,49.056,2,2,1.0,0.0,0.0,5,0.0,0,True,1746968616.369637,left,False
3236,1746968659.8595114,196.165,1.72133,1.46077,-0.42961,0.0365555,6015.62,5,65.944,2961.86,2986.82,49.0557,2,2,1.0,0.0,0.0,5,0.0,0,True,1746968616.369637,left,False
3237,1746968659.8819332,196.219,1.72141,1.43471,-0.431812,0.0360457,6017.29,5,65.966,2963.06,2988.02,49.0553,2,2,1.0,0.0,0.0,5,0.0,0,True,1746968616.369637,left,False
3238,1746968659.9023209,196.273,1.72135,1.41055,-0.433974,0.035536,6018.64,5,65.988,2964.26,2989.22,49.055,2,2,1.0,0.0,0.0,5,0.0,0,True,1746968616.369637,left,False
3239,1746968659.9280982,196.327,1.72159,1.38589,-0.436096,0.0350277,6020.01,5,66.01,2965.45,2990.42,49.0547,2,2,1.0,0.0,0.0,5,0.0,0,True,1746968616.369637,right,False
3240,1746968659.9482555,196.382,1.72156,1.36018,-0.438178,0.0345189,6021.11,5,66.032,2966.65,2991.62,49.0543,2,2,1.0,0.0,0.0,5,0.0,0,True,1746968616.369637,right,False
3241,1746968659.970507,196.435,1.72197,1.32613,-0.44022,0.0340096,6024.32,5,66.054,2967.85,2992.82,49.054,2,2,1.0,0.0,0.0,5,0.0,0,True,1746968616.369637,right,False
3242,1746968659.990239,196.49,1.72206,1.3015,-0.442222,0.0335013,6025.57,5,66.076,2969.05,2994.02,49.0537,2,2,1.0,0.0,0.0,5,0.0,0,True,1746968616.369637,right,False
3243,1746968660.0133753,196.544,1.72235,1.27801,-0.444184,0.0329925,6026.85,5,66.098,2970.26,2995.22,49.0533,2,2,1.0,0.0,0.0,5,0.0,0,True,1746968616.369637,right,False
3244,1746968660.0343297,196.598,1.72257,1.25112,-0.446106,0.0324838,6028.56,5,66.12,2971.46,2996.42,49.053,2,2,1.0,0.0,0.0,5,0.0,0,True,1746968616.369637,right,False
3245,1746968660.0566838,196.653,1.72265,1.22174,-0.447988,0.0319754,6029.96,5,66.142,2972.66,2997.62,49.0527,2,2,1.0,0.0,0.0,5,0.0,0,True,1746968616.369637,right,False
3246,1746968660.0784903,196.707,1.72258,1.20104,-0.449829,0.0314676,6030.58,5,66.164,2973.86,2998.82,49.0523,2,2,1.0,0.0,0.0,5,0.0,0,True,1746968616.369637,right,False
3247,1746968660.1025536,196.761,1.72321,1.17336,-0.451631,0.0309598,6032.52,5,66.186,2975.06,3000.03,49.052,2,2,1.0,0.0,0.0,5,0.0,0,True,1746968616.369637,right,False
3248,1746968660.1249344,196.815,1.72371,1.14508,-0.453393,0.0304529,6034.8,5,66.208,2976.26,3001.23,49.0516,2,2,1.0,0.0,0.0,5,0.0,0,True,1746968616.369637,right,False
3249,1746968660.14406,196.87,1.72394,1.12621,-0.455114,0.0299498,6035.37,5,66.23,2977.47,3002.43,49.0513,2,2,1.0,0.0,0.0,5,0.0,0,True,1746968616.369637,right,False
3250,1746968660.166634,196.924,1.72517,1.0992,-0.456862,0.029455,6037.95,5,0.0179988,1.07092,3003.63,49.051,2,2,1.0,0.0,0.0,5,0.0,0,True,1746968616.369637,right,False
3251,1746968660.1877723,196.978,1.72569,1.07693,-0.458504,0.0289505,6039.67,5,0.0399988,2.27423,3004.84,49.0506,2,2,1.0,0.0,0.0,5,0.0,0,True,1746968616.369637,right,False
3252,1746968660.211375,197.032,1.72632,1.04699,-0.460106,0.0284441,6041.97,5,0.0619988,3.47803,3006.04,49.0503,2,2,1.0,0.0,0.0,5,0.0,0,True,1746968616.369637,right,False
3253,1746968660.2354286,197.087,1.72666,1.02048,-0.461667,0.0279378,6043.27,5,0.0839988,4.68207,3007.24,49.05,2,2,1.0,0.0,0.0,5,0.0,0,True,1746968616.369637,right,False
3254,1746968660.2543015,197.142,1.72668,0.996485,-0.463189,0.0274312,6043.19,5,0.105999,5.88654,3008.45,49.0496,2,2,1.0,0.0,0.0,5,0.0,0,True,1746968616.369637,right,False
3255,1746968660.275849,197.195,1.72743,0.966661,-0.46467,0.026924,6046.08,5,0.127999,7.09131,3009.65,49.0493,2,2,1.0,0.0,0.0,5,0.0,0,True,1746968616.369637,right,False
3256,1746968660.2992873,197.251,1.7272,0.948843,-0.466112,0.0264177,6046.95,5,0.149999,8.29645,3010.86,49.049,2,2,1.0,0.0,0.0,5,0.0,0,True,1746968616.369637,right,False
3257,1746968660.3248243,197.305,1.72835,0.912416,-0.467512,0.0259124,6049.83,5,0.171999,9.50189,3012.06,49.0486,2,2,1.0,0.0,0.0,5,0.0,0,True,1746968616.369637,right,False
3258,1746968660.3445923,197.359,1.72856,0.886854,-0.468873,0.025406,6050.15,5,0.193999,10.7077,3013.27,49.0483,2,2,1.0,0.0,0.1,5,0.0,0,True,1746968616.369637,right,False
3259,1746968660.3645494,197.414,1.72915,0.857401,-0.470193,0.0249007,6052.66,5,0.215999,11.9139,3014.48,49.048,2,2,1.0,0.0,0.1,5,0.0,0,True,1746968616.369637,right,False
3260,1746968660.3872747,197.469,1.72938,0.828884,-0.471473,0.0243933,6053.71,5,0.237999,13.1204,3015.68,49.0476,2,2,1.0,0.0,0.1,5,0.0,0,True,1746968616.369637,right,False
3261,1746968660.4086025,197.508,1.86303,0.799386,-0.472664,0.0230535,6059.66,5,0.259999,14.3272,3016.89,49.0473,2,2,1.0,0.0,0.1,5,0.0,0,True,1746968616.369637,right,False
3262,1746968660.4333277,197.546,1.64086,0.744371,-0.473681,0.0195203,6067.23,5,0.281999,15.5344,3018.1,49.0469,2,2,1.0,0.0,0.1,5,0.0,0,True,1746968616.369637,right,False
3263,1746968660.4532247,197.587,1.04144,0.671094,-0.474516,0.0140298,6075.34,5,0.303999,16.7415,3019.3,49.0466,2,2,1.0,0.0,0.1,5,0.0,0,True,1746968616.369637,right,False
3264,1746968660.4757164,197.625,0.143004,0.584982,-0.475161,0.00687732,6083.28,5,0.325999,17.9492,3020.51,49.0463,2,2,1.0,0.0,0.1,5,0.0,0,True,1746968616.369637,right,False
3265,1746968660.4958494,197.656,-0.988958,0.470567,-0.475597,-0.00163479,6094.06,5,0.347999,19.157,3021.72,49.0459,2,2,1.0,0.0,0.1,5,0.0,0,True,1746968616.369637,right,False
3266,1746968660.5205696,197.672,-2.28593,0.337705,-0.475808,-0.0111872,6109.13,5,0.369999,20.3649,3022.93,49.0456,2,2,1.0,0.0,0.1,5,0.0,0,True,1746968616.369637,right,False
3267,1746968660.5408235,197.674,-3.68295,0.188174,-0.475773,-0.0214892,6124.74,5,0.391999,21.5731,3024.13,49.0453,2,2,1.0,0.0,0.1,5,0.0,0,True,1746968616.369637,right,False
3268,1746968660.5641608,197.657,-5.13882,0.0129953,-0.475474,-0.0322792,6145.02,5,0.413999,22.7816,3025.34,49.0449,2,2,1.0,0.0,0.1,5,0.0,0,True,1746968616.369637,right,False
3269,1746968660.585138,197.621,-6.61054,-0.179178,-0.47489,-0.043353,6169.59,5,0.435999,23.9901,3026.55,49.0446,2,2,1.0,0.0,0.1,5,0.0,0,True,1746968616.369637,right,False
3270,1746968660.6085002,197.567,-8.07178,-0.390482,-0.474007,-0.0545425,6195.45,5,0.457999,25.1985,3027.76,49.0443,2,2,1.0,0.0,0.1,5,0.0,0,True,1746968616.369637,right,False
3271,1746968660.6283693,197.496,-9.50577,-0.611225,-0.472813,-0.0657549,6224.16,5,0.479999,26.407,3028.97,49.0439,2,2,1.0,0.0,0.1,5,0.0,0,True,1746968616.369637,right,False
3272,1746968660.6502733,197.41,-10.9,-0.839575,-0.471293,-0.0769087,6253.96,5,0.501999,27.6148,3030.18,49.0436,2,2,1.0,0.0,0.1,5,0.0,0,True,1746968616.369637,right,False
3273,1746968660.6719198,197.312,-12.2651,-1.08926,-0.46944,-0.0880192,6281,5,0.523999,28.8226,3031.38,49.0433,2,2,1.0,0.0,0.1,5,0.0,0,True,1746968616.369637,right,False
3274,1746968660.6963646,197.205,-13.5911,-1.33946,-0.467243,-0.0990725,6302.05,5,0.545999,30.0304,3032.59,49.0429,2,2,1.0,0.0,0.0,5,0.0,0,True,1746968616.369637,left,False
3275,1746968660.716808,197.085,-14.8911,-1.59783,-0.464693,-0.110087,6325.66,5,0.567999,31.2375,3033.8,49.0426,2,2,1.0,0.0,0.0,5,0.0,0,True,1746968616.369637,left,False
3276,1746968660.740366,196.956,-16.1564,-1.85269,-0.461784,-0.121047,6345.13,5,0.589999,32.4446,3035.01,49.0422,2,2,1.0,0.0,0.0,5,0.0,0,True,1746968616.369637,left,False
3277,1746968660.7623646,196.848,-17.445,-2.11364,-0.458522,-0.131731,6347.86,5,0.611999,33.6511,3036.21,49.0419,2,2,1.0,0.0,0.0,5,0.0,0,True,1746968616.369637,left,False
3278,1746968660.7839525,196.76,-18.5869,-2.36885,-0.454924,-0.141703,6337.32,5,0.633999,34.8576,3037.42,49.0416,2,2,1.0,0.0,0.0,5,0.0,0,True,1746968616.369637,left,False
3279,1746968660.805919,196.676,-19.5825,-2.62304,-0.450982,-0.151013,6327.15,5,0.655999,36.0641,3038.63,49.0412,2,2,1.0,0.0,0.0,5,0.0,0,True,1746968616.369637,left,False
3280,1746968660.8276992,196.601,-20.4384,-2.87607,-0.446687,-0.15975,6310.07,5,0.677999,37.2703,3039.83,49.0409,2,2,1.0,0.0,0.0,5,0.0,0,True,1746968616.369637,left,False
3281,1746968660.8485682,196.53,-21.1777,-3.12489,-0.442031,-0.167999,6296.11,5,0.699999,38.4761,3041.04,49.0406,2,2,1.0,0.0,0.0,5,0.0,0,True,1746968616.369637,left,False
3282,1746968660.870848,196.456,-21.8057,-3.37606,-0.437007,-0.175732,6291.64,5,0.721999,39.6818,3042.24,49.0402,2,2,1.0,0.0,0.0,5,0.0,0,True,1746968616.369637,left,False
3283,1746968660.8946207,196.388,-22.3207,-3.62396,-0.431612,-0.182969,6292.98,5,0.743999,40.887,3043.45,49.0399,2,2,1.0,0.0,0.0,5,0.0,0,True,1746968616.369637,left,False
3284,1746968660.9139597,196.331,-22.7316,-3.87578,-0.425843,-0.189698,6290.95,5,0.765999,42.0917,3044.65,49.0396,2,2,1.0,0.0,0.0,5,0.0,0,True,1746968616.369637,left,False
3285,1746968660.9372885,196.275,-23.0447,-4.13204,-0.419698,-0.19594,6300.66,5,0.787999,43.2959,3045.86,49.0392,2,2,1.0,0.0,0.0,5,0.0,0,True,1746968616.369637,left,False
3286,1746968660.9588788,196.228,-23.2458,-4.38008,-0.413176,-0.20166,6311.81,5,0.809999,44.4996,3047.06,49.0389,2,2,1.0,0.0,0.0,5,0.0,0,True,1746968616.369637,left,False
3287,1746968660.9831653,196.19,-23.3378,-4.63068,-0.406276,-0.206832,6327.91,5,0.831999,45.7026,3048.26,49.0386,2,2,1.0,0.0,0.0,5,0.0,0,True,1746968616.369637,left,False
3288,1746968661.0021207,196.166,-23.3235,-4.87756,-0.398998,-0.211472,6342.66,5,0.853999,46.9049,3049.47,49.0382,2,2,1.0,0.0,0.0,5,0.0,0,True,1746968616.369637,left,False
3289,1746968661.026443,196.159,-23.2068,-5.12989,-0.391339,-0.215555,6353.71,5,0.875999,48.1066,3050.67,49.0379,2,2,1.0,0.0,0.0,5,0.0,0,True,1746968616.369637,left,False
3290,1746968661.0462885,196.165,-22.9824,-5.37545,-0.383302,-0.219104,6363.57,5,0.897999,49.3076,3051.87,49.0375,2,2,1.0,0.0,0.0,5,0.0,0,True,1746968616.369637,left,False
3291,1746968661.0684986,196.182,-22.6705,-5.62659,-0.374892,-0.222157,6377.02,5,0.919999,50.5079,3053.07,49.0372,2,2,1.0,0.0,0.0,5,0.0,0,True,1746968616.369637,left,False
3292,1746968661.0922422,196.215,-22.2605,-5.87062,-0.366107,-0.224706,6384.49,5,0.941999,51.7075,3054.27,49.0369,2,2,1.0,0.0,0.0,5,0.0,0,True,1746968616.369637,left,False
3293,1746968661.1129367,196.258,-21.7679,-6.12689,-0.356953,-0.226768,6397.04,5,0.963999,52.9064,3055.47,49.0365,2,2,1.0,0.0,0.0,5,0.0,0,True,1746968616.369637,left,False
3294,1746968661.133615,196.317,-21.1913,-6.37533,-0.347433,-0.228351,6401.81,5,0.985999,54.1046,3056.67,49.0362,2,2,1.0,0.0,0.0,5,0.0,0,True,1746968616.369637,left,False
3295,1746968661.1595252,196.392,-20.5276,-6.6251,-0.337549,-0.22945,6401.85,5,1.008,55.3022,3057.86,49.0359,2,2,1.0,0.0,0.0,5,0.0,0,True,1746968616.369637,left,False
3296,1746968661.1777444,196.476,-19.7811,-6.87113,-0.327306,-0.230066,6401.81,5,1.03,56.4991,3059.06,49.0355,2,2,1.0,0.0,0.0,5,0.0,0,True,1746968616.369637,left,False
3297,1746968661.2026007,196.58,-18.9432,-7.11125,-0.316708,-0.230187,6389.36,5,1.052,57.6955,3060.26,49.0352,2,2,1.0,0.0,0.0,5,0.0,0,True,1746968616.369637,left,False
3298,1746968661.2252746,196.693,-18.0192,-7.34968,-0.305757,-0.229799,6379.22,5,1.074,58.8912,3061.45,49.0349,2,2,1.0,0.0,0.0,5,0.0,0,True,1746968616.369637,left,False
3299,1746968661.246227,196.819,-17.0143,-7.586,-0.29446,-0.228918,6363.18,5,1.096,60.0864,3062.65,49.0345,2,2,1.0,0.0,0.0,5,0.0,0,True,1746968616.369637,left,False
3300,1746968661.267979,196.952,-15.9352,-7.81351,-0.282823,-0.227562,6346.59,5,1.118,61.2811,3063.84,49.0342,2,2,1.0,0.0,0.0,5,0.0,0,True,1746968616.369637,left,False
3301,1746968661.2897525,197.093,-14.7898,-8.04793,-0.270855,-0.225748,6326.38,5,1.14,62.4755,3065.04,49.0339,2,2,1.0,0.0,0.0,5,0.0,0,True,1746968616.369637,left,False
3302,1746968661.31187,197.244,-13.5812,-8.26178,-0.258566,-0.223514,6297.49,5,1.162,63.6693,3066.23,49.0335,2,2,1.0,0.0,-0.1,5,0.0,0,True,1746968616.369637,left,False
3303,1746968661.33275,197.397,-12.3269,-8.4748,-0.245963,-0.220897,6269.52,5,1.184,64.863,3067.42,49.0332,2,2,1.0,0.0,-0.1,5,0.0,0,True,1746968616.369637,left,False
3304,1746968661.3538606,197.556,-11.0344,-8.6745,-0.23306,-0.217946,6236.31,5,1.206,66.0562,3068.62,49.0328,2,2,1.0,0.0,-0.1,5,0.0,0,True,1746968616.369637,left,False
3305,1746968661.3776202,197.723,-9.83731,-8.87008,-0.219906,-0.214107,6197.11,5,1.228,67.2493,3069.81,49.0325,2,2,1.0,0.0,-0.1,5,0.0,0,True,1746968616.369637,left,False
3306,1746968661.4006248,197.911,-8.37084,-9.03623,-0.206589,-0.208239,6145.4,5,1.25,68.4431,3071,49.0322,2,2,1.0,0.0,-0.1,5,0.0,0,True,1746968616.369637,left,False
3307,1746968661.4208772,198.089,-6.59441,-9.17281,-0.193141,-0.200411,6109.41,5,1.272,69.637,3072.2,49.0318,2,2,1.0,0.0,-0.1,5,0.0,0,True,1746968616.369637,left,False
3308,1746968661.4421427,198.246,-4.55533,-9.27995,-0.179603,-0.190739,6089.1,5,1.294,70.8314,3073.39,49.0315,2,2,1.0,0.0,-0.1,5,0.0,0,True,1746968616.369637,left,False
3309,1746968661.4672275,198.374,-2.29405,-9.35025,-0.166023,-0.179335,6080.05,5,1.316,72.0263,3074.59,49.0312,2,2,1.0,0.0,-0.1,5,0.0,0,True,1746968616.369637,left,False
3310,1746968661.488335,198.467,0.150799,-9.38753,-0.152455,-0.166312,6075.23,5,1.338,73.2217,3075.78,49.0308,2,2,1.0,0.0,-0.1,5,0.0,0,True,1746968616.369637,left,False
3311,1746968661.5120776,198.517,2.74262,-9.38633,-0.138959,-0.151812,6073.68,5,1.36,74.4178,3076.98,49.0305,2,2,1.0,0.0,-0.1,5,0.0,0,True,1746968616.369637,left,False
3312,1746968661.5328982,198.517,5.44407,-9.34927,-0.125598,-0.136004,6073.7,5,1.382,75.6146,3078.18,49.0302,2,2,1.0,0.0,-0.1,5,0.0,0,True,1746968616.369637,left,False
3313,1746968661.5550835,198.457,8.22099,-9.25936,-0.112435,-0.119035,6074.13,5,1.404,76.8122,3079.37,49.0298,2,2,1.0,0.0,-0.1,5,0.0,0,True,1746968616.369637,left,False
3314,1746968661.5761182,198.334,11.0535,-9.12703,-0.0995328,-0.101079,6075.69,5,1.426,78.0105,3080.57,49.0295,2,2,1.0,0.0,-0.1,5,0.0,0,True,1746968616.369637,left,False
3315,1746968661.5962071,198.141,13.9117,-8.94691,-0.0869478,-0.0823123,6078.15,5,1.448,79.2097,3081.77,49.0292,2,2,1.0,0.0,-0.1,5,0.0,0,True,1746968616.369637,left,False
3316,1746968661.620799,197.879,16.7709,-8.73311,-0.0747326,-0.0629467,6083.38,5,1.47,80.4094,3082.97,49.0288,2,2,1.0,0.0,-0.1,5,0.0,0,True,1746968616.369637,left,False
3317,1746968661.6405663,197.546,19.5885,-8.45967,-0.0629368,-0.0431775,6090.35,5,1.492,81.6099,3084.17,49.0285,2,2,1.0,0.0,-0.1,5,0.0,0,True,1746968616.369637,left,False
3318,1746968661.666667,197.147,22.3365,-8.1485,-0.0516061,-0.0232284,6100.85,5,1.514,82.8108,3085.37,49.0281,2,2,1.0,0.0,-0.1,5,0.0,0,True,1746968616.369637,left,False
3319,1746968661.685779,196.688,24.9724,-7.78794,-0.0407798,-0.00334334,6113.22,5,1.536,84.0119,3086.57,49.0278,2,2,1.0,0.0,-0.1,5,0.0,0,True,1746968616.369637,left,False
3320,1746968661.7095122,196.174,27.4727,-7.40323,-0.0304916,0.0162042,6135.69,5,1.558,85.213,3087.77,49.0275,2,2,1.0,0.0,0.0,5,0.0,0,True,1746968616.369637,right,False
3321,1746968661.7299912,195.624,29.766,-6.97585,-0.0207689,0.0350853,6162.21,5,1.58,86.4141,3088.98,49.0271,2,2,1.0,0.0,0.0,5,0.0,0,True,1746968616.369637,right,False
3322,1746968661.750402,195.051,31.8206,-6.53333,-0.0116346,0.0529964,6197.51,5,1.602,87.6147,3090.18,49.0268,2,2,1.0,0.0,0.0,5,0.0,0,True,1746968616.369637,right,False
3323,1746968661.7741706,194.512,33.6037,-6.06995,-0.00309436,0.0694164,6248.81,5,1.624,88.8149,3091.38,49.0265,2,2,1.0,0.0,0.0,5,0.0,0,True,1746968616.369637,right,False
3324,1746968661.796114,194.024,34.9734,-5.59375,0.00485649,0.0837867,6294.45,5,1.646,90.0145,3092.58,49.0261,2,2,1.0,0.0,0.0,5,0.0,0,True,1746968616.369637,right,False
3325,1746968661.8183033,193.599,35.8642,-5.11134,0.0122085,0.0958327,6337.18,5,1.668,91.2134,3093.77,49.0258,2,2,1.0,0.0,0.0,5,0.0,0,True,1746968616.369637,right,False
3326,1746968661.838773,193.248,36.249,-4.62463,0.0189545,0.105327,6387.14,5,1.69,92.4114,3094.97,49.0255,2,2,1.0,0.0,0.0,5,0.0,0,True,1746968616.369637,right,False
3327,1746968661.8620143,192.985,36.1005,-4.13271,0.0250895,0.112125,6441.54,5,1.712,93.6085,3096.17,49.0251,2,2,1.0,0.0,0.0,5,0.0,0,True,1746968616.369637,right,False
3328,1746968661.8835297,192.823,35.4177,-3.64402,0.0306157,0.116104,6493.16,5,1.734,94.8046,3097.37,49.0248,2,2,1.0,0.0,0.0,5,0.0,0,True,1746968616.369637,right,False
3329,1746968661.9056914,192.723,34.3345,-3.0743,0.0355756,0.117253,6585.29,5,1.756,95.9993,3098.56,49.0245,2,2,1.0,0.0,0.0,5,0.0,0,True,1746968616.369637,right,False
3330,1746968661.9259443,192.735,32.6805,-2.66595,0.0399773,0.115556,6659.8,5,1.778,97.1929,3099.75,49.0241,2,2,1.0,0.0,0.0,5,0.0,0,True,1746968616.369637,right,False
3331,1746968661.9496949,192.845,30.5216,-2.25967,0.0438309,0.111067,6714.91,5,1.8,98.3853,3100.95,49.0238,2,2,1.0,0.0,0.0,5,0.0,0,True,1746968616.369637,right,False
3332,1746968661.9715104,193.034,27.9046,-1.87267,0.047156,0.103886,6753.52,5,1.822,99.5766,3102.14,49.0234,2,2,1.0,0.0,0.0,5,0.0,0,True,1746968616.369637,right,False
3333,1746968661.9935243,193.298,24.8749,-1.50366,0.0499783,0.0942061,6761.85,5,1.844,100.767,3103.33,49.0231,2,2,1.0,0.0,0.0,5,0.0,0,True,1746968616.369637,right,False
3334,1746968662.0145862,193.598,21.5268,-1.16141,0.0523374,0.0823369,6751.81,5,1.866,101.957,3104.52,49.0228,2,2,1.0,0.0,0.0,5,0.0,0,True,1746968616.369637,right,False
3335,1746968662.0362132,193.914,17.9633,-0.844841,0.0542842,0.0686907,6718.82,5,1.888,103.147,3105.71,49.0224,2,2,1.0,0.0,0.0,5,0.0,0,True,1746968616.369637,right,False
3336,1746968662.0584228,194.241,14.3119,-0.56985,0.0558801,0.0537825,6645.02,5,1.91,104.337,3106.9,49.0221,2,2,1.0,0.0,0.0,5,0.0,0,True,1746968616.369637,right,False
3337,1746968662.081899,194.562,10.7136,-0.319779,0.0572002,0.0382307,6527.09,5,1.932,105.527,3108.09,49.0218,2,2,1.0,0.0,0.0,5,0.0,0,True,1746968616.369637,right,False
3338,1746968662.1027167,194.868,7.31659,-0.120712,0.05833,0.0226777,6371.12,5,1.954,106.718,3109.28,49.0214,2,2,1.0,0.0,0.0,5,0.0,0,True,1746968616.369637,right,False
3339,1746968662.127137,195.135,4.22686,0.0313449,0.0593568,0.0077051,6208.82,5,1.976,107.911,3110.47,49.0211,2,2,1.0,0.0,0.0,5,0.0,0,True,1746968616.369637,right,False
3340,1746968662.145812,195.337,1.50953,0.141058,0.0603611,-0.00625374,6080.26,5,1.998,109.104,3111.67,49.0208,2,2,1.0,0.0,0.0,5,0.0,0,True,1746968616.369637,right,False
3341,1746968662.1679478,195.457,-0.802379,0.202358,0.0614146,-0.0189474,6017.14,5,2.02,110.298,3112.86,49.0204,2,2,1.0,0.0,0.0,5,0.0,0,True,1746968616.369637,right,False
3342,1746968662.1904302,195.52,-2.73417,0.208666,0.0625771,-0.0303683,5996.88,5,2.042,111.493,3114.05,49.0201,2,2,1.0,0.0,0.0,5,0.0,0,True,1746968616.369637,right,False
3343,1746968662.2141125,195.556,-4.34181,0.168692,0.0638954,-0.04066,5994.08,5,2.064,112.688,3115.25,49.0198,2,2,1.0,0.0,0.0,5,0.0,0,True,1746968616.369637,right,False
3344,1746968662.2362204,195.576,-5.70239,0.0600968,0.0654022,-0.0500249,6001.48,5,2.086,113.883,3116.44,49.0194,2,2,1.0,0.0,0.0,5,0.0,0,True,1746968616.369637,right,False
3345,1746968662.2567654,195.583,-6.87498,-0.0996163,0.0671183,-0.0586662,6017.38,5,2.108,115.079,3117.64,49.0191,2,2,1.0,0.0,0.0,5,0.0,0,True,1746968616.369637,right,False
3346,1746968662.2807505,195.579,-7.93364,-0.324769,0.069053,-0.066793,6041.01,5,2.13,116.274,3118.84,49.0187,2,2,1.0,0.0,0.0,5,0.0,0,True,1746968616.369637,right,False
3347,1746968662.3071668,195.562,-8.90427,-0.602956,0.0712114,-0.0745474,6075.78,5,2.152,117.47,3120.03,49.0184,2,2,1.0,0.0,0.0,5,0.0,0,True,1746968616.369637,right,False
3348,1746968662.3226209,195.532,-9.83119,-0.914357,0.0735939,-0.0820734,6122.01,5,2.174,118.666,3121.23,49.0181,2,2,1.0,0.0,0.0,5,0.0,0,True,1746968616.369637,left,False
3349,1746968662.3460622,195.499,-10.7085,-1.24177,0.0762033,-0.0894428,6162.78,5,2.196,119.862,3122.42,49.0177,2,2,1.0,0.0,0.0,5,0.0,0,True,1746968616.369637,left,False
3350,1746968662.3666975,195.47,-11.5097,-1.56419,0.0790522,-0.0965818,6194.83,5,2.218,121.057,3123.62,49.0174,2,2,1.0,0.0,0.0,5,0.0,0,True,1746968616.369637,left,False
3351,1746968662.3882391,195.462,-12.1968,-1.86243,0.0821566,-0.103367,6203.16,5,2.24,122.253,3124.81,49.0171,2,2,1.0,0.0,0.0,5,0.0,0,True,1746968616.369637,left,False
3352,1746968662.4119189,195.469,-12.769,-2.15073,0.0855334,-0.109717,6194.61,5,2.262,123.449,3126.01,49.0167,2,2,1.0,0.0,0.0,5,0.0,0,True,1746968616.369637,left,False
3353,1746968662.4343064,195.491,-13.2206,-2.42168,0.0891955,-0.115599,6173.55,5,2.284,124.644,3127.21,49.0164,2,2,1.0,0.0,0.0,5,0.0,0,True,1746968616.369637,left,False
3354,1746968662.4559236,195.518,-13.5551,-2.68027,0.0931541,-0.120999,6152.32,5,2.306,125.841,3128.4,49.0161,2,2,1.0,0.0,0.0,5,0.0,0,True,1746968616.369637,left,False
3355,1746968662.4764183,195.551,-13.7807,-2.92802,0.0974168,-0.125953,6132.04,5,2.328,127.037,3129.6,49.0157,2,2,1.0,0.0,0.0,5,0.0,0,True,1746968616.369637,left,False
3356,1746968662.4982967,195.585,-13.8963,-3.16282,0.101992,-0.130425,6118.98,5,2.35,128.234,3130.8,49.0154,2,2,1.0,0.0,0.0,5,0.0,0,True,1746968616.369637,left,False
3357,1746968662.5203996,195.623,-13.9083,-3.39543,0.106885,-0.134416,6112.24,5,2.372,129.43,3131.99,49.0151,2,2,1.0,0.0,0.0,5,0.0,0,True,1746968616.369637,left,False
3358,1746968662.5434124,195.663,-13.8207,-3.61572,0.112097,-0.137915,6110.29,5,2.394,130.626,3133.19,49.0147,2,2,1.0,0.0,0.0,5,0.0,0,True,1746968616.369637,left,False
3359,1746968662.566032,195.711,-13.6338,-3.83656,0.117631,-0.140927,6109.3,5,2.416,131.822,3134.38,49.0144,2,2,1.0,0.0,0.0,5,0.0,0,True,1746968616.369637,left,False
3360,1746968662.5864046,195.762,-13.3578,-4.04916,0.123486,-0.143459,6113.57,5,2.438,133.017,3135.58,49.014,2,2,1.0,0.0,0.0,5,0.0,0,True,1746968616.369637,left,False
3361,1746968662.6078098,195.822,-12.9967,-4.2549,0.129659,-0.14552,6114.89,5,2.46,134.213,3136.77,49.0137,2,2,1.0,0.0,0.0,5,0.0,0,True,1746968616.369637,left,False
3362,1746968662.6333659,195.892,-12.5508,-4.45054,0.136148,-0.147132,6113.83,5,2.482,135.409,3137.97,49.0134,2,2,1.0,0.0,0.0,5,0.0,0,True,1746968616.369637,left,False
3363,1746968662.6537251,195.962,-12.0411,-4.64834,0.142948,-0.148321,6117.58,5,2.504,136.604,3139.17,49.013,2,2,1.0,0.0,0.0,5,0.0,0,True,1746968616.369637,left,False
3364,1746968662.6748505,196.042,-11.4639,-4.84427,0.150053,-0.149089,6118.81,5,2.526,137.799,3140.36,49.0127,2,2,1.0,0.0,0.0,5,0.0,0,True,1746968616.369637,left,False
3365,1746968662.6977198,196.129,-10.8241,-5.02535,0.157456,-0.149477,6114.78,5,2.548,138.994,3141.56,49.0124,2,2,1.0,0.0,0.0,5,0.0,0,True,1746968616.369637,left,False
3366,1746968662.71909,196.218,-10.1471,-5.21831,0.165149,-0.149522,6115.69,5,2.57,140.189,3142.75,49.012,2,2,1.0,0.0,0.0,5,0.0,0,True,1746968616.369637,left,False
3367,1746968662.741174,196.315,-9.4294,-5.39728,0.173121,-0.149267,6107.53,5,2.592,141.384,3143.95,49.0117,2,2,1.0,0.0,0.0,5,0.0,0,True,1746968616.369637,left,False
3368,1746968662.7641888,196.413,-8.68985,-5.57906,0.181365,-0.148755,6103.71,5,2.614,142.579,3145.14,49.0114,2,2,1.0,0.0,0.0,5,0.0,0,True,1746968616.369637,left,False
3369,1746968662.7841954,196.514,-7.9294,-5.74957,0.189868,-0.148017,6096.25,5,2.636,143.774,3146.34,49.011,2,2,1.0,0.0,0.0,5,0.0,0,True,1746968616.369637,left,False
3370,1746968662.809853,196.614,-7.16711,-5.91988,0.198619,-0.147099,6090.7,5,2.658,144.969,3147.53,49.0107,2,2,1.0,0.0,0.0,5,0.0,0,True,1746968616.369637,left,False
3371,1746968662.8297772,196.716,-6.40305,-6.08242,0.207604,-0.14603,6085.26,5,2.68,146.164,3148.73,49.0104,2,2,1.0,0.0,-0.1,5,0.0,0,True,1746968616.369637,left,False
3372,1746968662.8532457,196.817,-5.6493,-6.23735,0.216813,-0.144848,6078.54,5,2.702,147.36,3149.92,49.01,2,2,1.0,0.0,-0.1,5,0.0,0,True,1746968616.369637,left,False
3373,1746968662.8745189,196.917,-4.91165,-6.38258,0.22623,-0.143582,6073.53,5,2.724,148.555,3151.12,49.0097,2,2,1.0,0.0,-0.1,5,0.0,0,True,1746968616.369637,left,False
3374,1746968662.8947933,197.01,-4.32409,-6.51231,0.235799,-0.141499,6068.4,5,2.746,149.75,3152.31,49.0093,2,2,1.0,0.0,-0.1,5,0.0,0,True,1746968616.369637,left,False
3375,1746968662.9176228,197.109,-3.44048,-6.61703,0.245418,-0.137218,6058.08,5,2.768,150.946,3153.51,49.009,2,2,1.0,0.0,-0.1,5,0.0,0,True,1746968616.369637,left,False
3376,1746968662.9397895,197.206,-2.20849,-6.68068,0.255058,-0.130807,6048.96,5,2.79,152.142,3154.7,49.0087,2,2,1.0,0.0,-0.1,5,0.0,0,True,1746968616.369637,left,False
3377,1746968662.9626153,197.291,-0.672189,-6.71358,0.264685,-0.122399,6042.43,5,2.812,153.339,3155.9,49.0083,2,2,1.0,0.0,-0.1,5,0.0,0,True,1746968616.369637,left,False
3378,1746968662.9826694,197.354,1.12814,-6.70731,0.274257,-0.112131,6039.06,5,2.834,154.536,3157.1,49.008,2,2,1.0,0.0,-0.1,5,0.0,0,True,1746968616.369637,left,False
3379,1746968663.0066757,197.388,3.15302,-6.68239,0.283729,-0.100156,6038.92,5,2.856,155.734,3158.3,49.0077,2,2,1.0,0.0,-0.1,5,0.0,0,True,1746968616.369637,left,False
3380,1746968663.0270967,197.385,5.35174,-6.60414,0.293047,-0.0866354,6037.53,5,2.878,156.932,3159.49,49.0073,2,2,1.0,0.0,-0.1,5,0.0,0,True,1746968616.369637,left,False
3381,1746968663.050573,197.334,7.69851,-6.49643,0.30216,-0.0717486,6038.53,5,2.9,158.132,3160.69,49.007,2,2,1.0,0.0,-0.1,5,0.0,0,True,1746968616.369637,left,False
3382,1746968663.0718162,197.232,10.1517,-6.35201,0.311015,-0.0556706,6040.29,5,2.922,159.331,3161.89,49.0067,2,2,1.0,0.0,-0.1,5,0.0,0,True,1746968616.369637,left,False
3383,1746968663.0939481,197.072,12.6819,-6.16479,0.319557,-0.0385873,6042.14,5,2.944,160.531,3163.09,49.0063,2,2,1.0,0.0,-0.1,5,0.0,0,True,1746968616.369637,left,False
3384,1746968663.116557,196.852,15.2519,-5.94336,0.32774,-0.0207071,6044.28,5,2.966,161.732,3164.29,49.006,2,2,1.0,0.0,-0.1,5,0.0,0,True,1746968616.369637,left,False
3385,1746968663.138006,196.569,17.8301,-5.67816,0.335517,-0.00223422,6048.74,5,2.988,162.932,3165.49,49.0057,2,2,1.0,0.0,0.0,5,0.0,0,True,1746968616.369637,right,False
3386,1746968663.1583846,196.223,20.3885,-5.3837,0.342848,0.016593,6056.59,5,3.01,164.133,3166.7,49.0053,2,2,1.0,0.0,0.0,5,0.0,0,True,1746968616.369637,right,False
3387,1746968663.1811264,195.823,22.8738,-5.04866,0.349695,0.0355298,6064.6,5,3.032,165.334,3167.9,49.005,2,2,1.0,0.0,0.0,5,0.0,0,True,1746968616.369637,right,False
3388,1746968663.2022994,195.413,25.3175,-4.69132,0.356045,0.0539909,6081.03,5,3.054,166.535,3169.1,49.0046,2,2,1.0,0.0,0.0,5,0.0,0,True,1746968616.369637,right,False
3389,1746968663.22552,194.999,27.466,-4.31998,0.36191,0.0711039,6099.48,5,3.076,167.735,3170.3,49.0043,2,2,1.0,0.0,0.0,5,0.0,0,True,1746968616.369637,right,False
3390,1746968663.246615,194.585,29.2368,-3.92736,0.367264,0.0866051,6126.1,5,3.098,168.935,3171.5,49.004,2,2,1.0,0.0,0.0,5,0.0,0,True,1746968616.369637,right,False
3391,1746968663.2695003,194.191,30.6004,-3.52687,0.372089,0.100233,6160.96,5,3.12,170.135,3172.7,49.0036,2,2,1.0,0.0,0.0,5,0.0,0,True,1746968616.369637,right,False
3392,1746968663.2916708,193.837,31.5245,-3.10967,0.37637,0.111777,6201.23,5,3.142,171.334,3173.9,49.0033,2,2,1.0,0.0,0.0,5,0.0,0,True,1746968616.369637,right,False
3393,1746968663.3122742,193.539,31.9805,-2.69083,0.380098,0.120982,6248.44,5,3.164,172.532,3175.09,49.003,2,2,1.0,0.0,0.0,5,0.0,0,True,1746968616.369637,right,False
3394,1746968663.3342266,193.312,31.9356,-2.25802,0.383269,0.127664,6298.61,5,3.186,173.729,3176.29,49.0026,2,2,1.0,0.0,0.0,5,0.0,0,True,1746968616.369637,right,False
3395,1746968663.3566592,193.163,31.3766,-1.82789,0.385882,0.131662,6354.58,5,3.208,174.925,3177.49,49.0023,2,2,1.0,0.0,0.0,5,0.0,0,True,1746968616.369637,right,False
3396,1746968663.3785233,193.107,30.2928,-1.39003,0.38794,0.132894,6400.56,5,3.23,176.12,3178.68,49.002,2,2,1.0,0.0,0.0,5,0.0,0,True,1746968616.369637,right,False
3397,1746968663.4016132,193.136,28.7055,-0.961475,0.389453,0.131348,6443.09,5,3.252,177.314,3179.88,49.0016,2,2,1.0,0.0,0.0,5,0.0,0,True,1746968616.369637,right,False
3398,1746968663.4232213,193.242,26.6374,-0.538356,0.390436,0.127087,6475.68,5,3.274,178.506,3181.07,49.0013,2,2,1.0,0.0,0.0,5,0.0,0,True,1746968616.369637,right,False
3399,1746968663.4446294,193.421,24.1316,-0.127444,0.390909,0.12025,6489.25,5,3.296,179.698,3182.26,49.001,2,2,1.0,0.0,0.0,5,0.0,0,True,1746968616.369637,right,False
3400,1746968663.4658003,193.646,21.2724,0.260596,0.390906,0.111115,6489.95,5,3.318,180.888,3183.45,49.0006,2,2,1.0,0.0,0.0,5,0.0,0,True,1746968616.369637,right,False
3401,1746968663.48914,193.907,18.1569,0.62306,0.390472,0.100062,6461.84,5,3.34,182.079,3184.64,49.0003,2,2,1.0,0.0,0.0,5,0.0,0,True,1746968616.369637,right,False
3402,1746968663.511414,194.174,14.9167,0.937661,0.389663,0.0875964,6417.21,5,3.362,183.269,3185.83,48.9999,2,2,1.0,0.0,0.0,5,0.0,0,True,1746968616.369637,right,False
3403,1746968663.5332334,194.455,11.6769,1.2213,0.388546,0.0743091,6326.2,5,3.384,184.459,3187.02,48.9996,2,2,1.0,0.0,0.0,5,0.0,0,True,1746968616.369637,right,False
3404,1746968663.5544946,194.716,8.57637,1.46559,0.387199,0.0608104,6217.18,5,3.406,185.65,3188.21,48.9993,2,2,1.0,0.0,0.0,5,0.0,0,True,1746968616.369637,right,False
3405,1746968663.5775783,194.941,5.73038,1.65988,0.385699,0.0476845,6110.65,5,3.428,186.841,3189.4,48.9989,2,2,1.0,0.0,0.0,5,0.0,0,True,1746968616.369637,right,False
3406,1746968663.599882,195.107,3.21576,1.80575,0.384125,0.0353746,6037.34,5,3.45,188.033,3190.6,48.9986,2,2,1.0,0.0,0.0,5,0.0,0,True,1746968616.369637,right,False
3407,1746968663.6210492,195.217,1.06458,1.90824,0.382545,0.024125,6000.38,5,3.472,189.225,3191.79,48.9983,2,2,1.0,0.0,0.0,5,0.0,0,True,1746968616.369637,right,False
3408,1746968663.643378,195.289,-0.736842,1.95629,0.381023,0.013982,5986.28,5,3.494,190.419,3192.98,48.9979,2,2,1.0,0.0,0.0,5,0.0,0,True,1746968616.369637,right,False
3409,1746968663.6648922,195.338,-2.23175,1.94786,0.379604,0.00486591,5983.87,5,3.516,191.612,3194.17,48.9976,2,2,1.0,0.0,0.0,5,0.0,0,True,1746968616.369637,right,False
3410,1746968663.686901,195.374,-3.47455,1.885,0.378327,-0.00336128,5988.88,5,3.538,192.806,3195.37,48.9973,2,2,1.0,0.0,0.0,5,0.0,0,True,1746968616.369637,right,False
3411,1746968663.7100732,195.401,-4.5225,1.75829,0.377216,-0.0108581,5998.63,5,3.56,194,3196.56,48.9969,2,2,1.0,0.0,0.0,5,0.0,0,True,1746968616.369637,right,False
3412,1746968663.7301848,195.422,-5.4219,1.58281,0.376288,-0.0177745,6011.53,5,3.582,195.194,3197.76,48.9966,2,2,1.0,0.0,0.0,5,0.0,0,True,1746968616.369637,right,False
3413,1746968663.7534323,195.433,-6.21903,1.34619,0.375551,-0.0242508,6034.83,5,3.604,196.389,3198.95,48.9963,2,2,1.0,0.0,0.0,5,0.0,0,True,1746968616.369637,right,False
3414,1746968663.7741888,195.44,-6.93914,1.06766,0.375011,-0.0303872,6059.87,5,3.626,197.584,3200.15,48.9959,2,2,1.0,0.0,0.0,5,0.0,0,True,1746968616.369637,right,False
3415,1746968663.7979548,195.445,-7.59359,0.774893,0.374672,-0.0362717,6084.2,5,3.648,198.779,3201.34,48.9956,2,2,1.0,0.0,0.0,5,0.0,0,True,1746968616.369637,left,False
3416,1746968663.8192117,195.455,-8.17796,0.477178,0.374541,-0.0419123,6103.02,5,3.67,199.975,3202.54,48.9952,2,2,1.0,0.0,0.0,5,0.0,0,True,1746968616.369637,left,False
3417,1746968663.8417416,195.473,-8.67239,0.191858,0.374632,-0.0472403,6110.27,5,3.692,201.171,3203.73,48.9949,2,2,1.0,0.0,0.0,5,0.0,0,True,1746968616.369637,left,False
3418,1746968663.8640811,195.502,-9.06509,-0.0711871,0.374954,-0.0521992,6105.63,5,3.714,202.366,3204.93,48.9946,2,2,1.0,0.0,0.0,5,0.0,0,True,1746968616.369637,left,False
3419,1746968663.8856833,195.538,-9.35697,-0.329627,0.375522,-0.0567489,6097.89,5,3.736,203.563,3206.13,48.9942,2,2,1.0,0.0,0.0,5,0.0,0,True,1746968616.369637,left,False
3420,1746968663.9077272,195.581,-9.54642,-0.562687,0.376343,-0.0608882,6085.97,5,3.758,204.759,3207.32,48.9939,2,2,1.0,0.0,0.0,5,0.0,0,True,1746968616.369637,left,False
3421,1746968663.9293704,195.626,-9.64255,-0.790968,0.377423,-0.0646154,6076.5,5,3.78,205.956,3208.52,48.9936,2,2,1.0,0.0,0.0,5,0.0,0,True,1746968616.369637,left,False
3422,1746968663.9519553,195.675,-9.64943,-1.00541,0.37877,-0.0679502,6068.22,5,3.802,207.153,3209.71,48.9932,2,2,1.0,0.0,0.0,5,0.0,0,True,1746968616.369637,left,False
3423,1746968663.9750195,195.726,-9.57641,-1.21057,0.380384,-0.0708997,6063.57,5,3.824,208.35,3210.91,48.9929,2,2,1.0,0.0,0.0,5,0.0,0,True,1746968616.369637,left,False
3424,1746968663.9944735,195.78,-9.43207,-1.40993,0.382268,-0.0734882,6061.13,5,3.846,209.547,3212.11,48.9926,2,2,1.0,0.0,0.0,5,0.0,0,True,1746968616.369637,left,False
3425,1746968664.0172808,195.836,-9.22108,-1.59894,0.384421,-0.0757252,6060.23,5,3.868,210.745,3213.31,48.9922,2,2,1.0,0.0,0.0,5,0.0,0,True,1746968616.369637,left,False
3426,1746968664.0392957,195.895,-8.94864,-1.77853,0.386842,-0.0776174,6059.59,5,3.89,211.942,3214.5,48.9919,2,2,1.0,0.0,0.0,5,0.0,0,True,1746968616.369637,left,False
3427,1746968664.061383,195.958,-8.62184,-1.9615,0.389526,-0.0791825,6060.85,5,3.912,213.14,3215.7,48.9916,2,2,1.0,0.0,0.0,5,0.0,0,True,1746968616.369637,left,False
3428,1746968664.082313,196.024,-8.24562,-2.1322,0.39247,-0.0804315,6061.02,5,3.934,214.338,3216.9,48.9912,2,2,1.0,0.0,0.0,5,0.0,0,True,1746968616.369637,left,False
3429,1746968664.1041944,196.093,-7.82507,-2.29854,0.395667,-0.0813899,6062.18,5,3.956,215.536,3218.1,48.9909,2,2,1.0,0.0,0.0,5,0.0,0,True,1746968616.369637,left,False
3430,1746968664.1279414,196.166,-7.36324,-2.45009,0.399114,-0.0820628,6060.42,5,3.978,216.735,3219.3,48.9905,2,2,1.0,0.0,0.0,5,0.0,0,True,1746968616.369637,left,False
3431,1746968664.1501284,196.24,-6.87162,-2.6077,0.402801,-0.0824777,6062.48,5,4,217.933,3220.5,48.9902,2,2,1.0,0.0,0.0,5,0.0,0,True,1746968616.369637,left,False
3432,1746968664.171178,196.315,-6.35627,-2.75751,0.40672,-0.0826576,6062.91,5,4.022,219.132,3221.69,48.9899,2,2,1.0,0.0,0.0,5,0.0,0,True,1746968616.369637,left,False
3433,1746968664.1943002,196.394,-5.81759,-2.89975,0.410863,-0.08261,6061.03,5,4.044,220.331,3222.89,48.9895,2,2,1.0,0.0,0.0,5,0.0,0,True,1746968616.369637,left,False
3434,1746968664.2142727,196.472,-5.26595,-3.03815,0.415219,-0.0823665,6062.04,5,4.066,221.53,3224.09,48.9892,2,2,1.0,0.0,0.0,5,0.0,0,True,1746968616.369637,left,False
3435,1746968664.2367716,196.553,-4.70708,-3.16901,0.419778,-0.0819597,6059.34,5,4.088,222.729,3225.29,48.9889,2,2,1.0,0.0,0.0,5,0.0,0,True,1746968616.369637,left,False
3436,1746968664.2596874,196.635,-4.14987,-3.29159,0.424529,-0.0814276,6056.25,5,4.11,223.929,3226.49,48.9885,2,2,1.0,0.0,0.0,5,0.0,0,True,1746968616.369637,left,False
3437,1746968664.282706,196.716,-3.60233,-3.41451,0.42946,-0.0808003,6054.83,5,4.132,225.129,3227.69,48.9882,2,2,1.0,0.0,0.0,5,0.0,0,True,1746968616.369637,left,False
3438,1746968664.3032749,196.795,-3.06846,-3.52289,0.434561,-0.0801054,6054.22,5,4.154,226.329,3228.89,48.9879,2,2,1.0,0.0,0.0,5,0.0,0,True,1746968616.369637,left,False
3439,1746968664.3266737,196.875,-2.55325,-3.63211,0.43982,-0.0793663,6052.62,5,4.176,227.53,3230.09,48.9875,2,2,1.0,0.0,0.0,5,0.0,0,True,1746968616.369637,left,False
3440,1746968664.3460684,196.954,-2.06125,-3.72487,0.445226,-0.0786077,6051.98,5,4.198,228.73,3231.29,48.9872,2,2,1.0,0.0,-0.1,5,0.0,0,True,1746968616.369637,left,False
3441,1746968664.3677673,197.032,-1.59621,-3.81638,0.450767,-0.0778504,6052.58,5,4.22,229.931,3232.49,48.9869,2,2,1.0,0.0,-0.1,5,0.0,0,True,1746968616.369637,left,False
3442,1746968664.390522,197.11,-1.15934,-3.89354,0.456434,-0.0771107,6050.95,5,4.242,231.133,3233.7,48.9865,2,2,1.0,0.0,-0.1,5,0.0,0,True,1746968616.369637,left,False
3443,1746968664.413426,197.171,-0.882769,-3.96971,0.462169,-0.0756122,6054.85,5,4.264,232.334,3234.9,48.9862,2,2,1.0,0.0,-0.1,5,0.0,0,True,1746968616.369637,left,False
3444,1746968664.434319,197.233,-0.309613,-4.00601,0.467875,-0.0719562,6049.27,5,4.286,233.537,3236.1,48.9858,2,2,1.0,0.0,-0.1,5,0.0,0,True,1746968616.369637,left,False
3445,1746968664.4579196,197.289,0.621193,-4.01146,0.473525,-0.066185,6044.48,5,4.308,234.739,3237.3,48.9855,2,2,1.0,0.0,-0.1,5,0.0,0,True,1746968616.369637,left,False
3446,1746968664.4793622,197.333,1.8684,-3.98357,0.479091,-0.058413,6040.16,5,4.33,235.942,3238.5,48.9852,2,2,1.0,0.0,-0.1,5,0.0,0,True,1746968616.369637,left,False
3447,1746968664.5031743,197.355,3.39495,-3.93393,0.484535,-0.0487812,6038.86,5,4.352,237.145,3239.71,48.9848,2,2,1.0,0.0,-0.1,5,0.0,0,True,1746968616.369637,left,False
3448,1746968664.5217872,197.35,5.15825,-3.85174,0.489819,-0.0374505,6037.45,5,4.374,238.349,3240.91,48.9845,2,2,1.0,0.0,-0.1,5,0.0,0,True,1746968616.369637,left,False
3449,1746968664.5440485,197.309,7.11819,-3.74465,0.494897,-0.0245754,6037.27,5,4.396,239.553,3242.12,48.9842,2,2,1.0,0.0,-0.1,5,0.0,0,True,1746968616.369637,left,False
3450,1746968664.566144,197.225,9.23773,-3.59897,0.499726,-0.0103319,6037.75,5,4.418,240.758,3243.32,48.9838,2,2,1.0,0.0,-0.1,5,0.0,0,True,1746968616.369637,left,False
3451,1746968664.5901365,197.093,11.4877,-3.42125,0.504259,0.00511537,6038.14,5,4.44,241.962,3244.52,48.9835,2,2,1.0,0.0,-0.1,5,0.0,0,True,1746968616.369637,left,False
3452,1746968664.6107612,196.906,13.8219,-3.20567,0.508449,0.0215771,6039.97,5,4.462,243.167,3245.73,48.9832,2,2,1.0,0.0,0.0,5,0.0,0,True,1746968616.369637,right,False
3453,1746968664.6326008,196.662,16.2212,-2.96383,0.512256,0.0388571,6042.45,5,4.484,244.371,3246.93,48.9828,2,2,1.0,0.0,0.0,5,0.0,0,True,1746968616.369637,right,False
3454,1746968664.6546702,196.359,18.6491,-2.69257,0.51564,0.0567526,6046.73,5,4.506,245.576,3248.14,48.9825,2,2,1.0,0.0,0.0,5,0.0,0,True,1746968616.369637,right,False
3455,1746968664.6778173,196.043,21.1496,-2.39002,0.518589,0.0746434,6052.67,5,4.528,246.78,3249.34,48.9822,2,2,1.0,0.0,0.0,5,0.0,0,True,1746968616.369637,right,False
3456,1746968664.700167,195.709,23.4051,-2.07547,0.521119,0.0914769,6061.33,5,4.55,247.984,3250.55,48.9818,2,2,1.0,0.0,0.0,5,0.0,0,True,1746968616.369637,right,False
3457,1746968664.7219422,195.361,25.3403,-1.74472,0.523201,0.10706,6076.9,5,4.572,249.188,3251.75,48.9815,2,2,1.0,0.0,0.0,5,0.0,0,True,1746968616.369637,right,False
3458,1746968664.741657,195.017,26.9267,-1.39762,0.524807,0.121169,6094.82,5,4.594,250.391,3252.95,48.9811,2,2,1.0,0.0,0.0,5,0.0,0,True,1746968616.369637,right,False
3459,1746968664.7657034,194.691,28.1378,-1.04186,0.525919,0.133562,6120.53,5,4.616,251.594,3254.16,48.9808,2,2,1.0,0.0,0.0,5,0.0,0,True,1746968616.369637,right,False
3460,1746968664.7862775,194.401,28.9316,-0.672777,0.526524,0.143972,6149.51,5,4.638,252.795,3255.36,48.9805,2,2,1.0,0.0,0.0,5,0.0,0,True,1746968616.369637,right,False
3461,1746968664.8081782,194.161,29.2778,-0.289092,0.526611,0.152196,6183.92,5,4.66,253.996,3256.56,48.9801,2,2,1.0,0.0,0.0,5,0.0,0,True,1746968616.369637,right,False
3462,1746968664.8300586,193.982,29.1511,0.103447,0.526174,0.158038,6222.49,5,4.682,255.195,3257.76,48.9798,2,2,1.0,0.0,0.0,5,0.0,0,True,1746968616.369637,right,False
3463,1746968664.8522437,193.871,28.5434,0.499558,0.525215,0.161374,6264.56,5,4.704,256.393,3258.96,48.9795,2,2,1.0,0.0,0.0,5,0.0,0,True,1746968616.369637,right,False
3464,1746968664.8746903,193.833,27.4512,0.903722,0.523737,0.162127,6303.68,5,4.726,257.59,3260.15,48.9791,2,2,1.0,0.0,0.0,5,0.0,0,True,1746968616.369637,right,False
3465,1746968664.8975646,193.866,25.892,1.30104,0.521749,0.160307,6340.42,5,4.748,258.785,3261.35,48.9788,2,2,1.0,0.0,0.0,5,0.0,0,True,1746968616.369637,right,False
3466,1746968664.9187233,193.967,23.8947,1.69729,0.519267,0.156003,6365.87,5,4.77,259.979,3262.54,48.9785,2,2,1.0,0.0,0.0,5,0.0,0,True,1746968616.369637,right,False
3467,1746968664.941276,194.127,21.5153,2.08335,0.516313,0.149405,6367.04,5,4.792,261.172,3263.74,48.9781,2,2,1.0,0.0,0.0,5,0.0,0,True,1746968616.369637,right,False
3468,1746968664.9645104,194.324,18.8427,2.45063,0.512922,0.140791,6360.37,5,4.814,262.365,3264.93,48.9778,2,2,1.0,0.0,0.0,5,0.0,0,True,1746968616.369637,right,False
3469,1746968664.9856663,194.549,15.9707,2.79449,0.50914,0.130554,6322.88,5,4.836,263.556,3266.12,48.9775,2,2,1.0,0.0,0.0,5,0.0,0,True,1746968616.369637,right,False
3470,1746968665.0060983,194.784,13.0257,3.09613,0.505022,0.119206,6266.01,5,4.858,264.747,3267.31,48.9771,2,2,1.0,0.0,0.0,5,0.0,0,True,1746968616.369637,right,False
3471,1746968665.0277824,195.009,10.1374,3.36059,0.500633,0.107316,6192.23,5,4.88,265.939,3268.5,48.9768,2,2,1.0,0.0,0.0,5,0.0,0,True,1746968616.369637,right,False
3472,1746968665.0529826,195.209,7.42373,3.57401,0.496049,0.0954506,6117.46,5,4.902,267.13,3269.69,48.9764,2,2,1.0,0.0,0.0,5,0.0,0,True,1746968616.369637,right,False
3473,1746968665.0733783,195.369,4.97238,3.74772,0.491339,0.0840886,6055.05,5,4.924,268.322,3270.89,48.9761,2,2,1.0,0.0,0.0,5,0.0,0,True,1746968616.369637,right,False
3474,1746968665.094843,195.485,2.83097,3.87887,0.486573,0.0735251,6019.27,5,4.946,269.515,3272.08,48.9758,2,2,1.0,0.0,0.0,5,0.0,0,True,1746968616.369637,right,False
3475,1746968665.1181688,195.565,1.01047,3.96028,0.481811,0.0639,6001.96,5,4.968,270.708,3273.27,48.9754,2,2,1.0,0.0,0.0,5,0.0,0,True,1746968616.369637,right,False
3476,1746968665.1404803,195.624,-0.513071,3.98983,0.477106,0.0552166,5995.04,5,4.99,271.901,3274.46,48.9751,2,2,1.0,0.0,0.0,5,0.0,0,True,1746968616.369637,right,False
3477,1746968665.161781,195.667,-1.77699,3.97418,0.472498,0.0474003,5994.99,5,5.012,273.094,3275.66,48.9748,2,2,1.0,0.0,0.0,5,0.0,0,True,1746968616.369637,right,False
3478,1746968665.1826909,195.701,-2.82687,3.90036,0.468018,0.0403391,5999.25,5,5.034,274.289,3276.85,48.9744,2,2,1.0,0.0,0.0,5,0.0,0,True,1746968616.369637,right,False
3479,1746968665.205935,195.729,-3.70528,3.78341,0.463688,0.0339092,6006.4,5,5.056,275.483,3278.05,48.9741,2,2,1.0,0.0,0.0,5,0.0,0,True,1746968616.369637,right,False
3480,1746968665.2265384,195.751,-4.45392,3.60076,0.459522,0.0279891,6019.95,5,5.078,276.678,3279.24,48.9738,2,2,1.0,0.0,0.0,5,0.0,0,True,1746968616.369637,right,False
3481,1746968665.249702,195.769,-5.10196,3.38309,0.455532,0.0224816,6035.62,5,5.1,277.873,3280.44,48.9734,2,2,1.0,0.0,0.0,5,0.0,0,True,1746968616.369637,right,False
3482,1746968665.2719872,195.785,-5.67203,3.12861,0.451721,0.0172949,6052.3,5,5.122,279.069,3281.63,48.9731,2,2,1.0,0.0,0.0,5,0.0,0,True,1746968616.369637,right,False
3483,1746968665.2926676,195.803,-6.1707,2.86765,0.448098,0.0123845,6066.79,5,5.144,280.264,3282.83,48.9728,2,2,1.0,0.0,0.0,5,0.0,0,True,1746968616.369637,right,False
3484,1746968665.3160162,195.824,-6.59289,2.59746,0.444669,0.007766,6077.16,5,5.166,281.461,3284.02,48.9724,2,2,1.0,0.0,0.0,5,0.0,0,True,1746968616.369637,right,False
3485,1746968665.3366551,195.852,-6.92977,2.34859,0.441444,0.00346464,6079.38,5,5.188,282.657,3285.22,48.9721,2,2,1.0,0.0,0.0,5,0.0,0,True,1746968616.369637,right,False
3486,1746968665.3601925,195.886,-7.18236,2.1101,0.438431,-0.000497617,6077.54,5,5.21,283.854,3286.42,48.9717,2,2,1.0,0.0,0.0,5,0.0,0,True,1746968616.369637,right,False
3487,1746968665.3814056,195.925,-7.35105,1.8787,0.435638,-0.00410875,6072.64,5,5.232,285.051,3287.61,48.9714,2,2,1.0,0.0,0.0,5,0.0,0,True,1746968616.369637,right,False
3488,1746968665.403923,195.967,-7.43818,1.66216,0.433071,-0.00736578,6067.15,5,5.254,286.249,3288.81,48.9711,2,2,1.0,0.0,0.0,5,0.0,0,True,1746968616.369637,right,False
3489,1746968665.424129,196.012,-7.4483,1.45403,0.430732,-0.010281,6062.95,5,5.276,287.447,3290.01,48.9707,2,2,1.0,0.0,0.0,5,0.0,0,True,1746968616.369637,right,False
3490,1746968665.4483721,196.059,-7.38427,1.26262,0.428626,-0.0128492,6058.18,5,5.298,288.645,3291.21,48.9704,2,2,1.0,0.0,0.0,5,0.0,0,True,1746968616.369637,right,False
3491,1746968665.4686167,196.109,-7.25375,1.07618,0.426755,-0.0150807,6056.08,5,5.32,289.844,3292.41,48.9701,2,2,1.0,0.0,0.0,5,0.0,0,True,1746968616.369637,right,False
3492,1746968665.4905531,196.161,-7.0619,0.902896,0.425117,-0.0169892,6054.87,5,5.342,291.043,3293.61,48.9697,2,2,1.0,0.0,0.0,5,0.0,0,True,1746968616.369637,right,False
3493,1746968665.5118983,196.216,-6.81446,0.741144,0.423711,-0.0185907,6052.6,5,5.364,292.243,3294.81,48.9694,2,2,1.0,0.0,0.0,5,0.0,0,True,1746968616.369637,right,False
3494,1746968665.5348768,196.271,-6.5202,0.579041,0.422535,-0.0198982,6053.98,5,5.386,293.443,3296.01,48.9691,2,2,1.0,0.0,0.0,5,0.0,0,True,1746968616.369637,right,False
3495,1746968665.5575068,196.331,-6.182,0.433784,0.421584,-0.0209372,6051.66,5,5.408,294.643,3297.21,48.9687,2,2,1.0,0.0,0.0,5,0.0,0,True,1746968616.369637,right,False
3496,1746968665.578056,196.391,-5.8084,0.292294,0.420852,-0.0217168,6052.23,5,5.43,295.843,3298.41,48.9684,2,2,1.0,0.0,0.0,5,0.0,0,True,1746968616.369637,right,False
3497,1746968665.6004925,196.452,-5.40636,0.154807,0.420334,-0.022264,6053.92,5,5.452,297.044,3299.61,48.9681,2,2,1.0,0.0,0.0,5,0.0,0,True,1746968616.369637,right,False
3498,1746968665.624106,196.516,-4.98096,0.0235954,0.420022,-0.0225943,6052.78,5,5.474,298.245,3300.81,48.9677,2,2,1.0,0.0,0.0,5,0.0,0,True,1746968616.369637,right,False
3499,1746968665.646358,196.583,-4.53779,-0.0915361,0.419906,-0.022746,6049.46,5,5.496,299.447,3302.01,48.9674,2,2,1.0,0.0,0.0,5,0.0,0,True,1746968616.369637,right,False
3500,1746968665.6667562,196.654,-4.08591,-0.181203,0.419936,-0.0205653,6042.77,5,5.518,300.663,3303.23,48.967,2,2,1.0,0.0,0.0,5,0.0,0,True,1746968616.369637,right,False
3501,1746968665.690394,196.727,-3.63807,-0.231482,0.419853,-0.0164456,6032.87,5,5.54,301.891,3304.45,48.9667,2,2,1.0,0.0,0.0,5,0.0,0,True,1746968616.369637,right,False
3502,1746968665.711849,196.795,-3.20564,-0.251937,0.419621,-0.0123067,6028.78,5,5.562,303.119,3305.68,48.9664,2,2,1.0,0.0,0.0,5,0.0,0,True,1746968616.369637,right,False
3503,1746968665.7333736,196.861,-2.78847,-0.224904,0.419228,-0.00815557,6025.02,5,5.584,304.348,3306.91,48.966,2,2,1.0,0.0,0.0,5,0.0,0,True,1746968616.369637,right,False
3504,1746968665.7566912,196.926,-2.38846,-0.155759,0.418669,-0.0039889,6021.85,5,5.606,305.577,3308.14,48.9657,2,2,1.0,0.0,0.0,5,0.0,0,True,1746968616.369637,right,False
3505,1746968665.7767696,196.989,-2.00678,-0.0565382,0.417934,0.000198137,6020.03,5,5.628,306.806,3309.37,48.9654,2,2,1.0,0.0,0.0,5,0.0,0,True,1746968616.369637,right,False
3506,1746968665.7996788,197.05,-1.64494,0.0725989,0.417013,0.00440157,6020.28,5,5.65,308.036,3310.6,48.965,2,2,1.0,0.0,0.0,5,0.0,0,True,1746968616.369637,right,False
3507,1746968665.8204124,197.109,-1.30203,0.225444,0.415898,0.00862863,6020.83,5,5.672,309.266,3311.83,48.9647,2,2,1.0,0.0,0.0,5,0.0,0,True,1746968616.369637,right,False
3508,1746968665.8421397,197.168,-0.978428,0.40141,0.414577,0.0128711,6021.08,5,5.694,310.496,3313.06,48.9644,2,2,1.0,0.0,0.0,5,0.0,0,True,1746968616.369637,right,False
3509,1746968665.8649004,197.225,-0.6754,0.598832,0.413041,0.0171264,6022.26,5,5.716,311.727,3314.29,48.964,2,2,1.0,0.0,0.0,5,0.0,0,True,1746968616.369637,right,False
3510,1746968665.8876164,197.281,-0.393719,0.801085,0.411285,0.021384,6022.97,5,5.738,312.957,3315.52,48.9637,2,2,1.0,0.0,0.0,5,0.0,0,True,1746968616.369637,right,False
3511,1746968665.909319,197.336,-0.134071,1.01919,0.409292,0.0256363,6024.6,5,5.76,314.188,3316.75,48.9634,2,2,1.0,0.0,0.0,5,0.0,0,True,1746968616.369637,right,False
3512,1746968665.9323406,197.389,0.103509,1.24126,0.40706,0.0298744,6026.05,5,5.782,315.418,3317.98,48.963,2,2,1.0,0.0,0.0,5,0.0,0,True,1746968616.369637,right,False
3513,1746968665.953029,197.441,0.319009,1.46537,0.404578,0.0340902,6028.95,5,5.804,316.649,3319.21,48.9627,2,2,1.0,0.0,0.0,5,0.0,0,True,1746968616.369637,right,False
3514,1746968665.9758334,197.493,0.512479,1.69539,0.401841,0.0382773,6029.63,5,5.826,317.88,3320.44,48.9623,2,2,1.0,0.0,0.0,5,0.0,0,True,1746968616.369637,right,False
3515,1746968665.9976113,197.544,0.684857,1.92116,0.398842,0.0424296,6031.38,5,5.848,319.111,3321.67,48.962,2,2,1.0,0.0,0.0,5,0.0,0,True,1746968616.369637,right,False
3516,1746968666.0188353,197.594,0.837042,2.14421,0.395577,0.0465447,6032.46,5,5.87,320.342,3322.91,48.9617,2,2,1.0,0.0,0.0,5,0.0,0,True,1746968616.369637,right,False
3517,1746968666.0415022,197.642,0.970532,2.36221,0.392037,0.0506191,6034.84,5,5.892,321.573,3324.14,48.9613,2,2,1.0,0.0,0.0,5,0.0,0,True,1746968616.369637,right,False
3518,1746968666.0638123,197.69,1.08709,2.57069,0.38822,0.0546558,6037.17,5,5.914,322.803,3325.37,48.961,2,2,1.0,0.0,0.0,5,0.0,0,True,1746968616.369637,right,False
3519,1746968666.0857759,197.738,1.18769,2.77788,0.384123,0.0586532,6038.42,5,5.936,324.034,3326.6,48.9607,2,2,1.0,0.0,0.0,5,0.0,0,True,1746968616.369637,right,False
3520,1746968666.1088383,197.784,1.27412,2.98619,0.379744,0.0626144,6039.46,5,5.958,325.264,3327.83,48.9603,2,2,1.0,0.0,0.0,5,0.0,0,True,1746968616.369637,right,False
3521,1746968666.1301193,197.83,1.34872,3.18156,0.375075,0.0665444,6041.37,5,5.98,326.494,3329.06,48.96,2,2,1.0,0.0,0.0,5,0.0,0,True,1746968616.369637,right,False
3522,1746968666.150179,197.875,1.41223,3.38705,0.370121,0.0704438,6042.1,5,6.002,327.724,3330.29,48.9597,2,2,1.0,0.0,0.0,5,0.0,0,True,1746968616.369637,right,False
3523,1746968666.173093,197.919,1.46683,3.57087,0.364876,0.0743167,6044.03,5,6.024,328.953,3331.52,48.9593,2,2,1.0,0.0,0.0,5,0.0,0,True,1746968616.369637,right,False
3524,1746968666.1960986,197.962,1.51255,3.75919,0.359338,0.0781641,6045.43,5,6.046,330.182,3332.75,48.959,2,2,1.0,0.0,0.0,5,0.0,0,True,1746968616.369637,right,False
3525,1746968666.216345,198.005,1.55052,3.95503,0.35351,0.0819878,6046.25,5,6.068,331.411,3333.97,48.9587,2,2,1.0,0.0,0.0,5,0.0,0,True,1746968616.369637,right,False
3526,1746968666.2401972,198.047,1.58278,4.13805,0.347384,0.0857934,6048.05,5,6.09,332.639,3335.2,48.9583,2,2,1.0,0.0,0.0,5,0.0,0,True,1746968616.369637,right,False
3527,1746968666.2629442,198.088,1.60958,4.32866,0.340965,0.0895816,6048.81,5,6.112,333.867,3336.43,48.958,2,2,1.0,0.0,0.0,5,0.0,0,True,1746968616.369637,right,False
3528,1746968666.2854254,198.128,1.63223,4.51744,0.334251,0.0933562,6050.71,5,6.134,335.094,3337.66,48.9576,2,2,1.0,0.0,0.1,5,0.0,0,True,1746968616.369637,right,False
3529,1746968666.3048708,198.168,1.65018,4.7096,0.327238,0.0971169,6050.67,5,6.156,336.321,3338.88,48.9573,2,2,1.0,0.0,0.1,5,0.0,0,True,1746968616.369637,right,False
3530,1746968666.3262248,198.206,1.66545,4.89575,0.319926,0.100865,6052.8,5,6.178,337.547,3340.11,48.957,2,2,1.0,0.0,0.1,5,0.0,0,True,1746968616.369637,right,False
3531,1746968666.3505616,198.229,1.84041,5.09157,0.312384,0.103577,6055.17,5,6.2,338.772,3341.34,48.9566,2,2,1.0,0.0,0.1,5,0.0,0,True,1746968616.369637,right,False
3532,1746968666.3718472,198.249,1.58289,5.25643,0.304708,0.103619,6060.11,5,6.222,339.997,3342.56,48.9563,2,2,1.0,0.0,0.1,5,0.0,0,True,1746968616.369637,right,False
3533,1746968666.3930016,198.269,0.876343,5.38948,0.296908,0.10131,6066.33,5,6.244,341.221,3343.78,48.956,2,2,1.0,0.0,0.1,5,0.0,0,True,1746968616.369637,right,False
3534,1746968666.415949,198.285,-0.174141,5.50732,0.289001,0.0970521,6072.93,5,6.266,342.445,3345.01,48.9556,2,2,1.0,0.0,0.1,5,0.0,0,True,1746968616.369637,right,False
3535,1746968666.4361246,198.291,-1.47488,5.59476,0.281014,0.0912396,6079.98,5,6.288,343.668,3346.23,48.9553,2,2,1.0,0.0,0.1,5,0.0,0,True,1746968616.369637,right,False
3536,1746968666.4588273,198.279,-2.9451,5.65767,0.272963,0.0842662,6089.43,5,6.31,344.891,3347.45,48.955,2,2,1.0,0.0,0.1,5,0.0,0,True,1746968616.369637,right,False
3537,1746968666.4809709,198.246,-4.51772,5.6879,0.264891,0.0764711,6102.48,5,6.332,346.113,3348.68,48.9546,2,2,1.0,0.0,0.1,5,0.0,0,True,1746968616.369637,right,False
3538,1746968666.503457,198.191,-6.12972,5.69874,0.256818,0.068172,6115.99,5,6.354,347.335,3349.9,48.9543,2,2,1.0,0.0,0.1,5,0.0,0,True,1746968616.369637,right,False
3539,1746968666.5242996,198.112,-7.74629,5.67668,0.248765,0.0596306,6133.98,5,6.376,348.556,3351.12,48.954,2,2,1.0,0.0,0.1,5,0.0,0,True,1746968616.369637,right,False
3540,1746968666.5464017,198.01,-9.33306,5.63785,0.240751,0.0510245,6155.19,5,6.398,349.776,3352.34,48.9536,2,2,1.0,0.0,0.1,5,0.0,0,True,1746968616.369637,right,False
3541,1746968666.5687382,197.889,-10.874,5.57507,0.232794,0.0424823,6178.11,5,6.42,350.996,3353.56,48.9533,2,2,1.0,0.0,0.1,5,0.0,0,True,1746968616.369637,right,False
3542,1746968666.5918403,197.751,-12.3579,5.49636,0.224906,0.0340759,6200.57,5,6.442,352.215,3354.78,48.9529,2,2,1.0,0.0,0.1,5,0.0,0,True,1746968616.369637,right,False
3543,1746968666.6129055,197.598,-13.7799,5.40854,0.2171,0.0258345,6223.77,5,6.464,353.434,3356,48.9526,2,2,1.0,0.0,0.1,5,0.0,0,True,1746968616.369637,right,False
3544,1746968666.634654,197.433,-15.1449,5.30649,0.209385,0.0177496,6243.26,5,6.486,354.651,3357.21,48.9523,2,2,1.0,0.0,0.1,5,0.0,0,True,1746968616.369637,right,False
3545,1746968666.6581671,197.261,-16.4519,5.2054,0.201774,0.00979456,6254.61,5,6.508,355.868,3358.43,48.9519,2,2,1.0,0.0,0.1,5,0.0,0,True,1746968616.369637,right,False
3546,1746968666.678513,197.078,-17.7187,5.0976,0.194271,0.00195125,6263.43,5,6.53,357.085,3359.65,48.9516,2,2,1.0,0.0,0.1,5,0.0,0,True,1746968616.369637,right,False
3547,1746968666.700384,196.886,-18.9363,4.99892,0.186896,-0.00581707,6267.55,5,6.552,358.3,3360.86,48.9513,2,2,1.0,0.0,0.1,5,0.0,0,True,1746968616.369637,right,False
3548,1746968666.7240102,196.687,-20.1175,4.89452,0.179649,-0.0135101,6268.19,5,6.574,359.515,3362.08,48.9509,2,2,1.0,0.0,0.1,5,0.0,0,True,1746968616.369637,right,False
3549,1746968666.7440386,196.472,-21.2743,4.77619,0.17254,-0.0210979,6275.19,5,6.596,360.729,3363.29,48.9506,2,2,1.0,0.0,0.1,5,0.0,0,True,1746968616.369637,right,False
3550,1746968666.7667387,196.25,-22.3827,4.6727,0.165574,-0.0286009,6280.18,5,6.618,361.942,3364.5,48.9503,2,2,1.0,0.0,0.1,5,0.0,0,True,1746968616.369637,right,False
3551,1746968666.7902715,196.016,-23.4596,4.55955,0.158761,-0.0359661,6287.5,5,6.64,363.154,3365.72,48.9499,2,2,1.0,0.0,0.1,5,0.0,0,True,1746968616.369637,right,False
3552,1746968666.811365,195.779,-24.4856,4.44801,0.152098,-0.0431707,6291.65,5,6.662,364.365,3366.93,48.9496,2,2,1.0,0.0,0.1,5,0.0,0,True,1746968616.369637,right,False
3553,1746968666.8337626,195.529,-25.4652,4.33631,0.145593,-0.0501812,6305.37,5,6.684,365.576,3368.14,48.9493,2,2,1.0,0.0,0.1,5,0.0,0,True,1746968616.369637,right,False
3554,1746968666.8561065,195.277,-26.3935,4.21979,0.139254,-0.0569712,6318.8,5,6.706,366.785,3369.35,48.9489,2,2,1.0,0.0,0.1,5,0.0,0,True,1746968616.369637,right,False
3555,1746968666.8770518,195.02,-27.2657,4.10095,0.133073,-0.0634977,6334.72,5,6.728,367.993,3370.56,48.9486,2,2,1.0,0.0,0.1,5,0.0,0,True,1746968616.369637,right,False
3556,1746968666.8990333,194.762,-28.0689,3.9856,0.127061,-0.0697501,6354.34,5,6.75,369.201,3371.76,48.9482,2,2,1.0,0.0,0.1,5,0.0,0,True,1746968616.369637,right,False
3557,1746968666.9202943,194.504,-28.8132,3.86792,0.121216,-0.07571,6374.96,5,6.772,370.407,3372.97,48.9479,2,2,1.0,0.0,0.1,5,0.0,0,True,1746968616.369637,right,False
3558,1746968666.9426308,194.247,-29.495,3.74497,0.11554,-0.0813444,6395.4,5,6.794,371.612,3374.18,48.9476,2,2,1.0,0.0,0.1,5,0.0,0,True,1746968616.369637,right,False
3559,1746968666.966551,194.001,-30.0954,3.61916,0.110032,-0.0866069,6411.85,5,6.816,372.816,3375.38,48.9472,2,2,1.0,0.0,0.1,5,0.0,0,True,1746968616.369637,right,False
3560,1746968666.9874568,193.755,-30.6247,3.49139,0.104694,-0.0914947,6437.2,5,6.838,374.019,3376.58,48.9469,2,2,1.0,0.0,0.1,5,0.0,0,True,1746968616.369637,right,False
3561,1746968667.0084686,193.523,-31.0568,3.37137,0.099528,-0.0959684,6455.39,5,6.86,375.221,3377.78,48.9466,2,2,1.0,0.0,0.1,5,0.0,0,True,1746968616.369637,right,False
3562,1746968667.031287,193.303,-31.4116,3.24925,0.0945374,-0.100032,6471.44,5,6.882,376.422,3378.98,48.9462,2,2,1.0,0.0,0.1,5,0.0,0,True,1746968616.369637,right,False
3563,1746968667.0531578,193.095,-31.6779,3.12545,0.0897217,-0.10368,6486.86,5,6.904,377.621,3380.18,48.9459,2,2,1.0,0.0,0.1,5,0.0,0,True,1746968616.369637,right,False
3564,1746968667.0756767,192.898,-31.8562,3.00613,0.085083,-0.106888,6503.64,5,6.926,378.82,3381.38,48.9456,2,2,1.0,0.0,0.1,5,0.0,0,True,1746968616.369637,right,False
3565,1746968667.0983343,192.714,-31.9522,2.88167,0.0806234,-0.109663,6520.12,5,6.948,380.017,3382.58,48.9452,2,2,1.0,0.0,0.1,5,0.0,0,True,1746968616.369637,right,False
3566,1746968667.1199875,192.546,-31.9561,2.75927,0.0763407,-0.111987,6537.48,5,6.97,381.213,3383.78,48.9449,2,2,1.0,0.0,0.1,5,0.0,0,True,1746968616.369637,right,False
3567,1746968667.1415339,192.395,-31.872,2.64101,0.0722371,-0.113865,6549.01,5,6.992,382.409,3384.97,48.9446,2,2,1.0,0.0,0.1,5,0.0,0,True,1746968616.369637,right,False
3568,1746968667.16485,192.255,-31.707,2.51479,0.0683126,-0.115296,6565.86,5,7.014,383.602,3386.17,48.9442,2,2,1.0,0.0,0.1,5,0.0,0,True,1746968616.369637,right,False
3569,1746968667.1850564,192.132,-31.4512,2.39822,0.0645671,-0.116281,6582.27,5,7.036,384.795,3387.36,48.9439,2,2,1.0,0.0,0.1,5,0.0,0,True,1746968616.369637,right,False
3570,1746968667.2070575,192.024,-31.1289,2.26984,0.0609965,-0.116858,6594.86,5,7.058,385.987,3388.55,48.9436,2,2,1.0,0.0,0.1,5,0.0,0,True,1746968616.369637,right,False
3571,1746968667.2310438,191.943,-30.7028,2.15792,0.057607,-0.116997,6594.03,5,7.08,387.178,3389.74,48.9432,2,2,1.0,0.0,0.1,5,0.0,0,True,1746968616.369637,right,False
3572,1746968667.2502859,191.874,-30.1989,2.04405,0.0543945,-0.116677,6596.06,5,7.102,388.368,3390.93,48.9429,2,2,1.0,0.0,0.1,5,0.0,0,True,1746968616.369637,right,False
3573,1746968667.2747076,191.822,-29.6078,1.92604,0.0513611,-0.115903,6597.71,5,7.124,389.556,3392.12,48.9425,2,2,1.0,0.0,0.1,5,0.0,0,True,1746968616.369637,right,False
3574,1746968667.2956004,191.787,-28.9355,1.81373,0.0485067,-0.114686,6598.36,5,7.146,390.744,3393.31,48.9422,2,2,1.0,0.0,0.1,5,0.0,0,True,1746968616.369637,right,False
3575,1746968667.315993,191.765,-28.1897,1.69351,0.0458293,-0.113041,6597.52,5,7.168,391.931,3394.49,48.9419,2,2,1.0,0.0,0.1,5,0.0,0,True,1746968616.369637,right,False
3576,1746968667.338958,191.757,-27.3651,1.58509,0.0433248,-0.110979,6595.52,5,7.19,393.117,3395.68,48.9415,2,2,1.0,0.0,0.1,5,0.0,0,True,1746968616.369637,right,False
3577,1746968667.36166,191.761,-26.4763,1.47051,0.0409912,-0.108522,6595.38,5,7.212,394.303,3396.86,48.9412,2,2,1.0,0.0,0.1,5,0.0,0,True,1746968616.369637,right,False
3578,1746968667.3822613,191.782,-25.5121,1.36641,0.0388265,-0.105678,6584.82,5,7.234,395.487,3398.05,48.9409,2,2,1.0,0.0,0.1,5,0.0,0,True,1746968616.369637,right,False
3579,1746968667.406753,191.814,-24.4963,1.24864,0.0368306,-0.102484,6574.03,5,7.256,396.671,3399.23,48.9405,2,2,1.0,0.0,0.1,5,0.0,0,True,1746968616.369637,right,False
3580,1746968667.4279027,191.857,-23.4329,1.13826,0.0349915,-0.098984,6560.18,5,7.278,397.854,3400.42,48.9402,2,2,1.0,0.0,0.1,5,0.0,0,True,1746968616.369637,right,False
3581,1746968667.4499462,191.907,-22.3251,1.02574,0.033315,-0.0951968,6545.01,5,7.3,399.037,3401.6,48.9399,2,2,1.0,0.0,0.1,5,0.0,0,True,1746968616.369637,right,False
3582,1746968667.4709306,191.976,-21.1673,0.929725,0.0317912,-0.091159,6513,5,7.322,400.219,3402.78,48.9395,2,2,1.0,0.0,0.1,5,0.0,0,True,1746968616.369637,right,False
3583,1746968667.493066,192.042,-19.995,0.827866,0.0304159,-0.0869259,6489.98,5,7.344,401.401,3403.96,48.9392,2,2,1.0,0.0,0.1,5,0.0,0,True,1746968616.369637,right,False
3584,1746968667.5145802,192.114,-18.811,0.725511,0.029187,-0.0825519,6462.32,5,7.366,402.582,3405.14,48.9389,2,2,1.0,0.0,0.1,5,0.0,0,True,1746968616.369637,right,False
3585,1746968667.537647,192.19,-17.6194,0.630082,0.0280965,-0.0780723,6432.6,5,7.388,403.763,3406.33,48.9385,2,2,1.0,0.0,0.1,5,0.0,0,True,1746968616.369637,right,False
3586,1746968667.559952,192.267,-16.4345,0.537748,0.0271362,-0.0735366,6398.95,5,7.41,404.944,3407.51,48.9382,2,2,1.0,0.0,0.1,5,0.0,0,True,1746968616.369637,right,False
3587,1746968667.5852706,192.349,-15.272,0.446647,0.026296,-0.0690151,6361.99,5,7.432,406.125,3408.69,48.9378,2,2,1.0,0.0,0.1,5,0.0,0,True,1746968616.369637,right,False
3588,1746968667.6058724,192.433,-14.1399,0.365754,0.0255758,-0.0645754,6318.86,5,7.454,407.305,3409.87,48.9375,2,2,1.0,0.0,0.2,5,0.0,0,True,1746968616.369637,right,False
3589,1746968667.6253488,192.514,-13.0631,0.286695,0.0249593,-0.0602968,6275.76,5,7.476,408.486,3411.05,48.9372,2,2,1.0,0.0,0.2,5,0.0,0,True,1746968616.369637,right,False
3590,1746968667.6479723,192.592,-12.0506,0.213705,0.0244405,-0.0562638,6234.94,5,7.498,409.667,3412.23,48.9368,2,2,1.0,0.0,0.2,5,0.0,0,True,1746968616.369637,right,False
3591,1746968667.670848,192.632,-11.0875,0.146236,0.0240255,-0.052732,6200.32,5,7.52,410.847,3413.41,48.9365,2,2,1.0,0.0,0.2,5,0.0,0,True,1746968616.369637,right,False
3592,1746968667.690389,192.647,-10.2923,0.0839449,0.0237183,-0.0500567,6178.2,5,7.542,412.028,3414.59,48.9362,2,2,1.0,0.0,0.2,5,0.0,0,True,1746968616.369637,right,False
3593,1746968667.71427,192.651,-9.68165,0.0178626,0.0235148,-0.048262,6164.07,5,7.564,413.208,3415.77,48.9358,2,2,1.0,0.0,0.2,5,0.0,0,True,1746968616.369637,right,False
3594,1746968667.7347996,192.646,-9.25343,-0.0408346,0.0234111,-0.0473665,6152.47,5,7.586,414.388,3416.95,48.9355,2,2,1.0,0.0,0.2,5,0.0,0,True,1746968616.369637,right,False
3595,1746968667.757241,192.634,-9.00506,-0.0942889,0.023407,-0.0473968,6140.19,5,7.608,415.568,3418.13,48.9352,2,2,1.0,0.0,0.2,5,0.0,0,True,1746968616.369637,right,False
3596,1746968667.778586,192.613,-8.93484,-0.149434,0.0234924,-0.0483311,6130.28,5,7.63,416.748,3419.31,48.9348,2,2,1.0,0.0,0.2,5,0.0,0,True,1746968616.369637,right,False
3597,1746968667.8021178,192.583,-9.0224,-0.200723,0.0236755,-0.0500992,6122.47,5,7.652,417.928,3420.49,48.9345,2,2,1.0,0.0,0.2,5,0.0,0,True,1746968616.369637,right,False
3598,1746968667.8240385,192.543,-9.25654,-0.258088,0.0239604,-0.052655,6120.5,5,7.674,419.107,3421.67,48.9342,2,2,1.0,0.0,0.2,5,0.0,0,True,1746968616.369637,right,False
3599,1746968667.8444283,192.495,-9.61492,-0.308734,0.0243429,-0.0559386,6116.43,5,7.696,420.286,3422.85,48.9338,2,2,1.0,0.0,0.2,5,0.0,0,True,1746968616.369637,right,False
3600,1746968667.8664289,192.437,-10.0924,-0.366652,0.0248372,-0.0598844,6113.96,5,7.718,421.465,3424.03,48.9335,2,2,1.0,0.0,0.2,5,0.0,0,True,1746968616.369637,right,False
3601,1746968667.8891222,192.367,-10.6669,-0.426767,0.0254456,-0.064422,6115.29,5,7.74,422.644,3425.21,48.9331,2,2,1.0,0.0,0.2,5,0.0,0,True,1746968616.369637,right,False
3602,1746968667.9116428,192.285,-11.3304,-0.491814,0.0261719,-0.0694865,6119.7,5,7.762,423.823,3426.39,48.9328,2,2,1.0,0.0,0.2,5,0.0,0,True,1746968616.369637,right,False
3603,1746968667.9336486,192.189,-12.0699,-0.566304,0.0270243,-0.0750005,6127.49,5,7.784,425.001,3427.56,48.9325,2,2,1.0,0.0,0.2,5,0.0,0,True,1746968616.369637,right,False
3604,1746968667.9551156,192.085,-12.8629,-0.636677,0.028005,-0.0809154,6130.16,5,7.806,426.18,3428.74,48.9321,2,2,1.0,0.0,0.2,5,0.0,0,True,1746968616.369637,right,False
3605,1746968667.9763086,191.964,-13.7099,-0.712836,0.029126,-0.0871696,6139.58,5,7.828,427.357,3429.92,48.9318,2,2,1.0,0.0,0.2,5,0.0,0,True,1746968616.369637,right,False
3606,1746968668.0001884,191.83,-14.5995,-0.798473,0.0303874,-0.0936991,6150.85,5,7.85,428.535,3431.1,48.9315,2,2,1.0,0.0,0.2,5,0.0,0,True,1746968616.369637,right,False
3607,1746968668.0223203,191.685,-15.5153,-0.884159,0.0317973,-0.100438,6161.12,5,7.872,429.712,3432.27,48.9311,2,2,1.0,0.0,0.2,5,0.0,0,True,1746968616.369637,right,False
3608,1746968668.0428414,191.524,-16.4615,-0.987107,0.0333557,-0.107338,6178.14,5,7.894,430.889,3433.45,48.9308,2,2,1.0,0.0,0.2,5,0.0,0,True,1746968616.369637,right,False
3609,1746968668.0654535,191.358,-17.4077,-1.0897,0.0350728,-0.114363,6187.46,5,7.916,432.065,3434.63,48.9305,2,2,1.0,0.0,0.2,5,0.0,0,True,1746968616.369637,right,False
3610,1746968668.0863516,191.173,-18.3732,-1.19164,0.0369425,-0.121484,6206.45,5,7.938,433.241,3435.8,48.9301,2,2,1.0,0.0,0.2,5,0.0,0,True,1746968616.369637,right,False
3611,1746968668.1087213,190.981,-19.3275,-1.29912,0.038975,-0.128642,6220.96,5,7.96,434.416,3436.98,48.9298,2,2,1.0,0.0,0.2,5,0.0,0,True,1746968616.369637,right,False
3612,1746968668.1314297,190.781,-20.2732,-1.41358,0.0411764,-0.135811,6233.09,5,7.982,435.59,3438.15,48.9295,2,2,1.0,0.0,0.2,5,0.0,0,True,1746968616.369637,right,False
3613,1746968668.1527233,190.569,-21.2054,-1.52618,0.0435425,-0.142947,6248.51,5,8.004,436.764,3439.33,48.9291,2,2,1.0,0.0,0.2,5,0.0,0,True,1746968616.369637,right,False
3614,1746968668.1738322,190.35,-22.1213,-1.64785,0.0460836,-0.150034,6263.99,5,8.026,437.938,3440.5,48.9288,2,2,1.0,0.0,0.2,5,0.0,0,True,1746968616.369637,right,False
3615,1746968668.1977372,190.12,-23.0143,-1.77189,0.0487956,-0.157019,6286.62,5,8.048,439.111,3441.67,48.9284,2,2,1.0,0.0,0.2,5,0.0,0,True,1746968616.369637,right,False
3616,1746968668.2188418,189.889,-23.8665,-1.88559,0.0516764,-0.163879,6300.98,5,8.07,440.283,3442.85,48.9281,2,2,1.0,0.0,0.2,5,0.0,0,True,1746968616.369637,right,False
3617,1746968668.2407384,189.653,-24.6868,-2.0117,0.0547363,-0.17059,6317.79,5,8.092,441.454,3444.02,48.9278,2,2,1.0,0.0,0.2,5,0.0,0,True,1746968616.369637,right,False
3618,1746968668.262959,189.412,-25.466,-2.13998,0.0579793,-0.177112,6337.61,5,8.114,442.625,3445.19,48.9274,2,2,1.0,0.0,0.2,5,0.0,0,True,1746968616.369637,right,False
3619,1746968668.2850146,189.17,-26.2079,-2.26565,0.0614014,-0.183463,6354.15,5,8.136,443.794,3446.36,48.9271,2,2,1.0,0.0,0.2,5,0.0,0,True,1746968616.369637,right,False
3620,1746968668.307198,188.931,-26.8914,-2.38991,0.0650085,-0.189598,6368.19,5,8.158,444.964,3447.53,48.9268,2,2,1.0,0.0,0.2,5,0.0,0,True,1746968616.369637,right,False
3621,1746968668.3284285,188.689,-27.5241,-2.51177,0.0687968,-0.195495,6383.73,5,8.18,446.132,3448.69,48.9264,2,2,1.0,0.0,0.2,5,0.0,0,True,1746968616.369637,right,False
3622,1746968668.3506355,188.454,-28.1005,-2.63377,0.0727844,-0.201127,6396.11,5,8.202,447.299,3449.86,48.9261,2,2,1.0,0.0,0.2,5,0.0,0,True,1746968616.369637,right,False
3623,1746968668.374937,188.217,-28.6345,-2.75857,0.0769552,-0.206535,6414.01,5,8.224,448.466,3451.03,48.9258,2,2,1.0,0.0,0.2,5,0.0,0,True,1746968616.369637,right,False
3624,1746968668.3966227,187.984,-29.112,-2.88955,0.081311,-0.211665,6431.65,5,8.246,449.631,3452.19,48.9254,2,2,1.0,0.0,0.2,5,0.0,0,True,1746968616.369637,right,False
3625,1746968668.4165237,187.754,-29.5343,-3.01656,0.0858622,-0.216518,6450.92,5,8.268,450.796,3453.36,48.9251,2,2,1.0,0.0,0.2,5,0.0,0,True,1746968616.369637,right,False
3626,1746968668.4393556,187.531,-29.8969,-3.14097,0.0906006,-0.22108,6468.63,5,8.29,451.96,3454.52,48.9248,2,2,1.0,0.0,0.2,5,0.0,0,True,1746968616.369637,right,False
3627,1746968668.4608054,187.314,-30.1976,-3.26859,0.0955241,-0.225337,6487.75,5,8.312,453.123,3455.69,48.9244,2,2,1.0,0.0,0.2,5,0.0,0,True,1746968616.369637,right,False
3628,1746968668.483483,187.106,-30.4368,-3.39382,0.100643,-0.229272,6505.18,5,8.334,454.285,3456.85,48.9241,2,2,1.0,0.0,0.2,5,0.0,0,True,1746968616.369637,right,False
3629,1746968668.5046096,186.906,-30.6247,-3.52975,0.105949,-0.232907,6525.15,5,8.356,455.447,3458.01,48.9237,2,2,1.0,0.0,0.2,5,0.0,0,True,1746968616.369637,right,False
3630,1746968668.5265918,186.715,-30.7486,-3.65914,0.111442,-0.236216,6544.36,5,8.378,456.607,3459.17,48.9234,2,2,1.0,0.0,0.2,5,0.0,0,True,1746968616.369637,right,False
3631,1746968668.5498927,186.541,-30.8026,-3.78204,0.117131,-0.238759,6551.57,5,8.4,457.767,3460.33,48.9231,2,2,1.0,0.0,0.2,5,0.0,0,True,1746968616.369637,right,False
3632,1746968668.5706756,186.38,-30.8033,-3.90183,0.122956,-0.240736,6550.17,5,8.422,458.927,3461.49,48.9227,2,2,1.0,0.0,0.2,5,0.0,0,True,1746968616.369637,right,False
3633,1746968668.5922956,186.228,-30.754,-4.02278,0.128915,-0.242469,6552.66,5,8.444,460.086,3462.65,48.9224,2,2,1.0,0.0,0.2,5,0.0,0,True,1746968616.369637,right,False
3634,1746968668.614297,186.088,-30.63,-4.12619,0.135025,-0.243883,6548.12,5,8.466,461.245,3463.81,48.9221,2,2,1.0,0.0,0.0,5,0.0,0,True,1746968616.369637,left,False
3635,1746968668.6378078,185.955,-30.4535,-4.2321,0.141276,-0.245007,6551.51,5,8.488,462.402,3464.97,48.9217,2,2,1.0,0.0,0.0,5,0.0,0,True,1746968616.369637,left,False
3636,1746968668.6577997,185.833,-30.2007,-4.32794,0.147675,-0.245778,6556.67,5,8.51,463.559,3466.12,48.9214,2,2,1.0,0.0,0.0,5,0.0,0,True,1746968616.369637,left,False
3637,1746968668.6816247,185.763,-29.8885,-4.41313,0.154223,-0.246097,6552.84,5,8.532,464.716,3467.28,48.9211,2,2,1.0,0.0,0.0,5,0.0,0,True,1746968616.369637,left,False
3638,1746968668.7030063,185.748,-29.51,-4.50254,0.160903,-0.245681,6547.23,5,8.554,465.872,3468.43,48.9207,2,2,1.0,0.0,0.0,5,0.0,0,True,1746968616.369637,left,False
3639,1746968668.7250905,185.766,-28.9951,-4.59997,0.167699,-0.244483,6531.11,5,8.576,467.028,3469.59,48.9204,2,2,1.0,0.0,0.0,5,0.0,0,True,1746968616.369637,left,False
3640,1746968668.74929,185.822,-28.3155,-4.67604,0.17462,-0.242482,6499.44,5,8.598,468.184,3470.75,48.9201,2,2,1.0,0.0,0.0,5,0.0,0,True,1746968616.369637,left,False
3641,1746968668.769216,185.907,-27.4999,-4.75521,0.18167,-0.239694,6459.68,5,8.62,469.34,3471.9,48.9197,2,2,1.0,0.0,0.0,5,0.0,0,True,1746968616.369637,left,False
3642,1746968668.7909534,186.022,-26.5264,-4.82069,0.188842,-0.236105,6410.11,5,8.642,470.496,3473.06,48.9194,2,2,1.0,0.0,0.0,5,0.0,0,True,1746968616.369637,left,False
3643,1746968668.8135872,186.156,-25.4265,-4.89029,0.196139,-0.231705,6365.52,5,8.664,471.652,3474.22,48.919,2,2,1.0,0.0,0.0,5,0.0,0,True,1746968616.369637,left,False
3644,1746968668.835465,186.311,-24.1938,-4.95866,0.20355,-0.226538,6319.62,5,8.686,472.809,3475.37,48.9187,2,2,1.0,0.0,0.0,5,0.0,0,True,1746968616.369637,left,False
3645,1746968668.8559308,186.483,-22.8373,-5.02796,0.211075,-0.220604,6269.92,5,8.708,473.966,3476.53,48.9184,2,2,1.0,0.0,0.0,5,0.0,0,True,1746968616.369637,left,False
3646,1746968668.8788466,186.671,-21.3615,-5.09275,0.218701,-0.213928,6218.63,5,8.73,475.124,3477.69,48.918,2,2,1.0,0.0,0.0,5,0.0,0,True,1746968616.369637,left,False
3647,1746968668.9014356,186.869,-19.7799,-5.15959,0.226424,-0.206544,6173.27,5,8.752,476.281,3478.84,48.9177,2,2,1.0,0.0,0.0,5,0.0,0,True,1746968616.369637,left,False
3648,1746968668.923678,187.083,-18.1032,-5.21523,0.234234,-0.198511,6112.17,5,8.774,477.44,3480,48.9174,2,2,1.0,0.0,0.0,5,0.0,0,True,1746968616.369637,left,False
3649,1746968668.9450555,187.296,-16.3554,-5.26812,0.242108,-0.189906,6061.62,5,8.796,478.599,3481.16,48.917,2,2,1.0,0.0,0.0,5,0.0,0,True,1746968616.369637,left,False
3650,1746968668.9676113,187.512,-14.5615,-5.32149,0.250036,-0.180811,6008,5,8.818,479.759,3482.32,48.9167,2,2,1.0,0.0,0.0,5,0.0,0,True,1746968616.369637,left,False
3651,1746968668.9903638,187.725,-12.7407,-5.36076,0.258003,-0.171321,5951.3,5,8.84,480.92,3483.48,48.9164,2,2,1.0,0.0,0.0,5,0.0,0,True,1746968616.369637,left,False
3652,1746968669.011114,187.926,-10.9265,-5.38833,0.26598,-0.161571,5903.74,5,8.862,482.083,3484.65,48.916,2,2,1.0,0.0,0.0,5,0.0,0,True,1746968616.369637,left,False
3653,1746968669.0333014,188.114,-9.15051,-5.40458,0.273941,-0.151701,5863.12,5,8.884,483.246,3485.81,48.9157,2,2,1.0,0.0,0.0,5,0.0,0,True,1746968616.369637,left,False
3654,1746968669.0543478,188.279,-7.45743,-5.40897,0.281863,-0.141849,5837.17,5,8.906,484.41,3486.97,48.9154,2,2,1.0,0.0,0.0,5,0.0,0,True,1746968616.369637,left,False
3655,1746968669.0785365,188.43,-5.86131,-5.38715,0.289707,-0.132116,5814.11,5,8.928,485.576,3488.14,48.915,2,2,1.0,0.0,0.0,5,0.0,0,True,1746968616.369637,left,False
3656,1746968669.099221,188.564,-4.39238,-5.34628,0.297435,-0.122606,5801.15,5,8.95,486.743,3489.31,48.9147,2,2,1.0,0.0,0.0,5,0.0,0,True,1746968616.369637,left,False
3657,1746968669.1200495,188.686,-3.06063,-5.28158,0.305014,-0.113391,5793.23,5,8.972,487.912,3490.47,48.9143,2,2,1.0,0.0,0.0,5,0.0,0,True,1746968616.369637,right,False
3658,1746968669.1431515,188.795,-1.87667,-5.19355,0.312417,-0.104515,5788.68,5,8.994,489.082,3491.64,48.914,2,2,1.0,0.0,0.0,5,0.0,0,True,1746968616.369637,right,False
3659,1746968669.164485,188.897,-0.840272,-5.07441,0.319608,-0.0960116,5785.54,5,9.016,490.253,3492.82,48.9137,2,2,1.0,0.0,0.0,5,0.0,0,True,1746968616.369637,right,False
3660,1746968669.1867225,188.991,0.0507151,-4.93082,0.326538,-0.0878968,5784.51,5,9.038,491.426,3493.99,48.9133,2,2,1.0,0.0,0.0,5,0.0,0,True,1746968616.369637,right,False
3661,1746968669.2093186,189.081,0.802835,-4.75696,0.3332,-0.0801778,5784.3,5,9.06,492.6,3495.16,48.913,2,2,1.0,0.0,0.0,5,0.0,0,True,1746968616.369637,right,False
3662,1746968669.2319193,189.166,1.42438,-4.56811,0.339587,-0.0728526,5785.27,5,9.082,493.775,3496.34,48.9127,2,2,1.0,0.0,0.0,5,0.0,0,True,1746968616.369637,right,False
3663,1746968669.2530742,189.249,1.92531,-4.34844,0.345652,-0.0659115,5786.13,5,9.104,494.952,3497.51,48.9123,2,2,1.0,0.0,0.0,5,0.0,0,True,1746968616.369637,right,False
3664,1746968669.2742457,189.33,2.31602,-4.10067,0.35135,-0.0593368,5787.84,5,9.126,496.13,3498.69,48.912,2,2,1.0,0.0,0.0,5,0.0,0,True,1746968616.369637,right,False
3665,1746968669.2968,189.41,2.60804,-3.83379,0.356685,-0.0531138,5788.33,5,9.148,497.31,3499.87,48.9117,2,2,1.0,0.0,0.0,5,0.0,0,True,1746968616.369637,right,False
3666,1746968669.318731,189.488,2.81454,-3.55179,0.361672,-0.0472176,5790.72,5,9.17,498.491,3501.05,48.9113,2,2,1.0,0.0,0.0,5,0.0,0,True,1746968616.369637,right,False
3667,1746968669.3416667,189.566,2.94687,-3.26203,0.366284,-0.041621,5792.37,5,9.192,499.673,3502.24,48.911,2,2,1.0,0.0,0.0,5,0.0,0,True,1746968616.369637,right,False
3668,1746968669.3625593,189.644,3.01582,-2.95718,0.370502,-0.0362913,5792.99,5,9.214,500.856,3503.42,48.9107,2,2,1.0,0.0,0.0,5,0.0,0,True,1746968616.369637,right,False
3669,1746968669.3848798,189.721,3.03617,-2.65689,0.374358,-0.0311989,5795.54,5,9.236,502.04,3504.6,48.9103,2,2,1.0,0.0,0.0,5,0.0,0,True,1746968616.369637,right,False
3670,1746968669.407186,189.797,3.01583,-2.3484,0.377799,-0.0263039,5796.78,5,9.258,503.226,3505.79,48.91,2,2,1.0,0.0,0.0,5,0.0,0,True,1746968616.369637,right,False
3671,1746968669.4304886,189.873,2.96736,-2.0404,0.380875,-0.0215721,5798.9,5,9.28,504.412,3506.98,48.9096,2,2,1.0,0.0,0.0,5,0.0,0,True,1746968616.369637,right,False
3672,1746968669.4507046,189.947,2.89821,-1.74181,0.38356,-0.0169769,5801.22,5,9.302,505.6,3508.16,48.9093,2,2,1.0,0.0,0.0,5,0.0,0,True,1746968616.369637,right,False
3673,1746968669.4736338,190.022,2.81465,-1.446,0.385853,-0.0124848,5802.41,5,9.324,506.788,3509.35,48.909,2,2,1.0,0.0,0.0,5,0.0,0,True,1746968616.369637,right,False
3674,1746968669.494543,190.095,2.72439,-1.15437,0.387785,-0.00807238,5805.19,5,9.346,507.976,3510.54,48.9086,2,2,1.0,0.0,0.0,5,0.0,0,True,1746968616.369637,right,False
3675,1746968669.5176768,190.168,2.6307,-0.872088,0.389327,-0.00371981,5806.81,5,9.368,509.166,3511.73,48.9083,2,2,1.0,0.0,0.0,5,0.0,0,True,1746968616.369637,right,False
3676,1746968669.5411956,190.239,2.53739,-0.599217,0.390486,0.000593007,5809.49,5,9.39,510.356,3512.92,48.908,2,2,1.0,0.0,0.0,5,0.0,0,True,1746968616.369637,right,False
3677,1746968669.5619397,190.309,2.44647,-0.33194,0.391287,0.00487417,5811.84,5,9.412,511.547,3514.11,48.9076,2,2,1.0,0.0,0.0,5,0.0,0,True,1746968616.369637,right,False
3678,1746968669.5839744,190.378,2.36107,-0.0814704,0.391734,0.00913405,5815.03,5,9.434,512.738,3515.3,48.9073,2,2,1.0,0.0,0.0,5,0.0,0,True,1746968616.369637,right,False
3679,1746968669.6060162,190.447,2.27949,0.171649,0.391823,0.0133811,5816.18,5,9.456,513.93,3516.49,48.907,2,2,1.0,0.0,0.0,5,0.0,0,True,1746968616.369637,right,False
3680,1746968669.6314244,190.515,2.20413,0.411237,0.391504,0.0176261,5818.83,5,9.478,515.122,3517.69,48.9066,2,2,1.0,0.0,0.0,5,0.0,0,True,1746968616.369637,right,False
3681,1746968669.6493998,190.582,2.13474,0.653604,0.390834,0.0218723,5820.57,5,9.5,516.315,3518.88,48.9063,2,2,1.0,0.0,0.0,5,0.0,0,True,1746968616.369637,right,False
3682,1746968669.6701636,190.647,2.07263,0.888256,0.389815,0.0261225,5823.09,5,9.522,517.508,3520.07,48.906,2,2,1.0,0.0,0.1,5,0.0,0,True,1746968616.369637,right,False
3683,1746968669.694105,190.711,2.01704,1.11248,0.388445,0.0303775,5825.6,5,9.544,518.701,3521.26,48.9056,2,2,1.0,0.0,0.1,5,0.0,0,True,1746968616.369637,right,False
3684,1746968669.7144735,190.775,1.96655,1.33708,0.386727,0.0346381,5827.86,5,9.566,519.894,3522.46,48.9053,2,2,1.0,0.0,0.1,5,0.0,0,True,1746968616.369637,right,False
3685,1746968669.7366085,190.822,2.0975,1.55042,0.384721,0.0378587,5832.24,5,9.588,521.087,3523.65,48.9049,2,2,1.0,0.0,0.1,5,0.0,0,True,1746968616.369637,right,False
3686,1746968669.7593603,190.867,1.80941,1.73906,0.382527,0.0383563,5838.46,5,9.61,522.281,3524.84,48.9046,2,2,1.0,0.0,0.1,5,0.0,0,True,1746968616.369637,right,False
3687,1746968669.7811997,190.914,1.08898,1.90364,0.380177,0.0364754,5845.33,5,9.632,523.474,3526.04,48.9043,2,2,1.0,0.0,0.1,5,0.0,0,True,1746968616.369637,right,False
3688,1746968669.8032153,190.956,0.0410282,2.03738,0.377662,0.0326477,5852.4,5,9.654,524.668,3527.23,48.9039,2,2,1.0,0.0,0.1,5,0.0,0,True,1746968616.369637,right,False
3689,1746968669.824202,190.987,-1.24042,2.14311,0.375024,0.027281,5861.42,5,9.676,525.861,3528.42,48.9036,2,2,1.0,0.0,0.1,5,0.0,0,True,1746968616.369637,right,False
3690,1746968669.846801,191.002,-2.67398,2.22303,0.372288,0.0207784,5871.76,5,9.698,527.054,3529.62,48.9033,2,2,1.0,0.0,0.1,5,0.0,0,True,1746968616.369637,right,False
3691,1746968669.8698993,190.996,-4.19113,2.27134,0.369487,0.0135038,5884.04,5,9.72,528.247,3530.81,48.9029,2,2,1.0,0.0,0.1,5,0.0,0,True,1746968616.369637,right,False
3692,1746968669.890844,190.967,-5.74066,2.29455,0.366635,0.00576794,5899.76,5,9.742,529.441,3532,48.9026,2,2,1.0,0.0,0.1,5,0.0,0,True,1746968616.369637,right,False
3693,1746968669.9142797,190.916,-7.27793,2.297,0.363763,-0.00216967,5918.31,5,9.764,530.634,3533.2,48.9023,2,2,1.0,0.0,0.1,5,0.0,0,True,1746968616.369637,right,False
3694,1746968669.9347916,190.844,-8.78271,2.26792,0.360896,-0.0101455,5940.61,5,9.786,531.826,3534.39,48.9019,2,2,1.0,0.0,0.1,5,0.0,0,True,1746968616.369637,right,False
3695,1746968669.956588,190.752,-10.2418,2.21961,0.358041,-0.0180573,5964.47,5,9.808,533.019,3535.58,48.9016,2,2,1.0,0.0,0.1,5,0.0,0,True,1746968616.369637,right,False
3696,1746968669.9793098,190.644,-11.6369,2.16466,0.35522,-0.0258301,5987.66,5,9.83,534.211,3536.77,48.9013,2,2,1.0,0.0,0.1,5,0.0,0,True,1746968616.369637,right,False
3697,1746968670.0008566,190.524,-12.9706,2.1059,0.352439,-0.0334485,6007.81,5,9.852,535.402,3537.97,48.9009,2,2,1.0,0.0,0.1,5,0.0,0,True,1746968616.369637,right,False
3698,1746968670.0234902,190.393,-14.246,2.03356,0.349724,-0.0409115,6024.48,5,9.874,536.594,3539.16,48.9006,2,2,1.0,0.0,0.1,5,0.0,0,True,1746968616.369637,right,False
3699,1746968670.045051,190.251,-15.4791,1.94871,0.347074,-0.0482525,6039.27,5,9.896,537.784,3540.35,48.9002,2,2,1.0,0.0,0.1,5,0.0,0,True,1746968616.369637,right,False
3700,1746968670.0667675,190.104,-16.6522,1.87687,0.344493,-0.0554922,6043.34,5,9.918,538.975,3541.54,48.8999,2,2,1.0,0.0,0.1,5,0.0,0,True,1746968616.369637,right,False
3701,1746968670.0883834,189.948,-17.7977,1.79116,0.341991,-0.0626703,6046.36,5,9.94,540.165,3542.73,48.8996,2,2,1.0,0.0,0.0,5,0.0,0,True,1746968616.369637,left,False
3702,1746968670.1106007,189.778,-18.9082,1.71063,0.339586,-0.0697713,6052.11,5,9.962,541.354,3543.92,48.8992,2,2,1.0,0.0,0.0,5,0.0,0,True,1746968616.369637,left,False
3703,1746968670.1336427,189.6,-19.9807,1.634,0.337284,-0.0767947,6053.8,5,9.984,542.543,3545.11,48.8989,2,2,1.0,0.0,0.0,5,0.0,0,True,1746968616.369637,left,False
3704,1746968670.1565614,189.443,-21.0705,1.5457,0.335082,-0.0834931,6054.77,5,10.006,543.731,3546.29,48.8986,2,2,1.0,0.0,0.0,5,0.0,0,True,1746968616.369637,left,False
3705,1746968670.1774666,189.309,-22.0218,1.46389,0.332948,-0.0894154,6041.22,5,10.028,544.919,3547.48,48.8982,2,2,1.0,0.0,0.0,5,0.0,0,True,1746968616.369637,left,False
3706,1746968670.2001557,189.188,-22.799,1.39561,0.330888,-0.094633,6023.04,5,10.05,546.107,3548.67,48.8979,2,2,1.0,0.0,0.0,5,0.0,0,True,1746968616.369637,left,False
3707,1746968670.2216213,189.069,-23.4463,1.31764,0.328921,-0.0992075,6013.12,5,10.072,547.295,3549.86,48.8976,2,2,1.0,0.0,0.0,5,0.0,0,True,1746968616.369637,left,False
3708,1746968670.243535,188.956,-23.9604,1.23983,0.327052,-0.103152,6008.19,5,10.094,548.482,3551.05,48.8972,2,2,1.0,0.0,0.0,5,0.0,0,True,1746968616.369637,left,False
3709,1746968670.264922,188.858,-24.3406,1.17249,0.325281,-0.106498,6000.11,5,10.116,549.669,3552.23,48.8969,2,2,1.0,0.0,0.0,5,0.0,0,True,1746968616.369637,left,False
3710,1746968670.286008,188.762,-24.6117,1.09238,0.32362,-0.109246,6004.64,5,10.138,550.855,3553.42,48.8966,2,2,1.0,0.0,0.0,5,0.0,0,True,1746968616.369637,left,False
3711,1746968670.309276,188.685,-24.7584,1.02474,0.322067,-0.111421,6001.75,5,10.16,552.041,3554.6,48.8962,2,2,1.0,0.0,0.0,5,0.0,0,True,1746968616.369637,left,False
3712,1746968670.330722,188.613,-24.8009,0.947881,0.320615,-0.112997,6010.83,5,10.182,553.226,3555.79,48.8959,2,2,1.0,0.0,0.0,5,0.0,0,True,1746968616.369637,left,False
3713,1746968670.353719,188.56,-24.725,0.873996,0.319274,-0.113954,6013.88,5,10.204,554.411,3556.97,48.8955,2,2,1.0,0.0,0.0,5,0.0,0,True,1746968616.369637,left,False
3714,1746968670.375558,188.519,-24.5405,0.798818,0.318037,-0.114315,6021.96,5,10.226,555.595,3558.16,48.8952,2,2,1.0,0.0,0.0,5,0.0,0,True,1746968616.369637,left,False
3715,1746968670.3985984,188.494,-24.2387,0.723064,0.316908,-0.11404,6029.6,5,10.248,556.779,3559.34,48.8949,2,2,1.0,0.0,0.0,5,0.0,0,True,1746968616.369637,left,False
3716,1746968670.419077,188.488,-23.8253,0.650942,0.315874,-0.11314,6033.94,5,10.27,557.963,3560.53,48.8945,2,2,1.0,0.0,0.0,5,0.0,0,True,1746968616.369637,left,False
3717,1746968670.4405622,188.5,-23.297,0.577099,0.314947,-0.111607,6036.51,5,10.292,559.146,3561.71,48.8942,2,2,1.0,0.0,0.0,5,0.0,0,True,1746968616.369637,left,False
3718,1746968670.4623034,188.528,-22.6586,0.505489,0.314117,-0.109442,6037.91,5,10.314,560.329,3562.89,48.8939,2,2,1.0,0.0,0.0,5,0.0,0,True,1746968616.369637,left,False
3719,1746968670.484192,188.575,-21.9106,0.436092,0.313386,-0.106652,6034.67,5,10.336,561.511,3564.08,48.8935,2,2,1.0,0.0,0.0,5,0.0,0,True,1746968616.369637,left,False
3720,1746968670.507777,188.637,-21.0628,0.369193,0.312737,-0.10325,6031.39,5,10.358,562.694,3565.26,48.8932,2,2,1.0,0.0,0.0,5,0.0,0,True,1746968616.369637,left,False
3721,1746968670.5309741,188.716,-20.1145,0.304049,0.312178,-0.0992474,6022.11,5,10.38,563.876,3566.44,48.8929,2,2,1.0,0.0,0.0,5,0.0,0,True,1746968616.369637,left,False
3722,1746968670.5517702,188.809,-19.0775,0.247468,0.311697,-0.0946838,6008.56,5,10.402,565.058,3567.62,48.8925,2,2,1.0,0.0,0.0,5,0.0,0,True,1746968616.369637,left,False
3723,1746968670.5735185,188.911,-17.9591,0.191837,0.311286,-0.0895885,5993.82,5,10.424,566.239,3568.8,48.8922,2,2,1.0,0.0,0.0,5,0.0,0,True,1746968616.369637,left,False
3724,1746968670.5947764,189.025,-16.7667,0.142913,0.310939,-0.0839906,5976.89,5,10.446,567.421,3569.98,48.8919,2,2,1.0,0.0,0.0,5,0.0,0,True,1746968616.369637,left,False
3725,1746968670.6182492,189.148,-15.5158,0.103809,0.310632,-0.0779411,5953.3,5,10.468,568.603,3571.17,48.8915,2,2,1.0,0.0,0.0,5,0.0,0,True,1746968616.369637,left,False
3726,1746968670.640162,189.271,-14.2221,0.0664825,0.310364,-0.0714772,5936.64,5,10.49,569.785,3572.35,48.8912,2,2,1.0,0.0,0.0,5,0.0,0,True,1746968616.369637,left,False
3727,1746968670.6617424,189.397,-12.8969,0.0374785,0.310134,-0.0646563,5915.94,5,10.512,570.967,3573.53,48.8908,2,2,1.0,0.0,0.0,5,0.0,0,True,1746968616.369637,left,False
3728,1746968670.6824703,189.52,-11.5609,0.0120547,0.30991,-0.0575406,5901.34,5,10.534,572.149,3574.71,48.8905,2,2,1.0,0.0,0.0,5,0.0,0,True,1746968616.369637,left,False
3729,1746968670.7060368,189.642,-10.2263,0.00217168,0.309669,-0.0501938,5885.14,5,10.556,573.331,3575.9,48.8902,2,2,1.0,0.0,0.0,5,0.0,0,True,1746968616.369637,left,False
3730,1746968670.7265294,189.76,-8.91115,0.0113317,0.309406,-0.0426872,5868.09,5,10.578,574.514,3577.08,48.8898,2,2,1.0,0.0,0.0,5,0.0,0,True,1746968616.369637,left,False
3731,1746968670.748704,189.87,-7.64137,0.0306627,0.30908,-0.0350978,5859.34,5,10.6,575.697,3578.26,48.8895,2,2,1.0,0.0,0.0,5,0.0,0,True,1746968616.369637,left,False
3732,1746968670.7744184,189.976,-6.42442,0.0664198,0.308667,-0.0274868,5848.33,5,10.622,576.881,3579.44,48.8892,2,2,1.0,0.0,0.0,5,0.0,0,True,1746968616.369637,left,False
3733,1746968670.7925158,190.074,-5.27883,0.121395,0.308147,-0.0199137,5840.97,5,10.644,578.064,3580.63,48.8888,2,2,1.0,0.0,0.0,5,0.0,0,True,1746968616.369637,right,False
3734,1746968670.8167634,190.166,-4.2136,0.192418,0.307498,-0.0124208,5835.55,5,10.666,579.248,3581.81,48.8885,2,2,1.0,0.0,0.0,5,0.0,0,True,1746968616.369637,right,False
3735,1746968670.837923,190.251,-3.23513,0.28125,0.306688,-0.00505722,5832.05,5,10.688,580.433,3583,48.8882,2,2,1.0,0.0,0.0,5,0.0,0,True,1746968616.369637,right,False
3736,1746968670.85802,190.331,-2.34967,0.387797,0.305687,0.0021528,5831.06,5,10.71,581.617,3584.18,48.8878,2,2,1.0,0.0,0.0,5,0.0,0,True,1746968616.369637,right,False
3737,1746968670.8829193,190.407,-1.55527,0.515411,0.304484,0.00918186,5828.83,5,10.732,582.802,3585.37,48.8875,2,2,1.0,0.0,0.0,5,0.0,0,True,1746968616.369637,right,False
3738,1746968670.903105,190.479,-0.852868,0.666403,0.30304,0.0160122,5827.93,5,10.754,583.988,3586.55,48.8872,2,2,1.0,0.0,0.0,5,0.0,0,True,1746968616.369637,right,False
3739,1746968670.9245274,190.548,-0.239797,0.841376,0.301332,0.0226324,5826.48,5,10.776,585.173,3587.74,48.8868,2,2,1.0,0.0,0.0,5,0.0,0,True,1746968616.369637,right,False
3740,1746968670.948711,190.613,0.28731,1.02692,0.299363,0.0290362,5827.56,5,10.798,586.359,3588.92,48.8865,2,2,1.0,0.0,0.0,5,0.0,0,True,1746968616.369637,right,False
3741,1746968670.9693522,190.677,0.733772,1.23764,0.297078,0.0352236,5827.24,5,10.82,587.545,3590.11,48.8861,2,2,1.0,0.0,0.0,5,0.0,0,True,1746968616.369637,right,False
3742,1746968670.9945402,190.737,1.10621,1.45427,0.294516,0.0411959,5829.83,5,10.842,588.73,3591.29,48.8858,2,2,1.0,0.0,0.1,5,0.0,0,True,1746968616.369637,right,False
3743,1746968671.0145166,190.798,1.41001,1.6938,0.291609,0.0469612,5829.99,5,10.864,589.916,3592.48,48.8855,2,2,1.0,0.0,0.1,5,0.0,0,True,1746968616.369637,right,False
3744,1746968671.0349221,190.857,1.65227,1.94273,0.288353,0.0525275,5831.29,5,10.886,591.102,3593.67,48.8851,2,2,1.0,0.0,0.1,5,0.0,0,True,1746968616.369637,right,False
3745,1746968671.056008,190.897,2.01434,2.19167,0.28484,0.0568713,5834.84,5,10.908,592.288,3594.85,48.8848,2,2,1.0,0.0,0.1,5,0.0,0,True,1746968616.369637,right,False
3746,1746968671.0786905,190.936,1.91537,2.42099,0.281148,0.0583453,5840.4,5,10.93,593.474,3596.04,48.8845,2,2,1.0,0.0,0.1,5,0.0,0,True,1746968616.369637,right,False
3747,1746968671.1017783,190.98,1.34773,2.62935,0.277286,0.0572996,5845.98,5,10.952,594.659,3597.22,48.8841,2,2,1.0,0.0,0.1,5,0.0,0,True,1746968616.369637,right,False
3748,1746968671.1227827,191.021,0.420479,2.82006,0.273264,0.0541407,5851.96,5,10.974,595.844,3598.41,48.8838,2,2,1.0,0.0,0.1,5,0.0,0,True,1746968616.369637,right,False
3749,1746968671.1448994,191.053,-0.76883,2.98597,0.269111,0.0492927,5857.98,5,10.996,597.029,3599.59,48.8835,2,2,1.0,0.0,0.1,5,0.0,0,True,1746968616.369637,right,False
3750,1746968671.1662836,191.07,-2.1363,3.10968,0.264853,0.0431691,5867.03,5,11.018,598.214,3600.78,48.8831,2,2,1.0,0.0,0.1,5,0.0,0,True,1746968616.369637,right,False
3751,1746968671.1897805,191.07,-3.60768,3.20344,0.260524,0.0361285,5875.2,5,11.04,599.399,3601.96,48.8828,2,2,1.0,0.0,0.1,5,0.0,0,True,1746968616.369637,right,False
3752,1746968671.2100608,191.047,-5.13384,3.27822,0.25616,0.0284728,5888.15,5,11.062,600.583,3603.15,48.8825,2,2,1.0,0.0,0.1,5,0.0,0,True,1746968616.369637,right,False
3753,1746968671.2321515,191.001,-6.67171,3.31548,0.251771,0.0204777,5903.13,5,11.084,601.768,3604.33,48.8821,2,2,1.0,0.0,0.1,5,0.0,0,True,1746968616.369637,right,False
3754,1746968671.255105,190.932,-8.19815,3.31828,0.247388,0.0123342,5922.99,5,11.106,602.951,3605.52,48.8818,2,2,1.0,0.0,0.1,5,0.0,0,True,1746968616.369637,right,False
3755,1746968671.2758036,190.841,-9.69308,3.29046,0.243025,0.00420189,5947.98,5,11.128,604.135,3606.7,48.8814,2,2,1.0,0.0,0.1,5,0.0,0,True,1746968616.369637,right,False
3756,1746968671.2987578,190.733,-11.1388,3.24773,0.238691,-0.00383747,5971.82,5,11.15,605.318,3607.88,48.8811,2,2,1.0,0.0,0.1,5,0.0,0,True,1746968616.369637,right,False
3757,1746968671.3215914,190.609,-12.5242,3.18883,0.234402,-0.0117246,5994.98,5,11.172,606.5,3609.06,48.8808,2,2,1.0,0.0,0.1,5,0.0,0,True,1746968616.369637,right,False
3758,1746968671.3439748,190.474,-13.8578,3.11721,0.230165,-0.019484,6014.91,5,11.194,607.682,3610.25,48.8804,2,2,1.0,0.0,0.1,5,0.0,0,True,1746968616.369637,right,False
3759,1746968671.3643382,190.324,-15.1488,3.03596,0.225994,-0.0271164,6033.27,5,11.216,608.864,3611.43,48.8801,2,2,1.0,0.0,0.1,5,0.0,0,True,1746968616.369637,right,False
3760,1746968671.3871012,190.167,-16.4003,2.94358,0.221897,-0.0346678,6046,5,11.238,610.045,3612.61,48.8798,2,2,1.0,0.0,0.1,5,0.0,0,True,1746968616.369637,right,False
3761,1746968671.4101813,190,-17.605,2.85172,0.217883,-0.0421195,6055.79,5,11.26,611.225,3613.79,48.8794,2,2,1.0,0.0,0.1,5,0.0,0,True,1746968616.369637,right,False
3762,1746968671.4320266,189.824,-18.7707,2.76119,0.213959,-0.0494821,6061.41,5,11.282,612.405,3614.97,48.8791,2,2,1.0,0.0,0.1,5,0.0,0,True,1746968616.369637,right,False
3763,1746968671.4529247,189.636,-19.8995,2.66843,0.21013,-0.0567626,6066.93,5,11.304,613.584,3616.15,48.8788,2,2,1.0,0.0,0.1,5,0.0,0,True,1746968616.369637,right,False
3764,1746968671.4746437,189.441,-20.9919,2.57619,0.206406,-0.0639381,6071.16,5,11.326,614.762,3617.33,48.8784,2,2,1.0,0.0,0.1,5,0.0,0,True,1746968616.369637,right,False
3765,1746968671.4979916,189.236,-22.0446,2.48213,0.202798,-0.0709953,6073.94,5,11.348,615.94,3618.5,48.8781,2,2,1.0,0.0,0.1,5,0.0,0,True,1746968616.369637,right,False
3766,1746968671.520568,189.018,-23.0557,2.38613,0.199302,-0.0778859,6087.31,5,11.37,617.117,3619.68,48.8778,2,2,1.0,0.0,0.1,5,0.0,0,True,1746968616.369637,right,False
3767,1746968671.5396147,188.797,-24.016,2.28781,0.195936,-0.0845876,6095.81,5,11.392,618.293,3620.86,48.8774,2,2,1.0,0.0,0.1,5,0.0,0,True,1746968616.369637,right,False
3768,1746968671.563961,188.57,-24.9251,2.18761,0.192692,-0.0910658,6106.8,5,11.414,619.468,3622.03,48.8771,2,2,1.0,0.0,0.1,5,0.0,0,True,1746968616.369637,right,False
3769,1746968671.5859203,188.337,-25.7741,2.09636,0.189568,-0.0972804,6123.41,5,11.436,620.643,3623.21,48.8767,2,2,1.0,0.0,0.1,5,0.0,0,True,1746968616.369637,right,False
3770,1746968671.6063924,188.103,-26.5636,1.99374,0.186595,-0.103215,6137.87,5,11.458,621.816,3624.38,48.8764,2,2,1.0,0.0,0.1,5,0.0,0,True,1746968616.369637,right,False
3771,1746968671.6299653,187.873,-27.2764,1.89457,0.183732,-0.108804,6152.71,5,11.48,622.989,3625.55,48.8761,2,2,1.0,0.0,0.1,5,0.0,0,True,1746968616.369637,right,False
3772,1746968671.6507676,187.642,-27.918,1.79599,0.181017,-0.114038,6172.87,5,11.502,624.161,3626.72,48.8757,2,2,1.0,0.0,0.1,5,0.0,0,True,1746968616.369637,right,False
3773,1746968671.6724377,187.412,-28.49,1.69518,0.178448,-0.118914,6196.63,5,11.524,625.332,3627.9,48.8754,2,2,1.0,0.0,0.1,5,0.0,0,True,1746968616.369637,right,False
3774,1746968671.6951551,187.194,-28.9721,1.59949,0.175997,-0.123367,6214.19,5,11.546,626.502,3629.07,48.8751,2,2,1.0,0.0,0.1,5,0.0,0,True,1746968616.369637,right,False
3775,1746968671.7162173,186.985,-29.3688,1.50179,0.173689,-0.127408,6232.17,5,11.568,627.671,3630.23,48.8747,2,2,1.0,0.0,0.1,5,0.0,0,True,1746968616.369637,right,False
3776,1746968671.7386725,186.784,-29.6885,1.40145,0.171534,-0.131034,6250.86,5,11.59,628.838,3631.4,48.8744,2,2,1.0,0.0,0.1,5,0.0,0,True,1746968616.369637,right,False
3777,1746968671.7628198,186.595,-29.9294,1.30034,0.169524,-0.134234,6266.87,5,11.612,630.005,3632.57,48.8741,2,2,1.0,0.0,0.1,5,0.0,0,True,1746968616.369637,right,False
3778,1746968671.7838397,186.416,-30.0864,1.19538,0.167664,-0.137004,6287.83,5,11.634,631.171,3633.74,48.8737,2,2,1.0,0.0,0.1,5,0.0,0,True,1746968616.369637,right,False
3779,1746968671.8067737,186.255,-30.1588,1.09567,0.16595,-0.139343,6301.29,5,11.656,632.336,3634.9,48.8734,2,2,1.0,0.0,0.1,5,0.0,0,True,1746968616.369637,right,False
3780,1746968671.8257957,186.106,-30.1509,0.993831,0.164386,-0.14124,6313.3,5,11.678,633.5,3636.06,48.8731,2,2,1.0,0.0,0.1,5,0.0,0,True,1746968616.369637,right,False
3781,1746968671.850794,185.97,-30.0628,0.887708,0.162964,-0.142707,6330.04,5,11.7,634.662,3637.23,48.8727,2,2,1.0,0.0,0.1,5,0.0,0,True,1746968616.369637,right,False
3782,1746968671.87298,185.852,-29.8844,0.792788,0.161692,-0.143727,6336.56,5,11.722,635.824,3638.39,48.8724,2,2,1.0,0.0,0.1,5,0.0,0,True,1746968616.369637,right,False
3783,1746968671.8937383,185.75,-29.6233,0.695435,0.160549,-0.144297,6345.52,5,11.744,636.985,3639.55,48.872,2,2,1.0,0.0,0.1,5,0.0,0,True,1746968616.369637,right,False
3784,1746968671.9160268,185.663,-29.2789,0.597582,0.159542,-0.144419,6353.69,5,11.766,638.145,3640.71,48.8717,2,2,1.0,0.0,0.1,5,0.0,0,True,1746968616.369637,right,False
3785,1746968671.9378095,185.596,-28.8505,0.506589,0.15867,-0.1441,6354.59,5,11.788,639.305,3641.87,48.8714,2,2,1.0,0.0,0.1,5,0.0,0,True,1746968616.369637,right,False
3786,1746968671.9596148,185.544,-28.3456,0.410816,0.157943,-0.143337,6353.91,5,11.81,640.463,3643.03,48.871,2,2,1.0,0.0,0.1,5,0.0,0,True,1746968616.369637,right,False
3787,1746968671.9830768,185.504,-27.7618,0.322802,0.157367,-0.142149,6354.27,5,11.832,641.621,3644.18,48.8707,2,2,1.0,0.0,0.1,5,0.0,0,True,1746968616.369637,right,False
3788,1746968672.0030632,185.479,-27.0962,0.230141,0.156934,-0.140491,6357.84,5,11.854,642.777,3645.34,48.8704,2,2,1.0,0.0,0.1,5,0.0,0,True,1746968616.369637,right,False
3789,1746968672.0243206,185.474,-26.3535,0.136951,0.156653,-0.138364,6351.58,5,11.876,643.933,3646.5,48.87,2,2,1.0,0.0,0.1,5,0.0,0,True,1746968616.369637,right,False
3790,1746968672.046644,185.475,-25.5378,0.0394891,0.156517,-0.1358,6356.33,5,11.898,645.089,3647.65,48.8697,2,2,1.0,0.0,0.1,5,0.0,0,True,1746968616.369637,right,False
3791,1746968672.0697973,185.501,-24.6435,-0.0429687,0.156533,-0.132849,6342.93,5,11.92,646.243,3648.81,48.8694,2,2,1.0,0.0,0.1,5,0.0,0,True,1746968616.369637,right,False
3792,1746968672.0897927,185.523,-23.713,-0.13878,0.156662,-0.129565,6343.53,5,11.942,647.397,3649.96,48.869,2,2,1.0,0.0,0.1,5,0.0,0,True,1746968616.369637,right,False
3793,1746968672.115186,185.574,-22.7307,-0.218322,0.15693,-0.126014,6318.45,5,11.964,648.551,3651.11,48.8687,2,2,1.0,0.0,0.1,5,0.0,0,True,1746968616.369637,right,False
3794,1746968672.1356602,185.619,-21.7258,-0.311677,0.157312,-0.122234,6307.65,5,11.986,649.704,3652.27,48.8684,2,2,1.0,0.0,0.1,5,0.0,0,True,1746968616.369637,right,False
3795,1746968672.1560674,185.667,-20.6916,-0.402595,0.157824,-0.118183,6302.79,5,12.008,650.857,3653.42,48.868,2,2,1.0,0.0,0.1,5,0.0,0,True,1746968616.369637,right,False
3796,1746968672.1806707,185.734,-19.6103,-0.490901,0.158449,-0.113862,6279.64,5,12.03,652.009,3654.57,48.8677,2,2,1.0,0.0,0.1,5,0.0,0,True,1746968616.369637,right,False
3797,1746968672.2013655,185.815,-18.4979,-0.562047,0.159184,-0.109334,6246.04,5,12.052,653.161,3655.73,48.8673,2,2,1.0,0.0,0.1,5,0.0,0,True,1746968616.369637,right,False
3798,1746968672.222948,185.899,-17.3697,-0.645616,0.160026,-0.104632,6212.57,5,12.074,654.313,3656.88,48.867,2,2,1.0,0.0,0.1,5,0.0,0,True,1746968616.369637,right,False
3799,1746968672.2440953,185.983,-16.2376,-0.719693,0.160969,-0.0998101,6180.34,5,12.096,655.465,3658.03,48.8667,2,2,1.0,0.0,0.1,5,0.0,0,True,1746968616.369637,right,False
3800,1746968672.267617,186.074,-15.1068,-0.784941,0.162005,-0.0949463,6143.51,5,12.118,656.617,3659.18,48.8663,2,2,1.0,0.0,0.1,5,0.0,0,True,1746968616.369637,right,False
3801,1746968672.2890465,186.17,-14.0064,-0.84019,0.163134,-0.0901409,6095.25,5,12.14,657.769,3660.33,48.866,2,2,1.0,0.0,0.1,5,0.0,0,True,1746968616.369637,right,False
3802,1746968672.3104405,186.26,-12.9513,-0.8958,0.164331,-0.0854776,6055.97,5,12.162,658.921,3661.49,48.8657,2,2,1.0,0.0,0.2,5,0.0,0,True,1746968616.369637,right,False
3803,1746968672.3346014,186.343,-11.9625,-0.948634,0.165605,-0.0810211,6022.6,5,12.184,660.074,3662.64,48.8653,2,2,1.0,0.0,0.2,5,0.0,0,True,1746968616.369637,right,False
3804,1746968672.3572218,186.422,-11.0499,-1.00145,0.166939,-0.0768592,5992.19,5,12.206,661.226,3663.79,48.865,2,2,1.0,0.0,0.2,5,0.0,0,True,1746968616.369637,right,False
3805,1746968672.3767166,186.464,-10.1847,-1.03889,0.168339,-0.0732716,5965.82,5,12.228,662.379,3664.94,48.8647,2,2,1.0,0.0,0.2,5,0.0,0,True,1746968616.369637,right,False
3806,1746968672.399035,186.484,-9.49575,-1.07018,0.169811,-0.0706416,5945.64,5,12.25,663.531,3666.1,48.8643,2,2,1.0,0.0,0.2,5,0.0,0,True,1746968616.369637,right,False
3807,1746968672.4218802,186.49,-9.00898,-1.1062,0.171346,-0.0689842,5939.32,5,12.272,664.684,3667.25,48.864,2,2,1.0,0.0,0.2,5,0.0,0,True,1746968616.369637,right,False
3808,1746968672.443645,186.485,-8.71434,-1.14598,0.172952,-0.0682863,5936.48,5,12.294,665.837,3668.4,48.8637,2,2,1.0,0.0,0.2,5,0.0,0,True,1746968616.369637,right,False
3809,1746968672.4642692,186.476,-8.58485,-1.17922,0.174612,-0.0685133,5930.03,5,12.316,666.989,3669.55,48.8633,2,2,1.0,0.0,0.2,5,0.0,0,True,1746968616.369637,right,False
3810,1746968672.4867175,186.455,-8.63339,-1.21626,0.176343,-0.0696417,5930.65,5,12.338,668.142,3670.71,48.863,2,2,1.0,0.0,0.2,5,0.0,0,True,1746968616.369637,right,False
3811,1746968672.5088809,186.432,-8.82022,-1.24552,0.178126,-0.0715934,5924.17,5,12.36,669.294,3671.86,48.8626,2,2,1.0,0.0,0.2,5,0.0,0,True,1746968616.369637,right,False
3812,1746968672.5311224,186.395,-9.14469,-1.27951,0.179987,-0.074337,5923.62,5,12.382,670.447,3673.01,48.8623,2,2,1.0,0.0,0.2,5,0.0,0,True,1746968616.369637,right,False
3813,1746968672.5528622,186.348,-9.59015,-1.31555,0.181908,-0.0777806,5926.9,5,12.404,671.599,3674.16,48.862,2,2,1.0,0.0,0.2,5,0.0,0,True,1746968616.369637,right,False
3814,1746968672.5752513,186.292,-10.1336,-1.35253,0.183915,-0.0818483,5928.35,5,12.426,672.752,3675.32,48.8616,2,2,1.0,0.0,0.2,5,0.0,0,True,1746968616.369637,right,False
3815,1746968672.5966341,186.222,-10.7677,-1.39158,0.186005,-0.0864495,5935.48,5,12.448,673.904,3676.47,48.8613,2,2,1.0,0.0,0.2,5,0.0,0,True,1746968616.369637,right,False
3816,1746968672.6203384,186.142,-11.472,-1.43739,0.188187,-0.0915099,5939.96,5,12.47,675.057,3677.62,48.861,2,2,1.0,0.0,0.2,5,0.0,0,True,1746968616.369637,right,False
3817,1746968672.641303,186.053,-12.2188,-1.48295,0.190468,-0.096933,5943.05,5,12.492,676.209,3678.77,48.8606,2,2,1.0,0.0,0.2,5,0.0,0,True,1746968616.369637,right,False
3818,1746968672.6641438,185.948,-13.0254,-1.54123,0.192848,-0.102677,5954.25,5,12.514,677.361,3679.92,48.8603,2,2,1.0,0.0,0.2,5,0.0,0,True,1746968616.369637,right,False
3819,1746968672.6861098,185.831,-13.8595,-1.59988,0.195342,-0.108673,5964.79,5,12.536,678.512,3681.08,48.86,2,2,1.0,0.0,0.2,5,0.0,0,True,1746968616.369637,right,False
3820,1746968672.7079918,185.709,-14.7182,-1.66643,0.197934,-0.114906,5968.28,5,12.558,679.664,3682.23,48.8596,2,2,1.0,0.0,0.2,5,0.0,0,True,1746968616.369637,right,False
3821,1746968672.729131,185.564,-15.6165,-1.74445,0.200664,-0.121325,5986.13,5,12.58,680.815,3683.38,48.8593,2,2,1.0,0.0,0.2,5,0.0,0,True,1746968616.369637,right,False
3822,1746968672.7509696,185.416,-16.5039,-1.81091,0.203491,-0.127864,5992.12,5,12.602,681.966,3684.53,48.859,2,2,1.0,0.0,0.2,5,0.0,0,True,1746968616.369637,right,False
3823,1746968672.773489,185.25,-17.421,-1.89699,0.206464,-0.134506,6010.4,5,12.624,683.117,3685.68,48.8586,2,2,1.0,0.0,0.2,5,0.0,0,True,1746968616.369637,right,False
3824,1746968672.795016,185.074,-18.3347,-1.98789,0.209572,-0.141208,6026.45,5,12.646,684.267,3686.83,48.8583,2,2,1.0,0.0,0.2,5,0.0,0,True,1746968616.369637,right,False
3825,1746968672.81779,184.89,-19.233,-2.07415,0.212787,-0.147922,6040.52,5,12.668,685.417,3687.98,48.8579,2,2,1.0,0.0,0.2,5,0.0,0,True,1746968616.369637,right,False
3826,1746968672.8399909,184.7,-20.1183,-2.15976,0.216138,-0.154616,6051.19,5,12.69,686.566,3689.13,48.8576,2,2,1.0,0.0,0.2,5,0.0,0,True,1746968616.369637,right,False
3827,1746968672.8617222,184.501,-20.9831,-2.24818,0.219625,-0.16128,6062.8,5,12.712,687.715,3690.28,48.8573,2,2,1.0,0.0,0.2,5,0.0,0,True,1746968616.369637,right,False
3828,1746968672.8831482,184.294,-21.8338,-2.34341,0.223256,-0.167878,6074.08,5,12.734,688.863,3691.43,48.8569,2,2,1.0,0.0,0.2,5,0.0,0,True,1746968616.369637,right,False
3829,1746968672.9069886,184.076,-22.6632,-2.44329,0.227033,-0.174374,6094.54,5,12.756,690.011,3692.58,48.8566,2,2,1.0,0.0,0.2,5,0.0,0,True,1746968616.369637,right,False
3830,1746968672.9285398,183.854,-23.4655,-2.54351,0.230972,-0.180751,6110.54,5,12.778,691.158,3693.72,48.8563,2,2,1.0,0.0,0.0,5,0.0,0,True,1746968616.369637,left,False
3831,1746968672.9479485,183.627,-24.232,-2.6527,0.235071,-0.186957,6130.54,5,12.8,692.305,3694.87,48.8559,2,2,1.0,0.0,0.0,5,0.0,0,True,1746968616.369637,left,False
3832,1746968672.970313,183.398,-24.9616,-2.7618,0.239308,-0.193006,6148.56,5,12.822,693.451,3696.02,48.8556,2,2,1.0,0.0,0.0,5,0.0,0,True,1746968616.369637,left,False
3833,1746968672.9937005,183.202,-25.6734,-2.86714,0.24369,-0.19873,6169.51,5,12.844,694.596,3697.16,48.8553,2,2,1.0,0.0,0.0,5,0.0,0,True,1746968616.369637,left,False
3834,1746968673.0148342,183.072,-26.2986,-2.96495,0.248173,-0.203702,6159.17,5,12.866,695.742,3698.31,48.8549,2,2,1.0,0.0,0.0,5,0.0,0,True,1746968616.369637,left,False
3835,1746968673.0365386,182.957,-26.765,-3.06464,0.252796,-0.207846,6152.7,5,12.888,696.887,3699.45,48.8546,2,2,1.0,0.0,0.0,5,0.0,0,True,1746968616.369637,left,False
3836,1746968673.0587206,182.879,-27.0692,-3.15728,0.257523,-0.211189,6121.08,5,12.91,698.032,3700.6,48.8543,2,2,1.0,0.0,0.0,5,0.0,0,True,1746968616.369637,left,False
3837,1746968673.0816665,182.816,-27.2285,-3.25536,0.262397,-0.213752,6099.19,5,12.932,699.177,3701.74,48.8539,2,2,1.0,0.0,0.0,5,0.0,0,True,1746968616.369637,left,False
3838,1746968673.105321,182.774,-27.2411,-3.34993,0.267406,-0.215564,6075.75,5,12.954,700.322,3702.89,48.8536,2,2,1.0,0.0,0.0,5,0.0,0,True,1746968616.369637,left,False
3839,1746968673.1256468,182.752,-27.109,-3.43211,0.272525,-0.216638,6054.52,5,12.976,701.467,3704.03,48.8532,2,2,1.0,0.0,0.0,5,0.0,0,True,1746968616.369637,left,False
3840,1746968673.1491034,182.751,-26.8528,-3.52873,0.277793,-0.216986,6031.43,5,12.998,702.612,3705.18,48.8529,2,2,1.0,0.0,0.0,5,0.0,0,True,1746968616.369637,left,False
3841,1746968673.1698322,182.762,-26.4659,-3.6128,0.283204,-0.216621,6021.5,5,13.02,703.757,3706.32,48.8526,2,2,1.0,0.0,0.0,5,0.0,0,True,1746968616.369637,left,False
3842,1746968673.18979,182.793,-25.9575,-3.70418,0.288733,-0.215549,6009.41,5,13.042,704.902,3707.47,48.8522,2,2,1.0,0.0,0.0,5,0.0,0,True,1746968616.369637,left,False
3843,1746968673.2147992,182.842,-25.3231,-3.79586,0.294396,-0.213772,6003.14,5,13.064,706.047,3708.61,48.8519,2,2,1.0,0.0,0.0,5,0.0,0,True,1746968616.369637,left,False
3844,1746968673.2355878,182.913,-24.5704,-3.87594,0.300185,-0.211307,5989.28,5,13.086,707.192,3709.76,48.8516,2,2,1.0,0.0,0.0,5,0.0,0,True,1746968616.369637,left,False
3845,1746968673.2561026,182.997,-23.7083,-3.9641,0.306094,-0.20817,5984.02,5,13.108,708.337,3710.9,48.8512,2,2,1.0,0.0,0.0,5,0.0,0,True,1746968616.369637,left,False
3846,1746968673.2782025,183.103,-22.7276,-4.03731,0.312122,-0.204367,5966.49,5,13.13,709.483,3712.05,48.8509,2,2,1.0,0.0,0.0,5,0.0,0,True,1746968616.369637,left,False
3847,1746968673.300672,183.218,-21.646,-4.11463,0.318269,-0.199897,5958.19,5,13.152,710.628,3713.19,48.8506,2,2,1.0,0.0,0.0,5,0.0,0,True,1746968616.369637,left,False
3848,1746968673.323204,183.351,-20.4702,-4.19357,0.324519,-0.194812,5945.96,5,13.174,711.774,3714.34,48.8502,2,2,1.0,0.0,0.0,5,0.0,0,True,1746968616.369637,left,False
3849,1746968673.3446715,183.501,-19.2107,-4.26322,0.330873,-0.189153,5921.81,5,13.196,712.92,3715.48,48.8499,2,2,1.0,0.0,0.0,5,0.0,0,True,1746968616.369637,left,False
3850,1746968673.3678172,183.655,-17.8703,-4.33099,0.337322,-0.182936,5902.78,5,13.218,714.066,3716.63,48.8496,2,2,1.0,0.0,0.0,5,0.0,0,True,1746968616.369637,left,False
3851,1746968673.3904757,183.827,-16.4617,-4.3945,0.34385,-0.1762,5870.77,5,13.24,715.213,3717.78,48.8492,2,2,1.0,0.0,0.0,5,0.0,0,True,1746968616.369637,left,False
3852,1746968673.412409,183.998,-14.9953,-4.43815,0.350441,-0.168991,5842.8,5,13.262,716.361,3718.93,48.8489,2,2,1.0,0.0,0.0,5,0.0,0,True,1746968616.369637,left,False
3853,1746968673.4341655,184.175,-13.4915,-4.48832,0.357095,-0.161359,5812.63,5,13.284,717.509,3720.07,48.8485,2,2,1.0,0.0,0.0,5,0.0,0,True,1746968616.369637,left,False
3854,1746968673.456922,184.345,-11.9827,-4.53155,0.363772,-0.153421,5786.89,5,13.306,718.658,3721.22,48.8482,2,2,1.0,0.0,0.0,5,0.0,0,True,1746968616.369637,left,False
3855,1746968673.4769876,184.506,-10.4807,-4.57059,0.370483,-0.14586,5769.04,5,13.328,719.804,3722.37,48.8479,2,2,1.0,0.0,0.0,5,0.0,0,True,1746968616.369637,left,False
3856,1746968673.499299,184.665,-8.99824,-4.59342,0.377238,-0.13825,5746.69,5,13.35,720.951,3723.52,48.8475,2,2,1.0,0.0,0.0,5,0.0,0,True,1746968616.369637,left,False
3857,1746968673.522589,184.814,-7.56089,-4.60205,0.384023,-0.130525,5730.62,5,13.372,722.098,3724.66,48.8472,2,2,1.0,0.0,0.0,5,0.0,0,True,1746968616.369637,left,False
3858,1746968673.5421941,184.954,-6.18833,-4.61059,0.390798,-0.122775,5717.89,5,13.394,723.247,3725.81,48.8469,2,2,1.0,0.0,0.0,5,0.0,0,True,1746968616.369637,left,False
3859,1746968673.565671,185.086,-4.90312,-4.60843,0.397536,-0.115102,5706.22,5,13.416,724.396,3726.96,48.8465,2,2,1.0,0.0,0.0,5,0.0,0,True,1746968616.369637,left,False
3860,1746968673.5862384,185.209,-3.71707,-4.59433,0.404215,-0.107584,5696.48,5,13.438,725.546,3728.11,48.8462,2,2,1.0,0.0,0.0,5,0.0,0,True,1746968616.369637,left,False
3861,1746968673.6085906,185.322,-2.64134,-4.5532,0.410791,-0.100277,5691.65,5,13.46,726.698,3729.26,48.8459,2,2,1.0,0.0,0.0,5,0.0,0,True,1746968616.369637,left,False
3862,1746968673.6317348,185.428,-1.67721,-4.49294,0.417242,-0.0932133,5689.12,5,13.482,727.851,3730.42,48.8455,2,2,1.0,0.0,0.0,5,0.0,0,True,1746968616.369637,left,False
3863,1746968673.6546037,185.529,-0.82658,-4.40944,0.423535,-0.0864246,5686.31,5,13.504,729.004,3731.57,48.8452,2,2,1.0,0.0,0.0,5,0.0,0,True,1746968616.369637,left,False
3864,1746968673.6753051,185.624,-0.0885156,-4.31136,0.429657,-0.0799259,5687.21,5,13.526,730.159,3732.72,48.8449,2,2,1.0,0.0,0.0,5,0.0,0,True,1746968616.369637,left,False
3865,1746968673.6977487,185.715,0.542235,-4.18164,0.435577,-0.0737252,5687.65,5,13.548,731.316,3733.88,48.8445,2,2,1.0,0.0,0.0,5,0.0,0,True,1746968616.369637,left,False
3866,1746968673.720116,185.804,1.07161,-4.03998,0.441262,-0.0678226,5688.03,5,13.57,732.473,3735.04,48.8442,2,2,1.0,0.0,0.0,5,0.0,0,True,1746968616.369637,left,False
3867,1746968673.7403028,185.891,1.50734,-3.87898,0.446741,-0.0622123,5689.61,5,13.592,733.632,3736.2,48.8438,2,2,1.0,0.0,0.0,5,0.0,0,True,1746968616.369637,left,False
3868,1746968673.7649102,185.976,1.85618,-3.69255,0.451929,-0.0568869,5690,5,13.614,734.791,3737.36,48.8435,2,2,1.0,0.0,0.0,5,0.0,0,True,1746968616.369637,left,False
3869,1746968673.7854495,186.06,2.12772,-3.49466,0.456871,-0.0518304,5691.71,5,13.636,735.952,3738.52,48.8432,2,2,1.0,0.0,0.0,5,0.0,0,True,1746968616.369637,left,False
3870,1746968673.8078973,186.142,2.33183,-3.29075,0.461558,-0.0470253,5694.59,5,13.658,737.114,3739.68,48.8428,2,2,1.0,0.0,0.0,5,0.0,0,True,1746968616.369637,left,False
3871,1746968673.8297997,186.224,2.47557,-3.07063,0.465951,-0.0424535,5696.76,5,13.68,738.277,3740.84,48.8425,2,2,1.0,0.0,0.0,5,0.0,0,True,1746968616.369637,left,False
3872,1746968673.8521712,186.306,2.5686,-2.84368,0.470048,-0.0380926,5697.63,5,13.702,739.441,3742.01,48.8422,2,2,1.0,0.0,0.0,5,0.0,0,True,1746968616.369637,left,False
3873,1746968673.874309,186.388,2.6186,-2.61089,0.473848,-0.0339179,5698.95,5,13.724,740.606,3743.17,48.8418,2,2,1.0,0.0,0.0,5,0.0,0,True,1746968616.369637,left,False
3874,1746968673.8939817,186.469,2.63489,-2.37498,0.47735,-0.0299038,5701.09,5,13.746,741.772,3744.34,48.8415,2,2,1.0,0.0,0.0,5,0.0,0,True,1746968616.369637,left,False
3875,1746968673.9188812,186.549,2.62414,-2.13108,0.480556,-0.0260233,5702.23,5,13.768,742.939,3745.5,48.8412,2,2,1.0,0.0,0.0,5,0.0,0,True,1746968616.369637,left,False
3876,1746968673.9411175,186.628,2.59525,-1.89467,0.483461,-0.0222489,5704.52,5,13.79,744.107,3746.67,48.8408,2,2,1.0,0.0,0.0,5,0.0,0,True,1746968616.369637,left,False
3877,1746968673.961846,186.707,2.55385,-1.66697,0.48607,-0.0185616,5706.95,5,13.812,745.275,3747.84,48.8405,2,2,1.0,0.0,0.0,5,0.0,0,True,1746968616.369637,left,False
3878,1746968673.984399,186.785,2.50276,-1.43638,0.488381,-0.0149418,5709.47,5,13.834,746.445,3749.01,48.8402,2,2,1.0,0.0,0.0,5,0.0,0,True,1746968616.369637,left,False
3879,1746968674.006725,186.863,2.44657,-1.21813,0.490391,-0.0113739,5710.78,5,13.856,747.615,3750.18,48.8398,2,2,1.0,0.0,0.0,5,0.0,0,True,1746968616.369637,left,False
3880,1746968674.0262282,186.939,2.38946,-1.00197,0.4921,-0.00784171,5713.83,5,13.878,748.785,3751.35,48.8395,2,2,1.0,0.0,0.0,5,0.0,0,True,1746968616.369637,left,False
3881,1746968674.0516734,187.014,2.33169,-0.795443,0.49351,-0.00433755,5717.31,5,13.9,749.957,3752.52,48.8391,2,2,1.0,0.0,0.0,5,0.0,0,True,1746968616.369637,left,False
3882,1746968674.0724685,187.089,2.27412,-0.586541,0.494619,-0.000857592,5719.57,5,13.922,751.129,3753.69,48.8388,2,2,1.0,0.0,0.0,5,0.0,0,True,1746968616.369637,left,False
3883,1746968674.0929904,187.164,2.21777,-0.384491,0.495428,0.0026046,5722.16,5,13.944,752.301,3754.87,48.8385,2,2,1.0,0.0,0.0,5,0.0,0,True,1746968616.369637,left,False
3884,1746968674.1152916,187.237,2.16527,-0.196285,0.496023,0.00605488,5724.61,5,13.966,753.474,3756.04,48.8381,2,2,1.0,0.0,0.0,5,0.0,0,True,1746968616.369637,left,False
3885,1746968674.1367593,187.309,2.1155,-0.0109692,0.496318,0.00949585,5727.47,5,13.988,754.648,3757.21,48.8378,2,2,1.0,0.0,0.0,5,0.0,0,True,1746968616.369637,left,False
3886,1746968674.160317,187.381,2.06844,0.165815,0.496311,0.0129297,5730.56,5,14.01,755.822,3758.39,48.8375,2,2,1.0,0.0,0.0,5,0.0,0,True,1746968616.369637,right,False
3887,1746968674.1825867,187.453,2.02224,0.354176,0.496002,0.0163563,5732.01,5,14.032,756.997,3759.56,48.8371,2,2,1.0,0.0,0.0,5,0.0,0,True,1746968616.369637,right,False
3888,1746968674.2029326,187.523,1.98041,0.525441,0.49543,0.0197773,5735.39,5,14.054,758.172,3760.74,48.8368,2,2,1.0,0.0,0.0,5,0.0,0,True,1746968616.369637,right,False
3889,1746968674.2248948,187.593,1.94101,0.702181,0.494604,0.0231968,5737.77,5,14.076,759.347,3761.91,48.8365,2,2,1.0,0.0,0.0,5,0.0,0,True,1746968616.369637,right,False
3890,1746968674.2507362,187.662,1.90466,0.866019,0.493475,0.0266145,5740.47,5,14.098,760.523,3763.09,48.8361,2,2,1.0,0.0,0.0,5,0.0,0,True,1746968616.369637,right,False
3891,1746968674.2726421,187.731,1.86963,1.04733,0.492051,0.0300303,5741.93,5,14.12,761.698,3764.26,48.8358,2,2,1.0,0.0,0.0,5,0.0,0,True,1746968616.369637,right,False
3892,1746968674.291105,187.799,1.83796,1.21311,0.490405,0.0334471,5744.24,5,14.142,762.875,3765.44,48.8355,2,2,1.0,0.0,0.0,5,0.0,0,True,1746968616.369637,right,False
3893,1746968674.3119073,187.866,1.80826,1.38276,0.488456,0.0368638,5746.02,5,14.164,764.051,3766.62,48.8351,2,2,1.0,0.0,0.0,5,0.0,0,True,1746968616.369637,right,False
3894,1746968674.3357768,187.932,1.78102,1.55716,0.486204,0.0402822,5748.23,5,14.186,765.227,3767.79,48.8348,2,2,1.0,0.0,0.0,5,0.0,0,True,1746968616.369637,right,False
3895,1746968674.3565822,187.998,1.75679,1.73075,0.483734,0.0437076,5750.61,5,14.208,766.404,3768.97,48.8344,2,2,1.0,0.0,0.0,5,0.0,0,True,1746968616.369637,right,False
3896,1746968674.3804896,188.063,1.7349,1.90233,0.480967,0.0471364,5752.07,5,14.23,767.581,3770.15,48.8341,2,2,1.0,0.0,0.0,5,0.0,0,True,1746968616.369637,right,False
3897,1746968674.4015737,188.127,1.71544,2.08011,0.477905,0.0505712,5754,5,14.252,768.758,3771.32,48.8338,2,2,1.0,0.0,0.0,5,0.0,0,True,1746968616.369637,right,False
3898,1746968674.426476,188.19,1.69881,2.24997,0.474613,0.054011,5756.46,5,14.274,769.935,3772.5,48.8334,2,2,1.0,0.0,0.0,5,0.0,0,True,1746968616.369637,right,False
3899,1746968674.4467003,188.254,1.68377,2.42799,0.471016,0.0574567,5757.52,5,14.296,771.112,3773.68,48.8331,2,2,1.0,0.0,0.0,5,0.0,0,True,1746968616.369637,right,False
3900,1746968674.4669898,188.316,1.67051,2.60998,0.467157,0.0609089,5758.87,5,14.318,772.288,3774.85,48.8328,2,2,1.0,0.0,0.0,5,0.0,0,True,1746968616.369637,right,False
3901,1746968674.4882398,188.377,1.65999,2.78985,0.463039,0.0643675,5760.23,5,14.34,773.465,3776.03,48.8324,2,2,1.0,0.0,0.0,5,0.0,0,True,1746968616.369637,right,False
3902,1746968674.512345,188.437,1.65111,2.97064,0.45862,0.0678316,5762.19,5,14.362,774.642,3777.21,48.8321,2,2,1.0,0.0,0.0,5,0.0,0,True,1746968616.369637,right,False
3903,1746968674.5326884,188.497,1.64421,3.14749,0.453967,0.0713017,5763.5,5,14.384,775.818,3778.38,48.8318,2,2,1.0,0.0,0.0,5,0.0,0,True,1746968616.369637,right,False
3904,1746968674.5575578,188.556,1.63876,3.3319,0.449025,0.0747789,5765.24,5,14.406,776.995,3779.56,48.8314,2,2,1.0,0.0,0.0,5,0.0,0,True,1746968616.369637,right,False
3905,1746968674.5805678,188.614,1.6351,3.50807,0.443803,0.0782597,5767.07,5,14.428,778.171,3780.74,48.8311,2,2,1.0,0.0,0.0,5,0.0,0,True,1746968616.369637,right,False
3906,1746968674.6011465,188.671,1.63258,3.68921,0.43834,0.0817462,5769.51,5,14.45,779.347,3781.91,48.8308,2,2,1.0,0.0,0.1,5,0.0,0,True,1746968616.369637,right,False
3907,1746968674.6210368,188.728,1.63043,3.87024,0.432574,0.0852352,5769.84,5,14.472,780.522,3783.09,48.8304,2,2,1.0,0.0,0.1,5,0.0,0,True,1746968616.369637,right,False
3908,1746968674.6450927,188.783,1.63049,4.04411,0.426567,0.0887294,5772.85,5,14.494,781.698,3784.26,48.8301,2,2,1.0,0.0,0.1,5,0.0,0,True,1746968616.369637,right,False
3909,1746968674.6654851,188.821,1.79814,4.21764,0.420339,0.0912256,5777.97,5,14.516,782.872,3785.44,48.8298,2,2,1.0,0.0,0.1,5,0.0,0,True,1746968616.369637,right,False
3910,1746968674.6918747,188.857,1.56869,4.36546,0.414001,0.091114,5783.82,5,14.538,784.047,3786.61,48.8294,2,2,1.0,0.0,0.1,5,0.0,0,True,1746968616.369637,right,False
3911,1746968674.7095342,188.895,0.923527,4.48496,0.407558,0.0887219,5790.62,5,14.56,785.222,3787.79,48.8291,2,2,1.0,0.0,0.1,5,0.0,0,True,1746968616.369637,right,False
3912,1746968674.7315812,188.929,-0.0375449,4.58535,0.401034,0.0844471,5798.43,5,14.582,786.396,3788.96,48.8287,2,2,1.0,0.0,0.1,5,0.0,0,True,1746968616.369637,right,False
3913,1746968674.7539003,188.953,-1.22647,4.65784,0.394442,0.0786824,5807.44,5,14.604,787.569,3790.13,48.8284,2,2,1.0,0.0,0.1,5,0.0,0,True,1746968616.369637,right,False
3914,1746968674.7766345,188.962,-2.56633,4.70491,0.387828,0.0718102,5818.1,5,14.626,788.743,3791.31,48.8281,2,2,1.0,0.0,0.1,5,0.0,0,True,1746968616.369637,right,False
3915,1746968674.796719,188.953,-3.99231,4.72357,0.381197,0.0641701,5831.31,5,14.648,789.916,3792.48,48.8277,2,2,1.0,0.0,0.1,5,0.0,0,True,1746968616.369637,right,False
3916,1746968674.819354,188.922,-5.4559,4.71056,0.374595,0.0560602,5848.09,5,14.67,791.089,3793.65,48.8274,2,2,1.0,0.0,0.1,5,0.0,0,True,1746968616.369637,right,False
3917,1746968674.8436399,188.872,-6.91104,4.68699,0.36802,0.0477325,5866.58,5,14.692,792.262,3794.83,48.8271,2,2,1.0,0.0,0.1,5,0.0,0,True,1746968616.369637,right,False
3918,1746968674.8637846,188.803,-8.33652,4.63697,0.361501,0.0393419,5887.29,5,14.714,793.434,3796,48.8267,2,2,1.0,0.0,0.1,5,0.0,0,True,1746968616.369637,right,False
3919,1746968674.884249,188.716,-9.72274,4.56475,0.355052,0.0309888,5909.68,5,14.736,794.606,3797.17,48.8264,2,2,1.0,0.0,0.1,5,0.0,0,True,1746968616.369637,right,False
3920,1746968674.9116771,188.612,-11.0638,4.47859,0.348686,0.0227288,5935.34,5,14.758,795.777,3798.34,48.8261,2,2,1.0,0.0,0.0,5,0.0,0,True,1746968616.369637,left,False
3921,1746968674.9306183,188.499,-12.3521,4.37855,0.342417,0.014589,5953.47,5,14.78,796.948,3799.51,48.8257,2,2,1.0,0.0,0.0,5,0.0,0,True,1746968616.369637,left,False
3922,1746968674.9518685,188.375,-13.5877,4.27574,0.336259,0.0065558,5968.28,5,14.802,798.118,3800.68,48.8254,2,2,1.0,0.0,0.0,5,0.0,0,True,1746968616.369637,left,False
3923,1746968674.9741921,188.277,-14.8439,4.16521,0.330192,-0.00104773,5966.67,5,14.824,799.288,3801.85,48.8251,2,2,1.0,0.0,0.0,5,0.0,0,True,1746968616.369637,left,False
3924,1746968674.9968395,188.199,-15.9137,4.06542,0.324205,-0.00764966,5952.34,5,14.846,800.458,3803.02,48.8247,2,2,1.0,0.0,0.0,5,0.0,0,True,1746968616.369637,left,False
3925,1746968675.0180857,188.137,-16.775,3.97173,0.318296,-0.0133834,5924.72,5,14.868,801.628,3804.19,48.8244,2,2,1.0,0.0,0.0,5,0.0,0,True,1746968616.369637,left,False
3926,1746968675.038591,188.071,-17.4795,3.87659,0.312496,-0.0184067,5908.92,5,14.89,802.797,3805.36,48.824,2,2,1.0,0.0,0.0,5,0.0,0,True,1746968616.369637,left,False
3927,1746968675.063322,188.014,-18.0395,3.79099,0.306799,-0.0228348,5891.2,5,14.912,803.966,3806.53,48.8237,2,2,1.0,0.0,0.0,5,0.0,0,True,1746968616.369637,left,False
3928,1746968675.086662,187.957,-18.4849,3.70129,0.301223,-0.0267283,5881.42,5,14.934,805.135,3807.7,48.8234,2,2,1.0,0.0,0.0,5,0.0,0,True,1746968616.369637,left,False
3929,1746968675.107564,187.902,-18.8285,3.61309,0.295764,-0.0301521,5879.36,5,14.956,806.304,3808.87,48.823,2,2,1.0,0.0,0.0,5,0.0,0,True,1746968616.369637,left,False
3930,1746968675.1264498,187.851,-19.0731,3.52531,0.290442,-0.0330915,5881.05,5,14.978,807.472,3810.04,48.8227,2,2,1.0,0.0,0.0,5,0.0,0,True,1746968616.369637,left,False
3931,1746968675.14928,187.806,-19.2289,3.43139,0.285242,-0.0355639,5883.75,5,15,808.64,3811.21,48.8224,2,2,1.0,0.0,0.0,5,0.0,0,True,1746968616.369637,left,False
3932,1746968675.1733642,187.769,-19.2892,3.34229,0.280172,-0.0375503,5888.07,5,15.022,809.808,3812.37,48.822,2,2,1.0,0.0,0.0,5,0.0,0,True,1746968616.369637,left,False
3933,1746968675.1930392,187.739,-19.2593,3.24825,0.275242,-0.0390359,5896.03,5,15.044,810.975,3813.54,48.8217,2,2,1.0,0.0,0.0,5,0.0,0,True,1746968616.369637,left,False
3934,1746968675.2166402,187.722,-19.1224,3.16235,0.270435,-0.0399771,5900.27,5,15.066,812.142,3814.71,48.8214,2,2,1.0,0.0,0.0,5,0.0,0,True,1746968616.369637,left,False
3935,1746968675.2359068,187.712,-18.9015,3.06646,0.265753,-0.0404021,5910.05,5,15.088,813.308,3815.87,48.821,2,2,1.0,0.0,0.0,5,0.0,0,True,1746968616.369637,left,False
3936,1746968675.259508,187.717,-18.5749,2.9753,0.261204,-0.0402527,5914.37,5,15.11,814.475,3817.04,48.8207,2,2,1.0,0.0,0.0,5,0.0,0,True,1746968616.369637,left,False
3937,1746968675.2822251,187.734,-18.1518,2.88374,0.256773,-0.0395371,5919.76,5,15.132,815.641,3818.21,48.8204,2,2,1.0,0.0,0.0,5,0.0,0,True,1746968616.369637,left,False
3938,1746968675.3042247,187.764,-17.6329,2.79509,0.252468,-0.0382563,5920,5,15.154,816.806,3819.37,48.82,2,2,1.0,0.0,0.0,5,0.0,0,True,1746968616.369637,left,False
3939,1746968675.325105,187.81,-17.013,2.71255,0.248273,-0.0364021,5916.02,5,15.176,817.971,3820.54,48.8197,2,2,1.0,0.0,0.0,5,0.0,0,True,1746968616.369637,left,False
3940,1746968675.3479445,187.868,-16.3084,2.62789,0.244183,-0.0340023,5909.66,5,15.198,819.137,3821.7,48.8193,2,2,1.0,0.0,0.0,5,0.0,0,True,1746968616.369637,left,False
3941,1746968675.3685944,187.934,-15.5231,2.55022,0.240214,-0.0310868,5903.88,5,15.22,820.302,3822.87,48.819,2,2,1.0,0.0,0.0,5,0.0,0,True,1746968616.369637,left,False
3942,1746968675.3944414,188.009,-14.6658,2.47901,0.236326,-0.0276828,5896.21,5,15.242,821.466,3824.03,48.8187,2,2,1.0,0.0,0.0,5,0.0,0,True,1746968616.369637,left,False
3943,1746968675.4122124,188.095,-13.7447,2.41141,0.23253,-0.0238285,5883.19,5,15.264,822.631,3825.2,48.8183,2,2,1.0,0.0,0.0,5,0.0,0,True,1746968616.369637,right,False
3944,1746968675.4365993,188.183,-12.7795,2.34567,0.228807,-0.0195699,5873.14,5,15.286,823.796,3826.36,48.818,2,2,1.0,0.0,0.0,5,0.0,0,True,1746968616.369637,right,False
3945,1746968675.4560905,188.277,-11.7744,2.28932,0.225146,-0.0149504,5861.21,5,15.308,824.96,3827.52,48.8177,2,2,1.0,0.0,0.0,5,0.0,0,True,1746968616.369637,right,False
3946,1746968675.48117,188.371,-10.7442,2.24446,0.221529,-0.010026,5850.93,5,15.33,826.125,3828.69,48.8173,2,2,1.0,0.0,0.0,5,0.0,0,True,1746968616.369637,right,False
3947,1746968675.5010474,188.467,-9.70217,2.20717,0.217955,-0.00483644,5838.94,5,15.352,827.29,3829.85,48.817,2,2,1.0,0.0,0.0,5,0.0,0,True,1746968616.369637,right,False
3948,1746968675.5234678,188.561,-8.66196,2.18232,0.2144,0.000560045,5828.56,5,15.374,828.454,3831.02,48.8167,2,2,1.0,0.0,0.0,5,0.0,0,True,1746968616.369637,right,False
3949,1746968675.544746,188.653,-7.63967,2.16657,0.210858,0.00611436,5820.6,5,15.396,829.619,3832.18,48.8163,2,2,1.0,0.0,0.0,5,0.0,0,True,1746968616.369637,right,False
3950,1746968675.5670726,188.741,-6.64448,2.16203,0.207284,0.0117743,5814.95,5,15.418,830.784,3833.35,48.816,2,2,1.0,0.0,0.0,5,0.0,0,True,1746968616.369637,right,False
3951,1746968675.5902767,188.827,-5.68516,2.17718,0.20367,0.0174935,5808.93,5,15.44,831.949,3834.51,48.8157,2,2,1.0,0.0,0.0,5,0.0,0,True,1746968616.369637,right,False
3952,1746968675.610737,188.91,-4.7725,2.20821,0.199996,0.0232375,5803.86,5,15.462,833.114,3835.68,48.8153,2,2,1.0,0.0,0.0,5,0.0,0,True,1746968616.369637,right,False
3953,1746968675.6342287,188.988,-3.91626,2.25049,0.196246,0.0289656,5800.59,5,15.484,834.279,3836.84,48.815,2,2,1.0,0.0,0.0,5,0.0,0,True,1746968616.369637,right,False
3954,1746968675.6550648,189.062,-3.12015,2.30414,0.192391,0.0346456,5799.76,5,15.506,835.445,3838.01,48.8146,2,2,1.0,0.0,0.0,5,0.0,0,True,1746968616.369637,right,False
3955,1746968675.6768234,189.134,-2.38646,2.38254,0.188411,0.0402489,5797.06,5,15.528,836.61,3839.17,48.8143,2,2,1.0,0.0,0.0,5,0.0,0,True,1746968616.369637,right,False
3956,1746968675.6991913,189.203,-1.71881,2.47763,0.184273,0.045754,5795.15,5,15.55,837.775,3840.34,48.814,2,2,1.0,0.0,0.0,5,0.0,0,True,1746968616.369637,right,False
3957,1746968675.7221415,189.269,-1.11773,2.589,0.179985,0.0511421,5794.98,5,15.572,838.941,3841.5,48.8136,2,2,1.0,0.0,0.0,5,0.0,0,True,1746968616.369637,right,False
3958,1746968675.7421093,189.331,-0.582906,2.70796,0.175511,0.0564004,5795.82,5,15.594,840.106,3842.67,48.8133,2,2,1.0,0.0,0.0,5,0.0,0,True,1746968616.369637,right,False
3959,1746968675.7660642,189.392,-0.111359,2.8475,0.170837,0.0615201,5796.31,5,15.616,841.271,3843.84,48.813,2,2,1.0,0.0,0.0,5,0.0,0,True,1746968616.369637,right,False
3960,1746968675.7884316,189.452,0.299087,2.9987,0.165955,0.0664945,5796.87,5,15.638,842.436,3845,48.8126,2,2,1.0,0.0,0.0,5,0.0,0,True,1746968616.369637,right,False
3961,1746968675.8088148,189.51,0.651865,3.16626,0.160846,0.0713218,5797.23,5,15.66,843.601,3846.17,48.8123,2,2,1.0,0.0,0.0,5,0.0,0,True,1746968616.369637,right,False
3962,1746968675.8343854,189.566,0.9509,3.34052,0.155499,0.076001,5798.23,5,15.682,844.766,3847.33,48.812,2,2,1.0,0.0,0.0,5,0.0,0,True,1746968616.369637,right,False
3963,1746968675.8522727,189.622,1.20037,3.52733,0.149896,0.0805371,5798.46,5,15.704,845.93,3848.49,48.8116,2,2,1.0,0.0,0.0,5,0.0,0,True,1746968616.369637,right,False
3964,1746968675.8747776,189.675,1.40539,3.71782,0.144055,0.0849352,5799.96,5,15.726,847.095,3849.66,48.8113,2,2,1.0,0.0,0.1,5,0.0,0,True,1746968616.369637,right,False
3965,1746968675.8967698,189.729,1.56989,3.9188,0.137927,0.089201,5800.76,5,15.748,848.258,3850.82,48.811,2,2,1.0,0.0,0.1,5,0.0,0,True,1746968616.369637,right,False
3966,1746968675.9185846,189.781,1.6998,4.11633,0.131565,0.0933461,5803.17,5,15.77,849.422,3851.99,48.8106,2,2,1.0,0.0,0.1,5,0.0,0,True,1746968616.369637,right,False
3967,1746968675.9402845,189.817,1.9695,4.31773,0.124974,0.0963722,5806.67,5,15.792,850.585,3853.15,48.8103,2,2,1.0,0.0,0.1,5,0.0,0,True,1746968616.369637,right,False
3968,1746968675.9636667,189.851,1.81004,4.49209,0.11827,0.096675,5812.23,5,15.814,851.748,3854.31,48.8099,2,2,1.0,0.0,0.1,5,0.0,0,True,1746968616.369637,right,False
3969,1746968675.9850307,189.887,1.21046,4.64353,0.111466,0.0945867,5818.73,5,15.836,852.911,3855.47,48.8096,2,2,1.0,0.0,0.1,5,0.0,0,True,1746968616.369637,right,False
3970,1746968676.006699,189.921,0.273771,4.76165,0.104567,0.0905192,5825.9,5,15.858,854.073,3856.64,48.8093,2,2,1.0,0.0,0.1,5,0.0,0,True,1746968616.369637,right,False
3971,1746968676.0303915,189.947,-0.906611,4.86563,0.0976074,0.0848663,5833.32,5,15.88,855.235,3857.8,48.8089,2,2,1.0,0.0,0.1,5,0.0,0,True,1746968616.369637,right,False
3972,1746968676.0522738,189.957,-2.25225,4.93204,0.0906047,0.078022,5842.98,5,15.902,856.396,3858.96,48.8086,2,2,1.0,0.0,0.1,5,0.0,0,True,1746968616.369637,right,False
3973,1746968676.0729215,189.949,-3.69368,4.97293,0.0835856,0.0703479,5854.63,5,15.924,857.558,3860.12,48.8083,2,2,1.0,0.0,0.1,5,0.0,0,True,1746968616.369637,right,False
3974,1746968676.0943787,189.92,-5.18208,4.98229,0.076589,0.0621417,5870.28,5,15.946,858.719,3861.28,48.8079,2,2,1.0,0.0,0.1,5,0.0,0,True,1746968616.369637,right,False
3975,1746968676.116457,189.869,-6.67651,4.96064,0.0696269,0.0536547,5889.32,5,15.968,859.879,3862.44,48.8076,2,2,1.0,0.0,0.1,5,0.0,0,True,1746968616.369637,right,False
3976,1746968676.1392248,189.798,-8.14642,4.92002,0.0627157,0.0450705,5911.96,5,15.99,861.039,3863.6,48.8073,2,2,1.0,0.0,0.1,5,0.0,0,True,1746968616.369637,right,False
3977,1746968676.1600673,189.709,-9.58023,4.85709,0.0558858,0.0365081,5934.21,5,16.012,862.199,3864.76,48.8069,2,2,1.0,0.0,0.1,5,0.0,0,True,1746968616.369637,right,False
3978,1746968676.1820834,189.601,-10.9668,4.7709,0.0491414,0.0280416,5961.53,5,16.034,863.358,3865.92,48.8066,2,2,1.0,0.0,0.1,5,0.0,0,True,1746968616.369637,right,False
3979,1746968676.2070878,189.481,-12.2975,4.67343,0.0424927,0.0197048,5982.55,5,16.056,864.517,3867.08,48.8063,2,2,1.0,0.0,0.1,5,0.0,0,True,1746968616.369637,right,False
3980,1746968676.2266793,189.348,-13.5825,4.56883,0.0359578,0.0114827,6005.68,5,16.078,865.676,3868.24,48.8059,2,2,1.0,0.0,0.1,5,0.0,0,True,1746968616.369637,right,False
3981,1746968676.2483647,189.208,-14.8224,4.45215,0.0295349,0.0033586,6018.13,5,16.1,866.833,3869.4,48.8056,2,2,1.0,0.0,0.1,5,0.0,0,True,1746968616.369637,right,False
3982,1746968676.2715433,189.058,-16.0196,4.33327,0.0232402,-0.00466204,6030.73,5,16.122,867.991,3870.55,48.8052,2,2,1.0,0.0,0.1,5,0.0,0,True,1746968616.369637,right,False
3983,1746968676.293849,188.9,-17.1759,4.21957,0.0170776,-0.0126064,6037.03,5,16.144,869.148,3871.71,48.8049,2,2,1.0,0.0,0.1,5,0.0,0,True,1746968616.369637,right,False
3984,1746968676.3147044,188.732,-18.2966,4.09769,0.0110636,-0.0204692,6042.84,5,16.166,870.304,3872.87,48.8046,2,2,1.0,0.0,0.1,5,0.0,0,True,1746968616.369637,right,False
3985,1746968676.3390765,188.553,-19.389,3.97453,0.00519613,-0.0282507,6050.15,5,16.188,871.459,3874.02,48.8042,2,2,1.0,0.0,0.1,5,0.0,0,True,1746968616.369637,right,False
3986,1746968676.3591652,188.366,-20.4458,3.84827,-0.000510661,-0.0359392,6054.79,5,16.21,872.615,3875.18,48.8039,2,2,1.0,0.0,0.1,5,0.0,0,True,1746968616.369637,right,False
3987,1746968676.3819463,188.167,-21.463,3.72315,-0.00605062,-0.0435026,6065.53,5,16.232,873.769,3876.33,48.8036,2,2,1.0,0.0,0.0,5,0.0,0,True,1746968616.369637,left,False
3988,1746968676.4042058,187.962,-22.4399,3.59327,-0.0114258,-0.0509055,6076.22,5,16.254,874.923,3877.49,48.8032,2,2,1.0,0.0,0.0,5,0.0,0,True,1746968616.369637,left,False
3989,1746968676.4242105,187.749,-23.369,3.4586,-0.01663,-0.0581045,6089.98,5,16.276,876.076,3878.64,48.8029,2,2,1.0,0.0,0.0,5,0.0,0,True,1746968616.369637,left,False
3990,1746968676.4491491,187.564,-24.2808,3.33256,-0.0216695,-0.0649216,6097.49,5,16.298,877.228,3879.79,48.8026,2,2,1.0,0.0,0.0,5,0.0,0,True,1746968616.369637,left,False
3991,1746968676.4705617,187.403,-25.0579,3.20144,-0.0265605,-0.0709891,6096.47,5,16.32,878.38,3880.94,48.8022,2,2,1.0,0.0,0.0,5,0.0,0,True,1746968616.369637,left,False
3992,1746968676.49285,187.26,-25.674,3.08468,-0.0312988,-0.0763326,6087.79,5,16.342,879.531,3882.09,48.8019,2,2,1.0,0.0,0.0,5,0.0,0,True,1746968616.369637,left,False
3993,1746968676.5128455,187.132,-26.1402,2.97324,-0.0358704,-0.0809662,6077.47,5,16.364,880.682,3883.25,48.8016,2,2,1.0,0.0,0.0,5,0.0,0,True,1746968616.369637,left,False
3994,1746968676.646951,187.021,-26.4753,2.8549,-0.0402649,-0.0849152,6067.32,5,16.386,881.833,3884.4,48.8012,2,2,1.0,0.0,0.0,5,0.0,0,True,1746968616.369637,left,False
3995,1746968676.6498692,186.923,-26.6738,2.74345,-0.0444865,-0.0882041,6061.58,5,16.408,882.982,3885.55,48.8009,2,2,1.0,0.0,0.0,5,0.0,0,True,1746968616.369637,left,False
3996,1746968676.6525855,186.834,-26.7593,2.6199,-0.0485413,-0.0908422,6064.39,5,16.43,884.132,3886.7,48.8005,2,2,1.0,0.0,0.0,5,0.0,0,True,1746968616.369637,left,False
3997,1746968676.6564085,186.767,-26.7121,2.50698,-0.0524272,-0.0928338,6062.2,5,16.452,885.281,3887.84,48.8002,2,2,1.0,0.0,0.0,5,0.0,0,True,1746968616.369637,left,False
3998,1746968676.659153,186.715,-26.5421,2.39203,-0.0561381,-0.0941551,6062.74,5,16.474,886.429,3888.99,48.7999,2,2,1.0,0.0,0.0,5,0.0,0,True,1746968616.369637,left,False
3999,1746968676.6632507,186.68,-26.2546,2.2792,-0.0596741,-0.0948517,6066.8,5,16.496,887.577,3890.14,48.7995,2,2,1.0,0.0,0.0,5,0.0,0,True,1746968616.369637,left,False
4000,1746968676.6694999,186.662,-25.8599,2.16341,-0.0630432,-0.0949163,6069.55,5,16.518,888.724,3891.29,48.7992,2,2,1.0,0.0,0.0,5,0.0,0,True,1746968616.369637,left,False
4001,1746968676.715053,186.669,-25.3463,2.05608,-0.0662435,-0.0943875,6063.23,5,16.54,889.87,3892.43,48.7989,2,2,1.0,0.0,0.0,5,0.0,0,True,1746968616.369637,left,False
4002,1746968676.7175698,186.684,-24.7395,1.9425,-0.0692708,-0.0932622,6066.62,5,16.562,891.017,3893.58,48.7985,2,2,1.0,0.0,0.0,5,0.0,0,True,1746968616.369637,left,False
4003,1746968676.7335553,186.718,-24.0206,1.83076,-0.0721436,-0.091506,6067.78,5,16.584,892.162,3894.73,48.7982,2,2,1.0,0.0,0.0,5,0.0,0,True,1746968616.369637,left,False
4004,1746968676.7555835,186.774,-23.2045,1.72058,-0.0748535,-0.0891583,6058.71,5,16.606,893.308,3895.87,48.7979,2,2,1.0,0.0,0.0,5,0.0,0,True,1746968616.369637,left,False
4005,1746968676.7818496,186.84,-22.2893,1.60878,-0.0774007,-0.0862169,6056.89,5,16.628,894.453,3897.02,48.7975,2,2,1.0,0.0,0.0,5,0.0,0,True,1746968616.369637,left,False
4006,1746968676.8008435,186.928,-21.2772,1.50141,-0.0798035,-0.0826902,6043.77,5,16.65,895.598,3898.16,48.7972,2,2,1.0,0.0,0.0,5,0.0,0,True,1746968616.369637,left,False
4007,1746968676.8268993,187.027,-20.1755,1.39842,-0.0820679,-0.0785923,6030.25,5,16.672,896.742,3899.31,48.7969,2,2,1.0,0.0,0.0,5,0.0,0,True,1746968616.369637,left,False
4008,1746968676.849056,187.14,-18.9884,1.30115,-0.0841858,-0.0739563,6010.02,5,16.694,897.887,3900.45,48.7965,2,2,1.0,0.0,0.0,5,0.0,0,True,1746968616.369637,right,False
4009,1746968676.8671544,187.262,-17.7276,1.20883,-0.0861755,-0.0688095,5991.21,5,16.716,899.031,3901.59,48.7962,2,2,1.0,0.0,0.0,5,0.0,0,True,1746968616.369637,right,False
4010,1746968676.886994,187.393,-16.4021,1.11865,-0.0880554,-0.063159,5967.48,5,16.738,900.175,3902.74,48.7958,2,2,1.0,0.0,0.0,5,0.0,0,True,1746968616.369637,right,False
4011,1746968676.9082906,187.53,-15.0199,1.03874,-0.0898275,-0.0570681,5941.27,5,16.76,901.319,3903.88,48.7955,2,2,1.0,0.0,0.0,5,0.0,0,True,1746968616.369637,right,False
4012,1746968676.930177,187.671,-13.5992,0.96923,-0.09151,-0.0505903,5912.38,5,16.782,902.463,3905.03,48.7952,2,2,1.0,0.0,0.0,5,0.0,0,True,1746968616.369637,right,False
4013,1746968676.9539285,187.807,-12.1642,0.891577,-0.0931071,-0.0437837,5891.27,5,16.804,903.608,3906.17,48.7948,2,2,1.0,0.0,0.0,5,0.0,0,True,1746968616.369637,right,False
4014,1746968676.9766424,187.943,-10.7202,0.84146,-0.0946472,-0.0367329,5865.95,5,16.826,904.752,3907.32,48.7945,2,2,1.0,0.0,0.0,5,0.0,0,True,1746968616.369637,right,False
4015,1746968676.9967988,188.074,-9.29486,0.805918,-0.0961467,-0.0295,5842.56,5,16.848,905.897,3908.46,48.7942,2,2,1.0,0.0,0.0,5,0.0,0,True,1746968616.369637,right,False
4016,1746968677.0194058,188.193,-7.91179,0.776174,-0.0976359,-0.0221691,5827.11,5,16.87,907.042,3909.61,48.7938,2,2,1.0,0.0,0.0,5,0.0,0,True,1746968616.369637,right,False
4017,1746968677.041608,188.306,-6.5854,0.761596,-0.0991333,-0.0148201,5815.13,5,16.892,908.188,3910.75,48.7935,2,2,1.0,0.0,0.0,5,0.0,0,True,1746968616.369637,right,False
4018,1746968677.0637116,188.41,-5.3323,0.773374,-0.100671,-0.00751996,5804.1,5,16.914,909.334,3911.9,48.7932,2,2,1.0,0.0,0.0,5,0.0,0,True,1746968616.369637,right,False
4019,1746968677.0848408,188.507,-4.16859,0.789824,-0.102273,-0.000333071,5796.74,5,16.936,910.48,3913.04,48.7928,2,2,1.0,0.0,0.0,5,0.0,0,True,1746968616.369637,right,False
4020,1746968677.106532,188.595,-3.10248,0.835288,-0.103961,0.00668526,5791.31,5,16.958,911.626,3914.19,48.7925,2,2,1.0,0.0,0.0,5,0.0,0,True,1746968616.369637,right,False
4021,1746968677.1315598,188.678,-2.13951,0.900451,-0.105772,0.0134993,5787.25,5,16.98,912.772,3915.34,48.7922,2,2,1.0,0.0,0.0,5,0.0,0,True,1746968616.369637,right,False
4022,1746968677.1514444,188.755,-1.28094,0.988281,-0.107737,0.0200834,5784.53,5,17.002,913.919,3916.48,48.7918,2,2,1.0,0.0,0.0,5,0.0,0,True,1746968616.369637,right,False
4023,1746968677.1736088,188.827,-0.526861,1.09759,-0.109867,0.026417,5783.72,5,17.024,915.066,3917.63,48.7915,2,2,1.0,0.0,0.0,5,0.0,0,True,1746968616.369637,right,False
4024,1746968677.1960285,188.896,0.125593,1.22811,-0.112193,0.0324888,5782.63,5,17.046,916.214,3918.78,48.7911,2,2,1.0,0.0,0.0,5,0.0,0,True,1746968616.369637,right,False
4025,1746968677.216102,188.961,0.681334,1.37124,-0.11474,0.0382936,5783.66,5,17.068,917.361,3919.93,48.7908,2,2,1.0,0.0,0.0,5,0.0,0,True,1746968616.369637,right,False
4026,1746968677.2401376,189.025,1.14642,1.54245,-0.117511,0.0438321,5783.77,5,17.09,918.508,3921.07,48.7905,2,2,1.0,0.0,0.0,5,0.0,0,True,1746968616.369637,right,False
4027,1746968677.2613459,189.087,1.52786,1.72424,-0.120526,0.0491102,5783.54,5,17.112,919.656,3922.22,48.7901,2,2,1.0,0.0,0.1,5,0.0,0,True,1746968616.369637,right,False
4028,1746968677.2837381,189.147,1.83275,1.92103,-0.123816,0.0541356,5784.71,5,17.134,920.804,3923.37,48.7898,2,2,1.0,0.0,0.1,5,0.0,0,True,1746968616.369637,right,False
4029,1746968677.3066263,189.205,2.06995,2.12811,-0.127368,0.0589235,5787.5,5,17.156,921.952,3924.52,48.7895,2,2,1.0,0.0,0.1,5,0.0,0,True,1746968616.369637,right,False
4030,1746968677.3288834,189.248,2.4158,2.33637,-0.131138,0.062469,5790.87,5,17.178,923.099,3925.66,48.7891,2,2,1.0,0.0,0.1,5,0.0,0,True,1746968616.369637,right,False
4031,1746968677.3499804,189.29,2.30906,2.52442,-0.135032,0.0631847,5797.02,5,17.2,924.247,3926.81,48.7888,2,2,1.0,0.0,0.1,5,0.0,0,True,1746968616.369637,right,False
4032,1746968677.372777,189.339,1.74395,2.6975,-0.139042,0.0613983,5802.15,5,17.222,925.394,3927.96,48.7885,2,2,1.0,0.0,0.1,5,0.0,0,True,1746968616.369637,right,False
4033,1746968677.3921478,189.386,0.82518,2.85253,-0.143148,0.0575016,5806.85,5,17.244,926.542,3929.11,48.7881,2,2,1.0,0.0,0.1,5,0.0,0,True,1746968616.369637,right,False
4034,1746968677.41616,189.425,-0.359034,2.97061,-0.147321,0.0519121,5814.49,5,17.266,927.689,3930.25,48.7878,2,2,1.0,0.0,0.1,5,0.0,0,True,1746968616.369637,right,False
4035,1746968677.43619,189.45,-1.7201,3.05914,-0.151548,0.045023,5822.3,5,17.288,928.837,3931.4,48.7875,2,2,1.0,0.0,0.1,5,0.0,0,True,1746968616.369637,right,False
4036,1746968677.459119,189.458,-3.18943,3.1267,-0.15579,0.0371768,5831.35,5,17.31,929.984,3932.55,48.7871,2,2,1.0,0.0,0.1,5,0.0,0,True,1746968616.369637,right,False
4037,1746968677.4810014,189.443,-4.72022,3.15195,-0.16002,0.0286994,5844.45,5,17.332,931.131,3933.7,48.7868,2,2,1.0,0.0,0.1,5,0.0,0,True,1746968616.369637,right,False
4038,1746968677.5051959,189.406,-6.26866,3.15454,-0.164209,0.0198512,5861.01,5,17.354,932.279,3934.84,48.7864,2,2,1.0,0.0,0.1,5,0.0,0,True,1746968616.369637,right,False
4039,1746968677.52747,189.346,-7.80025,3.12411,-0.168335,0.0108645,5881.71,5,17.376,933.425,3935.99,48.7861,2,2,1.0,0.0,0.1,5,0.0,0,True,1746968616.369637,right,False
4040,1746968677.5486312,189.264,-9.29684,3.0727,-0.17239,0.00187325,5904.72,5,17.398,934.572,3937.14,48.7858,2,2,1.0,0.0,0.1,5,0.0,0,True,1746968616.369637,right,False
4041,1746968677.5683856,189.163,-10.7594,2.99014,-0.176351,-0.00705814,5931.37,5,17.42,935.719,3938.28,48.7854,2,2,1.0,0.0,0.1,5,0.0,0,True,1746968616.369637,right,False
4042,1746968677.590777,189.045,-12.1714,2.89137,-0.180202,-0.015878,5959.86,5,17.442,936.865,3939.43,48.7851,2,2,1.0,0.0,0.1,5,0.0,0,True,1746968616.369637,right,False
4043,1746968677.612732,188.915,-13.5311,2.78294,-0.183952,-0.0245593,5982.33,5,17.464,938.01,3940.57,48.7848,2,2,1.0,0.0,0.1,5,0.0,0,True,1746968616.369637,right,False
4044,1746968677.6343534,188.77,-14.8558,2.65944,-0.187585,-0.0331459,6004.42,5,17.486,939.156,3941.72,48.7844,2,2,1.0,0.0,0.1,5,0.0,0,True,1746968616.369637,right,False
4045,1746968677.6559653,188.619,-16.1275,2.53433,-0.191085,-0.0416102,6019.17,5,17.508,940.301,3942.86,48.7841,2,2,1.0,0.0,0.1,5,0.0,0,True,1746968616.369637,right,False
4046,1746968677.678714,188.456,-17.3573,2.41075,-0.194442,-0.0499823,6032.29,5,17.53,941.445,3944.01,48.7838,2,2,1.0,0.0,0.1,5,0.0,0,True,1746968616.369637,right,False
4047,1746968677.700243,188.286,-18.5428,2.28255,-0.197668,-0.0582428,6041.86,5,17.552,942.589,3945.15,48.7834,2,2,1.0,0.0,0.1,5,0.0,0,True,1746968616.369637,right,False
4048,1746968677.7245052,188.107,-19.6961,2.15287,-0.200741,-0.0664184,6045.77,5,17.574,943.733,3946.3,48.7831,2,2,1.0,0.0,0.1,5,0.0,0,True,1746968616.369637,right,False
4049,1746968677.7465444,187.919,-20.8049,2.02396,-0.203644,-0.0744774,6049.12,5,17.596,944.876,3947.44,48.7828,2,2,1.0,0.0,0.1,5,0.0,0,True,1746968616.369637,right,False
4050,1746968677.7673018,187.716,-21.8771,1.89842,-0.206382,-0.0824118,6061.65,5,17.618,946.019,3948.58,48.7824,2,2,1.0,0.0,0.1,5,0.0,0,True,1746968616.369637,right,False
4051,1746968677.7897868,187.51,-22.8992,1.7694,-0.208948,-0.0901763,6066.95,5,17.64,947.161,3949.72,48.7821,2,2,1.0,0.0,0.1,5,0.0,0,True,1746968616.369637,right,False
4052,1746968677.8134983,187.292,-23.8814,1.63789,-0.21133,-0.0977373,6081.18,5,17.662,948.303,3950.87,48.7817,2,2,1.0,0.0,0.0,5,0.0,0,True,1746968616.369637,left,False
4053,1746968677.8326657,187.07,-24.8153,1.49893,-0.213534,-0.105081,6095.73,5,17.684,949.444,3952.01,48.7814,2,2,1.0,0.0,0.0,5,0.0,0,True,1746968616.369637,left,False
4054,1746968677.8561552,186.838,-25.6908,1.35981,-0.215556,-0.112146,6121.27,5,17.706,950.584,3953.15,48.7811,2,2,1.0,0.0,0.0,5,0.0,0,True,1746968616.369637,left,False
4055,1746968677.8764572,186.614,-26.4959,1.22942,-0.217401,-0.118936,6133.74,5,17.728,951.723,3954.29,48.7807,2,2,1.0,0.0,0.0,5,0.0,0,True,1746968616.369637,left,False
4056,1746968677.8987198,186.411,-27.2726,1.08798,-0.219067,-0.125263,6155.04,5,17.75,952.862,3955.43,48.7804,2,2,1.0,0.0,0.0,5,0.0,0,True,1746968616.369637,left,False
4057,1746968677.9208658,186.24,-27.9048,0.959708,-0.220565,-0.130849,6163.22,5,17.772,954,3956.56,48.7801,2,2,1.0,0.0,0.0,5,0.0,0,True,1746968616.369637,left,False
4058,1746968677.9427752,186.09,-28.3987,0.830119,-0.221893,-0.135737,6161.8,5,17.794,955.138,3957.7,48.7797,2,2,1.0,0.0,0.0,5,0.0,0,True,1746968616.369637,left,False
4059,1746968677.965415,185.957,-28.755,0.702001,-0.223045,-0.139911,6160.54,5,17.816,956.276,3958.84,48.7794,2,2,1.0,0.0,0.0,5,0.0,0,True,1746968616.369637,left,False
4060,1746968677.9882195,185.846,-28.975,0.57553,-0.224027,-0.143404,6155.44,5,17.838,957.412,3959.98,48.7791,2,2,1.0,0.0,0.0,5,0.0,0,True,1746968616.369637,left,False
4061,1746968678.0084333,185.751,-29.0613,0.449123,-0.224829,-0.146215,6156.33,5,17.86,958.549,3961.11,48.7787,2,2,1.0,0.0,0.0,5,0.0,0,True,1746968616.369637,left,False
4062,1746968678.0305774,185.679,-29.0148,0.32729,-0.225444,-0.148332,6151.16,5,17.882,959.685,3962.25,48.7784,2,2,1.0,0.0,0.0,5,0.0,0,True,1746968616.369637,left,False
4063,1746968678.0551462,185.627,-28.8326,0.208415,-0.225885,-0.149745,6149.19,5,17.904,960.82,3963.38,48.7781,2,2,1.0,0.0,0.0,5,0.0,0,True,1746968616.369637,left,False
4064,1746968678.0736835,185.593,-28.5256,0.087042,-0.226139,-0.150457,6151.59,5,17.926,961.955,3964.52,48.7777,2,2,1.0,0.0,0.0,5,0.0,0,True,1746968616.369637,left,False
4065,1746968678.0963361,185.583,-28.0805,-0.0189072,-0.226208,-0.150476,6145.91,5,17.948,963.089,3965.65,48.7774,2,2,1.0,0.0,0.0,5,0.0,0,True,1746968616.369637,left,False
4066,1746968678.120428,185.589,-27.5189,-0.139924,-0.226105,-0.149803,6151.74,5,17.97,964.223,3966.79,48.777,2,2,1.0,0.0,0.0,5,0.0,0,True,1746968616.369637,left,False
4067,1746968678.1420648,185.618,-26.8427,-0.251039,-0.225816,-0.148462,6148.77,5,17.992,965.357,3967.92,48.7767,2,2,1.0,0.0,0.0,5,0.0,0,True,1746968616.369637,left,False
4068,1746968678.164475,185.664,-26.0513,-0.368441,-0.225354,-0.146441,6149.69,5,18.014,966.49,3969.05,48.7764,2,2,1.0,0.0,0.0,5,0.0,0,True,1746968616.369637,left,False
4069,1746968678.1838837,185.732,-25.1456,-0.481332,-0.224721,-0.143757,6146.3,5,18.036,967.623,3970.19,48.776,2,2,1.0,0.0,0.0,5,0.0,0,True,1746968616.369637,left,False
4070,1746968678.2082276,185.819,-24.1321,-0.604815,-0.223924,-0.140414,6142.07,5,18.058,968.755,3971.32,48.7757,2,2,1.0,0.0,0.0,5,0.0,0,True,1746968616.369637,left,False
4071,1746968678.230755,185.926,-23.0086,-0.709898,-0.222963,-0.136437,6128.99,5,18.08,969.887,3972.45,48.7754,2,2,1.0,0.0,0.0,5,0.0,0,True,1746968616.369637,left,False
4072,1746968678.2507694,186.053,-21.7891,-0.815699,-0.221851,-0.131857,6104.83,5,18.102,971.019,3973.58,48.775,2,2,1.0,0.0,0.0,5,0.0,0,True,1746968616.369637,left,False
4073,1746968678.2721186,186.191,-20.4739,-0.923038,-0.220583,-0.126667,6084.23,5,18.124,972.151,3974.72,48.7747,2,2,1.0,0.0,0.0,5,0.0,0,True,1746968616.369637,left,False
4074,1746968678.2950592,186.344,-19.072,-1.01933,-0.219177,-0.120904,6053.99,5,18.146,973.283,3975.85,48.7744,2,2,1.0,0.0,0.0,5,0.0,0,True,1746968616.369637,left,False
4075,1746968678.3159075,186.508,-17.5929,-1.11636,-0.217631,-0.114573,6020.74,5,18.168,974.416,3976.98,48.774,2,2,1.0,0.0,0.0,5,0.0,0,True,1746968616.369637,left,False
4076,1746968678.3401446,186.675,-16.053,-1.20431,-0.215973,-0.107763,5988.06,5,18.19,975.548,3978.11,48.7737,2,2,1.0,0.0,0.0,5,0.0,0,True,1746968616.369637,left,False
4077,1746968678.361342,186.845,-14.4673,-1.28975,-0.214205,-0.10051,5952.65,5,18.212,976.681,3979.24,48.7734,2,2,1.0,0.0,0.0,5,0.0,0,True,1746968616.369637,left,False
4078,1746968678.3826056,187.019,-12.8549,-1.36063,-0.212347,-0.0929019,5911.52,5,18.234,977.814,3980.38,48.773,2,2,1.0,0.0,0.0,5,0.0,0,True,1746968616.369637,left,False
4079,1746968678.407209,187.186,-11.2407,-1.42304,-0.210423,-0.0850322,5874.95,5,18.256,978.947,3981.51,48.7727,2,2,1.0,0.0,0.0,5,0.0,0,True,1746968616.369637,left,False
4080,1746968678.4260924,187.342,-9.65145,-1.48159,-0.208443,-0.076992,5846.9,5,18.278,980.081,3982.64,48.7723,2,2,1.0,0.0,0.0,5,0.0,0,True,1746968616.369637,left,False
4081,1746968678.4499562,187.485,-8.10824,-1.52439,-0.206429,-0.0698979,5826.17,5,18.3,981.219,3983.78,48.772,2,2,1.0,0.0,0.0,5,0.0,0,True,1746968616.369637,left,False
4082,1746968678.4718525,187.612,-6.63546,-1.57658,-0.204268,-0.0639296,5816.22,5,18.322,982.36,3984.92,48.7717,2,2,1.0,0.0,0.0,5,0.0,0,True,1746968616.369637,left,False
4083,1746968678.4917293,187.731,-5.24102,-1.62189,-0.201978,-0.0579824,5806.03,5,18.344,983.503,3986.07,48.7713,2,2,1.0,0.0,0.0,5,0.0,0,True,1746968616.369637,left,False
4084,1746968678.5162883,187.842,-3.94301,-1.66925,-0.199593,-0.0521393,5799.7,5,18.366,984.645,3987.21,48.771,2,2,1.0,0.0,0.0,5,0.0,0,True,1746968616.369637,left,False
4085,1746968678.535777,187.945,-2.7501,-1.70778,-0.197152,-0.046473,5791.33,5,18.388,985.788,3988.35,48.7707,2,2,1.0,0.0,0.0,5,0.0,0,True,1746968616.369637,left,False
4086,1746968678.5590372,188.041,-1.67193,-1.74477,-0.194666,-0.0410488,5785.86,5,18.41,986.932,3989.5,48.7703,2,2,1.0,0.0,0.0,5,0.0,0,True,1746968616.369637,left,False
4087,1746968678.5805576,188.13,-0.711315,-1.77209,-0.192167,-0.0359089,5783.33,5,18.432,988.077,3990.64,48.77,2,2,1.0,0.0,0.0,5,0.0,0,True,1746968616.369637,right,False
4088,1746968678.6048121,188.213,0.13113,-1.78636,-0.189689,-0.0310874,5782.72,5,18.454,989.221,3991.78,48.7697,2,2,1.0,0.0,0.0,5,0.0,0,True,1746968616.369637,right,False
4089,1746968678.6249216,188.292,0.858525,-1.78449,-0.18726,-0.0266004,5782.32,5,18.476,990.367,3992.93,48.7693,2,2,1.0,0.0,0.0,5,0.0,0,True,1746968616.369637,right,False
4090,1746968678.646244,188.368,1.47484,-1.7673,-0.184875,-0.0224583,5782.66,5,18.498,991.513,3994.08,48.769,2,2,1.0,0.0,0.0,5,0.0,0,True,1746968616.369637,right,False
4091,1746968678.668486,188.442,1.98576,-1.72804,-0.182581,-0.0186594,5782.5,5,18.52,992.659,3995.22,48.7687,2,2,1.0,0.0,0.0,5,0.0,0,True,1746968616.369637,right,False
4092,1746968678.6909788,188.515,2.40003,-1.67963,-0.180359,-0.0151966,5783.72,5,18.542,993.807,3996.37,48.7683,2,2,1.0,0.0,0.0,5,0.0,0,True,1746968616.369637,right,False
4093,1746968678.7136254,188.587,2.72516,-1.6125,-0.178255,-0.0120552,5784.3,5,18.564,994.954,3997.52,48.768,2,2,1.0,0.0,0.0,5,0.0,0,True,1746968616.369637,right,False
4094,1746968678.7346158,188.659,2.96934,-1.52647,-0.176278,-0.00921655,5784.42,5,18.586,996.102,3998.67,48.7676,2,2,1.0,0.0,0.0,5,0.0,0,True,1746968616.369637,right,False
4095,1746968678.7557847,188.73,3.14465,-1.43386,-0.17439,-0.00665879,5786.06,5,18.608,997.251,3999.81,48.7673,2,2,1.0,0.0,0.0,5,0.0,0,True,1746968616.369637,right,False
4096,1746968678.7799509,188.803,3.25781,-1.32713,-0.172664,-0.00435662,5786.37,5,18.63,998.401,4000.96,48.767,2,2,1.0,0.0,0.0,5,0.0,0,True,1746968616.369637,right,False
4097,1746968678.8004463,188.874,3.3197,-1.21747,-0.171069,-0.00228548,5787.44,5,18.652,999.55,4002.11,48.7666,2,2,1.0,0.0,0.0,5,0.0,0,True,1746968616.369637,right,False
4098,1746968678.8229406,188.947,3.338,-1.09536,-0.169621,-0.000417471,5788.48,5,18.674,1000.7,4003.26,48.7663,2,2,1.0,0.0,0.0,5,0.0,0,True,1746968616.369637,right,False
4099,1746968678.846664,189.018,3.32238,-0.970135,-0.168319,0.00127697,5790.11,5,18.696,1001.85,4004.41,48.766,2,2,1.0,0.0,0.0,5,0.0,0,True,1746968616.369637,right,False
4100,1746968678.866487,189.089,3.28113,-0.852417,-0.16711,0.00282502,5792.26,5,18.718,1003,4005.57,48.7656,2,2,1.0,0.0,0.0,5,0.0,0,True,1746968616.369637,right,False
4101,1746968678.8907213,189.161,3.22133,-0.733452,-0.16604,0.0042522,5794.36,5,18.74,1004.16,4006.72,48.7653,2,2,1.0,0.0,0.0,5,0.0,0,True,1746968616.369637,right,False
4102,1746968678.9110825,189.232,3.14547,-0.615121,-0.165125,0.00557375,5795.41,5,18.762,1005.31,4007.87,48.765,2,2,1.0,0.0,0.0,5,0.0,0,True,1746968616.369637,right,False
4103,1746968678.9325967,189.304,3.0594,-0.495021,-0.164339,0.00680995,5797.17,5,18.784,1006.46,4009.02,48.7646,2,2,1.0,0.0,0.1,5,0.0,0,True,1746968616.369637,right,False
4104,1746968678.956645,189.375,2.96846,-0.379379,-0.163708,0.00798273,5799.1,5,18.806,1007.61,4010.18,48.7643,2,2,1.0,0.0,0.1,5,0.0,0,True,1746968616.369637,right,False
4105,1746968678.9779663,189.444,2.87775,-0.295473,-0.163167,0.00910592,5802.84,5,18.828,1008.77,4011.33,48.764,2,2,1.0,0.0,0.1,5,0.0,0,True,1746968616.369637,right,False
4106,1746968678.9991786,189.515,2.784,-0.186891,-0.16276,0.0101838,5804.49,5,18.85,1009.92,4012.49,48.7636,2,2,1.0,0.0,0.1,5,0.0,0,True,1746968616.369637,right,False
4107,1746968679.0225365,189.572,2.85079,-0.0999619,-0.162423,0.0102823,5809.33,5,18.872,1011.08,4013.64,48.7633,2,2,1.0,0.0,0.1,5,0.0,0,True,1746968616.369637,right,False
4108,1746968679.042982,189.629,2.53556,-0.0460861,-0.162052,0.00786304,5817.51,5,18.894,1012.23,4014.79,48.7629,2,2,1.0,0.0,0.1,5,0.0,0,True,1746968616.369637,right,False
4109,1746968679.0644717,189.691,1.82031,-0.0100476,-0.161637,0.00323749,5825.01,5,18.916,1013.39,4015.95,48.7626,2,2,1.0,0.0,0.1,5,0.0,0,True,1746968616.369637,right,False
4110,1746968679.0865428,189.749,0.79542,-0.000335792,-0.161149,-0.00322342,5833.92,5,18.938,1014.54,4017.11,48.7623,2,2,1.0,0.0,0.1,5,0.0,0,True,1746968616.369637,right,False
4111,1746968679.1107125,189.798,-0.45596,-0.0315567,-0.160579,-0.011143,5845.5,5,18.96,1015.7,4018.26,48.7619,2,2,1.0,0.0,0.1,5,0.0,0,True,1746968616.369637,right,False
4112,1746968679.130188,189.833,-1.85673,-0.0847457,-0.159908,-0.0201538,5858.88,5,18.982,1016.85,4019.42,48.7616,2,2,1.0,0.0,0.1,5,0.0,0,True,1746968616.369637,right,False
4113,1746968679.1554003,189.849,-3.34685,-0.17153,-0.159094,-0.0299177,5874.95,5,19.004,1018.01,4020.57,48.7613,2,2,1.0,0.0,0.1,5,0.0,0,True,1746968616.369637,right,False
4114,1746968679.1741292,189.845,-4.87609,-0.281406,-0.15813,-0.0401478,5895.3,5,19.026,1019.17,4021.73,48.7609,2,2,1.0,0.0,0.1,5,0.0,0,True,1746968616.369637,right,False
4115,1746968679.1965466,189.818,-6.40329,-0.410374,-0.156995,-0.050597,5919.81,5,19.048,1020.32,4022.89,48.7606,2,2,1.0,0.0,0.1,5,0.0,0,True,1746968616.369637,right,False
4116,1746968679.2210042,189.771,-7.90214,-0.564755,-0.155656,-0.0610943,5949.57,5,19.07,1021.48,4024.04,48.7603,2,2,1.0,0.0,0.1,5,0.0,0,True,1746968616.369637,right,False
4117,1746968679.2420275,189.705,-9.35351,-0.735099,-0.154118,-0.0715253,5981.05,5,19.092,1022.64,4025.2,48.7599,2,2,1.0,0.0,0.1,5,0.0,0,True,1746968616.369637,right,False
4118,1746968679.2628763,189.624,-10.7571,-0.924,-0.152352,-0.0818334,6012.55,5,19.114,1023.79,4026.36,48.7596,2,2,1.0,0.0,0.1,5,0.0,0,True,1746968616.369637,right,False
4119,1746968679.2841501,189.531,-12.1055,-1.11623,-0.150354,-0.0920231,6040.07,5,19.136,1024.95,4027.51,48.7593,2,2,1.0,0.0,0.0,5,0.0,0,True,1746968616.369637,left,False
4120,1746968679.306101,189.432,-13.4044,-1.30809,-0.148108,-0.102113,6058.79,5,19.158,1026.11,4028.67,48.7589,2,2,1.0,0.0,0.0,5,0.0,0,True,1746968616.369637,left,False
4121,1746968679.3289204,189.318,-14.6671,-1.51579,-0.14561,-0.112109,6080.71,5,19.18,1027.26,4029.83,48.7586,2,2,1.0,0.0,0.0,5,0.0,0,True,1746968616.369637,left,False
4122,1746968679.3504457,189.2,-15.8887,-1.71424,-0.142847,-0.122041,6091.2,5,19.202,1028.42,4030.98,48.7582,2,2,1.0,0.0,0.0,5,0.0,0,True,1746968616.369637,left,False
4123,1746968679.3724518,189.104,-17.1247,-1.91196,-0.139823,-0.131661,6089.07,5,19.224,1029.58,4032.14,48.7579,2,2,1.0,0.0,0.0,5,0.0,0,True,1746968616.369637,left,False
4124,1746968679.397197,189.026,-18.2223,-2.11776,-0.136572,-0.140486,6074.92,5,19.246,1030.73,4033.3,48.7576,2,2,1.0,0.0,0.0,5,0.0,0,True,1746968616.369637,left,False
4125,1746968679.41782,188.965,-19.1391,-2.30164,-0.133065,-0.148598,6044.62,5,19.268,1031.89,4034.45,48.7572,2,2,1.0,0.0,0.0,5,0.0,0,True,1746968616.369637,left,False
4126,1746968679.4399204,188.902,-19.9231,-2.4919,-0.129293,-0.156106,6027.19,5,19.29,1033.04,4035.61,48.7569,2,2,1.0,0.0,0.0,5,0.0,0,True,1746968616.369637,left,False
4127,1746968679.4637418,188.843,-20.579,-2.67631,-0.125256,-0.163052,6010.99,5,19.312,1034.2,4036.76,48.7566,2,2,1.0,0.0,0.0,5,0.0,0,True,1746968616.369637,left,False
4128,1746968679.4845037,188.785,-21.1135,-2.85453,-0.120939,-0.169467,6004.19,5,19.334,1035.36,4037.92,48.7562,2,2,1.0,0.0,0.0,5,0.0,0,True,1746968616.369637,left,False
4129,1746968679.5052323,188.732,-21.5556,-3.04093,-0.116345,-0.17539,5999.43,5,19.356,1036.51,4039.08,48.7559,2,2,1.0,0.0,0.0,5,0.0,0,True,1746968616.369637,left,False
4130,1746968679.5277746,188.681,-21.8947,-3.22474,-0.111466,-0.180827,6002.27,5,19.378,1037.67,4040.23,48.7556,2,2,1.0,0.0,0.0,5,0.0,0,True,1746968616.369637,left,False
4131,1746968679.550015,188.636,-22.1487,-3.42176,-0.106303,-0.185786,6013.58,5,19.4,1038.82,4041.39,48.7552,2,2,1.0,0.0,0.0,5,0.0,0,True,1746968616.369637,left,False
4132,1746968679.572712,188.599,-22.3039,-3.60832,-0.100863,-0.190261,6022.22,5,19.422,1039.98,4042.54,48.7549,2,2,1.0,0.0,0.0,5,0.0,0,True,1746968616.369637,left,False
4133,1746968679.5954018,188.571,-22.3671,-3.80746,-0.0951294,-0.194209,6035.65,5,19.444,1041.13,4043.7,48.7546,2,2,1.0,0.0,0.0,5,0.0,0,True,1746968616.369637,left,False
4134,1746968679.6153364,188.551,-22.3404,-4.00132,-0.0891235,-0.197667,6054.58,5,19.466,1042.29,4044.85,48.7542,2,2,1.0,0.0,0.0,5,0.0,0,True,1746968616.369637,left,False
4135,1746968679.6359372,188.545,-22.2135,-4.19529,-0.0828369,-0.200598,6069.67,5,19.488,1043.44,4046.01,48.7539,2,2,1.0,0.0,0.0,5,0.0,0,True,1746968616.369637,left,False
4136,1746968679.657878,188.554,-21.989,-4.39321,-0.0762736,-0.202962,6081.51,5,19.51,1044.6,4047.16,48.7535,2,2,1.0,0.0,0.0,5,0.0,0,True,1746968616.369637,left,False
4137,1746968679.6817174,188.576,-21.6637,-4.58874,-0.0694336,-0.20477,6093.28,5,19.532,1045.75,4048.31,48.7532,2,2,1.0,0.0,0.0,5,0.0,0,True,1746968616.369637,left,False
4138,1746968679.7050815,188.616,-21.2223,-4.78552,-0.062321,-0.205948,6102.11,5,19.554,1046.9,4049.47,48.7529,2,2,1.0,0.0,0.0,5,0.0,0,True,1746968616.369637,left,False
4139,1746968679.7249043,188.671,-20.6889,-4.97676,-0.0549357,-0.206582,6107.83,5,19.576,1048.06,4050.62,48.7525,2,2,1.0,0.0,0.0,5,0.0,0,True,1746968616.369637,left,False
4140,1746968679.7482934,188.746,-20.0373,-5.15157,-0.0472778,-0.206635,6103.95,5,19.598,1049.21,4051.77,48.7522,2,2,1.0,0.0,0.0,5,0.0,0,True,1746968616.369637,left,False
4141,1746968679.7718627,188.832,-19.2988,-5.32866,-0.0393473,-0.206127,6102.97,5,19.62,1050.36,4052.93,48.7519,2,2,1.0,0.0,0.0,5,0.0,0,True,1746968616.369637,left,False
4142,1746968679.7907078,188.93,-18.4604,-5.5071,-0.0311523,-0.205027,6098.3,5,19.642,1051.52,4054.08,48.7515,2,2,1.0,0.0,0.0,5,0.0,0,True,1746968616.369637,left,False
4143,1746968679.81409,189.039,-17.5238,-5.68344,-0.022701,-0.203321,6096.59,5,19.664,1052.67,4055.23,48.7512,2,2,1.0,0.0,0.0,5,0.0,0,True,1746968616.369637,left,False
4144,1746968679.8351588,189.165,-16.4991,-5.85701,-0.0139974,-0.201058,6082.83,5,19.686,1053.82,4056.38,48.7509,2,2,1.0,0.0,0.0,5,0.0,0,True,1746968616.369637,left,False
4145,1746968679.8588033,189.303,-15.4064,-6.02733,-0.00504964,-0.198297,6064.78,5,19.708,1054.97,4057.54,48.7505,2,2,1.0,0.0,0.0,5,0.0,0,True,1746968616.369637,left,False
4146,1746968679.878443,189.453,-14.2374,-6.18502,0.00413005,-0.195054,6037.95,5,19.73,1056.13,4058.69,48.7502,2,2,1.0,0.0,0.0,5,0.0,0,True,1746968616.369637,left,False
4147,1746968679.9008453,189.611,-13.0154,-6.33198,0.0135376,-0.191383,6004.99,5,19.752,1057.28,4059.84,48.7499,2,2,1.0,0.0,0.0,5,0.0,0,True,1746968616.369637,left,False
4148,1746968679.924684,189.766,-11.7624,-6.47983,0.0231608,-0.187356,5980.85,5,19.774,1058.43,4061,48.7495,2,2,1.0,0.0,0.0,5,0.0,0,True,1746968616.369637,left,False
4149,1746968679.9440968,189.921,-10.4892,-6.61828,0.0329834,-0.183038,5954.81,5,19.796,1059.59,4062.15,48.7492,2,2,1.0,0.0,0.0,5,0.0,0,True,1746968616.369637,left,False
4150,1746968679.9666848,190.07,-9.22089,-6.75128,0.0429728,-0.178507,5935.85,5,19.818,1060.74,4063.3,48.7488,2,2,1.0,0.0,0.0,5,0.0,0,True,1746968616.369637,left,False
4151,1746968679.9880338,190.218,-7.96727,-6.87006,0.0531372,-0.173828,5913.51,5,19.84,1061.89,4064.46,48.7485,2,2,1.0,0.0,0.0,5,0.0,0,True,1746968616.369637,left,False
4152,1746968680.0117924,190.359,-6.75191,-6.979,0.063444,-0.169085,5896.52,5,19.862,1063.05,4065.61,48.7482,2,2,1.0,0.0,0.0,5,0.0,0,True,1746968616.369637,left,False
4153,1746968680.0350385,190.491,-5.58974,-7.07897,0.0738688,-0.164336,5885.49,5,19.884,1064.2,4066.77,48.7478,2,2,1.0,0.0,0.0,5,0.0,0,True,1746968616.369637,left,False
4154,1746968680.056622,190.615,-4.4898,-7.15692,0.0843994,-0.159638,5877.85,5,19.906,1065.36,4067.92,48.7475,2,2,1.0,0.0,0.0,5,0.0,0,True,1746968616.369637,left,False
4155,1746968680.0796664,190.733,-3.46415,-7.22719,0.0950033,-0.155036,5872.56,5,19.928,1066.52,4069.08,48.7472,2,2,1.0,0.0,0.0,5,0.0,0,True,1746968616.369637,left,False
4156,1746968680.098279,190.846,-2.52077,-7.28049,0.105656,-0.150578,5868.35,5,19.95,1067.68,4070.24,48.7468,2,2,1.0,0.0,0.0,5,0.0,0,True,1746968616.369637,left,False
4157,1746968680.1215065,190.955,-1.6623,-7.30901,0.116341,-0.146295,5864.73,5,19.972,1068.83,4071.4,48.7465,2,2,1.0,0.0,0.0,5,0.0,0,True,1746968616.369637,left,False
4158,1746968680.1427932,191.057,-0.893083,-7.32615,0.127039,-0.142212,5864.72,5,19.994,1069.99,4072.56,48.7462,2,2,1.0,0.0,0.0,5,0.0,0,True,1746968616.369637,left,False
4159,1746968680.1654773,191.157,-0.210735,-7.32268,0.137724,-0.13834,5864.82,5,20.016,1071.15,4073.72,48.7458,2,2,1.0,0.0,0.0,5,0.0,0,True,1746968616.369637,left,False
4160,1746968680.1859615,191.254,0.386447,-7.30358,0.148376,-0.134694,5864.55,5,20.038,1072.31,4074.88,48.7455,2,2,1.0,0.0,0.0,5,0.0,0,True,1746968616.369637,left,False
4161,1746968680.209054,191.349,0.901075,-7.26835,0.158993,-0.131275,5866.09,5,20.06,1073.48,4076.04,48.7452,2,2,1.0,0.0,0.0,5,0.0,0,True,1746968616.369637,left,False
4162,1746968680.2307856,191.442,1.33761,-7.21546,0.169539,-0.128089,5867.37,5,20.082,1074.64,4077.2,48.7448,2,2,1.0,0.0,0.0,5,0.0,0,True,1746968616.369637,left,False
4163,1746968680.2541122,191.534,1.70139,-7.14961,0.180021,-0.125131,5868.6,5,20.104,1075.8,4078.37,48.7445,2,2,1.0,0.0,0.0,5,0.0,0,True,1746968616.369637,left,False
4164,1746968680.274202,191.625,1.99788,-7.07576,0.190413,-0.122396,5871.02,5,20.126,1076.97,4079.53,48.7441,2,2,1.0,0.0,0.0,5,0.0,0,True,1746968616.369637,left,False
4165,1746968680.2987015,191.715,2.23255,-6.98525,0.2007,-0.119874,5872.11,5,20.148,1078.13,4080.7,48.7438,2,2,1.0,0.0,0.0,5,0.0,0,True,1746968616.369637,left,False
4166,1746968680.3184855,191.806,2.41223,-6.88934,0.210889,-0.117556,5873.89,5,20.17,1079.3,4081.86,48.7435,2,2,1.0,0.0,0.0,5,0.0,0,True,1746968616.369637,left,False
4167,1746968680.3408191,191.896,2.54359,-6.78539,0.220972,-0.115424,5875.54,5,20.192,1080.47,4083.03,48.7431,2,2,1.0,0.0,0.0,5,0.0,0,True,1746968616.369637,left,False
4168,1746968680.3649933,191.984,2.63334,-6.68462,0.230949,-0.113466,5879.24,5,20.214,1081.64,4084.2,48.7428,2,2,1.0,0.0,0.0,5,0.0,0,True,1746968616.369637,left,False
4169,1746968680.386872,192.073,2.68729,-6.57989,0.240824,-0.111664,5881.35,5,20.236,1082.81,4085.37,48.7425,2,2,1.0,0.0,0.0,5,0.0,0,True,1746968616.369637,left,False
4170,1746968680.4083846,192.162,2.71204,-6.47605,0.250582,-0.109998,5883.83,5,20.258,1083.98,4086.54,48.7421,2,2,1.0,0.0,0.0,5,0.0,0,True,1746968616.369637,left,False
4171,1746968680.4307003,192.252,2.71162,-6.36308,0.260205,-0.108448,5884.8,5,20.28,1085.15,4087.71,48.7418,2,2,1.0,0.0,0.0,5,0.0,0,True,1746968616.369637,left,False
4172,1746968680.4513948,192.34,2.6949,-6.26573,0.269722,-0.106995,5888.17,5,20.302,1086.32,4088.89,48.7415,2,2,1.0,0.0,0.0,5,0.0,0,True,1746968616.369637,left,False
4173,1746968680.474449,192.428,2.66467,-6.16537,0.27913,-0.10562,5891.52,5,20.324,1087.5,4090.06,48.7411,2,2,1.0,0.0,0.0,5,0.0,0,True,1746968616.369637,left,False
4174,1746968680.4946651,192.516,2.62407,-6.07801,0.288432,-0.104316,5894.36,5,20.346,1088.67,4091.23,48.7408,2,2,1.0,0.0,0.0,5,0.0,0,True,1746968616.369637,left,False
4175,1746968680.5169036,192.603,2.57582,-5.98274,0.297587,-0.103066,5896.71,5,20.368,1089.85,4092.41,48.7405,2,2,1.0,0.0,0.0,5,0.0,0,True,1746968616.369637,left,False
4176,1746968680.5387242,192.691,2.52335,-5.89279,0.306637,-0.101855,5899.7,5,20.39,1091.02,4093.59,48.7401,2,2,1.0,0.0,0.0,5,0.0,0,True,1746968616.369637,left,False
4177,1746968680.5609932,192.778,2.46803,-5.8125,0.31558,-0.100684,5902.19,5,20.412,1092.2,4094.77,48.7398,2,2,1.0,0.0,0.0,5,0.0,0,True,1746968616.369637,left,False
4178,1746968680.584868,192.865,2.4114,-5.73608,0.32441,-0.0995431,5905.18,5,20.434,1093.38,4095.94,48.7394,2,2,1.0,0.0,0.0,5,0.0,0,True,1746968616.369637,left,False
4179,1746968680.6059964,192.951,2.353,-5.65383,0.333138,-0.0984266,5907.56,5,20.456,1094.56,4097.12,48.7391,2,2,1.0,0.0,0.0,5,0.0,0,True,1746968616.369637,left,False
4180,1746968680.627246,193.038,2.2968,-5.57882,0.34176,-0.097326,5909.19,5,20.478,1095.74,4098.3,48.7388,2,2,1.0,0.0,0.0,5,0.0,0,True,1746968616.369637,left,False
4181,1746968680.6487348,193.124,2.24273,-5.51269,0.350269,-0.0962362,5912.4,5,20.5,1096.92,4099.49,48.7384,2,2,1.0,0.0,0.0,5,0.0,0,True,1746968616.369637,left,False
4182,1746968680.6709108,193.208,2.19094,-5.44914,0.358679,-0.0951552,5916.08,5,20.522,1098.11,4100.67,48.7381,2,2,1.0,0.0,0.0,5,0.0,0,True,1746968616.369637,left,False
4183,1746968680.6946921,193.293,2.14094,-5.38103,0.36698,-0.0940807,5918.53,5,20.544,1099.29,4101.85,48.7378,2,2,1.0,0.0,0.0,5,0.0,0,True,1746968616.369637,left,False
4184,1746968680.715977,193.378,2.09381,-5.31981,0.375191,-0.0930092,5921.24,5,20.566,1100.47,4103.04,48.7374,2,2,1.0,0.0,0.0,5,0.0,0,True,1746968616.369637,left,False
4185,1746968680.7385948,193.462,2.05008,-5.26212,0.383317,-0.0919404,5923.77,5,20.588,1101.66,4104.22,48.7371,2,2,1.0,0.0,0.0,5,0.0,0,True,1746968616.369637,left,False
4186,1746968680.7601483,193.546,2.00851,-5.20383,0.391337,-0.090872,5926.29,5,20.61,1102.84,4105.41,48.7368,2,2,1.0,0.0,0.0,5,0.0,0,True,1746968616.369637,left,False
4187,1746968680.7841735,193.63,1.96985,-5.15055,0.399251,-0.089802,5928.95,5,20.632,1104.03,4106.6,48.7364,2,2,1.0,0.0,0.0,5,0.0,0,True,1746968616.369637,left,False
4188,1746968680.801856,193.714,1.93348,-5.08675,0.407068,-0.0887322,5930.96,5,20.654,1105.22,4107.78,48.7361,2,2,1.0,0.0,0.0,5,0.0,0,True,1746968616.369637,left,False
4189,1746968680.8267658,193.796,1.90046,-5.0326,0.414807,-0.0876579,5933.89,5,20.676,1106.41,4108.97,48.7358,2,2,1.0,0.0,0.0,5,0.0,0,True,1746968616.369637,left,False
4190,1746968680.8487155,193.879,1.87062,-4.98035,0.422441,-0.0865805,5937.23,5,20.698,1107.6,4110.16,48.7354,2,2,1.0,0.0,0.0,5,0.0,0,True,1746968616.369637,left,False
4191,1746968680.8691876,193.961,1.84204,-4.91759,0.429968,-0.085499,5939.5,5,20.72,1108.79,4111.35,48.7351,2,2,1.0,0.0,0.0,5,0.0,0,True,1746968616.369637,left,False
4192,1746968680.8926911,194.043,1.81725,-4.86084,0.437427,-0.0844092,5941.22,5,20.742,1109.98,4112.54,48.7347,2,2,1.0,0.0,0.0,5,0.0,0,True,1746968616.369637,left,False
4193,1746968680.9139435,194.125,1.79539,-4.80154,0.444775,-0.0833099,5944.24,5,20.764,1111.17,4113.73,48.7344,2,2,1.0,0.0,-0.1,5,0.0,0,True,1746968616.369637,left,False
4194,1746968680.936165,194.206,1.77633,-4.74154,0.452039,-0.0822041,5946.44,5,20.786,1112.36,4114.93,48.7341,2,2,1.0,0.0,-0.1,5,0.0,0,True,1746968616.369637,left,False
4195,1746968680.9562862,194.287,1.75913,-4.68124,0.459212,-0.0810938,5948.29,5,20.808,1113.56,4116.12,48.7337,2,2,1.0,0.0,-0.1,5,0.0,0,True,1746968616.369637,left,False
4196,1746968680.9794893,194.368,1.74421,-4.62382,0.46628,-0.0799768,5950.18,5,20.83,1114.75,4117.31,48.7334,2,2,1.0,0.0,-0.1,5,0.0,0,True,1746968616.369637,left,False
4197,1746968680.9998078,194.426,1.59341,-4.55955,0.473218,-0.0780127,5955.6,5,20.852,1115.95,4118.51,48.7331,2,2,1.0,0.0,-0.1,5,0.0,0,True,1746968616.369637,left,False
4198,1746968681.0266838,194.478,1.77688,-4.47062,0.479919,-0.0737674,5952.94,5,20.874,1117.14,4119.71,48.7327,2,2,1.0,0.0,-0.1,5,0.0,0,True,1746968616.369637,left,False
4199,1746968681.0465431,194.524,2.35558,-4.3531,0.486373,-0.0672438,5948.75,5,20.896,1118.34,4120.9,48.7324,2,2,1.0,0.0,-0.1,5,0.0,0,True,1746968616.369637,left,False
4200,1746968681.0689416,194.557,3.29252,-4.21573,0.49255,-0.0585637,5946.24,5,20.918,1119.54,4122.1,48.7321,2,2,1.0,0.0,-0.1,5,0.0,0,True,1746968616.369637,left,False
4201,1746968681.0892587,194.569,4.54436,-4.05389,0.498417,-0.0478768,5945.29,5,20.94,1120.73,4123.3,48.7317,2,2,1.0,0.0,-0.1,5,0.0,0,True,1746968616.369637,left,False
4202,1746968681.1112869,194.555,6.06022,-3.85973,0.503943,-0.0353563,5943.6,5,20.962,1121.93,4124.5,48.7314,2,2,1.0,0.0,0.0,5,0.0,0,True,1746968616.369637,right,False
4203,1746968681.1344466,194.506,7.80001,-3.6425,0.509086,-0.0211735,5943.01,5,20.984,1123.13,4125.7,48.7311,2,2,1.0,0.0,0.0,5,0.0,0,True,1746968616.369637,right,False
4204,1746968681.1567452,194.416,9.72326,-3.39197,0.513806,-0.00549936,5942.61,5,21.006,1124.33,4126.9,48.7307,2,2,1.0,0.0,0.0,5,0.0,0,True,1746968616.369637,right,False
4205,1746968681.178318,194.279,11.7959,-3.11415,0.518042,0.0114858,5942.85,5,21.028,1125.53,4128.1,48.7304,2,2,1.0,0.0,0.0,5,0.0,0,True,1746968616.369637,right,False
4206,1746968681.1986334,194.132,14.0925,-2.79955,0.521806,0.0289028,5942.27,5,21.05,1126.73,4129.3,48.73,2,2,1.0,0.0,0.0,5,0.0,0,True,1746968616.369637,right,False
4207,1746968681.2203393,193.966,16.1609,-2.48083,0.525126,0.0453112,5946.01,5,21.072,1127.94,4130.5,48.7297,2,2,1.0,0.0,0.0,5,0.0,0,True,1746968616.369637,right,False
4208,1746968681.2437232,193.785,17.9052,-2.14853,0.527954,0.0605934,5953.33,5,21.094,1129.14,4131.7,48.7294,2,2,1.0,0.0,0.0,5,0.0,0,True,1746968616.369637,right,False
4209,1746968681.2659261,193.599,19.3399,-1.80566,0.530265,0.0746713,5963.33,5,21.116,1130.34,4132.9,48.729,2,2,1.0,0.0,0.0,5,0.0,0,True,1746968616.369637,right,False
4210,1746968681.2879703,193.42,20.444,-1.44203,0.532027,0.0873911,5973.6,5,21.138,1131.54,4134.1,48.7287,2,2,1.0,0.0,0.0,5,0.0,0,True,1746968616.369637,right,False
4211,1746968681.3092,193.256,21.2034,-1.05568,0.533207,0.0985808,5986.52,5,21.16,1132.74,4135.31,48.7284,2,2,1.0,0.0,0.0,5,0.0,0,True,1746968616.369637,right,False
4212,1746968681.3310943,193.12,21.6042,-0.656575,0.533801,0.108083,6000.24,5,21.182,1133.94,4136.51,48.728,2,2,1.0,0.0,0.0,5,0.0,0,True,1746968616.369637,right,False
4213,1746968681.3525033,193.017,21.6237,-0.241001,0.533789,0.115698,6017.22,5,21.204,1135.14,4137.71,48.7277,2,2,1.0,0.0,0.0,5,0.0,0,True,1746968616.369637,right,False
4214,1746968681.376117,192.954,21.2504,0.194137,0.533175,0.121327,6034.75,5,21.226,1136.34,4138.91,48.7274,2,2,1.0,0.0,0.0,5,0.0,0,True,1746968616.369637,right,False
4215,1746968681.3971403,192.937,20.4907,0.635073,0.531954,0.124883,6049.55,5,21.248,1137.54,4140.11,48.727,2,2,1.0,0.0,0.0,5,0.0,0,True,1746968616.369637,right,False
4216,1746968681.418316,192.961,19.366,1.08563,0.530131,0.126391,6064.04,5,21.27,1138.74,4141.3,48.7267,2,2,1.0,0.0,0.0,5,0.0,0,True,1746968616.369637,right,False
4217,1746968681.4402273,193.028,17.9091,1.53768,0.52773,0.125958,6068.32,5,21.292,1139.94,4142.5,48.7264,2,2,1.0,0.0,0.0,5,0.0,0,True,1746968616.369637,right,False
4218,1746968681.461814,193.13,16.1817,1.99048,0.524772,0.123769,6062.38,5,21.314,1141.13,4143.7,48.726,2,2,1.0,0.0,0.0,5,0.0,0,True,1746968616.369637,right,False
4219,1746968681.4854329,193.256,14.2569,2.43246,0.521297,0.120098,6045.46,5,21.336,1142.33,4144.89,48.7257,2,2,1.0,0.0,0.0,5,0.0,0,True,1746968616.369637,right,False
4220,1746968681.5063386,193.392,12.2343,2.8356,0.517338,0.115307,6026.65,5,21.358,1143.53,4146.09,48.7253,2,2,1.0,0.0,0.0,5,0.0,0,True,1746968616.369637,right,False
4221,1746968681.5291367,193.531,10.2016,3.21568,0.51296,0.109814,6000.16,5,21.38,1144.72,4147.29,48.725,2,2,1.0,0.0,0.0,5,0.0,0,True,1746968616.369637,right,False
4222,1746968681.5514648,193.659,8.25811,3.55588,0.508219,0.104062,5976.9,5,21.402,1145.92,4148.48,48.7247,2,2,1.0,0.0,0.0,5,0.0,0,True,1746968616.369637,right,False
4223,1746968681.5734575,193.77,6.4718,3.85635,0.503166,0.0984137,5958.15,5,21.424,1147.11,4149.67,48.7243,2,2,1.0,0.0,0.0,5,0.0,0,True,1746968616.369637,right,False
4224,1746968681.5947587,193.863,4.88693,4.11105,0.49786,0.093127,5947.41,5,21.446,1148.31,4150.87,48.724,2,2,1.0,0.0,0.0,5,0.0,0,True,1746968616.369637,right,False
4225,1746968681.6166165,193.942,3.51644,4.32155,0.49235,0.0883453,5940.23,5,21.468,1149.5,4152.06,48.7237,2,2,1.0,0.0,0.0,5,0.0,0,True,1746968616.369637,right,False
4226,1746968681.6406157,194.009,2.358,4.48478,0.486698,0.0841343,5937.61,5,21.49,1150.69,4153.26,48.7233,2,2,1.0,0.0,0.0,5,0.0,0,True,1746968616.369637,right,False
4227,1746968681.662144,194.068,1.39442,4.60456,0.480941,0.0804968,5936.64,5,21.512,1151.89,4154.45,48.723,2,2,1.0,0.0,0.0,5,0.0,0,True,1746968616.369637,right,False
4228,1746968681.6822045,194.121,0.603297,4.68017,0.475069,0.0774021,5938.85,5,21.534,1153.08,4155.65,48.7227,2,2,1.0,0.0,0.0,5,0.0,0,True,1746968616.369637,right,False
4229,1746968681.7046843,194.169,-0.0400017,4.70721,0.469141,0.0748017,5942.32,5,21.556,1154.28,4156.84,48.7223,2,2,1.0,0.0,0.0,5,0.0,0,True,1746968616.369637,right,False
4230,1746968681.7277699,194.215,-0.557659,4.70184,0.463171,0.0726421,5946.55,5,21.578,1155.47,4158.04,48.722,2,2,1.0,0.0,0.0,5,0.0,0,True,1746968616.369637,right,False
4231,1746968681.7504184,194.259,-0.970037,4.66009,0.457166,0.0708725,5951.72,5,21.6,1156.67,4159.23,48.7217,2,2,1.0,0.0,0.0,5,0.0,0,True,1746968616.369637,right,False
4232,1746968681.77378,194.302,-1.2947,4.59123,0.451135,0.0694425,5956.55,5,21.622,1157.86,4160.43,48.7213,2,2,1.0,0.0,0.0,5,0.0,0,True,1746968616.369637,right,False
4233,1746968681.7920487,194.346,-1.54306,4.50586,0.445093,0.0683186,5960.7,5,21.644,1159.06,4161.62,48.721,2,2,1.0,0.0,0.0,5,0.0,0,True,1746968616.369637,right,False
4234,1746968681.815451,194.388,-1.72674,4.40932,0.439042,0.0674679,5966.51,5,21.666,1160.25,4162.82,48.7206,2,2,1.0,0.0,0.0,5,0.0,0,True,1746968616.369637,right,False
4235,1746968681.8371134,194.434,-1.85029,4.32615,0.432987,0.0668716,5967.1,5,21.688,1161.45,4164.01,48.7203,2,2,1.0,0.0,0.0,5,0.0,0,True,1746968616.369637,right,False
4236,1746968681.8607094,194.479,-1.92144,4.23703,0.426933,0.066515,5971.28,5,21.71,1162.64,4165.21,48.72,2,2,1.0,0.0,0.0,5,0.0,0,True,1746968616.369637,right,False
4237,1746968681.8816056,194.527,-1.94437,4.16473,0.420874,0.0663862,5969.6,5,21.732,1163.84,4166.4,48.7196,2,2,1.0,0.0,0.0,5,0.0,0,True,1746968616.369637,right,False
4238,1746968681.9042487,194.574,-1.92657,4.09413,0.414823,0.0664592,5971.53,5,21.754,1165.04,4167.6,48.7193,2,2,1.0,0.0,0.0,5,0.0,0,True,1746968616.369637,right,False
4239,1746968681.9245896,194.623,-1.87273,4.03267,0.408773,0.066726,5970.84,5,21.776,1166.23,4168.8,48.719,2,2,1.0,0.0,0.0,5,0.0,0,True,1746968616.369637,right,False
4240,1746968681.9483762,194.671,-1.78776,3.99097,0.402722,0.0671628,5970.96,5,21.798,1167.43,4169.99,48.7186,2,2,1.0,0.0,0.0,5,0.0,0,True,1746968616.369637,right,False
4241,1746968681.970644,194.72,-1.67722,3.94647,0.396667,0.0677595,5970.14,5,21.82,1168.62,4171.19,48.7183,2,2,1.0,0.0,0.0,5,0.0,0,True,1746968616.369637,right,False
4242,1746968681.9917252,194.769,-1.54508,3.91434,0.390613,0.0684993,5971.44,5,21.842,1169.82,4172.38,48.718,2,2,1.0,0.0,0.0,5,0.0,0,True,1746968616.369637,right,False
4243,1746968682.0123775,194.817,-1.39582,3.90124,0.38455,0.0693648,5972.12,5,21.864,1171.02,4173.58,48.7176,2,2,1.0,0.0,0.0,5,0.0,0,True,1746968616.369637,right,False
4244,1746968682.0372083,194.866,-1.23272,3.88703,0.378475,0.0703495,5971.81,5,21.886,1172.21,4174.78,48.7173,2,2,1.0,0.0,0.0,5,0.0,0,True,1746968616.369637,right,False
4245,1746968682.056833,194.914,-1.05956,3.88637,0.372388,0.0714359,5972.83,5,21.908,1173.41,4175.97,48.717,2,2,1.0,0.0,0.0,5,0.0,0,True,1746968616.369637,right,False
4246,1746968682.078939,194.963,-0.879757,3.89236,0.36628,0.072613,5973.1,5,21.93,1174.61,4177.17,48.7166,2,2,1.0,0.0,0.0,5,0.0,0,True,1746968616.369637,right,False
4247,1746968682.1010256,195.011,-0.695845,3.90889,0.360148,0.0738685,5974.86,5,21.952,1175.8,4178.37,48.7163,2,2,1.0,0.0,0.0,5,0.0,0,True,1746968616.369637,right,False
4248,1746968682.1225567,195.059,-0.510996,3.92616,0.353992,0.0751903,5975.93,5,21.974,1177,4179.57,48.716,2,2,1.0,0.0,0.0,5,0.0,0,True,1746968616.369637,right,False
4249,1746968682.1461089,195.107,-0.327228,3.95439,0.347795,0.0765676,5975.31,5,21.996,1178.2,4180.76,48.7156,2,2,1.0,0.0,0.0,5,0.0,0,True,1746968616.369637,right,False
4250,1746968682.167089,195.154,-0.147502,3.99084,0.341565,0.0779862,5976.4,5,22.018,1179.4,4181.96,48.7153,2,2,1.0,0.0,0.0,5,0.0,0,True,1746968616.369637,right,False
4251,1746968682.1892655,195.201,0.0271026,4.02837,0.335291,0.0794382,5978.33,5,22.04,1180.59,4183.16,48.7149,2,2,1.0,0.0,0.0,5,0.0,0,True,1746968616.369637,right,False
4252,1746968682.2120395,195.248,0.19458,4.07203,0.328967,0.0809135,5978.38,5,22.062,1181.79,4184.35,48.7146,2,2,1.0,0.0,0.0,5,0.0,0,True,1746968616.369637,right,False
4253,1746968682.2335575,195.293,0.353842,4.11583,0.322587,0.0824032,5980.56,5,22.084,1182.99,4185.55,48.7143,2,2,1.0,0.0,0.0,5,0.0,0,True,1746968616.369637,right,False
4254,1746968682.2543502,195.339,0.50402,4.16393,0.316154,0.0839005,5981.44,5,22.106,1184.19,4186.75,48.7139,2,2,1.0,0.0,0.0,5,0.0,0,True,1746968616.369637,right,False
4255,1746968682.2768939,195.384,0.644627,4.21352,0.309664,0.0854003,5982.4,5,22.128,1185.38,4187.95,48.7136,2,2,1.0,0.0,0.0,5,0.0,0,True,1746968616.369637,right,False
4256,1746968682.2998817,195.43,0.774741,4.26634,0.303105,0.0868948,5982.81,5,22.15,1186.58,4189.14,48.7133,2,2,1.0,0.0,0.0,5,0.0,0,True,1746968616.369637,right,False
4257,1746968682.3211927,195.474,0.894665,4.31925,0.296472,0.0883806,5985.45,5,22.172,1187.78,4190.34,48.7129,2,2,1.0,0.0,0.0,5,0.0,0,True,1746968616.369637,right,False
4258,1746968682.343028,195.519,1.00432,4.37555,0.289771,0.0898557,5985.91,5,22.194,1188.98,4191.54,48.7126,2,2,1.0,0.0,0.0,5,0.0,0,True,1746968616.369637,right,False
4259,1746968682.3662264,195.563,1.1038,4.43516,0.282996,0.091316,5986.42,5,22.216,1190.17,4192.74,48.7123,2,2,1.0,0.0,0.0,5,0.0,0,True,1746968616.369637,right,False
4260,1746968682.389069,195.606,1.1943,4.48884,0.276135,0.0927625,5988.27,5,22.238,1191.37,4193.94,48.7119,2,2,1.0,0.0,0.0,5,0.0,0,True,1746968616.369637,right,False
4261,1746968682.4099529,195.65,1.27582,4.54553,0.269189,0.0941942,5989.69,5,22.26,1192.57,4195.13,48.7116,2,2,1.0,0.0,0.0,5,0.0,0,True,1746968616.369637,right,False
4262,1746968682.4314318,195.694,1.34723,4.6144,0.262174,0.0956054,5989.7,5,22.282,1193.77,4196.33,48.7113,2,2,1.0,0.0,0.0,5,0.0,0,True,1746968616.369637,right,False
4263,1746968682.4550962,195.736,1.41176,4.67214,0.25507,0.097002,5991.25,5,22.304,1194.97,4197.53,48.7109,2,2,1.0,0.0,0.0,5,0.0,0,True,1746968616.369637,right,False
4264,1746968682.4747994,195.778,1.4679,4.73318,0.247872,0.0983789,5993.11,5,22.326,1196.16,4198.73,48.7106,2,2,1.0,0.0,0.0,5,0.0,0,True,1746968616.369637,right,False
4265,1746968682.496254,195.82,1.51774,4.79408,0.240588,0.0997405,5994.91,5,22.348,1197.36,4199.92,48.7102,2,2,1.0,0.0,0.0,5,0.0,0,True,1746968616.369637,right,False
4266,1746968682.5201843,195.861,1.56049,4.8602,0.233215,0.101085,5996.18,5,22.37,1198.56,4201.12,48.7099,2,2,1.0,0.0,0.0,5,0.0,0,True,1746968616.369637,right,False
4267,1746968682.5409718,195.903,1.59751,4.92474,0.225749,0.102415,5996.71,5,22.392,1199.76,4202.32,48.7096,2,2,1.0,0.0,0.0,5,0.0,0,True,1746968616.369637,right,False
4268,1746968682.5638907,195.945,1.62999,4.98702,0.218188,0.103733,5997.81,5,22.414,1200.95,4203.52,48.7092,2,2,1.0,0.0,0.0,5,0.0,0,True,1746968616.369637,right,False
4269,1746968682.5848808,195.985,1.65745,5.05167,0.210535,0.105037,5999.46,5,22.436,1202.15,4204.71,48.7089,2,2,1.0,0.0,0.0,5,0.0,0,True,1746968616.369637,right,False
4270,1746968682.6064138,196.026,1.68131,5.11879,0.202783,0.106332,6000.02,5,22.458,1203.35,4205.91,48.7086,2,2,1.0,0.0,0.0,5,0.0,0,True,1746968616.369637,right,False
4271,1746968682.6297228,196.066,1.70153,5.17997,0.194946,0.107614,6001.19,5,22.48,1204.55,4207.11,48.7082,2,2,1.0,0.0,0.0,5,0.0,0,True,1746968616.369637,right,False
4272,1746968682.6497743,196.106,1.71837,5.24466,0.187,0.108886,6002.41,5,22.502,1205.74,4208.31,48.7079,2,2,1.0,0.0,0.0,5,0.0,0,True,1746968616.369637,right,False
4273,1746968682.6757267,196.146,1.73231,5.30984,0.178971,0.110151,6003.23,5,22.524,1206.94,4209.5,48.7076,2,2,1.0,0.0,0.1,5,0.0,0,True,1746968616.369637,right,False
4274,1746968682.694138,196.186,1.74376,5.37682,0.170833,0.111405,6004.52,5,22.546,1208.14,4210.7,48.7072,2,2,1.0,0.0,0.1,5,0.0,0,True,1746968616.369637,right,False
4275,1746968682.7174854,196.225,1.75264,5.43969,0.16261,0.112651,6005.48,5,22.568,1209.33,4211.9,48.7069,2,2,1.0,0.0,0.1,5,0.0,0,True,1746968616.369637,right,False
4276,1746968682.7383192,196.264,1.75975,5.50528,0.154272,0.113892,6006.26,5,22.59,1210.53,4213.09,48.7066,2,2,1.0,0.0,0.1,5,0.0,0,True,1746968616.369637,right,False
4277,1746968682.760323,196.288,1.91367,5.56271,0.145902,0.11421,6011.11,5,22.612,1211.73,4214.29,48.7062,2,2,1.0,0.0,0.1,5,0.0,0,True,1746968616.369637,right,False
4278,1746968682.7823348,196.309,1.67985,5.6032,0.137577,0.112121,6017.51,5,22.634,1212.92,4215.49,48.7059,2,2,1.0,0.0,0.1,5,0.0,0,True,1746968616.369637,right,False
4279,1746968682.8050723,196.332,1.0398,5.61639,0.129313,0.107906,6024.61,5,22.656,1214.12,4216.68,48.7055,2,2,1.0,0.0,0.1,5,0.0,0,True,1746968616.369637,right,False
4280,1746968682.828686,196.353,0.0844498,5.61027,0.121118,0.101915,6032.35,5,22.678,1215.32,4217.88,48.7052,2,2,1.0,0.0,0.1,5,0.0,0,True,1746968616.369637,right,False
4281,1746968682.8506286,196.365,-1.10715,5.57924,0.113009,0.0944948,6042.15,5,22.7,1216.51,4219.08,48.7049,2,2,1.0,0.0,0.1,5,0.0,0,True,1746968616.369637,right,False
4282,1746968682.8718684,196.361,-2.46379,5.52145,0.105005,0.0859933,6055.09,5,22.722,1217.71,4220.27,48.7045,2,2,1.0,0.0,0.1,5,0.0,0,True,1746968616.369637,right,False
4283,1746968682.894193,196.342,-3.91557,5.44594,0.0971395,0.0767202,6068.95,5,22.744,1218.91,4221.47,48.7042,2,2,1.0,0.0,0.1,5,0.0,0,True,1746968616.369637,right,False
4284,1746968682.9160438,196.301,-5.41855,5.34168,0.0894287,0.0669641,6087.35,5,22.766,1220.1,4222.67,48.7039,2,2,1.0,0.0,0.1,5,0.0,0,True,1746968616.369637,right,False
4285,1746968682.9365742,196.24,-6.9269,5.22001,0.081897,0.0569696,6109.93,5,22.788,1221.3,4223.86,48.7035,2,2,1.0,0.0,0.1,5,0.0,0,True,1746968616.369637,right,False
4286,1746968682.958942,196.161,-8.41102,5.08118,0.0745565,0.0468829,6134.82,5,22.81,1222.5,4225.06,48.7032,2,2,1.0,0.0,0.1,5,0.0,0,True,1746968616.369637,right,False
4287,1746968682.9803972,196.062,-9.85958,4.92703,0.0674235,0.0368261,6161.87,5,22.832,1223.69,4226.26,48.7029,2,2,1.0,0.0,0.1,5,0.0,0,True,1746968616.369637,right,False
4288,1746968683.0047848,195.951,-11.2603,4.75798,0.0605184,0.0268545,6186.02,5,22.854,1224.89,4227.46,48.7025,2,2,1.0,0.0,0.1,5,0.0,0,True,1746968616.369637,right,False
4289,1746968683.0242186,195.826,-12.6203,4.57608,0.053833,0.0169742,6210.75,5,22.876,1226.09,4228.65,48.7022,2,2,1.0,0.0,0.1,5,0.0,0,True,1746968616.369637,right,False
4290,1746968683.046165,195.695,-13.9324,4.39177,0.0473999,0.0071559,6225.42,5,22.898,1227.28,4229.85,48.7019,2,2,1.0,0.0,0.1,5,0.0,0,True,1746968616.369637,right,False
4291,1746968683.0693436,195.551,-15.2119,4.20277,0.0412231,-0.0025866,6240.46,5,22.92,1228.48,4231.04,48.7015,2,2,1.0,0.0,0.1,5,0.0,0,True,1746968616.369637,right,False
4292,1746968683.0903006,195.399,-16.4491,4.01544,0.0352946,-0.0122828,6249.26,5,22.942,1229.68,4232.24,48.7012,2,2,1.0,0.0,0.1,5,0.0,0,True,1746968616.369637,right,False
4293,1746968683.1152942,195.232,-17.6728,3.81175,0.0296427,-0.0219276,6265.1,5,22.964,1230.87,4233.44,48.7008,2,2,1.0,0.0,0.1,5,0.0,0,True,1746968616.369637,right,False
4294,1746968683.1361537,195.056,-18.8563,3.6188,0.0242635,-0.0315084,6274.46,5,22.986,1232.07,4234.63,48.7005,2,2,1.0,0.0,0.0,5,0.0,0,True,1746968616.369637,left,False
4295,1746968683.1581466,194.872,-20.0116,3.41448,0.0191691,-0.0410054,6284.62,5,23.008,1233.26,4235.83,48.7002,2,2,1.0,0.0,0.0,5,0.0,0,True,1746968616.369637,left,False
4296,1746968683.1797779,194.673,-21.1383,3.21158,0.0143555,-0.0503998,6300.08,5,23.03,1234.46,4237.02,48.6998,2,2,1.0,0.0,0.0,5,0.0,0,True,1746968616.369637,left,False
4297,1746968683.202179,194.462,-22.2345,2.9996,0.0098348,-0.0597026,6322.25,5,23.052,1235.65,4238.22,48.6995,2,2,1.0,0.0,0.0,5,0.0,0,True,1746968616.369637,left,False
4298,1746968683.2243934,194.276,-23.3141,2.79431,0.00559489,-0.0686667,6334.84,5,23.074,1236.85,4239.41,48.6992,2,2,1.0,0.0,0.0,5,0.0,0,True,1746968616.369637,left,False
4299,1746968683.2466679,194.111,-24.2758,2.58739,0.0016276,-0.0769539,6333.97,5,23.096,1238.04,4240.61,48.6988,2,2,1.0,0.0,0.0,5,0.0,0,True,1746968616.369637,left,False
4300,1746968683.2691553,193.959,-25.0895,2.38497,-0.00206706,-0.0845828,6329.17,5,23.118,1239.24,4241.8,48.6985,2,2,1.0,0.0,0.0,5,0.0,0,True,1746968616.369637,left,False
4301,1746968683.2883081,193.82,-25.7673,2.17844,-0.00548096,-0.091598,6324.38,5,23.14,1240.43,4242.99,48.6982,2,2,1.0,0.0,0.0,5,0.0,0,True,1746968616.369637,left,False
4302,1746968683.3101027,193.693,-26.3088,1.98532,-0.00861409,-0.0980067,6317,5,23.162,1241.62,4244.19,48.6978,2,2,1.0,0.0,0.0,5,0.0,0,True,1746968616.369637,left,False
4303,1746968683.3324552,193.575,-26.7308,1.78691,-0.0114502,-0.103831,6312.98,5,23.184,1242.82,4245.38,48.6975,2,2,1.0,0.0,0.0,5,0.0,0,True,1746968616.369637,left,False
4304,1746968683.3553824,193.466,-27.039,1.58812,-0.0139974,-0.10906,6316.66,5,23.206,1244.01,4246.57,48.6972,2,2,1.0,0.0,0.0,5,0.0,0,True,1746968616.369637,left,False
4305,1746968683.3764591,193.375,-27.2245,1.3884,-0.0162435,-0.113719,6317.61,5,23.228,1245.2,4247.77,48.6968,2,2,1.0,0.0,0.0,5,0.0,0,True,1746968616.369637,left,False
4306,1746968683.400143,193.297,-27.2846,1.19968,-0.0182007,-0.117766,6319.5,5,23.25,1246.39,4248.96,48.6965,2,2,1.0,0.0,0.0,5,0.0,0,True,1746968616.369637,left,False
4307,1746968683.4199307,193.232,-27.2314,1.00202,-0.0198568,-0.121201,6329.94,5,23.272,1247.59,4250.15,48.6961,2,2,1.0,0.0,0.0,5,0.0,0,True,1746968616.369637,left,False
4308,1746968683.4452896,193.184,-27.0603,0.808125,-0.0212199,-0.124036,6338.87,5,23.294,1248.78,4251.34,48.6958,2,2,1.0,0.0,0.0,5,0.0,0,True,1746968616.369637,left,False
4309,1746968683.4665086,193.149,-26.7793,0.610871,-0.022286,-0.126257,6351.15,5,23.316,1249.97,4252.53,48.6955,2,2,1.0,0.0,0.0,5,0.0,0,True,1746968616.369637,left,False
4310,1746968683.4893112,193.137,-26.3784,0.420932,-0.0230632,-0.127862,6358.61,5,23.338,1251.16,4253.73,48.6951,2,2,1.0,0.0,0.0,5,0.0,0,True,1746968616.369637,left,False
4311,1746968683.5084836,193.14,-25.8733,0.218911,-0.0235474,-0.128869,6371.66,5,23.36,1252.35,4254.92,48.6948,2,2,1.0,0.0,0.0,5,0.0,0,True,1746968616.369637,left,False
4312,1746968683.5320637,193.166,-25.2432,0.0360321,-0.0237386,-0.12926,6372.32,5,23.382,1253.54,4256.11,48.6945,2,2,1.0,0.0,0.0,5,0.0,0,True,1746968616.369637,left,False
4313,1746968683.5545516,193.21,-24.5052,-0.157083,-0.023645,-0.129017,6373.95,5,23.404,1254.73,4257.29,48.6941,2,2,1.0,0.0,0.0,5,0.0,0,True,1746968616.369637,left,False
4314,1746968683.5758157,193.266,-23.6665,-0.348576,-0.0232666,-0.128186,6379.92,5,23.426,1255.92,4258.48,48.6938,2,2,1.0,0.0,0.0,5,0.0,0,True,1746968616.369637,left,False
4315,1746968683.5976284,193.345,-22.7271,-0.537387,-0.0226034,-0.12679,6372.68,5,23.448,1257.11,4259.67,48.6935,2,2,1.0,0.0,0.0,5,0.0,0,True,1746968616.369637,left,False
4316,1746968683.620778,193.441,-21.6863,-0.718788,-0.0216716,-0.124839,6360.34,5,23.47,1258.3,4260.86,48.6931,2,2,1.0,0.0,0.0,5,0.0,0,True,1746968616.369637,left,False
4317,1746968683.6414416,193.554,-20.5639,-0.901703,-0.0204753,-0.122359,6336.84,5,23.492,1259.49,4262.05,48.6928,2,2,1.0,0.0,0.0,5,0.0,0,True,1746968616.369637,left,False
4318,1746968683.6647384,193.674,-19.3673,-1.08559,-0.0190063,-0.119382,6319.47,5,23.514,1260.68,4263.24,48.6925,2,2,1.0,0.0,0.0,5,0.0,0,True,1746968616.369637,left,False
4319,1746968683.686023,193.809,-18.0902,-1.26384,-0.0172852,-0.115906,6291,5,23.536,1261.86,4264.43,48.6921,2,2,1.0,0.0,0.0,5,0.0,0,True,1746968616.369637,left,False
4320,1746968683.7071464,193.949,-16.7419,-1.42713,-0.0153239,-0.11196,6261.71,5,23.558,1263.05,4265.62,48.6918,2,2,1.0,0.0,0.0,5,0.0,0,True,1746968616.369637,left,False
4321,1746968683.7281227,194.1,-15.3345,-1.59748,-0.0131226,-0.107554,6224.54,5,23.58,1264.24,4266.81,48.6914,2,2,1.0,0.0,0.0,5,0.0,0,True,1746968616.369637,left,False
4322,1746968683.7517276,194.256,-13.8771,-1.74742,-0.0106974,-0.10276,6185.96,5,23.602,1265.43,4268,48.6911,2,2,1.0,0.0,0.0,5,0.0,0,True,1746968616.369637,left,False
4323,1746968683.773368,194.407,-12.3963,-1.89463,-0.00806478,-0.0976331,6151.34,5,23.624,1266.62,4269.19,48.6908,2,2,1.0,0.0,0.0,5,0.0,0,True,1746968616.369637,left,False
4324,1746968683.794842,194.556,-10.9063,-2.04101,-0.00523682,-0.0922468,6116.73,5,23.646,1267.81,4270.38,48.6904,2,2,1.0,0.0,0.0,5,0.0,0,True,1746968616.369637,left,False
4325,1746968683.8165069,194.699,-9.42342,-2.17259,-0.00222982,-0.086664,6085.93,5,23.668,1269,4271.57,48.6901,2,2,1.0,0.0,0.0,5,0.0,0,True,1746968616.369637,left,False
4326,1746968683.838608,194.833,-7.97164,-2.29054,0.000919596,-0.0809724,6059.8,5,23.69,1270.19,4272.76,48.6898,2,2,1.0,0.0,0.0,5,0.0,0,True,1746968616.369637,left,False
4327,1746968683.8630576,194.957,-6.56994,-2.39349,0.00420329,-0.0752573,6037.97,5,23.712,1271.38,4273.95,48.6894,2,2,1.0,0.0,0.0,5,0.0,0,True,1746968616.369637,left,False
4328,1746968683.8847668,195.069,-5.24072,-2.48258,0.00759277,-0.0695937,6023.64,5,23.734,1272.57,4275.14,48.6891,2,2,1.0,0.0,0.0,5,0.0,0,True,1746968616.369637,left,False
4329,1746968683.9060817,195.173,-3.99644,-2.55077,0.0110636,-0.0640521,6012.06,5,23.756,1273.77,4276.33,48.6888,2,2,1.0,0.0,0.0,5,0.0,0,True,1746968616.369637,left,False
4330,1746968683.9266706,195.267,-2.85027,-2.60911,0.0145833,-0.0586908,6004.61,5,23.778,1274.96,4277.52,48.6884,2,2,1.0,0.0,0.0,5,0.0,0,True,1746968616.369637,left,False
4331,1746968683.950241,195.353,-1.80975,-2.6437,0.0181315,-0.0535545,5999.84,5,23.8,1276.15,4278.72,48.6881,2,2,1.0,0.0,0.0,5,0.0,0,True,1746968616.369637,left,False
4332,1746968683.9715264,195.434,-0.877844,-2.65694,0.0216797,-0.0486774,5995.73,5,23.822,1277.34,4279.91,48.6878,2,2,1.0,0.0,0.0,5,0.0,0,True,1746968616.369637,left,False
4333,1746968683.992574,195.51,-0.0562959,-2.64935,0.0252034,-0.0440793,5994.48,5,23.844,1278.54,4281.1,48.6874,2,2,1.0,0.0,0.0,5,0.0,0,True,1746968616.369637,left,False
4334,1746968684.014606,195.581,0.657661,-2.62387,0.0286906,-0.0397747,5993.96,5,23.866,1279.73,4282.3,48.6871,2,2,1.0,0.0,0.0,5,0.0,0,True,1746968616.369637,left,False
4335,1746968684.0365613,195.65,1.26752,-2.5744,0.0321086,-0.0357699,5993.48,5,23.888,1280.93,4283.49,48.6867,2,2,1.0,0.0,0.0,5,0.0,0,True,1746968616.369637,left,False
4336,1746968684.0598602,195.716,1.77935,-2.51268,0.0354533,-0.0320659,5994.04,5,23.91,1282.12,4284.69,48.6864,2,2,1.0,0.0,0.0,5,0.0,0,True,1746968616.369637,left,False
4337,1746968684.0813808,195.781,2.19903,-2.43228,0.0386922,-0.0286572,5994.32,5,23.932,1283.32,4285.88,48.6861,2,2,1.0,0.0,0.0,5,0.0,0,True,1746968616.369637,left,False
4338,1746968684.1029065,195.844,2.53416,-2.33806,0.0418416,-0.025538,5996.22,5,23.954,1284.52,4287.08,48.6857,2,2,1.0,0.0,0.0,5,0.0,0,True,1746968616.369637,left,False
4339,1746968684.1261916,195.908,2.79175,-2.23547,0.044873,-0.022696,5996.9,5,23.976,1285.71,4288.28,48.6854,2,2,1.0,0.0,0.0,5,0.0,0,True,1746968616.369637,left,False
4340,1746968684.1466093,195.972,2.98149,-2.12043,0.0477824,-0.020112,5997.52,5,23.998,1286.91,4289.48,48.6851,2,2,1.0,0.0,0.0,5,0.0,0,True,1746968616.369637,right,False
4341,1746968684.1703749,196.034,3.11132,-2.00335,0.0505249,-0.0177701,5999.87,5,24.02,1288.11,4290.67,48.6847,2,2,1.0,0.0,0.0,5,0.0,0,True,1746968616.369637,right,False
4342,1746968684.1915333,196.097,3.18937,-1.87675,0.0531453,-0.0156484,6001.91,5,24.042,1289.31,4291.87,48.6844,2,2,1.0,0.0,0.0,5,0.0,0,True,1746968616.369637,right,False
4343,1746968684.213904,196.161,3.22252,-1.74759,0.0556356,-0.0137243,6002.09,5,24.064,1290.51,4293.07,48.6841,2,2,1.0,0.0,0.0,5,0.0,0,True,1746968616.369637,right,False
4344,1746968684.2350812,196.224,3.22035,-1.61897,0.0579671,-0.0119753,6003.94,5,24.086,1291.71,4294.27,48.6837,2,2,1.0,0.0,0.0,5,0.0,0,True,1746968616.369637,right,False
4345,1746968684.2566838,196.287,3.18879,-1.48293,0.0601603,-0.0103765,6005.04,5,24.108,1292.91,4295.47,48.6834,2,2,1.0,0.0,0.0,5,0.0,0,True,1746968616.369637,right,False
4346,1746968684.2807117,196.35,3.13745,-1.36274,0.0622355,-0.00890183,6006.62,5,24.13,1294.11,4296.68,48.6831,2,2,1.0,0.0,0.0,5,0.0,0,True,1746968616.369637,right,False
4347,1746968684.3003194,196.412,3.06972,-1.24543,0.0641398,-0.00752974,6009.68,5,24.152,1295.31,4297.88,48.6827,2,2,1.0,0.0,0.0,5,0.0,0,True,1746968616.369637,right,False
4348,1746968684.322265,196.475,2.99133,-1.13043,0.065918,-0.00624108,6011.1,5,24.174,1296.51,4299.08,48.6824,2,2,1.0,0.0,0.0,5,0.0,0,True,1746968616.369637,right,False
4349,1746968684.3460834,196.538,2.90563,-1.01342,0.06757,-0.005018,6012.35,5,24.196,1297.72,4300.28,48.682,2,2,1.0,0.0,0.0,5,0.0,0,True,1746968616.369637,right,False
4350,1746968684.3684914,196.6,2.81776,-0.910285,0.0690918,-0.00384617,6015.21,5,24.218,1298.92,4301.48,48.6817,2,2,1.0,0.0,0.0,5,0.0,0,True,1746968616.369637,right,False
4351,1746968684.3894548,196.663,2.72855,-0.812001,0.0704875,-0.00271344,6015.46,5,24.24,1300.12,4302.69,48.6814,2,2,1.0,0.0,0.0,5,0.0,0,True,1746968616.369637,right,False
4352,1746968684.4116614,196.724,2.64103,-0.722385,0.0717611,-0.00161004,6018.74,5,24.262,1301.33,4303.89,48.681,2,2,1.0,0.0,0.0,5,0.0,0,True,1746968616.369637,right,False
4353,1746968684.4324386,196.786,2.5553,-0.634929,0.0729085,-0.000529289,6020.37,5,24.284,1302.53,4305.1,48.6807,2,2,1.0,0.0,0.0,5,0.0,0,True,1746968616.369637,right,False
4354,1746968684.4548879,196.847,2.47352,-0.554827,0.0739299,0.000536919,6022.44,5,24.306,1303.74,4306.3,48.6804,2,2,1.0,0.0,0.0,5,0.0,0,True,1746968616.369637,right,False
4355,1746968684.4787538,196.907,2.39538,-0.477622,0.074825,0.00159383,6024.94,5,24.328,1304.94,4307.5,48.68,2,2,1.0,0.0,0.0,5,0.0,0,True,1746968616.369637,right,False
4356,1746968684.499225,196.968,2.32131,-0.400875,0.0756022,0.00264359,6026.61,5,24.35,1306.15,4308.71,48.6797,2,2,1.0,0.0,0.0,5,0.0,0,True,1746968616.369637,right,False
4357,1746968684.521203,197.027,2.2533,-0.334291,0.0762858,0.00369334,6029.39,5,24.372,1307.35,4309.92,48.6794,2,2,1.0,0.0,0.0,5,0.0,0,True,1746968616.369637,right,False
4358,1746968684.5443976,197.088,2.18859,-0.259849,0.0768473,0.00474381,6029.99,5,24.394,1308.56,4311.12,48.679,2,2,1.0,0.0,0.0,5,0.0,0,True,1746968616.369637,right,False
4359,1746968684.5663023,197.147,2.13019,-0.196375,0.0772949,0.00579643,6032.46,5,24.416,1309.76,4312.33,48.6787,2,2,1.0,0.0,0.0,5,0.0,0,True,1746968616.369637,right,False
4360,1746968684.5902874,197.206,2.07626,-0.134317,0.0776489,0.00685191,6034.71,5,24.438,1310.97,4313.54,48.6784,2,2,1.0,0.0,0.0,5,0.0,0,True,1746968616.369637,right,False
4361,1746968684.6097088,197.264,2.02689,-0.0733001,0.0778768,0.00791526,6036.55,5,24.46,1312.18,4314.74,48.678,2,2,1.0,0.0,0.1,5,0.0,0,True,1746968616.369637,right,False
4362,1746968684.6308753,197.323,1.98247,-0.0152775,0.0780192,0.00898552,6037.9,5,24.482,1313.39,4315.95,48.6777,2,2,1.0,0.0,0.1,5,0.0,0,True,1746968616.369637,right,False
4363,1746968684.6535988,197.381,1.94301,0.0479411,0.0780436,0.0100675,6040.17,5,24.504,1314.59,4317.16,48.6773,2,2,1.0,0.0,0.1,5,0.0,0,True,1746968616.369637,right,False
4364,1746968684.6752703,197.439,1.90682,0.113514,0.0779785,0.0111561,6040.97,5,24.526,1315.8,4318.37,48.677,2,2,1.0,0.0,0.1,5,0.0,0,True,1746968616.369637,right,False
4365,1746968684.697768,197.482,2.02252,0.167531,0.0778605,0.0113382,6046.35,5,24.548,1317.01,4319.58,48.6767,2,2,1.0,0.0,0.1,5,0.0,0,True,1746968616.369637,right,False
4366,1746968684.719899,197.523,1.75312,0.197768,0.0777832,0.00911665,6053.12,5,24.57,1318.22,4320.79,48.6763,2,2,1.0,0.0,0.1,5,0.0,0,True,1746968616.369637,right,False
4367,1746968684.7407312,197.566,1.07716,0.211334,0.0777669,0.00476718,6060.19,5,24.592,1319.43,4321.99,48.676,2,2,1.0,0.0,0.1,5,0.0,0,True,1746968616.369637,right,False
4368,1746968684.7622643,197.606,0.0826392,0.204575,0.0778158,-0.00137734,6067.48,5,24.614,1320.64,4323.2,48.6757,2,2,1.0,0.0,0.1,5,0.0,0,True,1746968616.369637,right,False
4369,1746968684.7868266,197.635,-1.15386,0.169289,0.0779582,-0.00896668,6078.27,5,24.636,1321.85,4324.41,48.6753,2,2,1.0,0.0,0.1,5,0.0,0,True,1746968616.369637,right,False
4370,1746968684.8084419,197.65,-2.55479,0.112963,0.0782023,-0.0176489,6090.44,5,24.658,1323.06,4325.62,48.675,2,2,1.0,0.0,0.1,5,0.0,0,True,1746968616.369637,right,False
4371,1746968684.8306139,197.647,-4.05306,0.0377805,0.0785889,-0.0270965,6104.84,5,24.68,1324.27,4326.83,48.6747,2,2,1.0,0.0,0.1,5,0.0,0,True,1746968616.369637,right,False
4372,1746968684.8515491,197.622,-5.6052,-0.0718533,0.07913,-0.0370269,6124.25,5,24.702,1325.48,4328.04,48.6743,2,2,1.0,0.0,0.1,5,0.0,0,True,1746968616.369637,right,False
4373,1746968684.8737648,197.577,-7.1591,-0.19367,0.0798503,-0.0472023,6147.27,5,24.724,1326.69,4329.25,48.674,2,2,1.0,0.0,0.1,5,0.0,0,True,1746968616.369637,right,False
4374,1746968684.894437,197.51,-8.68825,-0.337323,0.0807699,-0.0574265,6173.21,5,24.746,1327.9,4330.46,48.6737,2,2,1.0,0.0,0.1,5,0.0,0,True,1746968616.369637,right,False
4375,1746968684.9177969,197.426,-10.1714,-0.487171,0.0818888,-0.0676022,6200.03,5,24.768,1329.11,4331.67,48.6733,2,2,1.0,0.0,0.0,5,0.0,0,True,1746968616.369637,left,False
4376,1746968684.9397063,197.326,-11.6134,-0.670064,0.0832316,-0.0776634,6229.72,5,24.79,1330.32,4332.88,48.673,2,2,1.0,0.0,0.0,5,0.0,0,True,1746968616.369637,left,False
4377,1746968684.9623876,197.214,-12.9986,-0.852577,0.0848022,-0.0876081,6255.42,5,24.812,1331.53,4334.09,48.6726,2,2,1.0,0.0,0.0,5,0.0,0,True,1746968616.369637,left,False
4378,1746968684.9824643,197.092,-14.3407,-1.04323,0.086617,-0.0974591,6276.53,5,24.834,1332.74,4335.3,48.6723,2,2,1.0,0.0,0.0,5,0.0,0,True,1746968616.369637,left,False
4379,1746968685.004834,196.993,-15.6903,-1.22693,0.0886597,-0.106929,6279.64,5,24.856,1333.95,4336.51,48.672,2,2,1.0,0.0,0.0,5,0.0,0,True,1746968616.369637,left,False
4380,1746968685.0265012,196.916,-16.8648,-1.41328,0.0909139,-0.115507,6265.98,5,24.878,1335.16,4337.72,48.6716,2,2,1.0,0.0,0.0,5,0.0,0,True,1746968616.369637,left,False
4381,1746968685.048682,196.85,-17.8521,-1.59784,0.093396,-0.123312,6243.42,5,24.9,1336.37,4338.93,48.6713,2,2,1.0,0.0,0.0,5,0.0,0,True,1746968616.369637,left,False
4382,1746968685.070525,196.787,-18.687,-1.77017,0.09611,-0.130479,6224.76,5,24.922,1337.58,4340.14,48.671,2,2,1.0,0.0,0.0,5,0.0,0,True,1746968616.369637,left,False
4383,1746968685.0941598,196.725,-19.3914,-1.95435,0.0990682,-0.137083,6209.82,5,24.944,1338.79,4341.35,48.6706,2,2,1.0,0.0,0.0,5,0.0,0,True,1746968616.369637,left,False
4384,1746968685.1154978,196.667,-19.9761,-2.12204,0.102279,-0.143204,6199.69,5,24.966,1340,4342.56,48.6703,2,2,1.0,0.0,0.0,5,0.0,0,True,1746968616.369637,left,False
4385,1746968685.137803,196.609,-20.4668,-2.30831,0.105754,-0.148868,6194.84,5,24.988,1341.21,4343.77,48.67,2,2,1.0,0.0,0.0,5,0.0,0,True,1746968616.369637,left,False
4386,1746968685.161371,196.556,-20.8624,-2.4795,0.109485,-0.154107,6194.09,5,25.01,1342.42,4344.98,48.6696,2,2,1.0,0.0,0.0,5,0.0,0,True,1746968616.369637,left,False
4387,1746968685.179915,196.507,-21.1576,-2.65772,0.113481,-0.158898,6196.73,5,25.032,1343.62,4346.19,48.6693,2,2,1.0,0.0,0.0,5,0.0,0,True,1746968616.369637,left,False
4388,1746968685.2031264,196.465,-21.3513,-2.83635,0.117741,-0.163174,6206.58,5,25.054,1344.83,4347.4,48.669,2,2,1.0,0.0,0.0,5,0.0,0,True,1746968616.369637,left,False
4389,1746968685.2244234,196.431,-21.4625,-3.01525,0.122274,-0.167024,6212.81,5,25.076,1346.04,4348.6,48.6686,2,2,1.0,0.0,0.0,5,0.0,0,True,1746968616.369637,left,False
4390,1746968685.2465982,196.404,-21.4877,-3.19666,0.127067,-0.170403,6224.44,5,25.098,1347.25,4349.81,48.6683,2,2,1.0,0.0,0.0,5,0.0,0,True,1746968616.369637,left,False
4391,1746968685.2680879,196.387,-21.4086,-3.38079,0.132133,-0.17328,6239.48,5,25.12,1348.46,4351.02,48.6679,2,2,1.0,0.0,0.0,5,0.0,0,True,1746968616.369637,left,False
4392,1746968685.2909515,196.385,-21.2223,-3.56331,0.137451,-0.175579,6249.49,5,25.142,1349.67,4352.23,48.6676,2,2,1.0,0.0,0.0,5,0.0,0,True,1746968616.369637,left,False
4393,1746968685.3145416,196.397,-20.9247,-3.74528,0.143038,-0.177292,6258.96,5,25.164,1350.87,4353.44,48.6673,2,2,1.0,0.0,0.0,5,0.0,0,True,1746968616.369637,left,False
4394,1746968685.3352275,196.425,-20.5191,-3.92312,0.148881,-0.178455,6264.22,5,25.186,1352.08,4354.64,48.6669,2,2,1.0,0.0,0.0,5,0.0,0,True,1746968616.369637,left,False
4395,1746968685.3565073,196.464,-20.0161,-4.10526,0.154989,-0.179038,6271.04,5,25.208,1353.29,4355.85,48.6666,2,2,1.0,0.0,0.0,5,0.0,0,True,1746968616.369637,left,False
4396,1746968685.3789496,196.525,-19.3995,-4.27545,0.161348,-0.179063,6266.2,5,25.23,1354.5,4357.06,48.6663,2,2,1.0,0.0,0.0,5,0.0,0,True,1746968616.369637,left,False
4397,1746968685.402375,196.591,-18.6941,-4.44888,0.167965,-0.178531,6268.53,5,25.252,1355.7,4358.27,48.6659,2,2,1.0,0.0,0.0,5,0.0,0,True,1746968616.369637,left,False
4398,1746968685.4243598,196.674,-17.894,-4.62134,0.174829,-0.177464,6262.63,5,25.274,1356.91,4359.47,48.6656,2,2,1.0,0.0,0.0,5,0.0,0,True,1746968616.369637,left,False
4399,1746968685.444718,196.774,-17.0033,-4.78551,0.181934,-0.17588,6249.02,5,25.296,1358.12,4360.68,48.6653,2,2,1.0,0.0,0.0,5,0.0,0,True,1746968616.369637,left,False
4400,1746968685.46783,196.883,-16.0332,-4.94201,0.189278,-0.173814,6232.83,5,25.318,1359.32,4361.89,48.6649,2,2,1.0,0.0,0.0,5,0.0,0,True,1746968616.369637,left,False
4401,1746968685.4891603,196.996,-15.0136,-5.10493,0.196847,-0.171345,6218.5,5,25.34,1360.53,4363.09,48.6646,2,2,1.0,0.0,0.0,5,0.0,0,True,1746968616.369637,left,False
4402,1746968685.5127652,197.119,-13.9372,-5.25516,0.204635,-0.168498,6197.65,5,25.362,1361.74,4364.3,48.6643,2,2,1.0,0.0,0.0,5,0.0,0,True,1746968616.369637,left,False
4403,1746968685.531807,197.241,-12.8306,-5.4086,0.212634,-0.165327,6182.78,5,25.384,1362.94,4365.51,48.6639,2,2,1.0,0.0,0.0,5,0.0,0,True,1746968616.369637,left,False
4404,1746968685.5547945,197.368,-11.6958,-5.54557,0.220829,-0.161885,6162.88,5,25.406,1364.15,4366.71,48.6636,2,2,1.0,0.0,0.0,5,0.0,0,True,1746968616.369637,left,False
4405,1746968685.5777705,197.492,-10.5502,-5.67587,0.229207,-0.15822,6145.71,5,25.428,1365.36,4367.92,48.6632,2,2,1.0,0.0,0.0,5,0.0,0,True,1746968616.369637,left,False
4406,1746968685.5983102,197.613,-9.40919,-5.80128,0.237748,-0.15437,6133.08,5,25.45,1366.57,4369.13,48.6629,2,2,1.0,0.0,0.0,5,0.0,0,True,1746968616.369637,left,False
4407,1746968685.6197886,197.732,-8.28096,-5.91334,0.24644,-0.150386,6120.66,5,25.472,1367.77,4370.34,48.6626,2,2,1.0,0.0,0.0,5,0.0,0,True,1746968616.369637,left,False
4408,1746968685.6441967,197.846,-7.17859,-6.01327,0.255269,-0.14631,6110.35,5,25.494,1368.98,4371.54,48.6622,2,2,1.0,0.0,0.0,5,0.0,0,True,1746968616.369637,left,False
4409,1746968685.6654751,197.957,-6.11307,-6.09567,0.264205,-0.142192,6100.86,5,25.516,1370.19,4372.75,48.6619,2,2,1.0,0.0,0.0,5,0.0,0,True,1746968616.369637,left,False
4410,1746968685.6866546,198.061,-5.10041,-6.18211,0.273242,-0.138078,6097.69,5,25.538,1371.4,4373.96,48.6616,2,2,1.0,0.0,0.0,5,0.0,0,True,1746968616.369637,left,False
4411,1746968685.7080588,198.163,-4.13999,-6.2385,0.282353,-0.134004,6090.95,5,25.56,1372.61,4375.17,48.6612,2,2,1.0,0.0,0.0,5,0.0,0,True,1746968616.369637,left,False
4412,1746968685.7304611,198.259,-3.24379,-6.27963,0.291516,-0.129997,6087.79,5,25.582,1373.82,4376.38,48.6609,2,2,1.0,0.0,0.0,5,0.0,0,True,1746968616.369637,left,False
4413,1746968685.752254,198.351,-2.41555,-6.31774,0.30072,-0.126089,6086.39,5,25.604,1375.03,4377.6,48.6606,2,2,1.0,0.0,0.0,5,0.0,0,True,1746968616.369637,left,False
4414,1746968685.7749386,198.44,-1.65663,-6.33033,0.309932,-0.122303,6085.56,5,25.626,1376.25,4378.81,48.6602,2,2,1.0,0.0,0.0,5,0.0,0,True,1746968616.369637,left,False
4415,1746968685.7966166,198.526,-0.969973,-6.33151,0.319141,-0.11866,6084.24,5,25.648,1377.46,4380.02,48.6599,2,2,1.0,0.0,0.0,5,0.0,0,True,1746968616.369637,left,False
4416,1746968685.8196871,198.611,-0.355914,-6.31133,0.328328,-0.115177,6082.68,5,25.67,1378.67,4381.24,48.6596,2,2,1.0,0.0,0.0,5,0.0,0,True,1746968616.369637,left,False
4417,1746968685.841402,198.691,0.186656,-6.27903,0.337484,-0.111864,6083.49,5,25.692,1379.89,4382.45,48.6592,2,2,1.0,0.0,0.0,5,0.0,0,True,1746968616.369637,left,False
4418,1746968685.8640234,198.77,0.660114,-6.2349,0.346582,-0.108728,6084.81,5,25.714,1381.1,4383.67,48.6589,2,2,1.0,0.0,0.0,5,0.0,0,True,1746968616.369637,left,False
4419,1746968685.8848798,198.848,1.06771,-6.17887,0.355615,-0.105772,6086.55,5,25.736,1382.32,4384.88,48.6585,2,2,1.0,0.0,0.0,5,0.0,0,True,1746968616.369637,left,False
4420,1746968685.9066112,198.924,1.4133,-6.11104,0.364571,-0.102996,6088.03,5,25.758,1383.54,4386.1,48.6582,2,2,1.0,0.0,0.0,5,0.0,0,True,1746968616.369637,left,False
4421,1746968685.9323368,199,1.70088,-6.03188,0.373437,-0.100397,6089.17,5,25.78,1384.75,4387.32,48.6579,2,2,1.0,0.0,0.0,5,0.0,0,True,1746968616.369637,left,False
4422,1746968685.9499457,199.075,1.93545,-5.94536,0.382214,-0.0979688,6090.85,5,25.802,1385.97,4388.54,48.6575,2,2,1.0,0.0,0.0,5,0.0,0,True,1746968616.369637,left,False
4423,1746968685.9747608,199.151,2.12133,-5.85446,0.390889,-0.0957072,6092.14,5,25.824,1387.19,4389.75,48.6572,2,2,1.0,0.0,0.0,5,0.0,0,True,1746968616.369637,left,False
4424,1746968685.9945507,199.225,2.26463,-5.75419,0.399447,-0.0935981,6093.76,5,25.846,1388.41,4390.98,48.6569,2,2,1.0,0.0,0.0,5,0.0,0,True,1746968616.369637,left,False
4425,1746968686.0180602,199.298,2.37067,-5.65829,0.407902,-0.0916317,6096.06,5,25.868,1389.63,4392.2,48.6565,2,2,1.0,0.0,0.0,5,0.0,0,True,1746968616.369637,left,False
4426,1746968686.0394092,199.373,2.44365,-5.55725,0.416243,-0.0897937,6097.58,5,25.89,1390.86,4393.42,48.6562,2,2,1.0,0.0,0.0,5,0.0,0,True,1746968616.369637,left,False
4427,1746968686.062849,199.446,2.48999,-5.45087,0.424455,-0.0880642,6099.25,5,25.912,1392.08,4394.64,48.6559,2,2,1.0,0.0,0.0,5,0.0,0,True,1746968616.369637,left,False
4428,1746968686.0828087,199.52,2.51449,-5.35047,0.432544,-0.0864327,6101.15,5,25.934,1393.3,4395.87,48.6555,2,2,1.0,0.0,0.0,5,0.0,0,True,1746968616.369637,left,False
4429,1746968686.1059797,199.592,2.52197,-5.25034,0.440535,-0.0848811,6103.63,5,25.956,1394.53,4397.09,48.6552,2,2,1.0,0.0,0.0,5,0.0,0,True,1746968616.369637,left,False
4430,1746968686.128509,199.665,2.51359,-5.15087,0.448393,-0.0834053,6105.67,5,25.978,1395.75,4398.32,48.6549,2,2,1.0,0.0,0.0,5,0.0,0,True,1746968616.369637,left,False
4431,1746968686.1490834,199.738,2.49519,-5.05439,0.456116,-0.0819864,6107.33,5,26,1396.98,4399.54,48.6545,2,2,1.0,0.0,0.0,5,0.0,0,True,1746968616.369637,left,False
4432,1746968686.1717215,199.809,2.4685,-4.96163,0.463733,-0.0806167,6109.93,5,26.022,1398.21,4400.77,48.6542,2,2,1.0,0.0,0.0,5,0.0,0,True,1746968616.369637,left,False
4433,1746968686.1942382,199.882,2.43588,-4.8698,0.471236,-0.0792873,6111.45,5,26.044,1399.44,4402,48.6538,2,2,1.0,0.0,0.0,5,0.0,0,True,1746968616.369637,left,False
4434,1746968686.2151923,199.954,2.4,-4.78267,0.478609,-0.0779867,6112.72,5,26.066,1400.66,4403.23,48.6535,2,2,1.0,0.0,0.0,5,0.0,0,True,1746968616.369637,left,False
4435,1746968686.237155,200.024,2.36209,-4.69929,0.485872,-0.0767117,6117.08,5,26.088,1401.89,4404.46,48.6532,2,2,1.0,0.0,0.0,5,0.0,0,True,1746968616.369637,left,False
4436,1746968686.2591772,200.095,2.32193,-4.61692,0.493018,-0.0754616,6118.57,5,26.11,1403.12,4405.69,48.6528,2,2,1.0,0.0,0.0,5,0.0,0,True,1746968616.369637,left,False
4437,1746968686.2808757,200.165,2.28243,-4.54553,0.500041,-0.0742259,6121.47,5,26.132,1404.36,4406.92,48.6525,2,2,1.0,0.0,0.0,5,0.0,0,True,1746968616.369637,left,False
4438,1746968686.3048494,200.236,2.24158,-4.46813,0.506966,-0.0730059,6122.59,5,26.154,1405.59,4408.15,48.6522,2,2,1.0,0.0,0.0,5,0.0,0,True,1746968616.369637,left,False
4439,1746968686.326865,200.305,2.20202,-4.39562,0.513761,-0.0717952,6125.65,5,26.176,1406.82,4409.38,48.6518,2,2,1.0,0.0,0.0,5,0.0,0,True,1746968616.369637,left,False
4440,1746968686.3483965,200.374,2.16429,-4.3329,0.520459,-0.0705929,6128.33,5,26.198,1408.05,4410.62,48.6515,2,2,1.0,0.0,0.0,5,0.0,0,True,1746968616.369637,left,False
4441,1746968686.3709948,200.444,2.12665,-4.25587,0.527035,-0.0693965,6129.86,5,26.22,1409.29,4411.85,48.6512,2,2,1.0,0.0,0.0,5,0.0,0,True,1746968616.369637,left,False
4442,1746968686.3908072,200.513,2.09118,-4.18965,0.533508,-0.0682049,6131.68,5,26.242,1410.52,4413.09,48.6508,2,2,1.0,0.0,0.0,5,0.0,0,True,1746968616.369637,left,False
4443,1746968686.4132,200.581,2.05705,-4.12019,0.539868,-0.0670156,6133.72,5,26.264,1411.76,4414.32,48.6505,2,2,1.0,0.0,0.0,5,0.0,0,True,1746968616.369637,left,False
4444,1746968686.4345758,200.649,2.02474,-4.05364,0.546118,-0.0658295,6136.02,5,26.286,1412.99,4415.56,48.6502,2,2,1.0,0.0,0.0,5,0.0,0,True,1746968616.369637,left,False
4445,1746968686.4558992,200.716,1.99434,-3.98729,0.552266,-0.0646446,6138.65,5,26.308,1414.23,4416.79,48.6498,2,2,1.0,0.0,0.0,5,0.0,0,True,1746968616.369637,left,False
4446,1746968686.4803755,200.784,1.96549,-3.9188,0.558301,-0.0634589,6140.4,5,26.33,1415.47,4418.03,48.6495,2,2,1.0,0.0,0.0,5,0.0,0,True,1746968616.369637,left,False
4447,1746968686.50128,200.851,1.93896,-3.85477,0.564229,-0.0622728,6142.51,5,26.352,1416.71,4419.27,48.6491,2,2,1.0,0.0,0.0,5,0.0,0,True,1746968616.369637,left,False
4448,1746968686.5222657,200.917,1.91394,-3.78797,0.57006,-0.061085,6144.54,5,26.374,1417.95,4420.51,48.6488,2,2,1.0,0.0,0.0,5,0.0,0,True,1746968616.369637,left,False
4449,1746968686.5464191,200.984,1.89122,-3.72842,0.575785,-0.0598948,6146.38,5,26.396,1419.19,4421.75,48.6485,2,2,1.0,0.0,0.0,5,0.0,0,True,1746968616.369637,left,False
4450,1746968686.566131,201.05,1.86916,-3.65512,0.581396,-0.0587041,6148.37,5,26.418,1420.43,4422.99,48.6481,2,2,1.0,0.0,0.0,5,0.0,0,True,1746968616.369637,left,False
4451,1746968686.588114,201.116,1.84935,-3.59081,0.586914,-0.0575113,6150.21,5,26.44,1421.67,4424.23,48.6478,2,2,1.0,0.0,0.0,5,0.0,0,True,1746968616.369637,left,False
4452,1746968686.6130345,201.181,1.83094,-3.52353,0.592322,-0.0563161,6152.26,5,26.462,1422.91,4425.47,48.6475,2,2,1.0,0.0,0.0,5,0.0,0,True,1746968616.369637,left,False
4453,1746968686.6335475,201.246,1.81453,-3.46097,0.597624,-0.0551162,6154.29,5,26.484,1424.15,4426.72,48.6471,2,2,1.0,0.0,0.0,5,0.0,0,True,1746968616.369637,left,False
4454,1746968686.6547751,201.31,1.7993,-3.39235,0.60282,-0.0539141,6156.27,5,26.506,1425.4,4427.96,48.6468,2,2,1.0,0.0,0.0,5,0.0,0,True,1746968616.369637,left,False
4455,1746968686.6764646,201.375,1.7857,-3.32597,0.607922,-0.0527086,6157.63,5,26.528,1426.64,4429.2,48.6465,2,2,1.0,0.0,0.0,5,0.0,0,True,1746968616.369637,left,False
4456,1746968686.7006564,201.439,1.77435,-3.26064,0.612923,-0.0514958,6160.19,5,26.55,1427.88,4430.45,48.6461,2,2,1.0,0.0,0.0,5,0.0,0,True,1746968616.369637,left,False
4457,1746968686.7219326,201.503,1.76417,-3.19103,0.61781,-0.0502791,6161.27,5,26.572,1429.13,4431.69,48.6458,2,2,1.0,0.0,0.0,5,0.0,0,True,1746968616.369637,left,False
4458,1746968686.7429385,201.565,1.7557,-3.12711,0.622599,-0.0490577,6163.96,5,26.594,1430.37,4432.94,48.6455,2,2,1.0,0.0,0.0,5,0.0,0,True,1746968616.369637,left,False
4459,1746968686.7644448,201.629,1.74713,-3.05081,0.627283,-0.047833,6164.32,5,26.616,1431.62,4434.18,48.6451,2,2,1.0,0.0,0.0,5,0.0,0,True,1746968616.369637,left,False
4460,1746968686.7878156,201.691,1.74063,-2.98836,0.631873,-0.0466068,6167.29,5,26.638,1432.87,4435.43,48.6448,2,2,1.0,0.0,0.0,5,0.0,0,True,1746968616.369637,left,False
4461,1746968686.8114622,201.753,1.73523,-2.92234,0.636357,-0.0453734,6169.29,5,26.66,1434.11,4436.68,48.6444,2,2,1.0,0.0,0.0,5,0.0,0,True,1746968616.369637,left,False
4462,1746968686.8310907,201.815,1.73032,-2.85199,0.640739,-0.0441377,6170.45,5,26.682,1435.36,4437.92,48.6441,2,2,1.0,0.0,0.0,5,0.0,0,True,1746968616.369637,left,False
4463,1746968686.8548388,201.876,1.72651,-2.78893,0.645015,-0.0428994,6173.04,5,26.704,1436.61,4439.17,48.6438,2,2,1.0,0.0,0.0,5,0.0,0,True,1746968616.369637,left,False
4464,1746968686.8752043,201.938,1.72333,-2.71235,0.64919,-0.0416553,6174.28,5,26.726,1437.86,4440.42,48.6434,2,2,1.0,0.0,0.0,5,0.0,0,True,1746968616.369637,left,False
4465,1746968686.896124,201.999,1.72115,-2.64846,0.653267,-0.0404096,6175.64,5,26.748,1439.11,4441.67,48.6431,2,2,1.0,0.0,0.0,5,0.0,0,True,1746968616.369637,left,False
4466,1746968686.919595,202.059,1.71931,-2.58115,0.657243,-0.03916,6177.85,5,26.77,1440.36,4442.92,48.6428,2,2,1.0,0.0,0.0,5,0.0,0,True,1746968616.369637,left,False
4467,1746968686.940655,202.119,1.71802,-2.51443,0.661112,-0.0379088,6179.64,5,26.792,1441.61,4444.17,48.6424,2,2,1.0,0.0,0.0,5,0.0,0,True,1746968616.369637,left,False
4468,1746968686.9623668,202.18,1.71676,-2.43821,0.66488,-0.0366528,6180.41,5,26.814,1442.86,4445.42,48.6421,2,2,1.0,0.0,0.0,5,0.0,0,True,1746968616.369637,left,False
4469,1746968686.984579,202.238,1.71769,-2.37981,0.668543,-0.0353932,6183.4,5,26.836,1444.11,4446.68,48.6418,2,2,1.0,0.0,0.0,5,0.0,0,True,1746968616.369637,left,False
4470,1746968687.00767,202.298,1.71795,-2.3057,0.672103,-0.0341299,6184.29,5,26.858,1445.36,4447.93,48.6414,2,2,1.0,0.0,0.0,5,0.0,0,True,1746968616.369637,left,False
4471,1746968687.029405,202.356,1.71908,-2.24065,0.675566,-0.0328653,6186.15,5,26.88,1446.62,4449.18,48.6411,2,2,1.0,0.0,0.0,5,0.0,0,True,1746968616.369637,left,False
4472,1746968687.050287,202.415,1.72057,-2.17248,0.678923,-0.0315959,6187.7,5,26.902,1447.87,4450.43,48.6408,2,2,1.0,0.0,0.0,5,0.0,0,True,1746968616.369637,left,False
4473,1746968687.074472,202.472,1.72229,-2.10706,0.682174,-0.0303249,6190.4,5,26.924,1449.12,4451.69,48.6404,2,2,1.0,0.0,0.0,5,0.0,0,True,1746968616.369637,left,False
4474,1746968687.0955412,202.53,1.72428,-2.03938,0.685323,-0.0290508,6191.84,5,26.946,1450.38,4452.94,48.6401,2,2,1.0,0.0,0.0,5,0.0,0,True,1746968616.369637,left,False
4475,1746968687.1187828,202.587,1.72621,-1.97365,0.688367,-0.0277755,6193.92,5,26.968,1451.63,4454.2,48.6397,2,2,1.0,0.0,0.0,5,0.0,0,True,1746968616.369637,left,False
4476,1746968687.14032,202.644,1.7284,-1.90084,0.691309,-0.0264966,6195.1,5,26.99,1452.89,4455.45,48.6394,2,2,1.0,0.0,0.0,5,0.0,0,True,1746968616.369637,left,False
4477,1746968687.1614668,202.701,1.73095,-1.83213,0.694145,-0.0252156,6196.52,5,27.012,1454.15,4456.71,48.6391,2,2,1.0,0.0,0.0,5,0.0,0,True,1746968616.369637,left,False
4478,1746968687.1821768,202.757,1.73467,-1.76676,0.696883,-0.0239291,6198.69,5,27.034,1455.4,4457.96,48.6387,2,2,1.0,0.0,0.0,5,0.0,0,True,1746968616.369637,left,False
4479,1746968687.2048035,202.813,1.7373,-1.69482,0.699512,-0.0226424,6200.62,5,27.056,1456.66,4459.22,48.6384,2,2,1.0,0.0,0.0,5,0.0,0,True,1746968616.369637,left,False
4480,1746968687.2259943,202.869,1.74056,-1.62826,0.702035,-0.0213525,6201.62,5,27.078,1457.92,4460.48,48.6381,2,2,1.0,0.0,0.0,5,0.0,0,True,1746968616.369637,left,False
4481,1746968687.2498186,202.924,1.74419,-1.55992,0.704456,-0.0200617,6203.4,5,27.1,1459.17,4461.74,48.6377,2,2,1.0,0.0,0.0,5,0.0,0,True,1746968616.369637,left,False
4482,1746968687.270532,202.979,1.74721,-1.48913,0.706767,-0.01877,6204.77,5,27.122,1460.43,4463,48.6374,2,2,1.0,0.0,0.0,5,0.0,0,True,1746968616.369637,left,False
4483,1746968687.2959225,203.034,1.7505,-1.42623,0.708976,-0.0174773,6206.69,5,27.144,1461.69,4464.25,48.6371,2,2,1.0,0.0,0.0,5,0.0,0,True,1746968616.369637,left,False
4484,1746968687.316195,203.088,1.75316,-1.35502,0.711084,-0.0161841,6208.31,5,27.166,1462.95,4465.51,48.6367,2,2,1.0,0.0,0.0,5,0.0,0,True,1746968616.369637,left,False
4485,1746968687.3359566,203.142,1.75582,-1.28621,0.713086,-0.0148897,6209.83,5,27.188,1464.21,4466.77,48.6364,2,2,1.0,0.0,0.0,5,0.0,0,True,1746968616.369637,left,False
4486,1746968687.3606336,203.195,1.75805,-1.21533,0.714974,-0.0135958,6211.53,5,27.21,1465.47,4468.03,48.6361,2,2,1.0,0.0,-0.1,5,0.0,0,True,1746968616.369637,left,False
4487,1746968687.3802328,203.248,1.75976,-1.14455,0.71676,-0.0123029,6212.97,5,27.232,1466.73,4469.29,48.6357,2,2,1.0,0.0,-0.1,5,0.0,0,True,1746968616.369637,left,False
4488,1746968687.4042852,203.301,1.76186,-1.07859,0.718441,-0.0110109,6215.07,5,27.254,1467.99,4470.55,48.6354,2,2,1.0,0.0,-0.1,5,0.0,0,True,1746968616.369637,left,False
4489,1746968687.4260283,203.353,1.76319,-1.01283,0.720015,-0.00972009,6216.81,5,27.276,1469.25,4471.81,48.635,2,2,1.0,0.0,-0.1,5,0.0,0,True,1746968616.369637,left,False
4490,1746968687.4467344,203.385,1.62931,-0.93415,0.721431,-0.00757623,6219.32,5,27.298,1470.51,4473.08,48.6347,2,2,1.0,0.0,-0.1,5,0.0,0,True,1746968616.369637,left,False
4491,1746968687.4710298,203.408,1.8555,-0.834257,0.722595,-0.00312924,6217.18,5,27.32,1471.77,4474.34,48.6344,2,2,1.0,0.0,-0.1,5,0.0,0,True,1746968616.369637,left,False
4492,1746968687.491891,203.424,2.49808,-0.713587,0.723494,0.00360751,6213.07,5,27.342,1473.04,4475.6,48.634,2,2,1.0,0.0,-0.1,5,0.0,0,True,1746968616.369637,left,False
4493,1746968687.513393,203.427,3.51688,-0.55652,0.724101,0.0125163,6209.19,5,27.364,1474.3,4476.86,48.6337,2,2,1.0,0.0,-0.1,5,0.0,0,True,1746968616.369637,left,False
4494,1746968687.534967,203.408,4.86578,-0.383153,0.724382,0.0234463,6206.67,5,27.386,1475.56,4478.12,48.6334,2,2,1.0,0.0,-0.1,5,0.0,0,True,1746968616.369637,left,False
4495,1746968687.5583055,203.361,6.50006,-0.17799,0.724304,0.036243,6204.42,5,27.408,1476.82,4479.39,48.633,2,2,1.0,0.0,0.0,5,0.0,0,True,1746968616.369637,right,False
4496,1746968687.5803397,203.276,8.37473,0.0561308,0.72382,0.0507286,6203.03,5,27.43,1478.08,4480.65,48.6327,2,2,1.0,0.0,0.0,5,0.0,0,True,1746968616.369637,right,False
4497,1746968687.602439,203.146,10.4443,0.319176,0.72288,0.0667262,6201.67,5,27.452,1479.35,4481.91,48.6324,2,2,1.0,0.0,0.0,5,0.0,0,True,1746968616.369637,right,False
4498,1746968687.6219735,202.966,12.6691,0.617823,0.721452,0.0840399,6199.74,5,27.474,1480.61,4483.17,48.632,2,2,1.0,0.0,0.0,5,0.0,0,True,1746968616.369637,right,False
4499,1746968687.6458576,202.771,15.1307,0.936539,0.719515,0.101809,6200.47,5,27.496,1481.87,4484.43,48.6317,2,2,1.0,0.0,0.0,5,0.0,0,True,1746968616.369637,right,False
4500,1746968687.6658068,202.557,17.349,1.2727,0.71711,0.118585,6203.57,5,27.518,1483.13,4485.69,48.6314,2,2,1.0,0.0,0.0,5,0.0,0,True,1746968616.369637,right,False
4501,1746968687.6882763,202.325,19.2408,1.62256,0.714197,0.134267,6209.21,5,27.54,1484.39,4486.95,48.631,2,2,1.0,0.0,0.0,5,0.0,0,True,1746968616.369637,right,False
4502,1746968687.712165,202.09,20.8007,1.99475,0.710734,0.148767,6214.8,5,27.562,1485.65,4488.21,48.6307,2,2,1.0,0.0,0.0,5,0.0,0,True,1746968616.369637,right,False
4503,1746968687.732996,201.859,22.0315,2.3744,0.706689,0.16193,6223.76,5,27.584,1486.91,4489.47,48.6303,2,2,1.0,0.0,0.0,5,0.0,0,True,1746968616.369637,right,False
4504,1746968687.7543254,201.645,22.9034,2.78108,0.702047,0.17359,6234.89,5,27.606,1488.16,4490.73,48.63,2,2,1.0,0.0,0.0,5,0.0,0,True,1746968616.369637,right,False
4505,1746968687.7786636,201.46,23.4018,3.20278,0.696773,0.183569,6245.95,5,27.628,1489.42,4491.98,48.6297,2,2,1.0,0.0,0.0,5,0.0,0,True,1746968616.369637,right,False
4506,1746968687.7985573,201.309,23.5142,3.6352,0.690902,0.191714,6260.56,5,27.65,1490.67,4493.24,48.6293,2,2,1.0,0.0,0.0,5,0.0,0,True,1746968616.369637,right,False
4507,1746968687.8205059,201.2,23.2227,4.08142,0.684399,0.197883,6276.01,5,27.672,1491.92,4494.49,48.629,2,2,1.0,0.0,0.0,5,0.0,0,True,1746968616.369637,right,False
4508,1746968687.8420382,201.14,22.5219,4.53922,0.677262,0.20197,6291.06,5,27.694,1493.17,4495.74,48.6287,2,2,1.0,0.0,0.0,5,0.0,0,True,1746968616.369637,right,False
4509,1746968687.8648915,201.13,21.4177,5.00325,0.669491,0.203966,6300.28,5,27.716,1494.42,4496.99,48.6283,2,2,1.0,0.0,0.0,5,0.0,0,True,1746968616.369637,right,False
4510,1746968687.8870423,201.165,19.9489,5.474,0.661108,0.203943,6306.17,5,27.738,1495.67,4498.23,48.628,2,2,1.0,0.0,0.0,5,0.0,0,True,1746968616.369637,right,False
4511,1746968687.909222,201.236,18.1715,5.93317,0.65214,0.202049,6307.66,5,27.76,1496.91,4499.48,48.6277,2,2,1.0,0.0,0.0,5,0.0,0,True,1746968616.369637,right,False
4512,1746968687.9315271,201.341,16.1437,6.39349,0.642615,0.198527,6292.84,5,27.782,1498.16,4500.72,48.6273,2,2,1.0,0.0,0.0,5,0.0,0,True,1746968616.369637,right,False
4513,1746968687.954381,201.461,13.9667,6.82524,0.632577,0.193717,6273.43,5,27.804,1499.4,4501.96,48.627,2,2,1.0,0.0,0.0,5,0.0,0,True,1746968616.369637,right,False
4514,1746968687.9760308,201.584,11.7452,7.23194,0.622066,0.188057,6247.88,5,27.826,1500.64,4503.2,48.6267,2,2,1.0,0.0,0.0,5,0.0,0,True,1746968616.369637,right,False
4515,1746968687.99587,201.698,9.58306,7.59663,0.611149,0.181984,6223.45,5,27.848,1501.88,4504.44,48.6263,2,2,1.0,0.0,0.0,5,0.0,0,True,1746968616.369637,right,False
4516,1746968688.019039,201.796,7.56158,7.928,0.599886,0.175906,6201.83,5,27.87,1503.11,4505.68,48.626,2,2,1.0,0.0,0.0,5,0.0,0,True,1746968616.369637,right,False
4517,1746968688.0410092,201.873,5.74644,8.20514,0.588338,0.170126,6188.98,5,27.892,1504.35,4506.92,48.6256,2,2,1.0,0.0,0.0,5,0.0,0,True,1746968616.369637,right,False
4518,1746968688.063193,201.933,4.15704,8.44425,0.576558,0.164835,6178.57,5,27.914,1505.59,4508.15,48.6253,2,2,1.0,0.0,0.0,5,0.0,0,True,1746968616.369637,right,False
4519,1746968688.0858073,201.979,2.80178,8.63639,0.564587,0.160132,6173.7,5,27.936,1506.82,4509.39,48.625,2,2,1.0,0.0,0.0,5,0.0,0,True,1746968616.369637,right,False
4520,1746968688.1065068,202.013,1.66471,8.78127,0.552474,0.156032,6172.48,5,27.958,1508.06,4510.62,48.6246,2,2,1.0,0.0,0.0,5,0.0,0,True,1746968616.369637,right,False
4521,1746968688.1291435,202.041,0.722108,8.88342,0.540271,0.152511,6172.13,5,27.98,1509.29,4511.86,48.6243,2,2,1.0,0.0,0.0,5,0.0,0,True,1746968616.369637,right,False
4522,1746968688.1531463,202.063,-0.0505752,8.93628,0.527987,0.149523,6174.9,5,28.002,1510.53,4513.09,48.624,2,2,1.0,0.0,0.0,5,0.0,0,True,1746968616.369637,right,False
4523,1746968688.1716008,202.081,-0.679912,8.94401,0.515649,0.147011,6178.73,5,28.024,1511.76,4514.33,48.6236,2,2,1.0,0.0,0.0,5,0.0,0,True,1746968616.369637,right,False
4524,1746968688.1946356,202.097,-1.18894,8.91558,0.503271,0.144918,6182.82,5,28.046,1513,4515.56,48.6233,2,2,1.0,0.0,0.0,5,0.0,0,True,1746968616.369637,right,False
4525,1746968688.2162313,202.112,-1.59687,8.86097,0.490869,0.143192,6187.43,5,28.068,1514.23,4516.79,48.623,2,2,1.0,0.0,0.0,5,0.0,0,True,1746968616.369637,right,False
4526,1746968688.238513,202.127,-1.9203,8.77341,0.478451,0.141789,6192.31,5,28.09,1515.46,4518.03,48.6226,2,2,1.0,0.0,0.0,5,0.0,0,True,1746968616.369637,right,False
4527,1746968688.262721,202.142,-2.16924,8.67807,0.46602,0.140677,6195.86,5,28.112,1516.7,4519.26,48.6223,2,2,1.0,0.0,0.0,5,0.0,0,True,1746968616.369637,right,False
4528,1746968688.2822292,202.157,-2.35131,8.57895,0.453581,0.139835,6199.49,5,28.134,1517.93,4520.49,48.622,2,2,1.0,0.0,0.0,5,0.0,0,True,1746968616.369637,right,False
4529,1746968688.3061776,202.174,-2.47251,8.48319,0.441138,0.139247,6201.11,5,28.156,1519.16,4521.73,48.6216,2,2,1.0,0.0,0.0,5,0.0,0,True,1746968616.369637,right,False
4530,1746968688.3269083,202.194,-2.53982,8.39403,0.428695,0.138897,6200.56,5,28.178,1520.4,4522.96,48.6213,2,2,1.0,0.0,0.0,5,0.0,0,True,1746968616.369637,right,False
4531,1746968688.349657,202.214,-2.55563,8.32222,0.41626,0.138776,6199.4,5,28.2,1521.63,4524.19,48.6209,2,2,1.0,0.0,0.0,5,0.0,0,True,1746968616.369637,right,False
4532,1746968688.3709054,202.235,-2.52796,8.25543,0.403829,0.138865,6198.45,5,28.222,1522.86,4525.42,48.6206,2,2,1.0,0.0,0.0,5,0.0,0,True,1746968616.369637,right,False
4533,1746968688.3921459,202.256,-2.4633,8.19193,0.391398,0.139145,6198.12,5,28.244,1524.09,4526.66,48.6203,2,2,1.0,0.0,0.0,5,0.0,0,True,1746968616.369637,right,False
4534,1746968688.415936,202.278,-2.36439,8.14717,0.378975,0.139602,6197.62,5,28.266,1525.32,4527.89,48.6199,2,2,1.0,0.0,0.0,5,0.0,0,True,1746968616.369637,right,False
4535,1746968688.4373074,202.3,-2.2365,8.11757,0.366557,0.140228,6196.86,5,28.288,1526.56,4529.12,48.6196,2,2,1.0,0.0,0.0,5,0.0,0,True,1746968616.369637,right,False
4536,1746968688.4593554,202.323,-2.0852,8.09258,0.35413,0.141002,6195.17,5,28.31,1527.79,4530.35,48.6193,2,2,1.0,0.0,0.0,5,0.0,0,True,1746968616.369637,right,False
4537,1746968688.4814596,202.345,-1.91503,8.07349,0.341703,0.141912,6195,5,28.332,1529.02,4531.58,48.6189,2,2,1.0,0.0,0.0,5,0.0,0,True,1746968616.369637,right,False
4538,1746968688.5026164,202.367,-1.73067,8.05829,0.329264,0.142944,6195.93,5,28.354,1530.25,4532.81,48.6186,2,2,1.0,0.0,0.0,5,0.0,0,True,1746968616.369637,right,False
4539,1746968688.523835,202.389,-1.53319,8.06004,0.316817,0.14409,6195.49,5,28.376,1531.48,4534.04,48.6183,2,2,1.0,0.0,0.0,5,0.0,0,True,1746968616.369637,right,False
4540,1746968688.5471346,202.412,-1.32746,8.06685,0.304354,0.145334,6195.33,5,28.398,1532.71,4535.28,48.6179,2,2,1.0,0.0,0.0,5,0.0,0,True,1746968616.369637,right,False
4541,1746968688.568883,202.434,-1.11602,8.08775,0.29187,0.146666,6195.12,5,28.42,1533.94,4536.51,48.6176,2,2,1.0,0.0,0.0,5,0.0,0,True,1746968616.369637,right,False
4542,1746968688.5910406,202.456,-0.902939,8.10715,0.27935,0.148071,6195.47,5,28.442,1535.17,4537.74,48.6173,2,2,1.0,0.0,0.0,5,0.0,0,True,1746968616.369637,right,False
4543,1746968688.6133065,202.478,-0.690587,8.13633,0.266805,0.149537,6195.03,5,28.464,1536.4,4538.97,48.6169,2,2,1.0,0.0,0.0,5,0.0,0,True,1746968616.369637,right,False
4544,1746968688.6366222,202.499,-0.482585,8.16648,0.25422,0.151047,6194.93,5,28.486,1537.63,4540.2,48.6166,2,2,1.0,0.0,0.0,5,0.0,0,True,1746968616.369637,right,False
4545,1746968688.6564755,202.52,-0.280211,8.20702,0.241589,0.152593,6195.47,5,28.508,1538.86,4541.42,48.6162,2,2,1.0,0.0,0.0,5,0.0,0,True,1746968616.369637,right,False
4546,1746968688.6794858,202.541,-0.0855335,8.25068,0.228914,0.154165,6195.63,5,28.53,1540.09,4542.65,48.6159,2,2,1.0,0.0,0.0,5,0.0,0,True,1746968616.369637,right,False
4547,1746968688.7029462,202.561,0.100052,8.29402,0.216182,0.155752,6195.75,5,28.552,1541.32,4543.88,48.6156,2,2,1.0,0.0,0.0,5,0.0,0,True,1746968616.369637,right,False
4548,1746968688.723665,202.581,0.275747,8.33765,0.203394,0.157349,6197.37,5,28.574,1542.55,4545.11,48.6152,2,2,1.0,0.0,0.0,5,0.0,0,True,1746968616.369637,right,False
4549,1746968688.7457383,202.601,0.44068,8.39299,0.19054,0.158948,6196.65,5,28.596,1543.77,4546.34,48.6149,2,2,1.0,0.0,0.0,5,0.0,0,True,1746968616.369637,right,False
4550,1746968688.7665339,202.621,0.594237,8.44531,0.17762,0.160542,6196.55,5,28.618,1545,4547.57,48.6146,2,2,1.0,0.0,0.0,5,0.0,0,True,1746968616.369637,right,False
4551,1746968688.7895067,202.639,0.736713,8.49638,0.164628,0.16213,6197.65,5,28.64,1546.23,4548.79,48.6142,2,2,1.0,0.0,0.0,5,0.0,0,True,1746968616.369637,right,False
4552,1746968688.8125706,202.658,0.867417,8.55386,0.151562,0.163705,6197.89,5,28.662,1547.46,4550.02,48.6139,2,2,1.0,0.0,0.1,5,0.0,0,True,1746968616.369637,right,False
4553,1746968688.8323724,202.676,0.986713,8.61078,0.138416,0.165264,6199.63,5,28.684,1548.68,4551.25,48.6136,2,2,1.0,0.0,0.1,5,0.0,0,True,1746968616.369637,right,False
4554,1746968688.8544948,202.695,1.09462,8.67603,0.125191,0.166805,6197.78,5,28.706,1549.91,4552.47,48.6132,2,2,1.0,0.0,0.1,5,0.0,0,True,1746968616.369637,right,False
4555,1746968688.8767765,202.712,1.1923,8.73587,0.111873,0.168329,6199.37,5,28.728,1551.13,4553.7,48.6129,2,2,1.0,0.0,0.1,5,0.0,0,True,1746968616.369637,right,False
4556,1746968688.901647,202.714,1.4199,8.79644,0.0985311,0.16893,6202.84,5,28.75,1552.36,4554.92,48.6126,2,2,1.0,0.0,0.1,5,0.0,0,True,1746968616.369637,right,False
4557,1746968688.9199328,202.712,1.24569,8.83367,0.0852417,0.16716,6208.13,5,28.772,1553.58,4556.15,48.6122,2,2,1.0,0.0,0.1,5,0.0,0,True,1746968616.369637,right,False
4558,1746968688.9444811,202.711,0.650577,8.85138,0.0720093,0.163272,6214.82,5,28.794,1554.81,4557.37,48.6119,2,2,1.0,0.0,0.1,5,0.0,0,True,1746968616.369637,right,False
4559,1746968688.9640656,202.708,-0.275751,8.8473,0.058842,0.1576,6221.79,5,28.816,1556.03,4558.6,48.6115,2,2,1.0,0.0,0.1,5,0.0,0,True,1746968616.369637,right,False
4560,1746968688.9867916,202.695,-1.45352,8.82806,0.0457682,0.150481,6229.96,5,28.838,1557.26,4559.82,48.6112,2,2,1.0,0.0,0.1,5,0.0,0,True,1746968616.369637,right,False
4561,1746968689.009526,202.669,-2.80659,8.78135,0.0328044,0.142252,6240.37,5,28.86,1558.48,4561.05,48.6109,2,2,1.0,0.0,0.1,5,0.0,0,True,1746968616.369637,right,False
4562,1746968689.0325563,202.625,-4.2739,8.71003,0.0199707,0.133226,6253.67,5,28.882,1559.71,4562.27,48.6105,2,2,1.0,0.0,0.1,5,0.0,0,True,1746968616.369637,right,False
4563,1746968689.0538795,202.561,-5.79964,8.61303,0.00729167,0.123684,6269.57,5,28.904,1560.93,4563.5,48.6102,2,2,1.0,0.0,0.1,5,0.0,0,True,1746968616.369637,right,False
4564,1746968689.0755837,202.477,-7.34496,8.49344,-0.00522054,0.113848,6289.49,5,28.926,1562.15,4564.72,48.6099,2,2,1.0,0.0,0.1,5,0.0,0,True,1746968616.369637,right,False
4565,1746968689.0974622,202.373,-8.87808,8.35379,-0.0175334,0.10389,6312.37,5,28.948,1563.38,4565.94,48.6095,2,2,1.0,0.0,0.1,5,0.0,0,True,1746968616.369637,right,False
4566,1746968689.1207192,202.25,-10.3766,8.20062,-0.0296509,0.0939318,6336.77,5,28.97,1564.6,4567.17,48.6092,2,2,1.0,0.0,0.1,5,0.0,0,True,1746968616.369637,right,False
4567,1746968689.1406696,202.112,-11.8382,8.03657,-0.0415487,0.0840213,6362.4,5,28.992,1565.83,4568.39,48.6089,2,2,1.0,0.0,0.1,5,0.0,0,True,1746968616.369637,right,False
4568,1746968689.1639023,201.961,-13.254,7.86335,-0.0532145,0.0741813,6384.14,5,29.014,1567.05,4569.61,48.6085,2,2,1.0,0.0,0.1,5,0.0,0,True,1746968616.369637,right,False
4569,1746968689.1855154,201.8,-14.6255,7.68035,-0.0646444,0.0644357,6401.78,5,29.036,1568.27,4570.84,48.6082,2,2,1.0,0.0,0.1,5,0.0,0,True,1746968616.369637,right,False
4570,1746968689.206625,201.628,-15.9612,7.49111,-0.0758301,0.0547587,6418.4,5,29.058,1569.5,4572.06,48.6079,2,2,1.0,0.0,0.1,5,0.0,0,True,1746968616.369637,right,False
4571,1746968689.228718,201.446,-17.2602,7.2954,-0.0867554,0.0451485,6430.06,5,29.08,1570.72,4573.28,48.6075,2,2,1.0,0.0,0.1,5,0.0,0,True,1746968616.369637,right,False
4572,1746968689.2519732,201.253,-18.5272,7.10606,-0.0974202,0.0355841,6441.53,5,29.102,1571.94,4574.51,48.6072,2,2,1.0,0.0,0.1,5,0.0,0,True,1746968616.369637,right,False
4573,1746968689.274535,201.049,-19.7694,6.90818,-0.107808,0.0260879,6451.57,5,29.124,1573.16,4575.73,48.6068,2,2,1.0,0.0,0.1,5,0.0,0,True,1746968616.369637,right,False
4574,1746968689.2961142,200.83,-20.9852,6.7011,-0.117924,0.0166628,6470.04,5,29.146,1574.39,4576.95,48.6065,2,2,1.0,0.0,0.1,5,0.0,0,True,1746968616.369637,right,False
4575,1746968689.3185258,200.603,-22.1602,6.49827,-0.127755,0.00733727,6484.47,5,29.168,1575.61,4578.17,48.6062,2,2,1.0,0.0,0.1,5,0.0,0,True,1746968616.369637,right,False
4576,1746968689.3395684,200.37,-23.2986,6.29086,-0.137301,-0.00185949,6495.3,5,29.19,1576.83,4579.39,48.6058,2,2,1.0,0.0,0.1,5,0.0,0,True,1746968616.369637,right,False
4577,1746968689.3615432,200.123,-24.3993,6.08585,-0.146554,-0.0109027,6515.8,5,29.212,1578.05,4580.61,48.6055,2,2,1.0,0.0,0.1,5,0.0,0,True,1746968616.369637,right,False
4578,1746968689.383575,199.874,-25.4469,5.87782,-0.155514,-0.0197528,6534.21,5,29.234,1579.27,4581.83,48.6052,2,2,1.0,0.0,0.0,5,0.0,0,True,1746968616.369637,left,False
4579,1746968689.4059503,199.62,-26.437,5.66858,-0.164172,-0.0283836,6553.46,5,29.256,1580.49,4583.05,48.6048,2,2,1.0,0.0,0.0,5,0.0,0,True,1746968616.369637,left,False
4580,1746968689.4283187,199.361,-27.3667,5.45831,-0.17253,-0.0367425,6576.54,5,29.278,1581.71,4584.27,48.6045,2,2,1.0,0.0,0.0,5,0.0,0,True,1746968616.369637,left,False
4581,1746968689.4493904,199.101,-28.2257,5.25176,-0.180599,-0.0448001,6602.52,5,29.3,1582.93,4585.49,48.6042,2,2,1.0,0.0,0.0,5,0.0,0,True,1746968616.369637,left,False
4582,1746968689.471367,198.87,-29.0438,5.04098,-0.188354,-0.0524343,6624.25,5,29.322,1584.15,4586.71,48.6038,2,2,1.0,0.0,0.0,5,0.0,0,True,1746968616.369637,left,False
4583,1746968689.4935565,198.675,-29.7248,4.84385,-0.195829,-0.0594052,6625.98,5,29.344,1585.36,4587.93,48.6035,2,2,1.0,0.0,0.0,5,0.0,0,True,1746968616.369637,left,False
4584,1746968689.5150528,198.494,-30.2626,4.64654,-0.203007,-0.0657252,6628.62,5,29.366,1586.58,4589.15,48.6032,2,2,1.0,0.0,0.0,5,0.0,0,True,1746968616.369637,left,False
4585,1746968689.5385458,198.329,-30.6682,4.44456,-0.209884,-0.0713742,6631.86,5,29.388,1587.8,4590.36,48.6028,2,2,1.0,0.0,0.0,5,0.0,0,True,1746968616.369637,left,False
4586,1746968689.5590029,198.188,-30.9411,4.24974,-0.216463,-0.0764244,6627.03,5,29.41,1589.02,4591.58,48.6025,2,2,1.0,0.0,0.0,5,0.0,0,True,1746968616.369637,left,False
4587,1746968689.581029,198.07,-31.0853,4.05543,-0.222742,-0.0808395,6619.74,5,29.432,1590.23,4592.8,48.6021,2,2,1.0,0.0,0.0,5,0.0,0,True,1746968616.369637,left,False
4588,1746968689.602322,197.96,-31.1221,3.85084,-0.228727,-0.0846713,6623.29,5,29.454,1591.45,4594.01,48.6018,2,2,1.0,0.0,0.0,5,0.0,0,True,1746968616.369637,left,False
4589,1746968689.6236742,197.873,-31.0281,3.66098,-0.234408,-0.0879148,6621.28,5,29.476,1592.66,4595.23,48.6015,2,2,1.0,0.0,0.0,5,0.0,0,True,1746968616.369637,left,False
4590,1746968689.647288,197.797,-30.8384,3.45423,-0.239787,-0.0905879,6632.18,5,29.498,1593.88,4596.44,48.6011,2,2,1.0,0.0,0.0,5,0.0,0,True,1746968616.369637,left,False
4591,1746968689.66952,197.749,-30.5216,3.25927,-0.244873,-0.0926688,6629.82,5,29.52,1595.09,4597.66,48.6008,2,2,1.0,0.0,0.0,5,0.0,0,True,1746968616.369637,left,False
4592,1746968689.6902044,197.709,-30.1021,3.06258,-0.249654,-0.094169,6640.16,5,29.542,1596.31,4598.87,48.6005,2,2,1.0,0.0,0.0,5,0.0,0,True,1746968616.369637,left,False
4593,1746968689.714425,197.696,-29.5725,2.8594,-0.254146,-0.0950883,6639.98,5,29.564,1597.52,4600.09,48.6001,2,2,1.0,0.0,0.0,5,0.0,0,True,1746968616.369637,left,False
4594,1746968689.736445,197.705,-28.9231,2.66282,-0.258341,-0.0953935,6638.79,5,29.586,1598.74,4601.3,48.5998,2,2,1.0,0.0,0.0,5,0.0,0,True,1746968616.369637,left,False
4595,1746968689.757599,197.724,-28.1645,2.46566,-0.262248,-0.0951169,6645.39,5,29.608,1599.95,4602.51,48.5995,2,2,1.0,0.0,0.0,5,0.0,0,True,1746968616.369637,left,False
4596,1746968689.7788887,197.773,-27.2775,2.27797,-0.265869,-0.0942023,6638.24,5,29.63,1601.16,4603.72,48.5991,2,2,1.0,0.0,0.0,5,0.0,0,True,1746968616.369637,left,False
4597,1746968689.8024986,197.834,-26.2883,2.09166,-0.269189,-0.0926903,6635.68,5,29.652,1602.37,4604.94,48.5988,2,2,1.0,0.0,0.0,5,0.0,0,True,1746968616.369637,left,False
4598,1746968689.8236096,197.909,-25.1912,1.8979,-0.272237,-0.0905498,6635.35,5,29.674,1603.58,4606.15,48.5985,2,2,1.0,0.0,0.0,5,0.0,0,True,1746968616.369637,left,False
4599,1746968689.8461761,198.007,-23.982,1.70778,-0.275004,-0.0877889,6625.18,5,29.696,1604.8,4607.36,48.5981,2,2,1.0,0.0,0.0,5,0.0,0,True,1746968616.369637,left,False
4600,1746968689.8690126,198.124,-22.6605,1.52065,-0.277498,-0.0843881,6607.04,5,29.718,1606.01,4608.57,48.5978,2,2,1.0,0.0,0.0,5,0.0,0,True,1746968616.369637,left,False
4601,1746968689.890895,198.254,-21.2406,1.34334,-0.279728,-0.0804046,6581.61,5,29.74,1607.22,4609.78,48.5975,2,2,1.0,0.0,0.0,5,0.0,0,True,1746968616.369637,left,False
4602,1746968689.9128358,198.402,-19.7262,1.1657,-0.281698,-0.0758589,6546.95,5,29.762,1608.43,4610.99,48.5971,2,2,1.0,0.0,0.0,5,0.0,0,True,1746968616.369637,left,False
4603,1746968689.9327693,198.558,-18.1329,0.989291,-0.283423,-0.0707572,6509.17,5,29.784,1609.64,4612.2,48.5968,2,2,1.0,0.0,0.0,5,0.0,0,True,1746968616.369637,left,False
4604,1746968689.9553177,198.727,-16.46,0.827911,-0.284908,-0.0651429,6458.07,5,29.806,1610.85,4613.42,48.5964,2,2,1.0,0.0,0.0,5,0.0,0,True,1746968616.369637,left,False
4605,1746968689.9778082,198.895,-14.7357,0.664959,-0.286178,-0.0590733,6410.46,5,29.828,1612.06,4614.63,48.5961,2,2,1.0,0.0,0.0,5,0.0,0,True,1746968616.369637,left,False
4606,1746968689.9981673,199.067,-12.9709,0.518974,-0.287227,-0.0526283,6351.88,5,29.85,1613.27,4615.84,48.5958,2,2,1.0,0.0,0.0,5,0.0,0,True,1746968616.369637,left,False
4607,1746968690.0206199,199.229,-11.2036,0.377177,-0.288098,-0.0459169,6300.93,5,29.872,1614.49,4617.05,48.5954,2,2,1.0,0.0,0.0,5,0.0,0,True,1746968616.369637,left,False
4608,1746968690.0454,199.385,-9.45243,0.252249,-0.288802,-0.0390456,6247.17,5,29.894,1615.7,4618.26,48.5951,2,2,1.0,0.0,0.0,5,0.0,0,True,1746968616.369637,left,False
4609,1746968690.065541,199.521,-7.75431,0.135814,-0.28936,-0.0321296,6207.56,5,29.916,1616.91,4619.48,48.5948,2,2,1.0,0.0,0.0,5,0.0,0,True,1746968616.369637,left,False
4610,1746968690.0862372,199.641,-6.13443,0.0380241,-0.289799,-0.0252855,6177.37,5,29.938,1618.13,4620.69,48.5944,2,2,1.0,0.0,0.0,5,0.0,0,True,1746968616.369637,left,False
4611,1746968690.1092074,199.742,-4.6189,-0.0489297,-0.290157,-0.0186055,6159.72,5,29.96,1619.34,4621.9,48.5941,2,2,1.0,0.0,0.0,5,0.0,0,True,1746968616.369637,left,False
4612,1746968690.1323557,199.831,-3.222,-0.108038,-0.290454,-0.0121682,6145.62,5,29.982,1620.55,4623.12,48.5938,2,2,1.0,0.0,0.0,5,0.0,0,True,1746968616.369637,left,False
4613,1746968690.1534026,199.906,-1.95811,-0.149505,-0.290723,-0.00603038,6138.1,5,30.004,1621.77,4624.33,48.5934,2,2,1.0,0.0,0.0,5,0.0,0,True,1746968616.369637,left,False
4614,1746968690.1762178,199.972,-0.829198,-0.16628,-0.290995,-0.000225369,6132.63,5,30.026,1622.98,4625.54,48.5931,2,2,1.0,0.0,0.0,5,0.0,0,True,1746968616.369637,left,False
4615,1746968690.1962469,200.033,0.163052,-0.155967,-0.2913,0.00522202,6127.99,5,30.048,1624.2,4626.76,48.5928,2,2,1.0,0.0,0.0,5,0.0,0,True,1746968616.369637,left,False
4616,1746968690.219804,200.086,1.02023,-0.129044,-0.291659,0.010296,6127.09,5,30.07,1625.41,4627.98,48.5924,2,2,1.0,0.0,0.0,5,0.0,0,True,1746968616.369637,left,False
4617,1746968690.2414722,200.136,1.74753,-0.0793276,-0.292098,0.0149881,6126.47,5,30.092,1626.63,4629.19,48.5921,2,2,1.0,0.0,0.0,5,0.0,0,True,1746968616.369637,left,False
4618,1746968690.2653372,200.182,2.35204,-0.0103837,-0.292639,0.0192992,6127.26,5,30.114,1627.84,4630.41,48.5917,2,2,1.0,0.0,0.0,5,0.0,0,True,1746968616.369637,left,False
4619,1746968690.284168,200.228,2.84044,0.0867973,-0.293294,0.0232336,6126.55,5,30.136,1629.06,4631.62,48.5914,2,2,1.0,0.0,0.0,5,0.0,0,True,1746968616.369637,right,False
4620,1746968690.3090847,200.273,3.22317,0.196325,-0.294096,0.0268022,6126.31,5,30.158,1630.28,4632.84,48.5911,2,2,1.0,0.0,0.0,5,0.0,0,True,1746968616.369637,right,False
4621,1746968690.3301222,200.317,3.50957,0.319003,-0.29504,0.0300195,6127.92,5,30.18,1631.49,4634.06,48.5907,2,2,1.0,0.0,0.0,5,0.0,0,True,1746968616.369637,right,False
4622,1746968690.3507752,200.36,3.71063,0.456753,-0.296122,0.0329081,6128.45,5,30.202,1632.71,4635.27,48.5904,2,2,1.0,0.0,0.0,5,0.0,0,True,1746968616.369637,right,False
4623,1746968690.3732579,200.405,3.836,0.599178,-0.297371,0.0354893,6130,5,30.224,1633.93,4636.49,48.5901,2,2,1.0,0.0,0.0,5,0.0,0,True,1746968616.369637,right,False
4624,1746968690.3949518,200.449,3.89681,0.745864,-0.298783,0.0377867,6131.23,5,30.246,1635.14,4637.71,48.5897,2,2,1.0,0.0,0.0,5,0.0,0,True,1746968616.369637,right,False
4625,1746968690.4164293,200.494,3.90324,0.900318,-0.300366,0.0398318,6132.04,5,30.268,1636.36,4638.92,48.5894,2,2,1.0,0.0,0.0,5,0.0,0,True,1746968616.369637,right,False
4626,1746968690.440434,200.54,3.86462,1.05639,-0.302104,0.0416548,6132.28,5,30.29,1637.58,4640.14,48.5891,2,2,1.0,0.0,0.0,5,0.0,0,True,1746968616.369637,right,False
4627,1746968690.4615247,200.587,3.79266,1.20964,-0.304024,0.0432937,6133.16,5,30.312,1638.8,4641.36,48.5887,2,2,1.0,0.0,0.0,5,0.0,0,True,1746968616.369637,right,False
4628,1746968690.4821022,200.633,3.69688,1.35651,-0.306095,0.0447814,6133.59,5,30.334,1640.02,4642.58,48.5884,2,2,1.0,0.0,0.0,5,0.0,0,True,1746968616.369637,right,False
4629,1746968690.5060594,200.679,3.58476,1.50421,-0.308341,0.046147,6134.41,5,30.356,1641.23,4643.8,48.5881,2,2,1.0,0.0,0.0,5,0.0,0,True,1746968616.369637,right,False
4630,1746968690.5284228,200.725,3.46321,1.63753,-0.31073,0.0474183,6135.87,5,30.378,1642.45,4645.02,48.5877,2,2,1.0,0.0,0.0,5,0.0,0,True,1746968616.369637,right,False
4631,1746968690.5489419,200.77,3.33658,1.76251,-0.313261,0.0486142,6137.63,5,30.4,1643.67,4646.23,48.5874,2,2,1.0,0.0,0.0,5,0.0,0,True,1746968616.369637,right,False
4632,1746968690.5720432,200.816,3.20756,1.88372,-0.315967,0.0497529,6139,5,30.422,1644.89,4647.45,48.587,2,2,1.0,0.0,0.0,5,0.0,0,True,1746968616.369637,right,False
4633,1746968690.5943696,200.861,3.08019,2.00038,-0.318823,0.0508482,6140.13,5,30.444,1646.11,4648.67,48.5867,2,2,1.0,0.0,0.0,5,0.0,0,True,1746968616.369637,right,False
4634,1746968690.616292,200.906,2.95634,2.1015,-0.321822,0.051913,6141.75,5,30.466,1647.33,4649.89,48.5864,2,2,1.0,0.0,0.0,5,0.0,0,True,1746968616.369637,right,False
4635,1746968690.6367824,200.95,2.83858,2.20286,-0.324947,0.0529591,6143.6,5,30.488,1648.55,4651.11,48.586,2,2,1.0,0.0,0.0,5,0.0,0,True,1746968616.369637,right,False
4636,1746968690.6583512,200.994,2.72786,2.28243,-0.328182,0.053991,6145.78,5,30.51,1649.77,4652.33,48.5857,2,2,1.0,0.0,0.0,5,0.0,0,True,1746968616.369637,right,False
4637,1746968690.6816213,201.037,2.62299,2.36557,-0.331555,0.0550143,6148.26,5,30.532,1650.98,4653.55,48.5854,2,2,1.0,0.0,0.0,5,0.0,0,True,1746968616.369637,right,False
4638,1746968690.702371,201.082,2.52333,2.44616,-0.335075,0.05603,6148.4,5,30.554,1652.2,4654.77,48.585,2,2,1.0,0.0,0.0,5,0.0,0,True,1746968616.369637,right,False
4639,1746968690.723871,201.125,2.4307,2.52587,-0.338688,0.0570423,6150.63,5,30.576,1653.42,4655.99,48.5847,2,2,1.0,0.0,0.0,5,0.0,0,True,1746968616.369637,right,False
4640,1746968690.746599,201.168,2.34418,2.59447,-0.34244,0.0580556,6151.96,5,30.598,1654.64,4657.21,48.5844,2,2,1.0,0.0,0.0,5,0.0,0,True,1746968616.369637,right,False
4641,1746968690.7697113,201.21,2.26383,2.66428,-0.346301,0.0590693,6153.68,5,30.62,1655.86,4658.43,48.584,2,2,1.0,0.0,0.0,5,0.0,0,True,1746968616.369637,right,False
4642,1746968690.7906866,201.253,2.19034,2.72503,-0.350289,0.0600888,6155.17,5,30.642,1657.08,4659.65,48.5837,2,2,1.0,0.0,0.0,5,0.0,0,True,1746968616.369637,right,False
4643,1746968690.8125284,201.295,2.12335,2.79386,-0.354374,0.0611169,6156.47,5,30.664,1658.3,4660.87,48.5834,2,2,1.0,0.0,0.0,5,0.0,0,True,1746968616.369637,right,False
4644,1746968690.836097,201.336,2.06234,2.84885,-0.358582,0.0621507,6158.36,5,30.686,1659.52,4662.08,48.583,2,2,1.0,0.0,0.0,5,0.0,0,True,1746968616.369637,right,False
4645,1746968690.8566968,201.378,2.0067,2.9192,-0.362903,0.0631935,6158.84,5,30.708,1660.74,4663.3,48.5827,2,2,1.0,0.0,0.0,5,0.0,0,True,1746968616.369637,right,False
4646,1746968690.87844,201.419,1.95646,2.97833,-0.367318,0.0642468,6159.96,5,30.73,1661.96,4664.52,48.5823,2,2,1.0,0.0,0.0,5,0.0,0,True,1746968616.369637,right,False
4647,1746968690.9044688,201.46,1.91204,3.03731,-0.371847,0.0653111,6161.63,5,30.752,1663.18,4665.74,48.582,2,2,1.0,0.0,0.1,5,0.0,0,True,1746968616.369637,right,False
4648,1746968690.9241717,201.501,1.87278,3.09752,-0.376481,0.0663878,6162.87,5,30.774,1664.4,4666.96,48.5817,2,2,1.0,0.0,0.1,5,0.0,0,True,1746968616.369637,right,False
4649,1746968690.9460864,201.541,1.83796,3.15901,-0.381226,0.067476,6163.98,5,30.796,1665.62,4668.18,48.5813,2,2,1.0,0.0,0.1,5,0.0,0,True,1746968616.369637,right,False
4650,1746968690.9662867,201.581,1.80742,3.22524,-0.386068,0.0685746,6164.8,5,30.818,1666.84,4669.4,48.581,2,2,1.0,0.0,0.1,5,0.0,0,True,1746968616.369637,right,False
4651,1746968690.99027,201.606,1.92675,3.28576,-0.390959,0.0687691,6167.91,5,30.84,1668.06,4670.62,48.5807,2,2,1.0,0.0,0.1,5,0.0,0,True,1746968616.369637,right,False
4652,1746968691.0120816,201.629,1.64802,3.32142,-0.395801,0.0665647,6174.61,5,30.862,1669.28,4671.84,48.5803,2,2,1.0,0.0,0.1,5,0.0,0,True,1746968616.369637,right,False
4653,1746968691.0345275,201.653,0.956204,3.33679,-0.400594,0.0622441,6181.62,5,30.884,1670.5,4673.06,48.58,2,2,1.0,0.0,0.1,5,0.0,0,True,1746968616.369637,right,False
4654,1746968691.0544338,201.674,-0.0588465,3.33847,-0.405326,0.0561416,6188.96,5,30.906,1671.72,4674.28,48.5797,2,2,1.0,0.0,0.1,5,0.0,0,True,1746968616.369637,right,False
4655,1746968691.0785186,201.684,-1.31694,3.30317,-0.409969,0.0486037,6198.11,5,30.928,1672.94,4675.5,48.5793,2,2,1.0,0.0,0.1,5,0.0,0,True,1746968616.369637,right,False
4656,1746968691.0983124,201.68,-2.74436,3.2551,-0.414502,0.0399734,6209.74,5,30.95,1674.16,4676.72,48.579,2,2,1.0,0.0,0.1,5,0.0,0,True,1746968616.369637,right,False
4657,1746968691.1213522,201.656,-4.27505,3.18003,-0.418901,0.0305783,6224.4,5,30.972,1675.38,4677.94,48.5787,2,2,1.0,0.0,0.1,5,0.0,0,True,1746968616.369637,right,False
4658,1746968691.1432307,201.612,-5.85745,3.07972,-0.423145,0.0206887,6241.78,5,30.994,1676.6,4679.17,48.5783,2,2,1.0,0.0,0.1,5,0.0,0,True,1746968616.369637,right,False
4659,1746968691.164688,201.547,-7.44873,2.95558,-0.427209,0.0105502,6262.73,5,31.016,1677.82,4680.39,48.578,2,2,1.0,0.0,0.1,5,0.0,0,True,1746968616.369637,right,False
4660,1746968691.186816,201.459,-9.02296,2.80974,-0.431087,0.00032204,6288.32,5,31.038,1679.04,4681.61,48.5776,2,2,1.0,0.0,0.1,5,0.0,0,True,1746968616.369637,right,False
4661,1746968691.2091355,201.353,-10.5598,2.64975,-0.434762,-0.00987941,6314.46,5,31.06,1680.26,4682.83,48.5773,2,2,1.0,0.0,0.1,5,0.0,0,True,1746968616.369637,right,False
4662,1746968691.2302685,201.23,-12.0456,2.48293,-0.438212,-0.0199912,6343.65,5,31.082,1681.48,4684.05,48.577,2,2,1.0,0.0,0.1,5,0.0,0,True,1746968616.369637,right,False
4663,1746968691.2530334,201.095,-13.4824,2.30539,-0.441431,-0.0299991,6367.56,5,31.104,1682.7,4685.27,48.5766,2,2,1.0,0.0,0.0,5,0.0,0,True,1746968616.369637,left,False
4664,1746968691.2752807,200.948,-14.875,2.11932,-0.444413,-0.0399049,6389.81,5,31.126,1683.92,4686.49,48.5763,2,2,1.0,0.0,0.0,5,0.0,0,True,1746968616.369637,left,False
4665,1746968691.2973177,200.789,-16.2215,1.92609,-0.447139,-0.0496953,6410.13,5,31.148,1685.14,4687.7,48.576,2,2,1.0,0.0,0.0,5,0.0,0,True,1746968616.369637,left,False
4666,1746968691.3213356,200.626,-17.5243,1.73241,-0.449618,-0.0594037,6421.45,5,31.17,1686.36,4688.92,48.5756,2,2,1.0,0.0,0.0,5,0.0,0,True,1746968616.369637,left,False
4667,1746968691.3426473,200.481,-18.8485,1.53363,-0.451831,-0.0688127,6424.05,5,31.192,1687.58,4690.14,48.5753,2,2,1.0,0.0,0.0,5,0.0,0,True,1746968616.369637,left,False
4668,1746968691.363928,200.356,-20.0181,1.34188,-0.453825,-0.0774687,6411.83,5,31.214,1688.8,4691.36,48.575,2,2,1.0,0.0,0.0,5,0.0,0,True,1746968616.369637,left,False
4669,1746968691.3859913,200.239,-21.0261,1.15522,-0.455575,-0.0854595,6392.31,5,31.236,1690.02,4692.58,48.5746,2,2,1.0,0.0,0.0,5,0.0,0,True,1746968616.369637,left,False
4670,1746968691.4075823,200.131,-21.8847,0.970493,-0.457068,-0.0928519,6373.02,5,31.258,1691.24,4693.8,48.5743,2,2,1.0,0.0,0.0,5,0.0,0,True,1746968616.369637,left,False
4671,1746968691.429234,200.022,-22.6169,0.785147,-0.458301,-0.0996946,6362.16,5,31.28,1692.46,4695.02,48.574,2,2,1.0,0.0,0.0,5,0.0,0,True,1746968616.369637,left,False
4672,1746968691.4515245,199.922,-23.2296,0.605308,-0.459269,-0.106041,6348.45,5,31.302,1693.67,4696.24,48.5736,2,2,1.0,0.0,0.0,5,0.0,0,True,1746968616.369637,left,False
4673,1746968691.473428,199.825,-23.739,0.419138,-0.459965,-0.111908,6342.55,5,31.324,1694.89,4697.45,48.5733,2,2,1.0,0.0,0.0,5,0.0,0,True,1746968616.369637,left,False
4674,1746968691.4955757,199.724,-24.1474,0.232332,-0.460384,-0.117279,6351.54,5,31.346,1696.11,4698.67,48.5729,2,2,1.0,0.0,0.0,5,0.0,0,True,1746968616.369637,left,False
4675,1746968691.5179265,199.642,-24.4341,0.0524273,-0.460527,-0.122123,6351.15,5,31.368,1697.33,4699.89,48.5726,2,2,1.0,0.0,0.0,5,0.0,0,True,1746968616.369637,left,False
4676,1746968691.5393114,199.564,-24.6293,-0.131625,-0.46038,-0.126497,6359.12,5,31.39,1698.55,4701.11,48.5723,2,2,1.0,0.0,0.0,5,0.0,0,True,1746968616.369637,left,False
4677,1746968691.5617201,199.499,-24.7232,-0.320622,-0.459969,-0.130357,6367.62,5,31.412,1699.76,4702.33,48.5719,2,2,1.0,0.0,0.0,5,0.0,0,True,1746968616.369637,left,False
4678,1746968691.582299,199.445,-24.7069,-0.497611,-0.459273,-0.133709,6375.84,5,31.434,1700.98,4703.54,48.5716,2,2,1.0,0.0,0.0,5,0.0,0,True,1746968616.369637,left,False
4679,1746968691.6062336,199.4,-24.6004,-0.690417,-0.458297,-0.136535,6391.59,5,31.456,1702.2,4704.76,48.5713,2,2,1.0,0.0,0.0,5,0.0,0,True,1746968616.369637,left,False
4680,1746968691.6277688,199.373,-24.3916,-0.878871,-0.457039,-0.138843,6400.86,5,31.478,1703.41,4705.97,48.5709,2,2,1.0,0.0,0.0,5,0.0,0,True,1746968616.369637,left,False
4681,1746968691.6483867,199.358,-24.0836,-1.06759,-0.455514,-0.140626,6412.97,5,31.5,1704.63,4707.19,48.5706,2,2,1.0,0.0,0.0,5,0.0,0,True,1746968616.369637,left,False
4682,1746968691.6700294,199.359,-23.6783,-1.25408,-0.453715,-0.141891,6419.14,5,31.522,1705.84,4708.41,48.5703,2,2,1.0,0.0,0.0,5,0.0,0,True,1746968616.369637,left,False
4683,1746968691.6938043,199.375,-23.1698,-1.44076,-0.451644,-0.142624,6428.42,5,31.544,1707.06,4709.62,48.5699,2,2,1.0,0.0,0.0,5,0.0,0,True,1746968616.369637,left,False
4684,1746968691.7155192,199.409,-22.5635,-1.62371,-0.449308,-0.142824,6427.86,5,31.566,1708.27,4710.84,48.5696,2,2,1.0,0.0,0.0,5,0.0,0,True,1746968616.369637,left,False
4685,1746968691.7367554,199.457,-21.8635,-1.81,-0.446708,-0.142496,6428.87,5,31.588,1709.49,4712.05,48.5693,2,2,1.0,0.0,0.0,5,0.0,0,True,1746968616.369637,left,False
4686,1746968691.7605815,199.518,-21.0723,-1.99306,-0.443848,-0.141644,6424,5,31.61,1710.7,4713.26,48.5689,2,2,1.0,0.0,0.0,5,0.0,0,True,1746968616.369637,left,False
4687,1746968691.7808635,199.597,-20.1728,-2.16397,-0.440731,-0.14024,6415.23,5,31.632,1711.92,4714.48,48.5686,2,2,1.0,0.0,0.0,5,0.0,0,True,1746968616.369637,left,False
4688,1746968691.8026965,199.689,-19.1917,-2.34306,-0.437358,-0.138315,6402.61,5,31.654,1713.13,4715.69,48.5682,2,2,1.0,0.0,0.0,5,0.0,0,True,1746968616.369637,left,False
4689,1746968691.8260834,199.79,-18.1287,-2.51309,-0.43374,-0.135909,6390.15,5,31.676,1714.34,4716.91,48.5679,2,2,1.0,0.0,0.0,5,0.0,0,True,1746968616.369637,left,False
4690,1746968691.8468177,199.903,-16.9864,-2.67747,-0.429887,-0.133016,6368.88,5,31.698,1715.56,4718.12,48.5676,2,2,1.0,0.0,0.0,5,0.0,0,True,1746968616.369637,left,False
4691,1746968691.8709948,200.024,-15.7772,-2.83757,-0.425806,-0.129687,6345.52,5,31.72,1716.77,4719.33,48.5672,2,2,1.0,0.0,0.0,5,0.0,0,True,1746968616.369637,left,False
4692,1746968691.8925657,200.149,-14.5102,-2.98348,-0.421497,-0.125947,6322.12,5,31.742,1717.98,4720.55,48.5669,2,2,1.0,0.0,0.0,5,0.0,0,True,1746968616.369637,left,False
4693,1746968691.9140067,200.274,-13.2053,-3.13319,-0.416984,-0.121831,6302.1,5,31.764,1719.2,4721.76,48.5666,2,2,1.0,0.0,0.0,5,0.0,0,True,1746968616.369637,left,False
4694,1746968691.9368463,200.403,-11.861,-3.26687,-0.412276,-0.117374,6278.71,5,31.786,1720.41,4722.98,48.5662,2,2,1.0,0.0,0.0,5,0.0,0,True,1746968616.369637,left,False
4695,1746968691.9575155,200.531,-10.5043,-3.38938,-0.407393,-0.11266,6252.99,5,31.808,1721.63,4724.19,48.5659,2,2,1.0,0.0,0.0,5,0.0,0,True,1746968616.369637,left,False
4696,1746968691.9796596,200.653,-9.1536,-3.50795,-0.402348,-0.107747,6232.66,5,31.83,1722.84,4725.41,48.5656,2,2,1.0,0.0,0.0,5,0.0,0,True,1746968616.369637,left,False
4697,1746968692.000107,200.769,-7.82848,-3.60726,-0.39716,-0.102725,6214.77,5,31.852,1724.06,4726.62,48.5652,2,2,1.0,0.0,0.0,5,0.0,0,True,1746968616.369637,left,False
4698,1746968692.0225942,200.876,-6.55512,-3.71049,-0.39185,-0.097668,6203.57,5,31.874,1725.27,4727.84,48.5649,2,2,1.0,0.0,0.0,5,0.0,0,True,1746968616.369637,left,False
4699,1746968692.043657,200.978,-5.33746,-3.78607,-0.386446,-0.092646,6191.04,5,31.896,1726.49,4729.05,48.5646,2,2,1.0,0.0,0.0,5,0.0,0,True,1746968616.369637,left,False
4700,1746968692.0699039,201.072,-4.19501,-3.84857,-0.380969,-0.0877064,6182.85,5,31.918,1727.71,4730.27,48.5642,2,2,1.0,0.0,0.0,5,0.0,0,True,1746968616.369637,left,False
4701,1746968692.0911634,201.16,-3.13496,-3.89657,-0.375439,-0.082897,6175.67,5,31.94,1728.92,4731.49,48.5639,2,2,1.0,0.0,0.0,5,0.0,0,True,1746968616.369637,left,False
4702,1746968692.1126044,201.241,-2.1656,-3.93285,-0.369889,-0.0782598,6172.56,5,31.962,1730.14,4732.7,48.5635,2,2,1.0,0.0,0.0,6,0.0,0,False,1746968692.1098363,left,False
4703,1746968692.1334374,201.318,-1.28869,-3.93736,-0.364331,-0.0738195,6169.28,5,31.984,1731.36,4733.92,48.5632,2,2,1.0,0.0,0.0,6,0.0,0,False,1746968692.1098363,left,False
4704,1746968692.1541722,201.389,-0.50627,-3.93562,-0.358793,-0.0695947,6168.16,5,32.006,1732.58,4735.14,48.5629,2,2,1.0,0.0,0.0,6,0.0,0,False,1746968692.1098363,left,False
4705,1746968692.1783912,201.458,0.183808,-3.91463,-0.353288,-0.0655997,6167.49,5,32.028,1733.8,4736.36,48.5625,2,2,1.0,0.0,0.0,6,0.0,0,False,1746968692.1098363,left,False
4706,1746968692.1997983,201.524,0.78384,-3.87401,-0.347847,-0.0618437,6167.07,5,32.05,1735.02,4737.58,48.5622,2,2,1.0,0.0,0.0,6,0.0,0,False,1746968692.1098363,left,False
4707,1746968692.220618,201.587,1.29772,-3.82069,-0.342468,-0.0583275,6168.25,5,32.072,1736.24,4738.8,48.5619,2,2,1.0,0.0,0.0,6,0.0,0,False,1746968692.1098363,left,False
4708,1746968692.2438912,201.649,1.73017,-3.74498,-0.337183,-0.0550526,6168.86,5,32.094,1737.46,4740.02,48.5615,2,2,1.0,0.0,0.0,6,0.0,0,False,1746968692.1098363,left,False
4709,1746968692.2650445,201.711,2.08646,-3.6615,-0.331999,-0.0520147,6168.55,5,32.116,1738.68,4741.24,48.5612,2,2,1.0,0.0,0.0,6,0.0,0,False,1746968692.1098363,left,False
4710,1746968692.2857933,201.771,2.37319,-3.56558,-0.326929,-0.0492051,6169.8,5,32.138,1739.9,4742.46,48.5609,2,2,1.0,0.0,0.0,6,0.0,0,False,1746968692.1098363,left,False
4711,1746968692.3083827,201.83,2.59743,-3.46595,-0.32196,-0.0466154,6171.8,5,32.16,1741.12,4743.69,48.5605,2,2,1.0,0.0,0.0,6,0.0,0,False,1746968692.1098363,left,False
4712,1746968692.332202,201.89,2.76442,-3.35405,-0.317139,-0.0442317,6172.63,5,32.182,1742.35,4744.91,48.5602,2,2,1.0,0.0,0.0,6,0.0,0,False,1746968692.1098363,left,False
4713,1746968692.3519988,201.95,2.88191,-3.23302,-0.312435,-0.0420402,6173.92,5,32.204,1743.57,4746.13,48.5599,2,2,1.0,0.0,0.0,6,0.0,0,False,1746968692.1098363,left,False
4714,1746968692.374427,202.009,2.95593,-3.11616,-0.307861,-0.0400246,6175.88,5,32.226,1744.8,4747.36,48.5595,2,2,1.0,0.0,0.0,6,0.0,0,False,1746968692.1098363,left,False
4715,1746968692.396194,202.068,2.99397,-3.0002,-0.30343,-0.0381663,6176.95,5,32.248,1746.02,4748.58,48.5592,2,2,1.0,0.0,0.0,6,0.0,0,False,1746968692.1098363,left,False
4716,1746968692.4199145,202.127,3.00246,-2.87737,-0.29915,-0.036444,6178.68,5,32.27,1747.25,4749.81,48.5588,2,2,1.0,0.0,0.0,6,0.0,0,False,1746968692.1098363,left,False
4717,1746968692.4416687,202.186,2.98702,-2.75214,-0.295003,-0.034839,6179.95,5,32.292,1748.47,4751.04,48.5585,2,2,1.0,0.0,0.0,6,0.0,0,False,1746968692.1098363,left,False
4718,1746968692.464223,202.245,2.9536,-2.63957,-0.290975,-0.0333331,6182.07,5,32.314,1749.7,4752.26,48.5582,2,2,1.0,0.0,0.0,6,0.0,0,False,1746968692.1098363,left,False
4719,1746968692.4863544,202.303,2.9067,-2.53055,-0.287093,-0.0319131,6183.66,5,32.336,1750.93,4753.49,48.5578,2,2,1.0,0.0,0.0,6,0.0,0,False,1746968692.1098363,left,False
4720,1746968692.506023,202.362,2.84831,-2.42234,-0.283354,-0.0305632,6185.24,5,32.358,1752.16,4754.72,48.5575,2,2,1.0,0.0,0.0,6,0.0,0,False,1746968692.1098363,left,False
4721,1746968692.5292077,202.421,2.78332,-2.31515,-0.279749,-0.0292705,6185.94,5,32.38,1753.39,4755.95,48.5572,2,2,1.0,0.0,0.0,6,0.0,0,False,1746968692.1098363,left,False
4722,1746968692.5507135,202.478,2.71677,-2.22573,-0.276257,-0.0280135,6188.5,5,32.402,1754.62,4757.18,48.5568,2,2,1.0,0.0,0.0,6,0.0,0,False,1746968692.1098363,left,False
4723,1746968692.5738587,202.536,2.64631,-2.12249,-0.272913,-0.0267919,6190.14,5,32.424,1755.85,4758.41,48.5565,2,2,1.0,0.0,0.0,6,0.0,0,False,1746968692.1098363,left,False
4724,1746968692.5943837,202.593,2.57603,-2.02732,-0.26969,-0.0255988,6192.44,5,32.446,1757.08,4759.64,48.5562,2,2,1.0,0.0,0.0,6,0.0,0,False,1746968692.1098363,left,False
4725,1746968692.6178868,202.65,2.50638,-1.93581,-0.266589,-0.0244272,6194.14,5,32.468,1758.31,4760.87,48.5558,2,2,1.0,0.0,0.0,6,0.0,0,False,1746968692.1098363,left,False
4726,1746968692.637892,202.706,2.43865,-1.85526,-0.263615,-0.0232738,6196.45,5,32.49,1759.54,4762.1,48.5555,2,2,1.0,0.0,0.0,6,0.0,0,False,1746968692.1098363,left,False
4727,1746968692.66129,202.762,2.37227,-1.76856,-0.260771,-0.0221337,6198.07,5,32.512,1760.77,4763.33,48.5552,2,2,1.0,0.0,0.0,6,0.0,0,False,1746968692.1098363,left,False
4728,1746968692.683536,202.819,2.30948,-1.69331,-0.258028,-0.0210016,6199.54,5,32.534,1762,4764.56,48.5548,2,2,1.0,0.0,0.0,6,0.0,0,False,1746968692.1098363,left,False
4729,1746968692.7044203,202.874,2.25061,-1.62086,-0.25542,-0.019873,6202.17,5,32.556,1763.23,4765.79,48.5545,2,2,1.0,0.0,0.0,6,0.0,0,False,1746968692.1098363,left,False
4730,1746968692.728309,202.929,2.19477,-1.55193,-0.252926,-0.0187476,6204.05,5,32.578,1764.47,4767.03,48.5541,2,2,1.0,0.0,0.0,6,0.0,0,False,1746968692.1098363,left,False
4731,1746968692.7506227,202.984,2.14253,-1.4829,-0.250537,-0.0176223,6205.48,5,32.6,1765.7,4768.26,48.5538,2,2,1.0,0.0,0.0,6,0.0,0,False,1746968692.1098363,left,False
4732,1746968692.7703507,203.038,2.09404,-1.41111,-0.248267,-0.0164946,6207.6,5,32.622,1766.93,4769.49,48.5535,2,2,1.0,0.0,0.0,6,0.0,0,False,1746968692.1098363,left,False
4733,1746968692.7922132,203.092,2.04982,-1.34651,-0.246118,-0.015364,6209.87,5,32.644,1768.17,4770.73,48.5531,2,2,1.0,0.0,0.0,6,0.0,0,False,1746968692.1098363,left,False
4734,1746968692.8144684,203.147,2.00837,-1.28729,-0.244071,-0.0142368,6211.29,5,32.666,1769.4,4771.96,48.5528,2,2,1.0,0.0,0.0,6,0.0,0,False,1746968692.1098363,left,False
4735,1746968692.8378115,203.201,1.9698,-1.21826,-0.242131,-0.0131009,6211.87,5,32.688,1770.64,4773.2,48.5525,2,2,1.0,0.0,0.0,6,0.0,0,False,1746968692.1098363,left,False
4736,1746968692.8599179,203.255,1.93623,-1.15161,-0.240304,-0.0119537,6213.24,5,32.71,1771.87,4774.43,48.5521,2,2,1.0,0.0,0.0,6,0.0,0,False,1746968692.1098363,left,False
4737,1746968692.8820636,203.307,1.90621,-1.08992,-0.238578,-0.0107997,6215.12,5,32.732,1773.11,4775.67,48.5518,2,2,1.0,0.0,0.0,6,0.0,0,False,1746968692.1098363,left,False
4738,1746968692.9025955,203.36,1.87963,-1.01897,-0.236963,-0.00963575,6216.49,5,32.754,1774.35,4776.91,48.5515,2,2,1.0,0.0,0.0,6,0.0,0,False,1746968692.1098363,left,False
4739,1746968692.9251947,203.412,1.85542,-0.949692,-0.235457,-0.00846702,6218.46,5,32.776,1775.58,4778.14,48.5511,2,2,1.0,0.0,0.0,6,0.0,0,False,1746968692.1098363,left,False
4740,1746968692.9459636,203.465,1.83391,-0.878018,-0.234058,-0.0072921,6219.63,5,32.798,1776.82,4779.38,48.5508,2,2,1.0,0.0,0.0,6,0.0,0,False,1746968692.1098363,left,False
4741,1746968692.970415,203.516,1.81507,-0.810683,-0.232756,-0.00611049,6220.91,5,32.82,1778.06,4780.62,48.5505,2,2,1.0,0.0,0.0,6,0.0,0,False,1746968692.1098363,left,False
4742,1746968692.9922206,203.568,1.79902,-0.74441,-0.231567,-0.00492317,6222.8,5,32.842,1779.3,4781.86,48.5501,2,2,1.0,0.0,0.0,6,0.0,0,False,1746968692.1098363,left,False
4743,1746968693.0126367,203.619,1.78478,-0.676764,-0.230481,-0.00372869,6224.22,5,32.864,1780.53,4783.09,48.5498,2,2,1.0,0.0,0.0,6,0.0,0,False,1746968692.1098363,left,False
4744,1746968693.0352309,203.669,1.77302,-0.60974,-0.229496,-0.00252849,6226.79,5,32.886,1781.77,4784.33,48.5494,2,2,1.0,0.0,0.0,6,0.0,0,False,1746968692.1098363,left,False
4745,1746968693.0556831,203.72,1.7628,-0.541034,-0.228617,-0.00132114,6227.38,5,32.908,1783.01,4785.57,48.5491,2,2,1.0,0.0,0.0,6,0.0,0,False,1746968692.1098363,left,False
4746,1746968693.078587,203.77,1.7544,-0.473816,-0.227844,-0.000109021,6228.9,5,32.93,1784.25,4786.81,48.5488,2,2,1.0,0.0,0.0,6,0.0,0,False,1746968692.1098363,left,False
4747,1746968693.1014285,203.82,1.74711,-0.404083,-0.227169,0.00110787,6230.3,5,32.952,1785.49,4788.05,48.5484,2,2,1.0,0.0,0.0,6,0.0,0,False,1746968692.1098363,left,False
4748,1746968693.123662,203.868,1.74146,-0.337381,-0.226607,0.00232952,6232.22,5,32.974,1786.73,4789.29,48.5481,2,2,1.0,0.0,0.0,6,0.0,0,False,1746968692.1098363,left,False
4749,1746968693.1438005,203.918,1.7369,-0.269365,-0.226143,0.00355547,6233.03,5,32.996,1787.97,4790.53,48.5478,2,2,1.0,0.0,0.0,6,0.0,0,False,1746968692.1098363,left,False
4750,1746968693.1678925,203.967,1.73348,-0.202969,-0.225789,0.00478619,6234.8,5,33.018,1789.21,4791.77,48.5474,2,2,1.0,0.0,0.0,6,0.0,0,False,1746968692.1098363,left,False
4751,1746968693.1885107,204.015,1.73069,-0.137673,-0.225533,0.00601834,6236.42,5,33.04,1790.45,4793.01,48.5471,2,2,1.0,0.0,0.0,6,0.0,0,False,1746968692.1098363,left,False
4752,1746968693.2109087,204.063,1.72824,-0.0594098,-0.225382,0.00725811,6236.91,5,33.062,1791.69,4794.25,48.5468,2,2,1.0,0.0,0.0,6,0.0,0,False,1746968692.1098363,left,False
4753,1746968693.2353241,204.111,1.72779,0.010359,-0.225334,0.00850361,6238.37,5,33.084,1792.93,4795.5,48.5464,2,2,1.0,0.0,0.0,6,0.0,0,False,1746968692.1098363,left,False
4754,1746968693.254511,204.158,1.72798,0.0779759,-0.225387,0.00975054,6241.08,5,33.106,1794.18,4796.74,48.5461,2,2,1.0,0.0,0.0,6,0.0,0,False,1746968692.1098363,left,False
4755,1746968693.2777908,204.205,1.72835,0.140342,-0.225545,0.0109984,6242.06,5,33.128,1795.42,4797.98,48.5458,2,2,1.0,0.0,0.0,6,0.0,0,False,1746968692.1098363,right,False
4756,1746968693.2987351,204.251,1.72855,0.208731,-0.22581,0.0122458,6244.16,5,33.15,1796.66,4799.22,48.5454,2,2,1.0,0.0,0.0,6,0.0,0,False,1746968692.1098363,right,False
4757,1746968693.3214166,204.298,1.72911,0.275267,-0.22618,0.0134961,6244.4,5,33.172,1797.9,4800.46,48.5451,2,2,1.0,0.0,0.0,6,0.0,0,False,1746968692.1098363,right,False
4758,1746968693.345134,204.344,1.72989,0.339109,-0.22666,0.0147473,6246.07,5,33.194,1799.15,4801.71,48.5447,2,2,1.0,0.0,0.0,6,0.0,0,False,1746968692.1098363,right,False
4759,1746968693.364303,204.39,1.73099,0.404594,-0.227238,0.0160024,6247.26,5,33.216,1800.39,4802.95,48.5444,2,2,1.0,0.0,0.0,6,0.0,0,False,1746968692.1098363,right,False
4760,1746968693.3897135,204.435,1.7326,0.471363,-0.227926,0.0172602,6249.37,5,33.238,1801.63,4804.19,48.5441,2,2,1.0,0.0,0.0,6,0.0,0,False,1746968692.1098363,right,False
4761,1746968693.411191,204.481,1.73406,0.541814,-0.228711,0.0185186,6250.31,5,33.26,1802.88,4805.44,48.5437,2,2,1.0,0.0,0.0,6,0.0,0,False,1746968692.1098363,right,False
4762,1746968693.4315326,204.526,1.73562,0.61469,-0.229602,0.0197789,6251.61,5,33.282,1804.12,4806.68,48.5434,2,2,1.0,0.0,0.0,6,0.0,0,False,1746968692.1098363,right,False
4763,1746968693.4536715,204.571,1.73718,0.682805,-0.230595,0.0210411,6252.14,5,33.304,1805.36,4807.92,48.5431,2,2,1.0,0.0,0.0,6,0.0,0,False,1746968692.1098363,right,False
4764,1746968693.4744582,204.614,1.73916,0.745106,-0.231694,0.0223023,6254.45,5,33.326,1806.61,4809.17,48.5427,2,2,1.0,0.0,0.0,6,0.0,0,False,1746968692.1098363,right,False
4765,1746968693.4982548,204.658,1.74074,0.817145,-0.232898,0.023565,6255.47,5,33.348,1807.85,4810.41,48.5424,2,2,1.0,0.0,0.0,6,0.0,0,False,1746968692.1098363,right,False
4766,1746968693.5210633,204.702,1.74197,0.888288,-0.234208,0.02483,6255.84,5,33.37,1809.1,4811.66,48.5421,2,2,1.0,0.0,0.0,6,0.0,0,False,1746968692.1098363,right,False
4767,1746968693.5405247,204.745,1.74392,0.959344,-0.23562,0.0260965,6257.32,5,33.392,1810.34,4812.9,48.5417,2,2,1.0,0.0,0.0,6,0.0,0,False,1746968692.1098363,right,False
4768,1746968693.5655916,204.788,1.74632,1.0327,-0.237138,0.0273654,6258.93,5,33.414,1811.59,4814.15,48.5414,2,2,1.0,0.0,0.0,6,0.0,0,False,1746968692.1098363,right,False
4769,1746968693.5852113,204.83,1.74783,1.1042,-0.238761,0.0286323,6260.22,5,33.436,1812.83,4815.39,48.5411,2,2,1.0,0.0,0.0,6,0.0,0,False,1746968692.1098363,right,False
4770,1746968693.608361,204.873,1.74962,1.16882,-0.240495,0.0298983,6261.76,5,33.458,1814.08,4816.64,48.5407,2,2,1.0,0.0,0.0,6,0.0,0,False,1746968692.1098363,right,False
4771,1746968693.6299787,204.915,1.75068,1.236,-0.24233,0.0311648,6262.48,5,33.48,1815.32,4817.88,48.5404,2,2,1.0,0.0,0.0,6,0.0,0,False,1746968692.1098363,right,False
4772,1746968693.6504416,204.956,1.75193,1.31096,-0.244275,0.0324323,6263.74,5,33.502,1816.57,4819.13,48.54,2,2,1.0,0.0,0.0,6,0.0,0,False,1746968692.1098363,right,False
4773,1746968693.6733158,204.997,1.75323,1.37113,-0.246322,0.0336978,6265.71,5,33.524,1817.82,4820.38,48.5397,2,2,1.0,0.0,0.0,6,0.0,0,False,1746968692.1098363,right,False
4774,1746968693.6955266,205.038,1.75367,1.44664,-0.248478,0.0349624,6266.76,5,33.546,1819.06,4821.62,48.5394,2,2,1.0,0.0,0.0,6,0.0,0,False,1746968692.1098363,right,False
4775,1746968693.7177076,205.079,1.75396,1.51332,-0.250737,0.0362269,6268.07,5,33.568,1820.31,4822.87,48.539,2,2,1.0,0.0,0.0,6,0.0,0,False,1746968692.1098363,right,False
4776,1746968693.7385929,205.12,1.75446,1.58485,-0.253105,0.0374934,6268.51,5,33.59,1821.56,4824.11,48.5387,2,2,1.0,0.0,0.0,6,0.0,0,False,1746968692.1098363,right,False
4777,1746968693.7632086,205.159,1.75504,1.65443,-0.255575,0.0387589,6270.33,5,33.612,1822.8,4825.36,48.5384,2,2,1.0,0.0,0.0,6,0.0,0,False,1746968692.1098363,right,False
4778,1746968693.784496,205.199,1.75507,1.72169,-0.258154,0.0400225,6271.54,5,33.634,1824.05,4826.61,48.538,2,2,1.0,0.0,0.0,6,0.0,0,False,1746968692.1098363,right,False
4779,1746968693.8050268,205.239,1.75466,1.79854,-0.260836,0.0412866,6272.07,5,33.656,1825.3,4827.85,48.5377,2,2,1.0,0.0,0.0,6,0.0,0,False,1746968692.1098363,right,False
4780,1746968693.8274498,205.278,1.75482,1.86713,-0.263631,0.0425517,6272.89,5,33.678,1826.54,4829.1,48.5374,2,2,1.0,0.0,0.0,6,0.0,0,False,1746968692.1098363,right,False
4781,1746968693.849048,205.317,1.75555,1.936,-0.266528,0.0438186,6274.82,5,33.7,1827.79,4830.35,48.537,2,2,1.0,0.0,0.0,6,0.0,0,False,1746968692.1098363,right,False
4782,1746968693.870281,205.355,1.75549,2.00433,-0.269531,0.0450847,6276.16,5,33.722,1829.04,4831.6,48.5367,2,2,1.0,0.0,0.0,6,0.0,0,False,1746968692.1098363,right,False
4783,1746968693.8943586,205.393,1.75577,2.07681,-0.272648,0.0463511,6277.26,5,33.744,1830.28,4832.84,48.5364,2,2,1.0,0.0,0.0,6,0.0,0,False,1746968692.1098363,right,False
4784,1746968693.9152977,205.431,1.75582,2.1471,-0.275871,0.0476176,6278.44,5,33.766,1831.53,4834.09,48.536,2,2,1.0,0.0,0.0,6,0.0,0,False,1746968692.1098363,right,False
4785,1746968693.936682,205.469,1.75557,2.22252,-0.279203,0.0488831,6278.65,5,33.788,1832.78,4835.34,48.5357,2,2,1.0,0.0,0.0,6,0.0,0,False,1746968692.1098363,right,False
4786,1746968693.9588423,205.506,1.75583,2.29082,-0.282633,0.0501496,6280.57,5,33.81,1834.03,4836.59,48.5353,2,2,1.0,0.0,0.0,6,0.0,0,False,1746968692.1098363,right,False
4787,1746968693.9813173,205.543,1.75581,2.35805,-0.286169,0.0514156,6281.79,5,33.832,1835.27,4837.83,48.535,2,2,1.0,0.0,0.0,6,0.0,0,False,1746968692.1098363,right,False
4788,1746968694.0034428,205.58,1.7557,2.43049,-0.289815,0.0526826,6281.97,5,33.854,1836.52,4839.08,48.5347,2,2,1.0,0.0,0.0,6,0.0,0,False,1746968692.1098363,right,False
4789,1746968694.0250983,205.617,1.75582,2.50779,-0.293567,0.0539519,6282.77,5,33.876,1837.77,4840.33,48.5343,2,2,1.0,0.0,0.0,6,0.0,0,False,1746968692.1098363,right,False
4790,1746968694.04768,205.652,1.75693,2.57689,-0.297424,0.0552222,6284.57,5,33.898,1839.02,4841.58,48.534,2,2,1.0,0.0,0.0,6,0.0,0,False,1746968692.1098363,right,False
4791,1746968694.0727158,205.688,1.75809,2.64723,-0.301388,0.0564954,6285.47,5,33.92,1840.27,4842.82,48.5337,2,2,1.0,0.0,0.0,6,0.0,0,False,1746968692.1098363,right,False
4792,1746968694.0911326,205.723,1.75932,2.71247,-0.305461,0.0577676,6286.63,5,33.942,1841.51,4844.07,48.5333,2,2,1.0,0.0,0.1,6,0.0,0,False,1746968692.1098363,right,False
4793,1746968694.114301,205.758,1.76041,2.78303,-0.309644,0.0590417,6287.7,5,33.964,1842.76,4845.32,48.533,2,2,1.0,0.0,0.1,6,0.0,0,False,1746968692.1098363,right,False
4794,1746968694.1369958,205.793,1.76148,2.85462,-0.313928,0.0603163,6288.17,5,33.986,1844.01,4846.57,48.5327,2,2,1.0,0.0,0.1,6,0.0,0,False,1746968692.1098363,right,False
4795,1746968694.1571233,205.828,1.76257,2.92843,-0.318319,0.0615908,6289.3,5,34.008,1845.26,4847.82,48.5323,2,2,1.0,0.0,0.1,6,0.0,0,True,1746968692.1098363,right,False
4796,1746968694.180235,205.847,1.90777,2.98717,-0.322762,0.0619451,6293.26,5,34.03,1846.51,4849.06,48.532,2,2,1.0,0.0,0.1,6,0.0,0,True,1746968692.1098363,right,False
4797,1746968694.2036018,205.864,1.63824,3.03302,-0.327169,0.0598752,6298.86,5,34.052,1847.75,4850.31,48.5317,2,2,1.0,0.0,0.1,6,0.0,0,True,1746968692.1098363,right,False
4798,1746968694.2249577,205.883,0.939259,3.05104,-0.331527,0.0556552,6306.14,5,34.074,1849,4851.56,48.5313,2,2,1.0,0.0,0.1,6,0.0,0,True,1746968692.1098363,right,False
4799,1746968694.2455919,205.898,-0.0976128,3.04575,-0.335815,0.0496346,6314.31,5,34.096,1850.25,4852.81,48.531,2,2,1.0,0.0,0.1,6,0.0,0,True,1746968692.1098363,right,False
4800,1746968694.2668312,205.903,-1.38627,3.02134,-0.340027,0.0421635,6322.98,5,34.118,1851.5,4854.06,48.5306,2,2,1.0,0.0,0.1,6,0.0,0,True,1746968692.1098363,right,False
4801,1746968694.291967,205.893,-2.8503,2.97134,-0.344128,0.0335919,6334.29,5,34.14,1852.75,4855.3,48.5303,2,2,1.0,0.0,0.1,6,0.0,0,True,1746968692.1098363,right,False
4802,1746968694.3108964,205.864,-4.42176,2.90192,-0.348104,0.0242392,6348.28,5,34.162,1853.99,4856.55,48.53,2,2,1.0,0.0,0.1,6,0.0,0,True,1746968692.1098363,right,False
4803,1746968694.3322945,205.813,-6.04685,2.80437,-0.351933,0.0143959,6365.95,5,34.184,1855.24,4857.8,48.5296,2,2,1.0,0.0,0.1,6,0.0,0,True,1746968692.1098363,right,False
4804,1746968694.3575892,205.74,-7.68193,2.68486,-0.355591,0.00430506,6386.9,5,34.206,1856.49,4859.05,48.5293,2,2,1.0,0.0,0.1,6,0.0,0,True,1746968692.1098363,right,False
4805,1746968694.3880565,205.645,-9.299,2.53949,-0.359058,-0.00587017,6412.18,5,34.228,1857.74,4860.3,48.529,2,2,1.0,0.0,0.1,6,0.0,0,True,1746968692.1098363,right,False
4806,1746968694.4668708,205.534,-10.869,2.39551,-0.362329,-0.0160182,6435.22,5,34.25,1858.98,4861.54,48.5286,2,2,1.0,0.0,0.1,6,0.0,0,True,1746968692.1098363,right,False
4807,1746968694.4694097,205.403,-12.3991,2.22548,-0.365381,-0.0260814,6463.71,5,34.272,1860.23,4862.79,48.5283,2,2,1.0,0.0,0.1,6,0.0,0,True,1746968692.1098363,right,False
4808,1746968694.4724278,205.261,-13.8806,2.05083,-0.368205,-0.0360435,6486.01,5,34.294,1861.48,4864.04,48.528,2,2,1.0,0.0,0.1,6,0.0,0,True,1746968692.1098363,right,False
4809,1746968694.475425,205.11,-15.317,1.86625,-0.370793,-0.0459464,6501.24,5,34.316,1862.73,4865.29,48.5276,2,2,1.0,0.0,0.1,6,0.0,0,True,1746968692.1098363,right,False
4810,1746968694.4864097,204.942,-16.7206,1.67964,-0.373136,-0.0557779,6521.59,5,34.338,1863.97,4866.53,48.5273,2,2,1.0,0.0,0.1,6,0.0,0,True,1746968692.1098363,right,False
4811,1746968694.5103312,204.765,-18.089,1.48947,-0.375224,-0.0655606,6534.12,5,34.36,1865.22,4867.78,48.527,2,2,1.0,0.0,0.0,6,0.0,0,True,1746968692.1098363,left,False
4812,1746968694.5443757,204.575,-19.427,1.29175,-0.377051,-0.0752695,6548.24,5,34.382,1866.47,4869.03,48.5266,2,2,1.0,0.0,0.0,6,0.0,0,True,1746968692.1098363,left,False
4813,1746968694.5545392,204.377,-20.7284,1.09967,-0.378609,-0.0849298,6555.79,5,34.404,1867.71,4870.27,48.5263,2,2,1.0,0.0,0.0,6,0.0,0,True,1746968692.1098363,left,False
4814,1746968694.5763447,204.163,-22.0021,0.896974,-0.379887,-0.0945037,6570.55,5,34.426,1868.96,4871.52,48.5259,2,2,1.0,0.0,0.0,6,0.0,0,True,1746968692.1098363,left,False
4815,1746968694.5988185,203.965,-23.287,0.691239,-0.380904,-0.103805,6581.77,5,34.448,1870.2,4872.76,48.5256,2,2,1.0,0.0,0.0,6,0.0,0,True,1746968692.1098363,left,False
4816,1746968694.6210048,203.797,-24.4318,0.496797,-0.381665,-0.112447,6568.71,5,34.47,1871.45,4874.01,48.5253,2,2,1.0,0.0,0.0,6,0.0,0,True,1746968692.1098363,left,False
4817,1746968694.642904,203.633,-25.4263,0.309554,-0.382166,-0.12049,6554.68,5,34.492,1872.69,4875.25,48.5249,2,2,1.0,0.0,0.0,6,0.0,0,True,1746968692.1098363,left,False
4818,1746968694.6626072,203.473,-26.2906,0.113333,-0.382393,-0.127957,6549.19,5,34.514,1873.93,4876.49,48.5246,2,2,1.0,0.0,0.0,6,0.0,0,True,1746968692.1098363,left,False
4819,1746968694.6869648,203.32,-27.0261,-0.07291,-0.382353,-0.134875,6542.57,5,34.536,1875.18,4877.74,48.5243,2,2,1.0,0.0,0.0,6,0.0,0,True,1746968692.1098363,left,False
4820,1746968694.70652,203.175,-27.6412,-0.262103,-0.382031,-0.141257,6540.91,5,34.558,1876.42,4878.98,48.5239,2,2,1.0,0.0,0.0,6,0.0,0,True,1746968692.1098363,left,False
4821,1746968694.7286174,203.041,-28.1379,-0.45347,-0.381425,-0.147086,6541.54,5,34.58,1877.66,4880.23,48.5236,2,2,1.0,0.0,0.0,6,0.0,0,True,1746968692.1098363,left,False
4822,1746968694.7513325,202.914,-28.5187,-0.64695,-0.380538,-0.152386,6547.39,5,34.602,1878.91,4881.47,48.5233,2,2,1.0,0.0,0.0,6,0.0,0,True,1746968692.1098363,left,False
4823,1746968694.772815,202.798,-28.7911,-0.837702,-0.379362,-0.157144,6558.07,5,34.624,1880.15,4882.71,48.5229,2,2,1.0,0.0,0.0,6,0.0,0,True,1746968692.1098363,left,False
4824,1746968694.794829,202.698,-28.9443,-1.03074,-0.377905,-0.161355,6567.62,5,34.646,1881.39,4883.95,48.5226,2,2,1.0,0.0,0.0,6,0.0,0,True,1746968692.1098363,left,False
4825,1746968694.816758,202.612,-28.9959,-1.2212,-0.37616,-0.16504,6577.02,5,34.668,1882.63,4885.19,48.5223,2,2,1.0,0.0,0.0,6,0.0,0,True,1746968692.1098363,left,False
4826,1746968694.8402584,202.535,-28.9258,-1.41038,-0.374129,-0.168141,6598.67,5,34.69,1883.87,4886.43,48.5219,2,2,1.0,0.0,0.0,6,0.0,0,True,1746968692.1098363,left,False
4827,1746968694.8627875,202.479,-28.7372,-1.6048,-0.37181,-0.170634,6613.62,5,34.712,1885.11,4887.67,48.5216,2,2,1.0,0.0,0.0,6,0.0,0,True,1746968692.1098363,left,False
4828,1746968694.8840024,202.443,-28.4265,-1.79073,-0.36921,-0.172535,6626.76,5,34.734,1886.35,4888.91,48.5212,2,2,1.0,0.0,0.0,6,0.0,0,True,1746968692.1098363,left,False
4829,1746968694.9041088,202.424,-28.0089,-1.98519,-0.366321,-0.173852,6641.16,5,34.756,1887.59,4890.15,48.5209,2,2,1.0,0.0,0.0,6,0.0,0,True,1746968692.1098363,left,False
4830,1746968694.928809,202.426,-27.4738,-2.17547,-0.363159,-0.174574,6651.56,5,34.778,1888.83,4891.39,48.5206,2,2,1.0,0.0,0.0,6,0.0,0,True,1746968692.1098363,left,False
4831,1746968694.9511042,202.45,-26.8184,-2.36164,-0.359713,-0.174707,6656.68,5,34.8,1890.07,4892.63,48.5202,2,2,1.0,0.0,0.0,6,0.0,0,True,1746968692.1098363,left,False
4832,1746968694.9708865,202.486,-26.0694,-2.55482,-0.35599,-0.174285,6664.43,5,34.822,1891.3,4893.87,48.5199,2,2,1.0,0.0,0.0,6,0.0,0,True,1746968692.1098363,left,False
4833,1746968694.994908,202.55,-25.1991,-2.73299,-0.351998,-0.173286,6655.57,5,34.844,1892.54,4895.1,48.5196,2,2,1.0,0.0,0.0,6,0.0,0,True,1746968692.1098363,left,False
4834,1746968695.0160425,202.631,-24.2261,-2.91885,-0.347738,-0.171703,6648.09,5,34.866,1893.78,4896.34,48.5192,2,2,1.0,0.0,0.0,6,0.0,0,True,1746968692.1098363,left,False
4835,1746968695.0379975,202.729,-23.1443,-3.09456,-0.343213,-0.169553,6632.37,5,34.888,1895.01,4897.58,48.5189,2,2,1.0,0.0,0.0,6,0.0,0,True,1746968692.1098363,left,False
4836,1746968695.0589955,202.843,-21.9716,-3.2723,-0.33842,-0.166858,6612.36,5,34.91,1896.25,4898.81,48.5186,2,2,1.0,0.0,0.0,6,0.0,0,True,1746968692.1098363,left,False
4837,1746968695.0818374,202.97,-20.7036,-3.44053,-0.333362,-0.163646,6589.44,5,34.932,1897.49,4900.05,48.5182,2,2,1.0,0.0,0.0,6,0.0,0,True,1746968692.1098363,left,False
4838,1746968695.1058125,203.102,-19.3577,-3.61034,-0.32806,-0.159917,6566.05,5,34.954,1898.72,4901.28,48.5179,2,2,1.0,0.0,0.0,6,0.0,0,True,1746968692.1098363,left,False
4839,1746968695.128464,203.25,-17.93,-3.77053,-0.322518,-0.155695,6533.41,5,34.976,1899.96,4902.52,48.5176,2,2,1.0,0.0,0.0,6,0.0,0,True,1746968692.1098363,left,False
4840,1746968695.1484463,203.401,-16.4466,-3.93662,-0.316744,-0.151028,6500.78,5,34.998,1901.19,4903.76,48.5172,2,2,1.0,0.0,0.0,6,0.0,0,True,1746968692.1098363,left,False
4841,1746968695.169021,203.552,-14.9112,-4.08894,-0.31075,-0.14598,6469.64,5,35.02,1902.43,4904.99,48.5169,2,2,1.0,0.0,0.0,6,0.0,0,True,1746968692.1098363,left,False
4842,1746968695.190447,203.707,-13.3443,-4.24028,-0.304553,-0.140596,6432.65,5,35.042,1903.67,4906.23,48.5165,2,2,1.0,0.0,0.0,6,0.0,0,True,1746968692.1098363,left,False
4843,1746968695.213158,203.858,-11.7642,-4.37725,-0.298177,-0.134953,6397.46,5,35.064,1904.9,4907.46,48.5162,2,2,1.0,0.0,0.0,6,0.0,0,True,1746968692.1098363,left,False
4844,1746968695.2367814,204.001,-10.1943,-4.5023,-0.291622,-0.129136,6366.52,5,35.086,1906.14,4908.7,48.5159,2,2,1.0,0.0,0.0,6,0.0,0,True,1746968692.1098363,left,False
4845,1746968695.2561834,204.136,-8.65374,-4.61333,-0.284916,-0.123222,6336.58,5,35.108,1907.38,4909.94,48.5155,2,2,1.0,0.0,0.0,6,0.0,0,True,1746968692.1098363,left,False
4846,1746968695.2798424,204.258,-7.17019,-4.71685,-0.278092,-0.117295,6315.28,5,35.13,1908.61,4911.18,48.5152,2,2,1.0,0.0,0.0,6,0.0,0,True,1746968692.1098363,left,False
4847,1746968695.3035495,204.369,-5.76009,-4.8025,-0.271163,-0.111434,6299.4,5,35.152,1909.85,4912.41,48.5149,2,2,1.0,0.0,0.0,6,0.0,0,True,1746968692.1098363,left,False
4848,1746968695.3235254,204.468,-4.43769,-4.87056,-0.264164,-0.105699,6288.55,5,35.174,1911.09,4913.65,48.5145,2,2,1.0,0.0,0.0,6,0.0,0,True,1746968692.1098363,left,False
4849,1746968695.344258,204.559,-3.21401,-4.92012,-0.257113,-0.100136,6279,5,35.196,1912.33,4914.89,48.5142,2,2,1.0,0.0,0.0,6,0.0,0,True,1746968692.1098363,left,False
4850,1746968695.3691065,204.641,-2.09854,-4.94917,-0.250045,-0.0947951,6274.54,5,35.218,1913.57,4916.13,48.5139,2,2,1.0,0.0,0.0,6,0.0,0,True,1746968692.1098363,left,False
4851,1746968695.3920078,204.716,-1.09574,-4.96361,-0.242973,-0.0897067,6271.09,5,35.24,1914.81,4917.37,48.5135,2,2,1.0,0.0,0.0,6,0.0,0,True,1746968692.1098363,left,False
4852,1746968695.4111722,204.786,-0.205115,-4.95263,-0.235929,-0.0848935,6268.91,5,35.262,1916.05,4918.61,48.5132,2,2,1.0,0.0,0.0,6,0.0,0,True,1746968692.1098363,left,False
4853,1746968695.4333758,204.851,0.573138,-4.92775,-0.228947,-0.0803712,6268.07,5,35.284,1917.29,4919.85,48.5129,2,2,1.0,0.0,0.0,6,0.0,0,True,1746968692.1098363,left,False
4854,1746968695.4567907,204.914,1.24333,-4.8793,-0.22203,-0.0761474,6267.92,5,35.306,1918.53,4921.1,48.5125,2,2,1.0,0.0,0.0,6,0.0,0,True,1746968692.1098363,left,False
4855,1746968695.477234,204.974,1.80935,-4.80619,-0.215198,-0.072224,6266.95,5,35.328,1919.78,4922.34,48.5122,2,2,1.0,0.0,0.0,6,0.0,0,True,1746968692.1098363,left,False
4856,1746968695.5008798,205.032,2.27873,-4.72629,-0.208476,-0.0685991,6268.63,5,35.35,1921.02,4923.58,48.5118,2,2,1.0,0.0,0.0,6,0.0,0,True,1746968692.1098363,left,False
4857,1746968695.520633,205.089,2.65747,-4.62869,-0.201868,-0.0652669,6269.54,5,35.372,1922.26,4924.83,48.5115,2,2,1.0,0.0,0.0,6,0.0,0,True,1746968692.1098363,left,False
4858,1746968695.5447786,205.145,2.95323,-4.51678,-0.195402,-0.0622161,6269.95,5,35.394,1923.51,4926.07,48.5112,2,2,1.0,0.0,0.0,6,0.0,0,True,1746968692.1098363,left,False
4859,1746968695.5660017,205.201,3.1743,-4.39426,-0.189054,-0.0594342,6271.64,5,35.416,1924.75,4927.32,48.5108,2,2,1.0,0.0,0.0,6,0.0,0,True,1746968692.1098363,left,False
4860,1746968695.5875955,205.257,3.32946,-4.26596,-0.182861,-0.0569032,6273,5,35.438,1926,4928.56,48.5105,2,2,1.0,0.0,0.0,6,0.0,0,True,1746968692.1098363,left,False
4861,1746968695.6090953,205.313,3.42645,-4.12947,-0.176827,-0.0546058,6273.71,5,35.46,1927.25,4929.81,48.5102,2,2,1.0,0.0,0.0,6,0.0,0,True,1746968692.1098363,left,False
4862,1746968695.6316614,205.37,3.47415,-3.98985,-0.170947,-0.0525172,6274.26,5,35.482,1928.49,4931.06,48.5098,2,2,1.0,0.0,0.0,6,0.0,0,True,1746968692.1098363,left,False
4863,1746968695.6554596,205.426,3.48102,-3.85379,-0.16523,-0.0506161,6275.62,5,35.504,1929.74,4932.3,48.5095,2,2,1.0,0.0,0.0,6,0.0,0,True,1746968692.1098363,left,False
4864,1746968695.6745846,205.483,3.45474,-3.71262,-0.159668,-0.0488747,6277.41,5,35.526,1930.99,4933.55,48.5092,2,2,1.0,0.0,0.0,6,0.0,0,True,1746968692.1098363,left,False
4865,1746968695.6986217,205.538,3.40415,-3.57836,-0.154264,-0.0472682,6279.41,5,35.548,1932.24,4934.8,48.5088,2,2,1.0,0.0,0.0,6,0.0,0,True,1746968692.1098363,left,False
4866,1746968695.7185764,205.595,3.33383,-3.44508,-0.148999,-0.0457757,6280.53,5,35.57,1933.49,4936.05,48.5085,2,2,1.0,0.0,0.0,6,0.0,0,True,1746968692.1098363,left,False
4867,1746968695.7426226,205.651,3.25065,-3.31633,-0.14388,-0.0443752,6281.93,5,35.592,1934.74,4937.3,48.5082,2,2,1.0,0.0,0.0,6,0.0,0,True,1746968692.1098363,left,False
4868,1746968695.7626085,205.707,3.15932,-3.20279,-0.138908,-0.0430501,6284.05,5,35.614,1935.99,4938.55,48.5078,2,2,1.0,0.0,0.0,6,0.0,0,True,1746968692.1098363,left,False
4869,1746968695.7861428,205.763,3.06065,-3.07975,-0.134094,-0.0417846,6285,5,35.636,1937.24,4939.81,48.5075,2,2,1.0,0.0,0.0,6,0.0,0,True,1746968692.1098363,left,False
4870,1746968695.8068616,205.818,2.96261,-2.97096,-0.129431,-0.0405591,6286.62,5,35.658,1938.5,4941.06,48.5071,2,2,1.0,0.0,0.0,6,0.0,0,True,1746968692.1098363,left,False
4871,1746968695.8280706,205.873,2.86466,-2.87089,-0.12489,-0.0393689,6289.24,5,35.68,1939.75,4942.31,48.5068,2,2,1.0,0.0,0.0,6,0.0,0,True,1746968692.1098363,left,False
4872,1746968695.852467,205.928,2.7669,-2.76761,-0.1205,-0.0382093,6291.08,5,35.702,1941,4943.56,48.5065,2,2,1.0,0.0,0.0,6,0.0,0,True,1746968692.1098363,left,False
4873,1746968695.8722076,205.982,2.67206,-2.67575,-0.116239,-0.0370706,6292.9,5,35.724,1942.26,4944.82,48.5061,2,2,1.0,0.0,0.0,6,0.0,0,True,1746968692.1098363,left,False
4874,1746968695.8958144,206.037,2.58165,-2.58972,-0.112113,-0.0359452,6295,5,35.746,1943.51,4946.07,48.5058,2,2,1.0,0.0,0.0,6,0.0,0,True,1746968692.1098363,left,False
4875,1746968695.9163966,206.09,2.4969,-2.51128,-0.108105,-0.0348247,6296.87,5,35.768,1944.77,4947.33,48.5055,2,2,1.0,0.0,0.0,6,0.0,0,True,1746968692.1098363,left,False
4876,1746968695.9382944,206.145,2.41549,-2.42638,-0.10424,-0.0337089,6297.76,5,35.79,1946.02,4948.58,48.5051,2,2,1.0,0.0,0.0,6,0.0,0,True,1746968692.1098363,left,False
4877,1746968695.9619808,206.198,2.33984,-2.34922,-0.100484,-0.0325955,6299.64,5,35.812,1947.28,4949.84,48.5048,2,2,1.0,0.0,0.0,6,0.0,0,True,1746968692.1098363,left,False
4878,1746968695.984784,206.25,2.2703,-2.27565,-0.0968587,-0.0314763,6301.84,5,35.834,1948.53,4951.1,48.5045,2,2,1.0,0.0,0.0,6,0.0,0,True,1746968692.1098363,right,False
4879,1746968696.0066957,206.303,2.20627,-2.20286,-0.0933553,-0.0303529,6303.58,5,35.856,1949.79,4952.35,48.5041,2,2,1.0,0.0,0.0,6,0.0,0,True,1746968692.1098363,right,False
4880,1746968696.0278428,206.356,2.1475,-2.13599,-0.0899618,-0.0292252,6304.67,5,35.878,1951.05,4953.61,48.5038,2,2,1.0,0.0,0.0,6,0.0,0,True,1746968692.1098363,right,False
4881,1746968696.049656,206.407,2.09436,-2.06914,-0.0866862,-0.0280884,6307.24,5,35.9,1952.31,4954.87,48.5035,2,2,1.0,0.0,0.0,6,0.0,0,True,1746968692.1098363,right,False
4882,1746968696.0723553,206.46,2.04542,-1.99483,-0.0835327,-0.0269416,6307.35,5,35.922,1953.57,4956.13,48.5031,2,2,1.0,0.0,0.0,6,0.0,0,True,1746968692.1098363,right,False
4883,1746968696.095574,206.511,2.00259,-1.92467,-0.0804972,-0.0257834,6309.33,5,35.944,1954.82,4957.39,48.5028,2,2,1.0,0.0,0.0,6,0.0,0,True,1746968692.1098363,right,False
4884,1746968696.1172595,206.562,1.9638,-1.85224,-0.0775757,-0.0246146,6310.7,5,35.966,1956.08,4958.65,48.5024,2,2,1.0,0.0,0.0,6,0.0,0,True,1746968692.1098363,right,False
4885,1746968696.1366735,206.613,1.93054,-1.78679,-0.074764,-0.0234335,6312.13,5,35.988,1957.34,4959.91,48.5021,2,2,1.0,0.0,0.0,6,0.0,0,True,1746968692.1098363,right,False
4886,1746968696.1582744,206.663,1.90139,-1.71966,-0.0720662,-0.0222419,6314.03,5,36.01,1958.6,4961.17,48.5018,2,2,1.0,0.0,0.0,6,0.0,0,True,1746968692.1098363,right,False
4887,1746968696.1816173,206.712,1.87625,-1.65383,-0.0694743,-0.0210412,6316.83,5,36.032,1959.87,4962.43,48.5014,2,2,1.0,0.0,0.0,6,0.0,0,True,1746968692.1098363,right,False
4888,1746968696.202496,206.763,1.85372,-1.57768,-0.0669963,-0.0198296,6316.67,5,36.054,1961.13,4963.69,48.5011,2,2,1.0,0.0,0.0,6,0.0,0,True,1746968692.1098363,right,False
4889,1746968696.2269018,206.812,1.83444,-1.51257,-0.0646281,-0.0186108,6318.78,5,36.076,1962.39,4964.95,48.5008,2,2,1.0,0.0,0.0,6,0.0,0,True,1746968692.1098363,right,False
4890,1746968696.2501662,206.861,1.81874,-1.44471,-0.0623739,-0.017381,6320.67,5,36.098,1963.65,4966.21,48.5004,2,2,1.0,0.0,0.0,6,0.0,0,True,1746968692.1098363,right,False
4891,1746968696.2688148,206.91,1.80493,-1.37741,-0.0602214,-0.016147,6322.03,5,36.12,1964.91,4967.48,48.5001,2,2,1.0,0.0,0.0,6,0.0,0,True,1746968692.1098363,right,False
4892,1746968696.2906792,206.958,1.79299,-1.30851,-0.0581828,-0.0149053,6323.65,5,36.142,1966.17,4968.74,48.4998,2,2,1.0,0.0,0.0,6,0.0,0,True,1746968692.1098363,right,False
4893,1746968696.3155239,207.007,1.78359,-1.24076,-0.05625,-0.013656,6323.85,5,36.164,1967.44,4970,48.4994,2,2,1.0,0.0,0.0,6,0.0,0,True,1746968692.1098363,right,False
4894,1746968696.3354971,207.054,1.77639,-1.17182,-0.0544312,-0.012399,6326.03,5,36.186,1968.7,4971.26,48.4991,2,2,1.0,0.0,0.0,6,0.0,0,True,1746968692.1098363,right,False
4895,1746968696.357729,207.102,1.76994,-1.09739,-0.0527181,-0.0111359,6327.07,5,36.208,1969.97,4972.53,48.4988,2,2,1.0,0.0,0.0,6,0.0,0,True,1746968692.1098363,right,False
4896,1746968696.378274,207.148,1.76653,-1.02934,-0.0511108,-0.0098632,6329.24,5,36.23,1971.23,4973.79,48.4984,2,2,1.0,0.0,0.0,6,0.0,0,True,1746968692.1098363,right,False
4897,1746968696.4028127,207.195,1.76387,-0.957659,-0.0496134,-0.00858719,6330.83,5,36.252,1972.49,4975.06,48.4981,2,2,1.0,0.0,0.0,6,0.0,0,True,1746968692.1098363,right,False
4898,1746968696.4229245,207.242,1.76075,-0.887766,-0.0482259,-0.00731165,6332.15,5,36.274,1973.76,4976.32,48.4977,2,2,1.0,0.0,0.0,6,0.0,0,True,1746968692.1098363,right,False
4899,1746968696.4442663,207.288,1.75724,-0.815542,-0.0469482,-0.00603801,6333.36,5,36.296,1975.02,4977.59,48.4974,2,2,1.0,0.0,0.0,6,0.0,0,True,1746968692.1098363,right,False
4900,1746968696.466764,207.333,1.75439,-0.744497,-0.0457764,-0.00476391,6335.2,5,36.318,1976.29,4978.85,48.4971,2,2,1.0,0.0,0.0,6,0.0,0,True,1746968692.1098363,right,False
4901,1746968696.4898264,207.378,1.75257,-0.687277,-0.0447144,-0.00348789,6337.42,5,36.34,1977.56,4980.12,48.4967,2,2,1.0,0.0,0.0,6,0.0,0,True,1746968692.1098363,right,False
4902,1746968696.5112014,207.424,1.74971,-0.604517,-0.0437622,-0.00220949,6337.47,5,36.362,1978.82,4981.39,48.4964,2,2,1.0,0.0,0.0,6,0.0,0,True,1746968692.1098363,right,False
4903,1746968696.5346863,207.468,1.74716,-0.529766,-0.0429159,-0.000933949,6339.79,5,36.384,1980.09,4982.65,48.4961,2,2,1.0,0.0,0.0,6,0.0,0,True,1746968692.1098363,right,False
4904,1746968696.5583525,207.513,1.74433,-0.457519,-0.0421875,0.00034016,6340.29,5,36.406,1981.36,4983.92,48.4957,2,2,1.0,0.0,0.0,6,0.0,0,True,1746968692.1098363,right,False
4905,1746968696.5778909,207.558,1.74145,-0.381187,-0.0415649,0.00161379,6341.34,5,36.428,1982.62,4985.19,48.4954,2,2,1.0,0.0,0.0,6,0.0,0,True,1746968692.1098363,right,False
4906,1746968696.5991242,207.602,1.74004,-0.311091,-0.0410441,0.00289505,6342.04,5,36.45,1983.89,4986.45,48.4951,2,2,1.0,0.0,0.0,6,0.0,0,True,1746968692.1098363,right,False
4907,1746968696.6206853,207.646,1.73945,-0.238148,-0.0406372,0.00417822,6344.12,5,36.472,1985.16,4987.72,48.4947,2,2,1.0,0.0,0.0,6,0.0,0,True,1746968692.1098363,right,False
4908,1746968696.6450515,207.688,1.73897,-0.171393,-0.0403361,0.00546139,6346.29,5,36.494,1986.43,4988.99,48.4944,2,2,1.0,0.0,0.0,6,0.0,0,True,1746968692.1098363,right,False
4909,1746968696.6639407,207.732,1.73799,-0.0938155,-0.0401489,0.00674647,6345.87,5,36.516,1987.69,4990.26,48.4941,2,2,1.0,0.0,0.0,6,0.0,0,True,1746968692.1098363,right,False
4910,1746968696.6905508,207.776,1.7382,-0.0148394,-0.0400675,0.00803822,6346.01,5,36.538,1988.96,4991.53,48.4937,2,2,1.0,0.0,0.0,6,0.0,0,True,1746968692.1098363,right,False
4911,1746968696.7088778,207.817,1.74,0.0564213,-0.040096,0.00933522,6349.85,5,36.56,1990.23,4992.79,48.4934,2,2,1.0,0.0,0.0,6,0.0,0,True,1746968692.1098363,right,False
4912,1746968696.7306268,207.86,1.73898,0.140115,-0.0402303,0.0106246,6349.74,5,36.582,1991.5,4994.06,48.493,2,2,1.0,0.0,0.0,6,0.0,0,True,1746968692.1098363,right,False
4913,1746968696.7525575,207.901,1.73924,0.212404,-0.0404826,0.0119149,6351.14,5,36.604,1992.77,4995.33,48.4927,2,2,1.0,0.0,0.1,6,0.0,0,True,1746968692.1098363,right,False
4914,1746968696.7746403,207.942,1.74122,0.280578,-0.0408366,0.0132109,6352.96,5,36.626,1994.04,4996.6,48.4924,2,2,1.0,0.0,0.1,6,0.0,0,True,1746968692.1098363,right,False
4915,1746968696.7965267,207.983,1.74327,0.344304,-0.0413086,0.0145089,6354.58,5,36.648,1995.31,4997.87,48.492,2,2,1.0,0.0,0.1,6,0.0,0,True,1746968692.1098363,right,False
4916,1746968696.8194492,208.025,1.74546,0.417326,-0.0418823,0.0158107,6354.27,5,36.67,1996.58,4999.14,48.4917,2,2,1.0,0.0,0.1,6,0.0,0,True,1746968692.1098363,right,False
4917,1746968696.840787,208.052,1.89267,0.494722,-0.04257,0.0179984,6356.57,5,36.692,1997.85,5000.41,48.4914,2,2,1.0,0.0,0.1,6,0.0,0,True,1746968692.1098363,right,False
4918,1746968696.8627508,208.077,1.61751,0.572096,-0.0434143,0.0183346,6358,5,36.714,1999.12,5001.68,48.491,2,2,1.0,0.0,0.1,6,0.0,0,True,1746968692.1098363,right,False
4919,1746968696.885687,208.102,0.884681,0.657865,-0.0444153,0.0163833,6362.23,5,36.736,2000.39,5002.95,48.4907,2,2,1.0,0.0,0.1,6,0.0,0,True,1746968692.1098363,right,False
4920,1746968696.9075942,208.123,-0.209243,0.741369,-0.0455546,0.0124647,6365.67,5,36.758,2001.66,5004.22,48.4904,2,2,1.0,0.0,0.1,6,0.0,0,True,1746968692.1098363,right,False
4921,1746968696.9277103,208.131,-1.5822,0.825714,-0.0468079,0.00691193,6371.13,5,36.78,2002.93,5005.49,48.49,2,2,1.0,0.0,0.1,6,0.0,0,True,1746968692.1098363,right,False
4922,1746968696.9521139,208.122,-3.14891,0.902187,-0.0481425,7.40846e-005,6376.66,5,36.802,2004.19,5006.76,48.4897,2,2,1.0,0.0,0.1,6,0.0,0,True,1746968692.1098363,right,False
4923,1746968696.973675,208.09,-4.83897,0.968652,-0.0495199,-0.00770694,6384.97,5,36.824,2005.46,5008.02,48.4894,2,2,1.0,0.0,0.1,6,0.0,0,True,1746968692.1098363,right,False
4924,1746968696.9945292,208.033,-6.59168,1.02691,-0.0509237,-0.0161222,6394.85,5,36.846,2006.73,5009.29,48.489,2,2,1.0,0.0,0.1,6,0.0,0,True,1746968692.1098363,right,False
4925,1746968697.0176308,207.949,-8.36171,1.0629,-0.0523132,-0.0249007,6407.73,5,36.868,2008,5010.56,48.4887,2,2,1.0,0.0,0.1,6,0.0,0,True,1746968692.1098363,right,False
4926,1746968697.0377278,207.84,-10.1148,1.07959,-0.0536743,-0.0338338,6424.02,5,36.89,2009.27,5011.83,48.4883,2,2,1.0,0.0,0.1,6,0.0,0,True,1746968692.1098363,right,False
4927,1746968697.06044,207.706,-11.8292,1.0764,-0.0549845,-0.0427445,6445.15,5,36.912,2010.54,5013.1,48.488,2,2,1.0,0.0,0.1,6,0.0,0,True,1746968692.1098363,right,False
4928,1746968697.0830529,207.551,-13.4869,1.0543,-0.0562317,-0.0515302,6466.94,5,36.934,2011.8,5014.37,48.4877,2,2,1.0,0.0,0.1,6,0.0,0,True,1746968692.1098363,right,False
4929,1746968697.1043494,207.377,-15.0823,1.0107,-0.0574036,-0.060139,6491.78,5,36.956,2013.07,5015.63,48.4873,2,2,1.0,0.0,0.1,6,0.0,0,True,1746968692.1098363,right,False
4930,1746968697.1284428,207.189,-16.6158,0.951768,-0.0584961,-0.0685566,6513.34,5,36.978,2014.34,5016.9,48.487,2,2,1.0,0.0,0.1,6,0.0,0,True,1746968692.1098363,right,False
4931,1746968697.1486173,206.989,-18.0906,0.886863,-0.0594971,-0.0768064,6531.4,5,37,2015.6,5018.17,48.4867,2,2,1.0,0.0,0.1,6,0.0,0,True,1746968692.1098363,right,False
4932,1746968697.1720502,206.777,-19.5132,0.80346,-0.0603984,-0.0848773,6547.85,5,37.022,2016.87,5019.43,48.4863,2,2,1.0,0.0,0.1,6,0.0,0,True,1746968692.1098363,right,False
4933,1746968697.1943173,206.555,-20.8843,0.727441,-0.0611979,-0.0928195,6558.57,5,37.044,2018.13,5020.7,48.486,2,2,1.0,0.0,0.1,6,0.0,0,True,1746968692.1098363,right,False
4934,1746968697.2166913,206.321,-22.2197,0.636307,-0.0618835,-0.100647,6571.05,5,37.066,2019.4,5021.96,48.4857,2,2,1.0,0.0,0.1,6,0.0,0,True,1746968692.1098363,right,False
4935,1746968697.2365284,206.076,-23.513,0.540749,-0.0624573,-0.108334,6584.33,5,37.088,2020.66,5023.22,48.4853,2,2,1.0,0.0,0.1,6,0.0,0,True,1746968692.1098363,right,False
4936,1746968697.2601552,205.822,-24.7552,0.443646,-0.0629089,-0.115852,6593.22,5,37.11,2021.93,5024.49,48.485,2,2,1.0,0.0,0.0,6,0.0,0,True,1746968692.1098363,left,False
4937,1746968697.2822866,205.56,-25.9545,0.334479,-0.0632406,-0.123182,6603.32,5,37.132,2023.19,5025.75,48.4847,2,2,1.0,0.0,0.0,6,0.0,0,True,1746968692.1098363,left,False
4938,1746968697.3025885,205.293,-27.0928,0.218874,-0.0634481,-0.130276,6614.07,5,37.154,2024.45,5027.01,48.4843,2,2,1.0,0.0,0.0,6,0.0,0,True,1746968692.1098363,left,False
4939,1746968697.3240156,205.02,-28.1701,0.113583,-0.0635254,-0.13713,6625.17,5,37.176,2025.71,5028.27,48.484,2,2,1.0,0.0,0.0,6,0.0,0,True,1746968692.1098363,left,False
4940,1746968697.3485703,204.777,-29.2018,0.0043993,-0.0634827,-0.143533,6634.11,5,37.198,2026.97,5029.53,48.4837,2,2,1.0,0.0,0.0,6,0.0,0,True,1746968692.1098363,left,False
4941,1746968697.371499,204.565,-30.0898,-0.0935255,-0.0633199,-0.14928,6623.45,5,37.22,2028.23,5030.79,48.4833,2,2,1.0,0.0,0.0,6,0.0,0,True,1746968692.1098363,left,False
4942,1746968697.3916857,204.361,-30.8441,-0.199016,-0.0630391,-0.154403,6618.56,5,37.242,2029.49,5032.05,48.483,2,2,1.0,0.0,0.0,6,0.0,0,True,1746968692.1098363,left,False
4943,1746968697.4136353,204.175,-31.4471,-0.28249,-0.0626322,-0.158914,6607.1,5,37.264,2030.75,5033.31,48.4826,2,2,1.0,0.0,0.0,6,0.0,0,True,1746968692.1098363,left,False
4944,1746968697.4364452,204.001,-31.9291,-0.388091,-0.0620992,-0.162814,6600.56,5,37.286,2032.01,5034.57,48.4823,2,2,1.0,0.0,0.0,6,0.0,0,True,1746968692.1098363,left,False
4945,1746968697.4559686,203.843,-32.2612,-0.478707,-0.0614339,-0.166082,6596.76,5,37.308,2033.26,5035.83,48.482,2,2,1.0,0.0,0.0,6,0.0,0,True,1746968692.1098363,left,False
4946,1746968697.4797564,203.702,-32.458,-0.56933,-0.0606303,-0.168693,6596.64,5,37.33,2034.52,5037.08,48.4816,2,2,1.0,0.0,0.0,6,0.0,0,True,1746968692.1098363,left,False
4947,1746968697.5005448,203.58,-32.5169,-0.657584,-0.0596924,-0.17066,6598.05,5,37.352,2035.78,5038.34,48.4813,2,2,1.0,0.0,0.0,6,0.0,0,True,1746968692.1098363,left,False
4948,1746968697.524057,203.475,-32.4474,-0.750417,-0.0586141,-0.171971,6603.13,5,37.374,2037.03,5039.6,48.481,2,2,1.0,0.0,0.0,6,0.0,0,True,1746968692.1098363,left,False
4949,1746968697.544369,203.394,-32.2353,-0.838031,-0.0573995,-0.172632,6608.11,5,37.396,2038.29,5040.85,48.4806,2,2,1.0,0.0,0.0,6,0.0,0,True,1746968692.1098363,left,False
4950,1746968697.5691724,203.332,-31.9095,-0.932246,-0.0560486,-0.172649,6612.72,5,37.418,2039.54,5042.11,48.4803,2,2,1.0,0.0,0.0,6,0.0,0,True,1746968692.1098363,left,False
4951,1746968697.5886838,203.295,-31.4452,-1.02116,-0.0545654,-0.172023,6616.45,5,37.44,2040.8,5043.36,48.48,2,2,1.0,0.0,0.0,6,0.0,0,True,1746968692.1098363,left,False
4952,1746968697.611116,203.277,-30.8578,-1.11073,-0.052946,-0.170749,6623.15,5,37.462,2042.05,5044.61,48.4796,2,2,1.0,0.0,0.0,6,0.0,0,True,1746968692.1098363,left,False
4953,1746968697.6339502,203.285,-30.1426,-1.19891,-0.0511943,-0.168838,6621.98,5,37.484,2043.3,5045.86,48.4793,2,2,1.0,0.0,0.0,6,0.0,0,True,1746968692.1098363,left,False
4954,1746968697.6557817,203.311,-29.3051,-1.28662,-0.0493123,-0.166279,6622.61,5,37.506,2044.55,5047.12,48.479,2,2,1.0,0.0,0.0,6,0.0,0,True,1746968692.1098363,left,False
4955,1746968697.676603,203.362,-28.3498,-1.37084,-0.0473022,-0.163102,6618.15,5,37.528,2045.81,5048.37,48.4786,2,2,1.0,0.0,0.0,6,0.0,0,True,1746968692.1098363,left,False
4956,1746968697.699521,203.435,-27.2763,-1.45433,-0.045168,-0.159296,6604.75,5,37.55,2047.06,5049.62,48.4783,2,2,1.0,0.0,0.0,6,0.0,0,True,1746968692.1098363,left,False
4957,1746968697.7204247,203.524,-26.0944,-1.53454,-0.0429118,-0.15489,6591.95,5,37.572,2048.31,5050.87,48.4779,2,2,1.0,0.0,0.0,6,0.0,0,True,1746968692.1098363,left,False
4958,1746968697.744461,203.628,-24.8109,-1.61577,-0.0405436,-0.149913,6579.16,5,37.594,2049.56,5052.12,48.4776,2,2,1.0,0.0,0.0,6,0.0,0,True,1746968692.1098363,left,False
4959,1746968697.7642272,203.749,-23.4257,-1.69249,-0.0380676,-0.144373,6556.81,5,37.616,2050.81,5053.37,48.4773,2,2,1.0,0.0,0.0,6,0.0,0,True,1746968692.1098363,left,False
4960,1746968697.7888937,203.879,-21.9559,-1.76721,-0.0354879,-0.138295,6535.38,5,37.638,2052.06,5054.62,48.4769,2,2,1.0,0.0,0.0,6,0.0,0,True,1746968692.1098363,left,False
4961,1746968697.8084502,204.024,-20.4011,-1.82973,-0.0328145,-0.131718,6505.76,5,37.66,2053.31,5055.87,48.4766,2,2,1.0,0.0,0.0,6,0.0,0,True,1746968692.1098363,right,False
4962,1746968697.8310597,204.17,-18.787,-1.89826,-0.0300639,-0.124672,6477.8,5,37.682,2054.56,5057.12,48.4763,2,2,1.0,0.0,0.0,6,0.0,0,True,1746968692.1098363,right,False
4963,1746968697.8523738,204.32,-17.1181,-1.95791,-0.0272441,-0.117218,6449.17,5,37.704,2055.81,5058.37,48.4759,2,2,1.0,0.0,0.0,6,0.0,0,True,1746968692.1098363,right,False
4964,1746968697.874838,204.47,-15.4129,-2.00438,-0.0243693,-0.109413,6417.69,5,37.726,2057.06,5059.62,48.4756,2,2,1.0,0.0,0.0,6,0.0,0,True,1746968692.1098363,right,False
4965,1746968697.8961728,204.616,-13.7004,-2.04969,-0.0214539,-0.101346,6390.21,5,37.748,2058.31,5060.87,48.4753,2,2,1.0,0.0,0.0,6,0.0,0,True,1746968692.1098363,right,False
4966,1746968697.9187407,204.755,-11.9919,-2.07886,-0.0185201,-0.0930627,6362.93,5,37.77,2059.56,5062.13,48.4749,2,2,1.0,0.0,0.0,6,0.0,0,True,1746968692.1098363,right,False
4967,1746968697.9424498,204.885,-10.3143,-2.09448,-0.0155924,-0.0846618,6339.96,5,37.792,2060.82,5063.38,48.4746,2,2,1.0,0.0,0.0,6,0.0,0,True,1746968692.1098363,right,False
4968,1746968697.9619696,205.004,-8.69157,-2.09299,-0.0126933,-0.0762189,6319.49,5,37.814,2062.07,5064.63,48.4743,2,2,1.0,0.0,0.0,6,0.0,0,True,1746968692.1098363,right,False
4969,1746968697.9852126,205.109,-7.14961,-2.07634,-0.00985311,-0.0678304,6305.61,5,37.836,2063.32,5065.88,48.4739,2,2,1.0,0.0,0.0,6,0.0,0,True,1746968692.1098363,right,False
4970,1746968698.0079637,205.203,-5.70695,-2.05425,-0.00710246,-0.0595654,6297.1,5,37.858,2064.57,5067.14,48.4736,2,2,1.0,0.0,0.0,6,0.0,0,True,1746968692.1098363,right,False
4971,1746968698.0285807,205.287,-4.37057,-2.00247,-0.00446981,-0.051473,6289.81,5,37.88,2065.83,5068.39,48.4732,2,2,1.0,0.0,0.0,6,0.0,0,True,1746968692.1098363,right,False
4972,1746968698.0506074,205.362,-3.15206,-1.92472,-0.00198568,-0.0436004,6283.42,5,37.902,2067.08,5069.64,48.4729,2,2,1.0,0.0,0.0,6,0.0,0,True,1746968692.1098363,right,False
4973,1746968698.0741873,205.43,-2.05586,-1.82609,0.000319417,-0.0359815,6279.61,5,37.924,2068.34,5070.9,48.4726,2,2,1.0,0.0,0.0,6,0.0,0,True,1746968692.1098363,right,False
4974,1746968698.0961342,205.491,-1.08416,-1.70109,0.00241699,-0.0286401,6277.34,5,37.946,2069.59,5072.15,48.4722,2,2,1.0,0.0,0.0,6,0.0,0,True,1746968692.1098363,right,False
4975,1746968698.1165426,205.546,-0.234852,-1.55614,0.00427856,-0.021591,6276.1,5,37.968,2070.85,5073.41,48.4719,2,2,1.0,0.0,0.0,6,0.0,0,True,1746968692.1098363,right,False
4976,1746968698.1402454,205.598,0.49648,-1.3844,0.00588175,-0.0148428,6274.47,5,37.99,2072.1,5074.67,48.4716,2,2,1.0,0.0,0.0,6,0.0,0,True,1746968692.1098363,right,False
4977,1746968698.16039,205.646,1.11542,-1.19466,0.00720622,-0.0083974,6275.31,5,38.012,2073.36,5075.92,48.4712,2,2,1.0,0.0,0.0,6,0.0,0,True,1746968692.1098363,right,False
4978,1746968698.1820447,205.692,1.62934,-0.984981,0.00822957,-0.00225193,6274.58,5,38.034,2074.62,5077.18,48.4709,2,2,1.0,0.0,0.0,6,0.0,0,True,1746968692.1098363,right,False
4979,1746968698.2049692,205.735,2.04625,-0.755722,0.00893758,0.00359982,6275.49,5,38.056,2075.88,5078.44,48.4706,2,2,1.0,0.0,0.0,6,0.0,0,True,1746968692.1098363,right,False
4980,1746968698.2263272,205.778,2.37457,-0.517012,0.00931397,0.00916737,6276.28,5,38.078,2077.13,5079.7,48.4702,2,2,1.0,0.0,0.0,6,0.0,0,True,1746968692.1098363,right,False
4981,1746968698.253693,205.819,2.62323,-0.263156,0.00935262,0.0144679,6277.05,5,38.1,2078.39,5080.95,48.4699,2,2,1.0,0.0,0.0,6,0.0,0,True,1746968692.1098363,right,False
4982,1746968698.2729132,205.86,2.80158,0.00879161,0.00903727,0.0195157,6277.19,5,38.122,2079.65,5082.21,48.4696,2,2,1.0,0.0,0.1,6,0.0,0,True,1746968692.1098363,right,False
4983,1746968698.292297,205.901,2.91935,0.278945,0.00836995,0.0243332,6277.61,5,38.144,2080.91,5083.47,48.4692,2,2,1.0,0.0,0.1,6,0.0,0,True,1746968692.1098363,right,False
4984,1746968698.315345,205.94,2.98561,0.561841,0.0073405,0.0289409,6278.77,5,38.166,2082.17,5084.73,48.4689,2,2,1.0,0.0,0.1,6,0.0,0,True,1746968692.1098363,right,False
4985,1746968698.336664,205.979,3.00973,0.84128,0.00594889,0.033364,6280.02,5,38.188,2083.43,5085.99,48.4685,2,2,1.0,0.0,0.1,6,0.0,0,True,1746968692.1098363,right,False
4986,1746968698.360255,206.004,3.16804,1.11632,0.00425822,0.0365416,6282.28,5,38.21,2084.69,5087.25,48.4682,2,2,1.0,0.0,0.1,6,0.0,0,True,1746968692.1098363,right,False
4987,1746968698.3801844,206.031,2.8218,1.36597,0.00238241,0.0367371,6286.56,5,38.232,2085.95,5088.51,48.4679,2,2,1.0,0.0,0.1,6,0.0,0,True,1746968692.1098363,right,False
4988,1746968698.4040053,206.062,1.96409,1.58562,0.000331624,0.0343167,6291.89,5,38.254,2087.2,5089.77,48.4675,2,2,1.0,0.0,0.1,6,0.0,0,True,1746968692.1098363,right,False
4989,1746968698.4239233,206.09,0.718118,1.7764,-0.00186768,0.0297305,6296.65,5,38.276,2088.46,5091.02,48.4672,2,2,1.0,0.0,0.1,6,0.0,0,True,1746968692.1098363,right,False
4990,1746968698.4461539,206.105,-0.811846,1.91948,-0.00418905,0.0234329,6304.02,5,38.298,2089.72,5092.28,48.4669,2,2,1.0,0.0,0.1,6,0.0,0,True,1746968692.1098363,right,False
4991,1746968698.4700656,206.101,-2.52423,2.03386,-0.0065979,0.0158579,6311.89,5,38.32,2090.98,5093.54,48.4665,2,2,1.0,0.0,0.1,6,0.0,0,True,1746968692.1098363,right,False
4992,1746968698.490851,206.072,-4.3448,2.11075,-0.00905762,0.00739449,6322.15,5,38.342,2092.24,5094.8,48.4662,2,2,1.0,0.0,0.1,6,0.0,0,True,1746968692.1098363,right,False
4993,1746968698.5133057,206.015,-6.21247,2.15572,-0.0115377,-0.00160915,6335.68,5,38.364,2093.5,5096.06,48.4659,2,2,1.0,0.0,0.1,6,0.0,0,True,1746968692.1098363,right,False
4994,1746968698.5346355,205.93,-8.07611,2.16653,-0.0140116,-0.0108617,6353.4,5,38.386,2094.76,5097.32,48.4655,2,2,1.0,0.0,0.1,6,0.0,0,True,1746968692.1098363,right,False
4995,1746968698.5565865,205.816,-9.9128,2.13661,-0.0164653,-0.0201429,6377.1,5,38.408,2096.01,5098.58,48.4652,2,2,1.0,0.0,0.1,6,0.0,0,True,1746968692.1098363,right,False
4996,1746968698.57915,205.678,-11.6978,2.07326,-0.0188741,-0.0293267,6405.09,5,38.43,2097.27,5099.83,48.4649,2,2,1.0,0.0,0.1,6,0.0,0,True,1746968692.1098363,right,False
4997,1746968698.601377,205.519,-13.4132,1.99447,-0.0212382,-0.0383094,6432.84,5,38.452,2098.53,5101.09,48.4645,2,2,1.0,0.0,0.1,6,0.0,0,True,1746968692.1098363,right,False
4998,1746968698.6225224,205.34,-15.0609,1.90241,-0.0235413,-0.0471099,6461.51,5,38.474,2099.78,5102.35,48.4642,2,2,1.0,0.0,0.1,6,0.0,0,True,1746968692.1098363,right,False
4999,1746968698.6453714,205.148,-16.6503,1.80133,-0.0257751,-0.0557454,6486.27,5,38.496,2101.04,5103.6,48.4638,2,2,1.0,0.0,0.1,6,0.0,0,True,1746968692.1098363,right,False
5000,1746968698.6677628,204.946,-18.1814,1.69357,-0.0279236,-0.0642703,6501.2,5,38.518,2102.3,5104.86,48.4635,2,2,1.0,0.0,0.1,6,0.0,0,True,1746968692.1098363,right,False
5001,1746968698.6911821,204.731,-19.6659,1.58259,-0.0299825,-0.0726751,6513.44,5,38.54,2103.55,5106.11,48.4632,2,2,1.0,0.0,0.1,6,0.0,0,True,1746968692.1098363,right,False
5002,1746968698.712023,204.509,-21.0998,1.47792,-0.0319377,-0.081013,6513.72,5,38.562,2104.81,5107.37,48.4628,2,2,1.0,0.0,0.1,6,0.0,0,True,1746968692.1098363,right,False
5003,1746968698.7321675,204.272,-22.4976,1.37588,-0.0337769,-0.0892881,6514.93,5,38.584,2106.06,5108.62,48.4625,2,2,1.0,0.0,0.0,6,0.0,0,True,1746968692.1098363,left,False
5004,1746968698.757052,204.018,-23.8606,1.26927,-0.0355001,-0.0974673,6520.2,5,38.606,2107.31,5109.87,48.4622,2,2,1.0,0.0,0.0,6,0.0,0,True,1746968692.1098363,left,False
5005,1746968698.7762222,203.751,-25.1884,1.16065,-0.0370931,-0.105542,6525.98,5,38.628,2108.56,5111.13,48.4618,2,2,1.0,0.0,0.0,6,0.0,0,True,1746968692.1098363,left,False
5006,1746968698.8007777,203.473,-26.4735,1.0431,-0.0385559,-0.113489,6531.99,5,38.65,2109.82,5112.38,48.4615,2,2,1.0,0.0,0.0,6,0.0,0,True,1746968692.1098363,left,False
5007,1746968698.8213518,203.217,-27.7348,0.94437,-0.0398926,-0.121116,6534.46,5,38.672,2111.07,5113.63,48.4612,2,2,1.0,0.0,0.0,6,0.0,0,True,1746968692.1098363,left,False
5008,1746968698.8432896,202.98,-28.8674,0.83388,-0.0411153,-0.128076,6529.1,5,38.694,2112.32,5114.88,48.4608,2,2,1.0,0.0,0.0,6,0.0,0,True,1746968692.1098363,left,False
5009,1746968698.8654666,202.751,-29.8502,0.737133,-0.042216,-0.134408,6523.04,5,38.716,2113.57,5116.13,48.4605,2,2,1.0,0.0,0.0,6,0.0,0,True,1746968692.1098363,left,False
5010,1746968698.8876388,202.534,-30.6895,0.639877,-0.0431885,-0.140148,6515.07,5,38.738,2114.82,5117.38,48.4602,2,2,1.0,0.0,0.0,6,0.0,0,True,1746968692.1098363,left,False
5011,1746968698.909941,202.325,-31.401,0.540531,-0.0440287,-0.145292,6510.89,5,38.76,2116.07,5118.63,48.4598,2,2,1.0,0.0,0.0,6,0.0,0,True,1746968692.1098363,left,False
5012,1746968698.930156,202.126,-31.9796,0.446244,-0.0447306,-0.149831,6513.25,5,38.782,2117.31,5119.88,48.4595,2,2,1.0,0.0,0.0,6,0.0,0,True,1746968692.1098363,left,False
5013,1746968698.9527638,201.938,-32.4395,0.339123,-0.0452922,-0.153795,6521.37,5,38.804,2118.56,5121.12,48.4591,2,2,1.0,0.0,0.0,6,0.0,0,True,1746968692.1098363,left,False
5014,1746968698.976359,201.772,-32.7615,0.246634,-0.0457174,-0.157156,6520.71,5,38.826,2119.81,5122.37,48.4588,2,2,1.0,0.0,0.0,6,0.0,0,True,1746968692.1098363,left,False
5015,1746968698.9959388,201.615,-32.9675,0.147425,-0.0459941,-0.159918,6533.88,5,38.848,2121.05,5123.62,48.4585,2,2,1.0,0.0,0.0,6,0.0,0,True,1746968692.1098363,left,False
5016,1746968699.020139,201.477,-33.0403,0.0483137,-0.0461324,-0.16205,6545.2,5,38.87,2122.3,5124.86,48.4581,2,2,1.0,0.0,0.0,6,0.0,0,True,1746968692.1098363,left,False
5017,1746968699.0412464,201.366,-32.9838,-0.0527534,-0.0461263,-0.163522,6554.01,5,38.892,2123.54,5126.11,48.4578,2,2,1.0,0.0,0.0,6,0.0,0,True,1746968692.1098363,left,False
5018,1746968699.0626698,201.273,-32.8019,-0.150379,-0.0459757,-0.164386,6561.57,5,38.914,2124.79,5127.35,48.4575,2,2,1.0,0.0,0.0,6,0.0,0,True,1746968692.1098363,left,False
5019,1746968699.0857956,201.204,-32.4873,-0.239932,-0.0456828,-0.164607,6568.89,5,38.936,2126.03,5128.59,48.4571,2,2,1.0,0.0,0.0,6,0.0,0,True,1746968692.1098363,left,False
5020,1746968699.1078,201.156,-32.0515,-0.339064,-0.0452454,-0.164166,6578.11,5,38.958,2127.27,5129.83,48.4568,2,2,1.0,0.0,0.0,6,0.0,0,True,1746968692.1098363,left,False
5021,1746968699.128644,201.135,-31.4747,-0.427985,-0.0446655,-0.163065,6581.79,5,38.98,2128.51,5131.08,48.4565,2,2,1.0,0.0,0.0,6,0.0,0,True,1746968692.1098363,left,False
5022,1746968699.1511931,201.135,-30.781,-0.526457,-0.0439453,-0.161312,6584.44,5,39.002,2129.75,5132.32,48.4561,2,2,1.0,0.0,0.0,6,0.0,0,True,1746968692.1098363,left,False
5023,1746968699.174023,201.161,-29.9601,-0.617032,-0.0430868,-0.15891,6580.18,5,39.024,2131,5133.56,48.4558,2,2,1.0,0.0,0.0,6,0.0,0,True,1746968692.1098363,left,False
5024,1746968699.194838,201.202,-29.0218,-0.714104,-0.0420919,-0.155862,6584.51,5,39.046,2132.24,5134.8,48.4555,2,2,1.0,0.0,0.0,6,0.0,0,True,1746968692.1098363,left,False
5025,1746968699.216775,201.271,-27.9522,-0.794834,-0.0409627,-0.152171,6574.17,5,39.068,2133.47,5136.04,48.4551,2,2,1.0,0.0,0.0,6,0.0,0,True,1746968692.1098363,left,False
5026,1746968699.2386944,201.36,-26.7762,-0.885143,-0.0397054,-0.147855,6562.45,5,39.09,2134.71,5137.27,48.4548,2,2,1.0,0.0,0.0,6,0.0,0,True,1746968692.1098363,left,False
5027,1746968699.2601213,201.465,-25.4901,-0.970672,-0.038324,-0.142941,6547.93,5,39.112,2135.95,5138.51,48.4544,2,2,1.0,0.0,0.0,6,0.0,0,True,1746968692.1098363,left,False
5028,1746968699.2868419,201.588,-24.1058,-1.05564,-0.0368205,-0.137449,6525.46,5,39.134,2137.19,5139.75,48.4541,2,2,1.0,0.0,0.0,6,0.0,0,True,1746968692.1098363,left,False
5029,1746968699.307164,201.72,-22.635,-1.13403,-0.0352112,-0.131423,6504.05,5,39.156,2138.43,5140.99,48.4538,2,2,1.0,0.0,0.0,6,0.0,0,True,1746968692.1098363,left,False
5030,1746968699.3278506,201.862,-21.0807,-1.21352,-0.0334961,-0.124873,6480.13,5,39.178,2139.67,5142.23,48.4534,2,2,1.0,0.0,0.0,6,0.0,0,True,1746968692.1098363,right,False
5031,1746968699.3478286,202.018,-19.4467,-1.27612,-0.0316895,-0.117841,6445.25,5,39.2,2140.9,5143.47,48.4531,2,2,1.0,0.0,0.0,6,0.0,0,True,1746968692.1098363,right,False
5032,1746968699.370808,202.173,-17.7642,-1.347,-0.0297994,-0.110379,6414.31,5,39.222,2142.14,5144.7,48.4528,2,2,1.0,0.0,0.0,6,0.0,0,True,1746968692.1098363,right,False
5033,1746968699.393933,202.328,-16.0366,-1.404,-0.0278463,-0.102517,6382.42,5,39.244,2143.38,5145.94,48.4524,2,2,1.0,0.0,0.0,6,0.0,0,True,1746968692.1098363,right,False
5034,1746968699.4158912,202.483,-14.2851,-1.45325,-0.0258382,-0.0943511,6349.29,5,39.266,2144.62,5147.18,48.4521,2,2,1.0,0.0,0.0,6,0.0,0,True,1746968692.1098363,right,False
5035,1746968699.4360626,202.631,-12.5316,-1.48953,-0.0238017,-0.0859378,6316.79,5,39.288,2145.86,5148.42,48.4518,2,2,1.0,0.0,0.0,6,0.0,0,True,1746968692.1098363,right,False
5036,1746968699.460054,202.767,-10.8076,-1.5182,-0.0217529,-0.0773786,6292.44,5,39.31,2147.1,5149.66,48.4514,2,2,1.0,0.0,0.0,6,0.0,0,True,1746968692.1098363,right,False
5037,1746968699.4806726,202.894,-9.13005,-1.53132,-0.0197205,-0.0687578,6269.87,5,39.332,2148.34,5150.9,48.4511,2,2,1.0,0.0,0.0,6,0.0,0,True,1746968692.1098363,right,False
5038,1746968699.503519,203.007,-7.52735,-1.52103,-0.0177307,-0.0601705,6252.49,5,39.354,2149.58,5152.14,48.4508,2,2,1.0,0.0,0.0,6,0.0,0,True,1746968692.1098363,right,False
5039,1746968699.5264397,203.108,-6.01999,-1.49913,-0.0158162,-0.0516918,6239.87,5,39.376,2150.82,5153.38,48.4504,2,2,1.0,0.0,0.0,6,0.0,0,True,1746968692.1098363,right,False
5040,1746968699.546722,203.197,-4.62317,-1.45506,-0.0140035,-0.0433849,6230.92,5,39.398,2152.06,5154.62,48.4501,2,2,1.0,0.0,0.0,6,0.0,0,True,1746968692.1098363,right,False
5041,1746968699.569795,203.277,-3.34636,-1.39099,-0.0123291,-0.0353034,6223.86,5,39.42,2153.3,5155.86,48.4497,2,2,1.0,0.0,0.0,6,0.0,0,True,1746968692.1098363,right,False
5042,1746968699.592027,203.347,-2.19748,-1.29911,-0.0108215,-0.0274871,6220.38,5,39.442,2154.54,5157.1,48.4494,2,2,1.0,0.0,0.0,6,0.0,0,True,1746968692.1098363,right,False
5043,1746968699.6139584,203.411,-1.17792,-1.18908,-0.00950724,-0.0199607,6217.41,5,39.464,2155.78,5158.34,48.4491,2,2,1.0,0.0,0.0,6,0.0,0,True,1746968692.1098363,right,False
5044,1746968699.63577,203.469,-0.286554,-1.05119,-0.00842082,-0.0127476,6215.36,5,39.486,2157.02,5159.59,48.4487,2,2,1.0,0.0,0.0,6,0.0,0,True,1746968692.1098363,right,False
5045,1746968699.6571255,203.522,0.480408,-0.889072,-0.00758464,-0.00585539,6214.27,5,39.508,2158.27,5160.83,48.4484,2,2,1.0,0.0,0.0,6,0.0,0,True,1746968692.1098363,right,False
5046,1746968699.6801434,203.572,1.12901,-0.702437,-0.00702108,0.000713523,6213.71,5,39.53,2159.51,5162.07,48.4481,2,2,1.0,0.0,0.0,6,0.0,0,True,1746968692.1098363,right,False
5047,1746968699.7032638,203.618,1.66674,-0.499676,-0.00674845,0.00696152,6214.09,5,39.552,2160.75,5163.32,48.4477,2,2,1.0,0.0,0.1,6,0.0,0,True,1746968692.1098363,right,False
5048,1746968699.7224715,203.663,2.10162,-0.274848,-0.00678914,0.0128948,6214.5,5,39.574,2162,5164.56,48.4474,2,2,1.0,0.0,0.1,6,0.0,0,True,1746968692.1098363,right,False
5049,1746968699.7444923,203.707,2.44299,-0.0343014,-0.00715535,0.0185258,6214.57,5,39.596,2163.24,5165.8,48.4471,2,2,1.0,0.0,0.1,6,0.0,0,True,1746968692.1098363,right,False
5050,1746968699.766856,203.735,2.86483,0.212057,-0.00779622,0.0228221,6217.88,5,39.618,2164.49,5167.05,48.4467,2,2,1.0,0.0,0.1,6,0.0,0,True,1746968692.1098363,right,False
5051,1746968699.789187,203.764,2.76007,0.440627,-0.00861003,0.0241153,6222.44,5,39.64,2165.73,5168.29,48.4464,2,2,1.0,0.0,0.1,6,0.0,0,True,1746968692.1098363,right,False
5052,1746968699.811295,203.799,2.12422,0.652785,-0.00959269,0.0227353,6227.32,5,39.662,2166.98,5169.54,48.4461,2,2,1.0,0.0,0.1,6,0.0,0,True,1746968692.1098363,right,False
5053,1746968699.8347747,203.834,1.07566,0.850845,-0.0107279,0.0190975,6231.66,5,39.684,2168.22,5170.78,48.4457,2,2,1.0,0.0,0.1,6,0.0,0,True,1746968692.1098363,right,False
5054,1746968699.855649,203.86,-0.279074,1.01881,-0.0119893,0.0136268,6237.29,5,39.706,2169.47,5172.03,48.4454,2,2,1.0,0.0,0.1,6,0.0,0,True,1746968692.1098363,right,False
5055,1746968699.8775203,203.871,-1.84417,1.16071,-0.0133403,0.00674074,6243.19,5,39.728,2170.71,5173.27,48.445,2,2,1.0,0.0,0.1,6,0.0,0,True,1746968692.1098363,right,False
5056,1746968699.8986764,203.86,-3.54021,1.26563,-0.0147481,-0.00116522,6251.29,5,39.75,2171.96,5174.52,48.4447,2,2,1.0,0.0,0.1,6,0.0,0,True,1746968692.1098363,right,False
5057,1746968699.9214673,203.825,-5.30385,1.33671,-0.0161764,-0.00975734,6261.16,5,39.772,2173.2,5175.76,48.4444,2,2,1.0,0.0,0.1,6,0.0,0,True,1746968692.1098363,right,False
5058,1746968699.9429364,203.763,-7.09157,1.36947,-0.0176025,-0.0187534,6273.67,5,39.794,2174.45,5177.01,48.444,2,2,1.0,0.0,0.1,6,0.0,0,True,1746968692.1098363,right,False
5059,1746968699.9644787,203.673,-8.86895,1.37282,-0.0190023,-0.0279105,6292.33,5,39.816,2175.69,5178.25,48.4437,2,2,1.0,0.0,0.1,6,0.0,0,True,1746968692.1098363,right,False
5060,1746968699.9865398,203.558,-10.6098,1.34824,-0.0203573,-0.037083,6312.82,5,39.838,2176.94,5179.5,48.4434,2,2,1.0,0.0,0.1,6,0.0,0,True,1746968692.1098363,right,False
5061,1746968700.0084074,203.419,-12.3082,1.2936,-0.0216532,-0.0461662,6338.81,5,39.86,2178.18,5180.74,48.443,2,2,1.0,0.0,0.1,6,0.0,0,True,1746968692.1098363,right,False
5062,1746968700.0304375,203.261,-13.9522,1.21741,-0.0228841,-0.0551198,6364.92,5,39.882,2179.42,5181.98,48.4427,2,2,1.0,0.0,0.1,6,0.0,0,True,1746968692.1098363,right,False
5063,1746968700.0550382,203.082,-15.5458,1.12622,-0.0240377,-0.063927,6394.24,5,39.904,2180.67,5183.23,48.4424,2,2,1.0,0.0,0.1,6,0.0,0,True,1746968692.1098363,right,False
5064,1746968700.0739174,202.89,-17.0915,1.02857,-0.0251058,-0.0726178,6417.93,5,39.926,2181.91,5184.47,48.442,2,2,1.0,0.0,0.1,6,0.0,0,True,1746968692.1098363,right,False
5065,1746968700.0958045,202.685,-18.5892,0.918395,-0.0260803,-0.0811961,6437.5,5,39.948,2183.15,5185.71,48.4417,2,2,1.0,0.0,0.1,6,0.0,0,True,1746968692.1098363,right,False
5066,1746968700.1193094,202.474,-20.0363,0.811382,-0.0269511,-0.0896896,6443.54,5,39.97,2184.39,5186.95,48.4414,2,2,1.0,0.0,0.1,6,0.0,0,True,1746968692.1098363,right,False
5067,1746968700.1412122,202.243,-21.4584,0.697087,-0.02771,-0.0981181,6457.57,5,39.992,2185.63,5188.2,48.441,2,2,1.0,0.0,0.0,6,0.0,0,True,1746968692.1098363,left,False
5068,1746968700.1645186,202.003,-22.8296,0.588279,-0.0283508,-0.106446,6463.11,5,40.014,2186.88,5189.44,48.4407,2,2,1.0,0.0,0.0,6,0.0,0,True,1746968692.1098363,left,False
5069,1746968700.185375,201.755,-24.1651,0.476022,-0.0288656,-0.114661,6465.67,5,40.036,2188.12,5190.68,48.4403,2,2,1.0,0.0,0.0,6,0.0,0,True,1746968692.1098363,left,False
5070,1746968700.2066224,201.49,-25.4556,0.360726,-0.029246,-0.12274,6472.17,5,40.058,2189.36,5191.92,48.44,2,2,1.0,0.0,0.0,6,0.0,0,True,1746968692.1098363,left,False
5071,1746968700.229919,201.248,-26.7324,0.247629,-0.0295003,-0.13049,6476.32,5,40.08,2190.59,5193.16,48.4397,2,2,1.0,0.0,0.0,6,0.0,0,True,1746968692.1098363,left,False
5072,1746968700.250261,201.027,-27.8755,0.136909,-0.0296387,-0.137569,6466.41,5,40.102,2191.83,5194.4,48.4393,2,2,1.0,0.0,0.0,6,0.0,0,True,1746968692.1098363,left,False
5073,1746968700.2724147,200.813,-28.8662,0.0326964,-0.029657,-0.144018,6457.77,5,40.124,2193.07,5195.63,48.439,2,2,1.0,0.0,0.0,6,0.0,0,True,1746968692.1098363,left,False
5074,1746968700.2954907,200.611,-29.709,-0.0686483,-0.029543,-0.149846,6447.8,5,40.146,2194.31,5196.87,48.4387,2,2,1.0,0.0,0.0,6,0.0,0,True,1746968692.1098363,left,False
5075,1746968700.318638,200.415,-30.4227,-0.175851,-0.0292928,-0.155079,6444.63,5,40.168,2195.55,5198.11,48.4383,2,2,1.0,0.0,0.0,6,0.0,0,True,1746968692.1098363,left,False
5076,1746968700.3381,200.228,-31.0148,-0.280327,-0.0289042,-0.15975,6444.3,5,40.19,2196.78,5199.34,48.438,2,2,1.0,0.0,0.0,6,0.0,0,True,1746968692.1098363,left,False
5077,1746968700.3610976,200.056,-31.4802,-0.378953,-0.0283732,-0.16384,6443.61,5,40.212,2198.02,5200.58,48.4377,2,2,1.0,0.0,0.0,6,0.0,0,True,1746968692.1098363,left,False
5078,1746968700.3817763,199.894,-31.8179,-0.477008,-0.0276978,-0.167333,6448.73,5,40.234,2199.25,5201.82,48.4373,2,2,1.0,0.0,0.0,6,0.0,0,True,1746968692.1098363,left,False
5079,1746968700.4046135,199.749,-32.0273,-0.573638,-0.0268758,-0.170206,6455.98,5,40.256,2200.49,5203.05,48.437,2,2,1.0,0.0,0.0,6,0.0,0,True,1746968692.1098363,left,False
5080,1746968700.426731,199.62,-32.1107,-0.668447,-0.0259033,-0.172458,6467.69,5,40.278,2201.72,5204.28,48.4367,2,2,1.0,0.0,0.0,6,0.0,0,True,1746968692.1098363,left,False
5081,1746968700.4511309,199.512,-32.0739,-0.771701,-0.0247864,-0.174076,6478.93,5,40.3,2202.96,5205.52,48.4363,2,2,1.0,0.0,0.0,6,0.0,0,True,1746968692.1098363,left,False
5082,1746968700.4707115,199.426,-31.9026,-0.864223,-0.0235209,-0.175077,6488.14,5,40.322,2204.19,5206.75,48.436,2,2,1.0,0.0,0.0,6,0.0,0,True,1746968692.1098363,left,False
5083,1746968700.4962273,199.358,-31.6149,-0.967499,-0.022109,-0.175437,6500.83,5,40.344,2205.42,5207.98,48.4356,2,2,1.0,0.0,0.0,6,0.0,0,True,1746968692.1098363,left,False
5084,1746968700.5143318,199.313,-31.202,-1.0649,-0.0205526,-0.175163,6509.66,5,40.366,2206.65,5209.21,48.4353,2,2,1.0,0.0,0.0,6,0.0,0,True,1746968692.1098363,left,False
5085,1746968700.5370533,199.287,-30.6725,-1.17061,-0.0188538,-0.174248,6522.75,5,40.388,2207.88,5210.44,48.435,2,2,1.0,0.0,0.0,6,0.0,0,True,1746968692.1098363,left,False
5086,1746968700.5585334,199.292,-30.0105,-1.26774,-0.0170125,-0.172676,6523.09,5,40.41,2209.11,5211.68,48.4346,2,2,1.0,0.0,0.0,6,0.0,0,True,1746968692.1098363,left,False
5087,1746968700.579872,199.318,-29.224,-1.35574,-0.015033,-0.170481,6521.65,5,40.432,2210.34,5212.91,48.4343,2,2,1.0,0.0,0.0,6,0.0,0,True,1746968692.1098363,left,False
5088,1746968700.6037345,199.363,-28.3171,-1.44871,-0.0129089,-0.167626,6520.33,5,40.454,2211.57,5214.13,48.434,2,2,1.0,0.0,0.0,6,0.0,0,True,1746968692.1098363,left,False
5089,1746968700.6261947,199.433,-27.3023,-1.5422,-0.0106527,-0.164157,6510.22,5,40.476,2212.8,5215.36,48.4336,2,2,1.0,0.0,0.0,6,0.0,0,True,1746968692.1098363,left,False
5090,1746968700.6462195,199.523,-26.174,-1.63399,-0.00826619,-0.160082,6494.98,5,40.498,2214.03,5216.59,48.4333,2,2,1.0,0.0,0.0,6,0.0,0,True,1746968692.1098363,left,False
5091,1746968700.668801,199.628,-24.9392,-1.71592,-0.00574951,-0.155419,6479.23,5,40.52,2215.26,5217.82,48.433,2,2,1.0,0.0,0.0,6,0.0,0,True,1746968692.1098363,left,False
5092,1746968700.690864,199.748,-23.6141,-1.80716,-0.00311279,-0.150184,6459.42,5,40.542,2216.49,5219.05,48.4326,2,2,1.0,0.0,0.0,6,0.0,0,True,1746968692.1098363,left,False
5093,1746968700.7141302,199.879,-22.1922,-1.88915,-0.000362142,-0.144398,6439.81,5,40.564,2217.72,5220.28,48.4323,2,2,1.0,0.0,0.0,6,0.0,0,True,1746968692.1098363,left,False
5094,1746968700.7384398,200.021,-20.6864,-1.96993,0.0024943,-0.138069,6417.38,5,40.586,2218.95,5221.51,48.432,2,2,1.0,0.0,0.0,6,0.0,0,True,1746968692.1098363,left,False
5095,1746968700.7584612,200.173,-19.1147,-2.04464,0.00544637,-0.131264,6386.64,5,40.608,2220.17,5222.74,48.4316,2,2,1.0,0.0,0.0,6,0.0,0,True,1746968692.1098363,right,False
5096,1746968700.7801168,200.33,-17.4763,-2.10619,0.00848185,-0.12402,6353.13,5,40.63,2221.4,5223.96,48.4313,2,2,1.0,0.0,0.0,6,0.0,0,True,1746968692.1098363,right,False
5097,1746968700.8019822,200.488,-15.7932,-2.1637,0.0115906,-0.116371,6320.83,5,40.652,2222.63,5225.19,48.4309,2,2,1.0,0.0,0.0,6,0.0,0,True,1746968692.1098363,right,False
5098,1746968700.8242753,200.643,-14.0889,-2.21989,0.0147502,-0.108402,6290.16,5,40.674,2223.86,5226.42,48.4306,2,2,1.0,0.0,0.0,6,0.0,0,True,1746968692.1098363,right,False
5099,1746968700.8462617,200.792,-12.3796,-2.25789,0.0179504,-0.10018,6259.7,5,40.696,2225.09,5227.65,48.4303,2,2,1.0,0.0,0.0,6,0.0,0,True,1746968692.1098363,right,False
5100,1746968700.8667915,200.931,-10.6944,-2.28548,0.021165,-0.0917977,6236.37,5,40.718,2226.32,5228.88,48.4299,2,2,1.0,0.0,0.0,6,0.0,0,True,1746968692.1098363,right,False
5101,1746968700.8915918,201.06,-9.05491,-2.29616,0.0243673,-0.0833448,6214.3,5,40.74,2227.55,5230.11,48.4296,2,2,1.0,0.0,0.0,6,0.0,0,True,1746968692.1098363,right,False
5102,1746968700.9113233,201.177,-7.48711,-2.29849,0.0275309,-0.0749028,6199.87,5,40.762,2228.78,5231.34,48.4293,2,2,1.0,0.0,0.0,6,0.0,0,True,1746968692.1098363,right,False
5103,1746968700.9345546,201.283,-6.00608,-2.27017,0.0306274,-0.0665529,6185.71,5,40.784,2230.01,5232.57,48.4289,2,2,1.0,0.0,0.0,6,0.0,0,True,1746968692.1098363,right,False
5104,1746968700.954752,201.377,-4.63468,-2.23779,0.0336283,-0.0583647,6178.55,5,40.806,2231.24,5233.81,48.4286,2,2,1.0,0.0,0.0,6,0.0,0,True,1746968692.1098363,right,False
5105,1746968700.9763317,201.463,-3.37961,-2.17576,0.036499,-0.0503972,6170.85,5,40.828,2232.48,5235.04,48.4283,2,2,1.0,0.0,0.0,6,0.0,0,True,1746968692.1098363,right,False
5106,1746968700.9984803,201.539,-2.24988,-2.08879,0.039209,-0.0426882,6167.23,5,40.85,2233.71,5236.27,48.4279,2,2,1.0,0.0,0.0,6,0.0,0,True,1746968692.1098363,right,False
5107,1746968701.0220582,201.609,-1.24597,-1.97613,0.0417297,-0.0352615,6164.12,5,40.872,2234.94,5237.51,48.4276,2,2,1.0,0.0,0.0,6,0.0,0,True,1746968692.1098363,right,False
5108,1746968701.0440438,201.672,-0.367489,-1.84574,0.0440348,-0.0281366,6162.95,5,40.894,2236.18,5238.74,48.4273,2,2,1.0,0.0,0.0,6,0.0,0,True,1746968692.1098363,right,False
5109,1746968701.0655046,201.732,0.390085,-1.68633,0.0460978,-0.0213235,6161.92,5,40.916,2237.41,5239.97,48.4269,2,2,1.0,0.0,0.0,6,0.0,0,True,1746968692.1098363,right,False
5110,1746968701.0865164,201.788,1.0319,-1.51258,0.0478943,-0.0148247,6161.04,5,40.938,2238.65,5241.21,48.4266,2,2,1.0,0.0,0.0,6,0.0,0,True,1746968692.1098363,right,False
5111,1746968701.1092741,201.84,1.5656,-1.31533,0.04941,-0.00863916,6162.35,5,40.96,2239.88,5242.45,48.4262,2,2,1.0,0.0,0.0,6,0.0,0,True,1746968692.1098363,right,False
5112,1746968701.1304042,201.891,1.99827,-1.09376,0.0506205,-0.00275976,6162.06,5,40.982,2241.12,5243.68,48.4259,2,2,1.0,0.0,0.0,6,0.0,0,True,1746968692.1098363,right,False
5113,1746968701.1527338,201.941,2.33936,-0.861163,0.0515116,0.00282353,6162.71,5,41.004,2242.36,5244.92,48.4256,2,2,1.0,0.0,0.0,6,0.0,0,True,1746968692.1098363,right,False
5114,1746968701.1761525,201.99,2.59815,-0.613681,0.0520772,0.008125,6163.46,5,41.026,2243.6,5246.16,48.4252,2,2,1.0,0.0,0.1,6,0.0,0,True,1746968692.1098363,right,False
5115,1746968701.1962113,202.038,2.78495,-0.349703,0.0523071,0.0131661,6164.47,5,41.048,2244.83,5247.4,48.4249,2,2,1.0,0.0,0.1,6,0.0,0,True,1746968692.1098363,right,False
5116,1746968701.2191012,202.085,2.90893,-0.0843671,0.0521912,0.0179645,6165.47,5,41.07,2246.07,5248.63,48.4246,2,2,1.0,0.0,0.1,6,0.0,0,True,1746968692.1098363,right,False
5117,1746968701.2412846,202.131,2.97864,0.193212,0.0517253,0.0225427,6166.31,5,41.092,2247.31,5249.87,48.4242,2,2,1.0,0.0,0.1,6,0.0,0,True,1746968692.1098363,right,False
5118,1746968701.2638454,202.165,3.17752,0.455332,0.0509725,0.02585,6169.22,5,41.114,2248.55,5251.11,48.4239,2,2,1.0,0.0,0.1,6,0.0,0,True,1746968692.1098363,right,False
5119,1746968701.2853847,202.199,2.87554,0.702048,0.0500387,0.0261671,6173.67,5,41.136,2249.79,5252.35,48.4236,2,2,1.0,0.0,0.1,6,0.0,0,True,1746968692.1098363,right,False
5120,1746968701.3075566,202.239,2.0696,0.912316,0.0489461,0.0238654,6178.92,5,41.158,2251.03,5253.59,48.4232,2,2,1.0,0.0,0.1,6,0.0,0,True,1746968692.1098363,right,False
5121,1746968701.329293,202.276,0.878176,1.09875,0.0477071,0.0193879,6184.95,5,41.18,2252.27,5254.83,48.4229,2,2,1.0,0.0,0.1,6,0.0,0,True,1746968692.1098363,right,False
5122,1746968701.3506227,202.301,-0.590955,1.24663,0.0463562,0.0131795,6191.31,5,41.202,2253.5,5256.07,48.4226,2,2,1.0,0.0,0.1,6,0.0,0,True,1746968692.1098363,right,False
5123,1746968701.3741772,202.308,-2.24452,1.36257,0.0449239,0.00567168,6198.79,5,41.224,2254.74,5257.31,48.4222,2,2,1.0,0.0,0.1,6,0.0,0,True,1746968692.1098363,right,False
5124,1746968701.395759,202.292,-4.00842,1.43641,0.0434489,-0.00274355,6209.13,5,41.246,2255.98,5258.54,48.4219,2,2,1.0,0.0,0.1,6,0.0,0,True,1746968692.1098363,right,False
5125,1746968701.4183452,202.249,-5.81912,1.48039,0.0419576,-0.0117219,6221.82,5,41.268,2257.22,5259.78,48.4215,2,2,1.0,0.0,0.1,6,0.0,0,True,1746968692.1098363,right,False
5126,1746968701.4392178,202.176,-7.63553,1.4845,0.0404785,-0.0209721,6240.49,5,41.29,2258.46,5261.02,48.4212,2,2,1.0,0.0,0.1,6,0.0,0,True,1746968692.1098363,right,False
5127,1746968701.4614506,202.08,-9.41636,1.45873,0.0390106,-0.0296329,6260.79,5,41.312,2259.7,5262.26,48.4209,2,2,1.0,0.0,0.1,6,0.0,0,True,1746968692.1098363,right,False
5128,1746968701.483118,201.957,-11.1517,1.41481,0.0375244,-0.0380786,6284.55,5,41.334,2260.94,5263.5,48.4205,2,2,1.0,0.0,0.1,6,0.0,0,True,1746968692.1098363,right,False
5129,1746968701.5052123,201.814,-12.8279,1.35931,0.0360352,-0.0464256,6307.32,5,41.356,2262.18,5264.74,48.4202,2,2,1.0,0.0,0.1,6,0.0,0,True,1746968692.1098363,right,False
5130,1746968701.526779,201.653,-14.4424,1.2978,0.0345581,-0.0546463,6328.25,5,41.378,2263.41,5265.98,48.4199,2,2,1.0,0.0,0.1,6,0.0,0,True,1746968692.1098363,right,False
5131,1746968701.5484188,201.477,-15.9959,1.22563,0.0331065,-0.0627378,6345.58,5,41.4,2264.65,5267.21,48.4195,2,2,1.0,0.0,0.1,6,0.0,0,True,1746968692.1098363,right,False
5132,1746968701.5710597,201.288,-17.5,1.15129,0.0316925,-0.0707439,6357.43,5,41.422,2265.89,5268.45,48.4192,2,2,1.0,0.0,0.1,6,0.0,0,True,1746968692.1098363,right,False
5133,1746968701.5942829,201.085,-18.9589,1.08339,0.0303274,-0.078687,6364.54,5,41.444,2267.13,5269.69,48.4189,2,2,1.0,0.0,0.1,6,0.0,0,True,1746968692.1098363,right,False
5134,1746968701.6155453,200.866,-20.376,1.01446,0.0290243,-0.086541,6372.34,5,41.466,2268.36,5270.92,48.4185,2,2,1.0,0.0,0.1,6,0.0,0,True,1746968692.1098363,right,False
5135,1746968701.6360755,200.637,-21.752,0.939653,0.0277913,-0.0943287,6374.74,5,41.488,2269.6,5272.16,48.4182,2,2,1.0,0.0,0.1,6,0.0,0,True,1746968692.1098363,right,False
5136,1746968701.6584294,200.392,-23.0873,0.870367,0.0266378,-0.102032,6377.44,5,41.51,2270.83,5273.39,48.4179,2,2,1.0,0.0,0.1,6,0.0,0,True,1746968692.1098363,right,False
5137,1746968701.6813295,200.134,-24.3914,0.798721,0.0255666,-0.109657,6381.76,5,41.532,2272.07,5274.63,48.4175,2,2,1.0,0.0,0.1,6,0.0,0,True,1746968692.1098363,right,False
5138,1746968701.7019382,199.863,-25.6565,0.719184,0.024588,-0.117147,6389.26,5,41.554,2273.3,5275.86,48.4172,2,2,1.0,0.0,0.1,6,0.0,0,True,1746968692.1098363,right,False
5139,1746968701.7259393,199.581,-26.8658,0.647405,0.023704,-0.124471,6397.21,5,41.576,2274.53,5277.09,48.4168,2,2,1.0,0.0,0.1,6,0.0,0,True,1746968692.1098363,right,False
5140,1746968701.7467926,199.289,-28.03,0.567041,0.0229187,-0.131581,6409.51,5,41.598,2275.76,5278.33,48.4165,2,2,1.0,0.0,0.1,6,0.0,0,True,1746968692.1098363,right,False
5141,1746968701.7694252,198.992,-29.1217,0.493144,0.0222371,-0.138417,6420.73,5,41.62,2277,5279.56,48.4162,2,2,1.0,0.0,0.1,6,0.0,0,True,1746968692.1098363,right,False
5142,1746968701.7906404,198.689,-30.1486,0.410885,0.0216593,-0.144954,6439.33,5,41.642,2278.23,5280.79,48.4158,2,2,1.0,0.0,0.1,6,0.0,0,True,1746968692.1098363,right,False
5143,1746968701.8129594,198.386,-31.0938,0.333521,0.0211914,-0.151145,6455.47,5,41.664,2279.45,5282.02,48.4155,2,2,1.0,0.0,0.1,6,0.0,0,True,1746968692.1098363,right,False
5144,1746968701.835932,198.088,-31.9596,0.249886,0.0208344,-0.156989,6470.81,5,41.686,2280.68,5283.24,48.4152,2,2,1.0,0.0,0.0,6,0.0,0,True,1746968692.1098363,left,False
5145,1746968701.8591485,197.788,-32.7537,0.168467,0.0205912,-0.162455,6492.31,5,41.708,2281.91,5284.47,48.4148,2,2,1.0,0.0,0.0,6,0.0,0,True,1746968692.1098363,left,False
5146,1746968701.8794317,197.497,-33.4449,0.0897211,0.0204631,-0.1675,6512.37,5,41.73,2283.14,5285.7,48.4145,2,2,1.0,0.0,0.0,6,0.0,0,True,1746968692.1098363,left,False
5147,1746968701.9013903,197.217,-34.0475,0.0074256,0.0204519,-0.172102,6529.24,5,41.752,2284.36,5286.92,48.4142,2,2,1.0,0.0,0.0,6,0.0,0,True,1746968692.1098363,left,False
5148,1746968701.9247348,196.968,-34.5797,-0.0730871,0.0205536,-0.176162,6558.29,5,41.774,2285.59,5288.15,48.4138,2,2,1.0,0.0,0.0,6,0.0,0,True,1746968692.1098363,left,False
5149,1746968701.9478278,196.765,-34.9701,-0.153123,0.0207581,-0.179483,6563.04,5,41.796,2286.81,5289.37,48.4135,2,2,1.0,0.0,0.0,6,0.0,0,True,1746968692.1098363,left,False
5150,1746968701.9694912,196.588,-35.2177,-0.232997,0.0210693,-0.182099,6564.96,5,41.818,2288.03,5290.59,48.4132,2,2,1.0,0.0,0.0,6,0.0,0,True,1746968692.1098363,left,False
5151,1746968701.990852,196.44,-35.3074,-0.305659,0.0214884,-0.183978,6560.85,5,41.84,2289.25,5291.81,48.4128,2,2,1.0,0.0,0.0,6,0.0,0,True,1746968692.1098363,left,False
5152,1746968702.0132792,196.317,-35.2617,-0.3819,0.0220164,-0.185163,6555.34,5,41.862,2290.47,5293.03,48.4125,2,2,1.0,0.0,0.0,6,0.0,0,True,1746968692.1098363,left,False
5153,1746968702.0347915,196.221,-35.0723,-0.4561,0.0226583,-0.185635,6549.82,5,41.884,2291.69,5294.25,48.4121,2,2,1.0,0.0,0.0,6,0.0,0,True,1746968692.1098363,left,False
5154,1746968702.0551035,196.152,-34.7497,-0.532824,0.0234121,-0.185409,6541.72,5,41.906,2292.91,5295.47,48.4118,2,2,1.0,0.0,0.0,6,0.0,0,True,1746968692.1098363,left,False
5155,1746968702.0777702,196.111,-34.2933,-0.60566,0.0242747,-0.184506,6530.76,5,41.928,2294.13,5296.69,48.4115,2,2,1.0,0.0,0.0,6,0.0,0,True,1746968692.1098363,left,False
5156,1746968702.10021,196.089,-33.705,-0.680898,0.0252502,-0.182917,6526.73,5,41.95,2295.35,5297.91,48.4111,2,2,1.0,0.0,0.0,6,0.0,0,True,1746968692.1098363,left,False
5157,1746968702.121544,196.096,-32.9916,-0.756175,0.0263336,-0.180646,6515.85,5,41.972,2296.57,5299.13,48.4108,2,2,1.0,0.0,0.0,6,0.0,0,True,1746968692.1098363,left,False
5158,1746968702.1432295,196.122,-32.1474,-0.825558,0.0275258,-0.177702,6511.63,5,41.994,2297.78,5300.34,48.4105,2,2,1.0,0.0,0.0,6,0.0,0,True,1746968692.1098363,left,False
5159,1746968702.1653824,196.178,-31.1837,-0.899533,0.0288208,-0.1741,6496.16,5,42.016,2299,5301.56,48.4101,2,2,1.0,0.0,0.0,6,0.0,0,True,1746968692.1098363,left,False
5160,1746968702.187855,196.251,-30.0909,-0.967592,0.0302195,-0.169816,6487.54,5,42.038,2300.21,5302.78,48.4098,2,2,1.0,0.0,0.0,6,0.0,0,True,1746968692.1098363,left,False
5161,1746968702.2090266,196.347,-28.8829,-1.03813,0.0317179,-0.164863,6472.46,5,42.06,2301.43,5303.99,48.4095,2,2,1.0,0.0,0.0,6,0.0,0,True,1746968692.1098363,left,False
5162,1746968702.2322698,196.466,-27.5529,-1.1011,0.033311,-0.159253,6451.52,5,42.082,2302.64,5305.21,48.4091,2,2,1.0,0.0,0.0,6,0.0,0,True,1746968692.1098363,left,False
5163,1746968702.2521205,196.598,-26.1257,-1.17188,0.0349955,-0.153043,6432.49,5,42.104,2303.86,5306.42,48.4088,2,2,1.0,0.0,0.0,6,0.0,0,True,1746968692.1098363,left,False
5164,1746968702.2770383,196.744,-24.5985,-1.23444,0.0367605,-0.146263,6410,5,42.126,2305.07,5307.63,48.4085,2,2,1.0,0.0,0.0,6,0.0,0,True,1746968692.1098363,left,False
5165,1746968702.2988641,196.907,-22.9761,-1.29012,0.0386027,-0.138903,6376.66,5,42.148,2306.29,5308.85,48.4081,2,2,1.0,0.0,0.0,6,0.0,0,True,1746968692.1098363,left,False
5166,1746968702.3212965,197.075,-21.2732,-1.34257,0.0405121,-0.131005,6345.64,5,42.17,2307.5,5310.06,48.4078,2,2,1.0,0.0,0.0,6,0.0,0,True,1746968692.1098363,left,False
5167,1746968702.340715,197.249,-19.5041,-1.39272,0.0424784,-0.122614,6312.66,5,42.192,2308.71,5311.28,48.4074,2,2,1.0,0.0,0.0,6,0.0,0,True,1746968692.1098363,right,False
5168,1746968702.363177,197.43,-17.6749,-1.43043,0.0444885,-0.113786,6272.9,5,42.214,2309.93,5312.49,48.4071,2,2,1.0,0.0,0.0,6,0.0,0,True,1746968692.1098363,right,False
5169,1746968702.3864198,197.606,-15.8101,-1.46153,0.0465271,-0.104562,6237.41,5,42.236,2311.14,5313.7,48.4068,2,2,1.0,0.0,0.0,6,0.0,0,True,1746968692.1098363,right,False
5170,1746968702.4066448,197.776,-13.9313,-1.48957,0.0485769,-0.0950163,6204.46,5,42.258,2312.36,5314.92,48.4064,2,2,1.0,0.0,0.0,6,0.0,0,True,1746968692.1098363,right,False
5171,1746968702.4292898,197.938,-12.058,-1.49461,0.0506134,-0.0852454,6172.34,5,42.28,2313.57,5316.13,48.4061,2,2,1.0,0.0,0.0,6,0.0,0,True,1746968692.1098363,right,False
5172,1746968702.4515028,198.087,-10.231,-1.49282,0.0526143,-0.0753759,6144.9,5,42.302,2314.79,5317.35,48.4058,2,2,1.0,0.0,0.0,6,0.0,0,True,1746968692.1098363,right,False
5173,1746968702.472385,198.222,-8.47298,-1.47091,0.0545502,-0.0655082,6121.74,5,42.324,2316,5318.56,48.4054,2,2,1.0,0.0,0.0,6,0.0,0,True,1746968692.1098363,right,False
5174,1746968702.4957006,198.342,-6.8134,-1.43718,0.0563904,-0.055734,6105.37,5,42.346,2317.22,5319.78,48.4051,2,2,1.0,0.0,0.0,6,0.0,0,True,1746968692.1098363,right,False
5175,1746968702.5181282,198.447,-5.27163,-1.38082,0.0580953,-0.04614,6095.08,5,42.368,2318.44,5321,48.4048,2,2,1.0,0.0,0.0,6,0.0,0,True,1746968692.1098363,right,False
5176,1746968702.5400815,198.541,-3.85947,-1.29801,0.0596344,-0.0367883,6085.91,5,42.39,2319.66,5322.22,48.4044,2,2,1.0,0.0,0.0,6,0.0,0,True,1746968692.1098363,right,False
5177,1746968702.5598125,198.624,-2.5905,-1.19296,0.0609731,-0.0277417,6080.72,5,42.412,2320.87,5323.43,48.4041,2,2,1.0,0.0,0.0,6,0.0,0,True,1746968692.1098363,right,False
5178,1746968702.585011,198.697,-1.46704,-1.05744,0.0620768,-0.0190304,6076.87,5,42.434,2322.09,5324.65,48.4038,2,2,1.0,0.0,0.0,6,0.0,0,True,1746968692.1098363,right,False
5179,1746968702.6057131,198.764,-0.487828,-0.892463,0.062914,-0.0106753,6074.04,5,42.456,2323.31,5325.87,48.4034,2,2,1.0,0.0,0.0,6,0.0,0,True,1746968692.1098363,right,False
5180,1746968702.629008,198.825,0.350303,-0.709618,0.0634552,-0.00268871,6073.48,5,42.478,2324.53,5327.09,48.4031,2,2,1.0,0.0,0.1,6,0.0,0,True,1746968692.1098363,right,False
5181,1746968702.65018,198.882,1.05511,-0.493102,0.0636759,0.00492638,6072.4,5,42.5,2325.75,5328.31,48.4027,2,2,1.0,0.0,0.1,6,0.0,0,True,1746968692.1098363,right,False
5182,1746968702.6705418,198.935,1.635,-0.259189,0.0635529,0.0121714,6072.57,5,42.522,2326.97,5329.53,48.4024,2,2,1.0,0.0,0.1,6,0.0,0,True,1746968692.1098363,right,False
5183,1746968702.694577,198.986,2.10013,-0.00594226,0.0630656,0.0190589,6072.85,5,42.544,2328.19,5330.75,48.4021,2,2,1.0,0.0,0.1,6,0.0,0,True,1746968692.1098363,right,False
5184,1746968702.7147372,199.019,2.62994,0.264155,0.0622589,0.0245454,6076.35,5,42.566,2329.41,5331.97,48.4017,2,2,1.0,0.0,0.1,6,0.0,0,True,1746968692.1098363,right,False
5185,1746968702.7399976,199.053,2.62593,0.521153,0.0612315,0.0269601,6080.54,5,42.588,2330.63,5333.19,48.4014,2,2,1.0,0.0,0.1,6,0.0,0,True,1746968692.1098363,right,False
5186,1746968702.7600117,199.093,2.08437,0.760825,0.0599874,0.0266358,6086.01,5,42.61,2331.85,5334.41,48.4011,2,2,1.0,0.0,0.1,6,0.0,0,True,1746968692.1098363,right,False
5187,1746968702.7813952,199.134,1.1285,0.991837,0.0585409,0.0239941,6089.97,5,42.632,2333.07,5335.63,48.4007,2,2,1.0,0.0,0.1,6,0.0,0,True,1746968692.1098363,right,False
5188,1746968702.8034234,199.168,-0.137583,1.19434,0.0569194,0.0194575,6094.91,5,42.654,2334.3,5336.86,48.4004,2,2,1.0,0.0,0.1,6,0.0,0,True,1746968692.1098363,right,False
5189,1746968702.8268046,199.187,-1.61552,1.37816,0.0551575,0.0134498,6099.77,5,42.676,2335.52,5338.08,48.4001,2,2,1.0,0.0,0.1,6,0.0,0,True,1746968692.1098363,right,False
5190,1746968702.8466399,199.186,-3.22972,1.52119,0.0532908,0.006365,6107.52,5,42.698,2336.74,5339.3,48.3997,2,2,1.0,0.0,0.1,6,0.0,0,True,1746968692.1098363,right,False
5191,1746968702.8686213,199.162,-4.91277,1.64172,0.0513529,-0.00146181,6114.94,5,42.72,2337.96,5340.52,48.3994,2,2,1.0,0.0,0.1,6,0.0,0,True,1746968692.1098363,right,False
5192,1746968702.8909695,199.111,-6.62574,1.71804,0.0493744,-0.00974208,6126.93,5,42.742,2339.18,5341.74,48.3991,2,2,1.0,0.0,0.1,6,0.0,0,True,1746968692.1098363,right,False
5193,1746968702.9130075,199.034,-8.33475,1.76119,0.0473796,-0.0182408,6142.95,5,42.764,2340.4,5342.96,48.3987,2,2,1.0,0.0,0.1,6,0.0,0,True,1746968692.1098363,right,False
5194,1746968702.9346015,198.932,-10.016,1.7701,0.0453857,-0.0267904,6162.7,5,42.786,2341.62,5344.18,48.3984,2,2,1.0,0.0,0.1,6,0.0,0,True,1746968692.1098363,right,False
5195,1746968702.9567773,198.806,-11.6516,1.7585,0.0434072,-0.03527,6185.99,5,42.808,2342.84,5345.4,48.398,2,2,1.0,0.0,0.1,6,0.0,0,True,1746968692.1098363,right,False
5196,1746968702.9786143,198.66,-13.2388,1.72173,0.0414551,-0.043629,6210.5,5,42.83,2344.06,5346.62,48.3977,2,2,1.0,0.0,0.1,6,0.0,0,True,1746968692.1098363,right,False
5197,1746968703.001914,198.494,-14.7781,1.66112,0.0395376,-0.0518482,6237.38,5,42.852,2345.28,5347.84,48.3974,2,2,1.0,0.0,0.1,6,0.0,0,True,1746968692.1098363,right,False
5198,1746968703.0230782,198.315,-16.2608,1.59624,0.0376638,-0.0599354,6258.76,5,42.874,2346.5,5349.06,48.397,2,2,1.0,0.0,0.1,6,0.0,0,True,1746968692.1098363,right,False
5199,1746968703.045732,198.119,-17.7093,1.51358,0.0358409,-0.0679167,6281.85,5,42.896,2347.72,5350.28,48.3967,2,2,1.0,0.0,0.1,6,0.0,0,True,1746968692.1098363,right,False
5200,1746968703.0681424,197.913,-19.1051,1.42642,0.034078,-0.075764,6297.56,5,42.918,2348.93,5351.49,48.3964,2,2,1.0,0.0,0.1,6,0.0,0,True,1746968692.1098363,right,False
5201,1746968703.0905366,197.7,-20.4516,1.33831,0.0323832,-0.0834974,6305.73,5,42.94,2350.15,5352.71,48.396,2,2,1.0,0.0,0.1,6,0.0,0,True,1746968692.1098363,right,False
5202,1746968703.1101258,197.476,-21.7587,1.2523,0.0307678,-0.0911468,6309.03,5,42.962,2351.37,5353.93,48.3957,2,2,1.0,0.0,0.1,6,0.0,0,True,1746968692.1098363,right,False
5203,1746968703.1328838,197.24,-23.0228,1.16503,0.0292379,-0.0986942,6314,5,42.984,2352.58,5355.14,48.3954,2,2,1.0,0.0,0.1,6,0.0,0,True,1746968692.1098363,right,False
5204,1746968703.1557708,196.994,-24.249,1.0747,0.0277985,-0.106111,6316.4,5,43.006,2353.8,5356.36,48.395,2,2,1.0,0.0,0.1,6,0.0,0,True,1746968692.1098363,right,False
5205,1746968703.1769905,196.739,-25.433,0.985937,0.0264577,-0.113403,6319.33,5,43.028,2355.01,5357.57,48.3947,2,2,1.0,0.0,0.1,6,0.0,0,True,1746968692.1098363,right,False
5206,1746968703.2006512,196.473,-26.5658,0.899274,0.0252177,-0.120522,6322.69,5,43.05,2356.23,5358.79,48.3944,2,2,1.0,0.0,0.1,6,0.0,0,True,1746968692.1098363,right,False
5207,1746968703.2220728,196.199,-27.6478,0.807965,0.0240875,-0.127436,6331.84,5,43.072,2357.44,5360,48.394,2,2,1.0,0.0,0.1,6,0.0,0,True,1746968692.1098363,right,False
5208,1746968703.2431614,195.918,-28.6691,0.717139,0.0230662,-0.134067,6344.26,5,43.094,2358.65,5361.21,48.3937,2,2,1.0,0.0,0.1,6,0.0,0,True,1746968692.1098363,right,False
5209,1746968703.265903,195.637,-29.6118,0.628794,0.0221568,-0.140402,6355.49,5,43.116,2359.86,5362.42,48.3933,2,2,1.0,0.0,0.1,6,0.0,0,True,1746968692.1098363,right,False
5210,1746968703.2866359,195.354,-30.4826,0.539408,0.0213664,-0.146394,6369.81,5,43.138,2361.07,5363.63,48.393,2,2,1.0,0.0,0.1,6,0.0,0,True,1746968692.1098363,right,False
5211,1746968703.3098798,195.075,-31.2684,0.452444,0.020696,-0.152009,6384.75,5,43.16,2362.28,5364.84,48.3927,2,2,1.0,0.0,0.1,6,0.0,0,True,1746968692.1098363,right,False
5212,1746968703.3310144,194.802,-31.9684,0.365879,0.0201477,-0.157233,6398.44,5,43.182,2363.49,5366.05,48.3923,2,2,1.0,0.0,0.1,6,0.0,0,True,1746968692.1098363,right,False
5213,1746968703.353738,194.531,-32.5876,0.279366,0.0197225,-0.162054,6419.66,5,43.204,2364.7,5367.26,48.392,2,2,1.0,0.0,0.1,6,0.0,0,True,1746968692.1098363,right,False
5214,1746968703.3768106,194.273,-33.1233,0.187466,0.0194224,-0.166467,6433.68,5,43.226,2365.9,5368.46,48.3917,2,2,1.0,0.0,0.1,6,0.0,0,True,1746968692.1098363,right,False
5215,1746968703.3978553,194.02,-33.5601,0.1023,0.0192515,-0.170425,6456.34,5,43.248,2367.11,5369.67,48.3913,2,2,1.0,0.0,0.0,6,0.0,0,True,1746968692.1098363,left,False
5216,1746968703.4187236,193.783,-33.9044,0.0178771,0.0192088,-0.173937,6474.23,5,43.27,2368.31,5370.87,48.391,2,2,1.0,0.0,0.0,6,0.0,0,True,1746968692.1098363,left,False
5217,1746968703.4401617,193.56,-34.1642,-0.0719558,0.0192952,-0.177006,6490.94,5,43.292,2369.52,5372.08,48.3907,2,2,1.0,0.0,0.0,6,0.0,0,True,1746968692.1098363,left,False
5218,1746968703.4631903,193.351,-34.3327,-0.160902,0.019514,-0.179624,6506.8,5,43.314,2370.72,5373.28,48.3903,2,2,1.0,0.0,0.0,6,0.0,0,True,1746968692.1098363,left,False
5219,1746968703.4846117,193.178,-34.4379,-0.24818,0.0198537,-0.181711,6531.1,5,43.336,2371.92,5374.48,48.39,2,2,1.0,0.0,0.0,6,0.0,0,True,1746968692.1098363,left,False
5220,1746968703.5064878,193.056,-34.4044,-0.328555,0.0203105,-0.183074,6529.76,5,43.358,2373.12,5375.68,48.3897,2,2,1.0,0.0,0.0,6,0.0,0,True,1746968692.1098363,left,False
5221,1746968703.5299273,192.96,-34.2391,-0.419442,0.0208862,-0.183717,6530.51,5,43.38,2374.32,5376.88,48.3893,2,2,1.0,0.0,0.0,6,0.0,0,True,1746968692.1098363,left,False
5222,1746968703.5517979,192.895,-33.9359,-0.503087,0.021579,-0.183672,6520.08,5,43.402,2375.52,5378.08,48.389,2,2,1.0,0.0,0.0,6,0.0,0,True,1746968692.1098363,left,False
5223,1746968703.5742319,192.86,-33.492,-0.578234,0.0223897,-0.182927,6504.05,5,43.424,2376.71,5379.27,48.3886,2,2,1.0,0.0,0.0,6,0.0,0,True,1746968692.1098363,left,False
5224,1746968703.5939035,192.849,-32.9226,-0.664643,0.0233195,-0.18148,6492.79,5,43.446,2377.91,5380.47,48.3883,2,2,1.0,0.0,0.0,6,0.0,0,True,1746968692.1098363,left,False
5225,1746968703.6168735,192.859,-32.2212,-0.744138,0.0243652,-0.179332,6481.84,5,43.468,2379.11,5381.67,48.388,2,2,1.0,0.0,0.0,6,0.0,0,True,1746968692.1098363,left,False
5226,1746968703.6388464,192.905,-31.3814,-0.822129,0.025529,-0.176478,6457.01,5,43.49,2380.31,5382.87,48.3876,2,2,1.0,0.0,0.0,6,0.0,0,True,1746968692.1098363,left,False
5227,1746968703.6614156,192.967,-30.4206,-0.902408,0.0268077,-0.172916,6441.99,5,43.512,2381.5,5384.06,48.3873,2,2,1.0,0.0,0.0,6,0.0,0,True,1746968692.1098363,left,False
5228,1746968703.6828482,193.051,-29.3291,-0.975114,0.0281972,-0.168666,6423.95,5,43.534,2382.7,5385.26,48.387,2,2,1.0,0.0,0.0,6,0.0,0,True,1746968692.1098363,left,False
5229,1746968703.705962,193.155,-28.1203,-1.0502,0.0296946,-0.163743,6405.96,5,43.556,2383.89,5386.45,48.3866,2,2,1.0,0.0,0.0,6,0.0,0,True,1746968692.1098363,left,False
5230,1746968703.7271378,193.279,-26.7928,-1.12143,0.0312968,-0.158162,6384.28,5,43.578,2385.09,5387.65,48.3863,2,2,1.0,0.0,0.0,6,0.0,0,True,1746968692.1098363,left,False
5231,1746968703.7486267,193.421,-25.3626,-1.19153,0.0329976,-0.151951,6357.09,5,43.6,2386.28,5388.84,48.386,2,2,1.0,0.0,0.0,6,0.0,0,True,1746968692.1098363,left,False
5232,1746968703.7701929,193.575,-23.8233,-1.25377,0.0347911,-0.1451,6330.46,5,43.622,2387.47,5390.03,48.3856,2,2,1.0,0.0,0.0,6,0.0,0,True,1746968692.1098363,left,False
5233,1746968703.7934232,193.741,-22.1899,-1.31359,0.0366699,-0.137641,6301.92,5,43.644,2388.67,5391.23,48.3853,2,2,1.0,0.0,0.0,6,0.0,0,True,1746968692.1098363,left,False
5234,1746968703.8151844,193.919,-20.4717,-1.37295,0.038623,-0.129619,6267.44,5,43.666,2389.86,5392.42,48.385,2,2,1.0,0.0,0.0,6,0.0,0,True,1746968692.1098363,left,False
5235,1746968703.8384025,194.101,-18.6852,-1.42499,0.0406392,-0.121095,6229.97,5,43.688,2391.06,5393.62,48.3846,2,2,1.0,0.0,0.0,6,0.0,0,True,1746968692.1098363,left,False
5236,1746968703.8584547,194.284,-16.8516,-1.47277,0.0427053,-0.11212,6191.28,5,43.71,2392.25,5394.81,48.3843,2,2,1.0,0.0,0.0,6,0.0,0,True,1746968692.1098363,right,False
5237,1746968703.8826337,194.473,-14.9759,-1.50263,0.0448039,-0.102761,6145.69,5,43.732,2393.45,5396,48.3839,2,2,1.0,0.0,0.0,6,0.0,0,True,1746968692.1098363,right,False
5238,1746968703.9039457,194.647,-13.1009,-1.53083,0.0469157,-0.093109,6111,5,43.754,2394.64,5397.2,48.3836,2,2,1.0,0.0,0.0,6,0.0,0,True,1746968692.1098363,right,False
5239,1746968703.9264116,194.814,-11.24,-1.53973,0.0490194,-0.0832751,6074.75,5,43.776,2395.84,5398.4,48.3833,2,2,1.0,0.0,0.0,6,0.0,0,True,1746968692.1098363,right,False
5240,1746968703.947892,194.966,-9.43635,-1.54231,0.0510874,-0.0733669,6047.6,5,43.798,2397.03,5399.59,48.3829,2,2,1.0,0.0,0.0,6,0.0,0,True,1746968692.1098363,right,False
5241,1746968703.9698915,195.103,-7.71169,-1.52546,0.0530874,-0.0634893,6024.91,5,43.82,2398.23,5400.79,48.3826,2,2,1.0,0.0,0.0,6,0.0,0,True,1746968692.1098363,right,False
5242,1746968703.990643,195.223,-6.09332,-1.48754,0.0549886,-0.0537503,6009.43,5,43.842,2399.42,5401.98,48.3823,2,2,1.0,0.0,0.0,6,0.0,0,True,1746968692.1098363,right,False
5243,1746968704.0133483,195.33,-4.60053,-1.42797,0.0567566,-0.0442269,5998.54,5,43.864,2400.62,5403.18,48.3819,2,2,1.0,0.0,0.0,6,0.0,0,True,1746968692.1098363,right,False
5244,1746968704.0351987,195.425,-3.24592,-1.34407,0.0583567,-0.0349873,5990.44,5,43.886,2401.82,5404.38,48.3816,2,2,1.0,0.0,0.0,6,0.0,0,True,1746968692.1098363,right,False
5245,1746968704.0558584,195.509,-2.03856,-1.2346,0.0597504,-0.0260757,5985.75,5,43.908,2403.02,5405.58,48.3813,2,2,1.0,0.0,0.0,6,0.0,0,True,1746968692.1098363,right,False
5246,1746968704.0798438,195.585,-0.977791,-1.10291,0.060909,-0.0175212,5982.4,5,43.93,2404.22,5406.78,48.3809,2,2,1.0,0.0,0.0,6,0.0,0,True,1746968692.1098363,right,False
5247,1746968704.1019664,195.654,-0.0626734,-0.939123,0.0617991,-0.0093425,5980.88,5,43.952,2405.42,5407.98,48.3806,2,2,1.0,0.0,0.0,6,0.0,0,True,1746968692.1098363,right,False
5248,1746968704.1249342,195.717,0.71349,-0.751611,0.0623932,-0.00154621,5980.84,5,43.974,2406.62,5409.18,48.3803,2,2,1.0,0.0,0.0,6,0.0,0,True,1746968692.1098363,right,False
5249,1746968704.1455472,195.777,1.3586,-0.536822,0.0626658,0.00586956,5980.99,5,43.996,2407.82,5410.38,48.3799,2,2,1.0,0.0,0.0,6,0.0,0,True,1746968692.1098363,right,False
5250,1746968704.169378,195.835,1.88228,-0.30251,0.0625977,0.0129096,5980.33,5,44.018,2409.02,5411.58,48.3796,2,2,1.0,0.0,0.1,6,0.0,0,True,1746968692.1098363,right,False
5251,1746968704.1894948,195.89,2.29471,-0.040479,0.0621674,0.0195896,5981.25,5,44.04,2410.22,5412.78,48.3792,2,2,1.0,0.0,0.1,6,0.0,0,True,1746968692.1098363,right,False
5252,1746968704.2101893,195.944,2.60687,0.239646,0.0613617,0.025923,5981.99,5,44.062,2411.42,5413.98,48.3789,2,2,1.0,0.0,0.1,6,0.0,0,True,1746968692.1098363,right,False
5253,1746968704.2356386,195.997,2.83227,0.527706,0.0601695,0.0319349,5982.98,5,44.084,2412.63,5415.19,48.3786,2,2,1.0,0.0,0.1,6,0.0,0,True,1746968692.1098363,right,False
5254,1746968704.2555175,196.035,3.15887,0.82495,0.0586436,0.0365645,5986.33,5,44.106,2413.83,5416.39,48.3782,2,2,1.0,0.0,0.1,6,0.0,0,True,1746968692.1098363,right,False
5255,1746968704.2779524,196.075,2.97431,1.10143,0.0568939,0.0380918,5990.68,5,44.128,2415.03,5417.59,48.3779,2,2,1.0,0.0,0.1,6,0.0,0,True,1746968692.1098363,right,False
5256,1746968704.2984576,196.122,2.27486,1.35369,0.0549327,0.0368897,5995.92,5,44.15,2416.23,5418.79,48.3776,2,2,1.0,0.0,0.1,6,0.0,0,True,1746968692.1098363,right,False
5257,1746968704.3208246,196.168,1.18463,1.58223,0.0527751,0.0334136,6001.18,5,44.172,2417.43,5420,48.3772,2,2,1.0,0.0,0.1,6,0.0,0,True,1746968692.1098363,right,False
5258,1746968704.3439558,196.204,-0.186494,1.77967,0.0504547,0.028115,6006.25,5,44.194,2418.64,5421.2,48.3769,2,2,1.0,0.0,0.1,6,0.0,0,True,1746968692.1098363,right,False
5259,1746968704.3663726,196.224,-1.74676,1.94623,0.0480082,0.0214354,6013.46,5,44.216,2419.84,5422.4,48.3766,2,2,1.0,0.0,0.1,6,0.0,0,True,1746968692.1098363,right,False
5260,1746968704.386725,196.222,-3.41752,2.07339,0.0454712,0.0137693,6021.18,5,44.238,2421.04,5423.6,48.3762,2,2,1.0,0.0,0.1,6,0.0,0,True,1746968692.1098363,right,False
5261,1746968704.4096467,196.194,-5.14157,2.16422,0.0428762,0.00547713,6033.36,5,44.26,2422.24,5424.8,48.3759,2,2,1.0,0.0,0.1,6,0.0,0,True,1746968692.1098363,right,False
5262,1746968704.4309604,196.14,-6.87249,2.21716,0.0402537,-0.0031603,6047.17,5,44.282,2423.44,5426.01,48.3756,2,2,1.0,0.0,0.1,6,0.0,0,True,1746968692.1098363,right,False
5263,1746968704.4528842,196.059,-8.58752,2.23519,0.0376241,-0.0119293,6067.41,5,44.304,2424.65,5427.21,48.3752,2,2,1.0,0.0,0.1,6,0.0,0,True,1746968692.1098363,right,False
5264,1746968704.4762866,195.95,-10.2592,2.2246,0.0350057,-0.0206559,6094.25,5,44.326,2425.85,5428.41,48.3749,2,2,1.0,0.0,0.1,6,0.0,0,True,1746968692.1098363,right,False
5265,1746968704.4968722,195.821,-11.8731,2.18684,0.0324087,-0.0292357,6122.02,5,44.348,2427.05,5429.61,48.3745,2,2,1.0,0.0,0.1,6,0.0,0,True,1746968692.1098363,right,False
5266,1746968704.5185118,195.67,-13.4275,2.12663,0.0298472,-0.0376409,6153.55,5,44.37,2428.25,5430.81,48.3742,2,2,1.0,0.0,0.1,6,0.0,0,True,1746968692.1098363,right,False
5267,1746968704.5407326,195.505,-14.9261,2.04865,0.0273265,-0.0458668,6181.17,5,44.392,2429.45,5432.01,48.3739,2,2,1.0,0.0,0.1,6,0.0,0,True,1746968692.1098363,right,False
5268,1746968704.5621972,195.327,-16.3689,1.96114,0.0248576,-0.0539458,6204.88,5,44.414,2430.65,5433.21,48.3735,2,2,1.0,0.0,0.1,6,0.0,0,True,1746968692.1098363,right,False
5269,1746968704.5846305,195.141,-17.7627,1.87607,0.0224487,-0.0619124,6220.38,5,44.436,2431.85,5434.41,48.3732,2,2,1.0,0.0,0.1,6,0.0,0,True,1746968692.1098363,right,False
5270,1746968704.609007,194.944,-19.1112,1.78222,0.0201101,-0.0697759,6229.83,5,44.458,2433.04,5435.61,48.3729,2,2,1.0,0.0,0.1,6,0.0,0,True,1746968692.1098363,right,False
5271,1746968704.6291423,194.74,-20.4109,1.69303,0.0178518,-0.0775345,6230.25,5,44.48,2434.24,5436.8,48.3725,2,2,1.0,0.0,0.1,6,0.0,0,True,1746968692.1098363,right,False
5272,1746968704.650667,194.524,-21.675,1.60035,0.015683,-0.085213,6230.4,5,44.502,2435.44,5438,48.3722,2,2,1.0,0.0,0.1,6,0.0,0,True,1746968692.1098363,right,False
5273,1746968704.6744823,194.295,-22.9002,1.50364,0.0136098,-0.0927814,6234.08,5,44.524,2436.64,5439.2,48.3719,2,2,1.0,0.0,0.1,6,0.0,0,True,1746968692.1098363,right,False
5274,1746968704.6947892,194.055,-24.0802,1.40836,0.0116404,-0.100214,6236.88,5,44.546,2437.83,5440.39,48.3715,2,2,1.0,0.0,0.1,6,0.0,0,True,1746968692.1098363,right,False
5275,1746968704.7184522,193.806,-25.2172,1.31857,0.00977783,-0.107501,6240.87,5,44.568,2439.03,5441.59,48.3712,2,2,1.0,0.0,0.1,6,0.0,0,True,1746968692.1098363,right,False
5276,1746968704.7378156,193.546,-26.3012,1.2215,0.00802612,-0.114569,6250.13,5,44.59,2440.22,5442.78,48.3709,2,2,1.0,0.0,0.1,6,0.0,0,True,1746968692.1098363,right,False
5277,1746968704.760633,193.283,-27.3242,1.12711,0.00639242,-0.121412,6256.29,5,44.612,2441.41,5443.98,48.3705,2,2,1.0,0.0,0.1,6,0.0,0,True,1746968692.1098363,right,False
5278,1746968704.7824738,193.011,-28.2898,1.0327,0.00487874,-0.127986,6270.19,5,44.634,2442.61,5445.17,48.3702,2,2,1.0,0.0,0.1,6,0.0,0,True,1746968692.1098363,right,False
5279,1746968704.8055775,192.741,-29.1781,0.945972,0.00349019,-0.134257,6281.15,5,44.656,2443.8,5446.36,48.3699,2,2,1.0,0.0,0.1,6,0.0,0,True,1746968692.1098363,right,False
5280,1746968704.828111,192.467,-30.0036,0.846543,0.00222677,-0.140189,6298.41,5,44.678,2444.99,5447.55,48.3695,2,2,1.0,0.0,0.1,6,0.0,0,True,1746968692.1098363,right,False
5281,1746968704.849042,192.194,-30.7513,0.747007,0.00109049,-0.145759,6319.72,5,44.7,2446.18,5448.74,48.3692,2,2,1.0,0.0,0.1,6,0.0,0,True,1746968692.1098363,right,False
5282,1746968704.8719072,191.929,-31.4138,0.656871,8.34147e-005,-0.150939,6337.43,5,44.722,2447.37,5449.93,48.3688,2,2,1.0,0.0,0.0,6,0.0,0,True,1746968692.1098363,left,False
5283,1746968704.8930361,191.67,-31.9884,0.560746,-0.000791422,-0.155702,6359.14,5,44.744,2448.56,5451.12,48.3685,2,2,1.0,0.0,0.0,6,0.0,0,True,1746968692.1098363,left,False
5284,1746968704.917216,191.419,-32.4799,0.466785,-0.00153402,-0.160047,6380.69,5,44.766,2449.74,5452.3,48.3682,2,2,1.0,0.0,0.0,6,0.0,0,True,1746968692.1098363,left,False
5285,1746968704.9363003,191.183,-32.8707,0.38018,-0.00214132,-0.163935,6395.29,5,44.788,2450.93,5453.49,48.3678,2,2,1.0,0.0,0.0,6,0.0,0,True,1746968692.1098363,left,False
5286,1746968704.9583693,190.983,-33.2024,0.283925,-0.00261739,-0.167273,6419.61,5,44.81,2452.11,5454.67,48.3675,2,2,1.0,0.0,0.0,6,0.0,0,True,1746968692.1098363,left,False
5287,1746968704.9812818,190.825,-33.3966,0.192168,-0.00297445,-0.169874,6424.76,5,44.832,2453.3,5455.86,48.3672,2,2,1.0,0.0,0.0,6,0.0,0,True,1746968692.1098363,left,False
5288,1746968705.0024335,190.698,-33.4433,0.114528,-0.00320536,-0.171767,6422.31,5,44.854,2454.48,5457.04,48.3668,2,2,1.0,0.0,0.0,6,0.0,0,True,1746968692.1098363,left,False
5289,1746968705.0245578,190.595,-33.3551,0.0245753,-0.00331014,-0.172947,6419.55,5,44.876,2455.66,5458.22,48.3665,2,2,1.0,0.0,0.0,6,0.0,0,True,1746968692.1098363,left,False
5290,1746968705.0461602,190.522,-33.124,-0.0560611,-0.00328674,-0.173405,6410.58,5,44.898,2456.85,5459.41,48.3662,2,2,1.0,0.0,0.0,6,0.0,0,True,1746968692.1098363,left,False
5291,1746968705.068325,190.472,-32.7613,-0.142439,-0.00313619,-0.173143,6401.33,5,44.92,2458.03,5460.59,48.3658,2,2,1.0,0.0,0.0,6,0.0,0,True,1746968692.1098363,left,False
5292,1746968705.0913932,190.441,-32.2691,-0.231306,-0.00286051,-0.172141,6401.96,5,44.942,2459.21,5461.77,48.3655,2,2,1.0,0.0,0.0,6,0.0,0,True,1746968692.1098363,left,False
5293,1746968705.1132526,190.445,-31.6354,-0.317736,-0.00246073,-0.170433,6388.24,5,44.964,2460.39,5462.95,48.3652,2,2,1.0,0.0,0.0,6,0.0,0,True,1746968692.1098363,left,False
5294,1746968705.1353939,190.472,-30.8744,-0.399222,-0.00193888,-0.168016,6377.28,5,44.986,2461.57,5464.13,48.3648,2,2,1.0,0.0,0.0,6,0.0,0,True,1746968692.1098363,left,False
5295,1746968705.1560686,190.523,-29.986,-0.482936,-0.00129293,-0.164899,6363.95,5,45.008,2462.75,5465.31,48.3645,2,2,1.0,0.0,0.0,6,0.0,0,True,1746968692.1098363,left,False
5296,1746968705.1795626,190.594,-28.9729,-0.566776,-0.000528971,-0.161093,6352.79,5,45.03,2463.92,5466.48,48.3641,2,2,1.0,0.0,0.0,6,0.0,0,True,1746968692.1098363,left,False
5297,1746968705.2020724,190.688,-27.8373,-0.639007,0.000350952,-0.156608,6334.39,5,45.052,2465.1,5467.66,48.3638,2,2,1.0,0.0,0.0,6,0.0,0,True,1746968692.1098363,left,False
5298,1746968705.2230241,190.799,-26.5928,-0.718333,0.00134176,-0.151463,6318.37,5,45.074,2466.28,5468.84,48.3635,2,2,1.0,0.0,0.0,6,0.0,0,True,1746968692.1098363,left,False
5299,1746968705.2458963,190.931,-25.2264,-0.787678,0.00244039,-0.145646,6296.55,5,45.096,2467.46,5470.02,48.3631,2,2,1.0,0.0,0.0,6,0.0,0,True,1746968692.1098363,left,False
5300,1746968705.2674792,191.078,-23.7518,-0.859112,0.00364176,-0.139168,6268.95,5,45.118,2468.63,5471.19,48.3628,2,2,1.0,0.0,0.0,6,0.0,0,True,1746968692.1098363,left,False
5301,1746968705.291192,191.235,-22.1889,-0.923297,0.00493774,-0.132089,6244.96,5,45.14,2469.81,5472.37,48.3625,2,2,1.0,0.0,0.0,6,0.0,0,True,1746968692.1098363,left,False
5302,1746968705.3119621,191.407,-20.5407,-0.991031,0.00631816,-0.124445,6213.4,5,45.162,2470.99,5473.55,48.3621,2,2,1.0,0.0,0.0,6,0.0,0,True,1746968692.1098363,left,False
5303,1746968705.3348806,191.587,-18.8174,-1.04605,0.00777181,-0.116281,6173.2,5,45.184,2472.16,5474.72,48.3618,2,2,1.0,0.0,0.0,6,0.0,0,True,1746968692.1098363,left,False
5304,1746968705.3542082,191.768,-17.0412,-1.09834,0.0092865,-0.107635,6138.16,5,45.206,2473.34,5475.9,48.3615,2,2,1.0,0.0,0.0,6,0.0,0,True,1746968692.1098363,left,False
5305,1746968705.3775382,191.955,-15.2203,-1.13723,0.0108449,-0.0985892,6092.64,5,45.228,2474.52,5477.08,48.3611,2,2,1.0,0.0,0.0,6,0.0,0,True,1746968692.1098363,left,False
5306,1746968705.4012704,192.135,-13.3879,-1.17097,0.0124329,-0.0892184,6050.57,5,45.25,2475.69,5478.25,48.3608,2,2,1.0,0.0,0.0,6,0.0,0,True,1746968692.1098363,left,False
5307,1746968705.4220479,192.304,-11.5677,-1.19979,0.0140228,-0.0796235,6018.19,5,45.272,2476.87,5479.43,48.3605,2,2,1.0,0.0,0.0,6,0.0,0,True,1746968692.1098363,right,False
5308,1746968705.4433439,192.461,-9.78709,-1.20756,0.0155935,-0.0699108,5985.3,5,45.294,2478.05,5480.61,48.3601,2,2,1.0,0.0,0.0,6,0.0,0,True,1746968692.1098363,right,False
5309,1746968705.4640079,192.606,-8.07478,-1.19607,0.0171143,-0.0602024,5958.6,5,45.316,2479.23,5481.79,48.3598,2,2,1.0,0.0,0.0,6,0.0,0,True,1746968692.1098363,right,False
5310,1746968705.4862866,192.732,-6.4607,-1.1757,0.0185537,-0.0505899,5941.71,5,45.338,2480.41,5482.97,48.3594,2,2,1.0,0.0,0.0,6,0.0,0,True,1746968692.1098363,right,False
5311,1746968705.5101764,192.844,-4.96488,-1.13147,0.0198781,-0.041168,5929.49,5,45.36,2481.59,5484.15,48.3591,2,2,1.0,0.0,0.0,6,0.0,0,True,1746968692.1098363,right,False
5312,1746968705.5309248,192.944,-3.59957,-1.0603,0.0210541,-0.0320018,5920.64,5,45.382,2482.77,5485.33,48.3588,2,2,1.0,0.0,0.0,6,0.0,0,True,1746968692.1098363,right,False
5313,1746968705.5523174,193.035,-2.37423,-0.962053,0.0220449,-0.0231445,5914.07,5,45.404,2483.95,5486.51,48.3584,2,2,1.0,0.0,0.0,6,0.0,0,True,1746968692.1098363,right,False
5314,1746968705.5750527,193.114,-1.29452,-0.848936,0.02282,-0.0146287,5911.85,5,45.426,2485.13,5487.69,48.3581,2,2,1.0,0.0,0.0,6,0.0,0,True,1746968692.1098363,right,False
5315,1746968705.5998542,193.188,-0.356492,-0.703613,0.0233459,-0.00647766,5909.53,5,45.448,2486.31,5488.87,48.3578,2,2,1.0,0.0,0.0,6,0.0,0,True,1746968692.1098363,right,False
5316,1746968705.6198545,193.256,0.443714,-0.532137,0.0235962,0.00130003,5908.89,5,45.47,2487.5,5490.06,48.3574,2,2,1.0,0.0,0.0,6,0.0,0,True,1746968692.1098363,right,False
5317,1746968705.6407003,193.32,1.11364,-0.332981,0.0235423,0.00870245,5908.66,5,45.492,2488.68,5491.24,48.3571,2,2,1.0,0.0,0.1,6,0.0,0,True,1746968692.1098363,right,False
5318,1746968705.6636868,193.381,1.66191,-0.112682,0.0231649,0.0157334,5909.07,5,45.514,2489.86,5492.42,48.3568,2,2,1.0,0.0,0.1,6,0.0,0,True,1746968692.1098363,right,False
5319,1746968705.6863623,193.44,2.09837,0.136757,0.0224467,0.0224044,5909.64,5,45.536,2491.05,5493.61,48.3564,2,2,1.0,0.0,0.1,6,0.0,0,True,1746968692.1098363,right,False
5320,1746968705.7057767,193.497,2.43375,0.401679,0.0213664,0.028731,5909.84,5,45.558,2492.23,5494.79,48.3561,2,2,1.0,0.0,0.1,6,0.0,0,True,1746968692.1098363,right,False
5321,1746968705.7298932,193.538,2.85491,0.666036,0.0199778,0.0336873,5914.64,5,45.58,2493.41,5495.97,48.3558,2,2,1.0,0.0,0.1,6,0.0,0,True,1746968692.1098363,right,False
5322,1746968705.7511501,193.581,2.77366,0.931351,0.0183797,0.0355784,5918.47,5,45.602,2494.6,5497.16,48.3554,2,2,1.0,0.0,0.1,6,0.0,0,True,1746968692.1098363,right,False
5323,1746968705.7720766,193.63,2.17781,1.16942,0.0165843,0.0347564,5924.21,5,45.624,2495.78,5498.34,48.3551,2,2,1.0,0.0,0.1,6,0.0,0,True,1746968692.1098363,right,False
5324,1746968705.7958415,193.679,1.19309,1.38841,0.0146027,0.0316655,5928.85,5,45.646,2496.97,5499.53,48.3547,2,2,1.0,0.0,0.1,6,0.0,0,True,1746968692.1098363,right,False
5325,1746968705.8184173,193.721,-0.0760318,1.59117,0.0124664,0.0267321,5933.66,5,45.668,2498.15,5500.71,48.3544,2,2,1.0,0.0,0.1,6,0.0,0,True,1746968692.1098363,right,False
5326,1746968705.8395488,193.747,-1.54208,1.75119,0.0102081,0.0203873,5940.97,5,45.69,2499.33,5501.89,48.3541,2,2,1.0,0.0,0.1,6,0.0,0,True,1746968692.1098363,right,False
5327,1746968705.860966,193.753,-3.12331,1.88359,0.00786336,0.0130259,5949.02,5,45.712,2500.52,5503.08,48.3537,2,2,1.0,0.0,0.1,6,0.0,0,True,1746968692.1098363,right,False
5328,1746968705.884178,193.737,-4.76327,1.97893,0.00546773,0.00498265,5958.02,5,45.734,2501.7,5504.26,48.3534,2,2,1.0,0.0,0.1,6,0.0,0,True,1746968692.1098363,right,False
5329,1746968705.9043548,193.694,-6.42779,2.03032,0.00304972,-0.00346595,5972.53,5,45.756,2502.89,5505.45,48.3531,2,2,1.0,0.0,0.1,6,0.0,0,True,1746968692.1098363,right,False
5330,1746968705.9260345,193.626,-8.0724,2.0628,0.000630697,-0.0120824,5990.59,5,45.778,2504.07,5506.63,48.3527,2,2,1.0,0.0,0.1,6,0.0,0,True,1746968692.1098363,right,False
5331,1746968705.9507062,193.534,-9.68727,2.05193,-0.00177205,-0.0207217,6013.09,5,45.8,2505.25,5507.81,48.3524,2,2,1.0,0.0,0.1,6,0.0,0,True,1746968692.1098363,right,False
5332,1746968705.9716978,193.419,-11.2546,2.02422,-0.0041453,-0.0292662,6039.39,5,45.822,2506.44,5509,48.3521,2,2,1.0,0.0,0.1,6,0.0,0,True,1746968692.1098363,right,False
5333,1746968705.9932475,193.285,-12.7722,1.96889,-0.00647583,-0.03768,6066.65,5,45.844,2507.62,5510.18,48.3517,2,2,1.0,0.0,0.1,6,0.0,0,True,1746968692.1098363,right,False
5334,1746968706.0158556,193.133,-14.2417,1.89329,-0.00875753,-0.045955,6094.94,5,45.866,2508.8,5511.36,48.3514,2,2,1.0,0.0,0.1,6,0.0,0,True,1746968692.1098363,right,False
5335,1746968706.03714,192.966,-15.6615,1.81086,-0.0109812,-0.0540856,6120.58,5,45.888,2509.99,5512.55,48.3511,2,2,1.0,0.0,0.1,6,0.0,0,True,1746968692.1098363,right,False
5336,1746968706.059374,192.793,-17.0281,1.72,-0.0131388,-0.0621088,6136.01,5,45.91,2511.17,5513.73,48.3507,2,2,1.0,0.0,0.1,6,0.0,0,True,1746968692.1098363,right,False
5337,1746968706.081265,192.607,-18.3595,1.61853,-0.0152191,-0.0700305,6150.48,5,45.932,2512.35,5514.91,48.3504,2,2,1.0,0.0,0.1,6,0.0,0,True,1746968692.1098363,right,False
5338,1746968706.1035373,192.417,-19.6372,1.53671,-0.0172129,-0.0778731,6149.94,5,45.954,2513.53,5516.09,48.35,2,2,1.0,0.0,0.1,6,0.0,0,True,1746968692.1098363,right,False
5339,1746968706.1243305,192.212,-20.8911,1.43251,-0.0191121,-0.0856283,6153.48,5,45.976,2514.71,5517.27,48.3497,2,2,1.0,0.0,0.1,6,0.0,0,True,1746968692.1098363,right,False
5340,1746968706.146677,191.995,-22.1022,1.34139,-0.0209096,-0.0932997,6157.62,5,45.998,2515.89,5518.45,48.3494,2,2,1.0,0.0,0.0,6,0.0,0,True,1746968692.1098363,left,False
5341,1746968706.1693106,191.765,-23.2701,1.2429,-0.0225993,-0.100818,6165.53,5,46.02,2517.07,5519.63,48.349,2,2,1.0,0.0,0.0,6,0.0,0,True,1746968692.1098363,left,False
5342,1746968706.192399,191.524,-24.3941,1.13845,-0.0241781,-0.108153,6177.96,5,46.042,2518.25,5520.81,48.3487,2,2,1.0,0.0,0.0,6,0.0,0,True,1746968692.1098363,left,False
5343,1746968706.214176,191.279,-25.4566,1.04257,-0.0256388,-0.115281,6185,5,46.064,2519.42,5521.98,48.3484,2,2,1.0,0.0,0.0,6,0.0,0,True,1746968692.1098363,left,False
5344,1746968706.2365496,191.055,-26.4994,0.940077,-0.0269857,-0.12205,6196.1,5,46.086,2520.6,5523.16,48.348,2,2,1.0,0.0,0.0,6,0.0,0,True,1746968692.1098363,left,False
5345,1746968706.2585,190.855,-27.4026,0.839935,-0.0282043,-0.128783,6198.57,5,46.108,2521.78,5524.34,48.3477,2,2,1.0,0.0,0.0,6,0.0,0,True,1746968692.1098363,left,False
5346,1746968706.2783694,190.668,-28.1498,0.737544,-0.0292582,-0.134767,6198.86,5,46.13,2522.95,5525.51,48.3474,2,2,1.0,0.0,0.0,6,0.0,0,True,1746968692.1098363,left,False
5347,1746968706.3007772,190.496,-28.753,0.631546,-0.0301493,-0.140049,6200.82,5,46.152,2524.13,5526.69,48.347,2,2,1.0,0.0,0.0,6,0.0,0,True,1746968692.1098363,left,False
5348,1746968706.3231041,190.339,-29.2243,0.516312,-0.0308757,-0.144634,6203.26,5,46.174,2525.3,5527.86,48.3467,2,2,1.0,0.0,0.0,6,0.0,0,True,1746968692.1098363,left,False
5349,1746968706.345906,190.196,-29.5634,0.396606,-0.0314351,-0.148549,6210.32,5,46.196,2526.48,5529.04,48.3464,2,2,1.0,0.0,0.0,6,0.0,0,True,1746968692.1098363,left,False
5350,1746968706.3677297,190.07,-29.7824,0.27236,-0.0318298,-0.151807,6218.74,5,46.218,2527.65,5530.21,48.346,2,2,1.0,0.0,0.0,6,0.0,0,True,1746968692.1098363,left,False
5351,1746968706.3907743,189.968,-29.872,0.155247,-0.0320557,-0.154429,6219.45,5,46.24,2528.83,5531.39,48.3457,2,2,1.0,0.0,0.0,6,0.0,0,True,1746968692.1098363,left,False
5352,1746968706.412098,189.88,-29.8401,0.031525,-0.0321147,-0.156397,6222.79,5,46.262,2530,5532.56,48.3453,2,2,1.0,0.0,0.0,6,0.0,0,True,1746968692.1098363,left,False
5353,1746968706.4342144,189.808,-29.6967,-0.0889652,-0.0320109,-0.157755,6235.85,5,46.284,2531.17,5533.73,48.345,2,2,1.0,0.0,0.0,6,0.0,0,True,1746968692.1098363,left,False
5354,1746968706.4542155,189.759,-29.4374,-0.210785,-0.0317464,-0.158503,6238.4,5,46.306,2532.34,5534.9,48.3447,2,2,1.0,0.0,0.0,6,0.0,0,True,1746968692.1098363,left,False
5355,1746968706.4790943,189.733,-29.0409,-0.328765,-0.031311,-0.158567,6241.19,5,46.328,2533.52,5536.07,48.3443,2,2,1.0,0.0,0.0,6,0.0,0,True,1746968692.1098363,left,False
5356,1746968706.5014691,189.726,-28.5253,-0.442185,-0.0307109,-0.157961,6245.02,5,46.35,2534.69,5537.25,48.344,2,2,1.0,0.0,0.0,6,0.0,0,True,1746968692.1098363,left,False
5357,1746968706.522885,189.742,-27.8892,-0.560297,-0.0299459,-0.156701,6245.59,5,46.372,2535.86,5538.42,48.3437,2,2,1.0,0.0,0.0,6,0.0,0,True,1746968692.1098363,left,False
5358,1746968706.5439413,189.777,-27.1387,-0.670058,-0.0290222,-0.154793,6246.34,5,46.394,2537.03,5539.59,48.3433,2,2,1.0,0.0,0.0,6,0.0,0,True,1746968692.1098363,left,False
5359,1746968706.56704,189.835,-26.2657,-0.782933,-0.0279358,-0.152235,6241.38,5,46.416,2538.2,5540.75,48.343,2,2,1.0,0.0,0.0,6,0.0,0,True,1746968692.1098363,left,False
5360,1746968706.5880396,189.911,-25.2798,-0.88257,-0.0266927,-0.149035,6234.96,5,46.438,2539.37,5541.92,48.3427,2,2,1.0,0.0,0.0,6,0.0,0,True,1746968692.1098363,left,False
5361,1746968706.6102738,190.004,-24.1911,-0.994393,-0.025297,-0.145198,6227.33,5,46.46,2540.53,5543.09,48.3423,2,2,1.0,0.0,0.0,6,0.0,0,True,1746968692.1098363,left,False
5362,1746968706.632352,190.113,-22.9973,-1.09908,-0.0237549,-0.140733,6216.56,5,46.482,2541.7,5544.26,48.342,2,2,1.0,0.0,0.0,6,0.0,0,True,1746968692.1098363,left,False
5363,1746968706.6521597,190.242,-21.6991,-1.19448,-0.0220703,-0.135667,6196.13,5,46.504,2542.87,5545.43,48.3417,2,2,1.0,0.0,0.0,6,0.0,0,True,1746968692.1098363,left,False
5364,1746968706.6778002,190.384,-20.3114,-1.28725,-0.0202515,-0.130009,6170.98,5,46.526,2544.04,5546.6,48.3413,2,2,1.0,0.0,0.0,6,0.0,0,True,1746968692.1098363,left,False
5365,1746968706.6958535,190.542,-18.8395,-1.3739,-0.0183044,-0.123819,6136.92,5,46.548,2545.21,5547.77,48.341,2,2,1.0,0.0,0.0,6,0.0,0,True,1746968692.1098363,left,False
5366,1746968706.7185292,190.699,-17.3081,-1.46136,-0.0162415,-0.117128,6110.58,5,46.57,2546.38,5548.94,48.3406,2,2,1.0,0.0,0.0,6,0.0,0,True,1746968692.1098363,left,False
5367,1746968706.744585,190.866,-15.7181,-1.5295,-0.0140747,-0.109995,6074.3,5,46.592,2547.55,5550.11,48.3403,2,2,1.0,0.0,0.0,6,0.0,0,True,1746968692.1098363,right,False
5368,1746968706.763316,191.032,-14.0986,-1.6021,-0.0118205,-0.102484,6039.84,5,46.614,2548.72,5551.27,48.34,2,2,1.0,0.0,0.0,6,0.0,0,True,1746968692.1098363,right,False
5369,1746968706.7845955,191.196,-12.4609,-1.66463,-0.00949707,-0.0946558,6004.59,5,46.636,2549.89,5552.44,48.3396,2,2,1.0,0.0,0.0,6,0.0,0,True,1746968692.1098363,right,False
5370,1746968706.8097074,191.352,-10.8333,-1.71511,-0.0071228,-0.086613,5974.3,5,46.658,2551.06,5553.61,48.3393,2,2,1.0,0.0,0.0,6,0.0,0,True,1746968692.1098363,right,False
5371,1746968706.8286235,191.497,-9.24324,-1.75172,-0.00472412,-0.0784529,5950.47,5,46.68,2552.23,5554.78,48.339,2,2,1.0,0.0,0.0,6,0.0,0,True,1746968692.1098363,right,False
5372,1746968706.8520985,191.631,-7.71097,-1.77514,-0.00232544,-0.070267,5930.46,5,46.702,2553.4,5555.96,48.3386,2,2,1.0,0.0,0.0,6,0.0,0,True,1746968692.1098363,right,False
5373,1746968706.8746269,191.755,-6.257,-1.78334,4.47591e-005,-0.062136,5913.58,5,46.724,2554.57,5557.13,48.3383,2,2,1.0,0.0,0.0,6,0.0,0,True,1746968692.1098363,right,False
5374,1746968706.8951197,191.865,-4.90222,-1.77098,0.00236003,-0.0541385,5903.33,5,46.746,2555.74,5558.3,48.338,2,2,1.0,0.0,0.0,6,0.0,0,True,1746968692.1098363,right,False
5375,1746968706.917631,191.966,-3.65699,-1.73703,0.00458374,-0.0463374,5896.24,5,46.768,2556.91,5559.47,48.3376,2,2,1.0,0.0,0.0,6,0.0,0,True,1746968692.1098363,right,False
5376,1746968706.9392583,192.059,-2.52975,-1.68597,0.00668742,-0.0387767,5890.9,5,46.79,2558.09,5560.65,48.3373,2,2,1.0,0.0,0.0,6,0.0,0,True,1746968692.1098363,right,False
5377,1746968706.9625692,192.145,-1.52459,-1.60295,0.00864461,-0.0314921,5886.3,5,46.812,2559.26,5561.82,48.337,2,2,1.0,0.0,0.0,6,0.0,0,True,1746968692.1098363,right,False
5378,1746968706.9840271,192.223,-0.642739,-1.50416,0.0104248,-0.0245073,5885.39,5,46.834,2560.44,5563,48.3366,2,2,1.0,0.0,0.0,6,0.0,0,True,1746968692.1098363,right,False
5379,1746968707.0059185,192.297,0.120297,-1.37993,0.0120036,-0.0178331,5884.55,5,46.856,2561.61,5564.17,48.3363,2,2,1.0,0.0,0.1,6,0.0,0,True,1746968692.1098363,right,False
5380,1746968707.0302627,192.368,0.769452,-1.23406,0.0133545,-0.0114754,5885.05,5,46.878,2562.79,5565.35,48.3359,2,2,1.0,0.0,0.1,6,0.0,0,True,1746968692.1098363,right,False
5381,1746968707.0502512,192.435,1.31113,-1.06334,0.0144592,-0.00543291,5884.99,5,46.9,2563.96,5566.52,48.3356,2,2,1.0,0.0,0.1,6,0.0,0,True,1746968692.1098363,right,False
5382,1746968707.072608,192.5,1.75344,-0.873992,0.0153035,0.000300105,5885.89,5,46.922,2565.14,5567.7,48.3353,2,2,1.0,0.0,0.1,6,0.0,0,True,1746968692.1098363,right,False
5383,1746968707.0932977,192.548,2.26921,-0.670196,0.015922,0.00473564,5889.4,5,46.944,2566.32,5568.88,48.3349,2,2,1.0,0.0,0.1,6,0.0,0,True,1746968692.1098363,right,False
5384,1746968707.117156,192.596,2.30209,-0.484508,0.0164124,0.00629299,5894.67,5,46.966,2567.5,5570.06,48.3346,2,2,1.0,0.0,0.1,6,0.0,0,True,1746968692.1098363,right,False
5385,1746968707.138422,192.648,1.84385,-0.310168,0.0167765,0.00528401,5901.05,5,46.988,2568.67,5571.23,48.3343,2,2,1.0,0.0,0.1,6,0.0,0,True,1746968692.1098363,right,False
5386,1746968707.1614614,192.702,1.00457,-0.147866,0.0170247,0.0020954,5905.52,5,47.01,2569.85,5572.41,48.3339,2,2,1.0,0.0,0.1,6,0.0,0,True,1746968692.1098363,right,False
5387,1746968707.180701,192.75,-0.122833,-0.00545725,0.0171814,-0.00288231,5911.83,5,47.032,2571.03,5573.59,48.3336,2,2,1.0,0.0,0.1,6,0.0,0,True,1746968692.1098363,right,False
5388,1746968707.2030811,192.785,-1.45121,0.113461,0.0172709,-0.00926334,5918.68,5,47.054,2572.21,5574.77,48.3333,2,2,1.0,0.0,0.1,6,0.0,0,True,1746968692.1098363,right,False
5389,1746968707.225366,192.803,-2.90789,0.202875,0.017334,-0.0166848,5926.44,5,47.076,2573.39,5575.95,48.3329,2,2,1.0,0.0,0.1,6,0.0,0,True,1746968692.1098363,right,False
5390,1746968707.2486556,192.801,-4.43606,0.266364,0.017393,-0.024824,5936.65,5,47.098,2574.57,5577.13,48.3326,2,2,1.0,0.0,0.1,6,0.0,0,True,1746968692.1098363,right,False
5391,1746968707.2698221,192.775,-5.99732,0.291292,0.0174805,-0.0334132,5950.67,5,47.12,2575.75,5578.31,48.3323,2,2,1.0,0.0,0.1,6,0.0,0,True,1746968692.1098363,right,False
5392,1746968707.291612,192.727,-7.55637,0.288555,0.0176147,-0.0422395,5966.88,5,47.142,2576.93,5579.49,48.3319,2,2,1.0,0.0,0.1,6,0.0,0,True,1746968692.1098363,right,False
5393,1746968707.3137488,192.657,-9.09178,0.261333,0.0178182,-0.0511501,5987.11,5,47.164,2578.11,5580.67,48.3316,2,2,1.0,0.0,0.1,6,0.0,0,True,1746968692.1098363,right,False
5394,1746968707.3351247,192.566,-10.5955,0.209234,0.018099,-0.0600389,6009.4,5,47.186,2579.29,5581.85,48.3312,2,2,1.0,0.0,0.1,6,0.0,0,True,1746968692.1098363,right,False
5395,1746968707.3566103,192.456,-12.0617,0.128257,0.0184713,-0.0688537,6035.53,5,47.208,2580.47,5583.03,48.3309,2,2,1.0,0.0,0.1,6,0.0,0,True,1746968692.1098363,right,False
5396,1746968707.3782163,192.329,-13.4855,0.0328431,0.0189412,-0.0775717,6061.03,5,47.23,2581.65,5584.21,48.3306,2,2,1.0,0.0,0.1,6,0.0,0,True,1746968692.1098363,right,False
5397,1746968707.4006162,192.187,-14.8697,-0.0708066,0.019519,-0.086191,6084.12,5,47.252,2582.83,5585.39,48.3302,2,2,1.0,0.0,0.1,6,0.0,0,True,1746968692.1098363,right,False
5398,1746968707.4254203,192.034,-16.2127,-0.184057,0.0202128,-0.0947293,6104.64,5,47.274,2584,5586.57,48.3299,2,2,1.0,0.0,0.1,6,0.0,0,True,1746968692.1098363,right,False
5399,1746968707.4458914,191.87,-17.5256,-0.303575,0.0210327,-0.103207,6119.67,5,47.296,2585.18,5587.74,48.3296,2,2,1.0,0.0,0.1,6,0.0,0,True,1746968692.1098363,right,False
5400,1746968707.4686663,191.693,-18.8014,-0.428054,0.0219808,-0.111607,6135.11,5,47.318,2586.36,5588.92,48.3292,2,2,1.0,0.0,0.0,6,0.0,0,True,1746968692.1098363,left,False
5401,1746968707.4926908,191.509,-20.0345,-0.543264,0.0230733,-0.119924,6140.93,5,47.34,2587.54,5590.1,48.3289,2,2,1.0,0.0,0.0,6,0.0,0,True,1746968692.1098363,left,False
5402,1746968707.51312,191.312,-21.2365,-0.677375,0.0243103,-0.128119,6152.34,5,47.362,2588.72,5591.28,48.3286,2,2,1.0,0.0,0.0,6,0.0,0,True,1746968692.1098363,left,False
5403,1746968707.532949,191.105,-22.3985,-0.801306,0.0257019,-0.136201,6161.3,5,47.384,2589.9,5592.46,48.3282,2,2,1.0,0.0,0.0,6,0.0,0,True,1746968692.1098363,left,False
5404,1746968707.5567536,190.922,-23.5496,-0.929388,0.027238,-0.143923,6164.46,5,47.406,2591.07,5593.63,48.3279,2,2,1.0,0.0,0.0,6,0.0,0,True,1746968692.1098363,left,False
5405,1746968707.5784495,190.761,-24.5661,-1.05094,0.0289063,-0.150919,6155.91,5,47.428,2592.25,5594.81,48.3276,2,2,1.0,0.0,0.0,6,0.0,0,True,1746968692.1098363,left,False
5406,1746968707.5987694,190.608,-25.4241,-1.17358,0.0307129,-0.157224,6146.85,5,47.45,2593.43,5595.99,48.3272,2,2,1.0,0.0,0.0,6,0.0,0,True,1746968692.1098363,left,False
5407,1746968707.6245816,190.465,-26.1432,-1.28874,0.032664,-0.162874,6137.96,5,47.472,2594.6,5597.16,48.3269,2,2,1.0,0.0,0.0,6,0.0,0,True,1746968692.1098363,left,False
5408,1746968707.6426327,190.336,-26.7256,-1.40205,0.0347697,-0.16791,6126.9,5,47.494,2595.78,5598.34,48.3265,2,2,1.0,0.0,0.0,6,0.0,0,True,1746968692.1098363,left,False
5409,1746968707.6657028,190.212,-27.1829,-1.51926,0.0370341,-0.172335,6125.8,5,47.516,2596.95,5599.52,48.3262,2,2,1.0,0.0,0.0,6,0.0,0,True,1746968692.1098363,left,False
5410,1746968707.6876893,190.102,-27.5186,-1.62701,0.0394531,-0.176153,6123.9,5,47.538,2598.13,5600.69,48.3259,2,2,1.0,0.0,0.0,6,0.0,0,True,1746968692.1098363,left,False
5411,1746968707.7102494,190.002,-27.7308,-1.73982,0.042039,-0.179352,6129.43,5,47.56,2599.31,5601.87,48.3255,2,2,1.0,0.0,0.0,6,0.0,0,True,1746968692.1098363,left,False
5412,1746968707.7322564,189.92,-27.8198,-1.85014,0.0447876,-0.181934,6132.59,5,47.582,2600.48,5603.04,48.3252,2,2,1.0,0.0,0.0,6,0.0,0,True,1746968692.1098363,left,False
5413,1746968707.754126,189.852,-27.7966,-1.96188,0.047699,-0.183919,6138.76,5,47.604,2601.66,5604.22,48.3249,2,2,1.0,0.0,0.0,6,0.0,0,True,1746968692.1098363,left,False
5414,1746968707.7765043,189.797,-27.6538,-2.07215,0.0507731,-0.185259,6149.89,5,47.626,2602.83,5605.39,48.3245,2,2,1.0,0.0,0.0,6,0.0,0,True,1746968692.1098363,left,False
5415,1746968707.7976496,189.763,-27.389,-2.1811,0.05401,-0.185953,6159.75,5,47.648,2604,5606.56,48.3242,2,2,1.0,0.0,0.0,6,0.0,0,True,1746968692.1098363,left,False
5416,1746968707.8197541,189.745,-27.0042,-2.28841,0.0574097,-0.185999,6172.43,5,47.67,2605.18,5607.74,48.3239,2,2,1.0,0.0,0.0,6,0.0,0,True,1746968692.1098363,left,False
5417,1746968707.8420951,189.752,-26.4973,-2.39473,0.0609701,-0.185386,6177.83,5,47.692,2606.35,5608.91,48.3235,2,2,1.0,0.0,0.0,6,0.0,0,True,1746968692.1098363,left,False
5418,1746968707.8626184,189.778,-25.8763,-2.50451,0.0646891,-0.184114,6182.19,5,47.714,2607.52,5610.08,48.3232,2,2,1.0,0.0,0.0,6,0.0,0,True,1746968692.1098363,left,False
5419,1746968707.8842373,189.821,-25.1403,-2.60961,0.0685608,-0.182191,6185.22,5,47.736,2608.7,5611.26,48.3229,2,2,1.0,0.0,0.0,6,0.0,0,True,1746968692.1098363,left,False
5420,1746968707.9060142,189.89,-24.2924,-2.71376,0.072583,-0.179639,6178.33,5,47.758,2609.87,5612.43,48.3225,2,2,1.0,0.0,0.0,6,0.0,0,True,1746968692.1098363,left,False
5421,1746968707.9283109,189.977,-23.3396,-2.81456,0.0767578,-0.176492,6169.32,5,47.78,2611.04,5613.6,48.3222,2,2,1.0,0.0,0.0,6,0.0,0,True,1746968692.1098363,left,False
5422,1746968707.9499953,190.078,-22.2883,-2.91197,0.081075,-0.172756,6155.12,5,47.802,2612.21,5614.77,48.3218,2,2,1.0,0.0,0.0,6,0.0,0,True,1746968692.1098363,left,False
5423,1746968707.9758272,190.192,-21.148,-3.01022,0.0855286,-0.168446,6143.86,5,47.824,2613.39,5615.95,48.3215,2,2,1.0,0.0,0.0,6,0.0,0,True,1746968692.1098363,left,False
5424,1746968707.9968307,190.323,-19.9214,-3.10061,0.0901143,-0.163597,6121.61,5,47.846,2614.56,5617.12,48.3212,2,2,1.0,0.0,0.0,6,0.0,0,True,1746968692.1098363,left,False
5425,1746968708.0170374,190.465,-18.6145,-3.1885,0.0948222,-0.158219,6097.66,5,47.868,2615.73,5618.29,48.3208,2,2,1.0,0.0,0.0,6,0.0,0,True,1746968692.1098363,left,False
5426,1746968708.0377004,190.613,-17.2458,-3.27558,0.099646,-0.152368,6074.56,5,47.89,2616.9,5619.47,48.3205,2,2,1.0,0.0,0.0,6,0.0,0,True,1746968692.1098363,left,False
5427,1746968708.0626395,190.768,-15.8165,-3.35186,0.104574,-0.146069,6045.32,5,47.912,2618.08,5620.64,48.3202,2,2,1.0,0.0,0.0,6,0.0,0,True,1746968692.1098363,left,False
5428,1746968708.084576,190.923,-14.3517,-3.42263,0.109587,-0.139376,6020.14,5,47.934,2619.25,5621.81,48.3198,2,2,1.0,0.0,0.0,6,0.0,0,True,1746968692.1098363,left,False
5429,1746968708.1065176,191.079,-12.8597,-3.48244,0.114675,-0.132356,5993.71,5,47.956,2620.43,5622.99,48.3195,2,2,1.0,0.0,0.0,6,0.0,0,True,1746968692.1098363,left,False
5430,1746968708.1278925,191.23,-11.3659,-3.54203,0.119818,-0.125066,5971.02,5,47.978,2621.6,5624.16,48.3192,2,2,1.0,0.0,0.0,6,0.0,0,True,1746968692.1098363,left,False
5431,1746968708.1490636,191.376,-9.88552,-3.57583,0.124996,-0.1176,5948.38,5,48,2622.78,5625.34,48.3188,2,2,1.0,0.0,0.0,6,0.0,0,True,1746968692.1098363,left,False
5432,1746968708.1732798,191.513,-8.44426,-3.60621,0.130186,-0.110029,5930.83,5,48.022,2623.95,5626.51,48.3185,2,2,1.0,0.0,0.0,6,0.0,0,True,1746968692.1098363,left,False
5433,1746968708.1951683,191.643,-7.05802,-3.61111,0.135364,-0.102436,5915.05,5,48.044,2625.13,5627.69,48.3182,2,2,1.0,0.0,0.0,6,0.0,0,True,1746968692.1098363,left,False
5434,1746968708.2167258,191.762,-5.75041,-3.61294,0.140499,-0.094888,5905.47,5,48.066,2626.31,5628.87,48.3178,2,2,1.0,0.0,0.0,6,0.0,0,True,1746968692.1098363,left,False
5435,1746968708.2361689,191.873,-4.52783,-3.58352,0.145567,-0.0874518,5897.06,5,48.088,2627.49,5630.05,48.3175,2,2,1.0,0.0,0.0,6,0.0,0,True,1746968692.1098363,left,False
5436,1746968708.2580428,191.976,-3.40571,-3.53737,0.150537,-0.0801776,5891.01,5,48.11,2628.67,5631.23,48.3171,2,2,1.0,0.0,0.0,6,0.0,0,True,1746968692.1098363,left,False
5437,1746968708.280025,192.072,-2.38948,-3.47309,0.155381,-0.0731052,5888.33,5,48.132,2629.85,5632.41,48.3168,2,2,1.0,0.0,0.0,6,0.0,0,True,1746968692.1098363,left,False
5438,1746968708.3041985,192.162,-1.48118,-3.38785,0.160073,-0.0662654,5885.91,5,48.154,2631.03,5633.59,48.3165,2,2,1.0,0.0,0.0,6,0.0,0,True,1746968692.1098363,left,False
5439,1746968708.3259532,192.247,-0.680765,-3.27923,0.164589,-0.0596789,5884.77,5,48.176,2632.21,5634.77,48.3161,2,2,1.0,0.0,0.0,6,0.0,0,True,1746968692.1098363,left,False
5440,1746968708.3471458,192.328,0.0142199,-3.1442,0.168901,-0.053356,5884.17,5,48.198,2633.39,5635.96,48.3158,2,2,1.0,0.0,0.0,6,0.0,0,True,1746968692.1098363,left,False
5441,1746968708.368926,192.406,0.608663,-2.99615,0.172992,-0.047303,5884.67,5,48.22,2634.58,5637.14,48.3155,2,2,1.0,0.0,0.0,6,0.0,0,True,1746968692.1098363,left,False
5442,1746968708.3916035,192.481,1.10795,-2.82659,0.176839,-0.0415209,5885.38,5,48.242,2635.76,5638.32,48.3151,2,2,1.0,0.0,0.0,6,0.0,0,True,1746968692.1098363,left,False
5443,1746968708.4125266,192.555,1.51938,-2.635,0.180426,-0.0360039,5886.18,5,48.264,2636.95,5639.51,48.3148,2,2,1.0,0.0,0.0,6,0.0,0,True,1746968692.1098363,left,False
5444,1746968708.4362283,192.626,1.85038,-2.43208,0.183742,-0.0307453,5887.65,5,48.286,2638.13,5640.7,48.3145,2,2,1.0,0.0,0.0,6,0.0,0,True,1746968692.1098363,left,False
5445,1746968708.4566832,192.697,2.1082,-2.21453,0.186776,-0.0257319,5888.9,5,48.308,2639.32,5641.88,48.3141,2,2,1.0,0.0,0.0,6,0.0,0,True,1746968692.1098363,left,False
5446,1746968708.481194,192.766,2.30277,-1.99525,0.189512,-0.0209482,5890.6,5,48.33,2640.51,5643.07,48.3138,2,2,1.0,0.0,0.0,6,0.0,0,True,1746968692.1098363,right,False
5447,1746968708.5001595,192.835,2.44091,-1.75429,0.191951,-0.0163754,5891.57,5,48.352,2641.7,5644.26,48.3135,2,2,1.0,0.0,0.0,6,0.0,0,True,1746968692.1098363,right,False
5448,1746968708.5242572,192.903,2.53146,-1.51202,0.194082,-0.0119937,5893.16,5,48.374,2642.89,5645.45,48.3131,2,2,1.0,0.0,0.0,6,0.0,0,True,1746968692.1098363,right,False
5449,1746968708.5465431,192.97,2.58354,-1.27542,0.195903,-0.00778228,5895.74,5,48.396,2644.08,5646.64,48.3128,2,2,1.0,0.0,0.0,6,0.0,0,True,1746968692.1098363,right,False
5450,1746968708.5681856,193.037,2.60235,-1.03831,0.19741,-0.00372154,5897.64,5,48.418,2645.27,5647.83,48.3124,2,2,1.0,0.0,0.0,6,0.0,0,True,1746968692.1098363,right,False
5451,1746968708.5897224,193.103,2.59582,-0.794944,0.198608,0.000213798,5898.93,5,48.44,2646.46,5649.03,48.3121,2,2,1.0,0.0,0.0,6,0.0,0,True,1746968692.1098363,right,False
5452,1746968708.6112902,193.169,2.56958,-0.55328,0.199491,0.00404471,5900.43,5,48.462,2647.65,5650.22,48.3118,2,2,1.0,0.0,0.0,6,0.0,0,True,1746968692.1098363,right,False
5453,1746968708.6328423,193.234,2.52962,-0.312503,0.200063,0.00778931,5901.58,5,48.484,2648.85,5651.41,48.3114,2,2,1.0,0.0,0.0,6,0.0,0,True,1746968692.1098363,right,False
5454,1746968708.6562285,193.298,2.48013,-0.078872,0.200323,0.0114657,5904.24,5,48.506,2650.04,5652.6,48.3111,2,2,1.0,0.0,0.0,6,0.0,0,True,1746968692.1098363,right,False
5455,1746968708.6778495,193.362,2.42494,0.143399,0.200273,0.0150883,5906.51,5,48.528,2651.23,5653.8,48.3108,2,2,1.0,0.0,0.0,6,0.0,0,True,1746968692.1098363,right,False
5456,1746968708.701892,193.425,2.36598,0.368473,0.199917,0.0186688,5907.86,5,48.55,2652.43,5654.99,48.3104,2,2,1.0,0.0,0.0,6,0.0,0,True,1746968692.1098363,right,False
5457,1746968708.7207377,193.486,2.30792,0.579448,0.199255,0.0222208,5910.88,5,48.572,2653.62,5656.19,48.3101,2,2,1.0,0.0,0.0,6,0.0,0,True,1746968692.1098363,right,False
5458,1746968708.7423055,193.548,2.24885,0.795337,0.198289,0.0257518,5911.85,5,48.594,2654.82,5657.38,48.3098,2,2,1.0,0.0,0.0,6,0.0,0,True,1746968692.1098363,right,False
5459,1746968708.7669835,193.608,2.19323,1.00243,0.197021,0.0292708,5913.86,5,48.616,2656.01,5658.57,48.3094,2,2,1.0,0.0,0.0,6,0.0,0,True,1746968692.1098363,right,False
5460,1746968708.7885084,193.668,2.14142,1.20583,0.195455,0.0327837,5915.59,5,48.638,2657.21,5659.77,48.3091,2,2,1.0,0.0,0.0,6,0.0,0,True,1746968692.1098363,right,False
5461,1746968708.8082416,193.726,2.09338,1.4028,0.193589,0.0362942,5917.83,5,48.66,2658.4,5660.96,48.3088,2,2,1.0,0.0,0.0,6,0.0,0,True,1746968692.1098363,right,False
5462,1746968708.8321857,193.783,2.04981,1.58692,0.191427,0.0398037,5920.97,5,48.682,2659.6,5662.16,48.3084,2,2,1.0,0.0,0.0,6,0.0,0,True,1746968692.1098363,right,False
5463,1746968708.8533227,193.841,2.00849,1.77827,0.188971,0.0433108,5921.87,5,48.704,2660.79,5663.35,48.3081,2,2,1.0,0.0,0.0,6,0.0,0,True,1746968692.1098363,right,False
5464,1746968708.8748665,193.897,1.971,1.96185,0.186218,0.0468194,5924.4,5,48.726,2661.99,5664.55,48.3077,2,2,1.0,0.0,0.0,6,0.0,0,True,1746968692.1098363,right,False
5465,1746968708.8996794,193.952,1.93712,2.14762,0.183175,0.0503313,5926.1,5,48.748,2663.18,5665.75,48.3074,2,2,1.0,0.0,0.0,6,0.0,0,True,1746968692.1098363,right,False
5466,1746968708.9203491,194.007,1.90517,2.32774,0.17984,0.0538399,5928.24,5,48.77,2664.38,5666.94,48.3071,2,2,1.0,0.0,0.0,6,0.0,0,True,1746968692.1098363,right,False
5467,1746968708.9399943,194.061,1.87623,2.51523,0.176215,0.0573513,5929.53,5,48.792,2665.57,5668.14,48.3067,2,2,1.0,0.0,0.0,6,0.0,0,True,1746968692.1098363,right,False
5468,1746968708.962499,194.114,1.85017,2.69087,0.172298,0.0608637,5931.4,5,48.814,2666.77,5669.33,48.3064,2,2,1.0,0.0,0.0,6,0.0,0,True,1746968692.1098363,right,False
5469,1746968708.9849758,194.167,1.82651,2.87298,0.168093,0.0643794,5933.19,5,48.836,2667.96,5670.53,48.3061,2,2,1.0,0.0,0.0,6,0.0,0,True,1746968692.1098363,right,False
5470,1746968709.0084736,194.218,1.80439,3.05748,0.163601,0.0678942,5934.86,5,48.858,2669.16,5671.72,48.3057,2,2,1.0,0.0,0.0,6,0.0,0,True,1746968692.1098363,right,False
5471,1746968709.0292907,194.269,1.78361,3.23791,0.158822,0.071407,5936.02,5,48.88,2670.35,5672.92,48.3054,2,2,1.0,0.0,0.0,6,0.0,0,True,1746968692.1098363,right,False
5472,1746968709.0510736,194.319,1.76391,3.42137,0.153752,0.074918,5937.53,5,48.902,2671.55,5674.11,48.3051,2,2,1.0,0.0,0.0,6,0.0,0,True,1746968692.1098363,right,False
5473,1746968709.0722053,194.368,1.74586,3.61113,0.148397,0.0784289,5938.87,5,48.924,2672.74,5675.3,48.3047,2,2,1.0,0.0,0.0,6,0.0,0,True,1746968692.1098363,right,False
5474,1746968709.0962703,194.417,1.72925,3.79186,0.142759,0.0819413,5940.43,5,48.946,2673.93,5676.5,48.3044,2,2,1.0,0.0,0.0,6,0.0,0,True,1746968692.1098363,right,False
5475,1746968709.1161878,194.464,1.71462,3.97121,0.136833,0.0854532,5942.43,5,48.968,2675.13,5677.69,48.3041,2,2,1.0,0.0,0.0,6,0.0,0,True,1746968692.1098363,right,False
5476,1746968709.1417682,194.512,1.70045,4.16226,0.130621,0.0889665,5942.84,5,48.99,2676.32,5678.88,48.3037,2,2,1.0,0.0,0.0,6,0.0,0,True,1746968692.1098363,right,False
5477,1746968709.1628284,194.557,1.6892,4.33683,0.124129,0.0924804,5946.44,5,49.012,2677.51,5680.08,48.3034,2,2,1.0,0.0,0.0,6,0.0,0,True,1746968692.1098363,right,False
5478,1746968709.1822724,194.599,1.67895,4.49455,0.117485,0.0922868,5951.08,5,49.034,2678.7,5681.26,48.303,2,2,1.0,0.0,0.0,6,0.0,0,True,1746968692.1098363,right,False
5479,1746968709.205503,194.643,1.6673,4.6252,0.110874,0.0917899,5955.85,5,49.056,2679.88,5682.45,48.3027,2,2,1.0,0.0,0.0,6,0.0,0,True,1746968692.1098363,right,False
5480,1746968709.226329,194.684,1.65644,4.70721,0.104297,0.0912692,5961.82,5,49.078,2681.07,5683.63,48.3024,2,2,1.0,0.0,0.0,6,0.0,0,True,1746968692.1098363,right,False
5481,1746968709.2497096,194.726,1.64675,4.74986,0.0977567,0.0907275,5968.38,5,49.1,2682.25,5684.82,48.302,2,2,1.0,0.0,0.0,6,0.0,0,True,1746968692.1098363,right,False
5482,1746968709.2721188,194.768,1.6382,4.75132,0.0912542,0.0901686,5973.76,5,49.122,2683.44,5686,48.3017,2,2,1.0,0.0,0.0,6,0.0,0,True,1746968692.1098363,right,False
5483,1746968709.2941165,194.811,1.63035,4.72991,0.0847914,0.0895955,5978.73,5,49.144,2684.63,5687.19,48.3014,2,2,1.0,0.0,0.0,6,0.0,0,True,1746968692.1098363,right,False
5484,1746968709.3137333,194.854,1.62321,4.67714,0.07837,0.089009,5983.67,5,49.166,2685.81,5688.38,48.301,2,2,1.0,0.0,0.0,6,0.0,0,True,1746968692.1098363,right,False
5485,1746968709.3392034,194.897,1.61648,4.60601,0.0719911,0.0884105,5987.72,5,49.188,2687,5689.56,48.3007,2,2,1.0,0.0,0.0,6,0.0,0,True,1746968692.1098363,right,False
5486,1746968709.3605738,194.941,1.60965,4.51814,0.0656557,0.0878026,5991.14,5,49.21,2688.19,5690.75,48.3004,2,2,1.0,0.0,0.0,6,0.0,0,True,1746968692.1098363,right,False
5487,1746968709.3821666,194.986,1.6024,4.43173,0.0593643,0.0871889,5993.28,5,49.232,2689.38,5691.94,48.3,2,2,1.0,0.0,0.0,6,0.0,0,True,1746968692.1098363,right,False
5488,1746968709.403975,195.032,1.59524,4.33515,0.053117,0.08657,5994.12,5,49.254,2690.56,5693.13,48.2997,2,2,1.0,0.0,0.0,6,0.0,0,True,1746968692.1098363,right,False
5489,1746968709.425563,195.079,1.58822,4.25459,0.046914,0.0859553,5994.41,5,49.276,2691.75,5694.32,48.2994,2,2,1.0,0.0,0.0,6,0.0,0,True,1746968692.1098363,right,False
5490,1746968709.4472094,195.126,1.58305,4.16665,0.0407557,0.0853459,5994.26,5,49.298,2692.94,5695.5,48.299,2,2,1.0,0.0,0.0,6,0.0,0,True,1746968692.1098363,right,False
5491,1746968709.4706695,195.174,1.57827,4.09116,0.0346415,0.0847451,5993.04,5,49.32,2694.13,5696.69,48.2987,2,2,1.0,0.0,0.0,6,0.0,0,True,1746968692.1098363,right,False
5492,1746968709.4928606,195.221,1.57673,4.01561,0.0285716,0.0841615,5993.69,5,49.342,2695.32,5697.88,48.2983,2,2,1.0,0.0,0.0,6,0.0,0,True,1746968692.1098363,right,False
5493,1746968709.5124772,195.269,1.57743,3.95289,0.0225456,0.083594,5993.46,5,49.364,2696.51,5699.07,48.298,2,2,1.0,0.0,0.0,6,0.0,0,True,1746968692.1098363,right,False
5494,1746968709.534279,195.316,1.58036,3.90299,0.016563,0.0830452,5992.67,5,49.386,2697.7,5700.26,48.2977,2,2,1.0,0.0,0.0,6,0.0,0,True,1746968692.1098363,right,False
5495,1746968709.5562632,195.363,1.58629,3.85615,0.0106235,0.0825164,5992.42,5,49.408,2698.89,5701.45,48.2973,2,2,1.0,0.0,0.0,6,0.0,0,True,1746968692.1098363,right,False
5496,1746968709.5801907,195.41,1.59486,3.81296,0.00472686,0.0820042,5993.2,5,49.43,2700.08,5702.64,48.297,2,2,1.0,0.0,0.0,6,0.0,0,True,1746968692.1098363,right,False
5497,1746968709.602343,195.458,1.60452,3.77958,-0.00112743,0.0815064,5992.65,5,49.452,2701.27,5703.84,48.2967,2,2,1.0,0.0,0.0,6,0.0,0,True,1746968692.1098363,right,False
5498,1746968709.6249237,195.504,1.61731,3.74433,-0.00693989,0.0810272,5994.24,5,49.474,2702.46,5705.03,48.2963,2,2,1.0,0.0,0.0,6,0.0,0,True,1746968692.1098363,right,False
5499,1746968709.6462731,195.551,1.63075,3.72092,-0.0127106,0.0805594,5994.95,5,49.496,2703.66,5706.22,48.296,2,2,1.0,0.0,0.0,6,0.0,0,True,1746968692.1098363,right,False
5500,1746968709.668519,195.597,1.64528,3.69696,-0.0184406,0.0801017,5996.24,5,49.518,2704.85,5707.41,48.2957,2,2,1.0,0.0,0.0,6,0.0,0,True,1746968692.1098363,right,False
5501,1746968709.691521,195.644,1.6598,3.68081,-0.02413,0.0796525,5997.42,5,49.54,2706.04,5708.6,48.2953,2,2,1.0,0.0,0.0,6,0.0,0,True,1746968692.1098363,right,False
5502,1746968709.7103424,195.69,1.67485,3.65631,-0.0297793,0.0792081,5999.27,5,49.562,2707.23,5709.8,48.295,2,2,1.0,0.0,0.0,6,0.0,0,True,1746968692.1098363,right,False
5503,1746968709.7331927,195.736,1.6889,3.64002,-0.0353891,0.0787651,6000.93,5,49.584,2708.43,5710.99,48.2947,2,2,1.0,0.0,0.0,6,0.0,0,True,1746968692.1098363,right,False
5504,1746968709.7567096,195.782,1.70199,3.62257,-0.0409597,0.0783212,6001.93,5,49.606,2709.62,5712.18,48.2943,2,2,1.0,0.0,0.0,6,0.0,0,True,1746968692.1098363,right,False
5505,1746968709.7782416,195.828,1.71399,3.59802,-0.046491,0.0778744,6004.38,5,49.628,2710.81,5713.38,48.294,2,2,1.0,0.0,0.0,6,0.0,0,True,1746968692.1098363,right,False
5506,1746968709.802391,195.874,1.72455,3.57919,-0.0519838,0.0774228,6006.64,5,49.65,2712.01,5714.57,48.2936,2,2,1.0,0.0,0.0,6,0.0,0,True,1746968692.1098363,right,False
5507,1746968709.822126,195.921,1.7329,3.56135,-0.0574381,0.0769665,6006.81,5,49.672,2713.2,5715.76,48.2933,2,2,1.0,0.0,0.0,6,0.0,0,True,1746968692.1098363,right,False
5508,1746968709.8439717,195.967,1.74014,3.54199,-0.062854,0.076503,6008.8,5,49.694,2714.4,5716.96,48.293,2,2,1.0,0.0,0.0,6,0.0,0,True,1746968692.1098363,right,False
5509,1746968709.8667715,196.013,1.74565,3.51832,-0.0682315,0.0760333,6011.18,5,49.716,2715.59,5718.15,48.2926,2,2,1.0,0.0,0.0,6,0.0,0,True,1746968692.1098363,right,False
5510,1746968709.8876286,196.059,1.7495,3.50023,-0.073571,0.075556,6011.84,5,49.738,2716.79,5719.35,48.2923,2,2,1.0,0.0,0.0,6,0.0,0,True,1746968692.1098363,right,False
5511,1746968709.9097009,196.105,1.75214,3.47303,-0.0788722,0.0750725,6015.01,5,49.76,2717.98,5720.55,48.292,2,2,1.0,0.0,0.0,6,0.0,0,True,1746968692.1098363,right,False
5512,1746968709.9333758,196.152,1.75309,3.45253,-0.0841356,0.0745818,6015.46,5,49.782,2719.18,5721.74,48.2916,2,2,1.0,0.0,0.0,6,0.0,0,True,1746968692.1098363,right,False
5513,1746968709.954986,196.199,1.75274,3.42804,-0.0893607,0.0740849,6016.73,5,49.804,2720.38,5722.94,48.2913,2,2,1.0,0.0,0.0,6,0.0,0,True,1746968692.1098363,right,False
5514,1746968709.9761896,196.245,1.75174,3.40992,-0.0945477,0.0735833,6018.03,5,49.826,2721.57,5724.13,48.291,2,2,1.0,0.0,0.0,6,0.0,0,True,1746968692.1098363,right,False
5515,1746968709.9995499,196.292,1.75008,3.3803,-0.0996964,0.0730764,6019.77,5,49.848,2722.77,5725.33,48.2906,2,2,1.0,0.0,0.0,6,0.0,0,True,1746968692.1098363,right,False
5516,1746968710.0196834,196.339,1.74784,3.35862,-0.104807,0.0725657,6021.22,5,49.87,2723.97,5726.53,48.2903,2,2,1.0,0.0,0.0,6,0.0,0,True,1746968692.1098363,right,False
5517,1746968710.042662,196.385,1.74508,3.32813,-0.109879,0.0720522,6022.86,5,49.892,2725.16,5727.73,48.29,2,2,1.0,0.0,0.0,6,0.0,0,True,1746968692.1098363,right,False
5518,1746968710.065583,196.432,1.74227,3.30233,-0.114912,0.0715372,6023.58,5,49.914,2726.36,5728.92,48.2896,2,2,1.0,0.0,0.0,6,0.0,0,True,1746968692.1098363,right,False
5519,1746968710.0851967,196.479,1.73911,3.28138,-0.119907,0.0710208,6024.68,5,49.936,2727.56,5730.12,48.2893,2,2,1.0,0.0,0.0,6,0.0,0,True,1746968692.1098363,right,False
5520,1746968710.108857,196.525,1.73634,3.2508,-0.124863,0.0705034,6027.2,5,49.958,2728.76,5731.32,48.2889,2,2,1.0,0.0,0.0,6,0.0,0,True,1746968692.1098363,right,False
5521,1746968710.1302397,196.573,1.73377,3.22426,-0.12978,0.069987,6027.88,5,49.98,2729.96,5732.52,48.2886,2,2,1.0,0.0,0.0,6,0.0,0,True,1746968692.1098363,right,False
5522,1746968710.153049,196.62,1.73117,3.20095,-0.134658,0.0694706,6028.19,5,50.002,2731.16,5733.72,48.2883,2,2,1.0,0.0,0.0,6,0.0,0,True,1746968692.1098363,right,False
5523,1746968710.1757832,196.666,1.72948,3.17093,-0.139498,0.0689551,6030.55,5,50.024,2732.36,5734.92,48.2879,2,2,1.0,0.0,0.0,6,0.0,0,True,1746968692.1098363,right,False
5524,1746968710.193367,196.714,1.72737,3.15082,-0.144298,0.0684416,6031.18,5,50.046,2733.56,5736.12,48.2876,2,2,1.0,0.0,0.0,6,0.0,0,True,1746968692.1098363,right,False
5525,1746968710.2169418,196.761,1.72628,3.12396,-0.149058,0.0679285,6032.63,5,50.068,2734.76,5737.32,48.2873,2,2,1.0,0.0,0.0,6,0.0,0,True,1746968692.1098363,right,False
5526,1746968710.2410216,196.808,1.72516,3.09664,-0.15378,0.0674168,6034.29,5,50.09,2735.96,5738.52,48.2869,2,2,1.0,0.0,0.0,6,0.0,0,True,1746968692.1098363,right,False
5527,1746968710.2626898,196.855,1.72431,3.07286,-0.158463,0.0669066,6035.88,5,50.112,2737.16,5739.72,48.2866,2,2,1.0,0.0,0.0,6,0.0,0,True,1746968692.1098363,right,False
5528,1746968710.284629,196.902,1.724,3.04568,-0.163106,0.0663974,6037.46,5,50.134,2738.36,5740.92,48.2863,2,2,1.0,0.0,0.0,6,0.0,0,True,1746968692.1098363,right,False
5529,1746968710.3045094,196.949,1.724,3.01674,-0.167709,0.0658891,6038.77,5,50.156,2739.56,5742.12,48.2859,2,2,1.0,0.0,0.0,6,0.0,0,True,1746968692.1098363,right,False
5530,1746968710.3263865,196.996,1.72418,2.99043,-0.172274,0.0653817,6040.2,5,50.178,2740.76,5743.32,48.2856,2,2,1.0,0.0,0.0,6,0.0,0,True,1746968692.1098363,right,False
5531,1746968710.3519113,197.043,1.72434,2.96753,-0.176799,0.0648758,6041.41,5,50.2,2741.96,5744.53,48.2853,2,2,1.0,0.0,0.0,6,0.0,0,True,1746968692.1098363,right,False
5532,1746968710.372707,197.091,1.72448,2.93657,-0.181284,0.0643698,6042.67,5,50.222,2743.17,5745.73,48.2849,2,2,1.0,0.0,0.0,6,0.0,0,True,1746968692.1098363,right,False
5533,1746968710.3940654,197.137,1.7253,2.91175,-0.18573,0.0638654,6044.9,5,50.244,2744.37,5746.93,48.2846,2,2,1.0,0.0,0.0,6,0.0,0,True,1746968692.1098363,right,False
5534,1746968710.4177644,197.185,1.72567,2.88445,-0.190137,0.0633609,6046.35,5,50.266,2745.57,5748.13,48.2842,2,2,1.0,0.0,0.0,6,0.0,0,True,1746968692.1098363,right,False
5535,1746968710.4384198,197.232,1.726,2.85882,-0.194504,0.0628559,6047.61,5,50.288,2746.78,5749.34,48.2839,2,2,1.0,0.0,0.0,6,0.0,0,True,1746968692.1098363,right,False
5536,1746968710.4590747,197.279,1.72662,2.83209,-0.198832,0.0623519,6049.03,5,50.31,2747.98,5750.54,48.2836,2,2,1.0,0.0,0.0,6,0.0,0,True,1746968692.1098363,right,False
5537,1746968710.4801338,197.326,1.72708,2.80627,-0.20312,0.0618469,6050.7,5,50.332,2749.18,5751.75,48.2832,2,2,1.0,0.0,0.0,6,0.0,0,True,1746968692.1098363,right,False
5538,1746968710.5027268,197.374,1.72747,2.78328,-0.207369,0.0613429,6052.09,5,50.354,2750.39,5752.95,48.2829,2,2,1.0,0.0,0.0,6,0.0,0,True,1746968692.1098363,right,False
5539,1746968710.5285528,197.421,1.72759,2.75746,-0.211578,0.0608374,6053.04,5,50.376,2751.59,5754.16,48.2826,2,2,1.0,0.0,0.0,6,0.0,0,True,1746968692.1098363,right,False
5540,1746968710.551085,197.469,1.72793,2.73005,-0.215748,0.0603315,6054.62,5,50.398,2752.8,5755.36,48.2822,2,2,1.0,0.0,0.0,6,0.0,0,True,1746968692.1098363,right,False
5541,1746968710.5712645,197.516,1.72793,2.7027,-0.219878,0.0598265,6055.26,5,50.42,2754,5756.57,48.2819,2,2,1.0,0.0,0.0,6,0.0,0,True,1746968692.1098363,right,False
5542,1746968710.5919933,197.564,1.72801,2.67927,-0.223969,0.0593197,6056.85,5,50.442,2755.21,5757.77,48.2816,2,2,1.0,0.0,0.0,6,0.0,0,True,1746968692.1098363,right,False
5543,1746968710.61216,197.611,1.72795,2.65333,-0.22802,0.0588123,6058.34,5,50.464,2756.42,5758.98,48.2812,2,2,1.0,0.0,0.0,6,0.0,0,True,1746968692.1098363,right,False
5544,1746968710.6368484,197.658,1.72781,2.62079,-0.232031,0.0583035,6060.47,5,50.486,2757.62,5760.18,48.2809,2,2,1.0,0.0,0.0,6,0.0,0,True,1746968692.1098363,right,False
5545,1746968710.6577852,197.706,1.72788,2.60127,-0.236003,0.0577967,6061.11,5,50.508,2758.83,5761.39,48.2806,2,2,1.0,0.0,0.0,6,0.0,0,True,1746968692.1098363,right,False
5546,1746968710.679759,197.753,1.72785,2.56961,-0.239935,0.0572903,6062.92,5,50.53,2760.04,5762.6,48.2802,2,2,1.0,0.0,0.0,6,0.0,0,True,1746968692.1098363,right,False
5547,1746968710.700934,197.802,1.72663,2.55035,-0.243827,0.0567805,6063.44,5,50.552,2761.24,5763.8,48.2799,2,2,1.0,0.0,0.0,6,0.0,0,True,1746968692.1098363,right,False
5548,1746968710.7232766,197.848,1.72763,2.51706,-0.24768,0.0562746,6066.59,5,50.574,2762.45,5765.01,48.2795,2,2,1.0,0.0,0.0,6,0.0,0,True,1746968692.1098363,right,False
5549,1746968710.7470703,197.897,1.72718,2.49069,-0.251493,0.0557668,6066.64,5,50.596,2763.66,5766.22,48.2792,2,2,1.0,0.0,0.0,6,0.0,0,True,1746968692.1098363,right,False
5550,1746968710.7682993,197.944,1.72767,2.47424,-0.255266,0.0552613,6067.94,5,50.618,2764.87,5767.43,48.2789,2,2,1.0,0.0,0.0,6,0.0,0,True,1746968692.1098363,right,False
5551,1746968710.7918725,197.992,1.7276,2.44446,-0.259,0.0547573,6069.49,5,50.64,2766.08,5768.64,48.2785,2,2,1.0,0.0,0.0,6,0.0,0,True,1746968692.1098363,right,False
5552,1746968710.8130078,198.039,1.72991,2.41317,-0.262694,0.0542571,6072.02,5,50.662,2767.28,5769.85,48.2782,2,2,1.0,0.0,0.0,6,0.0,0,True,1746968692.1098363,right,False
5553,1746968710.8334334,198.086,1.73221,2.37972,-0.266347,0.0537564,6074.17,5,50.684,2768.49,5771.05,48.2779,2,2,1.0,0.0,0.0,6,0.0,0,True,1746968692.1098363,right,False
5554,1746968710.857757,198.134,1.73147,2.3545,-0.26996,0.0532481,6075.04,5,50.706,2769.7,5772.26,48.2775,2,2,1.0,0.0,0.0,6,0.0,0,True,1746968692.1098363,right,False
5555,1746968710.8765976,198.182,1.72955,2.33581,-0.273534,0.0527355,6075.92,5,50.728,2770.91,5773.47,48.2772,2,2,1.0,0.0,0.0,6,0.0,0,True,1746968692.1098363,right,False
5556,1746968710.8991184,198.23,1.72854,2.30487,-0.277069,0.052221,6077.79,5,50.75,2772.12,5774.68,48.2769,2,2,1.0,0.0,0.0,6,0.0,0,True,1746968692.1098363,right,False
5557,1746968710.9215188,198.279,1.72706,2.28303,-0.280563,0.0517089,6077.8,5,50.772,2773.33,5775.9,48.2765,2,2,1.0,0.0,0.0,6,0.0,0,True,1746968692.1098363,right,False
5558,1746968710.9443858,198.327,1.72622,2.25884,-0.284018,0.0511996,6078.12,5,50.794,2774.54,5777.11,48.2762,2,2,1.0,0.0,0.0,6,0.0,0,True,1746968692.1098363,right,False
5559,1746968710.9656043,198.375,1.7252,2.24312,-0.287432,0.0506923,6079.82,5,50.816,2775.76,5778.32,48.2759,2,2,1.0,0.0,0.0,6,0.0,0,True,1746968692.1098363,right,False
5560,1746968710.989372,198.422,1.72465,2.21504,-0.290807,0.0501811,6082.82,5,50.838,2776.97,5779.53,48.2755,2,2,1.0,0.0,0.0,6,0.0,0,True,1746968692.1098363,right,False
5561,1746968711.0090916,198.471,1.72494,2.18569,-0.294142,0.0496747,6082.7,5,50.86,2778.18,5780.74,48.2752,2,2,1.0,0.0,0.0,6,0.0,0,True,1746968692.1098363,right,False
5562,1746968711.030586,198.519,1.72699,2.16146,-0.297437,0.0491778,6084.3,5,50.882,2779.39,5781.95,48.2748,2,2,1.0,0.0,0.0,6,0.0,0,True,1746968692.1098363,right,False
5563,1746968711.0524893,198.566,1.72906,2.13585,-0.300692,0.0486805,6086.32,5,50.904,2780.6,5783.16,48.2745,2,2,1.0,0.0,0.0,6,0.0,0,True,1746968692.1098363,right,False
5564,1746968711.0744352,198.614,1.73135,2.11133,-0.303907,0.048185,6088.24,5,50.926,2781.82,5784.38,48.2742,2,2,1.0,0.0,0.0,6,0.0,0,True,1746968692.1098363,right,False
5565,1746968711.0972254,198.662,1.73334,2.08479,-0.307082,0.0476896,6089.34,5,50.948,2783.03,5785.59,48.2738,2,2,1.0,0.0,0.0,6,0.0,0,True,1746968692.1098363,right,False
5566,1746968711.1193094,198.71,1.73574,2.05316,-0.310217,0.0471947,6091.31,5,50.97,2784.24,5786.8,48.2735,2,2,1.0,0.0,0.0,6,0.0,0,True,1746968692.1098363,right,False
5567,1746968711.1408262,198.758,1.73765,2.0241,-0.313311,0.0466983,6093.46,5,50.992,2785.46,5788.02,48.2732,2,2,1.0,0.0,0.0,6,0.0,0,True,1746968692.1098363,right,False
5568,1746968711.1644301,198.806,1.73959,1.99873,-0.316366,0.0462019,6095.2,5,51.014,2786.67,5789.23,48.2728,2,2,1.0,0.0,0.0,6,0.0,0,True,1746968692.1098363,right,False
5569,1746968711.1849523,198.854,1.74074,1.97215,-0.319381,0.0457041,6096.01,5,51.036,2787.88,5790.44,48.2725,2,2,1.0,0.0,0.0,6,0.0,0,True,1746968692.1098363,right,False
5570,1746968711.207362,198.903,1.74156,1.94727,-0.322356,0.0452043,6097.04,5,51.058,2789.1,5791.66,48.2722,2,2,1.0,0.0,0.0,6,0.0,0,True,1746968692.1098363,right,False
5571,1746968711.2315588,198.951,1.74196,1.9195,-0.325291,0.0447027,6098.57,5,51.08,2790.31,5792.87,48.2718,2,2,1.0,0.0,0.0,6,0.0,0,True,1746968692.1098363,right,False
5572,1746968711.2528038,198.999,1.7423,1.8916,-0.328186,0.0442011,6100.03,5,51.102,2791.53,5794.09,48.2715,2,2,1.0,0.0,0.0,6,0.0,0,True,1746968692.1098363,right,False
5573,1746968711.2742229,199.048,1.74213,1.86199,-0.331041,0.0436966,6100.67,5,51.124,2792.74,5795.3,48.2712,2,2,1.0,0.0,0.0,6,0.0,0,True,1746968692.1098363,right,False
5574,1746968711.2947578,199.096,1.74191,1.83678,-0.333856,0.0431916,6102.57,5,51.146,2793.96,5796.52,48.2708,2,2,1.0,0.0,0.0,6,0.0,0,True,1746968692.1098363,right,False
5575,1746968711.3185098,199.144,1.74134,1.81027,-0.336631,0.0426857,6103.75,5,51.168,2795.18,5797.74,48.2705,2,2,1.0,0.0,0.0,6,0.0,0,True,1746968692.1098363,right,False
5576,1746968711.3403594,199.192,1.74124,1.78273,-0.339367,0.0421798,6106.08,5,51.19,2796.39,5798.95,48.2701,2,2,1.0,0.0,0.0,6,0.0,0,True,1746968692.1098363,right,False
5577,1746968711.3621852,199.241,1.74052,1.76119,-0.342062,0.0416738,6106.78,5,51.212,2797.61,5800.17,48.2698,2,2,1.0,0.0,0.0,6,0.0,0,True,1746968692.1098363,right,False
5578,1746968711.3844266,199.289,1.74025,1.72704,-0.344717,0.0411674,6109.27,5,51.234,2798.83,5801.39,48.2695,2,2,1.0,0.0,0.0,6,0.0,0,True,1746968692.1098363,right,False
5579,1746968711.406571,199.337,1.73961,1.7042,-0.347332,0.0406601,6110.39,5,51.256,2800.04,5802.6,48.2691,2,2,1.0,0.0,0.0,6,0.0,0,True,1746968692.1098363,right,False
5580,1746968711.4267364,199.386,1.73873,1.68093,-0.349907,0.0401522,6111.34,5,51.278,2801.26,5803.82,48.2688,2,2,1.0,0.0,0.0,6,0.0,0,True,1746968692.1098363,right,False
5581,1746968711.454515,199.434,1.73842,1.64838,-0.352442,0.0396449,6113.28,5,51.3,2802.48,5805.04,48.2685,2,2,1.0,0.0,0.0,6,0.0,0,True,1746968692.1098363,right,False
5582,1746968711.4775827,199.483,1.73781,1.62574,-0.354936,0.0391394,6113.74,5,51.322,2803.7,5806.26,48.2681,2,2,1.0,0.0,0.0,6,0.0,0,True,1746968692.1098363,right,False
5583,1746968711.4944673,199.532,1.73744,1.6033,-0.357391,0.0386345,6114.78,5,51.344,2804.92,5807.48,48.2678,2,2,1.0,0.0,0.0,6,0.0,0,True,1746968692.1098363,right,False
5584,1746968711.5148654,199.58,1.73768,1.57895,-0.359805,0.0381305,6116.39,5,51.366,2806.14,5808.7,48.2675,2,2,1.0,0.0,0.0,6,0.0,0,True,1746968692.1098363,right,False
5585,1746968711.5463529,199.629,1.73798,1.55108,-0.362179,0.0376274,6118.03,5,51.388,2807.36,5809.91,48.2671,2,2,1.0,0.0,0.0,6,0.0,0,True,1746968692.1098363,right,False
5586,1746968711.5638492,199.678,1.73851,1.52254,-0.364513,0.0371239,6119.12,5,51.41,2808.58,5811.13,48.2668,2,2,1.0,0.0,0.0,6,0.0,0,True,1746968692.1098363,right,False
5587,1746968711.5847816,199.726,1.73861,1.49801,-0.366806,0.0366213,6121.09,5,51.432,2809.8,5812.35,48.2665,2,2,1.0,0.0,0.0,6,0.0,0,True,1746968692.1098363,right,False
5588,1746968711.605639,199.775,1.73914,1.46958,-0.369059,0.0361182,6122.86,5,51.454,2811.02,5813.57,48.2661,2,2,1.0,0.0,0.0,6,0.0,0,True,1746968692.1098363,right,False
5589,1746968711.6262815,199.823,1.73956,1.4427,-0.371272,0.0356156,6124.07,5,51.476,2812.24,5814.8,48.2658,2,2,1.0,0.0,0.0,6,0.0,0,True,1746968692.1098363,right,False
5590,1746968711.648062,199.872,1.73959,1.41981,-0.373444,0.0351126,6124.8,5,51.498,2813.46,5816.02,48.2654,2,2,1.0,0.0,0.0,6,0.0,0,True,1746968692.1098363,right,False
5591,1746968711.6690123,199.921,1.73971,1.39198,-0.375576,0.03461,6126.14,5,51.52,2814.68,5817.24,48.2651,2,2,1.0,0.0,0.0,6,0.0,0,True,1746968692.1098363,right,False
5592,1746968711.6958897,199.97,1.74041,1.36364,-0.377668,0.0341088,6128.43,5,51.542,2815.9,5818.46,48.2648,2,2,1.0,0.0,0.0,6,0.0,0,True,1746968692.1098363,right,False
5593,1746968711.7190032,200.019,1.74089,1.33953,-0.379719,0.0336091,6129.21,5,51.564,2817.12,5819.68,48.2644,2,2,1.0,0.0,0.0,6,0.0,0,True,1746968692.1098363,right,False
5594,1746968711.741572,200.067,1.74176,1.31403,-0.38173,0.0331094,6130.91,5,51.586,2818.34,5820.9,48.2641,2,2,1.0,0.0,0.0,6,0.0,0,True,1746968692.1098363,right,False
5595,1746968711.76089,200.116,1.74306,1.28217,-0.383701,0.0326101,6133.68,5,51.608,2819.57,5822.13,48.2638,2,2,1.0,0.0,0.0,6,0.0,0,True,1746968692.1098363,right,False
5596,1746968711.783456,200.165,1.74324,1.26305,-0.385631,0.0321109,6133.99,5,51.63,2820.79,5823.35,48.2634,2,2,1.0,0.0,0.0,6,0.0,0,True,1746968692.1098363,right,False
5597,1746968711.8008406,200.213,1.74425,1.23111,-0.387521,0.0316102,6136.08,5,51.652,2822.01,5824.57,48.2631,2,2,1.0,0.0,0.0,6,0.0,0,True,1746968692.1098363,right,False
5598,1746968711.8281155,200.263,1.74436,1.2057,-0.38937,0.0311095,6136.98,5,51.674,2823.24,5825.79,48.2628,2,2,1.0,0.0,0.0,6,0.0,0,True,1746968692.1098363,right,False
5599,1746968711.8527591,200.312,1.74502,1.17636,-0.391179,0.0306084,6138.38,5,51.696,2824.46,5827.02,48.2624,2,2,1.0,0.0,0.0,6,0.0,0,True,1746968692.1098363,right,False
5600,1746968711.872177,200.36,1.74518,1.15101,-0.392948,0.0301072,6139.84,5,51.718,2825.68,5828.24,48.2621,2,2,1.0,0.0,0.0,6,0.0,0,True,1746968692.1098363,right,False
5601,1746968711.9087663,200.409,1.74591,1.12216,-0.394676,0.029607,6141.67,5,51.74,2826.91,5829.47,48.2618,2,2,1.0,0.0,0.0,6,0.0,0,True,1746968692.1098363,right,False
5602,1746968711.9245121,200.458,1.74645,1.09615,-0.396364,0.0291068,6143.17,5,51.762,2828.13,5830.69,48.2614,2,2,1.0,0.0,0.0,6,0.0,0,True,1746968692.1098363,right,False
5603,1746968712.086805,200.507,1.74663,1.06903,-0.398011,0.0286071,6144.6,5,51.784,2829.36,5831.92,48.2611,2,2,1.0,0.0,0.0,6,0.0,0,True,1746968692.1098363,right,False
5604,1746968712.089447,200.557,1.74686,1.04368,-0.399618,0.0281073,6145.46,5,51.806,2830.58,5833.14,48.2607,2,2,1.0,0.0,0.0,6,0.0,0,True,1746968692.1098363,right,False
5605,1746968712.0922682,200.606,1.74708,1.01951,-0.401185,0.0276071,6146.17,5,51.828,2831.81,5834.37,48.2604,2,2,1.0,0.0,0.0,6,0.0,0,True,1746968692.1098363,right,False
5606,1746968712.0943246,200.655,1.74803,0.993181,-0.402711,0.0271088,6148.54,5,51.85,2833.03,5835.59,48.2601,2,2,1.0,0.0,0.0,6,0.0,0,True,1746968692.1098363,right,False
5607,1746968712.1019342,200.704,1.74834,0.969299,-0.404196,0.0266096,6148.83,5,51.872,2834.26,5836.82,48.2597,2,2,1.0,0.0,0.0,6,0.0,0,True,1746968692.1098363,right,False
5608,1746968712.1048892,200.752,1.74904,0.935937,-0.405641,0.0261094,6152.35,5,51.894,2835.49,5838.04,48.2594,2,2,1.0,0.0,0.0,6,0.0,0,True,1746968692.1098363,right,False
5609,1746968712.1076677,200.802,1.74936,0.912777,-0.407046,0.0256111,6152.5,5,51.916,2836.71,5839.27,48.2591,2,2,1.0,0.0,0.0,6,0.0,0,True,1746968692.1098363,right,False
5610,1746968712.1099546,200.851,1.7496,0.88469,-0.40841,0.0251109,6154.79,5,51.938,2837.94,5840.5,48.2587,2,2,1.0,0.0,0.0,6,0.0,0,True,1746968692.1098363,right,False
5611,1746968712.113553,200.901,1.74976,0.861008,-0.409734,0.0246126,6155.38,5,51.96,2839.17,5841.73,48.2584,2,2,1.0,0.0,0.0,6,0.0,0,True,1746968692.1098363,right,False
5612,1746968712.155278,200.95,1.75048,0.833832,-0.411017,0.0241143,6156.81,5,51.982,2840.4,5842.95,48.2581,2,2,1.0,0.0,0.0,6,0.0,0,True,1746968692.1098363,right,False
5613,1746968712.1582937,200.999,1.75147,0.806986,-0.41226,0.0236174,6158.78,5,52.004,2841.62,5844.18,48.2577,2,2,1.0,0.0,0.0,6,0.0,0,True,1746968692.1098363,right,False
5614,1746968712.176892,201.048,1.75237,0.780945,-0.413462,0.0231211,6160.03,5,52.026,2842.85,5845.41,48.2574,2,2,1.0,0.0,0.0,6,0.0,0,True,1746968692.1098363,right,False
5615,1746968712.2074978,201.098,1.75293,0.753477,-0.414624,0.0226237,6161.28,5,52.048,2844.08,5846.64,48.2571,2,2,1.0,0.0,0.0,6,0.0,0,True,1746968692.1098363,right,False
5616,1746968712.2225072,201.147,1.75366,0.726083,-0.415745,0.0221264,6163.15,5,52.07,2845.31,5847.87,48.2567,2,2,1.0,0.0,0.0,6,0.0,0,True,1746968692.1098363,right,False
5617,1746968712.2462676,201.196,1.75427,0.699718,-0.416825,0.0216295,6164.49,5,52.092,2846.54,5849.1,48.2564,2,2,1.0,0.0,0.0,6,0.0,0,True,1746968692.1098363,right,False
5618,1746968712.2651045,201.245,1.75449,0.672703,-0.417865,0.0211303,6166.19,5,52.114,2847.77,5850.33,48.2561,2,2,1.0,0.0,0.0,6,0.0,0,True,1746968692.1098363,right,False
5619,1746968712.2895596,201.295,1.75467,0.646625,-0.418864,0.0206324,6167.51,5,52.136,2849,5851.56,48.2557,2,2,1.0,0.0,0.0,6,0.0,0,True,1746968692.1098363,right,False
5620,1746968712.3090615,201.345,1.75512,0.616738,-0.419823,0.0201327,6168.22,5,52.158,2850.23,5852.79,48.2554,2,2,1.0,0.0,0.0,6,0.0,0,True,1746968692.1098363,right,False
5621,1746968712.3288152,201.393,1.75538,0.591313,-0.420741,0.0196349,6171.19,5,52.18,2851.46,5854.02,48.255,2,2,1.0,0.0,0.0,6,0.0,0,True,1746968692.1098363,right,False
5622,1746968712.3539433,201.443,1.75605,0.558003,-0.421618,0.0191361,6172.51,5,52.202,2852.69,5855.25,48.2547,2,2,1.0,0.0,0.0,6,0.0,0,True,1746968692.1098363,right,False
5623,1746968712.3746493,201.493,1.75583,0.538368,-0.422455,0.0186374,6172.75,5,52.224,2853.92,5856.48,48.2544,2,2,1.0,0.0,0.0,6,0.0,0,True,1746968692.1098363,right,False
5624,1746968712.3967993,201.542,1.75605,0.509135,-0.423251,0.0181386,6174.52,5,52.246,2855.15,5857.71,48.254,2,2,1.0,0.0,0.0,6,0.0,0,True,1746968692.1098363,right,False
5625,1746968712.4205322,201.592,1.75632,0.48455,-0.424007,0.0176408,6175.45,5,52.268,2856.39,5858.94,48.2537,2,2,1.0,0.0,0.0,6,0.0,0,True,1746968692.1098363,right,False
5626,1746968712.4518497,201.642,1.75685,0.456474,-0.424722,0.0171439,6177.19,5,52.29,2857.62,5860.18,48.2534,2,2,1.0,0.0,0.0,6,0.0,0,True,1746968692.1098363,right,False
5627,1746968712.4648066,201.691,1.75738,0.431364,-0.425396,0.0166475,6179.04,5,52.312,2858.85,5861.41,48.253,2,2,1.0,0.0,0.0,6,0.0,0,True,1746968692.1098363,right,False
5628,1746968712.4854062,201.741,1.75768,0.403682,-0.426029,0.0161502,6180.36,5,52.334,2860.08,5862.64,48.2527,2,2,1.0,0.0,0.0,6,0.0,0,True,1746968692.1098363,right,False
5629,1746968712.5070066,201.79,1.75796,0.377393,-0.426622,0.0156528,6181.88,5,52.356,2861.32,5863.87,48.2524,2,2,1.0,0.0,0.0,6,0.0,0,True,1746968692.1098363,right,False
5630,1746968712.5266895,201.84,1.75859,0.349732,-0.427174,0.0151569,6183.19,5,52.378,2862.55,5865.11,48.252,2,2,1.0,0.0,0.0,6,0.0,0,True,1746968692.1098363,right,False
5631,1746968712.5499673,201.89,1.75883,0.325476,-0.427686,0.0146605,6184.48,5,52.4,2863.78,5866.34,48.2517,2,2,1.0,0.0,0.0,6,0.0,0,True,1746968692.1098363,right,False
5632,1746968712.5726554,201.94,1.75951,0.297173,-0.428156,0.0141641,6185.79,5,52.422,2865.02,5867.57,48.2514,2,2,1.0,0.0,0.0,6,0.0,0,True,1746968692.1098363,right,False
5633,1746968712.5942068,201.99,1.75973,0.27354,-0.428586,0.0136673,6186.57,5,52.444,2866.25,5868.81,48.251,2,2,1.0,0.0,0.0,6,0.0,0,True,1746968692.1098363,right,False
5634,1746968712.6202958,202.039,1.76004,0.248436,-0.428975,0.0131714,6188,5,52.466,2867.49,5870.04,48.2507,2,2,1.0,0.0,0.0,6,0.0,0,True,1746968692.1098363,right,False
5635,1746968712.636608,202.089,1.76044,0.219098,-0.429324,0.012674,6189.9,5,52.488,2868.72,5871.28,48.2503,2,2,1.0,0.0,0.0,6,0.0,0,True,1746968692.1098363,right,False
5636,1746968712.662524,202.138,1.76087,0.188861,-0.429632,0.0121772,6192.14,5,52.51,2869.96,5872.51,48.25,2,2,1.0,0.0,0.0,6,0.0,0,True,1746968692.1098363,right,False
5637,1746968712.681913,202.188,1.76109,0.162105,-0.429899,0.0116808,6193.88,5,52.532,2871.19,5873.75,48.2497,2,2,1.0,0.0,0.0,6,0.0,0,True,1746968692.1098363,right,False
5638,1746968712.7045057,202.237,1.76148,0.136039,-0.430125,0.0111834,6195.86,5,52.554,2872.43,5874.98,48.2493,2,2,1.0,0.0,0.0,6,0.0,0,True,1746968692.1098363,right,False
5639,1746968712.7268865,202.288,1.7614,0.114793,-0.43031,0.010687,6196.14,5,52.576,2873.66,5876.22,48.249,2,2,1.0,0.0,0.0,6,0.0,0,True,1746968692.1098363,right,False
5640,1746968712.747687,202.337,1.76195,0.0809557,-0.430455,0.0101892,6199.1,5,52.598,2874.9,5877.46,48.2487,2,2,1.0,0.0,0.0,6,0.0,0,True,1746968692.1098363,right,False
5641,1746968712.769614,202.388,1.76181,0.0568465,-0.430558,0.00969094,6199.29,5,52.62,2876.14,5878.69,48.2483,2,2,1.0,0.0,0.0,6,0.0,0,True,1746968692.1098363,right,False
5642,1746968712.7956736,202.438,1.76129,0.0355769,-0.430621,0.00919264,6200.49,5,52.642,2877.37,5879.93,48.248,2,2,1.0,0.0,0.0,6,0.0,0,True,1746968692.1098363,right,False
5643,1746968712.815088,202.488,1.76213,0.00632936,-0.430643,0.00869864,6202.26,5,52.664,2878.61,5881.17,48.2477,2,2,1.0,0.0,0.0,6,0.0,0,True,1746968692.1098363,right,False
5644,1746968712.836018,202.537,1.76407,-0.0254752,-0.430624,0.00820845,6203.78,5,52.686,2879.85,5882.41,48.2473,2,2,1.0,0.0,0.0,6,0.0,0,True,1746968692.1098363,right,False
5645,1746968712.8582127,202.586,1.76645,-0.0666205,-0.430564,0.00771635,6207.39,5,52.708,2881.09,5883.64,48.247,2,2,1.0,0.0,0.0,6,0.0,0,True,1746968692.1098363,right,False
5646,1746968712.879104,202.638,1.76654,-0.0909304,-0.430463,0.00722235,6206.76,5,52.73,2882.32,5884.88,48.2467,2,2,1.0,0.0,0.0,6,0.0,0,True,1746968692.1098363,right,False
5647,1746968712.9029453,202.687,1.76751,-0.114008,-0.430321,0.00672978,6208.84,5,52.752,2883.56,5886.12,48.2463,2,2,1.0,0.0,0.0,6,0.0,0,True,1746968692.1098363,right,False
5648,1746968712.9228935,202.738,1.76664,-0.134139,-0.430138,0.00623244,6208.73,5,52.774,2884.8,5887.36,48.246,2,2,1.0,0.0,0.0,6,0.0,0,True,1746968692.1098363,right,False
5649,1746968712.9464016,202.787,1.76655,-0.162781,-0.429914,0.00573366,6212.38,5,52.796,2886.04,5888.6,48.2456,2,2,1.0,0.0,0.0,6,0.0,0,True,1746968692.1098363,right,False
5650,1746968712.9692776,202.837,1.76529,-0.1861,-0.429649,0.00523203,6212.31,5,52.818,2887.28,5889.84,48.2453,2,2,1.0,0.0,0.0,6,0.0,0,True,1746968692.1098363,right,False
5651,1746968712.9897542,202.887,1.76446,-0.211696,-0.429344,0.00473135,6214.71,5,52.84,2888.52,5891.08,48.245,2,2,1.0,0.0,0.0,6,0.0,0,True,1746968692.1098363,right,False
5652,1746968713.0105863,202.938,1.76375,-0.237009,-0.428998,0.0042302,6215.45,5,52.862,2889.76,5892.32,48.2446,2,2,1.0,0.0,0.0,6,0.0,0,True,1746968692.1098363,right,False
5653,1746968713.0342345,202.988,1.76297,-0.264219,-0.42861,0.00372904,6217.31,5,52.884,2891,5893.56,48.2443,2,2,1.0,0.0,0.0,6,0.0,0,True,1746968692.1098363,right,False
5654,1746968713.055073,203.038,1.76241,-0.29188,-0.428182,0.00322789,6218.85,5,52.906,2892.24,5894.8,48.244,2,2,1.0,0.0,0.0,6,0.0,0,True,1746968692.1098363,right,False
5655,1746968713.0764747,203.088,1.76216,-0.320047,-0.427712,0.00272864,6220.1,5,52.928,2893.48,5896.04,48.2436,2,2,1.0,0.0,0.0,6,0.0,0,True,1746968692.1098363,right,False
5656,1746968713.100945,203.139,1.76176,-0.34449,-0.427201,0.00222987,6221.17,5,52.95,2894.72,5897.28,48.2433,2,2,1.0,0.0,0.0,6,0.0,0,True,1746968692.1098363,right,False
5657,1746968713.1198447,203.188,1.76186,-0.372907,-0.426649,0.00173062,6223.64,5,52.972,2895.97,5898.52,48.243,2,2,1.0,0.0,0.0,6,0.0,0,True,1746968692.1098363,right,False
5658,1746968713.1430626,203.238,1.76228,-0.403768,-0.426056,0.0012328,6225.71,5,52.994,2897.21,5899.76,48.2426,2,2,1.0,0.0,0.0,6,0.0,0,True,1746968692.1098363,right,False
5659,1746968713.166132,203.288,1.76262,-0.429514,-0.425421,0.000735458,6226.79,5,53.016,2898.45,5901.01,48.2423,2,2,1.0,0.0,0.0,6,0.0,0,True,1746968692.1098363,right,False
5660,1746968713.1864693,203.339,1.76246,-0.448803,-0.424745,0.000238593,6227.14,5,53.038,2899.69,5902.25,48.242,2,2,1.0,0.0,0.0,6,0.0,0,True,1746968692.1098363,right,False
5661,1746968713.210138,203.39,1.76254,-0.485855,-0.424028,-0.000259225,6228.93,5,53.06,2900.93,5903.49,48.2416,2,2,1.0,0.0,0.0,6,0.0,0,True,1746968692.1098363,right,False
5662,1746968713.2314634,203.439,1.76311,-0.51781,-0.42327,-0.000758473,6231.03,5,53.082,2902.18,5904.73,48.2413,2,2,1.0,0.0,0.0,6,0.0,0,True,1746968692.1098363,right,False
5663,1746968713.254905,203.49,1.76317,-0.536992,-0.42247,-0.00125581,6231.69,5,53.104,2903.42,5905.98,48.2409,2,2,1.0,0.0,0.0,6,0.0,0,True,1746968692.1098363,right,False
5664,1746968713.27455,203.54,1.76327,-0.565956,-0.421629,-0.00175172,6233.63,5,53.126,2904.66,5907.22,48.2406,2,2,1.0,0.0,0.0,6,0.0,0,True,1746968692.1098363,right,False
5665,1746968713.2991147,203.591,1.764,-0.593566,-0.420746,-0.0022462,6234.9,5,53.148,2905.91,5908.47,48.2403,2,2,1.0,0.0,0.0,6,0.0,0,True,1746968692.1098363,right,False
5666,1746968713.3195155,203.641,1.76476,-0.621249,-0.419822,-0.00274021,6236.46,5,53.17,2907.15,5909.71,48.2399,2,2,1.0,0.0,0.0,6,0.0,0,True,1746968692.1098363,right,False
5667,1746968713.3416424,203.692,1.76554,-0.646315,-0.418857,-0.00323373,6238.19,5,53.192,2908.4,5910.95,48.2396,2,2,1.0,0.0,0.0,6,0.0,0,True,1746968692.1098363,right,False
5668,1746968713.365083,203.742,1.76635,-0.672891,-0.417851,-0.00372678,6239.88,5,53.214,2909.64,5912.2,48.2393,2,2,1.0,0.0,0.0,6,0.0,0,True,1746968692.1098363,right,False
5669,1746968713.3871639,203.792,1.76708,-0.699586,-0.416803,-0.00421983,6241.44,5,53.236,2910.89,5913.44,48.2389,2,2,1.0,0.0,0.0,6,0.0,0,True,1746968692.1098363,right,False
5670,1746968713.4059188,203.843,1.76799,-0.726937,-0.415714,-0.00471241,6243.14,5,53.258,2912.13,5914.69,48.2386,2,2,1.0,0.0,0.0,6,0.0,0,True,1746968692.1098363,right,False
5671,1746968713.4283278,203.894,1.76849,-0.752742,-0.414584,-0.00520641,6244.19,5,53.28,2913.38,5915.94,48.2383,2,2,1.0,0.0,0.0,6,0.0,0,True,1746968692.1098363,right,False
5672,1746968713.4506025,203.945,1.7688,-0.781737,-0.413412,-0.00570089,6244.79,5,53.302,2914.63,5917.18,48.2379,2,2,1.0,0.0,0.0,6,0.0,0,True,1746968692.1098363,right,False
5673,1746968713.472402,203.995,1.76997,-0.80934,-0.412199,-0.00619203,6246.48,5,53.324,2915.87,5918.43,48.2376,2,2,1.0,0.0,0.0,6,0.0,0,True,1746968692.1098363,right,False
5674,1746968713.4949808,204.044,1.77139,-0.838863,-0.410944,-0.00668174,6249.57,5,53.346,2917.12,5919.67,48.2373,2,2,1.0,0.0,0.0,6,0.0,0,True,1746968692.1098363,right,False
5675,1746968713.5163221,204.095,1.77192,-0.871264,-0.409648,-0.00717527,6251.12,5,53.368,2918.37,5920.92,48.2369,2,2,1.0,0.0,0.0,6,0.0,0,True,1746968692.1098363,right,False
5676,1746968713.5383048,204.146,1.77213,-0.890273,-0.408311,-0.00767023,6251.48,5,53.39,2919.61,5922.17,48.2366,2,2,1.0,0.0,0.0,6,0.0,0,True,1746968692.1098363,right,False
5677,1746968713.5620992,204.197,1.77234,-0.922654,-0.406932,-0.00816518,6252.72,5,53.412,2920.86,5923.42,48.2362,2,2,1.0,0.0,0.0,6,0.0,0,True,1746968692.1098363,right,False
5678,1746968713.5841532,204.247,1.7721,-0.954135,-0.405512,-0.008663,6255.43,5,53.434,2922.11,5924.67,48.2359,2,2,1.0,0.0,0.0,6,0.0,0,True,1746968692.1098363,right,False
5679,1746968713.6048973,204.298,1.77109,-0.976229,-0.40405,-0.00916177,6256.34,5,53.456,2923.36,5925.91,48.2356,2,2,1.0,0.0,0.0,6,0.0,0,True,1746968692.1098363,right,False
5680,1746968713.6270301,204.349,1.77023,-1.0018,-0.402547,-0.0096615,6257.69,5,53.478,2924.6,5927.16,48.2352,2,2,1.0,0.0,0.0,6,0.0,0,True,1746968692.1098363,right,False
5681,1746968713.64911,204.399,1.7695,-1.03011,-0.401003,-0.0101612,6259.25,5,53.5,2925.85,5928.41,48.2349,2,2,1.0,0.0,0.0,6,0.0,0,True,1746968692.1098363,right,False
5682,1746968713.6700604,204.45,1.76865,-1.0527,-0.399417,-0.0106605,6260.24,5,53.522,2927.1,5929.66,48.2346,2,2,1.0,0.0,0.0,6,0.0,0,True,1746968692.1098363,right,False
5683,1746968713.6943662,204.501,1.76836,-1.08521,-0.39779,-0.0111597,6262.56,5,53.544,2928.35,5930.91,48.2342,2,2,1.0,0.0,0.0,6,0.0,0,True,1746968692.1098363,right,False
5684,1746968713.7150698,204.551,1.76783,-1.11238,-0.396121,-0.0116585,6264.15,5,53.566,2929.6,5932.16,48.2339,2,2,1.0,0.0,0.0,6,0.0,0,True,1746968692.1098363,right,False
5685,1746968713.735694,204.603,1.76748,-1.13362,-0.39441,-0.0121563,6264.34,5,53.588,2930.85,5933.41,48.2336,2,2,1.0,0.0,0.0,6,0.0,0,True,1746968692.1098363,right,False
5686,1746968713.7600882,204.654,1.76675,-1.1616,-0.392658,-0.0126541,6266.02,5,53.61,2932.1,5934.66,48.2332,2,2,1.0,0.0,0.0,6,0.0,0,True,1746968692.1098363,right,False
5687,1746968713.781255,204.703,1.76701,-1.19003,-0.390864,-0.0131519,6269.43,5,53.632,2933.35,5935.91,48.2329,2,2,1.0,0.0,0.0,6,0.0,0,True,1746968692.1098363,right,False
5688,1746968713.8049557,204.754,1.7673,-1.22329,-0.389028,-0.0136493,6270.52,5,53.654,2934.6,5937.16,48.2326,2,2,1.0,0.0,0.0,6,0.0,0,True,1746968692.1098363,right,False
5689,1746968713.8262305,204.806,1.76693,-1.24534,-0.387151,-0.0141457,6271.09,5,53.676,2935.85,5938.41,48.2322,2,2,1.0,0.0,0.0,6,0.0,0,True,1746968692.1098363,right,False
5690,1746968713.8476715,204.857,1.76702,-1.275,-0.385232,-0.0146416,6272.85,5,53.698,2937.11,5939.66,48.2319,2,2,1.0,0.0,0.0,6,0.0,0,True,1746968692.1098363,right,False
5691,1746968713.868385,204.908,1.76778,-1.30414,-0.383271,-0.0151361,6274.43,5,53.72,2938.36,5940.92,48.2315,2,2,1.0,0.0,0.0,6,0.0,0,True,1746968692.1098363,right,False
5692,1746968713.8920424,204.959,1.76805,-1.32636,-0.381268,-0.0156301,6275.18,5,53.742,2939.61,5942.17,48.2312,2,2,1.0,0.0,0.0,6,0.0,0,True,1746968692.1098363,right,False
5693,1746968713.9147937,205.01,1.76875,-1.35412,-0.379224,-0.0161222,6276.71,5,53.764,2940.86,5943.42,48.2309,2,2,1.0,0.0,0.0,6,0.0,0,True,1746968692.1098363,right,False
5694,1746968713.934119,205.06,1.7701,-1.38374,-0.377138,-0.0166133,6278.62,5,53.786,2942.12,5944.67,48.2305,2,2,1.0,0.0,0.0,6,0.0,0,True,1746968692.1098363,right,False
5695,1746968713.957215,205.111,1.77124,-1.41277,-0.37501,-0.0171035,6280.26,5,53.808,2943.37,5945.92,48.2302,2,2,1.0,0.0,0.0,6,0.0,0,True,1746968692.1098363,right,False
5696,1746968713.97978,205.162,1.77225,-1.43837,-0.37284,-0.0175942,6281.49,5,53.83,2944.62,5947.18,48.2299,2,2,1.0,0.0,0.0,6,0.0,0,True,1746968692.1098363,right,False
5697,1746968714.000665,205.213,1.77293,-1.46798,-0.370629,-0.0180853,6283.43,5,53.852,2945.88,5948.43,48.2295,2,2,1.0,0.0,0.0,6,0.0,0,True,1746968692.1098363,right,False
5698,1746968714.0238483,205.264,1.77393,-1.49749,-0.368375,-0.0185764,6285.57,5,53.874,2947.13,5949.69,48.2292,2,2,1.0,0.0,0.0,6,0.0,0,True,1746968692.1098363,right,False
5699,1746968714.0456576,205.316,1.77407,-1.51664,-0.36608,-0.0190676,6285.34,5,53.896,2948.38,5950.94,48.2289,2,2,1.0,0.0,0.0,6,0.0,0,True,1746968692.1098363,right,False
5700,1746968714.0678773,205.367,1.77467,-1.54245,-0.363744,-0.0195587,6286.48,5,53.918,2949.64,5952.19,48.2285,2,2,1.0,0.0,0.0,6,0.0,0,True,1746968692.1098363,right,False
5701,1746968714.087765,205.418,1.7754,-1.57053,-0.361365,-0.0200508,6288.32,5,53.94,2950.89,5953.45,48.2282,2,2,1.0,0.0,0.0,6,0.0,0,True,1746968692.1098363,right,False
5702,1746968714.1112647,205.468,1.7765,-1.60627,-0.358945,-0.0205415,6291.33,5,53.962,2952.15,5954.7,48.2279,2,2,1.0,0.0,0.0,6,0.0,0,True,1746968692.1098363,right,False
5703,1746968714.1329458,205.519,1.77695,-1.63342,-0.356483,-0.0210326,6293.41,5,53.984,2953.4,5955.96,48.2275,2,2,1.0,0.0,0.0,6,0.0,0,True,1746968692.1098363,right,False
5704,1746968714.1583586,205.572,1.77676,-1.65458,-0.35398,-0.0215243,6293.05,5,54.006,2954.66,5957.21,48.2272,2,2,1.0,0.0,0.0,6,0.0,0,True,1746968692.1098363,right,False
5705,1746968714.1765125,205.622,1.77752,-1.68599,-0.351434,-0.0220168,6295.29,5,54.028,2955.91,5958.47,48.2268,2,2,1.0,0.0,0.0,6,0.0,0,True,1746968692.1098363,right,False
5706,1746968714.1998568,205.674,1.77802,-1.71433,-0.348847,-0.022508,6297.03,5,54.05,2957.17,5959.73,48.2265,2,2,1.0,0.0,0.0,6,0.0,0,True,1746968692.1098363,left,False
5707,1746968714.2228165,205.725,1.77784,-1.7409,-0.346218,-0.023001,6298.51,5,54.072,2958.43,5960.98,48.2262,2,2,1.0,0.0,0.0,6,0.0,0,True,1746968692.1098363,left,False
5708,1746968714.2420764,205.776,1.77817,-1.76966,-0.343547,-0.0234931,6299.9,5,54.094,2959.68,5962.24,48.2258,2,2,1.0,0.0,0.0,6,0.0,0,True,1746968692.1098363,left,False
5709,1746968714.2650008,205.828,1.77792,-1.79567,-0.340835,-0.0239866,6301.13,5,54.116,2960.94,5963.5,48.2255,2,2,1.0,0.0,0.0,6,0.0,0,True,1746968692.1098363,left,False
5710,1746968714.2885244,205.88,1.77865,-1.82477,-0.33808,-0.0244773,6302.48,5,54.138,2962.2,5964.75,48.2252,2,2,1.0,0.0,0.0,6,0.0,0,True,1746968692.1098363,left,False
5711,1746968714.308461,205.931,1.77858,-1.84984,-0.335284,-0.0249699,6304.12,5,54.16,2963.46,5966.01,48.2248,2,2,1.0,0.0,0.0,6,0.0,0,True,1746968692.1098363,left,False
5712,1746968714.3318098,205.982,1.77886,-1.87483,-0.332446,-0.0254605,6305.37,5,54.182,2964.71,5967.27,48.2245,2,2,1.0,0.0,0.0,6,0.0,0,True,1746968692.1098363,left,False
5713,1746968714.354384,206.033,1.77966,-1.90978,-0.329566,-0.0259522,6308.18,5,54.204,2965.97,5968.53,48.2242,2,2,1.0,0.0,0.0,6,0.0,0,True,1746968692.1098363,left,False
5714,1746968714.3737018,206.086,1.77918,-1.92968,-0.326644,-0.0264438,6308.17,5,54.226,2967.23,5969.79,48.2238,2,2,1.0,0.0,0.0,6,0.0,0,True,1746968692.1098363,left,False
5715,1746968714.3964567,206.136,1.78012,-1.9664,-0.32368,-0.0269359,6311.78,5,54.248,2968.49,5971.05,48.2235,2,2,1.0,0.0,0.0,6,0.0,0,True,1746968692.1098363,left,False
5716,1746968714.4196491,206.189,1.77968,-1.98751,-0.320674,-0.0274261,6310.81,5,54.27,2969.75,5972.3,48.2232,2,2,1.0,0.0,0.0,6,0.0,0,True,1746968692.1098363,left,False
5717,1746968714.4425628,206.24,1.78084,-2.01422,-0.317627,-0.0279139,6314.2,5,54.292,2971.01,5973.56,48.2228,2,2,1.0,0.0,0.0,6,0.0,0,True,1746968692.1098363,left,False
5718,1746968714.465006,206.291,1.78144,-2.04502,-0.314537,-0.0284045,6315.8,5,54.314,2972.27,5974.82,48.2225,2,2,1.0,0.0,0.0,6,0.0,0,True,1746968692.1098363,left,False
5719,1746968714.4836266,206.344,1.78143,-2.07032,-0.311406,-0.0288957,6316.37,5,54.336,2973.53,5976.08,48.2221,2,2,1.0,0.0,0.0,6,0.0,0,True,1746968692.1098363,left,False
5720,1746968714.5072722,206.395,1.78187,-2.09762,-0.308232,-0.0293854,6317.91,5,54.358,2974.79,5977.34,48.2218,2,2,1.0,0.0,0.0,6,0.0,0,True,1746968692.1098363,left,False
5721,1746968714.5292885,206.447,1.78233,-2.12453,-0.305017,-0.0298746,6319.9,5,54.38,2976.05,5978.61,48.2215,2,2,1.0,0.0,0.0,6,0.0,0,True,1746968692.1098363,left,False
5722,1746968714.5511992,206.499,1.7827,-2.1465,-0.30176,-0.030362,6321.09,5,54.402,2977.31,5979.87,48.2211,2,2,1.0,0.0,0.0,6,0.0,0,True,1746968692.1098363,left,False
5723,1746968714.5748844,206.55,1.78401,-2.17547,-0.298526,-0.0308397,6323.19,5,0.0160017,0.971802,5981.13,48.2208,2,2,1.0,0.0,0.0,6,0.0,0,True,1746968692.1098363,left,False
5724,1746968714.5960891,206.602,1.78425,-2.2,-0.295186,-0.031328,6324.43,5,0.0380017,2.23334,5982.39,48.2205,2,2,1.0,0.0,0.0,6,0.0,0,True,1746968692.1098363,left,False
5725,1746968714.6166747,206.654,1.78445,-2.22848,-0.291804,-0.031819,6325.71,5,0.0600017,3.495,5983.65,48.2201,2,2,1.0,0.0,0.0,6,0.0,0,True,1746968692.1098363,left,False
5726,1746968714.639137,206.705,1.78514,-2.25828,-0.28838,-0.0323081,6328.6,5,0.0820017,4.7572,5984.91,48.2198,2,2,1.0,0.0,0.0,6,0.0,0,True,1746968692.1098363,left,False
5727,1746968714.6612427,206.758,1.78523,-2.28438,-0.284913,-0.0327972,6328.55,5,0.104002,6.01941,5986.17,48.2195,2,2,1.0,0.0,0.0,6,0.0,0,True,1746968692.1098363,left,False
5728,1746968714.6821883,206.809,1.7863,-2.31804,-0.281405,-0.0332861,6331.42,5,0.126002,7.28217,5987.44,48.2191,2,2,1.0,0.0,0.0,6,0.0,0,True,1746968692.1098363,left,False
5729,1746968714.705519,206.862,1.7864,-2.34549,-0.277854,-0.0337757,6332.73,5,0.148002,8.54504,5988.7,48.2188,2,2,1.0,0.0,0.0,6,0.0,0,True,1746968692.1098363,left,False
5730,1746968714.726166,206.913,1.78643,-2.37626,-0.274262,-0.0342685,6334.53,5,0.170002,9.80829,5989.96,48.2185,2,2,1.0,0.0,0.0,6,0.0,0,True,1746968692.1098363,left,False
5731,1746968714.7491734,206.966,1.78581,-2.39997,-0.270627,-0.0347599,6335.19,5,0.192002,11.0718,5991.23,48.2181,2,2,1.0,0.0,0.0,6,0.0,0,True,1746968692.1098363,left,False
5732,1746968714.7711205,207.019,1.78599,-2.42555,-0.26695,-0.0352487,6336.29,5,0.214002,12.3356,5992.49,48.2178,2,2,1.0,0.0,0.0,6,0.0,0,True,1746968692.1098363,left,False
5733,1746968714.7944527,207.071,1.787,-2.45397,-0.263232,-0.0357349,6338.29,5,0.236002,13.5998,5993.75,48.2174,2,2,1.0,0.0,0.0,6,0.0,0,True,1746968692.1098363,left,False
5734,1746968714.814158,207.122,1.78811,-2.48373,-0.259471,-0.0362213,6340.26,5,0.258002,14.864,5995.02,48.2171,2,2,1.0,0.0,0.0,6,0.0,0,True,1746968692.1098363,left,False
5735,1746968714.8371558,207.175,1.78889,-2.51177,-0.255668,-0.0367071,6341.55,5,0.280002,16.1288,5996.28,48.2168,2,2,1.0,0.0,0.0,6,0.0,0,True,1746968692.1098363,left,False
5736,1746968714.860554,207.227,1.78958,-2.54015,-0.251823,-0.0371928,6343.18,5,0.302002,17.3937,5997.55,48.2164,2,2,1.0,0.0,0.0,6,0.0,0,True,1746968692.1098363,left,False
5737,1746968714.883491,207.279,1.79012,-2.56712,-0.247935,-0.0376791,6344.97,5,0.324002,18.6591,5998.81,48.2161,2,2,1.0,0.0,0.0,6,0.0,0,True,1746968692.1098363,left,False
5738,1746968714.9036193,207.332,1.7907,-2.59291,-0.244006,-0.0381643,6345.23,5,0.346002,19.9246,6000.08,48.2158,2,2,1.0,0.0,0.0,6,0.0,0,True,1746968692.1098363,left,False
5739,1746968714.926222,207.383,1.79262,-2.62634,-0.240035,-0.038646,6348.19,5,0.368002,21.1904,6001.34,48.2154,2,2,1.0,0.0,0.0,6,0.0,0,True,1746968692.1098363,left,False
5740,1746968714.9487667,207.436,1.79404,-2.65016,-0.236022,-0.0391263,6349.36,5,0.390002,22.4566,6002.61,48.2151,2,2,1.0,0.0,0.0,6,0.0,0,True,1746968692.1098363,left,False
5741,1746968714.9706204,207.489,1.7953,-2.67742,-0.231967,-0.0396063,6350.32,5,0.412002,23.7228,6003.88,48.2148,2,2,1.0,0.0,0.0,6,0.0,0,True,1746968692.1098363,left,False
5742,1746968714.9901643,207.542,1.79708,-2.70449,-0.227869,-0.0400851,6351.09,5,0.434002,24.9897,6005.14,48.2144,2,2,1.0,0.0,0.0,6,0.0,0,True,1746968692.1098363,left,False
5743,1746968715.0126462,207.593,1.79897,-2.73107,-0.22373,-0.0405626,6354.11,5,0.456002,26.2567,6006.41,48.2141,2,2,1.0,0.0,0.0,6,0.0,0,True,1746968692.1098363,left,False
5744,1746968715.0363953,207.645,1.80125,-2.76535,-0.219549,-0.0410411,6356.26,5,0.478002,27.524,6007.68,48.2138,2,2,1.0,0.0,0.0,6,0.0,0,True,1746968692.1098363,left,False
5745,1746968715.0561094,207.699,1.80217,-2.78646,-0.215326,-0.0415192,6356.79,5,0.500002,28.7916,6008.94,48.2134,2,2,1.0,0.0,0.0,6,0.0,0,True,1746968692.1098363,left,False
5746,1746968715.0794072,207.751,1.80368,-2.81696,-0.21106,-0.0419991,6358.48,5,0.522002,30.0594,6010.21,48.2131,2,2,1.0,0.0,0.0,6,0.0,0,True,1746968692.1098363,left,False
5747,1746968715.1001132,207.803,1.80544,-2.84822,-0.206753,-0.0424767,6360.87,5,0.544002,31.3276,6011.48,48.2127,2,2,1.0,0.0,0.0,6,0.0,0,True,1746968692.1098363,left,False
5748,1746968715.124466,207.856,1.80651,-2.87531,-0.202404,-0.0429567,6361.91,5,0.566002,32.5959,6012.75,48.2124,2,2,1.0,0.0,0.0,6,0.0,0,True,1746968692.1098363,left,False
5749,1746968715.1469183,207.908,1.80665,-2.90075,-0.198013,-0.0434388,6363.75,5,0.588002,33.8649,6014.02,48.2121,2,2,1.0,0.0,0.0,6,0.0,0,True,1746968692.1098363,left,False
5750,1746968715.1671004,207.961,1.80719,-2.93071,-0.19358,-0.0439214,6365.09,5,0.610002,35.1338,6015.29,48.2117,2,2,1.0,0.0,0.0,6,0.0,0,True,1746968692.1098363,left,False
5751,1746968715.187809,208.014,1.80693,-2.95683,-0.189106,-0.0444073,6366.76,5,0.632002,36.4032,6016.56,48.2114,2,2,1.0,0.0,0.0,6,0.0,0,True,1746968692.1098363,left,False
5752,1746968715.2116656,208.066,1.8069,-2.98753,-0.184589,-0.0448928,6368.28,5,0.654002,37.6728,6017.83,48.2111,2,2,1.0,0.0,0.0,6,0.0,0,True,1746968692.1098363,left,False
5753,1746968715.2339518,208.119,1.80602,-3.01444,-0.18003,-0.0453802,6369.73,5,0.676002,38.9426,6019.1,48.2107,2,2,1.0,0.0,0.0,6,0.0,0,True,1746968692.1098363,left,False
5754,1746968715.2555006,208.172,1.80561,-3.04233,-0.17543,-0.045868,6371.41,5,0.698002,40.2129,6020.37,48.2104,2,2,1.0,0.0,0.0,6,0.0,0,True,1746968692.1098363,left,False
5755,1746968715.2767289,208.224,1.80479,-3.07114,-0.170787,-0.046357,6373.26,5,0.720002,41.4832,6021.64,48.2101,2,2,1.0,0.0,0.0,6,0.0,0,True,1746968692.1098363,left,False
5756,1746968715.299008,208.277,1.80385,-3.09896,-0.166102,-0.0468467,6375.43,5,0.742002,42.7542,6022.91,48.2097,2,2,1.0,0.0,0.0,6,0.0,0,True,1746968692.1098363,left,False
5757,1746968715.3222437,208.329,1.80293,-3.12719,-0.161375,-0.0473373,6377.4,5,0.764002,44.0251,6024.18,48.2094,2,2,1.0,0.0,0.0,6,0.0,0,True,1746968692.1098363,left,False
5758,1746968715.3446705,208.383,1.80157,-3.15238,-0.156606,-0.0478286,6378.21,5,0.786002,45.2965,6025.45,48.2091,2,2,1.0,0.0,0.0,6,0.0,0,True,1746968692.1098363,left,False
5759,1746968715.3657677,208.436,1.79989,-3.17601,-0.151795,-0.0483202,6378.84,5,0.808002,46.5681,6026.72,48.2087,2,2,1.0,0.0,0.0,6,0.0,0,True,1746968692.1098363,left,False
5760,1746968715.3864288,208.489,1.79914,-3.20892,-0.146941,-0.0488118,6381.21,5,0.830002,47.84,6027.99,48.2084,2,2,1.0,0.0,0.0,6,0.0,0,True,1746968692.1098363,left,False
5761,1746968715.4101317,208.541,1.79824,-3.23785,-0.142046,-0.0493036,6383.18,5,0.852002,49.1123,6029.27,48.208,2,2,1.0,0.0,0.0,6,0.0,0,True,1746968692.1098363,left,False
5762,1746968715.4297764,208.595,1.79691,-3.25951,-0.137108,-0.0497946,6383.81,5,0.874002,50.3846,6030.54,48.2077,2,2,1.0,0.0,0.0,6,0.0,0,True,1746968692.1098363,left,False
5763,1746968715.4530997,208.648,1.79622,-3.28891,-0.132127,-0.0502853,6384.91,5,0.896002,51.6576,6031.81,48.2074,2,2,1.0,0.0,0.0,6,0.0,0,True,1746968692.1098363,left,False
5764,1746968715.475104,208.701,1.79548,-3.31783,-0.127104,-0.0507766,6386.98,5,0.918002,52.9305,6033.08,48.207,2,2,1.0,0.0,0.0,6,0.0,0,True,1746968692.1098363,left,False
5765,1746968715.4964416,208.754,1.79469,-3.34204,-0.122039,-0.0512672,6388.43,5,0.940002,54.204,6034.36,48.2067,2,2,1.0,0.0,0.0,6,0.0,0,True,1746968692.1098363,left,False
5766,1746968715.5190942,208.807,1.79407,-3.37165,-0.116931,-0.0517578,6390.87,5,0.962002,55.4776,6035.63,48.2064,2,2,1.0,0.0,0.0,6,0.0,0,True,1746968692.1098363,left,False
5767,1746968715.5425487,208.86,1.79388,-3.40177,-0.11178,-0.0522471,6392.89,5,0.984002,56.7515,6036.9,48.206,2,2,1.0,0.0,0.0,6,0.0,0,True,1746968692.1098363,left,False
5768,1746968715.565296,208.913,1.79327,-3.42214,-0.106587,-0.0527377,6393.04,5,1.006,58.0258,6038.18,48.2057,2,2,1.0,0.0,0.0,6,0.0,0,True,1746968692.1098363,left,False
5769,1746968715.5843718,208.967,1.79323,-3.45907,-0.101352,-0.0532267,6395.31,5,1.028,59.3001,6039.45,48.2054,2,2,1.0,0.0,0.0,6,0.0,0,True,1746968692.1098363,left,False
5770,1746968715.6087253,209.019,1.79331,-3.48438,-0.0960732,-0.0537159,6397.02,5,1.05,60.5751,6040.73,48.205,2,2,1.0,0.0,0.0,6,0.0,0,True,1746968692.1098363,left,False
5771,1746968715.6295185,209.073,1.79287,-3.51323,-0.0907522,-0.0542045,6398.77,5,1.072,61.85,6042,48.2047,2,2,1.0,0.0,0.0,6,0.0,0,True,1746968692.1098363,left,False
5772,1746968715.65183,209.127,1.79286,-3.53856,-0.0853885,-0.0546935,6399.42,5,1.094,63.1255,6043.28,48.2044,2,2,1.0,0.0,0.0,6,0.0,0,True,1746968692.1098363,left,False
5773,1746968715.672251,209.179,1.79283,-3.57073,-0.0799821,-0.0551824,6402.14,5,1.116,64.4011,6044.55,48.204,2,2,1.0,0.0,0.0,6,0.0,0,True,1746968692.1098363,left,False
5774,1746968715.6976652,209.233,1.79283,-3.59709,-0.074533,-0.0556709,6403.68,5,1.138,65.677,6045.83,48.2037,2,2,1.0,0.0,0.0,6,0.0,0,True,1746968692.1098363,left,False
5775,1746968715.716757,209.286,1.79267,-3.6244,-0.0690412,-0.0561591,6405.1,5,1.16,66.9533,6047.11,48.2033,2,2,1.0,0.0,0.0,6,0.0,0,True,1746968692.1098363,left,False
5776,1746968715.7391255,209.34,1.79279,-3.65475,-0.0635064,-0.0566465,6406.03,5,1.182,68.2296,6048.38,48.203,2,2,1.0,0.0,0.0,6,0.0,0,True,1746968692.1098363,left,False
5777,1746968715.7640932,209.393,1.79273,-3.68429,-0.057929,-0.0571353,6408.34,5,1.204,69.5066,6049.66,48.2027,2,2,1.0,0.0,0.0,6,0.0,0,True,1746968692.1098363,left,False
5778,1746968715.783613,209.446,1.79297,-3.71205,-0.0523088,-0.0576237,6410.3,5,1.226,70.7836,6050.94,48.2023,2,2,1.0,0.0,0.0,6,0.0,0,True,1746968692.1098363,left,False
5779,1746968715.8042061,209.5,1.79291,-3.73862,-0.0466457,-0.058112,6410.99,5,1.248,72.061,6052.21,48.202,2,2,1.0,0.0,0.0,6,0.0,0,True,1746968692.1098363,left,False
5780,1746968715.8275137,209.554,1.79284,-3.76844,-0.0409398,-0.0585999,6412.61,5,1.27,73.3386,6053.49,48.2017,2,2,1.0,0.0,0.0,6,0.0,0,True,1746968692.1098363,left,False
5781,1746968715.8484066,209.607,1.79276,-3.79462,-0.035191,-0.0590877,6414.21,5,1.292,74.6165,6054.77,48.2013,2,2,1.0,0.0,0.0,6,0.0,0,True,1746968692.1098363,left,False
5782,1746968715.8718803,209.661,1.79285,-3.82103,-0.0293993,-0.0595767,6416.01,5,1.314,75.8948,6056.05,48.201,2,2,1.0,0.0,0.0,6,0.0,0,True,1746968692.1098363,left,False
5783,1746968715.893697,209.714,1.79224,-3.85068,-0.0235647,-0.0600664,6417.58,5,1.336,77.1731,6057.33,48.2007,2,2,1.0,0.0,0.0,6,0.0,0,True,1746968692.1098363,left,False
5784,1746968715.9150598,209.768,1.79187,-3.87662,-0.0176872,-0.0605564,6418.71,5,1.358,78.452,6058.6,48.2003,2,2,1.0,0.0,0.0,6,0.0,0,True,1746968692.1098363,left,False
5785,1746968715.9370027,209.822,1.7915,-3.9057,-0.0117668,-0.0610462,6420.26,5,1.38,79.731,6059.88,48.2,2,2,1.0,0.0,0.0,6,0.0,0,True,1746968692.1098363,left,False
5786,1746968715.9588366,209.875,1.79135,-3.93427,-0.0058033,-0.0615359,6422.34,5,1.402,81.0104,6061.16,48.1997,2,2,1.0,0.0,0.0,6,0.0,0,True,1746968692.1098363,left,False
5787,1746968715.9805756,209.929,1.79105,-3.96214,0.000203196,-0.0620258,6424.23,5,1.424,82.29,6062.44,48.1993,2,2,1.0,0.0,0.0,6,0.0,0,True,1746968692.1098363,left,False
5788,1746968716.003097,209.983,1.79056,-3.98539,0.00625267,-0.0625154,6424.78,5,1.446,83.5698,6063.72,48.199,2,2,1.0,0.0,0.0,6,0.0,0,True,1746968692.1098363,left,False
5789,1746968716.0261178,210.037,1.79054,-4.01945,0.0123451,-0.0630049,6426.97,5,1.468,84.8502,6065,48.1986,2,2,1.0,0.0,0.0,6,0.0,0,True,1746968692.1098363,left,False
5790,1746968716.0505972,210.09,1.79099,-4.04881,0.0184808,-0.0634939,6429.54,5,1.49,86.1305,6066.28,48.1983,2,2,1.0,0.0,0.0,6,0.0,0,True,1746968692.1098363,left,False
5791,1746968716.069724,210.144,1.79043,-4.07462,0.0246595,-0.0639846,6430.67,5,1.512,87.4114,6067.56,48.198,2,2,1.0,0.0,0.0,6,0.0,0,True,1746968692.1098363,left,False
5792,1746968716.0922768,210.198,1.79017,-4.10468,0.0308814,-0.0644728,6431.46,5,1.534,88.6924,6068.84,48.1976,2,2,1.0,0.0,0.0,6,0.0,0,True,1746968692.1098363,left,False
5793,1746968716.1125643,210.252,1.79019,-4.12781,0.0371463,-0.0649608,6433.82,5,1.556,89.9737,6070.13,48.1973,2,2,1.0,0.0,0.0,6,0.0,0,True,1746968692.1098363,left,False
5794,1746968716.135623,210.305,1.78967,-4.15533,0.0434543,-0.0654527,6435.87,5,1.578,91.2554,6071.41,48.197,2,2,1.0,0.0,0.0,6,0.0,0,True,1746968692.1098363,left,False
5795,1746968716.1586263,210.36,1.78834,-4.18386,0.0498055,-0.065946,6436.9,5,1.6,92.5371,6072.69,48.1966,2,2,1.0,0.0,0.0,6,0.0,0,True,1746968692.1098363,left,False
5796,1746968716.1792383,210.413,1.78862,-4.21692,0.0562,-0.066436,6438.73,5,1.622,93.8195,6073.97,48.1963,2,2,1.0,0.0,0.0,6,0.0,0,True,1746968692.1098363,left,False
5797,1746968716.20134,210.468,1.78898,-4.24511,0.0626379,-0.0669238,6439.75,5,1.644,95.1018,6075.25,48.196,2,2,1.0,0.0,0.0,6,0.0,0,True,1746968692.1098363,left,False
5798,1746968716.2222238,210.521,1.78984,-4.28029,0.0691193,-0.0674103,6442.3,5,1.666,96.3846,6076.54,48.1956,2,2,1.0,0.0,0.0,6,0.0,0,True,1746968692.1098363,left,False
5799,1746968716.2467856,210.576,1.79025,-4.30339,0.0756438,-0.0678959,6442.94,5,1.688,97.6677,6077.82,48.1953,2,2,1.0,0.0,0.0,6,0.0,0,True,1746968692.1098363,left,False
5800,1746968716.2724097,210.629,1.79138,-4.33417,0.0822118,-0.0683804,6445.27,5,1.71,98.9509,6079.1,48.195,2,2,1.0,0.0,0.0,6,0.0,0,True,1746968692.1098363,left,False
5801,1746968716.2906177,210.684,1.79202,-4.36072,0.0888231,-0.0688642,6446.61,5,1.732,100.235,6080.39,48.1946,2,2,1.0,0.0,0.0,6,0.0,0,True,1746968692.1098363,left,False
5802,1746968716.310516,210.738,1.79307,-4.39131,0.0954776,-0.0693475,6447.58,5,1.754,101.518,6081.67,48.1943,2,2,1.0,0.0,0.0,6,0.0,0,True,1746968692.1098363,left,False
5803,1746968716.3332508,210.793,1.79353,-4.41955,0.102175,-0.0698315,6449.07,5,1.776,102.803,6082.95,48.1939,2,2,1.0,0.0,0.0,6,0.0,0,True,1746968692.1098363,left,False
5804,1746968716.3571236,210.846,1.79476,-4.44575,0.108916,-0.0703151,6451.57,5,1.798,104.087,6084.24,48.1936,2,2,1.0,0.0,0.0,6,0.0,0,True,1746968692.1098363,left,False
5805,1746968716.379837,210.9,1.79504,-4.47466,0.115701,-0.0708,6453.05,5,1.82,105.372,6085.52,48.1933,2,2,1.0,0.0,0.0,6,0.0,0,True,1746968692.1098363,left,False
5806,1746968716.3988378,210.954,1.79557,-4.50641,0.122528,-0.0712852,6454.91,5,1.842,106.657,6086.81,48.1929,2,2,1.0,0.0,0.0,6,0.0,0,True,1746968692.1098363,left,False
5807,1746968716.4225707,211.009,1.79589,-4.53679,0.129399,-0.0717705,6456.33,5,1.864,107.942,6088.09,48.1926,2,2,1.0,0.0,0.0,6,0.0,0,True,1746968692.1098363,left,False
5808,1746968716.4453912,211.063,1.7959,-4.56038,0.136313,-0.072256,6457.83,5,1.886,109.228,6089.38,48.1923,2,2,1.0,0.0,0.0,6,0.0,0,True,1746968692.1098363,left,False
5809,1746968716.4641845,211.118,1.79604,-4.58615,0.14327,-0.0727418,6459.27,5,1.908,110.513,6090.67,48.1919,2,2,1.0,0.0,0.0,6,0.0,0,True,1746968692.1098363,left,False
5810,1746968716.4877136,211.172,1.79654,-4.61697,0.150271,-0.0732279,6461.26,5,1.93,111.799,6091.95,48.1916,2,2,1.0,0.0,0.0,6,0.0,0,True,1746968692.1098363,left,False
5811,1746968716.5086277,211.226,1.79677,-4.65006,0.157315,-0.0737146,6462.95,5,1.952,113.086,6093.24,48.1913,2,2,1.0,0.0,0.0,6,0.0,0,True,1746968692.1098363,left,False
5812,1746968716.56489,211.281,1.79605,-4.67158,0.164403,-0.0742007,6464.21,5,1.974,114.372,6094.52,48.1909,2,2,1.0,0.0,0.0,6,0.0,0,True,1746968692.1098363,left,False
5813,1746968716.6011872,211.335,1.79591,-4.70055,0.171534,-0.0746886,6465.42,5,1.996,115.659,6095.81,48.1906,2,2,1.0,0.0,0.0,6,0.0,0,True,1746968692.1098363,left,False
5814,1746968716.6046615,211.39,1.79605,-4.7321,0.178708,-0.0751736,6467.38,5,2.018,116.947,6097.1,48.1903,2,2,1.0,0.0,0.0,6,0.0,0,True,1746968692.1098363,left,False
5815,1746968716.6070452,211.443,1.79641,-4.76057,0.185925,-0.0756598,6470.3,5,2.04,118.234,6098.39,48.1899,2,2,1.0,0.0,0.0,6,0.0,0,True,1746968692.1098363,left,False
5816,1746968716.6203327,211.497,1.79667,-4.80068,0.193187,-0.0761495,6472.29,5,2.062,119.522,6099.67,48.1896,2,2,1.0,0.0,0.0,6,0.0,0,True,1746968692.1098363,left,False
5817,1746968716.641928,211.552,1.79559,-4.82656,0.200492,-0.0766407,6472.95,5,2.084,120.81,6100.96,48.1892,2,2,1.0,0.0,0.0,6,0.0,0,True,1746968692.1098363,left,False
5818,1746968716.6661346,211.607,1.79316,-4.85094,0.20784,-0.0771374,6474.89,5,2.106,122.098,6102.25,48.1889,2,2,1.0,0.0,0.0,6,0.0,0,True,1746968692.1098363,left,False
5819,1746968716.686729,211.663,1.78967,-4.86677,0.215231,-0.0776356,6474.16,5,2.128,123.387,6103.54,48.1886,2,2,1.0,0.0,0.0,6,0.0,0,True,1746968692.1098363,left,False
5820,1746968716.7116666,211.718,1.7869,-4.88616,0.222666,-0.0781309,6475.44,5,2.15,124.676,6104.83,48.1882,2,2,1.0,0.0,0.0,6,0.0,0,True,1746968692.1098363,left,False
5821,1746968716.731797,211.771,1.78683,-4.92104,0.230144,-0.0786232,6479.03,5,2.172,125.965,6106.12,48.1879,2,2,1.0,0.0,0.0,6,0.0,0,True,1746968692.1098363,left,False
5822,1746968716.7513843,211.826,1.78801,-4.95258,0.237666,-0.079106,6480.19,5,2.194,127.255,6107.41,48.1876,2,2,1.0,0.0,0.0,6,0.0,0,True,1746968692.1098363,left,False
5823,1746968716.7733424,211.881,1.78917,-4.98129,0.245232,-0.0795858,6481.27,5,2.216,128.544,6108.7,48.1872,2,2,1.0,0.0,0.0,6,0.0,0,True,1746968692.1098363,left,False
5824,1746968716.7972765,211.936,1.79191,-5.00895,0.252842,-0.0800614,6483.32,5,2.238,129.834,6109.99,48.1869,2,2,1.0,0.0,0.0,6,0.0,0,True,1746968692.1098363,left,False
5825,1746968716.8184361,211.99,1.79504,-5.04151,0.260495,-0.0805351,6485.22,5,2.26,131.125,6111.28,48.1866,2,2,1.0,0.0,0.0,6,0.0,0,True,1746968692.1098363,left,False
5826,1746968716.8386269,212.045,1.79788,-5.07325,0.268192,-0.0810077,6487.11,5,2.282,132.415,6112.57,48.1862,2,2,1.0,0.0,0.0,6,0.0,0,True,1746968692.1098363,left,False
5827,1746968716.859959,212.099,1.80103,-5.10412,0.275933,-0.0814795,6489.53,5,2.304,133.706,6113.86,48.1859,2,2,1.0,0.0,0.0,6,0.0,0,True,1746968692.1098363,left,False
5828,1746968716.8830426,212.154,1.80332,-5.12844,0.283717,-0.081952,6490.15,5,2.326,134.997,6115.15,48.1856,2,2,1.0,0.0,0.0,6,0.0,0,True,1746968692.1098363,left,False
5829,1746968716.9045348,212.209,1.80595,-5.16051,0.291545,-0.0824252,6491.8,5,2.348,136.288,6116.44,48.1852,2,2,1.0,0.0,0.0,6,0.0,0,True,1746968692.1098363,left,False
5830,1746968716.9299378,212.263,1.80796,-5.19289,0.299416,-0.0828995,6494.55,5,2.37,137.58,6117.73,48.1849,2,2,1.0,0.0,0.0,6,0.0,0,True,1746968692.1098363,left,False
5831,1746968716.948853,212.318,1.80935,-5.22311,0.307331,-0.0833752,6495.8,5,2.392,138.872,6119.02,48.1845,2,2,1.0,0.0,0.0,6,0.0,0,True,1746968692.1098363,left,False
5832,1746968716.9705422,212.373,1.81028,-5.24771,0.315289,-0.0838517,6497.32,5,2.414,140.164,6120.32,48.1842,2,2,1.0,0.0,0.0,6,0.0,0,True,1746968692.1098363,left,False
5833,1746968716.994823,212.428,1.81116,-5.28009,0.32329,-0.0843307,6499.57,5,2.436,141.457,6121.61,48.1839,2,2,1.0,0.0,0.0,6,0.0,0,True,1746968692.1098363,left,False
5834,1746968717.0158982,212.483,1.81118,-5.3069,0.331335,-0.0848111,6500.39,5,2.458,142.75,6122.9,48.1835,2,2,1.0,0.0,0.0,6,0.0,0,True,1746968692.1098363,left,False
5835,1746968717.0387177,212.538,1.8112,-5.33662,0.339423,-0.0852931,6501.84,5,2.48,144.043,6124.2,48.1832,2,2,1.0,0.0,0.0,6,0.0,0,True,1746968692.1098363,left,False
5836,1746968717.057885,212.593,1.81037,-5.36116,0.347555,-0.0857772,6503.44,5,2.502,145.336,6125.49,48.1829,2,2,1.0,0.0,0.0,6,0.0,0,True,1746968692.1098363,left,False
