Step,Time,SpeedX,SpeedY,SpeedZ,TrackPos,Angle,RPM,Gear_State,CurLapTime,DistFromStart,DistRaced,Fuel,Damage,RacePos,Accel,Brake,Steer,Gear_Control,Clutch,Meta,IsAutoShifting,LastManualShiftTime,SteerDirection,IsStopped
0,1746968980.4802532,0.0921063,0.126593,-0.0916573,0.343006,0.0121934,1047.2,0,-0.982,2952.63,0,50,1,1,0.1,0.0,0.0,1,0.0,0,True,1746968978.0739036,,True
1,1746968980.5008059,0.0921063,0.126593,-0.0916573,0.343006,0.0121934,1051.6,0,-0.962,2952.63,0,50,1,1,0.1,0.0,0.0,1,0.0,0,True,1746968978.0739036,,True
2,1746968980.5199256,0.0921063,0.126593,-0.0916573,0.343006,0.0121934,1055.99,0,-0.942,2952.63,0,50,1,1,0.1,0.0,0.0,1,0.0,0,True,1746968978.0739036,,True
3,1746968980.5422146,0.0921063,0.126593,-0.0916573,0.343006,0.0121934,1060.38,0,-0.922,2952.63,0,50,1,1,0.1,0.0,0.0,1,0.0,0,True,1746968978.0739036,,True
4,1746968980.563683,0.0921063,0.126593,-0.0916573,0.343006,0.0121934,1064.76,0,-0.902,2952.63,0,50,1,1,0.1,0.0,0.0,1,0.0,0,True,1746968978.0739036,,True
5,1746968980.5809684,0.0921063,0.126593,-0.0916573,0.343006,0.0121934,1069.14,0,-0.882,2952.63,0,50,1,1,0.1,0.0,0.0,1,0.0,0,True,1746968978.0739036,,True
6,1746968980.6038785,0.0921063,0.126593,-0.0916573,0.343006,0.0121934,1073.52,0,-0.862,2952.63,0,50,1,1,0.1,0.0,0.0,1,0.0,0,True,1746968978.0739036,,True
7,1746968980.6202846,0.0921063,0.126593,-0.0916573,0.343006,0.0121934,1077.89,0,-0.842,2952.63,0,50,1,1,0.1,0.0,0.0,1,0.0,0,True,1746968978.0739036,,True
8,1746968980.6398935,0.0921063,0.126593,-0.0916573,0.343006,0.0121934,1082.26,0,-0.822,2952.63,0,50,1,1,0.2,0.0,0.0,1,0.0,0,True,1746968978.0739036,,True
9,1746968980.6652975,0.0921063,0.126593,-0.0916573,0.343006,0.0121934,1091.02,0,-0.802,2952.63,0,50,1,1,0.2,0.0,0.0,1,0.0,0,True,1746968978.0739036,,True
10,1746968980.684944,0.0921063,0.126593,-0.0916573,0.343006,0.0121934,1099.78,0,-0.782,2952.63,0,50,1,1,0.2,0.0,0.0,1,0.0,0,True,1746968978.0739036,,True
11,1746968980.7054071,0.0921063,0.126593,-0.0916573,0.343006,0.0121934,1112.93,0,-0.762,2952.63,0,50,1,1,0.30000000000000004,0.0,0.0,1,0.0,0,True,1746968978.0739036,,True
12,1746968980.723754,0.0921063,0.126593,-0.0916573,0.343006,0.0121934,1126.08,0,-0.742,2952.63,0,50,1,1,0.30000000000000004,0.0,0.0,1,0.0,0,True,1746968978.0739036,,True
13,1746968980.7417068,0.0921063,0.126593,-0.0916573,0.343006,0.0121934,1139.21,0,-0.722,2952.63,0,50,1,1,0.30000000000000004,0.0,0.0,1,0.0,0,True,1746968978.0739036,,True
14,1746968980.7616196,0.0921063,0.126593,-0.0916573,0.343006,0.0121934,1152.33,0,-0.702,2952.63,0,50,1,1,0.4,0.0,0.0,1,0.0,0,True,1746968978.0739036,,True
15,1746968980.7798018,0.0921063,0.126593,-0.0916573,0.343006,0.0121934,1169.86,0,-0.682,2952.63,0,50,1,1,0.4,0.0,0.0,1,0.0,0,True,1746968978.0739036,,True
16,1746968980.7998993,0.0921063,0.126593,-0.0916573,0.343006,0.0121934,1187.37,0,-0.662,2952.63,0,50,1,1,0.4,0.0,0.0,1,0.0,0,True,1746968978.0739036,,True
17,1746968980.8260822,0.0921063,0.126593,-0.0916573,0.343006,0.0121934,1209.29,0,-0.642,2952.63,0,50,1,1,0.5,0.0,0.0,1,0.0,0,True,1746968978.0739036,,True
18,1746968980.8467164,0.0921063,0.126593,-0.0916573,0.343006,0.0121934,1231.19,0,-0.622,2952.63,0,50,1,1,0.5,0.0,0.0,1,0.0,0,True,1746968978.0739036,,True
19,1746968980.866159,0.0921063,0.126593,-0.0916573,0.343006,0.0121934,1253.08,0,-0.602,2952.63,0,50,1,1,0.6,0.0,0.0,1,0.0,0,True,1746968978.0739036,,True
20,1746968980.8864386,0.0921063,0.126593,-0.0916573,0.343006,0.0121934,1279.38,0,-0.582,2952.63,0,50,1,1,0.6,0.0,0.0,1,0.0,0,True,1746968978.0739036,,True
21,1746968980.9023693,0.0921063,0.126593,-0.0916573,0.343006,0.0121934,1305.68,0,-0.562,2952.63,0,50,1,1,0.6,0.0,0.0,1,0.0,0,True,1746968978.0739036,,True
22,1746968980.9220874,0.0921063,0.126593,-0.0916573,0.343006,0.0121934,1331.95,0,-0.542,2952.63,0,50,1,1,0.7,0.0,0.0,1,0.0,0,True,1746968978.0739036,,True
23,1746968980.9436564,0.0921063,0.126593,-0.0916573,0.343006,0.0121934,1362.65,0,-0.522,2952.63,0,50,1,1,0.7,0.0,0.0,1,0.0,0,True,1746968978.0739036,,True
24,1746968980.96123,0.0921063,0.126593,-0.0916573,0.343006,0.0121934,1393.34,0,-0.502,2952.63,0,49.9999,1,1,0.7999999999999999,0.0,0.0,1,0.0,0,True,1746968978.0739036,,True
25,1746968980.9842844,0.0921063,0.126593,-0.0916573,0.343006,0.0121934,1428.46,0,-0.482,2952.63,0,49.9999,1,1,0.7999999999999999,0.0,0.0,1,0.0,0,True,1746968978.0739036,,True
26,1746968981.0045457,0.0921063,0.126593,-0.0916573,0.343006,0.0121934,1463.57,0,-0.462,2952.63,0,49.9998,1,1,0.7999999999999999,0.0,0.0,1,0.0,0,True,1746968978.0739036,,True
27,1746968981.0200572,0.0921063,0.126593,-0.0916573,0.343006,0.0121934,1498.68,0,-0.442,2952.63,0,49.9998,1,1,0.8999999999999999,0.0,0.0,1,0.0,0,True,1746968978.0739036,,True
28,1746968981.0438697,0.0921063,0.126593,-0.0916573,0.343006,0.0121934,1538.22,0,-0.422,2952.63,0,49.9998,1,1,0.8999999999999999,0.0,0.0,1,0.0,0,True,1746968978.0739036,,True
29,1746968981.0610242,0.0921063,0.126593,-0.0916573,0.343006,0.0121934,1577.77,0,-0.402,2952.63,0,49.9997,1,1,0.8999999999999999,0.0,0.0,1,0.0,0,True,1746968978.0739036,,True
30,1746968981.0878348,0.0921063,0.126593,-0.0916573,0.343006,0.0121934,1617.82,0,-0.382,2952.63,0,49.9997,1,1,0.9999999999999999,0.0,0.0,1,0.0,0,True,1746968978.0739036,,True
31,1746968981.1005702,0.0921063,0.126593,-0.0916573,0.343006,0.0121934,1663.37,0,-0.362,2952.63,0,49.9997,1,1,0.9999999999999999,0.0,0.0,1,0.0,0,True,1746968978.0739036,,True
32,1746968981.1204875,0.0921063,0.126593,-0.0916573,0.343006,0.0121934,1709.97,0,-0.342,2952.63,0,49.9996,1,1,0.9999999999999999,0.0,0.0,1,0.0,0,True,1746968978.0739036,,True
33,1746968981.1391356,0.0921063,0.126593,-0.0916573,0.343006,0.0121934,1757.65,0,-0.322,2952.63,0,49.9996,1,1,1.0,0.0,0.0,1,0.0,0,True,1746968978.0739036,,True
34,1746968981.1649885,0.0921063,0.126593,-0.0916573,0.343006,0.0121934,1806.43,0,-0.302,2952.63,0,49.9995,1,1,1.0,0.0,0.0,1,0.0,0,True,1746968978.0739036,,True
35,1746968981.1804376,0.0921063,0.126593,-0.0916573,0.343006,0.0121934,1856.35,0,-0.282,2952.63,0,49.9995,1,1,1.0,0.0,0.0,1,0.0,0,True,1746968978.0739036,,True
36,1746968981.2068367,0.0921063,0.126593,-0.0916573,0.343006,0.0121934,1907.42,0,-0.262,2952.63,0,49.9995,1,1,1.0,0.0,0.0,1,0.0,0,True,1746968978.0739036,,True
37,1746968981.2256825,0.0921063,0.126593,-0.0916573,0.343006,0.0121934,1959.67,0,-0.242,2952.63,0,49.9994,1,1,1.0,0.0,0.0,1,0.0,0,True,1746968978.0739036,,True
38,1746968981.2411005,0.0921063,0.126593,-0.0916573,0.343006,0.0121934,2013.13,0,-0.222,2952.63,0,49.9994,1,1,1.0,0.0,0.0,1,0.0,0,True,1746968978.0739036,,True
39,1746968981.2633352,0.0921063,0.126593,-0.0916573,0.343006,0.0121934,2067.83,0,-0.202,2952.63,0,49.9993,1,1,1.0,0.0,0.0,1,0.0,0,True,1746968978.0739036,,True
40,1746968981.2810304,0.0921063,0.126593,-0.0916573,0.343006,0.0121934,2123.78,0,-0.182,2952.63,0,49.9992,1,1,1.0,0.0,0.0,1,0.0,0,True,1746968978.0739036,,True
41,1746968981.3032136,0.0921063,0.126593,-0.0916573,0.343006,0.0121934,2180.91,0,-0.162,2952.63,0,49.9991,1,1,1.0,0.0,0.0,1,0.0,0,True,1746968978.0739036,,True
42,1746968981.3217173,0.0921063,0.126593,-0.0916573,0.343006,0.0121934,2239.24,0,-0.142,2952.63,0,49.9991,1,1,1.0,0.0,0.0,1,0.0,0,True,1746968978.0739036,,True
43,1746968981.3396988,0.0921063,0.126593,-0.0916573,0.343006,0.0121934,2298.78,0,-0.122,2952.63,0,49.999,1,1,1.0,0.0,0.0,1,0.0,0,True,1746968978.0739036,,True
44,1746968981.3613353,0.0921063,0.126593,-0.0916573,0.343006,0.0121934,2359.55,0,-0.102,2952.63,0,49.9989,1,1,1.0,0.0,0.0,1,0.0,0,True,1746968978.0739036,,True
45,1746968981.3817468,0.0921063,0.126593,-0.0916573,0.343006,0.0121934,2421.6,0,-0.082,2952.63,0,49.9988,1,1,1.0,0.0,0.0,1,0.0,0,True,1746968978.0739036,,True
46,1746968981.4045157,0.0921063,0.126593,-0.0916573,0.343006,0.0121934,2484.93,0,-0.062,2952.63,0,49.9988,1,1,1.0,0.0,0.0,1,0.0,0,True,1746968978.0739036,,True
47,1746968981.4230165,0.0921063,0.126593,-0.0916573,0.343006,0.0121934,2549.58,0,-0.042,2952.63,0,49.9987,1,1,1.0,0.0,0.0,1,0.0,0,True,1746968978.0739036,,True
48,1746968981.4435532,0.0921063,0.126593,-0.0916573,0.343006,0.0121934,2615.58,0,-0.022,2952.63,0,49.9986,1,1,1.0,0.0,0.0,1,0.0,0,True,1746968978.0739036,,True
49,1746968981.4860404,0.021515,0.211392,-0.0623422,0.343068,0.0123565,2751.83,0,0.018,2952.63,0.000244141,49.9984,1,1,1.0,0.0,0.0,1,0.0,0,True,1746968978.0739036,,True
50,1746968981.511029,0.0985793,0.320076,-0.041439,0.343168,0.0123636,1051.16,1,0.038,2952.63,0.000976563,49.9984,1,1,1.0,0.0,0.0,1,0.0,0,True,1746968978.0739036,,True
51,1746968981.5244331,0.0205755,0.425856,-0.033848,0.343309,0.0121705,1055.55,1,0.058,2952.63,0.00146484,49.9984,1,1,1.0,0.0,0.0,1,0.0,0,True,1746968978.0739036,,True
52,1746968981.5469706,0.0976378,0.532624,-0.0395851,0.343488,0.0117933,1059.94,1,0.078,2952.63,0.00219727,49.9984,1,1,1.0,0.0,0.0,1,0.0,0,True,1746968978.0739036,,True
53,1746968981.5604768,0.0170418,0.634448,-0.0452794,0.343706,0.011243,1064.32,1,0.098,2952.63,0.00268555,49.9984,1,1,1.0,0.0,0.0,1,0.0,0,True,1746968978.0739036,,True
54,1746968981.584423,0.0938533,0.730413,-0.0634687,0.343961,0.0105039,1068.71,1,0.118,2952.64,0.00341797,49.9984,1,1,1.0,0.0,0.0,1,0.0,0,True,1746968978.0739036,,True
55,1746968981.6057587,0.0135163,0.810297,-0.0923503,0.344247,0.00954979,1073.08,1,0.138,2952.64,0.00390625,49.9984,1,1,1.0,0.0,0.0,1,0.0,0,True,1746968978.0739036,,True
56,1746968981.6276226,0.0923486,0.866188,-0.121229,0.344559,0.00836581,1077.45,1,0.158,2952.64,0.00439453,49.9984,1,1,1.0,0.0,0.0,1,0.0,0,True,1746968978.0739036,,True
57,1746968981.6463566,0.0144205,0.897825,-0.152479,0.344885,0.00685662,1081.82,1,0.178,2952.64,0.00512695,49.9984,1,1,1.0,0.0,0.0,1,0.0,0,True,1746968978.0739036,,True
58,1746968981.6659224,0.0900278,0.901301,-0.185271,0.345218,0.00504082,1086.18,1,0.198,2952.64,0.00561523,49.9984,1,1,1.0,0.0,0.0,1,0.0,0,True,1746968978.0739036,,True
59,1746968981.6831317,0.0132651,0.889573,-0.213437,0.345549,0.00290602,1090.54,1,0.218,2952.64,0.00610352,49.9984,1,1,1.0,0.0,0.0,1,0.0,0,True,1746968978.0739036,,True
60,1746968981.702063,0.088194,0.862346,-0.231693,0.345875,0.000589069,1094.9,1,0.238,2952.64,0.0065918,49.9984,1,1,1.0,0.0,0.0,1,0.0,0,True,1746968978.0739036,,True
61,1746968981.7235465,0.102366,0.85704,-0.25612,0.346224,-0.00204355,1099.68,1,0.26,2952.64,0.00708008,49.9984,1,1,1.0,0.0,0.0,1,0.0,0,True,1746968978.0739036,,True
62,1746968981.7416062,0.0334072,0.84553,-0.263845,0.346537,-0.00448877,1104.03,1,0.28,2952.64,0.00756836,49.9984,1,1,1.0,0.0,0.0,1,0.0,0,True,1746968978.0739036,,True
63,1746968981.7642963,0.161818,0.836613,-0.267379,0.346846,-0.00683958,1108.37,1,0.3,2952.64,0.00830078,49.9984,1,1,1.0,0.0,0.0,1,0.0,0,True,1746968978.0739036,,True
64,1746968981.7845488,0.0800479,0.845876,-0.277992,0.347158,-0.00934393,1047.2,1,0.32,2952.64,0.00878906,49.9984,1,1,1.0,0.0,0.0,1,0.0,0,True,1746968978.0739036,,False
65,1746968981.8018768,0.267994,0.837887,-0.27527,0.347472,-0.011812,1047.2,1,0.34,2952.64,0.00976563,49.9983,1,1,1.0,0.0,0.0,1,0.0,0,True,1746968978.0739036,,False
66,1746968981.8236477,0.464125,0.803746,-0.278594,0.347785,-0.014097,1047.2,1,0.36,2952.64,0.0117188,49.9983,1,1,1.0,0.0,0.0,1,0.0,0,True,1746968978.0739036,,False
67,1746968981.8415143,0.709035,0.74177,-0.268216,0.348074,-0.0160735,1047.2,1,0.38,2952.65,0.0148926,49.9983,1,1,1.0,0.0,0.0,1,0.0,0,True,1746968978.0739036,,False
68,1746968981.863877,0.846527,0.629973,-0.259077,0.348332,-0.017876,1047.2,1,0.4,2952.65,0.019043,49.9982,1,1,1.0,0.0,0.0,1,0.0,0,True,1746968978.0739036,,False
69,1746968981.881014,1.14252,0.487175,-0.244627,0.348536,-0.019089,1047.2,1,0.42,2952.66,0.0246582,49.9982,1,1,1.0,0.0,0.0,1,0.0,0,True,1746968978.0739036,,False
70,1746968981.9037476,1.2579,0.392382,-0.219303,0.348704,-0.0199435,1047.2,1,0.44,2952.66,0.03125,49.9981,1,1,1.0,0.0,0.0,1,0.0,0,True,1746968978.0739036,,False
71,1746968981.9224575,1.55454,0.309299,-0.190163,0.348838,-0.0204642,1047.2,1,0.46,2952.67,0.0388184,49.9981,1,1,1.0,0.0,0.0,1,0.0,0,True,1746968978.0739036,,False
72,1746968981.941504,1.67822,0.26953,-0.159874,0.348952,-0.0207842,1047.2,1,0.48,2952.68,0.0478516,49.9981,1,1,1.0,0.0,0.0,1,0.0,0,True,1746968978.0739036,,False
73,1746968981.9677892,2.0237,0.228483,-0.133835,0.34907,-0.021057,1047.2,1,0.502,2952.69,0.059082,49.998,1,1,1.0,0.0,0.0,1,0.0,0,True,1746968978.0739036,,False
74,1746968981.9874432,2.12752,0.241763,-0.11031,0.349174,-0.0213016,1047.2,1,0.522,2952.7,0.0705566,49.998,1,1,1.0,0.0,0.0,1,0.0,0,True,1746968978.0739036,,False
75,1746968982.0036235,2.41158,0.239087,-0.0837823,0.349283,-0.0216234,1047.2,1,0.542,2952.71,0.083252,49.998,1,1,1.0,0.0,0.0,1,0.0,0,True,1746968978.0739036,,False
76,1746968982.024566,2.52996,0.216942,-0.0662456,0.349387,-0.0218037,1047.2,1,0.562,2952.73,0.0966797,49.9979,1,1,1.0,0.0,0.0,1,0.0,0,True,1746968978.0739036,,False
77,1746968982.0434904,2.84153,0.211055,-0.053177,0.349488,-0.0219348,1047.2,1,0.582,2952.74,0.111816,49.9979,1,1,1.0,0.0,0.0,1,0.0,0,True,1746968978.0739036,,False
78,1746968982.0641732,2.99996,0.224503,-0.0432886,0.349594,-0.0221728,1047.2,1,0.602,2952.76,0.12793,49.9978,1,1,1.0,0.0,0.0,1,0.0,0,True,1746968978.0739036,,False
79,1746968982.0835338,3.26201,0.222724,-0.0390777,0.349701,-0.0223783,1047.2,1,0.622,2952.78,0.145264,49.9978,1,1,1.0,0.0,0.0,1,0.0,0,True,1746968978.0739036,,False
80,1746968982.1103935,3.39695,0.213469,-0.0310048,0.34981,-0.0225552,1047.2,1,0.642,2952.8,0.163818,49.9978,1,1,1.0,0.0,0.0,1,0.0,0,True,1746968978.0739036,,False
81,1746968982.1275702,3.70326,0.219385,-0.0365227,0.34992,-0.0227717,1047.2,1,0.662,2952.81,0.18335,49.9977,1,1,1.0,0.0,0.0,1,0.0,0,True,1746968978.0739036,,False
82,1746968982.1478207,3.81131,0.22909,-0.0447283,0.350037,-0.0230697,1047.2,1,0.682,2952.84,0.204102,49.9977,1,1,1.0,0.0,0.0,1,0.0,0,True,1746968978.0739036,,False
83,1746968982.1670358,4.09876,0.244442,-0.0423543,0.350156,-0.0233601,1047.2,1,0.702,2952.86,0.22583,49.9977,1,1,1.0,0.0,0.0,1,0.0,0,True,1746968978.0739036,,False
84,1746968982.1879258,4.23157,0.24219,-0.0547873,0.350283,-0.0236872,1047.2,1,0.722,2952.88,0.249023,49.9976,1,1,1.0,0.0,0.0,1,0.0,0,True,1746968978.0739036,,False
85,1746968982.2061186,4.51666,0.249901,-0.062217,0.350411,-0.0240281,1047.2,1,0.742,2952.9,0.273193,49.9976,1,1,1.0,0.0,0.0,1,0.0,0,True,1746968978.0739036,,False
86,1746968982.2229712,4.66117,0.240026,-0.0780788,0.350543,-0.0244282,1047.2,1,0.762,2952.93,0.298584,49.9975,1,1,1.0,0.0,0.0,1,0.0,0,True,1746968978.0739036,,False
87,1746968982.246029,4.88855,0.222691,-0.076124,0.350671,-0.0246766,1047.2,1,0.782,2952.96,0.325195,49.9975,1,1,1.0,0.0,0.0,1,0.0,0,True,1746968978.0739036,,False
88,1746968982.2634833,5.11186,0.235201,-0.0926739,0.350802,-0.0249999,1047.2,1,0.802,2952.98,0.353027,49.9975,1,1,1.0,0.0,0.0,1,0.0,0,True,1746968978.0739036,,False
89,1746968982.285743,5.31079,0.23408,-0.0935751,0.350939,-0.0253313,1047.2,1,0.822,2953.01,0.381836,49.9974,1,1,1.0,0.0,0.0,1,0.0,0,True,1746968978.0739036,,False
90,1746968982.3072584,5.51767,0.218934,-0.101699,0.351073,-0.025543,1047.2,1,0.842,2953.04,0.412109,49.9974,1,1,1.0,0.0,0.0,1,0.0,0,True,1746968978.0739036,,False
91,1746968982.3251824,5.71325,0.221527,-0.10298,0.351208,-0.0257834,1047.2,1,0.862,2953.07,0.443359,49.9973,1,1,1.0,0.0,0.0,1,0.0,0,True,1746968978.0739036,,False
92,1746968982.3453994,5.93264,0.233088,-0.112303,0.351348,-0.0260447,1047.2,1,0.882,2953.11,0.47583,49.9973,1,1,1.0,0.0,0.0,1,0.0,0,True,1746968978.0739036,,False
93,1746968982.366226,6.16632,0.234453,-0.103046,0.351492,-0.026295,1059.56,1,0.902,2953.14,0.509521,49.9973,1,1,1.0,0.0,0.0,1,0.0,0,True,1746968978.0739036,,False
94,1746968982.3874333,6.4214,0.239984,-0.121742,0.351642,-0.026615,1047.2,1,0.922,2953.18,0.544189,49.9972,1,1,1.0,0.0,0.0,1,0.0,0,True,1746968978.0739036,,False
95,1746968982.4046478,6.565,0.261287,-0.118219,0.3518,-0.0269364,1105.92,1,0.942,2953.21,0.580078,49.9972,1,1,1.0,0.0,0.0,1,0.0,0,True,1746968978.0739036,,False
96,1746968982.4304423,6.74484,0.251206,-0.124042,0.351961,-0.0272267,1102.76,1,0.962,2953.25,0.617432,49.9972,1,1,1.0,0.0,0.0,1,0.0,0,True,1746968978.0739036,,False
97,1746968982.4457073,6.95731,0.262873,-0.124236,0.352127,-0.0275162,1070.59,1,0.982,2953.29,0.655518,49.9971,1,1,1.0,0.0,0.0,1,0.0,0,True,1746968978.0739036,,False
98,1746968982.4712322,7.23243,0.266463,-0.122188,0.352315,-0.0278705,1178.98,1,1.004,2953.33,0.698975,49.9971,1,1,1.0,0.0,0.0,1,0.0,0,True,1746968978.0739036,,False
99,1746968982.4932413,7.46878,0.275788,-0.131872,0.352493,-0.0281637,1124.66,1,1.024,2953.37,0.739746,49.997,1,1,1.0,0.0,0.0,1,0.0,0,True,1746968978.0739036,,False
100,1746968982.5059817,7.68691,0.275538,-0.126943,0.352673,-0.0284746,1249.85,1,1.044,2953.41,0.781738,49.997,1,1,1.0,0.0,0.0,1,0.0,0,True,1746968978.0739036,,False
101,1746968982.527665,7.88346,0.272564,-0.1371,0.352858,-0.0288165,1192.97,1,1.064,2953.46,0.824951,49.997,1,1,1.0,0.0,0.0,1,0.0,0,True,1746968978.0739036,,False
102,1746968982.5454671,8.03595,0.27763,-0.136851,0.353046,-0.0291012,1278.89,1,1.084,2953.5,0.869141,49.9969,1,1,1.0,0.0,0.0,1,0.0,0,True,1746968978.0739036,,False
103,1746968982.5666425,8.22968,0.284736,-0.13843,0.353238,-0.0294078,1345.99,1,1.104,2953.55,0.914307,49.9969,1,1,1.0,0.0,0.0,1,0.0,0,True,1746968978.0739036,,False
104,1746968982.5870843,8.46924,0.281281,-0.143067,0.353435,-0.0297311,1293.19,1,1.124,2953.59,0.960938,49.9968,1,1,1.0,0.0,0.0,1,0.0,0,True,1746968978.0739036,,False
105,1746968982.605275,8.69723,0.286921,-0.145568,0.353636,-0.0300153,1340.89,1,1.144,2953.64,1.00879,49.9968,1,1,1.0,0.0,0.0,1,0.0,0,True,1746968978.0739036,,False
106,1746968982.6266105,8.95005,0.281948,-0.151788,0.353839,-0.0303443,1334.56,1,1.164,2953.69,1.05762,49.9968,1,1,1.0,0.0,0.0,1,0.0,0,True,1746968978.0739036,,False
107,1746968982.6509619,9.12949,0.286776,-0.165714,0.354045,-0.0306471,1434.58,1,1.184,2953.74,1.10767,49.9967,1,1,1.0,0.0,0.0,1,0.0,0,True,1746968978.0739036,,False
108,1746968982.666554,9.31263,0.289862,-0.167332,0.354257,-0.0309756,1423.1,1,1.204,2953.79,1.15894,49.9967,1,1,1.0,0.0,0.0,1,0.0,0,True,1746968978.0739036,,False
109,1746968982.6857727,9.51881,0.287747,-0.163411,0.354474,-0.0313233,1379.24,1,1.224,2953.84,1.21143,49.9967,1,1,1.0,0.0,0.0,1,0.0,0,True,1746968978.0739036,,False
110,1746968982.7104678,9.73409,0.284032,-0.159203,0.354691,-0.031627,1482.96,1,1.244,2953.9,1.26514,49.9966,1,1,1.0,0.0,0.0,1,0.0,0,True,1746968978.0739036,,False
111,1746968982.727184,9.97555,0.28525,-0.164775,0.354913,-0.0319369,1460.33,1,1.264,2953.95,1.31982,49.9966,1,1,1.0,0.0,0.0,1,0.0,0,True,1746968978.0739036,,False
112,1746968982.7457533,10.2135,0.288038,-0.167763,0.35514,-0.0322054,1457.82,1,1.284,2954.01,1.37598,49.9965,1,1,1.0,0.0,0.0,1,0.0,0,True,1746968978.0739036,,False
113,1746968982.7651565,10.4138,0.299307,-0.166459,0.355372,-0.0325154,1507.33,1,1.304,2954.06,1.43311,49.9965,1,1,1.0,0.0,0.0,1,0.0,0,True,1746968978.0739036,,False
114,1746968982.7895393,10.6097,0.302827,-0.170582,0.35561,-0.03282,1572.51,1,1.324,2954.12,1.49146,49.9965,1,1,1.0,0.0,0.0,1,0.0,0,True,1746968978.0739036,,False
115,1746968982.8079135,10.83,0.298215,-0.169353,0.355854,-0.0331371,1437.07,1,1.344,2954.18,1.55078,49.9964,1,1,1.0,0.0,0.0,1,0.0,0,True,1746968978.0739036,,False
116,1746968982.826678,11.0011,0.303516,-0.17487,0.356099,-0.0334185,1527.54,1,1.364,2954.24,1.61157,49.9964,1,1,1.0,0.0,0.0,1,0.0,0,True,1746968978.0739036,,False
117,1746968982.8486464,11.2109,0.303434,-0.180334,0.356349,-0.0336946,1528.56,1,1.384,2954.3,1.67334,49.9963,1,1,1.0,0.0,0.0,1,0.0,0,True,1746968978.0739036,,False
118,1746968982.8676422,11.4482,0.30737,-0.18213,0.356605,-0.0339912,1526.77,1,1.404,2954.37,1.73657,49.9963,1,1,1.0,0.0,0.0,1,0.0,0,True,1746968978.0739036,,False
119,1746968982.8880694,11.6695,0.315915,-0.181705,0.356867,-0.0342959,1595.8,1,1.424,2954.43,1.80078,49.9963,1,1,1.0,0.0,0.0,1,0.0,0,True,1746968978.0739036,,False
120,1746968982.9081192,11.9132,0.3153,-0.186657,0.357134,-0.0346125,1611.77,1,1.444,2954.5,1.86646,49.9962,1,1,1.0,0.0,0.0,1,0.0,0,True,1746968978.0739036,,False
121,1746968982.9255633,12.1612,0.31236,-0.191487,0.357405,-0.0349258,1613.06,1,1.464,2954.56,1.93311,49.9962,1,1,1.0,0.0,0.0,1,0.0,0,True,1746968978.0739036,,False
122,1746968982.947067,12.3833,0.309367,-0.197986,0.357679,-0.0352214,1654.99,1,1.484,2954.63,2.00098,49.9962,1,1,1.0,0.0,0.0,1,0.0,0,True,1746968978.0739036,,False
123,1746968982.9709187,12.6013,0.311179,-0.196558,0.357958,-0.0355108,1651.23,1,1.504,2954.7,2.07031,49.9961,1,1,1.0,0.0,0.0,1,0.0,0,True,1746968978.0739036,,False
124,1746968982.9854496,12.7979,0.319211,-0.208666,0.358242,-0.0358189,1741.53,1,1.524,2954.77,2.14038,49.9961,1,1,1.0,0.0,0.0,1,0.0,0,True,1746968978.0739036,,False
125,1746968983.0085518,12.9992,0.315401,-0.209341,0.358531,-0.0361117,1794.52,1,1.544,2954.84,2.21216,49.996,1,1,1.0,0.0,0.0,1,0.0,0,True,1746968978.0739036,,False
126,1746968983.0311358,13.234,0.321978,-0.213989,0.358825,-0.0364283,1773.3,1,1.564,2954.92,2.28491,49.996,1,1,1.0,0.0,0.0,1,0.0,0,True,1746968978.0739036,,False
127,1746968983.052479,13.4736,0.319872,-0.219138,0.359126,-0.036742,1796.07,1,1.584,2954.99,2.35913,49.996,1,1,1.0,0.0,0.0,1,0.0,0,True,1746968978.0739036,,False
128,1746968983.0650985,13.7028,0.323644,-0.22283,0.359431,-0.0370525,1926.89,1,1.604,2955.07,2.43481,49.9959,1,1,1.0,0.0,0.0,1,0.0,0,True,1746968978.0739036,,False
129,1746968983.0902355,13.9679,0.329062,-0.23073,0.359743,-0.0373805,1973.9,1,1.624,2955.14,2.51172,49.9959,1,1,1.0,0.0,0.0,1,0.0,0,True,1746968978.0739036,,False
130,1746968983.1069272,14.2472,0.328875,-0.234083,0.360061,-0.0377105,1941.92,1,1.644,2955.22,2.59009,49.9959,1,1,1.0,0.0,0.0,1,0.0,0,True,1746968978.0739036,,False
131,1746968983.1305046,14.5141,0.322353,-0.234463,0.360383,-0.0380166,1914.06,1,1.664,2955.3,2.66992,49.9958,1,1,1.0,0.0,0.0,1,0.0,0,True,1746968978.0739036,,False
132,1746968983.1483068,14.7602,0.323958,-0.239996,0.360709,-0.0383194,1938.76,1,1.684,2955.38,2.75098,49.9958,1,1,1.0,0.0,0.0,1,0.0,0,True,1746968978.0739036,,False
133,1746968983.1664085,14.994,0.325843,-0.24704,0.361041,-0.0386174,1975.59,1,1.704,2955.47,2.8335,49.9957,1,1,1.0,0.0,0.0,1,0.0,0,True,1746968978.0739036,,False
134,1746968983.19004,15.2267,0.32277,-0.249849,0.361378,-0.0388959,2020.23,1,1.724,2955.55,2.91724,49.9957,1,1,1.0,0.0,0.0,1,0.0,0,True,1746968978.0739036,,False
135,1746968983.2078965,15.4803,0.322888,-0.253288,0.36172,-0.0391606,2011.97,1,1.744,2955.63,3.00269,49.9956,1,1,1.0,0.0,0.0,1,0.0,0,True,1746968978.0739036,,False
136,1746968983.225262,15.7368,0.32392,-0.256628,0.362067,-0.0394219,2058.44,1,1.764,2955.72,3.08936,49.9955,1,1,1.0,0.0,0.0,1,0.0,0,True,1746968978.0739036,,False
137,1746968983.247982,16.0169,0.328076,-0.257799,0.362421,-0.0397056,2067.08,1,1.784,2955.81,3.17773,49.9954,1,1,1.0,0.0,0.0,1,0.0,0,True,1746968978.0739036,,False
138,1746968983.268067,16.3004,0.332693,-0.259691,0.362782,-0.0400003,2110.47,1,1.804,2955.9,3.26733,49.9954,1,1,1.0,0.0,0.0,1,0.0,0,True,1746968978.0739036,,False
139,1746968983.2887633,16.5848,0.332779,-0.267554,0.363149,-0.0402964,2183.16,1,1.824,2955.99,3.35864,49.9953,1,1,1.0,0.0,0.0,1,0.0,0,True,1746968978.0739036,,False
140,1746968983.305152,16.8693,0.334437,-0.27496,0.363523,-0.040592,2218.98,1,1.844,2956.08,3.45142,49.9952,1,1,1.0,0.0,0.0,1,0.0,0,True,1746968978.0739036,,False
141,1746968983.3270702,17.153,0.336652,-0.276996,0.363904,-0.0408881,2237.91,1,1.864,2956.18,3.5459,49.9951,1,1,1.0,0.0,0.0,1,0.0,0,True,1746968978.0739036,,False
142,1746968983.347628,17.4343,0.337623,-0.280077,0.364291,-0.0411885,2245.53,1,1.884,2956.27,3.6416,49.9951,1,1,1.0,0.0,0.0,1,0.0,0,True,1746968978.0739036,,False
143,1746968983.3674252,17.7041,0.339428,-0.283132,0.364685,-0.0414861,2288.97,1,1.904,2956.37,3.73926,49.995,1,1,1.0,0.0,0.0,1,0.0,0,True,1746968978.0739036,,False
144,1746968983.389051,17.981,0.34302,-0.291867,0.365087,-0.0417884,2321.19,1,1.924,2956.47,3.83813,49.9949,1,1,1.0,0.0,0.0,1,0.0,0,True,1746968978.0739036,,False
145,1746968983.4054513,18.2665,0.344244,-0.2971,0.365496,-0.0420907,2355.17,1,1.944,2956.57,3.93896,49.9948,1,1,1.0,0.0,0.0,1,0.0,0,True,1746968978.0739036,,False
146,1746968983.4288332,18.5661,0.346897,-0.302511,0.365912,-0.0423968,2367.55,1,1.964,2956.67,4.04102,49.9948,1,1,1.0,0.0,0.0,1,0.0,0,True,1746968978.0739036,,False
147,1746968983.446866,18.8699,0.348622,-0.304994,0.366336,-0.0427006,2401.49,1,1.984,2956.78,4.14502,49.9947,1,1,1.0,0.0,0.0,1,0.0,0,True,1746968978.0739036,,False
148,1746968983.4679627,19.2232,0.352361,-0.313491,0.366811,-0.043031,2441.93,1,2.006,2956.89,4.26123,49.9946,1,1,1.0,0.0,0.0,1,0.0,0,True,1746968978.0739036,,False
149,1746968983.4899116,19.5453,0.355075,-0.317957,0.367296,-0.0433744,2521.06,1,2.028,2957.01,4.37964,49.9945,1,1,1.0,0.0,0.0,1,0.0,0,True,1746968978.0739036,,False
150,1746968983.5144918,19.8809,0.358703,-0.326945,0.367792,-0.0437239,2543.41,1,2.05,2957.13,4.5,49.9944,1,1,1.0,0.0,0.0,1,0.0,0,True,1746968978.0739036,,False
151,1746968983.534795,20.2362,0.364809,-0.337808,0.368298,-0.0440739,2586.95,1,2.072,2957.25,4.62256,49.9944,1,1,1.0,0.0,0.0,1,0.0,0,True,1746968978.0739036,,False
152,1746968983.561536,20.5867,0.370136,-0.340755,0.368815,-0.0444344,2636.72,1,2.094,2957.38,4.74707,49.9943,1,1,1.0,0.0,0.0,1,0.0,0,True,1746968978.0739036,,False
153,1746968983.577645,20.9379,0.375228,-0.346795,0.369344,-0.0448135,2687.58,1,2.116,2957.51,4.87378,49.9941,1,1,1.0,0.0,0.0,1,0.0,0,True,1746968978.0739036,,False
154,1746968983.6511662,21.2996,0.382186,-0.356727,0.369886,-0.0452045,2743.49,1,2.138,2957.63,5.00293,49.994,1,1,1.0,0.0,0.0,1,0.0,0,True,1746968978.0739036,,False
155,1746968983.7357762,21.6693,0.389446,-0.370923,0.37044,-0.0456088,2791.29,1,2.16,2957.77,5.13403,49.9939,1,1,1.0,0.0,0.0,1,0.0,0,True,1746968978.0739036,,False
156,1746968983.7397904,22.0363,0.396728,-0.377851,0.371008,-0.0460284,2864.68,1,2.182,2957.9,5.26733,49.9938,1,1,1.0,0.0,0.0,1,0.0,0,True,1746968978.0739036,,False
157,1746968983.7434056,22.4172,0.404278,-0.386233,0.37159,-0.0464709,2901.58,1,2.204,2958.03,5.40308,49.9936,1,1,1.0,0.0,0.0,1,0.0,0,True,1746968978.0739036,,False
158,1746968983.7466927,22.8005,0.413104,-0.39574,0.372187,-0.0469354,2966.95,1,2.226,2958.17,5.54102,49.9935,1,1,1.0,0.0,0.0,1,0.0,0,True,1746968978.0739036,,False
159,1746968983.7491488,23.1923,0.421947,-0.404415,0.372799,-0.047427,3027.48,1,2.248,2958.31,5.6814,49.9934,1,1,1.0,0.0,0.0,1,0.0,0,True,1746968978.0739036,,False
160,1746968983.751728,23.5894,0.431503,-0.419479,0.373427,-0.0479472,3095.05,1,2.27,2958.46,5.82422,49.9932,1,1,1.0,0.0,0.0,1,0.0,0,True,1746968978.0739036,,False
161,1746968983.7591934,23.9928,0.441884,-0.429216,0.374073,-0.0484956,3161.79,1,2.292,2958.6,5.96948,49.9931,1,1,1.0,0.0,0.0,1,0.0,0,True,1746968978.0739036,,False
162,1746968983.7767813,24.4026,0.452541,-0.446193,0.374736,-0.0490764,3244.23,1,2.314,2958.75,6.11719,49.993,1,1,1.0,0.0,0.0,1,0.0,0,True,1746968978.0739036,,False
163,1746968983.807738,24.8221,0.46336,-0.455735,0.375417,-0.0496963,3308.76,1,2.336,2958.9,6.26733,49.9928,1,1,1.0,0.0,0.0,1,0.0,0,True,1746968978.0739036,,False
164,1746968983.8196476,25.2453,0.475611,-0.475209,0.376118,-0.0503538,3391.03,1,2.358,2959.05,6.42017,49.9926,1,1,1.0,0.0,0.0,1,0.0,0,True,1746968978.0739036,,False
165,1746968983.8419416,25.6787,0.487841,-0.480731,0.37684,-0.0510553,3464.65,1,2.38,2959.21,6.57544,49.9924,1,1,1.0,0.0,0.0,1,0.0,0,True,1746968978.0739036,,False
166,1746968983.8644135,26.1181,0.500665,-0.496894,0.377584,-0.0518044,3548.79,1,2.402,2959.36,6.7334,49.9923,1,1,1.0,0.0,0.0,1,0.0,0,True,1746968978.0739036,,False
167,1746968983.8922577,26.5637,0.514066,-0.515046,0.37835,-0.0526021,3654.16,1,2.424,2959.53,6.89404,49.9921,1,1,1.0,0.0,0.0,1,0.0,0,True,1746968978.0739036,,False
168,1746968983.913291,27.0183,0.526847,-0.52607,0.379141,-0.0534509,3745.33,1,2.446,2959.69,7.05762,49.9919,1,1,1.0,0.0,0.0,1,0.0,0,True,1746968978.0739036,,False
169,1746968983.9327474,27.4807,0.543026,-0.548892,0.379957,-0.0543569,3843.49,1,2.468,2959.86,7.22388,49.9917,1,1,1.0,0.0,0.0,1,0.0,0,True,1746968978.0739036,,False
170,1746968983.9522636,27.9479,0.557026,-0.566288,0.3808,-0.0553244,3969.92,1,2.49,2960.02,7.39282,49.9915,1,1,1.0,0.0,0.0,1,0.0,0,True,1746968978.0739036,,False
171,1746968983.975398,28.4233,0.573633,-0.577015,0.381671,-0.0563615,4093.21,1,2.512,2960.2,7.5647,49.9913,1,1,1.0,0.0,0.0,1,0.0,0,True,1746968978.0739036,,False
172,1746968984.0021894,28.9053,0.591138,-0.59455,0.382572,-0.0574697,4240.82,1,2.534,2960.37,7.7395,49.991,1,1,1.0,0.0,0.0,1,0.0,0,True,1746968978.0739036,,False
173,1746968984.0221984,29.3946,0.609665,-0.618371,0.383506,-0.0586565,4420.79,1,2.556,2960.55,7.91748,49.9908,1,1,1.0,0.0,0.0,1,0.0,0,True,1746968978.0739036,,False
174,1746968984.0396357,29.897,0.628621,-0.629646,0.384473,-0.0599316,4589.75,1,2.578,2960.73,8.09814,49.9905,1,1,1.0,0.0,0.0,1,0.0,0,True,1746968978.0739036,,False
175,1746968984.0635536,30.4023,0.650169,-0.656054,0.385478,-0.0612987,4817.46,1,2.6,2960.91,8.28198,49.9902,1,1,1.0,0.0,0.0,1,0.0,0,True,1746968978.0739036,,False
176,1746968984.0862784,30.9142,0.670424,-0.682895,0.38652,-0.0627545,5011.49,1,2.622,2961.1,8.46875,49.9899,1,1,1.0,0.0,0.0,1,0.0,0,True,1746968978.0739036,,False
177,1746968984.1109545,31.4288,0.689913,-0.703834,0.387603,-0.0643123,5181.94,1,2.644,2961.29,8.65894,49.9896,1,1,1.0,0.0,0.0,1,0.0,0,True,1746968978.0739036,,False
178,1746968984.134923,31.9421,0.708421,-0.73165,0.388727,-0.0659674,5347.61,1,2.666,2961.48,8.85181,49.9893,1,1,1.0,0.0,0.0,1,0.0,0,True,1746968978.0739036,,False
179,1746968984.1549342,32.4568,0.726345,-0.764076,0.389895,-0.0677236,5496.66,1,2.688,2961.68,9.0481,49.989,1,1,1.0,0.0,0.0,1,0.0,0,True,1746968978.0739036,,False
180,1746968984.1744318,32.9767,0.740759,-0.787416,0.391107,-0.0695604,5607.69,1,2.71,2961.88,9.24731,49.9886,1,1,1.0,0.0,0.0,1,0.0,0,True,1746968978.0739036,,False
181,1746968984.201126,33.4906,0.754482,-0.821707,0.392365,-0.0714696,5744.41,1,2.732,2962.08,9.44995,49.9883,1,1,1.0,0.0,0.0,1,0.0,0,True,1746968978.0739036,,False
182,1746968984.218311,34.0151,0.765689,-0.852904,0.393669,-0.0734437,5816.89,1,2.754,2962.29,9.65527,49.988,1,1,1.0,0.0,0.0,1,0.0,0,True,1746968978.0739036,,False
183,1746968984.2423265,34.5304,0.775001,-0.884217,0.39502,-0.0754703,5895.04,1,2.776,2962.5,9.86401,49.9876,1,1,1.0,0.0,0.0,1,0.0,0,True,1746968978.0739036,,False
184,1746968984.2656617,35.0497,0.78239,-0.918401,0.396419,-0.0775445,5927.65,1,2.798,2962.71,10.0759,49.9873,1,1,1.0,0.0,0.0,1,0.0,0,True,1746968978.0739036,,False
185,1746968984.282934,35.5699,0.787791,-0.949086,0.397867,-0.079655,5942.26,1,2.82,2962.92,10.2908,49.9869,1,1,1.0,0.0,0.0,1,0.0,0,True,1746968978.0739036,,False
186,1746968984.308742,36.0853,0.791852,-0.98539,0.399364,-0.0817846,5965.2,1,2.842,2963.14,10.5088,49.9866,1,1,1.0,0.0,0.0,1,0.0,0,True,1746968978.0739036,,False
187,1746968984.3261776,36.5961,0.793847,-1.02301,0.400911,-0.0839184,6010.78,1,2.864,2963.36,10.7297,49.9863,1,2,1.0,0.0,0.0,1,0.0,0,True,1746968978.0739036,,False
188,1746968984.3533807,37.1181,0.793991,-1.0478,0.402507,-0.0860532,5991.59,1,2.886,2963.59,10.9539,49.9859,1,2,1.0,0.0,0.0,1,0.0,0,True,1746968978.0739036,,False
189,1746968984.3754559,37.6336,0.795518,-1.09039,0.404154,-0.0881899,6012.17,1,2.908,2963.81,11.1812,49.9856,1,2,1.0,0.0,0.0,1,0.0,0,True,1746968978.0739036,,False
190,1746968984.3928823,38.15,0.795225,-1.12305,0.405852,-0.0903133,6018.78,1,2.93,2964.04,11.4116,49.9853,1,2,1.0,0.0,0.0,1,0.0,0,True,1746968978.0739036,,False
191,1746968984.4157703,38.6646,0.794121,-1.15098,0.407602,-0.0924166,6019.75,1,2.952,2964.28,11.645,49.9849,1,2,1.0,0.0,0.0,1,0.0,0,True,1746968978.0739036,,False
192,1746968984.4361784,39.1747,0.793595,-1.19065,0.409403,-0.0945008,6044.02,1,2.974,2964.51,11.8813,49.9846,1,2,1.0,0.0,0.0,1,0.0,0,True,1746968978.0739036,,False
193,1746968984.458745,39.6854,0.79215,-1.22923,0.411256,-0.0965546,6055.18,1,2.996,2964.75,12.1211,49.9843,1,2,1.0,0.0,0.0,1,0.0,0,True,1746968978.0739036,,False
194,1746968984.4822595,40.194,0.789863,-1.26137,0.413161,-0.0985759,6066.33,1,3.018,2965,12.3635,49.9839,1,2,1.0,0.0,0.0,1,0.0,0,True,1746968978.0739036,,False
195,1746968984.5050082,40.6934,0.788813,-1.30123,0.415118,-0.100571,6106.9,1,3.04,2965.24,12.6091,49.9836,1,2,1.0,0.0,0.0,1,0.0,0,True,1746968978.0739036,,False
196,1746968984.5280397,41.1975,0.78555,-1.33215,0.417128,-0.102526,6122.1,1,3.062,2965.49,12.8577,49.9833,1,2,1.0,0.0,0.0,1,0.0,0,True,1746968978.0739036,,False
197,1746968984.5476418,41.6993,0.783266,-1.36968,0.41919,-0.104453,6135.01,1,3.084,2965.74,13.1094,49.9829,1,2,1.0,0.0,0.0,1,0.0,0,True,1746968978.0739036,,False
198,1746968984.569149,42.1955,0.780229,-1.4043,0.421304,-0.10633,6160.54,1,3.106,2966,13.364,49.9826,1,2,1.0,0.0,0.0,1,0.0,0,True,1746968978.0739036,,False
199,1746968984.5934353,42.6834,0.777965,-1.43917,0.42347,-0.108164,6203.65,1,3.128,2966.25,13.6213,49.9823,1,2,1.0,0.0,0.0,1,0.0,0,True,1746968978.0739036,,False
200,1746968984.615439,43.1785,0.776239,-1.47434,0.425688,-0.109973,6213.15,1,3.15,2966.51,13.8818,49.9819,1,2,1.0,0.0,0.0,1,0.0,0,True,1746968978.0739036,,False
201,1746968984.635757,43.6652,0.773919,-1.51047,0.427959,-0.111739,6238.9,1,3.172,2966.78,14.145,49.9816,1,2,1.0,0.0,0.0,1,0.0,0,True,1746968978.0739036,,False
202,1746968984.6591012,44.1518,0.771716,-1.54244,0.430281,-0.113475,6259.19,1,3.194,2967.04,14.4114,49.9812,1,2,1.0,0.0,0.0,1,0.0,0,True,1746968978.0739036,,False
203,1746968984.6784472,44.6287,0.7707,-1.58185,0.432656,-0.115171,6311.46,1,3.216,2967.31,14.6804,49.9809,1,2,1.0,0.0,0.0,1,0.0,0,True,1746968978.0739036,,False
204,1746968984.7016973,45.1091,0.769342,-1.61869,0.435083,-0.116835,6329.51,1,3.238,2967.58,14.9524,49.9806,1,2,1.0,0.0,0.0,1,0.0,0,True,1746968978.0739036,,False
205,1746968984.721594,45.581,0.768623,-1.65378,0.437563,-0.118463,6376.46,1,3.26,2967.86,15.2273,49.9802,1,2,1.0,0.0,0.0,1,0.0,0,True,1746968978.0739036,,False
206,1746968984.7468135,46.0608,0.767025,-1.68241,0.440094,-0.120063,6383.44,1,3.282,2968.14,15.5049,49.9799,1,2,1.0,0.0,0.0,1,0.0,0,True,1746968978.0739036,,False
207,1746968984.7724948,46.5336,0.765846,-1.71407,0.442678,-0.121625,6411.04,1,3.304,2968.42,15.7852,49.9796,1,2,1.0,0.0,0.0,1,0.0,0,True,1746968978.0739036,,False
208,1746968984.794674,47.0023,0.765091,-1.74638,0.445314,-0.123153,6447.2,1,3.326,2968.7,16.0684,49.9792,1,2,1.0,0.0,0.0,1,0.0,0,True,1746968978.0739036,,False
209,1746968984.8195412,47.4677,0.764759,-1.7801,0.448001,-0.124632,6482.56,1,3.348,2968.99,16.3545,49.9789,1,2,1.0,0.0,0.0,1,0.0,0,True,1746968978.0739036,,False
210,1746968984.8347964,47.9307,0.764482,-1.8123,0.450739,-0.126077,6519.97,1,3.37,2969.27,16.6431,49.9786,1,2,1.0,0.0,0.0,1,0.0,0,True,1746968978.0739036,,False
211,1746968984.853744,48.3872,0.765782,-1.85158,0.453529,-0.127487,6574.02,1,3.392,2969.57,16.9346,49.9782,1,2,1.0,0.0,0.0,1,0.0,0,True,1746968978.0739036,,False
212,1746968984.8817747,48.8461,0.76591,-1.87989,0.45637,-0.128865,6604.17,1,3.414,2969.86,17.2288,49.9779,1,2,1.0,0.0,0.0,1,0.0,0,True,1746968978.0739036,,False
213,1746968984.899837,49.2988,0.767571,-1.91428,0.459262,-0.130213,6645.31,1,3.436,2970.16,17.5256,49.9776,1,2,1.0,0.0,0.0,1,0.0,0,True,1746968978.0739036,,False
214,1746968984.9232464,49.7465,0.769439,-1.9527,0.462206,-0.131536,6690.52,1,3.458,2970.46,17.8252,49.9772,1,2,1.0,0.0,0.0,1,0.0,0,True,1746968978.0739036,,False
215,1746968984.947359,50.1951,0.770309,-1.97984,0.4652,-0.132831,6726.24,1,3.48,2970.76,18.1274,49.9769,1,2,1.0,0.0,0.0,1,0.0,0,True,1746968978.0739036,,False
216,1746968984.967345,50.6372,0.772813,-2.0158,0.468245,-0.134105,6773.15,1,3.502,2971.06,18.4324,49.9765,1,2,1.0,0.0,0.0,1,0.0,0,True,1746968978.0739036,,False
217,1746968984.9873614,51.0759,0.774317,-2.04792,0.47134,-0.135358,6712.43,1,3.524,2971.37,18.7397,49.9762,1,2,1.0,0.0,0.0,1,0.0,0,True,1746968978.0739036,,False
218,1746968985.011808,51.4911,0.772826,-2.08043,0.474484,-0.13658,6718.06,1,3.546,2971.68,19.0498,49.9759,1,2,1.0,0.0,0.0,1,0.0,0,True,1746968978.0739036,,False
219,1746968985.0324628,51.8918,0.771785,-2.11435,0.477675,-0.137754,6718.92,1,3.568,2971.99,19.3623,49.9756,1,2,1.0,0.0,0.0,1,0.0,0,True,1746968978.0739036,,False
220,1746968985.0541673,52.2825,0.770108,-2.13774,0.480912,-0.138881,6578.68,1,3.59,2972.31,19.677,49.9754,1,2,1.0,0.0,0.0,1,0.0,0,True,1746968978.0739036,,False
221,1746968985.0762782,52.656,0.769825,-2.17526,0.484193,-0.139949,6603.49,1,3.612,2972.63,19.9939,49.9751,1,2,1.0,0.0,0.0,1,0.0,0,True,1746968978.0739036,,False
222,1746968985.0987206,53.0043,0.768178,-2.20493,0.487517,-0.140956,6819.86,1,3.634,2972.94,20.313,49.9748,1,2,1.0,0.0,0.0,1,0.0,0,True,1746968978.0739036,,False
223,1746968985.121787,53.3441,0.768574,-2.23312,0.49088,-0.141895,6785.41,1,3.656,2973.27,20.6343,49.9746,1,2,1.0,0.0,0.0,1,0.0,0,True,1746968978.0739036,,False
224,1746968985.1412795,53.6701,0.769763,-2.25701,0.494283,-0.142772,6866.02,1,3.678,2973.59,20.9573,49.9743,1,2,1.0,0.0,0.0,1,0.0,0,True,1746968978.0739036,,False
225,1746968985.1636066,53.9777,0.772816,-2.29309,0.497724,-0.143584,6567.2,1,3.7,2973.91,21.2822,49.9741,1,2,1.0,0.0,0.0,1,0.0,0,True,1746968978.0739036,,False
226,1746968985.186088,54.2606,0.774229,-2.31867,0.501199,-0.144338,6812.67,1,3.722,2974.24,21.6091,49.9739,1,2,1.0,0.0,0.0,1,0.0,0,True,1746968978.0739036,,False
227,1746968985.2105632,54.501,0.774206,-2.31801,0.504705,-0.145015,6588.19,1,3.744,2974.57,21.9373,49.9738,1,2,1.0,0.0,0.0,1,0.0,0,True,1746968978.0739036,,False
228,1746968985.2327092,54.7386,0.779973,-2.34864,0.508241,-0.145628,6865.41,1,3.766,2974.9,22.2668,49.9736,1,2,1.0,0.0,0.0,1,0.0,0,True,1746968978.0739036,,False
229,1746968985.2561598,54.9766,0.78639,-2.36703,0.511806,-0.146188,6642.21,1,3.788,2975.23,22.5979,49.9734,1,2,1.0,0.0,0.0,1,0.0,0,True,1746968978.0739036,,False
230,1746968985.2749295,55.2135,0.792778,-2.3842,0.5154,-0.146708,6912.03,1,3.81,2975.56,22.9304,49.9732,1,2,1.0,0.0,0.0,1,0.0,0,True,1746968978.0739036,,False
231,1746968985.2956924,55.4503,0.800558,-2.40315,0.519022,-0.14718,6688.65,1,3.832,2975.9,23.2642,49.9731,1,2,1.0,0.0,0.0,1,0.0,0,True,1746968978.0739036,,False
232,1746968985.3173213,55.6864,0.807731,-2.41764,0.522672,-0.147613,6953.31,1,3.854,2976.23,23.5996,49.9729,1,2,1.0,0.0,0.0,1,0.0,0,True,1746968978.0739036,,False
233,1746968985.3404715,55.9184,0.814731,-2.41849,0.526347,-0.148017,6740.6,1,3.876,2976.57,23.936,49.9728,1,2,1.0,0.0,0.0,1,0.0,0,True,1746968978.0739036,,False
234,1746968985.3622587,56.1489,0.823343,-2.43813,0.530049,-0.148404,7017.29,1,3.898,2976.91,24.2742,49.9726,1,2,1.0,0.0,0.0,1,0.0,0,True,1746968978.0739036,,False
235,1746968985.3832731,56.3805,0.830714,-2.45584,0.533776,-0.148788,6798.25,1,3.92,2977.25,24.6135,49.9724,1,2,1.0,0.0,0.0,2,0.0,0,True,1746968978.0739036,,False
236,1746968985.4056046,56.4711,0.833579,-2.46869,0.537525,-0.149159,3909.62,2,3.942,2977.59,24.9539,49.9724,1,2,1.0,0.0,0.0,2,0.0,0,True,1746968978.0739036,,False
237,1746968985.4288096,56.4945,0.837357,-2.47836,0.541219,-0.149476,3913.09,2,3.964,0.327332,25.2922,49.9724,1,2,1.0,0.0,0.0,2,0.0,0,True,1746968978.0739036,,False
238,1746968985.4500136,56.5179,0.842862,-2.49281,0.544989,-0.149755,3916.55,2,3.986,0.667908,25.6328,49.9724,1,2,1.0,0.0,0.0,2,0.0,0,True,1746968978.0739036,,False
239,1746968985.4703388,56.5413,0.84812,-2.49866,0.548768,-0.149985,3920.01,2,4.008,1.00897,25.9739,49.9724,1,2,1.0,0.0,0.0,2,0.0,0,True,1746968978.0739036,,False
240,1746968985.4924912,56.5647,0.854204,-2.50309,0.552556,-0.150172,3923.46,2,4.03,1.35004,26.3149,49.9724,1,2,1.0,0.0,0.0,2,0.0,0,True,1746968978.0739036,,False
241,1746968985.5136464,56.5882,0.860546,-2.50521,0.556352,-0.150324,3926.9,2,4.052,1.6911,26.656,49.9724,1,2,1.0,0.0,0.0,2,0.0,0,True,1746968978.0739036,,False
242,1746968985.5372005,56.6117,0.867881,-2.50653,0.560155,-0.150437,3930.34,2,4.074,2.03217,26.9971,49.9724,1,2,1.0,0.0,0.0,2,0.0,0,True,1746968978.0739036,,False
243,1746968985.558201,56.6351,0.87541,-2.50867,0.563964,-0.15052,3933.77,2,4.096,2.37323,27.3381,49.9724,1,2,1.0,0.0,0.0,2,0.0,0,True,1746968978.0739036,,False
244,1746968985.582611,56.6586,0.882173,-2.51317,0.56778,-0.15058,3937.2,2,4.118,2.71497,27.6799,49.9724,1,2,1.0,0.0,0.0,2,0.0,0,True,1746968978.0739036,,False
245,1746968985.6021583,56.682,0.889335,-2.51213,0.571601,-0.150621,3940.62,2,4.14,3.0567,28.0216,49.9724,1,2,1.0,0.0,0.0,2,0.0,0,True,1746968978.0739036,,False
246,1746968985.624799,56.7055,0.89482,-2.51351,0.575426,-0.150648,3944.03,2,4.162,3.39844,28.3633,49.9724,1,2,1.0,0.0,0.0,2,0.0,0,True,1746968978.0739036,,False
247,1746968985.6520407,56.7289,0.900461,-2.5138,0.579256,-0.150668,3947.44,2,4.184,3.74017,28.7051,49.9724,1,2,1.0,0.0,0.0,2,0.0,0,True,1746968978.0739036,,False
248,1746968985.6687853,56.7523,0.905004,-2.51518,0.58309,-0.150684,3950.84,2,4.206,4.08191,29.0468,49.9724,1,2,1.0,0.0,0.0,2,0.0,0,True,1746968978.0739036,,False
249,1746968985.689948,56.777,0.90872,-2.51713,0.586927,-0.150702,3779.64,2,4.228,4.42432,29.3892,49.9724,1,2,1.0,0.0,0.0,2,0.0,0,True,1746968978.0739036,,False
250,1746968985.7141025,57.0021,0.916587,-2.51964,0.590774,-0.15073,3976.7,2,4.25,4.76715,29.7321,49.9722,1,2,1.0,0.0,0.0,2,0.0,0,True,1746968978.0739036,,False
251,1746968985.7327654,57.2947,0.923341,-2.52477,0.594642,-0.150823,3998.89,2,4.272,5.11163,30.0765,49.972,1,2,1.0,0.0,0.0,2,0.0,0,True,1746968978.0739036,,False
252,1746968985.757334,57.5865,0.926864,-2.5372,0.598534,-0.150992,4032.17,2,4.294,5.45795,30.4229,49.9718,1,2,1.0,0.0,0.0,2,0.0,0,True,1746968978.0739036,,False
253,1746968985.7794843,57.88,0.928072,-2.55254,0.602449,-0.151245,4061.03,2,4.316,5.80597,30.7709,49.9716,1,2,1.0,0.0,0.0,2,0.0,0,True,1746968978.0739036,,False
254,1746968985.8004212,58.1758,0.926658,-2.56805,0.606388,-0.151583,4088.11,2,4.338,6.15576,31.1207,49.9713,1,2,1.0,0.0,0.0,2,0.0,0,True,1746968978.0739036,,False
255,1746968985.8215435,58.4722,0.923791,-2.58693,0.610354,-0.152004,4116.76,2,4.36,6.50732,31.4722,49.9711,1,2,1.0,0.0,0.0,2,0.0,0,True,1746968978.0739036,,False
256,1746968985.8454924,58.7701,0.920048,-2.61041,0.614348,-0.152509,4144.75,2,4.382,6.8606,31.8255,49.9709,1,2,1.0,0.0,0.0,2,0.0,0,True,1746968978.0739036,,False
257,1746968985.8651724,59.0687,0.914674,-2.63972,0.618371,-0.153092,4178.31,2,4.404,7.2157,32.1806,49.9706,1,2,1.0,0.0,0.0,2,0.0,0,True,1746968978.0739036,,False
258,1746968985.8883994,59.3712,0.908792,-2.66879,0.622424,-0.153745,4200.6,2,4.426,7.57263,32.5375,49.9704,1,2,1.0,0.0,0.0,2,0.0,0,True,1746968978.0739036,,False
259,1746968985.9120018,59.6735,0.902461,-2.6991,0.626511,-0.154458,4231.23,2,4.448,7.93127,32.8962,49.9701,1,2,1.0,0.0,0.0,2,0.0,0,True,1746968978.0739036,,False
260,1746968985.9334254,59.9801,0.895557,-2.72742,0.630632,-0.155218,4249.05,2,4.47,8.29175,33.2567,49.9699,1,2,1.0,0.0,0.0,2,0.0,0,True,1746968978.0739036,,False
261,1746968985.9556785,60.2889,0.888255,-2.75634,0.634787,-0.156013,4268.02,2,4.492,8.65405,33.619,49.9696,1,2,1.0,0.0,0.0,2,0.0,0,True,1746968978.0739036,,False
262,1746968985.9751844,60.5955,0.882006,-2.78227,0.638979,-0.156829,4293.01,2,4.514,9.01819,33.9831,49.9694,1,2,1.0,0.0,0.0,2,0.0,0,True,1746968978.0739036,left,False
263,1746968986.000411,60.9058,0.876147,-2.80786,0.643209,-0.157655,4311.57,2,4.536,9.38416,34.3491,49.9691,1,2,1.0,0.0,0.0,2,0.0,0,True,1746968978.0739036,left,False
264,1746968986.0198927,61.2165,0.871757,-2.83376,0.647476,-0.15848,4333.56,2,4.558,9.75195,34.7169,49.9688,1,2,1.0,0.0,-0.1,2,0.0,0,True,1746968978.0739036,left,False
265,1746968986.043642,61.5294,0.86761,-2.85693,0.651782,-0.159295,4351.83,2,4.58,10.1215,35.0864,49.9686,1,2,1.0,0.0,-0.1,2,0.0,0,True,1746968978.0739036,left,False
266,1746968986.066962,61.8148,0.697388,-2.88255,0.65609,-0.15948,4403.74,2,4.602,10.4928,35.4577,49.9683,1,2,1.0,0.0,-0.2,2,0.0,0,True,1746968978.0739036,left,False
267,1746968986.0870638,62.1142,0.555439,-2.88363,0.660333,-0.158053,4407.71,2,4.624,10.8662,35.8311,49.9681,1,2,1.0,0.0,-0.2,2,0.0,0,True,1746968978.0739036,left,False
268,1746968986.106924,62.3703,0.363169,-2.85291,0.664475,-0.154745,4441.4,2,4.646,11.2416,36.2065,49.9678,1,2,1.0,0.0,-0.2,2,0.0,0,True,1746968978.0739036,left,False
269,1746968986.1319518,62.6289,0.249571,-2.80673,0.668458,-0.149025,4446.89,2,4.668,11.6189,36.5838,49.9676,1,2,1.0,0.0,-0.30000000000000004,2,0.0,0,True,1746968978.0739036,left,False
270,1746968986.1561697,62.8856,0.222001,-2.72139,0.672259,-0.141069,4447.01,2,4.69,11.9982,36.9631,49.9673,1,2,1.0,0.0,-0.30000000000000004,2,0.0,0,True,1746968978.0739036,left,False
271,1746968986.1733265,63.0811,0.192425,-2.61639,0.675839,-0.130838,4494.25,2,4.712,12.3795,37.3444,49.9671,1,2,1.0,0.0,-0.30000000000000004,2,0.0,0,True,1746968978.0739036,left,False
272,1746968986.1968353,63.2767,0.230089,-2.4702,0.679137,-0.118019,4497.48,2,4.734,12.7624,37.7273,49.9668,1,2,1.0,0.0,-0.30000000000000004,2,0.0,0,True,1746968978.0739036,left,False
273,1746968986.2184985,63.465,0.357997,-2.29234,0.682125,-0.102879,4509.06,2,4.756,13.1471,38.112,49.9666,1,2,1.0,0.0,-0.30000000000000004,2,0.0,0,True,1746968978.0739036,left,False
274,1746968986.2413843,63.6434,0.56348,-2.08972,0.684776,-0.0857089,4525.71,2,4.778,13.5335,38.4984,49.9663,1,2,1.0,0.0,-0.30000000000000004,2,0.0,0,True,1746968978.0739036,left,False
275,1746968986.2646716,63.8097,0.825544,-1.853,0.687065,-0.0668474,4549.16,2,4.8,13.9215,38.8864,49.9661,1,2,1.0,0.0,-0.30000000000000004,2,0.0,0,True,1746968978.0739036,left,False
276,1746968986.2867253,63.9661,1.12027,-1.58371,0.688969,-0.0466136,4570.88,2,4.822,14.311,39.2759,49.9658,1,2,1.0,0.0,-0.4,2,0.0,0,True,1746968978.0739036,left,False
277,1746968986.3088565,64.1043,1.45024,-1.29843,0.690463,-0.0253093,4614.11,2,4.844,14.7018,39.6667,49.9655,1,2,1.0,0.0,-0.4,2,0.0,0,True,1746968978.0739036,left,False
278,1746968986.3280559,64.1717,1.72686,-0.996337,0.691516,-0.00308262,4696.85,2,4.866,15.0937,40.0586,49.9652,1,2,1.0,0.0,-0.4,2,0.0,0,True,1746968978.0739036,left,False
279,1746968986.3491008,64.2211,2.0078,-0.660807,0.692087,0.0200994,4771.57,2,4.888,15.4861,40.451,49.9649,1,2,1.0,0.0,-0.4,2,0.0,0,True,1746968978.0739036,left,False
280,1746968986.3729777,64.263,2.30134,-0.310451,0.692162,0.0439178,4832.95,2,4.91,15.8788,40.8438,49.9646,1,2,1.0,0.0,-0.4,2,0.0,0,True,1746968978.0739036,left,False
281,1746968986.3938162,64.2833,2.60522,0.0454304,0.691731,0.0680457,4927.4,2,4.932,16.2716,41.2365,49.9643,1,2,1.0,0.0,-0.4,2,0.0,0,True,1746968978.0739036,left,False
282,1746968986.4179487,64.2868,2.88923,0.411125,0.690785,0.0921766,5040.35,2,4.954,16.6644,41.6293,49.964,1,2,1.0,0.0,-0.4,2,0.0,0,True,1746968978.0739036,left,False
283,1746968986.4381528,64.2781,3.14101,0.791879,0.689318,0.116024,5158.52,2,4.976,17.0571,42.022,49.9637,1,2,1.0,0.0,-0.4,2,0.0,0,True,1746968978.0739036,left,False
284,1746968986.4606621,64.258,3.34794,1.17839,0.687327,0.139333,5289.37,2,4.998,17.4492,42.4141,49.9634,1,2,1.0,0.0,-0.4,2,0.0,0,True,1746968978.0739036,left,False
285,1746968986.4880474,64.2222,3.50591,1.5666,0.684811,0.161903,5449.7,2,5.02,17.8405,42.8054,49.963,1,2,1.0,0.0,0.0,2,0.0,0,True,1746968978.0739036,right,False
286,1746968986.5054533,64.1805,3.60672,1.95977,0.68177,0.183564,5612.64,2,5.042,18.2308,43.1957,49.9627,1,2,1.0,0.0,0.0,2,0.0,0,True,1746968978.0739036,right,False
287,1746968986.5281754,64.1836,3.71384,2.34849,0.678218,0.204055,5793.38,2,5.064,18.6199,43.5848,49.9624,1,2,1.0,0.0,0.0,2,0.0,0,True,1746968978.0739036,right,False
288,1746968986.5470262,64.2823,4.03102,2.73363,0.674232,0.222136,5928.3,2,5.086,19.0086,43.9735,49.962,1,2,1.0,0.0,0.0,2,0.0,0,True,1746968978.0739036,right,False
289,1746968986.571255,64.4006,4.27563,3.08226,0.669956,0.2356,6071.52,2,5.108,19.3973,44.3622,49.9617,1,2,1.0,0.0,0.0,2,0.0,0,True,1746968978.0739036,right,False
290,1746968986.592931,64.5233,4.21519,3.38807,0.665397,0.244796,6204.73,2,5.13,19.7861,44.751,49.9614,1,2,1.0,0.0,0.0,2,0.0,0,True,1746968978.0739036,right,False
291,1746968986.613924,64.6755,3.96132,3.65325,0.660561,0.250443,6286.89,2,5.152,20.1748,45.1397,49.961,1,2,1.0,0.0,0.0,2,0.0,0,True,1746968978.0739036,right,False
292,1746968986.638354,64.8508,3.59777,3.88133,0.655471,0.253168,6325.12,2,5.174,20.5638,45.5287,49.9607,1,2,1.0,0.0,0.0,2,0.0,0,True,1746968978.0739036,right,False
293,1746968986.6598945,65.0585,3.19383,4.05894,0.650166,0.253548,6305.45,2,5.196,20.9533,45.9182,49.9604,1,2,1.0,0.0,0.0,2,0.0,0,True,1746968978.0739036,right,False
294,1746968986.682234,65.2949,2.78977,4.1921,0.64469,0.252162,6227.79,2,5.218,21.3436,46.3085,49.96,1,2,1.0,0.0,0.0,2,0.0,0,True,1746968978.0739036,right,False
295,1746968986.703925,65.5624,2.41616,4.28036,0.639087,0.249514,6101.24,2,5.24,21.7348,46.6997,49.9597,1,2,1.0,0.0,0.0,2,0.0,0,True,1746968978.0739036,right,False
296,1746968986.7264183,65.8615,2.08229,4.33095,0.633396,0.246011,5917.15,2,5.262,22.1275,47.0924,49.9594,1,2,1.0,0.0,0.0,2,0.0,0,True,1746968978.0739036,right,False
297,1746968986.749053,66.1806,1.79223,4.34028,0.627651,0.241974,5723.17,2,5.284,22.5219,47.4868,49.959,1,2,1.0,0.0,0.0,2,0.0,0,True,1746968978.0739036,right,False
298,1746968986.7670844,66.5236,1.53973,4.32079,0.621877,0.237654,5483.8,2,5.306,22.9182,47.8831,49.9587,1,2,1.0,0.0,0.0,2,0.0,0,True,1746968978.0739036,right,False
299,1746968986.791121,66.8739,1.31818,4.27988,0.616092,0.233266,5235.66,2,5.328,23.3167,48.2816,49.9583,1,2,1.0,0.0,0.0,2,0.0,0,True,1746968978.0739036,right,False
300,1746968986.8143308,67.2167,1.12038,4.2179,0.610307,0.229051,5011.22,2,5.35,23.7173,48.6823,49.958,1,2,1.0,0.0,0.0,2,0.0,0,True,1746968978.0739036,right,False
301,1746968986.8352854,67.5168,0.953777,4.15155,0.604528,0.225277,4902.51,2,5.372,24.1199,49.0848,49.9577,1,2,1.0,0.0,0.0,2,0.0,0,True,1746968978.0739036,right,False
302,1746968986.8555105,67.7928,0.825713,4.07757,0.59876,0.22206,4855.41,2,5.394,24.5244,49.4893,49.9575,1,2,1.0,0.0,0.0,2,0.0,0,True,1746968978.0739036,right,False
303,1746968986.8799868,68.0552,0.7396,3.99985,0.593007,0.219386,4847.8,2,5.416,24.9305,49.8954,49.9572,1,2,1.0,0.0,0.0,2,0.0,0,True,1746968978.0739036,right,False
304,1746968986.9013152,68.3172,0.686282,3.94938,0.587269,0.217194,4838.81,2,5.438,25.3383,50.3032,49.9569,1,2,1.0,0.0,0.0,2,0.0,0,True,1746968978.0739036,right,False
305,1746968986.9213223,68.5718,0.663243,3.89178,0.58155,0.215411,4847.67,2,5.46,25.7478,50.7127,49.9566,1,2,1.0,0.0,0.0,2,0.0,0,True,1746968978.0739036,right,False
306,1746968986.9468372,68.8278,0.661324,3.84828,0.575848,0.213966,4853.27,2,5.482,26.1589,51.1238,49.9563,1,2,1.0,0.0,0.0,2,0.0,0,True,1746968978.0739036,right,False
307,1746968986.9671917,69.081,0.674389,3.80935,0.570163,0.212791,4865.91,2,5.504,26.5717,51.5366,49.956,1,2,1.0,0.0,0.0,2,0.0,0,True,1746968978.0739036,right,False
308,1746968986.9885445,69.3335,0.698256,3.77635,0.564493,0.211823,4880.06,2,5.526,26.986,51.9509,49.9557,1,2,1.0,0.0,0.0,2,0.0,0,True,1746968978.0739036,right,False
309,1746968987.010638,69.5848,0.727614,3.75254,0.558838,0.211015,4897.33,2,5.548,27.402,52.3669,49.9554,1,2,1.0,0.0,0.0,2,0.0,0,True,1746968978.0739036,right,False
310,1746968987.0329626,69.8353,0.759286,3.73339,0.553194,0.210327,4916.87,2,5.57,27.8196,52.7845,49.9551,1,2,1.0,0.0,0.0,2,0.0,0,True,1746968978.0739036,right,False
311,1746968987.054582,70.0848,0.791876,3.70814,0.54756,0.209719,4936.34,2,5.592,28.2388,53.2037,49.9548,1,2,1.0,0.0,0.0,2,0.0,0,True,1746968978.0739036,right,False
312,1746968987.074788,70.3337,0.821945,3.69884,0.541933,0.209162,4959.08,2,5.614,28.6597,53.6246,49.9545,1,2,1.0,0.0,0.0,2,0.0,0,True,1746968978.0739036,right,False
313,1746968987.0966854,70.5839,0.849409,3.68936,0.536312,0.208634,4976.3,2,5.636,29.082,54.0469,49.9542,1,2,1.0,0.0,0.0,2,0.0,0,True,1746968978.0739036,right,False
314,1746968987.1240323,70.833,0.873919,3.67858,0.530696,0.208114,4996.45,2,5.658,29.5059,54.4708,49.9539,1,2,1.0,0.0,0.0,2,0.0,0,True,1746968978.0739036,right,False
315,1746968987.1414557,71.081,0.894945,3.66721,0.525082,0.207588,5019.48,2,5.68,29.9315,54.8964,49.9536,1,2,1.0,0.0,0.0,2,0.0,0,True,1746968978.0739036,right,False
316,1746968987.165717,71.3314,0.911565,3.66389,0.519469,0.207044,5034.26,2,5.702,30.3585,55.3234,49.9533,1,2,1.0,0.0,0.0,2,0.0,0,True,1746968978.0739036,right,False
317,1746968987.185207,71.5788,0.925083,3.66274,0.513857,0.206478,5056.83,2,5.724,30.787,55.752,49.953,1,2,1.0,0.0,0.0,2,0.0,0,True,1746968978.0739036,right,False
318,1746968987.2079935,71.827,0.935088,3.6543,0.508246,0.205878,5079.25,2,5.746,31.2172,56.1821,49.9528,1,2,1.0,0.0,0.0,2,0.0,0,True,1746968978.0739036,right,False
319,1746968987.2327783,72.0758,0.9418,3.65638,0.502636,0.205249,5097.63,2,5.768,31.6489,56.6138,49.9525,1,2,1.0,0.0,0.0,2,0.0,0,True,1746968978.0739036,right,False
320,1746968987.2539897,72.3245,0.945799,3.65699,0.497026,0.204584,5117.89,2,5.79,32.0821,57.047,49.9522,1,2,1.0,0.0,0.1,2,0.0,0,True,1746968978.0739036,right,False
321,1746968987.2738128,72.5727,0.947684,3.65809,0.491416,0.20389,5137.37,2,5.812,32.5169,57.4818,49.9519,1,2,1.0,0.0,0.1,2,0.0,0,True,1746968978.0739036,right,False
322,1746968987.2956467,72.8067,1.14159,3.65381,0.485848,0.202439,5170.28,2,5.834,32.9534,57.9183,49.9516,1,2,1.0,0.0,0.1,2,0.0,0,True,1746968978.0739036,right,False
323,1746968987.319883,73.0411,1.25421,3.63339,0.480398,0.199152,5203.35,2,5.856,33.3915,58.3564,49.9513,1,2,1.0,0.0,0.1,2,0.0,0,True,1746968978.0739036,right,False
324,1746968987.3416052,73.282,1.25718,3.60206,0.475065,0.194401,5232.15,2,5.878,33.8315,58.7964,49.9509,1,2,1.0,0.0,0.1,2,0.0,0,True,1746968978.0739036,right,False
325,1746968987.3614345,73.5229,1.18601,3.55167,0.469853,0.188544,5267.48,2,5.9,34.2734,59.2383,49.9506,1,2,1.0,0.0,0.1,2,0.0,0,True,1746968978.0739036,right,False
326,1746968987.384737,73.7649,1.06966,3.48834,0.464767,0.181875,5303.11,2,5.922,34.7171,59.682,49.9503,1,2,1.0,0.0,0.1,2,0.0,0,True,1746968978.0739036,right,False
327,1746968987.4067433,74.007,0.928247,3.40552,0.459816,0.174629,5343.33,2,5.944,35.1627,60.1276,49.9499,1,2,1.0,0.0,0.1,2,0.0,0,True,1746968978.0739036,right,False
328,1746968987.4285355,74.2448,0.774128,3.31206,0.45501,0.16699,5394.85,2,5.966,35.6099,60.5748,49.9496,1,2,1.0,0.0,0.1,2,0.0,0,True,1746968978.0739036,right,False
329,1746968987.4519396,74.482,0.617474,3.19995,0.450358,0.159098,5449.8,2,5.988,36.059,61.0239,49.9492,1,2,1.0,0.0,0.1,2,0.0,0,True,1746968978.0739036,right,False
330,1746968987.4720922,74.7237,0.46661,3.08191,0.445867,0.151051,5485.64,2,6.01,36.5099,61.4749,49.9489,1,2,1.0,0.0,0.1,2,0.0,0,True,1746968978.0739036,right,False
331,1746968987.496691,74.9676,0.323083,2.94979,0.441545,0.14292,5522.95,2,6.032,36.9628,61.9277,49.9486,1,2,1.0,0.0,0.1,2,0.0,0,True,1746968978.0739036,right,False
332,1746968987.5175738,75.2114,0.191512,2.81892,0.437401,0.134747,5558.04,2,6.054,37.4175,62.3824,49.9482,1,2,1.0,0.0,0.1,2,0.0,0,True,1746968978.0739036,right,False
333,1746968987.5381029,75.4629,0.0718054,2.68565,0.433441,0.126551,5566.63,2,6.076,37.8741,62.8391,49.9479,1,2,1.0,0.0,0.1,2,0.0,0,True,1746968978.0739036,right,False
334,1746968987.5612946,75.7135,-0.0383007,2.54367,0.429672,0.118343,5582.74,2,6.098,38.3326,63.2975,49.9476,1,2,1.0,0.0,0.0,2,0.0,0,True,1746968978.0739036,left,False
335,1746968987.581951,75.9674,-0.138474,2.39975,0.4261,0.110127,5586.23,2,6.12,38.7931,63.758,49.9472,1,2,1.0,0.0,0.0,2,0.0,0,True,1746968978.0739036,left,False
336,1746968987.6056871,76.2394,-0.378291,2.25894,0.422699,0.102445,5571.75,2,6.142,39.2554,64.2203,49.9469,1,2,1.0,0.0,0.0,2,0.0,0,True,1746968978.0739036,left,False
337,1746968987.6262197,76.5297,-0.555661,2.12556,0.41941,0.0962594,5514.18,2,6.164,39.7197,64.6846,49.9466,1,2,1.0,0.0,0.0,2,0.0,0,True,1746968978.0739036,left,False
338,1746968987.6494071,76.8157,-0.625695,2.02048,0.416235,0.0913793,5469.07,2,6.186,40.1859,65.1508,49.9462,1,2,1.0,0.0,0.0,2,0.0,0,True,1746968978.0739036,left,False
339,1746968987.6729248,77.0894,-0.617738,1.91003,0.413176,0.0875558,5466.13,2,6.208,40.6539,65.6188,49.9459,1,2,1.0,0.0,0.0,2,0.0,0,True,1746968978.0739036,left,False
340,1746968987.6909392,77.3611,-0.552135,1.82437,0.410231,0.0845762,5463.27,2,6.23,41.1238,66.0887,49.9456,1,2,1.0,0.0,0.0,2,0.0,0,True,1746968978.0739036,left,False
341,1746968987.7158463,77.6283,-0.447554,1.73845,0.407396,0.0822674,5478.92,2,6.252,41.5956,66.5605,49.9452,1,2,1.0,0.0,0.0,2,0.0,0,True,1746968978.0739036,left,False
342,1746968987.7362335,77.8983,-0.319294,1.6694,0.404665,0.0804826,5491.74,2,6.274,42.0692,67.0341,49.9449,1,2,1.0,0.0,0.0,2,0.0,0,True,1746968978.0739036,left,False
343,1746968987.759271,78.1656,-0.179617,1.5987,0.402031,0.0791038,5509.24,2,6.296,42.5444,67.5093,49.9445,1,2,1.0,0.0,0.0,2,0.0,0,True,1746968978.0739036,left,False
344,1746968987.779787,78.4333,-0.036006,1.53721,0.399485,0.0780397,5529.42,2,6.318,43.0215,67.9864,49.9442,1,2,1.0,0.0,0.0,2,0.0,0,True,1746968978.0739036,left,False
345,1746968987.803984,78.7005,0.104661,1.48755,0.397018,0.0772091,5544.82,2,6.34,43.5002,68.4651,49.9439,1,2,1.0,0.0,0.0,2,0.0,0,True,1746968978.0739036,left,False
346,1746968987.8241787,78.9679,0.237893,1.43839,0.394623,0.0765451,5567.76,2,6.362,43.9808,68.9457,49.9435,1,2,1.0,0.0,0.0,2,0.0,0,True,1746968978.0739036,left,False
347,1746968987.8476143,79.2345,0.361449,1.40093,0.392291,0.0759963,5583.91,2,6.384,44.463,69.4279,49.9432,1,2,1.0,0.0,0.0,2,0.0,0,True,1746968978.0739036,left,False
348,1746968987.867831,79.5018,0.472742,1.36669,0.390014,0.0755185,5602.01,2,6.406,44.9469,69.9118,49.9429,1,2,1.0,0.0,0.0,2,0.0,0,True,1746968978.0739036,left,False
349,1746968987.891122,79.7676,0.571412,1.33419,0.387787,0.0750775,5626.15,2,6.428,45.4324,70.3973,49.9425,1,2,1.0,0.0,0.0,2,0.0,0,True,1746968978.0739036,left,False
350,1746968987.9114754,80.0331,0.657012,1.31149,0.385603,0.0746451,5646.59,2,6.45,45.9197,70.8846,49.9422,1,2,1.0,0.0,0.0,2,0.0,0,True,1746968978.0739036,left,False
351,1746968987.934708,80.2977,0.730493,1.2884,0.383458,0.0742017,5669.57,2,6.472,46.4086,71.3735,49.9419,1,2,1.0,0.0,0.0,2,0.0,0,True,1746968978.0739036,left,False
352,1746968987.9576638,80.5634,0.79167,1.27094,0.381345,0.0737316,5690.2,2,6.494,46.8992,71.8641,49.9415,1,2,1.0,0.0,0.0,2,0.0,0,True,1746968978.0739036,left,False
353,1746968987.9774837,80.829,0.841686,1.26066,0.379264,0.0732249,5709.71,2,6.516,47.3915,72.3564,49.9412,1,2,1.0,0.0,0.0,2,0.0,0,True,1746968978.0739036,left,False
354,1746968987.9989765,81.0954,0.882206,1.24811,0.377209,0.0726808,5729.58,2,6.538,47.8854,72.8503,49.9409,1,2,1.0,0.0,0.0,2,0.0,0,True,1746968978.0739036,left,False
355,1746968988.0238316,81.3616,0.913769,1.24703,0.37518,0.0720932,5745.52,2,6.56,48.381,73.3459,49.9405,1,2,1.0,0.0,0.0,2,0.0,0,True,1746968978.0739036,left,False
356,1746968988.0429664,81.6263,0.938473,1.24509,0.373175,0.071468,5768.92,2,6.582,48.8782,73.8431,49.9402,1,2,1.0,0.0,0.0,2,0.0,0,True,1746968978.0739036,left,False
357,1746968988.0683365,81.8897,0.957946,1.23748,0.371192,0.0708011,5789.93,2,6.604,49.377,74.3419,49.9398,1,2,1.0,0.0,-0.1,2,0.0,0,True,1746968978.0739036,left,False
358,1746968988.0882833,82.154,0.971824,1.23358,0.369231,0.0700985,5807.24,2,6.626,49.8775,74.8424,49.9395,1,2,1.0,0.0,-0.1,2,0.0,0,True,1746968978.0739036,left,False
359,1746968988.1091425,82.3898,0.813869,1.23662,0.367252,0.0700295,5852.57,2,6.648,50.3795,75.3444,49.9392,1,2,1.0,0.0,-0.1,2,0.0,0,True,1746968978.0739036,left,False
360,1746968988.131308,82.6358,0.717432,1.25837,0.365184,0.0716501,5847.27,2,6.67,50.8829,75.8478,49.9388,1,2,1.0,0.0,-0.1,2,0.0,0,True,1746968978.0739036,left,False
361,1746968988.1529076,82.8797,0.729332,1.29866,0.363017,0.0748199,5844.95,2,6.692,51.3877,76.3526,49.9385,1,2,1.0,0.0,-0.1,2,0.0,0,True,1746968978.0739036,left,False
362,1746968988.1756034,83.1181,0.826968,1.34635,0.360739,0.0793547,5852.69,2,6.714,51.8939,76.8588,49.9382,1,2,1.0,0.0,-0.1,2,0.0,0,True,1746968978.0739036,left,False
363,1746968988.1968694,83.3511,0.990158,1.41525,0.358335,0.085061,5865.34,2,6.736,52.4014,77.3663,49.9378,1,2,1.0,0.0,-0.1,2,0.0,0,True,1746968978.0739036,left,False
364,1746968988.220735,83.5809,1.19836,1.50314,0.355792,0.0917382,5869.91,2,6.758,52.9101,77.875,49.9375,1,2,1.0,0.0,-0.1,2,0.0,0,True,1746968978.0739036,left,False
365,1746968988.2440958,83.8023,1.43573,1.60432,0.353093,0.0992148,5889.66,2,6.78,53.42,78.3849,49.9372,1,2,1.0,0.0,-0.1,2,0.0,0,True,1746968978.0739036,left,False
366,1746968988.2634637,84.0134,1.69306,1.71372,0.350221,0.107314,5915.86,2,6.802,53.9312,78.8961,49.9368,1,2,1.0,0.0,-0.1,2,0.0,0,True,1746968978.0739036,left,False
367,1746968988.2852685,84.2216,1.95105,1.84451,0.34716,0.115886,5931.94,2,6.824,54.4434,79.4083,49.9365,1,2,1.0,0.0,-0.1,2,0.0,0,True,1746968978.0739036,left,False
368,1746968988.3078942,84.4249,2.20244,1.98267,0.343895,0.124784,5944.39,2,6.846,54.9565,79.9214,49.9362,1,2,1.0,0.0,-0.1,2,0.0,0,True,1746968978.0739036,left,False
369,1746968988.3305035,84.6159,2.44076,2.13423,0.340411,0.133887,5972.48,2,6.868,55.4706,80.4355,49.9358,1,2,1.0,0.0,-0.1,2,0.0,0,True,1746968978.0739036,left,False
370,1746968988.3530304,84.803,2.65857,2.29509,0.336694,0.143084,5992.72,2,6.89,55.9856,80.9505,49.9355,1,2,1.0,0.0,-0.1,2,0.0,0,True,1746968978.0739036,left,False
371,1746968988.376501,84.9843,2.85258,2.46834,0.332734,0.152285,6013.87,2,6.912,56.5013,81.4662,49.9352,1,2,1.0,0.0,-0.1,2,0.0,0,True,1746968978.0739036,left,False
372,1746968988.3979726,85.1562,3.02254,2.64153,0.328519,0.161408,6045.26,2,6.934,57.0177,81.9826,49.9348,1,2,1.0,0.0,-0.1,2,0.0,0,True,1746968978.0739036,left,False
373,1746968988.41827,85.3257,3.16036,2.82883,0.324042,0.170371,6073.51,2,6.956,57.5347,82.4996,49.9345,1,2,1.0,0.0,0.0,2,0.0,0,True,1746968978.0739036,right,False
374,1746968988.4389107,85.492,3.26942,3.02066,0.319298,0.179119,6095.39,2,6.978,58.0522,83.0172,49.9341,1,2,1.0,0.0,0.0,2,0.0,0,True,1746968978.0739036,right,False
375,1746968988.4623013,85.6921,3.52825,3.2207,0.314318,0.186951,6082.31,2,7,58.5704,83.5353,49.9338,1,2,1.0,0.0,0.0,2,0.0,0,True,1746968978.0739036,right,False
376,1746968988.485466,85.8868,3.66491,3.39792,0.309173,0.192665,6106.59,2,7.022,59.0895,84.0544,49.9335,1,2,1.0,0.0,0.0,2,0.0,0,True,1746968978.0739036,right,False
377,1746968988.5076673,86.0854,3.64011,3.56959,0.303864,0.196544,6128.04,2,7.044,59.6095,84.5744,49.9331,1,2,1.0,0.0,0.0,2,0.0,0,True,1746968978.0739036,right,False
378,1746968988.5275724,86.2894,3.50331,3.72425,0.298393,0.198874,6143.44,2,7.066,60.1302,85.0952,49.9328,1,2,1.0,0.0,0.0,2,0.0,0,True,1746968978.0739036,right,False
379,1746968988.5501535,86.4962,3.29319,3.86062,0.292774,0.199932,6163.18,2,7.088,60.6519,85.6168,49.9325,1,2,1.0,0.0,0.0,2,0.0,0,True,1746968978.0739036,right,False
380,1746968988.5726085,86.7091,3.03825,3.98069,0.287023,0.19998,6172.23,2,7.11,61.1745,86.1394,49.9321,1,2,1.0,0.0,0.0,2,0.0,0,True,1746968978.0739036,right,False
381,1746968988.5936112,86.9263,2.76279,4.08514,0.281159,0.199256,6175.56,2,7.132,61.6981,86.663,49.9318,1,2,1.0,0.0,0.0,2,0.0,0,True,1746968978.0739036,right,False
382,1746968988.616965,87.144,2.48928,4.16123,0.275202,0.197991,6178.69,2,7.154,62.2227,87.1876,49.9315,1,2,1.0,0.0,0.0,2,0.0,0,True,1746968978.0739036,right,False
383,1746968988.6389716,87.3638,2.22819,4.22319,0.269171,0.196373,6181.71,2,7.176,62.7485,87.7134,49.9311,1,2,1.0,0.0,0.0,2,0.0,0,True,1746968978.0739036,right,False
384,1746968988.6598957,87.583,1.99,4.26619,0.263083,0.194563,6184.68,2,7.198,63.2753,88.2402,49.9308,1,2,1.0,0.0,0.0,2,0.0,0,True,1746968978.0739036,right,False
385,1746968988.681345,87.8022,1.77881,4.29045,0.256953,0.19268,6186.64,2,7.22,63.8034,88.7683,49.9305,1,2,1.0,0.0,0.0,2,0.0,0,True,1746968978.0739036,right,False
386,1746968988.7064836,88.0201,1.59682,4.30418,0.250795,0.19082,6193.25,2,7.242,64.3328,89.2977,49.9301,1,2,1.0,0.0,0.0,2,0.0,0,True,1746968978.0739036,right,False
387,1746968988.7267368,88.2373,1.44586,4.30065,0.244618,0.189041,6197.38,2,7.264,64.8635,89.8284,49.9298,1,2,1.0,0.0,0.0,2,0.0,0,True,1746968978.0739036,right,False
388,1746968988.7487807,88.4531,1.32296,4.29159,0.238431,0.187375,6207.36,2,7.286,65.3955,90.3604,49.9294,1,2,1.0,0.0,0.0,2,0.0,0,True,1746968978.0739036,right,False
389,1746968988.7705314,88.6689,1.22613,4.2733,0.232242,0.185844,6213.09,2,7.308,65.9288,90.8937,49.9291,1,2,1.0,0.0,0.0,2,0.0,0,True,1746968978.0739036,right,False
390,1746968988.7919269,88.882,1.15313,4.24856,0.226056,0.184451,6224.2,2,7.33,66.4634,91.4283,49.9288,1,2,1.0,0.0,0.0,2,0.0,0,True,1746968978.0739036,right,False
391,1746968988.8149557,89.097,1.098,4.22683,0.219876,0.183186,6231.68,2,7.352,66.9994,91.9643,49.9284,1,2,1.0,0.0,0.0,2,0.0,0,True,1746968978.0739036,right,False
392,1746968988.8377862,89.3065,1.06104,4.19717,0.213705,0.182044,6247.74,2,7.374,67.5367,92.5016,49.9281,1,2,1.0,0.0,0.0,2,0.0,0,True,1746968978.0739036,right,False
393,1746968988.8586454,89.518,1.03713,4.17224,0.207546,0.181014,6257.82,2,7.396,68.0753,93.0402,49.9278,1,2,1.0,0.0,0.0,2,0.0,0,True,1746968978.0739036,right,False
394,1746968988.8812788,89.7283,1.02369,4.14454,0.201401,0.180077,6268.05,2,7.418,68.6153,93.5802,49.9274,1,2,1.0,0.0,0.0,2,0.0,0,True,1746968978.0739036,right,False
395,1746968988.9033396,89.9366,1.01927,4.11528,0.195268,0.17922,6281.96,2,7.44,69.1566,94.1215,49.9271,1,2,1.0,0.0,0.0,2,0.0,0,True,1746968978.0739036,right,False
396,1746968988.923404,90.1458,1.0198,4.08771,0.18915,0.178429,6294.81,2,7.462,69.6993,94.6642,49.9268,1,2,1.0,0.0,0.0,2,0.0,0,True,1746968978.0739036,right,False
397,1746968988.945623,90.3521,1.02547,4.06212,0.183046,0.17769,6308.56,2,7.484,70.2432,95.2081,49.9264,1,2,1.0,0.0,0.0,2,0.0,0,True,1746968978.0739036,right,False
398,1746968988.9672956,90.5592,1.03291,4.04488,0.176956,0.176993,6321.87,2,7.506,70.7885,95.7534,49.9261,1,2,1.0,0.0,0.0,2,0.0,0,True,1746968978.0739036,right,False
399,1746968988.989068,90.7633,1.0428,4.01888,0.170879,0.176326,6340.43,2,7.528,71.3351,96.3,49.9258,1,2,1.0,0.0,0.0,2,0.0,0,True,1746968978.0739036,right,False
400,1746968989.0143378,90.9702,1.0526,4.00248,0.164816,0.17568,6350.82,2,7.55,71.883,96.8479,49.9254,1,2,1.0,0.0,0.1,2,0.0,0,True,1746968978.0739036,right,False
401,1746968989.0348399,91.1748,1.06294,3.98064,0.158765,0.175048,6365.31,2,7.572,72.4322,97.3971,49.9251,1,2,1.0,0.0,0.1,2,0.0,0,True,1746968978.0739036,right,False
402,1746968989.0583038,91.3619,1.26568,3.95502,0.152773,0.173636,6398.36,2,7.594,72.9827,97.9476,49.9247,1,2,1.0,0.0,0.1,2,0.0,0,True,1746968978.0739036,right,False
403,1746968989.0803168,91.5503,1.34735,3.926,0.146918,0.170249,6421.93,2,7.616,73.5347,98.4996,49.9244,1,2,1.0,0.0,0.1,2,0.0,0,True,1746968978.0739036,right,False
404,1746968989.1003568,91.7414,1.27635,3.87164,0.141202,0.165235,6451.86,2,7.638,74.0884,99.0533,49.9241,1,2,1.0,0.0,0.1,2,0.0,0,True,1746968978.0739036,right,False
405,1746968989.121771,91.9335,1.10025,3.80079,0.135626,0.158953,6480.56,2,7.66,74.6435,99.6084,49.9237,1,2,1.0,0.0,0.1,2,0.0,0,True,1746968978.0739036,right,False
406,1746968989.144362,92.1257,0.857232,3.71738,0.130202,0.151708,6510.17,2,7.682,75.2001,100.165,49.9234,1,2,1.0,0.0,0.1,2,0.0,0,True,1746968978.0739036,right,False
407,1746968989.1653912,92.3115,0.57205,3.61704,0.124939,0.143762,6553.11,2,7.704,75.7581,100.723,49.9231,1,2,1.0,0.0,0.1,2,0.0,0,True,1746968978.0739036,right,False
408,1746968989.1891887,92.4952,0.269645,3.50203,0.119852,0.135335,6597.03,2,7.726,76.3176,101.283,49.9227,1,2,1.0,0.0,0.1,2,0.0,0,True,1746968978.0739036,right,False
409,1746968989.2093887,92.6753,-0.0371688,3.36925,0.114951,0.126602,6641.6,2,7.748,76.8787,101.844,49.9224,1,2,1.0,0.0,0.1,2,0.0,0,True,1746968978.0739036,right,False
410,1746968989.2330556,92.8529,-0.336768,3.2254,0.110248,0.11769,6684.08,2,7.77,77.4412,102.406,49.9221,1,2,1.0,0.0,0.1,2,0.0,0,True,1746968978.0739036,right,False
411,1746968989.2543209,93.0266,-0.623158,3.07598,0.105756,0.108688,6728.79,2,7.792,78.0051,102.97,49.9217,1,2,1.0,0.0,0.1,2,0.0,0,True,1746968978.0739036,right,False
412,1746968989.275123,93.2015,-0.891862,2.911,0.101482,0.0996579,6763.87,2,7.814,78.5706,103.535,49.9214,1,2,1.0,0.0,0.0,2,0.0,0,True,1746968978.0739036,left,False
413,1746968989.298499,93.3783,-1.14095,2.7458,0.0974386,0.0906356,6783.72,2,7.836,79.1375,104.102,49.9211,1,2,1.0,0.0,0.0,2,0.0,0,True,1746968978.0739036,left,False
414,1746968989.3206654,93.5807,-1.50441,2.57765,0.0936017,0.0821523,6762.32,2,7.858,79.7059,104.671,49.9207,1,2,1.0,0.0,0.0,2,0.0,0,True,1746968978.0739036,left,False
415,1746968989.3435724,93.8052,-1.76962,2.41944,0.08992,0.0751376,6697.72,2,7.88,80.2759,105.241,49.9204,1,2,1.0,0.0,0.0,2,0.0,0,True,1746968978.0739036,left,False
416,1746968989.3639991,94.0299,-1.89725,2.26648,0.0863987,0.0694221,6649.56,2,7.902,80.8476,105.813,49.92,1,2,1.0,0.0,0.0,2,0.0,0,True,1746968978.0739036,left,False
417,1746968989.3885028,94.2512,-1.91634,2.12481,0.0830433,0.0647834,6620.7,2,7.924,81.4209,106.386,49.9197,1,2,1.0,0.0,0.0,2,0.0,0,True,1746968978.0739036,left,False
418,1746968989.407577,94.4683,-1.85417,2.00589,0.0798546,0.061017,6609.91,2,7.946,81.9957,106.961,49.9194,1,2,1.0,0.0,0.0,2,0.0,0,True,1746968978.0739036,left,False
419,1746968989.4311686,94.681,-1.73161,1.88326,0.0768313,0.0579752,6616.38,2,7.968,82.572,107.537,49.919,1,2,1.0,0.0,0.0,2,0.0,0,True,1746968978.0739036,left,False
420,1746968989.4512856,94.8956,-1.56772,1.77054,0.0739686,0.0555293,6621.25,2,7.99,83.1498,108.115,49.9187,1,2,1.0,0.0,0.0,2,0.0,0,True,1746968978.0739036,left,False
421,1746968989.4723535,95.0886,-1.39339,1.67511,0.0715005,0.0537383,6635.97,2,8.01,83.6764,108.641,49.9184,1,2,1.0,0.0,0.0,2,0.0,0,True,1746968978.0739036,left,False
422,1746968989.4916234,95.2842,-1.20371,1.58655,0.0691535,0.0522899,6645.33,2,8.03,84.2042,109.169,49.9181,1,2,1.0,0.0,0.0,2,0.0,0,True,1746968978.0739036,left,False
423,1746968989.5111337,95.4796,-1.0074,1.49428,0.0669207,0.0511319,6654.17,2,8.05,84.733,109.698,49.9178,1,2,1.0,0.0,0.0,2,0.0,0,True,1746968978.0739036,left,False
424,1746968989.5306797,95.6743,-0.807128,1.41929,0.0647946,0.0502136,6665.61,2,8.07,85.2631,110.228,49.9175,1,2,1.0,0.0,0.0,2,0.0,0,True,1746968978.0739036,left,False
425,1746968989.5528245,95.8683,-0.60953,1.34299,0.0627678,0.0494922,6679,2,8.09,85.7944,110.759,49.9172,1,2,1.0,0.0,0.0,2,0.0,0,True,1746968978.0739036,left,False
426,1746968989.5731757,96.0614,-0.416892,1.27002,0.0608327,0.0489322,6694.04,2,8.11,86.3268,111.292,49.9169,1,2,1.0,0.0,0.0,2,0.0,0,True,1746968978.0739036,left,False
427,1746968989.5912542,96.2567,-0.232812,1.20754,0.0589813,0.0484963,6703.54,2,8.13,86.8604,111.825,49.9166,1,2,1.0,0.0,0.0,2,0.0,0,True,1746968978.0739036,left,False
428,1746968989.6137564,96.4504,-0.0589126,1.14545,0.0572065,0.0481546,6714.91,2,8.15,87.3951,112.36,49.9163,1,2,1.0,0.0,0.0,2,0.0,0,True,1746968978.0739036,left,False
429,1746968989.6308756,96.6431,0.102972,1.08936,0.0555012,0.0478787,6727.31,2,8.17,87.9309,112.896,49.916,1,2,1.0,0.0,0.0,2,0.0,0,True,1746968978.0739036,left,False
430,1746968989.6528616,96.8343,0.251777,1.03879,0.0538589,0.047645,6743.21,2,8.19,88.4678,113.433,49.9156,1,2,1.0,0.0,0.0,2,0.0,0,True,1746968978.0739036,left,False
431,1746968989.6738172,97.0248,0.386802,0.998919,0.0522735,0.047432,6756.75,2,8.21,89.0059,113.971,49.9153,1,2,1.0,0.0,0.0,2,0.0,0,True,1746968978.0739036,left,False
432,1746968989.6919532,97.2169,0.507894,0.95794,0.0507394,0.0472235,6769.8,2,8.23,89.545,114.51,49.915,1,2,1.0,0.0,0.0,2,0.0,0,True,1746968978.0739036,left,False
433,1746968989.711118,97.4083,0.614904,0.926687,0.0492513,0.0470045,6780.57,2,8.25,90.0853,115.05,49.9147,1,2,1.0,0.0,0.0,2,0.0,0,True,1746968978.0739036,left,False
434,1746968989.7314088,97.5991,0.708488,0.902901,0.0478051,0.0467661,6791.11,2,8.27,90.6266,115.591,49.9144,1,2,1.0,0.0,0.0,2,0.0,0,True,1746968978.0739036,left,False
435,1746968989.7540345,97.7886,0.789721,0.879195,0.0463968,0.0465004,6803.3,2,8.29,91.1689,116.134,49.9141,1,2,1.0,0.0,0.0,2,0.0,0,True,1746968978.0739036,left,False
436,1746968989.7710261,97.9607,0.859093,0.859638,0.045023,0.0462046,6808.9,2,8.31,91.7124,116.677,49.9138,1,2,1.0,0.0,0.0,2,0.0,0,True,1746968978.0739036,left,False
437,1746968989.792812,98.1302,0.917138,0.850373,0.0436808,0.0458784,6778.18,2,8.33,92.2568,117.222,49.9136,1,2,1.0,0.0,0.0,2,0.0,0,True,1746968978.0739036,left,False
438,1746968989.813344,98.287,0.965948,0.838005,0.0423677,0.0455234,6808.7,2,8.35,92.8021,117.767,49.9133,1,2,1.0,0.0,0.0,2,0.0,0,True,1746968978.0739036,left,False
439,1746968989.8317356,98.4411,1.00748,0.832963,0.041082,0.0451437,6804.6,2,8.37,93.3483,118.313,49.9131,1,2,1.0,0.0,0.0,2,0.0,0,True,1746968978.0739036,left,False
440,1746968989.852988,98.589,1.04163,0.823741,0.0398216,0.0447404,6811.19,2,8.39,93.8954,118.86,49.9128,1,2,1.0,0.0,0.0,2,0.0,0,True,1746968978.0739036,left,False
441,1746968989.8724813,98.732,1.07038,0.820868,0.0385855,0.0443235,6796.61,2,8.41,94.4433,119.408,49.9126,1,2,1.0,0.0,0.0,2,0.0,0,True,1746968978.0739036,left,False
442,1746968989.8917317,98.8709,1.09389,0.817412,0.037372,0.043889,6818.18,2,8.43,94.9919,119.957,49.9124,1,2,1.0,0.0,0.0,2,0.0,0,True,1746968978.0739036,left,False
443,1746968989.9137065,99.0101,1.1146,0.819076,0.0361804,0.043452,6808.46,2,8.45,95.5414,120.506,49.9122,1,2,1.0,0.0,0.0,2,0.0,0,True,1746968978.0739036,left,False
444,1746968989.9328814,99.1379,1.13321,0.816765,0.0350098,0.0430155,6814.47,2,8.47,96.0916,121.057,49.912,1,2,1.0,0.0,0.0,2,0.0,0,True,1746968978.0739036,left,False
445,1746968989.9522767,99.2582,1.14968,0.815395,0.0338598,0.0425808,6830.24,2,8.49,96.6425,121.607,49.9117,1,2,1.0,0.0,0.0,2,0.0,0,True,1746968978.0739036,left,False
446,1746968989.9721053,99.3744,1.1664,0.801421,0.0327299,0.0421484,6822.96,2,8.51,97.1941,122.159,49.9116,1,2,1.0,0.0,0.0,2,0.0,0,True,1746968978.0739036,left,False
447,1746968989.9908895,99.4877,1.18035,0.794022,0.0316196,0.0417198,6815.47,2,8.53,97.7463,122.711,49.9114,1,2,1.0,0.0,0.0,2,0.0,0,True,1746968978.0739036,left,False
448,1746968990.0133216,99.5947,1.19308,0.790865,0.0305283,0.0412971,6819.06,2,8.55,98.2991,123.264,49.9112,1,2,1.0,0.0,0.0,2,0.0,0,True,1746968978.0739036,left,False
449,1746968990.0319278,99.6867,1.20552,0.782014,0.0294556,0.0408845,6811.28,2,8.57,98.8525,123.817,49.911,1,2,1.0,0.0,0.0,2,0.0,0,True,1746968978.0739036,left,False
450,1746968990.052072,99.7731,1.21789,0.771155,0.0284011,0.0404857,6815.96,2,8.59,99.4064,124.371,49.9109,1,2,1.0,0.0,0.0,2,0.0,0,True,1746968978.0739036,left,False
451,1746968990.072517,99.8591,1.23033,0.759886,0.0273645,0.0401017,6820.63,2,8.61,99.9607,124.926,49.9107,1,2,1.0,0.0,0.0,2,0.0,0,True,1746968978.0739036,left,False
452,1746968990.0911133,99.9446,1.24317,0.748186,0.0263453,0.0397334,6826.15,2,8.63,100.516,125.48,49.9106,1,2,1.0,0.0,0.0,2,0.0,0,True,1746968978.0739036,left,False
453,1746968990.1141849,100.03,1.25607,0.737679,0.0253428,0.0393792,6831.58,2,8.65,101.071,126.036,49.9104,1,2,1.0,0.0,0.0,2,0.0,0,True,1746968978.0739036,left,False
454,1746968990.1334012,100.115,1.26921,0.725512,0.0243567,0.039038,6836.89,2,8.67,101.627,126.592,49.9103,1,2,1.0,0.0,0.0,2,0.0,0,True,1746968978.0739036,left,False
455,1746968990.1511583,100.2,1.28236,0.711038,0.0233868,0.0387081,6843.17,2,8.69,102.183,127.148,49.9101,1,2,1.0,0.0,0.0,2,0.0,0,True,1746968978.0739036,left,False
456,1746968990.1712313,100.285,1.29442,0.701156,0.0224322,0.0383875,6848.27,2,8.71,102.74,127.705,49.91,1,2,1.0,0.0,0.0,2,0.0,0,True,1746968978.0739036,left,False
457,1746968990.192564,100.37,1.30601,0.685156,0.0214926,0.0380753,6853.62,2,8.73,103.297,128.262,49.9098,1,2,1.0,0.0,0.0,2,0.0,0,True,1746968978.0739036,left,False
458,1746968990.2124524,100.455,1.31743,0.674095,0.0205677,0.0377692,6860.03,2,8.75,103.855,128.82,49.9097,1,2,1.0,0.0,0.0,2,0.0,0,True,1746968978.0739036,left,False
459,1746968990.2335515,100.541,1.32777,0.666535,0.019657,0.0374665,6863.95,2,8.77,104.413,129.378,49.9095,1,2,1.0,0.0,0.0,2,0.0,0,True,1746968978.0739036,left,False
460,1746968990.2523901,100.625,1.3374,0.654591,0.0187602,0.037165,6869.06,2,8.79,104.972,129.937,49.9094,1,2,1.0,0.0,0.0,2,0.0,0,True,1746968978.0739036,left,False
461,1746968990.271627,100.709,1.34666,0.638757,0.0178769,0.0368634,6876.22,2,8.81,105.531,130.496,49.9092,1,2,1.0,0.0,0.0,2,0.0,0,True,1746968978.0739036,left,False
462,1746968990.2911825,100.794,1.35454,0.62335,0.0170066,0.0365599,6882.52,2,8.83,106.091,131.055,49.9091,1,2,1.0,0.0,0.0,2,0.0,0,True,1746968978.0739036,left,False
463,1746968990.3119557,100.878,1.36071,0.615033,0.0161492,0.0362529,6887.75,2,8.85,106.651,131.616,49.9089,1,2,1.0,0.0,0.0,2,0.0,0,True,1746968978.0739036,left,False
464,1746968990.3311772,100.963,1.3667,0.60517,0.0153042,0.0359435,6807.76,2,8.87,107.211,132.176,49.9088,1,2,1.0,0.0,0.0,2,0.0,0,True,1746968978.0739036,left,False
465,1746968990.352179,101.028,1.37081,0.594816,0.014472,0.0356297,6893.66,2,8.89,107.772,132.737,49.9086,1,2,1.0,0.0,0.0,2,0.0,0,True,1746968978.0739036,left,False
466,1746968990.372787,101.093,1.37427,0.587725,0.013652,0.0353129,6809.05,2,8.91,108.334,133.299,49.9085,1,2,1.0,0.0,0.0,2,0.0,0,True,1746968978.0739036,left,False
467,1746968990.3929527,101.149,1.37828,0.573522,0.0128445,0.0349996,6856.25,2,8.93,108.895,133.86,49.9084,1,2,1.0,0.0,0.0,2,0.0,0,True,1746968978.0739036,left,False
468,1746968990.4137108,101.205,1.38141,0.564021,0.0120494,0.034689,6883.37,2,8.95,109.458,134.422,49.9083,1,2,1.0,0.0,0.0,2,0.0,0,True,1746968978.0739036,left,False
469,1746968990.4311893,101.263,1.38382,0.560234,0.011266,0.034381,6817.56,2,8.97,110.02,134.985,49.9082,1,2,1.0,0.0,0.0,2,0.0,0,True,1746968978.0739036,left,False
470,1746968990.4543025,101.312,1.38753,0.546266,0.0104945,0.0340746,6888.91,2,8.99,110.583,135.547,49.9081,1,2,1.0,0.0,0.0,2,0.0,0,True,1746968978.0739036,left,False
471,1746968990.4732783,101.363,1.38967,0.537657,0.00973511,0.0337684,6865.46,2,9.01,111.145,136.11,49.908,1,2,1.0,0.0,0.0,2,0.0,0,True,1746968978.0739036,left,False
472,1746968990.492533,101.414,1.39284,0.533805,0.00898749,0.033468,6821.75,2,9.03,111.709,136.674,49.9079,1,2,1.0,0.0,0.0,2,0.0,0,True,1746968978.0739036,left,False
473,1746968990.5112283,101.461,1.39607,0.520907,0.00825164,0.0331725,6811.04,2,9.05,112.272,137.237,49.9078,1,2,1.0,0.0,0.0,2,0.0,0,True,1746968978.0739036,left,False
474,1746968990.5314171,101.503,1.39897,0.513807,0.00752729,0.0328814,6815.04,2,9.07,112.836,137.801,49.9077,1,2,1.0,0.0,0.0,2,0.0,0,True,1746968978.0739036,left,False
475,1746968990.5530865,101.536,1.40188,0.509897,0.00681451,0.0325969,6867.15,2,9.09,113.4,138.365,49.9076,1,2,1.0,0.0,0.0,2,0.0,0,True,1746968978.0739036,left,False
476,1746968990.5722804,101.568,1.40601,0.494518,0.00611312,0.0323188,6814.47,2,9.11,113.964,138.929,49.9076,1,2,1.0,0.0,0.0,2,0.0,0,True,1746968978.0739036,left,False
477,1746968990.593691,101.6,1.40917,0.500221,0.00542297,0.0320497,6870.56,2,9.13,114.528,139.493,49.9075,1,2,1.0,0.0,0.0,2,0.0,0,True,1746968978.0739036,left,False
478,1746968990.613295,101.632,1.41412,0.484871,0.00474396,0.0317885,6817.48,2,9.15,115.093,140.058,49.9074,1,2,1.0,0.0,0.0,2,0.0,0,True,1746968978.0739036,left,False
479,1746968990.6320627,101.664,1.41869,0.481673,0.00407607,0.031536,6874.62,2,9.17,115.657,140.622,49.9073,1,2,1.0,0.0,0.0,2,0.0,0,True,1746968978.0739036,left,False
480,1746968990.6513848,101.697,1.4237,0.473459,0.00341899,0.0312903,6820.82,2,9.19,116.222,141.187,49.9073,1,2,1.0,0.0,0.0,2,0.0,0,True,1746968978.0739036,left,False
481,1746968990.6714475,101.728,1.42894,0.466372,0.00277259,0.0310516,6878.9,2,9.21,116.787,141.752,49.9072,1,2,1.0,0.0,0.0,2,0.0,0,True,1746968978.0739036,left,False
482,1746968990.6917706,101.76,1.43397,0.459748,0.00213655,0.0308182,6824.73,2,9.23,117.353,142.318,49.9071,1,2,1.0,0.0,0.0,2,0.0,0,True,1746968978.0739036,left,False
483,1746968990.711082,101.791,1.43948,0.452442,0.00151087,0.0305897,6883.31,2,9.25,117.918,142.883,49.907,1,2,1.0,0.0,0.0,2,0.0,0,True,1746968978.0739036,left,False
484,1746968990.732844,101.824,1.44422,0.444028,0.000895246,0.0303653,6829,2,9.27,118.484,143.449,49.907,1,2,1.0,0.0,0.0,2,0.0,0,True,1746968978.0739036,left,False
485,1746968990.752977,101.855,1.44943,0.4375,0.000289472,0.0301436,6802.86,2,9.29,119.049,144.014,49.9069,1,2,1.0,0.0,0.0,2,0.0,0,True,1746968978.0739036,left,False
486,1746968990.7739131,101.88,1.45341,0.430056,-0.000306447,0.0299234,6877.65,2,9.31,119.615,144.58,49.9068,1,2,1.0,0.0,0.0,2,0.0,0,True,1746968978.0739036,left,False
487,1746968990.7927098,101.905,1.45796,0.422063,-0.000892893,0.0297054,6826.67,2,9.33,120.181,145.146,49.9067,1,2,1.0,0.0,0.0,2,0.0,0,True,1746968978.0739036,left,False
488,1746968990.8125887,101.927,1.46173,0.416975,-0.00146987,0.0294888,6826.48,2,9.35,120.748,145.713,49.9067,1,2,1.0,0.0,0.0,2,0.0,0,True,1746968978.0739036,left,False
489,1746968990.8334453,101.948,1.46542,0.408662,-0.00203749,0.0292736,6827.98,2,9.37,121.314,146.279,49.9066,1,2,1.0,0.0,0.0,2,0.0,0,True,1746968978.0739036,left,False
490,1746968990.8524716,101.968,1.46868,0.400828,-0.00259603,0.0290593,6878.7,2,9.39,121.88,146.845,49.9066,1,2,1.0,0.0,0.0,2,0.0,0,True,1746968978.0739036,left,False
491,1746968990.871778,101.988,1.47226,0.393025,-0.00314541,0.0288476,6798.4,2,9.41,122.447,147.412,49.9065,1,2,1.0,0.0,0.0,2,0.0,0,True,1746968978.0739036,left,False
492,1746968990.8938646,102.003,1.47541,0.386255,-0.00368576,0.0286371,6810.65,2,9.43,123.013,147.978,49.9065,1,2,1.0,0.0,0.0,2,0.0,0,True,1746968978.0739036,left,False
493,1746968990.9149194,102.015,1.47811,0.382434,-0.00421721,0.0284275,6826.48,2,9.45,123.58,148.545,49.9064,1,2,1.0,0.0,0.0,2,0.0,0,True,1746968978.0739036,left,False
494,1746968990.9314795,102.032,1.48058,0.375818,-0.00474002,0.02822,6799.79,2,9.47,124.147,149.112,49.9064,1,2,1.0,0.0,0.0,2,0.0,0,True,1746968978.0739036,left,False
495,1746968990.9513652,102.047,1.48327,0.369278,-0.00525411,0.0280139,6812.96,2,9.49,124.714,149.679,49.9063,1,2,1.0,0.0,0.0,2,0.0,0,True,1746968978.0739036,left,False
496,1746968990.9726224,102.059,1.48536,0.36382,-0.00575968,0.0278092,6829,2,9.51,125.281,150.246,49.9063,1,2,1.0,0.0,0.0,2,0.0,0,True,1746968978.0739036,left,False
497,1746968990.9912305,102.075,1.48798,0.354928,-0.00625687,0.0276076,6802.87,2,9.53,125.848,150.813,49.9062,1,2,1.0,0.0,0.0,2,0.0,0,True,1746968978.0739036,left,False
498,1746968991.013753,102.091,1.48979,0.35234,-0.00674578,0.0274065,6815.77,2,9.55,126.415,151.38,49.9062,1,2,1.0,0.0,0.0,2,0.0,0,True,1746968978.0739036,left,False
499,1746968991.0318918,102.102,1.49238,0.343271,-0.0072265,0.0272072,6832.49,2,9.57,126.982,151.947,49.9061,1,2,1.0,0.0,0.0,2,0.0,0,True,1746968978.0739036,left,False
500,1746968991.0531032,102.119,1.49412,0.337704,-0.00769908,0.0270089,6805.85,2,9.59,127.549,152.514,49.9061,1,2,1.0,0.0,0.0,2,0.0,0,True,1746968978.0739036,left,False
501,1746968991.0720878,102.134,1.49631,0.333733,-0.00816364,0.0268111,6819.6,2,9.61,128.117,153.082,49.906,1,2,1.0,0.0,0.0,2,0.0,0,True,1746968978.0739036,left,False
502,1746968991.0919576,102.143,1.49768,0.323983,-0.0086202,0.0266143,6888.22,2,9.63,128.685,153.65,49.9059,1,2,1.0,0.0,0.0,2,0.0,0,True,1746968978.0739036,left,False
503,1746968991.1140218,102.157,1.49981,0.320901,-0.00906874,0.0264178,6819.66,2,9.65,129.252,154.217,49.9059,1,2,1.0,0.0,0.0,2,0.0,0,True,1746968978.0739036,left,False
504,1746968991.1358566,102.166,1.50128,0.310657,-0.00950934,0.0262228,6805.16,2,9.67,129.82,154.785,49.9059,1,2,1.0,0.0,0.0,2,0.0,0,True,1746968978.0739036,left,False
505,1746968991.156671,102.175,1.50236,0.31395,-0.00994205,0.0260285,6842.16,2,9.69,130.388,155.352,49.9058,1,2,1.0,0.0,0.0,3,0.0,0,False,1746968991.14378,left,False
506,1746968991.1720932,102.186,1.50416,0.306236,-0.0103671,0.0258361,6809.55,2,9.71,130.955,155.92,49.9058,1,2,1.0,0.0,0.0,3,0.0,0,False,1746968991.14378,left,False
507,1746968991.1937833,102.172,1.50533,0.300765,-0.0107843,0.0256424,4939.54,3,9.73,131.523,156.488,49.9058,1,2,1.0,0.0,0.0,3,0.0,0,False,1746968991.14378,left,False
508,1746968991.214116,102.152,1.50695,0.292709,-0.0111936,0.0254528,4940.65,3,9.75,132.09,157.055,49.9058,1,2,1.0,0.0,0.0,3,0.0,0,False,1746968991.14378,left,False
509,1746968991.2331362,102.132,1.50803,0.289445,-0.011595,0.0252675,4941.76,3,9.77,132.658,157.623,49.9058,1,2,1.0,0.0,0.0,3,0.0,0,False,1746968991.14378,left,False
510,1746968991.2528992,102.111,1.51049,0.286582,-0.0119886,0.0250897,4942.86,3,9.79,133.226,158.19,49.9058,1,2,1.0,0.0,0.0,3,0.0,0,False,1746968991.14378,left,False
511,1746968991.272316,102.091,1.51262,0.281029,-0.0123747,0.0249195,4943.97,3,9.81,133.793,158.758,49.9058,1,2,1.0,0.0,0.0,3,0.0,0,False,1746968991.14378,left,False
512,1746968991.2913508,102.07,1.51542,0.276934,-0.0127532,0.0247571,4945.07,3,9.83,134.36,159.325,49.9058,1,2,1.0,0.0,0.0,3,0.0,0,False,1746968991.14378,left,False
513,1746968991.3112867,102.05,1.51941,0.267536,-0.0131243,0.0246025,4946.17,3,9.85,134.927,159.892,49.9058,1,2,1.0,0.0,0.0,3,0.0,0,False,1746968991.14378,left,False
514,1746968991.3306782,102.029,1.5235,0.257323,-0.0134883,0.0244551,4947.26,3,9.87,135.494,160.459,49.9058,1,2,1.0,0.0,0.0,3,0.0,0,False,1746968991.14378,left,False
515,1746968991.3533592,102.009,1.52729,0.254164,-0.0138451,0.0243159,4948.36,3,9.89,136.061,161.026,49.9058,1,2,1.0,0.0,0.0,3,0.0,0,False,1746968991.14378,left,False
516,1746968991.3728375,101.989,1.53154,0.251833,-0.0141951,0.024184,4949.45,3,9.91,136.627,161.592,49.9058,1,2,1.0,0.0,0.0,3,0.0,0,False,1746968991.14378,left,False
517,1746968991.3929055,101.968,1.53604,0.247041,-0.0145381,0.0240579,4950.54,3,9.93,137.194,162.159,49.9058,1,2,1.0,0.0,0.0,3,0.0,0,False,1746968991.14378,left,False
518,1746968991.4128525,101.948,1.54036,0.242035,-0.0148748,0.0239355,4951.62,3,9.95,137.76,162.725,49.9058,1,2,1.0,0.0,0.0,3,0.0,0,False,1746968991.14378,left,False
519,1746968991.4324403,101.928,1.54421,0.238036,-0.0152051,0.023816,4952.71,3,9.97,138.326,163.291,49.9058,1,2,1.0,0.0,0.0,3,0.0,0,False,1746968991.14378,left,False
520,1746968991.4512613,101.907,1.548,0.23377,-0.0155296,0.0236988,4953.79,3,9.99,138.893,163.858,49.9058,1,2,1.0,0.0,0.0,3,0.0,0,False,1746968991.14378,left,False
521,1746968991.4723182,101.887,1.55139,0.229423,-0.0158479,0.0235838,4954.86,3,10.01,139.459,164.424,49.9058,1,2,1.0,0.0,0.0,3,0.0,0,False,1746968991.14378,left,False
522,1746968991.4927034,101.978,1.55651,0.225538,-0.0161607,0.0234716,5094.61,3,10.03,140.025,164.99,49.9055,1,2,1.0,0.0,0.0,3,0.0,0,False,1746968991.14378,left,False
523,1746968991.5127254,102.148,1.56143,0.222217,-0.0164683,0.0233349,5116.52,3,10.05,140.593,165.557,49.9053,1,2,1.0,0.0,0.0,3,0.0,0,False,1746968991.14378,left,False
524,1746968991.5318422,102.322,1.56292,0.2134,-0.0167704,0.023156,5130.72,3,10.07,141.161,166.125,49.905,1,2,1.0,0.0,0.0,3,0.0,0,False,1746968991.14378,left,False
525,1746968991.5511878,102.497,1.55961,0.208219,-0.017067,0.0229261,5142.22,3,10.09,141.73,166.695,49.9047,1,2,1.0,0.0,0.0,3,0.0,0,False,1746968991.14378,left,False
526,1746968991.571179,102.671,1.55181,0.199952,-0.0173572,0.0226398,5156.67,3,10.11,142.3,167.265,49.9045,1,2,1.0,0.0,0.0,3,0.0,0,False,1746968991.14378,left,False
527,1746968991.5928657,102.847,1.53908,0.194522,-0.017641,0.0222921,5167.8,3,10.13,142.871,167.836,49.9042,1,2,1.0,0.0,0.0,3,0.0,0,False,1746968991.14378,left,False
528,1746968991.6111495,103.023,1.52265,0.18845,-0.0179174,0.0218826,5178.37,3,10.15,143.443,168.408,49.9039,1,2,1.0,0.0,0.0,3,0.0,0,False,1746968991.14378,left,False
529,1746968991.6327364,103.198,1.50222,0.183562,-0.0181854,0.0214118,5188.48,3,10.17,144.016,168.98,49.9036,1,2,1.0,0.0,0.0,3,0.0,0,False,1746968991.14378,left,False
530,1746968991.6513507,103.374,1.47877,0.173882,-0.0184441,0.0208836,5201.56,3,10.19,144.589,169.554,49.9033,1,2,1.0,0.0,0.0,3,0.0,0,False,1746968991.14378,left,False
531,1746968991.673021,103.549,1.45332,0.163014,-0.018692,0.0203017,5214.05,3,10.21,145.164,170.129,49.903,1,2,1.0,0.0,0.0,3,0.0,0,False,1746968991.14378,left,False
532,1746968991.6928246,103.726,1.42608,0.153248,-0.0189279,0.0196743,5223.45,3,10.23,145.74,170.705,49.9027,1,2,1.0,0.0,0.0,3,0.0,0,False,1746968991.14378,left,False
533,1746968991.7121089,103.904,1.39774,0.147617,-0.0191505,0.0190083,5227.93,3,10.25,146.317,171.282,49.9024,1,2,1.0,0.0,0.0,3,0.0,0,False,1746968991.14378,left,False
534,1746968991.730674,104.08,1.37018,0.131992,-0.0193588,0.0183131,5240.39,3,10.27,146.895,171.86,49.9021,1,2,1.0,0.0,0.0,3,0.0,0,False,1746968991.14378,left,False
535,1746968991.7524738,104.258,1.34318,0.120702,-0.0195511,0.0175942,5247.23,3,10.29,147.474,172.439,49.9018,1,2,1.0,0.0,0.0,3,0.0,0,False,1746968991.14378,left,False
536,1746968991.7726388,104.436,1.31633,0.116474,-0.0197266,0.0168635,5253.72,3,10.31,148.054,173.018,49.9015,1,2,1.0,0.0,0.0,3,0.0,0,False,1746968991.14378,left,False
537,1746968991.7933695,104.612,1.29325,0.102206,-0.019884,0.0161268,5264.51,3,10.33,148.634,173.599,49.9012,1,2,1.0,0.0,0.0,3,0.0,0,False,1746968991.14378,left,False
538,1746968991.811904,104.792,1.27169,0.0920805,-0.020022,0.0153868,5268.28,3,10.35,149.216,174.181,49.9009,1,2,1.0,0.0,0.0,3,0.0,0,False,1746968991.14378,left,False
539,1746968991.830612,104.969,1.25249,0.0831962,-0.0201399,0.0146545,5277.06,3,10.37,149.799,174.764,49.9006,1,2,1.0,0.0,0.0,3,0.0,0,False,1746968991.14378,left,False
540,1746968991.851947,105.147,1.2367,0.0705559,-0.0202371,0.0139364,5285.87,3,10.39,150.383,175.347,49.9003,1,2,1.0,0.0,0.0,3,0.0,0,False,1746968991.14378,left,False
541,1746968991.8717458,105.326,1.22313,0.0692267,-0.0203128,0.0132309,5288.52,3,10.41,150.967,175.932,49.9,1,2,1.0,0.0,0.0,3,0.0,0,False,1746968991.14378,left,False
542,1746968991.8932502,105.502,1.21428,0.047078,-0.0203662,0.0125433,5302.05,3,10.43,151.553,176.518,49.8997,1,2,1.0,0.0,0.0,3,0.0,0,False,1746968991.14378,left,False
543,1746968991.9127116,105.678,1.20759,0.0332931,-0.0203966,0.0118727,5311.41,3,10.45,152.14,177.105,49.8994,1,2,1.0,0.0,0.0,3,0.0,0,False,1746968991.14378,left,False
544,1746968991.9314566,105.857,1.20236,0.0249365,-0.0204041,0.0112183,5316.07,3,10.47,152.727,177.692,49.8991,1,2,1.0,0.0,0.0,3,0.0,0,False,1746968991.14378,left,False
545,1746968991.953384,106.033,1.19998,0.00661673,-0.020388,0.0105749,5326.92,3,10.49,153.316,178.281,49.8988,1,2,1.0,0.0,0.0,3,0.0,0,False,1746968991.14378,left,False
546,1746968991.9735196,106.21,1.19974,-0.0162368,-0.0203481,0.00994359,5336.65,3,10.51,153.906,178.871,49.8984,1,2,1.0,0.0,0.0,3,0.0,0,False,1746968991.14378,left,False
547,1746968991.9927669,106.388,1.20007,-0.0340341,-0.0202842,0.0093248,5342.26,3,10.53,154.496,179.461,49.8981,1,2,1.0,0.0,0.0,3,0.0,0,False,1746968991.14378,left,False
548,1746968992.0128205,106.565,1.20207,-0.0542213,-0.0201963,0.00871937,5351.98,3,10.55,155.088,180.053,49.8978,1,2,1.0,0.0,0.0,3,0.0,0,False,1746968991.14378,left,False
549,1746968992.0313194,106.742,1.20452,-0.0692123,-0.0200844,0.00812522,5360.09,3,10.57,155.681,180.645,49.8975,1,2,1.0,0.0,0.0,3,0.0,0,False,1746968991.14378,left,False
550,1746968992.0546672,106.919,1.20808,-0.0905571,-0.0199484,0.00753596,5369.03,3,10.59,156.274,181.239,49.8972,1,2,1.0,0.0,0.0,3,0.0,0,False,1746968991.14378,left,False
551,1746968992.074176,107.097,1.21182,-0.105275,-0.0197883,0.00695608,5375.04,3,10.61,156.869,181.834,49.8969,1,2,1.0,0.0,0.0,3,0.0,0,False,1746968991.14378,left,False
552,1746968992.0928051,107.272,1.21651,-0.128671,-0.0196045,0.00638269,5387.08,3,10.63,157.464,182.429,49.8966,1,2,1.0,0.0,0.0,3,0.0,0,False,1746968991.14378,left,False
553,1746968992.1118283,107.448,1.22083,-0.144777,-0.0193968,0.00581581,5398.45,3,10.65,158.061,183.026,49.8963,1,2,1.0,0.0,0.0,3,0.0,0,False,1746968991.14378,left,False
554,1746968992.133867,107.626,1.22609,-0.168165,-0.019165,0.00525178,5405.67,3,10.67,158.658,183.623,49.896,1,2,1.0,0.0,0.0,3,0.0,0,False,1746968991.14378,left,False
555,1746968992.1514666,107.802,1.2298,-0.180942,-0.0189098,0.00469082,5415.03,3,10.69,159.257,184.222,49.8957,1,2,1.0,0.0,0.0,3,0.0,0,False,1746968991.14378,left,False
556,1746968992.1716602,107.979,1.23483,-0.206167,-0.0186305,0.00412991,5423.5,3,10.71,159.856,184.821,49.8954,1,2,1.0,0.0,0.0,3,0.0,0,False,1746968991.14378,left,False
557,1746968992.1934783,108.156,1.23833,-0.223069,-0.0183277,0.00356876,5432.12,3,10.73,160.457,185.422,49.8951,1,2,1.0,0.0,0.0,3,0.0,0,False,1746968991.14378,left,False
558,1746968992.2111888,108.332,1.24221,-0.242194,-0.0180013,0.00300875,5441.45,3,10.75,161.058,186.023,49.8948,1,2,1.0,0.0,0.0,3,0.0,0,False,1746968991.14378,left,False
559,1746968992.231112,108.51,1.24506,-0.259737,-0.0176513,0.00244614,5448.57,3,10.77,161.661,186.625,49.8945,1,2,1.0,0.0,0.0,3,0.0,0,False,1746968991.14378,left,False
560,1746968992.254174,108.687,1.24814,-0.278019,-0.0172777,0.00188553,5456.42,3,10.79,162.264,187.229,49.8942,1,2,1.0,0.0,0.0,3,0.0,0,False,1746968991.14378,left,False
561,1746968992.2734528,108.863,1.2514,-0.297527,-0.0168806,0.00132691,5466.9,3,10.81,162.868,187.833,49.8939,1,2,1.0,0.0,0.0,3,0.0,0,False,1746968991.14378,left,False
562,1746968992.293533,109.038,1.25462,-0.319209,-0.0164599,0.000765692,5478.63,3,10.83,163.474,188.438,49.8936,1,2,1.0,0.0,0.0,3,0.0,0,False,1746968991.14378,left,False
563,1746968992.3109796,109.215,1.25663,-0.333772,-0.0160155,0.000201302,5485.08,3,10.85,164.08,189.045,49.8933,1,2,1.0,0.0,0.0,3,0.0,0,False,1746968991.14378,left,False
564,1746968992.3311372,109.392,1.25819,-0.35292,-0.0155474,-0.000365234,5494.04,3,10.87,164.687,189.652,49.893,1,2,1.0,0.0,0.0,3,0.0,0,False,1746968991.14378,left,False
565,1746968992.353277,109.569,1.25972,-0.367179,-0.0150558,-0.000934077,5500.7,3,10.89,165.295,190.26,49.8927,1,2,1.0,0.0,0.0,3,0.0,0,False,1746968991.14378,left,False
566,1746968992.3714278,109.744,1.26064,-0.384465,-0.0145407,-0.00150577,5512.25,3,10.91,165.905,190.87,49.8923,1,2,1.0,0.0,0.0,3,0.0,0,False,1746968991.14378,left,False
567,1746968992.3928044,109.921,1.26139,-0.400343,-0.0140019,-0.00207901,5520.73,3,10.93,166.515,191.48,49.892,1,2,1.0,0.0,0.0,3,0.0,0,False,1746968991.14378,left,False
568,1746968992.411923,110.097,1.26252,-0.417193,-0.0134394,-0.0026517,5529.23,3,10.95,167.126,192.091,49.8917,1,2,1.0,0.0,0.0,3,0.0,0,False,1746968991.14378,left,False
569,1746968992.4333386,110.274,1.26323,-0.433855,-0.0128529,-0.00322654,5537.88,3,10.97,167.738,192.703,49.8914,1,2,1.0,0.0,0.0,3,0.0,0,False,1746968991.14378,left,False
570,1746968992.4540186,110.45,1.26381,-0.451465,-0.0122424,-0.00380384,5547.06,3,10.99,168.351,193.316,49.8911,1,2,1.0,0.0,0.0,3,0.0,0,False,1746968991.14378,left,False
571,1746968992.4729612,110.626,1.26455,-0.470169,-0.0116077,-0.00438265,5556.39,3,11.01,168.966,193.93,49.8908,1,2,1.0,0.0,0.0,3,0.0,0,False,1746968991.14378,left,False
572,1746968992.4914205,110.803,1.26412,-0.483391,-0.0109489,-0.00496601,5564.24,3,11.03,169.581,194.545,49.8905,1,2,1.0,0.0,0.0,3,0.0,0,False,1746968991.14378,left,False
573,1746968992.5146945,110.979,1.2649,-0.503578,-0.0102657,-0.00555037,5574.08,3,11.05,170.197,195.162,49.8902,1,2,1.0,0.0,0.0,3,0.0,0,False,1746968991.14378,left,False
574,1746968992.53098,111.154,1.26442,-0.519947,-0.0095583,-0.00613726,5585.54,3,11.07,170.814,195.779,49.8899,1,2,1.0,0.0,0.0,3,0.0,0,False,1746968991.14378,left,False
575,1746968992.5520191,111.332,1.26445,-0.539665,-0.00882606,-0.00672618,5591.35,3,11.09,171.432,196.397,49.8896,1,2,1.0,0.0,0.0,3,0.0,0,False,1746968991.14378,left,False
576,1746968992.5714617,111.506,1.26501,-0.563402,-0.00806942,-0.00731722,5603.49,3,11.11,172.051,197.016,49.8893,1,2,1.0,0.0,0.0,3,0.0,0,False,1746968991.14378,left,False
577,1746968992.5920117,111.683,1.26437,-0.577186,-0.00728785,-0.00790893,5610,3,11.13,172.671,197.636,49.889,1,2,1.0,0.0,0.0,3,0.0,0,False,1746968991.14378,left,False
578,1746968992.613294,111.861,1.2634,-0.592118,-0.0064813,-0.00850249,5616.44,3,11.15,173.292,198.257,49.8887,1,2,1.0,0.0,0.0,3,0.0,0,False,1746968991.14378,left,False
579,1746968992.6319828,112.037,1.26324,-0.61125,-0.00564969,-0.0090974,5625.77,3,11.17,173.914,198.878,49.8884,1,2,1.0,0.0,0.0,3,0.0,0,False,1746968991.14378,left,False
580,1746968992.65135,112.213,1.26315,-0.630311,-0.00479279,-0.00969192,5634.62,3,11.19,174.536,199.501,49.8881,1,2,1.0,0.0,0.0,3,0.0,0,False,1746968991.14378,left,False
581,1746968992.6735823,112.389,1.26312,-0.646477,-0.00391089,-0.0102864,5643.89,3,11.21,175.16,200.125,49.8878,1,2,1.0,0.0,0.0,3,0.0,0,False,1746968991.14378,left,False
582,1746968992.6921728,112.565,1.26331,-0.668522,-0.00300363,-0.0108813,5652.93,3,11.23,175.785,200.75,49.8875,1,2,1.0,0.0,0.0,3,0.0,0,False,1746968991.14378,left,False
583,1746968992.7139156,112.741,1.26351,-0.688464,-0.00207068,-0.0114756,5663.31,3,11.25,176.411,201.376,49.8872,1,2,1.0,0.0,0.0,3,0.0,0,False,1746968991.14378,left,False
584,1746968992.7327094,112.918,1.26304,-0.701265,-0.00111198,-0.0120689,5669.06,3,11.27,177.038,202.002,49.8869,1,2,1.0,0.0,0.0,3,0.0,0,False,1746968991.14378,left,False
585,1746968992.7542002,113.093,1.26406,-0.725473,-0.000127729,-0.0126633,5681.65,3,11.29,177.665,202.63,49.8865,1,2,1.0,0.0,0.0,3,0.0,0,False,1746968991.14378,left,False
586,1746968992.771795,113.269,1.26465,-0.737697,0.00088253,-0.013257,5689.14,3,11.31,178.294,203.259,49.8862,1,2,1.0,0.0,0.0,3,0.0,0,False,1746968991.14378,left,False
587,1746968992.791854,113.446,1.26452,-0.761142,0.0019186,-0.0138511,5696.17,3,11.33,178.924,203.888,49.8859,1,2,1.0,0.0,0.0,3,0.0,0,False,1746968991.14378,left,False
588,1746968992.8122876,113.622,1.26532,-0.779333,0.00298087,-0.0144441,5705.31,3,11.35,179.554,204.519,49.8856,1,2,1.0,0.0,0.0,3,0.0,0,False,1746968991.14378,left,False
589,1746968992.8329985,113.798,1.26576,-0.794395,0.00406895,-0.015039,5713.74,3,11.37,180.186,205.151,49.8853,1,2,1.0,0.0,0.0,3,0.0,0,False,1746968991.14378,left,False
590,1746968992.8539684,113.975,1.2661,-0.81151,0.00518335,-0.0156306,5722.6,3,11.39,180.818,205.783,49.885,1,2,1.0,0.0,0.0,3,0.0,0,False,1746968991.14378,left,False
591,1746968992.8727925,114.151,1.26583,-0.823293,0.00632388,-0.016225,5730.02,3,11.41,181.452,206.417,49.8847,1,2,1.0,0.0,0.0,3,0.0,0,False,1746968991.14378,left,False
592,1746968992.891313,114.325,1.26644,-0.844823,0.0074906,-0.0168215,5741.93,3,11.43,182.086,207.051,49.8844,1,2,1.0,0.0,0.0,3,0.0,0,False,1746968991.14378,left,False
593,1746968992.912016,114.502,1.2669,-0.866601,0.0086839,-0.0174207,5750.41,3,11.45,182.722,207.687,49.8841,1,2,1.0,0.0,0.0,3,0.0,0,False,1746968991.14378,left,False
594,1746968992.932598,114.678,1.26769,-0.886017,0.00990391,-0.0180172,5758.59,3,11.47,183.358,208.323,49.8838,1,2,1.0,0.0,0.0,3,0.0,0,False,1746968991.14378,left,False
595,1746968992.9505746,114.855,1.26823,-0.907776,0.0111508,-0.0186126,5765.07,3,11.49,183.996,208.961,49.8835,1,2,1.0,0.0,0.0,3,0.0,0,False,1746968991.14378,left,False
596,1746968992.9726455,115.031,1.26917,-0.930842,0.0124245,-0.0192077,5773.69,3,11.51,184.634,209.599,49.8832,1,2,1.0,0.0,0.0,3,0.0,0,False,1746968991.14378,left,False
597,1746968992.9925644,115.205,1.2703,-0.950332,0.0137252,-0.0198015,5783.63,3,11.53,185.273,210.238,49.8829,1,2,1.0,0.0,0.0,3,0.0,0,False,1746968991.14378,left,False
598,1746968993.0124013,115.381,1.27134,-0.970493,0.0150527,-0.0203939,5791.74,3,11.55,185.914,210.879,49.8826,1,2,1.0,0.0,0.0,3,0.0,0,False,1746968991.14378,left,False
599,1746968993.032319,115.556,1.27267,-0.992158,0.0164071,-0.0209849,5801.49,3,11.57,186.555,211.52,49.8823,1,2,1.0,0.0,0.0,3,0.0,0,False,1746968991.14378,left,False
600,1746968993.0533721,115.73,1.27366,-1.01246,0.0177887,-0.0215761,5808.29,3,11.59,187.197,212.162,49.882,1,2,1.0,0.0,0.0,3,0.0,0,False,1746968991.14378,left,False
601,1746968993.0716658,115.903,1.27476,-1.03089,0.0191975,-0.0221669,5818.52,3,11.61,187.84,212.805,49.8817,1,2,1.0,0.0,0.0,3,0.0,0,False,1746968991.14378,left,False
602,1746968993.0921855,116.078,1.27551,-1.05024,0.0206333,-0.0227583,5824.53,3,11.63,188.484,213.449,49.8814,1,2,1.0,0.0,0.0,3,0.0,0,False,1746968991.14378,left,False
603,1746968993.1132102,116.252,1.27628,-1.06922,0.0220963,-0.0233495,5831.79,3,11.65,189.13,214.094,49.8811,1,2,1.0,0.0,0.0,3,0.0,0,False,1746968991.14378,left,False
604,1746968993.1311793,116.425,1.27727,-1.09102,0.0235867,-0.0239404,5840.44,3,11.67,189.776,214.741,49.8807,1,2,1.0,0.0,0.0,3,0.0,0,False,1746968991.14378,left,False
605,1746968993.153334,116.599,1.27815,-1.10861,0.0251043,-0.0245308,5847.33,3,11.69,190.423,215.388,49.8804,1,2,1.0,0.0,0.0,3,0.0,0,False,1746968991.14378,left,False
606,1746968993.1720226,116.771,1.27961,-1.1345,0.0266494,-0.0251195,5857.35,3,11.71,191.07,216.035,49.8801,1,2,1.0,0.0,0.0,3,0.0,0,False,1746968991.14378,left,False
607,1746968993.1921167,116.942,1.28021,-1.14915,0.0282219,-0.0257094,5867.5,3,11.73,191.719,216.684,49.8798,1,2,1.0,0.0,0.0,3,0.0,0,True,1746968991.14378,left,False
608,1746968993.2115417,117.117,1.2795,-1.16104,0.0298217,-0.0263034,5870.4,3,11.75,192.369,217.334,49.8795,1,2,1.0,0.0,0.0,3,0.0,0,True,1746968991.14378,left,False
609,1746968993.2313597,117.286,1.28035,-1.18141,0.0314489,-0.0268958,5882.66,3,11.77,193.02,217.985,49.8792,1,2,1.0,0.0,0.0,3,0.0,0,True,1746968991.14378,left,False
610,1746968993.2522216,117.457,1.28128,-1.20365,0.0331038,-0.0274877,5892.52,3,11.79,193.672,218.636,49.8789,1,2,1.0,0.0,0.0,3,0.0,0,True,1746968991.14378,left,False
611,1746968993.2722797,117.631,1.28156,-1.21796,0.0347864,-0.0280782,5892.62,3,11.81,194.324,219.289,49.8786,1,2,1.0,0.0,0.0,3,0.0,0,True,1746968991.14378,left,False
612,1746968993.2916908,117.801,1.28355,-1.24118,0.0364967,-0.0286604,5904.22,3,11.83,194.978,219.943,49.8783,1,2,1.0,0.0,0.0,3,0.0,0,True,1746968991.14378,left,False
613,1746968993.3128922,117.972,1.28501,-1.26245,0.038235,-0.0292404,5910.79,3,11.85,195.632,220.597,49.878,1,2,1.0,0.0,0.0,3,0.0,0,True,1746968991.14378,left,False
614,1746968993.332264,118.142,1.28742,-1.28111,0.0400011,-0.0298164,5919.82,3,11.87,196.288,221.253,49.8777,1,2,1.0,0.0,0.0,3,0.0,0,True,1746968991.14378,left,False
615,1746968993.354082,118.312,1.28965,-1.30256,0.041795,-0.0303908,5928.11,3,11.89,196.944,221.909,49.8774,1,2,1.0,0.0,0.0,3,0.0,0,True,1746968991.14378,left,False
616,1746968993.3726163,118.48,1.29248,-1.32729,0.0436168,-0.0309624,5937.52,3,11.91,197.601,222.566,49.8771,1,2,1.0,0.0,0.0,3,0.0,0,True,1746968991.14378,left,False
617,1746968993.3913493,118.651,1.29427,-1.3432,0.0454666,-0.0315334,5942.53,3,11.93,198.259,223.224,49.8768,1,2,1.0,0.0,0.0,3,0.0,0,True,1746968991.14378,left,False
618,1746968993.4134557,118.82,1.29668,-1.36293,0.0473443,-0.0321024,5951.06,3,11.95,198.919,223.883,49.8765,1,2,1.0,0.0,0.0,3,0.0,0,True,1746968991.14378,left,False
619,1746968993.4320993,118.988,1.29875,-1.38383,0.0492496,-0.0326709,5960.23,3,11.97,199.579,224.543,49.8762,1,2,1.0,0.0,0.0,3,0.0,0,True,1746968991.14378,left,False
620,1746968993.451399,119.157,1.30111,-1.40863,0.051183,-0.0332387,5967.93,3,11.99,200.24,225.204,49.8759,1,2,1.0,0.0,0.0,3,0.0,0,True,1746968991.14378,left,False
621,1746968993.4717376,119.325,1.30323,-1.42603,0.0531443,-0.0338063,5975.49,3,12.01,200.901,225.866,49.8756,1,2,1.0,0.0,0.0,3,0.0,0,True,1746968991.14378,left,False
622,1746968993.493154,119.491,1.30563,-1.45001,0.0551334,-0.0343739,5987.19,3,12.03,201.564,226.529,49.8753,1,2,1.0,0.0,0.0,3,0.0,0,True,1746968991.14378,left,False
623,1746968993.5124526,119.659,1.30731,-1.4681,0.0571505,-0.0349421,5992.56,3,12.05,202.228,227.193,49.875,1,2,1.0,0.0,0.0,3,0.0,0,True,1746968991.14378,left,False
624,1746968993.5306733,119.827,1.30902,-1.4877,0.0591955,-0.0355093,5999.56,3,12.07,202.892,227.857,49.8746,1,2,1.0,0.0,0.0,3,0.0,0,True,1746968991.14378,left,False
625,1746968993.5526,119.993,1.31035,-1.50867,0.0612684,-0.0360775,6009.56,3,12.09,203.558,228.523,49.8743,1,2,1.0,0.0,0.0,3,0.0,0,True,1746968991.14378,left,False
626,1746968993.570844,120.16,1.31196,-1.53062,0.0633693,-0.0366471,6015.94,3,12.11,204.224,229.189,49.874,1,2,1.0,0.0,0.0,3,0.0,0,True,1746968991.14378,left,False
627,1746968993.59245,120.325,1.31352,-1.55251,0.0654984,-0.0372146,6024.91,3,12.13,204.892,229.857,49.8737,1,2,1.0,0.0,0.0,3,0.0,0,True,1746968991.14378,left,False
628,1746968993.6131449,120.492,1.31473,-1.56853,0.0676556,-0.0377808,6031.7,3,12.15,205.56,230.525,49.8734,1,2,1.0,0.0,0.0,3,0.0,0,True,1746968991.14378,left,False
629,1746968993.6316788,120.657,1.31655,-1.59432,0.0698409,-0.0383477,6041.09,3,12.17,206.229,231.194,49.8731,1,2,1.0,0.0,0.0,3,0.0,0,True,1746968991.14378,left,False
630,1746968993.6527975,120.822,1.31748,-1.61146,0.0720543,-0.0389161,6046.8,3,12.19,206.899,231.864,49.8728,1,2,1.0,0.0,0.0,3,0.0,0,True,1746968991.14378,left,False
631,1746968993.6751053,120.987,1.31799,-1.62746,0.0742957,-0.0394851,6056.4,3,12.21,207.57,232.535,49.8725,1,2,1.0,0.0,0.0,3,0.0,0,True,1746968991.14378,left,False
632,1746968993.6934156,121.153,1.31903,-1.65204,0.0765654,-0.0400547,6061.58,3,12.23,208.242,233.207,49.8722,1,2,1.0,0.0,0.0,3,0.0,0,True,1746968991.14378,left,False
633,1746968993.7122102,121.316,1.32069,-1.67286,0.0788634,-0.0406214,6070.42,3,12.25,208.915,233.88,49.8719,1,2,1.0,0.0,0.0,3,0.0,0,True,1746968991.14378,left,False
634,1746968993.733789,121.48,1.32187,-1.69165,0.0811899,-0.0411878,6079.43,3,12.27,209.588,234.553,49.8716,1,2,1.0,0.0,0.0,3,0.0,0,True,1746968991.14378,left,False
635,1746968993.7513287,121.644,1.3229,-1.71172,0.0835447,-0.0417537,6087.52,3,12.29,210.263,235.228,49.8713,1,2,1.0,0.0,0.0,3,0.0,0,True,1746968991.14378,left,False
636,1746968993.771027,121.808,1.32405,-1.73233,0.0859278,-0.0423195,6095.5,3,12.31,210.938,235.903,49.871,1,2,1.0,0.0,0.0,3,0.0,0,True,1746968991.14378,left,False
637,1746968993.8288288,121.971,1.32504,-1.75262,0.0883396,-0.0428847,6102.29,3,12.33,211.615,236.579,49.8707,1,2,1.0,0.0,0.0,3,0.0,0,True,1746968991.14378,left,False
638,1746968993.8319676,122.134,1.32663,-1.77487,0.0907799,-0.0434476,6109.03,3,12.35,212.292,237.257,49.8704,1,2,1.0,0.0,0.0,3,0.0,0,True,1746968991.14378,left,False
639,1746968993.8860776,122.296,1.32807,-1.7962,0.0932486,-0.0440115,6118.32,3,12.37,212.97,237.935,49.8701,1,2,1.0,0.0,0.0,3,0.0,0,True,1746968991.14378,left,False
640,1746968993.888077,122.46,1.3293,-1.81872,0.095746,-0.0445733,6124.18,3,12.39,213.649,238.614,49.8698,1,2,1.0,0.0,0.0,3,0.0,0,True,1746968991.14378,left,False
641,1746968993.912563,122.621,1.33074,-1.83663,0.0982721,-0.0451345,6133.46,3,12.41,214.328,239.293,49.8695,1,2,1.0,0.0,0.0,3,0.0,0,True,1746968991.14378,left,False
642,1746968993.9150214,122.782,1.33228,-1.85588,0.100827,-0.0456965,6141.77,3,12.43,215.009,239.974,49.8692,1,2,1.0,0.0,0.0,3,0.0,0,True,1746968991.14378,left,False
643,1746968993.9180896,122.944,1.3337,-1.87927,0.10341,-0.0462567,6148.07,3,12.45,215.691,240.656,49.8688,1,2,1.0,0.0,0.0,3,0.0,0,True,1746968991.14378,left,False
644,1746968993.9308002,123.106,1.33483,-1.89648,0.106022,-0.0468169,6153.31,3,12.47,216.373,241.338,49.8685,1,2,1.0,0.0,0.0,3,0.0,0,True,1746968991.14378,left,False
645,1746968993.9511814,123.267,1.33595,-1.91773,0.108663,-0.0473754,6162.71,3,12.49,217.056,242.021,49.8682,1,2,1.0,0.0,0.0,3,0.0,0,True,1746968991.14378,left,False
646,1746968993.9727993,123.427,1.3377,-1.93876,0.111333,-0.0479339,6170.01,3,12.51,217.741,242.705,49.8679,1,2,1.0,0.0,0.0,3,0.0,0,True,1746968991.14378,left,False
647,1746968994.0034463,123.588,1.33886,-1.95937,0.114031,-0.0484915,6177.14,3,12.53,218.426,243.391,49.8676,1,2,1.0,0.0,0.0,3,0.0,0,True,1746968991.14378,left,False
648,1746968994.013374,123.747,1.34058,-1.98485,0.116759,-0.049049,6186.73,3,12.55,219.111,244.076,49.8673,1,2,1.0,0.0,0.0,3,0.0,0,True,1746968991.14378,left,False
649,1746968994.0350666,123.908,1.34174,-2.00178,0.119515,-0.0496054,6191.76,3,12.57,219.798,244.763,49.867,1,2,1.0,0.0,0.0,3,0.0,0,True,1746968991.14378,left,False
650,1746968994.055618,124.066,1.3434,-2.02446,0.122301,-0.0501614,6201.73,3,12.59,220.486,245.451,49.8667,1,2,1.0,0.0,0.0,3,0.0,0,True,1746968991.14378,left,False
651,1746968994.0718532,124.226,1.34464,-2.04237,0.125115,-0.0507168,6208.03,3,12.61,221.174,246.139,49.8664,1,2,1.0,0.0,0.0,3,0.0,0,True,1746968991.14378,left,False
652,1746968994.0939283,124.384,1.34623,-2.06588,0.127958,-0.0512717,6215.5,3,12.63,221.864,246.829,49.8661,1,2,1.0,0.0,0.0,3,0.0,0,True,1746968991.14378,left,False
653,1746968994.1115148,124.543,1.34752,-2.09209,0.13083,-0.0518267,6222.31,3,12.65,222.554,247.519,49.8658,1,2,1.0,0.0,0.0,3,0.0,0,True,1746968991.14378,left,False
654,1746968994.13135,124.701,1.34907,-2.11001,0.133732,-0.0523806,6231.66,3,12.67,223.245,248.21,49.8655,1,2,1.0,0.0,0.0,3,0.0,0,True,1746968991.14378,left,False
655,1746968994.152371,124.859,1.34994,-2.12513,0.136662,-0.0529358,6238.43,3,12.69,223.937,248.902,49.8652,1,2,1.0,0.0,0.0,3,0.0,0,True,1746968991.14378,left,False
656,1746968994.1754012,125.016,1.35147,-2.15299,0.139622,-0.053492,6246.84,3,12.71,224.63,249.595,49.8649,1,2,1.0,0.0,0.0,3,0.0,0,True,1746968991.14378,left,False
657,1746968994.1949387,125.174,1.35252,-2.17222,0.142611,-0.0540446,6252.81,3,12.73,225.323,250.288,49.8646,1,2,1.0,0.0,0.0,3,0.0,0,True,1746968991.14378,left,False
658,1746968994.2114577,125.332,1.35395,-2.19149,0.145629,-0.054597,6259.93,3,12.75,226.018,250.983,49.8643,1,2,1.0,0.0,0.0,3,0.0,0,True,1746968991.14378,left,False
659,1746968994.233997,125.489,1.3551,-2.21427,0.148676,-0.0551495,6266.71,3,12.77,226.713,251.678,49.864,1,2,1.0,0.0,0.0,3,0.0,0,True,1746968991.14378,left,False
660,1746968994.2535849,125.645,1.35607,-2.23085,0.151753,-0.0557006,6274.46,3,12.79,227.409,252.374,49.8637,1,2,1.0,0.0,0.0,3,0.0,0,True,1746968991.14378,left,False
661,1746968994.2754116,125.802,1.35729,-2.248,0.154858,-0.0562529,6280.35,3,12.81,228.106,253.071,49.8634,1,2,1.0,0.0,0.0,3,0.0,0,True,1746968991.14378,left,False
662,1746968994.2936742,125.956,1.36004,-2.28435,0.157993,-0.0567992,6292.18,3,12.83,228.804,253.769,49.863,1,2,1.0,0.0,0.0,3,0.0,0,True,1746968991.14378,left,False
663,1746968994.3160534,126.113,1.36064,-2.29415,0.161158,-0.0573507,6296.53,3,12.85,229.503,254.468,49.8627,1,2,1.0,0.0,0.0,3,0.0,0,True,1746968991.14378,left,False
664,1746968994.3323228,126.27,1.3597,-2.30373,0.164352,-0.0579052,6302.19,3,12.87,230.202,255.167,49.8624,1,2,1.0,0.0,0.0,3,0.0,0,True,1746968991.14378,left,False
665,1746968994.3511937,126.424,1.36023,-2.31997,0.167575,-0.0584573,6312.4,3,12.89,230.903,255.867,49.8621,1,2,1.0,0.0,0.0,3,0.0,0,True,1746968991.14378,left,False
666,1746968994.3752785,126.579,1.36131,-2.34418,0.170827,-0.0590098,6320.5,3,12.91,231.604,256.569,49.8618,1,2,1.0,0.0,0.0,3,0.0,0,True,1746968991.14378,left,False
667,1746968994.3916233,126.735,1.36246,-2.36668,0.174109,-0.0595621,6326.26,3,12.93,232.306,257.271,49.8615,1,2,1.0,0.0,0.0,3,0.0,0,True,1746968991.14378,left,False
668,1746968994.413708,126.888,1.36578,-2.40298,0.17742,-0.0601114,6337.39,3,12.95,233.009,257.974,49.8612,1,2,1.0,0.0,0.0,3,0.0,0,True,1746968991.14378,left,False
669,1746968994.4317322,127.044,1.36737,-2.42539,0.180762,-0.060659,6342.25,3,12.97,233.712,258.677,49.8609,1,2,1.0,0.0,0.0,3,0.0,0,True,1746968991.14378,left,False
670,1746968994.4512272,127.199,1.36888,-2.44442,0.184134,-0.0612067,6348.07,3,12.99,234.417,259.382,49.8606,1,2,1.0,0.0,0.0,3,0.0,0,True,1746968991.14378,left,False
671,1746968994.470882,127.353,1.37077,-2.47147,0.187536,-0.061753,6355.64,3,13.01,235.122,260.087,49.8603,1,2,1.0,0.0,0.0,3,0.0,0,True,1746968991.14378,left,False
672,1746968994.4945624,127.507,1.37303,-2.48918,0.190968,-0.0622951,6363.64,3,13.03,235.828,260.793,49.86,1,2,1.0,0.0,0.0,3,0.0,0,True,1746968991.14378,left,False
673,1746968994.5125313,127.661,1.37496,-2.51971,0.194429,-0.0628379,6370.46,3,13.05,236.535,261.5,49.8597,1,2,1.0,0.0,0.0,3,0.0,0,True,1746968991.14378,left,False
674,1746968994.5319324,127.815,1.37663,-2.53911,0.19792,-0.0633787,6377.65,3,13.07,237.243,262.208,49.8594,1,2,1.0,0.0,0.0,3,0.0,0,True,1746968991.14378,left,False
675,1746968994.5519629,127.968,1.37775,-2.56386,0.201441,-0.0639228,6386.42,3,13.09,237.952,262.917,49.8591,1,2,1.0,0.0,0.0,3,0.0,0,True,1746968991.14378,left,False
676,1746968994.5718448,128.122,1.3791,-2.5905,0.204991,-0.0644649,6393.99,3,13.11,238.661,263.626,49.8588,1,2,1.0,0.0,0.0,3,0.0,0,True,1746968991.14378,left,False
677,1746968994.5934906,128.276,1.37984,-2.60796,0.208572,-0.0650083,6398.9,3,13.13,239.371,264.336,49.8585,1,2,1.0,0.0,0.0,3,0.0,0,True,1746968991.14378,left,False
678,1746968994.6133518,128.428,1.38098,-2.63057,0.212182,-0.0655513,6408.36,3,13.15,240.083,265.047,49.8582,1,2,1.0,0.0,0.0,3,0.0,0,True,1746968991.14378,left,False
679,1746968994.6314611,128.581,1.38197,-2.64868,0.215822,-0.0660946,6415,3,13.17,240.794,265.759,49.8579,1,2,1.0,0.0,0.0,3,0.0,0,True,1746968991.14378,left,False
680,1746968994.6519392,128.734,1.38253,-2.66645,0.219492,-0.0666378,6421.12,3,13.19,241.507,266.472,49.8576,1,2,1.0,0.0,0.0,3,0.0,0,True,1746968991.14378,left,False
681,1746968994.6798224,128.887,1.38331,-2.69305,0.223191,-0.0671809,6428.82,3,13.21,242.221,267.186,49.8573,1,2,1.0,0.0,0.0,3,0.0,0,True,1746968991.14378,left,False
682,1746968994.7803357,129.04,1.38397,-2.71237,0.226921,-0.067724,6435.15,3,13.23,242.935,267.9,49.8569,1,2,1.0,0.0,0.0,3,0.0,0,True,1746968991.14378,left,False
683,1746968994.782865,129.192,1.38476,-2.73428,0.23068,-0.0682671,6443.28,3,13.25,243.65,268.615,49.8566,1,2,1.0,0.0,0.0,3,0.0,0,True,1746968991.14378,left,False
684,1746968994.7856827,129.344,1.38549,-2.75502,0.23447,-0.0688104,6451.12,3,13.27,244.366,269.331,49.8563,1,2,1.0,0.0,0.0,3,0.0,0,True,1746968991.14378,left,False
685,1746968994.7881792,129.496,1.38643,-2.7779,0.23829,-0.0693549,6458.85,3,13.29,245.083,270.048,49.856,1,2,1.0,0.0,0.0,3,0.0,0,True,1746968991.14378,left,False
686,1746968994.7940989,129.648,1.38687,-2.79842,0.24214,-0.0698979,6466.07,3,13.31,245.801,270.766,49.8557,1,2,1.0,0.0,0.0,3,0.0,0,True,1746968991.14378,left,False
687,1746968994.7967074,129.798,1.38767,-2.81853,0.24602,-0.0704405,6475.09,3,13.33,246.519,271.484,49.8554,1,2,1.0,0.0,0.0,3,0.0,0,True,1746968991.14378,left,False
688,1746968994.81301,129.95,1.38875,-2.83963,0.24993,-0.0709826,6481.71,3,13.35,247.238,272.203,49.8551,1,2,1.0,0.0,0.0,3,0.0,0,True,1746968991.14378,left,False
689,1746968994.8308659,130.101,1.38943,-2.85843,0.25387,-0.0715244,6488.63,3,13.37,247.958,272.923,49.8548,1,2,1.0,0.0,0.0,3,0.0,0,True,1746968991.14378,left,False
690,1746968994.851723,130.252,1.39028,-2.88214,0.257841,-0.0720667,6496.04,3,13.39,248.679,273.644,49.8545,1,2,1.0,0.0,0.0,3,0.0,0,True,1746968991.14378,left,False
691,1746968994.8767045,130.404,1.39075,-2.90478,0.261842,-0.0726087,6501.93,3,13.41,249.401,274.366,49.8542,1,2,1.0,0.0,0.0,3,0.0,0,True,1746968991.14378,left,False
692,1746968994.8925655,130.555,1.39148,-2.92245,0.265874,-0.073149,6507.2,3,13.43,250.123,275.088,49.8539,1,2,1.0,0.0,0.0,3,0.0,0,True,1746968991.14378,left,False
693,1746968994.9118717,130.705,1.39273,-2.94712,0.269936,-0.0736899,6516.1,3,13.45,250.846,275.811,49.8536,1,2,1.0,0.0,0.0,3,0.0,0,True,1746968991.14378,left,False
694,1746968994.9316132,130.856,1.39346,-2.96707,0.274029,-0.0742275,6523.18,3,13.47,251.57,276.535,49.8533,1,2,1.0,0.0,0.0,3,0.0,0,True,1746968991.14378,left,False
695,1746968994.9554145,131.006,1.39462,-2.98879,0.278152,-0.0747646,6529.46,3,13.49,252.295,277.26,49.853,1,2,1.0,0.0,0.0,3,0.0,0,True,1746968991.14378,left,False
696,1746968994.975907,131.155,1.39618,-3.011,0.282305,-0.0752993,6538.9,3,13.51,253.021,277.986,49.8527,1,2,1.0,0.0,0.0,3,0.0,0,True,1746968991.14378,left,False
697,1746968994.9946082,131.305,1.39728,-3.03334,0.286489,-0.0758337,6546.12,3,13.53,253.747,278.712,49.8524,1,2,1.0,0.0,0.0,3,0.0,0,True,1746968991.14378,left,False
698,1746968995.0117435,131.455,1.39868,-3.05204,0.290704,-0.0763674,6552.12,3,13.55,254.475,279.44,49.8521,1,2,1.0,0.0,0.0,3,0.0,0,True,1746968991.14378,left,False
699,1746968995.0363958,131.605,1.40006,-3.07557,0.294949,-0.0769016,6559.1,3,13.57,255.203,280.167,49.8518,1,2,1.0,0.0,0.0,3,0.0,0,True,1746968991.14378,left,False
700,1746968995.0547986,131.755,1.40149,-3.1,0.299225,-0.0774362,6564.86,3,13.59,255.931,280.896,49.8515,1,2,1.0,0.0,0.0,3,0.0,0,True,1746968991.14378,left,False
701,1746968995.0776048,131.903,1.4028,-3.12151,0.303532,-0.0779686,6573.6,3,13.61,256.661,281.626,49.8511,1,2,1.0,0.0,0.0,3,0.0,0,True,1746968991.14378,left,False
702,1746968995.0939062,132.052,1.40444,-3.14712,0.307869,-0.0785015,6580.49,3,13.63,257.391,282.356,49.8508,1,2,1.0,0.0,0.0,3,0.0,0,True,1746968991.14378,left,False
703,1746968995.1135962,132.202,1.40503,-3.16278,0.312238,-0.0790342,6586.02,3,13.65,258.123,283.088,49.8505,1,2,1.0,0.0,0.0,3,0.0,0,True,1746968991.14378,left,False
704,1746968995.133834,132.35,1.40697,-3.194,0.316637,-0.079565,6594.45,3,13.67,258.855,283.82,49.8502,1,2,1.0,0.0,0.0,3,0.0,0,True,1746968991.14378,left,False
705,1746968995.1524773,132.498,1.40857,-3.21529,0.321066,-0.0800947,6601.79,3,13.69,259.587,284.552,49.8499,1,2,1.0,0.0,0.0,3,0.0,0,True,1746968991.14378,left,False
706,1746968995.171271,132.646,1.4098,-3.23508,0.325527,-0.0806255,6608.85,3,13.71,260.321,285.286,49.8496,1,2,1.0,0.0,0.0,3,0.0,0,True,1746968991.14378,left,False
707,1746968995.1959848,132.795,1.41091,-3.25853,0.330019,-0.0811557,6615.33,3,13.73,261.055,286.02,49.8493,1,2,1.0,0.0,0.0,3,0.0,0,True,1746968991.14378,left,False
708,1746968995.2139003,132.943,1.41217,-3.28224,0.334541,-0.081686,6621.91,3,13.75,261.79,286.755,49.849,1,2,1.0,0.0,0.0,3,0.0,0,True,1746968991.14378,left,False
709,1746968995.2315183,133.091,1.41289,-3.30224,0.339094,-0.0822152,6628.67,3,13.77,262.526,287.491,49.8487,1,2,1.0,0.0,0.0,3,0.0,0,True,1746968991.14378,left,False
710,1746968995.2536502,133.237,1.41466,-3.32923,0.343678,-0.0827459,6638.94,3,13.79,263.263,288.228,49.8484,1,2,1.0,0.0,0.0,3,0.0,0,True,1746968991.14378,left,False
711,1746968995.2727447,133.386,1.41539,-3.34453,0.348293,-0.0832744,6643.6,3,13.81,264,288.965,49.8481,1,2,1.0,0.0,0.0,3,0.0,0,True,1746968991.14378,left,False
712,1746968995.2912939,133.534,1.41618,-3.36824,0.352939,-0.0838027,6648.89,3,13.83,264.739,289.704,49.8478,1,2,1.0,0.0,0.0,3,0.0,0,True,1746968991.14378,left,False
713,1746968995.3144176,133.681,1.4174,-3.392,0.357616,-0.0843315,6656.42,3,13.85,265.478,290.443,49.8475,1,2,1.0,0.0,0.0,3,0.0,0,True,1746968991.14378,left,False
714,1746968995.3327277,133.827,1.41883,-3.4164,0.362324,-0.0848598,6665.74,3,13.87,266.217,291.182,49.8472,1,2,1.0,0.0,0.0,3,0.0,0,True,1746968991.14378,left,False
715,1746968995.3520901,133.973,1.42016,-3.43931,0.367063,-0.0853876,6673.68,3,13.89,266.958,291.923,49.8469,1,2,1.0,0.0,0.0,3,0.0,0,True,1746968991.14378,left,False
716,1746968995.3720713,134.12,1.42093,-3.45765,0.371834,-0.0859157,6678.96,3,13.91,267.699,292.664,49.8466,1,2,1.0,0.0,0.0,3,0.0,0,True,1746968991.14378,left,False
717,1746968995.3918524,134.267,1.42186,-3.48105,0.376635,-0.0864424,6685.63,3,13.93,268.441,293.406,49.8463,1,2,1.0,0.0,0.0,3,0.0,0,True,1746968991.14378,left,False
718,1746968995.4135623,134.414,1.42351,-3.50847,0.381467,-0.0869685,6692.78,3,13.95,269.184,294.149,49.846,1,2,1.0,0.0,0.0,3,0.0,0,True,1746968991.14378,left,False
719,1746968995.433017,134.56,1.42423,-3.52941,0.386331,-0.0874937,6699.29,3,13.97,269.928,294.893,49.8457,1,2,1.0,0.0,0.0,3,0.0,0,True,1746968991.14378,left,False
720,1746968995.4545267,134.706,1.42519,-3.54919,0.391226,-0.0880196,6705.68,3,13.99,270.672,295.637,49.8453,1,2,1.0,0.0,0.0,3,0.0,0,True,1746968991.14378,left,False
721,1746968995.4746883,134.851,1.42668,-3.57184,0.396152,-0.0885438,6713.93,3,14.01,271.418,296.382,49.845,1,2,1.0,0.0,0.0,3,0.0,0,True,1746968991.14378,left,False
722,1746968995.4944816,134.997,1.42825,-3.59734,0.40111,-0.0890677,6721.87,3,14.03,272.164,297.128,49.8447,1,2,1.0,0.0,0.0,3,0.0,0,True,1746968991.14378,left,False
723,1746968995.5142274,135.141,1.42983,-3.62455,0.406099,-0.0895919,6729.48,3,14.05,272.91,297.875,49.8444,1,2,1.0,0.0,0.0,3,0.0,0,True,1746968991.14378,left,False
724,1746968995.5312128,135.287,1.42995,-3.6398,0.411119,-0.0901157,6734.94,3,14.07,273.658,298.623,49.8441,1,2,1.0,0.0,0.0,3,0.0,0,True,1746968991.14378,left,False
725,1746968995.5510273,135.433,1.43177,-3.67159,0.41617,-0.0906398,6742.2,3,14.09,274.406,299.371,49.8438,1,2,1.0,0.0,0.0,3,0.0,0,True,1746968991.14378,left,False
726,1746968995.5719907,135.58,1.4322,-3.68478,0.421253,-0.0911609,6744.04,3,14.11,275.155,300.12,49.8435,1,2,1.0,0.0,0.0,3,0.0,0,True,1746968991.14378,left,False
727,1746968995.5948513,135.723,1.43319,-3.70715,0.426368,-0.0916827,6753.63,3,14.13,275.905,300.87,49.8432,1,2,1.0,0.0,0.0,3,0.0,0,True,1746968991.14378,left,False
728,1746968995.6172068,135.867,1.43449,-3.73181,0.431513,-0.0922054,6763.48,3,14.15,276.656,301.62,49.8429,1,2,1.0,0.0,0.0,3,0.0,0,True,1746968991.14378,left,False
729,1746968995.6314964,136.011,1.43494,-3.75492,0.43669,-0.0927296,6770.04,3,14.17,277.407,302.372,49.8426,1,2,1.0,0.0,0.0,3,0.0,0,True,1746968991.14378,left,False
730,1746968995.6518157,136.157,1.4352,-3.77113,0.441898,-0.0932565,6773.35,3,14.19,278.159,303.124,49.8423,1,2,1.0,0.0,0.0,4,0.0,0,False,1746968995.6349814,left,False
731,1746968995.6746309,136.3,1.43665,-3.80228,0.447138,-0.0937802,6783.55,3,14.21,278.912,303.877,49.842,1,2,1.0,0.0,0.0,4,0.0,0,False,1746968995.6349814,left,False
732,1746968995.6950045,136.444,1.43727,-3.82299,0.45241,-0.0943051,6789.51,3,14.23,279.665,304.63,49.8417,1,2,1.0,0.0,0.0,4,0.0,0,False,1746968995.6349814,left,False
733,1746968995.7165265,136.588,1.43802,-3.84977,0.457714,-0.0948289,6796.88,3,14.25,280.419,305.384,49.8414,1,2,1.0,0.0,0.0,4,0.0,0,False,1746968995.6349814,left,False
734,1746968995.7316566,136.673,1.43794,-3.86908,0.463048,-0.0953521,5263.93,4,14.27,281.174,306.139,49.8414,1,2,1.0,0.0,0.0,4,0.0,0,False,1746968995.6349814,left,False
735,1746968995.7549498,136.678,1.43764,-3.89231,0.468409,-0.0958668,5264.28,4,14.29,281.929,306.894,49.8414,1,2,1.0,0.0,0.0,4,0.0,0,False,1746968995.6349814,left,False
736,1746968995.7711673,136.669,1.43992,-3.91432,0.473796,-0.0963595,5264.62,4,14.31,282.684,307.649,49.8414,1,2,1.0,0.0,0.0,4,0.0,0,False,1746968995.6349814,left,False
737,1746968995.793888,136.659,1.44548,-3.93445,0.479207,-0.0968243,5264.96,4,14.33,283.439,308.404,49.8414,1,2,1.0,0.0,0.0,4,0.0,0,False,1746968995.6349814,left,False
738,1746968995.8112001,136.648,1.45433,-3.95041,0.484645,-0.0972559,5265.3,4,14.35,284.194,309.159,49.8414,1,2,1.0,0.0,0.0,4,0.0,0,False,1746968995.6349814,left,False
739,1746968995.8311915,136.638,1.46692,-3.9696,0.490107,-0.0976516,5265.64,4,14.37,284.949,309.914,49.8414,1,2,1.0,0.0,0.0,4,0.0,0,False,1746968995.6349814,left,False
740,1746968995.852416,136.627,1.48337,-3.9815,0.495593,-0.0980095,5265.98,4,14.39,285.704,310.669,49.8414,1,2,1.0,0.0,0.0,4,0.0,0,False,1746968995.6349814,left,False
741,1746968995.8709688,136.617,1.50385,-3.99967,0.501102,-0.0983298,5266.31,4,14.41,286.458,311.423,49.8414,1,2,1.0,0.0,0.0,4,0.0,0,False,1746968995.6349814,left,False
742,1746968995.891534,136.607,1.52672,-4.0176,0.506635,-0.0986135,5266.65,4,14.43,287.213,312.177,49.8414,1,2,1.0,0.0,0.0,4,0.0,0,False,1746968995.6349814,left,False
743,1746968995.911695,136.596,1.55235,-4.02987,0.512189,-0.0988622,5266.98,4,14.45,287.967,312.932,49.8414,1,2,1.0,0.0,0.0,4,0.0,0,False,1746968995.6349814,left,False
744,1746968995.9330835,136.586,1.58028,-4.04101,0.517765,-0.0990789,5267.32,4,14.47,288.721,313.686,49.8414,1,2,1.0,0.0,0.0,4,0.0,0,False,1746968995.6349814,left,False
745,1746968995.9522598,136.575,1.60976,-4.05063,0.523362,-0.0992676,5267.65,4,14.49,289.476,314.441,49.8414,1,2,1.0,0.0,0.0,4,0.0,0,False,1746968995.6349814,left,False
746,1746968995.9711778,136.565,1.64006,-4.06591,0.528978,-0.0994321,5267.99,4,14.51,290.23,315.195,49.8414,1,2,1.0,0.0,0.0,4,0.0,0,False,1746968995.6349814,left,False
747,1746968995.992431,136.555,1.67064,-4.08067,0.534612,-0.0995759,5268.32,4,14.53,290.984,315.948,49.8414,1,2,1.0,0.0,0.0,4,0.0,0,False,1746968995.6349814,left,False
748,1746968996.013222,136.544,1.70081,-4.09192,0.540265,-0.0997023,5268.65,4,14.55,291.737,316.702,49.8414,1,2,1.0,0.0,0.0,4,0.0,0,False,1746968995.6349814,left,False
749,1746968996.0325446,136.608,1.73097,-4.10197,0.545935,-0.0998154,5237.87,4,14.57,292.491,317.456,49.8411,1,2,1.0,0.0,0.0,4,0.0,0,False,1746968995.6349814,left,False
750,1746968996.0514724,136.738,1.76076,-4.11852,0.551626,-0.0999288,5260.51,4,14.59,293.246,318.211,49.8408,1,2,1.0,0.0,0.0,4,0.0,0,False,1746968995.6349814,left,False
751,1746968996.0722792,136.877,1.78633,-4.13215,0.557338,-0.100059,5270.82,4,14.61,294.001,318.966,49.8404,1,2,1.0,0.0,0.0,4,0.0,0,False,1746968995.6349814,left,False
752,1746968996.0938423,137.017,1.80647,-4.14493,0.563071,-0.100219,5278.8,4,14.63,294.757,319.722,49.8401,1,2,1.0,0.0,0.0,4,0.0,0,False,1746968995.6349814,left,False
753,1746968996.1122851,137.157,1.82067,-4.1643,0.568825,-0.100417,5286.81,4,14.65,295.514,320.479,49.8398,1,2,1.0,0.0,0.0,4,0.0,0,False,1746968995.6349814,left,False
754,1746968996.1317701,137.298,1.82851,-4.18054,0.574598,-0.100657,5293.99,4,14.67,296.272,321.236,49.8395,1,2,1.0,0.0,0.0,4,0.0,0,False,1746968995.6349814,left,False
755,1746968996.1519296,137.438,1.83025,-4.19962,0.580391,-0.100944,5301.47,4,14.69,297.03,321.995,49.8392,1,2,1.0,0.0,0.0,4,0.0,0,False,1746968995.6349814,left,False
756,1746968996.1724153,137.579,1.82538,-4.21849,0.586205,-0.101281,5307.94,4,14.71,297.789,322.754,49.8389,1,2,1.0,0.0,0.0,4,0.0,0,False,1746968995.6349814,left,False
757,1746968996.1908717,137.719,1.81451,-4.24091,0.592039,-0.101667,5315.7,4,14.73,298.549,323.514,49.8386,1,2,1.0,0.0,0.0,4,0.0,0,False,1746968995.6349814,left,False
758,1746968996.2139907,137.862,1.79759,-4.2545,0.597894,-0.102103,5320.11,4,14.75,299.309,324.274,49.8383,1,2,1.0,0.0,0.0,4,0.0,0,False,1746968995.6349814,left,False
759,1746968996.2324154,138.005,1.77575,-4.26651,0.60377,-0.102339,5323.43,4,14.77,300.073,325.038,49.838,1,2,1.0,0.0,0.0,4,0.0,0,False,1746968995.6349814,left,False
760,1746968996.2541502,138.149,1.74954,-4.26367,0.609589,-0.100225,5325.12,4,14.79,300.859,325.824,49.8377,1,2,1.0,0.0,0.0,4,0.0,0,False,1746968995.6349814,left,False
761,1746968996.2723389,138.293,1.72223,-4.24938,0.615295,-0.0981158,5327.25,4,14.81,301.646,326.611,49.8374,1,2,1.0,0.0,0.0,4,0.0,0,False,1746968995.6349814,left,False
762,1746968996.2913756,138.436,1.69348,-4.21252,0.620888,-0.0960073,5328.46,4,14.83,302.435,327.4,49.8371,1,2,1.0,0.0,0.0,4,0.0,0,False,1746968995.6349814,left,False
763,1746968996.3128867,138.578,1.66574,-4.16253,0.626371,-0.0938923,5331.65,4,14.85,303.225,328.19,49.8368,1,2,1.0,0.0,0.0,4,0.0,0,False,1746968995.6349814,left,False
764,1746968996.331185,138.721,1.6378,-4.0911,0.631738,-0.0917692,5331.85,4,14.87,304.016,328.981,49.8365,1,2,1.0,0.0,0.0,4,0.0,0,False,1746968995.6349814,left,False
765,1746968996.3542252,138.861,1.61216,-4.01419,0.636991,-0.089634,5336.46,4,14.89,304.808,329.773,49.8362,1,2,1.0,0.0,0.0,4,0.0,0,False,1746968995.6349814,left,False
766,1746968996.372515,139.001,1.58817,-3.92223,0.642133,-0.0874851,5340.19,4,14.91,305.601,330.566,49.8359,1,2,1.0,0.0,0.0,4,0.0,0,False,1746968995.6349814,left,False
767,1746968996.393465,139.14,1.56731,-3.82722,0.647156,-0.0853219,5345.07,4,14.93,306.396,331.361,49.8356,1,2,1.0,0.0,0.0,4,0.0,0,False,1746968995.6349814,left,False
768,1746968996.4131234,139.278,1.54794,-3.72013,0.652069,-0.0831478,5348.55,4,14.95,307.192,332.157,49.8353,1,2,1.0,0.0,0.0,4,0.0,0,False,1746968995.6349814,left,False
769,1746968996.433248,139.416,1.53072,-3.60756,0.656864,-0.0809612,5353,4,14.97,307.989,332.954,49.835,1,2,1.0,0.0,0.0,4,0.0,0,False,1746968995.6349814,left,False
770,1746968996.4517517,139.552,1.51714,-3.50579,0.661548,-0.0787623,5360.04,4,14.99,308.787,333.752,49.8346,1,2,1.0,0.0,0.0,4,0.0,0,False,1746968995.6349814,left,False
771,1746968996.4717076,139.689,1.50473,-3.3918,0.666117,-0.076557,5364.21,4,15.01,309.586,334.551,49.8343,1,2,1.0,0.0,0.0,4,0.0,0,False,1746968995.6349814,left,False
772,1746968996.4914854,139.825,1.49382,-3.27875,0.670569,-0.0743419,5369.57,4,15.03,310.386,335.351,49.834,1,2,1.0,0.0,0.0,4,0.0,0,False,1746968995.6349814,left,False
773,1746968996.5139217,139.961,1.48398,-3.16241,0.674908,-0.0721205,5374.02,4,15.05,311.188,336.153,49.8337,1,2,1.0,0.0,0.0,4,0.0,0,False,1746968995.6349814,left,False
774,1746968996.5327811,140.094,1.47672,-3.06239,0.679136,-0.0698941,5381.08,4,15.07,311.991,336.955,49.8334,1,2,1.0,0.0,0.0,4,0.0,0,False,1746968995.6349814,left,False
775,1746968996.554162,140.228,1.47036,-2.95452,0.683246,-0.0676641,5387.71,4,15.09,312.794,337.759,49.8331,1,2,1.0,0.0,0.0,4,0.0,0,False,1746968995.6349814,left,False
776,1746968996.5721083,140.362,1.46398,-2.85107,0.687244,-0.0654364,5392.92,4,15.11,313.599,338.564,49.8328,1,2,1.0,0.0,0.0,4,0.0,0,False,1746968995.6349814,left,False
777,1746968996.5919514,140.495,1.45875,-2.76116,0.691126,-0.0632073,5398.74,4,15.13,314.405,339.37,49.8325,1,2,1.0,0.0,0.0,4,0.0,0,False,1746968995.6349814,left,False
778,1746968996.6136239,140.628,1.45378,-2.66648,0.694891,-0.0609779,5403.27,4,15.15,315.212,340.177,49.8322,1,2,1.0,0.0,0.0,4,0.0,0,False,1746968995.6349814,left,False
779,1746968996.6329916,140.759,1.45004,-2.57905,0.698547,-0.0587444,5409.62,4,15.17,316.02,340.985,49.8319,1,2,1.0,0.0,0.0,4,0.0,0,False,1746968995.6349814,left,False
780,1746968996.650809,140.891,1.44636,-2.49199,0.702083,-0.0565112,5415,4,15.19,316.829,341.793,49.8316,1,2,1.0,0.0,0.0,4,0.0,0,False,1746968995.6349814,left,False
781,1746968996.6729712,141.022,1.44307,-2.40532,0.705507,-0.0542758,5421.21,4,15.21,317.639,342.603,49.8313,1,2,1.0,0.0,0.0,4,0.0,0,False,1746968995.6349814,left,False
782,1746968996.691934,141.153,1.43999,-2.32218,0.708818,-0.0520383,5425.66,4,15.23,318.45,343.415,49.831,1,2,1.0,0.0,0.0,4,0.0,0,False,1746968995.6349814,left,False
783,1746968996.7134879,141.284,1.43732,-2.23759,0.71201,-0.0497981,5430.02,4,15.25,319.262,344.227,49.8307,1,2,1.0,0.0,0.0,4,0.0,0,False,1746968995.6349814,left,False
784,1746968996.732004,141.414,1.43585,-2.15488,0.715086,-0.0475541,5436.06,4,15.27,320.075,345.04,49.8304,1,2,1.0,0.0,0.0,4,0.0,0,False,1746968995.6349814,left,False
785,1746968996.7508361,141.544,1.4342,-2.07578,0.718048,-0.0453049,5440.8,4,15.29,320.889,345.853,49.8301,1,2,1.0,0.0,0.0,4,0.0,0,False,1746968995.6349814,left,False
786,1746968996.7724798,141.672,1.43301,-1.99357,0.720894,-0.0430527,5445.71,4,15.31,321.703,346.668,49.8298,1,2,1.0,0.0,0.0,4,0.0,0,False,1746968995.6349814,left,False
787,1746968996.7936518,141.801,1.43206,-1.9164,0.723623,-0.0407965,5450.61,4,15.33,322.519,347.484,49.8295,1,2,1.0,0.0,0.0,4,0.0,0,False,1746968995.6349814,left,False
788,1746968996.8114235,141.929,1.43144,-1.83472,0.726235,-0.0385342,5456.1,4,15.35,323.336,348.301,49.8292,1,2,1.0,0.0,0.0,4,0.0,0,False,1746968995.6349814,left,False
789,1746968996.8327177,142.057,1.43112,-1.75378,0.728731,-0.0362673,5460.02,4,15.37,324.154,349.119,49.8288,1,2,1.0,0.0,0.0,4,0.0,0,False,1746968995.6349814,left,False
790,1746968996.8542972,142.184,1.43174,-1.67939,0.731108,-0.0339955,5465.31,4,15.39,324.973,349.938,49.8285,1,2,1.0,0.0,0.0,4,0.0,0,False,1746968995.6349814,left,False
791,1746968996.8734298,142.311,1.43203,-1.59606,0.73337,-0.0317195,5468.99,4,15.41,325.792,350.757,49.8282,1,2,1.0,0.0,0.0,4,0.0,0,False,1746968995.6349814,left,False
792,1746968996.8932562,142.438,1.43187,-1.51022,0.735508,-0.0294375,5471.97,4,15.43,326.613,351.578,49.8279,1,2,1.0,0.0,0.0,4,0.0,0,False,1746968995.6349814,left,False
793,1746968996.9118803,142.563,1.43329,-1.42822,0.737531,-0.0271445,5478.46,4,15.45,327.434,352.399,49.8276,1,2,1.0,0.0,0.0,4,0.0,0,False,1746968995.6349814,left,False
794,1746968996.9349406,142.689,1.43436,-1.3367,0.739435,-0.0248451,5482.05,4,15.47,328.257,353.221,49.8273,1,2,1.0,0.0,0.0,4,0.0,0,False,1746968995.6349814,left,False
795,1746968996.9533165,142.812,1.43679,-1.25485,0.741219,-0.0225416,5488.4,4,15.49,329.08,354.045,49.827,1,2,1.0,0.0,0.0,4,0.0,0,False,1746968995.6349814,left,False
796,1746968996.97187,142.937,1.43916,-1.17332,0.742881,-0.0202322,5492.33,4,15.51,329.904,354.869,49.8267,1,2,1.0,0.0,0.0,4,0.0,0,False,1746968995.6349814,left,False
797,1746968996.9926865,143.061,1.44128,-1.085,0.744423,-0.0179168,5497.13,4,15.53,330.729,355.693,49.8264,1,2,1.0,0.0,0.0,4,0.0,0,False,1746968995.6349814,left,False
798,1746968997.0128634,143.184,1.44378,-1.00034,0.745846,-0.0155971,5501.06,4,15.55,331.554,356.519,49.8261,1,2,1.0,0.0,0.0,4,0.0,0,False,1746968995.6349814,left,False
799,1746968997.0327687,143.306,1.44659,-0.918121,0.747146,-0.013272,5506.72,4,15.57,332.381,357.346,49.8258,1,2,1.0,0.0,0.0,4,0.0,0,False,1746968995.6349814,left,False
800,1746968997.0529222,143.428,1.44873,-0.826974,0.748324,-0.0109441,5511.53,4,15.59,333.208,358.173,49.8255,1,2,1.0,0.0,0.0,4,0.0,0,False,1746968995.6349814,left,False
801,1746968997.0747814,143.551,1.45074,-0.739136,0.749379,-0.00861293,5514.65,4,15.61,334.036,359.001,49.8252,1,2,1.0,0.0,0.0,4,0.0,0,False,1746968995.6349814,left,False
802,1746968997.0925262,143.671,1.4533,-0.65197,0.750309,-0.00627746,5520.74,4,15.63,334.865,359.83,49.8249,1,2,1.0,0.0,0.0,4,0.0,0,False,1746968995.6349814,left,False
803,1746968997.1131742,143.792,1.45472,-0.561111,0.751119,-0.00394093,5526.18,4,15.65,335.695,360.659,49.8246,1,2,1.0,0.0,0.0,4,0.0,0,False,1746968995.6349814,left,False
804,1746968997.1321547,143.912,1.45605,-0.465367,0.751805,-0.00160165,5529.48,4,15.67,336.525,361.49,49.8243,1,2,1.0,0.0,0.0,4,0.0,0,False,1746968995.6349814,left,False
805,1746968997.1531072,144.031,1.45762,-0.374342,0.752368,0.000739068,5534.75,4,15.69,337.356,362.321,49.824,1,2,1.0,0.0,0.0,4,0.0,0,False,1746968995.6349814,left,False
806,1746968997.1728017,144.152,1.45869,-0.282697,0.752806,0.00308269,5536.68,4,15.71,338.188,363.153,49.8237,1,2,1.0,0.0,0.0,4,0.0,0,False,1746968995.6349814,left,False
807,1746968997.1910465,144.269,1.46031,-0.195405,0.753117,0.00542659,5544.16,4,15.73,339.021,363.985,49.8234,1,2,1.0,0.0,0.0,4,0.0,0,False,1746968995.6349814,left,False
808,1746968997.214874,144.387,1.46105,-0.105728,0.753304,0.00777012,5548.49,4,15.75,339.854,364.819,49.8231,1,2,1.0,0.0,0.0,4,0.0,0,False,1746968995.6349814,right,False
809,1746968997.231048,144.504,1.4617,-0.016191,0.753365,0.0101141,5553.48,4,15.77,340.688,365.653,49.8227,1,2,1.0,0.0,0.0,4,0.0,0,False,1746968995.6349814,right,False
810,1746968997.2520595,144.622,1.46228,0.0749016,0.753302,0.0124618,5556.34,4,15.79,341.522,366.487,49.8224,1,2,1.0,0.0,0.0,4,0.0,0,False,1746968995.6349814,right,False
811,1746968997.2735662,144.739,1.46281,0.170353,0.753111,0.014814,5559.87,4,15.81,342.358,367.323,49.8221,1,2,1.0,0.0,0.0,4,0.0,0,False,1746968995.6349814,right,False
812,1746968997.2911892,144.856,1.46368,0.255026,0.752793,0.0171695,5563.92,4,15.83,343.194,368.159,49.8218,1,2,1.0,0.0,0.0,4,0.0,0,False,1746968995.6349814,right,False
813,1746968997.3138955,144.971,1.46438,0.352838,0.752348,0.019528,5568.88,4,15.85,344.03,368.995,49.8215,1,2,1.0,0.0,0.0,4,0.0,0,False,1746968995.6349814,right,False
814,1746968997.331368,145.085,1.46515,0.443468,0.751778,0.0218849,5575.43,4,15.87,344.867,369.832,49.8212,1,2,1.0,0.0,0.0,4,0.0,0,False,1746968995.6349814,right,False
815,1746968997.3522122,145.201,1.46468,0.539539,0.751082,0.024242,5577.28,4,15.89,345.705,370.67,49.8209,1,2,1.0,0.0,0.0,4,0.0,0,False,1746968995.6349814,right,False
816,1746968997.3714874,145.314,1.46432,0.639097,0.750254,0.0265993,5582.67,4,15.91,346.544,371.509,49.8206,1,2,1.0,0.0,0.0,4,0.0,0,False,1746968995.6349814,right,False
817,1746968997.3913083,145.429,1.46372,0.733659,0.7493,0.028956,5585.96,4,15.93,347.383,372.348,49.8203,1,2,1.0,0.0,0.0,4,0.0,0,False,1746968995.6349814,right,False
818,1746968997.4125082,145.541,1.46366,0.817663,0.748216,0.0313127,5591.78,4,15.95,348.222,373.187,49.82,1,2,1.0,0.0,0.0,4,0.0,0,False,1746968995.6349814,right,False
819,1746968997.432325,145.653,1.46315,0.909745,0.747005,0.0336712,5597.21,4,15.97,349.063,374.027,49.8197,1,2,1.0,0.0,0.0,4,0.0,0,False,1746968995.6349814,right,False
820,1746968997.453689,145.766,1.46202,1.01017,0.745664,0.0360307,5600.13,4,15.99,349.903,374.868,49.8194,1,2,1.0,0.0,0.0,4,0.0,0,False,1746968995.6349814,right,False
821,1746968997.474387,145.889,1.46132,1.10926,0.744041,0.0386274,5604.89,4,16.012,350.829,375.794,49.8191,1,2,1.0,0.0,0.0,4,0.0,0,False,1746968995.6349814,right,False
822,1746968997.4996848,146.011,1.46051,1.21519,0.742261,0.0412248,5609.01,4,16.034,351.755,376.72,49.8187,1,2,1.0,0.0,0.0,4,0.0,0,False,1746968995.6349814,right,False
823,1746968997.5179517,146.132,1.45974,1.31519,0.740324,0.0438233,5615.15,4,16.056,352.681,377.646,49.8184,1,2,1.0,0.0,0.1,4,0.0,0,False,1746968995.6349814,right,False
824,1746968997.5410829,146.254,1.45828,1.42137,0.738228,0.0464238,5618.36,4,16.078,353.608,378.573,49.818,1,2,1.0,0.0,0.1,4,0.0,0,False,1746968995.6349814,right,False
825,1746968997.5641074,146.374,1.45752,1.52852,0.735978,0.0490249,5623.52,4,16.1,354.536,379.501,49.8177,1,2,1.0,0.0,0.1,4,0.0,0,False,1746968995.6349814,right,False
826,1746968997.584395,146.493,1.45699,1.6275,0.733569,0.0516274,5628.87,4,16.122,355.465,380.429,49.8174,1,2,1.0,0.0,0.1,4,0.0,0,False,1746968995.6349814,right,False
827,1746968997.6072774,146.596,1.64227,1.72519,0.731057,0.0533041,5639.52,4,16.144,356.393,381.358,49.817,1,2,1.0,0.0,0.1,4,0.0,0,False,1746968995.6349814,right,False
828,1746968997.6279714,146.699,1.56044,1.80864,0.728534,0.0525879,5649.1,4,16.166,357.323,382.288,49.8167,1,2,1.0,0.0,0.1,4,0.0,0,False,1746968995.6349814,right,False
829,1746968997.6489437,146.804,1.18488,1.86613,0.726007,0.0498082,5660.22,4,16.188,358.253,383.218,49.8164,1,2,1.0,0.0,0.1,4,0.0,0,False,1746968995.6349814,right,False
830,1746968997.6726243,146.908,0.590899,1.89856,0.72349,0.0453486,5673.45,4,16.21,359.183,384.148,49.816,1,2,1.0,0.0,0.1,4,0.0,0,True,1746968995.6349814,right,False
831,1746968997.696425,147.009,-0.152909,1.9125,0.721002,0.0395616,5686.38,4,16.232,360.114,385.079,49.8157,1,2,1.0,0.0,0.1,4,0.0,0,True,1746968995.6349814,right,False
832,1746968997.714938,147.1,-0.998503,1.89571,0.718557,0.0327903,5704.01,4,16.254,361.045,386.01,49.8154,1,2,1.0,0.0,0.1,4,0.0,0,True,1746968995.6349814,right,False
833,1746968997.7390141,147.181,-1.89581,1.86089,0.71618,0.0253292,5723.18,4,16.276,361.977,386.942,49.815,1,2,1.0,0.0,0.1,4,0.0,0,True,1746968995.6349814,right,False
834,1746968997.7617898,147.249,-2.81682,1.80512,0.713888,0.0174267,5747.7,4,16.298,362.91,387.875,49.8147,1,2,1.0,0.0,0.1,4,0.0,0,True,1746968995.6349814,right,False
835,1746968997.782103,147.305,-3.73277,1.72358,0.711704,0.00928333,5775.01,4,16.32,363.843,388.807,49.8144,1,2,1.0,0.0,0.1,4,0.0,0,True,1746968995.6349814,right,False
836,1746968997.8039227,147.35,-4.62791,1.62982,0.709644,0.00103679,5804.63,4,16.342,364.776,389.741,49.814,1,2,1.0,0.0,0.1,4,0.0,0,True,1746968995.6349814,right,False
837,1746968997.825902,147.385,-5.49188,1.51791,0.707721,-0.00720488,5832.72,4,16.364,365.71,390.675,49.8137,1,2,1.0,0.0,0.1,4,0.0,0,True,1746968995.6349814,right,False
838,1746968997.8485794,147.412,-6.3199,1.39321,0.705945,-0.0153944,5858.53,4,16.386,366.644,391.609,49.8133,1,2,1.0,0.0,0.1,4,0.0,0,True,1746968995.6349814,right,False
839,1746968997.8700376,147.432,-7.11377,1.25571,0.704329,-0.0235063,5885.28,4,16.408,367.578,392.543,49.813,1,2,1.0,0.0,0.1,4,0.0,0,True,1746968995.6349814,right,False
840,1746968997.8934345,147.449,-7.86407,1.12053,0.702887,-0.0315287,5902.09,4,16.43,368.513,393.478,49.8127,1,2,1.0,0.0,0.2,4,0.0,0,True,1746968995.6349814,right,False
841,1746968997.9136384,147.459,-8.58434,0.974964,0.701626,-0.0394694,5917.72,4,16.452,369.448,394.413,49.8123,1,2,1.0,0.0,0.2,4,0.0,0,True,1746968995.6349814,right,False
842,1746968997.9351304,147.464,-9.2753,0.824833,0.700557,-0.0473414,5932.75,4,16.474,370.384,395.349,49.812,1,2,1.0,0.0,0.2,4,0.0,0,True,1746968995.6349814,right,False
843,1746968997.9603002,147.43,-9.89058,0.683457,0.699697,-0.0553236,5956.19,4,16.496,371.319,396.284,49.8117,1,2,1.0,0.0,0.2,4,0.0,0,True,1746968995.6349814,right,False
844,1746968997.9794526,147.371,-10.5467,0.521333,0.699068,-0.0636841,5994.11,4,16.518,372.255,397.22,49.8113,1,2,1.0,0.0,0.2,4,0.0,0,True,1746968995.6349814,right,False
845,1746968998.0033612,147.298,-11.2403,0.34945,0.698671,-0.0723215,6039.24,4,16.54,373.191,398.155,49.811,1,2,1.0,0.0,0.2,4,0.0,0,True,1746968995.6349814,right,False
846,1746968998.0255558,147.215,-11.955,0.177509,0.698515,-0.0811456,6084.73,4,16.562,374.126,399.091,49.8107,1,2,1.0,0.0,0.0,4,0.0,0,True,1746968995.6349814,left,False
847,1746968998.045437,147.121,-12.6744,0.0046713,0.698596,-0.090069,6130.32,4,16.584,375.061,400.026,49.8103,1,2,1.0,0.0,0.0,4,0.0,0,True,1746968995.6349814,left,False
848,1746968998.0686476,147.019,-13.3933,-0.17426,0.69892,-0.0990251,6177.27,4,16.606,375.996,400.961,49.81,1,2,1.0,0.0,0.0,4,0.0,0,True,1746968995.6349814,left,False
849,1746968998.0898898,146.904,-14.1059,-0.357781,0.699489,-0.107971,6229.03,4,16.628,376.931,401.896,49.8097,1,2,1.0,0.0,0.0,4,0.0,0,True,1746968995.6349814,left,False
850,1746968998.1130214,146.819,-14.8597,-0.54767,0.700291,-0.116737,6276.41,4,16.65,377.865,402.83,49.8093,1,2,1.0,0.0,0.0,4,0.0,0,True,1746968995.6349814,left,False
851,1746968998.1331756,146.787,-15.5508,-0.713945,0.701298,-0.124612,6279.6,4,16.672,378.8,403.764,49.809,1,2,1.0,0.0,0.0,4,0.0,0,True,1746968995.6349814,left,False
852,1746968998.1559303,146.79,-16.0595,-0.876556,0.702513,-0.131409,6244.98,4,16.694,379.734,404.699,49.8086,1,2,1.0,0.0,0.0,4,0.0,0,True,1746968995.6349814,left,False
853,1746968998.1779919,146.818,-16.4064,-1.03003,0.703935,-0.137218,6197.96,4,16.716,380.67,405.635,49.8083,1,2,1.0,0.0,0.0,4,0.0,0,True,1746968995.6349814,left,False
854,1746968998.1999884,146.864,-16.5958,-1.17876,0.705581,-0.142073,6146.89,4,16.738,381.605,406.57,49.808,1,2,1.0,0.0,0.0,4,0.0,0,True,1746968995.6349814,left,False
855,1746968998.2212148,146.921,-16.6552,-1.33798,0.707448,-0.146064,6107.2,4,16.76,382.541,407.506,49.8076,1,2,1.0,0.0,0.0,4,0.0,0,True,1746968995.6349814,left,False
856,1746968998.2433932,146.993,-16.5756,-1.47778,0.709544,-0.149213,6065.46,4,16.782,383.478,408.443,49.8073,1,2,1.0,0.0,0.0,4,0.0,0,True,1746968995.6349814,left,False
857,1746968998.2667367,147.078,-16.374,-1.62094,0.711871,-0.151539,6031.27,4,16.804,384.415,409.38,49.807,1,2,1.0,0.0,0.0,4,0.0,0,True,1746968995.6349814,left,False
858,1746968998.2884767,147.165,-16.0669,-1.76651,0.714429,-0.153084,6013.19,4,16.826,385.352,410.317,49.8066,1,2,1.0,0.0,0.0,4,0.0,0,True,1746968995.6349814,left,False
859,1746968998.3088367,147.265,-15.6532,-1.90975,0.717208,-0.15389,5999.28,4,16.848,386.289,411.254,49.8063,1,2,1.0,0.0,0.0,4,0.0,0,True,1746968995.6349814,left,False
860,1746968998.3310242,147.366,-15.149,-2.05654,0.720211,-0.153967,6002.89,4,16.87,387.227,412.192,49.806,1,2,1.0,0.0,0.0,4,0.0,0,True,1746968995.6349814,left,False
861,1746968998.3533926,147.486,-14.5453,-2.19468,0.723429,-0.153323,5996.21,4,16.892,388.165,413.13,49.8056,1,2,1.0,0.0,0.0,4,0.0,0,True,1746968995.6349814,left,False
862,1746968998.3777215,147.618,-13.8579,-2.33402,0.72686,-0.151984,5988.77,4,16.914,389.104,414.068,49.8053,1,2,1.0,0.0,0.0,4,0.0,0,True,1746968995.6349814,left,False
863,1746968998.3973644,147.757,-13.1019,-2.47865,0.730493,-0.149991,5986.13,4,16.936,390.042,415.007,49.805,1,2,1.0,0.0,0.0,4,0.0,0,True,1746968995.6349814,left,False
864,1746968998.419645,147.914,-12.2704,-2.61169,0.734318,-0.147393,5967.79,4,16.958,390.982,415.947,49.8046,1,2,1.0,0.0,0.0,4,0.0,0,True,1746968995.6349814,left,False
865,1746968998.4413154,148.082,-11.3843,-2.74522,0.73833,-0.144222,5945.18,4,16.98,391.922,416.887,49.8043,1,2,1.0,0.0,0.0,4,0.0,0,True,1746968995.6349814,left,False
866,1746968998.464768,148.256,-10.4519,-2.87139,0.742513,-0.140542,5920.11,4,17.002,392.862,417.827,49.8039,1,2,1.0,0.0,0.0,4,0.0,0,True,1746968995.6349814,left,False
867,1746968998.4877896,148.431,-9.48839,-2.9908,0.746855,-0.13643,5900.44,4,17.024,393.804,418.769,49.8036,1,2,1.0,0.0,0.0,4,0.0,0,True,1746968995.6349814,left,False
868,1746968998.5073931,148.615,-8.50546,-3.10365,0.751341,-0.131937,5870.13,4,17.046,394.746,419.711,49.8033,1,2,1.0,0.0,0.0,4,0.0,0,True,1746968995.6349814,left,False
869,1746968998.530186,148.795,-7.51839,-3.20164,0.755955,-0.127145,5849.39,4,17.068,395.689,420.654,49.8029,1,2,1.0,0.0,0.0,4,0.0,0,True,1746968995.6349814,left,False
870,1746968998.5523074,148.977,-6.54201,-3.29174,0.760679,-0.122118,5822.69,4,17.09,396.633,421.598,49.8026,1,2,1.0,0.0,0.0,4,0.0,0,True,1746968995.6349814,left,False
871,1746968998.574472,149.149,-5.59523,-3.37125,0.765489,-0.116934,5811.08,4,17.112,397.578,422.543,49.8023,1,2,1.0,0.0,0.0,4,0.0,0,True,1746968995.6349814,left,False
872,1746968998.5953987,149.322,-4.68491,-3.43189,0.770369,-0.111664,5797.08,4,17.134,398.524,423.489,49.8019,1,2,1.0,0.0,0.0,4,0.0,0,True,1746968995.6349814,left,False
873,1746968998.6190765,149.485,-3.82885,-3.48375,0.775293,-0.106367,5791.45,4,17.156,399.471,424.436,49.8016,1,2,1.0,0.0,0.0,4,0.0,0,True,1746968995.6349814,left,False
874,1746968998.6388361,149.647,-3.03007,-3.51084,0.780235,-0.101094,5784.81,4,17.178,400.419,425.384,49.8013,1,2,1.0,0.0,0.0,4,0.0,0,True,1746968995.6349814,left,False
875,1746968998.662424,149.804,-2.29883,-3.52465,0.785175,-0.0958965,5781.03,4,17.2,401.368,426.333,49.8009,1,2,1.0,0.0,0.0,4,0.0,0,True,1746968995.6349814,left,False
876,1746968998.6843371,149.957,-1.63716,-3.51537,0.790086,-0.0908134,5778.74,4,17.222,402.319,427.284,49.8006,1,2,1.0,0.0,0.0,4,0.0,0,True,1746968995.6349814,left,False
877,1746968998.705781,150.106,-1.0474,-3.49193,0.794948,-0.0858743,5779.9,4,17.244,403.271,428.236,49.8003,1,2,1.0,0.0,0.0,4,0.0,0,True,1746968995.6349814,left,False
878,1746968998.728422,150.252,-0.528564,-3.44829,0.799742,-0.0810979,5781.57,4,17.266,404.224,429.189,49.7999,1,2,1.0,0.0,0.0,4,0.0,0,True,1746968995.6349814,left,False
879,1746968998.7504458,150.395,-0.0786107,-3.38537,0.804456,-0.0764996,5783.98,4,17.288,405.178,430.143,49.7996,1,2,1.0,0.0,0.0,4,0.0,0,True,1746968995.6349814,left,False
880,1746968998.773791,150.538,0.305845,-3.30629,0.809064,-0.0720868,5785.15,4,17.31,406.133,431.098,49.7992,1,2,1.0,0.0,0.0,4,0.0,0,True,1746968995.6349814,left,False
881,1746968998.793961,150.677,0.629707,-3.21151,0.813552,-0.0678586,5789.15,4,17.332,407.09,432.055,49.7989,1,2,1.0,0.0,0.0,4,0.0,0,True,1746968995.6349814,left,False
882,1746968998.8164423,150.816,0.897407,-3.11013,0.817912,-0.0638156,5793.28,4,17.354,408.048,433.013,49.7986,1,2,1.0,0.0,0.0,4,0.0,0,True,1746968995.6349814,left,False
883,1746968998.8385582,150.953,1.11463,-2.98823,0.822131,-0.0599503,5796.85,4,17.376,409.008,433.972,49.7982,1,2,1.0,0.0,0.0,4,0.0,0,True,1746968995.6349814,left,False
884,1746968998.8604062,151.089,1.28717,-2.86907,0.826196,-0.0562528,5801.62,4,17.398,409.968,434.933,49.7979,1,2,1.0,0.0,0.0,4,0.0,0,True,1746968995.6349814,left,False
885,1746968998.8821461,151.224,1.42096,-2.72951,0.830105,-0.0527087,5805.73,4,17.42,410.93,435.895,49.7976,1,2,1.0,0.0,0.0,4,0.0,0,True,1746968995.6349814,left,False
886,1746968998.904909,151.358,1.52192,-2.58882,0.833848,-0.0493013,5809.58,4,17.442,411.893,436.858,49.7972,1,2,1.0,0.0,0.0,4,0.0,0,True,1746968995.6349814,left,False
887,1746968998.9274156,151.492,1.5954,-2.44709,0.837423,-0.046014,5814.11,4,17.464,412.857,437.822,49.7969,1,2,1.0,0.0,0.0,4,0.0,0,True,1746968995.6349814,left,False
888,1746968998.9478252,151.625,1.6465,-2.30309,0.840826,-0.0428309,5818.54,4,17.486,413.822,438.787,49.7966,1,2,1.0,0.0,0.0,4,0.0,0,True,1746968995.6349814,left,False
889,1746968998.9698358,151.757,1.67985,-2.1585,0.844055,-0.0397347,5823.09,4,17.508,414.789,439.754,49.7962,1,2,1.0,0.0,0.0,4,0.0,0,True,1746968995.6349814,left,False
890,1746968998.9928274,151.888,1.70015,-2.01761,0.847107,-0.0367082,5828.46,4,17.53,415.757,440.722,49.7959,1,2,1.0,0.0,0.0,4,0.0,0,True,1746968995.6349814,left,False
891,1746968999.014257,152.019,1.70976,-1.87295,0.849984,-0.0337376,5832.69,4,17.552,416.725,441.69,49.7956,1,2,1.0,0.0,0.0,4,0.0,0,True,1746968995.6349814,left,False
892,1746968999.039922,152.149,1.71145,-1.73082,0.852677,-0.030812,5836.83,4,17.574,417.695,442.66,49.7952,1,2,1.0,0.0,0.0,4,0.0,0,True,1746968995.6349814,left,False
893,1746968999.0570514,152.277,1.70881,-1.60174,0.855192,-0.0279231,5843.18,4,17.596,418.666,443.631,49.7949,1,2,1.0,0.0,0.0,4,0.0,0,True,1746968995.6349814,right,False
894,1746968999.07862,152.405,1.70124,-1.47101,0.85753,-0.0250633,5847.32,4,17.618,419.638,444.603,49.7945,1,2,1.0,0.0,0.0,4,0.0,0,True,1746968995.6349814,right,False
895,1746968999.1012807,152.532,1.69221,-1.34604,0.859688,-0.0222232,5852.46,4,17.64,420.611,445.576,49.7942,1,2,1.0,0.0,0.0,4,0.0,0,True,1746968995.6349814,right,False
896,1746968999.122999,152.659,1.68077,-1.22089,0.861666,-0.0193982,5856.78,4,17.662,421.586,446.55,49.7939,1,2,1.0,0.0,0.0,4,0.0,0,True,1746968995.6349814,right,False
897,1746968999.1453,152.784,1.66881,-1.09777,0.863468,-0.0165851,5862.21,4,17.684,422.56,447.525,49.7935,1,2,1.0,0.0,0.0,4,0.0,0,True,1746968995.6349814,right,False
898,1746968999.1668158,152.909,1.65642,-0.974182,0.86509,-0.0137814,5866.81,4,17.706,423.536,448.501,49.7932,1,2,1.0,0.0,0.0,4,0.0,0,True,1746968995.6349814,right,False
899,1746968999.188686,153.032,1.64426,-0.861669,0.86653,-0.0109853,5873.2,4,17.728,424.513,449.478,49.7929,1,2,1.0,0.0,0.0,4,0.0,0,True,1746968995.6349814,right,False
900,1746968999.2124045,153.157,1.63133,-0.742871,0.867796,-0.008194,5876.16,4,17.75,425.491,450.456,49.7925,1,2,1.0,0.0,0.0,4,0.0,0,True,1746968995.6349814,right,False
901,1746968999.2361042,153.28,1.61886,-0.627177,0.86888,-0.00540772,5879.64,4,17.772,426.47,451.435,49.7922,1,2,1.0,0.0,0.0,4,0.0,0,True,1746968995.6349814,right,False
902,1746968999.2551272,153.401,1.60752,-0.516044,0.86979,-0.00262222,5885.35,4,17.794,427.45,452.415,49.7919,1,2,1.0,0.0,0.0,4,0.0,0,True,1746968995.6349814,right,False
903,1746968999.2776027,153.522,1.59574,-0.397805,0.870518,0.000160307,5889.64,4,17.816,428.43,453.395,49.7915,1,2,1.0,0.0,0.0,4,0.0,0,True,1746968995.6349814,right,False
904,1746968999.3003755,153.641,1.58583,-0.292813,0.871065,0.00294355,5896.46,4,17.838,429.412,454.377,49.7912,1,2,1.0,0.0,0.0,4,0.0,0,True,1746968995.6349814,right,False
905,1746968999.3222964,153.761,1.57531,-0.176087,0.871436,0.00572643,5899.46,4,17.86,430.394,455.359,49.7909,1,2,1.0,0.0,0.0,4,0.0,0,True,1746968995.6349814,right,False
906,1746968999.343337,153.88,1.56551,-0.0634081,0.871629,0.00850806,5904.19,4,17.882,431.377,456.342,49.7905,1,2,1.0,0.0,0.0,4,0.0,0,True,1746968995.6349814,right,False
907,1746968999.3648093,153.998,1.55562,0.056654,0.871641,0.0112912,5907.81,4,17.904,432.36,457.325,49.7902,1,2,1.0,0.0,0.0,4,0.0,0,True,1746968995.6349814,right,False
908,1746968999.388757,154.116,1.54786,0.169002,0.871474,0.0140784,5910.86,4,17.926,433.345,458.31,49.7898,1,2,1.0,0.0,0.0,4,0.0,0,True,1746968995.6349814,right,False
909,1746968999.4096475,154.233,1.54065,0.285078,0.87113,0.0168735,5915.22,4,17.948,434.33,459.295,49.7895,1,2,1.0,0.0,0.0,4,0.0,0,True,1746968995.6349814,right,False
910,1746968999.4313772,154.348,1.53438,0.405196,0.87061,0.019673,5919.61,4,17.97,435.316,460.281,49.7892,1,2,1.0,0.0,0.0,4,0.0,0,True,1746968995.6349814,right,False
911,1746968999.453738,154.463,1.52902,0.52755,0.869904,0.0224785,5923.19,4,17.992,436.302,461.267,49.7888,1,2,1.0,0.0,0.0,4,0.0,0,True,1746968995.6349814,right,False
912,1746968999.4762263,154.577,1.52601,0.639591,0.869023,0.025294,5928.52,4,18.014,437.29,462.254,49.7885,1,2,1.0,0.0,0.0,4,0.0,0,True,1746968995.6349814,right,False
913,1746968999.499871,154.69,1.52386,0.75526,0.867961,0.0281147,5932.68,4,18.036,438.277,463.242,49.7882,1,2,1.0,0.0,0.1,4,0.0,0,True,1746968995.6349814,right,False
914,1746968999.5203273,154.802,1.52263,0.868124,0.866715,0.0309428,5936.84,4,18.058,439.266,464.231,49.7878,1,2,1.0,0.0,0.1,4,0.0,0,True,1746968995.6349814,right,False
915,1746968999.543081,154.915,1.52154,0.991405,0.865295,0.0337777,5938.42,4,18.08,440.255,465.22,49.7875,1,2,1.0,0.0,0.1,4,0.0,0,True,1746968995.6349814,right,False
916,1746968999.5640397,155.026,1.52179,1.11108,0.863692,0.0366208,5943.21,4,18.102,441.244,466.209,49.7872,1,2,1.0,0.0,0.1,4,0.0,0,True,1746968995.6349814,right,False
917,1746968999.5865815,155.12,1.70829,1.22365,0.861963,0.0385158,5953.25,4,18.124,442.234,467.199,49.7868,1,2,1.0,0.0,0.1,4,0.0,0,True,1746968995.6349814,right,False
918,1746968999.6083724,155.212,1.59578,1.30853,0.860207,0.0379623,5964.96,4,18.146,443.225,468.19,49.7865,1,2,1.0,0.0,0.1,4,0.0,0,True,1746968995.6349814,right,False
919,1746968999.629743,155.307,1.16665,1.37759,0.858425,0.0352917,5975.25,4,18.168,444.216,469.181,49.7862,1,2,1.0,0.0,0.1,4,0.0,0,True,1746968995.6349814,right,False
920,1746968999.6511738,155.4,0.499052,1.42497,0.856637,0.0308983,5987.67,4,18.19,445.208,470.173,49.7858,1,2,1.0,0.0,0.1,4,0.0,0,True,1746968995.6349814,right,False
921,1746968999.673131,155.487,-0.335182,1.44038,0.85485,0.0251562,6002.11,4,18.212,446.2,471.165,49.7855,1,2,1.0,0.0,0.1,4,0.0,0,True,1746968995.6349814,right,False
922,1746968999.6950116,155.565,-1.27486,1.43866,0.853094,0.0184056,6018.09,4,18.234,447.192,472.157,49.7851,1,2,1.0,0.0,0.1,4,0.0,0,True,1746968995.6349814,right,False
923,1746968999.7187881,155.63,-2.27503,1.41171,0.851392,0.0109582,6038.17,4,18.256,448.185,473.15,49.7848,1,2,1.0,0.0,0.1,4,0.0,0,True,1746968995.6349814,right,False
924,1746968999.7407331,155.681,-3.29444,1.36392,0.849762,0.00308281,6059.46,4,18.278,449.178,474.143,49.7845,1,2,1.0,0.0,0.1,4,0.0,0,True,1746968995.6349814,right,False
925,1746968999.7619762,155.717,-4.30985,1.29457,0.848222,-0.00502735,6087.05,4,18.3,450.172,475.137,49.7841,1,2,1.0,0.0,0.1,4,0.0,0,True,1746968995.6349814,right,False
926,1746968999.7830899,155.743,-5.29901,1.20895,0.846792,-0.0132168,6112.79,4,18.322,451.166,476.131,49.7838,1,2,1.0,0.0,0.1,4,0.0,0,True,1746968995.6349814,right,False
927,1746968999.806249,155.756,-6.25223,1.10482,0.845481,-0.0213798,6139.96,4,18.344,452.16,477.125,49.7835,1,2,1.0,0.0,0.1,4,0.0,0,True,1746968995.6349814,right,False
928,1746968999.828647,155.758,-7.16659,0.990722,0.844312,-0.0294635,6168.18,4,18.366,453.155,478.12,49.7831,1,2,1.0,0.0,0.1,4,0.0,0,True,1746968995.6349814,right,False
929,1746968999.8500433,155.751,-8.04399,0.861967,0.843286,-0.0374651,6196.38,4,18.388,454.15,479.115,49.7828,1,2,1.0,0.0,0.1,4,0.0,0,True,1746968995.6349814,right,False
930,1746968999.8713853,155.745,-8.8731,0.735986,0.842421,-0.0453708,6209.43,4,18.41,455.145,480.11,49.7825,1,2,1.0,0.0,0.1,4,0.0,0,True,1746968995.6349814,right,False
931,1746968999.8957882,155.729,-9.67055,0.598413,0.841726,-0.0531968,6226.1,4,18.432,456.14,481.105,49.7821,1,2,1.0,0.0,0.1,4,0.0,0,True,1746968995.6349814,right,False
932,1746968999.916654,155.713,-10.4262,0.469275,0.841211,-0.0609224,6229.28,4,18.454,457.136,482.101,49.7818,1,2,1.0,0.0,0.0,4,0.0,0,True,1746968995.6349814,left,False
933,1746968999.9369185,155.687,-11.1726,0.324222,0.840857,-0.0679804,6236.78,4,18.476,458.141,483.106,49.7815,1,2,1.0,0.0,0.0,4,0.0,0,True,1746968995.6349814,left,False
934,1746968999.960923,155.661,-11.8749,0.199535,0.840658,-0.0750135,6233.07,4,18.498,459.145,484.11,49.7811,1,2,1.0,0.0,0.0,4,0.0,0,True,1746968995.6349814,left,False
935,1746968999.9819999,155.623,-12.569,0.06552,0.840624,-0.0820397,6239.36,4,18.52,460.15,485.115,49.7808,1,2,1.0,0.0,0.0,4,0.0,0,True,1746968995.6349814,left,False
936,1746969000.0103064,155.616,-13.3012,-0.0595484,0.840742,-0.0887194,6226,4,18.542,461.155,486.12,49.7804,1,2,1.0,0.0,0.0,4,0.0,0,True,1746968995.6349814,left,False
937,1746969000.0254042,155.631,-13.8996,-0.180329,0.840983,-0.0944486,6197.4,4,18.564,462.161,487.125,49.7801,1,2,1.0,0.0,0.0,4,0.0,0,True,1746968995.6349814,left,False
938,1746969000.0477214,155.655,-14.3265,-0.285792,0.841361,-0.0993041,6170.21,4,18.586,463.166,488.131,49.7798,1,2,1.0,0.0,0.0,4,0.0,0,True,1746968995.6349814,left,False
939,1746969000.0706925,155.68,-14.6173,-0.394372,0.841879,-0.103373,6157.17,4,18.608,464.173,489.138,49.7794,1,2,1.0,0.0,0.0,4,0.0,0,True,1746968995.6349814,left,False
940,1746969000.093313,155.713,-14.7789,-0.491389,0.842552,-0.106742,6145.98,4,18.63,465.179,490.144,49.7791,1,2,1.0,0.0,0.0,4,0.0,0,True,1746968995.6349814,left,False
941,1746969000.112919,155.748,-14.8413,-0.598941,0.84338,-0.109433,6145.5,4,18.652,466.186,491.151,49.7788,1,2,1.0,0.0,0.0,4,0.0,0,True,1746968995.6349814,left,False
942,1746969000.1379926,155.795,-14.7901,-0.692278,0.844357,-0.111495,6141.74,4,18.674,467.193,492.158,49.7784,1,2,1.0,0.0,0.0,4,0.0,0,True,1746968995.6349814,left,False
943,1746969000.1586795,155.845,-14.656,-0.798234,0.845494,-0.112936,6150.22,4,18.696,468.2,493.165,49.7781,1,2,1.0,0.0,0.0,4,0.0,0,True,1746968995.6349814,left,False
944,1746969000.180453,155.906,-14.4322,-0.899317,0.846775,-0.113766,6154.65,4,18.718,469.208,494.173,49.7778,1,2,1.0,0.0,0.0,4,0.0,0,True,1746968995.6349814,left,False
945,1746969000.203739,155.98,-14.1152,-0.995703,0.848212,-0.113989,6154.2,4,18.74,470.216,495.181,49.7774,1,2,1.0,0.0,0.0,4,0.0,0,True,1746968995.6349814,left,False
946,1746969000.2243705,156.058,-13.7206,-1.09742,0.849795,-0.113609,6164.36,4,18.762,471.224,496.189,49.7771,1,2,1.0,0.0,0.0,4,0.0,0,True,1746968995.6349814,left,False
947,1746969000.2464676,156.151,-13.2402,-1.19236,0.851516,-0.112617,6164.15,4,18.784,472.233,497.198,49.7768,1,2,1.0,0.0,0.0,4,0.0,0,True,1746968995.6349814,left,False
948,1746969000.2675455,156.25,-12.6884,-1.28926,0.853371,-0.111037,6167.07,4,18.806,473.242,498.207,49.7764,1,2,1.0,0.0,0.0,4,0.0,0,True,1746968995.6349814,left,False
949,1746969000.289809,156.363,-12.0661,-1.38367,0.855357,-0.10888,6161.77,4,18.828,474.252,499.217,49.7761,1,2,1.0,0.0,0.0,4,0.0,0,True,1746968995.6349814,left,False
950,1746969000.3125088,156.482,-11.3788,-1.47298,0.857461,-0.106176,6159.33,4,18.85,475.262,500.227,49.7757,1,2,1.0,0.0,0.0,4,0.0,0,True,1746968995.6349814,left,False
951,1746969000.3359828,156.612,-10.6309,-1.55469,0.859668,-0.10294,6149.4,4,18.872,476.272,501.237,49.7754,1,2,1.0,0.0,0.0,4,0.0,0,True,1746968995.6349814,left,False
952,1746969000.3568993,156.746,-9.838,-1.62915,0.861976,-0.0992285,6139.92,4,18.894,477.283,502.248,49.7751,1,2,1.0,0.0,0.0,4,0.0,0,True,1746968995.6349814,left,False
953,1746969000.3798528,156.884,-9.00725,-1.69691,0.864371,-0.0950717,6130.52,4,18.916,478.295,503.26,49.7747,1,2,1.0,0.0,0.0,4,0.0,0,True,1746968995.6349814,left,False
954,1746969000.3991132,157.027,-8.15144,-1.75555,0.86684,-0.090536,6118.7,4,18.938,479.307,504.272,49.7744,1,2,1.0,0.0,0.0,4,0.0,0,True,1746968995.6349814,left,False
955,1746969000.4220998,157.169,-7.28845,-1.80866,0.869354,-0.0856736,6109.97,4,18.96,480.321,505.286,49.7741,1,2,1.0,0.0,0.0,4,0.0,0,True,1746968995.6349814,left,False
956,1746969000.444685,157.313,-6.42563,-1.84354,0.87191,-0.0805478,6097.94,4,18.982,481.335,506.3,49.7737,1,2,1.0,0.0,0.0,4,0.0,0,True,1746968995.6349814,left,False
957,1746969000.466082,157.456,-5.57964,-1.87126,0.87448,-0.0752339,6088.62,4,19.004,482.35,507.315,49.7734,1,2,1.0,0.0,0.0,4,0.0,0,True,1746968995.6349814,left,False
958,1746969000.488089,157.594,-4.76338,-1.88359,0.877054,-0.0697862,6083.5,4,19.026,483.366,508.33,49.7731,1,2,1.0,0.0,0.0,4,0.0,0,True,1746968995.6349814,left,False
959,1746969000.5093246,157.731,-3.98568,-1.8824,0.8796,-0.0642648,6078.68,4,19.048,484.382,509.347,49.7727,1,2,1.0,0.0,0.0,4,0.0,0,True,1746968995.6349814,left,False
960,1746969000.5310943,157.863,-3.25654,-1.86843,0.882096,-0.0587205,6076.69,4,19.07,485.4,510.365,49.7724,1,2,1.0,0.0,0.0,4,0.0,0,True,1746968995.6349814,left,False
961,1746969000.5551243,157.995,-2.57859,-1.83406,0.884528,-0.0531864,6073.84,4,19.092,486.419,511.383,49.7721,1,2,1.0,0.0,0.0,4,0.0,0,True,1746968995.6349814,left,False
962,1746969000.5758367,158.123,-1.95784,-1.78498,0.886863,-0.0477057,6072.15,4,19.114,487.438,512.403,49.7717,1,2,1.0,0.0,0.0,4,0.0,0,True,1746968995.6349814,left,False
963,1746969000.5978663,158.246,-1.39687,-1.71785,0.889099,-0.042304,6074.1,4,19.136,488.459,513.424,49.7714,1,2,1.0,0.0,0.0,4,0.0,0,True,1746968995.6349814,left,False
964,1746969000.6197975,158.369,-0.894688,-1.62825,0.891203,-0.037001,6073.17,4,19.158,489.48,514.445,49.771,1,2,1.0,0.0,0.0,4,0.0,0,True,1746968995.6349814,left,False
965,1746969000.6413357,158.489,-0.451325,-1.5314,0.893169,-0.031813,6076.17,4,19.18,490.503,515.468,49.7707,1,2,1.0,0.0,0.0,4,0.0,0,True,1746968995.6349814,left,False
966,1746969000.665108,158.607,-0.0643169,-1.41634,0.894956,-0.0267482,6077.84,4,19.202,491.526,516.491,49.7704,1,2,1.0,0.0,0.0,4,0.0,0,True,1746968995.6349814,left,False
967,1746969000.686839,158.723,0.269943,-1.2834,0.896557,-0.0218112,6080.37,4,19.224,492.551,517.516,49.77,1,2,1.0,0.0,0.0,4,0.0,0,True,1746968995.6349814,left,False
968,1746969000.7068331,158.836,0.554677,-1.14915,0.897991,-0.017008,6085.63,4,19.246,493.576,518.541,49.7697,1,2,1.0,0.0,0.0,4,0.0,0,True,1746968995.6349814,left,False
969,1746969000.7301412,158.95,0.793944,-0.993522,0.899246,-0.0123364,6088.33,4,19.268,494.602,519.567,49.7694,1,2,1.0,0.0,0.0,4,0.0,0,True,1746968995.6349814,left,False
970,1746969000.7539632,159.061,0.992528,-0.834904,0.900293,-0.00778967,6091.25,4,19.29,495.629,520.594,49.769,1,2,1.0,0.0,0.0,4,0.0,0,True,1746968995.6349814,left,False
971,1746969000.7735634,159.172,1.15445,-0.664104,0.901099,-0.00335974,6093.84,4,19.312,496.657,521.622,49.7687,1,2,1.0,0.0,0.0,4,0.0,0,True,1746968995.6349814,left,False
972,1746969000.796167,159.282,1.28472,-0.49002,0.901654,0.000965834,6097.03,4,19.334,497.686,522.651,49.7684,1,2,1.0,0.0,0.0,4,0.0,0,True,1746968995.6349814,left,False
973,1746969000.8170738,159.39,1.38852,-0.317347,0.901986,0.00519305,6101.47,4,19.356,498.716,523.68,49.768,1,2,1.0,0.0,0.0,4,0.0,0,True,1746968995.6349814,left,False
974,1746969000.8398879,159.498,1.46856,-0.1314,0.902091,0.00933468,6104.6,4,19.378,499.746,524.711,49.7677,1,2,1.0,0.0,0.0,4,0.0,0,True,1746968995.6349814,left,False
975,1746969000.8612454,159.605,1.53003,0.045698,0.901966,0.0134007,6108.42,4,19.4,500.777,525.742,49.7674,1,2,1.0,0.0,0.0,4,0.0,0,True,1746968995.6349814,left,False
976,1746969000.8842938,159.71,1.5755,0.235774,0.90161,0.0174012,6111.93,4,19.422,501.808,526.773,49.767,1,2,1.0,0.0,0.0,4,0.0,0,True,1746968995.6349814,left,False
977,1746969000.9062738,159.815,1.60855,0.40911,0.901017,0.0213447,6115.9,4,19.444,502.84,527.805,49.7667,1,2,1.0,0.0,0.0,4,0.0,0,True,1746968995.6349814,left,False
978,1746969000.9293966,159.919,1.63037,0.601985,0.900136,0.025246,6119.36,4,19.466,503.873,528.838,49.7663,1,2,1.0,0.0,0.0,4,0.0,0,True,1746968995.6349814,left,False
979,1746969000.9500394,160.022,1.64469,0.775884,0.899021,0.0291064,6123.33,4,19.488,504.907,529.871,49.766,1,2,1.0,0.0,0.0,4,0.0,0,True,1746968995.6349814,left,False
980,1746969000.9717054,160.123,1.65266,0.94891,0.897669,0.0329317,6128.9,4,19.51,505.94,530.905,49.7657,1,2,1.0,0.0,0.0,4,0.0,0,True,1746968995.6349814,right,False
981,1746969000.9954255,160.224,1.65536,1.12714,0.896081,0.0367295,6131.43,4,19.532,506.974,531.939,49.7653,1,2,1.0,0.0,0.0,4,0.0,0,True,1746968995.6349814,right,False
982,1746969001.016743,160.324,1.65428,1.29824,0.894255,0.0405019,6135.35,4,19.554,508.009,532.974,49.765,1,2,1.0,0.0,0.0,4,0.0,0,True,1746968995.6349814,right,False
983,1746969001.0384011,160.424,1.65025,1.46935,0.892143,0.0442593,6139.45,4,19.576,509.044,534.009,49.7647,1,2,1.0,0.0,0.0,4,0.0,0,True,1746968995.6349814,right,False
984,1746969001.0588288,160.522,1.64417,1.63775,0.889781,0.0479996,6143.11,4,19.598,510.08,535.045,49.7643,1,2,1.0,0.0,0.0,4,0.0,0,True,1746968995.6349814,right,False
985,1746969001.0826757,160.619,1.63661,1.80468,0.887182,0.051728,6146.65,4,19.62,511.116,536.081,49.764,1,2,1.0,0.0,0.0,4,0.0,0,True,1746968995.6349814,right,False
986,1746969001.1035764,160.716,1.62812,1.97327,0.884342,0.0554461,6149.41,4,19.642,512.152,537.117,49.7637,1,2,1.0,0.0,0.0,4,0.0,0,True,1746968995.6349814,right,False
987,1746969001.1250045,160.812,1.61976,2.13188,0.881264,0.0591559,6153.55,4,19.664,513.188,538.153,49.7633,1,2,1.0,0.0,0.0,4,0.0,0,True,1746968995.6349814,right,False
988,1746969001.1467915,160.906,1.61085,2.29265,0.877948,0.0628584,6158.03,4,19.686,514.224,539.189,49.763,1,2,1.0,0.0,0.0,4,0.0,0,True,1746968995.6349814,right,False
989,1746969001.1710455,161,1.60213,2.4516,0.874347,0.0665597,6160.77,4,19.708,515.261,540.226,49.7627,1,2,1.0,0.0,0.0,4,0.0,0,True,1746968995.6349814,right,False
990,1746969001.1913948,161.093,1.59244,2.62712,0.87049,0.0702598,6163.11,4,19.73,516.298,541.263,49.7623,1,2,1.0,0.0,0.0,4,0.0,0,True,1746968995.6349814,right,False
991,1746969001.2145293,161.185,1.58442,2.79029,0.866394,0.0739616,6167.18,4,19.752,517.335,542.3,49.762,1,2,1.0,0.0,0.0,4,0.0,0,True,1746968995.6349814,right,False
992,1746969001.2368443,161.277,1.57761,2.95617,0.862056,0.0776655,6169.71,4,19.774,518.372,543.337,49.7617,1,2,1.0,0.0,0.0,4,0.0,0,True,1746968995.6349814,right,False
993,1746969001.2569866,161.367,1.57267,3.11678,0.857479,0.0813739,6173.08,4,19.796,519.409,544.374,49.7613,1,2,1.0,0.0,0.0,4,0.0,0,True,1746968995.6349814,right,False
994,1746969001.2798102,161.456,1.56879,3.27519,0.852661,0.0850862,6176.42,4,19.818,520.446,545.411,49.761,1,2,1.0,0.0,0.0,4,0.0,0,True,1746968995.6349814,right,False
995,1746969001.3043082,161.544,1.56642,3.43285,0.847601,0.0888026,6179.76,4,19.84,521.483,546.448,49.7606,1,2,1.0,0.0,0.0,4,0.0,0,True,1746968995.6349814,right,False
996,1746969001.3247259,161.632,1.5644,3.58921,0.842301,0.092522,6183.24,4,19.862,522.519,547.484,49.7603,1,2,1.0,0.0,0.0,4,0.0,0,True,1746968995.6349814,right,False
997,1746969001.345926,161.718,1.56321,3.74867,0.836714,0.0962465,6186.48,4,19.884,523.556,548.521,49.76,1,2,1.0,0.0,0.0,4,0.0,0,True,1746968995.6349814,right,False
998,1746969001.3671649,161.804,1.56185,3.91149,0.830867,0.0999739,6189.29,4,19.906,524.593,549.558,49.7596,1,2,1.0,0.0,0.0,4,0.0,0,True,1746968995.6349814,right,False
999,1746969001.391327,161.888,1.56118,4.07618,0.824778,0.103702,6192.22,4,19.928,525.63,550.595,49.7593,1,2,1.0,0.0,0.0,4,0.0,0,True,1746968995.6349814,right,False
1000,1746969001.4134052,161.972,1.56086,4.23112,0.818448,0.107427,6196.29,4,19.95,526.666,551.631,49.759,1,2,1.0,0.0,0.0,4,0.0,0,True,1746968995.6349814,right,False
1001,1746969001.434217,162.054,1.56046,4.39279,0.811873,0.111152,6200.14,4,19.972,527.702,552.667,49.7586,1,2,1.0,0.0,0.1,4,0.0,0,True,1746968995.6349814,right,False
1002,1746969001.4559817,162.136,1.55943,4.55185,0.805057,0.114873,6203.64,4,19.994,528.738,553.702,49.7583,1,2,1.0,0.0,0.1,4,0.0,0,True,1746968995.6349814,right,False
1003,1746969001.4777565,162.217,1.55808,4.71031,0.797996,0.118587,6206.7,4,20.016,529.773,554.738,49.758,1,2,1.0,0.0,0.1,4,0.0,0,True,1746968995.6349814,right,False
1004,1746969001.5006137,162.297,1.55665,4.87063,0.790693,0.122295,6209.25,4,20.038,530.807,555.772,49.7576,1,2,1.0,0.0,0.1,4,0.0,0,True,1746968995.6349814,right,False
1005,1746969001.5242858,162.36,1.73952,5.02659,0.783189,0.125021,6216.99,4,20.06,531.842,556.807,49.7573,1,2,1.0,0.0,0.1,4,0.0,0,True,1746968995.6349814,right,False
1006,1746969001.544539,162.422,1.59869,5.16156,0.775595,0.125199,6225.04,4,20.082,532.876,557.841,49.757,1,2,1.0,0.0,0.1,4,0.0,0,True,1746968995.6349814,right,False
1007,1746969001.5654156,162.486,1.11328,5.27361,0.767918,0.123178,6234.54,4,20.104,533.91,558.875,49.7566,1,2,1.0,0.0,0.1,4,0.0,0,True,1746968995.6349814,right,False
1008,1746969001.5886662,162.547,0.372082,5.36594,0.760163,0.119355,6244.36,4,20.126,534.944,559.909,49.7563,1,2,1.0,0.0,0.1,4,0.0,0,True,1746968995.6349814,right,False
1009,1746969001.60997,162.601,-0.550425,5.42435,0.752369,0.114135,6257.46,4,20.148,535.978,560.942,49.7559,1,2,1.0,0.0,0.1,4,0.0,0,True,1746968995.6349814,right,False
1010,1746969001.6319754,162.644,-1.58423,5.46111,0.744541,0.107883,6270.48,4,20.17,537.011,561.976,49.7556,1,2,1.0,0.0,0.1,4,0.0,0,True,1746968995.6349814,right,False
1011,1746969001.6533926,162.674,-2.67903,5.47727,0.736715,0.100904,6285.64,4,20.192,538.044,563.009,49.7553,1,2,1.0,0.0,0.1,4,0.0,0,True,1746968995.6349814,right,False
1012,1746969001.6780698,162.688,-3.79872,5.47048,0.728915,0.0934507,6305.26,4,20.214,539.077,564.042,49.7549,1,2,1.0,0.0,0.1,4,0.0,0,True,1746968995.6349814,right,False
1013,1746969001.7013516,162.686,-4.91857,5.43015,0.721155,0.0857493,6328.29,4,20.236,540.11,565.074,49.7546,1,2,1.0,0.0,0.1,4,0.0,0,True,1746968995.6349814,right,False
1014,1746969001.7212353,162.67,-6.01247,5.376,0.713462,0.0779524,6353.26,4,20.258,541.142,566.107,49.7543,1,2,1.0,0.0,0.1,4,0.0,0,True,1746968995.6349814,right,False
1015,1746969001.7410355,162.639,-7.07057,5.31103,0.705849,0.070158,6380.35,4,20.28,542.174,567.139,49.7539,1,2,1.0,0.0,0.1,4,0.0,0,True,1746968995.6349814,right,False
1016,1746969001.764587,162.598,-8.09077,5.22004,0.698325,0.0624282,6406.58,4,20.302,543.206,568.171,49.7536,1,2,1.0,0.0,0.1,4,0.0,0,True,1746968995.6349814,right,False
1017,1746969001.785237,162.55,-9.06463,5.12899,0.6909,0.0547915,6426.4,4,20.324,544.238,569.202,49.7533,1,2,1.0,0.0,0.1,4,0.0,0,True,1746968995.6349814,right,False
1018,1746969001.8072727,162.492,-10.0017,5.02073,0.683589,0.0472455,6447.18,4,20.346,545.269,570.234,49.7529,1,2,1.0,0.0,0.1,4,0.0,0,True,1746968995.6349814,right,False
1019,1746969001.828676,162.431,-10.897,4.91207,0.676403,0.0397789,6456.61,4,20.368,546.3,571.265,49.7526,1,2,1.0,0.0,0.1,4,0.0,0,True,1746968995.6349814,right,False
1020,1746969001.8526044,162.362,-11.7586,4.80169,0.669354,0.032391,6466.66,4,20.39,547.331,572.296,49.7523,1,2,1.0,0.0,0.1,4,0.0,0,True,1746968995.6349814,right,False
1021,1746969001.873117,162.284,-12.589,4.68093,0.662447,0.0250767,6478.38,4,20.412,548.361,573.326,49.7519,1,2,1.0,0.0,0.1,4,0.0,0,True,1746968995.6349814,right,False
1022,1746969001.8954537,162.199,-13.3925,4.5579,0.655693,0.0178335,6490.19,4,20.434,549.392,574.356,49.7516,1,2,1.0,0.0,0.1,4,0.0,0,True,1746968995.6349814,right,False
1023,1746969001.9176576,162.109,-14.166,4.4366,0.649085,0.0106483,6496.41,4,20.456,550.422,575.386,49.7512,1,2,1.0,0.0,0.1,4,0.0,0,True,1746968995.6349814,right,False
1024,1746969001.9387357,162.01,-14.9075,4.31492,0.642646,0.00355417,6507.68,4,20.478,551.451,576.416,49.7509,1,2,1.0,0.0,0.1,4,0.0,0,True,1746968995.6349814,right,False
1025,1746969001.9613795,161.902,-15.6203,4.18474,0.636373,-0.00339204,6527.23,4,20.5,552.48,577.445,49.7506,1,2,1.0,0.0,0.1,4,0.0,0,True,1746968995.6349814,right,False
1026,1746969001.9831192,161.791,-16.2965,4.05879,0.630271,-0.0101824,6543.16,4,20.522,553.509,578.474,49.7502,1,2,1.0,0.0,0.1,4,0.0,0,True,1746968995.6349814,right,False
1027,1746969002.0049098,161.677,-16.9244,3.92849,0.624348,-0.0167718,6561.23,4,20.544,554.537,579.502,49.7499,1,2,1.0,0.0,0.1,4,0.0,0,True,1746968995.6349814,right,False
1028,1746969002.0287566,161.56,-17.5103,3.79961,0.6186,-0.0231336,6578.49,4,20.566,555.565,580.53,49.7496,1,2,1.0,0.0,0.1,4,0.0,0,True,1746968995.6349814,right,False
1029,1746969002.0512698,161.438,-18.0489,3.66664,0.613042,-0.029232,6605.11,4,20.588,556.592,581.557,49.7492,1,2,1.0,0.0,0.1,4,0.0,0,True,1746968995.6349814,right,False
1030,1746969002.0728924,161.322,-18.5248,3.53979,0.607671,-0.0350507,6621.25,4,20.61,557.619,582.584,49.7489,1,2,1.0,0.0,0.1,4,0.0,0,True,1746968995.6349814,right,False
1031,1746969002.0933056,161.203,-18.9495,3.40402,0.602485,-0.0405312,6646.85,4,20.632,558.646,583.61,49.7486,1,2,1.0,0.0,0.1,4,0.0,0,True,1746968995.6349814,right,False
1032,1746969002.1150203,161.089,-19.3127,3.26943,0.597491,-0.0456892,6669.48,4,20.654,559.671,584.636,49.7482,1,2,1.0,0.0,0.1,4,0.0,0,True,1746968995.6349814,right,False
1033,1746969002.1393123,160.977,-19.6244,3.13771,0.592687,-0.0505133,6692.1,4,20.676,560.697,585.661,49.7479,1,2,1.0,0.0,0.1,4,0.0,0,True,1746968995.6349814,right,False
1034,1746969002.1621234,160.873,-19.8739,3.00054,0.588078,-0.0549837,6712.93,4,20.698,561.721,586.686,49.7476,1,2,1.0,0.0,0.1,4,0.0,0,True,1746968995.6349814,right,False
1035,1746969002.1810253,160.77,-20.063,2.86405,0.583663,-0.0590811,6740.08,4,20.72,562.745,587.71,49.7472,1,2,1.0,0.0,0.1,4,0.0,0,True,1746968995.6349814,right,False
1036,1746969002.204282,160.679,-20.1778,2.73441,0.579446,-0.0627934,6759.25,4,20.742,563.769,588.734,49.7469,1,2,1.0,0.0,0.1,4,0.0,0,True,1746968995.6349814,right,False
1037,1746969002.2256036,160.6,-20.2278,2.60752,0.575422,-0.0661165,6773.03,4,20.764,564.792,589.757,49.7465,1,2,1.0,0.0,0.1,4,0.0,0,True,1746968995.6349814,right,False
1038,1746969002.2486882,160.523,-20.2228,2.47082,0.571595,-0.0690454,6792.52,4,20.786,565.814,590.779,49.7462,1,2,1.0,0.0,0.1,4,0.0,0,True,1746968995.6349814,right,False
1039,1746969002.2698212,160.463,-20.1555,2.33524,0.567966,-0.0715924,6802.37,4,20.808,566.836,591.801,49.7459,1,2,1.0,0.0,0.1,4,0.0,0,True,1746968995.6349814,right,False
1040,1746969002.2940538,160.407,-20.0214,2.21045,0.56453,-0.0737671,6796.23,4,20.83,567.858,592.823,49.7456,1,2,1.0,0.0,0.1,4,0.0,0,True,1746968995.6349814,right,False
1041,1746969002.3150601,160.357,-19.8363,2.07363,0.561296,-0.0755613,6798.62,4,20.852,568.879,593.844,49.7453,1,2,1.0,0.0,0.1,4,0.0,0,True,1746968995.6349814,right,False
1042,1746969002.337336,160.322,-19.5862,1.94645,0.558253,-0.0769908,6790.02,4,20.874,569.899,594.864,49.745,1,2,1.0,0.0,0.1,4,0.0,0,True,1746968995.6349814,right,False
1043,1746969002.3579538,160.294,-19.2908,1.80953,0.555408,-0.078064,6801.44,4,20.896,570.919,595.884,49.7446,1,2,1.0,0.0,0.1,4,0.0,0,True,1746968995.6349814,right,False
1044,1746969002.3799129,160.279,-18.9407,1.67858,0.552752,-0.0788039,6793.91,4,20.918,571.939,596.903,49.7443,1,2,1.0,0.0,0.1,4,0.0,0,True,1746968995.6349814,right,False
1045,1746969002.4038491,160.271,-18.5417,1.55015,0.550288,-0.0792103,6795.83,4,20.94,572.958,597.923,49.744,1,2,1.0,0.0,0.1,4,0.0,0,True,1746968995.6349814,right,False
1046,1746969002.4226694,160.27,-18.095,1.42819,0.548015,-0.0792909,6803.11,4,20.962,573.977,598.941,49.7436,1,2,1.0,0.0,0.1,4,0.0,0,True,1746968995.6349814,right,False
1047,1746969002.447356,160.284,-17.6066,1.30288,0.545927,-0.0790693,6799.87,4,20.984,574.995,599.96,49.7433,1,2,1.0,0.0,0.1,4,0.0,0,True,1746968995.6349814,right,False
1048,1746969002.467941,160.306,-17.0695,1.1813,0.544026,-0.078546,6795.39,4,21.006,576.013,600.978,49.743,1,2,1.0,0.0,0.1,4,0.0,0,True,1746968995.6349814,right,False
1049,1746969002.4896383,160.33,-16.5028,1.05638,0.542308,-0.0777124,6800.16,4,21.028,577.031,601.996,49.7426,1,2,1.0,0.0,0.1,4,0.0,0,True,1746968995.6349814,right,False
1050,1746969002.512859,160.36,-15.9024,0.933598,0.540765,-0.0766377,6802.55,4,21.05,578.049,603.014,49.7423,1,2,1.0,0.0,0.1,4,0.0,0,True,1746968995.6349814,right,False
1051,1746969002.5365682,160.414,-15.2746,0.812083,0.5394,-0.0753268,6778.03,4,21.072,579.066,604.031,49.742,1,2,1.0,0.0,0.1,4,0.0,0,True,1746968995.6349814,right,False
1052,1746969002.557048,160.472,-14.6213,0.695679,0.538204,-0.0738152,6754.14,4,21.094,580.084,605.049,49.7416,1,2,1.0,0.0,0.1,4,0.0,0,True,1746968995.6349814,right,False
1053,1746969002.5777068,160.537,-13.9523,0.585814,0.537168,-0.0721427,6725.62,4,21.116,581.101,606.066,49.7413,1,2,1.0,0.0,0.1,4,0.0,0,True,1746968995.6349814,right,False
1054,1746969002.6005833,160.604,-13.2782,0.475475,0.536299,-0.0703454,6699.21,4,21.138,582.119,607.084,49.741,1,2,1.0,0.0,0.1,4,0.0,0,True,1746968995.6349814,right,False
1055,1746969002.6207678,160.677,-12.604,0.366673,0.535588,-0.0684617,6673.35,4,21.16,583.136,608.101,49.7406,1,2,1.0,0.0,0.1,4,0.0,0,True,1746968995.6349814,right,False
1056,1746969002.6448605,160.756,-11.9306,0.267356,0.535027,-0.0665396,6639.23,4,21.182,584.154,609.119,49.7403,1,2,1.0,0.0,0.1,4,0.0,0,True,1746968995.6349814,right,False
1057,1746969002.6657262,160.835,-11.2794,0.165232,0.534601,-0.0646358,6606.77,4,21.204,585.172,610.137,49.74,1,2,1.0,0.0,0.1,4,0.0,0,True,1746968995.6349814,right,False
1058,1746969002.6873293,160.913,-10.653,0.0684914,0.534327,-0.0627937,6578.25,4,21.226,586.19,611.155,49.7396,1,2,1.0,0.0,0.1,4,0.0,0,True,1746968995.6349814,right,False
1059,1746969002.7113242,160.998,-10.0581,-0.0232202,0.534185,-0.0610881,6540.82,4,21.248,587.208,612.173,49.7393,1,2,1.0,0.0,0.1,4,0.0,0,True,1746968995.6349814,right,False
1060,1746969002.7323954,161.074,-9.50868,-0.112291,0.534163,-0.0595716,6516.87,4,21.27,588.227,613.192,49.7389,1,2,1.0,0.0,0.1,4,0.0,0,True,1746968995.6349814,right,False
1061,1746969002.7536094,161.156,-9.0044,-0.189781,0.534262,-0.0582774,6484.08,4,21.292,589.246,614.21,49.7386,1,2,1.0,0.0,0.1,4,0.0,0,True,1746968995.6349814,right,False
1062,1746969002.7749383,161.236,-8.55405,-0.26712,0.534487,-0.0572586,6453.77,4,21.314,590.265,615.23,49.7383,1,2,1.0,0.0,0.1,4,0.0,0,True,1746968995.6349814,right,False
1063,1746969002.7980402,161.312,-8.16801,-0.34214,0.534827,-0.0565608,6428.63,4,21.336,591.284,616.249,49.7379,1,2,1.0,0.0,0.2,4,0.0,0,True,1746968995.6349814,right,False
1064,1746969002.8224652,161.383,-7.84613,-0.406976,0.535268,-0.0562212,6408.14,4,21.358,592.304,617.269,49.7376,1,2,1.0,0.0,0.2,4,0.0,0,True,1746968995.6349814,right,False
1065,1746969002.8417978,161.452,-7.59304,-0.469258,0.535815,-0.0562718,6388.25,4,21.38,593.325,618.289,49.7373,1,2,1.0,0.0,0.2,4,0.0,0,True,1746968995.6349814,right,False
1066,1746969002.864517,161.516,-7.41311,-0.537631,0.536473,-0.0567273,6375.91,4,21.402,594.345,619.31,49.7369,1,2,1.0,0.0,0.2,4,0.0,0,True,1746968995.6349814,right,False
1067,1746969002.8862052,161.538,-7.25833,-0.598477,0.537247,-0.0578125,6382.82,4,21.424,595.366,620.331,49.7366,1,2,1.0,0.0,0.2,4,0.0,0,True,1746968995.6349814,right,False
1068,1746969002.907659,161.543,-7.23969,-0.65935,0.53815,-0.0598582,6393.9,4,21.446,596.387,621.352,49.7363,1,2,1.0,0.0,0.2,4,0.0,0,True,1746968995.6349814,right,False
1069,1746969002.9305787,161.54,-7.3645,-0.727039,0.539188,-0.062768,6409.42,4,21.468,597.408,622.373,49.7359,1,2,1.0,0.0,0.2,4,0.0,0,True,1746968995.6349814,right,False
1070,1746969002.9531636,161.531,-7.60876,-0.798073,0.540358,-0.0664321,6425.75,4,21.49,598.43,623.394,49.7356,1,2,1.0,0.0,0.2,4,0.0,0,True,1746968995.6349814,right,False
1071,1746969002.974206,161.512,-7.96355,-0.882801,0.541677,-0.0707809,6446.63,4,21.512,599.451,624.415,49.7353,1,2,1.0,0.0,0.2,4,0.0,0,True,1746968995.6349814,right,False
1072,1746969002.9958835,161.486,-8.39491,-0.962078,0.543135,-0.075691,6467.58,4,21.534,600.472,625.437,49.7349,1,2,1.0,0.0,0.2,4,0.0,0,True,1746968995.6349814,right,False
1073,1746969003.0199306,161.452,-8.89333,-1.04979,0.544737,-0.0810609,6490.11,4,21.556,601.493,626.458,49.7346,1,2,1.0,0.0,0.2,4,0.0,0,True,1746968995.6349814,right,False
1074,1746969003.0399148,161.41,-9.44407,-1.14172,0.546492,-0.0868258,6510.12,4,21.578,602.514,627.479,49.7342,1,2,1.0,0.0,0.2,4,0.0,0,True,1746968995.6349814,right,False
1075,1746969003.0625665,161.362,-10.0372,-1.23914,0.54839,-0.0929241,6527.84,4,21.6,603.535,628.5,49.7339,1,2,1.0,0.0,0.2,4,0.0,0,True,1746968995.6349814,right,False
1076,1746969003.0865524,161.306,-10.664,-1.34344,0.550455,-0.0992956,6548.03,4,21.622,604.557,629.521,49.7336,1,2,1.0,0.0,0.2,4,0.0,0,True,1746968995.6349814,right,False
1077,1746969003.1057343,161.24,-11.3121,-1.44371,0.552685,-0.10589,6565.83,4,21.644,605.578,630.542,49.7332,1,2,1.0,0.0,0.2,4,0.0,0,True,1746968995.6349814,right,False
1078,1746969003.1286538,161.165,-11.9759,-1.55328,0.555086,-0.112645,6585.51,4,21.666,606.599,631.563,49.7329,1,2,1.0,0.0,0.2,4,0.0,0,True,1746968995.6349814,right,False
1079,1746969003.149712,161.084,-12.6495,-1.66651,0.557658,-0.11952,6606.5,4,21.688,607.619,632.584,49.7326,1,2,1.0,0.0,0.2,4,0.0,0,True,1746968995.6349814,right,False
1080,1746969003.1723468,160.993,-13.3238,-1.77938,0.560414,-0.126489,6629.48,4,21.71,608.64,633.605,49.7322,1,2,1.0,0.0,0.0,4,0.0,0,True,1746968995.6349814,left,False
1081,1746969003.1951773,160.896,-14.0018,-1.90032,0.563343,-0.13351,6647.86,4,21.732,609.661,634.626,49.7319,1,2,1.0,0.0,0.0,4,0.0,0,True,1746968995.6349814,left,False
1082,1746969003.2146828,160.79,-14.6814,-2.02544,0.566463,-0.140581,6669.62,4,21.754,610.681,635.646,49.7316,1,2,1.0,0.0,0.0,4,0.0,0,True,1746968995.6349814,left,False
1083,1746969003.2388177,160.679,-15.3493,-2.15531,0.569763,-0.147655,6688.31,4,21.776,611.701,636.666,49.7312,1,2,1.0,0.0,0.0,4,0.0,0,True,1746968995.6349814,left,False
1084,1746969003.2615993,160.598,-16.0603,-2.2833,0.57325,-0.154554,6707.4,4,21.798,612.721,637.686,49.7309,1,2,1.0,0.0,0.0,4,0.0,0,True,1746968995.6349814,left,False
1085,1746969003.2833118,160.576,-16.7154,-2.4067,0.576883,-0.160547,6680.22,4,21.82,613.741,638.706,49.7306,1,2,1.0,0.0,0.0,4,0.0,0,True,1746968995.6349814,left,False
1086,1746969003.302989,160.578,-17.1746,-2.52064,0.58065,-0.165504,6640.07,4,21.842,614.762,639.727,49.7302,1,2,1.0,0.0,0.0,4,0.0,0,True,1746968995.6349814,left,False
1087,1746969003.3281686,160.603,-17.4691,-2.63536,0.584572,-0.169517,6588.45,4,21.864,615.783,640.748,49.7299,1,2,1.0,0.0,0.0,4,0.0,0,True,1746968995.6349814,left,False
1088,1746969003.3492033,160.642,-17.6124,-2.74658,0.588652,-0.172671,6534.56,4,21.886,616.804,641.769,49.7295,1,2,1.0,0.0,0.0,4,0.0,0,True,1746968995.6349814,left,False
1089,1746969003.3711948,160.693,-17.618,-2.85143,0.592885,-0.175025,6489.95,4,21.908,617.826,642.791,49.7292,1,2,1.0,0.0,0.0,4,0.0,0,True,1746968995.6349814,left,False
1090,1746969003.3906655,160.75,-17.4987,-2.95988,0.597281,-0.17663,6458.85,4,21.93,618.848,643.813,49.7289,1,2,1.0,0.0,0.0,4,0.0,0,True,1746968995.6349814,left,False
1091,1746969003.413656,160.817,-17.2618,-3.05854,0.601836,-0.177535,6430.74,4,21.952,619.871,644.836,49.7285,1,2,1.0,0.0,0.0,4,0.0,0,True,1746968995.6349814,left,False
1092,1746969003.4374588,160.885,-16.9339,-3.16936,0.606556,-0.177773,6421.03,4,21.974,620.894,645.859,49.7282,1,2,1.0,0.0,0.0,4,0.0,0,True,1746968995.6349814,left,False
1093,1746969003.4575956,160.968,-16.4964,-3.26508,0.611433,-0.177369,6410.58,4,21.996,621.918,646.883,49.7279,1,2,1.0,0.0,0.0,4,0.0,0,True,1746968995.6349814,left,False
1094,1746969003.479181,161.058,-15.9789,-3.3707,0.616471,-0.176349,6405.14,4,22.018,622.941,647.906,49.7275,1,2,1.0,0.0,0.0,4,0.0,0,True,1746968995.6349814,left,False
1095,1746969003.5028496,161.157,-15.3815,-3.47474,0.621647,-0.174729,6403.59,4,22.04,623.966,648.93,49.7272,1,2,1.0,0.0,0.0,4,0.0,0,True,1746968995.6349814,left,False
1096,1746969003.52371,161.267,-14.7018,-3.57177,0.62696,-0.172512,6399.2,4,22.062,624.99,649.955,49.7269,1,2,1.0,0.0,0.0,4,0.0,0,True,1746968995.6349814,left,False
1097,1746969003.5463412,161.386,-13.9465,-3.66339,0.632418,-0.169718,6394.32,4,22.084,626.015,650.98,49.7265,1,2,1.0,0.0,0.0,4,0.0,0,True,1746968995.6349814,left,False
1098,1746969003.571555,161.516,-13.1273,-3.75984,0.637995,-0.166379,6386.63,4,22.106,627.041,652.006,49.7262,1,2,1.0,0.0,0.0,4,0.0,0,True,1746968995.6349814,left,False
1099,1746969003.5910878,161.652,-12.251,-3.84894,0.643692,-0.162515,6377.35,4,22.128,628.067,653.032,49.7259,1,2,1.0,0.0,0.0,4,0.0,0,True,1746968995.6349814,left,False
1100,1746969003.611021,161.797,-11.3234,-3.92657,0.649492,-0.158183,6363.38,4,22.15,629.094,654.059,49.7255,1,2,1.0,0.0,0.0,4,0.0,0,True,1746968995.6349814,left,False
1101,1746969003.634944,161.949,-10.3612,-3.99938,0.655386,-0.153423,6344.97,4,22.172,630.122,655.087,49.7252,1,2,1.0,0.0,0.0,4,0.0,0,True,1746968995.6349814,left,False
1102,1746969003.6571016,162.1,-9.38016,-4.06489,0.661361,-0.148306,6329.08,4,22.194,631.151,656.115,49.7248,1,2,1.0,0.0,0.0,4,0.0,0,True,1746968995.6349814,left,False
1103,1746969003.6790476,162.255,-8.38758,-4.1215,0.667388,-0.142886,6312.57,4,22.216,632.18,657.145,49.7245,1,2,1.0,0.0,0.0,4,0.0,0,True,1746968995.6349814,left,False
1104,1746969003.702799,162.406,-7.39779,-4.16148,0.673459,-0.137218,6299.96,4,22.238,633.211,658.176,49.7242,1,2,1.0,0.0,0.0,4,0.0,0,True,1746968995.6349814,left,False
1105,1746969003.7220209,162.556,-6.43025,-4.19834,0.679557,-0.131367,6287.68,4,22.26,634.242,659.207,49.7238,1,2,1.0,0.0,0.0,4,0.0,0,True,1746968995.6349814,left,False
1106,1746969003.7445095,162.701,-5.49583,-4.20918,0.685666,-0.125405,6278.98,4,22.282,635.275,660.24,49.7235,1,2,1.0,0.0,0.0,4,0.0,0,True,1746968995.6349814,left,False
1107,1746969003.7653203,162.844,-4.60458,-4.20846,0.691734,-0.119388,6268.98,4,22.304,636.309,661.273,49.7232,1,2,1.0,0.0,0.0,4,0.0,0,True,1746968995.6349814,left,False
1108,1746969003.7875974,162.981,-3.76919,-4.20036,0.697778,-0.113365,6267.36,4,22.326,637.344,662.308,49.7228,1,2,1.0,0.0,0.0,4,0.0,0,True,1746968995.6349814,left,False
1109,1746969003.809345,163.115,-2.99455,-4.16628,0.703748,-0.107379,6264.01,4,22.348,638.38,663.345,49.7225,1,2,1.0,0.0,0.0,4,0.0,0,True,1746968995.6349814,left,False
1110,1746969003.83138,163.246,-2.28459,-4.11631,0.709624,-0.101465,6261.91,4,22.37,639.417,664.382,49.7222,1,2,1.0,0.0,0.0,4,0.0,0,True,1746968995.6349814,left,False
1111,1746969003.853299,163.372,-1.6432,-4.05319,0.7154,-0.0956507,6261.9,4,22.392,640.456,665.421,49.7218,1,2,1.0,0.0,0.0,4,0.0,0,True,1746968995.6349814,left,False
1112,1746969003.8756962,163.496,-1.07016,-3.96936,0.721032,-0.0899628,6263.5,4,22.414,641.496,666.461,49.7215,1,2,1.0,0.0,0.0,4,0.0,0,True,1746968995.6349814,left,False
1113,1746969003.8972976,163.617,-0.564656,-3.87055,0.726511,-0.0844145,6265.2,4,22.436,642.537,667.502,49.7212,1,2,1.0,0.0,0.0,4,0.0,0,True,1746968995.6349814,left,False
1114,1746969003.9197829,163.734,-0.123844,-3.75767,0.731827,-0.0790159,6269.28,4,22.458,643.58,668.545,49.7208,1,2,1.0,0.0,0.0,4,0.0,0,True,1746968995.6349814,left,False
1115,1746969003.9414246,163.851,0.255739,-3.62361,0.736963,-0.0737714,6271.16,4,22.48,644.624,669.589,49.7205,1,2,1.0,0.0,0.0,4,0.0,0,True,1746968995.6349814,left,False
1116,1746969003.9637911,163.966,0.578258,-3.47434,0.741894,-0.068682,6273.52,4,22.502,645.669,670.634,49.7201,1,2,1.0,0.0,0.0,4,0.0,0,True,1746968995.6349814,left,False
1117,1746969003.9856217,164.081,0.848062,-3.31476,0.746611,-0.063746,6275.24,4,22.524,646.716,671.681,49.7198,1,2,1.0,0.0,0.0,4,0.0,0,True,1746968995.6349814,left,False
1118,1746969004.006996,164.192,1.07036,-3.14676,0.75111,-0.058957,6279.45,4,22.546,647.764,672.729,49.7195,1,2,1.0,0.0,0.0,4,0.0,0,True,1746968995.6349814,left,False
1119,1746969004.0304847,164.303,1.25013,-2.96713,0.755383,-0.0543097,6282.66,4,22.568,648.813,673.778,49.7191,1,2,1.0,0.0,0.0,4,0.0,0,True,1746968995.6349814,left,False
1120,1746969004.0525074,164.414,1.39179,-2.77391,0.759392,-0.0497919,6284.28,4,22.59,649.864,674.829,49.7188,1,2,1.0,0.0,0.0,4,0.0,0,True,1746968995.6349814,left,False
1121,1746969004.073097,164.522,1.50229,-2.57911,0.763156,-0.045388,6288.88,4,22.612,650.915,675.88,49.7185,1,2,1.0,0.0,0.0,4,0.0,0,True,1746968995.6349814,left,False
1122,1746969004.0961444,164.63,1.58661,-2.38782,0.766715,-0.041088,6292.8,4,22.634,651.968,676.933,49.7181,1,2,1.0,0.0,0.0,4,0.0,0,True,1746968995.6349814,left,False
1123,1746969004.1167061,164.737,1.64833,-2.18752,0.770005,-0.0368742,6295.36,4,22.656,653.022,677.987,49.7178,1,2,1.0,0.0,0.0,4,0.0,0,True,1746968995.6349814,left,False
1124,1746969004.1406796,164.843,1.6926,-1.98958,0.773023,-0.0327343,6298.87,4,22.678,654.077,679.042,49.7175,1,2,1.0,0.0,0.0,4,0.0,0,True,1746968995.6349814,left,False
1125,1746969004.1626508,164.949,1.72186,-1.7889,0.775772,-0.0286567,6302.03,4,22.7,655.133,680.098,49.7171,1,2,1.0,0.0,0.0,4,0.0,0,True,1746968995.6349814,left,False
1126,1746969004.1863065,165.052,1.74147,-1.59588,0.778247,-0.0246252,6306.66,4,22.722,656.19,681.155,49.7168,1,2,1.0,0.0,0.0,4,0.0,0,True,1746968995.6349814,left,False
1127,1746969004.2049975,165.156,1.75228,-1.39671,0.780449,-0.0206321,6310.54,4,22.744,657.248,682.213,49.7165,1,2,1.0,0.0,0.0,4,0.0,0,True,1746968995.6349814,left,False
1128,1746969004.2291317,165.259,1.75629,-1.19715,0.782394,-0.016672,6313.56,4,22.766,658.307,683.272,49.7161,1,2,1.0,0.0,0.0,4,0.0,0,True,1746968995.6349814,left,False
1129,1746969004.2493176,165.36,1.75806,-1.0257,0.784135,-0.0127372,6318.58,4,22.788,659.367,684.331,49.7158,1,2,1.0,0.0,0.0,4,0.0,0,True,1746968995.6349814,left,False
1130,1746969004.2720907,165.46,1.75571,-0.846022,0.785602,-0.00882471,6323.33,4,22.81,660.427,685.392,49.7154,1,2,1.0,0.0,0.0,4,0.0,0,True,1746968995.6349814,right,False
1131,1746969004.2943053,165.559,1.75076,-0.673139,0.786792,-0.00492859,6327.34,4,22.832,661.489,686.453,49.7151,1,2,1.0,0.0,0.0,4,0.0,0,True,1746968995.6349814,right,False
1132,1746969004.3152032,165.658,1.74366,-0.49563,0.787705,-0.00104618,6331.43,4,22.854,662.551,687.516,49.7148,1,2,1.0,0.0,0.0,4,0.0,0,True,1746968995.6349814,right,False
1133,1746969004.3386683,165.756,1.73474,-0.320004,0.788342,0.00282443,6334.39,4,22.876,663.614,688.579,49.7144,1,2,1.0,0.0,0.0,4,0.0,0,True,1746968995.6349814,right,False
1134,1746969004.3591008,165.854,1.72343,-0.135113,0.788701,0.00668693,6336.18,4,22.898,664.677,689.642,49.7141,1,2,1.0,0.0,0.0,4,0.0,0,True,1746968995.6349814,right,False
1135,1746969004.3812494,165.949,1.71272,0.0389399,0.788782,0.0105422,6342.3,4,22.92,665.742,690.707,49.7138,1,2,1.0,0.0,0.0,4,0.0,0,True,1746968995.6349814,right,False
1136,1746969004.4054935,166.043,1.70228,0.204582,0.788663,0.0143872,6347.91,4,22.942,666.807,691.771,49.7134,1,2,1.0,0.0,0.0,4,0.0,0,True,1746968995.6349814,right,False
1137,1746969004.4254587,166.137,1.69059,0.372911,0.788272,0.0182223,6351.32,4,22.964,667.872,692.837,49.7131,1,2,1.0,0.0,0.0,4,0.0,0,True,1746968995.6349814,right,False
1138,1746969004.4504924,166.231,1.67839,0.53799,0.787602,0.0220499,6354.58,4,22.986,668.938,693.903,49.7128,1,2,1.0,0.0,0.0,4,0.0,0,True,1746968995.6349814,right,False
1139,1746969004.4714108,166.324,1.66537,0.719185,0.786651,0.0258734,6356.04,4,23.008,670.005,694.969,49.7124,1,2,1.0,0.0,0.0,4,0.0,0,True,1746968995.6349814,right,False
1140,1746969004.4923613,166.416,1.65337,0.884452,0.78542,0.029695,6360.07,4,23.03,671.072,696.036,49.7121,1,2,1.0,0.0,0.0,4,0.0,0,True,1746968995.6349814,right,False
1141,1746969004.5139492,166.506,1.64143,1.05924,0.783922,0.0335174,6363.96,4,23.052,672.139,697.104,49.7118,1,2,1.0,0.0,0.0,4,0.0,0,True,1746968995.6349814,right,False
1142,1746969004.536312,166.596,1.63107,1.22688,0.782215,0.0373369,6367.51,4,23.074,673.207,698.171,49.7114,1,2,1.0,0.0,0.0,4,0.0,0,True,1746968995.6349814,right,False
1143,1746969004.558604,166.685,1.62179,1.38863,0.780226,0.0411564,6370.19,4,23.096,674.275,699.24,49.7111,1,2,1.0,0.0,0.0,4,0.0,0,True,1746968995.6349814,right,False
1144,1746969004.5810163,166.772,1.61338,1.55608,0.777953,0.0449802,6374.71,4,23.118,675.343,700.308,49.7107,1,2,1.0,0.0,0.0,4,0.0,0,True,1746968995.6349814,right,False
1145,1746969004.6039472,166.861,1.60381,1.73922,0.775398,0.0488045,6375.91,4,23.14,676.412,701.377,49.7104,1,2,1.0,0.0,0.0,4,0.0,0,True,1746968995.6349814,right,False
1146,1746969004.625265,166.946,1.59605,1.91116,0.77259,0.0526289,6380.27,4,23.162,677.481,702.445,49.7101,1,2,1.0,0.0,0.0,4,0.0,0,True,1746968995.6349814,right,False
1147,1746969004.6468532,167.033,1.58929,2.07941,0.769556,0.0564562,6382.53,4,23.184,678.549,703.514,49.7097,1,2,1.0,0.0,0.0,4,0.0,0,True,1746968995.6349814,right,False
1148,1746969004.6668632,167.116,1.58359,2.2518,0.766236,0.060286,6386.47,4,23.206,679.619,704.583,49.7094,1,2,1.0,0.0,0.0,4,0.0,0,True,1746968995.6349814,right,False
1149,1746969004.689625,167.201,1.57741,2.43159,0.762632,0.0641173,6387.96,4,23.228,680.688,705.653,49.7091,1,2,1.0,0.0,0.1,4,0.0,0,True,1746968995.6349814,right,False
1150,1746969004.712794,167.283,1.57278,2.60712,0.758743,0.0679531,6391.49,4,23.25,681.757,706.722,49.7087,1,2,1.0,0.0,0.1,4,0.0,0,True,1746968995.6349814,right,False
1151,1746969004.735459,167.365,1.56969,2.78112,0.75465,0.0717938,6395.42,4,23.272,682.826,707.791,49.7084,1,2,1.0,0.0,0.1,4,0.0,0,True,1746968995.6349814,right,False
1152,1746969004.7569041,167.446,1.56697,2.95234,0.750278,0.075637,6398.7,4,23.294,683.896,708.86,49.7081,1,2,1.0,0.0,0.1,4,0.0,0,True,1746968995.6349814,right,False
1153,1746969004.7775345,167.51,1.75023,3.12736,0.745679,0.0784807,6404.96,4,23.316,684.965,709.93,49.7077,1,2,1.0,0.0,0.1,4,0.0,0,True,1746968995.6349814,right,False
1154,1746969004.8013253,167.573,1.59125,3.27608,0.740981,0.0787386,6412.43,4,23.338,686.034,710.999,49.7074,1,2,1.0,0.0,0.1,4,0.0,0,True,1746968995.6349814,right,False
1155,1746969004.8222866,167.637,1.06949,3.40111,0.736188,0.0767567,6421.79,4,23.36,687.103,712.068,49.7071,1,2,1.0,0.0,0.1,4,0.0,0,True,1746968995.6349814,right,False
1156,1746969004.8441677,167.698,0.276771,3.49436,0.731312,0.0729414,6433,4,23.382,688.172,713.137,49.7067,1,2,1.0,0.0,0.1,4,0.0,0,True,1746968995.6349814,right,False
1157,1746969004.8666363,167.752,-0.704448,3.57406,0.726379,0.0676913,6444.32,4,23.404,689.241,714.206,49.7064,1,2,1.0,0.0,0.1,4,0.0,0,True,1746968995.6349814,right,False
1158,1746969004.8886983,167.794,-1.8094,3.62125,0.721406,0.0613676,6458.12,4,23.426,690.31,715.275,49.706,1,2,1.0,0.0,0.1,4,0.0,0,True,1746968995.6349814,right,False
1159,1746969004.9110818,167.82,-2.98472,3.63712,0.716424,0.0543035,6475.11,4,23.448,691.379,716.344,49.7057,1,2,1.0,0.0,0.1,4,0.0,0,True,1746968995.6349814,right,False
1160,1746969004.9313946,167.831,-4.18363,3.63075,0.711442,0.0467775,6494.42,4,23.47,692.448,717.413,49.7054,1,2,1.0,0.0,0.1,4,0.0,0,True,1746968995.6349814,right,False
1161,1746969004.9546556,167.825,-5.37939,3.60042,0.706506,0.0390149,6517.28,4,23.492,693.517,718.482,49.705,1,2,1.0,0.0,0.1,4,0.0,0,True,1746968995.6349814,right,False
1162,1746969004.9766078,167.801,-6.55237,3.54595,0.701619,0.031178,6545.51,4,23.514,694.586,719.551,49.7047,1,2,1.0,0.0,0.1,4,0.0,0,True,1746968995.6349814,right,False
1163,1746969004.9981172,167.765,-7.68211,3.47971,0.696795,0.0233693,6570.71,4,23.536,695.654,720.619,49.7044,1,2,1.0,0.0,0.1,4,0.0,0,True,1746968995.6349814,right,False
1164,1746969005.02044,167.715,-8.76451,3.39979,0.692056,0.0156614,6598.94,4,23.558,696.723,721.688,49.704,1,2,1.0,0.0,0.1,4,0.0,0,True,1746968995.6349814,right,False
1165,1746969005.0420902,167.658,-9.80051,3.30389,0.687405,0.00806844,6621.76,4,23.58,697.791,722.756,49.7037,1,2,1.0,0.0,0.1,4,0.0,0,True,1746968995.6349814,right,False
1166,1746969005.0647597,167.592,-10.7938,3.20306,0.682864,0.000576496,6640.51,4,23.602,698.859,723.824,49.7034,1,2,1.0,0.0,0.1,4,0.0,0,True,1746968995.6349814,right,False
1167,1746969005.08573,167.521,-11.7426,3.09894,0.678434,-0.00681782,6653.9,4,23.624,699.927,724.891,49.703,1,2,1.0,0.0,0.1,4,0.0,0,True,1746968995.6349814,right,False
1168,1746969005.1076844,167.442,-12.6586,2.9849,0.67413,-0.0141238,6662.96,4,23.646,700.994,725.959,49.7027,1,2,1.0,0.0,0.1,4,0.0,0,True,1746968995.6349814,right,False
1169,1746969005.1306448,167.355,-13.5346,2.87807,0.669952,-0.0213478,6672.37,4,23.668,702.061,727.026,49.7024,1,2,1.0,0.0,0.1,4,0.0,0,True,1746968995.6349814,right,False
1170,1746969005.15246,167.263,-14.3797,2.76985,0.665917,-0.0285175,6676.9,4,23.69,703.128,728.093,49.702,1,2,1.0,0.0,0.1,4,0.0,0,True,1746968995.6349814,right,False
1171,1746969005.17447,167.163,-15.1996,2.6548,0.662023,-0.0356233,6682.83,4,23.712,704.195,729.16,49.7017,1,2,1.0,0.0,0.1,4,0.0,0,True,1746968995.6349814,right,False
1172,1746969005.1959853,167.055,-15.9942,2.53646,0.658288,-0.0426503,6691.98,4,23.734,705.261,730.226,49.7013,1,2,1.0,0.0,0.1,4,0.0,0,True,1746968995.6349814,right,False
1173,1746969005.2176516,166.938,-16.7516,2.41587,0.654709,-0.0495492,6703.41,4,23.756,706.327,731.292,49.701,1,2,1.0,0.0,0.1,4,0.0,0,True,1746968995.6349814,right,False
1174,1746969005.2391248,166.816,-17.4757,2.29747,0.651295,-0.0563105,6717.2,4,23.778,707.393,732.358,49.7007,1,2,1.0,0.0,0.0,4,0.0,0,True,1746968995.6349814,left,False
1175,1746969005.2614117,166.685,-18.1569,2.18121,0.648048,-0.0628763,6739.42,4,23.8,708.458,733.423,49.7003,1,2,1.0,0.0,0.0,4,0.0,0,True,1746968995.6349814,left,False
1176,1746969005.2846165,166.555,-18.7939,2.05712,0.644974,-0.0692176,6754.34,4,23.822,709.523,734.488,49.7,1,2,1.0,0.0,0.0,4,0.0,0,True,1746968995.6349814,left,False
1177,1746969005.3051293,166.42,-19.3783,1.9344,0.642073,-0.0753019,6778.46,4,23.844,710.587,735.552,49.6997,1,2,1.0,0.0,0.0,4,0.0,0,True,1746968995.6349814,left,False
1178,1746969005.3275483,166.318,-19.9628,1.80536,0.639337,-0.0809299,6794.42,4,23.866,711.651,736.616,49.6993,1,2,1.0,0.0,0.0,4,0.0,0,True,1746968995.6349814,left,False
1179,1746969005.3506067,166.246,-20.4023,1.69515,0.636744,-0.085703,6786.61,4,23.888,712.715,737.679,49.699,1,2,1.0,0.0,0.0,4,0.0,0,True,1746968995.6349814,left,False
1180,1746969005.3730314,166.191,-20.7071,1.57294,0.634301,-0.0896593,6775.01,4,23.91,713.778,738.743,49.6987,1,2,1.0,0.0,0.0,4,0.0,0,True,1746968995.6349814,left,False
1181,1746969005.3951428,166.155,-20.8663,1.46184,0.632007,-0.0928534,6760.38,4,23.932,714.841,739.806,49.6983,1,2,1.0,0.0,0.0,4,0.0,0,True,1746968995.6349814,left,False
1182,1746969005.416478,166.136,-20.8955,1.34615,0.629871,-0.0952975,6743.41,4,23.954,715.904,740.869,49.698,1,2,1.0,0.0,0.0,4,0.0,0,True,1746968995.6349814,left,False
1183,1746969005.4387345,166.13,-20.803,1.23418,0.6279,-0.0970144,6732.45,4,23.976,716.967,741.932,49.6977,1,2,1.0,0.0,0.0,4,0.0,0,True,1746968995.6349814,left,False
1184,1746969005.4625072,166.14,-20.5912,1.13002,0.626087,-0.0980387,6717.72,4,23.998,718.03,742.995,49.6973,1,2,1.0,0.0,0.0,4,0.0,0,True,1746968995.6349814,left,False
1185,1746969005.4826899,166.159,-20.2761,1.01482,0.624428,-0.0985277,6713.85,4,24.02,719.091,744.056,49.697,1,2,1.0,0.0,0.0,4,0.0,0,True,1746968995.6349814,left,False
1186,1746969005.5043318,166.191,-19.8508,0.907342,0.622968,-0.0989012,6714.83,4,24.042,720.147,745.111,49.6966,1,2,1.0,0.0,0.0,4,0.0,0,True,1746968995.6349814,left,False
1187,1746969005.526992,166.239,-19.3208,0.790288,0.621706,-0.0985664,6714.9,4,24.064,721.202,746.167,49.6963,1,2,1.0,0.0,0.0,4,0.0,0,True,1746968995.6349814,left,False
1188,1746969005.5492024,166.301,-18.6952,0.673888,0.620634,-0.0975484,6713.07,4,24.086,722.257,747.222,49.696,1,2,1.0,0.0,0.0,4,0.0,0,True,1746968995.6349814,left,False
1189,1746969005.5712092,166.376,-17.9714,0.550614,0.619747,-0.0958617,6714.16,4,24.108,723.313,748.277,49.6956,1,2,1.0,0.0,0.0,4,0.0,0,True,1746968995.6349814,left,False
1190,1746969005.5920508,166.467,-17.1596,0.425955,0.619043,-0.09352,6710.37,4,24.13,724.368,749.333,49.6953,1,2,1.0,0.0,0.0,4,0.0,0,True,1746968995.6349814,left,False
1191,1746969005.6142147,166.574,-16.2615,0.309647,0.618514,-0.0905561,6696.78,4,24.152,725.423,750.388,49.695,1,2,1.0,0.0,0.0,4,0.0,0,True,1746968995.6349814,left,False
1192,1746969005.6362884,166.69,-15.2969,0.183397,0.618144,-0.0870219,6683.51,4,24.174,726.479,751.443,49.6946,1,2,1.0,0.0,0.0,4,0.0,0,True,1746968995.6349814,left,False
1193,1746969005.6569483,166.818,-14.2652,0.0677884,0.617932,-0.0829535,6666.83,4,24.196,727.534,752.499,49.6943,1,2,1.0,0.0,0.0,4,0.0,0,True,1746968995.6349814,left,False
1194,1746969005.6800754,166.958,-13.166,-0.0422853,0.617867,-0.0783705,6635.6,4,24.218,728.59,753.555,49.694,1,2,1.0,0.0,0.0,4,0.0,0,True,1746968995.6349814,left,False
1195,1746969005.7028725,167.101,-12.0282,-0.145367,0.61793,-0.0733294,6611.11,4,24.24,729.647,754.611,49.6936,1,2,1.0,0.0,0.0,4,0.0,0,True,1746968995.6349814,left,False
1196,1746969005.7248697,167.248,-10.857,-0.238104,0.618111,-0.0678837,6580.25,4,24.262,730.703,755.668,49.6933,1,2,1.0,0.0,0.0,4,0.0,0,True,1746968995.6349814,left,False
1197,1746969005.7455587,167.395,-9.67248,-0.332311,0.6184,-0.0621141,6553.03,4,24.284,731.76,756.725,49.693,1,2,1.0,0.0,0.0,4,0.0,0,True,1746968995.6349814,left,False
1198,1746969005.7697077,167.539,-8.49017,-0.402592,0.618774,-0.0560942,6528.2,4,24.306,732.818,757.783,49.6926,1,2,1.0,0.0,0.0,4,0.0,0,True,1746968995.6349814,left,False
1199,1746969005.7893302,167.68,-7.32768,-0.46638,0.619206,-0.0499033,6504.45,4,24.328,733.876,758.841,49.6923,1,2,1.0,0.0,0.0,4,0.0,0,True,1746968995.6349814,left,False
1200,1746969005.8120675,167.813,-6.20687,-0.514359,0.61968,-0.0436237,6488.62,4,24.35,734.935,759.9,49.6919,1,2,1.0,0.0,0.0,4,0.0,0,True,1746968995.6349814,left,False
1201,1746969005.8332264,167.941,-5.13959,-0.542835,0.620164,-0.0373411,6475.48,4,24.372,735.994,760.959,49.6916,1,2,1.0,0.0,0.0,4,0.0,0,True,1746968995.6349814,left,False
1202,1746969005.8576531,168.061,-4.14256,-0.561754,0.62064,-0.0311006,6467.29,4,24.394,737.054,762.019,49.6913,1,2,1.0,0.0,0.0,4,0.0,0,True,1746968995.6349814,left,False
1203,1746969005.8786025,168.176,-3.22042,-0.558339,0.621084,-0.0249528,6460.85,4,24.416,738.115,763.08,49.6909,1,2,1.0,0.0,0.0,4,0.0,0,True,1746968995.6349814,left,False
1204,1746969005.9005952,168.285,-2.38142,-0.531507,0.62147,-0.0189494,6457.05,4,24.438,739.176,764.141,49.6906,1,2,1.0,0.0,0.0,4,0.0,0,True,1746968995.6349814,left,False
1205,1746969005.922918,168.389,-1.62754,-0.490455,0.621775,-0.0131147,6455.29,4,24.46,740.238,765.203,49.6903,1,2,1.0,0.0,0.0,4,0.0,0,True,1746968995.6349814,left,False
1206,1746969005.9449923,168.49,-0.95917,-0.426574,0.621981,-0.00747347,6454.31,4,24.482,741.3,766.265,49.6899,1,2,1.0,0.0,0.0,4,0.0,0,True,1746968995.6349814,left,False
1207,1746969005.9655793,168.588,-0.374767,-0.347273,0.622056,-0.00203955,6453.64,4,24.504,742.363,767.328,49.6896,1,2,1.0,0.0,0.0,4,0.0,0,True,1746968995.6349814,left,False
1208,1746969005.9884992,168.682,0.128957,-0.250028,0.621981,0.00317848,6456.06,4,24.526,743.427,768.392,49.6893,1,2,1.0,0.0,0.0,4,0.0,0,True,1746968995.6349814,left,False
1209,1746969006.0100324,168.775,0.556994,-0.13333,0.621741,0.00817835,6457.5,4,24.548,744.491,769.456,49.6889,1,2,1.0,0.0,0.0,4,0.0,0,True,1746968995.6349814,left,False
1210,1746969006.032739,168.866,0.914563,0.00571496,0.621311,0.0129628,6457.82,4,24.57,745.556,770.521,49.6886,1,2,1.0,0.0,0.0,4,0.0,0,True,1746968995.6349814,left,False
1211,1746969006.0532563,168.955,1.20807,0.148807,0.620717,0.0175376,6460.33,4,24.592,746.621,771.586,49.6883,1,2,1.0,0.0,0.0,4,0.0,0,True,1746968995.6349814,left,False
1212,1746969006.075757,169.044,1.44339,0.312356,0.619889,0.0219123,6461.6,4,24.614,747.687,772.652,49.6879,1,2,1.0,0.0,0.0,4,0.0,0,True,1746968995.6349814,left,False
1213,1746969006.0984375,169.131,1.6277,0.479843,0.618886,0.0260973,6464.16,4,24.636,748.753,773.718,49.6876,1,2,1.0,0.0,0.0,4,0.0,0,True,1746968995.6349814,left,False
1214,1746969006.1205115,169.217,1.76669,0.660489,0.617635,0.0301062,6466.59,4,24.658,749.82,774.785,49.6872,1,2,1.0,0.0,0.0,4,0.0,0,True,1746968995.6349814,left,False
1215,1746969006.1422033,169.303,1.86724,0.844614,0.616138,0.0339596,6468.97,4,24.68,750.887,775.852,49.6869,1,2,1.0,0.0,0.0,4,0.0,0,True,1746968995.6349814,left,False
1216,1746969006.1658654,169.387,1.93761,1.02386,0.61448,0.0376745,6472.69,4,24.702,751.955,776.92,49.6866,1,2,1.0,0.0,0.0,4,0.0,0,True,1746968995.6349814,left,False
1217,1746969006.1860392,169.471,1.98131,1.21354,0.612571,0.0412698,6475.4,4,24.724,753.023,777.988,49.6862,1,2,1.0,0.0,0.0,4,0.0,0,True,1746968995.6349814,left,False
1218,1746969006.2068915,169.555,2.00409,1.39855,0.610413,0.0447608,6478.01,4,24.746,754.091,779.056,49.6859,1,2,1.0,0.0,0.0,4,0.0,0,True,1746968995.6349814,right,False
1219,1746969006.2311704,169.638,2.0113,1.58422,0.608006,0.0481665,6481.07,4,24.768,755.159,780.124,49.6856,1,2,1.0,0.0,0.0,4,0.0,0,True,1746968995.6349814,right,False
1220,1746969006.2530968,169.72,2.00709,1.77018,0.605349,0.0515066,6483.5,4,24.79,756.228,781.193,49.6852,1,2,1.0,0.0,0.0,4,0.0,0,True,1746968995.6349814,right,False
1221,1746969006.273598,169.801,1.99521,1.94874,0.602496,0.0547938,6486.98,4,24.812,757.297,782.262,49.6849,1,2,1.0,0.0,0.0,4,0.0,0,True,1746968995.6349814,right,False
1222,1746969006.2971168,169.882,1.97789,2.11358,0.599428,0.0580367,6490.01,4,24.834,758.366,783.331,49.6846,1,2,1.0,0.0,0.0,4,0.0,0,True,1746968995.6349814,right,False
1223,1746969006.321367,169.962,1.9568,2.28227,0.596108,0.0612459,6493.48,4,24.856,759.435,784.4,49.6842,1,2,1.0,0.0,0.0,4,0.0,0,True,1746968995.6349814,right,False
1224,1746969006.3413641,170.041,1.93324,2.4434,0.592539,0.0644294,6497.06,4,24.878,760.505,785.469,49.6839,1,2,1.0,0.0,0.0,4,0.0,0,True,1746968995.6349814,right,False
1225,1746969006.3627708,170.12,1.90762,2.61155,0.588719,0.0675905,6498.76,4,24.9,761.574,786.539,49.6836,1,2,1.0,0.0,0.1,4,0.0,0,True,1746968995.6349814,right,False
1226,1746969006.383453,170.197,1.88359,2.76628,0.584711,0.0707389,6503.37,4,24.922,762.644,787.609,49.6832,1,2,1.0,0.0,0.1,4,0.0,0,True,1746968995.6349814,right,False
1227,1746969006.4047613,170.274,1.85975,2.91702,0.580477,0.0738767,6506.37,4,24.944,763.713,788.678,49.6829,1,2,1.0,0.0,0.1,4,0.0,0,True,1746968995.6349814,right,False
1228,1746969006.428894,170.351,1.83619,3.06801,0.575991,0.0770042,6508.39,4,24.966,764.783,789.748,49.6825,1,2,1.0,0.0,0.1,4,0.0,0,True,1746968995.6349814,right,False
1229,1746969006.4488535,170.411,1.99367,3.21157,0.571336,0.0791475,6516.32,4,24.988,765.853,790.817,49.6822,1,2,1.0,0.0,0.1,4,0.0,0,True,1746968995.6349814,right,False
1230,1746969006.4726555,170.47,1.8076,3.32994,0.566618,0.078733,6524.71,4,25.01,766.922,791.887,49.6819,1,2,1.0,0.0,0.1,4,0.0,0,True,1746968995.6349814,right,False
1231,1746969006.493262,170.532,1.25755,3.42885,0.561839,0.0760952,6532.99,4,25.032,767.992,792.957,49.6815,1,2,1.0,0.0,0.1,4,0.0,0,True,1746968995.6349814,right,False
1232,1746969006.51607,170.591,0.431449,3.48928,0.557009,0.0716317,6544.04,4,25.054,769.062,794.027,49.6812,1,2,1.0,0.0,0.1,4,0.0,0,True,1746968995.6349814,right,False
1233,1746969006.5383987,170.643,-0.587842,3.53694,0.552157,0.0657297,6555.58,4,25.076,770.132,795.097,49.6809,1,2,1.0,0.0,0.1,4,0.0,0,True,1746968995.6349814,right,False
1234,1746969006.5589662,170.681,-1.73793,3.54704,0.547298,0.0587492,6570.6,4,25.098,771.202,796.167,49.6805,1,2,1.0,0.0,0.1,4,0.0,0,True,1746968995.6349814,right,False
1235,1746969006.5831418,170.705,-2.95924,3.53364,0.542468,0.051021,6588.9,4,25.12,772.271,797.236,49.6802,1,2,1.0,0.0,0.1,4,0.0,0,True,1746968995.6349814,right,False
1236,1746969006.6033897,170.712,-4.20592,3.50188,0.537681,0.0428319,6607.67,4,25.142,773.341,798.306,49.6799,1,2,1.0,0.0,0.1,4,0.0,0,True,1746968995.6349814,right,False
1237,1746969006.6276066,170.702,-5.45313,3.43759,0.532971,0.0343984,6632.51,4,25.164,774.411,799.376,49.6795,1,2,1.0,0.0,0.1,4,0.0,0,True,1746968995.6349814,right,False
1238,1746969006.6482034,170.674,-6.67214,3.36288,0.528349,0.0258878,6659.67,4,25.186,775.481,800.446,49.6792,1,2,1.0,0.0,0.1,4,0.0,0,True,1746968995.6349814,right,False
1239,1746969006.6699996,170.633,-7.85018,3.26879,0.52382,0.0174117,6686.88,4,25.208,776.551,801.516,49.6789,1,2,1.0,0.0,0.1,4,0.0,0,True,1746968995.6349814,right,False
1240,1746969006.6919482,170.578,-8.98434,3.15528,0.519413,0.00903404,6716.58,4,25.23,777.621,802.585,49.6785,1,2,1.0,0.0,0.1,4,0.0,0,True,1746968995.6349814,right,False
1241,1746969006.714248,170.515,-10.0663,3.04071,0.515135,0.000772119,6739.23,4,25.252,778.69,803.655,49.6782,1,2,1.0,0.0,0.1,4,0.0,0,True,1746968995.6349814,right,False
1242,1746969006.7374563,170.444,-11.1039,2.91481,0.511003,-0.00738943,6758.78,4,25.274,779.76,804.724,49.6778,1,2,1.0,0.0,0.1,4,0.0,0,True,1746968995.6349814,right,False
1243,1746969006.7566948,170.365,-12.1021,2.78479,0.507011,-0.0154699,6774.25,4,25.296,780.829,805.794,49.6775,1,2,1.0,0.0,0.1,4,0.0,0,True,1746968995.6349814,right,False
1244,1746969006.779803,170.28,-13.0612,2.65674,0.503182,-0.0234715,6782.13,4,25.318,781.898,806.863,49.6772,1,2,1.0,0.0,0.1,4,0.0,0,True,1746968995.6349814,right,False
1245,1746969006.8034825,170.187,-13.992,2.52381,0.499518,-0.0314227,6791.04,4,25.34,782.967,807.932,49.6768,1,2,1.0,0.0,0.1,4,0.0,0,True,1746968995.6349814,right,False
1246,1746969006.8249967,170.085,-14.8916,2.3903,0.496037,-0.0392963,6799.93,4,25.362,784.036,809.001,49.6765,1,2,1.0,0.0,0.1,4,0.0,0,True,1746968995.6349814,right,False
1247,1746969006.846891,169.977,-15.7568,2.25382,0.492733,-0.047104,6791.19,4,25.384,785.104,810.069,49.6762,1,2,1.0,0.0,0.1,4,0.0,0,True,1746968995.6349814,right,False
1248,1746969006.868108,169.854,-16.6003,2.11586,0.48963,-0.0548172,6778,4,25.406,786.172,811.137,49.6759,1,2,1.0,0.0,0.1,4,0.0,0,True,1746968995.6349814,right,False
1249,1746969006.89029,169.718,-17.4087,1.96926,0.486713,-0.0623928,6798.55,4,25.428,787.24,812.205,49.6756,1,2,1.0,0.0,0.1,4,0.0,0,True,1746968995.6349814,right,False
1250,1746969006.9120326,169.578,-18.1755,1.83007,0.483995,-0.069832,6811.3,4,25.45,788.308,813.273,49.6753,1,2,1.0,0.0,0.1,4,0.0,0,True,1746968995.6349814,right,False
1251,1746969006.933441,169.428,-18.9074,1.68287,0.481482,-0.0770841,6783.58,4,25.472,789.375,814.34,49.675,1,2,1.0,0.0,0.1,4,0.0,0,True,1746968995.6349814,right,False
1252,1746969006.9556706,169.271,-19.5926,1.53438,0.479177,-0.0841273,6800.46,4,25.494,790.442,815.406,49.6748,1,2,1.0,0.0,0.1,4,0.0,0,True,1746968995.6349814,right,False
1253,1746969006.98042,169.111,-20.2294,1.39178,0.477073,-0.0909518,6786.09,4,25.516,791.508,816.473,49.6745,1,2,1.0,0.0,0.1,4,0.0,0,True,1746968995.6349814,right,False
1254,1746969006.9991758,168.947,-20.8227,1.24275,0.475183,-0.0975515,6815.26,4,25.538,792.573,817.538,49.6742,1,2,1.0,0.0,0.1,4,0.0,0,True,1746968995.6349814,right,False
1255,1746969007.0214171,168.781,-21.3628,1.09697,0.473507,-0.103873,6787.87,4,25.56,793.638,818.603,49.674,1,2,1.0,0.0,0.1,4,0.0,0,True,1746968995.6349814,right,False
1256,1746969007.043558,168.61,-21.8548,0.940379,0.472046,-0.109922,6816.3,4,25.582,794.702,819.667,49.6738,1,2,1.0,0.0,0.1,4,0.0,0,True,1746968995.6349814,right,False
1257,1746969007.0661933,168.445,-22.2798,0.793336,0.470809,-0.115669,6804.78,4,25.604,795.766,820.731,49.6736,1,2,1.0,0.0,0.1,4,0.0,0,True,1746968995.6349814,right,False
1258,1746969007.0887737,168.28,-22.6585,0.642127,0.469784,-0.12111,6810.91,4,25.626,796.829,821.794,49.6734,1,2,1.0,0.0,0.1,4,0.0,0,True,1746968995.6349814,right,False
1259,1746969007.1111734,168.124,-22.9766,0.492648,0.46898,-0.126256,6787.57,4,25.648,797.891,822.856,49.6731,1,2,1.0,0.0,0.1,4,0.0,0,True,1746968995.6349814,right,False
1260,1746969007.13241,167.969,-23.2382,0.343748,0.468396,-0.131108,6803.74,4,25.67,798.952,823.917,49.6729,1,2,1.0,0.0,0.1,4,0.0,0,True,1746968995.6349814,right,False
1261,1746969007.1541045,167.813,-23.4472,0.190873,0.468038,-0.13562,6777.28,4,25.692,800.013,824.978,49.6728,1,2,1.0,0.0,0.1,4,0.0,0,True,1746968995.6349814,right,False
1262,1746969007.1767948,167.67,-23.5949,0.0350982,0.467904,-0.139797,6798.06,4,25.714,801.073,826.038,49.6725,1,2,1.0,0.0,0.1,4,0.0,0,True,1746968995.6349814,right,False
1263,1746969007.1987846,167.537,-23.6878,-0.113587,0.467989,-0.143674,6808.87,4,25.736,802.132,827.097,49.6723,1,2,1.0,0.0,0.1,4,0.0,0,True,1746968995.6349814,right,False
1264,1746969007.220376,167.409,-23.7355,-0.270437,0.4683,-0.147244,6778.49,4,25.758,803.191,828.155,49.6721,1,2,1.0,0.0,0.0,4,0.0,0,True,1746968995.6349814,left,False
1265,1746969007.2413952,167.294,-23.7205,-0.418934,0.468833,-0.150513,6808.5,4,25.78,804.248,829.213,49.6719,1,2,1.0,0.0,0.0,4,0.0,0,True,1746968995.6349814,left,False
1266,1746969007.2630513,167.181,-23.6581,-0.572079,0.469588,-0.153454,6775.98,4,25.802,805.305,830.27,49.6717,1,2,1.0,0.0,0.0,4,0.0,0,True,1746968995.6349814,left,False
1267,1746969007.2868526,167.083,-23.5304,-0.719604,0.470567,-0.156057,6808.81,4,25.824,806.361,831.326,49.6714,1,2,1.0,0.0,0.0,4,0.0,0,True,1746968995.6349814,left,False
1268,1746969007.3083038,167.014,-23.382,-0.867578,0.471769,-0.158221,6803.85,4,25.846,807.417,832.382,49.6712,1,2,1.0,0.0,0.0,4,0.0,0,True,1746968995.6349814,left,False
1269,1746969007.3304045,166.985,-23.1359,-1.01445,0.473173,-0.159681,6806.75,4,25.868,808.472,833.437,49.671,1,2,1.0,0.0,0.0,4,0.0,0,True,1746968995.6349814,left,False
1270,1746969007.3527658,166.981,-22.772,-1.15697,0.474774,-0.160471,6800.5,4,25.89,809.527,834.492,49.6707,1,2,1.0,0.0,0.0,4,0.0,0,True,1746968995.6349814,left,False
1271,1746969007.3750272,167.003,-22.2955,-1.29157,0.476587,-0.160595,6809.88,4,25.912,810.581,835.546,49.6704,1,2,1.0,0.0,0.0,4,0.0,0,True,1746968995.6349814,left,False
1272,1746969007.3948004,167.047,-21.7157,-1.42613,0.478601,-0.160064,6776.92,4,25.934,811.636,836.6,49.6701,1,2,1.0,0.0,0.0,4,0.0,0,True,1746968995.6349814,left,False
1273,1746969007.41929,167.108,-21.0344,-1.5596,0.480819,-0.158889,6801.73,4,25.956,812.69,837.654,49.6698,1,2,1.0,0.0,0.0,4,0.0,0,True,1746968995.6349814,left,False
1274,1746969007.4403234,167.19,-20.2585,-1.68672,0.48323,-0.157076,6805.14,4,25.978,813.744,838.708,49.6695,1,2,1.0,0.0,0.0,4,0.0,0,True,1746968995.6349814,left,False
1275,1746969007.462326,167.293,-19.3864,-1.80969,0.485844,-0.154634,6793.15,4,26,814.798,839.762,49.6691,1,2,1.0,0.0,0.0,4,0.0,0,True,1746968995.6349814,left,False
1276,1746969007.483466,167.405,-18.4309,-1.93538,0.488641,-0.151571,6787.94,4,26.022,815.852,840.816,49.6688,1,2,1.0,0.0,0.0,4,0.0,0,True,1746968995.6349814,left,False
1277,1746969007.5069144,167.534,-17.3932,-2.05953,0.491624,-0.147906,6776.26,4,26.044,816.906,841.871,49.6684,1,2,1.0,0.0,0.0,4,0.0,0,True,1746968995.6349814,left,False
1278,1746969007.529651,167.678,-16.2796,-2.17735,0.494773,-0.143674,6752.16,4,26.066,817.96,842.925,49.6681,1,2,1.0,0.0,0.0,4,0.0,0,True,1746968995.6349814,left,False
1279,1746969007.5518277,167.828,-15.1005,-2.28727,0.498102,-0.138908,6727.73,4,26.088,819.015,843.979,49.6678,1,2,1.0,0.0,0.0,4,0.0,0,True,1746968995.6349814,left,False
1280,1746969007.5732713,167.991,-13.869,-2.39903,0.501577,-0.133639,6696.34,4,26.11,820.07,845.035,49.6674,1,2,1.0,0.0,0.0,4,0.0,0,True,1746968995.6349814,left,False
1281,1746969007.5952103,168.155,-12.5978,-2.50172,0.50519,-0.127944,6664.87,4,26.132,821.125,846.09,49.6671,1,2,1.0,0.0,0.0,4,0.0,0,True,1746968995.6349814,left,False
1282,1746969007.61646,168.324,-11.304,-2.59673,0.508929,-0.121895,6628.34,4,26.154,822.181,847.146,49.6668,1,2,1.0,0.0,0.0,4,0.0,0,True,1746968995.6349814,left,False
1283,1746969007.6379726,168.486,-10.0102,-2.68928,0.512785,-0.11556,6602.53,4,26.176,823.238,848.203,49.6664,1,2,1.0,0.0,0.0,4,0.0,0,True,1746968995.6349814,left,False
1284,1746969007.6610413,168.646,-8.72506,-2.76394,0.516724,-0.10901,6575.01,4,26.198,824.295,849.26,49.6661,1,2,1.0,0.0,0.0,4,0.0,0,True,1746968995.6349814,left,False
1285,1746969007.681334,168.801,-7.47325,-2.83071,0.52073,-0.102336,6550.71,4,26.22,825.353,850.318,49.6658,1,2,1.0,0.0,0.0,4,0.0,0,True,1746968995.6349814,left,False
1286,1746969007.7045496,168.947,-6.27164,-2.88031,0.524774,-0.095624,6533.42,4,26.242,826.412,851.377,49.6654,1,2,1.0,0.0,0.0,4,0.0,0,True,1746968995.6349814,left,False
1287,1746969007.7305293,169.087,-5.13589,-2.91097,0.528845,-0.0889339,6517.76,4,26.264,827.471,852.436,49.6651,1,2,1.0,0.0,0.0,4,0.0,0,True,1746968995.6349814,right,False
1288,1746969007.7485812,169.218,-4.07911,-2.92902,0.532904,-0.0823328,6508.74,4,26.286,828.532,853.497,49.6648,1,2,1.0,0.0,0.0,4,0.0,0,True,1746968995.6349814,right,False
1289,1746969007.770393,169.341,-3.10849,-2.92468,0.536926,-0.0758647,6503.09,4,26.308,829.593,854.558,49.6644,1,2,1.0,0.0,0.0,4,0.0,0,True,1746968995.6349814,right,False
1290,1746969007.792156,169.459,-2.22959,-2.90114,0.540885,-0.0695763,6500.17,4,26.33,830.656,855.621,49.6641,1,2,1.0,0.0,0.0,4,0.0,0,True,1746968995.6349814,right,False
1291,1746969007.814053,169.573,-1.44499,-2.8543,0.544753,-0.063494,6497.93,4,26.352,831.719,856.684,49.6637,1,2,1.0,0.0,0.0,4,0.0,0,True,1746968995.6349814,right,False
1292,1746969007.8374183,169.681,-0.754335,-2.78884,0.548511,-0.0576377,6498.15,4,26.374,832.783,857.748,49.6634,1,2,1.0,0.0,0.0,4,0.0,0,True,1746968995.6349814,right,False
1293,1746969007.8579245,169.787,-0.154942,-2.69469,0.55213,-0.0520202,6497.02,4,26.396,833.848,858.813,49.6631,1,2,1.0,0.0,0.0,4,0.0,0,True,1746968995.6349814,right,False
1294,1746969007.8794212,169.889,0.356967,-2.587,0.555593,-0.0466495,6498.6,4,26.418,834.915,859.88,49.6627,1,2,1.0,0.0,0.0,4,0.0,0,True,1746968995.6349814,right,False
1295,1746969007.903502,169.989,0.787231,-2.46753,0.558899,-0.0415242,6501.41,4,26.44,835.982,860.947,49.6624,1,2,1.0,0.0,0.0,4,0.0,0,True,1746968995.6349814,right,False
1296,1746969007.9253047,170.088,1.14224,-2.32222,0.562016,-0.0366397,6502.72,4,26.462,837.05,862.015,49.6621,1,2,1.0,0.0,0.0,4,0.0,0,True,1746968995.6349814,right,False
1297,1746969007.9467714,170.185,1.42929,-2.17305,0.564909,-0.0319872,6505.35,4,26.484,838.119,863.084,49.6617,1,2,1.0,0.0,0.0,4,0.0,0,True,1746968995.6349814,right,False
1298,1746969007.9676697,170.281,1.65479,-2.0039,0.567631,-0.0275562,6507.85,4,26.506,839.189,864.154,49.6614,1,2,1.0,0.0,0.0,4,0.0,0,True,1746968995.6349814,right,False
1299,1746969007.9908948,170.376,1.82637,-1.8277,0.570095,-0.0233313,6510.73,4,26.528,840.259,865.224,49.6611,1,2,1.0,0.0,0.0,4,0.0,0,True,1746968995.6349814,right,False
1300,1746969008.0123706,170.47,1.95194,-1.6402,0.572359,-0.0192926,6512.88,4,26.55,841.331,866.296,49.6607,1,2,1.0,0.0,0.0,4,0.0,0,True,1746968995.6349814,right,False
1301,1746969008.035066,170.563,2.0388,-1.44827,0.57439,-0.0154197,6517.07,4,26.572,842.404,867.369,49.6604,1,2,1.0,0.0,0.0,4,0.0,0,True,1746968995.6349814,right,False
1302,1746969008.0570047,170.657,2.09358,-1.25923,0.576156,-0.0116942,6518.76,4,26.594,843.477,868.442,49.6601,1,2,1.0,0.0,0.0,4,0.0,0,True,1746968995.6349814,right,False
1303,1746969008.077011,170.748,2.12284,-1.06463,0.577702,-0.00809109,6523.1,4,26.616,844.551,869.516,49.6597,1,2,1.0,0.0,0.0,4,0.0,0,True,1746968995.6349814,right,False
1304,1746969008.1002696,170.84,2.13274,-0.875347,0.579028,-0.00459301,6524.68,4,26.638,845.626,870.591,49.6594,1,2,1.0,0.0,0.0,4,0.0,0,True,1746968995.6349814,right,False
1305,1746969008.1227305,170.931,2.12745,-0.689936,0.580092,-0.00118065,6528.77,4,26.66,846.701,871.666,49.659,1,2,1.0,0.0,0.0,4,0.0,0,True,1746968995.6349814,right,False
1306,1746969008.1449966,171.021,2.11016,-0.503545,0.580898,0.00215995,6532.38,4,26.682,847.777,872.742,49.6587,1,2,1.0,0.0,0.0,4,0.0,0,True,1746968995.6349814,right,False
1307,1746969008.166445,171.11,2.08577,-0.321904,0.5815,0.00544441,6535.98,4,26.704,848.854,873.819,49.6584,1,2,1.0,0.0,0.0,4,0.0,0,True,1746968995.6349814,right,False
1308,1746969008.189323,171.199,2.05572,-0.136654,0.58186,0.00868666,6536.83,4,26.726,849.931,874.896,49.658,1,2,1.0,0.0,0.0,4,0.0,0,True,1746968995.6349814,right,False
1309,1746969008.209138,171.287,2.02373,0.0364664,0.58196,0.0118968,6541.92,4,26.748,851.009,875.974,49.6577,1,2,1.0,0.0,0.0,4,0.0,0,True,1746968995.6349814,right,False
1310,1746969008.2319627,171.374,1.99039,0.203881,0.581826,0.0150813,6545.55,4,26.77,852.088,877.053,49.6574,1,2,1.0,0.0,0.1,4,0.0,0,True,1746968995.6349814,right,False
1311,1746969008.254615,171.46,1.95703,0.365885,0.581484,0.0182464,6549.5,4,26.792,853.167,878.132,49.657,1,2,1.0,0.0,0.1,4,0.0,0,True,1746968995.6349814,right,False
1312,1746969008.2771978,171.546,1.92351,0.530841,0.580878,0.0213981,6551.21,4,26.814,854.246,879.211,49.6567,1,2,1.0,0.0,0.1,4,0.0,0,True,1746968995.6349814,right,False
1313,1746969008.2985058,171.63,1.89248,0.687593,0.580042,0.0245428,6555.82,4,26.836,855.326,880.291,49.6564,1,2,1.0,0.0,0.1,4,0.0,0,True,1746968995.6349814,right,False
1314,1746969008.3218668,171.699,2.04453,0.829765,0.579041,0.0266941,6562.77,4,26.858,856.406,881.371,49.656,1,2,1.0,0.0,0.1,4,0.0,0,True,1746968995.6349814,right,False
1315,1746969008.343533,171.766,1.84447,0.94457,0.577966,0.0262833,6573.35,4,26.88,857.487,882.452,49.6557,1,2,1.0,0.0,0.1,4,0.0,0,True,1746968995.6349814,right,False
1316,1746969008.3651123,171.838,1.28081,1.04089,0.576823,0.023644,6581.27,4,26.902,858.568,883.533,49.6554,1,2,1.0,0.0,0.1,4,0.0,0,True,1746968995.6349814,right,False
1317,1746969008.3848164,171.905,0.437315,1.10933,0.575641,0.0191681,6592.33,4,26.924,859.65,884.615,49.655,1,2,1.0,0.0,0.1,4,0.0,0,True,1746968995.6349814,right,False
1318,1746969008.4099298,171.965,-0.604146,1.15108,0.574418,0.013252,6604.57,4,26.946,860.731,885.696,49.6547,1,2,1.0,0.0,0.1,4,0.0,0,True,1746968995.6349814,right,False
1319,1746969008.431812,172.013,-1.77305,1.16616,0.573204,0.0062604,6618.02,4,26.968,861.813,886.778,49.6544,1,2,1.0,0.0,0.1,4,0.0,0,True,1746968995.6349814,right,False
1320,1746969008.4549713,172.045,-3.01762,1.15336,0.571999,-0.00149369,6635.68,4,26.99,862.896,887.861,49.654,1,2,1.0,0.0,0.1,4,0.0,0,True,1746968995.6349814,right,False
1321,1746969008.4754088,172.058,-4.29227,1.11553,0.570841,-0.00970912,6656.81,4,27.012,863.978,888.943,49.6537,1,2,1.0,0.0,0.1,4,0.0,0,True,1746968995.6349814,right,False
1322,1746969008.49623,172.056,-5.56027,1.05877,0.569743,-0.0181701,6679.31,4,27.034,865.061,890.026,49.6533,1,2,1.0,0.0,0.0,4,0.0,0,True,1746968995.6349814,left,False
1323,1746969008.5197942,172.034,-6.80865,0.975415,0.568732,-0.0267069,6708.94,4,27.056,866.144,891.108,49.653,1,2,1.0,0.0,0.0,4,0.0,0,True,1746968995.6349814,left,False
1324,1746969008.5388985,172,-8.01191,0.884854,0.56782,-0.0352237,6734.89,4,27.078,867.226,892.191,49.6527,1,2,1.0,0.0,0.0,4,0.0,0,True,1746968995.6349814,left,False
1325,1746969008.5613935,171.951,-9.16741,0.78068,0.567027,-0.0436506,6762.81,4,27.1,868.309,893.274,49.6523,1,2,1.0,0.0,0.0,4,0.0,0,True,1746968995.6349814,left,False
1326,1746969008.5832963,171.925,-10.3561,0.666996,0.566329,-0.0515721,6771.12,4,27.122,869.392,894.357,49.652,1,2,1.0,0.0,0.0,4,0.0,0,True,1746968995.6349814,left,False
1327,1746969008.606244,171.92,-11.3395,0.558557,0.565708,-0.0582585,6756.84,4,27.144,870.476,895.441,49.6517,1,2,1.0,0.0,0.0,4,0.0,0,True,1746968995.6349814,left,False
1328,1746969008.6290858,171.929,-12.0953,0.456104,0.565171,-0.0638666,6729.9,4,27.166,871.559,896.524,49.6513,1,2,1.0,0.0,0.0,4,0.0,0,True,1746968995.6349814,left,False
1329,1746969008.6503825,171.942,-12.6769,0.350009,0.564744,-0.06864,6704.37,4,27.188,872.644,897.608,49.651,1,2,1.0,0.0,0.0,4,0.0,0,True,1746968995.6349814,left,False
1330,1746969008.6748302,171.957,-13.106,0.256648,0.564425,-0.0727127,6687.57,4,27.21,873.728,898.693,49.6507,1,2,1.0,0.0,0.0,4,0.0,0,True,1746968995.6349814,left,False
1331,1746969008.6948276,171.972,-13.4124,0.170824,0.564219,-0.0761898,6678.99,4,27.232,874.813,899.777,49.6503,1,2,1.0,0.0,0.0,4,0.0,0,True,1746968995.6349814,left,False
1332,1746969008.717727,171.99,-13.6185,0.0815607,0.564136,-0.0791516,6675.8,4,27.254,875.897,900.862,49.65,1,2,1.0,0.0,0.0,4,0.0,0,True,1746968995.6349814,left,False
1333,1746969008.737969,172.01,-13.7428,-0.0145207,0.564197,-0.0816364,6677.36,4,27.276,876.983,901.947,49.6497,1,2,1.0,0.0,0.0,4,0.0,0,True,1746968995.6349814,left,False
1334,1746969008.7618158,172.037,-13.7724,-0.0971667,0.56438,-0.0836542,6677.88,4,27.298,878.068,903.033,49.6493,1,2,1.0,0.0,0.0,4,0.0,0,True,1746968995.6349814,left,False
1335,1746969008.7812748,172.069,-13.7255,-0.184655,0.564681,-0.0852053,6682.67,4,27.32,879.153,904.118,49.649,1,2,1.0,0.0,0.0,4,0.0,0,True,1746968995.6349814,left,False
1336,1746969008.804216,172.104,-13.6121,-0.281384,0.565135,-0.0863032,6691.35,4,27.342,880.239,905.204,49.6486,1,2,1.0,0.0,0.0,4,0.0,0,True,1746968995.6349814,left,False
1337,1746969008.8279753,172.152,-13.4149,-0.369926,0.565715,-0.0869212,6690.8,4,27.364,881.325,906.29,49.6483,1,2,1.0,0.0,0.0,4,0.0,0,True,1746968995.6349814,left,False
1338,1746969008.8475213,172.201,-13.1533,-0.466989,0.566416,-0.0870819,6700.45,4,27.386,882.411,907.376,49.648,1,2,1.0,0.0,0.0,4,0.0,0,True,1746968995.6349814,left,False
1339,1746969008.8697531,172.261,-12.8131,-0.555824,0.56724,-0.0867515,6703.84,4,27.408,883.497,908.462,49.6476,1,2,1.0,0.0,0.0,4,0.0,0,True,1746968995.6349814,left,False
1340,1746969008.8911688,172.329,-12.4031,-0.642223,0.568182,-0.0859399,6705.04,4,27.43,884.584,909.548,49.6473,1,2,1.0,0.0,0.0,4,0.0,0,True,1746968995.6349814,left,False
1341,1746969008.9145203,172.403,-11.931,-0.730608,0.569222,-0.0846541,6707.39,4,27.452,885.67,910.635,49.647,1,2,1.0,0.0,0.0,4,0.0,0,True,1746968995.6349814,left,False
1342,1746969008.9373324,172.484,-11.392,-0.81903,0.570372,-0.0828848,6709.35,4,27.474,886.757,911.722,49.6466,1,2,1.0,0.0,0.0,4,0.0,0,True,1746968995.6349814,left,False
1343,1746969008.959766,172.576,-10.7897,-0.892278,0.571619,-0.0806601,6702.12,4,27.496,887.845,912.81,49.6463,1,2,1.0,0.0,0.0,4,0.0,0,True,1746968995.6349814,left,False
1344,1746969008.9792933,172.668,-10.1403,-0.971,0.572949,-0.0779951,6702.11,4,27.518,888.933,913.897,49.646,1,2,1.0,0.0,0.0,4,0.0,0,True,1746968995.6349814,left,False
1345,1746969009.0032294,172.77,-9.44328,-1.03747,0.574359,-0.0749295,6695.2,4,27.54,890.021,914.986,49.6456,1,2,1.0,0.0,0.0,4,0.0,0,True,1746968995.6349814,left,False
1346,1746969009.02341,172.874,-8.71111,-1.09123,0.575832,-0.0715048,6687.17,4,27.562,891.109,916.074,49.6453,1,2,1.0,0.0,0.0,4,0.0,0,True,1746968995.6349814,left,False
1347,1746969009.0457385,172.98,-7.95835,-1.14158,0.577364,-0.0677605,6680.7,4,27.584,892.199,917.163,49.645,1,2,1.0,0.0,0.0,4,0.0,0,True,1746968995.6349814,left,False
1348,1746969009.068578,173.087,-7.19543,-1.18243,0.578929,-0.0637536,6675.72,4,27.606,893.288,918.253,49.6446,1,2,1.0,0.0,0.0,4,0.0,0,True,1746968995.6349814,left,False
1349,1746969009.09046,173.196,-6.42888,-1.21192,0.580528,-0.0595191,6667.61,4,27.628,894.379,919.343,49.6443,1,2,1.0,0.0,0.0,4,0.0,0,True,1746968995.6349814,left,False
1350,1746969009.111094,173.3,-5.67544,-1.23465,0.582127,-0.0551102,6666.43,4,27.65,895.469,920.434,49.6439,1,2,1.0,0.0,0.0,4,0.0,0,True,1746968995.6349814,left,False
1351,1746969009.136194,173.405,-4.93761,-1.23343,0.583716,-0.0505664,6661.95,4,27.672,896.561,921.526,49.6436,1,2,1.0,0.0,0.0,4,0.0,0,True,1746968995.6349814,left,False
1352,1746969009.1567285,173.51,-4.22697,-1.22347,0.585274,-0.0459275,6657.19,4,27.694,897.653,922.618,49.6433,1,2,1.0,0.0,0.0,4,0.0,0,True,1746968995.6349814,left,False
1353,1746969009.1769984,173.611,-3.55099,-1.20238,0.58679,-0.0412352,6656.08,4,27.716,898.746,923.711,49.6429,1,2,1.0,0.0,0.0,4,0.0,0,True,1746968995.6349814,left,False
1354,1746969009.2024817,173.71,-2.91455,-1.17119,0.588245,-0.0365169,6655.7,4,27.738,899.839,924.804,49.6426,1,2,1.0,0.0,0.0,4,0.0,0,True,1746968995.6349814,left,False
1355,1746969009.225507,173.809,-2.31952,-1.11466,0.589622,-0.031806,6653.24,4,27.76,900.933,925.898,49.6423,1,2,1.0,0.0,0.0,4,0.0,0,True,1746968995.6349814,left,False
1356,1746969009.243622,173.903,-1.77216,-1.05237,0.59089,-0.0271232,6654.23,4,27.782,902.028,926.993,49.6419,1,2,1.0,0.0,0.0,4,0.0,0,True,1746968995.6349814,left,False
1357,1746969009.2689025,173.995,-1.2724,-0.977454,0.592043,-0.0224919,6656.4,4,27.804,903.123,928.088,49.6416,1,2,1.0,0.0,0.0,4,0.0,0,True,1746968995.6349814,left,False
1358,1746969009.2918377,174.087,-0.820207,-0.885448,0.593056,-0.0179267,6657.19,4,27.826,904.219,929.184,49.6413,1,2,1.0,0.0,0.0,4,0.0,0,True,1746968995.6349814,left,False
1359,1746969009.3104897,174.178,-0.414872,-0.775561,0.593933,-0.0134382,6656.6,4,27.848,905.316,930.281,49.6409,1,2,1.0,0.0,0.0,4,0.0,0,True,1746968995.6349814,right,False
1360,1746969009.3326504,174.266,-0.0563105,-0.659678,0.594645,-0.00904012,6659.1,4,27.87,906.413,931.378,49.6406,1,2,1.0,0.0,0.0,4,0.0,0,True,1746968995.6349814,right,False
1361,1746969009.3538332,174.353,0.258853,-0.529874,0.595184,-0.00473332,6660.43,4,27.892,907.511,932.476,49.6403,1,2,1.0,0.0,0.0,4,0.0,0,True,1746968995.6349814,right,False
1362,1746969009.3764951,174.438,0.532264,-0.396372,0.595536,-0.000524282,6663.62,4,27.914,908.609,933.574,49.6399,1,2,1.0,0.0,0.0,4,0.0,0,True,1746968995.6349814,right,False
1363,1746969009.3987687,174.523,0.766714,-0.241825,0.595699,0.00358677,6664.78,4,27.936,909.708,934.673,49.6396,1,2,1.0,0.0,0.0,4,0.0,0,True,1746968995.6349814,right,False
1364,1746969009.4205036,174.606,0.965994,-0.0922301,0.595669,0.00760198,6667.32,4,27.958,910.808,935.773,49.6392,1,2,1.0,0.0,0.0,4,0.0,0,True,1746968995.6349814,right,False
1365,1746969009.4441714,174.688,1.13318,0.0695961,0.595416,0.0115263,6670.08,4,27.98,911.908,936.873,49.6389,1,2,1.0,0.0,0.0,4,0.0,0,True,1746968995.6349814,right,False
1366,1746969009.4635513,174.77,1.27225,0.232946,0.59494,0.0153666,6672.56,4,28.002,913.009,937.974,49.6386,1,2,1.0,0.0,0.0,4,0.0,0,True,1746968995.6349814,right,False
1367,1746969009.4868767,174.85,1.38617,0.404516,0.594271,0.019129,6674.83,4,28.024,914.11,939.075,49.6382,1,2,1.0,0.0,0.0,4,0.0,0,True,1746968995.6349814,right,False
1368,1746969009.510307,174.931,1.47825,0.580936,0.593351,0.0228207,6675.79,4,28.046,915.211,940.176,49.6379,1,2,1.0,0.0,0.0,4,0.0,0,True,1746968995.6349814,right,False
1369,1746969009.5294485,175.008,1.55321,0.741757,0.592234,0.026449,6681.59,4,28.068,916.313,941.278,49.6376,1,2,1.0,0.0,0.0,4,0.0,0,True,1746968995.6349814,right,False
1370,1746969009.5536659,175.087,1.61179,0.910487,0.590847,0.0300214,6683.42,4,28.09,917.415,942.38,49.6372,1,2,1.0,0.0,0.0,4,0.0,0,True,1746968995.6349814,right,False
1371,1746969009.573262,175.165,1.657,1.08318,0.589264,0.0335467,6685.12,4,28.112,918.518,943.483,49.6369,1,2,1.0,0.0,0.0,4,0.0,0,True,1746968995.6349814,right,False
1372,1746969009.5956538,175.241,1.69188,1.25156,0.587415,0.0370295,6688.06,4,28.134,919.621,944.585,49.6366,1,2,1.0,0.0,0.0,4,0.0,0,True,1746968995.6349814,right,False
1373,1746969009.6176007,175.317,1.718,1.4201,0.585356,0.0404804,6692.11,4,28.156,920.724,945.689,49.6362,1,2,1.0,0.0,0.0,4,0.0,0,True,1746968995.6349814,right,False
1374,1746969009.6395757,175.392,1.73697,1.59057,0.58304,0.0438986,6694.14,4,28.178,921.827,946.792,49.6359,1,2,1.0,0.0,0.0,4,0.0,0,True,1746968995.6349814,right,False
1375,1746969009.6621568,175.467,1.74954,1.75534,0.580489,0.0472918,6697.24,4,28.2,922.931,947.896,49.6356,1,2,1.0,0.0,0.0,4,0.0,0,True,1746968995.6349814,right,False
1376,1746969009.6855216,175.54,1.75858,1.91408,0.577704,0.0506642,6701.05,4,28.222,924.034,948.999,49.6352,1,2,1.0,0.0,0.0,4,0.0,0,True,1746968995.6349814,right,False
1377,1746969009.7060282,175.612,1.76348,2.06965,0.57467,0.0540142,6704.48,4,28.244,925.138,950.103,49.6349,1,2,1.0,0.0,0.0,4,0.0,0,True,1746968995.6349814,right,False
1378,1746969009.7283018,175.683,1.76488,2.22359,0.571417,0.0573454,6708.11,4,28.266,926.242,951.207,49.6345,1,2,1.0,0.0,0.0,4,0.0,0,True,1746968995.6349814,right,False
1379,1746969009.7503948,175.755,1.76263,2.38314,0.567898,0.0606575,6710.31,4,28.288,927.346,952.311,49.6342,1,2,1.0,0.0,0.0,4,0.0,0,True,1746968995.6349814,right,False
1380,1746969009.77268,175.826,1.75814,2.53984,0.564164,0.063956,6712.72,4,28.31,928.451,953.415,49.6339,1,2,1.0,0.0,0.0,4,0.0,0,True,1746968995.6349814,right,False
1381,1746969009.7931452,175.896,1.75063,2.70653,0.560172,0.0672393,6714.33,4,28.332,929.555,954.52,49.6335,1,2,1.0,0.0,0.0,4,0.0,0,True,1746968995.6349814,right,False
1382,1746969009.8162136,175.965,1.74296,2.85165,0.555951,0.0705101,6718.67,4,28.354,930.659,955.624,49.6332,1,2,1.0,0.0,0.1,4,0.0,0,True,1746968995.6349814,right,False
1383,1746969009.838763,176.033,1.73415,3.00781,0.551493,0.0737705,6720.94,4,28.376,931.763,956.728,49.6329,1,2,1.0,0.0,0.1,4,0.0,0,True,1746968995.6349814,right,False
1384,1746969009.8600156,176.101,1.72414,3.16431,0.546773,0.0770204,6723.67,4,28.398,932.867,957.832,49.6325,1,2,1.0,0.0,0.1,4,0.0,0,True,1746968995.6349814,right,False
1385,1746969009.8847532,176.167,1.7136,3.30902,0.54185,0.0802608,6726.3,4,28.42,933.971,958.936,49.6322,1,2,1.0,0.0,0.1,4,0.0,0,True,1746968995.6349814,right,False
1386,1746969009.9039927,176.219,1.8782,3.46867,0.536721,0.0825062,6730.67,4,28.442,935.075,960.04,49.6319,1,2,1.0,0.0,0.1,4,0.0,0,True,1746968995.6349814,right,False
1387,1746969009.9267519,176.268,1.67982,3.59675,0.531519,0.0821836,6739.42,4,28.464,936.179,961.143,49.6315,1,2,1.0,0.0,0.1,4,0.0,0,True,1746968995.6349814,right,False
1388,1746969009.94867,176.319,1.10387,3.70266,0.526245,0.0796282,6747.76,4,28.486,937.282,962.247,49.6312,1,2,1.0,0.0,0.1,4,0.0,0,True,1746968995.6349814,right,False
1389,1746969009.9705658,176.367,0.241393,3.78776,0.520915,0.0752351,6757.29,4,28.508,938.386,963.351,49.6309,1,2,1.0,0.0,0.1,4,0.0,0,True,1746968995.6349814,right,False
1390,1746969009.9918532,176.407,-0.824948,3.84323,0.515546,0.0693862,6769.04,4,28.53,939.489,964.454,49.6305,1,2,1.0,0.0,0.1,4,0.0,0,True,1746968995.6349814,right,False
1391,1746969010.0154958,176.434,-2.02709,3.87071,0.510175,0.0624473,6782.11,4,28.552,940.593,965.558,49.6302,1,2,1.0,0.0,0.1,4,0.0,0,True,1746968995.6349814,right,False
1392,1746969010.0366178,176.445,-3.304,3.87677,0.504816,0.0547495,6796.3,4,28.574,941.696,966.661,49.6298,1,2,1.0,0.0,0.1,4,0.0,0,True,1746968995.6349814,right,False
1393,1746969010.0587523,176.435,-4.61529,3.85881,0.499497,0.046572,6802.38,4,28.596,942.799,967.764,49.6295,1,2,1.0,0.0,0.0,4,0.0,0,True,1746968995.6349814,left,False
1394,1746969010.0788016,176.397,-5.9275,3.80751,0.494242,0.0381434,6808.8,4,28.618,943.902,968.867,49.6293,1,2,1.0,0.0,0.0,4,0.0,0,True,1746968995.6349814,left,False
1395,1746969010.1033323,176.335,-7.21282,3.73988,0.489069,0.0296192,6776.42,4,28.64,945.005,969.97,49.6291,1,2,1.0,0.0,0.0,4,0.0,0,True,1746968995.6349814,left,False
1396,1746969010.1236029,176.249,-8.46453,3.65065,0.483986,0.0210984,6809.26,4,28.662,946.108,971.073,49.6288,1,2,1.0,0.0,0.0,4,0.0,0,True,1746968995.6349814,left,False
1397,1746969010.1476398,176.173,-9.76048,3.54801,0.478994,0.0130508,6787.32,4,28.684,947.21,972.175,49.6286,1,2,1.0,0.0,0.0,4,0.0,0,True,1746968995.6349814,left,False
1398,1746969010.1702054,176.117,-10.8374,3.45734,0.474046,0.00623846,6804.49,4,28.706,948.312,973.277,49.6283,1,2,1.0,0.0,0.0,4,0.0,0,True,1746968995.6349814,left,False
1399,1746969010.1893427,176.071,-11.6901,3.364,0.469167,0.000455379,6798.66,4,28.728,949.414,974.379,49.628,1,2,1.0,0.0,0.0,4,0.0,0,True,1746968995.6349814,left,False
1400,1746969010.212378,176.036,-12.3603,3.26687,0.464372,-0.0045085,6802.51,4,28.75,950.515,975.48,49.6277,1,2,1.0,0.0,0.0,4,0.0,0,True,1746968995.6349814,left,False
1401,1746969010.2365603,176.012,-12.8872,3.18251,0.459664,-0.00882006,6795.75,4,28.772,951.617,976.582,49.6274,1,2,1.0,0.0,0.0,4,0.0,0,True,1746968995.6349814,left,False
1402,1746969010.2547379,175.993,-13.2931,3.09675,0.455062,-0.0125732,6806.18,4,28.794,952.719,977.683,49.6271,1,2,1.0,0.0,0.0,4,0.0,0,True,1746968995.6349814,left,False
1403,1746969010.2774723,175.977,-13.5985,3.01669,0.450576,-0.0158315,6800.61,4,28.816,953.82,978.785,49.6268,1,2,1.0,0.0,0.0,4,0.0,0,True,1746968995.6349814,left,False
1404,1746969010.300409,175.97,-13.8218,2.92713,0.446204,-0.0186732,6808.1,4,28.838,954.921,979.886,49.6265,1,2,1.0,0.0,0.0,4,0.0,0,True,1746968995.6349814,left,False
1405,1746969010.3234808,175.961,-13.9656,2.84361,0.441947,-0.0211205,6806.71,4,28.86,956.023,980.988,49.6262,1,2,1.0,0.0,0.0,4,0.0,0,True,1746968995.6349814,left,False
1406,1746969010.3447337,175.955,-14.038,2.74762,0.437813,-0.0231488,6780.72,4,28.882,957.124,982.089,49.6259,1,2,1.0,0.0,0.0,4,0.0,0,True,1746968995.6349814,left,False
1407,1746969010.3651016,175.949,-14.0314,2.65388,0.433795,-0.0247281,6801.43,4,28.904,958.225,983.19,49.6256,1,2,1.0,0.0,0.0,4,0.0,0,True,1746968995.6349814,left,False
1408,1746969010.387552,175.952,-13.9507,2.55746,0.429895,-0.0258725,6782.38,4,28.926,959.326,984.29,49.6253,1,2,1.0,0.0,0.0,4,0.0,0,True,1746968995.6349814,left,False
1409,1746969010.4118092,175.959,-13.7855,2.45994,0.426119,-0.0265315,6805.92,4,28.948,960.426,985.391,49.625,1,2,1.0,0.0,0.0,4,0.0,0,True,1746968995.6349814,left,False
1410,1746969010.4312565,175.976,-13.5655,2.36843,0.422447,-0.0268016,6798.9,4,28.97,961.527,986.492,49.6247,1,2,1.0,0.0,0.0,4,0.0,0,True,1746968995.6349814,left,False
1411,1746969010.4547446,175.995,-13.2836,2.26719,0.418896,-0.0266991,6807.19,4,28.992,962.627,987.592,49.6244,1,2,1.0,0.0,0.0,4,0.0,0,True,1746968995.6349814,left,False
1412,1746969010.478391,176.027,-12.91,2.20895,0.41546,-0.0261507,6797.84,4,29.014,963.728,988.692,49.6241,1,2,1.0,0.0,0.0,4,0.0,0,True,1746968995.6349814,left,False
1413,1746969010.4978197,176.059,-12.4819,2.1268,0.412126,-0.0251386,6808.25,4,29.036,964.828,989.793,49.6238,1,2,1.0,0.0,0.0,4,0.0,0,True,1746968995.6349814,left,False
1414,1746969010.5215173,176.097,-11.9696,2.05493,0.408897,-0.0235975,6804.97,4,29.058,965.928,990.893,49.6236,1,2,1.0,0.0,0.0,4,0.0,0,True,1746968995.6349814,left,False
1415,1746969010.5410519,176.144,-11.3858,1.98909,0.405768,-0.021549,6800.43,4,29.08,967.028,991.993,49.6233,1,2,1.0,0.0,0.0,4,0.0,0,True,1746968995.6349814,left,False
1416,1746969010.5653534,176.201,-10.756,1.92976,0.402736,-0.019093,6803.81,4,29.102,968.128,993.093,49.623,1,2,1.0,0.0,0.0,4,0.0,0,True,1746968995.6349814,left,False
1417,1746969010.5857382,176.264,-10.0805,1.86686,0.399774,-0.0162385,6807.51,4,29.124,969.228,994.193,49.6227,1,2,1.0,0.0,0.0,4,0.0,0,True,1746968995.6349814,left,False
1418,1746969010.608999,176.332,-9.36656,1.81066,0.396875,-0.0130045,6807.52,4,29.146,970.328,995.293,49.6224,1,2,1.0,0.0,0.0,4,0.0,0,True,1746968995.6349814,left,False
1419,1746969010.6305017,176.409,-8.62274,1.76677,0.394037,-0.00944877,6798.07,4,29.168,971.428,996.393,49.6221,1,2,1.0,0.0,0.0,4,0.0,0,True,1746968995.6349814,left,False
1420,1746969010.65226,176.49,-7.86838,1.72373,0.391231,-0.0056169,6803.69,4,29.19,972.528,997.493,49.6217,1,2,1.0,0.0,0.0,4,0.0,0,True,1746968995.6349814,left,False
1421,1746969010.6739137,176.579,-7.10314,1.70294,0.388458,-0.00154305,6798.23,4,29.212,973.629,998.594,49.6214,1,2,1.0,0.0,0.0,4,0.0,0,True,1746968995.6349814,left,False
1422,1746969010.697497,176.668,-6.34425,1.67642,0.385689,0.00273013,6793.79,4,29.234,974.73,999.694,49.6211,1,2,1.0,0.0,0.0,4,0.0,0,True,1746968995.6349814,left,False
1423,1746969010.7199023,176.756,-5.59616,1.67521,0.382912,0.00715566,6790.18,4,29.256,975.83,1000.8,49.6207,1,2,1.0,0.0,0.0,4,0.0,0,True,1746968995.6349814,left,False
1424,1746969010.7420416,176.843,-4.8696,1.67831,0.380121,0.0117078,6785.76,4,29.278,976.932,1001.9,49.6204,1,2,1.0,0.0,0.0,4,0.0,0,True,1746968995.6349814,left,False
1425,1746969010.7627318,176.928,-4.1701,1.69286,0.377287,0.0163348,6783.15,4,29.3,978.033,1003,49.62,1,2,1.0,0.0,0.0,4,0.0,0,True,1746968995.6349814,left,False
1426,1746969010.7844963,177.012,-3.50544,1.72193,0.374396,0.0210171,6780.49,4,29.322,979.135,1004.1,49.6197,1,2,1.0,0.0,0.0,4,0.0,0,True,1746968995.6349814,left,False
1427,1746969010.809967,177.092,-2.88082,1.74982,0.371421,0.0257137,6781.21,4,29.344,980.236,1005.2,49.6194,1,2,1.0,0.0,0.0,4,0.0,0,True,1746968995.6349814,left,False
1428,1746969010.8278446,177.17,-2.29725,1.79988,0.368392,0.0291135,6782.25,4,29.366,981.331,1006.3,49.619,1,2,1.0,0.0,0.0,4,0.0,0,True,1746968995.6349814,right,False
1429,1746969010.8507628,177.246,-1.75613,1.84057,0.365389,0.0316336,6786.07,4,29.388,982.421,1007.39,49.6187,1,2,1.0,0.0,0.0,4,0.0,0,True,1746968995.6349814,right,False
1430,1746969010.8732996,177.321,-1.25842,1.87996,0.36241,0.0341272,6788.52,4,29.41,983.512,1008.48,49.6184,1,2,1.0,0.0,0.0,4,0.0,0,True,1746968995.6349814,right,False
1431,1746969010.894495,177.394,-0.805131,1.91173,0.359448,0.0365722,6791.07,4,29.432,984.603,1009.57,49.618,1,2,1.0,0.0,0.0,4,0.0,0,True,1746968995.6349814,right,False
1432,1746969010.9174702,177.467,-0.39601,1.93262,0.35649,0.0389481,6794.32,4,29.454,985.695,1010.66,49.6177,1,2,1.0,0.0,0.0,4,0.0,0,True,1746968995.6349814,right,False
1433,1746969010.9372256,177.539,-0.0299351,1.95734,0.353516,0.0412412,6796.41,4,29.476,986.786,1011.75,49.6174,1,2,1.0,0.0,0.0,4,0.0,0,True,1746968995.6349814,right,False
1434,1746969010.9597466,177.61,0.294427,1.97943,0.350517,0.0434415,6798.77,4,29.498,987.879,1012.84,49.617,1,2,1.0,0.0,0.0,4,0.0,0,True,1746968995.6349814,right,False
1435,1746969010.9817808,177.681,0.578711,2.00188,0.347485,0.0455425,6800.44,4,29.52,988.971,1013.94,49.6167,1,2,1.0,0.0,0.0,4,0.0,0,True,1746968995.6349814,right,False
1436,1746969011.0049138,177.75,0.825759,2.02561,0.344409,0.0475421,6803.45,4,29.542,990.064,1015.03,49.6164,1,2,1.0,0.0,0.0,4,0.0,0,True,1746968995.6349814,right,False
1437,1746969011.0262938,177.82,1.03798,2.05745,0.34128,0.0494413,6805.1,4,29.564,991.157,1016.12,49.616,1,2,1.0,0.0,0.0,4,0.0,0,True,1746968995.6349814,right,False
1438,1746969011.0485148,177.886,1.21839,2.08013,0.338106,0.0512445,6794.9,4,29.586,992.251,1017.22,49.6157,1,2,1.0,0.0,0.0,4,0.0,0,True,1746968995.6349814,right,False
1439,1746969011.0703192,177.948,1.36994,2.11824,0.334855,0.0529568,6805.38,4,29.608,993.345,1018.31,49.6154,1,2,1.0,0.0,0.0,4,0.0,0,True,1746968995.6349814,right,False
1440,1746969011.093687,178.008,1.49666,2.14974,0.331551,0.0545878,6802.12,4,29.63,994.439,1019.4,49.6151,1,2,1.0,0.0,0.0,4,0.0,0,True,1746968995.6349814,right,False
1441,1746969011.11559,178.068,1.60071,2.18958,0.328166,0.0561452,6797.75,4,29.652,995.533,1020.5,49.6148,1,2,1.0,0.0,0.0,4,0.0,0,True,1746968995.6349814,right,False
1442,1746969011.1356473,178.126,1.68566,2.23954,0.324715,0.0576372,6797.91,4,29.674,996.628,1021.59,49.6145,1,2,1.0,0.0,0.0,4,0.0,0,True,1746968995.6349814,right,False
1443,1746969011.1597903,178.182,1.75375,2.29145,0.321167,0.0590718,6798.38,4,29.696,997.722,1022.69,49.6142,1,2,1.0,0.0,0.0,4,0.0,0,True,1746968995.6349814,right,False
1444,1746969011.178934,178.236,1.80894,2.34418,0.317574,0.0604584,6803.6,4,29.718,998.818,1023.78,49.6139,1,2,1.0,0.0,0.0,4,0.0,0,True,1746968995.6349814,right,False
1445,1746969011.2015193,178.289,1.85111,2.40423,0.313867,0.0618005,6807.47,4,29.74,999.913,1024.88,49.6135,1,2,1.0,0.0,0.0,4,0.0,0,True,1746968995.6349814,right,False
1446,1746969011.2275126,178.341,1.88233,2.46683,0.310099,0.0630987,6794.37,4,29.762,1001.01,1025.97,49.6133,1,2,1.0,0.0,0.1,4,0.0,0,True,1746968995.6349814,right,False
1447,1746969011.2481227,178.39,1.90503,2.52523,0.306242,0.0643613,6806.51,4,29.784,1002.1,1027.07,49.613,1,2,1.0,0.0,0.1,4,0.0,0,True,1746968995.6349814,right,False
1448,1746969011.2672682,178.437,1.92098,2.5854,0.302283,0.0655932,6801.88,4,29.806,1003.2,1028.16,49.6127,1,2,1.0,0.0,0.1,4,0.0,0,True,1746968995.6349814,right,False
1449,1746969011.2897048,178.484,1.93176,2.64503,0.298291,0.0668011,6799.95,4,29.828,1004.29,1029.26,49.6124,1,2,1.0,0.0,0.1,4,0.0,0,True,1746968995.6349814,right,False
1450,1746969011.3146744,178.515,2.09823,2.69946,0.294234,0.0670681,6800.88,4,29.85,1005.39,1030.36,49.6121,1,2,1.0,0.0,0.1,4,0.0,0,True,1746968995.6349814,right,False
1451,1746969011.3362925,178.539,1.91797,2.73425,0.290234,0.064913,6808.65,4,29.872,1006.49,1031.45,49.6119,1,2,1.0,0.0,0.1,4,0.0,0,True,1746968995.6349814,right,False
1452,1746969011.3550134,178.563,1.36799,2.74079,0.286316,0.0606394,6804.75,4,29.894,1007.58,1032.55,49.6116,1,2,1.0,0.0,0.1,4,0.0,0,True,1746968995.6349814,right,False
1453,1746969011.3789947,178.581,0.535439,2.73215,0.282467,0.0545909,6814.88,4,29.916,1008.68,1033.64,49.6114,1,2,1.0,0.0,0.1,4,0.0,0,True,1746968995.6349814,right,False
1454,1746969011.4003859,178.59,-0.508795,2.69638,0.278727,0.0471003,6777.34,4,29.938,1009.78,1034.74,49.6112,1,2,1.0,0.0,0.1,4,0.0,0,True,1746968995.6349814,right,False
1455,1746969011.4213595,178.581,-1.69803,2.64292,0.275106,0.0384974,6816.2,4,29.96,1010.87,1035.84,49.611,1,2,1.0,0.0,0.1,4,0.0,0,True,1746968995.6349814,right,False
1456,1746969011.444726,178.554,-2.98335,2.55581,0.271635,0.0290911,6779.46,4,29.982,1011.97,1036.93,49.6108,1,2,1.0,0.0,0.1,4,0.0,0,True,1746968995.6349814,right,False
1457,1746969011.4659994,178.509,-4.31287,2.44791,0.268327,0.0191431,6816.76,4,30.004,1013.06,1038.03,49.6106,1,2,1.0,0.0,0.1,4,0.0,0,True,1746968995.6349814,right,False
1458,1746969011.4897351,178.442,-5.65749,2.3198,0.265218,0.00886607,6790.67,4,30.026,1014.16,1039.13,49.6104,1,2,1.0,0.0,0.1,4,0.0,0,True,1746968995.6349814,right,False
1459,1746969011.509904,178.356,-6.99125,2.17154,0.262305,-0.00157809,6825.14,4,30.048,1015.26,1040.22,49.6103,1,2,1.0,0.0,0.1,4,0.0,0,True,1746968995.6349814,right,False
1460,1746969011.5312083,178.253,-8.30896,2.0043,0.259615,-0.0120931,6807.56,4,30.07,1016.35,1041.32,49.6101,1,2,1.0,0.0,0.1,4,0.0,0,True,1746968995.6349814,right,False
1461,1746969011.554406,178.131,-9.59596,1.82309,0.257166,-0.0226257,6835.17,4,30.092,1017.45,1042.41,49.6099,1,2,1.0,0.0,0.1,4,0.0,0,True,1746968995.6349814,right,False
1462,1746969011.578445,177.996,-10.8484,1.63851,0.254964,-0.0331476,6805.7,4,30.114,1018.54,1043.51,49.6098,1,2,1.0,0.0,0.1,4,0.0,0,True,1746968995.6349814,right,False
1463,1746969011.5986934,177.847,-12.0701,1.44265,0.253023,-0.0436585,6831.72,4,30.136,1019.64,1044.6,49.6097,1,2,1.0,0.0,0.1,4,0.0,0,True,1746968995.6349814,right,False
1464,1746969011.6197186,177.685,-13.2755,1.23933,0.251343,-0.0542028,6805.28,4,30.158,1020.73,1045.7,49.6096,1,2,1.0,0.0,0.1,4,0.0,0,True,1746968995.6349814,right,False
1465,1746969011.641189,177.51,-14.4621,1.03224,0.249939,-0.0647786,6831.37,4,30.18,1021.83,1046.79,49.6094,1,2,1.0,0.0,0.0,4,0.0,0,True,1746968995.6349814,left,False
1466,1746969011.664307,177.323,-15.6398,0.818731,0.248824,-0.0754199,6800.2,4,30.202,1022.92,1047.88,49.6093,1,2,1.0,0.0,0.0,4,0.0,0,True,1746968995.6349814,left,False
1467,1746969011.686584,177.126,-16.7951,0.616852,0.247998,-0.0861113,6817.92,4,30.224,1024.01,1048.98,49.6091,1,2,1.0,0.0,0.0,4,0.0,0,True,1746968995.6349814,left,False
1468,1746969011.7095685,176.915,-17.9551,0.396816,0.247469,-0.0968611,6805.47,4,30.246,1025.11,1050.07,49.609,1,2,1.0,0.0,0.0,4,0.0,0,True,1746968995.6349814,left,False
1469,1746969011.7300034,176.712,-19.1451,0.178539,0.247245,-0.107434,6831.67,4,30.268,1026.2,1051.16,49.6088,1,2,1.0,0.0,0.0,4,0.0,0,True,1746968995.6349814,left,False
1470,1746969011.7537055,176.525,-20.2324,-0.0263626,0.24729,-0.117471,6804.56,4,30.29,1027.29,1052.25,49.6087,1,2,1.0,0.0,0.0,4,0.0,0,True,1746968995.6349814,left,False
1471,1746969011.774556,176.338,-21.2048,-0.23793,0.247624,-0.126999,6797.96,4,30.312,1028.38,1053.34,49.6085,1,2,1.0,0.0,0.0,4,0.0,0,True,1746968995.6349814,left,False
1472,1746969011.7959611,176.154,-22.0769,-0.436574,0.24825,-0.136111,6823.98,4,30.334,1029.47,1054.44,49.6083,1,2,1.0,0.0,0.0,4,0.0,0,True,1746968995.6349814,left,False
1473,1746969011.8188474,175.973,-22.8633,-0.636425,0.24917,-0.144832,6792.61,4,30.356,1030.56,1055.53,49.6082,1,2,1.0,0.0,0.0,4,0.0,0,True,1746968995.6349814,left,False
1474,1746969011.8388867,175.793,-23.5691,-0.843326,0.250407,-0.153149,6822.68,4,30.378,1031.65,1056.62,49.608,1,2,1.0,0.0,0.0,4,0.0,0,True,1746968995.6349814,left,False
1475,1746969011.862403,175.614,-24.2072,-1.05499,0.251953,-0.16108,6798.95,4,30.4,1032.74,1057.7,49.6078,1,2,1.0,0.0,0.0,4,0.0,0,True,1746968995.6349814,left,False
1476,1746969011.8853722,175.442,-24.7605,-1.26119,0.253809,-0.168627,6831.25,4,30.422,1033.83,1058.79,49.6077,1,2,1.0,0.0,0.0,4,0.0,0,True,1746968995.6349814,left,False
1477,1746969011.9051661,175.275,-25.2457,-1.47508,0.255977,-0.175771,6809.3,4,30.444,1034.92,1059.88,49.6075,1,2,1.0,0.0,0.0,4,0.0,0,True,1746968995.6349814,left,False
1478,1746969011.9285674,175.113,-25.6452,-1.68308,0.258459,-0.182502,6830.07,4,30.466,1036,1060.97,49.6074,1,2,1.0,0.0,0.0,4,0.0,0,True,1746968995.6349814,left,False
1479,1746969011.9518733,174.957,-25.9793,-1.90315,0.261255,-0.188807,6798.28,4,30.488,1037.09,1062.05,49.6072,1,2,1.0,0.0,0.0,4,0.0,0,True,1746968995.6349814,left,False
1480,1746969011.9720633,174.808,-26.2296,-2.11649,0.264364,-0.194675,6828.13,4,30.51,1038.17,1063.14,49.6071,1,2,1.0,0.0,0.0,4,0.0,0,True,1746968995.6349814,left,False
1481,1746969011.9926286,174.669,-26.3943,-2.33543,0.267786,-0.200072,6804.45,4,30.532,1039.26,1064.22,49.607,1,2,1.0,0.0,0.0,4,0.0,0,True,1746968995.6349814,left,False
1482,1746969012.0163126,174.543,-26.4769,-2.54966,0.271521,-0.204984,6810.32,4,30.554,1040.34,1065.31,49.6068,1,2,1.0,0.0,0.0,4,0.0,0,True,1746968995.6349814,left,False
1483,1746969012.0371122,174.434,-26.4574,-2.76094,0.275574,-0.209405,6796.16,4,30.576,1041.43,1066.39,49.6067,1,2,1.0,0.0,0.0,4,0.0,0,True,1746968995.6349814,left,False
1484,1746969012.0600958,174.336,-26.3575,-2.96843,0.279944,-0.213322,6822.38,4,30.598,1042.51,1067.47,49.6066,1,2,1.0,0.0,0.0,4,0.0,0,True,1746968995.6349814,left,False
1485,1746969012.0814025,174.254,-26.1732,-3.18243,0.284631,-0.216765,6799.77,4,30.62,1043.59,1068.55,49.6064,1,2,1.0,0.0,0.0,4,0.0,0,True,1746968995.6349814,left,False
1486,1746969012.1057718,174.185,-25.902,-3.39323,0.289628,-0.21971,6830.51,4,30.642,1044.67,1069.63,49.6063,1,2,1.0,0.0,0.0,4,0.0,0,True,1746968995.6349814,left,False
1487,1746969012.12575,174.131,-25.5559,-3.60701,0.29495,-0.222175,6804.26,4,30.664,1045.75,1070.71,49.6062,1,2,1.0,0.0,0.0,4,0.0,0,True,1746968995.6349814,left,False
1488,1746969012.1482015,174.093,-25.1348,-3.81515,0.300574,-0.224219,6829.58,4,30.686,1046.83,1071.79,49.606,1,2,1.0,0.0,0.0,4,0.0,0,True,1746968995.6349814,left,False
1489,1746969012.1687899,174.075,-24.6275,-4.02016,0.306519,-0.225809,6821.87,4,30.708,1047.9,1072.87,49.6059,1,2,1.0,0.0,0.0,4,0.0,0,True,1746968995.6349814,left,False
1490,1746969012.1930645,174.066,-24.0541,-4.22435,0.312773,-0.226943,6792.6,4,30.73,1048.98,1073.95,49.6057,1,2,1.0,0.0,0.0,4,0.0,0,True,1746968995.6349814,left,False
1491,1746969012.214405,174.069,-23.4122,-4.43508,0.319336,-0.22763,6831.05,4,30.752,1050.06,1075.02,49.6056,1,2,1.0,0.0,0.0,4,0.0,0,True,1746968995.6349814,left,False
1492,1746969012.2351644,174.089,-22.6941,-4.63321,0.326213,-0.22788,6806.3,4,30.774,1051.13,1076.1,49.6054,1,2,1.0,0.0,0.0,4,0.0,0,True,1746968995.6349814,left,False
1493,1746969012.259397,174.122,-21.9129,-4.83566,0.333386,-0.227697,6834.4,4,30.796,1052.21,1077.17,49.6052,1,2,1.0,0.0,-0.1,4,0.0,0,True,1746968995.6349814,left,False
1494,1746969012.2813008,174.163,-21.0622,-5.03504,0.340869,-0.227074,6827.57,4,30.818,1053.28,1078.25,49.6051,1,2,1.0,0.0,-0.1,4,0.0,0,True,1746968995.6349814,left,False
1495,1746969012.3025618,174.218,-20.1576,-5.23371,0.348645,-0.226055,6794.35,4,30.84,1054.35,1079.32,49.6049,1,2,1.0,0.0,-0.1,4,0.0,0,True,1746968995.6349814,left,False
1496,1746969012.3242688,174.285,-19.1962,-5.42703,0.356714,-0.224654,6810.6,4,30.862,1055.43,1080.39,49.6047,1,2,1.0,0.0,-0.1,4,0.0,0,True,1746968995.6349814,left,False
1497,1746969012.3457658,174.383,-18.2716,-5.61829,0.365047,-0.222503,6778.82,4,30.884,1056.5,1081.46,49.6045,1,2,1.0,0.0,-0.1,4,0.0,0,True,1746968995.6349814,left,False
1498,1746969012.3696213,174.532,-17.1469,-5.79644,0.373592,-0.218816,6798.36,4,30.906,1057.57,1082.54,49.6043,1,2,1.0,0.0,-0.1,4,0.0,0,True,1746968995.6349814,left,False
1499,1746969012.3892279,174.722,-15.7862,-5.95598,0.38234,-0.213585,6800.22,4,30.928,1058.64,1083.61,49.6039,1,2,1.0,0.0,-0.1,4,0.0,0,True,1746968995.6349814,left,False
1500,1746969012.412667,174.943,-14.2034,-6.09591,0.391272,-0.206821,6784.68,4,30.95,1059.72,1084.68,49.6036,1,2,1.0,0.0,-0.1,4,0.0,0,True,1746968995.6349814,left,False
1501,1746969012.4337313,175.169,-12.4137,-6.22937,0.400374,-0.1985,6773.51,4,30.972,1060.79,1085.75,49.6033,1,2,1.0,0.0,-0.1,4,0.0,0,True,1746968995.6349814,left,False
1502,1746969012.4575388,175.399,-10.4297,-6.3355,0.409611,-0.188607,6755.94,4,30.994,1061.86,1086.83,49.6029,1,2,1.0,0.0,-0.1,4,0.0,0,True,1746968995.6349814,left,False
1503,1746969012.4795134,175.618,-8.27543,-6.42069,0.418945,-0.177139,6744.64,4,31.016,1062.94,1087.9,49.6026,1,2,1.0,0.0,-0.1,4,0.0,0,True,1746968995.6349814,left,False
1504,1746969012.4997804,175.816,-5.97995,-6.4875,0.42832,-0.164125,6738.16,4,31.038,1064.01,1088.98,49.6023,1,2,1.0,0.0,-0.1,4,0.0,0,True,1746968995.6349814,left,False
1505,1746969012.523063,175.986,-3.57246,-6.52668,0.437687,-0.149621,6734.19,4,31.06,1065.09,1090.05,49.6019,1,2,1.0,0.0,-0.1,4,0.0,0,True,1746968995.6349814,left,False
1506,1746969012.5467148,176.12,-1.08499,-6.5246,0.446977,-0.133723,6730.97,4,31.082,1066.16,1091.13,49.6016,1,2,1.0,0.0,-0.1,4,0.0,0,True,1746968995.6349814,left,False
1507,1746969012.567242,176.207,1.45157,-6.48757,0.456104,-0.116555,6731.38,4,31.104,1067.24,1092.21,49.6012,1,2,1.0,0.0,-0.1,4,0.0,0,True,1746968995.6349814,left,False
1508,1746969012.5880744,176.244,4.00663,-6.40027,0.465015,-0.0982764,6730.73,4,31.126,1068.32,1093.29,49.6009,1,2,1.0,0.0,-0.1,4,0.0,0,True,1746968995.6349814,left,False
1509,1746969012.6121783,176.225,6.55717,-6.26654,0.473629,-0.0790606,6732.38,4,31.148,1069.4,1094.37,49.6006,1,2,1.0,0.0,-0.1,4,0.0,0,True,1746968995.6349814,left,False
1510,1746969012.6326668,176.145,9.08611,-6.08619,0.481873,-0.059098,6736.75,4,31.17,1070.48,1095.45,49.6002,1,2,1.0,0.0,-0.1,4,0.0,0,True,1746968995.6349814,left,False
1511,1746969012.6543524,176.006,11.5644,-5.85772,0.489689,-0.0385954,6741.93,4,31.192,1071.56,1096.53,49.5999,1,2,1.0,0.0,-0.1,4,0.0,0,True,1746968995.6349814,left,False
1512,1746969012.6764004,175.806,13.9699,-5.57862,0.497021,-0.0177674,6751.8,4,31.214,1072.65,1097.61,49.5996,1,2,1.0,0.0,-0.1,4,0.0,0,True,1746968995.6349814,left,False
1513,1746969012.7000353,175.552,16.271,-5.25266,0.503809,0.00315309,6763.38,4,31.236,1073.73,1098.7,49.5992,1,2,1.0,0.0,0.0,4,0.0,0,True,1746968995.6349814,right,False
1514,1746969012.7199023,175.246,18.4381,-4.87279,0.510014,0.0239069,6782.84,4,31.258,1074.82,1099.78,49.5989,1,2,1.0,0.0,0.0,4,0.0,0,True,1746968995.6349814,right,False
1515,1746969012.7439518,174.9,20.4226,-4.43777,0.515597,0.0442464,6804.75,4,31.28,1075.9,1100.87,49.5986,1,2,1.0,0.0,0.0,4,0.0,0,True,1746968995.6349814,right,False
1516,1746969012.7648294,174.512,22.2096,-3.95627,0.52052,0.0639317,6812.07,4,31.302,1076.99,1101.95,49.5983,1,2,1.0,0.0,0.0,4,0.0,0,True,1746968995.6349814,right,False
1517,1746969012.7856665,174.138,23.822,-3.44726,0.52476,0.0823772,6804.76,4,31.324,1078.07,1103.03,49.5981,1,2,1.0,0.0,0.0,4,0.0,0,True,1746968995.6349814,right,False
1518,1746969012.8098938,173.789,25.0477,-2.9101,0.528337,0.0987709,6815.64,4,31.346,1079.15,1104.12,49.5979,1,2,1.0,0.0,0.0,4,0.0,0,True,1746968995.6349814,right,False
1519,1746969012.8292496,173.464,25.8292,-2.35474,0.531222,0.112877,6786.36,4,31.368,1080.24,1105.2,49.5977,1,2,1.0,0.0,0.0,4,0.0,0,True,1746968995.6349814,right,False
1520,1746969012.8522255,173.193,26.146,-1.79217,0.533419,0.124477,6812.72,4,31.39,1081.32,1106.28,49.5975,1,2,1.0,0.0,0.0,4,0.0,0,True,1746968995.6349814,right,False
1521,1746969012.8735883,172.942,26.2657,-0.652185,0.534953,0.133464,6813.27,4,31.412,1082.4,1107.37,49.5974,1,2,1.0,0.0,0.0,4,0.0,0,True,1746968995.6349814,right,False
1522,1746969012.8961666,172.741,25.8376,-0.238832,0.535881,0.139759,6808.7,4,31.434,1083.48,1108.45,49.5974,1,2,1.0,0.0,0.0,4,0.0,0,True,1746968995.6349814,right,False
1523,1746969012.918744,172.61,24.9466,0.165135,0.53619,0.143255,6818.18,4,31.456,1084.56,1109.52,49.5973,1,2,1.0,0.0,0.0,4,0.0,0,True,1746968995.6349814,right,False
1524,1746969012.9397016,172.554,23.6053,0.563615,0.535889,0.143979,6819.34,4,31.478,1085.64,1110.6,49.5973,1,2,1.0,0.0,0.0,4,0.0,0,True,1746968995.6349814,right,False
1525,1746969012.9622674,172.57,21.8708,0.938857,0.534998,0.142107,6808.59,4,31.5,1086.71,1111.68,49.5973,1,2,1.0,0.0,0.0,4,0.0,0,True,1746968995.6349814,right,False
1526,1746969012.9848337,172.66,19.7942,1.29717,0.533525,0.137926,6790.94,4,31.522,1087.79,1112.75,49.5971,1,2,1.0,0.0,0.0,4,0.0,0,True,1746968995.6349814,right,False
1527,1746969013.0050225,172.807,17.458,1.65009,0.53151,0.131848,6801.09,4,31.544,1088.86,1113.82,49.5969,1,2,1.0,0.0,0.0,4,0.0,0,True,1746968995.6349814,right,False
1528,1746969013.0274189,172.992,14.9778,1.9861,0.528984,0.124354,6794.23,4,31.566,1089.93,1114.9,49.5966,1,2,1.0,0.0,0.0,4,0.0,0,True,1746968995.6349814,right,False
1529,1746969013.0507624,173.199,12.4541,2.31965,0.525993,0.115974,6768.34,4,31.588,1091,1115.97,49.5963,1,2,1.0,0.0,0.0,4,0.0,0,True,1746968995.6349814,right,False
1530,1746969013.0737188,173.397,10.0161,2.61522,0.522599,0.107244,6731.2,4,31.61,1092.07,1117.04,49.5959,1,2,1.0,0.0,0.0,4,0.0,0,True,1746968995.6349814,right,False
1531,1746969013.0939124,173.573,7.75315,2.89207,0.518856,0.098681,6694.84,4,31.632,1093.15,1118.11,49.5956,1,2,1.0,0.0,0.0,4,0.0,0,True,1746968995.6349814,right,False
1532,1746969013.116666,173.719,5.74542,3.13969,0.514827,0.0906818,6669.09,4,31.654,1094.22,1119.18,49.5953,1,2,1.0,0.0,0.0,4,0.0,0,True,1746968995.6349814,right,False
1533,1746969013.1384685,173.838,4.02542,3.34799,0.510592,0.0834954,6655.64,4,31.676,1095.29,1120.25,49.5949,1,2,1.0,0.0,0.0,4,0.0,0,True,1746968995.6349814,right,False
1534,1746969013.1610467,173.938,2.59377,3.51599,0.506193,0.077214,6650.13,4,31.698,1096.36,1121.33,49.5946,1,2,1.0,0.0,0.0,4,0.0,0,True,1746968995.6349814,right,False
1535,1746969013.1840057,174.025,1.42531,3.64685,0.501689,0.0718193,6648.09,4,31.72,1097.43,1122.4,49.5943,1,2,1.0,0.0,0.0,4,0.0,0,True,1746968995.6349814,right,False
1536,1746969013.2041152,174.103,0.487341,3.74431,0.497103,0.0672381,6648.4,4,31.742,1098.51,1123.47,49.5939,1,2,1.0,0.0,0.0,4,0.0,0,True,1746968995.6349814,right,False
1537,1746969013.2272658,174.174,-0.257454,3.79439,0.492485,0.0633695,6652.86,4,31.764,1099.58,1124.54,49.5936,1,2,1.0,0.0,0.0,4,0.0,0,True,1746968995.6349814,right,False
1538,1746969013.2481146,174.242,-0.844401,3.80587,0.487858,0.0601149,6657.98,4,31.786,1100.65,1125.62,49.5933,1,2,1.0,0.0,0.0,4,0.0,0,True,1746968995.6349814,right,False
1539,1746969013.2716894,174.307,-1.30247,3.76954,0.483228,0.0573838,6666.63,4,31.808,1101.73,1126.69,49.5929,1,2,1.0,0.0,0.0,4,0.0,0,True,1746968995.6349814,right,False
1540,1746969013.2919233,174.371,-1.65598,3.70807,0.478613,0.0551004,6674.98,4,31.83,1102.8,1127.76,49.5926,1,2,1.0,0.0,0.0,4,0.0,0,True,1746968995.6349814,right,False
1541,1746969013.3142455,174.435,-1.9243,3.6122,0.474028,0.0532036,6684.01,4,31.852,1103.87,1128.84,49.5922,1,2,1.0,0.0,0.0,4,0.0,0,True,1746968995.6349814,right,False
1542,1746969013.3367944,174.498,-2.11965,3.49822,0.469466,0.0516489,6692.93,4,31.874,1104.95,1129.91,49.5919,1,2,1.0,0.0,0.0,4,0.0,0,True,1746968995.6349814,right,False
1543,1746969013.359895,174.563,-2.24892,3.38975,0.464941,0.050411,6700.08,4,31.896,1106.02,1130.99,49.5916,1,2,1.0,0.0,0.0,4,0.0,0,True,1746968995.6349814,right,False
1544,1746969013.3789606,174.629,-2.31904,3.27014,0.460453,0.0494747,6705.82,4,31.918,1107.1,1132.06,49.5912,1,2,1.0,0.0,0.0,4,0.0,0,True,1746968995.6349814,right,False
1545,1746969013.403237,174.697,-2.33601,3.16144,0.456002,0.0488243,6709.44,4,31.94,1108.17,1133.14,49.5909,1,2,1.0,0.0,0.0,4,0.0,0,True,1746968995.6349814,right,False
1546,1746969013.4245667,174.767,-2.30598,3.05837,0.451591,0.0484402,6711.43,4,31.962,1109.25,1134.21,49.5906,1,2,1.0,0.0,0.0,4,0.0,0,True,1746968995.6349814,right,False
1547,1746969013.447386,174.838,-2.23396,2.95976,0.447221,0.0483065,6712.69,4,31.984,1110.33,1135.29,49.5902,1,2,1.0,0.0,0.0,4,0.0,0,True,1746968995.6349814,right,False
1548,1746969013.467778,174.91,-2.12638,2.8713,0.442887,0.0484011,6713.29,4,32.006,1111.4,1136.37,49.5899,1,2,1.0,0.0,0.0,4,0.0,0,True,1746968995.6349814,right,False
1549,1746969013.4890864,174.976,-2.00261,2.80309,0.438981,0.048666,6713.19,4,32.026,1112.38,1137.35,49.5896,1,2,1.0,0.0,0.0,4,0.0,0,True,1746968995.6349814,right,False
1550,1746969013.5081065,175.043,-1.85863,2.74166,0.435099,0.0490854,6712.84,4,32.046,1113.36,1138.33,49.5893,1,2,1.0,0.0,0.0,4,0.0,0,True,1746968995.6349814,right,False
1551,1746969013.5279765,175.109,-1.69824,2.69243,0.431242,0.0496428,6713.19,4,32.066,1114.34,1139.31,49.589,1,2,1.0,0.0,0.0,4,0.0,0,True,1746968995.6349814,right,False
1552,1746969013.5482988,175.175,-1.5255,2.65343,0.427409,0.0503232,6714.82,4,32.086,1115.32,1140.29,49.5887,1,2,1.0,0.0,0.0,4,0.0,0,True,1746968995.6349814,right,False
1553,1746969013.5685651,175.242,-1.34353,2.6198,0.423584,0.0511122,6715.54,4,32.106,1116.3,1141.27,49.5884,1,2,1.0,0.0,0.0,4,0.0,0,True,1746968995.6349814,right,False
1554,1746969013.5867293,175.309,-1.1553,2.60199,0.419784,0.0519969,6715.01,4,32.126,1117.28,1142.25,49.5881,1,2,1.0,0.0,0.0,4,0.0,0,True,1746968995.6349814,right,False
1555,1746969013.6098664,175.375,-0.964509,2.58847,0.415983,0.0529647,6716.9,4,32.146,1118.26,1143.23,49.5878,1,2,1.0,0.0,0.0,4,0.0,0,True,1746968995.6349814,right,False
1556,1746969013.6282303,175.441,-0.772978,2.57771,0.412191,0.0540037,6718.13,4,32.166,1119.25,1144.21,49.5875,1,2,1.0,0.0,0.0,4,0.0,0,True,1746968995.6349814,right,False
1557,1746969013.6498861,175.506,-0.583262,2.57906,0.408403,0.0551009,6720.54,4,32.186,1120.23,1145.19,49.5872,1,2,1.0,0.0,0.0,4,0.0,0,True,1746968995.6349814,right,False
1558,1746969013.6688476,175.572,-0.397415,2.58323,0.404606,0.0562453,6721.57,4,32.206,1121.21,1146.17,49.5868,1,2,1.0,0.0,0.0,4,0.0,0,True,1746968995.6349814,right,False
1559,1746969013.6871605,175.637,-0.216745,2.60258,0.400798,0.0574262,6723.41,4,32.226,1122.19,1147.16,49.5865,1,2,1.0,0.0,0.0,4,0.0,0,True,1746968995.6349814,right,False
1560,1746969013.708918,175.703,-0.0430191,2.62641,0.396985,0.0586352,6723.37,4,32.246,1123.17,1148.14,49.5862,1,2,1.0,0.0,0.0,4,0.0,0,True,1746968995.6349814,right,False
1561,1746969013.72749,175.767,0.122588,2.64732,0.393148,0.0598626,6725.82,4,32.266,1124.16,1149.12,49.5859,1,2,1.0,0.0,0.0,4,0.0,0,True,1746968995.6349814,right,False
1562,1746969013.7471645,175.831,0.279232,2.66912,0.389286,0.0611014,6728.94,4,32.286,1125.14,1150.1,49.5856,1,2,1.0,0.0,0.0,4,0.0,0,True,1746968995.6349814,right,False
1563,1746969013.768968,175.895,0.426405,2.70878,0.3854,0.0623465,6729.9,4,32.306,1126.12,1151.09,49.5853,1,2,1.0,0.0,0.0,4,0.0,0,True,1746968995.6349814,right,False
1564,1746969013.7884333,175.958,0.563835,2.74182,0.381486,0.063591,6731.82,4,32.326,1127.1,1152.07,49.585,1,2,1.0,0.0,0.0,4,0.0,0,True,1746968995.6349814,right,False
1565,1746969013.807467,176.022,0.691378,2.77611,0.377535,0.0648305,6733.52,4,32.346,1128.09,1153.05,49.5847,1,2,1.0,0.0,0.0,4,0.0,0,True,1746968995.6349814,right,False
1566,1746969013.8304796,176.084,0.809009,2.81161,0.373547,0.0660622,6736.39,4,32.366,1129.07,1154.04,49.5844,1,2,1.0,0.0,0.0,4,0.0,0,True,1746968995.6349814,right,False
1567,1746969013.8469374,176.147,0.916477,2.85447,0.369527,0.0672827,6737.74,4,32.386,1130.06,1155.02,49.5841,1,2,1.0,0.0,0.0,4,0.0,0,True,1746968995.6349814,right,False
1568,1746969013.8687797,176.209,1.01478,2.88925,0.365458,0.0684891,6740.34,4,32.406,1131.04,1156.01,49.5838,1,2,1.0,0.0,0.0,4,0.0,0,True,1746968995.6349814,right,False
1569,1746969013.8886657,176.271,1.1037,2.93466,0.36134,0.0696807,6742.63,4,32.426,1132.03,1156.99,49.5835,1,2,1.0,0.0,0.0,4,0.0,0,True,1746968995.6349814,right,False
1570,1746969013.9083874,176.332,1.18409,2.97418,0.357186,0.0708561,6745.17,4,32.446,1133.01,1157.97,49.5832,1,2,1.0,0.0,0.0,4,0.0,0,True,1746968995.6349814,right,False
1571,1746969013.9277573,176.393,1.25591,3.02052,0.35297,0.0720148,6747.27,4,32.466,1134,1158.96,49.5829,1,2,1.0,0.0,0.0,4,0.0,0,True,1746968995.6349814,right,False
1572,1746969013.9483445,176.454,1.31988,3.06316,0.348714,0.0731554,6749.94,4,32.486,1134.98,1159.95,49.5826,1,2,1.0,0.0,0.0,4,0.0,0,True,1746968995.6349814,right,False
1573,1746969013.9679103,176.515,1.37653,3.10813,0.344389,0.0742776,6752.57,4,32.506,1135.97,1160.93,49.5823,1,2,1.0,0.0,0.0,4,0.0,0,True,1746968995.6349814,right,False
1574,1746969013.9889252,176.576,1.42575,3.15802,0.340027,0.075381,6754.4,4,32.526,1136.95,1161.92,49.582,1,2,1.0,0.0,0.0,4,0.0,0,True,1746968995.6349814,right,False
1575,1746969014.0076215,176.636,1.46875,3.20246,0.3356,0.0764682,6756.31,4,32.546,1137.94,1162.9,49.5817,1,2,1.0,0.0,0.0,4,0.0,0,True,1746968995.6349814,right,False
1576,1746969014.0281942,176.696,1.50696,3.24623,0.331112,0.0775414,6758.41,4,32.566,1138.92,1163.89,49.5814,1,2,1.0,0.0,0.0,4,0.0,0,True,1746968995.6349814,right,False
1577,1746969014.0472417,176.756,1.54032,3.28883,0.326579,0.0785997,6760.5,4,32.586,1139.91,1164.87,49.581,1,2,1.0,0.0,0.0,4,0.0,0,True,1746968995.6349814,right,False
1578,1746969014.0673113,176.815,1.5691,3.33342,0.321969,0.0796473,6763.43,4,32.606,1140.9,1165.86,49.5807,1,2,1.0,0.0,0.0,5,0.0,0,False,1746969014.06593,right,False
1579,1746969014.0887396,176.875,1.59329,3.38934,0.31731,0.0806823,6763.98,4,32.626,1141.88,1166.85,49.5804,1,2,1.0,0.0,0.0,5,0.0,0,False,1746969014.06593,right,False
1580,1746969014.1106215,176.934,1.61493,3.42367,0.31259,0.0817065,6767.33,4,32.646,1142.87,1167.83,49.5801,1,2,1.0,0.0,0.0,5,0.0,0,False,1746969014.06593,right,False
1581,1746969014.1285129,176.993,1.63298,3.47079,0.307796,0.082721,6768.81,4,32.666,1143.86,1168.82,49.5798,1,2,1.0,0.0,0.0,5,0.0,0,False,1746969014.06593,right,False
1582,1746969014.1487505,177.011,1.64727,3.52233,0.302954,0.0837259,5421.82,5,32.686,1144.84,1169.81,49.5798,1,2,1.0,0.0,0.0,5,0.0,0,False,1746969014.06593,right,False
1583,1746969014.1674159,176.966,1.65957,3.56544,0.298047,0.0847242,5421.8,5,32.706,1145.83,1170.79,49.5798,1,2,1.0,0.0,0.0,5,0.0,0,False,1746969014.06593,right,False
1584,1746969014.187694,176.907,1.67137,3.60765,0.293079,0.0857251,5421.77,5,32.726,1146.82,1171.78,49.5798,1,2,1.0,0.0,0.0,5,0.0,0,False,1746969014.06593,right,False
1585,1746969014.2090065,176.845,1.68377,3.65284,0.288053,0.0867336,5421.75,5,32.746,1147.8,1172.77,49.5798,1,2,1.0,0.0,0.0,5,0.0,0,False,1746969014.06593,right,False
1586,1746969014.2286456,176.783,1.69727,3.70133,0.282979,0.0877554,5421.73,5,32.766,1148.79,1173.75,49.5798,1,2,1.0,0.0,0.0,5,0.0,0,False,1746969014.06593,right,False
1587,1746969014.2488348,176.72,1.71307,3.74331,0.27784,0.088793,5421.7,5,32.786,1149.77,1174.74,49.5798,1,2,1.0,0.0,0.0,5,0.0,0,False,1746969014.06593,right,False
1588,1746969014.2680786,176.657,1.73023,3.79044,0.272648,0.0898488,5421.68,5,32.806,1150.76,1175.72,49.5798,1,2,1.0,0.0,0.0,5,0.0,0,False,1746969014.06593,right,False
1589,1746969014.287275,176.594,1.74978,3.83762,0.267375,0.0909221,5421.65,5,32.826,1151.74,1176.7,49.5798,1,2,1.0,0.0,0.0,5,0.0,0,False,1746969014.06593,right,False
1590,1746969014.309397,176.531,1.77126,3.88395,0.262044,0.0920148,5421.63,5,32.846,1152.72,1177.69,49.5798,1,2,1.0,0.0,0.0,5,0.0,0,False,1746969014.06593,right,False
1591,1746969014.3281448,176.468,1.79484,3.93219,0.256653,0.093128,5421.6,5,32.866,1153.7,1178.67,49.5798,1,2,1.0,0.0,0.0,5,0.0,0,False,1746969014.06593,right,False
1592,1746969014.3480747,176.404,1.82027,3.97147,0.251213,0.0942593,5421.58,5,32.886,1154.69,1179.65,49.5798,1,2,1.0,0.0,0.0,5,0.0,0,False,1746969014.06593,right,False
1593,1746969014.3680844,176.34,1.84768,4.01665,0.245711,0.095407,5421.55,5,32.906,1155.67,1180.63,49.5798,1,2,1.0,0.0,0.0,5,0.0,0,False,1746969014.06593,right,False
1594,1746969014.3888173,176.276,1.87453,4.06534,0.240133,0.0965688,5421.53,5,32.926,1156.65,1181.61,49.5798,1,2,1.0,0.0,0.0,5,0.0,0,False,1746969014.06593,right,False
1595,1746969014.4097452,176.212,1.90241,4.11233,0.234489,0.0977437,5421.51,5,32.946,1157.63,1182.59,49.5798,1,2,1.0,0.0,0.0,5,0.0,0,False,1746969014.06593,right,False
1596,1746969014.4283254,176.148,1.92994,4.15256,0.228792,0.0989265,5421.48,5,32.966,1158.61,1183.57,49.5798,1,2,1.0,0.0,0.0,5,0.0,0,False,1746969014.06593,right,False
1597,1746969014.4469259,176.135,1.95728,4.20437,0.223035,0.100119,5374.42,5,32.986,1159.59,1184.55,49.5795,1,2,1.0,0.0,0.0,5,0.0,0,False,1746969014.06593,right,False
1598,1746969014.4681268,176.178,1.98466,4.24555,0.2172,0.101315,5392.99,5,33.006,1160.57,1185.53,49.5792,1,2,1.0,0.0,0.0,5,0.0,0,False,1746969014.06593,right,False
1599,1746969014.4893243,176.231,2.00838,4.2954,0.211292,0.102501,5398.45,5,33.026,1161.55,1186.51,49.5789,1,2,1.0,0.0,0.0,5,0.0,0,False,1746969014.06593,right,False
1600,1746969014.5076318,176.285,2.02814,4.34044,0.20531,0.103671,5402.37,5,33.046,1162.53,1187.49,49.5786,1,2,1.0,0.0,0.0,5,0.0,0,False,1746969014.06593,right,False
1601,1746969014.5282161,176.34,2.04246,4.38896,0.199247,0.104816,5405.78,5,33.066,1163.51,1188.47,49.5783,1,2,1.0,0.0,0.0,5,0.0,0,False,1746969014.06593,right,False
1602,1746969014.5497591,176.396,2.05056,4.43849,0.193132,0.105934,5408.14,5,33.086,1164.49,1189.45,49.578,1,2,1.0,0.0,0.0,5,0.0,0,False,1746969014.06593,right,False
1603,1746969014.5702302,176.45,2.05365,4.48468,0.186955,0.107021,5410.91,5,33.106,1165.47,1190.43,49.5777,1,2,1.0,0.0,0.0,5,0.0,0,False,1746969014.06593,right,False
1604,1746969014.589666,176.505,2.05089,4.52923,0.180701,0.108073,5413.74,5,33.126,1166.44,1191.41,49.5774,1,2,1.0,0.0,0.0,5,0.0,0,False,1746969014.06593,right,False
1605,1746969014.6098027,176.56,2.04166,4.58053,0.174377,0.109092,5415.55,5,33.146,1167.42,1192.39,49.577,1,2,1.0,0.0,0.0,5,0.0,0,False,1746969014.06593,right,False
1606,1746969014.6282942,176.616,2.02703,4.63206,0.167969,0.110076,5416.31,5,33.166,1168.4,1193.37,49.5767,1,2,1.0,0.0,0.0,5,0.0,0,False,1746969014.06593,right,False
1607,1746969014.6496766,176.67,2.00859,4.68429,0.161487,0.111031,5419.27,5,33.186,1169.38,1194.35,49.5764,1,2,1.0,0.0,0.0,5,0.0,0,False,1746969014.06593,right,False
1608,1746969014.6688402,176.724,1.98613,4.73335,0.154932,0.111956,5422.04,5,33.206,1170.36,1195.33,49.5761,1,2,1.0,0.0,0.0,5,0.0,0,False,1746969014.06593,right,False
1609,1746969014.687327,176.779,1.96012,4.7828,0.148299,0.112851,5423.85,5,33.226,1171.34,1196.31,49.5758,1,2,1.0,0.0,0.1,5,0.0,0,False,1746969014.06593,right,False
1610,1746969014.7075272,176.834,1.93253,4.83208,0.141618,0.113727,5424.75,5,33.246,1172.32,1197.29,49.5755,1,2,1.0,0.0,0.1,5,0.0,0,False,1746969014.06593,right,False
1611,1746969014.7273774,176.888,1.90333,4.88836,0.134871,0.114587,5425.95,5,33.266,1173.3,1198.27,49.5752,1,2,1.0,0.0,0.1,5,0.0,0,False,1746969014.06593,right,False
1612,1746969014.7498794,176.943,1.87391,4.93908,0.128048,0.115431,5427.58,5,33.286,1174.29,1199.25,49.5749,1,2,1.0,0.0,0.1,5,0.0,0,False,1746969014.06593,right,False
1613,1746969014.7682009,176.984,1.99827,4.98807,0.121195,0.115553,5431.84,5,33.306,1175.27,1200.23,49.5746,1,2,1.0,0.0,0.1,5,0.0,0,False,1746969014.06593,right,False
1614,1746969014.787214,177.024,1.8616,5.01853,0.114392,0.113714,5438.11,5,33.326,1176.25,1201.21,49.5743,1,2,1.0,0.0,0.1,5,0.0,0,False,1746969014.06593,right,False
1615,1746969014.8080122,177.066,1.4205,5.03605,0.10765,0.110111,5444.37,5,33.346,1177.23,1202.19,49.574,1,2,1.0,0.0,0.1,5,0.0,0,False,1746969014.06593,right,False
1616,1746969014.826275,177.108,0.73769,5.02975,0.100968,0.105007,5451.98,5,33.366,1178.21,1203.17,49.5737,1,2,1.0,0.0,0.1,5,0.0,0,False,1746969014.06593,right,False
1617,1746969014.8478713,177.145,-0.129948,5.00377,0.0943726,0.0986617,5459.97,5,33.386,1179.19,1204.15,49.5734,1,2,1.0,0.0,0.1,5,0.0,0,False,1746969014.06593,right,False
1618,1746969014.8686614,177.175,-1.13276,4.96298,0.0878703,0.0913324,5470.32,5,33.406,1180.17,1205.13,49.5731,1,2,1.0,0.0,0.1,5,0.0,0,False,1746969014.06593,right,False
1619,1746969014.8870764,177.193,-2.226,4.89978,0.0814738,0.083257,5482.79,5,33.426,1181.15,1206.12,49.5728,1,2,1.0,0.0,0.1,5,0.0,0,False,1746969014.06593,right,False
1620,1746969014.9088542,177.198,-3.37381,4.81366,0.0752116,0.0746493,5498.1,5,33.446,1182.13,1207.1,49.5725,1,2,1.0,0.0,0.1,5,0.0,0,False,1746969014.06593,right,False
1621,1746969014.9277616,177.191,-4.5407,4.7169,0.0690918,0.0657072,5514.22,5,33.466,1183.11,1208.08,49.5722,1,2,1.0,0.0,0.1,5,0.0,0,False,1746969014.06593,right,False
1622,1746969014.9470253,177.168,-5.71228,4.59611,0.0631266,0.0565708,5536.34,5,33.486,1184.1,1209.06,49.5719,1,2,1.0,0.0,0.1,5,0.0,0,False,1746969014.06593,right,False
1623,1746969014.9680035,177.132,-6.86876,4.45944,0.0573405,0.0473595,5559.79,5,33.506,1185.08,1210.04,49.5716,1,2,1.0,0.0,0.1,5,0.0,0,False,1746969014.06593,right,False
1624,1746969014.98668,177.082,-7.99884,4.30764,0.0517253,0.0381546,5587.88,5,33.526,1186.06,1211.03,49.5713,1,2,1.0,0.0,0.1,5,0.0,0,False,1746969014.06593,right,False
1625,1746969015.0098634,177.026,-9.09021,4.15064,0.0463053,0.0290005,5610.86,5,33.546,1187.04,1212.01,49.5709,1,2,1.0,0.0,0.1,5,0.0,0,False,1746969014.06593,right,False
1626,1746969015.0282087,176.96,-10.1521,3.98043,0.0410848,0.0199077,5634.28,5,33.566,1188.03,1212.99,49.5706,1,2,1.0,0.0,0.1,5,0.0,0,False,1746969014.06593,right,False
1627,1746969015.047334,176.887,-11.1819,3.80455,0.0360636,0.01088,5655.04,5,33.586,1189.01,1213.97,49.5703,1,2,1.0,0.0,0.1,5,0.0,0,False,1746969014.06593,right,False
1628,1746969015.0674229,176.807,-12.1801,3.62524,0.0312622,0.00191617,5672.8,5,33.606,1189.99,1214.96,49.57,1,2,1.0,0.0,0.1,5,0.0,0,False,1746969014.06593,right,False
1629,1746969015.0878906,176.719,-13.1545,3.44522,0.0266886,-0.0070076,5690.29,5,33.626,1190.97,1215.94,49.5697,1,2,1.0,0.0,0.0,5,0.0,0,False,1746969014.06593,left,False
1630,1746969015.1069376,176.627,-14.103,3.25296,0.0223429,-0.0158694,5703.94,5,33.646,1191.96,1216.92,49.5694,1,2,1.0,0.0,0.0,5,0.0,0,False,1746969014.06593,left,False
1631,1746969015.1266608,176.529,-15.0214,3.06717,0.018221,-0.0246644,5717.5,5,33.666,1192.94,1217.9,49.5691,1,2,1.0,0.0,0.0,5,0.0,0,False,1746969014.06593,left,False
1632,1746969015.1494634,176.422,-15.9194,2.87451,0.0143392,-0.0333819,5732.68,5,33.686,1193.92,1218.89,49.5688,1,2,1.0,0.0,0.0,5,0.0,0,False,1746969014.06593,left,False
1633,1746969015.1698375,176.339,-16.8292,2.68214,0.0106852,-0.0418406,5734.85,5,33.706,1194.91,1219.87,49.5685,1,2,1.0,0.0,0.0,5,0.0,0,False,1746969014.06593,left,False
1634,1746969015.1875277,176.277,-17.6366,2.50296,0.00725505,-0.0496492,5719.93,5,33.726,1195.89,1220.85,49.5682,1,2,1.0,0.0,0.0,5,0.0,0,False,1746969014.06593,left,False
1635,1746969015.2120798,176.218,-18.3163,2.31635,0.00403239,-0.0568175,5708.78,5,33.746,1196.87,1221.84,49.5679,1,2,1.0,0.0,0.0,5,0.0,0,False,1746969014.06593,left,False
1636,1746969015.230946,176.173,-18.87,2.13353,0.00104574,-0.0634053,5692.35,5,33.766,1197.85,1222.82,49.5676,1,2,1.0,0.0,0.0,5,0.0,0,False,1746969014.06593,left,False
1637,1746969015.2475007,176.132,-19.3183,1.95422,-0.00170898,-0.0694625,5679.12,5,33.786,1198.84,1223.8,49.5673,1,2,1.0,0.0,0.0,5,0.0,0,False,1746969014.06593,left,False
1638,1746969015.2686,176.093,-19.673,1.77406,-0.00423177,-0.0750206,5671.21,5,33.806,1199.82,1224.79,49.567,1,2,1.0,0.0,0.0,5,0.0,0,False,1746969014.06593,left,False
1639,1746969015.291627,176.061,-19.9308,1.59702,-0.00652262,-0.0800955,5665.93,5,33.826,1200.81,1225.77,49.5667,1,2,1.0,0.0,0.0,5,0.0,0,False,1746969014.06593,left,False
1640,1746969015.3111315,176.038,-20.0989,1.41903,-0.00856934,-0.0847006,5660.5,5,33.846,1201.79,1226.75,49.5664,1,2,1.0,0.0,0.0,5,0.0,0,False,1746969014.06593,left,False
1641,1746969015.3270032,176.016,-20.1815,1.24063,-0.0103719,-0.0888147,5666.8,5,33.866,1202.77,1227.74,49.5661,1,2,1.0,0.0,0.0,5,0.0,0,False,1746969014.06593,left,False
1642,1746969015.3471408,176.005,-20.1808,1.0635,-0.0119303,-0.0924726,5670.77,5,33.886,1203.76,1228.72,49.5658,1,2,1.0,0.0,0.0,5,0.0,0,False,1746969014.06593,left,False
1643,1746969015.3689244,176.003,-20.0947,0.887784,-0.0132446,-0.0956373,5674.94,5,33.906,1204.74,1229.71,49.5655,1,2,1.0,0.0,0.0,5,0.0,0,False,1746969014.06593,left,False
1644,1746969015.3892598,176.006,-19.9257,0.710138,-0.0143188,-0.0982995,5687.73,5,33.926,1205.72,1230.69,49.5651,1,2,1.0,0.0,0.0,5,0.0,0,False,1746969014.06593,left,False
1645,1746969015.4105616,176.022,-19.6694,0.526485,-0.015153,-0.100446,5699.38,5,33.946,1206.71,1231.67,49.5648,1,2,1.0,0.0,0.0,5,0.0,0,False,1746969014.06593,left,False
1646,1746969015.427696,176.051,-19.3297,0.347909,-0.0157471,-0.102099,5709.15,5,33.966,1207.69,1232.66,49.5645,1,2,1.0,0.0,0.0,5,0.0,0,False,1746969014.06593,left,False
1647,1746969015.4475865,176.093,-18.9034,0.178124,-0.0161092,-0.103238,5713.11,5,33.986,1208.68,1233.64,49.5642,1,2,1.0,0.0,0.0,5,0.0,0,False,1746969014.06593,left,False
1648,1746969015.4679282,176.144,-18.3964,0.00163225,-0.0162313,-0.103869,5721.08,5,34.006,1209.66,1234.62,49.5639,1,2,1.0,0.0,0.0,5,0.0,0,False,1746969014.06593,left,False
1649,1746969015.488443,176.213,-17.8038,-0.16424,-0.0161174,-0.104001,5719.48,5,34.026,1210.64,1235.61,49.5636,1,2,1.0,0.0,0.0,5,0.0,0,False,1746969014.06593,left,False
1650,1746969015.5096505,176.288,-17.1487,-0.341469,-0.0157796,-0.103648,5720.77,5,34.046,1211.63,1236.59,49.5633,1,2,1.0,0.0,0.0,5,0.0,0,False,1746969014.06593,left,False
1651,1746969015.5289972,176.379,-16.4172,-0.508393,-0.0152181,-0.10283,5711.24,5,34.066,1212.61,1237.57,49.563,1,2,1.0,0.0,0.0,5,0.0,0,False,1746969014.06593,left,False
1652,1746969015.550292,176.476,-15.6252,-0.676742,-0.0144409,-0.101576,5706.25,5,34.086,1213.59,1238.56,49.5627,1,2,1.0,0.0,0.0,5,0.0,0,False,1746969014.06593,left,False
1653,1746969015.5696874,176.59,-14.771,-0.835941,-0.0134521,-0.0998921,5685.43,5,34.106,1214.58,1239.54,49.5624,1,2,1.0,0.0,0.0,5,0.0,0,False,1746969014.06593,left,False
1654,1746969015.5872126,176.708,-13.8621,-0.995271,-0.0122518,-0.097805,5666.43,5,34.126,1215.56,1240.53,49.5621,1,2,1.0,0.0,0.0,5,0.0,0,False,1746969014.06593,left,False
1655,1746969015.6069195,176.829,-12.91,-1.14671,-0.0108521,-0.095346,5648.71,5,34.146,1216.55,1241.51,49.5618,1,2,1.0,0.0,0.0,5,0.0,0,False,1746969014.06593,left,False
1656,1746969015.627858,176.96,-11.922,-1.29833,-0.00926107,-0.0925548,5624.29,5,34.166,1217.53,1242.5,49.5615,1,2,1.0,0.0,0.0,5,0.0,0,False,1746969014.06593,left,False
1657,1746969015.6476195,177.09,-10.907,-1.43849,-0.00748698,-0.0894737,5599.12,5,34.186,1218.52,1243.48,49.5612,1,2,1.0,0.0,0.0,5,0.0,0,False,1746969014.06593,left,False
1658,1746969015.668665,177.219,-9.88267,-1.57835,-0.00554199,-0.0861535,5577.69,5,34.206,1219.5,1244.47,49.5609,1,2,1.0,0.0,0.0,5,0.0,0,False,1746969014.06593,left,False
1659,1746969015.6870854,177.346,-8.84827,-1.70357,-0.00343424,-0.0826218,5556.97,5,34.226,1220.49,1245.45,49.5606,1,2,1.0,0.0,0.0,5,0.0,0,False,1746969014.06593,left,False
1660,1746969015.7091875,177.47,-7.82053,-1.82673,-0.00118001,-0.0789273,5539.5,5,34.246,1221.47,1246.44,49.5603,1,2,1.0,0.0,0.0,5,0.0,0,False,1746969014.06593,left,False
1661,1746969015.7270198,177.589,-6.81279,-1.93265,0.0012085,-0.0751255,5524.03,5,34.266,1222.46,1247.42,49.56,1,2,1.0,0.0,0.0,5,0.0,0,False,1746969014.06593,left,False
1662,1746969015.7483468,177.705,-5.83279,-2.02782,0.00371094,-0.0712619,5509.2,5,34.286,1223.45,1248.41,49.5597,1,2,1.0,0.0,0.0,5,0.0,0,False,1746969014.06593,left,False
1663,1746969015.7694538,177.813,-4.89518,-2.1221,0.00631917,-0.0673869,5501.06,5,34.306,1224.43,1249.4,49.5593,1,2,1.0,0.0,0.0,5,0.0,0,False,1746969014.06593,left,False
1664,1746969015.7870216,177.918,-4.00532,-2.19503,0.00900879,-0.0635428,5492.79,5,34.326,1225.42,1250.39,49.559,1,2,1.0,0.0,0.0,5,0.0,0,False,1746969014.06593,left,False
1665,1746969015.8081055,178.017,-3.17237,-2.25844,0.0117676,-0.0597687,5487.24,5,34.346,1226.41,1251.37,49.5587,1,2,1.0,0.0,0.0,5,0.0,0,False,1746969014.06593,left,False
1666,1746969015.8288264,178.112,-2.39967,-2.31104,0.0145793,-0.0560918,5484.26,5,34.366,1227.4,1252.36,49.5584,1,2,1.0,0.0,0.0,5,0.0,0,False,1746969014.06593,left,False
1667,1746969015.8487713,178.204,-1.69077,-2.3429,0.0174276,-0.0525398,5481.8,5,34.386,1228.39,1253.35,49.5581,1,2,1.0,0.0,0.0,5,0.0,0,False,1746969014.06593,left,False
1668,1746969015.867201,178.292,-1.04739,-2.36573,0.0202962,-0.0491323,5480.13,5,34.406,1229.38,1254.34,49.5578,1,2,1.0,0.0,0.0,5,0.0,0,False,1746969014.06593,left,False
1669,1746969015.8880017,178.378,-0.46994,-2.37045,0.023173,-0.0458837,5480.24,5,34.426,1230.37,1255.33,49.5575,1,2,1.0,0.0,0.0,5,0.0,0,False,1746969014.06593,left,False
1670,1746969015.9087553,178.462,0.043041,-2.36274,0.0260417,-0.042803,5479.04,5,34.446,1231.36,1256.32,49.5572,1,2,1.0,0.0,0.0,5,0.0,0,False,1746969014.06593,left,False
1671,1746969015.9285386,178.544,0.49313,-2.34371,0.0288859,-0.0398979,5479.49,5,34.466,1232.35,1257.31,49.5569,1,2,1.0,0.0,0.0,5,0.0,0,False,1746969014.06593,left,False
1672,1746969015.9486628,178.624,0.883283,-2.30849,0.0317017,-0.0371692,5480.34,5,34.486,1233.34,1258.31,49.5566,1,2,1.0,0.0,0.0,5,0.0,0,False,1746969014.06593,left,False
1673,1746969015.9675543,178.702,1.217,-2.27,0.0344767,-0.0346172,5482.72,5,34.506,1234.33,1259.3,49.5563,1,2,1.0,0.0,0.0,5,0.0,0,False,1746969014.06593,left,False
1674,1746969015.9878705,178.781,1.49791,-2.21203,0.0371948,-0.032239,5483.52,5,34.526,1235.33,1260.29,49.556,1,2,1.0,0.0,0.0,5,0.0,0,False,1746969014.06593,left,False
1675,1746969016.0091658,178.859,1.73013,-2.15216,0.0398682,-0.0300298,5485.12,5,34.546,1236.32,1261.29,49.5557,1,2,1.0,0.0,0.0,5,0.0,0,False,1746969014.06593,right,False
1676,1746969016.0287087,178.936,1.91825,-2.08311,0.0424723,-0.0279822,5487.32,5,34.566,1237.32,1262.28,49.5554,1,2,1.0,0.0,0.0,5,0.0,0,False,1746969014.06593,right,False
1677,1746969016.0471451,179.013,2.06637,-2.00732,0.0449951,-0.026088,5488.63,5,34.586,1238.31,1263.27,49.5551,1,2,1.0,0.0,0.0,5,0.0,0,False,1746969014.06593,right,False
1678,1746969016.0676541,179.089,2.17944,-1.93127,0.0474406,-0.0243356,5490.44,5,34.606,1239.3,1264.27,49.5548,1,2,1.0,0.0,0.0,5,0.0,0,False,1746969014.06593,right,False
1679,1746969016.0880318,179.165,2.26247,-1.84925,0.0498413,-0.0227129,5493.76,5,34.626,1240.3,1265.26,49.5545,1,2,1.0,0.0,0.0,5,0.0,0,False,1746969014.06593,right,False
1680,1746969016.108823,179.242,2.31906,-1.77417,0.0521647,-0.0212066,5495.66,5,34.646,1241.3,1266.26,49.5542,1,2,1.0,0.0,0.0,5,0.0,0,True,1746969014.06593,right,False
1681,1746969016.1287062,179.319,2.35403,-1.68716,0.0544067,-0.0197997,5496.53,5,34.666,1242.29,1267.26,49.5539,1,2,1.0,0.0,0.0,5,0.0,0,True,1746969014.06593,right,False
1682,1746969016.1503983,179.394,2.3713,-1.61252,0.0565674,-0.018486,5499.49,5,34.686,1243.29,1268.25,49.5536,1,2,1.0,0.0,0.0,5,0.0,0,True,1746969014.06593,right,False
1683,1746969016.168176,179.471,2.37321,-1.52741,0.0586507,-0.0172482,5500.54,5,34.706,1244.29,1269.25,49.5532,1,2,1.0,0.0,0.0,5,0.0,0,True,1746969014.06593,right,False
1684,1746969016.1898565,179.547,2.36288,-1.44385,0.0606445,-0.0160775,5501.98,5,34.726,1245.29,1270.25,49.5529,1,2,1.0,0.0,0.0,5,0.0,0,True,1746969014.06593,right,False
1685,1746969016.2075014,179.622,2.34412,-1.37094,0.062561,-0.014966,5505.83,5,34.746,1246.28,1271.25,49.5526,1,2,1.0,0.0,0.0,5,0.0,0,True,1746969014.06593,right,False
1686,1746969016.2286785,179.697,2.31782,-1.29688,0.0643962,-0.0139046,5508.39,5,34.766,1247.28,1272.25,49.5523,1,2,1.0,0.0,0.0,5,0.0,0,True,1746969014.06593,right,False
1687,1746969016.249925,179.773,2.28663,-1.22975,0.0661499,-0.0128841,5510.38,5,34.786,1248.28,1273.25,49.552,1,2,1.0,0.0,0.0,5,0.0,0,True,1746969014.06593,right,False
1688,1746969016.2690299,179.848,2.25219,-1.16328,0.0678223,-0.0118933,5512.34,5,34.806,1249.28,1274.25,49.5517,1,2,1.0,0.0,0.0,5,0.0,0,True,1746969014.06593,right,False
1689,1746969016.2886677,179.922,2.21574,-1.09556,0.0694092,-0.0109282,5515.45,5,34.826,1250.28,1275.25,49.5514,1,2,1.0,0.0,0.0,5,0.0,0,True,1746969014.06593,right,False
1690,1746969016.3086812,179.997,2.17946,-1.03777,0.0709188,-0.00998163,5517.72,5,34.846,1251.28,1276.25,49.5511,1,2,1.0,0.0,0.0,5,0.0,0,True,1746969014.06593,right,False
1691,1746969016.328114,180.072,2.14242,-0.975524,0.072347,-0.00904751,5519.77,5,34.866,1252.29,1277.25,49.5508,1,2,1.0,0.0,0.0,5,0.0,0,True,1746969014.06593,right,False
1692,1746969016.34841,180.147,2.10498,-0.909887,0.0736898,-0.00812769,5520.65,5,34.886,1253.29,1278.25,49.5505,1,2,1.0,0.0,0.0,5,0.0,0,True,1746969014.06593,right,False
1693,1746969016.367984,180.221,2.06933,-0.85403,0.0749797,-0.00721765,5523.25,5,34.906,1254.29,1279.26,49.5502,1,2,1.0,0.0,0.0,5,0.0,0,True,1746969014.06593,right,False
1694,1746969016.3882644,180.295,2.03551,-0.800732,0.0761963,-0.0063107,5526.15,5,34.926,1255.29,1280.26,49.5499,1,2,1.0,0.0,0.0,5,0.0,0,True,1746969014.06593,right,False
1695,1746969016.4074516,180.368,2.00328,-0.750598,0.0773356,-0.00540948,5529.06,5,34.946,1256.3,1281.26,49.5496,1,2,1.0,0.0,0.0,5,0.0,0,True,1746969014.06593,right,False
1696,1746969016.4273176,180.441,1.97253,-0.699599,0.0783895,-0.00451112,5531.51,5,34.966,1257.3,1282.27,49.5493,1,2,1.0,0.0,0.0,5,0.0,0,True,1746969014.06593,right,False
1697,1746969016.4476912,180.515,1.94277,-0.646386,0.0793864,-0.00361586,5533.13,5,34.986,1258.31,1283.27,49.549,1,2,1.0,0.0,0.0,5,0.0,0,True,1746969014.06593,right,False
1698,1746969016.4672883,180.587,1.91589,-0.60099,0.0803182,-0.00272059,5536.39,5,35.006,1259.31,1284.27,49.5487,1,2,1.0,0.0,0.0,5,0.0,0,True,1746969014.06593,right,False
1699,1746969016.48864,180.66,1.8905,-0.556368,0.0811646,-0.00182581,5538.58,5,35.026,1260.32,1285.28,49.5484,1,2,1.0,0.0,0.0,5,0.0,0,True,1746969014.06593,right,False
1700,1746969016.5086122,180.733,1.86693,-0.510977,0.081958,-0.000929117,5540.84,5,35.046,1261.32,1286.29,49.5481,1,2,1.0,0.0,0.0,5,0.0,0,True,1746969014.06593,right,False
1701,1746969016.528546,180.805,1.84503,-0.467763,0.0826782,-3.3617e-005,5543.87,5,35.066,1262.33,1287.29,49.5478,1,2,1.0,0.0,0.0,5,0.0,0,True,1746969014.06593,right,False
1702,1746969016.5475297,180.878,1.82464,-0.422605,0.083313,0.000865459,5544.88,5,35.086,1263.33,1288.3,49.5474,1,2,1.0,0.0,0.0,5,0.0,0,True,1746969014.06593,right,False
1703,1746969016.5679157,180.949,1.80572,-0.378145,0.0839071,0.00176549,5547.8,5,35.106,1264.34,1289.3,49.5471,1,2,1.0,0.0,0.0,5,0.0,0,True,1746969014.06593,right,False
1704,1746969016.589196,181.021,1.78785,-0.329331,0.0844198,0.00266671,5550.08,5,35.126,1265.35,1290.31,49.5468,1,2,1.0,0.0,0.0,5,0.0,0,True,1746969014.06593,right,False
1705,1746969016.6103919,181.092,1.77226,-0.287996,0.0848674,0.00357103,5552.32,5,35.146,1266.35,1291.32,49.5465,1,2,1.0,0.0,0.0,5,0.0,0,True,1746969014.06593,right,False
1706,1746969016.628221,181.164,1.75772,-0.240074,0.0852498,0.00448012,5553.97,5,35.166,1267.36,1292.33,49.5462,1,2,1.0,0.0,0.0,5,0.0,0,True,1746969014.06593,right,False
1707,1746969016.6484275,181.235,1.74498,-0.197378,0.0855591,0.0053916,5555.93,5,35.186,1268.37,1293.34,49.5459,1,2,1.0,0.0,0.0,5,0.0,0,True,1746969014.06593,right,False
1708,1746969016.6679337,181.307,1.73294,-0.149406,0.0858154,0.00630665,5557.27,5,35.206,1269.38,1294.34,49.5456,1,2,1.0,0.0,0.0,5,0.0,0,True,1746969014.06593,right,False
1709,1746969016.6891382,181.377,1.72326,-0.104597,0.0859863,0.00722742,5559.83,5,35.226,1270.39,1295.35,49.5453,1,2,1.0,0.0,0.0,5,0.0,0,True,1746969014.06593,right,False
1710,1746969016.7098546,181.447,1.71417,-0.0577588,0.0861125,0.00815105,5562.95,5,35.246,1271.4,1296.36,49.545,1,2,1.0,0.0,0.0,5,0.0,0,True,1746969014.06593,right,False
1711,1746969016.7271204,181.517,1.70644,-0.0141043,0.0861613,0.00907826,5565.26,5,35.266,1272.41,1297.37,49.5447,1,2,1.0,0.0,0.0,5,0.0,0,True,1746969014.06593,right,False
1712,1746969016.74901,181.587,1.69987,0.0301032,0.0861532,0.0100098,5567.76,5,35.286,1273.42,1298.38,49.5444,1,2,1.0,0.0,0.0,5,0.0,0,True,1746969014.06593,right,False
1713,1746969016.7689517,181.657,1.69335,0.0824639,0.0860677,0.0109427,5569.21,5,35.306,1274.43,1299.4,49.5441,1,2,1.0,0.0,0.1,5,0.0,0,True,1746969014.06593,right,False
1714,1746969016.7876709,181.727,1.68733,0.132713,0.0859294,0.0118775,5570.01,5,35.326,1275.44,1300.41,49.5438,1,2,1.0,0.0,0.1,5,0.0,0,True,1746969014.06593,right,False
1715,1746969016.81009,181.796,1.68356,0.175742,0.0857178,0.0128162,5573.04,5,35.346,1276.45,1301.42,49.5435,1,2,1.0,0.0,0.1,5,0.0,0,True,1746969014.06593,right,False
1716,1746969016.8296819,181.864,1.68007,0.217824,0.0854492,0.0137589,5575.95,5,35.366,1277.47,1302.43,49.5432,1,2,1.0,0.0,0.1,5,0.0,0,True,1746969014.06593,right,False
1717,1746969016.851246,181.92,1.82958,0.261077,0.0851562,0.013983,5580.63,5,35.386,1278.48,1303.44,49.5429,1,2,1.0,0.0,0.1,5,0.0,0,True,1746969014.06593,right,False
1718,1746969016.8696575,181.973,1.70471,0.284643,0.0849162,0.012243,5587.54,5,35.406,1279.49,1304.46,49.5426,1,2,1.0,0.0,0.1,5,0.0,0,True,1746969014.06593,right,False
1719,1746969016.8867688,182.029,1.26351,0.290216,0.0847331,0.00873852,5595.38,5,35.426,1280.5,1305.47,49.5423,1,2,1.0,0.0,0.1,5,0.0,0,True,1746969014.06593,right,False
1720,1746969016.9099996,182.084,0.570452,0.283103,0.0846191,0.00372338,5602.81,5,35.446,1281.52,1306.48,49.542,1,2,1.0,0.0,0.1,5,0.0,0,True,1746969014.06593,right,False
1721,1746969016.9297032,182.135,-0.318113,0.255275,0.0845825,-0.00254774,5611.48,5,35.466,1282.53,1307.5,49.5416,1,2,1.0,0.0,0.1,5,0.0,0,True,1746969014.06593,right,False
1722,1746969016.9474552,182.177,-1.35159,0.208987,0.0846395,-0.00981212,5622.85,5,35.486,1283.54,1308.51,49.5413,1,2,1.0,0.0,0.1,5,0.0,0,True,1746969014.06593,right,False
1723,1746969016.9675188,182.206,-2.48309,0.140255,0.0848063,-0.017823,5638.21,5,35.506,1284.56,1309.52,49.541,1,2,1.0,0.0,0.0,5,0.0,0,True,1746969014.06593,left,False
1724,1746969016.9887137,182.224,-3.66872,0.0514331,0.0850993,-0.0263591,5654.11,5,35.526,1285.57,1310.54,49.5407,1,2,1.0,0.0,0.0,5,0.0,0,True,1746969014.06593,left,False
1725,1746969017.007003,182.226,-4.879,-0.0478233,0.0855347,-0.0352342,5673.09,5,35.546,1286.59,1311.55,49.5404,1,2,1.0,0.0,0.0,5,0.0,0,True,1746969014.06593,left,False
1726,1746969017.0287468,182.215,-6.08823,-0.165837,0.0861328,-0.0442858,5694.04,5,35.566,1287.6,1312.57,49.5401,1,2,1.0,0.0,0.0,5,0.0,0,True,1746969014.06593,left,False
1727,1746969017.0468934,182.212,-7.36238,-0.303842,0.0868734,-0.0530429,5710.95,5,35.586,1288.62,1313.58,49.5398,1,2,1.0,0.0,0.0,5,0.0,0,True,1746969014.06593,left,False
1728,1746969017.0680058,182.22,-8.4593,-0.440393,0.0877279,-0.06075,5713.21,5,35.606,1289.63,1314.6,49.5395,1,2,1.0,0.0,0.0,5,0.0,0,True,1746969014.06593,left,False
1729,1746969017.0883894,182.234,-9.34062,-0.580331,0.0887166,-0.0674825,5710.32,5,35.626,1290.65,1315.61,49.5392,1,2,1.0,0.0,0.0,5,0.0,0,True,1746969014.06593,left,False
1730,1746969017.1084483,182.259,-10.0381,-0.72,0.0898519,-0.0733781,5697.79,5,35.646,1291.66,1316.63,49.5389,1,2,1.0,0.0,0.0,5,0.0,0,True,1746969014.06593,left,False
1731,1746969017.1311734,182.285,-10.5795,-0.856731,0.0911377,-0.0785758,5688.37,5,35.666,1292.68,1317.64,49.5386,1,2,1.0,0.0,0.0,5,0.0,0,True,1746969014.06593,left,False
1732,1746969017.1474469,182.318,-10.9917,-0.986199,0.0925822,-0.08319,5675.4,5,35.686,1293.69,1318.66,49.5383,1,2,1.0,0.0,0.0,5,0.0,0,True,1746969014.06593,left,False
1733,1746969017.1680315,182.349,-11.2974,-1.11513,0.0941895,-0.0872991,5670.16,5,35.706,1294.71,1319.68,49.538,1,2,1.0,0.0,0.0,5,0.0,0,True,1746969014.06593,left,False
1734,1746969017.1881933,182.383,-11.5203,-1.25074,0.0959717,-0.0909989,5666.34,5,35.726,1295.73,1320.69,49.5377,1,2,1.0,0.0,0.0,5,0.0,0,True,1746969014.06593,left,False
1735,1746969017.2085238,182.419,-11.6702,-1.38699,0.0979289,-0.0943289,5665.59,5,35.746,1296.75,1321.71,49.5374,1,2,1.0,0.0,0.0,5,0.0,0,True,1746969014.06593,left,False
1736,1746969017.2279716,182.458,-11.7497,-1.51365,0.100057,-0.0973194,5665.02,5,35.766,1297.76,1322.73,49.5371,1,2,1.0,0.0,0.0,5,0.0,0,True,1746969014.06593,left,False
1737,1746969017.2479358,182.499,-11.7699,-1.64893,0.102364,-0.0999873,5666.15,5,35.786,1298.78,1323.74,49.5368,1,2,1.0,0.0,0.0,5,0.0,0,True,1746969014.06593,left,False
1738,1746969017.2679043,182.542,-11.7356,-1.78706,0.10485,-0.102337,5672.09,5,35.806,1299.8,1324.76,49.5365,1,2,1.0,0.0,0.0,5,0.0,0,True,1746969014.06593,left,False
1739,1746969017.2870584,182.59,-11.644,-1.92628,0.107507,-0.10436,5675.49,5,35.826,1300.82,1325.78,49.5362,1,2,1.0,0.0,0.0,5,0.0,0,True,1746969014.06593,left,False
1740,1746969017.3097107,182.643,-11.5019,-2.0616,0.110343,-0.106077,5678.3,5,35.846,1301.83,1326.8,49.5359,1,2,1.0,0.0,0.0,5,0.0,0,True,1746969014.06593,left,False
1741,1746969017.3287938,182.7,-11.3043,-2.19588,0.11335,-0.107476,5680.58,5,35.866,1302.85,1327.82,49.5355,1,2,1.0,0.0,0.0,5,0.0,0,True,1746969014.06593,left,False
1742,1746969017.349581,182.76,-11.0575,-2.33257,0.116524,-0.108542,5686.37,5,35.886,1303.87,1328.83,49.5352,1,2,1.0,0.0,0.0,5,0.0,0,True,1746969014.06593,left,False
1743,1746969017.3669937,182.826,-10.7592,-2.47436,0.119861,-0.109269,5691.12,5,35.906,1304.89,1329.85,49.5349,1,2,1.0,0.0,0.0,5,0.0,0,True,1746969014.06593,left,False
1744,1746969017.3899114,182.898,-10.4114,-2.60885,0.123368,-0.109684,5690.69,5,35.926,1305.91,1330.87,49.5346,1,2,1.0,0.0,0.0,5,0.0,0,True,1746969014.06593,left,False
1745,1746969017.4076047,182.976,-10.0102,-2.73166,0.127035,-0.109771,5689.24,5,35.946,1306.93,1331.89,49.5343,1,2,1.0,0.0,0.0,5,0.0,0,True,1746969014.06593,left,False
1746,1746969017.4285002,183.054,-9.56579,-2.85518,0.130855,-0.109531,5691.33,5,35.966,1307.95,1332.91,49.534,1,2,1.0,0.0,0.0,5,0.0,0,True,1746969014.06593,left,False
1747,1746969017.4487364,183.139,-9.07801,-2.97057,0.134823,-0.10898,5688.82,5,35.986,1308.97,1333.93,49.5337,1,2,1.0,0.0,0.0,5,0.0,0,True,1746969014.06593,left,False
1748,1746969017.4669116,183.227,-8.55764,-3.08675,0.138936,-0.10814,5687.47,5,36.006,1309.99,1334.95,49.5334,1,2,1.0,0.0,0.0,5,0.0,0,True,1746969014.06593,left,False
1749,1746969017.488736,183.318,-8.00592,-3.20147,0.143184,-0.10703,5685.31,5,36.026,1311.01,1335.97,49.5331,1,2,1.0,0.0,0.0,5,0.0,0,True,1746969014.06593,left,False
1750,1746969017.5091083,183.411,-7.42761,-3.29974,0.147563,-0.105674,5682,5,36.046,1312.03,1336.99,49.5328,1,2,1.0,0.0,0.0,5,0.0,0,True,1746969014.06593,left,False
1751,1746969017.5298102,183.506,-6.83599,-3.39622,0.152067,-0.10411,5677.43,5,36.066,1313.05,1338.01,49.5325,1,2,1.0,0.0,0.0,5,0.0,0,True,1746969014.06593,left,False
1752,1746969017.550419,183.601,-6.23464,-3.48397,0.156681,-0.102361,5674.96,5,36.086,1314.07,1339.03,49.5322,1,2,1.0,0.0,0.0,5,0.0,0,True,1746969014.06593,left,False
1753,1746969017.568615,183.695,-5.63265,-3.57113,0.161397,-0.100454,5673.05,5,36.106,1315.09,1340.05,49.5319,1,2,1.0,0.0,0.0,5,0.0,0,True,1746969014.06593,left,False
1754,1746969017.58901,183.79,-5.03226,-3.64989,0.166199,-0.0984199,5670.4,5,36.126,1316.11,1341.08,49.5316,1,2,1.0,0.0,0.0,5,0.0,0,True,1746969014.06593,left,False
1755,1746969017.61026,183.885,-4.44241,-3.70842,0.171086,-0.0962956,5667.07,5,36.146,1317.13,1342.1,49.5313,1,2,1.0,0.0,0.0,5,0.0,0,True,1746969014.06593,left,False
1756,1746969017.628057,183.977,-3.86974,-3.77501,0.176046,-0.0940943,5667.16,5,36.166,1318.16,1343.12,49.531,1,2,1.0,0.0,0.0,5,0.0,0,True,1746969014.06593,left,False
1757,1746969017.6494505,184.071,-3.31439,-3.82024,0.181055,-0.0918465,5663.45,5,36.186,1319.18,1344.15,49.5307,1,2,1.0,0.0,0.0,5,0.0,0,True,1746969014.06593,left,False
1758,1746969017.6698506,184.161,-2.78498,-3.85374,0.186117,-0.0895798,5662.98,5,36.206,1320.21,1345.17,49.5304,1,2,1.0,0.0,0.0,5,0.0,0,True,1746969014.06593,left,False
1759,1746969017.6875744,184.251,-2.2838,-3.88604,0.191223,-0.0873075,5662.93,5,36.226,1321.23,1346.19,49.5301,1,2,1.0,0.0,0.0,5,0.0,0,True,1746969014.06593,left,False
1760,1746969017.7087111,184.34,-1.81225,-3.90772,0.196354,-0.0850494,5662.95,5,36.246,1322.26,1347.22,49.5297,1,2,1.0,0.0,0.0,5,0.0,0,True,1746969014.06593,left,False
1761,1746969017.7297966,184.427,-1.37265,-3.92189,0.201506,-0.0828187,5663.57,5,36.266,1323.28,1348.25,49.5294,1,2,1.0,0.0,0.0,5,0.0,0,True,1746969014.06593,left,False
1762,1746969017.7477267,184.512,-0.964821,-3.92507,0.206661,-0.0806239,5664.84,5,36.286,1324.31,1349.27,49.5291,1,2,1.0,0.0,0.0,5,0.0,0,True,1746969014.06593,left,False
1763,1746969017.76886,184.598,-0.58955,-3.92637,0.211816,-0.078475,5665.36,5,36.306,1325.33,1350.3,49.5288,1,2,1.0,0.0,0.0,5,0.0,0,True,1746969014.06593,left,False
1764,1746969017.7889605,184.682,-0.246729,-3.90841,0.216964,-0.0763819,5667.15,5,36.326,1326.36,1351.33,49.5285,1,2,1.0,0.0,0.0,5,0.0,0,True,1746969014.06593,left,False
1765,1746969017.8100939,184.765,0.0634813,-3.8935,0.222091,-0.074353,5668.2,5,36.346,1327.39,1352.35,49.5282,1,2,1.0,0.0,0.0,5,0.0,0,True,1746969014.06593,left,False
1766,1746969017.8289545,184.848,0.342733,-3.86746,0.227193,-0.0723894,5670.16,5,36.366,1328.42,1353.38,49.5279,1,2,1.0,0.0,0.0,5,0.0,0,True,1746969014.06593,left,False
1767,1746969017.8487403,184.93,0.591371,-3.83161,0.232259,-0.070498,5670.99,5,36.386,1329.45,1354.41,49.5276,1,2,1.0,0.0,0.0,5,0.0,0,True,1746969014.06593,left,False
1768,1746969017.8687515,185.012,0.811147,-3.79266,0.237288,-0.0686791,5673.31,5,36.406,1330.48,1355.44,49.5273,1,2,1.0,0.0,0.0,5,0.0,0,True,1746969014.06593,left,False
1769,1746969017.8879073,185.093,1.00399,-3.74669,0.242273,-0.0669315,5674.87,5,36.426,1331.51,1356.47,49.527,1,2,1.0,0.0,0.0,5,0.0,0,True,1746969014.06593,left,False
1770,1746969017.9102354,185.173,1.17115,-3.70072,0.247209,-0.0652564,5677.01,5,36.446,1332.54,1357.5,49.5267,1,2,1.0,0.0,0.0,5,0.0,0,True,1746969014.06593,left,False
1771,1746969017.9272788,185.254,1.31476,-3.63919,0.252087,-0.0636475,5677.78,5,36.466,1333.57,1358.54,49.5264,1,2,1.0,0.0,0.0,5,0.0,0,True,1746969014.06593,left,False
1772,1746969017.9473612,185.333,1.43791,-3.58694,0.256913,-0.062104,5680.53,5,36.486,1334.6,1359.57,49.5261,1,2,1.0,0.0,0.0,5,0.0,0,True,1746969014.06593,left,False
1773,1746969017.9672084,185.413,1.54169,-3.52784,0.261674,-0.0606201,5682.62,5,36.506,1335.64,1360.6,49.5258,1,2,1.0,0.0,0.0,5,0.0,0,True,1746969014.06593,left,False
1774,1746969017.9872928,185.492,1.62867,-3.46685,0.266378,-0.0591917,5684.98,5,36.526,1336.67,1361.63,49.5255,1,2,1.0,0.0,0.0,5,0.0,0,True,1746969014.06593,left,False
1775,1746969018.0078745,185.571,1.70044,-3.40598,0.271012,-0.0578163,5687.35,5,36.546,1337.7,1362.67,49.5252,1,2,1.0,0.0,0.0,5,0.0,0,True,1746969014.06593,left,False
1776,1746969018.028136,185.65,1.75857,-3.34657,0.275582,-0.0564895,5690.06,5,36.566,1338.74,1363.7,49.5249,1,2,1.0,0.0,0.0,5,0.0,0,True,1746969014.06593,left,False
1777,1746969018.0486133,185.728,1.80488,-3.28546,0.28007,-0.0552063,5692.26,5,36.586,1339.77,1364.74,49.5246,1,2,1.0,0.0,0.0,5,0.0,0,True,1746969014.06593,left,False
1778,1746969018.0684083,185.807,1.84131,-3.22263,0.284505,-0.0539603,5694.3,5,36.606,1340.81,1365.77,49.5243,1,2,1.0,0.0,0.0,5,0.0,0,True,1746969014.06593,left,False
1779,1746969018.0884497,185.885,1.86852,-3.1562,0.288855,-0.0527511,5696.66,5,36.626,1341.85,1366.81,49.5239,1,2,1.0,0.0,0.0,5,0.0,0,True,1746969014.06593,left,False
1780,1746969018.108448,185.962,1.88802,-3.09448,0.29314,-0.0515759,5699.05,5,36.646,1342.88,1367.85,49.5236,1,2,1.0,0.0,0.0,5,0.0,0,True,1746969014.06593,left,False
1781,1746969018.1276982,186.039,1.90147,-3.04104,0.297351,-0.0504301,5702.49,5,36.666,1343.92,1368.89,49.5233,1,2,1.0,0.0,0.0,5,0.0,0,True,1746969014.06593,left,False
1782,1746969018.1486852,186.116,1.90867,-2.97726,0.301493,-0.0493109,5705.07,5,36.686,1344.96,1369.92,49.523,1,2,1.0,0.0,0.0,5,0.0,0,True,1746969014.06593,left,False
1783,1746969018.1684625,186.194,1.91103,-2.91926,0.305562,-0.0482144,5706.65,5,36.706,1346,1370.96,49.5227,1,2,1.0,0.0,0.0,5,0.0,0,True,1746969014.06593,left,False
1784,1746969018.1877496,186.272,1.91008,-2.85952,0.30955,-0.0471351,5708.72,5,36.726,1347.04,1372,49.5224,1,2,1.0,0.0,0.0,5,0.0,0,True,1746969014.06593,left,False
1785,1746969018.2082536,186.348,1.90684,-2.80517,0.313472,-0.0460708,5711.87,5,36.746,1348.08,1373.04,49.5221,1,2,1.0,0.0,0.0,5,0.0,0,True,1746969014.06593,left,False
1786,1746969018.2274227,186.425,1.90078,-2.74607,0.317318,-0.0450215,5713.49,5,36.766,1349.12,1374.08,49.5218,1,2,1.0,0.0,0.0,5,0.0,0,True,1746969014.06593,left,False
1787,1746969018.2470233,186.501,1.89355,-2.693,0.32109,-0.043982,5715.58,5,36.786,1350.16,1375.13,49.5215,1,2,1.0,0.0,0.0,5,0.0,0,True,1746969014.06593,left,False
1788,1746969018.2676456,186.577,1.88432,-2.6399,0.324788,-0.0429542,5718.02,5,36.806,1351.2,1376.17,49.5212,1,2,1.0,0.0,0.0,5,0.0,0,True,1746969014.06593,left,False
1789,1746969018.2884276,186.652,1.874,-2.58568,0.328418,-0.0419371,5721.65,5,36.826,1352.24,1377.21,49.5209,1,2,1.0,0.0,0.0,5,0.0,0,True,1746969014.06593,left,False
1790,1746969018.308467,186.729,1.86226,-2.53056,0.33197,-0.0409267,5722.28,5,36.846,1353.29,1378.25,49.5206,1,2,1.0,0.0,0.0,5,0.0,0,True,1746969014.06593,left,False
1791,1746969018.327543,186.804,1.85173,-2.48374,0.335453,-0.039921,5725.9,5,36.866,1354.33,1379.3,49.5203,1,2,1.0,0.0,0.0,5,0.0,0,True,1746969014.06593,left,False
1792,1746969018.350073,186.879,1.83981,-2.42955,0.338859,-0.0389202,5727.43,5,36.886,1355.38,1380.34,49.52,1,2,1.0,0.0,0.0,5,0.0,0,True,1746969014.06593,left,False
1793,1746969018.3676643,186.954,1.82763,-2.37822,0.342196,-0.0379264,5730.09,5,36.906,1356.42,1381.38,49.5197,1,2,1.0,0.0,0.0,5,0.0,0,True,1746969014.06593,left,False
1794,1746969018.38923,187.029,1.81591,-2.32396,0.345463,-0.0369322,5731.98,5,36.926,1357.47,1382.43,49.5194,1,2,1.0,0.0,0.0,5,0.0,0,True,1746969014.06593,left,False
1795,1746969018.4071844,187.105,1.8037,-2.26513,0.348649,-0.0359397,5733.09,5,36.946,1358.51,1383.48,49.5191,1,2,1.0,0.0,0.0,5,0.0,0,True,1746969014.06593,left,False
1796,1746969018.4268184,187.178,1.79375,-2.22049,0.351774,-0.0349464,5736.21,5,36.966,1359.56,1384.52,49.5188,1,2,1.0,0.0,0.0,5,0.0,0,True,1746969014.06593,left,False
1797,1746969018.4474328,187.251,1.78419,-2.16761,0.354814,-0.0339513,5739.31,5,36.986,1360.6,1385.57,49.5185,1,2,1.0,0.0,0.0,5,0.0,0,True,1746969014.06593,left,False
1798,1746969018.468895,187.325,1.77585,-2.12007,0.3578,-0.0329549,5741.78,5,37.006,1361.65,1386.62,49.5182,1,2,1.0,0.0,0.0,5,0.0,0,True,1746969014.06593,left,False
1799,1746969018.4889767,187.399,1.7669,-2.0661,0.360702,-0.0319591,5743.4,5,37.026,1362.7,1387.66,49.5178,1,2,1.0,0.0,0.0,5,0.0,0,True,1746969014.06593,left,False
1800,1746969018.5099149,187.473,1.75945,-2.01721,0.363538,-0.0309596,5745.56,5,37.046,1363.75,1388.71,49.5175,1,2,1.0,0.0,0.0,5,0.0,0,True,1746969014.06593,left,False
1801,1746969018.5303113,187.546,1.75227,-1.96156,0.366305,-0.029958,5747.69,5,37.066,1364.8,1389.76,49.5172,1,2,1.0,0.0,0.0,5,0.0,0,True,1746969014.06593,left,False
1802,1746969018.5490174,187.619,1.74686,-1.91646,0.368994,-0.028954,5750.11,5,37.086,1365.85,1390.81,49.5169,1,2,1.0,0.0,0.0,5,0.0,0,True,1746969014.06593,left,False
1803,1746969018.5683296,187.691,1.74232,-1.87028,0.371623,-0.0279469,5753.28,5,37.106,1366.9,1391.86,49.5166,1,2,1.0,0.0,0.0,5,0.0,0,True,1746969014.06593,left,False
1804,1746969018.5877802,187.764,1.73697,-1.80953,0.374166,-0.0269372,5753.61,5,37.126,1367.95,1392.91,49.5163,1,2,1.0,0.0,0.0,5,0.0,0,True,1746969014.06593,left,False
1805,1746969018.607073,187.836,1.73295,-1.76085,0.376648,-0.0259266,5756.6,5,37.146,1369,1393.96,49.516,1,2,1.0,0.0,0.0,5,0.0,0,True,1746969014.06593,left,False
1806,1746969018.6280105,187.907,1.72984,-1.71236,0.379053,-0.0249145,5759.33,5,37.166,1370.05,1395.01,49.5157,1,2,1.0,0.0,0.0,5,0.0,0,True,1746969014.06593,left,False
1807,1746969018.6499872,187.979,1.72634,-1.66165,0.381384,-0.0239029,5761.3,5,37.186,1371.1,1396.06,49.5154,1,2,1.0,0.0,0.0,5,0.0,0,True,1746969014.06593,left,False
1808,1746969018.6688592,188.051,1.72305,-1.61238,0.383655,-0.0228903,5762.57,5,37.206,1372.15,1397.12,49.5151,1,2,1.0,0.0,0.0,5,0.0,0,True,1746969014.06593,left,False
1809,1746969018.686878,188.122,1.72022,-1.56577,0.385848,-0.0218771,5764.82,5,37.226,1373.21,1398.17,49.5148,1,2,1.0,0.0,0.0,5,0.0,0,True,1746969014.06593,left,False
1810,1746969018.7084095,188.193,1.7179,-1.51941,0.387972,-0.0208623,5768.21,5,37.246,1374.26,1399.22,49.5145,1,2,1.0,0.0,0.0,5,0.0,0,True,1746969014.06593,left,False
1811,1746969018.7285557,188.263,1.71465,-1.46379,0.390027,-0.0198488,5769.3,5,37.266,1375.31,1400.28,49.5142,1,2,1.0,0.0,0.0,5,0.0,0,True,1746969014.06593,left,False
1812,1746969018.7498205,188.334,1.71216,-1.41555,0.392,-0.0188341,5771.59,5,37.286,1376.37,1401.33,49.5139,1,2,1.0,0.0,0.0,5,0.0,0,True,1746969014.06593,left,False
1813,1746969018.7690892,188.403,1.71025,-1.36664,0.393917,-0.0178182,5774.05,5,37.306,1377.42,1402.39,49.5136,1,2,1.0,0.0,0.0,5,0.0,0,True,1746969014.06593,left,False
1814,1746969018.7880423,188.474,1.70724,-1.31615,0.395756,-0.0168035,5775.37,5,37.326,1378.48,1403.44,49.5133,1,2,1.0,0.0,0.0,5,0.0,0,True,1746969014.06593,left,False
1815,1746969018.808186,188.544,1.7048,-1.25934,0.397518,-0.0157871,5777.03,5,37.346,1379.53,1404.5,49.513,1,2,1.0,0.0,0.0,5,0.0,0,True,1746969014.06593,left,False
1816,1746969018.829192,188.613,1.70279,-1.21227,0.399223,-0.0147715,5779.67,5,37.366,1380.59,1405.55,49.5127,1,2,1.0,0.0,0.0,5,0.0,0,True,1746969014.06593,left,False
1817,1746969018.8497999,188.681,1.7009,-1.15897,0.400846,-0.0137544,5782.02,5,37.386,1381.64,1406.61,49.5124,1,2,1.0,0.0,0.0,5,0.0,0,True,1746969014.06593,left,False
1818,1746969018.868485,188.75,1.69885,-1.11106,0.402397,-0.0127375,5784.14,5,37.406,1382.7,1407.67,49.512,1,2,1.0,0.0,0.0,5,0.0,0,True,1746969014.06593,left,False
1819,1746969018.8875585,188.818,1.69689,-1.05622,0.403882,-0.0117211,5786.56,5,37.426,1383.76,1408.72,49.5117,1,2,1.0,0.0,0.0,5,0.0,0,True,1746969014.06593,left,False
1820,1746969018.9100099,188.886,1.69483,-1.00641,0.405294,-0.0107045,5788.03,5,37.446,1384.82,1409.78,49.5114,1,2,1.0,0.0,0.0,5,0.0,0,True,1746969014.06593,left,False
1821,1746969018.9279563,188.954,1.69282,-0.952677,0.406632,-0.00968814,5790.3,5,37.466,1385.88,1410.84,49.5111,1,2,1.0,0.0,0.0,5,0.0,0,True,1746969014.06593,left,False
1822,1746969018.9506996,189.021,1.69097,-0.901389,0.407902,-0.00867128,5792.49,5,37.486,1386.93,1411.9,49.5108,1,2,1.0,0.0,0.0,5,0.0,0,True,1746969014.06593,left,False
1823,1746969018.968771,189.089,1.68881,-0.850703,0.409094,-0.00765395,5794.08,5,37.506,1387.99,1412.96,49.5105,1,2,1.0,0.0,0.0,5,0.0,0,True,1746969014.06593,left,False
1824,1746969018.9879565,189.156,1.6873,-0.796053,0.410217,-0.00663519,5795.97,5,37.526,1389.05,1414.02,49.5102,1,2,1.0,0.0,0.0,5,0.0,0,True,1746969014.06593,left,False
1825,1746969019.0091815,189.222,1.68571,-0.742109,0.411275,-0.00561571,5798.09,5,37.546,1390.11,1415.08,49.5099,1,2,1.0,0.0,0.0,5,0.0,0,True,1746969014.06593,left,False
1826,1746969019.0279393,189.288,1.68459,-0.691265,0.412248,-0.00459623,5800.61,5,37.566,1391.17,1416.14,49.5096,1,2,1.0,0.0,0.0,5,0.0,0,True,1746969014.06593,left,False
1827,1746969019.046856,189.355,1.68276,-0.639247,0.413159,-0.00357652,5801.9,5,37.586,1392.23,1417.2,49.5093,1,2,1.0,0.0,0.0,5,0.0,0,True,1746969014.06593,left,False
1828,1746969019.068817,189.42,1.68177,-0.583432,0.413997,-0.00255466,5804.02,5,37.606,1393.3,1418.26,49.509,1,2,1.0,0.0,0.0,5,0.0,0,True,1746969014.06593,left,False
1829,1746969019.0879788,189.486,1.67999,-0.530708,0.414754,-0.00153565,5806.14,5,37.626,1394.36,1419.32,49.5087,1,2,1.0,0.0,0.0,5,0.0,0,True,1746969014.06593,left,False
1830,1746969019.1075459,189.551,1.67831,-0.47886,0.41545,-0.00051713,5807.97,5,37.646,1395.42,1420.38,49.5084,1,2,1.0,0.0,0.0,5,0.0,0,True,1746969014.06593,left,False
1831,1746969019.127306,189.616,1.67674,-0.422937,0.416073,0.000502586,5810.09,5,37.666,1396.48,1421.45,49.5081,1,2,1.0,0.0,0.0,5,0.0,0,True,1746969014.06593,left,False
1832,1746969019.1481087,189.681,1.67571,-0.368112,0.416614,0.00152516,5811.7,5,37.686,1397.54,1422.51,49.5078,1,2,1.0,0.0,0.0,5,0.0,0,True,1746969014.06593,left,False
1833,1746969019.16758,189.745,1.67562,-0.324368,0.417094,0.00254965,5814.5,5,37.706,1398.61,1423.57,49.5075,1,2,1.0,0.0,0.0,5,0.0,0,True,1746969014.06593,left,False
1834,1746969019.189009,189.809,1.67526,-0.269568,0.417501,0.00357604,5816.37,5,37.726,1399.67,1424.63,49.5072,1,2,1.0,0.0,0.0,5,0.0,0,True,1746969014.06593,left,False
1835,1746969019.208783,189.874,1.67499,-0.215683,0.417822,0.00460458,5817.06,5,37.746,1400.73,1425.7,49.5069,1,2,1.0,0.0,0.0,5,0.0,0,True,1746969014.06593,left,False
1836,1746969019.227459,189.937,1.67558,-0.169228,0.418087,0.00563431,5820.01,5,37.766,1401.8,1426.76,49.5066,1,2,1.0,0.0,0.0,5,0.0,0,True,1746969014.06593,left,False
1837,1746969019.2496636,190.001,1.67557,-0.107217,0.418274,0.0066669,5820.32,5,37.786,1402.86,1427.83,49.5062,1,2,1.0,0.0,0.0,5,0.0,0,True,1746969014.06593,left,False
1838,1746969019.2685094,190.064,1.67666,-0.056564,0.41838,0.00770211,5823.24,5,37.806,1403.93,1428.89,49.5059,1,2,1.0,0.0,0.0,5,0.0,0,True,1746969014.06593,left,False
1839,1746969019.288101,190.127,1.67758,-0.0031748,0.418424,0.00873733,5825.21,5,37.826,1404.99,1429.96,49.5056,1,2,1.0,0.0,0.0,5,0.0,0,True,1746969014.06593,left,False
1840,1746969019.307381,190.19,1.67888,0.0489193,0.418396,0.00977635,5826.64,5,37.846,1406.06,1431.02,49.5053,1,2,1.0,0.0,0.0,5,0.0,0,True,1746969014.06593,left,False
1841,1746969019.3300323,190.251,1.68147,0.0913065,0.418286,0.0108166,5829.82,5,37.866,1407.12,1432.09,49.505,1,2,1.0,0.0,0.0,5,0.0,0,True,1746969014.06593,left,False
1842,1746969019.3476233,190.313,1.68323,0.139436,0.418111,0.0118582,5831.15,5,37.886,1408.19,1433.16,49.5047,1,2,1.0,0.0,0.0,5,0.0,0,True,1746969014.06593,left,False
1843,1746969019.3676286,190.375,1.68418,0.194878,0.417863,0.0128994,5833.21,5,37.906,1409.26,1434.22,49.5044,1,2,1.0,0.0,0.0,5,0.0,0,True,1746969014.06593,left,False
1844,1746969019.3887894,190.437,1.68467,0.245844,0.417533,0.0139363,5834.95,5,37.926,1410.33,1435.29,49.5041,1,2,1.0,0.0,0.0,5,0.0,0,True,1746969014.06593,left,False
1845,1746969019.4096956,190.498,1.68446,0.302108,0.417139,0.0149724,5836.52,5,37.946,1411.39,1436.36,49.5038,1,2,1.0,0.0,0.0,5,0.0,0,True,1746969014.06593,left,False
1846,1746969019.4292474,190.559,1.68378,0.356059,0.416671,0.0160072,5837.63,5,37.966,1412.46,1437.42,49.5035,1,2,1.0,0.0,0.0,5,0.0,0,True,1746969014.06593,left,False
1847,1746969019.448374,190.62,1.68314,0.411527,0.416117,0.0170414,5839.86,5,37.986,1413.53,1438.49,49.5032,1,2,1.0,0.0,0.0,5,0.0,0,True,1746969014.06593,left,False
1848,1746969019.467537,190.68,1.68276,0.463209,0.415503,0.0180767,5842.48,5,38.006,1414.6,1439.56,49.5029,1,2,1.0,0.0,0.0,5,0.0,0,True,1746969014.06593,left,False
1849,1746969019.4870596,190.74,1.68212,0.523737,0.414815,0.0191123,5844,5,38.026,1415.67,1440.63,49.5026,1,2,1.0,0.0,0.0,5,0.0,0,True,1746969014.06593,left,False
1850,1746969019.5089705,190.8,1.68117,0.581245,0.414046,0.0201476,5844.94,5,38.046,1416.73,1441.7,49.5023,1,2,1.0,0.0,0.0,5,0.0,0,True,1746969014.06593,left,False
1851,1746969019.527995,190.86,1.68071,0.634865,0.413208,0.0211835,5846.75,5,38.066,1417.8,1442.77,49.502,1,2,1.0,0.0,0.0,5,0.0,0,True,1746969014.06593,left,False
1852,1746969019.5488129,190.919,1.68081,0.683934,0.412297,0.0222208,5848.78,5,38.086,1418.87,1443.84,49.5017,1,2,1.0,0.0,0.0,5,0.0,0,True,1746969014.06593,left,False
1853,1746969019.5669322,190.978,1.68069,0.737499,0.411308,0.0232596,5850.41,5,38.106,1419.94,1444.91,49.5014,1,2,1.0,0.0,0.0,5,0.0,0,True,1746969014.06593,left,False
1854,1746969019.5883281,191.038,1.68023,0.796115,0.410246,0.0242999,5850.78,5,38.126,1421.01,1445.98,49.5011,1,2,1.0,0.0,0.0,5,0.0,0,True,1746969014.06593,left,False
1855,1746969019.608009,191.095,1.68137,0.843949,0.409115,0.025342,5854.13,5,38.146,1422.08,1447.05,49.5008,1,2,1.0,0.0,0.0,5,0.0,0,True,1746969014.06593,left,False
1856,1746969019.6270592,191.154,1.6817,0.90157,0.407906,0.0263848,5855.28,5,38.166,1423.15,1448.12,49.5005,1,2,1.0,0.0,0.0,5,0.0,0,True,1746969014.06593,left,False
1857,1746969019.6498706,191.212,1.68243,0.954939,0.406612,0.0274291,5857.24,5,38.186,1424.23,1449.19,49.5001,1,2,1.0,0.0,0.0,5,0.0,0,True,1746969014.06593,left,False
1858,1746969019.668931,191.269,1.68351,0.999166,0.405265,0.0284731,5859.71,5,38.206,1425.3,1450.26,49.4998,1,2,1.0,0.0,0.0,5,0.0,0,True,1746969014.06593,left,False
1859,1746969019.6870284,191.327,1.68352,1.05617,0.403833,0.0295174,5859.98,5,38.226,1426.37,1451.33,49.4995,1,2,1.0,0.0,0.0,5,0.0,0,True,1746969014.06593,left,False
1860,1746969019.709244,191.384,1.68454,1.11282,0.402319,0.0305669,5861.87,5,38.246,1427.44,1452.4,49.4992,1,2,1.0,0.0,0.0,5,0.0,0,True,1746969014.06593,left,False
1861,1746969019.7274911,191.442,1.68644,1.1621,0.400741,0.0316205,5862.89,5,38.266,1428.51,1453.48,49.4989,1,2,1.0,0.0,0.0,5,0.0,0,True,1746969014.06593,left,False
1862,1746969019.74757,191.497,1.68912,1.22142,0.399084,0.0326791,5865.41,5,38.286,1429.58,1454.55,49.4986,1,2,1.0,0.0,0.0,5,0.0,0,True,1746969014.06593,left,False
1863,1746969019.7674375,191.554,1.69161,1.27069,0.397347,0.0337377,5867.54,5,38.306,1430.66,1455.62,49.4983,1,2,1.0,0.0,0.0,5,0.0,0,True,1746969014.06593,left,False
1864,1746969019.7893105,191.609,1.69406,1.32237,0.395544,0.0347958,5869.36,5,38.326,1431.73,1456.69,49.498,1,2,1.0,0.0,0.0,5,0.0,0,True,1746969014.06593,left,False
1865,1746969019.8087072,191.665,1.69524,1.38561,0.393665,0.0358527,5870.63,5,38.346,1432.8,1457.77,49.4977,1,2,1.0,0.0,0.0,5,0.0,0,True,1746969014.06593,left,False
1866,1746969019.827071,191.721,1.69634,1.44077,0.391703,0.0369091,5872.33,5,38.366,1433.88,1458.84,49.4974,1,2,1.0,0.0,0.0,5,0.0,0,True,1746969014.06593,left,False
1867,1746969019.84955,191.776,1.6969,1.49327,0.389673,0.0379617,5873.66,5,38.386,1434.95,1459.91,49.4971,1,2,1.0,0.0,0.0,5,0.0,0,True,1746969014.06593,left,False
1868,1746969019.8688488,191.831,1.69761,1.54996,0.387569,0.0390158,5875.89,5,38.406,1436.02,1460.99,49.4968,1,2,1.0,0.0,0.0,5,0.0,0,True,1746969014.06593,left,False
1869,1746969019.8878188,191.886,1.69737,1.60633,0.38538,0.0400667,5876.98,5,38.426,1437.1,1462.06,49.4965,1,2,1.0,0.0,0.0,5,0.0,0,True,1746969014.06593,left,False
1870,1746969019.9079888,191.94,1.69749,1.6596,0.383126,0.0411184,5879.25,5,38.446,1438.17,1463.14,49.4962,1,2,1.0,0.0,0.0,5,0.0,0,True,1746969014.06593,left,False
1871,1746969019.9280815,191.994,1.69741,1.71341,0.380794,0.0421689,5880.99,5,38.466,1439.25,1464.21,49.4959,1,2,1.0,0.0,0.0,5,0.0,0,True,1746969014.06593,left,False
1872,1746969019.949897,192.048,1.69725,1.7687,0.378385,0.0432189,5882.83,5,38.486,1440.32,1465.29,49.4956,1,2,1.0,0.0,0.0,5,0.0,0,True,1746969014.06593,left,False
1873,1746969019.9683309,192.102,1.69649,1.82612,0.375899,0.0442684,5883.78,5,38.506,1441.4,1466.36,49.4953,1,2,1.0,0.0,0.0,5,0.0,0,True,1746969014.06593,left,False
1874,1746969019.989151,192.155,1.69598,1.8816,0.37334,0.0453176,5885.26,5,38.526,1442.47,1467.44,49.495,1,2,1.0,0.0,0.0,5,0.0,0,True,1746969014.06593,left,False
1875,1746969020.0071712,192.209,1.69562,1.93133,0.370703,0.0463676,5887.02,5,38.546,1443.55,1468.51,49.4947,1,2,1.0,0.0,0.0,5,0.0,0,True,1746969014.06593,left,False
1876,1746969020.0271194,192.261,1.69503,1.99312,0.367985,0.0474169,5888.54,5,38.566,1444.62,1469.59,49.4943,1,2,1.0,0.0,0.0,5,0.0,0,True,1746969014.06593,left,False
1877,1746969020.047046,192.315,1.69484,2.04421,0.365202,0.0484686,5889.3,5,38.586,1445.7,1470.66,49.494,1,2,1.0,0.0,0.0,5,0.0,0,True,1746969014.06593,left,False
1878,1746969020.0690725,192.367,1.69485,2.10114,0.362337,0.0495205,5891.03,5,38.606,1446.77,1471.74,49.4937,1,2,1.0,0.0,0.0,5,0.0,0,True,1746969014.06593,left,False
1879,1746969020.0882146,192.419,1.69511,2.15167,0.359395,0.0505738,5893.18,5,38.626,1447.85,1472.81,49.4934,1,2,1.0,0.0,0.0,5,0.0,0,True,1746969014.06593,left,False
1880,1746969020.1320145,192.471,1.69531,2.20537,0.356384,0.0516276,5894.09,5,38.646,1448.93,1473.89,49.4931,1,2,1.0,0.0,0.0,5,0.0,0,True,1746969014.06593,left,False
1881,1746969020.1977565,192.522,1.69557,2.26119,0.353296,0.0526829,5895.75,5,38.666,1450,1474.97,49.4928,1,2,1.0,0.0,0.0,5,0.0,0,True,1746969014.06593,left,False
1882,1746969020.2005074,192.573,1.69571,2.31771,0.350126,0.0537372,5897.44,5,38.686,1451.08,1476.04,49.4925,1,2,1.0,0.0,0.0,5,0.0,0,True,1746969014.06593,right,False
1883,1746969020.2033944,192.625,1.69574,2.37395,0.346883,0.0547934,5898.69,5,38.706,1452.15,1477.12,49.4922,1,2,1.0,0.0,0.0,5,0.0,0,True,1746969014.06593,right,False
1884,1746969020.2055838,192.675,1.6964,2.42785,0.343567,0.0558503,5900.4,5,38.726,1453.23,1478.2,49.4919,1,2,1.0,0.0,0.0,5,0.0,0,True,1746969014.06593,right,False
1885,1746969020.2096512,192.726,1.69741,2.48267,0.340169,0.0569096,5901.87,5,38.746,1454.31,1479.27,49.4916,1,2,1.0,0.0,0.0,5,0.0,0,True,1746969014.06593,right,False
1886,1746969020.2267802,192.776,1.69855,2.53376,0.336694,0.0579703,5903.95,5,38.766,1455.39,1480.35,49.4913,1,2,1.0,0.0,0.0,5,0.0,0,True,1746969014.06593,right,False
1887,1746969020.262944,192.826,1.69962,2.58745,0.33315,0.0590317,5905.68,5,38.786,1456.46,1481.43,49.491,1,2,1.0,0.0,0.0,5,0.0,0,True,1746969014.06593,right,False
1888,1746969020.2680693,192.875,1.70032,2.64841,0.329525,0.0600934,5906.68,5,38.806,1457.54,1482.5,49.4907,1,2,1.0,0.0,0.0,5,0.0,0,True,1746969014.06593,right,False
1889,1746969020.289889,192.925,1.70092,2.70203,0.325818,0.0611548,5908.39,5,38.826,1458.62,1483.58,49.4904,1,2,1.0,0.0,0.0,5,0.0,0,True,1746969014.06593,right,False
1890,1746969020.3082013,192.974,1.70191,2.74924,0.322046,0.062216,5910.53,5,38.846,1459.7,1484.66,49.4901,1,2,1.0,0.0,0.0,5,0.0,0,True,1746969014.06593,right,False
1891,1746969020.3280845,193.024,1.70218,2.81055,0.318193,0.0632772,5910.61,5,38.866,1460.77,1485.74,49.4898,1,2,1.0,0.0,0.0,5,0.0,0,True,1746969014.06593,right,False
1892,1746969020.348693,193.072,1.70277,2.86891,0.314258,0.0643387,5912.76,5,38.886,1461.85,1486.82,49.4895,1,2,1.0,0.0,0.0,5,0.0,0,True,1746969014.06593,right,False
1893,1746969020.368324,193.121,1.70302,2.92343,0.310254,0.0653992,5913.96,5,38.906,1462.93,1487.89,49.4892,1,2,1.0,0.0,0.0,5,0.0,0,True,1746969014.06593,right,False
1894,1746969020.3884535,193.168,1.70344,2.97645,0.306169,0.0664599,5915.81,5,38.926,1464.01,1488.97,49.4889,1,2,1.0,0.0,0.0,5,0.0,0,True,1746969014.06593,right,False
1895,1746969020.409054,193.217,1.70335,3.03245,0.302002,0.0675199,5916.8,5,38.946,1465.09,1490.05,49.4885,1,2,1.0,0.0,0.0,5,0.0,0,True,1746969014.06593,right,False
1896,1746969020.4285276,193.264,1.70339,3.09211,0.297766,0.0685802,5918.5,5,38.966,1466.16,1491.13,49.4882,1,2,1.0,0.0,0.0,5,0.0,0,True,1746969014.06593,right,False
1897,1746969020.4497797,193.312,1.7035,3.14327,0.293449,0.0696411,5919.41,5,38.986,1467.24,1492.21,49.4879,1,2,1.0,0.0,0.0,5,0.0,0,True,1746969014.06593,right,False
1898,1746969020.4686298,193.359,1.70373,3.20023,0.289054,0.0707026,5920.94,5,39.006,1468.32,1493.29,49.4876,1,2,1.0,0.0,0.0,5,0.0,0,True,1746969014.06593,right,False
1899,1746969020.4898937,193.406,1.7037,3.25811,0.284583,0.0717628,5922.08,5,39.026,1469.4,1494.36,49.4873,1,2,1.0,0.0,0.0,5,0.0,0,True,1746969014.06593,right,False
1900,1746969020.5074317,193.453,1.70351,3.3158,0.280042,0.0728245,5923.05,5,39.046,1470.48,1495.44,49.487,1,2,1.0,0.0,0.0,5,0.0,0,True,1746969014.06593,right,False
1901,1746969020.5294712,193.499,1.70445,3.36553,0.275419,0.0738881,5925.34,5,39.066,1471.56,1496.52,49.4867,1,2,1.0,0.0,0.0,5,0.0,0,True,1746969014.06593,right,False
1902,1746969020.5482764,193.545,1.70434,3.42536,0.270711,0.0749516,5926.66,5,39.086,1472.64,1497.6,49.4864,1,2,1.0,0.0,0.0,5,0.0,0,True,1746969014.06593,right,False
1903,1746969020.56886,193.591,1.70363,3.4894,0.265938,0.0760119,5927.84,5,39.106,1473.72,1498.68,49.4861,1,2,1.0,0.0,0.0,5,0.0,0,True,1746969014.06593,right,False
1904,1746969020.5870426,193.636,1.703,3.54267,0.261084,0.0770681,5930.25,5,39.126,1474.79,1499.76,49.4858,1,2,1.0,0.0,0.0,5,0.0,0,True,1746969014.06593,right,False
1905,1746969020.6079679,193.682,1.70215,3.59936,0.256144,0.078125,5930.88,5,39.146,1475.87,1500.84,49.4855,1,2,1.0,0.0,0.0,5,0.0,0,True,1746969014.06593,right,False
1906,1746969020.6282718,193.727,1.70144,3.64898,0.251135,0.0791798,5932.44,5,39.166,1476.95,1501.92,49.4852,1,2,1.0,0.0,0.0,5,0.0,0,True,1746969014.06593,right,False
1907,1746969020.6501806,193.771,1.70031,3.7084,0.246053,0.0802357,5933.53,5,39.186,1478.03,1503,49.4849,1,2,1.0,0.0,0.0,5,0.0,0,True,1746969014.06593,right,False
1908,1746969020.6667929,193.816,1.69994,3.75741,0.240885,0.0812929,5934.5,5,39.206,1479.11,1504.08,49.4846,1,2,1.0,0.0,0.0,5,0.0,0,True,1746969014.06593,right,False
1909,1746969020.6882222,193.861,1.69924,3.81609,0.23564,0.082351,5935.97,5,39.226,1480.19,1505.16,49.4843,1,2,1.0,0.0,0.1,5,0.0,0,True,1746969014.06593,right,False
1910,1746969020.7092755,193.905,1.69928,3.86863,0.230326,0.0834119,5937.12,5,39.246,1481.27,1506.23,49.484,1,2,1.0,0.0,0.1,5,0.0,0,True,1746969014.06593,right,False
1911,1746969020.7272823,193.948,1.69932,3.92589,0.224931,0.0844736,5938.98,5,39.266,1482.35,1507.31,49.4837,1,2,1.0,0.0,0.1,5,0.0,0,True,1746969014.06593,right,False
1912,1746969020.7474315,193.992,1.6989,3.98291,0.21945,0.0855331,5939.94,5,39.286,1483.43,1508.39,49.4834,1,2,1.0,0.0,0.1,5,0.0,0,True,1746969014.06593,right,False
1913,1746969020.7676232,194.036,1.69873,4.04224,0.2139,0.0865939,5940.93,5,39.306,1484.51,1509.47,49.4831,1,2,1.0,0.0,0.1,5,0.0,0,True,1746969014.06593,right,False
1914,1746969020.7888975,194.065,1.84477,4.08965,0.208309,0.0869231,5945.69,5,39.326,1485.59,1510.55,49.4827,1,2,1.0,0.0,0.1,5,0.0,0,True,1746969014.06593,right,False
1915,1746969020.8090003,194.092,1.6904,4.12404,0.202767,0.0852747,5951.8,5,39.346,1486.67,1511.63,49.4824,1,2,1.0,0.0,0.1,5,0.0,0,True,1746969014.06593,right,False
1916,1746969020.82892,194.122,1.19604,4.14592,0.19727,0.0818288,5957.5,5,39.366,1487.75,1512.71,49.4821,1,2,1.0,0.0,0.1,5,0.0,0,True,1746969014.06593,right,False
1917,1746969020.8477602,194.149,0.424334,4.14298,0.191833,0.0768452,5965.01,5,39.386,1488.83,1513.79,49.4818,1,2,1.0,0.0,0.1,5,0.0,0,True,1746969014.06593,right,False
1918,1746969020.8683462,194.172,-0.560269,4.12452,0.186462,0.0705876,5972.8,5,39.406,1489.91,1514.87,49.4815,1,2,1.0,0.0,0.1,5,0.0,0,True,1746969014.06593,right,False
1919,1746969020.887237,194.184,-1.70274,4.08236,0.181173,0.0633087,5982.84,5,39.426,1490.99,1515.95,49.4812,1,2,1.0,0.0,0.0,5,0.0,0,True,1746969014.06593,left,False
1920,1746969020.9085648,194.184,-2.95288,4.0298,0.175993,0.0552604,5994.91,5,39.446,1492.07,1517.03,49.4809,1,2,1.0,0.0,0.0,5,0.0,0,True,1746969014.06593,left,False
1921,1746969020.9272358,194.168,-4.27031,3.94812,0.170931,0.0466652,6009.96,5,39.466,1493.15,1518.11,49.4806,1,2,1.0,0.0,0.0,5,0.0,0,True,1746969014.06593,left,False
1922,1746969020.9500842,194.136,-5.61394,3.85127,0.166007,0.0377319,6027.65,5,39.486,1494.23,1519.19,49.4803,1,2,1.0,0.0,0.0,5,0.0,0,True,1746969014.06593,left,False
1923,1746969020.9689932,194.087,-6.96083,3.73905,0.161226,0.0286148,6048.81,5,39.506,1495.31,1520.27,49.48,1,2,1.0,0.0,0.0,5,0.0,0,True,1746969014.06593,left,False
1924,1746969020.9893227,194.046,-8.36514,3.61103,0.156596,0.0197771,6061.5,5,39.526,1496.39,1521.35,49.4797,1,2,1.0,0.0,0.0,5,0.0,0,True,1746969014.06593,left,False
1925,1746969021.0090177,194.014,-9.58791,3.47316,0.152075,0.0119627,6064.52,5,39.546,1497.47,1522.43,49.4794,1,2,1.0,0.0,0.0,5,0.0,0,True,1746969014.06593,left,False
1926,1746969021.0283663,193.987,-10.5862,3.33284,0.147677,0.0050866,6061.86,5,39.566,1498.55,1523.51,49.4791,1,2,1.0,0.0,0.0,5,0.0,0,True,1746969014.06593,left,False
1927,1746969021.050677,193.97,-11.3897,3.2018,0.14342,-0.000977818,6049.8,5,39.586,1499.63,1524.59,49.4788,1,2,1.0,0.0,0.0,5,0.0,0,True,1746969014.06593,left,False
1928,1746969021.0673177,193.958,-12.0405,3.0617,0.139311,-0.00637752,6036.45,5,39.606,1500.71,1525.68,49.4785,1,2,1.0,0.0,0.0,5,0.0,0,True,1746969014.06593,left,False
1929,1746969021.0868888,193.947,-12.5613,2.92736,0.135356,-0.0112279,6028.96,5,39.626,1501.79,1526.76,49.4782,1,2,1.0,0.0,0.0,5,0.0,0,True,1746969014.06593,left,False
1930,1746969021.107136,193.939,-12.9696,2.80626,0.131563,-0.015612,6019.02,5,39.646,1502.87,1527.84,49.4779,1,2,1.0,0.0,0.0,5,0.0,0,True,1746969014.06593,left,False
1931,1746969021.1271875,193.931,-13.2952,2.67354,0.127938,-0.0196164,6016.71,5,39.666,1503.96,1528.92,49.4776,1,2,1.0,0.0,0.0,5,0.0,0,True,1746969014.06593,left,False
1932,1746969021.1472766,193.925,-13.5438,2.53398,0.124487,-0.02327,6016.56,5,39.686,1505.04,1530,49.4773,1,2,1.0,0.0,0.0,5,0.0,0,True,1746969014.06593,left,False
1933,1746969021.16808,193.921,-13.7249,2.39669,0.121208,-0.0265945,6019.05,5,39.706,1506.12,1531.08,49.477,1,2,1.0,0.0,0.0,5,0.0,0,True,1746969014.06593,left,False
1934,1746969021.188961,193.921,-13.8333,2.26519,0.118107,-0.0296033,6018.81,5,39.726,1507.2,1532.16,49.4766,1,2,1.0,0.0,0.0,5,0.0,0,True,1746969014.06593,left,False
1935,1746969021.2083092,193.925,-13.8821,2.12534,0.115186,-0.0322841,6023.49,5,39.746,1508.28,1533.25,49.4763,1,2,1.0,0.0,0.0,5,0.0,0,True,1746969014.06593,left,False
1936,1746969021.227763,193.933,-13.867,1.996,0.112439,-0.0346592,6025.76,5,39.766,1509.36,1534.33,49.476,1,2,1.0,0.0,0.0,5,0.0,0,True,1746969014.06593,left,False
1937,1746969021.2480097,193.946,-13.7941,1.856,0.109871,-0.0367139,6028.13,5,39.786,1510.45,1535.41,49.4757,1,2,1.0,0.0,0.0,5,0.0,0,True,1746969014.06593,left,False
1938,1746969021.2682889,193.962,-13.6631,1.7206,0.107483,-0.0384448,6033.83,5,39.806,1511.53,1536.49,49.4754,1,2,1.0,0.0,0.0,5,0.0,0,True,1746969014.06593,left,False
1939,1746969021.2883465,193.986,-13.4741,1.58273,0.105265,-0.0398524,6035.89,5,39.826,1512.61,1537.57,49.4751,1,2,1.0,0.0,0.0,5,0.0,0,True,1746969014.06593,left,False
1940,1746969021.3096914,194.014,-13.2268,1.44635,0.103223,-0.0409325,6039.2,5,39.846,1513.69,1538.66,49.4748,1,2,1.0,0.0,0.0,5,0.0,0,True,1746969014.06593,left,False
1941,1746969021.3289068,194.046,-12.918,1.30585,0.101351,-0.0416568,6043.32,5,39.866,1514.77,1539.74,49.4745,1,2,1.0,0.0,0.0,5,0.0,0,True,1746969014.06593,left,False
1942,1746969021.34967,194.087,-12.5508,1.1765,0.0996501,-0.0420316,6044.74,5,39.886,1515.86,1540.82,49.4742,1,2,1.0,0.0,0.0,5,0.0,0,True,1746969014.06593,left,False
1943,1746969021.3689754,194.133,-12.1253,1.04542,0.098112,-0.0420468,6044.06,5,39.906,1516.94,1541.9,49.4739,1,2,1.0,0.0,0.0,5,0.0,0,True,1746969014.06593,left,False
1944,1746969021.3883293,194.185,-11.645,0.921341,0.0967326,-0.0417312,6040.98,5,39.926,1518.02,1542.99,49.4736,1,2,1.0,0.0,0.0,5,0.0,0,True,1746969014.06593,left,False
1945,1746969021.4083319,194.241,-11.1148,0.791809,0.0955078,-0.0410832,6041.18,5,39.946,1519.1,1544.07,49.4733,1,2,1.0,0.0,0.0,5,0.0,0,True,1746969014.06593,left,False
1946,1746969021.4269798,194.302,-10.5391,0.67788,0.0944295,-0.0401185,6036.6,5,39.966,1520.19,1545.15,49.473,1,2,1.0,0.0,0.0,5,0.0,0,True,1746969014.06593,left,False
1947,1746969021.4497976,194.367,-9.92672,0.557483,0.0934977,-0.0388587,6032.64,5,39.986,1521.27,1546.24,49.4727,1,2,1.0,0.0,0.0,5,0.0,0,True,1746969014.06593,left,False
1948,1746969021.4686053,194.437,-9.2776,0.450786,0.0926961,-0.0373238,6026.1,5,40.006,1522.35,1547.32,49.4724,1,2,1.0,0.0,0.0,5,0.0,0,True,1746969014.06593,left,False
1949,1746969021.4882407,194.507,-8.60676,0.348442,0.0920247,-0.0355666,6020.6,5,40.026,1523.44,1548.4,49.4721,1,2,1.0,0.0,0.0,5,0.0,0,True,1746969014.06593,left,False
1950,1746969021.5097296,194.577,-7.92351,0.246891,0.0914673,-0.033603,6018.35,5,40.046,1524.52,1549.49,49.4718,1,2,1.0,0.0,0.0,5,0.0,0,True,1746969014.06593,left,False
1951,1746969021.5270789,194.651,-7.22683,0.164226,0.0910278,-0.0314673,6009.94,5,40.066,1525.61,1550.57,49.4715,1,2,1.0,0.0,0.0,5,0.0,0,True,1746969014.06593,left,False
1952,1746969021.5509198,194.722,-6.53246,0.0831611,0.090686,-0.0291918,6006.27,5,40.086,1526.69,1551.65,49.4712,1,2,1.0,0.0,0.0,5,0.0,0,True,1746969014.06593,left,False
1953,1746969021.567331,194.793,-5.84573,0.00404687,0.0904338,-0.0267995,6003.49,5,40.106,1527.77,1552.74,49.4708,1,2,1.0,0.0,0.0,5,0.0,0,True,1746969014.06593,left,False
1954,1746969021.5889704,194.866,-5.1692,-0.0555545,0.0902506,-0.0243257,5997.24,5,40.126,1528.86,1553.82,49.4705,1,2,1.0,0.0,0.0,5,0.0,0,True,1746969014.06593,left,False
1955,1746969021.6086085,194.936,-4.51138,-0.10582,0.0901408,-0.0217932,5992.84,5,40.146,1529.94,1554.91,49.4702,1,2,1.0,0.0,0.0,5,0.0,0,True,1746969014.06593,left,False
1956,1746969021.6272886,195.003,-3.88068,-0.153518,0.0900879,-0.0192283,5991.15,5,40.166,1531.03,1555.99,49.4699,1,2,1.0,0.0,0.0,5,0.0,0,True,1746969014.06593,left,False
1957,1746969021.6496036,195.068,-3.27788,-0.193623,0.0900675,-0.0166515,5991.54,5,40.186,1532.12,1557.08,49.4696,1,2,1.0,0.0,0.0,5,0.0,0,True,1746969014.06593,left,False
1958,1746969021.6687465,195.134,-2.70527,-0.220478,0.090092,-0.014078,5989.05,5,40.206,1533.2,1558.17,49.4693,1,2,1.0,0.0,0.0,5,0.0,0,True,1746969014.06593,left,False
1959,1746969021.6887188,195.197,-2.16676,-0.238666,0.0901245,-0.0115264,5988.33,5,40.226,1534.29,1559.25,49.469,1,2,1.0,0.0,0.0,5,0.0,0,True,1746969014.06593,left,False
1960,1746969021.7082443,195.26,-1.66343,-0.244442,0.0901693,-0.00901062,5986.63,5,40.246,1535.37,1560.34,49.4687,1,2,1.0,0.0,0.0,5,0.0,0,True,1746969014.06593,left,False
1961,1746969021.7271407,195.32,-1.19696,-0.24244,0.090214,-0.00654251,5987.34,5,40.266,1536.46,1561.43,49.4684,1,2,1.0,0.0,0.0,5,0.0,0,True,1746969014.06593,left,False
1962,1746969021.7481399,195.379,-0.76751,-0.23041,0.0902506,-0.00413162,5986.86,5,40.286,1537.55,1562.51,49.4681,1,2,1.0,0.0,0.0,5,0.0,0,True,1746969014.06593,left,False
1963,1746969021.767766,195.438,-0.375024,-0.208468,0.0902629,-0.00178653,5987.17,5,40.306,1538.64,1563.6,49.4678,1,2,1.0,0.0,0.0,5,0.0,0,True,1746969014.06593,left,False
1964,1746969021.7892456,195.495,-0.0195991,-0.178278,0.0902425,0.000485595,5987.91,5,40.326,1539.72,1564.69,49.4675,1,2,1.0,0.0,0.0,5,0.0,0,True,1746969014.06593,left,False
1965,1746969021.80963,195.551,0.300527,-0.143625,0.0901937,0.00268286,5988.64,5,40.346,1540.81,1565.78,49.4672,1,2,1.0,0.0,0.0,5,0.0,0,True,1746969014.06593,left,False
1966,1746969021.829793,195.607,0.585768,-0.102756,0.090092,0.00479859,5990.3,5,40.366,1541.9,1566.87,49.4669,1,2,1.0,0.0,0.0,5,0.0,0,True,1746969014.06593,left,False
1967,1746969021.8473933,195.662,0.837979,-0.0523675,0.0899455,0.00683182,5991.08,5,40.386,1542.99,1567.96,49.4666,1,2,1.0,0.0,0.0,5,0.0,0,True,1746969014.06593,left,False
1968,1746969021.8682058,195.716,1.05887,0.00303202,0.089738,0.00878209,5992.1,5,40.406,1544.08,1569.04,49.4663,1,2,1.0,0.0,0.0,5,0.0,0,True,1746969014.06593,left,False
1969,1746969021.8917618,195.771,1.25004,0.0683995,0.0894613,0.0106513,5991.78,5,40.426,1545.17,1570.13,49.466,1,2,1.0,0.0,0.0,5,0.0,0,True,1746969014.06593,right,False
1970,1746969021.907534,195.824,1.41409,0.132266,0.0891235,0.0124385,5994.29,5,40.446,1546.26,1571.22,49.4657,1,2,1.0,0.0,0.0,5,0.0,0,True,1746969014.06593,right,False
1971,1746969021.9290822,195.877,1.5535,0.197054,0.0887126,0.0141508,5995.63,5,40.466,1547.35,1572.31,49.4654,1,2,1.0,0.0,0.0,5,0.0,0,True,1746969014.06593,right,False
1972,1746969021.949186,195.93,1.66943,0.270204,0.0882324,0.0157883,5996.6,5,40.486,1548.44,1573.4,49.465,1,2,1.0,0.0,0.0,5,0.0,0,True,1746969014.06593,right,False
1973,1746969021.9680657,195.983,1.76529,0.342703,0.0876668,0.0173604,5997.95,5,40.506,1549.53,1574.49,49.4647,1,2,1.0,0.0,0.0,5,0.0,0,True,1746969014.06593,right,False
1974,1746969021.9872186,196.035,1.84399,0.414422,0.0870158,0.018871,6000.15,5,40.526,1550.62,1575.59,49.4644,1,2,1.0,0.0,0.0,5,0.0,0,True,1746969014.06593,right,False
1975,1746969022.008009,196.087,1.90676,0.485315,0.0862874,0.0203239,6001.47,5,40.546,1551.71,1576.68,49.4641,1,2,1.0,0.0,0.0,5,0.0,0,True,1746969014.06593,right,False
1976,1746969022.0288384,196.139,1.95474,0.564374,0.0854818,0.0217254,6002.1,5,40.566,1552.8,1577.77,49.4638,1,2,1.0,0.0,0.0,5,0.0,0,True,1746969014.06593,right,False
1977,1746969022.0487685,196.19,1.99165,0.638419,0.0845744,0.0230815,6004.22,5,40.586,1553.9,1578.86,49.4635,1,2,1.0,0.0,0.0,5,0.0,0,True,1746969014.06593,right,False
1978,1746969022.0677316,196.242,2.01816,0.714664,0.0835978,0.0243975,6004.33,5,40.606,1554.99,1579.95,49.4632,1,2,1.0,0.0,0.0,5,0.0,0,True,1746969014.06593,right,False
1979,1746969022.0886405,196.293,2.03696,0.786614,0.0825317,0.0256774,6006.47,5,40.626,1556.08,1581.04,49.4629,1,2,1.0,0.0,0.0,5,0.0,0,True,1746969014.06593,right,False
1980,1746969022.1087272,196.344,2.0486,0.852391,0.0813721,0.0269267,6008.17,5,40.646,1557.17,1582.14,49.4626,1,2,1.0,0.0,0.0,5,0.0,0,True,1746969014.06593,right,False
1981,1746969022.1287868,196.394,2.05429,0.923891,0.080131,0.0281479,6009.79,5,40.666,1558.26,1583.23,49.4623,1,2,1.0,0.0,0.0,5,0.0,0,True,1746969014.06593,right,False
1982,1746969022.14927,196.445,2.05442,0.995701,0.0787923,0.0293462,6010.73,5,40.686,1559.36,1584.32,49.462,1,2,1.0,0.0,0.1,5,0.0,0,True,1746969014.06593,right,False
1983,1746969022.1687093,196.494,2.0519,1.06283,0.0773804,0.0305249,6013.02,5,40.706,1560.45,1585.42,49.4617,1,2,1.0,0.0,0.1,5,0.0,0,True,1746969014.06593,right,False
1984,1746969022.1892428,196.544,2.04591,1.12979,0.0758667,0.0316865,6014.43,5,40.726,1561.54,1586.51,49.4614,1,2,1.0,0.0,0.1,5,0.0,0,True,1746969014.06593,right,False
1985,1746969022.2072499,196.593,2.0367,1.19842,0.0742798,0.0328318,6015.55,5,40.746,1562.64,1587.6,49.4611,1,2,1.0,0.0,0.1,5,0.0,0,True,1746969014.06593,right,False
1986,1746969022.2332337,196.643,2.02603,1.26165,0.0725952,0.0339629,6017.47,5,40.766,1563.73,1588.7,49.4608,1,2,1.0,0.0,0.1,5,0.0,0,True,1746969014.06593,right,False
1987,1746969022.2478902,196.679,2.1606,1.3182,0.070874,0.0343425,6021.89,5,40.786,1564.83,1589.79,49.4605,1,2,1.0,0.0,0.1,5,0.0,0,True,1746969014.06593,right,False
1988,1746969022.2674031,196.712,1.98386,1.36004,0.0691854,0.0326969,6028.13,5,40.806,1565.92,1590.88,49.4602,1,2,1.0,0.0,0.1,5,0.0,0,True,1746969014.06593,right,False
1989,1746969022.2876594,196.749,1.45438,1.38017,0.0675415,0.0292222,6034.89,5,40.826,1567.01,1591.98,49.4599,1,2,1.0,0.0,0.1,5,0.0,0,True,1746969014.06593,right,False
1990,1746969022.3078876,196.785,0.642299,1.38345,0.0659424,0.0241849,6041.65,5,40.846,1568.11,1593.07,49.4596,1,2,1.0,0.0,0.1,5,0.0,0,True,1746969014.06593,right,False
1991,1746969022.3291297,196.814,-0.392274,1.36212,0.0644084,0.0178515,6050.78,5,40.866,1569.2,1594.17,49.4593,1,2,1.0,0.0,0.1,5,0.0,0,True,1746969014.06593,right,False
1992,1746969022.3476539,196.834,-1.58614,1.32367,0.0629517,0.0104873,6060.4,5,40.886,1570.3,1595.26,49.4589,1,2,1.0,0.0,0.0,5,0.0,0,True,1746969014.06593,left,False
1993,1746969022.3688731,196.841,-2.88958,1.26354,0.0616007,0.0023486,6072.45,5,40.906,1571.39,1596.36,49.4586,1,2,1.0,0.0,0.0,5,0.0,0,True,1746969014.06593,left,False
1994,1746969022.390732,196.832,-4.25719,1.18599,0.0603556,-0.00633032,6086.21,5,40.926,1572.49,1597.45,49.4583,1,2,1.0,0.0,0.0,5,0.0,0,True,1746969014.06593,left,False
1995,1746969022.4082222,196.805,-5.65537,1.08848,0.0592489,-0.0153707,6104.43,5,40.946,1573.58,1598.55,49.458,1,2,1.0,0.0,0.0,5,0.0,0,True,1746969014.06593,left,False
1996,1746969022.4266376,196.761,-7.05316,0.978268,0.0582886,-0.0245889,6124.2,5,40.966,1574.68,1599.64,49.4577,1,2,1.0,0.0,0.0,5,0.0,0,True,1746969014.06593,left,False
1997,1746969022.448856,196.725,-8.50749,0.844691,0.0574666,-0.0335181,6137.21,5,40.986,1575.77,1600.74,49.4574,1,2,1.0,0.0,0.0,5,0.0,0,True,1746969014.06593,left,False
1998,1746969022.4681072,196.695,-9.77199,0.713538,0.0567546,-0.0414222,6142.1,5,41.006,1576.87,1601.83,49.4571,1,2,1.0,0.0,0.0,5,0.0,0,True,1746969014.06593,left,False
1999,1746969022.489169,196.67,-10.8102,0.579437,0.0561605,-0.0483854,6140.92,5,41.026,1577.96,1602.93,49.4568,1,2,1.0,0.0,0.0,5,0.0,0,True,1746969014.06593,left,False
2000,1746969022.5086532,196.654,-11.6547,0.442431,0.0557088,-0.0545448,6132.51,5,41.046,1579.06,1604.02,49.4565,1,2,1.0,0.0,0.0,5,0.0,0,True,1746969014.06593,left,False
2001,1746969022.5300035,196.645,-12.3421,0.310819,0.0554036,-0.0600513,6118.15,5,41.066,1580.15,1605.12,49.4562,1,2,1.0,0.0,0.0,5,0.0,0,True,1746969014.06593,left,False
2002,1746969022.5489185,196.637,-12.8972,0.180107,0.0552572,-0.0650104,6108.6,5,41.086,1581.25,1606.21,49.4559,1,2,1.0,0.0,0.0,5,0.0,0,True,1746969014.06593,left,False
2003,1746969022.5697515,196.631,-13.3439,0.0485439,0.0552775,-0.0695127,6100.74,5,41.106,1582.35,1607.31,49.4556,1,2,1.0,0.0,0.0,5,0.0,0,True,1746969014.06593,left,False
2004,1746969022.5880551,196.624,-13.7029,-0.0842854,0.0554606,-0.0736306,6099.03,5,41.126,1583.44,1608.41,49.4553,1,2,1.0,0.0,0.0,5,0.0,0,True,1746969014.06593,left,False
2005,1746969022.6084955,196.621,-13.9809,-0.218441,0.0558187,-0.07739,6097.94,5,41.146,1584.54,1609.5,49.455,1,2,1.0,0.0,0.0,5,0.0,0,True,1746969014.06593,left,False
2006,1746969022.6276321,196.622,-14.185,-0.346037,0.0563517,-0.0808385,6096.67,5,41.166,1585.64,1610.6,49.4547,1,2,1.0,0.0,0.0,5,0.0,0,True,1746969014.06593,left,False
2007,1746969022.6476283,196.624,-14.3272,-0.478802,0.0570597,-0.0839666,6098.49,5,41.186,1586.73,1611.7,49.4544,1,2,1.0,0.0,0.0,5,0.0,0,True,1746969014.06593,left,False
2008,1746969022.668887,196.63,-14.4035,-0.603352,0.0579508,-0.0868009,6099.88,5,41.206,1587.83,1612.79,49.4541,1,2,1.0,0.0,0.0,5,0.0,0,True,1746969014.06593,left,False
2009,1746969022.6900148,196.639,-14.4239,-0.743744,0.0590251,-0.0893195,6104.73,5,41.226,1588.92,1613.89,49.4538,1,2,1.0,0.0,0.0,5,0.0,0,True,1746969014.06593,left,False
2010,1746969022.709976,196.652,-14.3893,-0.884327,0.0602783,-0.0915397,6109.13,5,41.246,1590.02,1614.99,49.4535,1,2,1.0,0.0,0.0,5,0.0,0,True,1746969014.06593,left,False
2011,1746969022.7293544,196.67,-14.2973,-1.02188,0.0617025,-0.0934632,6113.35,5,41.266,1591.12,1616.08,49.4531,1,2,1.0,0.0,0.0,5,0.0,0,True,1746969014.06593,left,False
2012,1746969022.748007,196.694,-14.1445,-1.15856,0.0633057,-0.0950654,6117.69,5,41.286,1592.21,1617.18,49.4528,1,2,1.0,0.0,0.0,5,0.0,0,True,1746969014.06593,left,False
2013,1746969022.7687163,196.724,-13.931,-1.29906,0.0650879,-0.0963214,6121.06,5,41.306,1593.31,1618.28,49.4525,1,2,1.0,0.0,0.0,5,0.0,0,True,1746969014.06593,left,False
2014,1746969022.7876127,196.757,-13.665,-1.44033,0.067041,-0.0972546,6125.46,5,41.326,1594.41,1619.37,49.4522,1,2,1.0,0.0,0.0,5,0.0,0,True,1746969014.06593,left,False
2015,1746969022.8084817,196.798,-13.3331,-1.58416,0.069161,-0.0978311,6129.32,5,41.346,1595.5,1620.47,49.4519,1,2,1.0,0.0,0.0,5,0.0,0,True,1746969014.06593,left,False
2016,1746969022.8281233,196.846,-12.9407,-1.70959,0.0714396,-0.0980762,6127.38,5,41.366,1596.6,1621.57,49.4516,1,2,1.0,0.0,0.0,5,0.0,0,True,1746969014.06593,left,False
2017,1746969022.8481038,196.898,-12.4988,-1.84795,0.0738892,-0.0979675,6129.97,5,41.386,1597.7,1622.66,49.4513,1,2,1.0,0.0,0.0,5,0.0,0,True,1746969014.06593,left,False
2018,1746969022.8680148,196.958,-11.9928,-1.97697,0.0764933,-0.0975216,6127.33,5,41.406,1598.8,1623.76,49.451,1,2,1.0,0.0,0.0,5,0.0,0,True,1746969014.06593,left,False
2019,1746969022.8877428,197.022,-11.4468,-2.10162,0.0792643,-0.0967663,6123.75,5,41.426,1599.89,1624.86,49.4507,1,2,1.0,0.0,0.0,5,0.0,0,True,1746969014.06593,left,False
2020,1746969022.9100156,197.09,-10.8528,-2.22088,0.0821737,-0.0957015,6120.99,5,41.446,1600.99,1625.96,49.4504,1,2,1.0,0.0,0.0,5,0.0,0,True,1746969014.06593,left,False
2021,1746969022.928714,197.163,-10.2174,-2.33326,0.0852295,-0.0943444,6115.76,5,41.466,1602.09,1627.05,49.4501,1,2,1.0,0.0,0.0,5,0.0,0,True,1746969014.06593,left,False
2022,1746969022.948072,197.238,-9.55311,-2.44181,0.0884155,-0.0927304,6109.74,5,41.486,1603.19,1628.15,49.4498,1,2,1.0,0.0,0.0,5,0.0,0,True,1746969014.06593,left,False
2023,1746969022.9686925,197.316,-8.86359,-2.53368,0.0917277,-0.0908883,6104.09,5,41.506,1604.28,1629.25,49.4495,1,2,1.0,0.0,0.0,5,0.0,0,True,1746969014.06593,left,False
2024,1746969022.988722,197.392,-8.16669,-2.63983,0.095166,-0.0888651,6101.8,5,41.526,1605.38,1630.35,49.4492,1,2,1.0,0.0,0.0,5,0.0,0,True,1746969014.06593,left,False
2025,1746969023.010008,197.469,-7.45953,-2.73434,0.0987101,-0.0866593,6098.52,5,41.546,1606.48,1631.45,49.4489,1,2,1.0,0.0,0.0,5,0.0,0,True,1746969014.06593,left,False
2026,1746969023.0307367,197.549,-6.74594,-2.82122,0.102356,-0.0842889,6093.62,5,41.566,1607.58,1632.54,49.4486,1,2,1.0,0.0,0.0,5,0.0,0,True,1746969014.06593,left,False
2027,1746969023.0491347,197.628,-6.03494,-2.88978,0.106091,-0.0818051,6087.58,5,41.586,1608.68,1633.64,49.4483,1,2,1.0,0.0,0.0,5,0.0,0,True,1746969014.06593,left,False
2028,1746969023.068221,197.706,-5.33894,-2.95474,0.109896,-0.0792363,6082.82,5,41.606,1609.78,1634.74,49.448,1,2,1.0,0.0,0.0,5,0.0,0,True,1746969014.06593,left,False
2029,1746969023.0873685,197.782,-4.66121,-3.00577,0.11377,-0.076608,6080.39,5,41.626,1610.88,1635.84,49.4477,1,2,1.0,0.0,0.0,5,0.0,0,True,1746969014.06593,left,False
2030,1746969023.1079605,197.857,-4.00554,-3.0459,0.117696,-0.0739425,6077.18,5,41.646,1611.98,1636.94,49.4473,1,2,1.0,0.0,0.0,5,0.0,0,True,1746969014.06593,left,False
2031,1746969023.1266387,197.93,-3.38,-3.07155,0.121663,-0.0712684,6075.39,5,41.666,1613.08,1638.04,49.447,1,2,1.0,0.0,0.0,5,0.0,0,True,1746969014.06593,left,False
2032,1746969023.149606,198.001,-2.78664,-3.09956,0.125655,-0.0685986,6074.06,5,41.686,1614.18,1639.15,49.4467,1,2,1.0,0.0,0.0,5,0.0,0,True,1746969014.06593,left,False
2033,1746969023.1687622,198.07,-2.22705,-3.10967,0.129675,-0.065945,6073.72,5,41.706,1615.28,1640.25,49.4464,1,2,1.0,0.0,0.0,5,0.0,0,True,1746969014.06593,left,False
2034,1746969023.1887882,198.138,-1.70405,-3.11756,0.133704,-0.0633271,6073.19,5,41.726,1616.38,1641.35,49.4461,1,2,1.0,0.0,0.0,5,0.0,0,True,1746969014.06593,left,False
2035,1746969023.2081003,198.205,-1.21941,-3.11024,0.137724,-0.0607637,6072.49,5,41.746,1617.49,1642.45,49.4458,1,2,1.0,0.0,0.0,5,0.0,0,True,1746969014.06593,left,False
2036,1746969023.2271569,198.27,-0.774261,-3.10103,0.141732,-0.0582641,6073.11,5,41.766,1618.59,1643.55,49.4455,1,2,1.0,0.0,0.0,5,0.0,0,True,1746969014.06593,left,False
2037,1746969023.247042,198.334,-0.367232,-3.07667,0.145719,-0.0558322,6073.84,5,41.786,1619.69,1644.66,49.4452,1,2,1.0,0.0,0.0,5,0.0,0,True,1746969014.06593,left,False
2038,1746969023.2692847,198.398,0.00111107,-3.04394,0.149679,-0.0534785,6073.67,5,41.806,1620.8,1645.76,49.4449,1,2,1.0,0.0,0.0,5,0.0,0,True,1746969014.06593,left,False
2039,1746969023.2879496,198.46,0.331938,-3.00565,0.153597,-0.0512069,6074.72,5,41.826,1621.9,1646.87,49.4446,1,2,1.0,0.0,0.0,5,0.0,0,True,1746969014.06593,left,False
2040,1746969023.3084328,198.521,0.626667,-2.962,0.157463,-0.0490211,6075.85,5,41.846,1623.01,1647.97,49.4443,1,2,1.0,0.0,0.0,5,0.0,0,True,1746969014.06593,left,False
2041,1746969023.3273332,198.582,0.886764,-2.90793,0.161279,-0.0469225,6077.11,5,41.866,1624.11,1649.08,49.444,1,2,1.0,0.0,0.0,5,0.0,0,True,1746969014.06593,left,False
2042,1746969023.3498688,198.641,1.11422,-2.8537,0.165031,-0.0449098,6078.61,5,41.886,1625.22,1650.18,49.4437,1,2,1.0,0.0,0.0,5,0.0,0,True,1746969014.06593,left,False
2043,1746969023.3676443,198.701,1.31143,-2.7987,0.168717,-0.0429824,6079.75,5,41.906,1626.32,1651.29,49.4434,1,2,1.0,0.0,0.0,5,0.0,0,True,1746969014.06593,left,False
2044,1746969023.38806,198.76,1.48047,-2.73319,0.172335,-0.041137,6081.81,5,41.926,1627.43,1652.39,49.4431,1,2,1.0,0.0,0.0,5,0.0,0,True,1746969014.06593,left,False
2045,1746969023.407987,198.819,1.62273,-2.66511,0.175879,-0.0393747,6082.79,5,41.946,1628.54,1653.5,49.4428,1,2,1.0,0.0,0.0,5,0.0,0,True,1746969014.06593,left,False
2046,1746969023.4296396,198.877,1.74124,-2.59553,0.179342,-0.0376886,6084.1,5,41.966,1629.64,1654.61,49.4425,1,2,1.0,0.0,0.0,5,0.0,0,True,1746969014.06593,left,False
2047,1746969023.4509118,198.935,1.83879,-2.52591,0.182727,-0.036073,6086.3,5,41.986,1630.75,1655.72,49.4422,1,2,1.0,0.0,0.0,5,0.0,0,True,1746969014.06593,left,False
2048,1746969023.4716642,198.994,1.91652,-2.45029,0.186027,-0.0345224,6086.75,5,42.006,1631.86,1656.83,49.4419,1,2,1.0,0.0,0.0,5,0.0,0,True,1746969014.06593,left,False
2049,1746969023.4880233,199.051,1.97943,-2.37007,0.189233,-0.033028,6087.83,5,42.026,1632.97,1657.94,49.4416,1,2,1.0,0.0,0.0,5,0.0,0,True,1746969014.06593,left,False
2050,1746969023.5080664,199.108,2.02843,-2.29532,0.192358,-0.0315831,6089.57,5,42.046,1634.08,1659.04,49.4412,1,2,1.0,0.0,0.0,5,0.0,0,True,1746969014.06593,left,False
2051,1746969023.5315773,199.165,2.06409,-2.21694,0.195398,-0.0301889,6091.73,5,42.066,1635.19,1660.15,49.4409,1,2,1.0,0.0,0.0,5,0.0,0,True,1746969014.06593,left,False
2052,1746969023.5483844,199.222,2.08961,-2.13941,0.198336,-0.0288366,6093.36,5,42.086,1636.3,1661.26,49.4406,1,2,1.0,0.0,0.0,5,0.0,0,True,1746969014.06593,left,False
2053,1746969023.5721157,199.279,2.10582,-2.06079,0.201196,-0.0275224,6093.98,5,42.106,1637.41,1662.38,49.4403,1,2,1.0,0.0,0.0,5,0.0,0,True,1746969014.06593,left,False
2054,1746969023.5898006,199.335,2.11479,-1.98352,0.203963,-0.0262416,6096.12,5,42.126,1638.52,1663.49,49.44,1,2,1.0,0.0,0.0,5,0.0,0,True,1746969014.06593,left,False
2055,1746969023.6083696,199.39,2.11763,-1.91153,0.206632,-0.0249923,6098.31,5,42.146,1639.63,1664.6,49.4397,1,2,1.0,0.0,0.0,5,0.0,0,True,1746969014.06593,left,False
2056,1746969023.6271048,199.445,2.11487,-1.83926,0.20922,-0.0237716,6100.81,5,42.166,1640.75,1665.71,49.4394,1,2,1.0,0.0,0.0,5,0.0,0,True,1746969014.06593,left,False
2057,1746969023.65069,199.502,2.10696,-1.76605,0.211711,-0.0225747,6101.33,5,42.186,1641.86,1666.82,49.4391,1,2,1.0,0.0,0.0,5,0.0,0,True,1746969014.06593,left,False
2058,1746969023.6706274,199.557,2.09623,-1.70114,0.214111,-0.0213969,6103.38,5,42.206,1642.97,1667.94,49.4388,1,2,1.0,0.0,0.0,5,0.0,0,True,1746969014.06593,left,False
2059,1746969023.689693,199.612,2.08159,-1.62816,0.216427,-0.0202382,6104.62,5,42.226,1644.08,1669.05,49.4385,1,2,1.0,0.0,0.0,5,0.0,0,True,1746969014.06593,left,False
2060,1746969023.707647,199.666,2.06484,-1.55548,0.218644,-0.0190967,6106.66,5,42.246,1645.2,1670.16,49.4382,1,2,1.0,0.0,0.0,5,0.0,0,True,1746969014.06593,left,False
2061,1746969023.7306309,199.72,2.04732,-1.48854,0.220772,-0.0179675,6108.46,5,42.266,1646.31,1671.28,49.4379,1,2,1.0,0.0,0.0,5,0.0,0,True,1746969014.06593,left,False
2062,1746969023.749278,199.775,2.02958,-1.42708,0.222819,-0.016846,6110.16,5,42.286,1647.43,1672.39,49.4376,1,2,1.0,0.0,0.0,5,0.0,0,True,1746969014.06593,left,False
2063,1746969023.7675474,199.829,2.00993,-1.36137,0.22476,-0.0157335,6111.18,5,42.306,1648.54,1673.51,49.4373,1,2,1.0,0.0,0.0,5,0.0,0,True,1746969014.06593,left,False
2064,1746969023.787502,199.882,1.99139,-1.29788,0.226624,-0.0146268,6113.43,5,42.326,1649.66,1674.62,49.437,1,2,1.0,0.0,0.0,5,0.0,0,True,1746969014.06593,left,False
2065,1746969023.8090262,199.935,1.97237,-1.23564,0.228406,-0.0135263,6115.31,5,42.346,1650.77,1675.74,49.4367,1,2,1.0,0.0,0.0,5,0.0,0,True,1746969014.06593,left,False
2066,1746969023.8285415,199.989,1.95368,-1.17183,0.23009,-0.0124291,6116.62,5,42.366,1651.89,1676.85,49.4364,1,2,1.0,0.0,0.0,5,0.0,0,True,1746969014.06593,left,False
2067,1746969023.8483908,200.041,1.93603,-1.10736,0.231685,-0.0113342,6118.31,5,42.386,1653,1677.97,49.4361,1,2,1.0,0.0,0.0,5,0.0,0,True,1746969014.06593,left,False
2068,1746969023.8677459,200.094,1.91896,-1.05,0.233199,-0.0102413,6120.45,5,42.406,1654.12,1679.09,49.4358,1,2,1.0,0.0,0.0,5,0.0,0,True,1746969014.06593,left,False
2069,1746969023.8946285,200.147,1.90159,-0.983815,0.234623,-0.00914985,6120.87,5,42.426,1655.24,1680.2,49.4354,1,2,1.0,0.0,0.0,5,0.0,0,True,1746969014.06593,left,False
2070,1746969023.9103878,200.198,1.88653,-0.92144,0.235962,-0.00805599,6122.78,5,42.446,1656.36,1681.32,49.4351,1,2,1.0,0.0,0.0,5,0.0,0,True,1746969014.06593,left,False
2071,1746969023.9316747,200.25,1.87228,-0.86453,0.237207,-0.00696308,6124.53,5,42.466,1657.47,1682.44,49.4348,1,2,1.0,0.0,0.0,5,0.0,0,True,1746969014.06593,left,False
2072,1746969023.9503925,200.301,1.85859,-0.80604,0.238375,-0.00587017,6126.33,5,42.486,1658.59,1683.56,49.4345,1,2,1.0,0.0,0.0,5,0.0,0,True,1746969014.06593,left,False
2073,1746969023.9710517,200.352,1.84518,-0.742025,0.239457,-0.00477773,6127.84,5,42.506,1659.71,1684.67,49.4342,1,2,1.0,0.0,0.0,5,0.0,0,True,1746969014.06593,left,False
2074,1746969023.9955003,200.403,1.83351,-0.687388,0.24045,-0.00368339,6129.7,5,42.526,1660.83,1685.79,49.4339,1,2,1.0,0.0,0.0,5,0.0,0,True,1746969014.06593,left,False
2075,1746969024.0143106,200.454,1.8216,-0.620985,0.241353,-0.00258953,6130.52,5,42.546,1661.95,1686.91,49.4336,1,2,1.0,0.0,0.0,5,0.0,0,True,1746969014.06593,left,False
2076,1746969024.0285769,200.504,1.81161,-0.563155,0.242175,-0.00149328,6132.4,5,42.566,1663.07,1688.03,49.4333,1,2,1.0,0.0,0.0,5,0.0,0,True,1746969014.06593,left,False
2077,1746969024.049799,200.554,1.80184,-0.502996,0.242916,-0.000395123,6134.14,5,42.586,1664.19,1689.15,49.433,1,2,1.0,0.0,0.0,5,0.0,0,True,1746969014.06593,left,False
2078,1746969024.075322,200.604,1.7929,-0.442212,0.243571,0.000705417,6135.11,5,42.606,1665.31,1690.27,49.4327,1,2,1.0,0.0,0.0,5,0.0,0,True,1746969014.06593,left,False
2079,1746969024.0903697,200.653,1.7851,-0.381254,0.244137,0.00180691,6136.36,5,42.626,1666.43,1691.39,49.4324,1,2,1.0,0.0,0.0,5,0.0,0,True,1746969014.06593,left,False
2080,1746969024.1097875,200.703,1.77787,-0.316867,0.244617,0.00291127,6137.16,5,42.646,1667.55,1692.51,49.4321,1,2,1.0,0.0,0.0,5,0.0,0,True,1746969014.06593,left,False
2081,1746969024.1288137,200.751,1.77178,-0.260183,0.245015,0.00401657,6140.43,5,42.666,1668.67,1693.63,49.4318,1,2,1.0,0.0,0.0,5,0.0,0,True,1746969014.06593,left,False
2082,1746969024.150289,200.801,1.76597,-0.197815,0.245333,0.00512522,6140.51,5,42.686,1669.79,1694.75,49.4315,1,2,1.0,0.0,0.0,5,0.0,0,True,1746969014.06593,left,False
2083,1746969024.1709926,200.849,1.76084,-0.135291,0.245565,0.00623577,6141.9,5,42.706,1670.91,1695.88,49.4312,1,2,1.0,0.0,0.0,5,0.0,0,True,1746969014.06593,left,False
2084,1746969024.1885908,200.897,1.75699,-0.0748695,0.245711,0.00734967,6143.99,5,42.726,1672.03,1697,49.4309,1,2,1.0,0.0,0.0,5,0.0,0,True,1746969014.06593,left,False
2085,1746969024.21038,200.945,1.75323,-0.0122824,0.245768,0.00846451,6145.09,5,42.746,1673.15,1698.12,49.4306,1,2,1.0,0.0,0.0,5,0.0,0,True,1746969014.06593,left,False
2086,1746969024.2272372,200.993,1.75014,0.0484228,0.24574,0.00958269,6146.33,5,42.766,1674.28,1699.24,49.4303,1,2,1.0,0.0,0.0,5,0.0,0,True,1746969014.06593,left,False
2087,1746969024.2489526,201.04,1.74886,0.104542,0.24563,0.0107056,6147.64,5,42.786,1675.4,1700.36,49.43,1,2,1.0,0.0,0.0,5,0.0,0,True,1746969014.06593,left,False
2088,1746969024.2674894,201.087,1.74798,0.163101,0.245435,0.0118319,6149.31,5,42.806,1676.52,1701.49,49.4296,1,2,1.0,0.0,0.0,5,0.0,0,True,1746969014.06593,left,False
2089,1746969024.289683,201.133,1.7468,0.224634,0.245158,0.0129582,6151.41,5,42.826,1677.65,1702.61,49.4293,1,2,1.0,0.0,0.0,5,0.0,0,True,1746969014.06593,left,False
2090,1746969024.3086066,201.18,1.7452,0.289535,0.244796,0.0140845,6151.8,5,42.846,1678.77,1703.73,49.429,1,2,1.0,0.0,0.0,5,0.0,0,True,1746969014.06593,left,False
2091,1746969024.3288808,201.226,1.74424,0.3504,0.24434,0.0152108,6153.54,5,42.866,1679.89,1704.86,49.4287,1,2,1.0,0.0,0.0,5,0.0,0,True,1746969014.06593,left,False
2092,1746969024.3474085,201.272,1.74307,0.4138,0.243811,0.016338,6155.04,5,42.886,1681.02,1705.98,49.4284,1,2,1.0,0.0,0.0,5,0.0,0,True,1746969014.06593,left,False
2093,1746969024.368757,201.318,1.74211,0.475351,0.243193,0.0174662,6156.18,5,42.906,1682.14,1707.1,49.4281,1,2,1.0,0.0,0.0,5,0.0,0,True,1746969014.06593,left,False
2094,1746969024.389807,201.364,1.74147,0.538145,0.242489,0.0185959,6156.9,5,42.926,1683.26,1708.23,49.4278,1,2,1.0,0.0,0.0,5,0.0,0,True,1746969014.06593,left,False
2095,1746969024.409238,201.408,1.74088,0.596469,0.241707,0.019725,6158.74,5,42.946,1684.39,1709.35,49.4275,1,2,1.0,0.0,0.0,5,0.0,0,True,1746969014.06593,left,False
2096,1746969024.4280686,201.453,1.74096,0.657992,0.240833,0.0208561,6160.46,5,42.966,1685.51,1710.48,49.4272,1,2,1.0,0.0,0.0,5,0.0,0,True,1746969014.06593,left,False
2097,1746969024.4485934,201.498,1.74063,0.719636,0.23988,0.0219876,6161.93,5,42.986,1686.64,1711.6,49.4269,1,2,1.0,0.0,0.0,5,0.0,0,True,1746969014.06593,left,False
2098,1746969024.4674335,201.542,1.74004,0.78271,0.238831,0.0231196,6162.67,5,43.006,1687.76,1712.73,49.4266,1,2,1.0,0.0,0.0,5,0.0,0,True,1746969014.06593,left,False
2099,1746969024.4871016,201.586,1.74006,0.843256,0.237703,0.0242512,6164.35,5,43.026,1688.89,1713.85,49.4263,1,2,1.0,0.0,0.0,5,0.0,0,True,1746969014.06593,left,False
2100,1746969024.5088267,201.629,1.74027,0.904429,0.236495,0.0253846,6166.16,5,43.046,1690.01,1714.98,49.426,1,2,1.0,0.0,0.0,5,0.0,0,True,1746969014.06593,left,False
2101,1746969024.5291274,201.674,1.7399,0.965599,0.235201,0.0265176,6166.77,5,43.066,1691.14,1716.1,49.4257,1,2,1.0,0.0,0.0,5,0.0,0,True,1746969014.06593,left,False
2102,1746969024.5472171,201.717,1.74015,1.02749,0.233822,0.0276524,6167.8,5,43.086,1692.26,1717.23,49.4254,1,2,1.0,0.0,0.0,5,0.0,0,True,1746969014.06593,left,False
2103,1746969024.5705557,201.76,1.74003,1.09108,0.232353,0.0287883,6169.61,5,43.106,1693.39,1718.36,49.4251,1,2,1.0,0.0,0.0,5,0.0,0,True,1746969014.06593,left,False
2104,1746969024.5910552,201.802,1.74105,1.15006,0.230798,0.029925,6171.17,5,43.126,1694.52,1719.48,49.4248,1,2,1.0,0.0,0.0,5,0.0,0,True,1746969014.06593,left,False
2105,1746969024.6124916,201.844,1.74202,1.20086,0.229163,0.0310609,6172.76,5,43.146,1695.64,1720.61,49.4245,1,2,1.0,0.0,0.0,5,0.0,0,True,1746969014.06593,left,False
2106,1746969024.628633,201.887,1.74267,1.26415,0.227445,0.0322,6173.35,5,43.166,1696.77,1721.73,49.4242,1,2,1.0,0.0,0.0,5,0.0,0,True,1746969014.06593,left,False
2107,1746969024.6478522,201.929,1.74281,1.3281,0.225639,0.0333363,6174.7,5,43.186,1697.9,1722.86,49.4239,1,2,1.0,0.0,0.0,5,0.0,0,True,1746969014.06593,left,False
2108,1746969024.6698081,201.971,1.74243,1.38944,0.223751,0.0344722,6175.6,5,43.206,1699.02,1723.99,49.4235,1,2,1.0,0.0,0.0,5,0.0,0,True,1746969014.06593,left,False
2109,1746969024.6872158,202.012,1.74276,1.45235,0.221769,0.0356104,6176.76,5,43.226,1700.15,1725.12,49.4232,1,2,1.0,0.0,0.0,5,0.0,0,True,1746969014.06593,left,False
2110,1746969024.7115333,202.054,1.74263,1.51813,0.219702,0.0367476,6177.73,5,43.246,1701.28,1726.24,49.4229,1,2,1.0,0.0,0.0,5,0.0,0,True,1746969014.06593,left,False
2111,1746969024.7297745,202.095,1.74244,1.5805,0.217558,0.0378844,6178.57,5,43.266,1702.41,1727.37,49.4226,1,2,1.0,0.0,0.0,5,0.0,0,True,1746969014.06593,left,False
2112,1746969024.7490294,202.134,1.7422,1.64064,0.215324,0.0390202,6181,5,43.286,1703.53,1728.5,49.4223,1,2,1.0,0.0,0.0,5,0.0,0,True,1746969014.06593,left,False
2113,1746969024.7679095,202.175,1.74214,1.69968,0.213005,0.040157,6182.38,5,43.306,1704.66,1729.62,49.422,1,2,1.0,0.0,0.0,5,0.0,0,True,1746969014.06593,left,False
2114,1746969024.7923043,202.215,1.74137,1.76853,0.210596,0.0412933,6183.35,5,43.326,1705.79,1730.75,49.4217,1,2,1.0,0.0,0.0,5,0.0,0,True,1746969014.06593,left,False
2115,1746969024.8099544,202.255,1.74105,1.83565,0.208101,0.0424306,6184.01,5,43.346,1706.92,1731.88,49.4214,1,2,1.0,0.0,0.0,5,0.0,0,True,1746969014.06593,left,False
2116,1746969024.8286085,202.295,1.7407,1.89443,0.205522,0.0435654,6185.47,5,43.366,1708.04,1733.01,49.4211,1,2,1.0,0.0,0.0,5,0.0,0,True,1746969014.06593,left,False
2117,1746969024.84804,202.334,1.74027,1.9574,0.202861,0.0447027,6186.16,5,43.386,1709.17,1734.14,49.4208,1,2,1.0,0.0,0.0,5,0.0,0,True,1746969014.06593,left,False
2118,1746969024.8684108,202.373,1.74059,2.01578,0.200118,0.04584,6188.39,5,43.406,1710.3,1735.26,49.4205,1,2,1.0,0.0,0.0,5,0.0,0,True,1746969014.06593,left,False
2119,1746969024.8879113,202.412,1.73995,2.086,0.197282,0.0469777,6188.17,5,43.426,1711.43,1736.39,49.4202,1,2,1.0,0.0,0.0,5,0.0,0,True,1746969014.06593,right,False
2120,1746969024.9086637,202.45,1.74043,2.14019,0.194356,0.0481154,6189.8,5,43.446,1712.56,1737.52,49.4199,1,2,1.0,0.0,0.0,5,0.0,0,True,1746969014.06593,right,False
2121,1746969024.9276206,202.488,1.74043,2.2074,0.191349,0.0492551,6191.14,5,43.466,1713.68,1738.65,49.4196,1,2,1.0,0.0,0.0,5,0.0,0,True,1746969014.06593,right,False
2122,1746969024.9471755,202.527,1.7399,2.2692,0.188253,0.0503933,6191.28,5,43.486,1714.81,1739.78,49.4193,1,2,1.0,0.0,0.0,5,0.0,0,True,1746969014.06593,right,False
2123,1746969024.9673886,202.564,1.74023,2.33014,0.185075,0.0515334,6193.41,5,43.506,1715.94,1740.91,49.419,1,2,1.0,0.0,0.0,5,0.0,0,True,1746969014.06593,right,False
2124,1746969024.9868617,202.601,1.74109,2.38536,0.181812,0.0526721,6195.21,5,43.526,1717.07,1742.04,49.4187,1,2,1.0,0.0,0.0,5,0.0,0,True,1746969014.06593,right,False
2125,1746969025.0088918,202.639,1.74114,2.45363,0.178467,0.0538127,6195.12,5,43.546,1718.2,1743.16,49.4184,1,2,1.0,0.0,0.0,5,0.0,0,True,1746969014.06593,right,False
2126,1746969025.0297759,202.677,1.74128,2.51595,0.175028,0.0549542,6196.15,5,43.566,1719.33,1744.29,49.4181,1,2,1.0,0.0,0.0,5,0.0,0,True,1746969014.06593,right,False
2127,1746969025.049028,202.713,1.74199,2.58284,0.171497,0.0560972,6197.03,5,43.586,1720.46,1745.42,49.4177,1,2,1.0,0.0,0.0,5,0.0,0,True,1746969014.06593,right,False
2128,1746969025.070783,202.749,1.74295,2.63975,0.167891,0.0572421,6198.68,5,43.606,1721.59,1746.55,49.4174,1,2,1.0,0.0,0.0,5,0.0,0,True,1746969014.06593,right,False
2129,1746969025.089741,202.786,1.74375,2.70601,0.164201,0.058387,6199.27,5,43.626,1722.72,1747.68,49.4171,1,2,1.0,0.0,0.0,5,0.0,0,True,1746969014.06593,right,False
2130,1746969025.1119754,202.821,1.74495,2.76961,0.160417,0.0595338,6200.98,5,43.646,1723.84,1748.81,49.4168,1,2,1.0,0.0,0.0,5,0.0,0,True,1746969014.06593,right,False
2131,1746969025.1279411,202.857,1.74584,2.83037,0.156547,0.0606801,6201.69,5,43.666,1724.97,1749.94,49.4165,1,2,1.0,0.0,0.0,5,0.0,0,True,1746969014.06593,right,False
2132,1746969025.1487744,202.893,1.74664,2.89308,0.152584,0.0618269,6202.27,5,43.686,1726.1,1751.07,49.4162,1,2,1.0,0.0,0.0,5,0.0,0,True,1746969014.06593,right,False
2133,1746969025.1671782,202.928,1.74752,2.95484,0.148547,0.0629741,6203.48,5,43.706,1727.23,1752.2,49.4159,1,2,1.0,0.0,0.0,5,0.0,0,True,1746969014.06593,right,False
2134,1746969025.1897151,202.963,1.74881,3.01474,0.144421,0.0641219,6204.86,5,43.726,1728.36,1753.33,49.4156,1,2,1.0,0.0,0.0,5,0.0,0,True,1746969014.06593,right,False
2135,1746969025.2088196,202.997,1.75048,3.07667,0.140206,0.0652725,6205.91,5,43.746,1729.49,1754.46,49.4153,1,2,1.0,0.0,0.0,5,0.0,0,True,1746969014.06593,right,False
2136,1746969025.22871,203.032,1.75116,3.14305,0.135901,0.0664202,6207.21,5,43.766,1730.62,1755.58,49.415,1,2,1.0,0.0,0.0,5,0.0,0,True,1746969014.06593,right,False
2137,1746969025.2477815,203.066,1.75246,3.20054,0.13151,0.0675699,6208.54,5,43.786,1731.75,1756.71,49.4147,1,2,1.0,0.0,0.0,5,0.0,0,True,1746969014.06593,right,False
2138,1746969025.2671099,203.1,1.75316,3.26815,0.127039,0.0687196,6209.25,5,43.806,1732.88,1757.84,49.4144,1,2,1.0,0.0,0.0,5,0.0,0,True,1746969014.06593,right,False
2139,1746969025.2883718,203.133,1.75439,3.326,0.122481,0.0698683,6210.49,5,43.826,1734.01,1758.97,49.4141,1,2,1.0,0.0,0.0,5,0.0,0,True,1746969014.06593,right,False
2140,1746969025.3076944,203.166,1.75558,3.38662,0.117826,0.0710189,6211.56,5,43.846,1735.14,1760.1,49.4138,1,2,1.0,0.0,0.0,5,0.0,0,True,1746969014.06593,right,False
2141,1746969025.3271718,203.199,1.75617,3.45106,0.11309,0.0721666,6212.68,5,43.866,1736.27,1761.23,49.4135,1,2,1.0,0.0,0.0,5,0.0,0,True,1746969014.06593,right,False
2142,1746969025.3488061,203.232,1.7562,3.51392,0.108264,0.0733125,6213.37,5,43.886,1737.4,1762.36,49.4132,1,2,1.0,0.0,0.0,5,0.0,0,True,1746969014.06593,right,False
2143,1746969025.3679054,203.265,1.75572,3.58114,0.103353,0.0744569,6213.82,5,43.906,1738.53,1763.49,49.4129,1,2,1.0,0.0,0.0,5,0.0,0,True,1746969014.06593,right,False
2144,1746969025.387414,203.297,1.75582,3.64206,0.0983643,0.0756013,6215.67,5,43.926,1739.65,1764.62,49.4126,1,2,1.0,0.0,0.0,5,0.0,0,True,1746969014.06593,right,False
2145,1746969025.409924,203.33,1.75564,3.69943,0.0932821,0.0767462,6215.71,5,43.946,1740.78,1765.75,49.4123,1,2,1.0,0.0,0.0,5,0.0,0,True,1746969014.06593,right,False
2146,1746969025.4286523,203.362,1.7554,3.76938,0.0881144,0.077893,6216.4,5,43.966,1741.91,1766.88,49.4119,1,2,1.0,0.0,0.0,5,0.0,0,True,1746969014.06593,right,False
2147,1746969025.4505556,203.393,1.75518,3.83582,0.0828532,0.0790402,6217.87,5,43.986,1743.04,1768.01,49.4116,1,2,1.0,0.0,0.0,5,0.0,0,True,1746969014.06593,right,False
2148,1746969025.4678972,203.424,1.75581,3.89384,0.0775024,0.0801856,6219.63,5,44.006,1744.17,1769.14,49.4113,1,2,1.0,0.0,0.0,5,0.0,0,True,1746969014.06593,right,False
2149,1746969025.4909897,203.455,1.75574,3.95845,0.0720744,0.0813286,6220.66,5,44.026,1745.3,1770.26,49.411,1,2,1.0,0.0,0.0,5,0.0,0,True,1746969014.06593,right,False
2150,1746969025.5097232,203.486,1.75486,4.01535,0.0665609,0.0824701,6220.84,5,44.046,1746.43,1771.39,49.4107,1,2,1.0,0.0,0.1,5,0.0,0,True,1746969014.06593,right,False
2151,1746969025.5278163,203.517,1.75435,4.07964,0.0609578,0.0836121,6221.86,5,44.066,1747.56,1772.52,49.4104,1,2,1.0,0.0,0.1,5,0.0,0,True,1746969014.06593,right,False
2152,1746969025.5497882,203.547,1.75345,4.14128,0.0552653,0.0847518,6222.55,5,44.086,1748.69,1773.65,49.4101,1,2,1.0,0.0,0.1,5,0.0,0,True,1746969014.06593,right,False
2153,1746969025.5686045,203.577,1.75212,4.20531,0.0494832,0.0858895,6223.77,5,44.106,1749.82,1774.78,49.4098,1,2,1.0,0.0,0.1,5,0.0,0,True,1746969014.06593,right,False
2154,1746969025.5880215,203.607,1.75078,4.26411,0.0436157,0.0870272,6224.76,5,44.126,1750.94,1775.91,49.4095,1,2,1.0,0.0,0.1,5,0.0,0,True,1746969014.06593,right,False
2155,1746969025.6072264,203.624,1.8918,4.32931,0.0377075,0.0874278,6227.61,5,44.146,1752.07,1777.04,49.4092,1,2,1.0,0.0,0.1,5,0.0,0,True,1746969014.06593,right,False
2156,1746969025.62816,203.637,1.71099,4.37115,0.0318359,0.0858237,6232.45,5,44.166,1753.2,1778.17,49.4089,1,2,1.0,0.0,0.1,5,0.0,0,True,1746969014.06593,right,False
2157,1746969025.648795,203.653,1.16629,4.39306,0.0259969,0.0823991,6238.63,5,44.186,1754.33,1779.3,49.4086,1,2,1.0,0.0,0.1,5,0.0,0,True,1746969014.06593,right,False
2158,1746969025.6675785,203.667,0.327352,4.40159,0.0202108,0.077409,6245.29,5,44.206,1755.46,1780.42,49.4083,1,2,1.0,0.0,0.1,5,0.0,0,True,1746969014.06593,right,False
2159,1746969025.6873617,203.675,-0.739807,4.38922,0.0144857,0.0711238,6252.19,5,44.226,1756.59,1781.55,49.408,1,2,1.0,0.0,0.1,5,0.0,0,True,1746969014.06593,right,False
2160,1746969025.7081134,203.671,-1.97983,4.35032,0.00884603,0.0637996,6262.23,5,44.246,1757.72,1782.68,49.4077,1,2,1.0,0.0,0.1,5,0.0,0,True,1746969014.06593,right,False
2161,1746969025.7293591,203.654,-3.33602,4.29019,0.00330404,0.0556924,6274.2,5,44.266,1758.85,1783.81,49.4074,1,2,1.0,0.0,0.1,5,0.0,0,True,1746969014.06593,right,False
2162,1746969025.7522616,203.621,-4.75795,4.22401,-0.00213216,0.0470363,6285.88,5,44.286,1759.97,1784.94,49.4071,1,2,1.0,0.0,0.0,5,0.0,0,True,1746969014.06593,left,False
2163,1746969025.768478,203.569,-6.2169,4.12757,-0.00743815,0.0380284,6303.2,5,44.306,1761.1,1786.07,49.4068,1,2,1.0,0.0,0.0,5,0.0,0,True,1746969014.06593,left,False
2164,1746969025.7878451,203.499,-7.67809,4.01523,-0.0126017,0.0288464,6323.67,5,44.326,1762.23,1787.2,49.4065,1,2,1.0,0.0,0.0,5,0.0,0,True,1746969014.06593,left,False
2165,1746969025.8099496,203.414,-9.11967,3.88626,-0.0176066,0.0196006,6344.05,5,44.346,1763.36,1788.32,49.4062,1,2,1.0,0.0,0.0,5,0.0,0,True,1746969014.06593,left,False
2166,1746969025.8280668,203.312,-10.5314,3.74608,-0.0224487,0.0103671,6367.77,5,44.366,1764.49,1789.45,49.4058,1,2,1.0,0.0,0.0,5,0.0,0,True,1746969014.06593,left,False
2167,1746969025.8502355,203.221,-11.9684,3.599,-0.027124,0.00148266,6383.75,5,44.386,1765.62,1790.58,49.4055,1,2,1.0,0.0,0.0,5,0.0,0,True,1746969014.06593,left,False
2168,1746969025.8690245,203.144,-13.221,3.44966,-0.0316569,-0.00646335,6386.2,5,44.406,1766.74,1791.71,49.4052,1,2,1.0,0.0,0.0,5,0.0,0,True,1746969014.06593,left,False
2169,1746969025.8899014,203.08,-14.2713,3.30521,-0.0360514,-0.0135835,6373.04,5,44.426,1767.87,1792.84,49.4049,1,2,1.0,0.0,0.0,5,0.0,0,True,1746969014.06593,left,False
2170,1746969025.9087493,203.023,-15.1566,3.15366,-0.0402873,-0.0200341,6355.42,5,44.446,1769,1793.97,49.4046,1,2,1.0,0.0,0.0,5,0.0,0,True,1746969014.06593,left,False
2171,1746969025.9283195,202.97,-15.8951,3.00864,-0.0443481,-0.0259174,6339.4,5,44.466,1770.13,1795.09,49.4043,1,2,1.0,0.0,0.0,5,0.0,0,True,1746969014.06593,left,False
2172,1746969025.9468014,202.915,-16.5183,2.86615,-0.0482381,-0.0313361,6329.72,5,44.486,1771.26,1796.22,49.404,1,2,1.0,0.0,0.0,5,0.0,0,True,1746969014.06593,left,False
2173,1746969025.9688542,202.867,-17.0389,2.72908,-0.0519409,-0.0363649,6318.03,5,44.506,1772.39,1797.35,49.4037,1,2,1.0,0.0,0.0,5,0.0,0,True,1746969014.06593,left,False
2174,1746969025.9876142,202.813,-17.4846,2.57743,-0.0554525,-0.0410312,6316.39,5,44.526,1773.52,1798.48,49.4034,1,2,1.0,0.0,0.0,5,0.0,0,True,1746969014.06593,left,False
2175,1746969026.0090384,202.764,-17.8471,2.43865,-0.0587728,-0.0453733,6314.4,5,44.546,1774.64,1799.61,49.4031,1,2,1.0,0.0,0.0,5,0.0,0,True,1746969014.06593,left,False
2176,1746969026.0267699,202.716,-18.1431,2.29055,-0.0619019,-0.0493949,6316.43,5,44.566,1775.77,1800.74,49.4028,1,2,1.0,0.0,0.0,5,0.0,0,True,1746969014.06593,left,False
2177,1746969026.0499144,202.672,-18.3738,2.13735,-0.0648315,-0.0531085,6319.94,5,44.586,1776.9,1801.86,49.4025,1,2,1.0,0.0,0.0,5,0.0,0,True,1746969014.06593,left,False
2178,1746969026.0693676,202.634,-18.5319,1.98536,-0.0675618,-0.056495,6322.11,5,44.606,1778.03,1802.99,49.4022,1,2,1.0,0.0,0.0,5,0.0,0,True,1746969014.06593,left,False
2179,1746969026.0876913,202.6,-18.6212,1.83893,-0.0701009,-0.0595582,6327.53,5,44.626,1779.16,1804.12,49.4019,1,2,1.0,0.0,0.0,5,0.0,0,True,1746969014.06593,left,False
2180,1746969026.108549,202.571,-18.6478,1.68742,-0.0724365,-0.0622867,6334.81,5,44.646,1780.28,1805.25,49.4016,1,2,1.0,0.0,0.0,5,0.0,0,True,1746969014.06593,left,False
2181,1746969026.1292062,202.549,-18.5973,1.54079,-0.0745728,-0.0646485,6340.67,5,44.666,1781.41,1806.38,49.4013,1,2,1.0,0.0,0.0,5,0.0,0,True,1746969014.06593,left,False
2182,1746969026.1475084,202.536,-18.4798,1.38251,-0.0765137,-0.0666493,6346.07,5,44.686,1782.54,1807.5,49.401,1,2,1.0,0.0,0.0,5,0.0,0,True,1746969014.06593,left,False
2183,1746969026.167923,202.527,-18.294,1.22222,-0.0782593,-0.06827,6355.88,5,44.706,1783.67,1808.63,49.4007,1,2,1.0,0.0,0.0,5,0.0,0,True,1746969014.06593,left,False
2184,1746969026.1891103,202.531,-18.0232,1.0714,-0.0798136,-0.069485,6357.78,5,44.726,1784.8,1809.76,49.4004,1,2,1.0,0.0,0.0,5,0.0,0,True,1746969014.06593,left,False
2185,1746969026.2082028,202.544,-17.6758,0.91741,-0.0811727,-0.0702918,6360.46,5,44.746,1785.92,1810.89,49.4,1,2,1.0,0.0,0.0,5,0.0,0,True,1746969014.06593,left,False
2186,1746969026.2281623,202.568,-17.2536,0.777112,-0.0823405,-0.0707133,6358.45,5,44.766,1787.05,1812.02,49.3997,1,2,1.0,0.0,0.0,5,0.0,0,True,1746969014.06593,left,False
2187,1746969026.2468529,202.598,-16.7634,0.63052,-0.0833211,-0.0707477,6357.55,5,44.786,1788.18,1813.14,49.3994,1,2,1.0,0.0,0.0,5,0.0,0,True,1746969014.06593,left,False
2188,1746969026.2672489,202.637,-16.2044,0.489375,-0.0841105,-0.0703948,6353.58,5,44.806,1789.31,1814.27,49.3991,1,2,1.0,0.0,0.0,5,0.0,0,True,1746969014.06593,left,False
2189,1746969026.2887673,202.682,-15.583,0.343809,-0.0847209,-0.0696634,6351.71,5,44.826,1790.43,1815.4,49.3988,1,2,1.0,0.0,0.0,5,0.0,0,True,1746969014.06593,left,False
2190,1746969026.3072689,202.737,-14.898,0.20718,-0.0851481,-0.0685681,6346.17,5,44.846,1791.56,1816.52,49.3985,1,2,1.0,0.0,0.0,5,0.0,0,True,1746969014.06593,left,False
2191,1746969026.328235,202.798,-14.1536,0.0770371,-0.0854167,-0.0671237,6336.38,5,44.866,1792.69,1817.65,49.3982,1,2,1.0,0.0,0.0,5,0.0,0,True,1746969014.06593,left,False
2192,1746969026.3486912,202.862,-13.3715,-0.0556275,-0.0855103,-0.0653704,6331.14,5,44.886,1793.82,1818.78,49.3979,1,2,1.0,0.0,0.0,5,0.0,0,True,1746969014.06593,left,False
2193,1746969026.368878,202.933,-12.5421,-0.176249,-0.0854492,-0.0633281,6320.28,5,44.906,1794.94,1819.91,49.3976,1,2,1.0,0.0,0.0,5,0.0,0,True,1746969014.06593,left,False
2194,1746969026.3888645,203.006,-11.6843,-0.292452,-0.0852417,-0.0610188,6309.11,5,44.926,1796.07,1821.03,49.3973,1,2,1.0,0.0,0.0,5,0.0,0,True,1746969014.06593,left,False
2195,1746969026.407719,203.079,-10.8028,-0.402902,-0.0848836,-0.0584715,6298.84,5,44.946,1797.2,1822.16,49.397,1,2,1.0,0.0,0.0,5,0.0,0,True,1746969014.06593,left,False
2196,1746969026.4285476,203.152,-9.9075,-0.512878,-0.0844035,-0.0557302,6293.49,5,44.966,1798.33,1823.29,49.3967,1,2,1.0,0.0,0.0,5,0.0,0,True,1746969014.06593,left,False
2197,1746969026.449314,203.228,-9.00398,-0.605087,-0.0837891,-0.0528196,6281.45,5,44.986,1799.45,1824.42,49.3964,1,2,1.0,0.0,0.0,5,0.0,0,True,1746969014.06593,left,False
2198,1746969026.4691825,203.3,-8.10668,-0.701386,-0.0830688,-0.0497754,6276,5,45.006,1800.58,1825.55,49.3961,1,2,1.0,0.0,0.0,5,0.0,0,True,1746969014.06593,left,False
2199,1746969026.4869864,203.371,-7.21894,-0.77869,-0.082251,-0.0466273,6269.38,5,45.026,1801.71,1826.68,49.3958,1,2,1.0,0.0,0.0,5,0.0,0,True,1746969014.06593,left,False
2200,1746969026.5083852,203.441,-6.3493,-0.846239,-0.0813436,-0.0434073,6261.26,5,45.046,1802.84,1827.8,49.3955,1,2,1.0,0.0,0.0,5,0.0,0,True,1746969014.06593,left,False
2201,1746969026.5281274,203.508,-5.50961,-0.907901,-0.080367,-0.0401481,6256.01,5,45.066,1803.97,1828.93,49.3952,1,2,1.0,0.0,0.0,5,0.0,0,True,1746969014.06593,left,False
2202,1746969026.5478911,203.573,-4.70188,-0.964872,-0.0793335,-0.036876,6251.39,5,45.086,1805.1,1830.06,49.3949,1,2,1.0,0.0,0.0,5,0.0,0,True,1746969014.06593,left,False
2203,1746969026.568171,203.635,-3.9317,-1.00244,-0.0782552,-0.0336145,6248.32,5,45.106,1806.23,1831.19,49.3946,1,2,1.0,0.0,0.0,5,0.0,0,True,1746969014.06593,left,False
2204,1746969026.587198,203.694,-3.20625,-1.03082,-0.0771403,-0.0303877,6245.76,5,45.126,1807.36,1832.32,49.3942,1,2,1.0,0.0,0.0,5,0.0,0,True,1746969014.06593,left,False
2205,1746969026.6102705,203.75,-2.52642,-1.05048,-0.0760132,-0.0272139,6243.61,5,45.146,1808.49,1833.45,49.3939,1,2,1.0,0.0,0.0,5,0.0,0,True,1746969014.06593,left,False
2206,1746969026.6277604,203.806,-1.89375,-1.05562,-0.0748739,-0.0241092,6241.92,5,45.166,1809.62,1834.58,49.3936,1,2,1.0,0.0,0.0,5,0.0,0,True,1746969014.06593,left,False
2207,1746969026.648447,203.858,-1.31106,-1.05489,-0.0737427,-0.021086,6241.11,5,45.186,1810.75,1835.71,49.3933,1,2,1.0,0.0,0.0,5,0.0,0,True,1746969014.06593,left,False
2208,1746969026.6673741,203.909,-0.777981,-1.03204,-0.0726318,-0.0181568,6240.63,5,45.206,1811.88,1836.84,49.393,1,2,1.0,0.0,0.0,5,0.0,0,True,1746969014.06593,left,False
2209,1746969026.6878865,203.959,-0.294812,-1.00852,-0.0715576,-0.0153297,6239.86,5,45.226,1813.01,1837.97,49.3927,1,2,1.0,0.0,0.0,5,0.0,0,True,1746969014.06593,left,False
2210,1746969026.7083626,204.006,0.138902,-0.972146,-0.0705119,-0.0126126,6239.96,5,45.246,1814.14,1839.11,49.3924,1,2,1.0,0.0,0.0,5,0.0,0,True,1746969014.06593,left,False
2211,1746969026.7285962,204.053,0.525041,-0.930254,-0.0695272,-0.0100101,6240.83,5,45.266,1815.27,1840.24,49.3921,1,2,1.0,0.0,0.0,5,0.0,0,True,1746969014.06593,left,False
2212,1746969026.7493234,204.098,0.86565,-0.878852,-0.0685954,-0.00752336,6241.9,5,45.286,1816.41,1841.37,49.3918,1,2,1.0,0.0,0.0,5,0.0,0,True,1746969014.06593,left,False
2213,1746969026.767554,204.144,1.16268,-0.811518,-0.0677327,-0.005153,6241.45,5,45.306,1817.54,1842.5,49.3915,1,2,1.0,0.0,0.0,5,0.0,0,True,1746969014.06593,left,False
2214,1746969026.7875504,204.188,1.41906,-0.75055,-0.0669474,-0.00289756,6242.78,5,45.326,1818.67,1843.63,49.3912,1,2,1.0,0.0,0.0,5,0.0,0,True,1746969014.06593,left,False
2215,1746969026.808288,204.232,1.63694,-0.672015,-0.0662394,-0.000755612,6242.87,5,45.346,1819.8,1844.77,49.3909,1,2,1.0,0.0,0.0,5,0.0,0,True,1746969014.06593,left,False
2216,1746969026.8269587,204.275,1.81993,-0.593011,-0.0656169,0.00127714,6244.1,5,45.366,1820.94,1845.9,49.3906,1,2,1.0,0.0,0.0,5,0.0,0,True,1746969014.06593,left,False
2217,1746969026.8499124,204.319,1.9701,-0.506321,-0.0650838,0.00320404,6244.13,5,45.386,1822.07,1847.03,49.3903,1,2,1.0,0.0,0.0,5,0.0,0,True,1746969014.06593,left,False
2218,1746969026.8686714,204.361,2.09142,-0.420688,-0.0646403,0.00503081,6245.44,5,45.406,1823.2,1848.17,49.39,1,2,1.0,0.0,0.0,5,0.0,0,True,1746969014.06593,left,False
2219,1746969026.8881006,204.404,2.18661,-0.338154,-0.0642904,0.00676602,6246.87,5,45.426,1824.34,1849.3,49.3897,1,2,1.0,0.0,0.0,5,0.0,0,True,1746969014.06593,left,False
2220,1746969026.9085395,204.446,2.25919,-0.250489,-0.064034,0.0084154,6247.94,5,45.446,1825.47,1850.44,49.3894,1,2,1.0,0.0,0.0,5,0.0,0,True,1746969014.06593,left,False
2221,1746969026.9288752,204.488,2.31173,-0.155552,-0.0638916,0.00999039,6248.41,5,45.466,1826.61,1851.57,49.3891,1,2,1.0,0.0,0.0,5,0.0,0,True,1746969014.06593,left,False
2222,1746969026.9470878,204.53,2.34752,-0.0643324,-0.0638346,0.0114991,6249.93,5,45.486,1827.74,1852.71,49.3888,1,2,1.0,0.0,0.0,5,0.0,0,True,1746969014.06593,left,False
2223,1746969026.9674747,204.571,2.37021,0.0155351,-0.0638957,0.0129458,6251.1,5,45.506,1828.88,1853.84,49.3885,1,2,1.0,0.0,0.0,5,0.0,0,True,1746969014.06593,left,False
2224,1746969026.9872983,204.612,2.38148,0.103515,-0.0640462,0.014343,6252.74,5,45.526,1830.01,1854.98,49.3881,1,2,1.0,0.0,0.0,5,0.0,0,True,1746969014.06593,left,False
2225,1746969027.007545,204.653,2.38248,0.192043,-0.0643107,0.0156962,6253.67,5,45.546,1831.15,1856.11,49.3878,1,2,1.0,0.0,0.0,5,0.0,0,True,1746969014.06593,left,False
2226,1746969027.0278642,204.694,2.37427,0.283625,-0.0646606,0.0170047,6254.47,5,45.566,1832.28,1857.25,49.3875,1,2,1.0,0.0,0.0,5,0.0,0,True,1746969014.06593,left,False
2227,1746969027.0499463,204.735,2.36006,0.365017,-0.0651326,0.0182778,6256.56,5,45.586,1833.42,1858.38,49.3872,1,2,1.0,0.0,0.0,5,0.0,0,True,1746969014.06593,left,False
2228,1746969027.0666847,204.775,2.34034,0.454312,-0.0656901,0.01952,6256.94,5,45.606,1834.55,1859.52,49.3869,1,2,1.0,0.0,0.0,5,0.0,0,True,1746969014.06593,left,False
2229,1746969027.0887334,204.815,2.31678,0.530825,-0.0663574,0.0207345,6259.13,5,45.626,1835.69,1860.66,49.3866,1,2,1.0,0.0,0.0,5,0.0,0,True,1746969014.06593,left,False
2230,1746969027.1074004,204.855,2.28997,0.610684,-0.0671224,0.0219256,6260.21,5,45.646,1836.83,1861.79,49.3863,1,2,1.0,0.0,0.0,5,0.0,0,True,1746969014.06593,left,False
2231,1746969027.128736,204.895,2.26089,0.690004,-0.0679891,0.0230967,6261.66,5,45.666,1837.96,1862.93,49.386,1,2,1.0,0.0,0.0,5,0.0,0,True,1746969014.06593,left,False
2232,1746969027.1494527,204.934,2.23003,0.761945,-0.0689575,0.0242497,6263.44,5,45.686,1839.1,1864.07,49.3857,1,2,1.0,0.0,0.0,5,0.0,0,True,1746969014.06593,left,False
2233,1746969027.1678596,204.974,2.1992,0.833075,-0.0700195,0.0253913,6263.84,5,45.706,1840.24,1865.2,49.3854,1,2,1.0,0.0,0.0,5,0.0,0,True,1746969014.06593,left,False
2234,1746969027.1886647,205.013,2.16766,0.907457,-0.0711873,0.0265223,6264.67,5,45.726,1841.37,1866.34,49.3851,1,2,1.0,0.0,0.0,5,0.0,0,True,1746969014.06593,left,False
2235,1746969027.2087095,205.051,2.13693,0.98196,-0.0724487,0.0276467,6266.19,5,45.746,1842.51,1867.48,49.3848,1,2,1.0,0.0,0.0,5,0.0,0,True,1746969014.06593,left,False
2236,1746969027.2279122,205.09,2.1068,1.04554,-0.0738078,0.0287635,6267.66,5,45.766,1843.65,1868.61,49.3845,1,2,1.0,0.0,0.0,5,0.0,0,True,1746969014.06593,left,False
2237,1746969027.2478318,205.128,2.07735,1.11267,-0.0752686,0.0298764,6268.8,5,45.786,1844.79,1869.75,49.3842,1,2,1.0,0.0,0.0,5,0.0,0,True,1746969014.06593,left,False
2238,1746969027.2688198,205.166,2.04908,1.18165,-0.0768107,0.0309841,6269.96,5,45.806,1845.92,1870.89,49.3839,1,2,1.0,0.0,0.0,5,0.0,0,True,1746969014.06593,left,False
2239,1746969027.2881265,205.203,2.02181,1.25101,-0.0784587,0.0320908,6271.39,5,45.826,1847.06,1872.03,49.3836,1,2,1.0,0.0,0.0,5,0.0,0,True,1746969014.06593,left,False
2240,1746969027.3074255,205.24,1.9964,1.31065,-0.0802043,0.0331957,6273.11,5,45.846,1848.2,1873.17,49.3833,1,2,1.0,0.0,0.0,5,0.0,0,True,1746969014.06593,left,False
2241,1746969027.3274806,205.278,1.97159,1.37539,-0.0820353,0.0342991,6273.88,5,45.866,1849.34,1874.3,49.383,1,2,1.0,0.0,0.0,5,0.0,0,True,1746969014.06593,left,False
2242,1746969027.3488646,205.315,1.94829,1.44328,-0.083964,0.035402,6274.85,5,45.886,1850.48,1875.44,49.3827,1,2,1.0,0.0,0.0,5,0.0,0,True,1746969014.06593,left,False
2243,1746969027.3681686,205.351,1.9265,1.50518,-0.0859823,0.0365054,6276.38,5,45.906,1851.62,1876.58,49.3823,1,2,1.0,0.0,0.0,5,0.0,0,True,1746969014.06593,left,False
2244,1746969027.3885882,205.389,1.90554,1.57523,-0.0881022,0.0376088,6276.34,5,45.926,1852.75,1877.72,49.382,1,2,1.0,0.0,0.0,5,0.0,0,True,1746969014.06593,left,False
2245,1746969027.408709,205.424,1.88717,1.63867,-0.0903035,0.038716,6277.97,5,45.946,1853.89,1878.86,49.3817,1,2,1.0,0.0,0.0,5,0.0,0,True,1746969014.06593,left,False
2246,1746969027.4284613,205.46,1.86952,1.69937,-0.0925985,0.0398223,6279.15,5,45.966,1855.03,1880,49.3814,1,2,1.0,0.0,0.0,5,0.0,0,True,1746969014.06593,right,False
2247,1746969027.4504156,205.496,1.85326,1.76359,-0.094987,0.0409324,6279.96,5,45.986,1856.17,1881.14,49.3811,1,2,1.0,0.0,0.0,5,0.0,0,True,1746969014.06593,right,False
2248,1746969027.4666586,205.532,1.83773,1.83396,-0.0974609,0.042042,6280.43,5,46.006,1857.31,1882.27,49.3808,1,2,1.0,0.0,0.0,5,0.0,0,True,1746969014.06593,right,False
2249,1746969027.487594,205.567,1.82443,1.89429,-0.100028,0.0431563,6281.51,5,46.026,1858.45,1883.41,49.3805,1,2,1.0,0.0,0.0,5,0.0,0,True,1746969014.06593,right,False
2250,1746969027.507879,205.601,1.81264,1.95615,-0.102681,0.0442736,6282.95,5,46.046,1859.59,1884.55,49.3802,1,2,1.0,0.0,0.0,5,0.0,0,True,1746969014.06593,right,False
2251,1746969027.5282042,205.636,1.8019,2.0197,-0.105428,0.0453932,6283.64,5,46.066,1860.73,1885.69,49.3799,1,2,1.0,0.0,0.0,5,0.0,0,True,1746969014.06593,right,False
2252,1746969027.5498724,205.67,1.79241,2.08363,-0.108268,0.046518,6284.81,5,46.086,1861.87,1886.83,49.3796,1,2,1.0,0.0,0.0,5,0.0,0,True,1746969014.06593,right,False
2253,1746969027.568491,205.704,1.78335,2.15095,-0.111194,0.0476424,6285.77,5,46.106,1863.01,1887.97,49.3793,1,2,1.0,0.0,0.0,5,0.0,0,True,1746969014.06593,right,False
2254,1746969027.587142,205.738,1.77573,2.21569,-0.114209,0.0487711,6286.95,5,46.126,1864.15,1889.11,49.379,1,2,1.0,0.0,0.0,5,0.0,0,True,1746969014.06593,right,False
2255,1746969027.608404,205.771,1.76974,2.27664,-0.11731,0.0499036,6288.73,5,46.146,1865.28,1890.25,49.3787,1,2,1.0,0.0,0.0,5,0.0,0,True,1746969014.06593,right,False
2256,1746969027.6286912,205.806,1.76355,2.34339,-0.120504,0.051037,6288.32,5,46.166,1866.42,1891.39,49.3784,1,2,1.0,0.0,0.0,5,0.0,0,True,1746969014.06593,right,False
2257,1746969027.647705,205.838,1.75896,2.40738,-0.123783,0.0521743,6289.76,5,46.186,1867.56,1892.53,49.3781,1,2,1.0,0.0,0.0,5,0.0,0,True,1746969014.06593,right,False
2258,1746969027.667763,205.871,1.75541,2.46987,-0.127161,0.0533149,6291.43,5,46.206,1868.7,1893.67,49.3778,1,2,1.0,0.0,0.0,5,0.0,0,True,1746969014.06593,right,False
2259,1746969027.6886914,205.904,1.75204,2.54166,-0.130619,0.0544602,6290.91,5,46.226,1869.84,1894.81,49.3775,1,2,1.0,0.0,0.0,5,0.0,0,True,1746969014.06593,right,False
2260,1746969027.7079623,205.936,1.75051,2.60019,-0.134163,0.0556084,6293.45,5,46.246,1870.98,1895.95,49.3772,1,2,1.0,0.0,0.0,5,0.0,0,True,1746969014.06593,right,False
2261,1746969027.7284584,205.969,1.74862,2.66687,-0.137805,0.0567586,6293.09,5,46.266,1872.12,1897.09,49.3769,1,2,1.0,0.0,0.0,5,0.0,0,True,1746969014.06593,right,False
2262,1746969027.7480602,206,1.74851,2.73064,-0.141528,0.0579144,6295.2,5,46.286,1873.26,1898.23,49.3765,1,2,1.0,0.0,0.0,5,0.0,0,True,1746969014.06593,right,False
2263,1746969027.7682056,206.032,1.74812,2.79261,-0.145349,0.0590693,6295.51,5,46.306,1874.4,1899.37,49.3762,1,2,1.0,0.0,0.0,5,0.0,0,True,1746969014.06593,right,False
2264,1746969027.7892127,206.063,1.74887,2.85615,-0.149255,0.06023,6296.34,5,46.326,1875.54,1900.51,49.3759,1,2,1.0,0.0,0.0,5,0.0,0,True,1746969014.06593,right,False
2265,1746969027.8072553,206.094,1.74993,2.92296,-0.153243,0.0613925,6297.24,5,46.346,1876.68,1901.65,49.3756,1,2,1.0,0.0,0.0,5,0.0,0,True,1746969014.06593,right,False
2266,1746969027.8277779,206.125,1.75132,2.98842,-0.157324,0.0625588,6297.78,5,46.366,1877.82,1902.79,49.3753,1,2,1.0,0.0,0.0,5,0.0,0,True,1746969014.06593,right,False
2267,1746969027.849677,206.155,1.7541,3.0469,-0.161495,0.0637271,6300.08,5,46.386,1878.96,1903.93,49.375,1,2,1.0,0.0,0.0,5,0.0,0,True,1746969014.06593,right,False
2268,1746969027.8688984,206.186,1.75595,3.11294,-0.165755,0.0648953,6300.32,5,46.406,1880.1,1905.07,49.3747,1,2,1.0,0.0,0.0,5,0.0,0,True,1746969014.06593,right,False
2269,1746969027.888181,206.215,1.75739,3.17743,-0.170105,0.0660626,6301.51,5,46.426,1881.24,1906.21,49.3744,1,2,1.0,0.0,0.0,5,0.0,0,True,1746969014.06593,right,False
2270,1746969027.908098,206.246,1.75943,3.24091,-0.174544,0.0672318,6301.91,5,46.446,1882.38,1907.35,49.3741,1,2,1.0,0.0,0.0,5,0.0,0,True,1746969014.06593,right,False
2271,1746969027.9301689,206.275,1.7615,3.30269,-0.179073,0.068401,6303.25,5,46.466,1883.52,1908.49,49.3738,1,2,1.0,0.0,0.0,5,0.0,0,True,1746969014.06593,right,False
2272,1746969027.949505,206.304,1.76308,3.36293,-0.183687,0.0695693,6304.57,5,46.486,1884.66,1909.62,49.3735,1,2,1.0,0.0,0.1,5,0.0,0,True,1746969014.06593,right,False
2273,1746969027.969676,206.333,1.76427,3.43038,-0.188391,0.0707375,6305.05,5,46.506,1885.8,1910.76,49.3732,1,2,1.0,0.0,0.1,5,0.0,0,True,1746969014.06593,right,False
2274,1746969027.9871771,206.362,1.76575,3.4942,-0.193193,0.0719058,6306.1,5,46.526,1886.94,1911.9,49.3729,1,2,1.0,0.0,0.1,5,0.0,0,True,1746969014.06593,right,False
2275,1746969028.007307,206.391,1.76698,3.55816,-0.198079,0.073074,6306.7,5,46.546,1888.08,1913.04,49.3726,1,2,1.0,0.0,0.1,5,0.0,0,True,1746969014.06593,right,False
2276,1746969028.0271108,206.419,1.7678,3.62526,-0.203048,0.0742409,6307.31,5,46.566,1889.22,1914.18,49.3723,1,2,1.0,0.0,0.1,5,0.0,0,True,1746969014.06593,right,False
2277,1746969028.0485945,206.434,1.90882,3.68243,-0.208073,0.0746695,6311.16,5,46.586,1890.36,1915.32,49.372,1,2,1.0,0.0,0.1,5,0.0,0,True,1746969014.06593,right,False
2278,1746969028.06877,206.447,1.72338,3.72694,-0.213057,0.0730855,6315.48,5,46.606,1891.5,1916.46,49.3717,1,2,1.0,0.0,0.1,5,0.0,0,True,1746969014.06593,right,False
2279,1746969028.0884979,206.46,1.16539,3.74743,-0.218009,0.0696799,6322.26,5,46.626,1892.64,1917.6,49.3714,1,2,1.0,0.0,0.1,5,0.0,0,True,1746969014.06593,right,False
2280,1746969028.1099505,206.473,0.310695,3.7516,-0.222913,0.064707,6328.33,5,46.646,1893.78,1918.74,49.3711,1,2,1.0,0.0,0.1,5,0.0,0,True,1746969014.06593,right,False
2281,1746969028.128941,206.479,-0.778986,3.74389,-0.227759,0.0584299,6335.92,5,46.666,1894.92,1919.88,49.3708,1,2,1.0,0.0,0.1,5,0.0,0,True,1746969014.06593,right,False
2282,1746969028.1494246,206.474,-2.04252,3.70836,-0.232524,0.0511185,6345.42,5,46.686,1896.06,1921.02,49.3704,1,2,1.0,0.0,0.0,5,0.0,0,True,1746969014.06593,left,False
2283,1746969028.1689293,206.455,-3.4241,3.65384,-0.237199,0.0430271,6357.64,5,46.706,1897.2,1922.16,49.3701,1,2,1.0,0.0,0.0,5,0.0,0,True,1746969014.06593,left,False
2284,1746969028.1880426,206.42,-4.8716,3.58235,-0.24176,0.034394,6369.35,5,46.726,1898.34,1923.3,49.3698,1,2,1.0,0.0,0.0,5,0.0,0,True,1746969014.06593,left,False
2285,1746969028.2087858,206.366,-6.35727,3.48764,-0.246195,0.0254056,6386.49,5,46.746,1899.47,1924.44,49.3695,1,2,1.0,0.0,0.0,5,0.0,0,True,1746969014.06593,left,False
2286,1746969028.2283065,206.295,-7.8419,3.38153,-0.25048,0.016235,6404.19,5,46.766,1900.61,1925.58,49.3692,1,2,1.0,0.0,0.0,5,0.0,0,True,1746969014.06593,left,False
2287,1746969028.248079,206.23,-9.38443,3.25282,-0.254635,0.00735157,6417.36,5,46.786,1901.75,1926.72,49.3689,1,2,1.0,0.0,0.0,5,0.0,0,True,1746969014.06593,left,False
2288,1746969028.2688203,206.169,-10.7243,3.13196,-0.258679,-0.000527684,6424.77,5,46.806,1902.89,1927.86,49.3686,1,2,1.0,0.0,0.0,5,0.0,0,True,1746969014.06593,left,False
2289,1746969028.2882206,206.119,-11.8381,2.99334,-0.262606,-0.00748951,6418.95,5,46.826,1904.03,1929,49.3683,1,2,1.0,0.0,0.0,5,0.0,0,True,1746969014.06593,left,False
2290,1746969028.3071392,206.073,-12.7538,2.86451,-0.266398,-0.0136793,6410.93,5,46.846,1905.17,1930.14,49.368,1,2,1.0,0.0,0.0,5,0.0,0,True,1746969014.06593,left,False
2291,1746969028.327506,206.034,-13.503,2.73715,-0.270044,-0.0192207,6397.95,5,46.866,1906.31,1931.28,49.3677,1,2,1.0,0.0,0.0,5,0.0,0,True,1746969014.06593,left,False
2292,1746969028.3487875,205.998,-14.1164,2.61909,-0.273535,-0.0242313,6387.42,5,46.886,1907.45,1932.41,49.3674,1,2,1.0,0.0,0.0,5,0.0,0,True,1746969014.06593,left,False
2293,1746969028.3687363,205.961,-14.6272,2.48801,-0.276868,-0.0288079,6380.99,5,46.906,1908.59,1933.55,49.3671,1,2,1.0,0.0,0.0,5,0.0,0,True,1746969014.06593,left,False
2294,1746969028.388888,205.925,-15.0485,2.35491,-0.280037,-0.0330079,6379.81,5,46.926,1909.73,1934.69,49.3668,1,2,1.0,0.0,0.0,5,0.0,0,True,1746969014.06593,left,False
2295,1746969028.4087174,205.892,-15.3909,2.21541,-0.283032,-0.0368665,6377.79,5,46.946,1910.87,1935.83,49.3665,1,2,1.0,0.0,0.0,5,0.0,0,True,1746969014.06593,left,False
2296,1746969028.427663,205.864,-15.6553,2.09083,-0.28586,-0.0404323,6375.29,5,46.966,1912.01,1936.97,49.3662,1,2,1.0,0.0,0.0,5,0.0,0,True,1746969014.06593,left,False
2297,1746969028.4475417,205.835,-15.8552,1.96246,-0.288505,-0.0436981,6377.6,5,46.986,1913.15,1938.11,49.3659,1,2,1.0,0.0,0.0,5,0.0,0,True,1746969014.06593,left,False
2298,1746969028.4667082,205.81,-15.9976,1.8215,-0.290971,-0.0466712,6381.71,5,47.006,1914.29,1939.25,49.3656,1,2,1.0,0.0,0.0,5,0.0,0,True,1746969014.06593,left,False
2299,1746969028.4874666,205.792,-16.0728,1.68568,-0.293258,-0.0493596,6382.97,5,47.026,1915.43,1940.39,49.3653,1,2,1.0,0.0,0.0,5,0.0,0,True,1746969014.06593,left,False
2300,1746969028.508099,205.775,-16.0899,1.55356,-0.295374,-0.0517481,6388.55,5,47.046,1916.57,1941.53,49.365,1,2,1.0,0.0,0.0,5,0.0,0,True,1746969014.06593,left,False
2301,1746969028.5288942,205.765,-16.0427,1.41609,-0.29731,-0.0538238,6391.33,5,47.066,1917.71,1942.67,49.3646,1,2,1.0,0.0,0.0,5,0.0,0,True,1746969014.06593,left,False
2302,1746969028.5490167,205.761,-15.9382,1.27239,-0.299068,-0.0555938,6394.8,5,47.086,1918.84,1943.81,49.3643,1,2,1.0,0.0,0.0,5,0.0,0,True,1746969014.06593,left,False
2303,1746969028.5687904,205.762,-15.7664,1.13712,-0.300651,-0.0570338,6398.38,5,47.106,1919.98,1944.95,49.364,1,2,1.0,0.0,0.0,5,0.0,0,True,1746969014.06593,left,False
2304,1746969028.586979,205.768,-15.5377,0.995289,-0.302059,-0.058143,6403.45,5,47.126,1921.12,1946.09,49.3637,1,2,1.0,0.0,0.0,5,0.0,0,True,1746969014.06593,left,False
2305,1746969028.608027,205.782,-15.2426,0.857146,-0.303296,-0.0589107,6406.08,5,47.146,1922.26,1947.23,49.3634,1,2,1.0,0.0,0.0,5,0.0,0,True,1746969014.06593,left,False
2306,1746969028.6270063,205.804,-14.8817,0.718186,-0.304366,-0.0593312,6405.02,5,47.166,1923.4,1948.37,49.3631,1,2,1.0,0.0,0.0,5,0.0,0,True,1746969014.06593,left,False
2307,1746969028.649969,205.83,-14.4589,0.587492,-0.305265,-0.0594028,6408.17,5,47.186,1924.54,1949.51,49.3628,1,2,1.0,0.0,0.0,5,0.0,0,True,1746969014.06593,left,False
2308,1746969028.6676135,205.865,-13.9768,0.453168,-0.306002,-0.0591272,6405.98,5,47.206,1925.68,1950.64,49.3625,1,2,1.0,0.0,0.0,5,0.0,0,True,1746969014.06593,left,False
2309,1746969028.6879025,205.905,-13.4338,0.323691,-0.306576,-0.0585139,6402.75,5,47.226,1926.82,1951.78,49.3622,1,2,1.0,0.0,0.0,5,0.0,0,True,1746969014.06593,left,False
2310,1746969028.708613,205.952,-12.835,0.203007,-0.307003,-0.0575689,6397.93,5,47.246,1927.96,1952.92,49.3619,1,2,1.0,0.0,0.0,5,0.0,0,True,1746969014.06593,left,False
2311,1746969028.7273505,206.002,-12.1883,0.0901703,-0.307271,-0.05631,6394.79,5,47.266,1929.1,1954.06,49.3616,1,2,1.0,0.0,0.0,5,0.0,0,True,1746969014.06593,left,False
2312,1746969028.748373,206.058,-11.5,-0.0296181,-0.307402,-0.0547617,6388.38,5,47.286,1930.24,1955.2,49.3613,1,2,1.0,0.0,0.0,5,0.0,0,True,1746969014.06593,left,False
2313,1746969028.7682116,206.116,-10.7752,-0.131855,-0.307402,-0.0529531,6382.41,5,47.306,1931.38,1956.34,49.361,1,2,1.0,0.0,0.0,5,0.0,0,True,1746969014.06593,left,False
2314,1746969028.7888215,206.176,-10.0265,-0.237714,-0.307275,-0.0509122,6375.21,5,47.326,1932.52,1957.48,49.3607,1,2,1.0,0.0,0.0,5,0.0,0,True,1746969014.06593,left,False
2315,1746969028.808657,206.239,-9.25687,-0.336808,-0.307031,-0.0486587,6368.45,5,47.346,1933.65,1958.62,49.3604,1,2,1.0,0.0,0.0,5,0.0,0,True,1746969014.06593,left,False
2316,1746969028.827611,206.301,-8.47798,-0.428827,-0.306661,-0.0462335,6363.23,5,47.366,1934.79,1959.76,49.3601,1,2,1.0,0.0,0.0,5,0.0,0,True,1746969014.06593,left,False
2317,1746969028.8489857,206.363,-7.6975,-0.50839,-0.306201,-0.043671,6357.4,5,47.386,1935.93,1960.9,49.3598,1,2,1.0,0.0,0.0,5,0.0,0,True,1746969014.06593,right,False
2318,1746969028.8679552,206.425,-6.9208,-0.577597,-0.305652,-0.0409954,6350.95,5,47.406,1937.07,1962.04,49.3595,1,2,1.0,0.0,0.0,5,0.0,0,True,1746969014.06593,right,False
2319,1746969028.8884025,206.485,-6.15866,-0.64262,-0.305025,-0.038235,6346.06,5,47.426,1938.22,1963.18,49.3592,1,2,1.0,0.0,0.0,5,0.0,0,True,1746969014.06593,right,False
2320,1746969028.9088428,206.543,-5.41576,-0.698208,-0.304334,-0.035414,6343.82,5,47.446,1939.36,1964.32,49.3588,1,2,1.0,0.0,0.0,5,0.0,0,True,1746969014.06593,right,False
2321,1746969028.9284127,206.6,-4.69445,-0.737874,-0.303585,-0.0325521,6339.21,5,47.466,1940.5,1965.46,49.3585,1,2,1.0,0.0,0.0,5,0.0,0,True,1746969014.06593,right,False
2322,1746969028.9477427,206.655,-4.00255,-0.776891,-0.302799,-0.029671,6337.35,5,47.486,1941.64,1966.6,49.3582,1,2,1.0,0.0,0.0,5,0.0,0,True,1746969014.06593,right,False
2323,1746969028.9683037,206.709,-3.34299,-0.798648,-0.301978,-0.0267928,6334,5,47.506,1942.78,1967.74,49.3579,1,2,1.0,0.0,0.0,5,0.0,0,True,1746969014.06593,right,False
2324,1746969028.9899056,206.76,-2.72037,-0.810836,-0.301143,-0.023938,6332.72,5,47.526,1943.92,1968.88,49.3576,1,2,1.0,0.0,0.0,5,0.0,0,True,1746969014.06593,right,False
2325,1746969029.0094755,206.809,-2.13599,-0.817996,-0.300301,-0.0211194,6331.24,5,47.546,1945.06,1970.03,49.3573,1,2,1.0,0.0,0.0,5,0.0,0,True,1746969014.06593,right,False
2326,1746969029.028081,206.857,-1.59274,-0.815766,-0.299463,-0.0183538,6330.82,5,47.566,1946.2,1971.17,49.357,1,2,1.0,0.0,0.0,5,0.0,0,True,1746969014.06593,right,False
2327,1746969029.0475676,206.904,-1.0905,-0.801119,-0.298641,-0.0156515,6329.25,5,47.586,1947.35,1972.31,49.3567,1,2,1.0,0.0,0.0,5,0.0,0,True,1746969014.06593,right,False
2328,1746969029.0687814,206.949,-0.630364,-0.778353,-0.297852,-0.0130237,6329.45,5,47.606,1948.49,1973.45,49.3564,1,2,1.0,0.0,0.0,5,0.0,0,True,1746969014.06593,right,False
2329,1746969029.0881548,206.993,-0.211929,-0.746806,-0.297091,-0.0104759,6329.55,5,47.626,1949.63,1974.6,49.3561,1,2,1.0,0.0,0.0,5,0.0,0,True,1746969014.06593,right,False
2330,1746969029.1074553,207.036,0.165686,-0.701105,-0.296374,-0.0080145,6329.34,5,47.646,1950.77,1975.74,49.3558,1,2,1.0,0.0,0.0,5,0.0,0,True,1746969014.06593,right,False
2331,1746969029.1281533,207.078,0.503552,-0.655938,-0.295723,-0.00564319,6330.1,5,47.666,1951.92,1976.88,49.3555,1,2,1.0,0.0,0.0,5,0.0,0,True,1746969014.06593,right,False
2332,1746969029.1471767,207.119,0.803275,-0.596734,-0.295125,-0.00336296,6330.16,5,47.686,1953.06,1978.03,49.3552,1,2,1.0,0.0,0.0,5,0.0,0,True,1746969014.06593,right,False
2333,1746969029.1687057,207.16,1.06706,-0.539257,-0.294596,-0.00117475,6331.23,5,47.706,1954.21,1979.17,49.3549,1,2,1.0,0.0,0.0,5,0.0,0,True,1746969014.06593,right,False
2334,1746969029.1876884,207.2,1.29625,-0.471318,-0.294145,0.000920947,6331.5,5,47.726,1955.35,1980.31,49.3546,1,2,1.0,0.0,0.0,5,0.0,0,True,1746969014.06593,right,False
2335,1746969029.2086585,207.239,1.49327,-0.398981,-0.29377,0.00292366,6331.95,5,47.746,1956.49,1981.46,49.3543,1,2,1.0,0.0,0.0,5,0.0,0,True,1746969014.06593,right,False
2336,1746969029.232305,207.278,1.66099,-0.326756,-0.293481,0.00484055,6333.54,5,47.766,1957.64,1982.6,49.354,1,2,1.0,0.0,0.0,5,0.0,0,True,1746969014.06593,right,False
2337,1746969029.2488303,207.316,1.80144,-0.252524,-0.293282,0.00667017,6335.28,5,47.786,1958.78,1983.75,49.3537,1,2,1.0,0.0,0.0,5,0.0,0,True,1746969014.06593,right,False
2338,1746969029.267749,207.355,1.91665,-0.17544,-0.293168,0.00841778,6335.84,5,47.806,1959.93,1984.89,49.3534,1,2,1.0,0.0,0.1,5,0.0,0,True,1746969014.06593,right,False
2339,1746969029.2890975,207.394,2.00854,-0.0894124,-0.293148,0.0100905,6335.71,5,47.826,1961.07,1986.04,49.3531,1,2,1.0,0.0,0.1,5,0.0,0,True,1746969014.06593,right,False
2340,1746969029.3078406,207.432,2.08081,0.00578626,-0.293225,0.0116975,6336.13,5,47.846,1962.22,1987.18,49.3527,1,2,1.0,0.0,0.1,5,0.0,0,True,1746969014.06593,right,False
2341,1746969029.3275506,207.47,2.1379,0.0915238,-0.293404,0.0132472,6336.5,5,47.866,1963.36,1988.33,49.3524,1,2,1.0,0.0,0.1,5,0.0,0,True,1746969014.06593,right,False
2342,1746969029.3488417,207.507,2.18026,0.179471,-0.293677,0.0147406,6338.74,5,47.886,1964.51,1989.47,49.3521,1,2,1.0,0.0,0.1,5,0.0,0,True,1746969014.06593,right,False
2343,1746969029.3681674,207.532,2.35395,0.260961,-0.29401,0.0154316,6341.97,5,47.906,1965.66,1990.62,49.3518,1,2,1.0,0.0,0.1,5,0.0,0,True,1746969014.06593,right,False
2344,1746969029.3883672,207.554,2.18023,0.319665,-0.294316,0.0140316,6347.63,5,47.926,1966.8,1991.77,49.3515,1,2,1.0,0.0,0.1,5,0.0,0,True,1746969014.06593,right,False
2345,1746969029.4080493,207.581,1.62117,0.363849,-0.294596,0.0107285,6352.63,5,47.946,1967.95,1992.91,49.3512,1,2,1.0,0.0,0.1,5,0.0,0,True,1746969014.06593,right,False
2346,1746969029.4271386,207.606,0.745713,0.389525,-0.294836,0.00578755,6359.05,5,47.966,1969.1,1994.06,49.3509,1,2,1.0,0.0,0.1,5,0.0,0,True,1746969014.06593,right,False
2347,1746969029.4492555,207.625,-0.375788,0.3933,-0.295024,-0.000529114,6366.25,5,47.986,1970.24,1995.21,49.3506,1,2,1.0,0.0,0.1,5,0.0,0,True,1746969014.06593,right,False
2348,1746969029.4677799,207.634,-1.68294,0.373107,-0.295138,-0.00795204,6375.1,5,48.006,1971.39,1996.35,49.3503,1,2,1.0,0.0,0.1,5,0.0,0,True,1746969014.06593,right,False
2349,1746969029.4884548,207.627,-3.11676,0.330796,-0.295158,-0.0161989,6385.72,5,48.026,1972.53,1997.5,49.35,1,2,1.0,0.0,0.1,5,0.0,0,True,1746969014.06593,right,False
2350,1746969029.5074258,207.603,-4.62967,0.266791,-0.295076,-0.0250409,6399.45,5,48.046,1973.68,1998.65,49.3497,1,2,1.0,0.0,0.1,5,0.0,0,True,1746969014.06593,right,False
2351,1746969029.5274155,207.561,-6.17744,0.178671,-0.294873,-0.0342525,6414.43,5,48.066,1974.83,1999.79,49.3494,1,2,1.0,0.0,0.1,5,0.0,0,True,1746969014.06593,right,False
2352,1746969029.5487008,207.499,-7.73351,0.0739072,-0.294519,-0.0436714,6433.55,5,48.086,1975.97,2000.94,49.3491,1,2,1.0,0.0,0.1,5,0.0,0,True,1746969014.06593,right,False
2353,1746969029.5672688,207.418,-9.27242,-0.0507201,-0.294014,-0.053149,6456.62,5,48.106,1977.12,2002.09,49.3488,1,2,1.0,0.0,0.1,5,0.0,0,True,1746969014.06593,right,False
2354,1746969029.5875807,207.319,-10.7763,-0.191156,-0.293351,-0.0626019,6481.25,5,48.126,1978.27,2003.23,49.3485,1,2,1.0,0.0,0.1,5,0.0,0,True,1746969014.06593,right,False
2355,1746969029.607583,207.206,-12.2429,-0.340935,-0.292517,-0.0719875,6506,5,48.146,1979.41,2004.38,49.3482,1,2,1.0,0.0,0.1,5,0.0,0,True,1746969014.06593,right,False
2356,1746969029.6287527,207.08,-13.6704,-0.503209,-0.291496,-0.0812872,6529.9,5,48.166,1980.56,2005.52,49.3479,1,2,1.0,0.0,0.1,5,0.0,0,True,1746969014.06593,right,False
2357,1746969029.6488333,206.942,-15.0571,-0.67434,-0.290291,-0.0905054,6552.34,5,48.186,1981.71,2006.67,49.3476,1,2,1.0,0.0,0.1,5,0.0,0,True,1746969014.06593,right,False
2358,1746969029.6688612,206.792,-16.4075,-0.850535,-0.288883,-0.0996412,6573.65,5,48.206,1982.85,2007.82,49.3473,1,2,1.0,0.0,0.0,5,0.0,0,True,1746969014.06593,left,False
2359,1746969029.687423,206.636,-17.7217,-1.02429,-0.287276,-0.108708,6586.36,5,48.226,1984,2008.96,49.3469,1,2,1.0,0.0,0.0,5,0.0,0,True,1746969014.06593,left,False
2360,1746969029.7096958,206.468,-19.0089,-1.20216,-0.285457,-0.117731,6601.92,5,48.246,1985.14,2010.11,49.3466,1,2,1.0,0.0,0.0,5,0.0,0,True,1746969014.06593,left,False
2361,1746969029.7287362,206.295,-20.2631,-1.37441,-0.283427,-0.126716,6606.45,5,48.266,1986.29,2011.25,49.3463,1,2,1.0,0.0,0.0,5,0.0,0,True,1746969014.06593,left,False
2362,1746969029.7488468,206.108,-21.5019,-1.55525,-0.281169,-0.135666,6616.28,5,48.286,1987.43,2012.4,49.346,1,2,1.0,0.0,0.0,5,0.0,0,True,1746969014.06593,left,False
2363,1746969029.7668352,205.934,-22.7507,-1.73302,-0.278691,-0.144404,6624.58,5,48.306,1988.57,2013.54,49.3457,1,2,1.0,0.0,0.0,5,0.0,0,True,1746969014.06593,left,False
2364,1746969029.7876952,205.78,-23.8893,-1.91049,-0.276009,-0.152589,6615.2,5,48.326,1989.72,2014.68,49.3454,1,2,1.0,0.0,0.0,5,0.0,0,True,1746969014.06593,left,False
2365,1746969029.8076441,205.634,-24.8914,-2.08064,-0.27312,-0.160243,6602.9,5,48.346,1990.86,2015.83,49.3451,1,2,1.0,0.0,0.0,5,0.0,0,True,1746969014.06593,left,False
2366,1746969029.8285728,205.491,-25.7918,-2.25981,-0.27002,-0.167429,6592.25,5,48.366,1992.01,2016.97,49.3448,1,2,1.0,0.0,0.0,5,0.0,0,True,1746969014.06593,left,False
2367,1746969029.8496895,205.352,-26.5767,-2.4283,-0.266687,-0.174177,6585.48,5,48.386,1993.15,2018.11,49.3445,1,2,1.0,0.0,0.0,5,0.0,0,True,1746969014.06593,left,False
2368,1746969029.8680584,205.216,-27.2583,-2.59298,-0.263135,-0.180482,6579.24,5,48.406,1994.29,2019.26,49.3442,1,2,1.0,0.0,0.0,5,0.0,0,True,1746969014.06593,left,False
2369,1746969029.8888228,205.087,-27.849,-2.76484,-0.259351,-0.186366,6579.08,5,48.426,1995.43,2020.4,49.3439,1,2,1.0,0.0,0.0,5,0.0,0,True,1746969014.06593,left,False
2370,1746969029.9081779,204.97,-28.3344,-2.92113,-0.25533,-0.191852,6569.71,5,48.446,1996.58,2021.54,49.3436,1,2,1.0,0.0,0.0,5,0.0,0,True,1746969014.06593,left,False
2371,1746969029.9271703,204.858,-28.7436,-3.08223,-0.251117,-0.195428,6567.05,5,48.466,1997.71,2022.68,49.3433,1,2,1.0,0.0,0.0,5,0.0,0,True,1746969014.06593,left,False
2372,1746969029.9501069,204.757,-29.0723,-3.22417,-0.24682,-0.198071,6558.82,5,48.486,1998.84,2023.81,49.343,1,2,1.0,0.0,0.0,5,0.0,0,True,1746969014.06593,left,False
2373,1746969029.9683173,204.664,-29.3265,-3.35324,-0.24244,-0.200453,6546.52,5,48.506,1999.98,2024.94,49.3427,1,2,1.0,0.0,0.0,5,0.0,0,True,1746969014.06593,left,False
2374,1746969029.988441,204.578,-29.4963,-3.46196,-0.237974,-0.202523,6536.29,5,48.526,2001.11,2026.07,49.3424,1,2,1.0,0.0,0.0,5,0.0,0,True,1746969014.06593,left,False
2375,1746969030.008168,204.501,-29.578,-3.55741,-0.233409,-0.204264,6527.67,5,48.546,2002.24,2027.21,49.3421,1,2,1.0,0.0,0.0,5,0.0,0,True,1746969014.06593,left,False
2376,1746969030.029903,204.433,-29.5702,-3.6425,-0.228741,-0.205631,6521.27,5,48.566,2003.38,2028.34,49.3418,1,2,1.0,0.0,0.0,5,0.0,0,True,1746969014.06593,left,False
2377,1746969030.0494063,204.37,-29.4693,-3.71922,-0.223966,-0.20658,6524.68,5,48.586,2004.51,2029.47,49.3415,1,2,1.0,0.0,0.0,5,0.0,0,True,1746969014.06593,left,False
2378,1746969030.0691483,204.324,-29.2586,-3.78194,-0.219084,-0.207053,6524.74,5,48.606,2005.64,2030.6,49.3411,1,2,1.0,0.0,0.0,5,0.0,0,True,1746969014.06593,left,False
2379,1746969030.0880978,204.288,-28.9529,-3.84294,-0.214091,-0.207035,6529.87,5,48.626,2006.77,2031.74,49.3408,1,2,1.0,0.0,0.0,5,0.0,0,True,1746969014.06593,left,False
2380,1746969030.1082528,204.265,-28.5429,-3.90154,-0.208982,-0.206497,6540.53,5,48.646,2007.9,2032.87,49.3405,1,2,1.0,0.0,0.0,5,0.0,0,True,1746969014.06593,left,False
2381,1746969030.1280007,204.258,-28.0228,-3.954,-0.203762,-0.205423,6548.52,5,48.666,2009.03,2034,49.3402,1,2,1.0,0.0,0.0,5,0.0,0,True,1746969014.06593,left,False
2382,1746969030.14802,204.269,-27.3913,-4.00639,-0.198435,-0.20378,6557.54,5,48.686,2010.17,2035.13,49.3399,1,2,1.0,0.0,0.0,5,0.0,0,True,1746969014.06593,left,False
2383,1746969030.1675286,204.297,-26.6549,-4.05337,-0.193001,-0.201583,6562.91,5,48.706,2011.3,2036.26,49.3396,1,2,1.0,0.0,0.0,5,0.0,0,True,1746969014.06593,left,False
2384,1746969030.1872284,204.339,-25.8254,-4.11454,-0.187463,-0.19884,6570.57,5,48.726,2012.43,2037.39,49.3393,1,2,1.0,0.0,0.0,5,0.0,0,True,1746969014.06593,left,False
2385,1746969030.2085774,204.403,-24.891,-4.16704,-0.18183,-0.195545,6565.89,5,48.746,2013.56,2038.52,49.339,1,2,1.0,0.0,0.0,5,0.0,0,True,1746969014.06593,left,False
2386,1746969030.2291853,204.479,-23.8676,-4.22332,-0.176099,-0.191727,6564.23,5,48.766,2014.69,2039.65,49.3387,1,2,1.0,0.0,0.0,5,0.0,0,True,1746969014.06593,left,False
2387,1746969030.2497776,204.573,-22.7543,-4.27804,-0.170276,-0.187427,6553.48,5,48.786,2015.82,2040.78,49.3384,1,2,1.0,0.0,0.0,5,0.0,0,True,1746969014.06593,left,False
2388,1746969030.2687664,204.678,-21.5632,-4.33097,-0.164374,-0.182648,6538.81,5,48.806,2016.95,2041.91,49.3381,1,2,1.0,0.0,0.0,5,0.0,0,True,1746969014.06593,left,False
2389,1746969030.2885506,204.796,-20.3084,-4.38684,-0.158394,-0.177436,6518.82,5,48.826,2018.08,2043.04,49.3378,1,2,1.0,0.0,0.0,5,0.0,0,True,1746969014.06593,left,False
2390,1746969030.3087723,204.919,-18.9873,-4.43753,-0.152346,-0.17182,6497.54,5,48.846,2019.21,2044.17,49.3375,1,2,1.0,0.0,0.0,5,0.0,0,True,1746969014.06593,left,False
2391,1746969030.3287833,205.049,-17.6094,-4.48012,-0.146234,-0.165807,6472.72,5,48.866,2020.34,2045.31,49.3372,1,2,1.0,0.0,0.0,5,0.0,0,True,1746969014.06593,left,False
2392,1746969030.3491378,205.182,-16.1963,-4.52704,-0.140074,-0.159458,6445.87,5,48.886,2021.47,2046.44,49.3369,1,2,1.0,0.0,0.0,5,0.0,0,True,1746969014.06593,left,False
2393,1746969030.3683434,205.315,-14.7555,-4.56484,-0.133879,-0.152838,6420.48,5,48.906,2022.61,2047.57,49.3366,1,2,1.0,0.0,0.0,5,0.0,0,True,1746969014.06593,left,False
2394,1746969030.3874023,205.444,-13.3045,-4.59975,-0.127657,-0.145976,6398.44,5,48.926,2023.74,2048.7,49.3363,1,2,1.0,0.0,0.0,5,0.0,0,True,1746969014.06593,left,False
2395,1746969030.4077473,205.568,-11.8596,-4.62644,-0.121427,-0.138948,6376.53,5,48.946,2024.87,2049.83,49.336,1,2,1.0,0.0,0.0,5,0.0,0,True,1746969014.06593,left,False
2396,1746969030.4280422,205.685,-10.4353,-4.64257,-0.1152,-0.131807,6359.89,5,48.966,2026,2050.97,49.3357,1,2,1.0,0.0,0.0,5,0.0,0,True,1746969014.06593,left,False
2397,1746969030.4480104,205.795,-9.04748,-4.65063,-0.108995,-0.124604,6344.57,5,48.986,2027.14,2052.1,49.3354,1,2,1.0,0.0,0.0,5,0.0,0,True,1746969014.06593,left,False
2398,1746969030.4688454,205.897,-7.71234,-4.64075,-0.102834,-0.117408,6331.96,5,49.006,2028.27,2053.24,49.335,1,2,1.0,0.0,0.0,5,0.0,0,True,1746969014.06593,left,False
2399,1746969030.48793,205.992,-6.43991,-4.61688,-0.0967367,-0.11026,6322.84,5,49.026,2029.41,2054.37,49.3347,1,2,1.0,0.0,0.0,5,0.0,0,True,1746969014.06593,left,False
2400,1746969030.5073836,206.077,-5.24344,-4.5779,-0.0907247,-0.103196,6316.99,5,49.046,2030.54,2055.51,49.3344,1,2,1.0,0.0,0.0,5,0.0,0,True,1746969014.06593,left,False
2401,1746969030.5299332,206.156,-4.13004,-4.53217,-0.0848165,-0.0962566,6311.86,5,49.066,2031.68,2056.65,49.3341,1,2,1.0,0.0,0.0,5,0.0,0,True,1746969014.06593,left,False
2402,1746969030.5498686,206.23,-3.10464,-4.45494,-0.0790365,-0.0894759,6307.46,5,49.086,2032.82,2057.78,49.3338,1,2,1.0,0.0,0.0,5,0.0,0,True,1746969014.06593,left,False
2403,1746969030.5687296,206.297,-2.17178,-4.37031,-0.0734029,-0.0828756,6304.95,5,49.106,2033.96,2058.92,49.3335,1,2,1.0,0.0,0.0,5,0.0,0,True,1746969014.06593,left,False
2404,1746969030.5879211,206.359,-1.33122,-4.26225,-0.0679403,-0.0764735,6303.71,5,49.126,2035.1,2060.06,49.3332,1,2,1.0,0.0,0.0,5,0.0,0,True,1746969014.06593,left,False
2405,1746969030.6086414,206.419,-0.582301,-4.13685,-0.0626668,-0.0702794,6302.34,5,49.146,2036.24,2061.2,49.3329,1,2,1.0,0.0,0.0,5,0.0,0,True,1746969014.06593,left,False
2406,1746969030.6272469,206.474,0.0769022,-3.99525,-0.0575968,-0.0643027,6302.14,5,49.166,2037.38,2062.34,49.3326,1,2,1.0,0.0,0.0,5,0.0,0,True,1746969014.06593,left,False
2407,1746969030.6483603,206.527,0.650485,-3.82933,-0.0527466,-0.0585435,6301.59,5,49.186,2038.52,2063.48,49.3323,1,2,1.0,0.0,0.0,5,0.0,0,True,1746969014.06593,left,False
2408,1746969030.6686795,206.577,1.14234,-3.65269,-0.0481364,-0.0530041,6301.79,5,49.206,2039.66,2064.63,49.332,1,2,1.0,0.0,0.0,5,0.0,0,True,1746969014.06593,left,False
2409,1746969030.689286,206.626,1.55759,-3.46168,-0.0437703,-0.0476812,6302.38,5,49.226,2040.81,2065.77,49.3317,1,2,1.0,0.0,0.0,5,0.0,0,True,1746969014.06593,left,False
2410,1746969030.7084863,206.673,1.90174,-3.25155,-0.0396647,-0.0425685,6302.81,5,49.246,2041.95,2066.91,49.3314,1,2,1.0,0.0,0.0,5,0.0,0,True,1746969014.06593,left,False
2411,1746969030.7287433,206.72,2.1799,-3.02719,-0.0358317,-0.0376614,6302.92,5,49.266,2043.1,2068.06,49.3311,1,2,1.0,0.0,0.0,5,0.0,0,True,1746969014.06593,left,False
2412,1746969030.7471457,206.765,2.39958,-2.79848,-0.0322713,-0.0329493,6304.17,5,49.286,2044.24,2069.2,49.3308,1,2,1.0,0.0,0.0,5,0.0,0,True,1746969014.06593,left,False
2413,1746969030.7669659,206.81,2.5656,-2.5595,-0.0289978,-0.0284208,6305.03,5,49.306,2045.39,2070.35,49.3305,1,2,1.0,0.0,0.0,5,0.0,0,True,1746969014.06593,left,False
2414,1746969030.7911582,206.854,2.68556,-2.3183,-0.0260111,-0.0240634,6306.66,5,49.326,2046.53,2071.5,49.3302,1,2,1.0,0.0,0.0,5,0.0,0,True,1746969014.06593,left,False
2415,1746969030.8080971,206.898,2.7631,-2.06453,-0.0233154,-0.0198625,6306.63,5,49.346,2047.68,2072.65,49.3299,1,2,1.0,0.0,0.0,5,0.0,0,True,1746969014.06593,left,False
2416,1746969030.8272643,206.942,2.80718,-1.80892,-0.0209188,-0.0158003,6306.57,5,49.366,2048.83,2073.79,49.3296,1,2,1.0,0.0,0.0,5,0.0,0,True,1746969014.06593,right,False
2417,1746969030.848506,206.984,2.82397,-1.55697,-0.018811,-0.0118592,6308.42,5,49.386,2049.98,2074.94,49.3292,1,2,1.0,0.0,0.0,5,0.0,0,True,1746969014.06593,right,False
2418,1746969030.86892,207.027,2.81814,-1.31146,-0.0170064,-0.00802452,6309.51,5,49.406,2051.13,2076.09,49.3289,1,2,1.0,0.0,0.0,5,0.0,0,True,1746969014.06593,right,False
2419,1746969030.8882291,207.068,2.79521,-1.05496,-0.0154948,-0.00427324,6310.59,5,49.426,2052.27,2077.24,49.3286,1,2,1.0,0.0,0.0,5,0.0,0,True,1746969014.06593,right,False
2420,1746969030.907732,207.109,2.75878,-0.810888,-0.0142822,-0.000597302,6311.99,5,49.446,2053.42,2078.39,49.3283,1,2,1.0,0.0,0.0,5,0.0,0,True,1746969014.06593,right,False
2421,1746969030.9269028,207.15,2.714,-0.578565,-0.0133626,0.00302094,6313.53,5,49.466,2054.57,2079.54,49.328,1,2,1.0,0.0,0.0,5,0.0,0,True,1746969014.06593,right,False
2422,1746969030.9491315,207.189,2.66291,-0.338778,-0.012738,0.0065934,6315.28,5,49.486,2055.72,2080.69,49.3277,1,2,1.0,0.0,0.0,5,0.0,0,True,1746969014.06593,right,False
2423,1746969030.9700582,207.23,2.60696,-0.103726,-0.0124084,0.0101282,6314.47,5,49.506,2056.88,2081.84,49.3274,1,2,1.0,0.0,0.0,5,0.0,0,True,1746969014.06593,right,False
2424,1746969030.987646,207.267,2.55089,0.123276,-0.0123657,0.0136334,6317.95,5,49.526,2058.03,2082.99,49.3271,1,2,1.0,0.0,0.0,5,0.0,0,True,1746969014.06593,right,False
2425,1746969031.0104804,207.305,2.49267,0.339936,-0.012616,0.0171067,6319.59,5,49.546,2059.18,2084.14,49.3268,1,2,1.0,0.0,0.0,5,0.0,0,True,1746969014.06593,right,False
2426,1746969031.0280478,207.343,2.4334,0.560741,-0.0131531,0.0205561,6320.45,5,49.566,2060.33,2085.29,49.3265,1,2,1.0,0.0,0.0,5,0.0,0,True,1746969014.06593,right,False
2427,1746969031.049865,207.379,2.37509,0.77255,-0.013975,0.0239856,6322.03,5,49.586,2061.48,2086.44,49.3262,1,2,1.0,0.0,0.0,5,0.0,0,True,1746969014.06593,right,False
2428,1746969031.0669782,207.415,2.31798,0.968481,-0.0150818,0.0273988,6323.86,5,49.606,2062.63,2087.6,49.3259,1,2,1.0,0.0,0.0,5,0.0,0,True,1746969014.06593,right,False
2429,1746969031.0878034,207.451,2.26207,1.17265,-0.0164714,0.0308015,6324.39,5,49.626,2063.78,2088.75,49.3256,1,2,1.0,0.0,0.1,5,0.0,0,True,1746969014.06593,right,False
2430,1746969031.1090083,207.485,2.20947,1.36448,-0.0181437,0.0341937,6326.36,5,49.646,2064.93,2089.9,49.3253,1,2,1.0,0.0,0.1,5,0.0,0,True,1746969014.06593,right,False
2431,1746969031.128711,207.519,2.15791,1.56062,-0.0200948,0.0375778,6327.85,5,49.666,2066.08,2091.05,49.325,1,2,1.0,0.0,0.1,5,0.0,0,True,1746969014.06593,right,False
2432,1746969031.1471329,207.553,2.10804,1.75925,-0.0223287,0.0409557,6327.98,5,49.686,2067.24,2092.2,49.3247,1,2,1.0,0.0,0.1,5,0.0,0,True,1746969014.06593,right,False
2433,1746969031.169741,207.585,2.06225,1.94383,-0.0248352,0.0443303,6330.05,5,49.706,2068.39,2093.35,49.3244,1,2,1.0,0.0,0.1,5,0.0,0,True,1746969014.06593,right,False
2434,1746969031.1878676,207.604,2.17642,2.13501,-0.0275757,0.0468695,6332.23,5,49.726,2069.54,2094.5,49.3241,1,2,1.0,0.0,0.1,5,0.0,0,True,1746969014.06593,right,False
2435,1746969031.2077978,207.621,1.92465,2.31183,-0.0304443,0.0471312,6335.66,5,49.746,2070.69,2095.65,49.3238,1,2,1.0,0.0,0.1,5,0.0,0,True,1746969014.06593,right,False
2436,1746969031.227859,207.639,1.26131,2.45741,-0.0334452,0.0453526,6340.42,5,49.766,2071.84,2096.8,49.3234,1,2,1.0,0.0,0.1,5,0.0,0,True,1746969014.06593,right,False
2437,1746969031.2496715,207.654,0.271311,2.58344,-0.0365601,0.0418269,6345.8,5,49.786,2072.99,2097.96,49.3231,1,2,1.0,0.0,0.1,5,0.0,0,True,1746969014.06593,right,False
2438,1746969031.2673554,207.661,-0.967861,2.68947,-0.0397725,0.0368697,6351.9,5,49.806,2074.14,2099.11,49.3228,1,2,1.0,0.0,0.1,5,0.0,0,True,1746969014.06593,right,False
2439,1746969031.2886894,207.654,-2.38558,2.77052,-0.0430603,0.0307967,6359.27,5,49.826,2075.29,2100.26,49.3225,1,2,1.0,0.0,0.1,5,0.0,0,True,1746969014.06593,right,False
2440,1746969031.3087537,207.629,-3.91959,2.82858,-0.046403,0.0238854,6367.6,5,49.846,2076.44,2101.41,49.3222,1,2,1.0,0.0,0.1,5,0.0,0,True,1746969014.06593,right,False
2441,1746969031.3288727,207.583,-5.52033,2.86045,-0.0497742,0.01641,6379.14,5,49.866,2077.59,2102.56,49.3219,1,2,1.0,0.0,0.1,5,0.0,0,True,1746969014.06593,right,False
2442,1746969031.3496006,207.517,-7.1445,2.87186,-0.0531535,0.0085923,6391.96,5,49.886,2078.74,2103.71,49.3216,1,2,1.0,0.0,0.0,5,0.0,0,True,1746969014.06593,left,False
2443,1746969031.367114,207.429,-8.76399,2.8572,-0.0565308,0.000614818,6409.11,5,49.906,2079.89,2104.85,49.3213,1,2,1.0,0.0,0.0,5,0.0,0,True,1746969014.06593,left,False
2444,1746969031.387566,207.321,-10.3496,2.82933,-0.0598877,-0.00736839,6426.75,5,49.926,2081.04,2106,49.321,1,2,1.0,0.0,0.0,5,0.0,0,True,1746969014.06593,left,False
2445,1746969031.406666,207.195,-11.8956,2.77862,-0.0632121,-0.0152982,6446.26,5,49.946,2082.19,2107.15,49.3207,1,2,1.0,0.0,0.0,5,0.0,0,True,1746969014.06593,left,False
2446,1746969031.4268079,207.052,-13.3866,2.72201,-0.0664937,-0.023104,6469.2,5,49.966,2083.34,2108.3,49.3204,1,2,1.0,0.0,0.0,5,0.0,0,True,1746969014.06593,left,False
2447,1746969031.4488518,206.924,-14.8971,2.64689,-0.0697388,-0.0305131,6480.95,5,49.986,2084.48,2109.45,49.3201,1,2,1.0,0.0,0.0,5,0.0,0,True,1746969014.06593,left,False
2448,1746969031.4685316,206.811,-16.2141,2.57406,-0.0729777,-0.0369657,6479.04,5,50.006,2085.63,2110.6,49.3198,1,2,1.0,0.0,0.0,5,0.0,0,True,1746969014.06593,left,False
2449,1746969031.4876435,206.71,-17.3159,2.50819,-0.0761943,-0.0425838,6467.05,5,50.026,2086.78,2111.74,49.3195,1,2,1.0,0.0,0.0,5,0.0,0,True,1746969014.06593,left,False
2450,1746969031.508607,206.614,-18.2483,2.43939,-0.0793762,-0.047529,6452.57,5,50.046,2087.93,2112.89,49.3192,1,2,1.0,0.0,0.0,5,0.0,0,True,1746969014.06593,left,False
2451,1746969031.5280204,206.526,-19.0311,2.38314,-0.0825155,-0.0519369,6434.05,5,50.066,2089.07,2114.04,49.3189,1,2,1.0,0.0,0.0,5,0.0,0,True,1746969014.06593,left,False
2452,1746969031.5484452,206.438,-19.6899,2.33034,-0.0855957,-0.0558561,6421.67,5,50.086,2090.22,2115.18,49.3186,1,2,1.0,0.0,0.0,5,0.0,0,True,1746969014.06593,left,False
2453,1746969031.5680475,206.347,-20.258,2.27057,-0.0886169,-0.0593904,6416.99,5,50.106,2091.36,2116.33,49.3183,1,2,1.0,0.0,0.0,5,0.0,0,True,1746969014.06593,left,False
2454,1746969031.5892189,206.261,-20.7356,2.21186,-0.0915751,-0.0625547,6412.71,5,50.126,2092.51,2117.47,49.318,1,2,1.0,0.0,0.0,5,0.0,0,True,1746969014.06593,left,False
2455,1746969031.60784,206.177,-21.1269,2.16108,-0.0944621,-0.0653818,6411.08,5,50.146,2093.66,2118.62,49.3176,1,2,1.0,0.0,0.0,5,0.0,0,True,1746969014.06593,left,False
2456,1746969031.627341,206.095,-21.4494,2.09571,-0.0972758,-0.067858,6413.71,5,50.166,2094.8,2119.76,49.3173,1,2,1.0,0.0,0.0,5,0.0,0,True,1746969014.06593,left,False
2457,1746969031.6496663,206.022,-21.6801,2.04791,-0.100014,-0.0699857,6412.69,5,50.186,2095.95,2120.91,49.317,1,2,1.0,0.0,0.0,5,0.0,0,True,1746969014.06593,left,False
2458,1746969031.6681068,205.95,-21.8557,1.97685,-0.102677,-0.0717605,6419.06,5,50.206,2097.09,2122.05,49.3167,1,2,1.0,0.0,0.0,5,0.0,0,True,1746969014.06593,left,False
2459,1746969031.688392,205.888,-21.9438,1.91757,-0.105267,-0.0731815,6421.73,5,50.226,2098.23,2123.2,49.3164,1,2,1.0,0.0,0.0,5,0.0,0,True,1746969014.06593,left,False
2460,1746969031.7083406,205.831,-21.9585,1.85421,-0.10778,-0.0742219,6428.98,5,50.246,2099.38,2124.34,49.3161,1,2,1.0,0.0,0.0,5,0.0,0,True,1746969014.06593,left,False
2461,1746969031.7288752,205.785,-21.8871,1.7962,-0.110217,-0.0748618,6432.55,5,50.266,2100.52,2125.48,49.3158,1,2,1.0,0.0,0.0,5,0.0,0,True,1746969014.06593,left,False
2462,1746969031.7486994,205.749,-21.7386,1.73389,-0.112577,-0.0750988,6434.32,5,50.286,2101.66,2126.63,49.3155,1,2,1.0,0.0,0.0,5,0.0,0,True,1746969014.06593,left,False
2463,1746969031.7691746,205.722,-21.5136,1.66514,-0.114864,-0.0749267,6438.8,5,50.306,2102.8,2127.77,49.3152,1,2,1.0,0.0,0.0,5,0.0,0,True,1746969014.06593,left,False
2464,1746969031.787207,205.705,-21.2002,1.60195,-0.117078,-0.0743211,6442.68,5,50.326,2103.95,2128.91,49.3149,1,2,1.0,0.0,0.0,5,0.0,0,True,1746969014.06593,left,False
2465,1746969031.807861,205.697,-20.8103,1.53614,-0.11922,-0.0732878,6446.78,5,50.346,2105.09,2130.05,49.3146,1,2,1.0,0.0,0.0,5,0.0,0,True,1746969014.06593,left,False
2466,1746969031.8283162,205.703,-20.3294,1.47696,-0.121295,-0.0718139,6446.07,5,50.366,2106.23,2131.19,49.3143,1,2,1.0,0.0,0.0,5,0.0,0,True,1746969014.06593,left,False
2467,1746969031.847312,205.718,-19.7703,1.41993,-0.123305,-0.0699018,6446.29,5,50.386,2107.37,2132.33,49.314,1,2,1.0,0.0,0.0,5,0.0,0,True,1746969014.06593,left,False
2468,1746969031.8684216,205.746,-19.134,1.35847,-0.125256,-0.06757,6441.56,5,50.406,2108.51,2133.47,49.3137,1,2,1.0,0.0,0.0,5,0.0,0,True,1746969014.06593,left,False
2469,1746969031.8896866,205.782,-18.4225,1.3073,-0.127144,-0.0648177,6436.26,5,50.426,2109.65,2134.61,49.3134,1,2,1.0,0.0,0.0,5,0.0,0,True,1746969014.06593,left,False
2470,1746969031.9070473,205.828,-17.6406,1.2606,-0.128979,-0.0616677,6428.8,5,50.446,2110.79,2135.76,49.3131,1,2,1.0,0.0,0.0,5,0.0,0,True,1746969014.06593,left,False
2471,1746969031.9283721,205.881,-16.7965,1.21359,-0.130766,-0.0581363,6419.13,5,50.466,2111.93,2136.9,49.3128,1,2,1.0,0.0,0.0,5,0.0,0,True,1746969014.06593,left,False
2472,1746969031.9488118,205.939,-15.9004,1.17151,-0.132511,-0.0542534,6412.18,5,50.486,2113.07,2138.03,49.3125,1,2,1.0,0.0,0.0,5,0.0,0,True,1746969014.06593,right,False
2473,1746969031.9677396,206.002,-14.9551,1.1347,-0.134222,-0.050031,6402.76,5,50.506,2114.21,2139.17,49.3122,1,2,1.0,0.0,0.0,5,0.0,0,True,1746969014.06593,right,False
2474,1746969031.9884684,206.071,-13.9675,1.10458,-0.135905,-0.0455197,6391.52,5,50.526,2115.35,2140.31,49.3119,1,2,1.0,0.0,0.0,5,0.0,0,True,1746969014.06593,right,False
2475,1746969032.0098205,206.141,-12.9551,1.08446,-0.137571,-0.0407437,6380.37,5,50.546,2116.49,2141.45,49.3115,1,2,1.0,0.0,0.0,5,0.0,0,True,1746969014.06593,right,False
2476,1746969032.0280352,206.211,-11.9236,1.07129,-0.139231,-0.0357392,6371.63,5,50.566,2117.63,2142.59,49.3112,1,2,1.0,0.0,0.0,5,0.0,0,True,1746969014.06593,right,False
2477,1746969032.0497208,206.28,-10.8853,1.06417,-0.140896,-0.0305374,6362.49,5,50.586,2118.77,2143.73,49.3109,1,2,1.0,0.0,0.0,5,0.0,0,True,1746969014.06593,right,False
2478,1746969032.068879,206.349,-9.8482,1.05995,-0.14258,-0.0251706,6354.86,5,50.606,2119.91,2144.87,49.3106,1,2,1.0,0.0,0.0,5,0.0,0,True,1746969014.06593,right,False
2479,1746969032.0881443,206.415,-8.82167,1.07631,-0.144293,-0.0196813,6347.92,5,50.626,2121.05,2146.01,49.3103,1,2,1.0,0.0,0.0,5,0.0,0,True,1746969014.06593,right,False
2480,1746969032.107194,206.48,-7.81777,1.09551,-0.146055,-0.0141047,6341,5,50.646,2122.19,2147.15,49.31,1,2,1.0,0.0,0.0,5,0.0,0,True,1746969014.06593,right,False
2481,1746969032.1275961,206.54,-6.84268,1.1346,-0.147882,-0.00846988,6335.57,5,50.666,2123.32,2148.29,49.3097,1,2,1.0,0.0,0.0,5,0.0,0,True,1746969014.06593,right,False
2482,1746969032.1500652,206.599,-5.90695,1.17961,-0.149786,-0.00281364,6330.24,5,50.686,2124.46,2149.43,49.3094,1,2,1.0,0.0,0.1,5,0.0,0,True,1746969014.06593,right,False
2483,1746969032.1670725,206.654,-5.01611,1.23675,-0.151782,0.00283593,6326.07,5,50.706,2125.6,2150.57,49.3091,1,2,1.0,0.0,0.1,5,0.0,0,True,1746969014.06593,right,False
2484,1746969032.1893108,206.705,-4.17709,1.30435,-0.153894,0.00845211,6323.87,5,50.726,2126.74,2151.71,49.3088,1,2,1.0,0.0,0.1,5,0.0,0,True,1746969014.06593,right,False
2485,1746969032.208854,206.753,-3.39081,1.39182,-0.156132,0.0140168,6320.24,5,50.746,2127.88,2152.85,49.3085,1,2,1.0,0.0,0.1,5,0.0,0,True,1746969014.06593,right,False
2486,1746969032.2296994,206.798,-2.6619,1.49371,-0.158514,0.019509,6318.43,5,50.766,2129.02,2153.99,49.3082,1,2,1.0,0.0,0.1,5,0.0,0,True,1746969014.06593,right,False
2487,1746969032.2484486,206.819,-1.86492,1.59585,-0.161019,0.0242364,6320.78,5,50.786,2130.16,2155.13,49.3079,1,2,1.0,0.0,0.1,5,0.0,0,True,1746969014.06593,right,False
2488,1746969032.2687833,206.828,-1.41858,1.70272,-0.163586,0.0270402,6324.75,5,50.806,2131.3,2156.26,49.3076,1,2,1.0,0.0,0.1,5,0.0,0,True,1746969014.06593,right,False
2489,1746969032.287113,206.836,-1.36336,1.7998,-0.166221,0.0280682,6329.84,5,50.826,2132.44,2157.4,49.3073,1,2,1.0,0.0,0.1,5,0.0,0,True,1746969014.06593,right,False
2490,1746969032.307045,206.842,-1.63282,1.89547,-0.168927,0.0275094,6333.15,5,50.846,2133.58,2158.54,49.307,1,2,1.0,0.0,0.1,5,0.0,0,True,1746969014.06593,right,False
2491,1746969032.3271053,206.844,-2.17424,1.98626,-0.171696,0.0255572,6336.92,5,50.866,2134.72,2159.68,49.3067,1,2,1.0,0.0,0.1,5,0.0,0,True,1746969014.06593,right,False
2492,1746969032.3487678,206.84,-2.93462,2.06955,-0.174522,0.0224206,6341.32,5,50.886,2135.86,2160.82,49.3064,1,2,1.0,0.0,0.1,5,0.0,0,True,1746969014.06593,right,False
2493,1746969032.366767,206.826,-3.8628,2.14325,-0.177386,0.0183093,6347.31,5,50.906,2136.99,2161.96,49.3061,1,2,1.0,0.0,0.1,5,0.0,0,True,1746969014.06593,right,False
2494,1746969032.388001,206.801,-4.91387,2.19816,-0.180284,0.0134351,6353.28,5,50.926,2138.13,2163.1,49.3057,1,2,1.0,0.0,0.1,5,0.0,0,True,1746969014.06593,right,False
2495,1746969032.4070075,206.764,-6.04594,2.24945,-0.183189,0.00796145,6359.72,5,50.946,2139.27,2164.23,49.3054,1,2,1.0,0.0,0.1,5,0.0,0,True,1746969014.06593,right,False
2496,1746969032.4273424,206.712,-7.23534,2.27954,-0.186092,0.00205153,6367.18,5,50.966,2140.41,2165.37,49.3051,1,2,1.0,0.0,0.1,5,0.0,0,True,1746969014.06593,right,False
2497,1746969032.447403,206.646,-8.45406,2.2999,-0.188979,-0.00417549,6376.52,5,50.986,2141.55,2166.51,49.3048,1,2,1.0,0.0,0.1,5,0.0,0,True,1746969014.06593,right,False
2498,1746969032.4681363,206.565,-9.69115,2.29542,-0.19184,-0.010609,6386.42,5,51.006,2142.68,2167.65,49.3045,1,2,1.0,0.0,0.1,5,0.0,0,True,1746969014.06593,right,False
2499,1746969032.4874535,206.471,-10.9272,2.27732,-0.194657,-0.0171774,6397.55,5,51.026,2143.82,2168.78,49.3042,1,2,1.0,0.0,0.1,5,0.0,0,True,1746969014.06593,right,False
2500,1746969032.5086064,206.362,-12.1574,2.24582,-0.197426,-0.0238259,6410.38,5,51.046,2144.96,2169.92,49.3039,1,2,1.0,0.0,0.1,5,0.0,0,True,1746969014.06593,right,False
2501,1746969032.528657,206.241,-13.3747,2.20482,-0.20014,-0.0305198,6422.71,5,51.066,2146.09,2171.06,49.3036,1,2,1.0,0.0,0.1,5,0.0,0,True,1746969014.06593,right,False
2502,1746969032.5487645,206.108,-14.581,2.14981,-0.202791,-0.0372399,6434.3,5,51.086,2147.23,2172.19,49.3033,1,2,1.0,0.0,0.1,5,0.0,0,True,1746969014.06593,right,False
2503,1746969032.567157,205.964,-15.7704,2.08596,-0.205371,-0.0439671,6445.43,5,51.106,2148.36,2173.33,49.303,1,2,1.0,0.0,0.1,5,0.0,0,True,1746969014.06593,right,False
2504,1746969032.589836,205.808,-16.9415,2.0216,-0.207876,-0.0507029,6456.67,5,51.126,2149.5,2174.46,49.3027,1,2,1.0,0.0,0.1,5,0.0,0,True,1746969014.06593,right,False
2505,1746969032.6073525,205.643,-18.0926,1.95179,-0.210299,-0.0574263,6466.31,5,51.146,2150.63,2175.6,49.3024,1,2,1.0,0.0,0.1,5,0.0,0,True,1746969014.06593,right,False
2506,1746969032.6275108,205.464,-19.2348,1.86683,-0.212636,-0.0641244,6479.87,5,51.166,2151.77,2176.73,49.3021,1,2,1.0,0.0,0.1,5,0.0,0,True,1746969014.06593,right,False
2507,1746969032.649366,205.278,-20.3415,1.78554,-0.214886,-0.0707658,6489.46,5,51.186,2152.9,2177.87,49.3018,1,2,1.0,0.0,0.1,5,0.0,0,True,1746969014.06593,right,False
2508,1746969032.6687112,205.085,-21.4223,1.70713,-0.217035,-0.0773566,6497.27,5,51.206,2154.03,2179,49.3015,1,2,1.0,0.0,0.1,5,0.0,0,True,1746969014.06593,right,False
2509,1746969032.688133,204.881,-22.4804,1.61586,-0.219086,-0.0838521,6508.55,5,51.226,2155.17,2180.13,49.3012,1,2,1.0,0.0,0.1,5,0.0,0,True,1746969014.06593,right,False
2510,1746969032.7070596,204.67,-23.5049,1.52735,-0.221033,-0.0902503,6519.12,5,51.246,2156.3,2181.26,49.3009,1,2,1.0,0.0,0.1,5,0.0,0,True,1746969014.06593,right,False
2511,1746969032.728902,204.452,-24.4933,1.43063,-0.222878,-0.0965007,6532.26,5,51.266,2157.43,2182.39,49.3006,1,2,1.0,0.0,0.1,5,0.0,0,True,1746969014.06593,right,False
2512,1746969032.7487223,204.228,-25.4487,1.33188,-0.224613,-0.102623,6544.46,5,51.286,2158.56,2183.53,49.3003,1,2,1.0,0.0,0.1,5,0.0,0,True,1746969014.06593,right,False
2513,1746969032.767021,204.003,-26.3521,1.23647,-0.226239,-0.10857,6555.05,5,51.306,2159.69,2184.66,49.2999,1,2,1.0,0.0,0.1,5,0.0,0,True,1746969014.06593,right,False
2514,1746969032.7879896,203.773,-27.2049,1.14371,-0.227747,-0.114314,6569.96,5,51.326,2160.82,2185.78,49.2996,1,2,1.0,0.0,0.1,5,0.0,0,True,1746969014.06593,right,False
2515,1746969032.80678,203.543,-28.013,1.04242,-0.229142,-0.119849,6581.45,5,51.346,2161.95,2186.91,49.2993,1,2,1.0,0.0,0.1,5,0.0,0,True,1746969014.06593,right,False
2516,1746969032.8287542,203.312,-28.7691,0.940858,-0.23042,-0.125151,6594.76,5,51.366,2163.08,2188.04,49.299,1,2,1.0,0.0,0.1,5,0.0,0,True,1746969014.06593,right,False
2517,1746969032.8488991,203.085,-29.461,0.844495,-0.231582,-0.130203,6606.05,5,51.386,2164.2,2189.17,49.2987,1,2,1.0,0.0,0.1,5,0.0,0,True,1746969014.06593,right,False
2518,1746969032.8670652,202.86,-30.0857,0.746058,-0.232617,-0.134971,6618.71,5,51.406,2165.33,2190.29,49.2984,1,2,1.0,0.0,0.1,5,0.0,0,True,1746969014.06593,right,False
2519,1746969032.889311,202.638,-30.6477,0.6502,-0.233531,-0.139423,6635.7,5,51.426,2166.46,2191.42,49.2981,1,2,1.0,0.0,0.1,5,0.0,0,True,1746969014.06593,right,False
2520,1746969032.9080763,202.423,-31.1404,0.554117,-0.23432,-0.143571,6646.57,5,51.446,2167.58,2192.55,49.2978,1,2,1.0,0.0,0.1,5,0.0,0,True,1746969014.06593,right,False
2521,1746969032.928771,202.215,-31.5618,0.457298,-0.234983,-0.147403,6661.22,5,51.466,2168.71,2193.67,49.2975,1,2,1.0,0.0,0.1,5,0.0,0,True,1746969014.06593,right,False
2522,1746969032.9487083,202.018,-31.9123,0.36288,-0.235516,-0.15092,6669.16,5,51.486,2169.83,2194.79,49.2972,1,2,1.0,0.0,0.1,5,0.0,0,True,1746969014.06593,right,False
2523,1746969032.9678137,201.822,-32.2051,0.262439,-0.235923,-0.154114,6688.1,5,51.506,2170.95,2195.92,49.2969,1,2,1.0,0.0,0.0,5,0.0,0,True,1746969014.06593,left,False
2524,1746969032.9894462,201.639,-32.4184,0.164498,-0.2362,-0.156954,6701.88,5,51.526,2172.07,2197.04,49.2966,1,2,1.0,0.0,0.0,5,0.0,0,True,1746969014.06593,left,False
2525,1746969033.0082939,201.469,-32.5605,0.0650142,-0.236346,-0.159452,6714.12,5,51.546,2173.19,2198.16,49.2963,1,2,1.0,0.0,0.0,5,0.0,0,True,1746969014.06593,left,False
2526,1746969033.027397,201.31,-32.6301,-0.0286869,-0.236367,-0.161608,6723.35,5,51.566,2174.31,2199.28,49.296,1,2,1.0,0.0,0.0,5,0.0,0,True,1746969014.06593,left,False
2527,1746969033.0493336,201.163,-32.6221,-0.120904,-0.236255,-0.163415,6734.78,5,51.586,2175.43,2200.4,49.2957,1,2,1.0,0.0,0.0,5,0.0,0,True,1746969014.06593,left,False
2528,1746969033.0682907,201.049,-32.5663,-0.215896,-0.236015,-0.164773,6749.91,5,51.606,2176.55,2201.52,49.2954,1,2,1.0,0.0,0.0,5,0.0,0,True,1746969014.06593,left,False
2529,1746969033.08893,200.97,-32.409,-0.31465,-0.235657,-0.165535,6751.69,5,51.626,2177.67,2202.63,49.2951,1,2,1.0,0.0,0.0,5,0.0,0,True,1746969014.06593,left,False
2530,1746969033.109542,200.923,-32.1261,-0.401285,-0.235183,-0.165708,6738.01,5,51.646,2178.79,2203.75,49.2948,1,2,1.0,0.0,0.0,5,0.0,0,True,1746969014.06593,left,False
2531,1746969033.1287558,200.893,-31.7238,-0.491976,-0.234591,-0.165297,6730.96,5,51.666,2179.9,2204.87,49.2945,1,2,1.0,0.0,0.0,5,0.0,0,True,1746969014.06593,left,False
2532,1746969033.1493118,200.89,-31.2068,-0.573562,-0.233881,-0.164318,6712.07,5,51.686,2181.02,2205.99,49.2942,1,2,1.0,0.0,0.0,5,0.0,0,True,1746969014.06593,left,False
2533,1746969033.1688132,200.906,-30.5815,-0.660341,-0.233048,-0.162767,6694.4,5,51.706,2182.14,2207.1,49.2938,1,2,1.0,0.0,0.0,5,0.0,0,True,1746969014.06593,left,False
2534,1746969033.187028,200.947,-29.8498,-0.747931,-0.232104,-0.160669,6668.14,5,51.726,2183.25,2208.22,49.2935,1,2,1.0,0.0,0.0,5,0.0,0,True,1746969014.06593,left,False
2535,1746969033.207499,200.997,-29.018,-0.834814,-0.231047,-0.158021,6649.68,5,51.746,2184.37,2209.33,49.2932,1,2,1.0,0.0,0.0,5,0.0,0,True,1746969014.06593,left,False
2536,1746969033.2314227,201.072,-28.0742,-0.915116,-0.229873,-0.154821,6621.63,5,51.766,2185.48,2210.45,49.2929,1,2,1.0,0.0,0.0,5,0.0,0,True,1746969014.06593,left,False
2537,1746969033.2495222,201.156,-27.0364,-0.994929,-0.228591,-0.151096,6599.5,5,51.786,2186.6,2211.56,49.2926,1,2,1.0,0.0,0.0,5,0.0,0,True,1746969014.06593,left,False
2538,1746969033.2679574,201.257,-25.9045,-1.07217,-0.227203,-0.14685,6574.25,5,51.806,2187.71,2212.68,49.2923,1,2,1.0,0.0,0.0,5,0.0,0,True,1746969014.06593,left,False
2539,1746969033.287474,201.37,-24.6842,-1.14921,-0.225712,-0.142118,6547.06,5,51.826,2188.83,2213.79,49.292,1,2,1.0,0.0,0.0,5,0.0,0,True,1746969014.06593,left,False
2540,1746969033.307422,201.487,-23.3897,-1.22555,-0.224121,-0.136917,6526.48,5,51.846,2189.94,2214.91,49.2917,1,2,1.0,0.0,0.0,5,0.0,0,True,1746969014.06593,left,False
2541,1746969033.327293,201.617,-22.01,-1.29981,-0.222443,-0.131224,6501.55,5,51.866,2191.06,2216.02,49.2914,1,2,1.0,0.0,0.0,5,0.0,0,True,1746969014.06593,left,False
2542,1746969033.3478694,201.756,-20.5612,-1.36642,-0.220677,-0.125103,6470.86,5,51.886,2192.17,2217.13,49.2911,1,2,1.0,0.0,0.0,5,0.0,0,True,1746969014.06593,left,False
2543,1746969033.3682356,201.9,-19.0555,-1.43153,-0.218835,-0.118581,6438.72,5,51.906,2193.28,2218.25,49.2908,1,2,1.0,0.0,0.0,5,0.0,0,True,1746969014.06593,left,False
2544,1746969033.3898184,202.046,-17.5039,-1.48824,-0.216925,-0.111698,6407.26,5,51.926,2194.4,2219.36,49.2905,1,2,1.0,0.0,0.0,5,0.0,0,True,1746969014.06593,left,False
2545,1746969033.4088895,202.19,-15.9205,-1.54124,-0.214958,-0.104504,6377.13,5,51.946,2195.51,2220.48,49.2902,1,2,1.0,0.0,0.0,5,0.0,0,True,1746969014.06593,left,False
2546,1746969033.4283383,202.331,-14.3171,-1.58603,-0.212948,-0.0970429,6348.4,5,51.966,2196.63,2221.59,49.2899,1,2,1.0,0.0,0.0,5,0.0,0,True,1746969014.06593,right,False
2547,1746969033.448549,202.466,-12.7136,-1.62129,-0.210909,-0.0893815,6320.08,5,51.986,2197.74,2222.71,49.2896,1,2,1.0,0.0,0.0,5,0.0,0,True,1746969014.06593,right,False
2548,1746969033.467205,202.594,-11.1284,-1.64982,-0.208858,-0.0815843,6294.83,5,52.006,2198.86,2223.82,49.2893,1,2,1.0,0.0,0.0,5,0.0,0,True,1746969014.06593,right,False
2549,1746969033.4872139,202.712,-9.57946,-1.66894,-0.206814,-0.0737131,6275.79,5,52.026,2199.97,2224.94,49.289,1,2,1.0,0.0,0.0,5,0.0,0,True,1746969014.06593,right,False
2550,1746969033.50751,202.822,-8.08249,-1.66614,-0.204795,-0.0658401,6255.69,5,52.046,2201.09,2226.05,49.2887,1,2,1.0,0.0,0.0,5,0.0,0,True,1746969014.06593,right,False
2551,1746969033.5279036,202.919,-6.66178,-1.65705,-0.202824,-0.0580381,6242.49,5,52.066,2202.2,2227.17,49.2884,1,2,1.0,0.0,0.0,5,0.0,0,True,1746969014.06593,right,False
2552,1746969033.5484555,203.006,-5.32604,-1.62899,-0.20093,-0.0503529,6232.25,5,52.086,2203.32,2228.28,49.288,1,2,1.0,0.0,0.0,5,0.0,0,True,1746969014.06593,right,False
2553,1746969033.5689266,203.085,-4.08615,-1.57958,-0.199127,-0.0428379,6223.98,5,52.106,2204.44,2229.4,49.2877,1,2,1.0,0.0,0.0,5,0.0,0,True,1746969014.06593,right,False
2554,1746969033.5888848,203.156,-2.95239,-1.51328,-0.197447,-0.0355313,6218.09,5,52.126,2205.55,2230.52,49.2874,1,2,1.0,0.0,0.0,5,0.0,0,True,1746969014.06593,right,False
2555,1746969033.6085763,203.219,-1.92717,-1.43036,-0.195909,-0.0284584,6215.29,5,52.146,2206.67,2231.64,49.2871,1,2,1.0,0.0,0.0,5,0.0,0,True,1746969014.06593,right,False
2556,1746969033.6274216,203.277,-1.01027,-1.32517,-0.194539,-0.0216392,6212.13,5,52.166,2207.79,2232.75,49.2868,1,2,1.0,0.0,0.1,5,0.0,0,True,1746969014.06593,right,False
2557,1746969033.6488817,203.329,-0.201994,-1.20167,-0.193351,-0.0150874,6212.11,5,52.186,2208.91,2233.87,49.2865,1,2,1.0,0.0,0.1,5,0.0,0,True,1746969014.06593,right,False
2558,1746969033.6689508,203.378,0.502237,-1.05296,-0.192373,-0.00880653,6210.73,5,52.206,2210.03,2234.99,49.2862,1,2,1.0,0.0,0.1,5,0.0,0,True,1746969014.06593,right,False
2559,1746969033.688587,203.423,1.10684,-0.89631,-0.191618,-0.00280029,6210.83,5,52.226,2211.15,2236.11,49.2859,1,2,1.0,0.0,0.1,5,0.0,0,True,1746969014.06593,right,False
2560,1746969033.7103863,203.468,1.61663,-0.706299,-0.191099,0.00293368,6208.83,5,52.246,2212.27,2237.23,49.2856,1,2,1.0,0.0,0.1,5,0.0,0,True,1746969014.06593,right,False
2561,1746969033.7285566,203.495,2.19498,-0.518583,-0.190788,0.00759762,6212.6,5,52.266,2213.39,2238.35,49.2853,1,2,1.0,0.0,0.1,5,0.0,0,True,1746969014.06593,right,False
2562,1746969033.74927,203.52,2.34801,-0.334627,-0.190605,0.00982016,6216.6,5,52.286,2214.51,2239.47,49.285,1,2,1.0,0.0,0.1,5,0.0,0,True,1746969014.06593,right,False
2563,1746969033.767426,203.55,2.04041,-0.161407,-0.190552,0.00980585,6221.22,5,52.306,2215.63,2240.59,49.2847,1,2,1.0,0.0,0.1,5,0.0,0,True,1746969014.06593,right,False
2564,1746969033.7873328,203.582,1.35695,0.00072241,-0.190625,0.00783795,6225.96,5,52.326,2216.75,2241.71,49.2844,1,2,1.0,0.0,0.1,5,0.0,0,True,1746969014.06593,right,False
2565,1746969033.8085022,203.613,0.380073,0.162403,-0.190802,0.00419491,6228.75,5,52.346,2217.87,2242.83,49.2841,1,2,1.0,0.0,0.1,5,0.0,0,True,1746969014.06593,right,False
2566,1746969033.8289492,203.634,-0.824055,0.30041,-0.191071,-0.000829999,6233.42,5,52.366,2218.99,2243.95,49.2838,1,2,1.0,0.0,0.1,5,0.0,0,True,1746969014.06593,right,False
2567,1746969033.849842,203.642,-2.18847,0.420931,-0.191398,-0.00694114,6239.08,5,52.386,2220.11,2245.07,49.2835,1,2,1.0,0.0,0.1,5,0.0,0,True,1746969014.06593,right,False
2568,1746969033.8686068,203.634,-3.65745,0.516779,-0.191766,-0.0138696,6245.55,5,52.406,2221.23,2246.19,49.2832,1,2,1.0,0.0,0.1,5,0.0,0,True,1746969014.06593,right,False
2569,1746969033.8867552,203.606,-5.18714,0.589324,-0.192145,-0.0213788,6253.5,5,52.426,2222.35,2247.31,49.2829,1,2,1.0,0.0,0.1,5,0.0,0,True,1746969014.06593,right,False
2570,1746969033.9085934,203.558,-6.74356,0.63227,-0.192519,-0.0292614,6263.62,5,52.446,2223.47,2248.43,49.2826,1,2,1.0,0.0,0.1,5,0.0,0,True,1746969014.06593,right,False
2571,1746969033.9284198,203.489,-8.30562,0.641153,-0.192869,-0.0373562,6277.15,5,52.466,2224.59,2249.55,49.2822,1,2,1.0,0.0,0.1,5,0.0,0,True,1746969014.06593,right,False
2572,1746969033.9478788,203.399,-9.85484,0.629708,-0.193182,-0.0455392,6293.42,5,52.486,2225.71,2250.68,49.2819,1,2,1.0,0.0,0.1,5,0.0,0,True,1746969014.06593,right,False
2573,1746969033.968845,203.289,-11.3783,0.600585,-0.193447,-0.0537232,6311.83,5,52.506,2226.83,2251.8,49.2816,1,2,1.0,0.0,0.1,5,0.0,0,True,1746969014.06593,right,False
2574,1746969033.9892569,203.16,-12.8675,0.5492,-0.193654,-0.061848,6334.62,5,52.526,2227.95,2252.92,49.2813,1,2,1.0,0.0,0.1,5,0.0,0,True,1746969014.06593,right,False
2575,1746969034.0088263,203.016,-14.3185,0.481835,-0.193799,-0.0698798,6357.57,5,52.546,2229.07,2254.04,49.281,1,2,1.0,0.0,0.1,5,0.0,0,True,1746969014.06593,right,False
2576,1746969034.0278928,202.859,-15.7309,0.401585,-0.193874,-0.0778163,6379.03,5,52.566,2230.19,2255.16,49.2807,1,2,1.0,0.0,0.1,5,0.0,0,True,1746969014.06593,right,False
2577,1746969034.0495358,202.688,-17.1089,0.310657,-0.193872,-0.0856612,6398.56,5,52.586,2231.31,2256.27,49.2804,1,2,1.0,0.0,0.1,5,0.0,0,True,1746969014.06593,right,False
2578,1746969034.0681725,202.506,-18.4491,0.215442,-0.193789,-0.0934294,6416.81,5,52.606,2232.43,2257.39,49.2801,1,2,1.0,0.0,0.1,5,0.0,0,True,1746969014.06593,right,False
2579,1746969034.0868175,202.314,-19.7604,0.111899,-0.193618,-0.101117,6431.71,5,52.626,2233.55,2258.51,49.2798,1,2,1.0,0.0,0.1,5,0.0,0,True,1746969014.06593,right,False
2580,1746969034.1074169,202.115,-21.0293,0.0200276,-0.193353,-0.108747,6438.24,5,52.646,2234.67,2259.63,49.2795,1,2,1.0,0.0,0.1,5,0.0,0,True,1746969014.06593,right,False
2581,1746969034.1289194,201.902,-22.2757,-0.0820215,-0.192987,-0.116293,6448.99,5,52.666,2235.78,2260.75,49.2792,1,2,1.0,0.0,0.1,5,0.0,0,True,1746969014.06593,right,False
2582,1746969034.1491194,201.684,-23.482,-0.186036,-0.192517,-0.123739,6455.69,5,52.686,2236.9,2261.87,49.2789,1,2,1.0,0.0,0.1,5,0.0,0,True,1746969014.06593,right,False
2583,1746969034.1675975,201.454,-24.6606,-0.291201,-0.191937,-0.13109,6462.35,5,52.706,2238.02,2262.98,49.2786,1,2,1.0,0.0,0.1,5,0.0,0,True,1746969014.06593,right,False
2584,1746969034.1869164,201.216,-25.791,-0.389925,-0.191243,-0.138326,6469.49,5,52.726,2239.14,2264.1,49.2783,1,2,1.0,0.0,0.1,5,0.0,0,True,1746969014.06593,right,False
2585,1746969034.208498,200.969,-26.89,-0.494807,-0.190432,-0.145417,6478.81,5,52.746,2240.25,2265.22,49.278,1,2,1.0,0.0,0.1,5,0.0,0,True,1746969014.06593,right,False
2586,1746969034.2273397,200.718,-27.9353,-0.595247,-0.189498,-0.152315,6485.43,5,52.766,2241.37,2266.33,49.2777,1,2,1.0,0.0,0.1,5,0.0,0,True,1746969014.06593,right,False
2587,1746969034.2498922,200.461,-28.9422,-0.707547,-0.188444,-0.159039,6494.95,5,52.786,2242.48,2267.45,49.2774,1,2,1.0,0.0,0.1,5,0.0,0,True,1746969014.06593,right,False
2588,1746969034.267749,200.2,-29.8865,-0.808624,-0.187264,-0.165525,6508.03,5,52.806,2243.6,2268.56,49.2771,1,2,1.0,0.0,0.1,5,0.0,0,True,1746969014.06593,right,False
2589,1746969034.2872298,199.936,-30.7742,-0.91294,-0.185954,-0.171749,6520.91,5,52.826,2244.71,2269.67,49.2768,1,2,1.0,0.0,0.1,5,0.0,0,True,1746969014.06593,right,False
2590,1746969034.3073895,199.671,-31.6019,-1.01746,-0.184515,-0.177721,6539.62,5,52.846,2245.82,2270.79,49.2765,1,2,1.0,0.0,0.1,5,0.0,0,True,1746969014.06593,right,False
2591,1746969034.328965,199.407,-32.3674,-1.12498,-0.182949,-0.183392,6559.47,5,52.866,2246.93,2271.9,49.2761,1,2,1.0,0.0,0.1,5,0.0,0,True,1746969014.06593,right,False
2592,1746969034.3487346,199.147,-33.0643,-1.22856,-0.18125,-0.188753,6578.55,5,52.886,2248.05,2273.01,49.2758,1,2,1.0,0.0,0.1,5,0.0,0,True,1746969014.06593,right,False
2593,1746969034.3675017,198.894,-33.6916,-1.3316,-0.179421,-0.193815,6595.32,5,52.906,2249.16,2274.12,49.2755,1,2,1.0,0.0,0.1,5,0.0,0,True,1746969014.06593,right,False
2594,1746969034.3877635,198.646,-34.2568,-1.4441,-0.177456,-0.198535,6614.8,5,52.926,2250.27,2275.23,49.2752,1,2,1.0,0.0,0.1,5,0.0,0,True,1746969014.06593,right,False
2595,1746969034.4074051,198.404,-34.7399,-1.54846,-0.175354,-0.202903,6637.23,5,52.946,2251.38,2276.34,49.2749,1,2,1.0,0.0,0.1,5,0.0,0,True,1746969014.06593,right,False
2596,1746969034.4288027,198.175,-35.1437,-1.64807,-0.17312,-0.206899,6652.34,5,52.966,2252.48,2277.45,49.2746,1,2,1.0,0.0,0.1,5,0.0,0,True,1746969014.06593,right,False
2597,1746969034.447407,197.956,-35.4726,-1.7575,-0.170748,-0.210524,6672.62,5,52.986,2253.59,2278.56,49.2743,1,2,1.0,0.0,0.1,5,0.0,0,True,1746969014.06593,right,False
2598,1746969034.4686964,197.751,-35.7272,-1.85794,-0.168239,-0.213785,6687.88,5,53.006,2254.7,2279.66,49.274,1,2,1.0,0.0,0.1,5,0.0,0,True,1746969014.06593,right,False
2599,1746969034.4887185,197.561,-35.8974,-1.95807,-0.165592,-0.216674,6698.31,5,53.026,2255.8,2280.77,49.2737,1,2,1.0,0.0,0.1,5,0.0,0,True,1746969014.06593,right,False
2600,1746969034.5088544,197.374,-36.0057,-2.0629,-0.162805,-0.219203,6722.17,5,53.046,2256.91,2281.87,49.2734,1,2,1.0,0.0,0.1,5,0.0,0,True,1746969014.06593,right,False
2601,1746969034.5289397,197.209,-36.0306,-2.16788,-0.159884,-0.221343,6734.73,5,53.066,2258.01,2282.98,49.2731,1,2,1.0,0.0,0.1,5,0.0,0,True,1746969014.06593,right,False
2602,1746969034.5492656,197.059,-35.9725,-2.26457,-0.15682,-0.222839,6744.34,5,53.086,2259.12,2284.08,49.2728,1,2,1.0,0.0,0.1,5,0.0,0,True,1746969014.06593,right,False
2603,1746969034.566968,196.938,-35.8295,-2.34756,-0.153654,-0.223526,6735.56,5,53.106,2260.22,2285.18,49.2725,1,2,1.0,0.0,0.1,5,0.0,0,True,1746969014.06593,right,False
2604,1746969034.5879073,196.821,-35.654,-2.44325,-0.150398,-0.223929,6735.44,5,53.126,2261.32,2286.28,49.2722,1,2,1.0,0.0,0.1,5,0.0,0,True,1746969014.06593,right,False
2605,1746969034.607935,196.71,-35.413,-2.53183,-0.147055,-0.224085,6739.76,5,53.146,2262.42,2287.38,49.2719,1,2,1.0,0.0,0.1,5,0.0,0,True,1746969014.06593,right,False
2606,1746969034.627525,196.618,-35.0896,-2.60663,-0.143616,-0.223915,6735.36,5,53.166,2263.52,2288.48,49.2716,1,2,1.0,0.0,0.1,5,0.0,0,True,1746969014.06593,right,False
2607,1746969034.6476734,196.54,-34.6713,-2.67682,-0.140074,-0.223291,6737.71,5,53.186,2264.62,2289.58,49.2713,1,2,1.0,0.0,0.1,5,0.0,0,True,1746969014.06593,right,False
2608,1746969034.6680174,196.483,-34.1644,-2.74385,-0.136433,-0.222225,6729.96,5,53.206,2265.71,2290.68,49.271,1,2,1.0,0.0,0.1,5,0.0,0,True,1746969014.06593,right,False
2609,1746969034.6881108,196.429,-33.5891,-2.80914,-0.132689,-0.220757,6739.72,5,53.226,2266.81,2291.78,49.2707,1,2,1.0,0.0,0.1,5,0.0,0,True,1746969014.06593,right,False
2610,1746969034.7083282,196.392,-32.9248,-2.88262,-0.128848,-0.218814,6749.24,5,53.246,2267.91,2292.87,49.2703,1,2,1.0,0.0,0.1,5,0.0,0,True,1746969014.06593,right,False
2611,1746969034.728016,196.38,-32.1671,-2.94228,-0.124906,-0.216449,6747.26,5,53.266,2269,2293.97,49.27,1,2,1.0,0.0,0.1,5,0.0,0,True,1746969014.06593,right,False
2612,1746969034.7486174,196.376,-31.3403,-3.00253,-0.120865,-0.213676,6749.81,5,53.286,2270.1,2295.06,49.2697,1,2,1.0,0.0,0.1,5,0.0,0,True,1746969014.06593,right,False
2613,1746969034.7683713,196.382,-30.4435,-3.06845,-0.116729,-0.210494,6760.44,5,53.306,2271.19,2296.16,49.2694,1,2,1.0,0.0,0.1,5,0.0,0,True,1746969014.06593,right,False
2614,1746969034.7886953,196.413,-29.4667,-3.12265,-0.112495,-0.206941,6750.71,5,53.326,2272.29,2297.25,49.2691,1,2,1.0,0.0,0.1,5,0.0,0,True,1746969014.06593,right,False
2615,1746969034.807945,196.451,-28.4367,-3.18784,-0.108167,-0.203045,6746.72,5,53.346,2273.38,2298.35,49.2688,1,2,1.0,0.0,0.1,5,0.0,0,True,1746969014.06593,right,False
2616,1746969034.8273325,196.502,-27.3471,-3.253,-0.103747,-0.198803,6736.72,5,53.366,2274.48,2299.44,49.2685,1,2,1.0,0.0,0.1,5,0.0,0,True,1746969014.06593,right,False
2617,1746969034.8487813,196.567,-26.201,-3.30701,-0.0992371,-0.19426,6720.04,5,53.386,2275.57,2300.53,49.2682,1,2,1.0,0.0,0.1,5,0.0,0,True,1746969014.06593,right,False
2618,1746969034.8677907,196.637,-25.0203,-3.37321,-0.0946401,-0.189442,6707.35,5,53.406,2276.66,2301.63,49.2679,1,2,1.0,0.0,0.1,5,0.0,0,True,1746969014.06593,right,False
2619,1746969034.886852,196.719,-23.7922,-3.43455,-0.0899607,-0.18437,6684.21,5,53.426,2277.75,2302.72,49.2676,1,2,1.0,0.0,0.1,5,0.0,0,True,1746969014.06593,right,False
2620,1746969034.9075687,196.804,-22.5391,-3.49072,-0.0852041,-0.179083,6663.42,5,53.446,2278.85,2303.81,49.2673,1,2,1.0,0.0,0.1,5,0.0,0,True,1746969014.06593,right,False
2621,1746969034.9280815,196.897,-21.2641,-3.55013,-0.0803711,-0.173623,6634.21,5,53.466,2279.94,2304.9,49.267,1,2,1.0,0.0,0.1,5,0.0,0,True,1746969014.06593,right,False
2622,1746969034.948896,196.999,-19.9723,-3.60041,-0.0754659,-0.168042,6594.3,5,53.486,2281.03,2306,49.2667,1,2,1.0,0.0,0.1,5,0.0,0,True,1746969014.06593,right,False
2623,1746969034.9705076,197.094,-18.6865,-3.65454,-0.0704966,-0.162371,6564.29,5,53.506,2282.12,2307.09,49.2664,1,2,1.0,0.0,0.1,5,0.0,0,True,1746969014.06593,right,False
2624,1746969034.9871042,197.2,-17.4047,-3.70006,-0.0654683,-0.156664,6518.4,5,53.526,2283.22,2308.18,49.2661,1,2,1.0,0.0,0.1,5,0.0,0,True,1746969014.06593,right,False
2625,1746969035.01057,197.302,-16.1493,-3.74472,-0.0603861,-0.150999,6476.77,5,53.546,2284.31,2309.27,49.2658,1,2,1.0,0.0,0.1,5,0.0,0,True,1746969014.06593,right,False
2626,1746969035.0266454,197.396,-14.9352,-3.79175,-0.0552582,-0.145421,6442.05,5,53.566,2285.4,2310.37,49.2655,1,2,1.0,0.0,0.1,5,0.0,0,True,1746969014.06593,right,False
2627,1746969035.0487819,197.487,-13.7737,-3.83635,-0.0500926,-0.140003,6405.57,5,53.586,2286.5,2311.46,49.2652,1,2,1.0,0.0,0.2,5,0.0,0,True,1746969014.06593,right,False
2628,1746969035.0677192,197.582,-12.6676,-3.85703,-0.0448975,-0.134829,6356.01,5,53.606,2287.59,2312.56,49.2649,1,2,1.0,0.0,0.2,5,0.0,0,True,1746969014.06593,right,False
2629,1746969035.0894682,197.667,-11.6536,-3.8864,-0.0396759,-0.129985,6316.66,5,53.626,2288.69,2313.65,49.2645,1,2,1.0,0.0,0.2,5,0.0,0,True,1746969014.06593,right,False
2630,1746969035.107465,197.745,-10.7354,-3.91039,-0.0344401,-0.125548,6279.27,5,53.646,2289.78,2314.74,49.2642,1,2,1.0,0.0,0.2,5,0.0,0,True,1746969014.06593,right,False
2631,1746969035.1284282,197.813,-9.92764,-3.92617,-0.0291952,-0.12157,6247.47,5,53.666,2290.88,2315.84,49.2639,1,2,1.0,0.0,0.2,5,0.0,0,True,1746969014.06593,right,False
2632,1746969035.1500075,197.842,-9.20001,-3.93418,-0.02394,-0.118276,6227.16,5,53.686,2291.97,2316.94,49.2636,1,2,1.0,0.0,0.2,5,0.0,0,True,1746969014.06593,right,False
2633,1746969035.1684794,197.848,-8.66808,-3.94552,-0.0186605,-0.115994,6217.38,5,53.706,2293.07,2318.03,49.2633,1,2,1.0,0.0,0.2,5,0.0,0,True,1746969014.06593,right,False
2634,1746969035.1874154,197.846,-8.34586,-3.94767,-0.0133606,-0.114744,6207.04,5,53.726,2294.16,2319.13,49.263,1,2,1.0,0.0,0.2,5,0.0,0,True,1746969014.06593,right,False
2635,1746969035.2074945,197.832,-8.2223,-3.95045,-0.00804036,-0.114485,6203.85,5,53.746,2295.26,2320.22,49.2627,1,2,1.0,0.0,0.2,5,0.0,0,True,1746969014.06593,right,False
2636,1746969035.228101,197.811,-8.28326,-3.95226,-0.00270284,-0.11516,6200.86,5,53.766,2296.36,2321.32,49.2624,1,2,1.0,0.0,0.2,5,0.0,0,True,1746969014.06593,right,False
2637,1746969035.2494545,197.779,-8.51438,-3.95603,0.00265503,-0.116712,6201.07,5,53.786,2297.45,2322.42,49.2621,1,2,1.0,0.0,0.2,5,0.0,0,True,1746969014.06593,right,False
2638,1746969035.268643,197.74,-8.88767,-3.9596,0.00803935,-0.119044,6201.45,5,53.806,2298.55,2323.52,49.2618,1,2,1.0,0.0,0.2,5,0.0,0,True,1746969014.06593,right,False
2639,1746969035.2884326,197.69,-9.38658,-3.96077,0.0134511,-0.122092,6203.21,5,53.826,2299.65,2324.61,49.2615,1,2,1.0,0.0,0.2,5,0.0,0,True,1746969014.06593,right,False
2640,1746969035.3073852,197.628,-10.0063,-3.97458,0.0188945,-0.12578,6207.5,5,53.846,2300.75,2325.71,49.2612,1,2,1.0,0.0,0.2,5,0.0,0,True,1746969014.06593,right,False
2641,1746969035.3271344,197.555,-10.7148,-3.98125,0.0243785,-0.130026,6212.53,5,53.866,2301.84,2326.81,49.2609,1,2,1.0,0.0,0.2,5,0.0,0,True,1746969014.06593,right,False
2642,1746969035.3485854,197.472,-11.4943,-3.99211,0.0299093,-0.134733,6215.22,5,53.886,2302.94,2327.91,49.2606,1,2,1.0,0.0,0.2,5,0.0,0,True,1746969014.06593,right,False
2643,1746969035.3688731,197.373,-12.3496,-4.01312,0.035493,-0.139849,6226.21,5,53.906,2304.04,2329,49.2603,1,2,1.0,0.0,0.2,5,0.0,0,True,1746969014.06593,right,False
2644,1746969035.388191,197.264,-13.2455,-4.03576,0.0411306,-0.145291,6232.02,5,53.926,2305.14,2330.1,49.26,1,2,1.0,0.0,0.2,5,0.0,0,True,1746969014.06593,right,False
2645,1746969035.4074516,197.143,-14.1889,-4.0666,0.0468323,-0.151035,6237.33,5,53.946,2306.23,2331.2,49.2597,1,2,1.0,0.0,0.2,5,0.0,0,True,1746969014.06593,right,False
2646,1746969035.4285038,197.006,-15.1752,-4.10769,0.0525991,-0.157015,6249.94,5,53.966,2307.33,2332.3,49.2594,1,2,1.0,0.0,0.2,5,0.0,0,True,1746969014.06593,right,False
2647,1746969035.4491208,196.855,-16.1816,-4.14549,0.0584371,-0.163188,6261.53,5,53.986,2308.43,2333.39,49.2591,1,2,1.0,0.0,0.2,5,0.0,0,True,1746969014.06593,right,False
2648,1746969035.4673963,196.695,-17.2007,-4.19592,0.0643483,-0.169485,6270.59,5,54.006,2309.53,2334.49,49.2588,1,2,1.0,0.0,0.2,5,0.0,0,True,1746969014.06593,right,False
2649,1746969035.4871159,196.518,-18.2395,-4.24801,0.0703369,-0.175917,6285.11,5,54.026,2310.63,2335.59,49.2584,1,2,1.0,0.0,0.2,5,0.0,0,True,1746969014.06593,right,False
2650,1746969035.5076604,196.333,-19.2793,-4.30457,0.0764058,-0.182427,6294.96,5,54.046,2311.72,2336.69,49.2581,1,2,1.0,0.0,0.2,5,0.0,0,True,1746969014.06593,right,False
2651,1746969035.5288174,196.136,-20.3178,-4.3636,0.0825562,-0.188988,6305.39,5,54.066,2312.82,2337.78,49.2578,1,2,1.0,0.0,0.2,5,0.0,0,True,1746969014.06593,right,False
2652,1746969035.5501254,195.925,-21.3615,-4.43026,0.0887939,-0.195582,6319.99,5,54.086,2313.92,2338.88,49.2575,1,2,1.0,0.0,0.2,5,0.0,0,True,1746969014.06593,right,False
2653,1746969035.5679374,195.702,-22.3986,-4.50181,0.0951182,-0.202163,6337.43,5,54.106,2315.01,2339.98,49.2572,1,2,1.0,0.0,0.2,5,0.0,0,True,1746969014.06593,right,False
2654,1746969035.5889475,195.473,-23.4099,-4.57132,0.101533,-0.2087,6349.9,5,54.126,2316.11,2341.07,49.2569,1,2,1.0,0.0,0.2,5,0.0,0,True,1746969014.06593,right,False
2655,1746969035.6076083,195.239,-24.3924,-4.63702,0.108041,-0.215177,6358.3,5,54.146,2317.2,2342.17,49.2566,1,2,1.0,0.0,0.2,5,0.0,0,True,1746969014.06593,right,False
2656,1746969035.628892,194.991,-25.3663,-4.71596,0.114642,-0.221556,6376.1,5,54.166,2318.3,2343.26,49.2563,1,2,1.0,0.0,0.2,5,0.0,0,True,1746969014.06593,right,False
2657,1746969035.648751,194.742,-26.2978,-4.78665,0.121341,-0.227845,6385.79,5,54.186,2319.4,2344.36,49.256,1,2,1.0,0.0,0.2,5,0.0,0,True,1746969014.06593,right,False
2658,1746969035.6680057,194.485,-27.2127,-4.87099,0.128137,-0.234001,6400.05,5,54.206,2320.49,2345.45,49.2557,1,2,1.0,0.0,0.2,5,0.0,0,True,1746969014.06593,right,False
2659,1746969035.68857,194.223,-28.0859,-4.94635,0.135029,-0.240021,6414.4,5,54.226,2321.58,2346.55,49.2554,1,2,1.0,0.0,0.2,5,0.0,0,True,1746969014.06593,right,False
2660,1746969035.7088885,193.96,-28.9093,-5.02401,0.142024,-0.245831,6427.15,5,54.246,2322.68,2347.64,49.2551,1,2,1.0,0.0,0.0,5,0.0,0,True,1746969014.06593,left,False
2661,1746969035.7282798,193.694,-29.6914,-5.102,0.14912,-0.25145,6443.13,5,54.266,2323.77,2348.74,49.2548,1,2,1.0,0.0,0.0,5,0.0,0,True,1746969014.06593,left,False
2662,1746969035.748859,193.431,-30.4295,-5.18232,0.156319,-0.256875,6452.16,5,54.286,2324.86,2349.83,49.2545,1,2,1.0,0.0,0.0,5,0.0,0,True,1746969014.06593,left,False
2663,1746969035.767541,193.161,-31.1262,-5.26503,0.163621,-0.262074,6472.72,5,54.306,2325.96,2350.92,49.2542,1,2,1.0,0.0,0.0,5,0.0,0,True,1746969014.06593,left,False
2664,1746969035.7876368,192.899,-31.7665,-5.34851,0.171029,-0.267034,6484.21,5,54.326,2327.05,2352.01,49.2539,1,2,1.0,0.0,0.0,5,0.0,0,True,1746969014.06593,left,False
2665,1746969035.8075233,192.66,-32.3735,-5.42599,0.178536,-0.271705,6510.78,5,54.346,2328.14,2353.1,49.2536,1,2,1.0,0.0,0.0,5,0.0,0,True,1746969014.06593,left,False
2666,1746969035.8278856,192.478,-32.919,-5.50676,0.186135,-0.275783,6517.01,5,54.366,2329.23,2354.2,49.2533,1,2,1.0,0.0,0.0,5,0.0,0,True,1746969014.06593,left,False
2667,1746969035.8489354,192.321,-33.3349,-5.58665,0.193822,-0.279246,6515.75,5,54.386,2330.32,2355.29,49.253,1,2,1.0,0.0,0.0,5,0.0,0,True,1746969014.06593,left,False
2668,1746969035.8670807,192.191,-33.625,-5.66394,0.201599,-0.282106,6504.78,5,54.406,2331.41,2356.38,49.2526,1,2,1.0,0.0,0.0,5,0.0,0,True,1746969014.06593,left,False
2669,1746969035.8873441,192.078,-33.7959,-5.74241,0.209472,-0.284353,6495.16,5,54.426,2332.5,2357.47,49.2523,1,2,1.0,0.0,0.0,5,0.0,0,True,1746969014.06593,left,False
2670,1746969035.9079988,191.987,-33.8454,-5.81542,0.217437,-0.286009,6481.29,5,54.446,2333.59,2358.56,49.252,1,2,1.0,0.0,0.0,5,0.0,0,True,1746969014.06593,left,False
2671,1746969035.927427,191.916,-33.7782,-5.88968,0.2255,-0.287045,6467.82,5,54.466,2334.68,2359.65,49.2517,1,2,1.0,0.0,0.0,5,0.0,0,True,1746969014.06593,left,False
2672,1746969035.9474,191.868,-33.5871,-5.96034,0.233659,-0.287476,6453.35,5,54.486,2335.77,2360.74,49.2514,1,2,1.0,0.0,0.0,5,0.0,0,True,1746969014.06593,left,False
2673,1746969035.9687965,191.838,-33.2827,-6.02893,0.241917,-0.287296,6443.06,5,54.506,2336.87,2361.83,49.2511,1,2,1.0,0.0,0.0,5,0.0,0,True,1746969014.06593,left,False
2674,1746969035.9884427,191.832,-32.8615,-6.10032,0.250269,-0.286515,6431.57,5,54.526,2337.96,2362.92,49.2508,1,2,1.0,0.0,0.0,5,0.0,0,True,1746969014.06593,left,False
2675,1746969036.007262,191.842,-32.3274,-6.16704,0.258717,-0.285122,6423.65,5,54.546,2339.05,2364.01,49.2505,1,2,1.0,0.0,0.0,5,0.0,0,True,1746969014.06593,left,False
2676,1746969036.0281749,191.872,-31.6815,-6.23658,0.267259,-0.283118,6415,5,54.566,2340.14,2365.1,49.2502,1,2,1.0,0.0,0.0,5,0.0,0,True,1746969014.06593,left,False
2677,1746969036.048811,191.924,-30.9232,-6.30563,0.275896,-0.280515,6407.62,5,54.586,2341.23,2366.19,49.2499,1,2,1.0,0.0,0.0,5,0.0,0,True,1746969014.06593,left,False
2678,1746969036.0681403,191.992,-30.0645,-6.3715,0.284624,-0.277329,6403.31,5,54.606,2342.32,2367.28,49.2496,1,2,1.0,0.0,0.0,5,0.0,0,True,1746969014.06593,left,False
2679,1746969036.0876582,192.081,-29.0933,-6.43692,0.293441,-0.273547,6393.36,5,54.626,2343.41,2368.37,49.2493,1,2,1.0,0.0,0.0,5,0.0,0,True,1746969014.06593,left,False
2680,1746969036.107696,192.187,-28.0276,-6.50082,0.302346,-0.269202,6380.82,5,54.646,2344.5,2369.46,49.249,1,2,1.0,0.0,0.0,5,0.0,0,True,1746969014.06593,left,False
2681,1746969036.1291597,192.308,-26.8651,-6.56481,0.311331,-0.264307,6368.57,5,54.666,2345.59,2370.55,49.2487,1,2,1.0,0.0,0.0,5,0.0,0,True,1746969014.06593,left,False
2682,1746969036.1495872,192.447,-25.6145,-6.62774,0.320397,-0.258885,6351.69,5,54.686,2346.68,2371.64,49.2484,1,2,1.0,0.0,0.0,5,0.0,0,True,1746969014.06593,left,False
2683,1746969036.1672843,192.6,-24.2721,-6.68233,0.32954,-0.252933,6327.09,5,54.706,2347.77,2372.73,49.2481,1,2,1.0,0.0,0.0,5,0.0,0,True,1746969014.06593,left,False
2684,1746969036.187173,192.762,-22.8448,-6.73545,0.338754,-0.246453,6303.76,5,54.726,2348.86,2373.82,49.2478,1,2,1.0,0.0,0.0,5,0.0,0,True,1746969014.06593,left,False
2685,1746969036.2071838,192.935,-21.348,-6.79439,0.348031,-0.239485,6274.63,5,54.746,2349.95,2374.92,49.2475,1,2,1.0,0.0,0.0,5,0.0,0,True,1746969014.06593,left,False
2686,1746969036.2286322,193.117,-19.7844,-6.8387,0.357365,-0.232066,6242.56,5,54.766,2351.04,2376.01,49.2472,1,2,1.0,0.0,0.0,5,0.0,0,True,1746969014.06593,left,False
2687,1746969036.2487612,193.306,-18.1645,-6.88085,0.366748,-0.224231,6201.51,5,54.786,2352.14,2377.1,49.2468,1,2,1.0,0.0,0.0,5,0.0,0,True,1746969014.06593,left,False
2688,1746969036.267825,193.496,-16.5087,-6.91983,0.376168,-0.216046,6163.35,5,54.806,2353.23,2378.2,49.2465,1,2,1.0,0.0,0.0,5,0.0,0,True,1746969014.06593,left,False
2689,1746969036.2898629,193.682,-14.8281,-6.95024,0.385615,-0.207555,6125.16,5,54.826,2354.33,2379.29,49.2462,1,2,1.0,0.0,0.0,5,0.0,0,True,1746969014.06593,left,False
2690,1746969036.3079712,193.862,-13.1393,-6.97019,0.395072,-0.198819,6089.21,5,54.846,2355.42,2380.39,49.2459,1,2,1.0,0.0,0.0,5,0.0,0,True,1746969014.06593,left,False
2691,1746969036.3290186,194.033,-11.4683,-6.98524,0.404524,-0.189914,6060.43,5,54.866,2356.52,2381.48,49.2456,1,2,1.0,0.0,0.0,5,0.0,0,True,1746969014.06593,left,False
2692,1746969036.348758,194.192,-9.83175,-6.98636,0.41395,-0.180915,6034.76,5,54.886,2357.62,2382.58,49.2453,1,2,1.0,0.0,0.0,5,0.0,0,True,1746969014.06593,left,False
2693,1746969036.3685336,194.341,-8.25667,-6.98107,0.423328,-0.171922,6011.82,5,54.906,2358.72,2383.68,49.245,1,2,1.0,0.0,0.0,5,0.0,0,True,1746969014.06593,left,False
2694,1746969036.3892303,194.476,-6.76272,-6.95458,0.432633,-0.163015,5995.18,5,54.926,2359.82,2384.78,49.2447,1,2,1.0,0.0,0.0,5,0.0,0,True,1746969014.06593,left,False
2695,1746969036.4086385,194.599,-5.36411,-6.90642,0.441842,-0.154255,5983.36,5,54.946,2360.92,2385.88,49.2444,1,2,1.0,0.0,0.0,5,0.0,0,True,1746969014.06593,left,False
2696,1746969036.4286098,194.71,-4.07545,-6.85206,0.450926,-0.145696,5976.56,5,54.966,2362.02,2386.98,49.2441,1,2,1.0,0.0,0.0,5,0.0,0,True,1746969014.06593,left,False
2697,1746969036.4483294,194.813,-2.8994,-6.76809,0.45986,-0.137373,5970.07,5,54.986,2363.12,2388.09,49.2438,1,2,1.0,0.0,0.0,5,0.0,0,True,1746969014.06593,left,False
2698,1746969036.4674885,194.907,-1.84367,-6.66836,0.46862,-0.12932,5966.98,5,55.006,2364.23,2389.19,49.2435,1,2,1.0,0.0,0.0,5,0.0,0,True,1746969014.06593,left,False
2699,1746969036.489443,194.994,-0.907643,-6.54862,0.47718,-0.121558,5965.36,5,55.026,2365.34,2390.3,49.2432,1,2,1.0,0.0,0.0,5,0.0,0,True,1746969014.06593,left,False
2700,1746969036.508161,195.077,-0.0894396,-6.40086,0.485515,-0.114102,5964.23,5,55.046,2366.44,2391.41,49.2429,1,2,1.0,0.0,0.0,5,0.0,0,True,1746969014.06593,left,False
2701,1746969036.5287037,195.155,0.615401,-6.23172,0.493606,-0.106953,5963.32,5,55.066,2367.55,2392.52,49.2426,1,2,1.0,0.0,0.0,5,0.0,0,True,1746969014.06593,left,False
2702,1746969036.548657,195.23,1.21236,-6.04205,0.501437,-0.100114,5964.11,5,55.086,2368.67,2393.63,49.2423,1,2,1.0,0.0,0.0,5,0.0,0,True,1746969014.06593,left,False
2703,1746969036.5673547,195.302,1.70822,-5.82604,0.508985,-0.0935767,5964.42,5,55.106,2369.78,2394.74,49.242,1,2,1.0,0.0,0.0,5,0.0,0,True,1746969014.06593,left,False
2704,1746969036.587355,195.373,2.11118,-5.5938,0.51624,-0.0873349,5965.03,5,55.126,2370.89,2395.86,49.2417,1,2,1.0,0.0,0.0,5,0.0,0,True,1746969014.06593,left,False
2705,1746969036.6069987,195.442,2.42933,-5.34883,0.523189,-0.0813759,5966.82,5,55.146,2372.01,2396.97,49.2414,1,2,1.0,0.0,0.0,5,0.0,0,True,1746969014.06593,left,False
2706,1746969036.6274076,195.51,2.67119,-5.08916,0.52982,-0.0756839,5968.4,5,55.166,2373.12,2398.09,49.2411,1,2,1.0,0.0,0.0,5,0.0,0,True,1746969014.06593,left,False
2707,1746969036.6497087,195.578,2.84508,-4.81521,0.536126,-0.0702441,5969.04,5,55.186,2374.24,2399.21,49.2407,1,2,1.0,0.0,0.0,5,0.0,0,True,1746969014.06593,left,False
2708,1746969036.6684747,195.644,2.96187,-4.53982,0.5421,-0.0650314,5971.48,5,55.206,2375.36,2400.33,49.2404,1,2,1.0,0.0,0.0,5,0.0,0,True,1746969014.06593,left,False
2709,1746969036.6885507,195.71,3.02767,-4.24581,0.54774,-0.0600269,5972.85,5,55.226,2376.48,2401.45,49.2401,1,2,1.0,0.0,0.0,5,0.0,0,True,1746969014.06593,left,False
2710,1746969036.7089663,195.776,3.05313,-3.95904,0.553042,-0.0552056,5973.92,5,55.246,2377.6,2402.57,49.2398,1,2,1.0,0.0,0.0,5,0.0,0,True,1746969014.06593,left,False
2711,1746969036.727034,195.841,3.04457,-3.66418,0.558002,-0.0505446,5975.99,5,55.266,2378.73,2403.69,49.2395,1,2,1.0,0.0,0.0,5,0.0,0,True,1746969014.06593,left,False
2712,1746969036.7490482,195.906,3.0106,-3.37259,0.562623,-0.046016,5976.83,5,55.286,2379.85,2404.81,49.2392,1,2,1.0,0.0,0.0,5,0.0,0,True,1746969014.06593,left,False
2713,1746969036.7673554,195.969,2.95731,-3.08522,0.566904,-0.041602,5979.09,5,55.306,2380.98,2405.94,49.2389,1,2,1.0,0.0,0.0,5,0.0,0,True,1746969014.06593,left,False
2714,1746969036.7889042,196.033,2.88951,-2.79849,0.570846,-0.0372809,5980.9,5,55.326,2382.1,2407.07,49.2386,1,2,1.0,0.0,0.0,5,0.0,0,True,1746969014.06593,left,False
2715,1746969036.808197,196.095,2.81311,-2.52245,0.574452,-0.0330341,5982.62,5,55.346,2383.23,2408.19,49.2383,1,2,1.0,0.0,0.0,5,0.0,0,True,1746969014.06593,left,False
2716,1746969036.8284695,196.157,2.73147,-2.24978,0.577721,-0.0288442,5984.47,5,55.366,2384.36,2409.32,49.238,1,2,1.0,0.0,0.0,5,0.0,0,True,1746969014.06593,left,False
2717,1746969036.8479943,196.219,2.64712,-1.98508,0.58066,-0.0246957,5985.56,5,55.386,2385.48,2410.45,49.2377,1,2,1.0,0.0,0.0,5,0.0,0,True,1746969014.06593,left,False
2718,1746969036.8685167,196.279,2.56364,-1.71814,0.583266,-0.0205787,5987.56,5,55.406,2386.61,2411.58,49.2374,1,2,1.0,0.0,0.0,5,0.0,0,True,1746969014.06593,left,False
2719,1746969036.8871198,196.339,2.48251,-1.46201,0.585544,-0.0164807,5989.95,5,55.426,2387.74,2412.71,49.2371,1,2,1.0,0.0,0.0,5,0.0,0,True,1746969014.06593,left,False
2720,1746969036.9084992,196.397,2.40501,-1.21293,0.587496,-0.012399,5991.8,5,55.446,2388.87,2413.84,49.2368,1,2,1.0,0.0,0.0,5,0.0,0,True,1746969014.06593,left,False
2721,1746969036.9268243,196.455,2.33166,-0.971526,0.589124,-0.00832588,5993.69,5,55.466,2390,2414.97,49.2365,1,2,1.0,0.0,0.0,5,0.0,0,True,1746969014.06593,left,False
2722,1746969036.9476807,196.512,2.26326,-0.736158,0.590429,-0.00425655,5996.27,5,55.486,2391.14,2416.1,49.2362,1,2,1.0,0.0,0.0,5,0.0,0,True,1746969014.06593,left,False
2723,1746969036.9703333,196.568,2.19946,-0.501485,0.591415,-0.000186745,5997.65,5,55.506,2392.27,2417.23,49.2359,1,2,1.0,0.0,0.0,5,0.0,0,True,1746969014.06593,left,False
2724,1746969036.987743,196.623,2.14121,-0.277094,0.592082,0.00388449,5999.71,5,55.526,2393.4,2418.36,49.2356,1,2,1.0,0.0,0.0,5,0.0,0,True,1746969014.06593,left,False
2725,1746969037.0080771,196.679,2.08722,-0.0459378,0.592431,0.00796097,6000.2,5,55.546,2394.53,2419.5,49.2353,1,2,1.0,0.0,0.0,5,0.0,0,True,1746969014.06593,left,False
2726,1746969037.0284731,196.731,2.03887,0.17347,0.592463,0.0120422,6003.74,5,55.566,2395.67,2420.63,49.2349,1,2,1.0,0.0,0.0,5,0.0,0,True,1746969014.06593,left,False
2727,1746969037.0487063,196.784,1.9938,0.395883,0.59218,0.0161244,6005.48,5,55.586,2396.8,2421.76,49.2346,1,2,1.0,0.0,0.0,5,0.0,0,True,1746969014.06593,left,False
2728,1746969037.0688605,196.836,1.95224,0.615429,0.591584,0.02021,6006.85,5,55.606,2397.93,2422.9,49.2343,1,2,1.0,0.0,0.0,5,0.0,0,True,1746969014.06593,left,False
2729,1746969037.088962,196.887,1.91485,0.831631,0.590676,0.0242988,6008.75,5,55.626,2399.07,2424.03,49.234,1,2,1.0,0.0,0.0,5,0.0,0,True,1746969014.06593,left,False
2730,1746969037.1077516,196.937,1.8807,1.04252,0.589454,0.0283925,6010.73,5,55.646,2400.2,2425.17,49.2337,1,2,1.0,0.0,0.0,5,0.0,0,True,1746969014.06593,left,False
2731,1746969037.1287823,196.987,1.84973,1.25617,0.587923,0.0324885,6012.28,5,55.666,2401.34,2426.3,49.2334,1,2,1.0,0.0,0.0,5,0.0,0,True,1746969014.06593,left,False
2732,1746969037.14838,197.035,1.8208,1.46803,0.58608,0.036586,6013.75,5,55.686,2402.47,2427.43,49.2331,1,2,1.0,0.0,0.0,5,0.0,0,True,1746969014.06593,left,False
2733,1746969037.168033,197.084,1.79432,1.68617,0.583929,0.0406882,6014.51,5,55.706,2403.6,2428.57,49.2328,1,2,1.0,0.0,0.0,5,0.0,0,True,1746969014.06593,left,False
2734,1746969037.1871018,197.131,1.77062,1.89754,0.581466,0.0447924,6016.09,5,55.726,2404.74,2429.7,49.2325,1,2,1.0,0.0,0.0,5,0.0,0,True,1746969014.06593,left,False
2735,1746969037.2076218,197.177,1.74929,2.10655,0.578695,0.0488984,6018.19,5,55.746,2405.87,2430.84,49.2322,1,2,1.0,0.0,0.0,5,0.0,0,True,1746969014.06593,left,False
2736,1746969037.2280567,197.223,1.72893,2.32976,0.575616,0.0530083,6018.5,5,55.766,2407.01,2431.97,49.2319,1,2,1.0,0.0,0.0,5,0.0,0,True,1746969014.06593,left,False
2737,1746969037.2478967,197.268,1.71104,2.5442,0.572232,0.0571186,6020.1,5,55.786,2408.14,2433.1,49.2316,1,2,1.0,0.0,0.0,5,0.0,0,True,1746969014.06593,left,False
2738,1746969037.2676156,197.311,1.69509,2.76623,0.56854,0.0612351,6021.6,5,55.806,2409.27,2434.24,49.2313,1,2,1.0,0.0,0.0,5,0.0,0,True,1746969014.06593,left,False
2739,1746969037.29047,197.355,1.68098,2.98708,0.564539,0.0653559,6022.38,5,55.826,2410.41,2435.37,49.231,1,2,1.0,0.0,0.0,5,0.0,0,True,1746969014.06593,left,False
2740,1746969037.3085036,197.397,1.66881,3.21039,0.560228,0.0694811,6023.29,5,55.846,2411.54,2436.5,49.2307,1,2,1.0,0.0,0.0,5,0.0,0,True,1746969014.06593,left,False
2741,1746969037.3287086,197.439,1.65829,3.43607,0.555612,0.073611,6024.62,5,55.866,2412.67,2437.64,49.2304,1,2,1.0,0.0,0.0,5,0.0,0,True,1746969014.06593,left,False
2742,1746969037.3477943,197.48,1.65057,3.65314,0.550693,0.077747,6025.26,5,55.886,2413.8,2438.77,49.2301,1,2,1.0,0.0,0.0,5,0.0,0,True,1746969014.06593,left,False
2743,1746969037.3673556,197.52,1.64431,3.88467,0.545468,0.0818888,6026.03,5,55.906,2414.94,2439.9,49.2298,1,2,1.0,0.0,0.0,5,0.0,0,True,1746969014.06593,left,False
2744,1746969037.3883364,197.558,1.63981,4.10363,0.539939,0.0860335,6027.98,5,55.926,2416.07,2441.03,49.2295,1,2,1.0,0.0,0.0,5,0.0,0,True,1746969014.06593,left,False
2745,1746969037.407292,197.596,1.63652,4.31734,0.534103,0.0901791,6029.52,5,55.946,2417.2,2442.16,49.2291,1,2,1.0,0.0,0.0,5,0.0,0,True,1746969014.06593,left,False
2746,1746969037.4277732,197.633,1.63435,4.54258,0.527962,0.0943281,6030.75,5,55.966,2418.33,2443.29,49.2288,1,2,1.0,0.0,0.0,5,0.0,0,True,1746969014.06593,right,False
2747,1746969037.4483683,197.669,1.63273,4.75764,0.521516,0.0984766,6032.26,5,55.986,2419.46,2444.42,49.2285,1,2,1.0,0.0,0.0,5,0.0,0,True,1746969014.06593,right,False
2748,1746969037.46895,197.705,1.63123,4.97957,0.514766,0.102624,6033.05,5,56.006,2420.59,2445.55,49.2282,1,2,1.0,0.0,0.0,5,0.0,0,True,1746969014.06593,right,False
2749,1746969037.489136,197.74,1.62982,5.20039,0.507713,0.106768,6034,5,56.026,2421.71,2446.68,49.2279,1,2,1.0,0.0,0.0,5,0.0,0,True,1746969014.06593,right,False
2750,1746969037.5086198,197.774,1.62863,5.4222,0.500355,0.11091,6034.75,5,56.046,2422.84,2447.81,49.2276,1,2,1.0,0.0,0.0,5,0.0,0,True,1746969014.06593,right,False
2751,1746969037.5285468,197.807,1.62796,5.63754,0.492694,0.115049,6036.6,5,56.066,2423.97,2448.93,49.2273,1,2,1.0,0.0,0.0,5,0.0,0,True,1746969014.06593,right,False
2752,1746969037.5489979,197.84,1.62668,5.85888,0.484731,0.119184,6037.54,5,56.086,2425.09,2450.06,49.227,1,2,1.0,0.0,0.0,5,0.0,0,True,1746969014.06593,right,False
2753,1746969037.5687451,197.872,1.62509,6.0749,0.476463,0.123315,6037.87,5,56.106,2426.22,2451.18,49.2267,1,2,1.0,0.0,0.0,5,0.0,0,True,1746969014.06593,right,False
2754,1746969037.5881205,197.902,1.62418,6.2938,0.467893,0.127442,6039.85,5,56.126,2427.34,2452.31,49.2264,1,2,1.0,0.0,0.0,5,0.0,0,True,1746969014.06593,right,False
2755,1746969037.6083221,197.933,1.62274,6.51493,0.459022,0.131565,6040.18,5,56.146,2428.46,2453.43,49.2261,1,2,1.0,0.0,0.0,5,0.0,0,True,1746969014.06593,right,False
2756,1746969037.6267226,197.962,1.62098,6.73706,0.449848,0.135682,6041.35,5,56.166,2429.59,2454.55,49.2258,1,2,1.0,0.0,0.0,5,0.0,0,True,1746969014.06593,right,False
2757,1746969037.6483204,197.992,1.61926,6.95422,0.440375,0.139796,6041.58,5,56.186,2430.71,2455.67,49.2255,1,2,1.0,0.0,0.0,5,0.0,0,True,1746969014.06593,right,False
2758,1746969037.6679647,198.019,1.61754,7.17904,0.430598,0.143906,6042.69,5,56.206,2431.83,2456.79,49.2252,1,2,1.0,0.0,0.0,5,0.0,0,True,1746969014.06593,right,False
2759,1746969037.6912484,198.046,1.61641,7.39272,0.420521,0.148011,6043.64,5,56.226,2432.94,2457.91,49.2249,1,2,1.0,0.0,0.1,5,0.0,0,True,1746969014.06593,right,False
2760,1746969037.708462,198.072,1.61523,7.61852,0.410145,0.152113,6044.17,5,56.246,2434.06,2459.03,49.2246,1,2,1.0,0.0,0.1,5,0.0,0,True,1746969014.06593,right,False
2761,1746969037.728822,198.098,1.61425,7.83605,0.39947,0.15621,6045.17,5,56.266,2435.18,2460.14,49.2243,1,2,1.0,0.0,0.1,5,0.0,0,True,1746969014.06593,right,False
2762,1746969037.7492166,198.122,1.61374,8.04566,0.388496,0.160301,6046.84,5,56.286,2436.29,2461.26,49.224,1,2,1.0,0.0,0.1,5,0.0,0,True,1746969014.06593,right,False
2763,1746969037.76781,198.146,1.61255,8.2606,0.377223,0.164386,6047.62,5,56.306,2437.41,2462.37,49.2237,1,2,1.0,0.0,0.1,5,0.0,0,True,1746969014.06593,right,False
2764,1746969037.788925,198.155,1.77904,8.46837,0.3657,0.167626,6049.43,5,56.326,2438.52,2463.48,49.2234,1,2,1.0,0.0,0.1,5,0.0,0,True,1746969014.06593,right,False
2765,1746969037.8073413,198.16,1.59193,8.65797,0.35402,0.168589,6054.42,5,56.346,2439.63,2464.59,49.223,1,2,1.0,0.0,0.1,5,0.0,0,True,1746969014.06593,right,False
2766,1746969037.827895,198.167,1.01519,8.82982,0.342191,0.167515,6058.75,5,56.366,2440.74,2465.7,49.2227,1,2,1.0,0.0,0.1,5,0.0,0,True,1746969014.06593,right,False
2767,1746969037.8477252,198.171,0.129554,8.97846,0.33022,0.164714,6063.88,5,56.386,2441.85,2466.81,49.2224,1,2,1.0,0.0,0.1,5,0.0,0,True,1746969014.06593,right,False
2768,1746969037.8669508,198.168,-0.987899,9.10698,0.318127,0.160503,6069.83,5,56.406,2442.95,2467.92,49.2221,1,2,1.0,0.0,0.1,5,0.0,0,True,1746969014.06593,right,False
2769,1746969037.8866215,198.151,-2.27135,9.20825,0.305934,0.155187,6077.19,5,56.426,2444.06,2469.02,49.2218,1,2,1.0,0.0,0.1,5,0.0,0,True,1746969014.06593,right,False
2770,1746969037.9076862,198.119,-3.66242,9.28081,0.293664,0.149051,6085.49,5,56.446,2445.17,2470.13,49.2215,1,2,1.0,0.0,0.1,5,0.0,0,True,1746969014.06593,right,False
2771,1746969037.9274914,198.068,-5.11131,9.33878,0.281334,0.142358,6096.91,5,56.466,2446.27,2471.23,49.2212,1,2,1.0,0.0,0.1,5,0.0,0,True,1746969014.06593,right,False
2772,1746969037.9489298,197.998,-6.57998,9.3711,0.26897,0.135328,6109.27,5,56.486,2447.37,2472.34,49.2209,1,2,1.0,0.0,0.1,5,0.0,0,True,1746969014.06593,right,False
2773,1746969037.967631,197.908,-8.03758,9.3847,0.256585,0.128148,6125.14,5,56.506,2448.48,2473.44,49.2206,1,2,1.0,0.0,0.1,5,0.0,0,True,1746969014.06593,right,False
2774,1746969037.9887707,197.8,-9.47051,9.36936,0.244195,0.120948,6144,5,56.526,2449.58,2474.54,49.2203,1,2,1.0,0.0,0.1,5,0.0,0,True,1746969014.06593,right,False
2775,1746969038.0081956,197.676,-10.8596,9.34135,0.231812,0.113802,6162.81,5,56.546,2450.68,2475.64,49.22,1,2,1.0,0.0,0.1,5,0.0,0,True,1746969014.06593,right,False
2776,1746969038.0268698,197.539,-12.2011,9.29876,0.219445,0.106759,6182.33,5,56.566,2451.77,2476.74,49.2197,1,2,1.0,0.0,0.1,5,0.0,0,True,1746969014.06593,right,False
2777,1746969038.0491889,197.39,-13.4942,9.24811,0.207106,0.0998351,6197.54,5,56.586,2452.87,2477.84,49.2194,1,2,1.0,0.0,0.1,5,0.0,0,True,1746969014.06593,right,False
2778,1746969038.0673673,197.232,-14.7327,9.19017,0.194802,0.093033,6210.42,5,56.606,2453.97,2478.93,49.2191,1,2,1.0,0.0,0.1,5,0.0,0,True,1746969014.06593,right,False
2779,1746969038.0887616,197.062,-15.9426,9.12159,0.182542,0.0863158,6223.87,5,56.626,2455.06,2480.03,49.2188,1,2,1.0,0.0,0.1,5,0.0,0,True,1746969014.06593,right,False
2780,1746969038.1086476,196.888,-17.1026,9.05377,0.170334,0.079683,6228.49,5,56.646,2456.16,2481.12,49.2185,1,2,1.0,0.0,0.1,5,0.0,0,True,1746969014.06593,right,False
2781,1746969038.1265957,196.701,-18.2379,8.98616,0.158185,0.0730941,6234.13,5,56.666,2457.25,2482.22,49.2182,1,2,1.0,0.0,0.1,5,0.0,0,True,1746969014.06593,right,False
2782,1746969038.1476243,196.508,-19.3425,8.91479,0.146102,0.0665466,6235.7,5,56.686,2458.34,2483.31,49.2179,1,2,1.0,0.0,0.1,5,0.0,0,True,1746969014.06593,right,False
2783,1746969038.1691406,196.302,-20.4169,8.83968,0.134092,0.0600845,6241.76,5,56.706,2459.44,2484.4,49.2176,1,2,1.0,0.0,0.1,5,0.0,0,True,1746969014.06593,right,False
2784,1746969038.187047,196.091,-21.4538,8.77338,0.122161,0.0536973,6242.07,5,56.726,2460.52,2485.49,49.2172,1,2,1.0,0.0,0.1,5,0.0,0,True,1746969014.06593,right,False
2785,1746969038.2077146,195.866,-22.4737,8.69362,0.110311,0.0473897,6251.51,5,56.746,2461.61,2486.58,49.2169,1,2,1.0,0.0,0.1,5,0.0,0,True,1746969014.06593,right,False
2786,1746969038.2276955,195.635,-23.4535,8.61407,0.0985463,0.0411932,6259.86,5,56.766,2462.7,2487.67,49.2166,1,2,1.0,0.0,0.1,5,0.0,0,True,1746969014.06593,right,False
2787,1746969038.2480261,195.397,-24.3984,8.52696,0.0868734,0.0351455,6268.34,5,56.786,2463.79,2488.75,49.2163,1,2,1.0,0.0,0.1,5,0.0,0,True,1746969014.06593,right,False
2788,1746969038.2670987,195.158,-25.2938,8.45496,0.075295,0.0292475,6273.75,5,56.806,2464.87,2489.84,49.216,1,2,1.0,0.0,0.1,5,0.0,0,True,1746969014.06593,right,False
2789,1746969038.2889092,194.911,-26.1537,8.37215,0.0638143,0.0235216,6284.25,5,56.826,2465.96,2490.92,49.2157,1,2,1.0,0.0,0.1,5,0.0,0,True,1746969014.06593,right,False
2790,1746969038.307879,194.663,-26.9606,8.28849,0.0524312,0.018006,6292.29,5,56.846,2467.04,2492,49.2154,1,2,1.0,0.0,0.1,5,0.0,0,True,1746969014.06593,right,False
2791,1746969038.3282452,194.41,-27.7208,8.20031,0.0411499,0.0127251,6309.55,5,56.866,2468.12,2493.08,49.2151,1,2,1.0,0.0,0.1,5,0.0,0,True,1746969014.06593,right,False
2792,1746969038.3492951,194.16,-28.4224,8.1142,0.0299733,0.00768774,6321.69,5,56.886,2469.2,2494.16,49.2148,1,2,1.0,0.0,0.1,5,0.0,0,True,1746969014.06593,right,False
2793,1746969038.3686953,193.909,-29.0743,8.02241,0.0189006,0.00290459,6338.07,5,56.906,2470.28,2495.24,49.2145,1,2,1.0,0.0,0.1,5,0.0,0,True,1746969014.06593,right,False
2794,1746969038.3896189,193.665,-29.6549,7.94051,0.00793457,-0.00159198,6351.83,5,56.926,2471.36,2496.32,49.2142,1,2,1.0,0.0,0.1,5,0.0,0,True,1746969014.06593,right,False
2795,1746969038.4091032,193.422,-30.1738,7.8514,-0.00292053,-0.00576431,6367.99,5,56.946,2472.43,2497.4,49.2139,1,2,1.0,0.0,0.1,5,0.0,0,True,1746969014.06593,right,False
2796,1746969038.4279675,193.188,-30.6189,7.7631,-0.0136658,-0.00960619,6382.63,5,56.966,2473.51,2498.47,49.2136,1,2,1.0,0.0,0.1,5,0.0,0,True,1746969014.06593,right,False
2797,1746969038.448423,192.959,-30.9956,7.67582,-0.0242991,-0.0130928,6402.55,5,56.986,2474.58,2499.54,49.2133,1,2,1.0,0.0,0.1,5,0.0,0,True,1746969014.06593,right,False
2798,1746969038.4676836,192.743,-31.2919,7.59079,-0.0348175,-0.0162171,6415.18,5,57.006,2475.65,2500.61,49.213,1,2,1.0,0.0,0.1,5,0.0,0,True,1746969014.06593,right,False
2799,1746969038.487139,192.534,-31.5196,7.4984,-0.045222,-0.018956,6433.34,5,57.026,2476.72,2501.69,49.2127,1,2,1.0,0.0,0.1,5,0.0,0,True,1746969014.06593,right,False
2800,1746969038.508523,192.345,-31.6603,7.41728,-0.0555084,-0.0213359,6441.42,5,57.046,2477.79,2502.75,49.2124,1,2,1.0,0.0,0.1,5,0.0,0,True,1746969014.06593,right,False
2801,1746969038.529094,192.163,-31.7309,7.33258,-0.0656779,-0.0233458,6449.93,5,57.066,2478.86,2503.82,49.2121,1,2,1.0,0.0,0.1,5,0.0,0,True,1746969014.06593,right,False
2802,1746969038.5505419,191.993,-31.726,7.24994,-0.0757283,-0.0249804,6463.12,5,57.086,2479.92,2504.89,49.2118,1,2,1.0,0.0,0.1,5,0.0,0,True,1746969014.06593,right,False
2803,1746969038.5677178,191.831,-31.6664,7.15175,-0.0856618,-0.026233,6480.3,5,57.106,2480.99,2505.95,49.2114,1,2,1.0,0.0,0.1,5,0.0,0,True,1746969014.06593,right,False
2804,1746969038.5906641,191.69,-31.5065,7.07303,-0.0954783,-0.0270918,6487.35,5,57.126,2482.05,2507.02,49.2111,1,2,1.0,0.0,0.1,5,0.0,0,True,1746969014.06593,right,False
2805,1746969038.6086626,191.56,-31.2877,6.9852,-0.105177,-0.0275815,6495.52,5,57.146,2483.12,2508.08,49.2108,1,2,1.0,0.0,0.1,5,0.0,0,True,1746969014.06593,right,False
2806,1746969038.6283407,191.444,-30.9958,6.89592,-0.114757,-0.0276883,6505.18,5,57.166,2484.18,2509.14,49.2105,1,2,1.0,0.0,0.1,5,0.0,0,True,1746969014.06593,right,False
2807,1746969038.6484728,191.347,-30.6328,6.80963,-0.124219,-0.0274456,6503.77,5,57.186,2485.24,2510.2,49.2102,1,2,1.0,0.0,0.1,5,0.0,0,True,1746969014.06593,right,False
2808,1746969038.6676457,191.257,-30.2068,6.72443,-0.133564,-0.0268524,6508.01,5,57.206,2486.3,2511.26,49.2099,1,2,1.0,0.0,0.1,5,0.0,0,True,1746969014.06593,right,False
2809,1746969038.688685,191.182,-29.7115,6.63515,-0.142791,-0.0258787,6512.49,5,57.226,2487.35,2512.32,49.2096,1,2,1.0,0.0,0.1,5,0.0,0,True,1746969014.06593,right,False
2810,1746969038.70881,191.129,-29.1492,6.55179,-0.1519,-0.0245922,6503.02,5,57.246,2488.41,2513.37,49.2093,1,2,1.0,0.0,0.1,5,0.0,0,True,1746969014.06593,right,False
2811,1746969038.7312896,191.08,-28.5356,6.46482,-0.160895,-0.0229719,6500.26,5,57.266,2489.47,2514.43,49.209,1,2,1.0,0.0,0.1,5,0.0,0,True,1746969014.06593,right,False
2812,1746969038.748113,191.046,-27.8605,6.38346,-0.169774,-0.0210441,6493.2,5,57.286,2490.52,2515.48,49.2087,1,2,1.0,0.0,0.2,5,0.0,0,True,1746969014.06593,right,False
2813,1746969038.768554,191.018,-27.1419,6.29511,-0.178541,-0.0188196,6490.34,5,57.306,2491.57,2516.54,49.2084,1,2,1.0,0.0,0.2,5,0.0,0,True,1746969014.06593,right,False
2814,1746969038.7888124,191.001,-26.3658,6.21367,-0.187197,-0.0163124,6483.49,5,57.326,2492.62,2517.59,49.2081,1,2,1.0,0.0,0.2,5,0.0,0,True,1746969014.06593,right,False
2815,1746969038.807455,190.998,-25.5384,6.13571,-0.195742,-0.013521,6471.69,5,57.346,2493.68,2518.64,49.2078,1,2,1.0,0.0,0.2,5,0.0,0,True,1746969014.06593,right,False
2816,1746969038.82789,190.998,-24.6792,6.04736,-0.204182,-0.0104588,6464.09,5,57.366,2494.73,2519.69,49.2075,1,2,1.0,0.0,0.2,5,0.0,0,True,1746969014.06593,right,False
2817,1746969038.8500893,190.989,-23.7453,5.96604,-0.212512,-0.00717766,6446.36,5,57.386,2495.77,2520.74,49.2072,1,2,1.0,0.0,0.2,5,0.0,0,True,1746969014.06593,right,False
2818,1746969038.8679116,190.972,-22.8036,5.88982,-0.220728,-0.00386268,6434.21,5,57.406,2496.82,2521.79,49.2069,1,2,1.0,0.0,0.2,5,0.0,0,True,1746969014.06593,right,False
2819,1746969038.8873823,190.95,-21.8674,5.8078,-0.228831,-0.000500504,6432.98,5,57.426,2497.87,2522.83,49.2066,1,2,1.0,0.0,0.2,5,0.0,0,True,1746969014.06593,right,False
2820,1746969038.9086728,190.926,-20.932,5.72604,-0.236827,0.00290411,6433.88,5,57.446,2498.92,2523.88,49.2063,1,2,1.0,0.0,0.2,5,0.0,0,True,1746969014.06593,right,False
2821,1746969038.9289186,190.912,-20.0063,5.64956,-0.244718,0.00629204,6421.29,5,57.466,2499.96,2524.93,49.206,1,2,1.0,0.0,0.2,5,0.0,0,True,1746969014.06593,right,False
2822,1746969038.9485087,190.893,-19.0988,5.57275,-0.252509,0.00962132,6414.65,5,57.486,2501,2525.97,49.2057,1,2,1.0,0.0,0.2,5,0.0,0,True,1746969014.06593,right,False
2823,1746969038.9685895,190.875,-18.2173,5.49842,-0.260199,0.0128786,6408.73,5,57.506,2502.05,2527.01,49.2053,1,2,1.0,0.0,0.2,5,0.0,0,True,1746969014.06593,right,False
2824,1746969038.9883451,190.857,-17.3603,5.4288,-0.267795,0.0160353,6399.41,5,57.526,2503.09,2528.05,49.205,1,2,1.0,0.0,0.2,5,0.0,0,True,1746969014.06593,right,False
2825,1746969039.0099776,190.841,-16.5392,5.36029,-0.275301,0.0190517,6387.45,5,57.546,2504.13,2529.1,49.2047,1,2,1.0,0.0,0.2,5,0.0,0,True,1746969014.06593,right,False
2826,1746969039.0286992,190.825,-15.7638,5.2912,-0.282718,0.0218727,6370.47,5,57.566,2505.17,2530.14,49.2044,1,2,1.0,0.0,0.2,5,0.0,0,True,1746969014.06593,right,False
2827,1746969039.0486019,190.807,-15.0419,5.22481,-0.29005,0.0244819,6352.65,5,57.586,2506.21,2531.18,49.2041,1,2,1.0,0.0,0.2,5,0.0,0,True,1746969014.06593,right,False
2828,1746969039.0688286,190.79,-14.3723,5.16646,-0.297303,0.0268256,6333.45,5,57.606,2507.25,2532.22,49.2038,1,2,1.0,0.0,0.2,5,0.0,0,True,1746969014.06593,right,False
2829,1746969039.0889046,190.772,-13.7708,5.10527,-0.304476,0.0288607,6311.5,5,57.626,2508.29,2533.25,49.2035,1,2,1.0,0.0,0.2,5,0.0,0,True,1746969014.06593,right,False
2830,1746969039.10795,190.752,-13.239,5.04659,-0.311572,0.0305507,6288.15,5,57.646,2509.33,2534.29,49.2032,1,2,1.0,0.0,0.2,5,0.0,0,True,1746969014.06593,right,False
2831,1746969039.127434,190.727,-12.783,4.9973,-0.318593,0.0318796,6264.38,5,57.666,2510.37,2535.33,49.2029,1,2,1.0,0.0,0.2,5,0.0,0,True,1746969014.06593,right,False
2832,1746969039.1478581,190.699,-12.4016,4.94594,-0.325545,0.0328218,6241.56,5,57.686,2511.4,2536.37,49.2026,1,2,1.0,0.0,0.2,5,0.0,0,True,1746969014.06593,right,False
2833,1746969039.1674833,190.667,-12.1055,4.89111,-0.332423,0.0333568,6220.69,5,57.706,2512.44,2537.4,49.2023,1,2,1.0,0.0,0.2,5,0.0,0,True,1746969014.06593,right,False
2834,1746969039.1875556,190.631,-11.8864,4.84834,-0.339231,0.0334684,6202.72,5,57.726,2513.47,2538.44,49.202,1,2,1.0,0.0,0.2,5,0.0,0,True,1746969014.06593,right,False
2835,1746969039.2086852,190.587,-11.7489,4.80192,-0.345969,0.0331599,6186.02,5,57.746,2514.51,2539.47,49.2017,1,2,1.0,0.0,0.2,5,0.0,0,True,1746969014.06593,right,False
2836,1746969039.227391,190.538,-11.7001,4.74538,-0.35264,0.0324175,6173.56,5,57.766,2515.54,2540.51,49.2014,1,2,1.0,0.0,0.2,5,0.0,0,True,1746969014.06593,right,False
2837,1746969039.2470784,190.487,-11.724,4.70467,-0.359239,0.0312311,6157.42,5,57.786,2516.58,2541.54,49.2011,1,2,1.0,0.0,0.2,5,0.0,0,True,1746969014.06593,right,False
2838,1746969039.2711139,190.43,-11.8184,4.66298,-0.365765,0.0296408,6141.06,5,57.806,2517.61,2542.57,49.2008,1,2,1.0,0.0,0.30000000000000004,5,0.0,0,True,1746969014.06593,right,False
2839,1746969039.288836,190.364,-11.9886,4.6185,-0.372219,0.0276648,6130.42,5,57.826,2518.64,2543.61,49.2005,1,2,1.0,0.0,0.30000000000000004,5,0.0,0,True,1746969014.06593,right,False
2840,1746969039.3074532,190.292,-12.224,4.5667,-0.378595,0.0253064,6123.87,5,57.846,2519.67,2544.64,49.2002,1,2,1.0,0.0,0.30000000000000004,5,0.0,0,True,1746969014.06593,right,False
2841,1746969039.3297083,190.21,-12.5217,4.51613,-0.384894,0.0224783,6121.54,5,57.866,2520.71,2545.67,49.1999,1,2,1.0,0.0,0.30000000000000004,5,0.0,0,True,1746969014.06593,right,False
2842,1746969039.351087,190.121,-12.863,4.46518,-0.391077,0.0188476,6123.08,5,57.886,2521.74,2546.71,49.1995,1,2,1.0,0.0,0.30000000000000004,5,0.0,0,True,1746969014.06593,right,False
2843,1746969039.3692446,190.002,-13.2343,4.40133,-0.397131,0.0149357,6127.89,5,57.906,2522.77,2547.74,49.1992,1,2,1.0,0.0,0.30000000000000004,5,0.0,0,True,1746969014.06593,right,False
2844,1746969039.390036,189.863,-13.6591,4.33599,-0.403048,0.0106794,6139.44,5,57.926,2523.81,2548.77,49.1989,1,2,1.0,0.0,0.30000000000000004,5,0.0,0,True,1746969014.06593,right,False
2845,1746969039.4077435,189.716,-14.1481,4.25588,-0.408826,0.00610369,6154.13,5,57.946,2524.84,2549.81,49.1986,1,2,1.0,0.0,0.30000000000000004,5,0.0,0,True,1746969014.06593,right,False
2846,1746969039.4288201,189.558,-14.6946,4.16057,-0.414463,0.00124997,6174.76,5,57.966,2525.87,2550.84,49.1983,1,2,1.0,0.0,0.30000000000000004,5,0.0,0,True,1746969014.06593,right,False
2847,1746969039.4494162,189.394,-15.2724,4.06499,-0.419963,-0.00382883,6191.38,5,57.986,2526.9,2551.87,49.198,1,2,1.0,0.0,0.30000000000000004,5,0.0,0,True,1746969014.06593,right,False
2848,1746969039.4679344,189.222,-15.8926,3.96827,-0.425323,-0.00913889,6209.9,5,58.006,2527.93,2552.9,49.1977,1,2,1.0,0.0,0.30000000000000004,5,0.0,0,True,1746969014.06593,right,False
2849,1746969039.4868743,189.044,-16.5428,3.86059,-0.430542,-0.014622,6225.76,5,58.026,2528.96,2553.93,49.1974,1,2,1.0,0.0,0.30000000000000004,5,0.0,0,True,1746969014.06593,right,False
2850,1746969039.5097718,188.858,-17.2164,3.74776,-0.435614,-0.0202907,6241.46,5,58.046,2529.99,2554.96,49.1971,1,2,1.0,0.0,0.30000000000000004,5,0.0,0,True,1746969014.06593,right,False
2851,1746969039.5271778,188.664,-17.9182,3.63209,-0.440544,-0.0261028,6257.95,5,58.066,2531.02,2555.99,49.1968,1,2,1.0,0.0,0.30000000000000004,5,0.0,0,True,1746969014.06593,right,False
2852,1746969039.5473845,188.463,-18.6313,3.51574,-0.445327,-0.0320314,6271.48,5,58.086,2532.05,2557.01,49.1965,1,2,1.0,0.0,0.30000000000000004,5,0.0,0,True,1746969014.06593,right,False
2853,1746969039.569957,188.259,-19.3529,3.39706,-0.449957,-0.0380734,6279.88,5,58.106,2533.07,2558.04,49.1962,1,2,1.0,0.0,0.30000000000000004,5,0.0,0,True,1746969014.06593,right,False
2854,1746969039.5878968,188.045,-20.0794,3.28192,-0.454435,-0.0441869,6291.81,5,58.126,2534.1,2559.06,49.1959,1,2,1.0,0.0,0.30000000000000004,5,0.0,0,True,1746969014.06593,right,False
2855,1746969039.6101875,187.823,-20.8227,3.15331,-0.458761,-0.0503615,6306.11,5,58.146,2535.13,2560.09,49.1956,1,2,1.0,0.0,0.30000000000000004,5,0.0,0,True,1746969014.06593,right,False
2856,1746969039.626948,187.598,-21.5455,3.03445,-0.462927,-0.0565522,6312.38,5,58.166,2536.15,2561.11,49.1953,1,2,1.0,0.0,0.30000000000000004,5,0.0,0,True,1746969014.06593,right,False
2857,1746969039.6481123,187.367,-22.2661,2.91274,-0.466935,-0.0627411,6321.74,5,58.186,2537.17,2562.14,49.195,1,2,1.0,0.0,0.30000000000000004,5,0.0,0,True,1746969014.06593,right,False
2858,1746969039.6687117,187.128,-22.981,2.78853,-0.470782,-0.0689176,6336.07,5,58.206,2538.19,2563.16,49.1947,1,2,1.0,0.0,0.30000000000000004,5,0.0,0,True,1746969014.06593,right,False
2859,1746969039.6904616,186.886,-23.6811,2.66335,-0.474465,-0.0750607,6343.22,5,58.226,2539.22,2564.18,49.1944,1,2,1.0,0.0,0.30000000000000004,5,0.0,0,True,1746969014.06593,right,False
2860,1746969039.709443,186.636,-24.3656,2.53948,-0.477985,-0.0811513,6358.27,5,58.246,2540.24,2565.2,49.1941,1,2,1.0,0.0,0.30000000000000004,5,0.0,0,True,1746969014.06593,right,False
2861,1746969039.7312946,186.384,-25.0311,2.40934,-0.48134,-0.0871719,6371.07,5,58.266,2541.26,2566.22,49.1937,1,2,1.0,0.0,0.30000000000000004,5,0.0,0,True,1746969014.06593,right,False
2862,1746969039.7483492,186.13,-25.6709,2.28798,-0.484526,-0.0931051,6381.61,5,58.286,2542.27,2567.24,49.1934,1,2,1.0,0.0,0.30000000000000004,5,0.0,0,True,1746969014.06593,right,False
2863,1746969039.767701,185.868,-26.2937,2.15571,-0.487543,-0.0989321,6401.39,5,58.306,2543.29,2568.26,49.1931,1,2,1.0,0.0,0.30000000000000004,5,0.0,0,True,1746969014.06593,right,False
2864,1746969039.7898355,185.612,-26.866,2.03793,-0.490391,-0.104608,6409.46,5,58.326,2544.31,2569.27,49.1928,1,2,1.0,0.0,0.30000000000000004,5,0.0,0,True,1746969014.06593,right,False
2865,1746969039.8077788,185.353,-27.4125,1.90781,-0.493066,-0.11011,6425.63,5,58.346,2545.32,2570.29,49.1925,1,2,1.0,0.0,0.30000000000000004,5,0.0,0,True,1746969014.06593,right,False
2866,1746969039.829982,185.095,-27.928,1.77675,-0.495569,-0.115445,6442.06,5,58.366,2546.34,2571.3,49.1922,1,2,1.0,0.0,0.30000000000000004,5,0.0,0,True,1746969014.06593,right,False
2867,1746969039.8489296,184.839,-28.4111,1.64535,-0.4979,-0.12064,6454.79,5,58.386,2547.35,2572.32,49.1919,1,2,1.0,0.0,0.30000000000000004,5,0.0,0,True,1746969014.06593,right,False
2868,1746969039.8701122,184.581,-28.862,1.5132,-0.500063,-0.125675,6472.53,5,58.406,2548.36,2573.33,49.1916,1,2,1.0,0.0,0.30000000000000004,5,0.0,0,True,1746969014.06593,right,False
2869,1746969039.8881884,184.327,-29.2656,1.39289,-0.502047,-0.130524,6486.17,5,58.426,2549.38,2574.34,49.1913,1,2,1.0,0.0,0.30000000000000004,5,0.0,0,True,1746969014.06593,right,False
2870,1746969039.9088876,184.077,-29.6304,1.26068,-0.503855,-0.135159,6502.06,5,58.446,2550.39,2575.35,49.191,1,2,1.0,0.0,0.30000000000000004,5,0.0,0,True,1746969014.06593,right,False
2871,1746969039.9298444,183.831,-29.9506,1.12781,-0.505491,-0.139561,6521.56,5,58.466,2551.4,2576.36,49.1907,1,2,1.0,0.0,0.30000000000000004,5,0.0,0,True,1746969014.06593,right,False
2872,1746969039.9474316,183.59,-30.2217,0.999528,-0.506948,-0.143731,6537.68,5,58.486,2552.4,2577.37,49.1904,1,2,1.0,0.0,0.30000000000000004,5,0.0,0,True,1746969014.06593,right,False
2873,1746969039.9674814,183.36,-30.4439,0.871289,-0.508228,-0.147648,6549.08,5,58.506,2553.41,2578.38,49.1901,1,2,1.0,0.0,0.30000000000000004,5,0.0,0,True,1746969014.06593,right,False
2874,1746969039.9886222,183.13,-30.6194,0.740294,-0.50933,-0.151312,6568.71,5,58.526,2554.42,2579.38,49.1898,1,2,1.0,0.0,0.30000000000000004,5,0.0,0,True,1746969014.06593,right,False
2875,1746969040.0086348,182.913,-30.7422,0.613977,-0.510254,-0.154733,6579.8,5,58.546,2555.42,2580.39,49.1895,1,2,1.0,0.0,0.30000000000000004,5,0.0,0,True,1746969014.06593,right,False
2876,1746969040.027213,182.704,-30.8119,0.485189,-0.510997,-0.157885,6592.48,5,58.566,2556.43,2581.39,49.1892,1,2,1.0,0.0,0.30000000000000004,5,0.0,0,True,1746969014.06593,right,False
2877,1746969040.048199,182.499,-30.8341,0.355192,-0.511562,-0.160762,6612.08,5,58.586,2557.43,2582.4,49.1889,1,2,1.0,0.0,0.30000000000000004,5,0.0,0,True,1746969014.06593,right,False
2878,1746969040.068413,182.308,-30.8085,0.222449,-0.511949,-0.163376,6622.37,5,58.606,2558.43,2583.4,49.1886,1,2,1.0,0.0,0.30000000000000004,5,0.0,0,True,1746969014.06593,right,False
2879,1746969040.0876374,182.128,-30.7291,0.0954443,-0.512154,-0.165732,6629.98,5,58.626,2559.43,2584.4,49.1883,1,2,1.0,0.0,0.30000000000000004,5,0.0,0,True,1746969014.06593,right,False
2880,1746969040.1070714,181.956,-30.596,-0.0291054,-0.512177,-0.167817,6638.96,5,58.646,2560.43,2585.4,49.188,1,2,1.0,0.0,0.30000000000000004,5,0.0,0,True,1746969014.06593,right,False
2881,1746969040.129129,181.792,-30.4354,-0.165917,-0.51202,-0.169686,6649,5,58.666,2561.43,2586.4,49.1876,1,2,1.0,0.0,0.30000000000000004,5,0.0,0,True,1746969014.06593,right,False
2882,1746969040.1502807,181.64,-30.2163,-0.288817,-0.511682,-0.171323,6652.31,5,58.686,2562.43,2587.39,49.1873,1,2,1.0,0.0,0.30000000000000004,5,0.0,0,True,1746969014.06593,right,False
2883,1746969040.1687312,181.499,-29.9668,-0.414842,-0.511161,-0.172764,6650.69,5,58.706,2563.43,2588.39,49.187,1,2,1.0,0.0,0.30000000000000004,5,0.0,0,True,1746969014.06593,right,False
2884,1746969040.1885102,181.361,-29.6835,-0.547163,-0.510459,-0.173988,6657.48,5,58.726,2564.42,2589.39,49.1867,1,2,1.0,0.0,0.30000000000000004,5,0.0,0,True,1746969014.06593,right,False
2885,1746969040.2070417,181.229,-29.3725,-0.679014,-0.50958,-0.175041,6665.01,5,58.746,2565.42,2590.38,49.1864,1,2,1.0,0.0,0.30000000000000004,5,0.0,0,True,1746969014.06593,right,False
2886,1746969040.229125,181.108,-29.0225,-0.807851,-0.508523,-0.175905,6664.73,5,58.766,2566.41,2591.38,49.1861,1,2,1.0,0.0,0.30000000000000004,5,0.0,0,True,1746969014.06593,right,False
2887,1746969040.2492173,180.992,-28.6494,-0.942875,-0.507286,-0.176592,6671.77,5,58.786,2567.41,2592.37,49.1858,1,2,1.0,0.0,0.30000000000000004,5,0.0,0,True,1746969014.06593,right,False
2888,1746969040.2712123,180.883,-28.2421,-1.0773,-0.505874,-0.177096,6677.64,5,58.806,2568.4,2593.36,49.1855,1,2,1.0,0.0,0.30000000000000004,5,0.0,0,True,1746969014.06593,right,False
2889,1746969040.2877107,180.783,-27.7985,-1.2053,-0.504281,-0.177412,6679.89,5,58.826,2569.39,2594.35,49.1852,1,2,1.0,0.0,0.30000000000000004,5,0.0,0,True,1746969014.06593,right,False
2890,1746969040.3089497,180.688,-27.327,-1.33501,-0.502517,-0.177547,6681.92,5,58.846,2570.38,2595.34,49.1849,1,2,1.0,0.0,0.30000000000000004,5,0.0,0,True,1746969014.06593,right,False
2891,1746969040.3289223,180.601,-26.8242,-1.46167,-0.500574,-0.177499,6685.3,5,58.866,2571.37,2596.33,49.1846,1,2,1.0,0.0,0.30000000000000004,5,0.0,0,True,1746969014.06593,right,False
2892,1746969040.348717,180.521,-26.2899,-1.59552,-0.498456,-0.177265,6689.72,5,58.886,2572.36,2597.32,49.1843,1,2,1.0,0.0,0.30000000000000004,5,0.0,0,True,1746969014.06593,right,False
2893,1746969040.3684266,180.45,-25.7243,-1.71944,-0.496163,-0.17685,6688.96,5,58.906,2573.35,2598.31,49.184,1,2,1.0,0.0,0.30000000000000004,5,0.0,0,True,1746969014.06593,right,False
2894,1746969040.390562,180.384,-25.1408,-1.85908,-0.493699,-0.176277,6690.76,5,58.926,2574.33,2599.3,49.1837,1,2,1.0,0.0,0.30000000000000004,5,0.0,0,True,1746969014.06593,right,False
2895,1746969040.4084482,180.322,-24.5225,-1.98453,-0.491062,-0.175528,6693.85,5,58.946,2575.32,2600.28,49.1834,1,2,1.0,0.0,0.30000000000000004,5,0.0,0,True,1746969014.06593,right,False
2896,1746969040.4285538,180.27,-23.8752,-2.11231,-0.488251,-0.174618,6694.51,5,58.966,2576.3,2601.27,49.1831,1,2,1.0,0.0,0.30000000000000004,5,0.0,0,True,1746969014.06593,right,False
2897,1746969040.4496725,180.226,-23.2034,-2.23671,-0.48527,-0.173557,6688.29,5,58.986,2577.29,2602.25,49.1828,1,2,1.0,0.0,0.30000000000000004,5,0.0,0,True,1746969014.06593,right,False
2898,1746969040.4683645,180.187,-22.5135,-2.3621,-0.482119,-0.172352,6681.54,5,59.006,2578.27,2603.24,49.1825,1,2,1.0,0.0,0.30000000000000004,5,0.0,0,True,1746969014.06593,right,False
2899,1746969040.4906201,180.157,-21.8041,-2.4826,-0.478796,-0.171048,6666.04,5,59.026,2579.26,2604.22,49.1822,1,2,1.0,0.0,0.30000000000000004,5,0.0,0,True,1746969014.06593,right,False
2900,1746969040.5083382,180.129,-21.0879,-2.60443,-0.475305,-0.169666,6661.05,5,59.046,2580.24,2605.2,49.1818,1,2,1.0,0.0,0.30000000000000004,5,0.0,0,True,1746969014.06593,right,False
2901,1746969040.5300584,180.1,-20.3673,-2.72905,-0.471649,-0.16822,6653.41,5,59.066,2581.22,2606.19,49.1815,1,2,1.0,0.0,0.30000000000000004,5,0.0,0,True,1746969014.06593,right,False
2902,1746969040.5509865,180.077,-19.6392,-2.84591,-0.467826,-0.16672,6642.2,5,59.086,2582.2,2607.17,49.1812,1,2,1.0,0.0,0.30000000000000004,5,0.0,0,True,1746969014.06593,right,False
2903,1746969040.5697958,180.058,-18.9167,-2.96348,-0.463845,-0.165207,6627.69,5,59.106,2583.19,2608.15,49.1809,1,2,1.0,0.0,0.30000000000000004,5,0.0,0,True,1746969014.06593,right,False
2904,1746969040.5885935,180.039,-18.2017,-3.08113,-0.459701,-0.163704,6619.55,5,59.126,2584.17,2609.13,49.1806,1,2,1.0,0.0,0.30000000000000004,5,0.0,0,True,1746969014.06593,right,False
2905,1746969040.6092367,180.025,-17.4959,-3.19321,-0.4554,-0.162243,6601.21,5,59.146,2585.15,2610.11,49.1803,1,2,1.0,0.0,0.30000000000000004,5,0.0,0,True,1746969014.06593,right,False
2906,1746969040.6268907,180.013,-16.8163,-3.30982,-0.45094,-0.160867,6581.29,5,59.166,2586.13,2611.09,49.18,1,2,1.0,0.0,0.30000000000000004,5,0.0,0,True,1746969014.06593,right,False
2907,1746969040.6484818,180.005,-16.1614,-3.41996,-0.446326,-0.159609,6558.51,5,59.186,2587.11,2612.07,49.1797,1,2,1.0,0.0,0.30000000000000004,5,0.0,0,True,1746969014.06593,right,False
2908,1746969040.6696784,179.998,-15.538,-3.53072,-0.441559,-0.158504,6531.58,5,59.206,2588.09,2613.05,49.1794,1,2,1.0,0.0,0.30000000000000004,5,0.0,0,True,1746969014.06593,right,False
2909,1746969040.68767,179.991,-14.9561,-3.6409,-0.436639,-0.157568,6504.03,5,59.226,2589.07,2614.03,49.1791,1,2,1.0,0.0,0.30000000000000004,5,0.0,0,True,1746969014.06593,right,False
2910,1746969040.707873,179.989,-14.4128,-3.74956,-0.431573,-0.156837,6468.94,5,59.246,2590.05,2615.01,49.1788,1,2,1.0,0.0,0.30000000000000004,5,0.0,0,True,1746969014.06593,right,False
2911,1746969040.7289424,179.977,-13.9243,-3.85885,-0.426361,-0.15635,6446.37,5,59.266,2591.02,2615.99,49.1785,1,2,1.0,0.0,0.30000000000000004,5,0.0,0,True,1746969014.06593,right,False
2912,1746969040.7473807,179.968,-13.4843,-3.96322,-0.421006,-0.156124,6416.03,5,59.286,2592,2616.97,49.1782,1,2,1.0,0.0,0.30000000000000004,5,0.0,0,True,1746969014.06593,right,False
2913,1746969040.7685437,179.961,-13.1008,-4.07047,-0.415507,-0.156186,6382.51,5,59.306,2592.98,2617.95,49.1779,1,2,1.0,0.0,0.30000000000000004,5,0.0,0,True,1746969014.06593,right,False
2914,1746969040.7904844,179.947,-12.7724,-4.17,-0.409865,-0.156555,6352.21,5,59.326,2593.96,2618.92,49.1776,1,2,1.0,0.0,0.30000000000000004,5,0.0,0,True,1746969014.06593,right,False
2915,1746969040.807793,179.931,-12.5075,-4.2721,-0.404085,-0.157236,6325.74,5,59.346,2594.94,2619.9,49.1773,1,2,1.0,0.0,0.30000000000000004,5,0.0,0,True,1746969014.06593,right,False
2916,1746969040.8287504,179.916,-12.2992,-4.36917,-0.398163,-0.158252,6289.25,5,59.366,2595.92,2620.88,49.177,1,2,1.0,0.0,0.30000000000000004,5,0.0,0,True,1746969014.06593,right,False
2917,1746969040.8488789,179.897,-12.1549,-4.46876,-0.392102,-0.159608,6260.82,5,59.386,2596.9,2621.86,49.1767,1,2,1.0,0.0,0.30000000000000004,5,0.0,0,True,1746969014.06593,right,False
2918,1746969040.8672383,179.873,-12.0729,-4.56634,-0.385901,-0.161302,6232.75,5,59.406,2597.87,2622.84,49.1764,1,2,1.0,0.0,0.30000000000000004,5,0.0,0,True,1746969014.06593,right,False
2919,1746969040.8899133,179.847,-12.0447,-4.66054,-0.379561,-0.163345,6202.69,5,59.426,2598.85,2623.82,49.176,1,2,1.0,0.0,0.30000000000000004,5,0.0,0,True,1746969014.06593,right,False
2920,1746969040.9077015,179.813,-12.0829,-4.76323,-0.373079,-0.165717,6182.83,5,59.446,2599.83,2624.79,49.1757,1,2,1.0,0.0,0.30000000000000004,5,0.0,0,True,1746969014.06593,right,False
2921,1746969040.9269428,179.776,-12.1742,-4.85715,-0.366457,-0.168426,6157.42,5,59.466,2600.81,2625.77,49.1754,1,2,1.0,0.0,0.30000000000000004,5,0.0,0,True,1746969014.06593,right,False
2922,1746969040.9484305,179.731,-12.3239,-4.95804,-0.35969,-0.171478,6140.31,5,59.486,2601.79,2626.75,49.1751,1,2,1.0,0.0,0.30000000000000004,5,0.0,0,True,1746969014.06593,right,False
2923,1746969040.9688458,179.682,-12.5215,-5.04964,-0.352781,-0.17485,6122.58,5,59.506,2602.76,2627.73,49.1748,1,2,1.0,0.0,0.30000000000000004,5,0.0,0,True,1746969014.06593,right,False
2924,1746969040.990321,179.623,-12.7679,-5.14798,-0.345723,-0.178501,6112.1,5,59.526,2603.74,2628.71,49.1745,1,2,1.0,0.0,0.30000000000000004,5,0.0,0,True,1746969014.06593,right,False
2925,1746969041.0081205,179.563,-13.062,-5.24529,-0.338519,-0.182441,6096.52,5,59.546,2604.72,2629.68,49.1742,1,2,1.0,0.0,0.30000000000000004,5,0.0,0,True,1746969014.06593,right,False
2926,1746969041.0276828,179.491,-13.4027,-5.34783,-0.331169,-0.186666,6090,5,59.566,2605.7,2630.66,49.1739,1,2,1.0,0.0,0.30000000000000004,5,0.0,0,True,1746969014.06593,right,False
2927,1746969041.0502355,179.415,-13.7812,-5.4491,-0.323665,-0.191132,6082.25,5,59.586,2606.67,2631.64,49.1736,1,2,1.0,0.0,0.30000000000000004,5,0.0,0,True,1746969014.06593,right,False
2928,1746969041.069639,179.327,-14.199,-5.55743,-0.316014,-0.195821,6082.29,5,59.606,2607.65,2632.62,49.1733,1,2,1.0,0.0,0.30000000000000004,5,0.0,0,True,1746969014.06593,right,False
2929,1746969041.1120908,179.235,-14.6456,-5.66826,-0.308207,-0.200707,6081.78,5,59.626,2608.63,2633.59,49.173,1,2,1.0,0.0,0.30000000000000004,5,0.0,0,True,1746969014.06593,right,False
2930,1746969041.1145477,179.137,-15.1154,-5.77763,-0.300246,-0.205778,6080.29,5,59.646,2609.61,2634.57,49.1727,1,2,1.0,0.0,0.30000000000000004,5,0.0,0,True,1746969014.06593,right,False
2931,1746969041.1497617,179.032,-15.6062,-5.88715,-0.292129,-0.210989,6082.68,5,59.666,2610.58,2635.55,49.1724,1,2,1.0,0.0,0.30000000000000004,5,0.0,0,True,1746969014.06593,right,False
2932,1746969041.1894376,178.922,-16.1128,-6.00061,-0.283852,-0.216327,6082.24,5,59.686,2611.56,2636.52,49.1721,1,2,1.0,0.0,0.30000000000000004,5,0.0,0,True,1746969014.06593,right,False
2933,1746969041.192283,178.802,-16.6425,-6.11779,-0.275417,-0.221783,6091.14,5,59.706,2612.53,2637.5,49.1718,1,2,1.0,0.0,0.30000000000000004,5,0.0,0,True,1746969014.06593,right,False
2934,1746969041.1942494,178.678,-17.1716,-6.23423,-0.266819,-0.227325,6094.56,5,59.726,2613.51,2638.47,49.1715,1,2,1.0,0.0,0.30000000000000004,5,0.0,0,True,1746969014.06593,right,False
2935,1746969041.2102973,178.544,-17.7095,-6.34934,-0.258059,-0.232923,6107.26,5,59.746,2614.49,2639.45,49.1712,1,2,1.0,0.0,0.30000000000000004,5,0.0,0,True,1746969014.06593,right,False
2936,1746969041.255046,178.407,-18.2565,-6.47213,-0.249135,-0.238569,6117.28,5,59.766,2615.46,2640.43,49.1709,1,2,1.0,0.0,0.0,5,0.0,0,True,1746969014.06593,left,False
2937,1746969041.2571332,178.269,-18.7913,-6.59105,-0.240045,-0.244249,6120.81,5,59.786,2616.44,2641.4,49.1706,1,2,1.0,0.0,0.0,5,0.0,0,True,1746969014.06593,left,False
2938,1746969041.2678032,178.12,-19.3316,-6.71609,-0.23079,-0.249924,6134.87,5,59.806,2617.41,2642.37,49.1702,1,2,1.0,0.0,0.0,5,0.0,0,True,1746969014.06593,left,False
2939,1746969041.2889566,177.973,-19.8597,-6.84288,-0.221366,-0.255572,6141.73,5,59.826,2618.38,2643.35,49.1699,1,2,1.0,0.0,0.0,5,0.0,0,True,1746969014.06593,left,False
2940,1746969041.308045,177.821,-20.3793,-6.96814,-0.211778,-0.261189,6148.86,5,59.846,2619.36,2644.32,49.1696,1,2,1.0,0.0,0.0,5,0.0,0,True,1746969014.06593,left,False
2941,1746969041.3307583,177.686,-20.9047,-7.09392,-0.202016,-0.266731,6172.07,5,59.866,2620.33,2645.3,49.1693,1,2,1.0,0.0,0.0,5,0.0,0,True,1746969014.06593,left,False
2942,1746969041.3477373,177.611,-21.4414,-7.21611,-0.192104,-0.271855,6177.5,5,59.886,2621.3,2646.27,49.169,1,2,1.0,0.0,0.0,5,0.0,0,True,1746969014.06593,left,False
2943,1746969041.3677046,177.582,-21.8602,-7.32672,-0.182056,-0.276224,6150.78,5,59.906,2622.28,2647.24,49.1687,1,2,1.0,0.0,0.0,5,0.0,0,True,1746969014.06593,left,False
2944,1746969041.3912313,177.574,-22.1414,-7.44794,-0.171869,-0.279843,6119.1,5,59.926,2623.25,2648.22,49.1684,1,2,1.0,0.0,0.0,5,0.0,0,True,1746969014.06593,left,False
2945,1746969041.4078813,177.59,-22.2779,-7.55145,-0.161538,-0.282727,6073.96,5,59.946,2624.23,2649.19,49.1681,1,2,1.0,0.0,0.0,5,0.0,0,True,1746969014.06593,left,False
2946,1746969041.4291508,177.627,-22.2836,-7.66194,-0.151056,-0.284889,6027.29,5,59.966,2625.2,2650.16,49.1678,1,2,1.0,0.0,0.0,5,0.0,0,True,1746969014.06593,left,False
2947,1746969041.449434,177.678,-22.1611,-7.76246,-0.14043,-0.28636,5980.28,5,59.986,2626.17,2651.14,49.1675,1,2,1.0,0.0,0.0,5,0.0,0,True,1746969014.06593,left,False
2948,1746969041.469859,177.742,-21.9255,-7.87496,-0.129651,-0.287169,5943.1,5,60.006,2627.15,2652.11,49.1672,1,2,1.0,0.0,0.0,5,0.0,0,True,1746969014.06593,left,False
2949,1746969041.4875774,177.822,-21.5738,-7.97323,-0.118724,-0.287339,5900.73,5,60.026,2628.12,2653.09,49.1669,1,2,1.0,0.0,0.0,5,0.0,0,True,1746969014.06593,left,False
2950,1746969041.5076883,177.912,-21.1189,-8.08068,-0.107654,-0.286889,5867.31,5,60.046,2629.1,2654.06,49.1666,1,2,1.0,0.0,0.0,5,0.0,0,True,1746969014.06593,left,False
2951,1746969041.5305026,178.011,-20.5632,-8.18489,-0.0964355,-0.285836,5841.86,5,60.066,2630.08,2655.04,49.1663,1,2,1.0,0.0,0.0,5,0.0,0,True,1746969014.06593,left,False
2952,1746969041.550289,178.122,-19.9115,-8.28896,-0.0850769,-0.284218,5815.71,5,60.086,2631.05,2656.02,49.166,1,2,1.0,0.0,0.0,5,0.0,0,True,1746969014.06593,left,False
2953,1746969041.568221,178.237,-19.1775,-8.393,-0.0735819,-0.282042,5799.81,5,60.106,2632.03,2656.99,49.1657,1,2,1.0,0.0,-0.1,5,0.0,0,True,1746969014.06593,left,False
2954,1746969041.5884082,178.366,-18.3479,-8.4883,-0.0619527,-0.279313,5779.96,5,60.126,2633.01,2657.97,49.1654,1,2,1.0,0.0,-0.1,5,0.0,0,True,1746969014.06593,left,False
2955,1746969041.60805,178.502,-17.4491,-8.58957,-0.0501953,-0.276052,5763.91,5,60.146,2633.98,2658.95,49.1651,1,2,1.0,0.0,-0.1,5,0.0,0,True,1746969014.06593,left,False
2956,1746969041.627824,178.647,-16.4732,-8.68515,-0.0383138,-0.27229,5746.75,5,60.166,2634.96,2659.93,49.1648,1,2,1.0,0.0,-0.1,5,0.0,0,True,1746969014.06593,left,False
2957,1746969041.6487184,178.8,-15.4321,-8.77562,-0.0263204,-0.268043,5727.68,5,60.186,2635.94,2660.91,49.1645,1,2,1.0,0.0,-0.1,5,0.0,0,True,1746969014.06593,left,False
2958,1746969041.6687193,178.982,-14.4386,-8.85809,-0.0142375,-0.262949,5691.86,5,60.206,2636.92,2661.89,49.1641,1,2,1.0,0.0,-0.1,5,0.0,0,True,1746969014.06593,left,False
2959,1746969041.6891067,179.2,-13.2324,-8.91822,-0.0021342,-0.256072,5636.67,5,60.226,2637.9,2662.87,49.1638,1,2,1.0,0.0,-0.1,5,0.0,0,True,1746969014.06593,left,False
2960,1746969041.7088127,179.43,-11.7653,-8.96522,0.00997314,-0.247458,5584.33,5,60.246,2638.89,2663.85,49.1635,1,2,1.0,0.0,-0.1,5,0.0,0,True,1746969014.06593,left,False
2961,1746969041.728763,179.649,-10.0727,-8.98511,0.0220622,-0.237204,5549.52,5,60.266,2639.87,2664.83,49.1632,1,2,1.0,0.0,-0.1,5,0.0,0,True,1746969014.06593,left,False
2962,1746969041.7497332,179.855,-8.18879,-8.9928,0.0340963,-0.225391,5532.28,5,60.286,2640.85,2665.82,49.1629,1,2,1.0,0.0,-0.1,5,0.0,0,True,1746969014.06593,left,False
2963,1746969041.7688668,180.041,-6.14998,-8.97511,0.0460409,-0.21209,5522.94,5,60.306,2641.84,2666.8,49.1626,1,2,1.0,0.0,-0.1,5,0.0,0,True,1746969014.06593,left,False
2964,1746969041.7890253,180.203,-3.98555,-8.92088,0.0578471,-0.197372,5518.69,5,60.326,2642.83,2667.79,49.1623,1,2,1.0,0.0,-0.1,5,0.0,0,True,1746969014.06593,left,False
2965,1746969041.8083694,180.336,-1.72628,-8.84241,0.0694641,-0.181322,5516.1,5,60.346,2643.82,2668.78,49.162,1,2,1.0,0.0,-0.1,5,0.0,0,True,1746969014.06593,left,False
2966,1746969041.8270135,180.433,0.597359,-8.72014,0.0808309,-0.164052,5514.5,5,60.366,2644.81,2669.77,49.1617,1,2,1.0,0.0,-0.1,5,0.0,0,True,1746969014.06593,left,False
2967,1746969041.8496077,180.487,2.95978,-8.56184,0.0918905,-0.145683,5513.87,5,60.386,2645.8,2670.77,49.1614,1,2,1.0,0.0,-0.1,5,0.0,0,True,1746969014.06593,left,False
2968,1746969041.867901,180.494,5.34021,-8.36206,0.102582,-0.126351,5513.75,5,60.406,2646.8,2671.76,49.1611,1,2,1.0,0.0,-0.1,5,0.0,0,True,1746969014.06593,left,False
2969,1746969041.8898797,180.45,7.72066,-8.12295,0.11284,-0.106205,5515.05,5,60.426,2647.79,2672.76,49.1608,1,2,1.0,0.0,-0.1,5,0.0,0,True,1746969014.06593,left,False
2970,1746969041.9068587,180.352,10.08,-7.84185,0.12262,-0.0853909,5516.74,5,60.446,2648.79,2673.76,49.1605,1,2,1.0,0.0,-0.1,5,0.0,0,True,1746969014.06593,left,False
2971,1746969041.9291096,180.201,12.4052,-7.50936,0.13186,-0.06403,5519.32,5,60.466,2649.79,2674.76,49.1602,1,2,1.0,0.0,-0.1,5,0.0,0,True,1746969014.06593,left,False
2972,1746969041.9497478,179.995,14.6736,-7.12534,0.140519,-0.04228,5522.22,5,60.486,2650.79,2675.76,49.1599,1,2,1.0,0.0,-0.1,5,0.0,0,True,1746969014.06593,left,False
2973,1746969041.9720426,179.738,16.8612,-6.68687,0.148547,-0.0203059,5526.28,5,60.506,2651.8,2676.76,49.1596,1,2,1.0,0.0,0.0,5,0.0,0,True,1746969014.06593,right,False
2974,1746969041.9883842,179.431,18.9537,-6.20196,0.1559,0.00171297,5534.6,5,60.526,2652.8,2677.77,49.1593,1,2,1.0,0.0,0.0,5,0.0,0,True,1746969014.06593,right,False
2975,1746969042.009838,179.082,20.9251,-5.6746,0.162547,0.0235936,5544.97,5,60.546,2653.81,2678.77,49.159,1,2,1.0,0.0,0.0,5,0.0,0,True,1746969014.06593,right,False
2976,1746969042.0288806,178.697,22.7417,-5.09886,0.168447,0.045129,5559.27,5,60.566,2654.81,2679.78,49.1587,1,2,1.0,0.0,0.0,5,0.0,0,True,1746969014.06593,right,False
2977,1746969042.0484397,178.286,24.3807,-4.48229,0.173578,0.0660927,5574.43,5,60.586,2655.82,2680.78,49.1583,1,2,1.0,0.0,0.0,5,0.0,0,True,1746969014.06593,right,False
2978,1746969042.0698488,177.941,25.8472,-3.82753,0.177922,0.0859706,5553.76,5,60.606,2656.82,2681.79,49.158,1,2,1.0,0.0,0.0,5,0.0,0,True,1746969014.06593,right,False
2979,1746969042.088329,177.582,27.2038,-3.12097,0.181514,0.104111,5583.05,5,60.626,2657.83,2682.79,49.1577,1,2,1.0,0.0,0.0,5,0.0,0,True,1746969014.06593,right,False
2980,1746969042.1097088,177.213,28.2747,-2.71922,0.184432,0.12026,5668.52,5,60.646,2658.84,2683.8,49.1574,1,2,1.0,0.0,0.0,5,0.0,0,True,1746969014.06593,right,False
2981,1746969042.127338,176.83,29.3271,-1.09668,0.186715,0.134285,5765.77,5,60.666,2659.84,2684.8,49.1571,2,2,1.0,0.0,0.0,5,0.0,0,True,1746969014.06593,right,False
2982,1746969042.1474388,176.536,29.6797,-0.677401,0.18843,0.146147,5871.77,5,60.686,2660.84,2685.81,49.1568,2,2,1.0,0.0,0.0,5,0.0,0,True,1746969014.06593,right,False
2983,1746969042.1678793,176.304,29.6266,-0.337431,0.189482,0.155761,5977.62,5,60.706,2661.85,2686.81,49.1565,2,2,1.0,0.0,0.0,5,0.0,0,True,1746969014.06593,right,False
2984,1746969042.1887174,176.137,29.1752,-0.000410079,0.189876,0.163071,6080.85,5,60.726,2662.85,2687.81,49.1562,2,2,1.0,0.0,0.0,5,0.0,0,True,1746969014.06593,right,False
2985,1746969042.2094162,176.036,28.325,0.336722,0.18962,0.16806,6181.58,5,60.746,2663.85,2688.81,49.1559,2,2,1.0,0.0,0.0,5,0.0,0,True,1746969014.06593,right,False
2986,1746969042.2275686,175.998,27.0768,0.679763,0.188717,0.170709,6280.33,5,60.766,2664.85,2689.81,49.1556,2,2,1.0,0.0,0.0,5,0.0,0,True,1746969014.06593,right,False
2987,1746969042.248854,176.019,25.4379,1.02985,0.187174,0.171037,6377.01,5,60.786,2665.85,2690.81,49.1553,2,2,1.0,0.0,0.0,5,0.0,0,True,1746969014.06593,right,False
2988,1746969042.267194,176.095,23.4301,1.39656,0.185004,0.169123,6463.12,5,60.806,2666.84,2691.81,49.155,2,2,1.0,0.0,0.0,5,0.0,0,True,1746969014.06593,right,False
2989,1746969042.289966,176.257,21.085,1.78404,0.18221,0.165102,6482.78,5,60.826,2667.84,2692.8,49.1547,2,2,1.0,0.0,0.0,5,0.0,0,True,1746969014.06593,right,False
2990,1746969042.306566,176.521,18.4495,2.21548,0.178809,0.159166,6403.71,5,60.846,2668.83,2693.8,49.1544,2,2,1.0,0.0,0.0,5,0.0,0,True,1746969014.06593,right,False
2991,1746969042.3276927,176.853,15.6131,2.6664,0.174821,0.151626,6245.08,5,60.866,2669.82,2694.79,49.1541,2,2,1.0,0.0,0.0,5,0.0,0,True,1746969014.06593,right,False
2992,1746969042.3483944,177.212,12.6968,3.11443,0.170288,0.142917,6050.98,5,60.886,2670.82,2695.78,49.1538,2,2,1.0,0.0,0.0,5,0.0,0,True,1746969014.06593,right,False
2993,1746969042.3687882,177.578,9.81018,3.57084,0.165261,0.133596,5819.14,5,60.906,2671.81,2696.78,49.1535,2,2,1.0,0.0,0.0,5,0.0,0,True,1746969014.06593,right,False
2994,1746969042.3883126,177.897,7.09218,4.01166,0.159804,0.124324,5614.94,5,60.926,2672.8,2697.77,49.1532,2,2,1.0,0.0,0.0,5,0.0,0,True,1746969014.06593,right,False
2995,1746969042.409756,178.113,4.66857,4.41374,0.153979,0.115772,5499.06,5,60.946,2673.8,2698.76,49.1529,2,2,1.0,0.0,0.0,5,0.0,0,True,1746969014.06593,right,False
2996,1746969042.4272928,178.24,2.61604,4.7945,0.147862,0.108358,5457.2,5,60.966,2674.79,2699.76,49.1525,2,2,1.0,0.0,0.0,5,0.0,0,True,1746969014.06593,right,False
2997,1746969042.4479356,178.319,0.942479,5.12543,0.141512,0.102189,5447.95,5,60.986,2675.78,2700.75,49.1522,2,2,1.0,0.0,0.0,5,0.0,0,True,1746969014.06593,right,False
2998,1746969042.4696004,178.379,-0.394748,5.42045,0.134983,0.0971934,5445.68,5,61.006,2676.78,2701.74,49.1519,2,2,1.0,0.0,0.0,5,0.0,0,True,1746969014.06593,right,False
2999,1746969042.4881227,178.426,-1.44917,5.64953,0.12832,0.0926525,5449.15,5,61.026,2677.77,2702.73,49.1516,2,2,1.0,0.0,0.0,5,0.0,0,True,1746969014.06593,right,False
3000,1746969042.5079842,178.468,-2.27659,5.81382,0.12169,0.0862572,5454.1,5,61.046,2678.75,2703.72,49.1513,2,2,1.0,0.0,0.0,5,0.0,0,True,1746969014.06593,right,False
3001,1746969042.5303032,178.506,-2.92387,5.90575,0.11519,0.0806052,5462.14,5,61.066,2679.74,2704.71,49.151,2,2,1.0,0.0,0.0,5,0.0,0,True,1746969014.06593,right,False
3002,1746969042.5479913,178.543,-3.4352,5.92119,0.108831,0.0755712,5471.88,5,61.086,2680.73,2705.69,49.1507,2,2,1.0,0.0,0.0,5,0.0,0,True,1746969014.06593,right,False
3003,1746969042.5696821,178.578,-3.84465,5.87175,0.102621,0.071037,5484.19,5,61.106,2681.72,2706.68,49.1504,2,2,1.0,0.0,0.0,5,0.0,0,True,1746969014.06593,right,False
3004,1746969042.588311,178.608,-4.18049,5.74483,0.0965597,0.0669114,5503.06,5,61.126,2682.71,2707.67,49.1501,2,2,1.0,0.0,0.0,5,0.0,0,True,1746969014.06593,right,False
3005,1746969042.608832,178.634,-4.46616,5.5426,0.0906466,0.0631048,5529.86,5,61.146,2683.69,2708.66,49.1498,2,2,1.0,0.0,0.0,5,0.0,0,True,1746969014.06593,right,False
3006,1746969042.6277254,178.651,-4.7097,5.30695,0.0848793,0.0595567,5566.94,5,61.166,2684.68,2709.65,49.1495,2,2,1.0,0.0,0.0,5,0.0,0,True,1746969014.06593,left,False
3007,1746969042.6470737,178.666,-4.92487,5.02664,0.0792547,0.0562207,5607.83,5,61.186,2685.67,2710.64,49.1492,2,2,1.0,0.0,0.0,5,0.0,0,True,1746969014.06593,left,False
3008,1746969042.6672351,178.682,-5.10192,4.72381,0.0737721,0.0530907,5647.95,5,61.206,2686.66,2711.63,49.1489,2,2,1.0,0.0,0.0,5,0.0,0,True,1746969014.06593,left,False
3009,1746969042.6888902,178.712,-5.23574,4.42284,0.0684317,0.0501777,5671.88,5,61.226,2687.65,2712.62,49.1486,2,2,1.0,0.0,0.0,5,0.0,0,True,1746969014.06593,left,False
3010,1746969042.7073495,178.766,-5.30538,4.14423,0.0632383,0.0475532,5667.03,5,61.246,2688.64,2713.61,49.1483,2,2,1.0,0.0,0.0,5,0.0,0,True,1746969014.06593,left,False
3011,1746969042.7286386,178.837,-5.31057,3.87731,0.0581951,0.0452468,5644.83,5,61.266,2689.63,2714.6,49.148,2,2,1.0,0.0,0.0,5,0.0,0,True,1746969014.06593,left,False
3012,1746969042.7477427,178.918,-5.24944,3.6331,0.053305,0.0432603,5612.96,5,61.286,2690.62,2715.59,49.1477,2,2,1.0,0.0,0.0,5,0.0,0,True,1746969014.06593,left,False
3013,1746969042.7689886,179.001,-5.13062,3.40844,0.0485708,0.0415637,5581.99,5,61.306,2691.62,2716.58,49.1474,2,2,1.0,0.0,0.0,5,0.0,0,True,1746969014.06593,left,False
3014,1746969042.7878418,179.078,-4.9635,3.19662,0.0439937,0.0401213,5561.85,5,61.326,2692.61,2717.57,49.1471,2,2,1.0,0.0,0.0,5,0.0,0,True,1746969014.06593,left,False
3015,1746969042.8086371,179.15,-4.75403,3.01553,0.0395746,0.0389087,5548.36,5,61.346,2693.6,2718.57,49.1468,2,2,1.0,0.0,0.0,5,0.0,0,True,1746969014.06593,left,False
3016,1746969042.8282766,179.219,-4.51375,2.85058,0.0353125,0.0378968,5539.58,5,61.366,2694.6,2719.56,49.1464,2,2,1.0,0.0,0.0,5,0.0,0,True,1746969014.06593,left,False
3017,1746969042.8474514,179.287,-4.24723,2.69525,0.0312059,0.0370652,5534.89,5,61.386,2695.59,2720.55,49.1461,2,2,1.0,0.0,0.0,5,0.0,0,True,1746969014.06593,left,False
3018,1746969042.868781,179.355,-3.95929,2.56282,0.0272516,0.0363952,5531.43,5,61.406,2696.59,2721.55,49.1458,2,2,1.0,0.0,0.0,5,0.0,0,True,1746969014.06593,left,False
3019,1746969042.8898582,179.422,-3.65703,2.4413,0.023446,0.0358698,5529.48,5,61.426,2697.58,2722.54,49.1455,2,2,1.0,0.0,0.0,5,0.0,0,True,1746969014.06593,left,False
3020,1746969042.907075,179.489,-3.34393,2.33722,0.0197847,0.035474,5528.66,5,61.446,2698.58,2723.54,49.1452,2,2,1.0,0.0,0.0,5,0.0,0,True,1746969014.06593,left,False
3021,1746969042.9297204,179.556,-3.02369,2.24378,0.0162627,0.035195,5528.71,5,61.466,2699.57,2724.54,49.1449,2,2,1.0,0.0,0.0,5,0.0,0,True,1746969014.06593,left,False
3022,1746969042.9498162,179.622,-2.70265,2.15406,0.0128742,0.0350172,5529.09,5,61.486,2700.57,2725.53,49.1446,2,2,1.0,0.0,0.0,5,0.0,0,True,1746969014.06593,left,False
3023,1746969042.9673676,179.689,-2.38099,2.07794,0.00961291,0.034928,5529.33,5,61.506,2701.57,2726.53,49.1443,2,2,1.0,0.0,0.0,5,0.0,0,True,1746969014.06593,left,False
3024,1746969042.9900439,179.757,-2.06482,2.01185,0.00647265,0.0349032,5528.79,5,61.526,2702.56,2727.53,49.144,2,2,1.0,0.0,0.0,5,0.0,0,True,1746969014.06593,left,False
3025,1746969043.0092492,179.824,-1.75421,1.95179,0.00344728,0.0349399,5530.08,5,61.546,2703.56,2728.53,49.1437,2,2,1.0,0.0,0.0,5,0.0,0,True,1746969014.06593,left,False
3026,1746969043.0303826,179.89,-1.45356,1.89104,0.000530179,0.0350224,5530.93,5,61.566,2704.56,2729.52,49.1434,2,2,1.0,0.0,0.0,5,0.0,0,True,1746969014.06593,left,False
3027,1746969043.0481827,179.957,-1.16292,1.84009,-0.00228519,0.0351431,5532.83,5,61.586,2705.56,2730.52,49.1431,2,2,1.0,0.0,0.0,5,0.0,0,True,1746969014.06593,left,False
3028,1746969043.0684638,180.023,-0.883563,1.79506,-0.00500507,0.0352914,5534.12,5,61.606,2706.56,2731.52,49.1428,2,2,1.0,0.0,0.0,5,0.0,0,True,1746969014.06593,left,False
3029,1746969043.0895848,180.09,-0.618393,1.75212,-0.00763563,0.0354525,5535.68,5,61.626,2707.56,2732.52,49.1425,2,2,1.0,0.0,0.0,5,0.0,0,True,1746969014.06593,left,False
3030,1746969043.1079605,180.156,-0.368375,1.7104,-0.0101828,0.0356175,5536.92,5,61.646,2708.56,2733.52,49.1422,2,2,1.0,0.0,0.0,5,0.0,0,True,1746969014.06593,left,False
3031,1746969043.1285746,180.222,-0.133945,1.67255,-0.0126521,0.0357768,5538.2,5,61.666,2709.56,2734.52,49.1419,2,2,1.0,0.0,0.0,5,0.0,0,True,1746969014.06593,left,False
3032,1746969043.148756,180.287,0.0844469,1.63647,-0.0150494,0.0359246,5540.66,5,61.686,2710.56,2735.52,49.1416,2,2,1.0,0.0,0.0,5,0.0,0,True,1746969014.06593,left,False
3033,1746969043.1683671,180.352,0.287024,1.59986,-0.0173792,0.0360553,5542.88,5,61.706,2711.56,2736.52,49.1413,2,2,1.0,0.0,0.0,5,0.0,0,True,1746969014.06593,left,False
3034,1746969043.189877,180.417,0.473543,1.55258,-0.0196462,0.0361626,5545.53,5,61.726,2712.56,2737.53,49.141,2,2,1.0,0.0,0.0,5,0.0,0,True,1746969014.06593,left,False
3035,1746969043.2085264,180.483,0.643641,1.51444,-0.0218548,0.0362417,5546.36,5,61.746,2713.56,2738.53,49.1406,2,2,1.0,0.0,0.0,5,0.0,0,True,1746969014.06593,left,False
3036,1746969043.2271764,180.548,0.798722,1.48186,-0.0240088,0.0362918,5548.52,5,61.766,2714.57,2739.53,49.1403,2,2,1.0,0.0,0.0,5,0.0,0,True,1746969014.06593,left,False
3037,1746969043.2488172,180.614,0.938855,1.44529,-0.0261117,0.0363094,5549.8,5,61.786,2715.57,2740.53,49.14,2,2,1.0,0.0,0.0,5,0.0,0,True,1746969014.06593,left,False
3038,1746969043.2699063,180.678,1.06464,1.41322,-0.0281668,0.0362942,5552.64,5,61.806,2716.57,2741.54,49.1397,2,2,1.0,0.0,0.0,5,0.0,0,True,1746969014.06593,left,False
3039,1746969043.2886007,180.744,1.17614,1.38908,-0.0301771,0.0362441,5553,5,61.826,2717.57,2742.54,49.1394,2,2,1.0,0.0,0.0,5,0.0,0,True,1746969014.06593,left,False
3040,1746969043.3099291,180.81,1.27548,1.36015,-0.0321451,0.0361602,5554.59,5,61.846,2718.58,2743.54,49.1391,2,2,1.0,0.0,0.0,5,0.0,0,True,1746969014.06593,left,False
3041,1746969043.3289013,180.875,1.363,1.33149,-0.0340731,0.0360443,5556.54,5,61.866,2719.58,2744.55,49.1388,2,2,1.0,0.0,0.0,5,0.0,0,True,1746969014.06593,left,False
3042,1746969043.3491893,180.94,1.43982,1.30872,-0.0359629,0.0358974,5558.71,5,61.886,2720.59,2745.55,49.1385,2,2,1.0,0.0,0.0,5,0.0,0,True,1746969014.06593,left,False
3043,1746969043.3696802,181.006,1.50631,1.28652,-0.0378168,0.03572,5559.77,5,61.906,2721.59,2746.56,49.1382,2,2,1.0,0.0,0.0,5,0.0,0,True,1746969014.06593,left,False
3044,1746969043.388725,181.071,1.56368,1.26568,-0.0396359,0.0355155,5561.17,5,61.926,2722.6,2747.56,49.1379,2,2,1.0,0.0,0.0,5,0.0,0,True,1746969014.06593,left,False
3045,1746969043.4078152,181.136,1.61319,1.24506,-0.0414217,0.0352847,5563.74,5,61.946,2723.6,2748.57,49.1376,2,2,1.0,0.0,0.0,5,0.0,0,True,1746969014.06593,left,False
3046,1746969043.4297204,181.201,1.65518,1.22485,-0.0431756,0.0350296,5566.2,5,61.966,2724.61,2749.57,49.1373,2,2,1.0,0.0,0.0,5,0.0,0,True,1746969014.06593,left,False
3047,1746969043.448053,181.267,1.69073,1.20572,-0.0448981,0.0347521,5568.2,5,61.986,2725.62,2750.58,49.137,2,2,1.0,0.0,0.0,5,0.0,0,True,1746969014.06593,left,False
3048,1746969043.468718,181.333,1.72036,1.18997,-0.0465904,0.0344536,5568.94,5,62.006,2726.62,2751.59,49.1367,2,2,1.0,0.0,0.0,5,0.0,0,True,1746969014.06593,left,False
3049,1746969043.4900014,181.399,1.74435,1.17546,-0.0482529,0.0341355,5569.51,5,62.026,2727.63,2752.6,49.1364,2,2,1.0,0.0,0.0,5,0.0,0,True,1746969014.06593,left,False
3050,1746969043.5070474,181.464,1.76456,1.15394,-0.0498863,0.0338008,5573.31,5,62.046,2728.64,2753.6,49.1361,2,2,1.0,0.0,0.0,5,0.0,0,True,1746969014.06593,left,False
3051,1746969043.526919,181.53,1.78051,1.13771,-0.051491,0.0334508,5574.89,5,62.066,2729.65,2754.61,49.1358,2,2,1.0,0.0,0.0,5,0.0,0,True,1746969014.06593,left,False
3052,1746969043.5482922,181.594,1.79347,1.11542,-0.0530674,0.0330855,5577.96,5,62.086,2730.66,2755.62,49.1355,2,2,1.0,0.0,0.0,5,0.0,0,True,1746969014.06593,left,False
3053,1746969043.5684605,181.661,1.80185,1.1101,-0.0546157,0.0327074,5578.21,5,62.106,2731.66,2756.63,49.1352,2,2,1.0,0.0,0.0,5,0.0,0,True,1746969014.06593,left,False
3054,1746969043.589264,181.727,1.80856,1.0852,-0.0561361,0.0323164,5580.76,5,62.126,2732.67,2757.64,49.1348,2,2,1.0,0.0,0.0,5,0.0,0,True,1746969014.06593,left,False
3055,1746969043.607037,181.792,1.8131,1.06534,-0.0576286,0.0319144,5583.23,5,62.146,2733.68,2758.65,49.1345,2,2,1.0,0.0,0.0,5,0.0,0,True,1746969014.06593,left,False
3056,1746969043.6271057,181.858,1.81502,1.05154,-0.0590933,0.0315005,5585.23,5,62.166,2734.69,2759.66,49.1342,2,2,1.0,0.0,0.0,5,0.0,0,True,1746969014.06593,left,False
3057,1746969043.648724,181.924,1.81552,1.02942,-0.0605304,0.031078,5587.01,5,62.186,2735.7,2760.67,49.1339,2,2,1.0,0.0,0.0,5,0.0,0,True,1746969014.06593,left,False
3058,1746969043.6666644,181.99,1.81404,1.01433,-0.0619396,0.0306465,5588.67,5,62.206,2736.71,2761.68,49.1336,2,2,1.0,0.0,0.0,5,0.0,0,True,1746969014.06593,left,False
3059,1746969043.68955,182.056,1.81136,0.996988,-0.0633211,0.0302069,5590.7,5,62.226,2737.73,2762.69,49.1333,2,2,1.0,0.0,0.0,5,0.0,0,True,1746969014.06593,left,False
3060,1746969043.7090101,182.121,1.80781,0.974636,-0.0646746,0.0297601,5593.43,5,62.246,2738.74,2763.7,49.133,2,2,1.0,0.0,0.0,5,0.0,0,True,1746969014.06593,left,False
3061,1746969043.729736,182.187,1.80334,0.953203,-0.066,0.0293075,5595.74,5,62.266,2739.75,2764.71,49.1327,2,2,1.0,0.0,0.0,5,0.0,0,True,1746969014.06593,left,False
3062,1746969043.7476306,182.254,1.79778,0.936204,-0.0672971,0.0288469,5596.7,5,62.286,2740.76,2765.72,49.1324,2,2,1.0,0.0,0.0,5,0.0,0,True,1746969014.06593,left,False
3063,1746969043.7689016,182.319,1.79251,0.912557,-0.0685659,0.0283825,5599.56,5,62.306,2741.77,2766.74,49.1321,2,2,1.0,0.0,0.0,5,0.0,0,True,1746969014.06593,left,False
3064,1746969043.7897513,182.385,1.78598,0.889521,-0.0698062,0.0279118,5602.24,5,62.326,2742.79,2767.75,49.1318,2,2,1.0,0.0,0.0,5,0.0,0,True,1746969014.06593,left,False
3065,1746969043.8074744,182.452,1.7788,0.876502,-0.0710176,0.0274393,5603.05,5,62.346,2743.8,2768.76,49.1315,2,2,1.0,0.0,0.0,5,0.0,0,True,1746969014.06593,left,False
3066,1746969043.8272357,182.518,1.77258,0.851122,-0.0722003,0.0269625,5606.17,5,62.366,2744.81,2769.78,49.1312,2,2,1.0,0.0,0.0,5,0.0,0,True,1746969014.06593,left,False
3067,1746969043.848837,182.584,1.76518,0.830348,-0.0733537,0.0264804,5607.46,5,62.386,2745.83,2770.79,49.1309,2,2,1.0,0.0,0.0,5,0.0,0,True,1746969014.06593,left,False
3068,1746969043.8672595,182.651,1.75824,0.810953,-0.0744778,0.0259988,5608.69,5,62.406,2746.84,2771.81,49.1306,2,2,1.0,0.0,0.0,5,0.0,0,True,1746969014.06593,left,False
3069,1746969043.8880866,182.718,1.75121,0.79288,-0.0755725,0.0255167,5610.76,5,62.426,2747.86,2772.82,49.1303,2,2,1.0,0.0,0.0,5,0.0,0,True,1746969014.06593,left,False
3070,1746969043.9078262,182.784,1.7445,0.769338,-0.0766375,0.0250313,5613.06,5,62.446,2748.87,2773.84,49.13,2,2,1.0,0.0,0.0,5,0.0,0,True,1746969014.06593,left,False
3071,1746969043.9299147,182.85,1.73832,0.744545,-0.0776728,0.0245449,5615.43,5,62.466,2749.89,2774.85,49.1297,2,2,1.0,0.0,0.0,5,0.0,0,True,1746969014.06593,left,False
3072,1746969043.9514327,182.917,1.73239,0.721833,-0.0786778,0.0240576,5617.68,5,62.486,2750.9,2775.87,49.1294,2,2,1.0,0.0,0.0,5,0.0,0,True,1746969014.06593,left,False
3073,1746969043.9669437,182.983,1.72657,0.699495,-0.0796527,0.0235688,5619.93,5,62.506,2751.92,2776.88,49.1291,2,2,1.0,0.0,0.0,5,0.0,0,True,1746969014.06593,left,False
3074,1746969043.9876745,183.05,1.72105,0.677325,-0.0805972,0.0230815,5621.72,5,62.526,2752.94,2777.9,49.1287,2,2,1.0,0.0,0.0,5,0.0,0,True,1746969014.06593,left,False
3075,1746969044.0082026,183.117,1.71593,0.653325,-0.0815111,0.0225932,5623.78,5,62.546,2753.95,2778.92,49.1284,2,2,1.0,0.0,0.0,5,0.0,0,True,1746969014.06593,left,False
3076,1746969044.028535,183.184,1.71104,0.631372,-0.0823943,0.0221063,5625.6,5,62.566,2754.97,2779.94,49.1281,2,2,1.0,0.0,0.0,5,0.0,0,True,1746969014.06593,left,False
3077,1746969044.0487041,183.25,1.70698,0.607433,-0.0832467,0.02162,5628.04,5,62.586,2755.99,2780.95,49.1278,2,2,1.0,0.0,0.0,5,0.0,0,True,1746969014.06593,left,False
3078,1746969044.067302,183.318,1.70266,0.587935,-0.0840682,0.0211346,5628.89,5,62.606,2757.01,2781.97,49.1275,2,2,1.0,0.0,0.0,5,0.0,0,True,1746969014.06593,left,False
3079,1746969044.087427,183.384,1.6996,0.559923,-0.0848587,0.0206487,5631.69,5,62.626,2758.03,2782.99,49.1272,2,2,1.0,0.0,0.0,5,0.0,0,True,1746969014.06593,left,False
3080,1746969044.1069307,183.45,1.69618,0.539785,-0.085618,0.0201637,5634.36,5,62.646,2759.04,2784.01,49.1269,2,2,1.0,0.0,0.0,5,0.0,0,True,1746969014.06593,left,False
3081,1746969044.1289985,183.517,1.69319,0.519732,-0.086346,0.0196807,5636.16,5,62.666,2760.06,2785.03,49.1266,2,2,1.0,0.0,0.0,5,0.0,0,True,1746969014.06593,left,False
3082,1746969044.148716,183.584,1.69059,0.498473,-0.0870426,0.0191976,5638.15,5,62.686,2761.08,2786.05,49.1263,2,2,1.0,0.0,0.0,5,0.0,0,True,1746969014.06593,left,False
3083,1746969044.1690106,183.651,1.68832,0.475346,-0.087708,0.0187156,5640.27,5,62.706,2762.1,2787.07,49.126,2,2,1.0,0.0,0.0,5,0.0,0,True,1746969014.06593,left,False
3084,1746969044.1882622,183.718,1.68612,0.452971,-0.0883416,0.018234,5642.25,5,62.726,2763.12,2788.09,49.1257,2,2,1.0,0.0,0.0,5,0.0,0,True,1746969014.06593,left,False
3085,1746969044.2083359,183.785,1.68438,0.425083,-0.0889437,0.0177523,5644.94,5,62.746,2764.15,2789.11,49.1254,2,2,1.0,0.0,-0.1,5,0.0,0,True,1746969014.06593,left,False
3086,1746969044.232188,183.852,1.68295,0.401972,-0.089514,0.0172707,5646.73,5,62.766,2765.17,2790.13,49.1251,2,2,1.0,0.0,-0.1,5,0.0,0,True,1746969014.06593,left,False
3087,1746969044.2472944,183.919,1.68152,0.381724,-0.0900526,0.0167906,5648.32,5,62.786,2766.19,2791.15,49.1248,2,2,1.0,0.0,-0.1,5,0.0,0,True,1746969014.06593,left,False
3088,1746969044.2687116,183.987,1.68041,0.358479,-0.0905591,0.0163113,5650.24,5,62.806,2767.21,2792.17,49.1245,2,2,1.0,0.0,-0.1,5,0.0,0,True,1746969014.06593,left,False
3089,1746969044.2904396,184.053,1.67962,0.333605,-0.0910338,0.0158321,5653.04,5,62.826,2768.23,2793.2,49.1242,2,2,1.0,0.0,-0.1,5,0.0,0,True,1746969014.06593,left,False
3090,1746969044.3111773,184.102,1.54997,0.314085,-0.0915123,0.0159671,5658.23,5,62.846,2769.26,2794.22,49.1239,2,2,1.0,0.0,-0.1,5,0.0,0,True,1746969014.06593,left,False
3091,1746969044.3289902,184.146,1.64549,0.313154,-0.0920641,0.0178253,5657.89,5,62.866,2770.28,2795.24,49.1236,2,2,1.0,0.0,-0.1,5,0.0,0,True,1746969014.06593,left,False
3092,1746969044.348873,184.187,2.02922,0.322101,-0.0927018,0.0214083,5655.61,5,62.886,2771.3,2796.27,49.1233,2,2,1.0,0.0,-0.1,5,0.0,0,True,1746969014.06593,left,False
3093,1746969044.3671474,184.222,2.67183,0.365998,-0.0934395,0.0266415,5651.31,5,62.906,2772.32,2797.29,49.1229,2,2,1.0,0.0,-0.1,5,0.0,0,True,1746969014.06593,left,False
3094,1746969044.3873994,184.245,3.55002,0.422278,-0.0942959,0.0334422,5648.3,5,62.926,2773.35,2798.31,49.1226,2,2,1.0,0.0,-0.1,5,0.0,0,True,1746969014.06593,left,False
3095,1746969044.4069161,184.25,4.64329,0.488082,-0.0952936,0.0417144,5648,5,62.946,2774.37,2799.34,49.1223,2,2,1.0,0.0,-0.1,5,0.0,0,True,1746969014.06593,left,False
3096,1746969044.4274669,184.236,5.91111,0.589744,-0.0964565,0.0513326,5646.64,5,62.966,2775.4,2800.36,49.122,2,2,1.0,0.0,-0.1,5,0.0,0,True,1746969014.06593,left,False
3097,1746969044.4498365,184.197,7.33277,0.715602,-0.0978132,0.0621964,5646.26,5,62.986,2776.42,2801.38,49.1217,2,2,1.0,0.0,-0.1,5,0.0,0,True,1746969014.06593,left,False
3098,1746969044.4688435,184.129,8.88695,0.851555,-0.0993914,0.0741708,5647.18,5,63.006,2777.44,2802.41,49.1214,2,2,1.0,0.0,-0.1,5,0.0,0,True,1746969014.06593,left,False
3099,1746969044.4897637,184.027,10.5435,1.01,-0.101219,0.0871159,5648.35,5,63.026,2778.47,2803.43,49.1211,2,2,1.0,0.0,-0.1,5,0.0,0,True,1746969014.06593,left,False
3100,1746969044.5089438,183.891,12.2749,1.19771,-0.103326,0.100889,5649.74,5,63.046,2779.49,2804.46,49.1208,2,2,1.0,0.0,-0.1,5,0.0,0,True,1746969014.06593,left,False
3101,1746969044.527547,183.715,14.0624,1.40156,-0.105738,0.115347,5653.77,5,63.066,2780.51,2805.48,49.1205,2,2,1.0,0.0,-0.1,5,0.0,0,True,1746969014.06593,left,False
3102,1746969044.5497148,183.502,15.8778,1.62754,-0.10848,0.130332,5658.61,5,63.086,2781.54,2806.5,49.1202,2,2,1.0,0.0,-0.1,5,0.0,0,True,1746969014.06593,left,False
3103,1746969044.5686753,183.251,17.6938,1.87315,-0.111577,0.145665,5664.16,5,63.106,2782.56,2807.52,49.1199,2,2,1.0,0.0,-0.1,5,0.0,0,True,1746969014.06593,left,False
3104,1746969044.5913327,182.964,19.4853,2.14033,-0.115049,0.161186,5672.37,5,63.126,2783.58,2808.54,49.1196,2,2,1.0,0.0,-0.1,5,0.0,0,True,1746969014.06593,left,False
3105,1746969044.61051,182.645,21.219,2.42605,-0.118914,0.176683,5682.63,5,63.146,2784.6,2809.56,49.1193,2,2,1.0,0.0,-0.1,5,0.0,0,True,1746969014.06593,left,False
3106,1746969044.629858,182.298,22.8697,2.72605,-0.12319,0.191963,5697.54,5,63.166,2785.62,2810.58,49.119,2,2,1.0,0.0,-0.1,5,0.0,0,True,1746969014.06593,left,False
3107,1746969044.649003,181.93,24.4014,3.04888,-0.12789,0.206827,5715.6,5,63.186,2786.64,2811.6,49.1187,2,2,1.0,0.0,-0.1,5,0.0,0,True,1746969014.06593,left,False
3108,1746969044.6712852,181.552,25.7812,3.38134,-0.133025,0.221086,5735.04,5,63.206,2787.65,2812.62,49.1184,2,2,1.0,0.0,0.0,5,0.0,0,True,1746969014.06593,right,False
3109,1746969044.6873684,181.17,26.9879,3.73059,-0.138605,0.234532,5759.73,5,63.226,2788.67,2813.63,49.1181,2,2,1.0,0.0,0.0,5,0.0,0,True,1746969014.06593,right,False
3110,1746969044.7072985,180.796,27.9879,4.09059,-0.144639,0.246979,5787.06,5,63.246,2789.68,2814.64,49.1178,2,2,1.0,0.0,0.0,5,0.0,0,True,1746969014.06593,right,False
3111,1746969044.727666,180.437,28.7529,4.45856,-0.15113,0.25824,5818.34,5,63.266,2790.69,2815.66,49.1175,2,2,1.0,0.0,0.0,5,0.0,0,True,1746969014.06593,right,False
3112,1746969044.7471192,180.108,29.2575,4.83753,-0.158085,0.268185,5847.81,5,63.286,2791.7,2816.66,49.1171,2,2,1.0,0.0,0.0,5,0.0,0,True,1746969014.06593,right,False
3113,1746969044.7673535,179.841,29.5335,5.2203,-0.165498,0.276581,5886.23,5,63.306,2792.71,2817.67,49.1168,2,2,1.0,0.0,0.0,5,0.0,0,True,1746969014.06593,right,False
3114,1746969044.789046,179.644,29.4913,5.60497,-0.173357,0.283106,5911.48,5,63.326,2793.71,2818.68,49.1165,2,2,1.0,0.0,0.0,5,0.0,0,True,1746969014.06593,right,False
3115,1746969044.8089356,179.504,29.1005,5.98787,-0.181661,0.287665,5934.86,5,63.346,2794.72,2819.68,49.1162,2,2,1.0,0.0,0.0,5,0.0,0,True,1746969014.06593,right,False
3116,1746969044.828386,179.419,28.3611,6.36832,-0.190403,0.290207,5960.16,5,63.366,2795.72,2820.68,49.1159,2,2,1.0,0.0,0.0,5,0.0,0,True,1746969014.06593,right,False
3117,1746969044.848321,179.403,27.2761,6.74615,-0.19958,0.290716,5974.33,5,63.386,2796.72,2821.68,49.1156,2,2,1.0,0.0,0.0,5,0.0,0,True,1746969014.06593,right,False
3118,1746969044.8692157,179.44,25.8681,7.10837,-0.209181,0.289218,5987.09,5,63.406,2797.71,2822.68,49.1153,2,2,1.0,0.0,0.0,5,0.0,0,True,1746969014.06593,right,False
3119,1746969044.8885994,179.521,24.1546,7.44984,-0.21919,0.285744,6002.83,5,63.426,2798.71,2823.67,49.115,2,2,1.0,0.0,0.0,5,0.0,0,True,1746969014.06593,right,False
3120,1746969044.9083204,179.654,22.1621,7.77613,-0.229588,0.280412,5999.74,5,63.446,2799.7,2824.67,49.1147,2,2,1.0,0.0,0.0,5,0.0,0,True,1746969014.06593,right,False
3121,1746969044.927782,179.822,19.9372,8.08967,-0.240353,0.273398,5983.64,5,63.466,2800.69,2825.66,49.1144,2,2,1.0,0.0,0.0,5,0.0,0,True,1746969014.06593,right,False
3122,1746969044.9476578,180.019,17.5294,8.38585,-0.25146,0.26491,5949.89,5,63.486,2801.69,2826.65,49.1141,2,2,1.0,0.0,0.0,5,0.0,0,True,1746969014.06593,right,False
3123,1746969044.96845,180.225,15.0122,8.65734,-0.262873,0.255249,5906.98,5,63.506,2802.68,2827.64,49.1138,2,2,1.0,0.0,0.0,5,0.0,0,True,1746969014.06593,right,False
3124,1746969044.988703,180.43,12.466,8.89612,-0.274552,0.24477,5853.5,5,63.526,2803.67,2828.63,49.1135,2,2,1.0,0.0,0.0,5,0.0,0,True,1746969014.06593,right,False
3125,1746969045.0094502,180.629,9.97692,9.10577,-0.28645,0.233874,5787.19,5,63.546,2804.65,2829.62,49.1132,2,2,1.0,0.0,0.0,5,0.0,0,True,1746969014.06593,right,False
3126,1746969045.030019,180.812,7.62298,9.28096,-0.298516,0.222983,5713.89,5,63.566,2805.64,2830.61,49.1129,2,2,1.0,0.0,0.0,5,0.0,0,True,1746969014.06593,right,False
3127,1746969045.0492947,180.964,5.46617,9.42822,-0.310699,0.212456,5649.13,5,63.586,2806.63,2831.6,49.1126,2,2,1.0,0.0,0.0,5,0.0,0,True,1746969014.06593,right,False
3128,1746969045.0696168,181.079,3.55386,9.5328,-0.322949,0.202571,5604.08,5,63.606,2807.62,2832.58,49.1123,2,2,1.0,0.0,0.0,5,0.0,0,True,1746969014.06593,right,False
3129,1746969045.0893326,181.159,1.90024,9.60617,-0.33522,0.193477,5579.81,5,63.626,2808.61,2833.57,49.112,2,2,1.0,0.0,0.0,5,0.0,0,True,1746969014.06593,right,False
3130,1746969045.1091485,181.217,0.496253,9.64643,-0.34747,0.185212,5566.85,5,63.646,2809.6,2834.56,49.1117,2,2,1.0,0.0,0.0,5,0.0,0,True,1746969014.06593,right,False
3131,1746969045.1270707,181.259,-0.679643,9.64959,-0.359667,0.177738,5563.34,5,63.666,2810.59,2835.55,49.1114,2,2,1.0,0.0,0.0,5,0.0,0,True,1746969014.06593,right,False
3132,1746969045.1497257,181.291,-1.66001,9.61544,-0.371783,0.170982,5563.04,5,63.686,2811.58,2836.54,49.111,2,2,1.0,0.0,0.0,5,0.0,0,True,1746969014.06593,right,False
3133,1746969045.1679623,181.318,-2.47606,9.53815,-0.383797,0.164853,5566.7,5,63.706,2812.57,2837.54,49.1107,2,2,1.0,0.0,0.0,5,0.0,0,True,1746969014.06593,right,False
3134,1746969045.1890638,181.34,-3.15806,9.43043,-0.395695,0.15926,5573.33,5,63.726,2813.56,2838.53,49.1104,2,2,1.0,0.0,0.0,5,0.0,0,True,1746969014.06593,right,False
3135,1746969045.208963,181.359,-3.73303,9.27882,-0.407465,0.154121,5582.96,5,63.746,2814.56,2839.52,49.1101,2,2,1.0,0.0,0.0,5,0.0,0,True,1746969014.06593,right,False
3136,1746969045.2277915,181.376,-4.22017,9.10901,-0.4191,0.149357,5593.15,5,63.766,2815.55,2840.51,49.1098,2,2,1.0,0.0,0.0,5,0.0,0,True,1746969014.06593,right,False
3137,1746969045.2473476,181.393,-4.63759,8.90372,-0.430594,0.144909,5605.44,5,63.786,2816.54,2841.51,49.1095,2,2,1.0,0.0,0.0,5,0.0,0,True,1746969014.06593,right,False
3138,1746969045.266909,181.411,-4.99227,8.68775,-0.441943,0.14074,5615.45,5,63.806,2817.53,2842.5,49.1092,2,2,1.0,0.0,0.0,5,0.0,0,True,1746969014.06593,right,False
3139,1746969045.2876832,181.431,-5.283,8.46938,-0.453142,0.136842,5624.91,5,63.826,2818.53,2843.49,49.1089,2,2,1.0,0.0,0.0,5,0.0,0,True,1746969014.06593,right,False
3140,1746969045.3069596,181.456,-5.50839,8.26006,-0.464185,0.133224,5628.52,5,63.846,2819.52,2844.49,49.1086,2,2,1.0,0.0,0.0,5,0.0,0,True,1746969014.06593,right,False
3141,1746969045.3277583,181.484,-5.66792,8.05868,-0.475068,0.129906,5630.89,5,63.866,2820.52,2845.48,49.1083,2,2,1.0,0.0,0.0,5,0.0,0,True,1746969014.06593,right,False
3142,1746969045.3485909,181.518,-5.76305,7.86254,-0.485787,0.126882,5628.09,5,63.886,2821.51,2846.48,49.108,2,2,1.0,0.0,0.0,5,0.0,0,True,1746969014.06593,right,False
3143,1746969045.368319,181.554,-5.7989,7.68045,-0.496338,0.124147,5626.01,5,63.906,2822.51,2847.48,49.1077,2,2,1.0,0.0,0.0,5,0.0,0,True,1746969014.06593,right,False
3144,1746969045.3876126,181.591,-5.78154,7.48951,-0.50672,0.121696,5624.03,5,63.926,2823.51,2848.47,49.1074,2,2,1.0,0.0,0.0,5,0.0,0,True,1746969014.06593,right,False
3145,1746969045.4073737,181.633,-5.71228,7.32715,-0.516931,0.119509,5619.15,5,63.946,2824.51,2849.47,49.1071,2,2,1.0,0.0,0.0,5,0.0,0,True,1746969014.06593,right,False
3146,1746969045.428145,181.674,-5.5976,7.16165,-0.526973,0.11758,5617.44,5,63.966,2825.5,2850.47,49.1068,2,2,1.0,0.0,0.0,5,0.0,0,True,1746969014.06593,right,False
3147,1746969045.4509683,181.716,-5.4387,7.00263,-0.536843,0.115907,5618.1,5,63.986,2826.5,2851.47,49.1065,2,2,1.0,0.0,0.0,5,0.0,0,True,1746969014.06593,right,False
3148,1746969045.4706535,181.766,-5.21747,6.8446,-0.547506,0.11435,5615,5,64.008,2827.6,2852.57,49.1061,2,2,1.0,0.0,0.0,5,0.0,0,True,1746969014.06593,right,False
3149,1746969045.4907548,181.818,-4.95428,6.70068,-0.557967,0.113065,5614.04,5,64.03,2828.7,2853.67,49.1058,2,2,1.0,0.0,0.0,5,0.0,0,True,1746969014.06593,right,False
3150,1746969045.5140743,181.87,-4.65628,6.56102,-0.568231,0.112037,5612.99,5,64.052,2829.8,2854.77,49.1055,2,2,1.0,0.0,0.0,5,0.0,0,True,1746969014.06593,right,False
3151,1746969045.537172,181.923,-4.32634,6.43143,-0.578302,0.111258,5613.5,5,64.074,2830.91,2855.87,49.1051,2,2,1.0,0.0,0.0,5,0.0,0,True,1746969014.06593,right,False
3152,1746969045.5569248,181.978,-3.97479,6.30611,-0.588187,0.110701,5613.92,5,64.096,2832.01,2856.97,49.1048,2,2,1.0,0.0,0.0,5,0.0,0,True,1746969014.06593,right,False
3153,1746969045.5827713,182.035,-3.60611,6.18879,-0.597894,0.110338,5612.45,5,64.118,2833.11,2858.08,49.1045,2,2,1.0,0.0,0.0,5,0.0,0,True,1746969014.06593,right,False
3154,1746969045.6025417,182.091,-3.22636,6.07793,-0.607431,0.11014,5612.69,5,64.14,2834.22,2859.18,49.1041,2,2,1.0,0.0,0.0,5,0.0,0,True,1746969014.06593,right,False
3155,1746969045.6240733,182.149,-2.8424,5.98151,-0.616805,0.11008,5611.52,5,64.162,2835.32,2860.28,49.1038,2,2,1.0,0.0,0.0,5,0.0,0,True,1746969014.06593,right,False
3156,1746969045.6503413,182.206,-2.46019,5.88457,-0.626027,0.110132,5611.37,5,64.184,2836.42,2861.39,49.1034,2,2,1.0,0.0,0.0,5,0.0,0,True,1746969014.06593,right,False
3157,1746969045.6716855,182.264,-2.08382,5.79659,-0.635104,0.110271,5610.94,5,64.206,2837.53,2862.49,49.1031,2,2,1.0,0.0,0.0,5,0.0,0,True,1746969014.06593,right,False
3158,1746969045.694808,182.322,-1.7179,5.71821,-0.644046,0.110475,5610.5,5,64.228,2838.64,2863.6,49.1028,2,2,1.0,0.0,0.0,5,0.0,0,True,1746969014.06593,right,False
3159,1746969045.7124426,182.379,-1.36668,5.63769,-0.652862,0.11072,5611.13,5,64.25,2839.74,2864.71,49.1024,2,2,1.0,0.0,0.0,5,0.0,0,True,1746969014.06593,right,False
3160,1746969045.7338862,182.436,-1.03115,5.56895,-0.661561,0.110993,5610.69,5,64.272,2840.85,2865.81,49.1021,2,2,1.0,0.0,0.1,5,0.0,0,True,1746969014.06593,right,False
3161,1746969045.7570794,182.493,-0.714878,5.50593,-0.670152,0.111273,5611.55,5,64.294,2841.96,2866.92,49.1018,2,2,1.0,0.0,0.1,5,0.0,0,True,1746969014.06593,right,False
3162,1746969045.7814138,182.549,-0.419226,5.4435,-0.678642,0.111551,5612.3,5,64.316,2843.06,2868.03,49.1014,2,2,1.0,0.0,0.1,5,0.0,0,True,1746969014.06593,right,False
3163,1746969045.7999835,182.606,-0.144687,5.39295,-0.68704,0.111812,5611.93,5,64.338,2844.17,2869.14,49.1011,2,2,1.0,0.0,0.1,5,0.0,0,True,1746969014.06593,right,False
3164,1746969045.8232048,182.661,0.107836,5.34211,-0.695352,0.112049,5613.18,5,64.36,2845.28,2870.25,49.1008,2,2,1.0,0.0,0.1,5,0.0,0,True,1746969014.06593,right,False
3165,1746969045.8453937,182.698,0.472557,5.28817,-0.703542,0.111482,5621.04,5,64.382,2846.39,2871.36,49.1004,2,2,1.0,0.0,0.1,5,0.0,0,True,1746969014.06593,right,False
3166,1746969045.8691857,182.731,0.518178,5.22656,-0.711533,0.108854,5629.5,5,64.404,2847.5,2872.47,49.1001,2,2,1.0,0.0,0.1,5,0.0,0,True,1746969014.06593,right,False
3167,1746969045.889742,182.766,0.220571,5.14149,-0.719326,0.104368,5638.29,5,64.426,2848.61,2873.58,49.0998,2,2,1.0,0.0,0.1,5,0.0,0,True,1746969014.06593,right,False
3168,1746969045.9132986,182.801,-0.349927,5.05139,-0.726917,0.0982963,5646.39,5,64.448,2849.72,2874.69,49.0994,2,2,1.0,0.0,0.1,5,0.0,0,True,1746969014.06593,right,False
3169,1746969045.9365451,182.831,-1.13534,4.9467,-0.734295,0.0909082,5656.48,5,64.47,2850.84,2875.8,49.0991,2,2,1.0,0.0,0.1,5,0.0,0,True,1746969014.06593,right,False
3170,1746969045.9541783,182.852,-2.08035,4.81779,-0.741444,0.0824773,5669.77,5,64.492,2851.95,2876.91,49.0987,2,2,1.0,0.0,0.1,5,0.0,0,True,1746969014.06593,right,False
3171,1746969045.9777613,182.862,-3.13365,4.67724,-0.74835,0.07325,5685.27,5,64.514,2853.06,2878.03,49.0984,2,2,1.0,0.0,0.1,5,0.0,0,True,1746969014.06593,right,False
3172,1746969045.996897,182.86,-4.25407,4.51524,-0.754996,0.0634643,5703.84,5,64.536,2854.17,2879.14,49.0981,2,2,1.0,0.0,0.1,5,0.0,0,True,1746969014.06593,right,False
3173,1746969046.0223677,182.843,-5.40466,4.33862,-0.761364,0.0533339,5726.89,5,64.558,2855.29,2880.25,49.0977,2,2,1.0,0.0,0.1,5,0.0,0,True,1746969014.06593,right,False
3174,1746969046.044075,182.815,-6.55914,4.14415,-0.767442,0.0429832,5749.2,5,64.58,2856.4,2881.37,49.0974,2,2,1.0,0.0,0.1,5,0.0,0,True,1746969014.06593,right,False
3175,1746969046.063235,182.773,-7.7104,3.93596,-0.773215,0.0325224,5775.76,5,64.602,2857.52,2882.48,49.0971,2,2,1.0,0.0,0.1,5,0.0,0,True,1746969014.06593,right,False
3176,1746969046.086615,182.719,-8.84073,3.71515,-0.778673,0.0220324,5803.61,5,64.624,2858.63,2883.6,49.0967,2,2,1.0,0.0,0.1,5,0.0,0,True,1746969014.06593,right,False
3177,1746969046.1107683,182.659,-9.94615,3.48621,-0.783805,0.0115425,5824.8,5,64.646,2859.75,2884.71,49.0964,2,2,1.0,0.0,0.1,5,0.0,0,True,1746969014.06593,right,False
3178,1746969046.1329517,182.587,-11.0255,3.24769,-0.788603,0.00107783,5846.82,5,64.668,2860.86,2885.83,49.0961,2,2,1.0,0.0,0.1,5,0.0,0,True,1746969014.06593,right,False
3179,1746969046.1526585,182.509,-12.074,3.00662,-0.793055,-0.00935823,5867.74,5,64.69,2861.98,2886.94,49.0957,2,2,1.0,0.0,0.1,5,0.0,0,True,1746969014.06593,right,False
3180,1746969046.175392,182.422,-13.1018,2.75869,-0.797156,-0.0197485,5886.37,5,64.712,2863.09,2888.06,49.0954,2,2,1.0,0.0,0.1,5,0.0,0,True,1746969014.06593,right,False
3181,1746969046.197275,182.326,-14.1022,2.50638,-0.800898,-0.0300959,5906.34,5,64.734,2864.21,2889.17,49.0951,2,2,1.0,0.0,0.1,5,0.0,0,True,1746969014.06593,right,False
3182,1746969046.2198954,182.22,-15.0797,2.24758,-0.804276,-0.0403789,5928.32,5,64.756,2865.33,2890.29,49.0947,2,2,1.0,0.0,0.1,5,0.0,0,True,1746969014.06593,right,False
3183,1746969046.2411513,182.106,-16.0297,1.98995,-0.807285,-0.050576,5950.2,5,64.778,2866.44,2891.41,49.0944,2,2,1.0,0.0,0.1,5,0.0,0,True,1746969014.06593,right,False
3184,1746969046.2626464,181.989,-16.9467,1.72669,-0.80992,-0.0606688,5968.97,5,64.8,2867.56,2892.52,49.094,2,2,1.0,0.0,0.1,5,0.0,0,True,1746969014.06593,right,False
3185,1746969046.2859156,181.866,-17.8272,1.46774,-0.812176,-0.0706523,5986.27,5,64.822,2868.68,2893.64,49.0937,2,2,1.0,0.0,0.1,5,0.0,0,True,1746969014.06593,right,False
3186,1746969046.3071227,181.729,-18.686,1.19775,-0.81405,-0.0805109,6017.66,5,64.844,2869.79,2894.76,49.0934,2,2,1.0,0.0,0.1,5,0.0,0,True,1746969014.06593,right,False
3187,1746969046.3281186,181.596,-19.4925,0.938002,-0.815537,-0.0902055,6037.17,5,64.866,2870.91,2895.87,49.093,2,2,1.0,0.0,0.1,5,0.0,0,True,1746969014.06593,right,False
3188,1746969046.350828,181.45,-20.2728,0.661213,-0.816636,-0.0997074,6071.07,5,64.888,2872.02,2896.99,49.0927,2,2,1.0,0.0,0.0,5,0.0,0,True,1746969014.06593,left,False
3189,1746969046.3740246,181.312,-20.9868,0.395976,-0.817344,-0.108973,6091.58,5,64.91,2873.14,2898.1,49.0924,2,2,1.0,0.0,0.0,5,0.0,0,True,1746969014.06593,left,False
3190,1746969046.3944488,181.166,-21.6534,0.128972,-0.817657,-0.117995,6122.94,5,64.932,2874.25,2899.22,49.092,2,2,1.0,0.0,0.0,5,0.0,0,True,1746969014.06593,left,False
3191,1746969046.4183464,181.025,-22.2651,-0.135186,-0.817572,-0.126742,6147.46,5,64.954,2875.37,2900.33,49.0917,2,2,1.0,0.0,0.0,5,0.0,0,True,1746969014.06593,left,False
3192,1746969046.438425,180.888,-22.8177,-0.400317,-0.817086,-0.13523,6173.06,5,64.976,2876.48,2901.45,49.0914,2,2,1.0,0.0,0.0,5,0.0,0,True,1746969014.06593,left,False
3193,1746969046.4624703,180.77,-23.349,-0.665055,-0.816208,-0.143313,6201.56,5,64.998,2877.6,2902.56,49.091,2,2,1.0,0.0,0.0,5,0.0,0,True,1746969014.06593,left,False
3194,1746969046.481812,180.679,-23.7656,-0.930786,-0.814949,-0.150722,6220.79,5,65.02,2878.71,2903.68,49.0907,2,2,1.0,0.0,0.0,5,0.0,0,True,1746969014.06593,left,False
3195,1746969046.505718,180.612,-24.0594,-1.18988,-0.813308,-0.157471,6227.45,5,65.042,2879.82,2904.79,49.0904,2,2,1.0,0.0,0.0,5,0.0,0,True,1746969014.06593,left,False
3196,1746969046.5280168,180.561,-24.2262,-1.44738,-0.811283,-0.163557,6229.68,5,65.064,2880.94,2905.9,49.09,2,2,1.0,0.0,0.0,5,0.0,0,True,1746969014.06593,left,False
3197,1746969046.548316,180.533,-24.2771,-1.7041,-0.808872,-0.169001,6223.73,5,65.086,2882.05,2907.01,49.0897,2,2,1.0,0.0,0.0,5,0.0,0,True,1746969014.06593,left,False
3198,1746969046.5730317,180.519,-24.2147,-1.96259,-0.806074,-0.17383,6223.51,5,65.108,2883.16,2908.13,49.0893,2,2,1.0,0.0,0.0,5,0.0,0,True,1746969014.06593,left,False
3199,1746969046.5937634,180.526,-24.0408,-2.21516,-0.802891,-0.178056,6212.77,5,65.13,2884.27,2909.24,49.089,2,2,1.0,0.0,0.0,5,0.0,0,True,1746969014.06593,left,False
3200,1746969046.6148515,180.551,-23.7603,-2.47281,-0.79932,-0.181664,6206.09,5,65.152,2885.39,2910.35,49.0887,2,2,1.0,0.0,0.0,5,0.0,0,True,1746969014.06593,left,False
3201,1746969046.6352684,180.58,-23.358,-2.72755,-0.795364,-0.184614,6210.94,5,65.174,2886.5,2911.46,49.0883,2,2,1.0,0.0,0.0,5,0.0,0,True,1746969014.06593,left,False
3202,1746969046.6620002,180.629,-22.851,-2.98119,-0.791023,-0.186904,6212.39,5,65.196,2887.61,2912.57,49.088,2,2,1.0,0.0,0.0,5,0.0,0,True,1746969014.06593,left,False
3203,1746969046.6827717,180.693,-22.2341,-3.23664,-0.786302,-0.188567,6214.8,5,65.218,2888.72,2913.68,49.0877,2,2,1.0,0.0,0.0,5,0.0,0,True,1746969014.06593,left,False
3204,1746969046.703588,180.777,-21.5087,-3.48953,-0.781204,-0.189604,6211.7,5,65.24,2889.83,2914.79,49.0873,2,2,1.0,0.0,0.0,5,0.0,0,True,1746969014.06593,left,False
3205,1746969046.7234962,180.875,-20.6812,-3.7377,-0.775732,-0.190001,6205.58,5,65.262,2890.94,2915.9,49.087,2,2,1.0,0.0,0.0,5,0.0,0,True,1746969014.06593,left,False
3206,1746969046.7473292,180.989,-19.754,-3.99186,-0.769889,-0.189765,6200.72,5,65.284,2892.05,2917.01,49.0867,2,2,1.0,0.0,0.0,5,0.0,0,True,1746969014.06593,left,False
3207,1746969046.769793,181.121,-18.7192,-4.23237,-0.76368,-0.188896,6182.94,5,65.306,2893.16,2918.12,49.0863,2,2,1.0,0.0,0.0,5,0.0,0,True,1746969014.06593,left,False
3208,1746969046.7907398,181.277,-17.5925,-4.4731,-0.757111,-0.187423,6152.72,5,65.328,2894.26,2919.23,49.086,2,2,1.0,0.0,0.0,5,0.0,0,True,1746969014.06593,left,False
3209,1746969046.8130884,181.441,-16.3711,-4.70334,-0.750189,-0.185337,6120.7,5,65.35,2895.37,2920.34,49.0857,2,2,1.0,0.0,0.0,5,0.0,0,True,1746969014.06593,left,False
3210,1746969046.833503,181.608,-15.0833,-4.94573,-0.742922,-0.182684,6094.4,5,65.372,2896.48,2921.44,49.0853,2,2,1.0,0.0,0.0,5,0.0,0,True,1746969014.06593,left,False
3211,1746969046.85597,181.801,-13.7166,-5.16545,-0.735322,-0.179519,6041.19,5,65.394,2897.59,2922.55,49.085,2,2,1.0,0.0,0.0,5,0.0,0,True,1746969014.06593,left,False
3212,1746969046.879552,182,-12.3084,-5.39315,-0.7274,-0.175895,5986.58,5,65.416,2898.7,2923.66,49.0846,2,2,1.0,0.0,0.0,5,0.0,0,True,1746969014.06593,left,False
3213,1746969046.9007552,182.206,-10.8601,-5.60542,-0.71917,-0.171882,5921.11,5,65.438,2899.8,2924.77,49.0843,2,2,1.0,0.0,0.0,5,0.0,0,True,1746969014.06593,left,False
3214,1746969046.9236076,182.41,-9.4004,-5.80817,-0.710649,-0.167587,5853.82,5,65.46,2900.91,2925.88,49.084,2,2,1.0,0.0,0.0,5,0.0,0,True,1746969014.06593,left,False
3215,1746969046.9473064,182.606,-7.95339,-6.00794,-0.701854,-0.163099,5795.84,5,65.482,2902.02,2926.99,49.0836,2,2,1.0,0.0,0.0,5,0.0,0,True,1746969014.06593,left,False
3216,1746969046.9683785,182.785,-6.54171,-6.19751,-0.692806,-0.158525,5751.8,5,65.504,2903.13,2928.1,49.0833,2,2,1.0,0.0,0.0,5,0.0,0,True,1746969014.06593,left,False
3217,1746969046.9878752,182.954,-5.18405,-6.36499,-0.68353,-0.153967,5712.17,5,65.526,2904.24,2929.21,49.083,2,2,1.0,0.0,0.0,5,0.0,0,True,1746969014.06593,left,False
3218,1746969047.0088007,183.104,-3.9062,-6.5179,-0.674048,-0.149516,5685.96,5,65.548,2905.35,2930.31,49.0826,2,2,1.0,0.0,0.0,5,0.0,0,True,1746969014.06593,left,False
3219,1746969047.033702,183.24,-2.72275,-6.65443,-0.664386,-0.145253,5669.35,5,65.57,2906.46,2931.43,49.0823,2,2,1.0,0.0,0.0,5,0.0,0,True,1746969014.06593,left,False
3220,1746969047.0541956,183.365,-1.64523,-6.77559,-0.654571,-0.141234,5659.03,5,65.592,2907.57,2932.54,49.082,2,2,1.0,0.0,0.0,5,0.0,0,True,1746969014.06593,left,False
3221,1746969047.076035,183.48,-0.679066,-6.87307,-0.644626,-0.137503,5653.75,5,65.614,2908.68,2933.65,49.0816,2,2,1.0,0.0,0.0,5,0.0,0,True,1746969014.06593,left,False
3222,1746969047.0980024,183.59,0.173861,-6.95675,-0.634576,-0.134089,5651.56,5,65.636,2909.79,2934.76,49.0813,2,2,1.0,0.0,0.0,5,0.0,0,True,1746969014.06593,left,False
3223,1746969047.1197383,183.694,0.914018,-7.01703,-0.624443,-0.131014,5650.48,5,65.658,2910.91,2935.87,49.081,2,2,1.0,0.0,0.0,5,0.0,0,True,1746969014.06593,left,False
3224,1746969047.1410563,183.794,1.54457,-7.05862,-0.614245,-0.128288,5652.17,5,65.68,2912.02,2936.98,49.0806,2,2,1.0,0.0,0.0,5,0.0,0,True,1746969014.06593,left,False
3225,1746969047.1633902,183.893,2.07035,-7.07722,-0.604001,-0.125914,5652.55,5,65.702,2913.13,2938.1,49.0803,2,2,1.0,0.0,0.0,5,0.0,0,True,1746969014.06593,left,False
3226,1746969047.1849554,183.991,2.49792,-7.08881,-0.593726,-0.123894,5654.3,5,65.724,2914.24,2939.21,49.0799,2,2,1.0,0.0,0.0,5,0.0,0,True,1746969014.06593,left,False
3227,1746969047.2092662,184.089,2.83319,-7.07232,-0.583432,-0.122215,5655.54,5,65.746,2915.36,2940.32,49.0796,2,2,1.0,0.0,0.0,5,0.0,0,True,1746969014.06593,left,False
3228,1746969047.229398,184.185,3.0873,-7.05546,-0.57313,-0.120865,5658.67,5,65.768,2916.47,2941.44,49.0793,2,2,1.0,0.0,0.0,5,0.0,0,True,1746969014.06593,left,False
3229,1746969047.254978,184.281,3.26859,-7.03306,-0.562826,-0.119823,5662.94,5,65.79,2917.59,2942.55,49.0789,2,2,1.0,0.0,0.0,5,0.0,0,True,1746969014.06593,left,False
3230,1746969047.2731123,184.379,3.38306,-6.99412,-0.552527,-0.119071,5664.48,5,65.812,2918.71,2943.67,49.0786,2,2,1.0,0.0,0.0,5,0.0,0,True,1746969014.06593,left,False
3231,1746969047.2978783,184.478,3.44226,-6.95169,-0.542236,-0.118584,5665.7,5,65.834,2919.82,2944.79,49.0783,2,2,1.0,0.0,0.0,5,0.0,0,True,1746969014.06593,left,False
3232,1746969047.3188348,184.577,3.45483,-6.90385,-0.531955,-0.118328,5667.96,5,65.856,2920.94,2945.9,49.0779,2,2,1.0,0.0,0.0,5,0.0,0,True,1746969014.06593,left,False
3233,1746969047.341377,184.676,3.43061,-6.85811,-0.521684,-0.118275,5670.44,5,65.878,2922.06,2947.02,49.0776,2,2,1.0,0.0,0.0,5,0.0,0,True,1746969014.06593,left,False
3234,1746969047.3627565,184.776,3.37761,-6.8193,-0.511424,-0.118391,5673.35,5,65.9,2923.18,2948.14,49.0773,2,2,1.0,0.0,0.0,5,0.0,0,True,1746969014.06593,left,False
3235,1746969047.383851,184.877,3.3041,-6.78001,-0.501171,-0.118646,5674.67,5,65.922,2924.29,2949.26,49.0769,2,2,1.0,0.0,0.0,5,0.0,0,True,1746969014.06593,left,False
3236,1746969047.4066064,184.977,3.21608,-6.74459,-0.490923,-0.119013,5678.2,5,65.944,2925.41,2950.38,49.0766,2,2,1.0,0.0,0.0,5,0.0,0,True,1746969014.06593,left,False
3237,1746969047.4311464,185.078,3.11915,-6.72244,-0.480678,-0.119469,5681.04,5,65.966,2926.54,2951.5,49.0763,2,2,1.0,0.0,0.0,5,0.0,0,True,1746969014.06593,left,False
3238,1746969047.4510088,185.179,3.01657,-6.69148,-0.470432,-0.119992,5682.92,5,65.988,2927.66,2952.62,49.0759,2,2,1.0,0.0,0.0,5,0.0,0,True,1746969014.06593,left,False
3239,1746969047.4727495,185.279,2.91318,-6.6817,-0.460182,-0.120567,5686.64,5,66.01,2928.78,2953.74,49.0756,2,2,1.0,0.0,0.0,5,0.0,0,True,1746969014.06593,left,False
3240,1746969047.492974,185.381,2.80969,-6.66691,-0.449924,-0.121183,5689.04,5,66.032,2929.9,2954.86,49.0752,2,2,1.0,0.0,0.0,5,0.0,0,True,1746969014.06593,left,False
3241,1746969047.5152607,185.481,2.70943,-6.67242,-0.439655,-0.12183,5693.52,5,66.054,2931.02,2955.99,49.0749,2,2,1.0,0.0,0.0,5,0.0,0,True,1746969014.06593,left,False
3242,1746969047.5388398,185.581,2.61256,-6.67727,-0.429372,-0.1225,5697.55,5,66.076,2932.15,2957.11,49.0746,2,2,1.0,0.0,0.0,5,0.0,0,True,1746969014.06593,left,False
3243,1746969047.560941,185.682,2.51989,-6.68847,-0.419071,-0.123185,5700.42,5,66.098,2933.27,2958.23,49.0742,2,2,1.0,0.0,0.0,5,0.0,0,True,1746969014.06593,left,False
3244,1746969047.583387,185.783,2.43196,-6.7016,-0.408751,-0.123878,5703.55,5,66.12,2934.39,2959.36,49.0739,2,2,1.0,0.0,0.0,5,0.0,0,True,1746969014.06593,left,False
3245,1746969047.6072195,185.884,2.34952,-6.71933,-0.398407,-0.124576,5706.85,5,66.142,2935.52,2960.48,49.0736,2,2,1.0,0.0,0.0,5,0.0,0,True,1746969014.06593,left,False
3246,1746969047.6259513,185.985,2.27282,-6.74235,-0.388038,-0.125275,5710.78,5,66.164,2936.65,2961.61,49.0732,2,2,1.0,0.0,0.0,5,0.0,0,True,1746969014.06593,left,False
3247,1746969047.6481435,186.085,2.20172,-6.77007,-0.377641,-0.125973,5714.88,5,66.186,2937.77,2962.74,49.0729,2,2,1.0,0.0,0.0,5,0.0,0,True,1746969014.06593,left,False
3248,1746969047.669294,186.187,2.13573,-6.7954,-0.367214,-0.126667,5717.32,5,66.208,2938.9,2963.86,49.0726,2,2,1.0,0.0,0.0,5,0.0,0,True,1746969014.06593,left,False
3249,1746969047.692581,186.288,2.07508,-6.82647,-0.356755,-0.127357,5720,5,66.23,2940.03,2964.99,49.0722,2,2,1.0,0.0,0.0,5,0.0,0,True,1746969014.06593,left,False
3250,1746969047.7143552,186.389,2.01952,-6.85723,-0.346263,-0.128042,5724.06,5,66.252,2941.15,2966.12,49.0719,2,2,1.0,0.0,0.0,5,0.0,0,True,1746969014.06593,left,False
3251,1746969047.7368724,186.49,1.96875,-6.89054,-0.335736,-0.12872,5727.4,5,66.274,2942.28,2967.25,49.0716,2,2,1.0,0.0,0.0,5,0.0,0,True,1746969014.06593,left,False
3252,1746969047.7576427,186.591,1.92264,-6.92477,-0.325172,-0.129391,5730.75,5,66.296,2943.41,2968.38,49.0712,2,2,1.0,0.0,0.0,5,0.0,0,True,1746969014.06593,left,False
3253,1746969047.778756,186.692,1.88063,-6.95546,-0.31457,-0.130054,5734.28,5,66.318,2944.54,2969.51,49.0709,2,2,1.0,0.0,0.0,5,0.0,0,True,1746969014.06593,left,False
3254,1746969047.8032355,186.793,1.84297,-6.98807,-0.30393,-0.130709,5737.43,5,66.34,2945.67,2970.64,49.0705,2,2,1.0,0.0,0.0,5,0.0,0,True,1746969014.06593,left,False
3255,1746969047.8233502,186.894,1.80912,-7.02044,-0.293249,-0.131354,5740.11,5,66.362,2946.8,2971.77,49.0702,2,2,1.0,0.0,0.0,5,0.0,0,True,1746969014.06593,left,False
3256,1746969047.8488326,186.996,1.7788,-7.04957,-0.282527,-0.131991,5741.95,5,66.384,2947.93,2972.9,49.0699,2,2,1.0,0.0,0.0,5,0.0,0,True,1746969014.06593,left,False
3257,1746969047.871816,187.098,1.75227,-7.08075,-0.271764,-0.132618,5744.71,5,66.406,2949.06,2974.03,49.0695,2,2,1.0,0.0,-0.1,5,0.0,0,True,1746969014.06593,left,False
3258,1746969047.8938072,187.198,1.72987,-7.11734,-0.260958,-0.133235,5749.06,5,66.428,2950.2,2975.16,49.0692,2,2,1.0,0.0,-0.1,5,0.0,0,True,1746969014.06593,left,False
3259,1746969047.9151366,187.3,1.70911,-7.14369,-0.250109,-0.133845,5751.16,5,66.45,2951.33,2976.29,49.0689,2,2,1.0,0.0,-0.1,5,0.0,0,True,1746969014.06593,left,False
3260,1746969047.9334872,187.402,1.69147,-7.1742,-0.239216,-0.134446,5753.66,5,66.472,2952.46,2977.43,49.0685,2,2,1.0,0.0,-0.1,5,0.0,0,True,1746969014.06593,left,False
3261,1746969047.956249,187.504,1.67637,-7.19918,-0.22828,-0.135036,5756.1,5,66.494,2953.6,2978.56,49.0682,2,2,1.0,0.0,-0.1,5,0.0,0,True,1746969014.06593,left,False
3262,1746969047.978807,187.584,1.53172,-7.22391,-0.217343,-0.134847,5762.67,5,66.516,2954.73,2979.7,49.0679,2,2,1.0,0.0,-0.1,5,0.0,0,True,1746969014.06593,left,False
3263,1746969047.998787,187.659,1.68866,-7.2343,-0.206491,-0.132559,5763.03,5,66.538,2955.87,2980.83,49.0675,2,2,1.0,0.0,-0.1,5,0.0,0,True,1746969014.06593,left,False
3264,1746969048.0214376,187.731,2.19208,-7.20836,-0.195739,-0.128191,5759.57,5,66.56,2957,2981.97,49.0672,2,2,1.0,0.0,-0.1,5,0.0,0,True,1746969014.06593,left,False
3265,1746969048.045096,187.791,3.0185,-7.17067,-0.185109,-0.121832,5758.07,5,66.582,2958.14,2983.1,49.0669,2,2,1.0,0.0,-0.1,5,0.0,0,True,1746969014.06593,left,False
3266,1746969048.0657175,187.836,4.12222,-7.10657,-0.174626,-0.113616,5756.41,5,66.604,2959.28,2984.24,49.0665,2,2,1.0,0.0,-0.1,5,0.0,0,True,1746969014.06593,left,False
3267,1746969048.087451,187.857,5.47572,-7.01451,-0.164323,-0.103671,5756.45,5,66.626,2960.41,2985.38,49.0662,2,2,1.0,0.0,-0.1,5,0.0,0,True,1746969014.06593,left,False
3268,1746969048.1113806,187.851,7.03628,-6.90019,-0.154234,-0.09214,5755.53,5,66.648,2961.55,2986.52,49.0658,2,2,1.0,0.0,-0.1,5,0.0,0,True,1746969014.06593,left,False
3269,1746969048.1312144,187.808,8.77577,-6.76089,-0.144398,-0.0791863,5757.17,5,66.67,2962.69,2987.66,49.0655,2,2,1.0,0.0,-0.1,5,0.0,0,True,1746969014.06593,left,False
3270,1746969048.154742,187.726,10.6519,-6.58975,-0.134854,-0.064988,5757.97,5,66.692,2963.83,2988.8,49.0652,2,2,1.0,0.0,-0.1,5,0.0,0,True,1746969014.06593,left,False
3271,1746969048.1777961,187.598,12.6379,-6.39357,-0.125642,-0.0497411,5761.55,5,66.714,2964.97,2989.94,49.0648,2,2,1.0,0.0,-0.1,5,0.0,0,True,1746969014.06593,left,False
3272,1746969048.197737,187.423,14.6924,-6.1699,-0.116799,-0.0336226,5764.17,5,66.736,2966.11,2991.08,49.0645,2,2,1.0,0.0,-0.1,5,0.0,0,True,1746969014.06593,left,False
3273,1746969048.222608,187.197,16.7906,-5.91579,-0.108363,-0.0168393,5769.62,5,66.758,2967.26,2992.22,49.0642,2,2,1.0,0.0,-0.1,5,0.0,0,True,1746969014.06593,left,False
3274,1746969048.242015,186.922,18.8886,-5.6355,-0.100367,0.000371154,5777.79,5,66.78,2968.4,2993.36,49.0638,2,2,1.0,0.0,-0.1,5,0.0,0,True,1746969014.06593,left,False
3275,1746969048.2670653,186.601,20.9546,-5.33028,-0.092841,0.0177824,5787.08,5,66.802,2969.54,2994.5,49.0635,2,2,1.0,0.0,-0.1,5,0.0,0,True,1746969014.06593,left,False
3276,1746969048.288875,186.241,22.9451,-5.00002,-0.0858123,0.0351478,5798.09,5,66.824,2970.68,2995.65,49.0632,2,2,1.0,0.0,-0.1,5,0.0,0,True,1746969014.06593,left,False
3277,1746969048.3126364,185.847,24.822,-4.64431,-0.0793037,0.0522096,5813.42,5,66.846,2971.82,2996.79,49.0628,2,2,1.0,0.0,-0.1,5,0.0,0,True,1746969014.06593,left,False
3278,1746969048.3325915,185.427,26.5489,-4.2738,-0.0733359,0.0686886,5836.38,5,66.868,2972.96,2997.93,49.0625,2,2,1.0,0.0,-0.1,5,0.0,0,True,1746969014.06593,left,False
3279,1746969048.3551254,184.997,28.0653,-3.88251,-0.067926,0.0842864,5861.6,5,66.89,2974.11,2999.07,49.0622,2,2,1.0,0.0,-0.1,5,0.0,0,True,1746969014.06593,left,False
3280,1746969048.3771343,184.569,29.338,-3.47592,-0.0630861,0.0987269,5894.49,5,66.912,2975.25,3000.21,49.0618,2,2,1.0,0.0,-0.1,5,0.0,0,True,1746969014.06593,left,False
3281,1746969048.3989587,184.158,30.3162,-3.04775,-0.058827,0.111777,5930.28,5,66.934,2976.39,3001.35,49.0615,2,2,1.0,0.0,-0.1,5,0.0,0,True,1746969014.06593,left,False
3282,1746969048.4178395,183.782,30.9891,-2.61445,-0.0551608,0.123255,5966.34,5,66.956,2977.52,3002.49,49.0611,2,2,1.0,0.0,0.0,5,0.0,0,True,1746969014.06593,right,False
3283,1746969048.4401445,183.449,31.3143,-2.16704,-0.0521555,0.132953,6003.84,5,0.0199998,1.06281,3003.62,49.0608,2,2,1.0,0.0,0.0,5,0.0,0,True,1746969014.06593,right,False
3284,1746969048.461243,183.168,31.2735,-1.71297,-0.0496847,0.140687,6046.61,5,0.0419998,2.19855,3004.76,49.0605,2,2,1.0,0.0,0.0,5,0.0,0,True,1746969014.06593,right,False
3285,1746969048.4843683,182.948,30.8693,-1.26314,-0.0478109,0.146366,6090.04,5,0.0639998,3.33276,3005.89,49.0601,2,2,1.0,0.0,0.0,5,0.0,0,True,1746969014.06593,right,False
3286,1746969048.5100236,182.802,30.0795,-0.808709,-0.0465308,0.149934,6124.93,5,0.0859998,4.46552,3007.03,49.0598,2,2,1.0,0.0,0.0,5,0.0,0,True,1746969014.06593,right,False
3287,1746969048.5313585,182.754,28.9675,-0.368092,-0.04583,0.151282,6161.69,5,0.108,5.5968,3008.16,49.0595,2,2,1.0,0.0,0.0,5,0.0,0,True,1746969014.06593,right,False
3288,1746969048.5505445,182.798,27.4699,0.068159,-0.0456797,0.150225,6176.02,5,0.13,6.72699,3009.29,49.0591,2,2,1.0,0.0,0.0,5,0.0,0,True,1746969014.06593,right,False
3289,1746969048.5741982,182.915,25.5912,0.49235,-0.0460624,0.146841,6176.04,5,0.152,7.85602,3010.42,49.0588,2,2,1.0,0.0,0.0,5,0.0,0,True,1746969014.06593,right,False
3290,1746969048.5945983,183.081,23.3826,0.883263,-0.0469533,0.141249,6176.8,5,0.174,8.98419,3011.55,49.0585,2,2,1.0,0.0,0.0,5,0.0,0,True,1746969014.06593,right,False
3291,1746969048.617988,183.292,20.8867,1.25662,-0.0483215,0.133633,6158.37,5,0.196,10.1116,3012.67,49.0581,2,2,1.0,0.0,0.0,5,0.0,0,True,1746969014.06593,right,False
3292,1746969048.6392453,183.535,18.1752,1.59975,-0.0501266,0.124278,6123.59,5,0.218,11.2384,3013.8,49.0578,2,2,1.0,0.0,0.0,5,0.0,0,True,1746969014.06593,right,False
3293,1746969048.6615384,183.799,15.3374,1.90819,-0.0523193,0.113547,6064.63,5,0.24,12.365,3014.93,49.0575,2,2,1.0,0.0,0.0,5,0.0,0,True,1746969014.06593,right,False
3294,1746969048.6828475,184.059,12.4764,2.1801,-0.054841,0.101889,5993.85,5,0.262,13.4916,3016.05,49.0571,2,2,1.0,0.0,0.0,5,0.0,0,True,1746969014.06593,right,False
3295,1746969048.7059314,184.313,9.69497,2.42009,-0.0576255,0.089817,5903.92,5,0.284,14.6184,3017.18,49.0568,2,2,1.0,0.0,0.0,5,0.0,0,True,1746969014.06593,right,False
3296,1746969048.7259715,184.537,7.10008,2.60838,-0.0606017,0.077827,5819.58,5,0.306,15.7457,3018.31,49.0564,2,2,1.0,0.0,0.0,5,0.0,0,True,1746969014.06593,right,False
3297,1746969048.7506733,184.722,4.76191,2.75262,-0.0636985,0.0663677,5750.05,5,0.328,16.8737,3019.43,49.0561,2,2,1.0,0.0,0.0,5,0.0,0,True,1746969014.06593,right,False
3298,1746969048.7712307,184.861,2.72793,2.85678,-0.0668484,0.0557446,5705.93,5,0.35,18.0023,3020.56,49.0558,2,2,1.0,0.0,0.0,5,0.0,0,True,1746969014.06593,right,False
3299,1746969048.791262,184.96,1.00695,2.90622,-0.0699919,0.0460944,5687.14,5,0.372,19.1314,3021.69,49.0554,2,2,1.0,0.0,0.0,5,0.0,0,True,1746969014.06593,right,False
3300,1746969048.8154209,185.037,-0.425391,2.91178,-0.0730792,0.0374139,5680.76,5,0.394,20.261,3022.82,49.0551,2,2,1.0,0.0,0.0,5,0.0,0,True,1746969014.06593,right,False
3301,1746969048.8378935,185.099,-1.60553,2.8701,-0.0760707,0.0296272,5681.62,5,0.416,21.3911,3023.95,49.0548,2,2,1.0,0.0,0.0,5,0.0,0,True,1746969014.06593,right,False
3302,1746969048.862006,185.151,-2.57756,2.78144,-0.0789365,0.0226175,5687.61,5,0.438,22.5217,3025.08,49.0544,2,2,1.0,0.0,0.0,5,0.0,0,True,1746969014.06593,right,False
3303,1746969048.8808763,185.199,-3.38676,2.63303,-0.0816556,0.0162603,5696.04,5,0.46,23.6528,3026.21,49.0541,2,2,1.0,0.0,0.0,5,0.0,0,True,1746969014.06593,right,False
3304,1746969048.9016197,185.242,-4.06293,2.45802,-0.0842133,0.0104378,5708.04,5,0.482,24.7842,3027.35,49.0538,2,2,1.0,0.0,0.0,5,0.0,0,True,1746969014.06593,right,False
3305,1746969048.9247885,185.282,-4.63754,2.23401,-0.0866,0.00505439,5723.41,5,0.504,25.9162,3028.48,49.0534,2,2,1.0,0.0,0.0,5,0.0,0,True,1746969014.06593,left,False
3306,1746969048.9477298,185.321,-5.12993,1.99283,-0.0888087,3.37402e-005,5739.63,5,0.526,27.0485,3029.61,49.0531,2,2,1.0,0.0,0.0,5,0.0,0,True,1746969014.06593,left,False
3307,1746969048.969767,185.365,-5.53951,1.73798,-0.0908318,-0.00465068,5750.14,5,0.548,28.1812,3030.74,49.0528,2,2,1.0,0.0,0.0,5,0.0,0,True,1746969014.06593,left,False
3308,1746969048.9903307,185.412,-5.87079,1.489,-0.0926622,-0.00900832,5758.54,5,0.57,29.3144,3031.88,49.0524,2,2,1.0,0.0,0.0,5,0.0,0,True,1746969014.06593,left,False
3309,1746969049.0122952,185.466,-6.11662,1.25578,-0.0942913,-0.0130077,5759.55,5,0.592,30.4479,3033.01,49.0521,2,2,1.0,0.0,0.0,5,0.0,0,True,1746969014.06593,left,False
3310,1746969049.0339253,185.525,-6.27862,1.03173,-0.0957115,-0.0166394,5758.47,5,0.614,31.5819,3034.14,49.0518,2,2,1.0,0.0,0.0,5,0.0,0,True,1746969014.06593,left,False
3311,1746969049.0577047,185.589,-6.3577,0.827162,-0.0969173,-0.0199009,5753.49,5,0.636,32.7165,3035.28,49.0514,2,2,1.0,0.0,0.0,5,0.0,0,True,1746969014.06593,left,False
3312,1746969049.0819557,185.654,-6.36774,0.616794,-0.0979045,-0.0228054,5750.79,5,0.658,33.8514,3036.41,49.0511,2,2,1.0,0.0,0.0,5,0.0,0,True,1746969014.06593,left,False
3313,1746969049.0998654,185.722,-6.30915,0.428975,-0.0986718,-0.0253761,5747.64,5,0.68,34.9867,3037.55,49.0507,2,2,1.0,0.0,0.0,5,0.0,0,True,1746969014.06593,left,False
3314,1746969049.1244242,185.791,-6.19304,0.240425,-0.0992179,-0.0276221,5746.88,5,0.702,36.1226,3038.68,49.0504,2,2,1.0,0.0,0.0,5,0.0,0,True,1746969014.06593,left,False
3315,1746969049.1458914,185.863,-6.02046,0.0687612,-0.0995437,-0.029562,5744.83,5,0.724,37.2588,3039.82,49.0501,2,2,1.0,0.0,0.0,5,0.0,0,True,1746969014.06593,left,False
3316,1746969049.1650283,185.938,-5.79855,-0.0870681,-0.0996501,-0.0312191,5741.94,5,0.746,38.3954,3040.96,49.0497,2,2,1.0,0.0,0.0,5,0.0,0,True,1746969014.06593,left,False
3317,1746969049.1869752,186.012,-5.53919,-0.250195,-0.0995406,-0.0326074,5743.83,5,0.768,39.5325,3042.09,49.0494,2,2,1.0,0.0,0.0,5,0.0,0,True,1746969014.06593,left,False
3318,1746969049.209894,186.089,-5.24092,-0.401923,-0.0992198,-0.033731,5744.7,5,0.79,40.6699,3043.23,49.0491,2,2,1.0,0.0,0.0,5,0.0,0,True,1746969014.06593,left,False
3319,1746969049.233563,186.167,-4.90793,-0.538432,-0.0986921,-0.0345984,5745.66,5,0.812,41.8079,3044.37,49.0487,2,2,1.0,0.0,0.0,5,0.0,0,True,1746969014.06593,left,False
3320,1746969049.2541661,186.247,-4.54779,-0.669128,-0.0979638,-0.0352324,5746.12,5,0.834,42.9461,3045.51,49.0484,2,2,1.0,0.0,0.0,5,0.0,0,True,1746969014.06593,left,False
3321,1746969049.2751412,186.329,-4.16654,-0.797152,-0.097042,-0.035658,5746.58,5,0.856,44.0848,3046.65,49.0481,2,2,1.0,0.0,0.0,5,0.0,0,True,1746969014.06593,left,False
3322,1746969049.299096,186.411,-3.77089,-0.911898,-0.0959342,-0.035905,5746.89,5,0.878,45.2239,3047.78,49.0477,2,2,1.0,0.0,0.0,5,0.0,0,True,1746969014.06593,left,False
3323,1746969049.319819,186.493,-3.36803,-1.02538,-0.0946492,-0.0359973,5747.76,5,0.9,46.3633,3048.92,49.0474,2,2,1.0,0.0,0.0,5,0.0,0,True,1746969014.06593,left,False
3324,1746969049.3424082,186.577,-2.96222,-1.13007,-0.0931958,-0.0359563,5747.96,5,0.922,47.5034,3050.06,49.0471,2,2,1.0,0.0,0.0,5,0.0,0,True,1746969014.06593,left,False
3325,1746969049.3676248,186.659,-2.55925,-1.23357,-0.0915836,-0.035808,5750.11,5,0.944,48.6437,3051.2,49.0467,2,2,1.0,0.0,0.0,5,0.0,0,True,1746969014.06593,left,False
3326,1746969049.3853304,186.744,-2.16261,-1.3231,-0.0898216,-0.035578,5748.82,5,0.966,49.7844,3052.34,49.0464,2,2,1.0,0.0,0.0,5,0.0,0,True,1746969014.06593,left,False
3327,1746969049.4117522,186.826,-1.77903,-1.41596,-0.0879193,-0.0352901,5750.66,5,0.988,50.9257,3053.49,49.046,2,2,1.0,0.0,0.0,5,0.0,0,True,1746969014.06593,left,False
3328,1746969049.430311,186.909,-1.41025,-1.49894,-0.0858859,-0.0349661,5751.68,5,1.01,52.0673,3054.63,49.0457,2,2,1.0,0.0,0.0,5,0.0,0,True,1746969014.06593,left,False
3329,1746969049.4524682,186.992,-1.05938,-1.57256,-0.0837304,-0.0346237,5751.65,5,1.032,53.2093,3055.77,49.0454,2,2,1.0,0.0,0.0,5,0.0,0,True,1746969014.06593,left,False
3330,1746969049.473334,187.074,-0.729348,-1.64374,-0.0814618,-0.0342796,5753.77,5,1.054,54.3519,3056.91,49.045,2,2,1.0,0.0,0.0,5,0.0,0,True,1746969014.06593,left,False
3331,1746969049.4949944,187.158,-0.420909,-1.70418,-0.0790884,-0.0339465,5753.04,5,1.076,55.4948,3058.06,49.0447,2,2,1.0,0.0,0.0,5,0.0,0,True,1746969014.06593,left,False
3332,1746969049.5172358,187.238,-0.135505,-1.76798,-0.076618,-0.0336345,5755.87,5,1.098,56.6382,3059.2,49.0444,2,2,1.0,0.0,0.0,5,0.0,0,True,1746969014.06593,left,False
3333,1746969049.5404155,187.321,0.127167,-1.81482,-0.0740582,-0.0333523,5755.17,5,1.12,57.7821,3060.34,49.044,2,2,1.0,0.0,-0.1,5,0.0,0,True,1746969014.06593,left,False
3334,1746969049.5644393,187.4,0.366447,-1.86575,-0.0714158,-0.0331077,5758.52,5,1.142,58.9264,3061.49,49.0437,2,2,1.0,0.0,-0.1,5,0.0,0,True,1746969014.06593,left,False
3335,1746969049.584325,187.483,0.582946,-1.90584,-0.0686972,-0.0329047,5759.16,5,1.164,60.0711,3062.63,49.0434,2,2,1.0,0.0,-0.1,5,0.0,0,True,1746969014.06593,left,False
3336,1746969049.6076453,187.561,0.77803,-1.95621,-0.0659081,-0.0327475,5763.28,5,1.186,61.2164,3063.78,49.043,2,2,1.0,0.0,-0.1,5,0.0,0,True,1746969014.06593,left,False
3337,1746969049.6324809,187.642,0.951413,-1.98471,-0.0630536,-0.032637,5763.37,5,1.208,62.3621,3064.92,49.0427,2,2,1.0,0.0,-0.1,5,0.0,0,True,1746969014.06593,left,False
3338,1746969049.649087,187.704,0.970343,-2.00616,-0.0601845,-0.0317923,5767.36,5,1.23,63.5082,3066.07,49.0424,2,2,1.0,0.0,-0.1,5,0.0,0,True,1746969014.06593,left,False
3339,1746969049.6746163,187.761,1.27432,-2.0108,-0.0573908,-0.0288558,5765.71,5,1.252,64.6548,3067.22,49.042,2,2,1.0,0.0,-0.1,5,0.0,0,True,1746969014.06593,left,False
3340,1746969049.6944914,187.813,1.91776,-1.98947,-0.0546937,-0.0238363,5761.63,5,1.274,65.8016,3068.36,49.0417,2,2,1.0,0.0,-0.1,5,0.0,0,True,1746969014.06593,left,False
3341,1746969049.7196434,187.853,2.86957,-1.935,-0.0521177,-0.0168502,5758.85,5,1.296,66.949,3069.51,49.0413,2,2,1.0,0.0,-0.1,5,0.0,0,True,1746969014.06593,left,False
3342,1746969049.7380362,187.875,4.09,-1.8592,-0.0496922,-0.00802207,5756.92,5,1.318,68.0967,3070.66,49.041,2,2,1.0,0.0,0.0,5,0.0,0,True,1746969014.06593,right,False
3343,1746969049.7611446,187.873,5.54368,-1.75769,-0.0474516,0.00250275,5755.84,5,1.34,69.2448,3071.81,49.0407,2,2,1.0,0.0,0.0,5,0.0,0,True,1746969014.06593,right,False
3344,1746969049.7825902,187.838,7.19634,-1.62995,-0.0454336,0.0145668,5756.95,5,1.362,70.3928,3072.95,49.0403,2,2,1.0,0.0,0.0,5,0.0,0,True,1746969014.06593,right,False
3345,1746969049.803942,187.768,9.00954,-1.48505,-0.0436773,0.0279784,5758.26,5,1.384,71.5415,3074.1,49.04,2,2,1.0,0.0,0.0,5,0.0,0,True,1746969014.06593,right,False
3346,1746969049.8268075,187.655,10.9415,-1.29845,-0.0422235,0.0425675,5760.14,5,1.406,72.6902,3075.25,49.0397,2,2,1.0,0.0,0.0,5,0.0,0,True,1746969014.06593,right,False
3347,1746969049.8488188,187.537,13.0842,-1.09919,-0.0410748,0.0575008,5760.66,5,1.428,73.839,3076.4,49.0393,2,2,1.0,0.0,0.0,5,0.0,0,True,1746969014.06593,right,False
3348,1746969049.8698223,187.403,15.0022,-0.886571,-0.0401974,0.0713953,5765.03,5,1.45,74.9877,3077.55,49.039,2,2,1.0,0.0,0.0,5,0.0,0,True,1746969014.06593,right,False
3349,1746969049.8921595,187.255,16.6138,-0.656682,-0.0396306,0.084183,5772.5,5,1.472,76.1365,3078.7,49.0387,2,2,1.0,0.0,0.0,5,0.0,0,True,1746969014.06593,right,False
3350,1746969049.914696,187.104,17.9314,-0.421956,-0.0394072,0.0957648,5784.23,5,1.494,77.2852,3079.85,49.0383,2,2,1.0,0.0,0.0,5,0.0,0,True,1746969014.06593,right,False
3351,1746969049.9366403,186.959,18.9458,-0.175817,-0.0395517,0.106013,5797.59,5,1.516,78.4338,3080.99,49.038,2,2,1.0,0.0,0.0,5,0.0,0,True,1746969014.06593,right,False
3352,1746969049.9587066,186.829,19.6427,0.0868717,-0.040083,0.11478,5813.22,5,1.538,79.5819,3082.14,49.0377,2,2,1.0,0.0,0.0,5,0.0,0,True,1746969014.06593,right,False
3353,1746969049.981738,186.721,20.0047,0.365976,-0.041016,0.121923,5831.77,5,1.56,80.7296,3083.29,49.0373,2,2,1.0,0.0,0.0,5,0.0,0,True,1746969014.06593,right,False
3354,1746969050.0043194,186.646,20.0228,0.657881,-0.0423586,0.1273,5850.53,5,1.582,81.8768,3084.44,49.037,2,2,1.0,0.0,0.0,5,0.0,0,True,1746969014.06593,right,False
3355,1746969050.0267265,186.601,19.6952,0.955502,-0.0441133,0.130802,5873.29,5,1.604,83.0234,3085.58,49.0366,2,2,1.0,0.0,0.0,5,0.0,0,True,1746969014.06593,right,False
3356,1746969050.0464137,186.597,19.0166,1.25965,-0.0462782,0.132371,5893.41,5,1.626,84.1694,3086.73,49.0363,2,2,1.0,0.0,0.0,5,0.0,0,True,1746969014.06593,right,False
3357,1746969050.0687306,186.63,18.005,1.57426,-0.0488448,0.132019,5910.57,5,1.648,85.3148,3087.88,49.036,2,2,1.0,0.0,0.0,5,0.0,0,True,1746969014.06593,right,False
3358,1746969050.092128,186.701,16.6984,1.88302,-0.0517983,0.129841,5919.93,5,1.67,86.4595,3089.02,49.0356,2,2,1.0,0.0,0.0,5,0.0,0,True,1746969014.06593,right,False
3359,1746969050.114858,186.802,15.1364,2.19533,-0.0551163,0.125994,5919.8,5,1.692,87.6038,3090.16,49.0353,2,2,1.0,0.0,0.0,5,0.0,0,True,1746969014.06593,right,False
3360,1746969050.1335022,186.928,13.3935,2.48969,-0.0587701,0.12073,5908.74,5,1.714,88.7479,3091.31,49.035,2,2,1.0,0.0,0.0,5,0.0,0,True,1746969014.06593,right,False
3361,1746969050.1558845,187.073,11.5448,2.76498,-0.0627218,0.114397,5881.01,5,1.736,89.8919,3092.45,49.0346,2,2,1.0,0.0,0.0,5,0.0,0,True,1746969014.06593,right,False
3362,1746969050.1798582,187.227,9.6766,3.02704,-0.0669267,0.107402,5840.81,5,1.758,91.0359,3093.6,49.0343,2,2,1.0,0.0,0.0,5,0.0,0,True,1746969014.06593,right,False
3363,1746969050.2000837,187.361,7.88597,3.24066,-0.0713355,0.100149,5816.36,5,1.78,92.18,3094.74,49.034,2,2,1.0,0.0,0.0,5,0.0,0,True,1746969014.06593,right,False
3364,1746969050.2237716,187.487,6.22062,3.42647,-0.0758963,0.0929579,5788.48,5,1.802,93.324,3095.88,49.0336,2,2,1.0,0.0,0.0,5,0.0,0,True,1746969014.06593,right,False
3365,1746969050.2424989,187.591,4.73476,3.56702,-0.0805596,0.0860976,5774.53,5,1.824,94.4686,3097.03,49.0333,2,2,1.0,0.0,0.0,5,0.0,0,True,1746969014.06593,right,False
3366,1746969050.2669418,187.681,3.43918,3.66617,-0.0852796,0.0797013,5766.64,5,1.846,95.6133,3098.17,49.033,2,2,1.0,0.0,0.0,5,0.0,0,True,1746969014.06593,right,False
3367,1746969050.288914,187.76,2.33452,3.7251,-0.0900163,0.0738433,5762.96,5,1.868,96.7585,3099.32,49.0326,2,2,1.0,0.0,0.0,5,0.0,0,True,1746969014.06593,right,False
3368,1746969050.311811,187.831,1.4066,3.75062,-0.0947362,0.068533,5761.87,5,1.89,97.9039,3100.46,49.0323,2,2,1.0,0.0,0.0,5,0.0,0,True,1746969014.06593,right,False
3369,1746969050.3312957,187.896,0.637259,3.7344,-0.0994115,0.0637369,5764.14,5,1.912,99.0499,3101.61,49.0319,2,2,1.0,0.0,0.0,5,0.0,0,True,1746969014.06593,right,False
3370,1746969050.3556647,187.957,0.00427441,3.68784,-0.104021,0.0594134,5767.29,5,1.934,100.196,3102.76,49.0316,2,2,1.0,0.0,0.0,5,0.0,0,True,1746969014.06593,right,False
3371,1746969050.376432,188.015,-0.510187,3.60883,-0.108547,0.0555187,5772.15,5,1.956,101.343,3103.9,49.0313,2,2,1.0,0.0,0.0,5,0.0,0,True,1746969014.06593,right,False
3372,1746969050.398021,188.072,-0.92596,3.49422,-0.112976,0.0520018,5777.88,5,1.978,102.49,3105.05,49.0309,2,2,1.0,0.0,0.0,5,0.0,0,True,1746969014.06593,right,False
3373,1746969050.4205608,188.127,-1.25669,3.35447,-0.1173,0.0488219,5784.59,5,2,103.638,3106.2,49.0306,2,2,1.0,0.0,0.0,5,0.0,0,True,1746969014.06593,right,False
3374,1746969050.4421976,188.184,-1.51529,3.20052,-0.12151,0.0459424,5789.7,5,2.022,104.786,3107.35,49.0303,2,2,1.0,0.0,0.0,5,0.0,0,True,1746969014.06593,right,False
3375,1746969050.4647267,188.241,-1.70729,3.04781,-0.125601,0.0433422,5794.7,5,2.044,105.935,3108.5,49.0299,2,2,1.0,0.0,0.0,5,0.0,0,True,1746969014.06593,right,False
3376,1746969050.4868014,188.299,-1.84281,2.88434,-0.129568,0.0410021,5798.29,5,2.066,107.084,3109.65,49.0296,2,2,1.0,0.0,0.0,5,0.0,0,True,1746969014.06593,right,False
3377,1746969050.508943,188.358,-1.92619,2.72639,-0.133409,0.0389008,5801.07,5,2.088,108.233,3110.79,49.0293,2,2,1.0,0.0,0.0,5,0.0,0,True,1746969014.06593,right,False
3378,1746969050.5311446,188.419,-1.96306,2.57287,-0.137121,0.0370253,5803.5,5,2.11,109.383,3111.94,49.0289,2,2,1.0,0.0,0.0,5,0.0,0,True,1746969014.06593,right,False
3379,1746969050.5510688,188.482,-1.95702,2.43259,-0.140703,0.0353653,5803.69,5,2.132,110.534,3113.1,49.0286,2,2,1.0,0.0,0.0,5,0.0,0,True,1746969014.06593,right,False
3380,1746969050.5735822,188.545,-1.91423,2.2952,-0.144155,0.0339028,5804.01,5,2.154,111.685,3114.25,49.0283,2,2,1.0,0.0,0.0,5,0.0,0,True,1746969014.06593,right,False
3381,1746969050.597924,188.61,-1.83953,2.16873,-0.147477,0.032621,5803.02,5,2.176,112.836,3115.4,49.0279,2,2,1.0,0.0,0.0,5,0.0,0,True,1746969014.06593,right,False
3382,1746969050.6196122,188.673,-1.73725,2.0515,-0.150671,0.0315051,5805.13,5,2.198,113.988,3116.55,49.0276,2,2,1.0,0.0,0.0,5,0.0,0,True,1746969014.06593,right,False
3383,1746969050.6412852,188.739,-1.61291,1.94241,-0.153738,0.0305371,5804.78,5,2.22,115.14,3117.7,49.0272,2,2,1.0,0.0,0.0,5,0.0,0,True,1746969014.06593,right,False
3384,1746969050.6620982,188.805,-1.46965,1.84059,-0.156682,0.0297054,5805.31,5,2.242,116.293,3118.85,49.0269,2,2,1.0,0.0,0.0,5,0.0,0,True,1746969014.06593,right,False
3385,1746969050.683293,188.87,-1.31186,1.74519,-0.159505,0.0289944,5805.99,5,2.264,117.447,3120.01,49.0266,2,2,1.0,0.0,0.0,5,0.0,0,True,1746969014.06593,right,False
3386,1746969050.7063968,188.937,-1.14258,1.65995,-0.162212,0.0283915,5806.39,5,2.286,118.6,3121.16,49.0262,2,2,1.0,0.0,0.0,5,0.0,0,True,1746969014.06593,right,False
3387,1746969050.7313836,189.002,-0.966494,1.57276,-0.164805,0.0278801,5808.72,5,2.308,119.754,3122.32,49.0259,2,2,1.0,0.0,0.0,5,0.0,0,True,1746969014.06593,right,False
3388,1746969050.7502704,189.069,-0.785431,1.50372,-0.16729,0.0274484,5808,5,2.33,120.909,3123.47,49.0256,2,2,1.0,0.0,0.0,5,0.0,0,True,1746969014.06593,right,False
3389,1746969050.7748258,189.134,-0.602418,1.43421,-0.169671,0.0270869,5809.79,5,2.352,122.064,3124.63,49.0252,2,2,1.0,0.0,0.0,5,0.0,0,True,1746969014.06593,right,False
3390,1746969050.7941866,189.2,-0.419168,1.37012,-0.171952,0.0267843,5811.42,5,2.374,123.22,3125.78,49.0249,2,2,1.0,0.0,0.0,5,0.0,0,True,1746969014.06593,right,False
3391,1746969050.8167775,189.265,-0.237864,1.30712,-0.174138,0.0265309,5814.72,5,2.396,124.376,3126.94,49.0246,2,2,1.0,0.0,0.0,5,0.0,0,True,1746969014.06593,right,False
3392,1746969050.8379142,189.333,-0.0604805,1.24968,-0.176233,0.0263156,5814.38,5,2.418,125.532,3128.09,49.0242,2,2,1.0,0.0,0.0,5,0.0,0,True,1746969014.06593,right,False
3393,1746969050.8607028,189.398,0.110932,1.19657,-0.178243,0.0261275,5817.52,5,2.44,126.689,3129.25,49.0239,2,2,1.0,0.0,0.0,5,0.0,0,True,1746969014.06593,right,False
3394,1746969050.8815174,189.463,0.275389,1.15523,-0.180171,0.0259584,5819.12,5,2.462,127.846,3130.41,49.0236,2,2,1.0,0.0,0.0,5,0.0,0,True,1746969014.06593,right,False
3395,1746969050.90337,189.53,0.431342,1.10548,-0.182022,0.0257987,5820.76,5,2.484,129.004,3131.57,49.0232,2,2,1.0,0.0,0.0,5,0.0,0,True,1746969014.06593,right,False
3396,1746969050.927216,189.595,0.578443,1.07074,-0.1838,0.0256437,5822.07,5,2.506,130.162,3132.72,49.0229,2,2,1.0,0.0,0.0,5,0.0,0,True,1746969014.06593,right,False
3397,1746969050.9470627,189.661,0.715825,1.03476,-0.185509,0.0254872,5823.68,5,2.528,131.321,3133.88,49.0225,2,2,1.0,0.0,0.0,5,0.0,0,True,1746969014.06593,right,False
3398,1746969050.969415,189.726,0.8435,0.997265,-0.187153,0.0253227,5825.91,5,2.55,132.48,3135.04,49.0222,2,2,1.0,0.0,0.0,5,0.0,0,True,1746969014.06593,right,False
3399,1746969050.9912705,189.792,0.960794,0.959692,-0.188734,0.0251474,5827.87,5,2.572,133.639,3136.2,49.0219,2,2,1.0,0.0,0.0,5,0.0,0,True,1746969014.06593,right,False
3400,1746969051.0130637,189.858,1.068,0.934581,-0.190257,0.0249577,5828.41,5,2.594,134.799,3137.36,49.0215,2,2,1.0,0.0,0.0,5,0.0,0,True,1746969014.06593,right,False
3401,1746969051.0363016,189.923,1.16567,0.9022,-0.191723,0.0247511,5830.68,5,2.616,135.959,3138.52,49.0212,2,2,1.0,0.0,0.0,5,0.0,0,True,1746969014.06593,right,False
3402,1746969051.0571392,189.988,1.25354,0.871477,-0.193136,0.024526,5833.15,5,2.638,137.12,3139.68,49.0209,2,2,1.0,0.0,0.0,5,0.0,0,True,1746969014.06593,right,False
3403,1746969051.0795364,190.054,1.33198,0.844622,-0.194498,0.0242811,5835.02,5,2.66,138.281,3140.84,49.0205,2,2,1.0,0.0,0.0,5,0.0,0,True,1746969014.06593,right,False
3404,1746969051.1028962,190.12,1.40154,0.819271,-0.195811,0.0240157,5836.34,5,2.682,139.443,3142,49.0202,2,2,1.0,0.0,0.0,5,0.0,0,True,1746969014.06593,right,False
3405,1746969051.1233268,190.185,1.46332,0.789586,-0.197076,0.0237303,5838.45,5,2.704,140.605,3143.17,49.0199,2,2,1.0,0.0,0.0,5,0.0,0,True,1746969014.06593,right,False
3406,1746969051.1461096,190.25,1.51757,0.763454,-0.198296,0.0234263,5839.79,5,2.726,141.767,3144.33,49.0195,2,2,1.0,0.0,0.0,5,0.0,0,True,1746969014.06593,right,False
3407,1746969051.1688535,190.316,1.56496,0.737179,-0.199472,0.023104,5842.17,5,2.748,142.93,3145.49,49.0192,2,2,1.0,0.0,0.0,5,0.0,0,True,1746969014.06593,right,False
3408,1746969051.1891215,190.381,1.60617,0.714676,-0.200605,0.0227649,5843.48,5,2.77,144.093,3146.65,49.0189,2,2,1.0,0.0,0.0,5,0.0,0,True,1746969014.06593,right,False
3409,1746969051.212712,190.447,1.64179,0.690283,-0.201696,0.0224092,5845.64,5,2.792,145.256,3147.82,49.0185,2,2,1.0,0.0,0.0,5,0.0,0,True,1746969014.06593,right,False
3410,1746969051.2341409,190.512,1.67235,0.666102,-0.202746,0.022038,5847.94,5,2.814,146.42,3148.98,49.0182,2,2,1.0,0.0,0.0,5,0.0,0,True,1746969014.06593,right,False
3411,1746969051.2554743,190.577,1.6982,0.644122,-0.203757,0.0216522,5849.79,5,2.836,147.585,3150.15,49.0178,2,2,1.0,0.0,0.0,5,0.0,0,True,1746969014.06593,right,False
3412,1746969051.2783446,190.643,1.7199,0.620811,-0.204727,0.0212523,5851.48,5,2.858,148.75,3151.31,49.0175,2,2,1.0,0.0,0.0,5,0.0,0,True,1746969014.06593,right,False
3413,1746969051.3009608,190.708,1.7379,0.590591,-0.205659,0.0208397,5854.04,5,2.88,149.915,3152.48,49.0172,2,2,1.0,0.0,0.0,5,0.0,0,True,1746969014.06593,right,False
3414,1746969051.3205836,190.774,1.75225,0.573035,-0.206552,0.0204152,5855.43,5,2.902,151.08,3153.64,49.0168,2,2,1.0,0.0,0.0,5,0.0,0,True,1746969014.06593,right,False
3415,1746969051.3429282,190.838,1.76398,0.54776,-0.207407,0.0199794,5857.95,5,2.924,152.246,3154.81,49.0165,2,2,1.0,0.0,0.0,5,0.0,0,True,1746969014.06593,right,False
3416,1746969051.3656442,190.904,1.77224,0.525892,-0.208225,0.0195304,5859.21,5,2.946,153.413,3155.97,49.0162,2,2,1.0,0.0,0.0,5,0.0,0,True,1746969014.06593,right,False
3417,1746969051.3873158,190.97,1.77809,0.492839,-0.209004,0.0190692,5860.82,5,2.968,154.58,3157.14,49.0158,2,2,1.0,0.0,0.0,5,0.0,0,True,1746969014.06593,right,False
3418,1746969051.4105308,191.036,1.78222,0.471638,-0.209746,0.0186004,5862.98,5,2.99,155.747,3158.31,49.0155,2,2,1.0,0.0,0.0,5,0.0,0,True,1746969014.06593,right,False
3419,1746969051.43297,191.101,1.78478,0.448049,-0.210451,0.0181268,5865.17,5,3.012,156.914,3159.48,49.0152,2,2,1.0,0.0,0.0,5,0.0,0,True,1746969014.06593,right,False
3420,1746969051.4548285,191.167,1.78564,0.426081,-0.211118,0.0176461,5866.53,5,3.034,158.083,3160.64,49.0148,2,2,1.0,0.0,0.0,5,0.0,0,True,1746969014.06593,right,False
3421,1746969051.4758441,191.232,1.7859,0.404501,-0.211748,0.0171602,5868.81,5,3.056,159.251,3161.81,49.0145,2,2,1.0,0.0,0.0,5,0.0,0,True,1746969014.06593,right,False
3422,1746969051.4974627,191.297,1.78515,0.380621,-0.212341,0.0166695,5871.11,5,3.078,160.42,3162.98,49.0142,2,2,1.0,0.0,0.0,5,0.0,0,True,1746969014.06593,right,False
3423,1746969051.5211883,191.363,1.78359,0.356638,-0.212896,0.0161741,5872.36,5,3.1,161.589,3164.15,49.0138,2,2,1.0,0.0,0.0,5,0.0,0,True,1746969014.06593,right,False
3424,1746969051.5433912,191.429,1.78154,0.332557,-0.213413,0.0156749,5874.26,5,3.122,162.759,3165.32,49.0135,2,2,1.0,0.0,0.0,5,0.0,0,True,1746969014.06593,right,False
3425,1746969051.5644946,191.494,1.77868,0.306283,-0.213892,0.0151717,5876.87,5,3.144,163.929,3166.49,49.0131,2,2,1.0,0.0,0.0,5,0.0,0,True,1746969014.06593,right,False
3426,1746969051.5857031,191.56,1.77578,0.284695,-0.214334,0.0146642,5878.33,5,3.166,165.1,3167.66,49.0128,2,2,1.0,0.0,0.0,5,0.0,0,True,1746969014.06593,right,False
3427,1746969051.607325,191.625,1.77192,0.259673,-0.214738,0.0141536,5880.64,5,3.188,166.27,3168.83,49.0125,2,2,1.0,0.0,0.0,5,0.0,0,True,1746969014.06593,right,False
3428,1746969051.6293423,191.69,1.7679,0.234014,-0.215104,0.0136395,5882.83,5,3.21,167.442,3170,49.0121,2,2,1.0,0.0,0.0,5,0.0,0,True,1746969014.06593,right,False
3429,1746969051.6517923,191.756,1.76399,0.201816,-0.215432,0.013123,5885.08,5,3.232,168.613,3171.17,49.0118,2,2,1.0,0.0,0.0,5,0.0,0,True,1746969014.06593,right,False
3430,1746969051.6747706,191.822,1.75968,0.186417,-0.215721,0.0126037,5885.97,5,3.254,169.786,3172.35,49.0115,2,2,1.0,0.0,0.0,5,0.0,0,True,1746969014.06593,right,False
3431,1746969051.6959596,191.887,1.75541,0.151459,-0.215972,0.0120831,5888.79,5,3.276,170.958,3173.52,49.0111,2,2,1.0,0.0,0.0,5,0.0,0,True,1746969014.06593,right,False
3432,1746969051.7178051,191.953,1.75031,0.136135,-0.216184,0.0115603,5889.87,5,3.298,172.131,3174.69,49.0108,2,2,1.0,0.0,0.0,5,0.0,0,True,1746969014.06593,right,False
3433,1746969051.739558,192.017,1.74672,0.100989,-0.216358,0.0110376,5893.32,5,3.32,173.304,3175.87,49.0105,2,2,1.0,0.0,0.0,5,0.0,0,True,1746969014.06593,right,False
3434,1746969051.7628863,192.084,1.742,0.0723826,-0.216492,0.0105095,5894.54,5,3.342,174.478,3177.04,49.0101,2,2,1.0,0.0,0.0,5,0.0,0,True,1746969014.06593,right,False
3435,1746969051.7856967,192.15,1.73738,0.0551262,-0.216587,0.00998596,5895.15,5,3.364,175.652,3178.21,49.0098,2,2,1.0,0.0,0.0,5,0.0,0,True,1746969014.06593,right,False
3436,1746969051.806756,192.216,1.73289,0.0369647,-0.216644,0.00946241,5897.13,5,3.386,176.827,3179.39,49.0095,2,2,1.0,0.0,0.0,5,0.0,0,True,1746969014.06593,right,False
3437,1746969051.8289664,192.281,1.73035,0.00714101,-0.216661,0.00894218,5899.44,5,3.408,178.001,3180.56,49.0091,2,2,1.0,0.0,0.0,5,0.0,0,True,1746969014.06593,right,False
3438,1746969051.849145,192.346,1.72975,-0.0218173,-0.216639,0.00842756,5902.07,5,3.43,179.177,3181.74,49.0088,2,2,1.0,0.0,0.0,5,0.0,0,True,1746969014.06593,right,False
3439,1746969051.871252,192.41,1.72923,-0.0594797,-0.216576,0.00791195,5905.9,5,3.452,180.352,3182.91,49.0084,2,2,1.0,0.0,0.0,5,0.0,0,True,1746969014.06593,right,False
3440,1746969051.8958278,192.477,1.72695,-0.0817407,-0.216474,0.00739222,5905.28,5,3.474,181.529,3184.09,49.0081,2,2,1.0,0.0,0.0,5,0.0,0,True,1746969014.06593,right,False
3441,1746969051.9149542,192.542,1.72541,-0.116371,-0.216332,0.00687335,5908.76,5,3.496,182.705,3185.27,49.0078,2,2,1.0,0.0,0.0,5,0.0,0,True,1746969014.06593,right,False
3442,1746969051.9370904,192.609,1.72104,-0.132719,-0.21615,0.00634683,5909.25,5,3.518,183.882,3186.44,49.0074,2,2,1.0,0.0,0.0,5,0.0,0,True,1746969014.06593,right,False
3443,1746969051.9588308,192.674,1.71834,-0.162296,-0.215929,0.00581848,5910.78,5,3.54,185.059,3187.62,49.0071,2,2,1.0,0.0,0.0,5,0.0,0,True,1746969014.06593,right,False
3444,1746969051.9808898,192.738,1.71489,-0.189921,-0.215668,0.00528839,5915.22,5,3.562,186.237,3188.8,49.0068,2,2,1.0,0.0,0.0,5,0.0,0,True,1746969014.06593,right,False
3445,1746969052.0071797,192.805,1.71097,-0.207273,-0.215366,0.00475822,5915.01,5,3.584,187.415,3189.98,49.0064,2,2,1.0,0.0,0.0,5,0.0,0,True,1746969014.06593,right,False
3446,1746969052.0263758,192.871,1.70805,-0.237928,-0.215025,0.00422821,5917.89,5,3.606,188.594,3191.16,49.0061,2,2,1.0,0.0,0.0,5,0.0,0,True,1746969014.06593,right,False
3447,1746969052.0486808,192.937,1.70506,-0.261369,-0.214643,0.00370016,5919.07,5,3.628,189.773,3192.33,49.0058,2,2,1.0,0.0,0.0,5,0.0,0,True,1746969014.06593,right,False
3448,1746969052.0704823,193.002,1.70295,-0.287076,-0.214221,0.00317314,5921.3,5,3.65,190.952,3193.51,49.0054,2,2,1.0,0.0,0.0,5,0.0,0,True,1746969014.06593,right,False
3449,1746969052.0906427,193.068,1.70086,-0.312238,-0.213758,0.00264871,5922.9,5,3.672,192.131,3194.69,49.0051,2,2,1.0,0.0,0.0,5,0.0,0,True,1746969014.06593,right,False
3450,1746969052.1152375,193.133,1.70025,-0.339275,-0.213255,0.00212727,5925.2,5,3.694,193.312,3195.87,49.0048,2,2,1.0,0.0,0.0,5,0.0,0,True,1746969014.06593,right,False
3451,1746969052.1369326,193.199,1.69965,-0.364432,-0.212711,0.00160797,5927.23,5,3.716,194.492,3197.05,49.0044,2,2,1.0,0.0,0.0,5,0.0,0,True,1746969014.06593,right,False
3452,1746969052.1593308,193.264,1.69954,-0.391463,-0.212127,0.00109056,5929.25,5,3.738,195.673,3198.23,49.0041,2,2,1.0,0.0,0.0,5,0.0,0,True,1746969014.06593,right,False
3453,1746969052.18011,193.33,1.69988,-0.415318,-0.211502,0.000575637,5931.25,5,3.76,196.854,3199.42,49.0037,2,2,1.0,0.0,0.0,5,0.0,0,True,1746969014.06593,right,False
3454,1746969052.2008636,193.395,1.70095,-0.444334,-0.210836,6.29979e-005,5933.56,5,3.782,198.036,3200.6,49.0034,2,2,1.0,0.0,0.0,5,0.0,0,True,1746969014.06593,right,False
3455,1746969052.2233756,193.462,1.70148,-0.468995,-0.21013,-0.000448885,5934.04,5,3.804,199.218,3201.78,49.0031,2,2,1.0,0.0,0.0,5,0.0,0,True,1746969014.06593,right,False
3456,1746969052.244715,193.527,1.70296,-0.494454,-0.209382,-0.000958939,5936.35,5,3.826,200.4,3202.96,49.0027,2,2,1.0,0.0,0.0,5,0.0,0,True,1746969014.06593,right,False
3457,1746969052.269928,193.593,1.70477,-0.527337,-0.208594,-0.0014672,5938.27,5,3.848,201.583,3204.14,49.0024,2,2,1.0,0.0,0.0,5,0.0,0,True,1746969014.06593,right,False
3458,1746969052.290681,193.658,1.70627,-0.55491,-0.207765,-0.00197532,5940.77,5,3.87,202.767,3205.33,49.0021,2,2,1.0,0.0,0.0,5,0.0,0,True,1746969014.06593,right,False
3459,1746969052.312967,193.724,1.7079,-0.581407,-0.206896,-0.00248171,5942.25,5,3.892,203.95,3206.51,49.0017,2,2,1.0,0.0,0.0,5,0.0,0,True,1746969014.06593,right,False
3460,1746969052.3338423,193.789,1.70934,-0.609181,-0.205986,-0.00298922,5944.85,5,3.914,205.134,3207.7,49.0014,2,2,1.0,0.0,0.0,5,0.0,0,True,1746969014.06593,right,False
3461,1746969052.3562171,193.855,1.71076,-0.637058,-0.205035,-0.00349625,5946.71,5,3.936,206.319,3208.88,49.0011,2,2,1.0,0.0,0.0,5,0.0,0,True,1746969014.06593,right,False
3462,1746969052.3778584,193.92,1.71205,-0.664661,-0.204043,-0.00400355,5948.58,5,3.958,207.504,3210.06,49.0007,2,2,1.0,0.0,0.0,5,0.0,0,True,1746969014.06593,right,False
3463,1746969052.4005322,193.986,1.71277,-0.689274,-0.203011,-0.00451137,5950.17,5,3.98,208.689,3211.25,49.0004,2,2,1.0,0.0,0.0,5,0.0,0,True,1746969014.06593,right,False
3464,1746969052.4226334,194.052,1.714,-0.716896,-0.201938,-0.00501883,5952.78,5,4.002,209.875,3212.44,49.0001,2,2,1.0,0.0,0.0,5,0.0,0,True,1746969014.06593,right,False
3465,1746969052.4445412,194.117,1.71536,-0.74502,-0.200824,-0.00552528,5955.62,5,4.024,211.061,3213.62,48.9997,2,2,1.0,0.0,0.0,5,0.0,0,True,1746969014.06593,right,False
3466,1746969052.4658475,194.183,1.71596,-0.770137,-0.19967,-0.00603372,5955.99,5,4.046,212.247,3214.81,48.9994,2,2,1.0,0.0,0.0,5,0.0,0,True,1746969014.06593,right,False
3467,1746969052.486748,194.248,1.71688,-0.795145,-0.198475,-0.00654105,5958.82,5,4.068,213.434,3215.99,48.999,2,2,1.0,0.0,0.0,5,0.0,0,True,1746969014.06593,right,False
3468,1746969052.5105166,194.314,1.7179,-0.829197,-0.197239,-0.007049,5960.93,5,4.09,214.621,3217.18,48.9987,2,2,1.0,0.0,0.0,5,0.0,0,True,1746969014.06593,right,False
3469,1746969052.531639,194.38,1.71799,-0.852393,-0.195963,-0.0075593,5962.39,5,4.112,215.809,3218.37,48.9984,2,2,1.0,0.0,0.0,5,0.0,0,True,1746969014.06593,right,False
3470,1746969052.55386,194.446,1.71868,-0.881124,-0.194646,-0.00806699,5963.46,5,4.134,216.996,3219.56,48.998,2,2,1.0,0.0,0.0,5,0.0,0,True,1746969014.06593,right,False
3471,1746969052.577009,194.511,1.71905,-0.904687,-0.193288,-0.00857447,5965.87,5,4.156,218.185,3220.75,48.9977,2,2,1.0,0.0,0.0,5,0.0,0,True,1746969014.06593,right,False
3472,1746969052.5970552,194.577,1.72011,-0.93255,-0.191889,-0.00908073,5968.31,5,4.178,219.374,3221.93,48.9974,2,2,1.0,0.0,0.0,5,0.0,0,True,1746969014.06593,right,False
3473,1746969052.6215012,194.642,1.72097,-0.958606,-0.19045,-0.00958704,5970.05,5,4.2,220.563,3223.12,48.997,2,2,1.0,0.0,0.0,5,0.0,0,True,1746969014.06593,right,False
3474,1746969052.6437633,194.708,1.72167,-0.986088,-0.18897,-0.0100944,5971.86,5,4.222,221.752,3224.31,48.9967,2,2,1.0,0.0,0.0,5,0.0,0,True,1746969014.06593,right,False
3475,1746969052.6635547,194.774,1.72209,-1.01269,-0.18745,-0.0106013,5973.82,5,4.244,222.942,3225.5,48.9964,2,2,1.0,0.0,0.0,5,0.0,0,True,1746969014.06593,right,False
3476,1746969052.6879022,194.84,1.7223,-1.03748,-0.185888,-0.011109,5975.57,5,4.266,224.133,3226.69,48.996,2,2,1.0,0.0,0.0,5,0.0,0,True,1746969014.06593,right,False
3477,1746969052.7071128,194.905,1.72286,-1.06457,-0.184286,-0.0116161,5977.45,5,4.288,225.323,3227.88,48.9957,2,2,1.0,0.0,0.0,5,0.0,0,True,1746969014.06593,right,False
3478,1746969052.7287278,194.97,1.72389,-1.09351,-0.182644,-0.012123,5980.39,5,4.31,226.514,3229.07,48.9954,2,2,1.0,0.0,0.0,5,0.0,0,True,1746969014.06593,right,False
3479,1746969052.7512815,195.036,1.72379,-1.11609,-0.18096,-0.0126301,5981.75,5,4.332,227.706,3230.27,48.995,2,2,1.0,0.0,0.0,5,0.0,0,True,1746969014.06593,right,False
3480,1746969052.773494,195.102,1.72403,-1.14309,-0.179236,-0.0131387,5983.39,5,4.354,228.898,3231.46,48.9947,2,2,1.0,0.0,0.0,5,0.0,0,True,1746969014.06593,right,False
3481,1746969052.796204,195.168,1.72393,-1.17368,-0.17747,-0.0136478,5984.54,5,4.376,230.09,3232.65,48.9943,2,2,1.0,0.0,0.0,5,0.0,0,True,1746969014.06593,right,False
3482,1746969052.8170116,195.234,1.72412,-1.19551,-0.175664,-0.0141564,5987.28,5,4.398,231.283,3233.84,48.994,2,2,1.0,0.0,0.0,5,0.0,0,True,1746969014.06593,right,False
3483,1746969052.839741,195.299,1.72433,-1.22642,-0.173817,-0.0146646,5989.14,5,4.42,232.476,3235.04,48.9937,2,2,1.0,0.0,0.0,5,0.0,0,True,1746969014.06593,right,False
3484,1746969052.8623235,195.365,1.72449,-1.25391,-0.171929,-0.0151741,5990.73,5,4.442,233.669,3236.23,48.9933,2,2,1.0,0.0,0.0,5,0.0,0,True,1746969014.06593,right,False
3485,1746969052.8835459,195.43,1.725,-1.28094,-0.17,-0.015682,5993.58,5,4.464,234.863,3237.42,48.993,2,2,1.0,0.0,0.0,5,0.0,0,True,1746969014.06593,right,False
3486,1746969052.9055297,195.496,1.72501,-1.3088,-0.16803,-0.0161911,5995.36,5,4.486,236.057,3238.62,48.9927,2,2,1.0,0.0,0.0,5,0.0,0,True,1746969014.06593,right,False
3487,1746969052.9286861,195.561,1.72508,-1.33439,-0.166019,-0.0167001,5997.21,5,4.508,237.252,3239.81,48.9923,2,2,1.0,0.0,0.0,5,0.0,0,True,1746969014.06593,right,False
3488,1746969052.9500654,195.627,1.72523,-1.36323,-0.163967,-0.0172089,5999.34,5,4.53,238.447,3241.01,48.992,2,2,1.0,0.0,0.0,5,0.0,0,True,1746969014.06593,right,False
3489,1746969052.9715862,195.693,1.72528,-1.38691,-0.161875,-0.0177168,6000.59,5,4.552,239.642,3242.2,48.9917,2,2,1.0,0.0,0.0,5,0.0,0,True,1746969014.06593,right,False
3490,1746969052.9938395,195.759,1.72542,-1.41312,-0.159741,-0.0182248,6002.76,5,4.574,240.838,3243.4,48.9913,2,2,1.0,0.0,0.0,5,0.0,0,True,1746969014.06593,right,False
3491,1746969053.014983,195.824,1.72583,-1.44213,-0.157565,-0.0187323,6004.69,5,4.596,242.034,3244.59,48.991,2,2,1.0,0.0,0.0,5,0.0,0,True,1746969014.06593,right,False
3492,1746969053.0383987,195.889,1.72669,-1.47312,-0.155349,-0.0192401,6007.94,5,4.618,243.23,3245.79,48.9907,2,2,1.0,0.0,0.0,5,0.0,0,True,1746969014.06593,right,False
3493,1746969053.0597792,195.955,1.72687,-1.50323,-0.153092,-0.0197475,6009.74,5,4.64,244.427,3246.99,48.9903,2,2,1.0,0.0,0.0,5,0.0,0,True,1746969014.06593,right,False
3494,1746969053.0815458,196.021,1.72684,-1.52535,-0.150793,-0.0202549,6010.6,5,4.662,245.624,3248.18,48.99,2,2,1.0,0.0,0.0,5,0.0,0,True,1746969014.06593,right,False
3495,1746969053.1041222,196.087,1.72703,-1.55079,-0.148454,-0.0207623,6012.25,5,4.684,246.822,3249.38,48.9896,2,2,1.0,0.0,0.0,5,0.0,0,True,1746969014.06593,right,False
3496,1746969053.126362,196.152,1.72764,-1.57669,-0.146073,-0.0212693,6015.31,5,4.706,248.02,3250.58,48.9893,2,2,1.0,0.0,0.0,5,0.0,0,True,1746969014.06593,right,False
3497,1746969053.1478884,196.218,1.7276,-1.60439,-0.143651,-0.0217763,6016.47,5,4.728,249.219,3251.78,48.989,2,2,1.0,0.0,0.0,5,0.0,0,True,1746969014.06593,right,False
3498,1746969053.1705463,196.283,1.72838,-1.63487,-0.141188,-0.0222827,6018.97,5,4.75,250.417,3252.98,48.9886,2,2,1.0,0.0,0.0,5,0.0,0,True,1746969014.06593,right,False
3499,1746969053.1916392,196.349,1.72862,-1.66151,-0.138683,-0.0227891,6020.91,5,4.772,251.617,3254.18,48.9883,2,2,1.0,0.0,0.0,5,0.0,0,True,1746969014.06593,right,False
3500,1746969053.214905,196.415,1.72915,-1.69013,-0.136137,-0.0232961,6022.89,5,4.794,252.816,3255.38,48.988,2,2,1.0,0.0,0.0,5,0.0,0,True,1746969014.06593,right,False
3501,1746969053.2381046,196.48,1.72912,-1.71654,-0.13355,-0.0238034,6024.67,5,4.816,254.016,3256.58,48.9876,2,2,1.0,0.0,0.0,5,0.0,0,True,1746969014.06593,right,False
3502,1746969053.2581773,196.546,1.72937,-1.74308,-0.130922,-0.0243104,6026.46,5,4.838,255.216,3257.78,48.9873,2,2,1.0,0.0,0.0,5,0.0,0,True,1746969014.06593,right,False
3503,1746969053.2792716,196.612,1.72959,-1.77189,-0.128253,-0.0248177,6028.67,5,4.86,256.417,3258.98,48.987,2,2,1.0,0.0,0.0,5,0.0,0,True,1746969014.06593,right,False
3504,1746969053.3049414,196.677,1.72994,-1.79873,-0.125542,-0.0253245,6031.15,5,4.882,257.618,3260.18,48.9866,2,2,1.0,0.0,0.0,5,0.0,0,True,1746969014.06593,right,False
3505,1746969053.3236613,196.743,1.72984,-1.82134,-0.122789,-0.0258313,6031.91,5,4.904,258.82,3261.38,48.9863,2,2,1.0,0.0,0.0,5,0.0,0,True,1746969014.06593,right,False
3506,1746969053.345447,196.808,1.73013,-1.85361,-0.119995,-0.0263383,6034.66,5,4.926,260.022,3262.58,48.986,2,2,1.0,0.0,0.0,5,0.0,0,True,1746969014.06593,right,False
3507,1746969053.3688884,196.874,1.73069,-1.87825,-0.11716,-0.0268446,6036.76,5,4.948,261.224,3263.78,48.9856,2,2,1.0,0.0,0.0,5,0.0,0,True,1746969014.06593,right,False
3508,1746969053.3899474,196.94,1.73059,-1.90074,-0.114284,-0.027351,6037.49,5,4.97,262.426,3264.99,48.9853,2,2,1.0,0.0,0.0,5,0.0,0,True,1746969014.06593,right,False
3509,1746969053.4134562,197.005,1.731,-1.93131,-0.111366,-0.0278582,6040.26,5,4.992,263.629,3266.19,48.9849,2,2,1.0,0.0,0.0,5,0.0,0,True,1746969014.06593,right,False
3510,1746969053.4344563,197.071,1.73142,-1.9635,-0.108406,-0.0283652,6042.93,5,5.014,264.833,3267.39,48.9846,2,2,1.0,0.0,0.0,5,0.0,0,True,1746969014.06593,right,False
3511,1746969053.454891,197.136,1.73155,-1.98859,-0.105405,-0.0288719,6044.9,5,5.036,266.037,3268.6,48.9843,2,2,1.0,0.0,0.0,5,0.0,0,True,1746969014.06593,right,False
3512,1746969053.479514,197.202,1.73139,-2.0114,-0.102363,-0.0293791,6046.14,5,5.058,267.241,3269.8,48.9839,2,2,1.0,0.0,0.0,5,0.0,0,True,1746969014.06593,right,False
3513,1746969053.5009642,197.268,1.73161,-2.03995,-0.0992785,-0.0298857,6047.74,5,5.08,268.445,3271.01,48.9836,2,2,1.0,0.0,0.0,5,0.0,0,True,1746969014.06593,right,False
3514,1746969053.5220215,197.334,1.73188,-2.07085,-0.0961529,-0.0303923,6050.03,5,5.102,269.65,3272.21,48.9833,2,2,1.0,0.0,0.0,5,0.0,0,True,1746969014.06593,right,False
3515,1746969053.5442035,197.399,1.73214,-2.09958,-0.0929857,-0.0308994,6052.47,5,5.124,270.855,3273.42,48.9829,2,2,1.0,0.0,0.0,5,0.0,0,True,1746969014.06593,right,False
3516,1746969053.5660615,197.465,1.73236,-2.12172,-0.0897767,-0.031406,6054,5,5.146,272.061,3274.62,48.9826,2,2,1.0,0.0,0.0,5,0.0,0,True,1746969014.06593,right,False
3517,1746969053.5876453,197.531,1.73188,-2.14655,-0.0865262,-0.0319125,6055.18,5,5.168,273.267,3275.83,48.9823,2,2,1.0,0.0,0.0,5,0.0,0,True,1746969014.06593,right,False
3518,1746969053.6117442,197.596,1.73212,-2.17078,-0.083234,-0.03242,6057.43,5,5.19,274.473,3277.03,48.9819,2,2,1.0,0.0,0.0,5,0.0,0,True,1746969014.06593,right,False
3519,1746969053.6326003,197.661,1.73256,-2.20695,-0.0799002,-0.0329276,6060.46,5,5.212,275.68,3278.24,48.9816,2,2,1.0,0.0,0.0,5,0.0,0,True,1746969014.06593,right,False
3520,1746969053.65435,197.728,1.73218,-2.24072,-0.0765245,-0.0334367,6061.53,5,5.234,276.887,3279.45,48.9813,2,2,1.0,0.0,0.0,5,0.0,0,True,1746969014.06593,right,False
3521,1746969053.6770854,197.793,1.73241,-2.26451,-0.0731073,-0.0339425,6064.45,5,5.256,278.095,3280.66,48.9809,2,2,1.0,0.0,0.0,5,0.0,0,True,1746969014.06593,right,False
3522,1746969053.6987624,197.86,1.73201,-2.28799,-0.0696482,-0.0344498,6064.41,5,5.278,279.303,3281.86,48.9806,2,2,1.0,0.0,0.0,5,0.0,0,True,1746969014.06593,right,False
3523,1746969053.7204804,197.925,1.73224,-2.30874,-0.0661475,-0.034954,6066.93,5,5.3,280.511,3283.07,48.9802,2,2,1.0,0.0,0.0,5,0.0,0,True,1746969014.06593,right,False
3524,1746969053.7430594,197.989,1.73302,-2.3425,-0.062605,-0.0354615,6070.36,5,5.322,281.719,3284.28,48.9799,2,2,1.0,0.0,0.0,5,0.0,0,True,1746969014.06593,right,False
3525,1746969053.7648537,198.055,1.7356,-2.38524,-0.0590202,-0.0359608,6072.36,5,5.344,282.929,3285.49,48.9796,2,2,1.0,0.0,0.0,5,0.0,0,True,1746969014.06593,right,False
3526,1746969053.7861352,198.12,1.7356,-2.40914,-0.0553935,-0.0364674,6074.78,5,5.366,284.138,3286.7,48.9792,2,2,1.0,0.0,0.0,5,0.0,0,True,1746969014.06593,right,False
3527,1746969053.8073268,198.186,1.73366,-2.43454,-0.051725,-0.0369831,6076.34,5,5.388,285.348,3287.91,48.9789,2,2,1.0,0.0,0.0,5,0.0,0,True,1746969014.06593,right,False
3528,1746969053.8306346,198.252,1.73119,-2.46978,-0.0480147,-0.0375037,6077.93,5,5.41,286.558,3289.12,48.9786,2,2,1.0,0.0,0.0,5,0.0,0,True,1746969014.06593,right,False
3529,1746969053.8519588,198.319,1.728,-2.49031,-0.0442625,-0.0380236,6078.1,5,5.432,287.768,3290.33,48.9782,2,2,1.0,0.0,0.0,5,0.0,0,True,1746969014.06593,right,False
3530,1746969053.8749726,198.385,1.72513,-2.50438,-0.0404687,-0.0385405,6080.22,5,5.454,288.979,3291.54,48.9779,2,2,1.0,0.0,0.0,5,0.0,0,True,1746969014.06593,right,False
3531,1746969053.8957975,198.451,1.72255,-2.52424,-0.0366332,-0.0390591,6081.31,5,5.476,290.19,3292.75,48.9776,2,2,1.0,0.0,0.0,5,0.0,0,True,1746969014.06593,right,False
3532,1746969053.9181602,198.516,1.7244,-2.56778,-0.0327552,-0.0395662,6084.16,5,5.498,291.402,3293.96,48.9772,2,2,1.0,0.0,0.0,5,0.0,0,True,1746969014.06593,right,False
3533,1746969053.939272,198.582,1.72583,-2.58169,-0.0288349,-0.0400633,6084.79,5,5.52,292.614,3295.17,48.9769,2,2,1.0,0.0,0.0,5,0.0,0,True,1746969014.06593,right,False
3534,1746969053.9626617,198.647,1.72878,-2.61172,-0.0248727,-0.0405544,6088.54,5,5.542,293.827,3296.39,48.9766,2,2,1.0,0.0,0.0,5,0.0,0,True,1746969014.06593,right,False
3535,1746969053.9829552,198.713,1.73198,-2.63894,-0.0208683,-0.0410472,6089.81,5,5.564,295.039,3297.6,48.9762,2,2,1.0,0.0,0.0,5,0.0,0,True,1746969014.06593,right,False
3536,1746969054.0081456,198.778,1.73541,-2.66293,-0.0168219,-0.041534,6092.33,5,5.586,296.252,3298.81,48.9759,2,2,1.0,0.0,0.0,5,0.0,0,True,1746969014.06593,right,False
3537,1746969054.029612,198.844,1.73921,-2.69511,-0.0127335,-0.0420226,6094.71,5,5.608,297.466,3300.03,48.9755,2,2,1.0,0.0,0.0,5,0.0,0,True,1746969014.06593,right,False
3538,1746969054.049314,198.909,1.74195,-2.71969,-0.0086031,-0.0425122,6096.74,5,5.63,298.68,3301.24,48.9752,2,2,1.0,0.0,0.0,5,0.0,0,True,1746969014.06593,right,False
3539,1746969054.0713441,198.976,1.7442,-2.73994,-0.00443071,-0.043001,6096.58,5,5.652,299.894,3302.45,48.9749,2,2,1.0,0.0,0.0,5,0.0,0,True,1746969014.06593,right,False
3540,1746969054.0950034,199.046,1.74528,-2.73171,-0.000354004,-0.0397813,6092.38,5,5.674,301.108,3303.67,48.9745,2,2,1.0,0.0,0.0,5,0.0,0,True,1746969014.06593,right,False
3541,1746969054.116401,199.115,1.74919,-2.69499,0.00343424,-0.0361729,6089.31,5,5.696,302.324,3304.88,48.9742,2,2,1.0,0.0,0.0,5,0.0,0,True,1746969014.06593,right,False
3542,1746969054.137074,199.183,1.75547,-2.60808,0.00693359,-0.0325247,6085.94,5,5.718,303.54,3306.1,48.9739,2,2,1.0,0.0,0.0,5,0.0,0,True,1746969014.06593,right,False
3543,1746969054.1620212,199.249,1.76409,-2.48274,0.0101379,-0.02884,6084.86,5,5.74,304.757,3307.32,48.9735,2,2,1.0,0.0,0.0,5,0.0,0,True,1746969014.06593,right,False
3544,1746969054.1842515,199.313,1.77424,-2.32515,0.0130493,-0.0251252,6084.16,5,5.762,305.975,3308.54,48.9732,2,2,1.0,0.0,0.0,5,0.0,0,True,1746969014.06593,right,False
3545,1746969054.2031147,199.376,1.78513,-2.13988,0.0156616,-0.0213857,6083.31,5,5.784,307.194,3309.75,48.9729,2,2,1.0,0.0,0.1,5,0.0,0,True,1746969014.06593,right,False
3546,1746969054.2269788,199.437,1.79613,-1.93494,0.0179769,-0.0176301,6085.58,5,5.806,308.413,3310.97,48.9725,2,2,1.0,0.0,0.1,5,0.0,0,True,1746969014.06593,right,False
3547,1746969054.2470806,199.498,1.80464,-1.70056,0.019987,-0.0138669,6085.23,5,5.828,309.633,3312.19,48.9722,2,2,1.0,0.0,0.1,5,0.0,0,True,1746969014.06593,right,False
3548,1746969054.2713413,199.556,1.81109,-1.45756,0.021698,-0.0101042,6086.72,5,5.85,310.853,3313.41,48.9719,2,2,1.0,0.0,0.1,5,0.0,0,True,1746969014.06593,right,False
3549,1746969054.2947319,199.614,1.81389,-1.20599,0.0231018,-0.00635153,6088.62,5,5.872,312.074,3314.63,48.9715,2,2,1.0,0.0,0.1,5,0.0,0,True,1746969014.06593,right,False
3550,1746969054.3132253,199.655,1.9828,-0.956759,0.0242696,-0.00367853,6092.76,5,5.894,313.295,3315.86,48.9712,2,2,1.0,0.0,0.1,5,0.0,0,True,1746969014.06593,right,False
3551,1746969054.3350139,199.694,1.69585,-0.723418,0.0253011,-0.00380437,6098.14,5,5.916,314.517,3317.08,48.9708,2,2,1.0,0.0,0.1,5,0.0,0,True,1746969014.06593,right,False
3552,1746969054.3573258,199.734,0.939467,-0.518597,0.0262126,-0.00636577,6104.91,5,5.938,315.738,3318.3,48.9705,2,2,1.0,0.0,0.1,5,0.0,0,True,1746969014.06593,right,False
3553,1746969054.3806958,199.77,-0.167728,-0.336786,0.0270223,-0.0109203,6111.97,5,5.96,316.96,3319.52,48.9702,2,2,1.0,0.0,0.1,5,0.0,0,True,1746969014.06593,right,False
3554,1746969054.4006965,199.793,-1.5253,-0.192524,0.0277507,-0.0170397,6120.15,5,5.982,318.183,3320.74,48.9698,2,2,1.0,0.0,0.1,5,0.0,0,True,1746969014.06593,right,False
3555,1746969054.422776,199.798,-3.04425,-0.0820536,0.0284302,-0.024292,6130.42,5,6.004,319.405,3321.97,48.9695,2,2,1.0,0.0,0.1,5,0.0,0,True,1746969014.06593,right,False
3556,1746969054.4468122,199.782,-4.65431,-0.00944064,0.0290873,-0.0323015,6142.99,5,6.026,320.628,3323.19,48.9692,2,2,1.0,0.0,0.1,5,0.0,0,True,1746969014.06593,right,False
3557,1746969054.4684956,199.74,-6.29839,0.0198104,0.0297526,-0.0407195,6161.55,5,6.048,321.851,3324.41,48.9688,2,2,1.0,0.0,0.1,5,0.0,0,True,1746969014.06593,right,False
3558,1746969054.489102,199.676,-7.92432,0.0234777,0.0304382,-0.0492812,6181.82,5,6.07,323.074,3325.64,48.9685,2,2,1.0,0.0,0.1,5,0.0,0,True,1746969014.06593,right,False
3559,1746969054.512778,199.589,-9.51725,-0.015675,0.0311666,-0.0578182,6208.78,5,6.092,324.297,3326.86,48.9682,2,2,1.0,0.0,0.1,5,0.0,0,True,1746969014.06593,right,False
3560,1746969054.5335746,199.484,-11.0511,-0.0772989,0.0319478,-0.0662135,6235.37,5,6.114,325.52,3328.08,48.9678,2,2,1.0,0.0,0.1,5,0.0,0,True,1746969014.06593,right,False
3561,1746969054.5570939,199.362,-12.5204,-0.15595,0.0327922,-0.0744283,6261.58,5,6.136,326.743,3329.3,48.9675,2,2,1.0,0.0,0.1,5,0.0,0,True,1746969014.06593,right,False
3562,1746969054.5788918,199.228,-13.9318,-0.254164,0.0337097,-0.0824623,6285.16,5,6.158,327.965,3330.53,48.9672,2,2,1.0,0.0,0.1,5,0.0,0,True,1746969014.06593,right,False
3563,1746969054.5997381,199.083,-15.2803,-0.35162,0.0347148,-0.0903302,6304.31,5,6.18,329.188,3331.75,48.9668,2,2,1.0,0.0,0.1,5,0.0,0,True,1746969014.06593,right,False
3564,1746969054.6229947,198.933,-16.5815,-0.464904,0.0358134,-0.0980849,6314.56,5,6.202,330.41,3332.97,48.9665,2,2,1.0,0.0,0.1,5,0.0,0,True,1746969014.06593,right,False
3565,1746969054.6449099,198.774,-17.8443,-0.575441,0.0370117,-0.105776,6319.05,5,6.224,331.632,3334.19,48.9661,2,2,1.0,0.0,0.1,5,0.0,0,True,1746969014.06593,right,False
3566,1746969054.665521,198.604,-19.0676,-0.688337,0.0383219,-0.113402,6324.25,5,6.246,332.853,3335.41,48.9658,2,2,1.0,0.0,0.1,5,0.0,0,True,1746969014.06593,right,False
3567,1746969054.687079,198.426,-20.249,-0.789547,0.0397583,-0.120964,6321.38,5,6.268,334.075,3336.63,48.9655,2,2,1.0,0.0,0.1,5,0.0,0,True,1746969014.06593,right,False
3568,1746969054.7103229,198.233,-21.4201,-0.904562,0.0413208,-0.128482,6323.42,5,6.29,335.295,3337.86,48.9651,2,2,1.0,0.0,0.1,5,0.0,0,True,1746969014.06593,right,False
3569,1746969054.7326672,198.029,-22.5493,-1.01173,0.0430196,-0.135925,6328.11,5,6.312,336.516,3339.08,48.9648,2,2,1.0,0.0,0.1,5,0.0,0,True,1746969014.06593,right,False
3570,1746969054.7539709,197.815,-23.6452,-1.1247,0.0448608,-0.143278,6334.69,5,6.334,337.736,3340.3,48.9645,2,2,1.0,0.0,0.1,5,0.0,0,True,1746969014.06593,right,False
3571,1746969054.77535,197.588,-24.7048,-1.23634,0.0468424,-0.150489,6346.69,5,6.356,338.956,3341.52,48.9641,2,2,1.0,0.0,0.1,5,0.0,0,True,1746969014.06593,right,False
3572,1746969054.7969906,197.357,-25.7166,-1.34731,0.0489746,-0.157527,6357.76,5,6.378,340.175,3342.73,48.9638,2,2,1.0,0.0,0.1,5,0.0,0,True,1746969014.06593,right,False
3573,1746969054.8213356,197.118,-26.6823,-1.46229,0.0512594,-0.164378,6370.61,5,6.4,341.393,3343.95,48.9635,2,2,1.0,0.0,0.1,5,0.0,0,True,1746969014.06593,right,False
3574,1746969054.8433855,196.872,-27.595,-1.57859,0.0536947,-0.170971,6390.53,5,6.422,342.611,3345.17,48.9631,2,2,1.0,0.0,0.1,5,0.0,0,True,1746969014.06593,right,False
3575,1746969054.8651154,196.632,-28.4375,-1.68813,0.0562866,-0.17729,6401.34,5,6.444,343.828,3346.39,48.9628,2,2,1.0,0.0,0.0,5,0.0,0,True,1746969014.06593,left,False
3576,1746969054.886433,196.389,-29.2204,-1.80153,0.0590373,-0.183316,6417.4,5,6.466,345.045,3347.6,48.9625,2,2,1.0,0.0,0.0,5,0.0,0,True,1746969014.06593,left,False
3577,1746969054.9076583,196.145,-29.9289,-1.91762,0.0619466,-0.189016,6439.66,5,6.488,346.26,3348.82,48.9621,2,2,1.0,0.0,0.0,5,0.0,0,True,1746969014.06593,left,False
3578,1746969054.9298499,195.905,-30.5719,-2.04295,0.0650146,-0.194334,6464.35,5,6.51,347.475,3350.04,48.9618,2,2,1.0,0.0,0.0,5,0.0,0,True,1746969014.06593,left,False
3579,1746969054.951233,195.676,-31.1153,-2.15429,0.0682434,-0.199269,6483.62,5,6.532,348.69,3351.25,48.9614,2,2,1.0,0.0,0.0,5,0.0,0,True,1746969014.06593,left,False
3580,1746969054.973266,195.476,-31.5986,-2.27246,0.0716309,-0.203631,6514.36,5,6.554,349.903,3352.46,48.9611,2,2,1.0,0.0,0.0,5,0.0,0,True,1746969014.06593,left,False
3581,1746969054.995274,195.308,-31.9468,-2.38582,0.0751648,-0.207283,6534.92,5,6.576,351.116,3353.68,48.9608,2,2,1.0,0.0,0.0,5,0.0,0,True,1746969014.06593,left,False
3582,1746969055.017558,195.178,-32.1292,-2.49465,0.0788493,-0.210166,6537.47,5,6.598,352.329,3354.89,48.9604,2,2,1.0,0.0,0.0,5,0.0,0,True,1746969014.06593,left,False
3583,1746969055.039724,195.076,-32.1797,-2.60419,0.0826864,-0.212378,6531.41,5,6.62,353.541,3356.1,48.9601,2,2,1.0,0.0,0.0,5,0.0,0,True,1746969014.06593,left,False
3584,1746969055.063158,194.997,-32.111,-2.70974,0.086676,-0.213948,6523.24,5,6.642,354.752,3357.31,48.9598,2,2,1.0,0.0,0.0,5,0.0,0,True,1746969014.06593,left,False
3585,1746969055.0842397,194.942,-31.9025,-2.81465,0.0908223,-0.214871,6511.8,5,6.664,355.964,3358.52,48.9594,2,2,1.0,0.0,0.0,5,0.0,0,True,1746969014.06593,left,False
3586,1746969055.1063292,194.905,-31.5741,-2.92845,0.0951213,-0.215123,6505.29,5,6.686,357.174,3359.73,48.9591,2,2,1.0,0.0,0.0,5,0.0,0,True,1746969014.06593,left,False
3587,1746969055.1288779,194.9,-31.0986,-3.01852,0.0995768,-0.214676,6489,5,6.708,358.385,3360.95,48.9588,2,2,1.0,0.0,0.0,5,0.0,0,True,1746969014.06593,left,False
3588,1746969055.1489525,194.915,-30.4942,-3.11885,0.104191,-0.213564,6475.17,5,6.73,359.595,3362.16,48.9584,2,2,1.0,0.0,0.0,5,0.0,0,True,1746969014.06593,left,False
3589,1746969055.173991,194.95,-29.7616,-3.21484,0.10896,-0.21177,6465.06,5,6.752,360.804,3363.36,48.9581,2,2,1.0,0.0,0.0,5,0.0,0,True,1746969014.06593,left,False
3590,1746969055.1963997,195.012,-28.8835,-3.29808,0.11389,-0.209257,6447.98,5,6.774,362.014,3364.57,48.9578,2,2,1.0,0.0,0.0,5,0.0,0,True,1746969014.06593,left,False
3591,1746969055.2150247,195.086,-27.8864,-3.39093,0.11897,-0.205999,6441.62,5,6.796,363.223,3365.78,48.9574,2,2,1.0,0.0,0.0,5,0.0,0,True,1746969014.06593,left,False
3592,1746969055.2380784,195.188,-26.7583,-3.48702,0.1242,-0.202029,6427.15,5,6.818,364.432,3366.99,48.9571,2,2,1.0,0.0,0.0,5,0.0,0,True,1746969014.06593,left,False
3593,1746969055.2622879,195.303,-25.5168,-3.57941,0.129567,-0.197398,6416.8,5,6.84,365.641,3368.2,48.9567,2,2,1.0,0.0,0.0,5,0.0,0,True,1746969014.06593,left,False
3594,1746969055.283358,195.436,-24.1685,-3.66671,0.135071,-0.192142,6398.46,5,6.862,366.849,3369.41,48.9564,2,2,1.0,0.0,0.0,5,0.0,0,True,1746969014.06593,left,False
3595,1746969055.3046918,195.582,-22.7269,-3.75986,0.140704,-0.18627,6379.75,5,6.884,368.058,3370.62,48.9561,2,2,1.0,0.0,0.0,5,0.0,0,True,1746969014.06593,left,False
3596,1746969055.327876,195.744,-21.1808,-3.84489,0.146458,-0.1798,6353.81,5,6.906,369.267,3371.83,48.9557,2,2,1.0,0.0,0.0,5,0.0,0,True,1746969014.06593,left,False
3597,1746969055.34805,195.915,-19.5555,-3.92491,0.152321,-0.17278,6323.22,5,6.928,370.476,3373.04,48.9554,2,2,1.0,0.0,0.0,5,0.0,0,True,1746969014.06593,left,False
3598,1746969055.3714235,196.098,-17.8628,-4.00004,0.158285,-0.165271,6284.66,5,6.95,371.685,3374.25,48.9551,2,2,1.0,0.0,0.0,5,0.0,0,True,1746969014.06593,left,False
3599,1746969055.3927321,196.28,-16.1242,-4.07178,0.164335,-0.157336,6245.01,5,6.972,372.895,3375.46,48.9547,2,2,1.0,0.0,0.0,5,0.0,0,True,1746969014.06593,left,False
3600,1746969055.4138625,196.461,-14.358,-4.13505,0.170459,-0.149049,6206.38,5,6.994,374.105,3376.67,48.9544,2,2,1.0,0.0,0.0,5,0.0,0,True,1746969014.06593,left,False
3601,1746969055.439357,196.638,-12.5848,-4.18668,0.17663,-0.1405,6166.92,5,7.016,375.316,3377.88,48.9541,2,2,1.0,0.0,0.0,5,0.0,0,True,1746969014.06593,left,False
3602,1746969055.4572976,196.804,-10.8403,-4.23532,0.182833,-0.131794,6133.12,5,7.038,376.528,3379.09,48.9537,2,2,1.0,0.0,0.0,5,0.0,0,True,1746969014.06593,left,False
3603,1746969055.4818506,196.955,-9.1421,-4.26419,0.189038,-0.123027,6107.41,5,7.06,377.74,3380.3,48.9534,2,2,1.0,0.0,0.0,5,0.0,0,True,1746969014.06593,left,False
3604,1746969055.5030131,197.095,-7.51471,-4.26914,0.195221,-0.114291,6084.74,5,7.082,378.953,3381.51,48.9531,2,2,1.0,0.0,0.0,5,0.0,0,True,1746969014.06593,left,False
3605,1746969055.5242221,197.218,-5.98871,-4.266,0.201353,-0.105671,6071.13,5,7.104,380.167,3382.73,48.9527,2,2,1.0,0.0,0.0,5,0.0,0,True,1746969014.06593,right,False
3606,1746969055.5475361,197.329,-4.57443,-4.23952,0.207395,-0.0972368,6061.26,5,7.126,381.382,3383.94,48.9524,2,2,1.0,0.0,0.0,5,0.0,0,True,1746969014.06593,right,False
3607,1746969055.5673285,197.43,-3.28293,-4.18896,0.213322,-0.0890435,6053.18,5,7.148,382.598,3385.16,48.952,2,2,1.0,0.0,0.0,5,0.0,0,True,1746969014.06593,right,False
3608,1746969055.5899203,197.522,-2.12426,-4.11452,0.219102,-0.0811385,6048.26,5,7.17,383.815,3386.38,48.9517,2,2,1.0,0.0,0.0,5,0.0,0,True,1746969014.06593,right,False
3609,1746969055.6117697,197.605,-1.09926,-4.01931,0.224697,-0.0735447,6046.15,5,7.192,385.033,3387.59,48.9514,2,2,1.0,0.0,0.0,5,0.0,0,True,1746969014.06593,right,False
3610,1746969055.63524,197.682,-0.206209,-3.89918,0.23009,-0.0662833,6045.39,5,7.214,386.252,3388.81,48.951,2,2,1.0,0.0,0.0,5,0.0,0,True,1746969014.06593,right,False
3611,1746969055.6577914,197.754,0.559544,-3.75126,0.23525,-0.059362,6044.54,5,7.236,387.472,3390.03,48.9507,2,2,1.0,0.0,0.0,5,0.0,0,True,1746969014.06593,right,False
3612,1746969055.6816106,197.823,1.20415,-3.57964,0.240149,-0.052782,6044.23,5,7.258,388.693,3391.25,48.9504,2,2,1.0,0.0,0.0,5,0.0,0,True,1746969014.06593,right,False
3613,1746969055.7093391,197.89,1.73524,-3.38748,0.244765,-0.0465396,6044.68,5,7.28,389.915,3392.48,48.95,2,2,1.0,0.0,0.0,5,0.0,0,True,1746969014.06593,right,False
3614,1746969055.72162,197.954,2.16196,-3.17382,0.249087,-0.040627,6046.37,5,7.302,391.138,3393.7,48.9497,2,2,1.0,0.0,0.0,5,0.0,0,True,1746969014.06593,right,False
3615,1746969055.7486796,198.017,2.49326,-2.94004,0.253099,-0.0350319,6046.07,5,7.324,392.362,3394.92,48.9494,2,2,1.0,0.0,0.0,5,0.0,0,True,1746969014.06593,right,False
3616,1746969055.7667446,198.079,2.7405,-2.69781,0.256787,-0.029736,6047.53,5,7.346,393.587,3396.15,48.949,2,2,1.0,0.0,0.0,5,0.0,0,True,1746969014.06593,right,False
3617,1746969055.790264,198.14,2.91273,-2.4372,0.26014,-0.02472,6049.28,5,7.368,394.812,3397.37,48.9487,2,2,1.0,0.0,0.0,5,0.0,0,True,1746969014.06593,right,False
3618,1746969055.8117812,198.201,3.01969,-2.16548,0.263161,-0.0199646,6050.28,5,7.39,396.039,3398.6,48.9484,2,2,1.0,0.0,0.0,5,0.0,0,True,1746969014.06593,right,False
3619,1746969055.8370593,198.261,3.07382,-1.90095,0.265833,-0.0154386,6052.27,5,7.412,397.266,3399.83,48.948,2,2,1.0,0.0,0.0,5,0.0,0,True,1746969014.06593,right,False
3620,1746969055.8576596,198.321,3.08296,-1.62121,0.268158,-0.0111149,6053.07,5,7.434,398.494,3401.05,48.9477,2,2,1.0,0.0,0.0,5,0.0,0,True,1746969014.06593,right,False
3621,1746969055.874812,198.38,3.0577,-1.34583,0.270144,-0.00696501,6054.44,5,7.456,399.722,3402.28,48.9473,2,2,1.0,0.0,0.0,5,0.0,0,True,1746969014.06593,right,False
3622,1746969055.8976417,198.439,3.00713,-1.07676,0.271775,-0.00295645,6056.35,5,7.478,400.951,3403.51,48.947,2,2,1.0,0.0,0.0,5,0.0,0,True,1746969014.06593,right,False
3623,1746969055.919112,198.497,2.93741,-0.806456,0.273067,0.000932366,6057.74,5,7.5,402.181,3404.74,48.9467,2,2,1.0,0.0,0.0,5,0.0,0,True,1746969014.06593,right,False
3624,1746969055.9432218,198.555,2.8561,-0.543139,0.274015,0.00473166,6059.11,5,7.522,403.411,3405.97,48.9463,2,2,1.0,0.0,0.0,5,0.0,0,True,1746969014.06593,right,False
3625,1746969055.9642682,198.612,2.76778,-0.284083,0.274622,0.00846082,6060.4,5,7.544,404.642,3407.2,48.946,2,2,1.0,0.0,0.0,5,0.0,0,True,1746969014.06593,right,False
3626,1746969055.9874697,198.668,2.67761,-0.0416827,0.274896,0.0121348,6062.74,5,7.566,405.872,3408.43,48.9457,2,2,1.0,0.0,0.0,5,0.0,0,True,1746969014.06593,right,False
3627,1746969056.0078912,198.723,2.58684,0.200581,0.274835,0.0157717,6064.99,5,7.588,407.104,3409.66,48.9453,2,2,1.0,0.0,0.0,5,0.0,0,True,1746969014.06593,right,False
3628,1746969056.0315177,198.778,2.49821,0.441413,0.274443,0.0193848,6066.02,5,7.61,408.335,3410.9,48.945,2,2,1.0,0.0,0.0,5,0.0,0,True,1746969014.06593,right,False
3629,1746969056.0514212,198.832,2.41435,0.671554,0.273726,0.0229811,6067.35,5,7.632,409.567,3412.13,48.9447,2,2,1.0,0.0,0.0,5,0.0,0,True,1746969014.06593,right,False
3630,1746969056.0753264,198.884,2.33655,0.888767,0.272679,0.0265722,6070.05,5,7.654,410.799,3413.36,48.9443,2,2,1.0,0.0,0.0,5,0.0,0,True,1746969014.06593,right,False
3631,1746969056.095253,198.937,2.2645,1.10406,0.271313,0.0301591,6071.14,5,7.676,412.032,3414.59,48.944,2,2,1.0,0.0,0.1,5,0.0,0,True,1746969014.06593,right,False
3632,1746969056.1193879,198.988,2.19878,1.31532,0.269635,0.0337507,6073.02,5,7.698,413.264,3415.82,48.9437,2,2,1.0,0.0,0.1,5,0.0,0,True,1746969014.06593,right,False
3633,1746969056.141215,199.038,2.13838,1.51886,0.267627,0.0373442,6074.84,5,7.72,414.496,3417.06,48.9433,2,2,1.0,0.0,0.1,5,0.0,0,True,1746969014.06593,right,False
3634,1746969056.163312,199.087,2.08541,1.71578,0.26531,0.0409432,6077.47,5,7.742,415.729,3418.29,48.943,2,2,1.0,0.0,0.1,5,0.0,0,True,1746969014.06593,right,False
3635,1746969056.1837325,199.136,2.03652,1.91161,0.262683,0.0445463,6079.27,5,7.764,416.961,3419.52,48.9426,2,2,1.0,0.0,0.1,5,0.0,0,True,1746969014.06593,right,False
3636,1746969056.2051096,199.169,2.15684,2.09586,0.259802,0.0471206,6083.07,5,7.786,418.194,3420.75,48.9423,2,2,1.0,0.0,0.1,5,0.0,0,True,1746969014.06593,right,False
3637,1746969056.22859,199.2,1.84176,2.25715,0.256777,0.0470135,6089.09,5,7.808,419.426,3421.99,48.942,2,2,1.0,0.0,0.1,5,0.0,0,True,1746969014.06593,right,False
3638,1746969056.2492068,199.233,1.08063,2.3987,0.253617,0.044556,6094.6,5,7.83,420.658,3423.22,48.9416,2,2,1.0,0.0,0.1,5,0.0,0,True,1746969014.06593,right,False
3639,1746969056.2718856,199.26,-0.0244789,2.51375,0.250342,0.0401565,6102.14,5,7.852,421.891,3424.45,48.9413,2,2,1.0,0.0,0.1,5,0.0,0,True,1746969014.06593,right,False
3640,1746969056.2957346,199.277,-1.37522,2.59688,0.246975,0.034221,6109.55,5,7.874,423.123,3425.68,48.941,2,2,1.0,0.0,0.1,5,0.0,0,True,1746969014.06593,right,False
3641,1746969056.3154354,199.275,-2.89205,2.64932,0.243545,0.027142,6120.21,5,7.896,424.355,3426.91,48.9406,2,2,1.0,0.0,0.1,5,0.0,0,True,1746969014.06593,right,False
3642,1746969056.3373215,199.253,-4.49977,2.68396,0.240076,0.0192735,6131.45,5,7.918,425.586,3428.15,48.9403,2,2,1.0,0.0,0.1,5,0.0,0,True,1746969014.06593,right,False
3643,1746969056.3617442,199.207,-6.14619,2.68542,0.236603,0.010936,6146.35,5,7.94,426.818,3429.38,48.94,2,2,1.0,0.0,0.1,5,0.0,0,True,1746969014.06593,right,False
3644,1746969056.3820837,199.137,-7.78989,2.66173,0.233146,0.00237146,6165.3,5,7.962,428.049,3430.61,48.9396,2,2,1.0,0.0,0.1,5,0.0,0,True,1746969014.06593,right,False
3645,1746969056.403488,199.044,-9.39922,2.61896,0.229722,-0.00623423,6187.17,5,7.984,429.28,3431.84,48.9393,2,2,1.0,0.0,0.1,5,0.0,0,True,1746969014.06593,right,False
3646,1746969056.4270365,198.932,-10.96,2.5552,0.226353,-0.0147672,6209.72,5,8.006,430.511,3433.07,48.939,2,2,1.0,0.0,0.1,5,0.0,0,True,1746969014.06593,right,False
3647,1746969056.4487116,198.802,-12.4591,2.48316,0.223045,-0.0231765,6233.01,5,8.028,431.741,3434.3,48.9386,2,2,1.0,0.0,0.0,5,0.0,0,True,1746969014.06593,left,False
3648,1746969056.470447,198.66,-13.9011,2.39342,0.219814,-0.031447,6250.73,5,8.05,432.971,3435.53,48.9383,2,2,1.0,0.0,0.0,5,0.0,0,True,1746969014.06593,left,False
3649,1746969056.4925175,198.505,-15.2899,2.30056,0.216671,-0.039596,6267.11,5,8.072,434.2,3436.76,48.938,2,2,1.0,0.0,0.0,5,0.0,0,True,1746969014.06593,left,False
3650,1746969056.5126839,198.337,-16.634,2.19961,0.213629,-0.0476365,6280.4,5,8.094,435.429,3437.99,48.9376,2,2,1.0,0.0,0.0,5,0.0,0,True,1746969014.06593,left,False
3651,1746969056.5373008,198.161,-17.9333,2.10133,0.210693,-0.0555981,6286.68,5,8.116,436.657,3439.22,48.9373,2,2,1.0,0.0,0.0,5,0.0,0,True,1746969014.06593,left,False
3652,1746969056.5571618,198.004,-19.2455,2.01026,0.207861,-0.0632336,6287.95,5,8.138,437.885,3440.44,48.9369,2,2,1.0,0.0,0.0,5,0.0,0,True,1746969014.06593,left,False
3653,1746969056.5798345,197.87,-20.4013,1.90865,0.205111,-0.0700561,6269.61,5,8.16,439.113,3441.67,48.9366,2,2,1.0,0.0,0.0,5,0.0,0,True,1746969014.06593,left,False
3654,1746969056.6021497,197.743,-21.3769,1.81802,0.202454,-0.0761456,6251.81,5,8.182,440.34,3442.9,48.9363,2,2,1.0,0.0,0.0,5,0.0,0,True,1746969014.06593,left,False
3655,1746969056.6249554,197.621,-22.206,1.72371,0.199894,-0.0816193,6235.34,5,8.204,441.567,3444.13,48.9359,2,2,1.0,0.0,0.0,5,0.0,0,True,1746969014.06593,left,False
3656,1746969056.645268,197.503,-22.9046,1.63639,0.197453,-0.0865524,6220.84,5,8.226,442.794,3445.35,48.9356,2,2,1.0,0.0,0.0,5,0.0,0,True,1746969014.06593,left,False
3657,1746969056.6693375,197.388,-23.4756,1.55372,0.195127,-0.0909525,6211.97,5,8.248,444.021,3446.58,48.9353,2,2,1.0,0.0,0.0,5,0.0,0,True,1746969014.06593,left,False
3658,1746969056.689167,197.275,-23.9492,1.46223,0.192928,-0.0948584,6212.53,5,8.27,445.247,3447.81,48.9349,2,2,1.0,0.0,0.0,5,0.0,0,True,1746969014.06593,left,False
3659,1746969056.713414,197.169,-24.3075,1.37588,0.190859,-0.098265,6215.02,5,8.292,446.472,3449.03,48.9346,2,2,1.0,0.0,0.0,5,0.0,0,True,1746969014.06593,left,False
3660,1746969056.7359204,197.074,-24.567,1.29054,0.188916,-0.101172,6216.03,5,8.314,447.697,3450.26,48.9343,2,2,1.0,0.0,0.0,5,0.0,0,True,1746969014.06593,left,False
3661,1746969056.7558744,196.986,-24.7277,1.19432,0.187101,-0.103563,6224.72,5,8.336,448.922,3451.48,48.9339,2,2,1.0,0.0,0.0,5,0.0,0,True,1746969014.06593,left,False
3662,1746969056.7775733,196.911,-24.7701,1.10434,0.185419,-0.105403,6232.63,5,8.358,450.146,3452.71,48.9336,2,2,1.0,0.0,0.0,5,0.0,0,True,1746969014.06593,left,False
3663,1746969056.8009386,196.849,-24.7077,1.0117,0.183864,-0.106684,6240.52,5,8.38,451.37,3453.93,48.9333,2,2,1.0,0.0,0.0,5,0.0,0,True,1746969014.06593,left,False
3664,1746969056.8212342,196.802,-24.5353,0.917825,0.182442,-0.107386,6247.21,5,8.402,452.593,3455.15,48.9329,2,2,1.0,0.0,0.0,5,0.0,0,True,1746969014.06593,left,False
3665,1746969056.8457625,196.769,-24.2503,0.824433,0.181152,-0.107499,6257.31,5,8.424,453.816,3456.38,48.9326,2,2,1.0,0.0,0.0,5,0.0,0,True,1746969014.06593,left,False
3666,1746969056.8669546,196.756,-23.8456,0.737159,0.179985,-0.107008,6260.8,5,8.446,455.038,3457.6,48.9322,2,2,1.0,0.0,0.0,5,0.0,0,True,1746969014.06593,left,False
3667,1746969056.8876858,196.756,-23.3342,0.644157,0.178943,-0.105913,6267.92,5,8.468,456.26,3458.82,48.9319,2,2,1.0,0.0,0.0,5,0.0,0,True,1746969014.06593,left,False
3668,1746969056.9096491,196.779,-22.7081,0.563339,0.178026,-0.103956,6263.91,5,8.49,457.482,3460.04,48.9316,2,2,1.0,0.0,0.0,5,0.0,0,True,1746969014.06593,left,False
3669,1746969056.932035,196.82,-21.9706,0.491734,0.177177,-0.10089,6253.67,5,8.512,458.705,3461.26,48.9312,2,2,1.0,0.0,0.0,5,0.0,0,True,1746969014.06593,left,False
3670,1746969056.9546545,196.878,-21.1363,0.422352,0.176381,-0.0972914,6240.81,5,8.534,459.928,3462.49,48.9309,2,2,1.0,0.0,0.0,5,0.0,0,True,1746969014.06593,left,False
3671,1746969056.977731,196.946,-20.2119,0.361794,0.175645,-0.093183,6227.1,5,8.556,461.151,3463.71,48.9306,2,2,1.0,0.0,0.0,5,0.0,0,True,1746969014.06593,left,False
3672,1746969056.9987946,197.027,-19.2,0.319341,0.174953,-0.0885976,6208.17,5,8.578,462.374,3464.93,48.9302,2,2,1.0,0.0,0.0,5,0.0,0,True,1746969014.06593,left,False
3673,1746969057.0198395,197.117,-18.1098,0.281819,0.174305,-0.0835416,6191.34,5,8.6,463.596,3466.16,48.9299,2,2,1.0,0.0,0.0,5,0.0,0,True,1746969014.06593,right,False
3674,1746969057.0411706,197.211,-16.9592,0.253868,0.173693,-0.0780628,6176.9,5,8.622,464.819,3467.38,48.9296,2,2,1.0,0.0,0.0,5,0.0,0,True,1746969014.06593,right,False
3675,1746969057.0632684,197.313,-15.7555,0.233228,0.173108,-0.0721957,6158.2,5,8.644,466.041,3468.6,48.9292,2,2,1.0,0.0,0.0,5,0.0,0,True,1746969014.06593,right,False
3676,1746969057.0857236,197.412,-14.5135,0.222491,0.172532,-0.0659729,6146.86,5,8.666,467.263,3469.82,48.9289,2,2,1.0,0.0,0.0,5,0.0,0,True,1746969014.06593,right,False
3677,1746969057.108735,197.515,-13.2423,0.220819,0.171965,-0.0594274,6132.84,5,8.688,468.485,3471.05,48.9286,2,2,1.0,0.0,0.0,5,0.0,0,True,1746969014.06593,right,False
3678,1746969057.1291473,197.617,-11.9603,0.22659,0.171381,-0.0526028,6121.87,5,8.71,469.708,3472.27,48.9282,2,2,1.0,0.0,0.0,5,0.0,0,True,1746969014.06593,right,False
3679,1746969057.1518495,197.718,-10.6768,0.240102,0.170759,-0.0455503,6109.77,5,8.732,470.93,3473.49,48.9279,2,2,1.0,0.0,0.0,5,0.0,0,True,1746969014.06593,right,False
3680,1746969057.1735485,197.817,-9.4084,0.273845,0.170082,-0.0383318,6097.89,5,8.754,472.153,3474.71,48.9275,2,2,1.0,0.0,0.0,5,0.0,0,True,1746969014.06593,right,False
3681,1746969057.195629,197.909,-8.1748,0.314155,0.169329,-0.0309969,6090.16,5,8.776,473.376,3475.94,48.9272,2,2,1.0,0.0,0.0,5,0.0,0,True,1746969014.06593,right,False
3682,1746969057.2182922,197.997,-6.9868,0.368468,0.168473,-0.0235984,6083.19,5,8.798,474.598,3477.16,48.9269,2,2,1.0,0.0,0.0,5,0.0,0,True,1746969014.06593,right,False
3683,1746969057.2413,198.082,-5.85591,0.441465,0.167495,-0.0161912,6076.08,5,8.82,475.822,3478.38,48.9265,2,2,1.0,0.0,0.0,5,0.0,0,True,1746969014.06593,right,False
3684,1746969057.2626128,198.159,-4.79611,0.524713,0.166366,-0.00883013,6072.23,5,8.842,477.045,3479.6,48.9262,2,2,1.0,0.0,0.1,5,0.0,0,True,1746969014.06593,right,False
3685,1746969057.2836754,198.232,-3.81374,0.627134,0.16506,-0.00155175,6068.59,5,8.864,478.268,3480.83,48.9259,2,2,1.0,0.0,0.1,5,0.0,0,True,1746969014.06593,right,False
3686,1746969057.3049006,198.301,-2.91283,0.752494,0.163553,0.00561017,6065.48,5,8.886,479.492,3482.05,48.9255,2,2,1.0,0.0,0.1,5,0.0,0,True,1746969014.06593,right,False
3687,1746969057.3288074,198.364,-2.09754,0.894696,0.161817,0.012632,6064.3,5,8.908,480.716,3483.28,48.9252,2,2,1.0,0.0,0.1,5,0.0,0,True,1746969014.06593,right,False
3688,1746969057.3522682,198.424,-1.3674,1.05351,0.159845,0.0194932,6063.42,5,8.93,481.94,3484.5,48.9249,2,2,1.0,0.0,0.1,5,0.0,0,True,1746969014.06593,right,False
3689,1746969057.3728688,198.457,-0.575369,1.21972,0.157642,0.0252688,6066.3,5,8.952,483.164,3485.72,48.9245,2,2,1.0,0.0,0.1,5,0.0,0,True,1746969014.06593,right,False
3690,1746969057.394889,198.481,-0.244508,1.38244,0.155308,0.0284982,6072.21,5,8.974,484.388,3486.95,48.9242,2,2,1.0,0.0,0.1,5,0.0,0,True,1746969014.06593,right,False
3691,1746969057.4164891,198.506,-0.382841,1.5405,0.152816,0.02943,6076.88,5,8.996,485.611,3488.17,48.9239,2,2,1.0,0.0,0.1,5,0.0,0,True,1746969014.06593,right,False
3692,1746969057.437116,198.529,-0.902351,1.69447,0.150192,0.0283597,6080.91,5,9.018,486.835,3489.39,48.9235,2,2,1.0,0.0,0.1,5,0.0,0,True,1746969014.06593,right,False
3693,1746969057.459288,198.546,-1.72183,1.83143,0.147428,0.0256213,6086.66,5,9.04,488.059,3490.62,48.9232,2,2,1.0,0.0,0.1,5,0.0,0,True,1746969014.06593,right,False
3694,1746969057.4813795,198.553,-2.75899,1.96262,0.144553,0.0215297,6092.02,5,9.062,489.282,3491.84,48.9228,2,2,1.0,0.0,0.1,5,0.0,0,True,1746969014.06593,right,False
3695,1746969057.5034242,198.546,-3.9508,2.07489,0.141593,0.01639,6098.37,5,9.084,490.505,3493.06,48.9225,2,2,1.0,0.0,0.1,5,0.0,0,True,1746969014.06593,right,False
3696,1746969057.5274508,198.522,-5.24014,2.17134,0.138567,0.0104849,6105.96,5,9.106,491.728,3494.29,48.9222,2,2,1.0,0.0,0.1,5,0.0,0,True,1746969014.06593,right,False
3697,1746969057.5474417,198.48,-6.58299,2.24504,0.135504,0.00405854,6116.05,5,9.128,492.951,3495.51,48.9218,2,2,1.0,0.0,0.1,5,0.0,0,True,1746969014.06593,right,False
3698,1746969057.5698643,198.42,-7.94814,2.29312,0.132421,-0.00270045,6126.58,5,9.15,494.174,3496.73,48.9215,2,2,1.0,0.0,0.1,5,0.0,0,True,1746969014.06593,right,False
3699,1746969057.5926125,198.342,-9.31146,2.31953,0.129332,-0.00964534,6139.92,5,9.172,495.396,3497.96,48.9212,2,2,1.0,0.0,0.1,5,0.0,0,True,1746969014.06593,right,False
3700,1746969057.6136878,198.246,-10.6643,2.32368,0.126257,-0.0166923,6153.44,5,9.194,496.618,3499.18,48.9208,2,2,1.0,0.0,0.1,5,0.0,0,True,1746969014.06593,right,False
3701,1746969057.6378314,198.134,-12.0021,2.30301,0.123205,-0.0237969,6168.19,5,9.216,497.839,3500.4,48.9205,2,2,1.0,0.0,0.1,5,0.0,0,True,1746969014.06593,right,False
3702,1746969057.6577334,198.005,-13.3205,2.27321,0.120182,-0.0309227,6183.99,5,9.238,499.06,3501.62,48.9202,2,2,1.0,0.0,0.1,5,0.0,0,True,1746969014.06593,right,False
3703,1746969057.679697,197.862,-14.6137,2.22832,0.117206,-0.0380332,6199.82,5,9.26,500.281,3502.84,48.9198,2,2,1.0,0.0,0.1,5,0.0,0,True,1746969014.06593,right,False
3704,1746969057.702118,197.706,-15.8752,2.17457,0.114281,-0.0451049,6212.6,5,9.282,501.5,3504.06,48.9195,2,2,1.0,0.0,0.1,5,0.0,0,True,1746969014.06593,right,False
3705,1746969057.7234266,197.538,-17.1118,2.11443,0.111417,-0.0521474,6224.48,5,9.304,502.72,3505.28,48.9192,2,2,1.0,0.0,0.1,5,0.0,0,True,1746969014.06593,right,False
3706,1746969057.7461236,197.357,-18.3248,2.04374,0.108615,-0.0591475,6238.25,5,9.326,503.939,3506.5,48.9188,2,2,1.0,0.0,0.1,5,0.0,0,True,1746969014.06593,right,False
3707,1746969057.768783,197.168,-19.4969,1.97388,0.105894,-0.0660877,6245.76,5,9.348,505.157,3507.72,48.9185,2,2,1.0,0.0,0.1,5,0.0,0,True,1746969014.06593,right,False
3708,1746969057.7888546,196.968,-20.6474,1.89969,0.103254,-0.0729545,6253.49,5,9.37,506.374,3508.93,48.9181,2,2,1.0,0.0,0.1,5,0.0,0,True,1746969014.06593,right,False
3709,1746969057.8127456,196.755,-21.7627,1.82132,0.100701,-0.0797285,6263.82,5,9.392,507.591,3510.15,48.9178,2,2,1.0,0.0,0.1,5,0.0,0,True,1746969014.06593,right,False
3710,1746969057.8355818,196.533,-22.8379,1.739,0.09823,-0.0863538,6275.68,5,9.414,508.807,3511.37,48.9175,2,2,1.0,0.0,0.1,5,0.0,0,True,1746969014.06593,right,False
3711,1746969057.8572032,196.303,-23.8689,1.6515,0.0958496,-0.09282,6287.68,5,9.436,510.022,3512.58,48.9171,2,2,1.0,0.0,0.1,5,0.0,0,True,1746969014.06593,right,False
3712,1746969057.8775268,196.071,-24.8477,1.5719,0.0935679,-0.0991025,6297.6,5,9.458,511.237,3513.8,48.9168,2,2,1.0,0.0,0.1,5,0.0,0,True,1746969014.06593,right,False
3713,1746969057.8989518,195.836,-25.767,1.49251,0.0913961,-0.105151,6304.48,5,9.48,512.45,3515.01,48.9165,2,2,1.0,0.0,0.1,5,0.0,0,True,1746969014.06593,right,False
3714,1746969057.9214914,195.592,-26.6308,1.40463,0.089328,-0.110927,6321.7,5,9.502,513.663,3516.22,48.9161,2,2,1.0,0.0,0.1,5,0.0,0,True,1746969014.06593,right,False
3715,1746969057.9450932,195.353,-27.4284,1.31181,0.0873657,-0.116418,6332.97,5,9.524,514.875,3517.43,48.9158,2,2,1.0,0.0,0.1,5,0.0,0,True,1746969014.06593,right,False
3716,1746969057.966172,195.113,-28.1509,1.22826,0.0855214,-0.12161,6346.15,5,9.546,516.086,3518.65,48.9155,2,2,1.0,0.0,0.1,5,0.0,0,True,1746969014.06593,right,False
3717,1746969057.9870262,194.876,-28.8025,1.1395,0.083788,-0.126428,6361.91,5,9.568,517.296,3519.86,48.9151,2,2,1.0,0.0,0.1,5,0.0,0,True,1746969014.06593,right,False
3718,1746969058.009669,194.65,-29.359,1.06068,0.0821716,-0.130863,6372.37,5,9.59,518.505,3521.07,48.9148,2,2,1.0,0.0,0.1,5,0.0,0,True,1746969014.06593,right,False
3719,1746969058.0321462,194.427,-29.8381,0.980245,0.0806773,-0.134914,6387.36,5,9.612,519.714,3522.27,48.9145,2,2,1.0,0.0,0.1,5,0.0,0,True,1746969014.06593,right,False
3720,1746969058.0538824,194.211,-30.2476,0.885781,0.079303,-0.138568,6402.76,5,9.634,520.921,3523.48,48.9141,2,2,1.0,0.0,0.1,5,0.0,0,True,1746969014.06593,right,False
3721,1746969058.0770445,194.006,-30.5658,0.804337,0.0780477,-0.141825,6416.89,5,9.656,522.127,3524.69,48.9138,2,2,1.0,0.0,0.1,5,0.0,0,True,1746969014.06593,right,False
3722,1746969058.0979898,193.813,-30.7973,0.720917,0.0769216,-0.144654,6432.42,5,9.678,523.332,3525.89,48.9134,2,2,1.0,0.0,0.1,5,0.0,0,True,1746969014.06593,right,False
3723,1746969058.121136,193.633,-30.9396,0.636502,0.0759176,-0.147042,6445.98,5,9.7,524.537,3527.1,48.9131,2,2,1.0,0.0,0.1,5,0.0,0,True,1746969014.06593,right,False
3724,1746969058.1443212,193.462,-31.0002,0.549689,0.0750417,-0.148998,6463.44,5,9.722,525.74,3528.3,48.9128,2,2,1.0,0.0,0.1,5,0.0,0,True,1746969014.06593,right,False
3725,1746969058.1632237,193.311,-30.9716,0.465371,0.0742859,-0.150508,6474.71,5,9.744,526.942,3529.5,48.9124,2,2,1.0,0.0,0.1,5,0.0,0,True,1746969014.06593,right,False
3726,1746969058.1856112,193.178,-30.8528,0.383083,0.0736633,-0.151579,6479.17,5,9.766,528.143,3530.7,48.9121,2,2,1.0,0.0,0.1,5,0.0,0,True,1746969014.06593,right,False
3727,1746969058.2093024,193.06,-30.6516,0.300475,0.0731679,-0.152228,6483.34,5,9.788,529.343,3531.9,48.9118,2,2,1.0,0.0,0.1,5,0.0,0,True,1746969014.06593,right,False
3728,1746969058.2311244,192.947,-30.3795,0.213571,0.0727966,-0.152456,6498.64,5,9.81,530.543,3533.1,48.9114,2,2,1.0,0.0,0.1,5,0.0,0,True,1746969014.06593,right,False
3729,1746969058.250837,192.859,-30.0177,0.131155,0.0725555,-0.152263,6501.23,5,9.832,531.741,3534.3,48.9111,2,2,1.0,0.0,0.1,5,0.0,0,True,1746969014.06593,right,False
3730,1746969058.273886,192.782,-29.5841,0.0465514,0.0724375,-0.151659,6506.33,5,9.854,532.939,3535.5,48.9108,2,2,1.0,0.0,0.1,5,0.0,0,True,1746969014.06593,right,False
3731,1746969058.295468,192.723,-29.0798,-0.0392932,0.0724477,-0.150673,6505.5,5,9.876,534.135,3536.69,48.9104,2,2,1.0,0.0,0.1,5,0.0,0,True,1746969014.06593,right,False
3732,1746969058.317452,192.673,-28.5069,-0.126585,0.0725728,-0.149291,6510.33,5,9.898,535.331,3537.89,48.9101,2,2,1.0,0.0,0.1,5,0.0,0,True,1746969014.06593,right,False
3733,1746969058.3400877,192.646,-27.8444,-0.19926,0.0728261,-0.14751,6500.49,5,9.92,536.526,3539.09,48.9098,2,2,1.0,0.0,0.1,5,0.0,0,True,1746969014.06593,right,False
3734,1746969058.3628392,192.628,-27.1356,-0.289567,0.0732015,-0.145371,6497.68,5,9.942,537.721,3540.28,48.9094,2,2,1.0,0.0,0.1,5,0.0,0,True,1746969014.06593,right,False
3735,1746969058.3855214,192.625,-26.3512,-0.365783,0.0736908,-0.142876,6488.1,5,9.964,538.914,3541.47,48.9091,2,2,1.0,0.0,0.1,5,0.0,0,True,1746969014.06593,right,False
3736,1746969058.4050608,192.632,-25.5171,-0.451372,0.0743052,-0.140028,6480.04,5,9.986,540.107,3542.67,48.9087,2,2,1.0,0.0,0.1,5,0.0,0,True,1746969014.06593,right,False
3737,1746969058.427403,192.648,-24.6226,-0.529425,0.0750264,-0.136849,6471.91,5,10.008,541.3,3543.86,48.9084,2,2,1.0,0.0,0.1,5,0.0,0,True,1746969014.06593,right,False
3738,1746969058.4494748,192.678,-23.6758,-0.603222,0.0758667,-0.133378,6456.88,5,10.03,542.492,3545.05,48.9081,2,2,1.0,0.0,0.1,5,0.0,0,True,1746969014.06593,right,False
3739,1746969058.4721396,192.715,-22.6892,-0.683659,0.0768168,-0.12962,6442.48,5,10.052,543.683,3546.24,48.9077,2,2,1.0,0.0,0.1,5,0.0,0,True,1746969014.06593,right,False
3740,1746969058.4950778,192.765,-21.6644,-0.76103,0.0778646,-0.125641,6420.67,5,10.074,544.874,3547.43,48.9074,2,2,1.0,0.0,0.2,5,0.0,0,True,1746969014.06593,right,False
3741,1746969058.5172021,192.816,-20.6079,-0.828052,0.0790161,-0.121437,6401.63,5,10.096,546.065,3548.62,48.9071,2,2,1.0,0.0,0.2,5,0.0,0,True,1746969014.06593,right,False
3742,1746969058.5371478,192.875,-19.5269,-0.894655,0.0802623,-0.11704,6377.53,5,10.118,547.255,3549.81,48.9067,2,2,1.0,0.0,0.2,5,0.0,0,True,1746969014.06593,right,False
3743,1746969058.5596921,192.941,-18.4376,-0.960268,0.081603,-0.112518,6350.2,5,10.14,548.445,3551,48.9064,2,2,1.0,0.0,0.2,5,0.0,0,True,1746969014.06593,right,False
3744,1746969058.583074,193.01,-17.348,-1.02367,0.0830241,-0.107933,6320.91,5,10.162,549.635,3552.19,48.9061,2,2,1.0,0.0,0.2,5,0.0,0,True,1746969014.06593,right,False
3745,1746969058.6041138,193.044,-16.251,-1.07884,0.0845367,-0.103479,6299.38,5,10.184,550.825,3553.38,48.9057,2,2,1.0,0.0,0.2,5,0.0,0,True,1746969014.06593,right,False
3746,1746969058.625749,193.06,-15.2242,-1.13006,0.0861359,-0.0993698,6283.71,5,10.206,552.015,3554.57,48.9054,2,2,1.0,0.0,0.2,5,0.0,0,True,1746969014.06593,right,False
3747,1746969058.6470816,193.073,-14.298,-1.18687,0.0878265,-0.0957103,6267.22,5,10.228,553.204,3555.76,48.9051,2,2,1.0,0.0,0.2,5,0.0,0,True,1746969014.06593,right,False
3748,1746969058.6689079,193.073,-13.4929,-1.24214,0.0895915,-0.0925499,6260.08,5,10.25,554.393,3556.95,48.9047,2,2,1.0,0.0,0.2,5,0.0,0,True,1746969014.06593,right,False
3749,1746969058.6934006,193.071,-12.7986,-1.29272,0.0914317,-0.0899333,6247.56,5,10.272,555.581,3558.14,48.9044,2,2,1.0,0.0,0.2,5,0.0,0,True,1746969014.06593,right,False
3750,1746969058.7143183,193.061,-12.2206,-1.3341,0.0933431,-0.0878688,6236.97,5,10.294,556.77,3559.33,48.904,2,2,1.0,0.0,0.2,5,0.0,0,True,1746969014.06593,right,False
3751,1746969058.7366295,193.048,-11.7664,-1.37185,0.0953186,-0.0864162,6225.67,5,10.316,557.958,3560.52,48.9037,2,2,1.0,0.0,0.2,5,0.0,0,True,1746969014.06593,right,False
3752,1746969058.7584774,193.031,-11.4357,-1.41272,0.0973572,-0.0855789,6211.35,5,10.338,559.147,3561.71,48.9034,2,2,1.0,0.0,0.2,5,0.0,0,True,1746969014.06593,right,False
3753,1746969058.7809916,193.006,-11.2368,-1.45726,0.0994517,-0.0853757,6200.08,5,10.36,560.335,3562.89,48.903,2,2,1.0,0.0,0.2,5,0.0,0,True,1746969014.06593,right,False
3754,1746969058.801469,192.977,-11.1553,-1.48912,0.101614,-0.0858384,6185.98,5,10.382,561.523,3564.08,48.9027,2,2,1.0,0.0,0.2,5,0.0,0,True,1746969014.06593,right,False
3755,1746969058.8236423,192.938,-11.1964,-1.52159,0.103837,-0.0869376,6175.31,5,10.404,562.711,3565.27,48.9024,2,2,1.0,0.0,0.2,5,0.0,0,True,1746969014.06593,right,False
3756,1746969058.8458388,192.892,-11.3443,-1.55402,0.106121,-0.088612,6166.02,5,10.426,563.899,3566.46,48.902,2,2,1.0,0.0,0.2,5,0.0,0,True,1746969014.06593,right,False
3757,1746969058.8669848,192.836,-11.6002,-1.59626,0.108477,-0.0908484,6161.36,5,10.448,565.087,3567.65,48.9017,2,2,1.0,0.0,0.2,5,0.0,0,True,1746969014.06593,right,False
3758,1746969058.889185,192.775,-11.9305,-1.6231,0.110906,-0.093588,6154.33,5,10.47,566.274,3568.83,48.9014,2,2,1.0,0.0,0.2,5,0.0,0,True,1746969014.06593,right,False
3759,1746969058.9121494,192.701,-12.3537,-1.66995,0.113412,-0.0967852,6151.86,5,10.492,567.462,3570.02,48.901,2,2,1.0,0.0,0.2,5,0.0,0,True,1746969014.06593,right,False
3760,1746969058.9333425,192.618,-12.846,-1.71227,0.115984,-0.100425,6150.79,5,10.514,568.649,3571.21,48.9007,2,2,1.0,0.0,0.2,5,0.0,0,True,1746969014.06593,right,False
3761,1746969058.9562647,192.526,-13.3981,-1.75209,0.118646,-0.104439,6150.93,5,10.536,569.837,3572.4,48.9004,2,2,1.0,0.0,0.2,5,0.0,0,True,1746969014.06593,right,False
3762,1746969058.9780328,192.422,-14.003,-1.80103,0.121393,-0.108774,6155.97,5,10.558,571.024,3573.58,48.9,2,2,1.0,0.0,0.2,5,0.0,0,True,1746969014.06593,right,False
3763,1746969059.0014844,192.309,-14.6514,-1.84894,0.124236,-0.113387,6158.27,5,10.58,572.21,3574.77,48.8997,2,2,1.0,0.0,0.2,5,0.0,0,True,1746969014.06593,right,False
3764,1746969059.0214202,192.186,-15.3395,-1.90354,0.127168,-0.118252,6163.92,5,10.602,573.397,3575.96,48.8993,2,2,1.0,0.0,0.2,5,0.0,0,True,1746969014.06593,right,False
3765,1746969059.0434115,192.049,-16.063,-1.96924,0.130203,-0.123337,6173.85,5,10.624,574.583,3577.14,48.899,2,2,1.0,0.0,0.30000000000000004,5,0.0,0,True,1746969014.06593,right,False
3766,1746969059.0654974,191.905,-16.8037,-2.02738,0.133336,-0.128602,6181.08,5,10.646,575.769,3578.33,48.8987,2,2,1.0,0.0,0.30000000000000004,5,0.0,0,True,1746969014.06593,right,False
3767,1746969059.0879483,191.748,-17.5644,-2.09701,0.136575,-0.13398,6193.88,5,10.668,576.955,3579.51,48.8983,2,2,1.0,0.0,0.30000000000000004,5,0.0,0,True,1746969014.06593,right,False
3768,1746969059.112761,191.585,-18.3366,-2.17041,0.139919,-0.139458,6204.41,5,10.69,578.14,3580.7,48.898,2,2,1.0,0.0,0.30000000000000004,5,0.0,0,True,1746969014.06593,right,False
3769,1746969059.1321187,191.415,-19.1019,-2.23837,0.143374,-0.144989,6213.03,5,10.712,579.325,3581.88,48.8977,2,2,1.0,0.0,0.30000000000000004,5,0.0,0,True,1746969014.06593,right,False
3770,1746969059.154257,191.212,-19.8621,-2.32116,0.146951,-0.150608,6218,5,10.734,580.509,3583.07,48.8973,2,2,1.0,0.0,0.30000000000000004,5,0.0,0,True,1746969014.06593,right,False
3771,1746969059.1770859,190.989,-20.6239,-2.39765,0.150648,-0.156361,6228.24,5,10.756,581.693,3584.25,48.897,2,2,1.0,0.0,0.30000000000000004,5,0.0,0,True,1746969014.06593,right,False
3772,1746969059.1974378,190.75,-21.4074,-2.48062,0.154475,-0.162192,6248.23,5,10.778,582.875,3585.43,48.8967,2,2,1.0,0.0,0.30000000000000004,5,0.0,0,True,1746969014.06593,right,False
3773,1746969059.2206888,190.505,-22.1827,-2.57023,0.158431,-0.16805,6265.6,5,10.8,584.057,3586.62,48.8963,2,2,1.0,0.0,0.30000000000000004,5,0.0,0,True,1746969014.06593,right,False
3774,1746969059.2422123,190.25,-22.966,-2.66186,0.162513,-0.173913,6290.27,5,10.822,585.239,3587.8,48.896,2,2,1.0,0.0,0.30000000000000004,5,0.0,0,True,1746969014.06593,right,False
3775,1746969059.2646215,189.995,-23.7075,-2.74365,0.166718,-0.179735,6300.79,5,10.844,586.419,3588.98,48.8957,2,2,1.0,0.0,0.30000000000000004,5,0.0,0,True,1746969014.06593,right,False
3776,1746969059.2878718,189.728,-24.4538,-2.83672,0.171067,-0.185505,6323.99,5,10.866,587.599,3590.16,48.8953,2,2,1.0,0.0,0.30000000000000004,5,0.0,0,True,1746969014.06593,right,False
3777,1746969059.3100195,189.458,-25.1808,-2.93752,0.175555,-0.19121,6343.75,5,10.888,588.778,3591.34,48.895,2,2,1.0,0.0,0.30000000000000004,5,0.0,0,True,1746969014.06593,right,False
3778,1746969059.3290792,189.186,-25.8747,-3.03229,0.180189,-0.196816,6359.53,5,10.91,589.955,3592.51,48.8946,2,2,1.0,0.0,0.30000000000000004,5,0.0,0,True,1746969014.06593,right,False
3779,1746969059.3529463,188.91,-26.5414,-3.1271,0.184938,-0.202298,6377.65,5,10.932,591.133,3593.69,48.8943,2,2,1.0,0.0,0.0,5,0.0,0,True,1746969014.06593,left,False
3780,1746969059.3745284,188.635,-27.176,-3.22038,0.189816,-0.207648,6393.35,5,10.954,592.309,3594.87,48.894,2,2,1.0,0.0,0.0,5,0.0,0,True,1746969014.06593,left,False
3781,1746969059.3954148,188.358,-27.7797,-3.3223,0.194859,-0.212834,6409.34,5,10.976,593.484,3596.04,48.8936,2,2,1.0,0.0,0.0,5,0.0,0,True,1746969014.06593,left,False
3782,1746969059.4198303,188.084,-28.3331,-3.41779,0.20005,-0.217842,6419.89,5,10.998,594.658,3597.22,48.8933,2,2,1.0,0.0,0.0,5,0.0,0,True,1746969014.06593,left,False
3783,1746969059.4406302,187.809,-28.8567,-3.52305,0.205376,-0.222648,6439.77,5,11.02,595.831,3598.39,48.893,2,2,1.0,0.0,0.0,5,0.0,0,True,1746969014.06593,left,False
3784,1746969059.4613912,187.565,-29.348,-3.61728,0.210845,-0.227221,6463.68,5,11.042,597.003,3599.56,48.8926,2,2,1.0,0.0,0.0,5,0.0,0,True,1746969014.06593,left,False
3785,1746969059.4834652,187.397,-29.8042,-3.71421,0.216432,-0.231238,6478.72,5,11.064,598.175,3600.73,48.8923,2,2,1.0,0.0,0.0,5,0.0,0,True,1746969014.06593,left,False
3786,1746969059.5063803,187.276,-30.1243,-3.80267,0.222129,-0.234483,6464.26,5,11.086,599.347,3601.91,48.892,2,2,1.0,0.0,0.0,5,0.0,0,True,1746969014.06593,left,False
3787,1746969059.5280557,187.186,-30.2894,-3.89441,0.227954,-0.236936,6438.27,5,11.108,600.518,3603.08,48.8916,2,2,1.0,0.0,0.0,5,0.0,0,True,1746969014.06593,left,False
3788,1746969059.5520332,187.127,-30.2931,-3.97778,0.233899,-0.238581,6407,5,11.13,601.69,3604.25,48.8913,2,2,1.0,0.0,0.0,5,0.0,0,True,1746969014.06593,left,False
3789,1746969059.5724168,187.09,-30.1434,-4.0616,0.239957,-0.239432,6377.41,5,11.152,602.861,3605.42,48.891,2,2,1.0,0.0,0.0,5,0.0,0,True,1746969014.06593,left,False
3790,1746969059.5938728,187.077,-29.8537,-4.14941,0.246149,-0.239509,6349.49,5,11.174,604.032,3606.59,48.8906,2,2,1.0,0.0,0.0,5,0.0,0,True,1746969014.06593,left,False
3791,1746969059.6166456,187.089,-29.4103,-4.22672,0.252473,-0.238797,6320.2,5,11.196,605.203,3607.76,48.8903,2,2,1.0,0.0,0.0,5,0.0,0,True,1746969014.06593,left,False
3792,1746969059.637143,187.13,-28.8205,-4.2995,0.258916,-0.237293,6288.22,5,11.218,606.375,3608.93,48.8899,2,2,1.0,0.0,0.0,5,0.0,0,True,1746969014.06593,left,False
3793,1746969059.660566,187.188,-28.1011,-4.38647,0.265492,-0.235019,6265.16,5,11.24,607.546,3610.1,48.8896,2,2,1.0,0.0,0.0,5,0.0,0,True,1746969014.06593,left,False
3794,1746969059.681496,187.266,-27.2459,-4.46798,0.272183,-0.231978,6244.22,5,11.262,608.717,3611.28,48.8893,2,2,1.0,0.0,0.0,5,0.0,0,True,1746969014.06593,left,False
3795,1746969059.703573,187.365,-26.2575,-4.54462,0.278992,-0.228204,6222.4,5,11.284,609.888,3612.45,48.8889,2,2,1.0,0.0,0.0,5,0.0,0,True,1746969014.06593,left,False
3796,1746969059.7249193,187.483,-25.1402,-4.61186,0.285916,-0.223703,6198.85,5,11.306,611.059,3613.62,48.8886,2,2,1.0,0.0,0.0,5,0.0,0,True,1746969014.06593,left,False
3797,1746969059.7481825,187.615,-23.921,-4.69517,0.292947,-0.218509,6181.67,5,11.328,612.231,3614.79,48.8883,2,2,1.0,0.0,0.0,5,0.0,0,True,1746969014.06593,left,False
3798,1746969059.7700944,187.766,-22.5863,-4.76438,0.300079,-0.212676,6156.41,5,11.35,613.402,3615.96,48.8879,2,2,1.0,0.0,0.0,5,0.0,0,True,1746969014.06593,left,False
3799,1746969059.7907157,187.929,-21.1553,-4.83142,0.307311,-0.20621,6131.76,5,11.372,614.574,3617.13,48.8876,2,2,1.0,0.0,0.0,5,0.0,0,True,1746969014.06593,left,False
3800,1746969059.8149743,188.103,-19.64,-4.89579,0.314629,-0.199148,6103.84,5,11.394,615.747,3618.3,48.8873,2,2,1.0,0.0,0.0,5,0.0,0,True,1746969014.06593,left,False
3801,1746969059.8358793,188.286,-18.0504,-4.95536,0.322017,-0.191542,6072.82,5,11.416,616.919,3619.48,48.8869,2,2,1.0,0.0,0.0,5,0.0,0,True,1746969014.06593,left,False
3802,1746969059.858839,188.478,-16.3945,-5.0028,0.329483,-0.183439,6033.74,5,11.438,618.093,3620.65,48.8866,2,2,1.0,0.0,0.0,5,0.0,0,True,1746969014.06593,left,False
3803,1746969059.8804219,188.67,-14.7009,-5.05255,0.336988,-0.174899,5994.7,5,11.46,619.267,3621.83,48.8863,2,2,1.0,0.0,0.0,5,0.0,0,True,1746969014.06593,left,False
3804,1746969059.9046445,188.862,-12.9818,-5.0821,0.344525,-0.166014,5952.42,5,11.482,620.442,3623,48.8859,2,2,1.0,0.0,0.0,5,0.0,0,True,1746969014.06593,left,False
3805,1746969059.9245205,189.045,-11.2744,-5.10445,0.352061,-0.15688,5917.61,5,11.504,621.619,3624.18,48.8856,2,2,1.0,0.0,0.0,5,0.0,0,True,1746969014.06593,left,False
3806,1746969059.9469028,189.217,-9.59715,-5.11632,0.359594,-0.147605,5887.67,5,11.526,622.796,3625.35,48.8852,2,2,1.0,0.0,0.0,5,0.0,0,True,1746969014.06593,left,False
3807,1746969059.9703264,189.376,-7.98294,-5.11601,0.367089,-0.138296,5863.35,5,11.548,623.974,3626.53,48.8849,2,2,1.0,0.0,0.0,5,0.0,0,True,1746969014.06593,right,False
3808,1746969059.9900339,189.52,-6.45649,-5.09975,0.374505,-0.129061,5846.76,5,11.57,625.154,3627.71,48.8846,2,2,1.0,0.0,0.0,5,0.0,0,True,1746969014.06593,right,False
3809,1746969060.0142078,189.651,-5.03611,-5.0561,0.381817,-0.119979,5834.9,5,11.592,626.334,3628.89,48.8842,2,2,1.0,0.0,0.0,5,0.0,0,True,1746969014.06593,right,False
3810,1746969060.0350554,189.77,-3.73704,-4.9926,0.388996,-0.111117,5827.16,5,11.614,627.516,3630.07,48.8839,2,2,1.0,0.0,0.0,5,0.0,0,True,1746969014.06593,right,False
3811,1746969060.0567303,189.88,-2.5658,-4.90978,0.396002,-0.102523,5822.04,5,11.636,628.7,3631.26,48.8836,2,2,1.0,0.0,0.0,5,0.0,0,True,1746969014.06593,right,False
3812,1746969060.0783732,189.981,-1.52823,-4.79643,0.402809,-0.0942372,5819.3,5,11.658,629.884,3632.44,48.8832,2,2,1.0,0.0,0.0,5,0.0,0,True,1746969014.06593,right,False
3813,1746969060.1011531,190.077,-0.622462,-4.65982,0.40938,-0.0862793,5817.28,5,11.68,631.07,3633.63,48.8829,2,2,1.0,0.0,0.0,5,0.0,0,True,1746969014.06593,right,False
3814,1746969060.1228957,190.166,0.154665,-4.50068,0.415691,-0.0786594,5817.12,5,11.702,632.258,3634.82,48.8826,2,2,1.0,0.0,0.0,5,0.0,0,True,1746969014.06593,right,False
3815,1746969060.1455183,190.251,0.809792,-4.30689,0.421699,-0.0713809,5818.21,5,11.724,633.447,3636.01,48.8822,2,2,1.0,0.0,0.0,5,0.0,0,True,1746969014.06593,right,False
3816,1746969060.1655693,190.333,1.35185,-4.10387,0.42744,-0.0644401,5819.36,5,11.746,634.637,3637.2,48.8819,2,2,1.0,0.0,0.0,5,0.0,0,True,1746969014.06593,right,False
3817,1746969060.1877363,190.414,1.78842,-3.86607,0.432828,-0.0578281,5818.77,5,11.768,635.828,3638.39,48.8816,2,2,1.0,0.0,0.0,5,0.0,0,True,1746969014.06593,right,False
3818,1746969060.2121456,190.493,2.13045,-3.61523,0.437859,-0.0515304,5820.16,5,11.79,637.021,3639.58,48.8812,2,2,1.0,0.0,0.0,5,0.0,0,True,1746969014.06593,right,False
3819,1746969060.2311218,190.569,2.38829,-3.34789,0.442531,-0.0455296,5822.31,5,11.812,638.215,3640.77,48.8809,2,2,1.0,0.0,0.0,5,0.0,0,True,1746969014.06593,right,False
3820,1746969060.2531807,190.646,2.57196,-3.06273,0.446843,-0.0398031,5823.54,5,11.834,639.41,3641.97,48.8805,2,2,1.0,0.0,0.0,5,0.0,0,True,1746969014.06593,right,False
3821,1746969060.276187,190.721,2.69323,-2.77484,0.450794,-0.034328,5826.12,5,11.856,640.606,3643.16,48.8802,2,2,1.0,0.0,0.1,5,0.0,0,True,1746969014.06593,right,False
3822,1746969060.2989233,190.795,2.76167,-2.48646,0.454382,-0.0290809,5828.04,5,11.878,641.803,3644.36,48.8799,2,2,1.0,0.0,0.1,5,0.0,0,True,1746969014.06593,right,False
3823,1746969060.3189862,190.87,2.78719,-2.19051,0.457606,-0.0240301,5828.98,5,11.9,643.001,3645.56,48.8795,2,2,1.0,0.0,0.1,5,0.0,0,True,1746969014.06593,right,False
3824,1746969060.3414261,190.943,2.77823,-1.89283,0.460411,-0.0191466,5830.85,5,11.922,644.2,3646.76,48.8792,2,2,1.0,0.0,0.1,5,0.0,0,True,1746969014.06593,right,False
3825,1746969060.3637624,191.015,2.74398,-1.59713,0.462817,-0.0144024,5832.87,5,11.944,645.4,3647.96,48.8789,2,2,1.0,0.0,0.1,5,0.0,0,True,1746969014.06593,right,False
3826,1746969060.38719,191.073,2.87391,-1.31575,0.464926,-0.0108627,5837.71,5,11.966,646.601,3649.16,48.8785,2,2,1.0,0.0,0.1,5,0.0,0,True,1746969014.06593,right,False
3827,1746969060.4094033,191.132,2.5535,-1.05328,0.466835,-0.0102659,5842.49,5,11.988,647.802,3650.36,48.8782,2,2,1.0,0.0,0.1,5,0.0,0,True,1746969014.06593,right,False
3828,1746969060.4304762,191.194,1.77046,-0.832552,0.468553,-0.0122244,5849.18,5,12.01,649.004,3651.56,48.8779,2,2,1.0,0.0,0.1,5,0.0,0,True,1746969014.06593,right,False
3829,1746969060.4529243,191.252,0.642384,-0.6385,0.470104,-0.0162736,5856.03,5,12.032,650.206,3652.76,48.8775,2,2,1.0,0.0,0.1,5,0.0,0,True,1746969014.06593,right,False
3830,1746969060.4736936,191.299,-0.729358,-0.485464,0.471514,-0.021965,5863.95,5,12.054,651.409,3653.97,48.8772,2,2,1.0,0.0,0.1,5,0.0,0,True,1746969014.06593,right,False
3831,1746969060.4970007,191.328,-2.25688,-0.369028,0.472814,-0.028863,5873.01,5,12.076,652.612,3655.17,48.8769,2,2,1.0,0.0,0.1,5,0.0,0,True,1746969014.06593,right,False
3832,1746969060.5192952,191.335,-3.87183,-0.283421,0.474038,-0.0365914,5885,5,12.098,653.815,3656.37,48.8765,2,2,1.0,0.0,0.1,5,0.0,0,True,1746969014.06593,right,False
3833,1746969060.5400515,191.317,-5.52316,-0.239988,0.475216,-0.0448152,5901.27,5,12.12,655.019,3657.58,48.8762,2,2,1.0,0.0,0.1,5,0.0,0,True,1746969014.06593,right,False
3834,1746969060.56205,191.273,-7.16566,-0.226385,0.476372,-0.0532579,5922.39,5,12.142,656.223,3658.78,48.8758,2,2,1.0,0.0,0.1,5,0.0,0,True,1746969014.06593,right,False
3835,1746969060.5832462,191.205,-8.77178,-0.238552,0.47753,-0.0617288,5945.79,5,12.164,657.427,3659.99,48.8755,2,2,1.0,0.0,0.1,5,0.0,0,True,1746969014.06593,right,False
3836,1746969060.6070063,191.115,-10.334,-0.29061,0.478704,-0.0701003,5973.31,5,12.186,658.631,3661.19,48.8752,2,2,1.0,0.0,0.1,5,0.0,0,True,1746969014.06593,right,False
3837,1746969060.628463,191.006,-11.8295,-0.355403,0.4799,-0.0783086,6001.83,5,12.208,659.835,3662.39,48.8748,2,2,1.0,0.0,0.1,5,0.0,0,True,1746969014.06593,right,False
3838,1746969060.6487603,190.884,-13.27,-0.439686,0.481129,-0.0863326,6026.57,5,12.23,661.039,3663.6,48.8745,2,2,1.0,0.0,0.1,5,0.0,0,True,1746969014.06593,right,False
3839,1746969060.6714928,190.751,-14.6396,-0.526698,0.482404,-0.0941707,6046.34,5,12.252,662.243,3664.8,48.8742,2,2,1.0,0.0,0.1,5,0.0,0,True,1746969014.06593,right,False
3840,1746969060.6942556,190.606,-15.954,-0.611389,0.483733,-0.101884,6062.59,5,12.274,663.447,3666.01,48.8738,2,2,1.0,0.0,0.1,5,0.0,0,True,1746969014.06593,right,False
3841,1746969060.7159169,190.456,-17.2143,-0.694927,0.485132,-0.109496,6066.92,5,12.296,664.65,3667.21,48.8735,2,2,1.0,0.0,0.1,5,0.0,0,True,1746969014.06593,right,False
3842,1746969060.7381914,190.294,-18.4462,-0.794029,0.486608,-0.117022,6072.31,5,12.318,665.854,3668.41,48.8732,2,2,1.0,0.0,0.1,5,0.0,0,True,1746969014.06593,right,False
3843,1746969060.7609303,190.122,-19.6284,-0.875008,0.488177,-0.124462,6072.67,5,12.34,667.057,3669.62,48.8728,2,2,1.0,0.0,0.1,5,0.0,0,True,1746969014.06593,right,False
3844,1746969060.7818196,189.936,-20.7834,-0.96765,0.48984,-0.131821,6077.41,5,12.362,668.26,3670.82,48.8725,2,2,1.0,0.0,0.1,5,0.0,0,True,1746969014.06593,right,False
3845,1746969060.8038063,189.736,-21.9017,-1.06069,0.491617,-0.139076,6087.63,5,12.384,669.462,3672.02,48.8722,2,2,1.0,0.0,0.1,5,0.0,0,True,1746969014.06593,right,False
3846,1746969060.8265405,189.533,-22.9658,-1.14099,0.49347,-0.146174,6089.73,5,12.406,670.664,3673.22,48.8718,2,2,1.0,0.0,0.1,5,0.0,0,True,1746969014.06593,right,False
3847,1746969060.8481255,189.318,-23.9911,-1.23132,0.495446,-0.153124,6097.67,5,12.428,671.866,3674.43,48.8715,2,2,1.0,0.0,0.1,5,0.0,0,True,1746969014.06593,right,False
3848,1746969060.8693626,189.096,-24.9685,-1.3216,0.497535,-0.159872,6107.38,5,12.45,673.067,3675.63,48.8711,2,2,1.0,0.0,0.1,5,0.0,0,True,1746969014.06593,right,False
3849,1746969060.8916097,188.867,-25.8936,-1.40821,0.499747,-0.166401,6120.48,5,12.472,674.268,3676.83,48.8708,2,2,1.0,0.0,0.1,5,0.0,0,True,1746969014.06593,right,False
3850,1746969060.9152553,188.633,-26.7582,-1.49777,0.502079,-0.172634,6137.36,5,12.494,675.468,3678.03,48.8705,2,2,1.0,0.0,0.1,5,0.0,0,True,1746969014.06593,right,False
3851,1746969060.9364185,188.395,-27.5663,-1.59852,0.504556,-0.17857,6160.29,5,12.516,676.668,3679.23,48.8701,2,2,1.0,0.0,0.1,5,0.0,0,True,1746969014.06593,right,False
3852,1746969060.9587846,188.158,-28.2985,-1.69874,0.507162,-0.184158,6185.27,5,12.538,677.867,3680.43,48.8698,2,2,1.0,0.0,0.1,5,0.0,0,True,1746969014.06593,right,False
3853,1746969060.981316,187.927,-28.9549,-1.79261,0.50988,-0.189391,6203.88,5,12.56,679.065,3681.62,48.8695,2,2,1.0,0.0,0.1,5,0.0,0,True,1746969014.06593,right,False
3854,1746969061.002548,187.704,-29.5282,-1.88416,0.512719,-0.194225,6221.16,5,12.582,680.263,3682.82,48.8691,2,2,1.0,0.0,0.1,5,0.0,0,True,1746969014.06593,right,False
3855,1746969061.0243301,187.486,-30.0163,-1.9789,0.515702,-0.19864,6243.91,5,12.604,681.459,3684.02,48.8688,2,2,1.0,0.0,0.1,5,0.0,0,True,1746969014.06593,right,False
3856,1746969061.0450335,187.276,-30.425,-2.07804,0.518815,-0.202605,6269.04,5,12.626,682.655,3685.21,48.8685,2,2,1.0,0.0,0.1,5,0.0,0,True,1746969014.06593,right,False
3857,1746969061.0698073,187.085,-30.7313,-2.1587,0.522048,-0.206139,6279.64,5,12.648,683.851,3686.41,48.8681,2,2,1.0,0.0,0.1,5,0.0,0,True,1746969014.06593,right,False
3858,1746969061.090062,186.899,-30.9618,-2.25538,0.525443,-0.209226,6298.93,5,12.67,685.045,3687.6,48.8678,2,2,1.0,0.0,0.1,5,0.0,0,True,1746969014.06593,right,False
3859,1746969061.1128373,186.728,-31.1021,-2.34644,0.528952,-0.211865,6320.52,5,12.692,686.239,3688.8,48.8675,2,2,1.0,0.0,0.1,5,0.0,0,True,1746969014.06593,right,False
3860,1746969061.1333847,186.575,-31.151,-2.44056,0.5326,-0.214018,6332.05,5,12.714,687.432,3689.99,48.8671,2,2,1.0,0.0,0.0,5,0.0,0,True,1746969014.06593,left,False
3861,1746969061.156217,186.433,-31.1119,-2.53758,0.536393,-0.215684,6350.4,5,12.736,688.624,3691.18,48.8668,2,2,1.0,0.0,0.0,5,0.0,0,True,1746969014.06593,left,False
3862,1746969061.177748,186.307,-30.9759,-2.62911,0.540304,-0.216847,6371.21,5,12.758,689.816,3692.38,48.8664,2,2,1.0,0.0,0.0,5,0.0,0,True,1746969014.06593,left,False
3863,1746969061.199969,186.205,-30.7453,-2.7164,0.54437,-0.217524,6378.42,5,12.78,691.007,3693.57,48.8661,2,2,1.0,0.0,0.0,5,0.0,0,True,1746969014.06593,left,False
3864,1746969061.2226176,186.122,-30.4287,-2.80915,0.548569,-0.217726,6382.28,5,12.802,692.197,3694.76,48.8658,2,2,1.0,0.0,0.0,5,0.0,0,True,1746969014.06593,left,False
3865,1746969061.2456877,186.078,-30.0519,-2.89905,0.552885,-0.21735,6393.44,5,12.824,693.387,3695.95,48.8654,2,2,1.0,0.0,0.0,5,0.0,0,True,1746969014.06593,left,False
3866,1746969061.2657895,186.083,-29.5446,-2.98267,0.55733,-0.216203,6381.13,5,12.846,694.576,3697.14,48.8651,2,2,1.0,0.0,0.0,5,0.0,0,True,1746969014.06593,left,False
3867,1746969061.2887008,186.115,-28.8994,-3.06395,0.561895,-0.214293,6362.75,5,12.868,695.765,3698.32,48.8648,2,2,1.0,0.0,0.0,5,0.0,0,True,1746969014.06593,left,False
3868,1746969061.3116884,186.176,-28.1192,-3.1476,0.566589,-0.211633,6340.16,5,12.89,696.954,3699.51,48.8644,2,2,1.0,0.0,0.0,5,0.0,0,True,1746969014.06593,left,False
3869,1746969061.3317919,186.262,-27.2069,-3.22759,0.571396,-0.208214,6311.41,5,12.912,698.143,3700.7,48.8641,2,2,1.0,0.0,0.0,5,0.0,0,True,1746969014.06593,left,False
3870,1746969061.3535745,186.373,-26.1555,-3.30163,0.576293,-0.204052,6280.06,5,12.934,699.331,3701.89,48.8638,2,2,1.0,0.0,0.0,5,0.0,0,True,1746969014.06593,left,False
3871,1746969061.37745,186.511,-24.9852,-3.37501,0.581321,-0.199165,6235.71,5,12.956,700.52,3703.08,48.8634,2,2,1.0,0.0,0.0,5,0.0,0,True,1746969014.06593,left,False
3872,1746969061.3980165,186.659,-23.7058,-3.45,0.586455,-0.193612,6200.94,5,12.978,701.709,3704.27,48.8631,2,2,1.0,0.0,0.0,5,0.0,0,True,1746969014.06593,left,False
3873,1746969061.4198382,186.825,-22.3122,-3.50792,0.591688,-0.187383,6159.51,5,13,702.898,3705.46,48.8628,2,2,1.0,0.0,0.0,5,0.0,0,True,1746969014.06593,left,False
3874,1746969061.4435995,186.997,-20.8248,-3.58168,0.597012,-0.18049,6127.22,5,13.022,704.088,3706.65,48.8624,2,2,1.0,0.0,0.0,5,0.0,0,True,1746969014.06593,left,False
3875,1746969061.4628842,187.185,-19.2402,-3.63645,0.602418,-0.172998,6083.47,5,13.044,705.278,3707.84,48.8621,2,2,1.0,0.0,0.0,5,0.0,0,True,1746969014.06593,left,False
3876,1746969061.4861095,187.375,-17.5903,-3.69273,0.6079,-0.164952,6043.62,5,13.066,706.468,3709.03,48.8617,2,2,1.0,0.0,0.0,5,0.0,0,True,1746969014.06593,left,False
3877,1746969061.5084674,187.571,-15.881,-3.74671,0.613432,-0.156413,6003.36,5,13.088,707.659,3710.22,48.8614,2,2,1.0,0.0,0.0,5,0.0,0,True,1746969014.06593,left,False
3878,1746969061.5290277,187.766,-14.1337,-3.78282,0.619015,-0.147461,5958.34,5,13.11,708.85,3711.41,48.8611,2,2,1.0,0.0,0.0,5,0.0,0,True,1746969014.06593,left,False
3879,1746969061.5529826,187.955,-12.3754,-3.81735,0.624615,-0.138189,5919.9,5,13.132,710.043,3712.6,48.8607,2,2,1.0,0.0,0.0,5,0.0,0,True,1746969014.06593,left,False
3880,1746969061.574794,188.135,-10.6363,-3.83335,0.630217,-0.12871,5881.62,5,13.154,711.236,3713.8,48.8604,2,2,1.0,0.0,0.0,5,0.0,0,True,1746969014.06593,left,False
3881,1746969061.5969334,188.302,-8.94404,-3.83682,0.63578,-0.119142,5851.91,5,13.176,712.43,3714.99,48.8601,2,2,1.0,0.0,0.0,5,0.0,0,True,1746969014.06593,left,False
3882,1746969061.6210108,188.454,-7.3267,-3.82422,0.641293,-0.109592,5828.51,5,13.198,713.625,3716.18,48.8597,2,2,1.0,0.0,0.0,5,0.0,0,True,1746969014.06593,left,False
3883,1746969061.6407266,188.59,-5.8117,-3.79791,0.646717,-0.10016,5814.19,5,13.22,714.821,3717.38,48.8594,2,2,1.0,0.0,0.0,5,0.0,0,True,1746969014.06593,right,False
3884,1746969061.661458,188.714,-4.41184,-3.74923,0.652019,-0.0909215,5803.45,5,13.242,716.019,3718.58,48.8591,2,2,1.0,0.0,0.0,5,0.0,0,True,1746969014.06593,right,False
3885,1746969061.6839259,188.827,-3.1419,-3.67574,0.657174,-0.0819439,5796,5,13.264,717.217,3719.78,48.8587,2,2,1.0,0.0,0.0,5,0.0,0,True,1746969014.06593,right,False
3886,1746969061.7070088,188.93,-2.00931,-3.57619,0.662131,-0.0732738,5791.18,5,13.286,718.416,3720.98,48.8584,2,2,1.0,0.0,0.0,5,0.0,0,True,1746969014.06593,right,False
3887,1746969061.7290707,189.023,-1.01512,-3.45851,0.66688,-0.0654454,5790.18,5,13.308,719.612,3722.17,48.8581,2,2,1.0,0.0,0.0,5,0.0,0,True,1746969014.06593,right,False
3888,1746969061.7489874,189.112,-0.155212,-3.31745,0.671431,-0.0582854,5789.76,5,13.33,720.805,3723.36,48.8577,2,2,1.0,0.0,0.0,5,0.0,0,True,1746969014.06593,right,False
3889,1746969061.7720256,189.195,0.575873,-3.16786,0.675773,-0.0514818,5790.32,5,13.352,722,3724.56,48.8574,2,2,1.0,0.0,0.0,5,0.0,0,True,1746969014.06593,right,False
3890,1746969061.7940829,189.275,1.18562,-2.9878,0.679873,-0.0450375,5790.96,5,13.374,723.195,3725.75,48.857,2,2,1.0,0.0,0.0,5,0.0,0,True,1746969014.06593,right,False
3891,1746969061.8151438,189.353,1.68324,-2.79623,0.683716,-0.0389473,5792.71,5,13.396,724.391,3726.95,48.8567,2,2,1.0,0.0,0.0,5,0.0,0,True,1746969014.06593,right,False
3892,1746969061.8385975,189.429,2.07776,-2.58611,0.687248,-0.0332006,5793.77,5,13.418,725.589,3728.15,48.8564,2,2,1.0,0.0,0.0,5,0.0,0,True,1746969014.06593,right,False
3893,1746969061.8604047,189.503,2.38051,-2.37056,0.690538,-0.0277814,5795.46,5,13.44,726.787,3729.35,48.856,2,2,1.0,0.0,0.0,5,0.0,0,True,1746969014.06593,right,False
3894,1746969061.882454,189.576,2.60297,-2.14386,0.693542,-0.0226668,5797.54,5,13.462,727.986,3730.54,48.8557,2,2,1.0,0.0,0.0,5,0.0,0,True,1746969014.06593,right,False
3895,1746969061.9043508,189.649,2.75498,-1.91364,0.696234,-0.0178344,5799.51,5,13.484,729.186,3731.74,48.8554,2,2,1.0,0.0,0.0,5,0.0,0,True,1746969014.06593,right,False
3896,1746969061.9255447,189.722,2.84757,-1.67631,0.698621,-0.0132564,5801.61,5,13.506,730.386,3732.95,48.855,2,2,1.0,0.0,0.0,5,0.0,0,True,1746969014.06593,right,False
3897,1746969061.9480734,189.795,2.88858,-1.41955,0.700623,-0.00890303,5801.49,5,13.528,731.588,3734.15,48.8547,2,2,1.0,0.0,0.0,5,0.0,0,True,1746969014.06593,right,False
3898,1746969061.9707067,189.867,2.89082,-1.17031,0.702297,-0.00473988,5803.48,5,13.55,732.79,3735.35,48.8544,2,2,1.0,0.0,0.0,5,0.0,0,True,1746969014.06593,right,False
3899,1746969061.9917374,189.938,2.86322,-0.918203,0.70366,-0.000735283,5804.95,5,13.572,733.993,3736.55,48.854,2,2,1.0,0.0,0.1,5,0.0,0,True,1746969014.06593,right,False
3900,1746969062.0151737,190.008,2.81409,-0.669455,0.704712,0.00313902,5807.72,5,13.594,735.196,3737.76,48.8537,2,2,1.0,0.0,0.1,5,0.0,0,True,1746969014.06593,right,False
3901,1746969062.0387614,190.079,2.74916,-0.425735,0.70545,0.00690782,5808.93,5,13.616,736.4,3738.96,48.8534,2,2,1.0,0.0,0.1,5,0.0,0,True,1746969014.06593,right,False
3902,1746969062.0575397,190.148,2.67535,-0.187604,0.705878,0.0105963,5810.54,5,13.638,737.604,3740.16,48.853,2,2,1.0,0.0,0.1,5,0.0,0,True,1746969014.06593,right,False
3903,1746969062.0812,190.216,2.59645,0.0411488,0.705992,0.0142206,5813.64,5,13.66,738.809,3741.37,48.8527,2,2,1.0,0.0,0.1,5,0.0,0,True,1746969014.06593,right,False
3904,1746969062.1024232,190.271,2.69358,0.260592,0.705851,0.0167408,5816.64,5,13.682,740.014,3742.57,48.8523,2,2,1.0,0.0,0.1,5,0.0,0,True,1746969014.06593,right,False
3905,1746969062.123651,190.325,2.36486,0.452636,0.705575,0.0164664,5822.88,5,13.704,741.22,3743.78,48.852,2,2,1.0,0.0,0.1,5,0.0,0,True,1746969014.06593,right,False
3906,1746969062.146425,190.382,1.5986,0.613717,0.705166,0.0137633,5829.15,5,13.726,742.426,3744.98,48.8517,2,2,1.0,0.0,0.1,5,0.0,0,True,1746969014.06593,right,False
3907,1746969062.168721,190.435,0.499734,0.738334,0.704655,0.00906253,5836.58,5,13.748,743.632,3746.19,48.8513,2,2,1.0,0.0,0.1,5,0.0,0,True,1746969014.06593,right,False
3908,1746969062.190638,190.476,-0.836027,0.829655,0.704067,0.0027889,5845.48,5,13.77,744.839,3747.4,48.851,2,2,1.0,0.0,0.1,5,0.0,0,True,1746969014.06593,right,False
3909,1746969062.2121227,190.5,-2.32776,0.891474,0.703428,-0.00466347,5856.48,5,13.792,746.045,3748.6,48.8507,2,2,1.0,0.0,0.1,5,0.0,0,True,1746969014.06593,right,False
3910,1746969062.2335029,190.503,-3.91081,0.91457,0.702761,-0.0129148,5870.42,5,13.814,747.252,3749.81,48.8503,2,2,1.0,0.0,0.1,5,0.0,0,True,1746969014.06593,right,False
3911,1746969062.257393,190.482,-5.52622,0.902813,0.702108,-0.0216283,5888.27,5,13.836,748.459,3751.02,48.85,2,2,1.0,0.0,0.1,5,0.0,0,True,1746969014.06593,right,False
3912,1746969062.2781694,190.438,-7.12679,0.876447,0.701477,-0.0305446,5908.92,5,13.858,749.666,3752.22,48.8497,2,2,1.0,0.0,0.1,5,0.0,0,True,1746969014.06593,right,False
3913,1746969062.2993238,190.369,-8.70078,0.809647,0.700893,-0.0394762,5936.66,5,13.88,750.872,3753.43,48.8493,2,2,1.0,0.0,0.1,5,0.0,0,True,1746969014.06593,right,False
3914,1746969062.3228626,190.282,-10.2129,0.731677,0.700364,-0.0483067,5961.57,5,13.902,752.079,3754.64,48.849,2,2,1.0,0.0,0.1,5,0.0,0,True,1746969014.06593,right,False
3915,1746969062.3451757,190.176,-11.6652,0.640608,0.699925,-0.0569779,5990.64,5,13.924,753.286,3755.84,48.8487,2,2,1.0,0.0,0.1,5,0.0,0,True,1746969014.06593,right,False
3916,1746969062.3672435,190.057,-13.0566,0.53907,0.699569,-0.0654924,6015.06,5,13.946,754.492,3757.05,48.8483,2,2,1.0,0.0,0.1,5,0.0,0,True,1746969014.06593,right,False
3917,1746969062.3876917,189.927,-14.3914,0.424393,0.699302,-0.0738219,6036.83,5,13.968,755.699,3758.26,48.848,2,2,1.0,0.0,0.1,5,0.0,0,True,1746969014.06593,right,False
3918,1746969062.410434,189.788,-15.6665,0.308953,0.699145,-0.0820107,6053.25,5,13.99,756.905,3759.46,48.8476,2,2,1.0,0.0,0.1,5,0.0,0,True,1746969014.06593,right,False
3919,1746969062.4324672,189.644,-16.8947,0.193182,0.699113,-0.0900955,6059.56,5,14.012,758.111,3760.67,48.8473,2,2,1.0,0.0,0.1,5,0.0,0,True,1746969014.06593,right,False
3920,1746969062.4529278,189.49,-18.079,0.081067,0.699213,-0.0980963,6061.74,5,14.034,759.316,3761.88,48.847,2,2,1.0,0.0,0.0,5,0.0,0,True,1746969014.06593,left,False
3921,1746969062.4774332,189.324,-19.2285,-0.0395318,0.699449,-0.105981,6068.33,5,14.056,760.521,3763.08,48.8466,2,2,1.0,0.0,0.0,5,0.0,0,True,1746969014.06593,left,False
3922,1746969062.496864,189.151,-20.3336,-0.149734,0.699829,-0.113805,6068.56,5,14.078,761.726,3764.29,48.8463,2,2,1.0,0.0,0.0,5,0.0,0,True,1746969014.06593,left,False
3923,1746969062.5203264,188.966,-21.4148,-0.27011,0.70036,-0.121524,6073.35,5,14.1,762.931,3765.49,48.846,2,2,1.0,0.0,0.0,5,0.0,0,True,1746969014.06593,left,False
3924,1746969062.5407941,188.768,-22.4503,-0.385153,0.701048,-0.129089,6083.81,5,14.122,764.135,3766.69,48.8456,2,2,1.0,0.0,0.0,5,0.0,0,True,1746969014.06593,left,False
3925,1746969062.562972,188.597,-23.4745,-0.499779,0.70189,-0.136279,6086.11,5,14.144,765.338,3767.9,48.8453,2,2,1.0,0.0,0.0,5,0.0,0,True,1746969014.06593,left,False
3926,1746969062.5869513,188.449,-24.3596,-0.613849,0.702871,-0.14272,6079.92,5,14.166,766.542,3769.1,48.845,2,2,1.0,0.0,0.0,5,0.0,0,True,1746969014.06593,left,False
3927,1746969062.6091406,188.309,-25.1013,-0.723665,0.703992,-0.148479,6074.8,5,14.188,767.745,3770.3,48.8446,2,2,1.0,0.0,0.0,5,0.0,0,True,1746969014.06593,left,False
3928,1746969062.630744,188.18,-25.7006,-0.836879,0.705255,-0.153566,6071,5,14.21,768.948,3771.51,48.8443,2,2,1.0,0.0,0.0,5,0.0,0,True,1746969014.06593,left,False
3929,1746969062.6526728,188.067,-26.1675,-0.94663,0.706669,-0.158014,6063.14,5,14.232,770.151,3772.71,48.844,2,2,1.0,0.0,0.0,5,0.0,0,True,1746969014.06593,left,False
3930,1746969062.674506,187.962,-26.5093,-1.04879,0.70824,-0.161844,6061.1,5,14.254,771.354,3773.91,48.8436,2,2,1.0,0.0,0.0,5,0.0,0,True,1746969014.06593,left,False
3931,1746969062.6960196,187.869,-26.7349,-1.16266,0.709961,-0.165056,6064.16,5,14.276,772.556,3775.11,48.8433,2,2,1.0,0.0,0.0,5,0.0,0,True,1746969014.06593,left,False
3932,1746969062.7194152,187.79,-26.843,-1.2735,0.711851,-0.167662,6067.96,5,14.298,773.758,3776.32,48.8429,2,2,1.0,0.0,0.0,5,0.0,0,True,1746969014.06593,left,False
3933,1746969062.7406247,187.726,-26.8332,-1.38219,0.713894,-0.169654,6071.58,5,14.32,774.959,3777.52,48.8426,2,2,1.0,0.0,0.0,5,0.0,0,True,1746969014.06593,left,False
3934,1746969062.762498,187.678,-26.707,-1.49183,0.716091,-0.171018,6079.19,5,14.342,776.16,3778.72,48.8423,2,2,1.0,0.0,0.0,5,0.0,0,True,1746969014.06593,left,False
3935,1746969062.7835374,187.648,-26.4647,-1.60279,0.718449,-0.171754,6088.12,5,14.364,777.361,3779.92,48.8419,2,2,1.0,0.0,0.0,5,0.0,0,True,1746969014.06593,left,False
3936,1746969062.8049796,187.637,-26.1068,-1.70853,0.720964,-0.171865,6091.19,5,14.386,778.561,3781.12,48.8416,2,2,1.0,0.0,0.0,5,0.0,0,True,1746969014.06593,left,False
3937,1746969062.827229,187.643,-25.6331,-1.8136,0.723625,-0.171333,6095.87,5,14.408,779.761,3782.32,48.8413,2,2,1.0,0.0,0.0,5,0.0,0,True,1746969014.06593,left,False
3938,1746969062.8517342,187.666,-25.0466,-1.9211,0.726444,-0.170157,6102.25,5,14.43,780.961,3783.52,48.8409,2,2,1.0,0.0,0.0,5,0.0,0,True,1746969014.06593,left,False
3939,1746969062.8721297,187.711,-24.3401,-2.02045,0.729413,-0.168325,6100.91,5,14.452,782.161,3784.72,48.8406,2,2,1.0,0.0,0.0,5,0.0,0,True,1746969014.06593,left,False
3940,1746969062.8951652,187.773,-23.5269,-2.12609,0.732528,-0.165846,6101.96,5,14.474,783.361,3785.92,48.8403,2,2,1.0,0.0,0.0,5,0.0,0,True,1746969014.06593,left,False
3941,1746969062.9172158,187.855,-22.6078,-2.21871,0.735787,-0.162743,6095.35,5,14.496,784.56,3787.12,48.8399,2,2,1.0,0.0,0.0,5,0.0,0,True,1746969014.06593,left,False
3942,1746969062.937895,187.951,-21.5854,-2.32248,0.739185,-0.15902,6088.82,5,14.518,785.759,3788.32,48.8396,2,2,1.0,0.0,0.0,5,0.0,0,True,1746969014.06593,left,False
3943,1746969062.9612546,188.065,-20.4665,-2.41104,0.742714,-0.154707,6073.99,5,14.54,786.958,3789.52,48.8393,2,2,1.0,0.0,0.0,5,0.0,0,True,1746969014.06593,left,False
3944,1746969062.9835997,188.194,-19.2531,-2.49382,0.746368,-0.14981,6052.73,5,14.562,788.158,3790.72,48.8389,2,2,1.0,0.0,0.0,5,0.0,0,True,1746969014.06593,left,False
3945,1746969063.0033903,188.333,-17.957,-2.57597,0.750144,-0.144347,6032.86,5,14.584,789.358,3791.92,48.8386,2,2,1.0,0.0,0.0,5,0.0,0,True,1746969014.06593,left,False
3946,1746969063.0250828,188.482,-16.5914,-2.65364,0.754026,-0.13837,6006.63,5,14.606,790.557,3793.12,48.8382,2,2,1.0,0.0,0.0,5,0.0,0,True,1746969014.06593,left,False
3947,1746969063.0468304,188.634,-15.1716,-2.71852,0.758004,-0.131929,5981.51,5,14.628,791.758,3794.32,48.8379,2,2,1.0,0.0,0.0,5,0.0,0,True,1746969014.06593,left,False
3948,1746969063.0699456,188.789,-13.7118,-2.79131,0.762061,-0.125087,5956.34,5,14.65,792.958,3795.52,48.8376,2,2,1.0,0.0,0.0,5,0.0,0,True,1746969014.06593,left,False
3949,1746969063.093195,188.946,-12.2328,-2.84561,0.766178,-0.117918,5926.72,5,14.672,794.159,3796.72,48.8372,2,2,1.0,0.0,0.0,5,0.0,0,True,1746969014.06593,left,False
3950,1746969063.1138892,189.097,-10.7559,-2.89077,0.770339,-0.110517,5901.82,5,14.694,795.361,3797.92,48.8369,2,2,1.0,0.0,0.0,5,0.0,0,True,1746969014.06593,left,False
3951,1746969063.1351733,189.24,-9.29779,-2.92616,0.774526,-0.102941,5881.58,5,14.716,796.564,3799.12,48.8366,2,2,1.0,0.0,0.0,5,0.0,0,True,1746969014.06593,left,False
3952,1746969063.1573527,189.377,-7.88087,-2.94937,0.778719,-0.0952653,5862.55,5,14.738,797.767,3800.33,48.8362,2,2,1.0,0.0,0.0,5,0.0,0,True,1746969014.06593,left,False
3953,1746969063.1813123,189.504,-6.52784,-2.95213,0.782888,-0.08759,5848.71,5,14.76,798.971,3801.53,48.8359,2,2,1.0,0.0,0.0,5,0.0,0,True,1746969014.06593,left,False
3954,1746969063.2010815,189.623,-5.25496,-2.93643,0.787002,-0.0799912,5837.96,5,14.782,800.175,3802.73,48.8356,2,2,1.0,0.0,0.0,5,0.0,0,True,1746969014.06593,left,False
3955,1746969063.22437,189.732,-4.07599,-2.90706,0.791026,-0.0725253,5830.64,5,14.804,801.381,3803.94,48.8352,2,2,1.0,0.0,0.0,5,0.0,0,True,1746969014.06593,left,False
3956,1746969063.2454891,189.833,-2.99952,-2.85418,0.79494,-0.0652403,5825.32,5,14.826,802.587,3805.15,48.8349,2,2,1.0,0.0,0.0,5,0.0,0,True,1746969014.06593,left,False
3957,1746969063.2684572,189.927,-2.03017,-2.77889,0.798714,-0.0581709,5822.53,5,14.848,803.794,3806.35,48.8346,2,2,1.0,0.0,0.0,5,0.0,0,True,1746969014.06593,left,False
3958,1746969063.2893457,190.017,-1.16947,-2.68173,0.802319,-0.0513465,5820.22,5,14.87,805.002,3807.56,48.8342,2,2,1.0,0.0,0.0,5,0.0,0,True,1746969014.06593,left,False
3959,1746969063.3110912,190.101,-0.416054,-2.56097,0.805739,-0.0447829,5819.44,5,14.892,806.212,3808.77,48.8339,2,2,1.0,0.0,0.0,5,0.0,0,True,1746969014.06593,left,False
3960,1746969063.334838,190.181,0.233698,-2.42687,0.808948,-0.0384884,5819.97,5,14.914,807.422,3809.98,48.8335,2,2,1.0,0.0,0.0,5,0.0,0,True,1746969014.06593,left,False
3961,1746969063.3550708,190.259,0.785189,-2.26727,0.811916,-0.0324662,5819.99,5,14.936,808.632,3811.19,48.8332,2,2,1.0,0.0,0.0,5,0.0,0,True,1746969014.06593,left,False
3962,1746969063.378048,190.334,1.2448,-2.09059,0.814655,-0.0267136,5820.97,5,14.958,809.844,3812.4,48.8329,2,2,1.0,0.0,0.0,5,0.0,0,True,1746969014.06593,left,False
3963,1746969063.3991404,190.407,1.61922,-1.88978,0.817106,-0.0212262,5822.24,5,14.98,811.056,3813.62,48.8325,2,2,1.0,0.0,0.0,5,0.0,0,True,1746969014.06593,left,False
3964,1746969063.4231925,190.479,1.91732,-1.68806,0.819293,-0.0159912,5824.27,5,15.002,812.269,3814.83,48.8322,2,2,1.0,0.0,0.0,5,0.0,0,True,1746969014.06593,left,False
3965,1746969063.4434588,190.55,2.14617,-1.46685,0.821159,-0.010998,5825.32,5,15.024,813.483,3816.04,48.8319,2,2,1.0,0.0,0.0,5,0.0,0,True,1746969014.06593,left,False
3966,1746969063.4662166,190.62,2.31357,-1.23198,0.822727,-0.00623047,5826.18,5,15.046,814.697,3817.26,48.8315,2,2,1.0,0.0,0.0,5,0.0,0,True,1746969014.06593,left,False
3967,1746969063.4886003,190.689,2.42917,-0.991593,0.824036,-0.00167084,5828.2,5,15.068,815.913,3818.47,48.8312,2,2,1.0,0.0,0.0,5,0.0,0,True,1746969014.06593,left,False
3968,1746969063.511523,190.758,2.50022,-0.749557,0.825018,0.00270414,5829.5,5,15.09,817.128,3819.69,48.8309,2,2,1.0,0.0,0.0,5,0.0,0,True,1746969014.06593,left,False
3969,1746969063.5313962,190.826,2.53476,-0.49991,0.825682,0.00691497,5830.85,5,15.112,818.345,3820.9,48.8305,2,2,1.0,0.0,0.0,5,0.0,0,True,1746969014.06593,left,False
3970,1746969063.5547853,190.893,2.54068,-0.252706,0.826019,0.0109893,5833.62,5,15.134,819.561,3822.12,48.8302,2,2,1.0,0.0,0.0,5,0.0,0,True,1746969014.06593,left,False
3971,1746969063.5776951,190.961,2.52321,0.00233227,0.826032,0.0149471,5833.95,5,15.156,820.779,3823.34,48.8299,2,2,1.0,0.0,0.0,5,0.0,0,True,1746969014.06593,left,False
3972,1746969063.597214,191.026,2.49097,0.2446,0.825722,0.0188103,5836.67,5,15.178,821.996,3824.56,48.8295,2,2,1.0,0.0,0.0,5,0.0,0,True,1746969014.06593,left,False
3973,1746969063.6198063,191.092,2.44688,0.491178,0.825087,0.0226005,5838.02,5,15.2,823.214,3825.77,48.8292,2,2,1.0,0.0,0.0,5,0.0,0,True,1746969014.06593,left,False
3974,1746969063.6410081,191.157,2.39636,0.733168,0.824143,0.0263361,5838.73,5,15.222,824.432,3826.99,48.8288,2,2,1.0,0.0,0.0,5,0.0,0,True,1746969014.06593,left,False
3975,1746969063.6630054,191.22,2.34525,0.953878,0.822943,0.0300333,5841.7,5,15.244,825.651,3828.21,48.8285,2,2,1.0,0.0,0.0,5,0.0,0,True,1746969014.06593,left,False
3976,1746969063.6868463,191.283,2.29327,1.16998,0.821421,0.0337042,5843.75,5,15.266,826.87,3829.43,48.8282,2,2,1.0,0.0,0.0,5,0.0,0,True,1746969014.06593,left,False
3977,1746969063.7088513,191.345,2.24233,1.38282,0.819574,0.0373544,5845.85,5,15.288,828.088,3830.65,48.8278,2,2,1.0,0.0,0.0,5,0.0,0,True,1746969014.06593,left,False
3978,1746969063.728842,191.407,2.1923,1.5914,0.817405,0.0409896,5847.4,5,15.31,829.307,3831.87,48.8275,2,2,1.0,0.0,0.0,5,0.0,0,True,1746969014.06593,left,False
3979,1746969063.7528791,191.467,2.14495,1.8018,0.814933,0.0446148,5849.94,5,15.332,830.526,3833.09,48.8272,2,2,1.0,0.0,0.0,5,0.0,0,True,1746969014.06593,left,False
3980,1746969063.7741163,191.526,2.10152,1.98792,0.812201,0.0482343,5852.98,5,15.354,831.746,3834.31,48.8268,2,2,1.0,0.0,0.0,5,0.0,0,True,1746969014.06593,left,False
3981,1746969063.796415,191.585,2.06069,2.18346,0.809143,0.0518472,5854.69,5,15.376,832.965,3835.52,48.8265,2,2,1.0,0.0,0.0,5,0.0,0,True,1746969014.06593,left,False
3982,1746969063.8191555,191.643,2.02199,2.36796,0.805764,0.0554552,5857.01,5,15.398,834.184,3836.74,48.8262,2,2,1.0,0.0,0.0,5,0.0,0,True,1746969014.06593,left,False
3983,1746969063.8389013,191.7,1.98555,2.56003,0.80212,0.0590578,5858.73,5,15.42,835.403,3837.96,48.8258,2,2,1.0,0.0,0.0,5,0.0,0,True,1746969014.06593,left,False
3984,1746969063.860673,191.756,1.95145,2.73951,0.798177,0.0626564,5860.89,5,15.442,836.622,3839.18,48.8255,2,2,1.0,0.0,0.0,5,0.0,0,True,1746969014.06593,left,False
3985,1746969063.8835876,191.812,1.91893,2.93021,0.793913,0.0662497,5862.36,5,15.464,837.841,3840.4,48.8252,2,2,1.0,0.0,0.0,5,0.0,0,True,1746969014.06593,left,False
3986,1746969063.9060884,191.866,1.88805,3.10409,0.789374,0.0698377,5864.34,5,15.486,839.06,3841.62,48.8248,2,2,1.0,0.0,0.0,5,0.0,0,True,1746969014.06593,left,False
3987,1746969063.9298544,191.92,1.85908,3.29279,0.784548,0.0734222,5865.9,5,15.508,840.278,3842.84,48.8245,2,2,1.0,0.0,0.0,5,0.0,0,True,1746969014.06593,left,False
3988,1746969063.9508333,191.973,1.83108,3.47958,0.779403,0.0770012,5868.11,5,15.53,841.496,3844.06,48.8242,2,2,1.0,0.0,0.0,5,0.0,0,True,1746969014.06593,left,False
3989,1746969063.9728508,192.026,1.80504,3.65919,0.773993,0.0805777,5870.05,5,15.552,842.714,3845.27,48.8238,2,2,1.0,0.0,0.0,5,0.0,0,True,1746969014.06593,right,False
3990,1746969063.9944506,192.077,1.78068,3.84074,0.768286,0.0841515,5871.99,5,15.574,843.932,3846.49,48.8235,2,2,1.0,0.0,0.0,5,0.0,0,True,1746969014.06593,right,False
3991,1746969064.0177248,192.129,1.75648,4.03547,0.762258,0.0877208,5871.23,5,15.596,845.149,3847.71,48.8231,2,2,1.0,0.0,0.0,5,0.0,0,True,1746969014.06593,right,False
3992,1746969064.037621,192.178,1.73569,4.21908,0.755992,0.0912921,5874.24,5,15.618,846.366,3848.93,48.8228,2,2,1.0,0.0,0.0,5,0.0,0,True,1746969014.06593,right,False
3993,1746969064.060982,192.228,1.71625,4.40512,0.749406,0.0948642,5875.61,5,15.64,847.582,3850.14,48.8225,2,2,1.0,0.0,0.0,5,0.0,0,True,1746969014.06593,right,False
3994,1746969064.0827508,192.276,1.69785,4.59641,0.742535,0.0984343,5876.95,5,15.662,848.798,3851.36,48.8221,2,2,1.0,0.0,0.0,5,0.0,0,True,1746969014.06593,right,False
3995,1746969064.1053236,192.324,1.6814,4.78403,0.735392,0.102005,5878.03,5,15.684,850.013,3852.57,48.8218,2,2,1.0,0.0,0.0,5,0.0,0,True,1746969014.06593,right,False
3996,1746969064.1263008,192.371,1.66742,4.97632,0.727926,0.105582,5879.24,5,15.706,851.228,3853.79,48.8215,2,2,1.0,0.0,0.0,5,0.0,0,True,1746969014.06593,right,False
3997,1746969064.1479373,192.418,1.65461,5.16968,0.720217,0.10916,5880.42,5,15.728,852.442,3855,48.8211,2,2,1.0,0.0,0.0,5,0.0,0,True,1746969014.06593,right,False
3998,1746969064.1705332,192.463,1.64477,5.36014,0.712199,0.112745,5881.57,5,15.75,853.655,3856.21,48.8208,2,2,1.0,0.0,0.0,5,0.0,0,True,1746969014.06593,right,False
3999,1746969064.1941404,192.509,1.63636,5.56018,0.703896,0.116338,5881.49,5,15.772,854.868,3857.43,48.8205,2,2,1.0,0.0,0.0,5,0.0,0,True,1746969014.06593,right,False
4000,1746969064.2131677,192.552,1.63194,5.75037,0.695317,0.11994,5883.46,5,15.794,856.08,3858.64,48.8201,2,2,1.0,0.0,0.0,5,0.0,0,True,1746969014.06593,right,False
4001,1746969064.2386067,192.595,1.62904,5.94253,0.686424,0.123548,5884.12,5,15.816,857.291,3859.85,48.8198,2,2,1.0,0.0,0.0,5,0.0,0,True,1746969014.06593,right,False
4002,1746969064.2593312,192.637,1.62857,6.12162,0.677297,0.127162,5886.77,5,15.838,858.501,3861.06,48.8195,2,2,1.0,0.0,0.0,5,0.0,0,True,1746969014.06593,right,False
4003,1746969064.2790601,192.679,1.62982,6.30882,0.667851,0.130783,5887.21,5,15.86,859.711,3862.27,48.8191,2,2,1.0,0.0,0.0,5,0.0,0,True,1746969014.06593,right,False
4004,1746969064.3038673,192.719,1.63155,6.50339,0.658128,0.13441,5888.25,5,15.882,860.92,3863.48,48.8188,2,2,1.0,0.0,0.0,5,0.0,0,True,1746969014.06593,right,False
4005,1746969064.324111,192.758,1.63569,6.68337,0.648128,0.13804,5890.37,5,15.904,862.127,3864.69,48.8184,2,2,1.0,0.0,0.0,5,0.0,0,True,1746969014.06593,right,False
4006,1746969064.3462713,192.798,1.63836,6.87123,0.637815,0.141665,5891.52,5,15.926,863.334,3865.89,48.8181,2,2,1.0,0.0,0.0,5,0.0,0,True,1746969014.06593,right,False
4007,1746969064.3686862,192.835,1.6411,7.05802,0.627268,0.145287,5893.93,5,15.948,864.54,3867.1,48.8178,2,2,1.0,0.0,0.0,5,0.0,0,True,1746969014.06593,right,False
4008,1746969064.3908124,192.872,1.64254,7.2389,0.616408,0.148897,5894.99,5,15.97,865.744,3868.3,48.8174,2,2,1.0,0.0,0.0,5,0.0,0,True,1746969014.06593,right,False
4009,1746969064.4120023,192.909,1.64341,7.41884,0.605273,0.152501,5896.17,5,15.992,866.948,3869.51,48.8171,2,2,1.0,0.0,0.0,5,0.0,0,True,1746969014.06593,right,False
4010,1746969064.4437196,192.945,1.64321,7.599,0.593858,0.156097,5897.1,5,16.014,868.151,3870.71,48.8168,2,2,1.0,0.0,0.1,5,0.0,0,True,1746969014.06593,right,False
4011,1746969064.458299,192.98,1.64264,7.7789,0.582131,0.159685,5897.93,5,16.036,869.352,3871.91,48.8164,2,2,1.0,0.0,0.1,5,0.0,0,True,1746969014.06593,right,False
4012,1746969064.4800634,193.014,1.64134,7.95092,0.570172,0.163268,5899.44,5,16.058,870.553,3873.11,48.8161,2,2,1.0,0.0,0.1,5,0.0,0,True,1746969014.06593,right,False
4013,1746969064.5015323,193.048,1.63877,8.13889,0.557902,0.166842,5900.17,5,16.08,871.752,3874.31,48.8158,2,2,1.0,0.0,0.1,5,0.0,0,True,1746969014.06593,right,False
4014,1746969064.5225291,193.082,1.63548,8.32322,0.545349,0.170408,5900.68,5,16.102,872.95,3875.51,48.8154,2,2,1.0,0.0,0.1,5,0.0,0,True,1746969014.06593,right,False
4015,1746969064.5455832,193.098,1.79858,8.49571,0.532581,0.172966,5904.77,5,16.124,874.146,3876.71,48.8151,2,2,1.0,0.0,0.1,5,0.0,0,True,1746969014.06593,right,False
4016,1746969064.5647745,193.111,1.54919,8.65401,0.519698,0.172903,5910.34,5,16.146,875.342,3877.9,48.8148,2,2,1.0,0.0,0.1,5,0.0,0,True,1746969014.06593,right,False
4017,1746969064.5880299,193.126,0.874406,8.78537,0.506702,0.170542,5916.29,5,16.168,876.537,3879.1,48.8144,2,2,1.0,0.0,0.1,5,0.0,0,True,1746969014.06593,right,False
4018,1746969064.6109967,193.137,-0.124231,8.89878,0.493616,0.166277,5922.32,5,16.19,877.73,3880.29,48.8141,2,2,1.0,0.0,0.1,5,0.0,0,True,1746969014.06593,right,False
4019,1746969064.6321683,193.138,-1.35994,8.9825,0.480469,0.160501,5929.84,5,16.212,878.923,3881.48,48.8137,2,2,1.0,0.0,0.1,5,0.0,0,True,1746969014.06593,right,False
4020,1746969064.655071,193.122,-2.75371,9.03113,0.467271,0.153593,5939.95,5,16.234,880.115,3882.67,48.8134,2,2,1.0,0.0,0.1,5,0.0,0,True,1746969014.06593,right,False
4021,1746969064.6751387,193.087,-4.238,9.05717,0.454059,0.145897,5952.01,5,16.256,881.306,3883.87,48.8131,2,2,1.0,0.0,0.1,5,0.0,0,True,1746969014.06593,right,False
4022,1746969064.6978006,193.03,-5.7642,9.05689,0.440851,0.137711,5968.06,5,16.278,882.496,3885.06,48.8127,2,2,1.0,0.0,0.1,5,0.0,0,True,1746969014.06593,right,False
4023,1746969064.7205534,192.953,-7.28429,9.03638,0.427686,0.129284,5984.77,5,16.3,883.685,3886.24,48.8124,2,2,1.0,0.0,0.1,5,0.0,0,True,1746969014.06593,right,False
4024,1746969064.742833,192.853,-8.78483,8.9876,0.414565,0.120778,6005.96,5,16.322,884.874,3887.43,48.8121,2,2,1.0,0.0,0.1,5,0.0,0,True,1746969014.06593,right,False
4025,1746969064.7638614,192.735,-10.2403,8.92315,0.401508,0.112315,6029.11,5,16.344,886.061,3888.62,48.8117,2,2,1.0,0.0,0.1,5,0.0,0,True,1746969014.06593,right,False
4026,1746969064.7864678,192.602,-11.6432,8.84029,0.388534,0.103957,6052.03,5,16.366,887.248,3889.81,48.8114,2,2,1.0,0.0,0.1,5,0.0,0,True,1746969014.06593,right,False
4027,1746969064.8067873,192.456,-12.9943,8.74603,0.375659,0.0957186,6071.66,5,16.388,888.433,3890.99,48.8111,2,2,1.0,0.0,0.1,5,0.0,0,True,1746969014.06593,right,False
4028,1746969064.8289258,192.299,-14.2978,8.63831,0.362882,0.0875857,6086.56,5,16.41,889.618,3892.18,48.8107,2,2,1.0,0.0,0.1,5,0.0,0,True,1746969014.06593,right,False
4029,1746969064.8526132,192.132,-15.5496,8.53592,0.350222,0.0795629,6097,5,16.432,890.802,3893.36,48.8104,2,2,1.0,0.0,0.1,5,0.0,0,True,1746969014.06593,right,False
4030,1746969064.8752136,191.955,-16.7631,8.42448,0.337683,0.0716326,6107.66,5,16.454,891.985,3894.54,48.8101,2,2,1.0,0.0,0.1,5,0.0,0,True,1746969014.06593,right,False
4031,1746969064.896468,191.766,-17.9403,8.31238,0.325281,0.063787,6115.81,5,16.476,893.167,3895.73,48.8097,2,2,1.0,0.0,0.1,5,0.0,0,True,1746969014.06593,right,False
4032,1746969064.917089,191.569,-19.0779,8.19531,0.313007,0.0560274,6122.17,5,16.498,894.348,3896.91,48.8094,2,2,1.0,0.0,0.1,5,0.0,0,True,1746969014.06593,right,False
4033,1746969064.940593,191.364,-20.1807,8.07476,0.300899,0.0483558,6126.58,5,16.52,895.528,3898.09,48.809,2,2,1.0,0.0,0.1,5,0.0,0,True,1746969014.06593,right,False
4034,1746969064.962583,191.143,-21.245,7.95384,0.28894,0.0408089,6139.72,5,16.542,896.708,3899.27,48.8087,2,2,1.0,0.0,0.1,5,0.0,0,True,1746969014.06593,right,False
4035,1746969064.984435,190.922,-22.2665,7.83269,0.27713,0.0333915,6142.81,5,16.564,897.886,3900.45,48.8084,2,2,1.0,0.0,0.1,5,0.0,0,True,1746969014.06593,right,False
4036,1746969065.0050256,190.687,-23.2456,7.7172,0.265493,0.0261357,6153.56,5,16.586,899.063,3901.62,48.808,2,2,1.0,0.0,0.1,5,0.0,0,True,1746969014.06593,right,False
4037,1746969065.0283067,190.447,-24.1824,7.58794,0.25402,0.0190732,6169.38,5,16.608,900.239,3902.8,48.8077,2,2,1.0,0.0,0.1,5,0.0,0,True,1746969014.06593,right,False
4038,1746969065.0493174,190.202,-25.0607,7.46117,0.242725,0.0122573,6184.97,5,16.63,901.414,3903.97,48.8074,2,2,1.0,0.0,0.1,5,0.0,0,True,1746969014.06593,right,False
4039,1746969065.0714893,189.955,-25.8808,7.33467,0.2316,0.00569725,6199.81,5,16.652,902.588,3905.15,48.807,2,2,1.0,0.0,0.1,5,0.0,0,True,1746969014.06593,right,False
4040,1746969065.0949664,189.706,-26.6303,7.20733,0.220654,-0.000534058,6220.45,5,16.674,903.761,3906.32,48.8067,2,2,1.0,0.0,0.1,5,0.0,0,True,1746969014.06593,right,False
4041,1746969065.1157217,189.461,-27.3095,7.07572,0.209884,-0.00642705,6241.14,5,16.696,904.932,3907.49,48.8064,2,2,1.0,0.0,0.1,5,0.0,0,True,1746969014.06593,right,False
4042,1746969065.1397002,189.221,-27.9146,6.94936,0.199302,-0.0119803,6256.56,5,16.718,906.103,3908.66,48.806,2,2,1.0,0.0,0.1,5,0.0,0,True,1746969014.06593,right,False
4043,1746969065.1607687,188.986,-28.448,6.81829,0.188908,-0.01717,6277.16,5,16.74,907.272,3909.83,48.8057,2,2,1.0,0.0,0.1,5,0.0,0,True,1746969014.06593,right,False
4044,1746969065.1811485,188.758,-28.8873,6.69633,0.178703,-0.0219588,6294.78,5,16.762,908.44,3911,48.8054,2,2,1.0,0.0,0.1,5,0.0,0,True,1746969014.06593,right,False
4045,1746969065.2051017,188.537,-29.2635,6.56455,0.168685,-0.0263445,6314.74,5,16.784,909.607,3912.17,48.805,2,2,1.0,0.0,0.1,5,0.0,0,True,1746969014.06593,right,False
4046,1746969065.2271821,188.33,-29.5462,6.43391,0.158854,-0.0303113,6332.57,5,16.806,910.773,3913.33,48.8047,2,2,1.0,0.0,0.1,5,0.0,0,True,1746969014.06593,right,False
4047,1746969065.2470043,188.133,-29.7517,6.30785,0.149211,-0.0338831,6349.29,5,16.828,911.937,3914.5,48.8043,2,2,1.0,0.0,0.1,5,0.0,0,True,1746969014.06593,right,False
4048,1746969065.2713578,187.949,-29.8818,6.17647,0.139758,-0.0370529,6364.85,5,16.85,913.1,3915.66,48.804,2,2,1.0,0.0,0.1,5,0.0,0,True,1746969014.06593,right,False
4049,1746969065.2928593,187.774,-29.9379,6.04156,0.130501,-0.0398071,6381.5,5,16.872,914.262,3916.82,48.8037,2,2,1.0,0.0,0.1,5,0.0,0,True,1746969014.06593,right,False
4050,1746969065.3133664,187.615,-29.9073,5.91508,0.121434,-0.0421455,6397.74,5,16.894,915.423,3917.98,48.8033,2,2,1.0,0.0,0.1,5,0.0,0,True,1746969014.06593,right,False
4051,1746969065.3346922,187.471,-29.8021,5.78737,0.112553,-0.0440724,6407.16,5,16.916,916.583,3919.14,48.803,2,2,1.0,0.0,0.1,5,0.0,0,True,1746969014.06593,right,False
4052,1746969065.3569875,187.338,-29.6144,5.65519,0.103872,-0.0455709,6420.81,5,16.938,917.741,3920.3,48.8027,2,2,1.0,0.0,0.1,5,0.0,0,True,1746969014.06593,right,False
4053,1746969065.38195,187.226,-29.353,5.5243,0.0953776,-0.0466657,6425.12,5,16.96,918.899,3921.46,48.8023,2,2,1.0,0.0,0.1,5,0.0,0,True,1746969014.06593,right,False
4054,1746969065.402257,187.132,-29.0103,5.40308,0.0870789,-0.0473504,6424.92,5,16.982,920.055,3922.61,48.802,2,2,1.0,0.0,0.1,5,0.0,0,True,1746969014.06593,right,False
4055,1746969065.4251602,187.052,-28.5778,5.28195,0.0789714,-0.0475762,6427.27,5,17.004,921.21,3923.77,48.8017,2,2,1.0,0.0,0.1,5,0.0,0,True,1746969014.06593,right,False
4056,1746969065.4450665,186.971,-28.0844,5.1456,0.071049,-0.0473611,6447.44,5,17.026,922.364,3924.92,48.8013,2,2,1.0,0.0,0.1,5,0.0,0,True,1746969014.06593,right,False
4057,1746969065.4691656,186.916,-27.488,5.03096,0.0633199,-0.0466917,6453.7,5,17.048,923.517,3926.08,48.801,2,2,1.0,0.0,0.1,5,0.0,0,True,1746969014.06593,right,False
4058,1746969065.4902506,186.872,-26.837,4.90221,0.0557739,-0.0456142,6461.31,5,17.07,924.669,3927.23,48.8007,2,2,1.0,0.0,0.1,5,0.0,0,True,1746969014.06593,right,False
4059,1746969065.511366,186.844,-26.1149,4.77208,0.0484172,-0.0441384,6461.71,5,17.092,925.82,3928.38,48.8003,2,2,1.0,0.0,0.1,5,0.0,0,True,1746969014.06593,right,False
4060,1746969065.5337443,186.832,-25.3303,4.65099,0.0412415,-0.0423055,6457.19,5,17.114,926.97,3929.53,48.8,2,2,1.0,0.0,0.1,5,0.0,0,True,1746969014.06593,right,False
4061,1746969065.5570564,186.832,-24.483,4.52349,0.0342509,-0.0400953,6452.87,5,17.136,928.119,3930.68,48.7996,2,2,1.0,0.0,0.1,5,0.0,0,True,1746969014.06593,right,False
4062,1746969065.5792105,186.838,-23.5727,4.40489,0.0274373,-0.037513,6452.06,5,17.158,929.267,3931.83,48.7993,2,2,1.0,0.0,0.1,5,0.0,0,True,1746969014.06593,right,False
4063,1746969065.6008303,186.86,-22.6081,4.28045,0.0207926,-0.0345871,6442.64,5,17.18,930.415,3932.97,48.799,2,2,1.0,0.0,0.1,5,0.0,0,True,1746969014.06593,right,False
4064,1746969065.621967,186.892,-21.5902,4.16448,0.0143229,-0.0313406,6431.27,5,17.202,931.562,3934.12,48.7986,2,2,1.0,0.0,0.1,5,0.0,0,True,1746969014.06593,right,False
4065,1746969065.644746,186.941,-20.5257,4.05263,0.00801595,-0.0278094,6405.96,5,17.224,932.708,3935.27,48.7983,2,2,1.0,0.0,0.1,5,0.0,0,True,1746969014.06593,right,False
4066,1746969065.6655638,187.001,-19.4262,3.94527,0.00187378,-0.0240262,6370.75,5,17.246,933.854,3936.41,48.798,2,2,1.0,0.0,0.1,5,0.0,0,True,1746969014.06593,right,False
4067,1746969065.6883667,187.065,-18.2994,3.83558,-0.0041097,-0.0200307,6341.61,5,17.268,934.999,3937.56,48.7976,2,2,1.0,0.0,0.1,5,0.0,0,True,1746969014.06593,right,False
4068,1746969065.709853,187.132,-17.1661,3.72824,-0.00993652,-0.0159054,6309.12,5,17.29,936.144,3938.7,48.7973,2,2,1.0,0.0,0.1,5,0.0,0,True,1746969014.06593,right,False
4069,1746969065.7331464,187.205,-16.0278,3.6356,-0.0156291,-0.0116887,6269.43,5,17.312,937.288,3939.85,48.797,2,2,1.0,0.0,0.1,5,0.0,0,True,1746969014.06593,right,False
4070,1746969065.754353,187.281,-14.905,3.53991,-0.0211772,-0.00745106,6224.6,5,17.334,938.432,3940.99,48.7966,2,2,1.0,0.0,0.1,5,0.0,0,True,1746969014.06593,right,False
4071,1746969065.7761347,187.357,-13.8062,3.45201,-0.0265849,-0.00327015,6184.18,5,17.356,939.576,3942.14,48.7963,2,2,1.0,0.0,0.1,5,0.0,0,True,1746969014.06593,right,False
4072,1746969065.798762,187.429,-12.7609,3.36522,-0.0318888,0.000774622,6144.85,5,17.378,940.719,3943.28,48.796,2,2,1.0,0.0,0.1,5,0.0,0,True,1746969014.06593,right,False
4073,1746969065.8197608,187.501,-11.7683,3.28641,-0.0370707,0.00461435,6103.69,5,17.4,941.863,3944.42,48.7956,2,2,1.0,0.0,0.1,5,0.0,0,True,1746969014.06593,right,False
4074,1746969065.8425357,187.572,-10.8506,3.21223,-0.0421509,0.0081656,6059.45,5,17.422,943.006,3945.57,48.7953,2,2,1.0,0.0,0.2,5,0.0,0,True,1746969014.06593,right,False
4075,1746969065.8688974,187.637,-10.0203,3.14082,-0.0471293,0.0113394,6020.29,5,17.444,944.149,3946.71,48.7949,2,2,1.0,0.0,0.2,5,0.0,0,True,1746969014.06593,right,False
4076,1746969065.8854282,187.697,-9.28978,3.08081,-0.0520243,0.0140622,5983.64,5,17.466,945.293,3947.85,48.7946,2,2,1.0,0.0,0.2,5,0.0,0,True,1746969014.06593,right,False
4077,1746969065.911605,187.751,-8.671,3.0298,-0.056838,0.0162637,5950.7,5,17.488,946.436,3948.99,48.7943,2,2,1.0,0.0,0.2,5,0.0,0,True,1746969014.06593,right,False
4078,1746969065.9300272,187.795,-8.17675,2.97545,-0.0615702,0.017884,5925.37,5,17.51,947.579,3950.14,48.7939,2,2,1.0,0.0,0.2,5,0.0,0,True,1746969014.06593,right,False
4079,1746969065.9555988,187.796,-7.76745,2.92965,-0.0662211,0.0186534,5915.4,5,17.532,948.722,3951.28,48.7936,2,2,1.0,0.0,0.2,5,0.0,0,True,1746969014.06593,right,False
4080,1746969065.9748714,187.774,-7.57287,2.87881,-0.0707682,0.018223,5913.65,5,17.554,949.864,3952.42,48.7933,2,2,1.0,0.0,0.2,5,0.0,0,True,1746969014.06593,right,False
4081,1746969065.9970148,187.743,-7.58915,2.83393,-0.0752157,0.0166583,5915.65,5,17.576,951.007,3953.57,48.7929,2,2,1.0,0.0,0.2,5,0.0,0,True,1746969014.06593,right,False
4082,1746969066.0179188,187.701,-7.80376,2.78208,-0.0795492,0.0140603,5922.72,5,17.598,952.148,3954.71,48.7926,2,2,1.0,0.0,0.2,5,0.0,0,True,1746969014.06593,right,False
4083,1746969066.039709,187.651,-8.17859,2.72625,-0.0837748,0.0105479,5928.71,5,17.62,953.29,3955.85,48.7923,2,2,1.0,0.0,0.2,5,0.0,0,True,1746969014.06593,right,False
4084,1746969066.0609856,187.591,-8.6877,2.6738,-0.0878906,0.00623107,5936.02,5,17.642,954.431,3956.99,48.7919,2,2,1.0,0.0,0.2,5,0.0,0,True,1746969014.06593,right,False
4085,1746969066.0850914,187.518,-9.3209,2.60645,-0.0918884,0.00122499,5947.2,5,17.664,955.572,3958.13,48.7916,2,2,1.0,0.0,0.2,5,0.0,0,True,1746969014.06593,right,False
4086,1746969066.1060438,187.435,-10.0413,2.54334,-0.095756,-0.0043838,5955.28,5,17.686,956.712,3959.27,48.7913,2,2,1.0,0.0,0.2,5,0.0,0,True,1746969014.06593,right,False
4087,1746969066.1280587,187.339,-10.8436,2.4715,-0.0994934,-0.010505,5966.49,5,17.708,957.852,3960.41,48.7909,2,2,1.0,0.0,0.2,5,0.0,0,True,1746969014.06593,right,False
4088,1746969066.1488645,187.23,-11.7142,2.39397,-0.103088,-0.0170734,5978.77,5,17.73,958.992,3961.55,48.7906,2,2,1.0,0.0,0.2,5,0.0,0,True,1746969014.06593,right,False
4089,1746969066.1719663,187.108,-12.6367,2.31109,-0.106533,-0.0239995,5989.9,5,17.752,960.131,3962.69,48.7902,2,2,1.0,0.0,0.2,5,0.0,0,True,1746969014.06593,right,False
4090,1746969066.1944864,186.973,-13.5892,2.21754,-0.109827,-0.0311933,6001.45,5,17.774,961.269,3963.83,48.7899,2,2,1.0,0.0,0.2,5,0.0,0,True,1746969014.06593,right,False
4091,1746969066.2171252,186.823,-14.5802,2.11806,-0.11296,-0.0386319,6016.53,5,17.796,962.408,3964.97,48.7896,2,2,1.0,0.0,0.2,5,0.0,0,True,1746969014.06593,right,False
4092,1746969066.24013,186.658,-15.5874,2.01661,-0.11593,-0.046237,6035.38,5,17.818,963.545,3966.1,48.7892,2,2,1.0,0.0,0.2,5,0.0,0,True,1746969014.06593,right,False
4093,1746969066.26156,186.485,-16.6009,1.90871,-0.118736,-0.053967,6046.98,5,17.84,964.682,3967.24,48.7889,2,2,1.0,0.0,0.2,5,0.0,0,True,1746969014.06593,right,False
4094,1746969066.2818694,186.295,-17.627,1.79377,-0.121362,-0.0617902,6064.18,5,17.862,965.818,3968.38,48.7886,2,2,1.0,0.0,0.2,5,0.0,0,True,1746969014.06593,right,False
4095,1746969066.3044357,186.092,-18.6493,1.67608,-0.123816,-0.069644,6085.26,5,17.884,966.954,3969.51,48.7882,2,2,1.0,0.0,0.0,5,0.0,0,True,1746969014.06593,left,False
4096,1746969066.328018,185.885,-19.6549,1.54968,-0.12609,-0.0775027,6097.08,5,17.906,968.089,3970.65,48.7879,2,2,1.0,0.0,0.0,5,0.0,0,True,1746969014.06593,left,False
4097,1746969066.3470805,185.658,-20.6634,1.42154,-0.128178,-0.0853498,6121.46,5,17.928,969.223,3971.78,48.7876,2,2,1.0,0.0,0.0,5,0.0,0,True,1746969014.06593,left,False
4098,1746969066.3697965,185.426,-21.6368,1.29527,-0.130086,-0.0931256,6140.03,5,17.95,970.357,3972.92,48.7872,2,2,1.0,0.0,0.0,5,0.0,0,True,1746969014.06593,left,False
4099,1746969066.3912773,185.185,-22.5931,1.15548,-0.131803,-0.100804,6162.69,5,17.972,971.489,3974.05,48.7869,2,2,1.0,0.0,0.0,5,0.0,0,True,1746969014.06593,left,False
4100,1746969066.4135356,184.973,-23.5455,1.02572,-0.133335,-0.10824,6184.34,5,17.994,972.621,3975.18,48.7866,2,2,1.0,0.0,0.0,5,0.0,0,True,1746969014.06593,left,False
4101,1746969066.437782,184.814,-24.4248,0.890365,-0.134717,-0.114928,6180.62,5,18.016,973.753,3976.31,48.7862,2,2,1.0,0.0,0.0,5,0.0,0,True,1746969014.06593,left,False
4102,1746969066.4577272,184.678,-25.124,0.766305,-0.135937,-0.120769,6167.47,5,18.038,974.884,3977.44,48.7859,2,2,1.0,0.0,0.0,5,0.0,0,True,1746969014.06593,left,False
4103,1746969066.4833968,184.57,-25.6566,0.637376,-0.136991,-0.125797,6140.57,5,18.06,976.015,3978.57,48.7855,2,2,1.0,0.0,0.0,5,0.0,0,True,1746969014.06593,left,False
4104,1746969066.502373,184.478,-26.0369,0.520419,-0.13788,-0.130083,6112.43,5,18.082,977.146,3979.71,48.7852,2,2,1.0,0.0,0.0,5,0.0,0,True,1746969014.06593,left,False
4105,1746969066.5241005,184.405,-26.2742,0.399231,-0.138597,-0.133633,6084.78,5,18.104,978.276,3980.84,48.7849,2,2,1.0,0.0,0.0,5,0.0,0,True,1746969014.06593,left,False
4106,1746969066.5450816,184.344,-26.371,0.284631,-0.139132,-0.13647,6065.01,5,18.126,979.407,3981.97,48.7845,2,2,1.0,0.0,0.0,5,0.0,0,True,1746969014.06593,left,False
4107,1746969066.5673027,184.297,-26.3375,0.16419,-0.139492,-0.138594,6049.77,5,18.148,980.537,3983.1,48.7842,2,2,1.0,0.0,0.0,5,0.0,0,True,1746969014.06593,left,False
4108,1746969066.5891993,184.256,-26.1741,0.0367859,-0.139612,-0.141901,6056.68,5,18.17,981.67,3984.23,48.7839,2,2,1.0,0.0,0.0,5,0.0,0,True,1746969014.06593,left,False
4109,1746969066.6136265,184.224,-25.8942,-0.118095,-0.139404,-0.144674,6076.97,5,18.192,982.804,3985.36,48.7835,2,2,1.0,0.0,0.0,5,0.0,0,True,1746969014.06593,left,False
4110,1746969066.6331823,184.208,-25.4835,-0.279826,-0.138867,-0.146649,6105,5,18.214,983.938,3986.5,48.7832,2,2,1.0,0.0,0.0,5,0.0,0,True,1746969014.06593,left,False
4111,1746969066.6584082,184.207,-24.9594,-0.462228,-0.138017,-0.147856,6139.11,5,18.236,985.071,3987.63,48.7829,2,2,1.0,0.0,0.0,5,0.0,0,True,1746969014.06593,left,False
4112,1746969066.6789494,184.223,-24.3263,-0.657,-0.136861,-0.148339,6174.47,5,18.258,986.203,3988.76,48.7825,2,2,1.0,0.0,0.0,5,0.0,0,True,1746969014.06593,left,False
4113,1746969066.7016866,184.269,-23.587,-0.863726,-0.135417,-0.148154,6192.64,5,18.28,987.335,3989.89,48.7822,2,2,1.0,0.0,0.0,5,0.0,0,True,1746969014.06593,left,False
4114,1746969066.7236207,184.335,-22.7526,-1.0709,-0.133683,-0.147358,6204.03,5,18.302,988.467,3991.03,48.7819,2,2,1.0,0.0,0.0,5,0.0,0,True,1746969014.06593,left,False
4115,1746969066.7447596,184.419,-21.8128,-1.2848,-0.131677,-0.145913,6212.31,5,18.324,989.598,3992.16,48.7815,2,2,1.0,0.0,0.0,5,0.0,0,True,1746969014.06593,left,False
4116,1746969066.7672808,184.527,-20.7825,-1.49343,-0.12939,-0.143876,6202.72,5,18.346,990.729,3993.29,48.7812,2,2,1.0,0.0,0.0,5,0.0,0,True,1746969014.06593,left,False
4117,1746969066.7887785,184.655,-19.654,-1.69942,-0.126835,-0.14124,6186.31,5,18.368,991.861,3994.42,48.7808,2,2,1.0,0.0,0.0,5,0.0,0,True,1746969014.06593,left,False
4118,1746969066.8087988,184.803,-18.4352,-1.90292,-0.124015,-0.138024,6152.89,5,18.39,992.992,3995.55,48.7805,2,2,1.0,0.0,0.0,5,0.0,0,True,1746969014.06593,left,False
4119,1746969066.8322647,184.962,-17.1366,-2.10499,-0.120943,-0.134261,6120.52,5,18.412,994.123,3996.68,48.7802,2,2,1.0,0.0,0.0,5,0.0,0,True,1746969014.06593,left,False
4120,1746969066.8547862,185.137,-15.7667,-2.29738,-0.117619,-0.129981,6074.13,5,18.434,995.254,3997.81,48.7798,2,2,1.0,0.0,0.0,5,0.0,0,True,1746969014.06593,left,False
4121,1746969066.87743,185.319,-14.3334,-2.4823,-0.114058,-0.125236,6021.68,5,18.456,996.386,3998.95,48.7795,2,2,1.0,0.0,0.0,5,0.0,0,True,1746969014.06593,left,False
4122,1746969066.900421,185.502,-12.8577,-2.65613,-0.110274,-0.120082,5970.85,5,18.478,997.518,4000.08,48.7792,2,2,1.0,0.0,0.0,5,0.0,0,True,1746969014.06593,left,False
4123,1746969066.9199007,185.687,-11.3498,-2.81421,-0.106283,-0.114595,5917.12,5,18.5,998.651,4001.21,48.7788,2,2,1.0,0.0,0.0,5,0.0,0,True,1746969014.06593,left,False
4124,1746969066.943959,185.864,-9.84349,-2.96371,-0.102087,-0.108874,5869.5,5,18.522,999.784,4002.34,48.7785,2,2,1.0,0.0,0.0,5,0.0,0,True,1746969014.06593,left,False
4125,1746969066.9655871,186.028,-8.36045,-3.10032,-0.0977173,-0.103011,5830.36,5,18.544,1000.92,4003.48,48.7782,2,2,1.0,0.0,0.0,5,0.0,0,True,1746969014.06593,left,False
4126,1746969066.985287,186.18,-6.92323,-3.22247,-0.0931966,-0.0971036,5800.73,5,18.566,1002.05,4004.61,48.7778,2,2,1.0,0.0,0.0,5,0.0,0,True,1746969014.06593,left,False
4127,1746969067.0093176,186.317,-5.55373,-3.33304,-0.0885579,-0.0912347,5780.6,5,18.588,1003.19,4005.75,48.7775,2,2,1.0,0.0,0.0,5,0.0,0,True,1746969014.06593,left,False
4128,1746969067.028743,186.446,-4.2675,-3.41394,-0.0838053,-0.0854912,5762.12,5,18.61,1004.32,4006.88,48.7772,2,2,1.0,0.0,0.0,5,0.0,0,True,1746969014.06593,left,False
4129,1746969067.0521092,186.561,-3.0833,-3.48557,-0.0789795,-0.0799346,5752.59,5,18.632,1005.46,4008.02,48.7768,2,2,1.0,0.0,0.0,5,0.0,0,True,1746969014.06593,left,False
4130,1746969067.072866,186.668,-2.00709,-3.53349,-0.0741048,-0.0746167,5745.26,5,18.654,1006.59,4009.15,48.7765,2,2,1.0,0.0,0.0,5,0.0,0,True,1746969014.06593,left,False
4131,1746969067.0954313,186.768,-1.04442,-3.5604,-0.0692139,-0.0695767,5741.62,5,18.676,1007.73,4010.29,48.7761,2,2,1.0,0.0,0.0,5,0.0,0,True,1746969014.06593,left,False
4132,1746969067.1188555,186.861,-0.196568,-3.56537,-0.064327,-0.0648367,5739.96,5,18.698,1008.87,4011.43,48.7758,2,2,1.0,0.0,0.0,5,0.0,0,True,1746969014.06593,left,False
4133,1746969067.140508,186.949,0.538999,-3.55262,-0.0594645,-0.0604129,5739.18,5,18.72,1010.01,4012.57,48.7755,2,2,1.0,0.0,0.0,5,0.0,0,True,1746969014.06593,left,False
4134,1746969067.1617274,187.036,1.16571,-3.50952,-0.054659,-0.0563138,5737.61,5,18.742,1011.15,4013.71,48.7751,2,2,1.0,0.0,0.0,5,0.0,0,True,1746969014.06593,right,False
4135,1746969067.185006,187.119,1.68931,-3.45726,-0.0499146,-0.052541,5738.73,5,18.764,1012.29,4014.85,48.7748,2,2,1.0,0.0,0.0,5,0.0,0,True,1746969014.06593,right,False
4136,1746969067.2074988,187.2,2.11703,-3.38578,-0.0452596,-0.0490899,5741.56,5,18.786,1013.43,4015.99,48.7745,2,2,1.0,0.0,0.0,5,0.0,0,True,1746969014.06593,right,False
4137,1746969067.2288659,187.281,2.45549,-3.29654,-0.0407023,-0.0459545,5742.11,5,18.808,1014.57,4017.13,48.7741,2,2,1.0,0.0,0.0,5,0.0,0,True,1746969014.06593,right,False
4138,1746969067.2527914,187.361,2.71379,-3.19649,-0.0362549,-0.0431199,5743.72,5,18.83,1015.71,4018.27,48.7738,2,2,1.0,0.0,0.0,5,0.0,0,True,1746969014.06593,right,False
4139,1746969067.273731,187.44,2.90145,-3.09218,-0.0318888,-0.0405717,5746.5,5,18.852,1016.85,4019.41,48.7735,2,2,1.0,0.0,0.0,5,0.0,0,True,1746969014.06593,right,False
4140,1746969067.292807,187.52,3.02625,-2.97382,-0.0276733,-0.0382831,5748.07,5,18.874,1018,4020.56,48.7731,2,2,1.0,0.0,0.0,5,0.0,0,True,1746969014.06593,right,False
4141,1746969067.317552,187.599,3.09784,-2.85229,-0.023584,-0.0362346,5749.54,5,18.896,1019.14,4021.7,48.7728,2,2,1.0,0.0,0.0,5,0.0,0,True,1746969014.06593,right,False
4142,1746969067.3370156,187.679,3.12429,-2.72768,-0.0196167,-0.0344,5752.75,5,18.918,1020.28,4022.84,48.7725,2,2,1.0,0.0,0.0,5,0.0,0,True,1746969014.06593,right,False
4143,1746969067.3586438,187.759,3.11485,-2.60378,-0.0157715,-0.0327499,5754.48,5,18.94,1021.43,4023.99,48.7721,2,2,1.0,0.0,0.0,5,0.0,0,True,1746969014.06593,right,False
4144,1746969067.383851,187.839,3.07771,-2.48203,-0.0120483,-0.0312579,5756.02,5,18.962,1022.58,4025.14,48.7718,2,2,1.0,0.0,0.0,5,0.0,0,True,1746969014.06593,right,False
4145,1746969067.4034839,187.921,3.01866,-2.354,-0.00848796,-0.0298917,5756.09,5,18.984,1023.72,4026.28,48.7714,2,2,1.0,0.0,0.0,5,0.0,0,True,1746969014.06593,right,False
4146,1746969067.4260004,188,2.94824,-2.24479,-0.00502523,-0.0286281,5759.95,5,19.006,1024.87,4027.43,48.7711,2,2,1.0,0.0,0.0,5,0.0,0,True,1746969014.06593,right,False
4147,1746969067.447861,188.08,2.86752,-2.13662,-0.00170492,-0.027447,5762.33,5,19.028,1026.02,4028.58,48.7708,2,2,1.0,0.0,0.0,5,0.0,0,True,1746969014.06593,right,False
4148,1746969067.4687998,188.16,2.78226,-2.03028,0.0015096,-0.0263216,5763.29,5,19.05,1027.17,4029.73,48.7704,2,2,1.0,0.0,0.0,5,0.0,0,True,1746969014.06593,right,False
4149,1746969067.4941473,188.239,2.69751,-1.93871,0.00458984,-0.0252376,5766.11,5,19.072,1028.32,4030.88,48.7701,2,2,1.0,0.0,0.0,5,0.0,0,True,1746969014.06593,right,False
4150,1746969067.514357,188.318,2.61392,-1.84485,0.00756022,-0.0241783,5768.3,5,19.094,1029.47,4032.03,48.7698,2,2,1.0,0.0,0.0,5,0.0,0,True,1746969014.06593,right,False
4151,1746969067.5357816,188.397,2.53263,-1.76448,0.0104329,-0.0231459,5770.62,5,19.116,1030.62,4033.18,48.7694,2,2,1.0,0.0,0.0,5,0.0,0,True,1746969014.06593,right,False
4152,1746969067.5597248,188.475,2.45581,-1.68555,0.0131877,-0.0221238,5773.96,5,19.138,1031.77,4034.33,48.7691,2,2,1.0,0.0,0.0,5,0.0,0,True,1746969014.06593,right,False
4153,1746969067.5806668,188.552,2.38289,-1.61479,0.0158162,-0.0211129,5777.09,5,19.16,1032.92,4035.48,48.7688,2,2,1.0,0.0,0.0,5,0.0,0,True,1746969014.06593,right,False
4154,1746969067.6015801,188.631,2.3146,-1.54498,0.018339,-0.0201046,5778.42,5,19.182,1034.07,4036.63,48.7684,2,2,1.0,0.0,0.0,5,0.0,0,True,1746969014.06593,right,False
4155,1746969067.6258655,188.707,2.25057,-1.4783,0.0207682,-0.0190992,5781.46,5,19.204,1035.23,4037.79,48.7681,2,2,1.0,0.0,0.0,5,0.0,0,True,1746969014.06593,right,False
4156,1746969067.6469688,188.784,2.19166,-1.42129,0.0230957,-0.0180964,5784.8,5,19.226,1036.38,4038.94,48.7678,2,2,1.0,0.0,0.0,5,0.0,0,True,1746969014.06593,right,False
4157,1746969067.6700535,188.861,2.13583,-1.35859,0.0253255,-0.0170951,5786.38,5,19.248,1037.53,4040.09,48.7674,2,2,1.0,0.0,0.0,5,0.0,0,True,1746969014.06593,right,False
4158,1746969067.6923707,188.937,2.08469,-1.30182,0.0274495,-0.0160916,5789.48,5,19.27,1038.69,4041.25,48.7671,2,2,1.0,0.0,0.0,5,0.0,0,True,1746969014.06593,right,False
4159,1746969067.710662,189.013,2.03733,-1.2477,0.0294759,-0.0150862,5792.23,5,19.292,1039.84,4042.4,48.7667,2,2,1.0,0.0,0.0,5,0.0,0,True,1746969014.06593,right,False
4160,1746969067.7333806,189.089,1.99407,-1.18994,0.0314046,-0.0140746,5792.7,5,19.314,1041,4043.56,48.7664,2,2,1.0,0.0,0.0,5,0.0,0,True,1746969014.06593,right,False
4161,1746969067.7551968,189.163,1.95652,-1.14343,0.0332479,-0.0130558,5796.48,5,19.336,1042.16,4044.72,48.7661,2,2,1.0,0.0,0.0,5,0.0,0,True,1746969014.06593,right,False
4162,1746969067.7786865,189.238,1.92147,-1.08926,0.0350138,-0.0120316,5799.21,5,19.358,1043.31,4045.87,48.7657,2,2,1.0,0.0,0.0,5,0.0,0,True,1746969014.06593,right,False
4163,1746969067.7997885,189.311,1.89,-1.04447,0.0366821,-0.0110056,5802.32,5,19.38,1044.47,4047.03,48.7654,2,2,1.0,0.0,0.0,5,0.0,0,True,1746969014.06593,right,False
4164,1746969067.8213072,189.386,1.86039,-0.991793,0.0382528,-0.0099771,5803.93,5,19.402,1045.63,4048.19,48.7651,2,2,1.0,0.0,0.0,5,0.0,0,True,1746969014.06593,right,False
4165,1746969067.8453994,189.46,1.83268,-0.93713,0.0397257,-0.00894499,5806.26,5,19.424,1046.79,4049.35,48.7647,2,2,1.0,0.0,0.0,5,0.0,0,True,1746969014.06593,right,False
4166,1746969067.8656785,189.534,1.8075,-0.884924,0.0411092,-0.00790977,5807.63,5,19.446,1047.95,4050.51,48.7644,2,2,1.0,0.0,0.0,5,0.0,0,True,1746969014.06593,right,False
4167,1746969067.887107,189.607,1.78537,-0.837292,0.0424235,-0.00687051,5811.17,5,19.468,1049.11,4051.67,48.7641,2,2,1.0,0.0,0.0,5,0.0,0,True,1746969014.06593,right,False
4168,1746969067.9114902,189.68,1.76465,-0.779589,0.0436361,-0.00582647,5812.08,5,19.49,1050.27,4052.83,48.7637,2,2,1.0,0.0,0.0,5,0.0,0,True,1746969014.06593,right,False
4169,1746969067.9334986,189.753,1.74627,-0.724351,0.044755,-0.004776,5814.23,5,19.512,1051.43,4053.99,48.7634,2,2,1.0,0.0,0.0,5,0.0,0,True,1746969014.06593,right,False
4170,1746969067.9548414,189.825,1.73046,-0.671278,0.0457845,-0.00371861,5816.25,5,19.534,1052.59,4055.15,48.7631,2,2,1.0,0.0,0.0,5,0.0,0,True,1746969014.06593,right,False
4171,1746969067.9755633,189.897,1.71671,-0.606243,0.0467407,-0.00265431,5817.77,5,19.556,1053.75,4056.31,48.7627,2,2,1.0,0.0,0.0,5,0.0,0,True,1746969014.06593,right,False
4172,1746969067.9972584,189.969,1.70484,-0.550029,0.0475993,-0.00158405,5820.6,5,19.578,1054.91,4057.47,48.7624,2,2,1.0,0.0,0.0,5,0.0,0,True,1746969014.06593,right,False
4173,1746969068.021469,190.04,1.6939,-0.491465,0.0483602,-0.000508785,5822.61,5,19.6,1056.07,4058.63,48.762,2,2,1.0,0.0,0.0,5,0.0,0,True,1746969014.06593,right,False
4174,1746969068.043617,190.111,1.6854,-0.435374,0.049056,0.000571728,5824.62,5,19.622,1057.23,4059.79,48.7617,2,2,1.0,0.0,0.0,5,0.0,0,True,1746969014.06593,right,False
4175,1746969068.0638382,190.181,1.6781,-0.375174,0.0496541,0.00165796,5826.8,5,19.644,1058.4,4060.96,48.7614,2,2,1.0,0.0,0.0,5,0.0,0,True,1746969014.06593,right,False
4176,1746969068.0851305,190.251,1.67285,-0.31426,0.0501506,0.00275159,5828.84,5,19.666,1059.56,4062.12,48.761,2,2,1.0,0.0,0.0,5,0.0,0,True,1746969014.06593,right,False
4177,1746969068.1090796,190.321,1.66842,-0.257836,0.0505859,0.00384998,5830.9,5,19.688,1060.73,4063.29,48.7607,2,2,1.0,0.0,0.0,5,0.0,0,True,1746969014.06593,right,False
4178,1746969068.1300485,190.391,1.66503,-0.201722,0.0509196,0.00495219,5833.56,5,19.71,1061.89,4064.45,48.7604,2,2,1.0,0.0,0.0,5,0.0,0,True,1746969014.06593,right,False
4179,1746969068.1523018,190.46,1.66196,-0.143246,0.0511597,0.0060575,5835.27,5,19.732,1063.06,4065.62,48.76,2,2,1.0,0.0,0.0,5,0.0,0,True,1746969014.06593,right,False
4180,1746969068.1745443,190.529,1.66005,-0.0790085,0.0513306,0.00716901,5836.58,5,19.754,1064.22,4066.78,48.7597,2,2,1.0,0.0,0.0,5,0.0,0,True,1746969014.06593,right,False
4181,1746969068.1955333,190.597,1.65869,-0.0154208,0.0513997,0.00828362,5839.37,5,19.776,1065.39,4067.95,48.7594,2,2,1.0,0.0,0.0,5,0.0,0,True,1746969014.06593,right,False
4182,1746969068.2183318,190.666,1.65811,0.0392807,0.0513835,0.00940013,5840.79,5,19.798,1066.55,4069.11,48.759,2,2,1.0,0.0,0.0,5,0.0,0,True,1746969014.06593,right,False
4183,1746969068.2399516,190.732,1.65995,0.0905523,0.0512899,0.0105224,5844.46,5,19.82,1067.72,4070.28,48.7587,2,2,1.0,0.0,0.0,5,0.0,0,True,1746969014.06593,right,False
4184,1746969068.2630317,190.8,1.66104,0.141611,0.0510986,0.0116472,5846.1,5,19.842,1068.89,4071.45,48.7584,2,2,1.0,0.0,0.0,5,0.0,0,True,1746969014.06593,right,False
4185,1746969068.2855344,190.868,1.66117,0.203708,0.050826,0.0127709,5847.94,5,19.864,1070.05,4072.61,48.758,2,2,1.0,0.0,0.0,5,0.0,0,True,1746969014.06593,right,False
4186,1746969068.3057597,190.935,1.66163,0.259178,0.0504679,0.0138927,5850.09,5,19.886,1071.22,4073.78,48.7577,2,2,1.0,0.0,0.0,5,0.0,0,True,1746969014.06593,right,False
4187,1746969068.3279302,191.001,1.6608,0.319899,0.0500081,0.0150135,5851.8,5,19.908,1072.39,4074.95,48.7573,2,2,1.0,0.0,0.0,5,0.0,0,True,1746969014.06593,right,False
4188,1746969068.3521385,191.068,1.6604,0.379443,0.0494751,0.0161352,5853.75,5,19.93,1073.56,4076.12,48.757,2,2,1.0,0.0,0.0,5,0.0,0,True,1746969014.06593,right,False
4189,1746969068.3711386,191.134,1.66033,0.432774,0.0488525,0.0172579,5855.54,5,19.952,1074.73,4077.29,48.7567,2,2,1.0,0.0,0.0,5,0.0,0,True,1746969014.06593,right,False
4190,1746969068.3955,191.199,1.66032,0.497753,0.0481283,0.018384,5857.36,5,19.974,1075.9,4078.46,48.7563,2,2,1.0,0.0,0.0,5,0.0,0,True,1746969014.06593,right,False
4191,1746969068.416791,191.264,1.66111,0.551493,0.0473389,0.019511,5859.81,5,19.996,1077.07,4079.63,48.756,2,2,1.0,0.0,0.0,5,0.0,0,True,1746969014.06593,right,False
4192,1746969068.437232,191.33,1.66196,0.609301,0.0464437,0.0206411,5860.83,5,20.018,1078.24,4080.8,48.7557,2,2,1.0,0.0,0.0,5,0.0,0,True,1746969014.06593,right,False
4193,1746969068.4596334,191.395,1.66282,0.665756,0.0454631,0.0217743,5862.43,5,20.04,1079.41,4081.97,48.7553,2,2,1.0,0.0,0.0,5,0.0,0,True,1746969014.06593,right,False
4194,1746969068.4822185,191.459,1.66457,0.726039,0.0444051,0.0229096,5864.3,5,20.062,1080.58,4083.14,48.755,2,2,1.0,0.0,0.0,5,0.0,0,True,1746969014.06593,right,False
4195,1746969068.5040817,191.524,1.66607,0.782415,0.0432414,0.0240486,5865.81,5,20.084,1081.75,4084.31,48.7547,2,2,1.0,0.0,0.0,5,0.0,0,True,1746969014.06593,right,False
4196,1746969068.5256286,191.587,1.66811,0.845235,0.0420044,0.0251906,5868.14,5,20.106,1082.92,4085.48,48.7543,2,2,1.0,0.0,0.0,5,0.0,0,True,1746969014.06593,right,False
4197,1746969068.547245,191.65,1.67056,0.903646,0.0406738,0.026334,5870.67,5,20.128,1084.09,4086.65,48.754,2,2,1.0,0.0,0.0,5,0.0,0,True,1746969014.06593,right,False
4198,1746969068.5717964,191.713,1.67263,0.966183,0.0392415,0.0274789,5872.05,5,20.15,1085.27,4087.83,48.7537,2,2,1.0,0.0,0.0,5,0.0,0,True,1746969014.06593,right,False
4199,1746969068.593316,191.776,1.67563,1.02081,0.0377401,0.0286276,5873.66,5,20.172,1086.44,4089,48.7533,2,2,1.0,0.0,0.1,5,0.0,0,True,1746969014.06593,right,False
4200,1746969068.6149163,191.838,1.67813,1.08116,0.0361328,0.0297763,5876,5,20.194,1087.61,4090.17,48.753,2,2,1.0,0.0,0.1,5,0.0,0,True,1746969014.06593,right,False
4201,1746969068.6376162,191.9,1.68052,1.13817,0.0344482,0.0309265,5877.84,5,20.216,1088.78,4091.34,48.7526,2,2,1.0,0.0,0.1,5,0.0,0,True,1746969014.06593,right,False
4202,1746969068.657777,191.961,1.68331,1.19296,0.032666,0.0320771,5880.94,5,20.238,1089.96,4092.52,48.7523,2,2,1.0,0.0,0.1,5,0.0,0,True,1746969014.06593,right,False
4203,1746969068.679701,192.023,1.68475,1.26206,0.0307902,0.0332277,5880.92,5,20.26,1091.13,4093.69,48.752,2,2,1.0,0.0,0.1,5,0.0,0,True,1746969014.06593,right,False
4204,1746969068.704117,192.069,1.83685,1.31076,0.0288818,0.0334733,5886.66,5,20.282,1092.31,4094.87,48.7516,2,2,1.0,0.0,0.1,5,0.0,0,True,1746969014.06593,right,False
4205,1746969068.7263114,192.113,1.61634,1.34389,0.0270345,0.0313425,5893.63,5,20.304,1093.48,4096.04,48.7513,2,2,1.0,0.0,0.1,5,0.0,0,True,1746969014.06593,right,False
4206,1746969068.74543,192.159,1.00372,1.35305,0.0252401,0.0271168,5901.6,5,20.326,1094.65,4097.21,48.751,2,2,1.0,0.0,0.1,5,0.0,0,True,1746969014.06593,right,False
4207,1746969068.7683392,192.202,0.0870179,1.34665,0.0235352,0.0211339,5909.9,5,20.348,1095.83,4098.39,48.7506,2,2,1.0,0.0,0.1,5,0.0,0,True,1746969014.06593,right,False
4208,1746969068.789416,192.236,-1.05878,1.31331,0.0219157,0.0137372,5920.21,5,20.37,1097,4099.56,48.7503,2,2,1.0,0.0,0.1,5,0.0,0,True,1746969014.06593,right,False
4209,1746969068.8111868,192.256,-2.36291,1.25178,0.0204142,0.00525951,5933.38,5,20.392,1098.18,4100.74,48.75,2,2,1.0,0.0,0.1,5,0.0,0,True,1746969014.06593,right,False
4210,1746969068.8342955,192.26,-3.76372,1.17218,0.0190511,-0.00397706,5948.81,5,20.414,1099.35,4101.92,48.7496,2,2,1.0,0.0,0.1,5,0.0,0,True,1746969014.06593,right,False
4211,1746969068.8556855,192.244,-5.21273,1.06624,0.0178507,-0.0137029,5968.05,5,20.436,1100.53,4103.09,48.7493,2,2,1.0,0.0,0.1,5,0.0,0,True,1746969014.06593,right,False
4212,1746969068.8781762,192.21,-6.66637,0.942684,0.0168254,-0.0236845,5988.57,5,20.458,1101.71,4104.27,48.749,2,2,1.0,0.0,0.1,5,0.0,0,True,1746969014.06593,right,False
4213,1746969068.9004412,192.156,-8.10646,0.798294,0.0159993,-0.0337806,6014.7,5,20.48,1102.88,4105.44,48.7486,2,2,1.0,0.0,0.0,5,0.0,0,True,1746969014.06593,left,False
4214,1746969068.9229772,192.084,-9.51713,0.636692,0.0153809,-0.0438666,6041.63,5,20.502,1104.06,4106.62,48.7483,2,2,1.0,0.0,0.0,5,0.0,0,True,1746969014.06593,left,False
4215,1746969068.9456186,191.999,-10.8786,0.469222,0.0149821,-0.0538747,6067.6,5,20.524,1105.23,4107.79,48.7479,2,2,1.0,0.0,0.0,5,0.0,0,True,1746969014.06593,left,False
4216,1746969068.9676836,191.902,-12.1952,0.289309,0.0148193,-0.0637827,6091.4,5,20.546,1106.41,4108.97,48.7476,2,2,1.0,0.0,0.0,5,0.0,0,True,1746969014.06593,left,False
4217,1746969068.9882846,191.793,-13.4713,0.0951621,0.0149007,-0.0736005,6113.76,5,20.568,1107.58,4110.15,48.7473,2,2,1.0,0.0,0.0,5,0.0,0,True,1746969014.06593,left,False
4218,1746969069.0113802,191.707,-14.7597,-0.0940242,0.015214,-0.0830295,6120.51,5,20.59,1108.76,4111.32,48.7469,2,2,1.0,0.0,0.0,5,0.0,0,True,1746969014.06593,left,False
4219,1746969069.0352201,191.645,-15.8751,-0.280541,0.0157471,-0.0915475,6104.43,5,20.612,1109.93,4112.5,48.7466,2,2,1.0,0.0,0.0,5,0.0,0,True,1746969014.06593,left,False
4220,1746969069.0553496,191.594,-16.8038,-0.46043,0.016512,-0.0992732,6082.14,5,20.634,1111.11,4113.67,48.7463,2,2,1.0,0.0,0.0,5,0.0,0,True,1746969014.06593,left,False
4221,1746969069.0773814,191.55,-17.5759,-0.640557,0.0175049,-0.106322,6059.43,5,20.656,1112.29,4114.85,48.7459,2,2,1.0,0.0,0.0,5,0.0,0,True,1746969014.06593,left,False
4222,1746969069.099823,191.505,-18.2178,-0.819142,0.0187541,-0.112814,6043.89,5,20.678,1113.46,4116.02,48.7456,2,2,1.0,0.0,0.0,5,0.0,0,True,1746969014.06593,left,False
4223,1746969069.1201513,191.462,-18.7458,-0.99689,0.0202515,-0.118807,6033.86,5,20.7,1114.64,4117.2,48.7453,2,2,1.0,0.0,0.0,5,0.0,0,True,1746969014.06593,left,False
4224,1746969069.1427245,191.421,-19.1719,-1.17366,0.0220093,-0.12432,6029.63,5,20.722,1115.81,4118.37,48.7449,2,2,1.0,0.0,0.0,5,0.0,0,True,1746969014.06593,left,False
4225,1746969069.1634126,191.385,-19.4974,-1.34742,0.0240316,-0.129382,6028.57,5,20.744,1116.99,4119.55,48.7446,2,2,1.0,0.0,0.0,5,0.0,0,True,1746969014.06593,left,False
4226,1746969069.1877882,191.351,-19.7377,-1.5306,0.0263224,-0.133993,6034.4,5,20.766,1118.17,4120.73,48.7443,2,2,1.0,0.0,0.0,5,0.0,0,True,1746969014.06593,left,False
4227,1746969069.2097988,191.324,-19.8877,-1.71358,0.0288778,-0.138137,6041.06,5,20.788,1119.34,4121.9,48.7439,2,2,1.0,0.0,0.0,5,0.0,0,True,1746969014.06593,left,False
4228,1746969069.2322145,191.305,-19.9461,-1.8972,0.0316976,-0.141808,6051.99,5,20.81,1120.52,4123.08,48.7436,2,2,1.0,0.0,0.0,5,0.0,0,True,1746969014.06593,left,False
4229,1746969069.252232,191.295,-19.9021,-2.07716,0.034786,-0.144969,6062.1,5,20.832,1121.69,4124.25,48.7432,2,2,1.0,0.0,0.0,5,0.0,0,True,1746969014.06593,left,False
4230,1746969069.2736049,191.295,-19.7708,-2.26324,0.0381348,-0.147602,6073.48,5,20.854,1122.87,4125.43,48.7429,2,2,1.0,0.0,0.0,5,0.0,0,True,1746969014.06593,left,False
4231,1746969069.296274,191.31,-19.5295,-2.44453,0.041744,-0.149688,6081.29,5,20.876,1124.04,4126.6,48.7426,2,2,1.0,0.0,0.0,5,0.0,0,True,1746969014.06593,left,False
4232,1746969069.320085,191.338,-19.191,-2.62015,0.0456299,-0.151243,6087.23,5,20.898,1125.22,4127.78,48.7422,2,2,1.0,0.0,0.0,5,0.0,0,True,1746969014.06593,left,False
4233,1746969069.3398306,191.377,-18.7646,-2.80396,0.0497762,-0.152266,6092.03,5,20.92,1126.39,4128.95,48.7419,2,2,1.0,0.0,0.0,5,0.0,0,True,1746969014.06593,left,False
4234,1746969069.3627908,191.431,-18.2406,-2.97922,0.0541748,-0.152769,6092.68,5,20.942,1127.57,4130.13,48.7416,2,2,1.0,0.0,0.0,5,0.0,0,True,1746969014.06593,left,False
4235,1746969069.385029,191.5,-17.6303,-3.15344,0.0588298,-0.152758,6089.08,5,20.964,1128.74,4131.3,48.7412,2,2,1.0,0.0,0.0,5,0.0,0,True,1746969014.06593,left,False
4236,1746969069.4057608,191.577,-16.9353,-3.32497,0.0637411,-0.152234,6085.22,5,20.986,1129.91,4132.48,48.7409,2,2,1.0,0.0,0.0,5,0.0,0,True,1746969014.06593,left,False
4237,1746969069.4280748,191.666,-16.1666,-3.49607,0.0688843,-0.151234,6077.92,5,21.008,1131.09,4133.65,48.7406,2,2,1.0,0.0,0.0,5,0.0,0,True,1746969014.06593,left,False
4238,1746969069.4514983,191.762,-15.3207,-3.66232,0.0742676,-0.149766,6071.53,5,21.03,1132.26,4134.83,48.7402,2,2,1.0,0.0,0.0,5,0.0,0,True,1746969014.06593,left,False
4239,1746969069.4725761,191.871,-14.408,-3.82223,0.0798869,-0.147849,6057.16,5,21.052,1133.44,4136,48.7399,2,2,1.0,0.0,0.0,5,0.0,0,True,1746969014.06593,left,False
4240,1746969069.4941337,191.983,-13.4441,-3.97659,0.0857259,-0.145537,6045.37,5,21.074,1134.61,4137.17,48.7396,2,2,1.0,0.0,0.0,5,0.0,0,True,1746969014.06593,left,False
4241,1746969069.5156016,192.099,-12.4321,-4.12642,0.0917725,-0.142845,6033.54,5,21.096,1135.79,4138.35,48.7392,2,2,1.0,0.0,0.0,5,0.0,0,True,1746969014.06593,left,False
4242,1746969069.537416,192.222,-11.3822,-4.27165,0.0980225,-0.139809,6016.54,5,21.118,1136.96,4139.52,48.7389,2,2,1.0,0.0,0.0,5,0.0,0,True,1746969014.06593,left,False
4243,1746969069.5610352,192.345,-10.3066,-4.40945,0.10446,-0.136467,6001.53,5,21.14,1138.14,4140.7,48.7385,2,2,1.0,0.0,0.0,5,0.0,0,True,1746969014.06593,left,False
4244,1746969069.584125,192.468,-9.2194,-4.53173,0.111072,-0.132878,5986.44,5,21.162,1139.31,4141.88,48.7382,2,2,1.0,0.0,0.0,5,0.0,0,True,1746969014.06593,left,False
4245,1746969069.604356,192.588,-8.13601,-4.64358,0.117847,-0.129102,5975.09,5,21.184,1140.49,4143.05,48.7379,2,2,1.0,0.0,0.0,5,0.0,0,True,1746969014.06593,left,False
4246,1746969069.62637,192.706,-7.0708,-4.74728,0.124752,-0.125207,5963.99,5,21.206,1141.67,4144.23,48.7375,2,2,1.0,0.0,0.0,5,0.0,0,True,1746969014.06593,left,False
4247,1746969069.6473138,192.819,-6.03505,-4.8406,0.131779,-0.121228,5956.08,5,21.228,1142.84,4145.41,48.7372,2,2,1.0,0.0,0.0,5,0.0,0,True,1746969014.06593,left,False
4248,1746969069.6705344,192.929,-5.04096,-4.91339,0.13892,-0.117225,5947.44,5,21.25,1144.02,4146.58,48.7369,2,2,1.0,0.0,0.0,5,0.0,0,True,1746969014.06593,left,False
4249,1746969069.6931517,193.033,-4.1038,-4.97827,0.146139,-0.113249,5941.93,5,21.272,1145.2,4147.76,48.7365,2,2,1.0,0.0,0.0,5,0.0,0,True,1746969014.06593,left,False
4250,1746969069.7141564,193.134,-3.22541,-5.02944,0.153418,-0.109334,5937.11,5,21.294,1146.38,4148.94,48.7362,2,2,1.0,0.0,0.0,5,0.0,0,True,1746969014.06593,left,False
4251,1746969069.7360575,193.231,-2.4135,-5.0667,0.160738,-0.105514,5934.66,5,21.316,1147.56,4150.12,48.7359,2,2,1.0,0.0,0.0,5,0.0,0,True,1746969014.06593,left,False
4252,1746969069.760161,193.324,-1.67074,-5.08924,0.168079,-0.101814,5933.5,5,21.338,1148.74,4151.3,48.7355,2,2,1.0,0.0,0.0,5,0.0,0,True,1746969014.06593,left,False
4253,1746969069.7804694,193.413,-0.999161,-5.09679,0.175431,-0.0982568,5933.56,5,21.36,1149.92,4152.48,48.7352,2,2,1.0,0.0,0.0,5,0.0,0,True,1746969014.06593,left,False
4254,1746969069.802022,193.5,-0.39793,-5.08309,0.18276,-0.0948551,5932.93,5,21.382,1151.1,4153.66,48.7349,2,2,1.0,0.0,0.0,5,0.0,0,True,1746969014.06593,left,False
4255,1746969069.8242736,193.585,0.133277,-5.05986,0.190068,-0.0916202,5933.89,5,21.404,1152.28,4154.84,48.7345,2,2,1.0,0.0,0.0,5,0.0,0,True,1746969014.06593,left,False
4256,1746969069.84723,193.669,0.597041,-5.02311,0.197327,-0.0885606,5934.27,5,21.426,1153.47,4156.03,48.7342,2,2,1.0,0.0,0.0,5,0.0,0,True,1746969014.06593,left,False
4257,1746969069.8676193,193.75,0.996409,-4.97974,0.204533,-0.0856781,5936.4,5,21.448,1154.65,4157.21,48.7338,2,2,1.0,0.0,0.0,5,0.0,0,True,1746969014.06593,left,False
4258,1746969069.8906503,193.831,1.33487,-4.91637,0.211666,-0.0829718,5937.04,5,21.47,1155.83,4158.4,48.7335,2,2,1.0,0.0,0.0,5,0.0,0,True,1746969014.06593,left,False
4259,1746969069.9121013,193.911,1.6176,-4.8476,0.218717,-0.0804403,5938.49,5,21.492,1157.02,4159.58,48.7332,2,2,1.0,0.0,0.0,5,0.0,0,True,1746969014.06593,left,False
4260,1746969069.9345205,193.991,1.84811,-4.76663,0.225692,-0.0780771,5940,5,21.514,1158.21,4160.77,48.7328,2,2,1.0,0.0,0.0,5,0.0,0,True,1746969014.06593,left,False
4261,1746969069.9555311,194.069,2.03177,-4.67996,0.232548,-0.0758755,5941.86,5,21.536,1159.39,4161.95,48.7325,2,2,1.0,0.0,0.0,5,0.0,0,True,1746969014.06593,left,False
4262,1746969069.9778228,194.147,2.17325,-4.58485,0.239331,-0.0738273,5943.33,5,21.558,1160.58,4163.14,48.7322,2,2,1.0,0.0,0.0,5,0.0,0,True,1746969014.06593,left,False
4263,1746969070.0004094,194.226,2.27785,-4.49104,0.246008,-0.0719185,5944.79,5,21.58,1161.77,4164.33,48.7318,2,2,1.0,0.0,0.0,5,0.0,0,True,1746969014.06593,left,False
4264,1746969070.0214686,194.303,2.3523,-4.39881,0.252576,-0.0701368,5948.11,5,21.602,1162.96,4165.52,48.7315,2,2,1.0,0.0,0.0,5,0.0,0,True,1746969014.06593,left,False
4265,1746969070.0439694,194.381,2.39901,-4.29588,0.259025,-0.0684643,5949.51,5,21.624,1164.15,4166.71,48.7312,2,2,1.0,0.0,0.0,5,0.0,0,True,1746969014.06593,left,False
4266,1746969070.067769,194.458,2.42444,-4.19708,0.265356,-0.0668881,5951.53,5,21.646,1165.34,4167.9,48.7308,2,2,1.0,0.0,0.0,5,0.0,0,True,1746969014.06593,left,False
4267,1746969070.0888991,194.535,2.43258,-4.10093,0.271582,-0.0653968,5953.44,5,21.668,1166.53,4169.09,48.7305,2,2,1.0,0.0,0.0,5,0.0,0,True,1746969014.06593,left,False
4268,1746969070.110612,194.611,2.42765,-4.01114,0.27769,-0.0639749,5956.22,5,21.69,1167.72,4170.29,48.7302,2,2,1.0,0.0,0.0,5,0.0,0,True,1746969014.06593,left,False
4269,1746969070.1314585,194.688,2.41079,-3.91491,0.283679,-0.0626099,5957.81,5,21.712,1168.92,4171.48,48.7298,2,2,1.0,0.0,0.0,5,0.0,0,True,1746969014.06593,left,False
4270,1746969070.1534276,194.763,2.38649,-3.82842,0.289555,-0.061296,5960.7,5,21.734,1170.11,4172.67,48.7295,2,2,1.0,0.0,0.0,5,0.0,0,True,1746969014.06593,left,False
4271,1746969070.1763458,194.84,2.35613,-3.73679,0.295321,-0.06002,5962.43,5,21.756,1171.3,4173.87,48.7291,2,2,1.0,0.0,0.0,5,0.0,0,True,1746969014.06593,left,False
4272,1746969070.1986399,194.915,2.32329,-3.65871,0.300968,-0.0587749,5965.56,5,21.778,1172.5,4175.06,48.7288,2,2,1.0,0.0,0.0,5,0.0,0,True,1746969014.06593,left,False
4273,1746969070.2212353,194.99,2.28764,-3.57845,0.306527,-0.0575576,5967.81,5,21.8,1173.7,4176.26,48.7285,2,2,1.0,0.0,0.0,5,0.0,0,True,1746969014.06593,left,False
4274,1746969070.2435286,195.064,2.25061,-3.50534,0.311983,-0.0563605,5970.72,5,21.822,1174.89,4177.46,48.7281,2,2,1.0,0.0,0.0,5,0.0,0,True,1746969014.06593,left,False
4275,1746969070.2641757,195.139,2.21364,-3.43554,0.317322,-0.0551791,5972.67,5,21.844,1176.09,4178.65,48.7278,2,2,1.0,0.0,0.0,5,0.0,0,True,1746969014.06593,left,False
4276,1746969070.2862086,195.213,2.17607,-3.36259,0.32255,-0.0540118,5974.9,5,21.866,1177.29,4179.85,48.7275,2,2,1.0,0.0,0.0,5,0.0,0,True,1746969014.06593,left,False
4277,1746969070.3085706,195.286,2.13886,-3.29165,0.327661,-0.0528553,5977.22,5,21.888,1178.49,4181.05,48.7271,2,2,1.0,0.0,0.0,5,0.0,0,True,1746969014.06593,left,False
4278,1746969070.329762,195.359,2.10302,-3.22814,0.33269,-0.0517087,5980.08,5,21.91,1179.69,4182.25,48.7268,2,2,1.0,0.0,0.0,5,0.0,0,True,1746969014.06593,left,False
4279,1746969070.352413,195.433,2.06827,-3.16908,0.33761,-0.0505681,5982.06,5,21.932,1180.89,4183.45,48.7265,2,2,1.0,0.0,0.0,5,0.0,0,True,1746969014.06593,left,False
4280,1746969070.3739529,195.505,2.03487,-3.10081,0.342411,-0.0494304,5984.61,5,21.954,1182.09,4184.65,48.7261,2,2,1.0,0.0,0.0,5,0.0,0,True,1746969014.06593,left,False
4281,1746969070.3957376,195.577,2.00335,-3.03735,0.347127,-0.0482967,5987.19,5,21.976,1183.29,4185.85,48.7258,2,2,1.0,0.0,0.0,5,0.0,0,True,1746969014.06593,left,False
4282,1746969070.4191842,195.65,1.97335,-2.97616,0.351737,-0.0471644,5988.83,5,21.998,1184.49,4187.05,48.7255,2,2,1.0,0.0,0.0,5,0.0,0,True,1746969014.06593,left,False
4283,1746969070.4397745,195.722,1.94465,-2.91474,0.356242,-0.0460348,5990.93,5,22.02,1185.69,4188.26,48.7251,2,2,1.0,0.0,0.0,5,0.0,0,True,1746969014.06593,left,False
4284,1746969070.4618013,195.793,1.91811,-2.85521,0.360661,-0.0449047,5993.35,5,22.042,1186.9,4189.46,48.7248,2,2,1.0,0.0,0.0,5,0.0,0,True,1746969014.06593,left,False
4285,1746969070.4846225,195.864,1.89291,-2.79077,0.364962,-0.0437744,5994.78,5,22.064,1188.1,4190.67,48.7244,2,2,1.0,0.0,0.0,5,0.0,0,True,1746969014.06593,left,False
4286,1746969070.5057597,195.935,1.86976,-2.72787,0.369181,-0.0426397,5996.59,5,22.086,1189.31,4191.87,48.7241,2,2,1.0,0.0,0.0,5,0.0,0,True,1746969014.06593,left,False
4287,1746969070.5274582,196.005,1.84912,-2.66801,0.373287,-0.041503,5999.38,5,22.108,1190.51,4193.08,48.7238,2,2,1.0,0.0,0.0,5,0.0,0,True,1746969014.06593,left,False
4288,1746969070.5504308,196.075,1.82985,-2.61242,0.377307,-0.0403652,6001.85,5,22.13,1191.72,4194.28,48.7234,2,2,1.0,0.0,0.0,5,0.0,0,True,1746969014.06593,left,False
4289,1746969070.5712361,196.144,1.81168,-2.54869,0.381226,-0.0392258,6004.05,5,22.152,1192.92,4195.49,48.7231,2,2,1.0,0.0,0.0,5,0.0,0,True,1746969014.06593,left,False
4290,1746969070.5941591,196.214,1.79516,-2.48561,0.385046,-0.0380838,6005.92,5,22.174,1194.13,4196.69,48.7228,2,2,1.0,0.0,0.0,5,0.0,0,True,1746969014.06593,left,False
4291,1746969070.615689,196.284,1.77918,-2.42147,0.38877,-0.0369403,6006.76,5,22.196,1195.34,4197.9,48.7224,2,2,1.0,0.0,0.0,5,0.0,0,True,1746969014.06593,left,False
4292,1746969070.6385825,196.352,1.76477,-2.35249,0.392395,-0.035794,6009.61,5,22.218,1196.55,4199.11,48.7221,2,2,1.0,0.0,0.0,5,0.0,0,True,1746969014.06593,left,False
4293,1746969070.6606867,196.421,1.75101,-2.28141,0.395927,-0.0346425,6009.76,5,22.24,1197.76,4200.32,48.7218,2,2,1.0,0.0,0.0,5,0.0,0,True,1746969014.06593,left,False
4294,1746969070.6842856,196.488,1.74073,-2.21604,0.399357,-0.0334852,6012.95,5,22.262,1198.97,4201.53,48.7214,2,2,1.0,0.0,0.0,5,0.0,0,True,1746969014.06593,left,False
4295,1746969070.703545,196.555,1.73418,-2.16976,0.402694,-0.0323179,6016,5,22.284,1200.18,4202.74,48.7211,2,2,1.0,0.0,0.0,5,0.0,0,True,1746969014.06593,left,False
4296,1746969070.726974,196.623,1.7274,-2.10112,0.405941,-0.031143,6016.92,5,22.306,1201.39,4203.95,48.7208,2,2,1.0,0.0,0.0,5,0.0,0,True,1746969014.06593,left,False
4297,1746969070.7489157,196.69,1.72289,-2.03863,0.409082,-0.0299623,6019.02,5,22.328,1202.6,4205.16,48.7204,2,2,1.0,0.0,0.0,5,0.0,0,True,1746969014.06593,left,False
4298,1746969070.7701032,196.756,1.71804,-1.97719,0.412142,-0.0287817,6021.41,5,22.35,1203.81,4206.37,48.7201,2,2,1.0,0.0,0.0,5,0.0,0,True,1746969014.06593,left,False
4299,1746969070.7930572,196.822,1.71412,-1.91259,0.415092,-0.0275998,6024.33,5,22.372,1205.02,4207.58,48.7197,2,2,1.0,0.0,0.0,5,0.0,0,True,1746969014.06593,left,False
4300,1746969070.8134234,196.888,1.71041,-1.85389,0.417957,-0.0264184,6026.12,5,22.394,1206.23,4208.8,48.7194,2,2,1.0,0.0,0.0,5,0.0,0,True,1746969014.06593,left,False
4301,1746969070.8571029,196.954,1.70672,-1.7946,0.420719,-0.0252368,6027.46,5,22.416,1207.45,4210.01,48.7191,2,2,1.0,0.0,0.0,5,0.0,0,True,1746969014.06593,left,False
4302,1746969070.870777,197.019,1.70361,-1.72957,0.423393,-0.0240529,6029.96,5,22.438,1208.66,4211.22,48.7187,2,2,1.0,0.0,0.0,5,0.0,0,True,1746969014.06593,left,False
4303,1746969070.8988278,197.083,1.70104,-1.6764,0.425972,-0.0228686,6032.04,5,22.46,1209.88,4212.44,48.7184,2,2,1.0,0.0,0.0,5,0.0,0,True,1746969014.06593,left,False
4304,1746969070.9160297,197.148,1.69829,-1.61358,0.428442,-0.0216815,6033.8,5,22.482,1211.09,4213.65,48.7181,2,2,1.0,0.0,0.0,5,0.0,0,True,1746969014.06593,left,False
4305,1746969070.9661932,197.212,1.69641,-1.55214,0.430835,-0.0204918,6035.3,5,22.504,1212.31,4214.87,48.7177,2,2,1.0,0.0,0.0,5,0.0,0,True,1746969014.06593,left,False
4306,1746969070.9687867,197.277,1.69435,-1.48424,0.433118,-0.0192986,6036.17,5,22.526,1213.52,4216.08,48.7174,2,2,1.0,0.0,0.0,5,0.0,0,True,1746969014.06593,left,False
4307,1746969070.9711885,197.34,1.69373,-1.42288,0.435311,-0.0181015,6038.69,5,22.548,1214.74,4217.3,48.7171,2,2,1.0,0.0,0.0,5,0.0,0,True,1746969014.06593,left,False
4308,1746969070.9984922,197.403,1.69355,-1.35705,0.437406,-0.0169013,6040.52,5,22.57,1215.95,4218.52,48.7167,2,2,1.0,0.0,0.0,5,0.0,0,True,1746969014.06593,left,False
4309,1746969071.017681,197.466,1.69379,-1.29654,0.439404,-0.015698,6043.29,5,22.592,1217.17,4219.74,48.7164,2,2,1.0,0.0,0.0,5,0.0,0,True,1746969014.06593,left,False
4310,1746969071.0332036,197.528,1.69427,-1.2278,0.441309,-0.0144913,6044.38,5,22.614,1218.39,4220.95,48.7161,2,2,1.0,0.0,0.0,5,0.0,0,True,1746969014.06593,left,False
4311,1746969071.0553412,197.591,1.69482,-1.16101,0.443111,-0.0132833,6045.74,5,22.636,1219.61,4222.17,48.7157,2,2,1.0,0.0,0.0,5,0.0,0,True,1746969014.06593,left,False
4312,1746969071.0786242,197.653,1.69602,-1.09538,0.444816,-0.0120718,6047.59,5,22.658,1220.83,4223.39,48.7154,2,2,1.0,0.0,0.0,5,0.0,0,True,1746969014.06593,left,False
4313,1746969071.0998168,197.715,1.69746,-1.02618,0.446431,-0.0108559,6048.85,5,22.68,1222.05,4224.61,48.715,2,2,1.0,0.0,0.0,5,0.0,0,True,1746969014.06593,left,False
4314,1746969071.1239214,197.776,1.69983,-0.969415,0.447945,-0.00963783,6050.61,5,22.702,1223.26,4225.83,48.7147,2,2,1.0,0.0,0.0,5,0.0,0,True,1746969014.06593,left,False
4315,1746969071.14424,197.837,1.70175,-0.900424,0.449369,-0.00841808,6052.38,5,22.724,1224.48,4227.05,48.7144,2,2,1.0,0.0,0.0,5,0.0,0,True,1746969014.06593,left,False
4316,1746969071.1670346,197.897,1.70361,-0.833977,0.450684,-0.00719786,6053.74,5,22.746,1225.71,4228.27,48.714,2,2,1.0,0.0,0.0,5,0.0,0,True,1746969014.06593,left,False
4317,1746969071.1874726,197.956,1.70654,-0.777369,0.451912,-0.00597501,6057.11,5,22.768,1226.93,4229.49,48.7137,2,2,1.0,0.0,0.0,5,0.0,0,True,1746969014.06593,left,False
4318,1746969071.2136297,198.017,1.70832,-0.711171,0.45304,-0.00475216,6058.45,5,22.79,1228.15,4230.71,48.7134,2,2,1.0,0.0,0.0,5,0.0,0,True,1746969014.06593,left,False
4319,1746969071.232415,198.076,1.71066,-0.644304,0.454065,-0.00352526,6059.83,5,22.812,1229.37,4231.93,48.713,2,2,1.0,0.0,0.0,5,0.0,0,True,1746969014.06593,left,False
4320,1746969071.2526996,198.135,1.71292,-0.579248,0.455005,-0.00229859,6062.51,5,22.834,1230.59,4233.16,48.7127,2,2,1.0,0.0,0.0,5,0.0,0,True,1746969014.06593,left,False
4321,1746969071.2760603,198.194,1.7152,-0.513012,0.455831,-0.00107026,6063.42,5,22.856,1231.81,4234.38,48.7124,2,2,1.0,0.0,0.0,5,0.0,0,True,1746969014.06593,left,False
4322,1746969071.2987707,198.252,1.71769,-0.454598,0.456571,0.000157118,6065.94,5,22.878,1233.04,4235.6,48.712,2,2,1.0,0.0,0.0,5,0.0,0,True,1746969014.06593,left,False
4323,1746969071.3210697,198.311,1.71885,-0.384802,0.457206,0.00138426,6067.22,5,22.9,1234.26,4236.82,48.7117,2,2,1.0,0.0,0.0,5,0.0,0,True,1746969014.06593,left,False
4324,1746969071.34293,198.368,1.72108,-0.328405,0.457743,0.00261283,6068.94,5,22.922,1235.48,4238.05,48.7114,2,2,1.0,0.0,0.0,5,0.0,0,True,1746969014.06593,right,False
4325,1746969071.3663702,198.426,1.72244,-0.258251,0.458191,0.00384307,6070.44,5,22.944,1236.71,4239.27,48.711,2,2,1.0,0.0,0.0,5,0.0,0,True,1746969014.06593,right,False
4326,1746969071.387659,198.483,1.72399,-0.195041,0.458521,0.00507402,6072.51,5,22.966,1237.93,4240.5,48.7107,2,2,1.0,0.0,0.0,5,0.0,0,True,1746969014.06593,right,False
4327,1746969071.4101655,198.54,1.72534,-0.128625,0.458765,0.00630474,6073.32,5,22.988,1239.16,4241.72,48.7104,2,2,1.0,0.0,0.0,5,0.0,0,True,1746969014.06593,right,False
4328,1746969071.4313567,198.596,1.7266,-0.0638556,0.458907,0.0075357,6075.64,5,23.01,1240.38,4242.95,48.71,2,2,1.0,0.0,0.0,5,0.0,0,True,1746969014.06593,right,False
4329,1746969071.4517763,198.652,1.72858,0.00323251,0.458948,0.00877094,6077.13,5,23.032,1241.61,4244.17,48.7097,2,2,1.0,0.0,0.0,5,0.0,0,True,1746969014.06593,right,False
4330,1746969071.4745338,198.707,1.73026,0.0657205,0.458895,0.0100045,6079.8,5,23.054,1242.83,4245.4,48.7093,2,2,1.0,0.0,0.0,5,0.0,0,True,1746969014.06593,right,False
4331,1746969071.4969769,198.764,1.73077,0.137568,0.458732,0.0112381,6080.55,5,23.076,1244.06,4246.62,48.709,2,2,1.0,0.0,0.0,5,0.0,0,True,1746969014.06593,right,False
4332,1746969071.5185044,198.819,1.7318,0.205601,0.45848,0.0124714,6082.02,5,23.098,1245.29,4247.85,48.7087,2,2,1.0,0.0,0.0,5,0.0,0,True,1746969014.06593,right,False
4333,1746969071.5400782,198.874,1.73309,0.269579,0.45813,0.0137076,6083.25,5,23.12,1246.51,4249.08,48.7083,2,2,1.0,0.0,0.0,5,0.0,0,True,1746969014.06593,right,False
4334,1746969071.5615587,198.928,1.73479,0.332909,0.457662,0.0149453,6085.34,5,23.142,1247.74,4250.3,48.708,2,2,1.0,0.0,0.0,5,0.0,0,True,1746969014.06593,right,False
4335,1746969071.5853534,198.982,1.7368,0.392139,0.457117,0.0161843,6087.3,5,23.164,1248.97,4251.53,48.7077,2,2,1.0,0.0,0.0,5,0.0,0,True,1746969014.06593,right,False
4336,1746969071.605667,199.035,1.73891,0.456807,0.456458,0.0174263,6089.71,5,23.186,1250.19,4252.76,48.7073,2,2,1.0,0.0,0.0,5,0.0,0,True,1746969014.06593,right,False
4337,1746969071.6274264,199.09,1.74052,0.526205,0.455701,0.0186691,6090.17,5,23.208,1251.42,4253.99,48.707,2,2,1.0,0.0,0.0,5,0.0,0,True,1746969014.06593,right,False
4338,1746969071.6521645,199.142,1.74264,0.590448,0.454846,0.0199125,6092.46,5,23.23,1252.65,4255.21,48.7067,2,2,1.0,0.0,0.0,5,0.0,0,True,1746969014.06593,right,False
4339,1746969071.6710136,199.195,1.74391,0.661173,0.453882,0.0211563,6093.3,5,23.252,1253.88,4256.44,48.7063,2,2,1.0,0.0,0.0,5,0.0,0,True,1746969014.06593,right,False
4340,1746969071.6929972,199.248,1.74591,0.719071,0.452832,0.0224006,6095.28,5,23.274,1255.11,4257.67,48.706,2,2,1.0,0.0,0.0,5,0.0,0,True,1746969014.06593,right,False
4341,1746969071.7157764,199.3,1.74691,0.787996,0.451672,0.0236447,6096.36,5,23.296,1256.34,4258.9,48.7057,2,2,1.0,0.0,0.0,5,0.0,0,True,1746969014.06593,right,False
4342,1746969071.7371898,199.352,1.74775,0.856859,0.450407,0.0248866,6097.35,5,23.318,1257.57,4260.13,48.7053,2,2,1.0,0.0,0.0,5,0.0,0,True,1746969014.06593,right,False
4343,1746969071.760522,199.403,1.74928,0.918739,0.449052,0.0261307,6100.28,5,23.34,1258.8,4261.36,48.705,2,2,1.0,0.0,0.0,5,0.0,0,True,1746969014.06593,right,False
4344,1746969071.7837615,199.454,1.74946,0.985189,0.447583,0.0273712,6101.07,5,23.362,1260.03,4262.59,48.7046,2,2,1.0,0.0,0.0,5,0.0,0,True,1746969014.06593,right,False
4345,1746969071.8048487,199.505,1.74962,1.05297,0.446021,0.0286126,6103.07,5,23.384,1261.26,4263.82,48.7043,2,2,1.0,0.0,0.0,5,0.0,0,True,1746969014.06593,right,False
4346,1746969071.8271189,199.555,1.7487,1.12369,0.444356,0.0298491,6104.39,5,23.406,1262.49,4265.05,48.704,2,2,1.0,0.0,0.0,5,0.0,0,True,1746969014.06593,right,False
4347,1746969071.8484962,199.606,1.74784,1.19441,0.442582,0.0310864,6105.11,5,23.428,1263.72,4266.28,48.7036,2,2,1.0,0.0,0.0,5,0.0,0,True,1746969014.06593,right,False
4348,1746969071.8701522,199.656,1.74725,1.25711,0.440723,0.0323219,6106.81,5,23.45,1264.95,4267.51,48.7033,2,2,1.0,0.0,0.0,5,0.0,0,True,1746969014.06593,right,False
4349,1746969071.8928778,199.706,1.74567,1.32687,0.438749,0.0335574,6107.91,5,23.472,1266.18,4268.74,48.703,2,2,1.0,0.0,0.0,5,0.0,0,True,1746969014.06593,right,False
4350,1746969071.9151723,199.754,1.74532,1.3915,0.436678,0.0347936,6110.48,5,23.494,1267.41,4269.98,48.7026,2,2,1.0,0.0,0.0,5,0.0,0,True,1746969014.06593,right,False
4351,1746969071.9348545,199.803,1.74393,1.45718,0.434513,0.0360267,6111.93,5,23.516,1268.64,4271.21,48.7023,2,2,1.0,0.0,0.0,5,0.0,0,True,1746969014.06593,right,False
4352,1746969071.9588547,199.852,1.74163,1.52909,0.432227,0.0372558,6113.08,5,23.538,1269.88,4272.44,48.702,2,2,1.0,0.0,0.0,5,0.0,0,True,1746969014.06593,right,False
4353,1746969071.9800906,199.901,1.73919,1.59466,0.429858,0.0384858,6114.11,5,23.56,1271.11,4273.67,48.7016,2,2,1.0,0.0,0.0,5,0.0,0,True,1746969014.06593,right,False
4354,1746969072.002675,199.948,1.73723,1.6659,0.42738,0.0397148,6115.83,5,23.582,1272.34,4274.9,48.7013,2,2,1.0,0.0,0.0,5,0.0,0,True,1746969014.06593,right,False
4355,1746969072.0237453,199.996,1.73607,1.726,0.424792,0.0409455,6117.54,5,23.604,1273.57,4276.14,48.701,2,2,1.0,0.0,0.0,5,0.0,0,True,1746969014.06593,right,False
4356,1746969072.0447237,200.043,1.73446,1.79432,0.422119,0.0421767,6118.9,5,23.626,1274.8,4277.37,48.7006,2,2,1.0,0.0,0.0,5,0.0,0,True,1746969014.06593,right,False
4357,1746969072.0698075,200.091,1.73314,1.86146,0.419336,0.0434096,6119.47,5,23.648,1276.04,4278.6,48.7003,2,2,1.0,0.0,0.0,5,0.0,0,True,1746969014.06593,right,False
4358,1746969072.091953,200.137,1.73259,1.9249,0.416443,0.0446429,6122.13,5,23.67,1277.27,4279.83,48.6999,2,2,1.0,0.0,0.1,5,0.0,0,True,1746969014.06593,right,False
4359,1746969072.1133628,200.183,1.73157,1.99542,0.41346,0.045877,6122.88,5,23.692,1278.5,4281.07,48.6996,2,2,1.0,0.0,0.1,5,0.0,0,True,1746969014.06593,right,False
4360,1746969072.1343424,200.229,1.73105,2.05446,0.410372,0.0471115,6124.77,5,23.714,1279.74,4282.3,48.6993,2,2,1.0,0.0,0.1,5,0.0,0,True,1746969014.06593,right,False
4361,1746969072.1555576,200.275,1.73023,2.12622,0.407174,0.0483463,6125.14,5,23.736,1280.97,4283.53,48.6989,2,2,1.0,0.0,0.1,5,0.0,0,True,1746969014.06593,right,False
4362,1746969072.1812987,200.32,1.73002,2.18994,0.40389,0.0495825,6127.58,5,23.758,1282.2,4284.77,48.6986,2,2,1.0,0.0,0.1,5,0.0,0,True,1746969014.06593,right,False
4363,1746969072.198808,200.351,1.87592,2.2563,0.400545,0.0499017,6130.72,5,23.78,1283.44,4286,48.6983,2,2,1.0,0.0,0.1,5,0.0,0,True,1746969014.06593,right,False
4364,1746969072.223724,200.379,1.62372,2.29403,0.397249,0.047817,6137.31,5,23.802,1284.67,4287.23,48.6979,2,2,1.0,0.0,0.1,5,0.0,0,True,1746969014.06593,right,False
4365,1746969072.2432237,200.409,0.959311,2.31787,0.394014,0.0436072,6144.03,5,23.824,1285.9,4288.47,48.6976,2,2,1.0,0.0,0.1,5,0.0,0,True,1746969014.06593,right,False
4366,1746969072.2677479,200.435,-0.0297519,2.31024,0.390837,0.0376129,6151.96,5,23.846,1287.14,4289.7,48.6973,2,2,1.0,0.0,0.1,5,0.0,0,True,1746969014.06593,right,False
4367,1746969072.2879045,200.452,-1.26083,2.28261,0.387748,0.030185,6161.31,5,23.868,1288.37,4290.94,48.6969,2,2,1.0,0.0,0.1,5,0.0,0,True,1746969014.06593,right,False
4368,1746969072.3104177,200.454,-2.66311,2.22812,0.384774,0.0216634,6173.85,5,23.89,1289.61,4292.17,48.6966,2,2,1.0,0.0,0.1,5,0.0,0,True,1746969014.06593,right,False
4369,1746969072.3312666,200.438,-4.16476,2.15754,0.381925,0.0123723,6187.51,5,23.912,1290.84,4293.4,48.6963,2,2,1.0,0.0,0.1,5,0.0,0,True,1746969014.06593,right,False
4370,1746969072.3537512,200.401,-5.71761,2.05879,0.379228,0.00258803,6205.42,5,23.934,1292.07,4294.64,48.6959,2,2,1.0,0.0,0.0,5,0.0,0,True,1746969014.06593,left,False
4371,1746969072.3764184,200.343,-7.28373,1.93518,0.376701,-0.0074501,6226.77,5,23.956,1293.31,4295.87,48.6956,2,2,1.0,0.0,0.0,5,0.0,0,True,1746969014.06593,left,False
4372,1746969072.3983498,200.265,-8.82681,1.79572,0.374369,-0.0175719,6250.71,5,23.978,1294.54,4297.11,48.6952,2,2,1.0,0.0,0.0,5,0.0,0,True,1746969014.06593,left,False
4373,1746969072.4212105,200.168,-10.3322,1.64159,0.372237,-0.0276761,6276.14,5,24,1295.78,4298.34,48.6949,2,2,1.0,0.0,0.0,5,0.0,0,True,1746969014.06593,left,False
4374,1746969072.4431036,200.056,-11.7951,1.47298,0.370329,-0.0377085,6301.58,5,24.022,1297.01,4299.57,48.6946,2,2,1.0,0.0,0.0,5,0.0,0,True,1746969014.06593,left,False
4375,1746969072.464678,199.962,-13.2712,1.2993,0.368628,-0.0473218,6312.06,5,24.044,1298.24,4300.81,48.6942,2,2,1.0,0.0,0.0,5,0.0,0,True,1746969014.06593,left,False
4376,1746969072.4870615,199.886,-14.547,1.12271,0.36711,-0.0559134,6307.09,5,24.066,1299.48,4302.04,48.6939,2,2,1.0,0.0,0.0,5,0.0,0,True,1746969014.06593,left,False
4377,1746969072.5106115,199.823,-15.6006,0.95532,0.36578,-0.0636187,6288.51,5,24.088,1300.71,4303.28,48.6936,2,2,1.0,0.0,0.0,5,0.0,0,True,1746969014.06593,left,False
4378,1746969072.5289097,199.765,-16.4795,0.784085,0.364673,-0.0705955,6270.9,5,24.11,1301.95,4304.51,48.6932,2,2,1.0,0.0,0.0,5,0.0,0,True,1746969014.06593,left,False
4379,1746969072.5520098,199.713,-17.2065,0.622792,0.363782,-0.0769725,6252.6,5,24.132,1303.18,4305.74,48.6929,2,2,1.0,0.0,0.0,5,0.0,0,True,1746969014.06593,left,False
4380,1746969072.5733528,199.659,-17.8173,0.45448,0.363127,-0.0828624,6242.23,5,24.154,1304.41,4306.98,48.6926,2,2,1.0,0.0,0.0,5,0.0,0,True,1746969014.06593,left,False
4381,1746969072.5957043,199.606,-18.3227,0.286939,0.362703,-0.0882988,6236.99,5,24.176,1305.65,4308.21,48.6922,2,2,1.0,0.0,0.0,5,0.0,0,True,1746969014.06593,left,False
4382,1746969072.619781,199.554,-18.7377,0.119202,0.362524,-0.0933342,6236.44,5,24.198,1306.88,4309.45,48.6919,2,2,1.0,0.0,0.0,5,0.0,0,True,1746969014.06593,left,False
4383,1746969072.6405306,199.508,-19.0573,-0.0399,0.362598,-0.0979717,6236.56,5,24.22,1308.12,4310.68,48.6916,2,2,1.0,0.0,0.0,5,0.0,0,True,1746969014.06593,left,False
4384,1746969072.6627233,199.463,-19.3042,-0.213419,0.362911,-0.102221,6243.97,5,24.242,1309.35,4311.92,48.6912,2,2,1.0,0.0,0.0,5,0.0,0,True,1746969014.06593,left,False
4385,1746969072.68326,199.425,-19.4628,-0.386264,0.363481,-0.106058,6250.42,5,24.264,1310.58,4313.15,48.6909,2,2,1.0,0.0,0.0,5,0.0,0,True,1746969014.06593,left,False
4386,1746969072.706666,199.396,-19.5329,-0.554767,0.364303,-0.109457,6257.63,5,24.286,1311.82,4314.38,48.6905,2,2,1.0,0.0,0.0,5,0.0,0,True,1746969014.06593,left,False
4387,1746969072.7277493,199.375,-19.519,-0.728131,0.365373,-0.112419,6265.06,5,24.308,1313.05,4315.62,48.6902,2,2,1.0,0.0,0.0,5,0.0,0,True,1746969014.06593,left,False
4388,1746969072.7504716,199.362,-19.4133,-0.897227,0.366691,-0.11492,6273.26,5,24.33,1314.28,4316.85,48.6899,2,2,1.0,0.0,0.0,5,0.0,0,True,1746969014.06593,left,False
4389,1746969072.7706652,199.357,-19.2223,-1.07463,0.368262,-0.116943,6285.17,5,24.352,1315.52,4318.08,48.6895,2,2,1.0,0.0,0.0,5,0.0,0,True,1746969014.06593,left,False
4390,1746969072.7939167,199.368,-18.928,-1.24622,0.370077,-0.118464,6290.04,5,24.374,1316.75,4319.32,48.6892,2,2,1.0,0.0,0.0,5,0.0,0,True,1746969014.06593,left,False
4391,1746969072.8180587,199.385,-18.5556,-1.42316,0.372127,-0.119492,6299,5,24.396,1317.98,4320.55,48.6889,2,2,1.0,0.0,0.0,5,0.0,0,True,1746969014.06593,left,False
4392,1746969072.83879,199.422,-18.072,-1.59464,0.37443,-0.119988,6297.33,5,24.418,1319.22,4321.78,48.6885,2,2,1.0,0.0,0.0,5,0.0,0,True,1746969014.06593,left,False
4393,1746969072.8600693,199.466,-17.5009,-1.76331,0.376969,-0.119973,6298.86,5,24.44,1320.45,4323.01,48.6882,2,2,1.0,0.0,0.0,5,0.0,0,True,1746969014.06593,left,False
4394,1746969072.8846407,199.526,-16.8416,-1.92497,0.379736,-0.119468,6292.79,5,24.462,1321.68,4324.25,48.6879,2,2,1.0,0.0,0.0,5,0.0,0,True,1746969014.06593,left,False
4395,1746969072.9040587,199.595,-16.1017,-2.08364,0.382735,-0.118483,6286.09,5,24.484,1322.91,4325.48,48.6875,2,2,1.0,0.0,0.0,5,0.0,0,True,1746969014.06593,left,False
4396,1746969072.9261255,199.673,-15.2836,-2.23842,0.385958,-0.117034,6278.42,5,24.506,1324.15,4326.71,48.6872,2,2,1.0,0.0,0.0,5,0.0,0,True,1746969014.06593,left,False
4397,1746969072.947791,199.759,-14.4031,-2.38714,0.389396,-0.115164,6265.53,5,24.528,1325.38,4327.94,48.6869,2,2,1.0,0.0,0.0,5,0.0,0,True,1746969014.06593,left,False
4398,1746969072.97051,199.85,-13.4735,-2.54296,0.393038,-0.112925,6257.22,5,24.55,1326.61,4329.18,48.6865,2,2,1.0,0.0,0.0,5,0.0,0,True,1746969014.06593,left,False
4399,1746969072.9928071,199.947,-12.4854,-2.67245,0.396879,-0.110321,6243.3,5,24.572,1327.84,4330.41,48.6862,2,2,1.0,0.0,0.0,5,0.0,0,True,1746969014.06593,left,False
4400,1746969073.0145667,200.046,-11.4677,-2.80185,0.400907,-0.107408,6230.6,5,24.594,1329.08,4331.64,48.6858,2,2,1.0,0.0,0.0,5,0.0,0,True,1746969014.06593,left,False
4401,1746969073.0371342,200.147,-10.4263,-2.92757,0.405111,-0.104213,6216.55,5,24.616,1330.31,4332.88,48.6855,2,2,1.0,0.0,0.0,5,0.0,0,True,1746969014.06593,left,False
4402,1746969073.060347,200.247,-9.37246,-3.04506,0.409473,-0.100783,6206.07,5,24.638,1331.54,4334.11,48.6852,2,2,1.0,0.0,0.0,5,0.0,0,True,1746969014.06593,left,False
4403,1746969073.0793397,200.347,-8.31796,-3.14195,0.413973,-0.0971723,6193.21,5,24.66,1332.78,4335.34,48.6848,2,2,1.0,0.0,0.0,5,0.0,0,True,1746969014.06593,left,False
4404,1746969073.1058145,200.443,-7.28438,-3.24201,0.418604,-0.0934362,6184.97,5,24.682,1334.01,4336.58,48.6845,2,2,1.0,0.0,0.0,5,0.0,0,True,1746969014.06593,left,False
4405,1746969073.1249936,200.534,-6.27871,-3.32418,0.423348,-0.0896287,6179.77,5,24.704,1335.25,4337.81,48.6842,2,2,1.0,0.0,0.0,5,0.0,0,True,1746969014.06593,left,False
4406,1746969073.1462333,200.624,-5.3107,-3.40041,0.428182,-0.0857885,6172.3,5,24.726,1336.48,4339.05,48.6838,2,2,1.0,0.0,0.0,5,0.0,0,True,1746969014.06593,left,False
4407,1746969073.1671035,200.71,-4.38921,-3.45296,0.433085,-0.0819535,6168.1,5,24.748,1337.72,4340.28,48.6835,2,2,1.0,0.0,0.0,5,0.0,0,True,1746969014.06593,left,False
4408,1746969073.1913564,200.791,-3.52103,-3.49405,0.438045,-0.078151,6164.25,5,24.77,1338.95,4341.52,48.6832,2,2,1.0,0.0,0.0,5,0.0,0,True,1746969014.06593,left,False
4409,1746969073.2123961,200.87,-2.71342,-3.52675,0.443034,-0.0744245,6160.76,5,24.792,1340.19,4342.76,48.6828,2,2,1.0,0.0,0.0,5,0.0,0,True,1746969014.06593,left,False
4410,1746969073.2356744,200.945,-1.96994,-3.54324,0.448043,-0.0707955,6159.11,5,24.814,1341.43,4343.99,48.6825,2,2,1.0,0.0,0.0,5,0.0,0,True,1746969014.06593,left,False
4411,1746969073.2572165,201.017,-1.29204,-3.54276,0.453052,-0.0672858,6158.14,5,24.836,1342.66,4345.23,48.6822,2,2,1.0,0.0,0.0,5,0.0,0,True,1746969014.06593,left,False
4412,1746969073.2789679,201.087,-0.680718,-3.53266,0.458036,-0.0639081,6158.29,5,24.858,1343.9,4346.47,48.6818,2,2,1.0,0.0,0.0,5,0.0,0,True,1746969014.06593,left,False
4413,1746969073.301302,201.155,-0.134868,-3.50275,0.462988,-0.0606754,6157.29,5,24.88,1345.14,4347.71,48.6815,2,2,1.0,0.0,0.0,5,0.0,0,True,1746969014.06593,left,False
4414,1746969073.3214388,201.221,0.346764,-3.45858,0.467891,-0.0575936,6157.69,5,24.902,1346.38,4348.95,48.6811,2,2,1.0,0.0,0.0,5,0.0,0,True,1746969014.06593,left,False
4415,1746969073.3435824,201.286,0.766649,-3.40263,0.472734,-0.0546682,6157.11,5,24.924,1347.62,4350.19,48.6808,2,2,1.0,0.0,0.0,5,0.0,0,True,1746969014.06593,left,False
4416,1746969073.3661711,201.348,1.12815,-3.3439,0.477498,-0.0519018,6159.86,5,24.946,1348.86,4351.43,48.6805,2,2,1.0,0.0,0.0,5,0.0,0,True,1746969014.06593,left,False
4417,1746969073.3871524,201.411,1.43451,-3.26802,0.482178,-0.0492923,6159.63,5,24.968,1350.1,4352.67,48.6801,2,2,1.0,0.0,0.0,5,0.0,0,True,1746969014.06593,left,False
4418,1746969073.4088233,201.472,1.69003,-3.19095,0.486759,-0.0468376,6162.13,5,24.99,1351.34,4353.91,48.6798,2,2,1.0,0.0,0.0,5,0.0,0,True,1746969014.06593,left,False
4419,1746969073.4339464,201.533,1.89872,-3.09756,0.491239,-0.0445311,6162.37,5,25.012,1352.59,4355.15,48.6795,2,2,1.0,0.0,0.0,5,0.0,0,True,1746969014.06593,left,False
4420,1746969073.4542675,201.594,2.06531,-3.00934,0.49563,-0.0423675,6164.1,5,25.034,1353.83,4356.39,48.6791,2,2,1.0,0.0,0.0,5,0.0,0,True,1746969014.06593,left,False
4421,1746969073.476559,201.655,2.19336,-2.90493,0.499882,-0.0403368,6164.32,5,25.056,1355.07,4357.64,48.6788,2,2,1.0,0.0,0.0,5,0.0,0,True,1746969014.06593,left,False
4422,1746969073.4978335,201.714,2.29004,-2.80983,0.504045,-0.0384274,6167.13,5,25.078,1356.32,4358.88,48.6785,2,2,1.0,0.0,0.0,5,0.0,0,True,1746969014.06593,left,False
4423,1746969073.5188725,201.773,2.35794,-2.71163,0.508073,-0.0366268,6168.88,5,25.1,1357.56,4360.13,48.6781,2,2,1.0,0.0,0.0,5,0.0,0,True,1746969014.06593,left,False
4424,1746969073.5412521,201.833,2.40138,-2.60403,0.511975,-0.034924,6169.3,5,25.122,1358.8,4361.37,48.6778,2,2,1.0,0.0,0.0,5,0.0,0,True,1746969014.06593,left,False
4425,1746969073.5666757,201.892,2.42557,-2.50497,0.515776,-0.0333071,6171.04,5,25.144,1360.05,4362.62,48.6775,2,2,1.0,0.0,0.0,5,0.0,0,True,1746969014.06593,left,False
4426,1746969073.5857277,201.951,2.43392,-2.41022,0.519438,-0.0317636,6173.5,5,25.166,1361.3,4363.86,48.6771,2,2,1.0,0.0,0.0,5,0.0,0,True,1746969014.06593,left,False
4427,1746969073.6084757,202.009,2.42932,-2.31506,0.52297,-0.0302827,6174.92,5,25.188,1362.54,4365.11,48.6768,2,2,1.0,0.0,0.0,5,0.0,0,True,1746969014.06593,left,False
4428,1746969073.629037,202.068,2.4148,-2.21724,0.5264,-0.0288517,6176.7,5,25.21,1363.79,4366.36,48.6764,2,2,1.0,0.0,0.0,5,0.0,0,True,1746969014.06593,left,False
4429,1746969073.653384,202.125,2.39353,-2.12767,0.529696,-0.0274653,6179.38,5,25.232,1365.04,4367.6,48.6761,2,2,1.0,0.0,0.0,5,0.0,0,True,1746969014.06593,left,False
4430,1746969073.6738844,202.183,2.36546,-2.02912,0.532857,-0.026113,6180.09,5,25.254,1366.29,4368.85,48.6758,2,2,1.0,0.0,0.0,5,0.0,0,True,1746969014.06593,left,False
4431,1746969073.695172,202.241,2.3344,-1.94118,0.535917,-0.0247917,6181.83,5,25.276,1367.54,4370.1,48.6754,2,2,1.0,0.0,0.0,5,0.0,0,True,1746969014.06593,left,False
4432,1746969073.7170384,202.298,2.30149,-1.85523,0.538851,-0.0234897,6183.61,5,25.298,1368.78,4371.35,48.6751,2,2,1.0,0.0,0.0,5,0.0,0,True,1746969014.06593,left,False
4433,1746969073.7394242,202.354,2.26702,-1.76981,0.541646,-0.0222075,6185.74,5,25.32,1370.03,4372.6,48.6748,2,2,1.0,0.0,0.0,5,0.0,0,True,1746969014.06593,left,False
4434,1746969073.7619514,202.41,2.23339,-1.69517,0.544352,-0.0209379,6188.17,5,25.342,1371.28,4373.85,48.6744,2,2,1.0,0.0,0.0,5,0.0,0,True,1746969014.06593,left,False
4435,1746969073.7839475,202.466,2.19906,-1.61786,0.546916,-0.0196824,6189.69,5,25.364,1372.54,4375.1,48.6741,2,2,1.0,0.0,0.0,5,0.0,0,True,1746969014.06593,left,False
4436,1746969073.8080356,202.522,2.16425,-1.54188,0.549386,-0.0184376,6191.11,5,25.386,1373.79,4376.35,48.6738,2,2,1.0,0.0,0.0,5,0.0,0,True,1746969014.06593,left,False
4437,1746969073.8289418,202.578,2.13109,-1.47311,0.551717,-0.0172002,6192.9,5,25.408,1375.04,4377.6,48.6734,2,2,1.0,0.0,0.0,5,0.0,0,True,1746969014.06593,left,False
4438,1746969073.8527591,202.632,2.09842,-1.39771,0.553955,-0.01597,6195.5,5,25.43,1376.29,4378.86,48.6731,2,2,1.0,0.0,0.0,5,0.0,0,True,1746969014.06593,left,False
4439,1746969073.8714974,202.687,2.06671,-1.32747,0.556063,-0.0147448,6197.38,5,25.452,1377.54,4380.11,48.6728,2,2,1.0,0.0,0.0,5,0.0,0,True,1746969014.06593,left,False
4440,1746969073.8944967,202.741,2.03687,-1.25845,0.558065,-0.0135226,6198.84,5,25.474,1378.8,4381.36,48.6724,2,2,1.0,0.0,0.0,5,0.0,0,True,1746969014.06593,left,False
4441,1746969073.9170914,202.796,2.00796,-1.18371,0.559957,-0.0123014,6199.9,5,25.496,1380.05,4382.61,48.6721,2,2,1.0,0.0,0.0,5,0.0,0,True,1746969014.06593,left,False
4442,1746969073.9376512,202.849,1.98102,-1.11111,0.561731,-0.0110812,6201.43,5,25.518,1381.3,4383.87,48.6717,2,2,1.0,0.0,0.0,5,0.0,0,True,1746969014.06593,left,False
4443,1746969073.9600964,202.903,1.95605,-1.04664,0.563399,-0.00986171,6203.23,5,25.54,1382.56,4385.12,48.6714,2,2,1.0,0.0,0.0,5,0.0,0,True,1746969014.06593,left,False
4444,1746969073.982846,202.956,1.93196,-0.973625,0.56495,-0.00864196,6204.22,5,25.562,1383.81,4386.38,48.6711,2,2,1.0,0.0,0.0,5,0.0,0,True,1746969014.06593,left,False
4445,1746969074.0053577,203.008,1.91023,-0.911123,0.566394,-0.00742102,6206.65,5,25.584,1385.07,4387.63,48.6707,2,2,1.0,0.0,0.0,5,0.0,0,True,1746969014.06593,left,False
4446,1746969074.025341,203.061,1.88997,-0.839339,0.567733,-0.00619817,6207.82,5,25.606,1386.32,4388.89,48.6704,2,2,1.0,0.0,0.0,5,0.0,0,True,1746969014.06593,left,False
4447,1746969074.0479627,203.113,1.87089,-0.771777,0.568953,-0.00497365,6209.07,5,25.628,1387.58,4390.14,48.6701,2,2,1.0,0.0,0.0,5,0.0,0,True,1746969014.06593,left,False
4448,1746969074.068961,203.165,1.8538,-0.701212,0.570072,-0.00374579,6211.05,5,25.65,1388.83,4391.4,48.6697,2,2,1.0,0.0,0.0,5,0.0,0,True,1746969014.06593,left,False
4449,1746969074.0936375,203.216,1.83819,-0.633528,0.571086,-0.00251627,6212.61,5,25.672,1390.09,4392.66,48.6694,2,2,1.0,0.0,0.0,5,0.0,0,True,1746969014.06593,left,False
4450,1746969074.1139205,203.268,1.82343,-0.561891,0.571985,-0.00128388,6213.03,5,25.694,1391.35,4393.91,48.6691,2,2,1.0,0.0,0.0,5,0.0,0,True,1746969014.06593,left,False
4451,1746969074.137318,203.318,1.81066,-0.487659,0.57277,-4.88758e-005,6215.1,5,25.716,1392.6,4395.17,48.6687,2,2,1.0,0.0,0.0,5,0.0,0,True,1746969014.06593,left,False
4452,1746969074.1590497,203.368,1.79895,-0.417896,0.573466,0.00118828,6217.45,5,25.738,1393.86,4396.43,48.6684,2,2,1.0,0.0,0.0,5,0.0,0,True,1746969014.06593,left,False
4453,1746969074.1812334,203.419,1.78865,-0.351289,0.574044,0.00242805,6218.78,5,25.76,1395.12,4397.68,48.6681,2,2,1.0,0.0,0.0,5,0.0,0,True,1746969014.06593,left,False
4454,1746969074.2028625,203.468,1.77936,-0.286303,0.574512,0.00366998,6220.53,5,25.782,1396.38,4398.94,48.6677,2,2,1.0,0.0,0.0,5,0.0,0,True,1746969014.06593,left,False
4455,1746969074.2232096,203.518,1.77062,-0.21127,0.574874,0.00491643,6220.66,5,25.804,1397.64,4400.2,48.6674,2,2,1.0,0.0,0.0,5,0.0,0,True,1746969014.06593,left,False
4456,1746969074.2482631,203.567,1.76324,-0.141972,0.575138,0.00616384,6222.2,5,25.826,1398.9,4401.46,48.667,2,2,1.0,0.0,0.0,5,0.0,0,True,1746969014.06593,left,False
4457,1746969074.2675653,203.616,1.75676,-0.067605,0.575293,0.00741768,6223.23,5,25.848,1400.15,4402.72,48.6667,2,2,1.0,0.0,0.0,5,0.0,0,True,1746969014.06593,left,False
4458,1746969074.2926536,203.665,1.7514,0.0162687,0.575334,0.00867748,6224.88,5,25.87,1401.41,4403.98,48.6664,2,2,1.0,0.0,0.0,5,0.0,0,True,1746969014.06593,left,False
4459,1746969074.3122914,203.712,1.74783,0.0792783,0.575273,0.00993776,6228.1,5,25.892,1402.67,4405.24,48.666,2,2,1.0,0.0,0.0,5,0.0,0,True,1746969014.06593,left,False
4460,1746969074.3346686,203.76,1.74481,0.149041,0.575106,0.0112002,6228.8,5,25.914,1403.93,4406.5,48.6657,2,2,1.0,0.0,0.0,5,0.0,0,True,1746969014.06593,left,False
4461,1746969074.3571105,203.807,1.7411,0.221664,0.574833,0.0124619,6230.62,5,25.936,1405.19,4407.76,48.6654,2,2,1.0,0.0,0.0,5,0.0,0,True,1746969014.06593,left,False
4462,1746969074.378784,203.854,1.73829,0.290468,0.574451,0.0137231,6231.88,5,25.958,1406.45,4409.02,48.665,2,2,1.0,0.0,0.0,5,0.0,0,True,1746969014.06593,left,False
4463,1746969074.4014997,203.9,1.73617,0.35324,0.573962,0.0149882,6233.93,5,25.98,1407.72,4410.28,48.6647,2,2,1.0,0.0,0.0,5,0.0,0,True,1746969014.06593,left,False
4464,1746969074.4216878,203.947,1.73433,0.418244,0.573364,0.0162525,6234.51,5,26.002,1408.98,4411.54,48.6644,2,2,1.0,0.0,0.0,5,0.0,0,True,1746969014.06593,left,False
4465,1746969074.4472814,203.994,1.73246,0.487722,0.572673,0.0175209,6235.41,5,26.024,1410.24,4412.8,48.664,2,2,1.0,0.0,0.0,5,0.0,0,True,1746969014.06593,left,False
4466,1746969074.467559,204.04,1.73108,0.558159,0.571871,0.0187881,6236.35,5,26.046,1411.5,4414.06,48.6637,2,2,1.0,0.0,0.0,5,0.0,0,True,1746969014.06593,left,False
4467,1746969074.4913447,204.085,1.73085,0.623216,0.570959,0.0200615,6238.43,5,26.068,1412.76,4415.33,48.6634,2,2,1.0,0.0,0.0,5,0.0,0,True,1746969014.06593,left,False
4468,1746969074.5109048,204.13,1.72999,0.691087,0.569938,0.0213349,6239.82,5,26.09,1414.02,4416.59,48.663,2,2,1.0,0.0,0.0,5,0.0,0,True,1746969014.06593,left,False
4469,1746969074.5336456,204.175,1.72944,0.763793,0.568811,0.0226097,6240.33,5,26.112,1415.29,4417.85,48.6627,2,2,1.0,0.0,0.0,5,0.0,0,True,1746969014.06593,left,False
4470,1746969074.5544145,204.22,1.7302,0.829146,0.567586,0.0238891,6242.49,5,26.134,1416.55,4419.11,48.6623,2,2,1.0,0.0,0.0,5,0.0,0,True,1746969014.06593,left,False
4471,1746969074.576758,204.264,1.73057,0.902182,0.566248,0.0251691,6243.55,5,26.156,1417.81,4420.38,48.662,2,2,1.0,0.0,0.0,5,0.0,0,True,1746969014.06593,left,False
4472,1746969074.596992,204.308,1.72997,0.974787,0.564803,0.0264449,6244.51,5,26.178,1419.07,4421.64,48.6617,2,2,1.0,0.0,0.0,5,0.0,0,True,1746969014.06593,left,False
4473,1746969074.6187315,204.351,1.72924,1.0403,0.563249,0.02772,6246.35,5,26.2,1420.34,4422.9,48.6613,2,2,1.0,0.0,0.0,5,0.0,0,True,1746969014.06593,left,False
4474,1746969074.6427515,204.395,1.72801,1.12109,0.561593,0.0289967,6246.55,5,26.222,1421.6,4424.17,48.661,2,2,1.0,0.0,0.0,5,0.0,0,True,1746969014.06593,left,False
4475,1746969074.6629624,204.437,1.7278,1.19336,0.559831,0.030277,6248.88,5,26.244,1422.86,4425.43,48.6607,2,2,1.0,0.0,0.0,5,0.0,0,True,1746969014.06593,left,False
4476,1746969074.6849892,204.481,1.7271,1.27743,0.557959,0.0315576,6248,5,26.266,1424.13,4426.69,48.6603,2,2,1.0,0.0,0.0,5,0.0,0,True,1746969014.06593,left,False
4477,1746969074.707122,204.522,1.72818,1.3432,0.555977,0.0328422,6250.89,5,26.288,1425.39,4427.96,48.66,2,2,1.0,0.0,0.0,5,0.0,0,True,1746969014.06593,left,False
4478,1746969074.7286859,204.565,1.72862,1.41914,0.553886,0.0341256,6251.67,5,26.31,1426.66,4429.22,48.6597,2,2,1.0,0.0,0.0,5,0.0,0,True,1746969014.06593,left,False
4479,1746969074.7514162,204.606,1.72976,1.49201,0.551689,0.0354118,6253.32,5,26.332,1427.92,4430.49,48.6593,2,2,1.0,0.0,0.0,5,0.0,0,True,1746969014.06593,left,False
4480,1746969074.7745893,204.647,1.73137,1.55754,0.549386,0.0366988,6254.88,5,26.354,1429.19,4431.75,48.659,2,2,1.0,0.0,0.0,5,0.0,0,True,1746969014.06593,left,False
4481,1746969074.7964258,204.687,1.7339,1.61928,0.546977,0.0379877,6256.85,5,26.376,1430.45,4433.02,48.6587,2,2,1.0,0.0,0.0,5,0.0,0,True,1746969014.06593,left,False
4482,1746969074.8189144,204.728,1.73525,1.687,0.544458,0.0392761,6257.88,5,26.398,1431.71,4434.28,48.6583,2,2,1.0,0.0,0.0,5,0.0,0,True,1746969014.06593,left,False
4483,1746969074.8423133,204.769,1.73606,1.76209,0.541829,0.0405648,6258.13,5,26.42,1432.98,4435.55,48.658,2,2,1.0,0.0,0.0,5,0.0,0,True,1746969014.06593,left,False
4484,1746969074.8637187,204.809,1.73763,1.827,0.539099,0.0418541,6259.65,5,26.442,1434.24,4436.81,48.6576,2,2,1.0,0.0,0.0,5,0.0,0,True,1746969014.06593,left,False
4485,1746969074.8860595,204.848,1.73972,1.89236,0.536263,0.0431466,6261.7,5,26.464,1435.51,4438.08,48.6573,2,2,1.0,0.0,0.0,5,0.0,0,True,1746969014.06593,left,False
4486,1746969074.9075499,204.887,1.74211,1.96021,0.533317,0.0444424,6262.76,5,26.486,1436.77,4439.34,48.657,2,2,1.0,0.0,0.0,5,0.0,0,True,1746969014.06593,left,False
4487,1746969074.9285135,204.927,1.74337,2.03777,0.530261,0.0457394,6262.52,5,26.508,1438.04,4440.61,48.6566,2,2,1.0,0.0,0.0,5,0.0,0,True,1746969014.06593,left,False
4488,1746969074.9504316,204.965,1.74545,2.10791,0.527091,0.0470359,6264.45,5,26.53,1439.31,4441.87,48.6563,2,2,1.0,0.0,0.0,5,0.0,0,True,1746969014.06593,left,False
4489,1746969074.9720886,205.004,1.74762,2.17736,0.52382,0.0483351,6264.7,5,26.552,1440.57,4443.14,48.656,2,2,1.0,0.0,0.0,5,0.0,0,True,1746969014.06593,left,False
4490,1746969074.993269,205.042,1.74965,2.25083,0.520443,0.0496337,6266.16,5,26.574,1441.84,4444.4,48.6556,2,2,1.0,0.0,0.0,5,0.0,0,True,1746969014.06593,left,False
4491,1746969075.0173965,205.08,1.7516,2.32232,0.516956,0.0509343,6267.56,5,26.596,1443.1,4445.67,48.6553,2,2,1.0,0.0,0.0,5,0.0,0,True,1746969014.06593,left,False
4492,1746969075.0384977,205.117,1.75299,2.39756,0.513359,0.052233,6268.65,5,26.618,1444.37,4446.93,48.655,2,2,1.0,0.0,0.0,5,0.0,0,True,1746969014.06593,left,False
4493,1746969075.0587654,205.154,1.75377,2.47162,0.509648,0.0535283,6269.9,5,26.64,1445.63,4448.2,48.6546,2,2,1.0,0.0,0.0,5,0.0,0,True,1746969014.06593,left,False
4494,1746969075.0831914,205.191,1.7548,2.54147,0.505835,0.0548241,6271.02,5,26.662,1446.9,4449.46,48.6543,2,2,1.0,0.0,0.0,5,0.0,0,True,1746969014.06593,left,False
4495,1746969075.1039782,205.228,1.75525,2.61455,0.501917,0.0561194,6271.94,5,26.684,1448.17,4450.73,48.654,2,2,1.0,0.0,0.0,5,0.0,0,True,1746969014.06593,left,False
4496,1746969075.1265874,205.264,1.7564,2.68363,0.497884,0.0574176,6272.7,5,26.706,1449.43,4452,48.6536,2,2,1.0,0.0,0.0,5,0.0,0,True,1746969014.06593,left,False
4497,1746969075.1497157,205.3,1.75786,2.76091,0.493742,0.0587208,6273.12,5,26.728,1450.7,4453.26,48.6533,2,2,1.0,0.0,0.0,5,0.0,0,True,1746969014.06593,left,False
4498,1746969075.1703293,205.336,1.75979,2.83694,0.489486,0.0600257,6274.16,5,26.75,1451.96,4454.53,48.6529,2,2,1.0,0.0,0.0,5,0.0,0,True,1746969014.06593,left,False
4499,1746969075.195041,205.371,1.76253,2.90784,0.485132,0.0613337,6275.44,5,26.772,1453.23,4455.79,48.6526,2,2,1.0,0.0,0.0,5,0.0,0,True,1746969014.06593,left,False
4500,1746969075.2175853,205.405,1.76567,2.97741,0.480664,0.0626428,6277.38,5,26.794,1454.5,4457.06,48.6523,2,2,1.0,0.0,0.0,5,0.0,0,True,1746969014.06593,left,False
4501,1746969075.237563,205.44,1.76844,3.0482,0.476082,0.063952,6278.15,5,26.816,1455.76,4458.33,48.6519,2,2,1.0,0.0,0.0,5,0.0,0,True,1746969014.06593,left,False
4502,1746969075.2582698,205.475,1.77064,3.12322,0.471395,0.0652616,6278.83,5,26.838,1457.03,4459.59,48.6516,2,2,1.0,0.0,0.0,5,0.0,0,True,1746969014.06593,left,False
4503,1746969075.278862,205.509,1.773,3.1939,0.466597,0.0665708,6279.56,5,26.86,1458.29,4460.86,48.6513,2,2,1.0,0.0,0.0,5,0.0,0,True,1746969014.06593,left,False
4504,1746969075.3033555,205.543,1.7754,3.26606,0.461698,0.0678821,6280.03,5,26.882,1459.56,4462.12,48.6509,2,2,1.0,0.0,0.0,5,0.0,0,True,1746969014.06593,left,False
4505,1746969075.3230734,205.575,1.77847,3.33033,0.456689,0.0691946,6282.31,5,26.904,1460.83,4463.39,48.6506,2,2,1.0,0.0,0.0,5,0.0,0,True,1746969014.06593,left,False
4506,1746969075.3453069,205.608,1.78084,3.40296,0.451562,0.0705059,6283.39,5,26.926,1462.09,4464.66,48.6503,2,2,1.0,0.0,0.0,5,0.0,0,True,1746969014.06593,left,False
4507,1746969075.3687966,205.641,1.78282,3.47214,0.44633,0.0718157,6284.38,5,26.948,1463.36,4465.92,48.6499,2,2,1.0,0.0,0.0,5,0.0,0,True,1746969014.06593,left,False
4508,1746969075.389741,205.673,1.78441,3.54568,0.440983,0.0731254,6285.24,5,26.97,1464.62,4467.19,48.6496,2,2,1.0,0.0,0.0,5,0.0,0,True,1746969014.06593,left,False
4509,1746969075.4135516,205.704,1.7858,3.60214,0.435535,0.0744286,6287.5,5,26.992,1465.89,4468.45,48.6493,2,2,1.0,0.0,0.0,5,0.0,0,True,1746969014.06593,left,False
4510,1746969075.4353359,205.736,1.78576,3.67556,0.429976,0.0757287,6288.35,5,27.014,1467.15,4469.72,48.6489,2,2,1.0,0.0,0.0,5,0.0,0,True,1746969014.06593,left,False
4511,1746969075.456357,205.768,1.78406,3.74499,0.4243,0.0770223,6288.94,5,27.036,1468.42,4470.99,48.6486,2,2,1.0,0.0,0.0,5,0.0,0,True,1746969014.06593,left,False
4512,1746969075.477378,205.8,1.78236,3.81558,0.418514,0.078315,6289.07,5,27.058,1469.69,4472.25,48.6482,2,2,1.0,0.0,0.0,5,0.0,0,True,1746969014.06593,left,False
4513,1746969075.501922,205.831,1.78104,3.88803,0.412626,0.0796089,6290.13,5,27.08,1470.95,4473.52,48.6479,2,2,1.0,0.0,0.0,5,0.0,0,True,1746969014.06593,left,False
4514,1746969075.5226083,205.862,1.77943,3.96428,0.406628,0.0809031,6290.91,5,27.102,1472.22,4474.78,48.6476,2,2,1.0,0.0,0.0,5,0.0,0,True,1746969014.06593,left,False
4515,1746969075.5426943,205.892,1.77648,4.04933,0.400517,0.0821936,6291.21,5,27.124,1473.48,4476.05,48.6472,2,2,1.0,0.0,0.0,5,0.0,0,True,1746969014.06593,left,False
4516,1746969075.5686285,205.922,1.77407,4.12311,0.394291,0.0834818,6291.95,5,27.146,1474.75,4477.31,48.6469,2,2,1.0,0.0,0.0,5,0.0,0,True,1746969014.06593,left,False
4517,1746969075.5890734,205.952,1.77262,4.20139,0.387956,0.0847747,6292.8,5,27.168,1476.01,4478.58,48.6466,2,2,1.0,0.0,0.0,5,0.0,0,True,1746969014.06593,left,False
4518,1746969075.6097527,205.981,1.77152,4.272,0.381519,0.0860686,6294.54,5,27.19,1477.28,4479.84,48.6462,2,2,1.0,0.0,0.0,5,0.0,0,True,1746969014.06593,left,False
4519,1746969075.6342523,206.009,1.77071,4.33655,0.374972,0.0873575,6296.49,5,27.212,1478.54,4481.11,48.6459,2,2,1.0,0.0,0.0,5,0.0,0,True,1746969014.06593,left,False
4520,1746969075.653877,206.038,1.7696,4.39969,0.368311,0.0886443,6297.34,5,27.234,1479.81,4482.37,48.6456,2,2,1.0,0.0,0.0,5,0.0,0,True,1746969014.06593,left,False
4521,1746969075.6763213,206.068,1.76747,4.46988,0.36154,0.0899312,6297.37,5,27.256,1481.07,4483.64,48.6452,2,2,1.0,0.0,0.0,5,0.0,0,True,1746969014.06593,left,False
4522,1746969075.6987112,206.096,1.76587,4.53915,0.354655,0.0912199,6297.91,5,27.278,1482.34,4484.9,48.6449,2,2,1.0,0.0,0.0,5,0.0,0,True,1746969014.06593,left,False
4523,1746969075.7196507,206.124,1.76503,4.61167,0.347673,0.0925095,6299.08,5,27.3,1483.6,4486.17,48.6446,2,2,1.0,0.0,0.0,5,0.0,0,True,1746969014.06593,left,False
4524,1746969075.7419791,206.152,1.76326,4.68941,0.340576,0.0937972,6299.21,5,27.322,1484.87,4487.43,48.6442,2,2,1.0,0.0,0.0,5,0.0,0,True,1746969014.06593,left,False
4525,1746969075.7633476,206.179,1.76233,4.76152,0.333366,0.0950871,6300.95,5,27.344,1486.13,4488.69,48.6439,2,2,1.0,0.0,0.0,5,0.0,0,True,1746969014.06593,left,False
4526,1746969075.7857425,206.207,1.76089,4.83331,0.32605,0.096375,6300.81,5,27.366,1487.39,4489.96,48.6435,2,2,1.0,0.0,0.0,5,0.0,0,True,1746969014.06593,left,False
4527,1746969075.8092601,206.234,1.7597,4.91818,0.31862,0.097667,6301.57,5,27.388,1488.66,4491.22,48.6432,2,2,1.0,0.0,0.0,5,0.0,0,True,1746969014.06593,right,False
4528,1746969075.8307238,206.259,1.75871,4.99175,0.311088,0.0989552,6303.41,5,27.41,1489.92,4492.49,48.6429,2,2,1.0,0.0,0.0,5,0.0,0,True,1746969014.06593,right,False
4529,1746969075.8530765,206.286,1.75673,5.06322,0.303442,0.100239,6304.03,5,27.432,1491.18,4493.75,48.6425,2,2,1.0,0.0,0.0,5,0.0,0,True,1746969014.06593,right,False
4530,1746969075.8733096,206.312,1.75356,5.14678,0.295687,0.10152,6303.5,5,27.454,1492.45,4495.01,48.6422,2,2,1.0,0.0,0.0,5,0.0,0,True,1746969014.06593,right,False
4531,1746969075.898194,206.338,1.75072,5.21947,0.287821,0.102801,6305.2,5,27.476,1493.71,4496.27,48.6419,2,2,1.0,0.0,0.0,5,0.0,0,True,1746969014.06593,right,False
4532,1746969075.9192708,206.363,1.74794,5.29726,0.279846,0.104077,6306.57,5,27.498,1494.97,4497.54,48.6415,2,2,1.0,0.0,0.0,5,0.0,0,True,1746969014.06593,right,False
4533,1746969075.9426446,206.388,1.74615,5.35921,0.271765,0.105353,6307.2,5,27.52,1496.24,4498.8,48.6412,2,2,1.0,0.0,0.0,5,0.0,0,True,1746969014.06593,right,False
4534,1746969075.9625983,206.413,1.74563,5.43951,0.263578,0.106637,6307.04,5,27.542,1497.5,4500.06,48.6409,2,2,1.0,0.0,0.0,5,0.0,0,True,1746969014.06593,right,False
4535,1746969075.9896784,206.437,1.74558,5.5064,0.255282,0.107923,6308.42,5,27.564,1498.76,4501.32,48.6405,2,2,1.0,0.0,0.0,5,0.0,0,True,1746969014.06593,right,False
4536,1746969076.0113683,206.462,1.7449,5.57348,0.246871,0.109206,6309.2,5,27.586,1500.02,4502.59,48.6402,2,2,1.0,0.0,0.0,5,0.0,0,True,1746969014.06593,right,False
4537,1746969076.031146,206.485,1.74417,5.64878,0.238346,0.110488,6310.39,5,27.608,1501.28,4503.85,48.6399,2,2,1.0,0.0,0.0,5,0.0,0,True,1746969014.06593,right,False
4538,1746969076.0538464,206.509,1.74444,5.70829,0.229724,0.11177,6311.55,5,27.63,1502.55,4505.11,48.6395,2,2,1.0,0.0,0.0,5,0.0,0,True,1746969014.06593,right,False
4539,1746969076.0724616,206.533,1.74387,5.77904,0.220996,0.113054,6311.79,5,27.652,1503.81,4506.37,48.6392,2,2,1.0,0.0,0.0,5,0.0,0,True,1746969014.06593,right,False
4540,1746969076.0947819,206.556,1.74365,5.84829,0.212154,0.114336,6312.21,5,27.674,1505.07,4507.63,48.6388,2,2,1.0,0.0,0.0,5,0.0,0,True,1746969014.06593,right,False
4541,1746969076.1188083,206.579,1.74298,5.92096,0.203202,0.115619,6312.66,5,27.696,1506.33,4508.89,48.6385,2,2,1.0,0.0,0.0,5,0.0,0,True,1746969014.06593,right,False
4542,1746969076.1382165,206.601,1.74284,5.98822,0.194141,0.1169,6313.6,5,27.718,1507.59,4510.15,48.6382,2,2,1.0,0.0,0.0,5,0.0,0,True,1746969014.06593,right,False
4543,1746969076.161675,206.623,1.74255,6.05397,0.184969,0.118182,6314.48,5,27.74,1508.85,4511.41,48.6378,2,2,1.0,0.0,0.0,5,0.0,0,True,1746969014.06593,right,False
4544,1746969076.1818054,206.645,1.74219,6.12759,0.175696,0.119464,6315.12,5,27.762,1510.11,4512.67,48.6375,2,2,1.0,0.0,0.0,5,0.0,0,True,1746969014.06593,right,False
4545,1746969076.2052693,206.667,1.74154,6.19964,0.166313,0.120746,6315.58,5,27.784,1511.37,4513.93,48.6372,2,2,1.0,0.0,0.0,5,0.0,0,True,1746969014.06593,right,False
4546,1746969076.2318847,206.688,1.74126,6.27227,0.15682,0.122028,6316.31,5,27.806,1512.63,4515.19,48.6368,2,2,1.0,0.0,0.0,5,0.0,0,True,1746969014.06593,right,False
4547,1746969076.248104,206.71,1.74097,6.34207,0.147217,0.12331,6316.12,5,27.828,1513.89,4516.45,48.6365,2,2,1.0,0.0,0.0,5,0.0,0,True,1746969014.06593,right,False
4548,1746969076.2736993,206.73,1.74063,6.41588,0.1375,0.124593,6317.51,5,27.85,1515.14,4517.71,48.6362,2,2,1.0,0.0,0.0,5,0.0,0,True,1746969014.06593,right,False
4549,1746969076.2936573,206.751,1.74108,6.48657,0.127681,0.125876,6317.54,5,27.872,1516.4,4518.97,48.6358,2,2,1.0,0.0,0.0,5,0.0,0,True,1746969014.06593,right,False
4550,1746969076.326098,206.772,1.74094,6.5628,0.117757,0.127161,6317.78,5,27.894,1517.66,4520.23,48.6355,2,2,1.0,0.0,0.1,5,0.0,0,True,1746969014.06593,right,False
4551,1746969076.3409462,206.792,1.74135,6.63363,0.107727,0.128444,6318.73,5,27.916,1518.92,4521.48,48.6352,2,2,1.0,0.0,0.1,5,0.0,0,True,1746969014.06593,right,False
4552,1746969076.361404,206.812,1.74186,6.70553,0.0975789,0.12973,6318.66,5,27.938,1520.18,4522.74,48.6348,2,2,1.0,0.0,0.1,5,0.0,0,True,1746969014.06593,right,False
4553,1746969076.3847632,206.831,1.74254,6.77799,0.087325,0.131015,6320.13,5,27.96,1521.43,4524,48.6345,2,2,1.0,0.0,0.1,5,0.0,0,True,1746969014.06593,right,False
4554,1746969076.4069667,206.85,1.74336,6.84618,0.0769613,0.132299,6320.94,5,27.982,1522.69,4525.25,48.6341,2,2,1.0,0.0,0.1,5,0.0,0,True,1746969014.06593,right,False
4555,1746969076.4331985,206.854,1.88519,6.91404,0.0665487,0.132658,6323.78,5,28.004,1523.95,4526.51,48.6338,2,2,1.0,0.0,0.1,5,0.0,0,True,1746969014.06593,right,False
4556,1746969076.4490545,206.856,1.61363,6.95982,0.0561727,0.13059,6328.46,5,28.026,1525.2,4527.77,48.6335,2,2,1.0,0.0,0.1,5,0.0,0,True,1746969014.06593,right,False
4557,1746969076.4719307,206.86,0.906964,6.98109,0.0458496,0.126359,6334.75,5,28.048,1526.46,4529.02,48.6331,2,2,1.0,0.0,0.1,5,0.0,0,True,1746969014.06593,right,False
4558,1746969076.491742,206.859,-0.13942,6.98577,0.0355916,0.120309,6341.16,5,28.07,1527.71,4530.28,48.6328,2,2,1.0,0.0,0.1,5,0.0,0,True,1746969014.06593,right,False
4559,1746969076.512544,206.848,-1.44503,6.95953,0.0254028,0.112803,6350.74,5,28.092,1528.97,4531.53,48.6325,2,2,1.0,0.0,0.1,5,0.0,0,True,1746969014.06593,right,False
4560,1746969076.5355346,206.822,-2.92596,6.9131,0.0153239,0.10418,6360.96,5,28.114,1530.23,4532.79,48.6321,2,2,1.0,0.0,0.1,5,0.0,0,True,1746969014.06593,right,False
4561,1746969076.5576174,206.775,-4.519,6.84145,0.00537516,0.0947757,6375.82,5,28.136,1531.48,4534.05,48.6318,2,2,1.0,0.0,0.1,5,0.0,0,True,1746969014.06593,right,False
4562,1746969076.580936,206.708,-6.15982,6.74722,-0.00442301,0.0848968,6392.97,5,28.158,1532.74,4535.3,48.6315,2,2,1.0,0.0,0.1,5,0.0,0,True,1746969014.06593,right,False
4563,1746969076.602996,206.616,-7.81663,6.62286,-0.0140544,0.0747588,6416.18,5,28.18,1533.99,4536.56,48.6311,2,2,1.0,0.0,0.1,5,0.0,0,True,1746969014.06593,right,False
4564,1746969076.6259804,206.505,-9.44395,6.49385,-0.0234945,0.0645528,6439.5,5,28.202,1535.25,4537.81,48.6308,2,2,1.0,0.0,0.1,5,0.0,0,True,1746969014.06593,right,False
4565,1746969076.6480753,206.374,-11.0356,6.33195,-0.0327352,0.0543992,6465.94,5,28.224,1536.5,4539.06,48.6305,2,2,1.0,0.0,0.1,5,0.0,0,True,1746969014.06593,right,False
4566,1746969076.6697176,206.227,-12.5696,6.16656,-0.0417562,0.0443494,6493.09,5,28.246,1537.75,4540.32,48.6301,2,2,1.0,0.0,0.1,5,0.0,0,True,1746969014.06593,right,False
4567,1746969076.6984308,206.067,-14.0615,5.98311,-0.0505575,0.0343978,6516.24,5,28.268,1539.01,4541.57,48.6298,2,2,1.0,0.0,0.1,5,0.0,0,True,1746969014.06593,right,False
4568,1746969076.710504,205.895,-15.4984,5.79806,-0.0591227,0.0245625,6537.24,5,28.29,1540.26,4542.83,48.6294,2,2,1.0,0.0,0.1,5,0.0,0,True,1746969014.06593,right,False
4569,1746969076.7345626,205.713,-16.9064,5.60469,-0.0674438,0.0147836,6552.65,5,28.312,1541.52,4544.08,48.6291,2,2,1.0,0.0,0.1,5,0.0,0,True,1746969014.06593,right,False
4570,1746969076.7599583,205.52,-18.2648,5.41331,-0.0755127,0.0051133,6564.26,5,28.334,1542.77,4545.34,48.6288,2,2,1.0,0.0,0.0,5,0.0,0,True,1746969014.06593,left,False
4571,1746969076.7777479,205.318,-19.5892,5.22061,-0.083313,-0.00451118,6572.61,5,28.356,1544.02,4546.59,48.6284,2,2,1.0,0.0,0.0,5,0.0,0,True,1746969014.06593,left,False
4572,1746969076.8028858,205.101,-20.8881,5.01984,-0.0908488,-0.014068,6587.76,5,28.378,1545.28,4547.84,48.6281,2,2,1.0,0.0,0.0,5,0.0,0,True,1746969014.06593,left,False
4573,1746969076.8223717,204.874,-22.1519,4.81552,-0.098116,-0.0235484,6597.48,5,28.4,1546.53,4549.09,48.6278,2,2,1.0,0.0,0.0,5,0.0,0,True,1746969014.06593,left,False
4574,1746969076.8417025,204.637,-23.379,4.616,-0.10509,-0.0329259,6609.45,5,28.422,1547.78,4550.35,48.6274,2,2,1.0,0.0,0.0,5,0.0,0,True,1746969014.06593,left,False
4575,1746969076.8658314,204.415,-24.6022,4.41128,-0.1118,-0.0419839,6622.65,5,28.444,1549.03,4551.6,48.6271,2,2,1.0,0.0,0.0,5,0.0,0,True,1746969014.06593,left,False
4576,1746969076.8900156,204.22,-25.6841,4.22059,-0.11825,-0.0503905,6615.24,5,28.466,1550.28,4552.85,48.6268,2,2,1.0,0.0,0.0,5,0.0,0,True,1746969014.06593,left,False
4577,1746969076.9106576,204.033,-26.6264,4.02656,-0.124434,-0.0581988,6606.56,5,28.488,1551.53,4554.1,48.6264,2,2,1.0,0.0,0.0,5,0.0,0,True,1746969014.06593,left,False
4578,1746969076.9325051,203.852,-27.4423,3.82613,-0.130347,-0.0654376,6605.12,5,28.51,1552.79,4555.35,48.6261,2,2,1.0,0.0,0.0,5,0.0,0,True,1746969014.06593,left,False
4579,1746969076.958602,203.681,-28.1214,3.63542,-0.13597,-0.0721071,6599.97,5,28.532,1554.04,4556.6,48.6258,2,2,1.0,0.0,0.0,5,0.0,0,True,1746969014.06593,left,False
4580,1746969076.9783905,203.525,-28.6704,3.44699,-0.141321,-0.0782107,6593.87,5,28.554,1555.29,4557.85,48.6254,2,2,1.0,0.0,0.0,5,0.0,0,True,1746969014.06593,left,False
4581,1746969076.9963112,203.374,-29.1092,3.25526,-0.146379,-0.0837773,6595.82,5,28.576,1556.54,4559.1,48.6251,2,2,1.0,0.0,0.0,5,0.0,0,True,1746969014.06593,left,False
4582,1746969077.0189087,203.239,-29.4169,3.06826,-0.151156,-0.0887526,6598.2,5,28.598,1557.79,4560.35,48.6247,2,2,1.0,0.0,0.0,5,0.0,0,True,1746969014.06593,left,False
4583,1746969077.0391226,203.118,-29.6003,2.88135,-0.15564,-0.0931404,6602.34,5,28.62,1559.03,4561.6,48.6244,2,2,1.0,0.0,0.0,5,0.0,0,True,1746969014.06593,left,False
4584,1746969077.060972,203.007,-29.6738,2.68633,-0.159835,-0.0969413,6616.48,5,28.642,1560.28,4562.85,48.6241,2,2,1.0,0.0,0.0,5,0.0,0,True,1746969014.06593,left,False
4585,1746969077.0860405,202.913,-29.6221,2.49841,-0.163741,-0.100162,6630.58,5,28.664,1561.53,4564.1,48.6237,2,2,1.0,0.0,0.0,5,0.0,0,True,1746969014.06593,left,False
4586,1746969077.1071794,202.842,-29.4467,2.30945,-0.16735,-0.102781,6638.47,5,28.686,1562.78,4565.34,48.6234,2,2,1.0,0.0,0.0,5,0.0,0,True,1746969014.06593,left,False
4587,1746969077.129873,202.789,-29.1646,2.11561,-0.170679,-0.104822,6646.56,5,28.708,1564.02,4566.59,48.6231,2,2,1.0,0.0,0.0,5,0.0,0,True,1746969014.06593,left,False
4588,1746969077.1508458,202.755,-28.7612,1.92483,-0.173714,-0.106275,6654.13,5,28.73,1565.27,4567.84,48.6227,2,2,1.0,0.0,0.0,5,0.0,0,True,1746969014.06593,left,False
4589,1746969077.171402,202.734,-28.2578,1.73053,-0.176469,-0.107182,6668.74,5,28.752,1566.52,4569.08,48.6224,2,2,1.0,0.0,0.0,5,0.0,0,True,1746969014.06593,left,False
4590,1746969077.1948068,202.74,-27.6432,1.54084,-0.178939,-0.107518,6668.92,5,28.774,1567.76,4570.33,48.6221,2,2,1.0,0.0,0.0,5,0.0,0,True,1746969014.06593,left,False
4591,1746969077.2186894,202.762,-26.9172,1.35602,-0.181132,-0.107299,6668.18,5,28.796,1569.01,4571.57,48.6217,2,2,1.0,0.0,0.0,5,0.0,0,True,1746969014.06593,left,False
4592,1746969077.240881,202.799,-26.0957,1.16358,-0.18304,-0.106538,6667.16,5,28.818,1570.25,4572.82,48.6214,2,2,1.0,0.0,0.0,5,0.0,0,True,1746969014.06593,left,False
4593,1746969077.2606277,202.856,-25.1706,0.973761,-0.184676,-0.10522,6662.01,5,28.84,1571.5,4574.06,48.6211,2,2,1.0,0.0,0.0,5,0.0,0,True,1746969014.06593,left,False
4594,1746969077.2836304,202.93,-24.1404,0.789893,-0.186039,-0.103342,6651.79,5,28.862,1572.74,4575.31,48.6207,2,2,1.0,0.0,0.0,5,0.0,0,True,1746969014.06593,left,False
4595,1746969077.305084,203.02,-23.0081,0.605792,-0.187138,-0.100898,6638.53,5,28.884,1573.99,4576.55,48.6204,2,2,1.0,0.0,0.0,5,0.0,0,True,1746969014.06593,left,False
4596,1746969077.3254921,203.124,-21.784,0.425216,-0.187976,-0.0979303,6620.51,5,28.906,1575.23,4577.79,48.62,2,2,1.0,0.0,0.0,5,0.0,0,True,1746969014.06593,left,False
4597,1746969077.3477395,203.24,-20.471,0.254705,-0.188562,-0.0944436,6597.7,5,28.928,1576.47,4579.04,48.6197,2,2,1.0,0.0,0.0,5,0.0,0,True,1746969014.06593,left,False
4598,1746969077.3716133,203.371,-19.0792,0.0921709,-0.188908,-0.0904706,6563.38,5,28.95,1577.72,4580.28,48.6194,2,2,1.0,0.0,0.0,5,0.0,0,True,1746969014.06593,left,False
4599,1746969077.3939826,203.506,-17.6154,-0.0771703,-0.189006,-0.0860294,6533.94,5,28.972,1578.96,4581.53,48.619,2,2,1.0,0.0,0.0,5,0.0,0,True,1746969014.06593,left,False
4600,1746969077.4165657,203.647,-16.0898,-0.232978,-0.188879,-0.0811446,6498.85,5,28.994,1580.2,4582.77,48.6187,2,2,1.0,0.0,0.0,5,0.0,0,True,1746969014.06593,left,False
4601,1746969077.4462144,203.791,-14.5157,-0.379427,-0.188546,-0.0758722,6460.23,5,29.016,1581.45,4584.01,48.6184,2,2,1.0,0.0,0.0,5,0.0,0,True,1746969014.06593,left,False
4602,1746969077.4586043,203.932,-12.9163,-0.52551,-0.188005,-0.0702899,6425.5,5,29.038,1582.69,4585.26,48.618,2,2,1.0,0.0,0.0,5,0.0,0,True,1746969014.06593,left,False
4603,1746969077.4822628,204.069,-11.3112,-0.65308,-0.187284,-0.0644744,6389.44,5,29.06,1583.93,4586.5,48.6177,2,2,1.0,0.0,0.0,5,0.0,0,True,1746969014.06593,left,False
4604,1746969077.5064433,204.195,-9.72182,-0.775812,-0.186401,-0.0584877,6361.58,5,29.082,1585.18,4587.75,48.6174,2,2,1.0,0.0,0.0,5,0.0,0,True,1746969014.06593,left,False
4605,1746969077.5270815,204.311,-8.17304,-0.886835,-0.18538,-0.0524238,6336.06,5,29.104,1586.42,4588.99,48.617,2,2,1.0,0.0,0.0,5,0.0,0,True,1746969014.06593,left,False
4606,1746969077.5457134,204.416,-6.67899,-0.984198,-0.184237,-0.0463479,6318.19,5,29.126,1587.67,4590.23,48.6167,2,2,1.0,0.0,0.0,5,0.0,0,True,1746969014.06593,left,False
4607,1746969077.5771382,204.511,-5.26283,-1.06413,-0.183008,-0.0403503,6301.68,5,29.148,1588.91,4591.48,48.6164,2,2,1.0,0.0,0.0,5,0.0,0,True,1746969014.06593,right,False
4608,1746969077.5900986,204.595,-3.94311,-1.12155,-0.181722,-0.0345061,6289.55,5,29.17,1590.16,4592.73,48.616,2,2,1.0,0.0,0.0,5,0.0,0,True,1746969014.06593,right,False
4609,1746969077.6137447,204.67,-2.73086,-1.16767,-0.180404,-0.0288718,6280.84,5,29.192,1591.4,4593.97,48.6157,2,2,1.0,0.0,0.0,5,0.0,0,True,1746969014.06593,right,False
4610,1746969077.6362402,204.735,-1.63405,-1.19529,-0.179073,-0.0234864,6275.4,5,29.214,1592.65,4595.22,48.6153,2,2,1.0,0.0,0.0,5,0.0,0,True,1746969014.06593,right,False
4611,1746969077.6572657,204.795,-0.653944,-1.19182,-0.177755,-0.0183786,6271.58,5,29.236,1593.9,4596.46,48.615,2,2,1.0,0.0,0.0,5,0.0,0,True,1746969014.06593,right,False
4612,1746969077.6790798,204.848,0.208644,-1.1701,-0.176489,-0.0135677,6269.62,5,29.258,1595.14,4597.71,48.6147,2,2,1.0,0.0,0.0,5,0.0,0,True,1746969014.06593,right,False
4613,1746969077.6989458,204.898,0.956611,-1.13423,-0.175285,-0.00906498,6268.65,5,29.28,1596.39,4598.96,48.6143,2,2,1.0,0.0,0.0,5,0.0,0,True,1746969014.06593,right,False
4614,1746969077.7239683,204.946,1.59389,-1.06848,-0.174158,-0.00487549,6267.47,5,29.302,1597.64,4600.21,48.614,2,2,1.0,0.0,0.0,5,0.0,0,True,1746969014.06593,right,False
4615,1746969077.7439935,204.991,2.12703,-0.998359,-0.173145,-0.000999276,6267.5,5,29.324,1598.89,4601.46,48.6137,2,2,1.0,0.0,0.0,5,0.0,0,True,1746969014.06593,right,False
4616,1746969077.7656326,205.034,2.56305,-0.903239,-0.172229,0.0025708,6267.95,5,29.346,1600.14,4602.7,48.6133,2,2,1.0,0.0,0.0,5,0.0,0,True,1746969014.06593,right,False
4617,1746969077.7878387,205.077,2.9079,-0.789391,-0.17146,0.00584,6267.17,5,29.368,1601.39,4603.95,48.613,2,2,1.0,0.0,0.0,5,0.0,0,True,1746969014.06593,right,False
4618,1746969077.8116102,205.119,3.1709,-0.664773,-0.170833,0.00882071,6268.5,5,29.39,1602.63,4605.2,48.6127,2,2,1.0,0.0,0.0,5,0.0,0,True,1746969014.06593,right,False
4619,1746969077.8331916,205.161,3.36103,-0.540945,-0.170353,0.0115296,6269.79,5,29.412,1603.88,4606.45,48.6123,2,2,1.0,0.0,0.0,5,0.0,0,True,1746969014.06593,right,False
4620,1746969077.8541238,205.203,3.48646,-0.401324,-0.170024,0.0139872,6270.51,5,29.434,1605.13,4607.7,48.612,2,2,1.0,0.0,0.0,5,0.0,0,True,1746969014.06593,right,False
4621,1746969077.875756,205.244,3.55753,-0.259752,-0.16984,0.0162103,6272.07,5,29.456,1606.38,4608.95,48.6117,2,2,1.0,0.0,0.0,5,0.0,0,True,1746969014.06593,right,False
4622,1746969077.8988457,205.287,3.57955,-0.117939,-0.16982,0.0182225,6273.18,5,29.478,1607.63,4610.2,48.6113,2,2,1.0,0.0,0.0,5,0.0,0,True,1746969014.06593,right,False
4623,1746969077.9207692,205.33,3.56373,0.0320318,-0.169975,0.020054,6272.34,5,29.5,1608.88,4611.45,48.611,2,2,1.0,0.0,0.0,5,0.0,0,True,1746969014.06593,right,False
4624,1746969077.9428363,205.373,3.51876,0.171035,-0.170272,0.021733,6274.18,5,29.522,1610.13,4612.7,48.6106,2,2,1.0,0.0,0.0,5,0.0,0,True,1746969014.06593,right,False
4625,1746969077.9647713,205.415,3.45115,0.305406,-0.170728,0.0232808,6275.14,5,29.544,1611.39,4613.95,48.6103,2,2,1.0,0.0,0.0,5,0.0,0,True,1746969014.06593,right,False
4626,1746969077.9869235,205.458,3.36617,0.444099,-0.171366,0.0247208,6275.86,5,29.566,1612.64,4615.2,48.61,2,2,1.0,0.0,0.0,5,0.0,0,True,1746969014.06593,right,False
4627,1746969078.0085764,205.501,3.27082,0.580829,-0.172148,0.0260751,6276.75,5,29.588,1613.89,4616.45,48.6096,2,2,1.0,0.0,0.0,5,0.0,0,True,1746969014.06593,right,False
4628,1746969078.029106,205.543,3.1699,0.694876,-0.173083,0.0273635,6278.72,5,29.61,1615.14,4617.71,48.6093,2,2,1.0,0.0,0.0,5,0.0,0,True,1746969014.06593,right,False
4629,1746969078.0519035,205.585,3.06654,0.812338,-0.174162,0.0286013,6280.54,5,29.632,1616.39,4618.96,48.609,2,2,1.0,0.0,0.0,5,0.0,0,True,1746969014.06593,right,False
4630,1746969078.0733702,205.626,2.96235,0.916619,-0.175391,0.0297963,6282.05,5,29.654,1617.64,4620.21,48.6086,2,2,1.0,0.0,0.0,5,0.0,0,True,1746969014.06593,right,False
4631,1746969078.0956628,205.668,2.85836,1.01806,-0.176766,0.0309569,6283.76,5,29.676,1618.9,4621.46,48.6083,2,2,1.0,0.0,0.0,5,0.0,0,True,1746969014.06593,right,False
4632,1746969078.1177962,205.709,2.75627,1.12289,-0.178284,0.0320927,6284.13,5,29.698,1620.15,4622.71,48.608,2,2,1.0,0.0,0.0,5,0.0,0,True,1746969014.06593,right,False
4633,1746969078.1392486,205.75,2.65871,1.21766,-0.179907,0.033209,6285.99,5,29.72,1621.4,4623.97,48.6076,2,2,1.0,0.0,0.1,5,0.0,0,True,1746969014.06593,right,False
4634,1746969078.1631262,205.79,2.566,1.29744,-0.181673,0.0343139,6287.84,5,29.742,1622.65,4625.22,48.6073,2,2,1.0,0.0,0.1,5,0.0,0,True,1746969014.06593,right,False
4635,1746969078.1851735,205.831,2.47774,1.37741,-0.183586,0.0354115,6289.08,5,29.764,1623.91,4626.47,48.607,2,2,1.0,0.0,0.1,5,0.0,0,True,1746969014.06593,right,False
4636,1746969078.2066593,205.87,2.39523,1.45878,-0.185604,0.0365064,6290.83,5,29.786,1625.16,4627.73,48.6066,2,2,1.0,0.0,0.1,5,0.0,0,True,1746969014.06593,right,False
4637,1746969078.229866,205.911,2.31758,1.53528,-0.187764,0.0376002,6291.3,5,29.808,1626.41,4628.98,48.6063,2,2,1.0,0.0,0.1,5,0.0,0,True,1746969014.06593,right,False
4638,1746969078.252474,205.936,2.39116,1.59757,-0.189982,0.037769,6295.9,5,29.83,1627.67,4630.23,48.6059,2,2,1.0,0.0,0.1,5,0.0,0,True,1746969014.06593,right,False
4639,1746969078.2715275,205.961,2.05255,1.64603,-0.192167,0.0354773,6301.38,5,29.852,1628.92,4631.48,48.6056,2,2,1.0,0.0,0.1,5,0.0,0,True,1746969014.06593,right,False
4640,1746969078.2948399,205.988,1.28231,1.66709,-0.194312,0.0310084,6307.82,5,29.874,1630.17,4632.74,48.6053,2,2,1.0,0.0,0.1,5,0.0,0,True,1746969014.06593,right,False
4641,1746969078.316499,206.01,0.172249,1.66529,-0.196407,0.024717,6316.02,5,29.896,1631.43,4633.99,48.6049,2,2,1.0,0.0,0.1,5,0.0,0,True,1746969014.06593,right,False
4642,1746969078.3386545,206.022,-1.18941,1.63658,-0.198425,0.016957,6325.65,5,29.918,1632.68,4635.25,48.6046,2,2,1.0,0.0,0.0,5,0.0,0,True,1746969014.06593,left,False
4643,1746969078.3605971,206.018,-2.7235,1.58754,-0.200346,0.0080859,6336.34,5,29.94,1633.93,4636.5,48.6043,2,2,1.0,0.0,0.0,5,0.0,0,True,1746969014.06593,left,False
4644,1746969078.383973,205.994,-4.36604,1.50458,-0.20214,-0.00156337,6351.53,5,29.962,1635.19,4637.75,48.6039,2,2,1.0,0.0,0.0,5,0.0,0,True,1746969014.06593,left,False
4645,1746969078.4044642,205.947,-6.05775,1.40179,-0.203784,-0.0117,6368.4,5,29.984,1636.44,4639.01,48.6036,2,2,1.0,0.0,0.0,5,0.0,0,True,1746969014.06593,left,False
4646,1746969078.4265401,205.876,-7.75863,1.27815,-0.205261,-0.0220893,6391,5,30.006,1637.69,4640.26,48.6033,2,2,1.0,0.0,0.0,5,0.0,0,True,1746969014.06593,left,False
4647,1746969078.4486449,205.81,-9.50671,1.13903,-0.20658,-0.0321162,6406.51,5,30.028,1638.95,4641.51,48.6029,2,2,1.0,0.0,0.0,5,0.0,0,True,1746969014.06593,left,False
4648,1746969078.4712703,205.751,-10.9997,0.989015,-0.207756,-0.040911,6410.42,5,30.05,1640.2,4642.77,48.6026,2,2,1.0,0.0,0.0,5,0.0,0,True,1746969014.06593,left,False
4649,1746969078.493643,205.7,-12.2207,0.843196,-0.208797,-0.0486262,6404.85,5,30.072,1641.45,4644.02,48.6023,2,2,1.0,0.0,0.0,5,0.0,0,True,1746969014.06593,left,False
4650,1746969078.5157566,205.654,-13.2184,0.686648,-0.209664,-0.055446,6398.01,5,30.094,1642.71,4645.27,48.6019,2,2,1.0,0.0,0.0,5,0.0,0,True,1746969014.06593,left,False
4651,1746969078.5369568,205.615,-14.0286,0.542516,-0.210347,-0.0615347,6385.94,5,30.116,1643.96,4646.53,48.6016,2,2,1.0,0.0,0.0,5,0.0,0,True,1746969014.06593,left,False
4652,1746969078.5590744,205.576,-14.6904,0.397905,-0.210844,-0.0670374,6379.87,5,30.138,1645.22,4647.78,48.6012,2,2,1.0,0.0,0.0,5,0.0,0,True,1746969014.06593,left,False
4653,1746969078.5825,205.541,-15.2314,0.25028,-0.211141,-0.0720471,6372.9,5,30.16,1646.47,4649.04,48.6009,2,2,1.0,0.0,0.0,5,0.0,0,True,1746969014.06593,left,False
4654,1746969078.6012235,205.507,-15.6743,0.0955216,-0.211235,-0.0766433,6371.83,5,30.182,1647.72,4650.29,48.6006,2,2,1.0,0.0,0.0,5,0.0,0,True,1746969014.06593,left,False
4655,1746969078.6251218,205.476,-16.0282,-0.0492509,-0.211121,-0.0808738,6370.12,5,30.204,1648.98,4651.54,48.6002,2,2,1.0,0.0,0.0,5,0.0,0,True,1746969014.06593,left,False
4656,1746969078.6465144,205.448,-16.2935,-0.199274,-0.210779,-0.0847238,6372.23,5,30.226,1650.23,4652.8,48.5999,2,2,1.0,0.0,0.0,5,0.0,0,True,1746969014.06593,left,False
4657,1746969078.6681137,205.424,-16.4778,-0.350057,-0.210229,-0.088208,6375.93,5,30.248,1651.49,4654.05,48.5996,2,2,1.0,0.0,0.0,5,0.0,0,True,1746969014.06593,left,False
4658,1746969078.688755,205.405,-16.5919,-0.497951,-0.209452,-0.091347,6380.31,5,30.27,1652.74,4655.31,48.5992,2,2,1.0,0.0,0.0,5,0.0,0,True,1746969014.06593,left,False
4659,1746969078.7128212,205.39,-16.6304,-0.656418,-0.208464,-0.0941137,6386.95,5,30.292,1653.99,4656.56,48.5989,2,2,1.0,0.0,0.0,5,0.0,0,True,1746969014.06593,left,False
4660,1746969078.7346046,205.383,-16.5883,-0.810632,-0.207247,-0.096485,6393,5,30.314,1655.25,4657.81,48.5986,2,2,1.0,0.0,0.0,5,0.0,0,True,1746969014.06593,left,False
4661,1746969078.7564616,205.384,-16.463,-0.965898,-0.205819,-0.0984433,6397.33,5,30.336,1656.5,4659.07,48.5982,2,2,1.0,0.0,0.0,5,0.0,0,True,1746969014.06593,left,False
4662,1746969078.779126,205.393,-16.2503,-1.12317,-0.204171,-0.0999616,6401.64,5,30.358,1657.76,4660.32,48.5979,2,2,1.0,0.0,0.0,5,0.0,0,True,1746969014.06593,left,False
4663,1746969078.8006196,205.413,-15.9501,-1.27086,-0.202307,-0.101032,6403.38,5,30.38,1659.01,4661.57,48.5976,2,2,1.0,0.0,0.0,5,0.0,0,True,1746969014.06593,left,False
4664,1746969078.8248549,205.439,-15.5673,-1.42428,-0.200228,-0.101641,6406.84,5,30.402,1660.26,4662.83,48.5972,2,2,1.0,0.0,0.0,5,0.0,0,True,1746969014.06593,left,False
4665,1746969078.8445566,205.476,-15.0951,-1.57051,-0.197945,-0.101786,6406.1,5,30.424,1661.52,4664.08,48.5969,2,2,1.0,0.0,0.0,5,0.0,0,True,1746969014.06593,left,False
4666,1746969078.8672347,205.522,-14.5481,-1.71934,-0.195451,-0.101484,6404.46,5,30.446,1662.77,4665.33,48.5965,2,2,1.0,0.0,0.0,5,0.0,0,True,1746969014.06593,left,False
4667,1746969078.88746,205.574,-13.924,-1.86452,-0.192765,-0.100748,6403.25,5,30.468,1664.02,4666.59,48.5962,2,2,1.0,0.0,0.0,5,0.0,0,True,1746969014.06593,left,False
4668,1746969078.9105787,205.637,-13.2273,-2.0012,-0.189884,-0.099583,6396.53,5,30.49,1665.28,4667.84,48.5959,2,2,1.0,0.0,0.0,5,0.0,0,True,1746969014.06593,left,False
4669,1746969078.9332957,205.706,-12.4712,-2.13138,-0.186812,-0.0980485,6388.74,5,30.512,1666.53,4669.09,48.5955,2,2,1.0,0.0,0.0,5,0.0,0,True,1746969014.06593,left,False
4670,1746969078.9556637,205.777,-11.6714,-2.26113,-0.183565,-0.0961726,6384.11,5,30.534,1667.78,4670.35,48.5952,2,2,1.0,0.0,0.0,5,0.0,0,True,1746969014.06593,left,False
4671,1746969078.9768229,205.854,-10.8295,-2.37653,-0.180139,-0.0939944,6373.66,5,30.556,1669.04,4671.6,48.5949,2,2,1.0,0.0,0.0,5,0.0,0,True,1746969014.06593,left,False
4672,1746969079.0010712,205.93,-9.97147,-2.49858,-0.176571,-0.0915712,6367.99,5,30.578,1670.29,4672.86,48.5945,2,2,1.0,0.0,0.0,5,0.0,0,True,1746969014.06593,left,False
4673,1746969079.0201426,206.009,-9.09192,-2.60266,-0.172856,-0.0889209,6359.77,5,30.6,1671.55,4674.11,48.5942,2,2,1.0,0.0,0.0,5,0.0,0,True,1746969014.06593,left,False
4674,1746969079.0412755,206.087,-8.21008,-2.70132,-0.16901,-0.0860961,6353.62,5,30.622,1672.8,4675.37,48.5939,2,2,1.0,0.0,0.0,5,0.0,0,True,1746969014.06593,left,False
4675,1746969079.0636926,206.166,-7.33272,-2.78579,-0.165051,-0.0831311,6345.64,5,30.644,1674.06,4676.62,48.5935,2,2,1.0,0.0,0.0,5,0.0,0,True,1746969014.06593,left,False
4676,1746969079.0873702,206.241,-6.47131,-2.86196,-0.160982,-0.0800603,6341.23,5,30.666,1675.31,4677.88,48.5932,2,2,1.0,0.0,0.0,5,0.0,0,True,1746969014.06593,left,False
4677,1746969079.1085322,206.316,-5.63018,-2.92255,-0.156832,-0.0769132,6335.31,5,30.688,1676.57,4679.13,48.5929,2,2,1.0,0.0,0.0,5,0.0,0,True,1746969014.06593,left,False
4678,1746969079.130689,206.386,-4.82504,-2.98207,-0.152608,-0.0737327,6333.88,5,30.71,1677.82,4680.39,48.5925,2,2,1.0,0.0,0.0,5,0.0,0,True,1746969014.06593,left,False
4679,1746969079.1509764,206.455,-4.05368,-3.02235,-0.148332,-0.0705341,6330.35,5,30.732,1679.08,4681.64,48.5922,2,2,1.0,0.0,0.0,5,0.0,0,True,1746969014.06593,left,False
4680,1746969079.174236,206.522,-3.32502,-3.05286,-0.144014,-0.0673526,6328.01,5,30.754,1680.33,4682.9,48.5919,2,2,1.0,0.0,0.0,5,0.0,0,True,1746969014.06593,left,False
4681,1746969079.1954715,206.588,-2.6415,-3.07215,-0.139673,-0.0642026,6325.66,5,30.776,1681.59,4684.16,48.5915,2,2,1.0,0.0,0.0,5,0.0,0,True,1746969014.06593,left,False
4682,1746969079.2178607,206.65,-2.00668,-3.07509,-0.135331,-0.0611094,6324.66,5,30.798,1682.85,4685.41,48.5912,2,2,1.0,0.0,0.0,5,0.0,0,True,1746969014.06593,left,False
4683,1746969079.2405944,206.711,-1.42124,-3.06698,-0.130998,-0.0580815,6324.09,5,30.82,1684.11,4686.67,48.5908,2,2,1.0,0.0,0.0,5,0.0,0,True,1746969014.06593,left,False
4684,1746969079.2617595,206.77,-0.887081,-3.04839,-0.126685,-0.0551379,6323.7,5,30.842,1685.37,4687.93,48.5905,2,2,1.0,0.0,0.0,5,0.0,0,True,1746969014.06593,left,False
4685,1746969079.2848232,206.827,-0.40359,-3.01828,-0.122404,-0.0522864,6324.7,5,30.864,1686.62,4689.19,48.5902,2,2,1.0,0.0,0.0,5,0.0,0,True,1746969014.06593,left,False
4686,1746969079.307195,206.883,0.0304697,-2.97881,-0.11818,-0.0495341,6324.51,5,30.886,1687.88,4690.45,48.5898,2,2,1.0,0.0,0.0,5,0.0,0,True,1746969014.06593,right,False
4687,1746969079.327812,206.937,0.415561,-2.92511,-0.114018,-0.0468896,6325.34,5,30.908,1689.14,4691.71,48.5895,2,2,1.0,0.0,0.0,5,0.0,0,True,1746969014.06593,right,False
4688,1746969079.3506298,206.991,0.75453,-2.87058,-0.109924,-0.0443547,6326.74,5,30.93,1690.4,4692.97,48.5892,2,2,1.0,0.0,0.0,5,0.0,0,True,1746969014.06593,right,False
4689,1746969079.3713293,207.044,1.04868,-2.80072,-0.105908,-0.0419334,6327.51,5,30.952,1691.67,4694.23,48.5888,2,2,1.0,0.0,0.0,5,0.0,0,True,1746969014.06593,right,False
4690,1746969079.395211,207.096,1.3012,-2.72424,-0.101986,-0.0396226,6328.1,5,30.974,1692.93,4695.49,48.5885,2,2,1.0,0.0,0.0,5,0.0,0,True,1746969014.06593,right,False
4691,1746969079.416415,207.147,1.51478,-2.64309,-0.0981567,-0.0374225,6329.46,5,30.996,1694.19,4696.75,48.5882,2,2,1.0,0.0,0.0,5,0.0,0,True,1746969014.06593,right,False
4692,1746969079.4388587,207.199,1.69215,-2.5553,-0.0944255,-0.0353316,6330.66,5,31.018,1695.45,4698.01,48.5878,2,2,1.0,0.0,0.0,5,0.0,0,True,1746969014.06593,right,False
4693,1746969079.4597197,207.25,1.83742,-2.46677,-0.0908081,-0.0333427,6331.44,5,31.04,1696.71,4699.28,48.5875,2,2,1.0,0.0,0.0,5,0.0,0,True,1746969014.06593,right,False
4694,1746969079.4837134,207.3,1.95433,-2.37638,-0.0872966,-0.0314458,6332.82,5,31.062,1697.98,4700.54,48.5872,2,2,1.0,0.0,0.0,5,0.0,0,True,1746969014.06593,right,False
4695,1746969079.503659,207.35,2.04594,-2.27913,-0.0838989,-0.0296314,6334.01,5,31.084,1699.24,4701.8,48.5868,2,2,1.0,0.0,0.0,5,0.0,0,True,1746969014.06593,right,False
4696,1746969079.5259326,207.4,2.11523,-2.18389,-0.0806152,-0.0278991,6334.3,5,31.106,1700.51,4703.07,48.5865,2,2,1.0,0.0,0.0,5,0.0,0,True,1746969014.06593,right,False
4697,1746969079.5499845,207.45,2.16627,-2.08746,-0.0774617,-0.026234,6335.87,5,31.128,1701.77,4704.33,48.5861,2,2,1.0,0.0,0.0,5,0.0,0,True,1746969014.06593,right,False
4698,1746969079.5687103,207.498,2.20198,-1.99896,-0.0744222,-0.0246308,6338.47,5,31.15,1703.04,4705.6,48.5858,2,2,1.0,0.0,0.0,5,0.0,0,True,1746969014.06593,right,False
4699,1746969079.59169,207.547,2.22411,-1.90135,-0.0715007,-0.0230787,6339.26,5,31.172,1704.3,4706.86,48.5855,2,2,1.0,0.0,0.0,5,0.0,0,True,1746969014.06593,right,False
4700,1746969079.6136558,207.596,2.23641,-1.81299,-0.0687093,-0.0215724,6341.16,5,31.194,1705.57,4708.13,48.5851,2,2,1.0,0.0,0.0,5,0.0,0,True,1746969014.06593,right,False
4701,1746969079.637438,207.644,2.23995,-1.72302,-0.066036,-0.0201047,6341.91,5,31.216,1706.83,4709.4,48.5848,2,2,1.0,0.0,0.0,5,0.0,0,True,1746969014.06593,right,False
4702,1746969079.6577375,207.693,2.23628,-1.62978,-0.0634847,-0.018668,6343.05,5,31.238,1708.1,4710.66,48.5845,2,2,1.0,0.0,0.0,5,0.0,0,True,1746969014.06593,right,False
4703,1746969079.6788566,207.74,2.2285,-1.54326,-0.0610636,-0.0172566,6344.53,5,31.26,1709.37,4711.93,48.5841,2,2,1.0,0.0,0.0,5,0.0,0,True,1746969014.06593,right,False
4704,1746969079.7052777,207.787,2.21715,-1.46646,-0.0587565,-0.0158685,6347.38,5,31.282,1710.64,4713.2,48.5838,2,2,1.0,0.0,0.0,5,0.0,0,True,1746969014.06593,right,False
4705,1746969079.723583,207.835,2.2012,-1.37395,-0.0565674,-0.0145,6347.14,5,31.304,1711.9,4714.47,48.5835,2,2,1.0,0.0,0.0,5,0.0,0,True,1746969014.06593,right,False
4706,1746969079.7490377,207.881,2.18389,-1.29542,-0.0545085,-0.0131486,6349.32,5,31.326,1713.17,4715.74,48.5831,2,2,1.0,0.0,0.0,5,0.0,0,True,1746969014.06593,right,False
4707,1746969079.7672977,207.928,2.16486,-1.21695,-0.0525675,-0.011813,6351.18,5,31.348,1714.44,4717,48.5828,2,2,1.0,0.0,0.0,5,0.0,0,True,1746969014.06593,right,False
4708,1746969079.7913723,207.974,2.14439,-1.14174,-0.0507406,-0.0104898,6352.85,5,31.37,1715.71,4718.27,48.5825,2,2,1.0,0.0,0.0,5,0.0,0,True,1746969014.06593,right,False
4709,1746969079.8111863,208.019,2.12234,-1.06118,-0.0490438,-0.00917846,6354.98,5,31.392,1716.98,4719.54,48.5821,2,2,1.0,0.0,0.0,5,0.0,0,True,1746969014.06593,right,False
4710,1746969079.8334076,208.065,2.10004,-0.983851,-0.047465,-0.00787574,6355.5,5,31.414,1718.25,4720.81,48.5818,2,2,1.0,0.0,0.0,5,0.0,0,True,1746969014.06593,right,False
4711,1746969079.8569489,208.11,2.07727,-0.908696,-0.0460002,-0.00658304,6357.23,5,31.436,1719.52,4722.08,48.5814,2,2,1.0,0.0,0.0,5,0.0,0,True,1746969014.06593,right,False
4712,1746969079.8791234,208.155,2.05454,-0.83485,-0.0446574,-0.00529939,6359.38,5,31.458,1720.79,4723.35,48.5811,2,2,1.0,0.0,0.0,5,0.0,0,True,1746969014.06593,right,False
4713,1746969079.9006934,208.199,2.03116,-0.758732,-0.0434326,-0.0040229,6360.52,5,31.48,1722.06,4724.63,48.5808,2,2,1.0,0.0,0.0,5,0.0,0,True,1746969014.06593,right,False
4714,1746969079.9207985,208.244,2.00842,-0.686555,-0.0423299,-0.00275261,6361.95,5,31.502,1723.33,4725.9,48.5804,2,2,1.0,0.0,0.0,5,0.0,0,True,1746969014.06593,right,False
4715,1746969079.944503,208.288,1.98618,-0.607907,-0.0413371,-0.00148613,6363.31,5,31.524,1724.6,4727.17,48.5801,2,2,1.0,0.0,0.0,5,0.0,0,True,1746969014.06593,right,False
4716,1746969079.9658012,208.332,1.96473,-0.537383,-0.0404582,-0.000222508,6365.11,5,31.546,1725.88,4728.44,48.5798,2,2,1.0,0.0,0.0,5,0.0,0,True,1746969014.06593,right,False
4717,1746969079.988419,208.375,1.9441,-0.462433,-0.0397013,0.0010392,6366.46,5,31.568,1727.15,4729.71,48.5794,2,2,1.0,0.0,0.0,5,0.0,0,True,1746969014.06593,right,False
4718,1746969080.0099764,208.419,1.92334,-0.381027,-0.0390584,0.00229901,6366.49,5,31.59,1728.42,4730.99,48.5791,2,2,1.0,0.0,0.0,5,0.0,0,True,1746969014.06593,right,False
4719,1746969080.0333822,208.461,1.90481,-0.310214,-0.0385335,0.00355786,6368.3,5,31.612,1729.69,4732.26,48.5788,2,2,1.0,0.0,0.0,5,0.0,0,True,1746969014.06593,right,False
4720,1746969080.0545952,208.504,1.88661,-0.235952,-0.0381144,0.0048148,6370.06,5,31.634,1730.97,4733.53,48.5784,2,2,1.0,0.0,0.0,5,0.0,0,True,1746969014.06593,right,False
4721,1746969080.0761569,208.546,1.86961,-0.160606,-0.0378133,0.00607079,6370.97,5,31.656,1732.24,4734.81,48.5781,2,2,1.0,0.0,0.0,5,0.0,0,True,1746969014.06593,right,False
4722,1746969080.10007,208.588,1.85409,-0.0881545,-0.0376261,0.00733059,6372.43,5,31.678,1733.51,4736.08,48.5778,2,2,1.0,0.0,0.0,5,0.0,0,True,1746969014.06593,right,False
4723,1746969080.1213355,208.629,1.83931,-0.01597,-0.0375529,0.00858944,6373.81,5,31.7,1734.79,4737.35,48.5774,2,2,1.0,0.0,0.1,5,0.0,0,True,1746969014.06593,right,False
4724,1746969080.1438184,208.671,1.8266,0.0621679,-0.0375936,0.00985306,6373.73,5,31.722,1736.06,4738.63,48.5771,2,2,1.0,0.0,0.1,5,0.0,0,True,1746969014.06593,right,False
4725,1746969080.1642194,208.712,1.81616,0.121059,-0.0377441,0.0111224,6376.34,5,31.744,1737.34,4739.9,48.5767,2,2,1.0,0.0,0.1,5,0.0,0,True,1746969014.06593,right,False
4726,1746969080.1871886,208.752,1.8072,0.189356,-0.0380046,0.0123956,6377.85,5,31.766,1738.61,4741.18,48.5764,2,2,1.0,0.0,0.1,5,0.0,0,True,1746969014.06593,right,False
4727,1746969080.2073894,208.793,1.79733,0.274605,-0.038383,0.0136687,6378.22,5,31.788,1739.89,4742.45,48.5761,2,2,1.0,0.0,0.1,5,0.0,0,True,1746969014.06593,right,False
4728,1746969080.2322645,208.818,1.92908,0.34507,-0.0388184,0.0140149,6381.73,5,31.81,1741.16,4743.73,48.5757,2,2,1.0,0.0,0.1,5,0.0,0,True,1746969014.06593,right,False
4729,1746969080.2518878,208.841,1.63979,0.39357,-0.0392171,0.0119378,6388.09,5,31.832,1742.44,4745,48.5754,2,2,1.0,0.0,0.1,5,0.0,0,True,1746969014.06593,right,False
4730,1746969080.2747772,208.866,0.918001,0.420921,-0.0395711,0.00771111,6394.52,5,31.854,1743.71,4746.28,48.5751,2,2,1.0,0.0,0.1,5,0.0,0,True,1746969014.06593,right,False
4731,1746969080.2972534,208.886,-0.148045,0.426328,-0.0398641,0.00168341,6402.36,5,31.876,1744.99,4747.55,48.5747,2,2,1.0,0.0,0.1,5,0.0,0,True,1746969014.06593,right,False
4732,1746969080.3190925,208.897,-1.46831,0.402454,-0.0400838,-0.00579769,6410.75,5,31.898,1746.26,4748.83,48.5744,2,2,1.0,0.0,0.0,5,0.0,0,True,1746969014.06593,left,False
4733,1746969080.342046,208.892,-2.96797,0.36021,-0.0402018,-0.0143846,6421.92,5,31.92,1747.54,4750.1,48.5741,2,2,1.0,0.0,0.0,5,0.0,0,True,1746969014.06593,left,False
4734,1746969080.361491,208.866,-4.58202,0.283726,-0.0401937,-0.0237549,6436.75,5,31.942,1748.81,4751.38,48.5737,2,2,1.0,0.0,0.0,5,0.0,0,True,1746969014.06593,left,False
4735,1746969080.3843305,208.819,-6.25044,0.19096,-0.0400309,-0.0336259,6453.74,5,31.964,1750.09,4752.65,48.5734,2,2,1.0,0.0,0.0,5,0.0,0,True,1746969014.06593,left,False
4736,1746969080.4068086,208.748,-7.9311,0.071632,-0.0397095,-0.0437444,6474.34,5,31.986,1751.37,4753.93,48.5731,2,2,1.0,0.0,0.0,5,0.0,0,True,1746969014.06593,left,False
4737,1746969080.4287765,208.684,-9.66099,-0.0585191,-0.0392293,-0.0535386,6488.06,5,32.008,1752.64,4755.2,48.5727,2,2,1.0,0.0,0.0,5,0.0,0,True,1746969014.06593,left,False
4738,1746969080.4486065,208.628,-11.1438,-0.200829,-0.0386149,-0.0621293,6490.18,5,32.03,1753.92,4756.48,48.5724,2,2,1.0,0.0,0.0,5,0.0,0,True,1746969014.06593,left,False
4739,1746969080.4739995,208.578,-12.3571,-0.341718,-0.037854,-0.0696619,6485.51,5,32.052,1755.19,4757.76,48.572,2,2,1.0,0.0,0.0,5,0.0,0,True,1746969014.06593,left,False
4740,1746969080.4940593,208.532,-13.3466,-0.485337,-0.0369344,-0.076319,6478.82,5,32.074,1756.47,4759.03,48.5717,2,2,1.0,0.0,0.0,5,0.0,0,True,1746969014.06593,left,False
4741,1746969080.516302,208.492,-14.153,-0.630427,-0.0358358,-0.0822604,6470.39,5,32.096,1757.74,4760.31,48.5714,2,2,1.0,0.0,0.0,5,0.0,0,True,1746969014.06593,left,False
4742,1746969080.5389473,208.455,-14.8108,-0.771363,-0.0345459,-0.0876139,6462.73,5,32.118,1759.02,4761.58,48.571,2,2,1.0,0.0,0.0,5,0.0,0,True,1746969014.06593,left,False
4743,1746969080.5589926,208.421,-15.3448,-0.9034,-0.0330648,-0.0924915,6455.77,5,32.14,1760.3,4762.86,48.5707,2,2,1.0,0.0,0.0,5,0.0,0,True,1746969014.06593,left,False
4744,1746969080.582947,208.387,-15.7828,-1.05594,-0.0313802,-0.096947,6456.36,5,32.162,1761.57,4764.14,48.5704,2,2,1.0,0.0,0.0,5,0.0,0,True,1746969014.06593,left,False
4745,1746969080.6030178,208.359,-16.1297,-1.20445,-0.0294922,-0.101033,6454.15,5,32.184,1762.85,4765.41,48.57,2,2,1.0,0.0,0.0,5,0.0,0,True,1746969014.06593,left,False
4746,1746969080.6274843,208.331,-16.3928,-1.34995,-0.0273926,-0.104758,6457.04,5,32.206,1764.12,4766.69,48.5697,2,2,1.0,0.0,0.0,5,0.0,0,True,1746969014.06593,left,False
4747,1746969080.6500404,208.31,-16.5773,-1.4998,-0.0250814,-0.108125,6459.52,5,32.228,1765.4,4767.96,48.5694,2,2,1.0,0.0,0.0,5,0.0,0,True,1746969014.06593,left,False
4748,1746969080.6705906,208.291,-16.6838,-1.65179,-0.0225464,-0.111122,6464.51,5,32.25,1766.68,4769.24,48.569,2,2,1.0,0.0,0.0,5,0.0,0,True,1746969014.06593,left,False
4749,1746969080.691331,208.281,-16.7095,-1.80651,-0.0198079,-0.113741,6468.07,5,32.272,1767.95,4770.52,48.5687,2,2,1.0,0.0,0.0,5,0.0,0,True,1746969014.06593,left,False
4750,1746969080.7157938,208.275,-16.6512,-1.95093,-0.0168538,-0.115972,6474.42,5,32.294,1769.23,4771.79,48.5684,2,2,1.0,0.0,0.0,5,0.0,0,True,1746969014.06593,left,False
4751,1746969080.736205,208.278,-16.514,-2.10726,-0.01368,-0.117781,6479.44,5,32.316,1770.5,4773.07,48.568,2,2,1.0,0.0,0.0,5,0.0,0,True,1746969014.06593,left,False
4752,1746969080.757045,208.291,-16.285,-2.25234,-0.0102987,-0.119161,6481.27,5,32.338,1771.78,4774.34,48.5677,2,2,1.0,0.0,0.0,5,0.0,0,True,1746969014.06593,left,False
4753,1746969080.778954,208.312,-15.9762,-2.40235,-0.00670166,-0.120104,6483.46,5,32.36,1773.05,4775.62,48.5673,2,2,1.0,0.0,0.0,5,0.0,0,True,1746969014.06593,left,False
4754,1746969080.8030918,208.341,-15.582,-2.54701,-0.00289714,-0.120611,6485.29,5,32.382,1774.33,4776.89,48.567,2,2,1.0,0.0,0.0,5,0.0,0,True,1746969014.06593,left,False
4755,1746969080.825376,208.376,-15.1169,-2.69754,0.00111491,-0.120698,6488.08,5,32.404,1775.6,4778.17,48.5667,2,2,1.0,0.0,0.0,5,0.0,0,True,1746969014.06593,left,False
4756,1746969080.8452492,208.423,-14.569,-2.83746,0.00532633,-0.120359,6485.81,5,32.426,1776.88,4779.44,48.5663,2,2,1.0,0.0,0.0,5,0.0,0,True,1746969014.06593,left,False
4757,1746969080.8676727,208.476,-13.959,-2.98206,0.009729,-0.119627,6482.81,5,32.448,1778.16,4780.72,48.566,2,2,1.0,0.0,0.0,5,0.0,0,True,1746969014.06593,left,False
4758,1746969080.8911483,208.537,-13.2903,-3.12026,0.0143229,-0.118538,6477.34,5,32.47,1779.43,4781.99,48.5657,2,2,1.0,0.0,0.0,5,0.0,0,True,1746969014.06593,left,False
4759,1746969080.9111898,208.604,-12.5648,-3.251,0.0190918,-0.117098,6470.27,5,32.492,1780.71,4783.27,48.5653,2,2,1.0,0.0,0.0,5,0.0,0,True,1746969014.06593,left,False
4760,1746969080.9349303,208.674,-11.7954,-3.37558,0.0240356,-0.115352,6463.58,5,32.514,1781.98,4784.54,48.565,2,2,1.0,0.0,0.0,5,0.0,0,True,1746969014.06593,left,False
4761,1746969080.9570844,208.747,-10.9904,-3.49393,0.0291463,-0.113318,6457.07,5,32.536,1783.26,4785.82,48.5647,2,2,1.0,0.0,0.0,5,0.0,0,True,1746969014.06593,left,False
4762,1746969080.9779797,208.821,-10.1623,-3.60639,0.0344076,-0.111036,6451.1,5,32.558,1784.53,4787.1,48.5643,2,2,1.0,0.0,0.0,5,0.0,0,True,1746969014.06593,left,False
4763,1746969080.999781,208.897,-9.31482,-3.7153,0.0398071,-0.108528,6446.31,5,32.58,1785.81,4788.37,48.564,2,2,1.0,0.0,0.0,5,0.0,0,True,1746969014.06593,left,False
4764,1746969081.0214007,208.975,-8.4537,-3.80083,0.0453369,-0.105827,6437.28,5,32.602,1787.09,4789.65,48.5637,2,2,1.0,0.0,0.0,5,0.0,0,True,1746969014.06593,left,False
4765,1746969081.0447102,209.051,-7.59645,-3.88803,0.0509847,-0.102966,6432.04,5,32.624,1788.36,4790.93,48.5633,2,2,1.0,0.0,0.0,5,0.0,0,True,1746969014.06593,left,False
4766,1746969081.0672424,209.126,-6.74709,-3.96466,0.0567301,-0.0999821,6428.31,5,32.646,1789.64,4792.2,48.563,2,2,1.0,0.0,0.0,5,0.0,0,True,1746969014.06593,left,False
4767,1746969081.0891557,209.199,-5.91631,-4.03227,0.062557,-0.0969027,6425.02,5,32.668,1790.92,4793.48,48.5626,2,2,1.0,0.0,0.0,5,0.0,0,True,1746969014.06593,left,False
4768,1746969081.1107333,209.272,-5.10839,-4.0809,0.068457,-0.0937608,6419.85,5,32.69,1792.2,4794.76,48.5623,2,2,1.0,0.0,0.0,5,0.0,0,True,1746969014.06593,left,False
4769,1746969081.1334116,209.34,-4.33438,-4.12615,0.0744141,-0.0905879,6418.85,5,32.712,1793.47,4796.04,48.562,2,2,1.0,0.0,0.0,5,0.0,0,True,1746969014.06593,left,False
4770,1746969081.1549258,209.408,-3.59634,-4.1549,0.0804036,-0.0874103,6415.71,5,32.734,1794.75,4797.32,48.5616,2,2,1.0,0.0,0.0,5,0.0,0,True,1746969014.06593,left,False
4771,1746969081.1750424,209.474,-2.90012,-4.16915,0.0864217,-0.0842498,6413.87,5,32.756,1796.03,4798.59,48.5613,2,2,1.0,0.0,0.0,5,0.0,0,True,1746969014.06593,left,False
4772,1746969081.1969235,209.537,-2.25016,-4.17566,0.0924398,-0.0811279,6412.49,5,32.778,1797.31,4799.87,48.561,2,2,1.0,0.0,0.0,5,0.0,0,True,1746969014.06593,left,False
4773,1746969081.2188377,209.599,-1.64777,-4.17134,0.0984538,-0.0780643,6412.28,5,32.8,1798.59,4801.15,48.5606,2,2,1.0,0.0,0.0,5,0.0,0,True,1746969014.06593,left,False
4774,1746969081.2413456,209.658,-1.09452,-4.14997,0.104443,-0.0750726,6411.94,5,32.822,1799.87,4802.44,48.5603,2,2,1.0,0.0,0.0,5,0.0,0,True,1746969014.06593,left,False
4775,1746969081.265333,209.715,-0.591383,-4.12362,0.110404,-0.0721667,6412.39,5,32.844,1801.15,4803.72,48.56,2,2,1.0,0.0,0.0,5,0.0,0,True,1746969014.06593,left,False
4776,1746969081.285376,209.773,-0.137865,-4.07976,0.116309,-0.0693567,6411.42,5,32.866,1802.43,4805,48.5596,2,2,1.0,0.0,0.0,5,0.0,0,True,1746969014.06593,left,False
4777,1746969081.3083625,209.828,0.266769,-4.0334,0.122152,-0.0666493,6412.4,5,32.888,1803.72,4806.28,48.5593,2,2,1.0,0.0,0.0,5,0.0,0,True,1746969014.06593,left,False
4778,1746969081.3320634,209.881,0.624669,-3.97303,0.127922,-0.0640486,6413.31,5,32.91,1805,4807.56,48.559,2,2,1.0,0.0,0.0,5,0.0,0,True,1746969014.06593,left,False
4779,1746969081.352973,209.935,0.93713,-3.90355,0.133622,-0.0615576,6413.86,5,32.932,1806.28,4808.85,48.5586,2,2,1.0,0.0,0.0,5,0.0,0,True,1746969014.06593,left,False
4780,1746969081.3742638,209.987,1.20697,-3.82854,0.139225,-0.0591767,6414.53,5,32.954,1807.57,4810.13,48.5583,2,2,1.0,0.0,0.0,5,0.0,0,True,1746969014.06593,left,False
4781,1746969081.3975463,210.039,1.43711,-3.74876,0.144735,-0.056907,6416.26,5,32.976,1808.85,4811.42,48.5579,2,2,1.0,0.0,0.0,5,0.0,0,True,1746969014.06593,left,False
4782,1746969081.421254,210.09,1.63016,-3.66686,0.150138,-0.0547445,6417.16,5,32.998,1810.14,4812.7,48.5576,2,2,1.0,0.0,0.0,5,0.0,0,True,1746969014.06593,left,False
4783,1746969081.4408822,210.142,1.78964,-3.57247,0.155436,-0.0526817,6417.31,5,33.02,1811.42,4813.99,48.5573,2,2,1.0,0.0,0.0,5,0.0,0,True,1746969014.06593,left,False
4784,1746969081.460743,210.192,1.91941,-3.4772,0.160616,-0.0507119,6418.5,5,33.042,1812.71,4815.27,48.5569,2,2,1.0,0.0,0.0,5,0.0,0,True,1746969014.06593,left,False
4785,1746969081.4841807,210.241,2.02392,-3.38817,0.165686,-0.0488275,6421.14,5,33.064,1814,4816.56,48.5566,2,2,1.0,0.0,0.0,5,0.0,0,True,1746969014.06593,left,False
4786,1746969081.5059285,210.291,2.10459,-3.29647,0.170638,-0.0470231,6422.28,5,33.086,1815.28,4817.85,48.5563,2,2,1.0,0.0,0.0,5,0.0,0,True,1746969014.06593,left,False
4787,1746969081.528517,210.341,2.16492,-3.19664,0.17546,-0.0452912,6423.04,5,33.108,1816.57,4819.13,48.5559,2,2,1.0,0.0,0.0,5,0.0,0,True,1746969014.06593,left,False
4788,1746969081.5498168,210.391,2.208,-3.09758,0.180155,-0.0436223,6424,5,33.13,1817.86,4820.42,48.5556,2,2,1.0,0.0,0.0,5,0.0,0,True,1746969014.06593,left,False
4789,1746969081.5736895,210.44,2.23688,-2.99984,0.184729,-0.0420106,6425.16,5,33.152,1819.15,4821.71,48.5553,2,2,1.0,0.0,0.0,5,0.0,0,True,1746969014.06593,left,False
4790,1746969081.5954275,210.488,2.25427,-2.9109,0.189181,-0.0404475,6427.63,5,33.174,1820.44,4823,48.5549,2,2,1.0,0.0,0.0,5,0.0,0,True,1746969014.06593,left,False
4791,1746969081.616146,210.536,2.26088,-2.81574,0.193498,-0.0389288,6428.89,5,33.196,1821.73,4824.29,48.5546,2,2,1.0,0.0,0.0,5,0.0,0,True,1746969014.06593,left,False
4792,1746969081.639152,210.584,2.25969,-2.72448,0.197689,-0.0374482,6430.26,5,33.218,1823.02,4825.58,48.5543,2,2,1.0,0.0,0.0,5,0.0,0,True,1746969014.06593,left,False
4793,1746969081.6612105,210.632,2.25146,-2.63131,0.201762,-0.0359996,6431.2,5,33.24,1824.31,4826.87,48.5539,2,2,1.0,0.0,0.0,5,0.0,0,True,1746969014.06593,left,False
4794,1746969081.6835587,210.679,2.23834,-2.54714,0.205701,-0.0345815,6433.51,5,33.262,1825.6,4828.16,48.5536,2,2,1.0,0.0,0.0,5,0.0,0,True,1746969014.06593,left,False
4795,1746969081.704373,210.726,2.22092,-2.45561,0.209513,-0.0331858,6434.74,5,33.284,1826.89,4829.46,48.5532,2,2,1.0,0.0,0.0,5,0.0,0,True,1746969014.06593,left,False
4796,1746969081.7270546,210.774,2.20098,-2.371,0.213204,-0.0318077,6435.78,5,33.306,1828.18,4830.75,48.5529,2,2,1.0,0.0,0.0,5,0.0,0,True,1746969014.06593,left,False
4797,1746969081.7483506,210.82,2.17896,-2.28496,0.216764,-0.0304444,6437.53,5,33.328,1829.48,4832.04,48.5526,2,2,1.0,0.0,0.0,5,0.0,0,True,1746969014.06593,left,False
4798,1746969081.770789,210.866,2.15706,-2.20337,0.220203,-0.0290931,6439.76,5,33.35,1830.77,4833.33,48.5522,2,2,1.0,0.0,0.0,5,0.0,0,True,1746969014.06593,left,False
4799,1746969081.793482,210.912,2.1334,-2.12119,0.223515,-0.0277517,6440.23,5,33.372,1832.06,4834.63,48.5519,2,2,1.0,0.0,0.0,5,0.0,0,True,1746969014.06593,left,False
4800,1746969081.8132439,210.958,2.10916,-2.03589,0.226709,-0.0264209,6441.55,5,33.394,1833.36,4835.92,48.5516,2,2,1.0,0.0,0.0,5,0.0,0,True,1746969014.06593,left,False
4801,1746969081.8361974,211.003,2.08548,-1.95993,0.229777,-0.0250981,6443.45,5,33.416,1834.65,4837.22,48.5512,2,2,1.0,0.0,0.0,5,0.0,0,True,1746969014.06593,left,False
4802,1746969081.8592856,211.048,2.06142,-1.8789,0.232719,-0.0237826,6444.65,5,33.438,1835.95,4838.51,48.5509,2,2,1.0,0.0,0.0,5,0.0,0,True,1746969014.06593,left,False
4803,1746969081.8804615,211.092,2.03785,-1.80107,0.235543,-0.0224717,6446.22,5,33.46,1837.24,4839.81,48.5506,2,2,1.0,0.0,0.0,5,0.0,0,True,1746969014.06593,left,False
4804,1746969081.9050062,211.136,2.01467,-1.72271,0.238245,-0.0211661,6447.87,5,33.482,1838.54,4841.1,48.5502,2,2,1.0,0.0,0.0,5,0.0,0,True,1746969014.06593,left,False
4805,1746969081.9253902,211.181,1.99204,-1.64487,0.240824,-0.0198625,6448.87,5,33.504,1839.84,4842.4,48.5499,2,2,1.0,0.0,0.0,5,0.0,0,True,1746969014.06593,left,False
4806,1746969081.945967,211.224,1.97083,-1.56904,0.243282,-0.0185617,6450.55,5,33.526,1841.13,4843.7,48.5496,2,2,1.0,0.0,0.0,5,0.0,0,True,1746969014.06593,left,False
4807,1746969081.9680886,211.268,1.9499,-1.48839,0.245614,-0.0172609,6450.91,5,33.548,1842.43,4844.99,48.5492,2,2,1.0,0.0,0.0,5,0.0,0,True,1746969014.06593,left,False
4808,1746969081.991183,211.311,1.93213,-1.41317,0.247831,-0.0159572,6452.88,5,33.57,1843.73,4846.29,48.5489,2,2,1.0,0.0,0.0,5,0.0,0,True,1746969014.06593,left,False
4809,1746969082.011518,211.353,1.91483,-1.33682,0.249927,-0.0146535,6454.44,5,33.592,1845.03,4847.59,48.5485,2,2,1.0,0.0,0.0,5,0.0,0,True,1746969014.06593,left,False
4810,1746969082.0340967,211.396,1.89916,-1.26322,0.251912,-0.0133465,6455.72,5,33.614,1846.32,4848.89,48.5482,2,2,1.0,0.0,0.0,5,0.0,0,True,1746969014.06593,left,False
4811,1746969082.0570574,211.438,1.88421,-1.18507,0.253776,-0.0120404,6457.26,5,33.636,1847.62,4850.19,48.5479,2,2,1.0,0.0,0.0,5,0.0,0,True,1746969014.06593,left,False
4812,1746969082.0771585,211.479,1.87016,-1.11017,0.255522,-0.0107344,6458.3,5,33.658,1848.92,4851.49,48.5475,2,2,1.0,0.0,0.0,5,0.0,0,True,1746969014.06593,left,False
4813,1746969082.100114,211.521,1.85611,-1.03424,0.257141,-0.00943119,6459.91,5,33.68,1850.22,4852.78,48.5472,2,2,1.0,0.0,0.0,5,0.0,0,True,1746969014.06593,left,False
4814,1746969082.1231637,211.562,1.8432,-0.960517,0.258651,-0.00812751,6461.31,5,33.702,1851.52,4854.08,48.5469,2,2,1.0,0.0,0.0,5,0.0,0,True,1746969014.06593,left,False
4815,1746969082.1451614,211.603,1.83097,-0.879665,0.260042,-0.00682193,6461.87,5,33.724,1852.82,4855.38,48.5465,2,2,1.0,0.0,0.0,5,0.0,0,True,1746969014.06593,left,False
4816,1746969082.1663368,211.644,1.81972,-0.798393,0.261312,-0.00551445,6462.6,5,33.746,1854.12,4856.68,48.5462,2,2,1.0,0.0,0.0,5,0.0,0,True,1746969014.06593,left,False
4817,1746969082.1882732,211.684,1.81034,-0.720672,0.262467,-0.00420219,6464.06,5,33.768,1855.42,4857.98,48.5459,2,2,1.0,0.0,0.0,5,0.0,0,True,1746969014.06593,left,False
4818,1746969082.211201,211.724,1.80194,-0.645958,0.263509,-0.0028885,6465.54,5,33.79,1856.72,4859.29,48.5455,2,2,1.0,0.0,0.0,5,0.0,0,True,1746969014.06593,left,False
4819,1746969082.2320428,211.764,1.79407,-0.567741,0.264433,-0.00157148,6466.13,5,33.812,1858.02,4860.59,48.5452,2,2,1.0,0.0,0.0,5,0.0,0,True,1746969014.06593,left,False
4820,1746969082.2538922,211.803,1.78774,-0.491805,0.265243,-0.000251595,6467.08,5,33.834,1859.32,4861.89,48.5449,2,2,1.0,0.0,0.0,5,0.0,0,True,1746969014.06593,left,False
4821,1746969082.2763188,211.842,1.78216,-0.417727,0.26593,0.00107067,6468.75,5,33.856,1860.63,4863.19,48.5445,2,2,1.0,0.0,0.0,5,0.0,0,True,1746969014.06593,left,False
4822,1746969082.2998931,211.88,1.77767,-0.339351,0.266504,0.00239724,6470.43,5,33.878,1861.93,4864.49,48.5442,2,2,1.0,0.0,0.0,5,0.0,0,True,1746969014.06593,left,False
4823,1746969082.320457,211.919,1.77379,-0.257602,0.26696,0.00372666,6470.37,5,33.9,1863.23,4865.79,48.5438,2,2,1.0,0.0,0.0,5,0.0,0,True,1746969014.06593,left,False
4824,1746969082.3429885,211.956,1.7709,-0.187303,0.267301,0.00505846,6472.19,5,33.922,1864.53,4867.1,48.5435,2,2,1.0,0.0,0.0,5,0.0,0,True,1746969014.06593,left,False
4825,1746969082.3637283,211.995,1.76819,-0.106056,0.267525,0.00639218,6472.17,5,33.944,1865.83,4868.4,48.5432,2,2,1.0,0.0,0.0,5,0.0,0,True,1746969014.06593,left,False
4826,1746969082.3859634,212.032,1.76649,-0.0262532,0.267635,0.00773161,6473.64,5,33.966,1867.14,4869.7,48.5428,2,2,1.0,0.0,0.0,5,0.0,0,True,1746969014.06593,left,False
4827,1746969082.4091063,212.069,1.76591,0.0524003,0.267623,0.00907534,6474.97,5,33.988,1868.44,4871,48.5425,2,2,1.0,0.0,0.0,5,0.0,0,True,1746969014.06593,left,False
4828,1746969082.4306874,212.105,1.76557,0.124975,0.267501,0.0104176,6476.93,5,34.01,1869.74,4872.31,48.5422,2,2,1.0,0.0,0.0,5,0.0,0,True,1746969014.06593,left,False
4829,1746969082.4514525,212.141,1.76529,0.200372,0.267261,0.0117609,6478.93,5,34.032,1871.05,4873.61,48.5418,2,2,1.0,0.0,0.0,5,0.0,0,True,1746969014.06593,left,False
4830,1746969082.4742043,212.177,1.76561,0.274114,0.266907,0.013106,6479.15,5,34.054,1872.35,4874.92,48.5415,2,2,1.0,0.0,0.0,5,0.0,0,True,1746969014.06593,left,False
4831,1746969082.4957223,212.213,1.76582,0.350234,0.266431,0.0144536,6479.83,5,34.076,1873.65,4876.22,48.5412,2,2,1.0,0.0,0.0,5,0.0,0,True,1746969014.06593,left,False
4832,1746969082.5178573,212.249,1.7667,0.42727,0.265841,0.0158049,6480.83,5,34.098,1874.96,4877.52,48.5408,2,2,1.0,0.0,0.0,5,0.0,0,True,1746969014.06593,left,False
4833,1746969082.541616,212.283,1.76868,0.498935,0.265133,0.0171592,6482.55,5,34.12,1876.26,4878.83,48.5405,2,2,1.0,0.0,0.0,5,0.0,0,True,1746969014.06593,left,False
4834,1746969082.5627341,212.318,1.77027,0.576817,0.264311,0.0185153,6483.29,5,34.142,1877.57,4880.13,48.5402,2,2,1.0,0.0,0.0,5,0.0,0,True,1746969014.06593,left,False
4835,1746969082.585044,212.353,1.77284,0.650329,0.263371,0.0198752,6484.35,5,34.164,1878.87,4881.44,48.5398,2,2,1.0,0.0,0.0,5,0.0,0,True,1746969014.06593,left,False
4836,1746969082.6072607,212.387,1.77515,0.727418,0.262309,0.0212352,6484.97,5,34.186,1880.18,4882.74,48.5395,2,2,1.0,0.0,0.0,5,0.0,0,True,1746969014.06593,left,False
4837,1746969082.629034,212.421,1.77789,0.803549,0.261133,0.0225989,6486.26,5,34.208,1881.48,4884.05,48.5391,2,2,1.0,0.0,0.0,5,0.0,0,True,1746969014.06593,left,False
4838,1746969082.649074,212.455,1.7802,0.881472,0.259839,0.0239617,6486.69,5,34.23,1882.79,4885.35,48.5388,2,2,1.0,0.0,0.0,5,0.0,0,True,1746969014.06593,left,False
4839,1746969082.6752133,212.488,1.78282,0.955614,0.258435,0.0253264,6487.8,5,34.252,1884.09,4886.66,48.5385,2,2,1.0,0.0,0.0,5,0.0,0,True,1746969014.06593,left,False
4840,1746969082.695344,212.52,1.78501,1.03746,0.256905,0.0266921,6488.85,5,34.274,1885.4,4887.96,48.5381,2,2,1.0,0.0,0.0,5,0.0,0,True,1746969014.06593,left,False
4841,1746969082.7158804,212.553,1.78723,1.11542,0.255265,0.0280568,6490.19,5,34.296,1886.7,4889.27,48.5378,2,2,1.0,0.0,0.0,5,0.0,0,True,1746969014.06593,left,False
4842,1746969082.7369316,212.585,1.7895,1.18777,0.253499,0.029421,6491.71,5,34.318,1888.01,4890.57,48.5375,2,2,1.0,0.0,0.0,5,0.0,0,True,1746969014.06593,left,False
4843,1746969082.7608101,212.617,1.79089,1.26831,0.251619,0.0307853,6491.66,5,34.34,1889.32,4891.88,48.5371,2,2,1.0,0.0,0.0,5,0.0,0,True,1746969014.06593,left,False
4844,1746969082.7833507,212.649,1.79281,1.34281,0.249622,0.03215,6492.89,5,34.362,1890.62,4893.19,48.5368,2,2,1.0,0.0,0.0,5,0.0,0,True,1746969014.06593,left,False
4845,1746969082.8046296,212.68,1.79406,1.42188,0.247502,0.0335137,6493.96,5,34.384,1891.93,4894.49,48.5365,2,2,1.0,0.0,0.0,5,0.0,0,True,1746969014.06593,left,False
4846,1746969082.8274078,212.711,1.79499,1.50102,0.245268,0.0348765,6494.91,5,34.406,1893.23,4895.8,48.5361,2,2,1.0,0.0,0.0,5,0.0,0,True,1746969014.06593,left,False
4847,1746969082.8475494,212.741,1.79572,1.57443,0.242916,0.0362374,6496.25,5,34.428,1894.54,4897.1,48.5358,2,2,1.0,0.0,0.0,5,0.0,0,True,1746969014.06593,left,False
4848,1746969082.8706532,212.772,1.79569,1.65879,0.24045,0.0375974,6496.37,5,34.45,1895.85,4898.41,48.5355,2,2,1.0,0.0,0.0,5,0.0,0,True,1746969014.06593,left,False
4849,1746969082.8931696,212.802,1.79585,1.73274,0.237862,0.0389554,6498.26,5,34.472,1897.15,4899.72,48.5351,2,2,1.0,0.0,0.0,5,0.0,0,True,1746969014.06593,left,False
4850,1746969082.9128907,212.831,1.79554,1.80797,0.235156,0.0403115,6499,5,34.494,1898.46,4901.02,48.5348,2,2,1.0,0.0,0.0,5,0.0,0,True,1746969014.06593,left,False
4851,1746969082.93564,212.861,1.79403,1.89036,0.232332,0.0416648,6499.65,5,34.516,1899.76,4902.33,48.5344,2,2,1.0,0.0,0.0,5,0.0,0,True,1746969014.06593,left,False
4852,1746969082.9578738,212.891,1.79219,1.96999,0.229382,0.0430171,6499.86,5,34.538,1901.07,4903.64,48.5341,2,2,1.0,0.0,0.0,5,0.0,0,True,1746969014.06593,left,False
4853,1746969082.9799144,212.919,1.79069,2.0449,0.226322,0.0443675,6501.33,5,34.56,1902.38,4904.94,48.5338,2,2,1.0,0.0,0.0,5,0.0,0,True,1746969014.06593,left,False
4854,1746969083.001964,212.948,1.78945,2.12377,0.22314,0.0457184,6501.59,5,34.582,1903.68,4906.25,48.5334,2,2,1.0,0.0,0.0,5,0.0,0,True,1746969014.06593,left,False
4855,1746969083.0242965,212.976,1.78835,2.19958,0.219849,0.0470702,6503.3,5,34.604,1904.99,4907.55,48.5331,2,2,1.0,0.0,0.0,5,0.0,0,True,1746969014.06593,left,False
4856,1746969083.045463,213.004,1.78718,2.28044,0.216435,0.0484225,6503.9,5,34.626,1906.3,4908.86,48.5328,2,2,1.0,0.0,0.0,5,0.0,0,True,1746969014.06593,left,False
4857,1746969083.0673966,213.031,1.78686,2.35792,0.212903,0.0497763,6504.9,5,34.648,1907.6,4910.17,48.5324,2,2,1.0,0.0,0.0,5,0.0,0,True,1746969014.06593,left,False
4858,1746969083.088943,213.059,1.78528,2.43381,0.209249,0.0511281,6504.96,5,34.67,1908.91,4911.47,48.5321,2,2,1.0,0.0,0.0,5,0.0,0,True,1746969014.06593,left,False
4859,1746969083.112237,213.086,1.7848,2.50958,0.205481,0.0524799,6505.77,5,34.692,1910.22,4912.78,48.5318,2,2,1.0,0.0,0.0,5,0.0,0,True,1746969014.06593,left,False
4860,1746969083.1333,213.112,1.78502,2.58571,0.201591,0.0538356,6507.35,5,34.714,1911.52,4914.09,48.5314,2,2,1.0,0.0,0.0,5,0.0,0,True,1746969014.06593,left,False
4861,1746969083.1577313,213.139,1.78405,2.66523,0.197583,0.0551893,6507.72,5,34.736,1912.83,4915.39,48.5311,2,2,1.0,0.0,0.0,5,0.0,0,True,1746969014.06593,left,False
4862,1746969083.1788955,213.165,1.78366,2.74152,0.193461,0.0565435,6508.81,5,34.758,1914.14,4916.7,48.5308,2,2,1.0,0.0,0.0,5,0.0,0,True,1746969014.06593,left,False
4863,1746969083.1998994,213.191,1.78306,2.82496,0.189217,0.0578982,6509.06,5,34.78,1915.44,4918.01,48.5304,2,2,1.0,0.0,0.0,5,0.0,0,True,1746969014.06593,left,False
4864,1746969083.2235394,213.216,1.78277,2.8998,0.184859,0.0592524,6510.43,5,34.802,1916.75,4919.31,48.5301,2,2,1.0,0.0,0.0,5,0.0,0,True,1746969014.06593,left,False
4865,1746969083.2451103,213.242,1.78218,2.98574,0.180375,0.0606086,6510.44,5,34.824,1918.06,4920.62,48.5297,2,2,1.0,0.0,0.0,5,0.0,0,True,1746969014.06593,left,False
4866,1746969083.2662718,213.266,1.78144,3.06708,0.175777,0.0619618,6511.83,5,34.846,1919.36,4921.93,48.5294,2,2,1.0,0.0,0.0,5,0.0,0,True,1746969014.06593,left,False
4867,1746969083.2885356,213.291,1.78101,3.14225,0.171057,0.0633141,6512.82,5,34.868,1920.67,4923.23,48.5291,2,2,1.0,0.0,0.0,5,0.0,0,True,1746969014.06593,left,False
4868,1746969083.31019,213.315,1.78086,3.21868,0.166223,0.0646669,6513.66,5,34.89,1921.97,4924.54,48.5287,2,2,1.0,0.0,0.0,5,0.0,0,True,1746969014.06593,left,False
4869,1746969083.3330495,213.339,1.78004,3.29605,0.161275,0.0660178,6514,5,34.912,1923.28,4925.85,48.5284,2,2,1.0,0.0,0.0,5,0.0,0,True,1746969014.06593,left,False
4870,1746969083.3530672,213.362,1.77948,3.36953,0.156205,0.0673682,6515.69,5,34.934,1924.59,4927.15,48.5281,2,2,1.0,0.0,0.0,5,0.0,0,True,1746969014.06593,left,False
4871,1746969083.375021,213.387,1.77795,3.44968,0.151013,0.0687172,6515.07,5,34.956,1925.89,4928.46,48.5277,2,2,1.0,0.0,0.0,5,0.0,0,True,1746969014.06593,left,False
4872,1746969083.3973074,213.409,1.77721,3.5246,0.145707,0.0700657,6516.28,5,34.978,1927.2,4929.76,48.5274,2,2,1.0,0.0,0.0,5,0.0,0,True,1746969014.06593,left,False
4873,1746969083.4204626,213.433,1.77563,3.60272,0.140279,0.0714137,6516.42,5,35,1928.5,4931.07,48.5271,2,2,1.0,0.0,0.0,5,0.0,0,True,1746969014.06593,left,False
4874,1746969083.4413257,213.455,1.77458,3.6819,0.134741,0.0727622,6517.1,5,35.022,1929.81,4932.37,48.5267,2,2,1.0,0.0,0.0,5,0.0,0,True,1746969014.06593,left,False
4875,1746969083.466111,213.478,1.77351,3.75747,0.129081,0.0741107,6517.36,5,35.044,1931.11,4933.68,48.5264,2,2,1.0,0.0,0.0,5,0.0,0,True,1746969014.06593,left,False
4876,1746969083.487214,213.499,1.77335,3.8329,0.123299,0.0754601,6518.71,5,35.066,1932.42,4934.98,48.5261,2,2,1.0,0.0,0.0,5,0.0,0,True,1746969014.06593,left,False
4877,1746969083.507714,213.521,1.7726,3.91072,0.117399,0.076811,6519.51,5,35.088,1933.72,4936.29,48.5257,2,2,1.0,0.0,0.0,5,0.0,0,True,1746969014.06593,right,False
4878,1746969083.5290298,213.542,1.77222,3.99231,0.111385,0.0781614,6519.94,5,35.11,1935.03,4937.59,48.5254,2,2,1.0,0.0,0.0,5,0.0,0,True,1746969014.06593,right,False
4879,1746969083.5526557,213.563,1.77231,4.07021,0.105249,0.0795132,6520.83,5,35.132,1936.33,4938.9,48.525,2,2,1.0,0.0,0.0,5,0.0,0,True,1746969014.06593,right,False
4880,1746969083.575979,213.584,1.77214,4.14547,0.098995,0.0808636,6521.17,5,35.154,1937.64,4940.2,48.5247,2,2,1.0,0.0,0.0,5,0.0,0,True,1746969014.06593,right,False
4881,1746969083.5966825,213.605,1.77209,4.22743,0.092627,0.082216,6521.37,5,35.176,1938.94,4941.51,48.5244,2,2,1.0,0.0,0.0,5,0.0,0,True,1746969014.06593,right,False
4882,1746969083.6171188,213.624,1.77282,4.30249,0.0861369,0.0835711,6523,5,35.198,1940.25,4942.81,48.524,2,2,1.0,0.0,0.0,5,0.0,0,True,1746969014.06593,right,False
4883,1746969083.6407552,213.645,1.77303,4.37958,0.0795329,0.0849244,6522.94,5,35.22,1941.55,4944.12,48.5237,2,2,1.0,0.0,0.0,5,0.0,0,True,1746969014.06593,right,False
4884,1746969083.6613693,213.664,1.77382,4.4607,0.0728068,0.0862805,6523.27,5,35.242,1942.85,4945.42,48.5234,2,2,1.0,0.0,0.0,5,0.0,0,True,1746969014.06593,right,False
4885,1746969083.6832886,213.683,1.77458,4.53647,0.0659627,0.0876366,6524.04,5,35.264,1944.16,4946.72,48.523,2,2,1.0,0.0,0.0,5,0.0,0,True,1746969014.06593,right,False
4886,1746969083.7065208,213.703,1.77527,4.61873,0.0590047,0.0889928,6523.95,5,35.286,1945.46,4948.03,48.5227,2,2,1.0,0.0,0.0,5,0.0,0,True,1746969014.06593,right,False
4887,1746969083.7268384,213.72,1.77649,4.69262,0.0519246,0.0903479,6525.8,5,35.308,1946.77,4949.33,48.5224,2,2,1.0,0.0,0.0,5,0.0,0,True,1746969014.06593,right,False
4888,1746969083.7506974,213.739,1.77669,4.77119,0.0447347,0.0917031,6525.72,5,35.33,1948.07,4950.63,48.522,2,2,1.0,0.0,0.0,5,0.0,0,True,1746969014.06593,right,False
4889,1746969083.771297,213.757,1.77769,4.84993,0.0374186,0.0930597,6526.44,5,35.352,1949.37,4951.94,48.5217,2,2,1.0,0.0,0.0,5,0.0,0,True,1746969014.06593,right,False
4890,1746969083.793505,213.775,1.77825,4.93136,0.0299805,0.0944154,6526.45,5,35.374,1950.67,4953.24,48.5214,2,2,1.0,0.0,0.0,5,0.0,0,True,1746969014.06593,right,False
4891,1746969083.8163083,213.793,1.77848,5.01195,0.0224365,0.0957705,6526.67,5,35.396,1951.98,4954.54,48.521,2,2,1.0,0.0,0.0,5,0.0,0,True,1746969014.06593,right,False
4892,1746969083.8389757,213.81,1.78007,5.08567,0.0147664,0.0971276,6528.26,5,35.418,1953.28,4955.84,48.5207,2,2,1.0,0.0,0.0,5,0.0,0,True,1746969014.06593,right,False
4893,1746969083.8597586,213.827,1.78114,5.15961,0.00698242,0.0984847,6528.46,5,35.44,1954.58,4957.15,48.5203,2,2,1.0,0.0,0.0,5,0.0,0,True,1746969014.06593,right,False
4894,1746969083.8817587,213.844,1.7826,5.23588,-0.000923665,0.0998437,6528.82,5,35.462,1955.88,4958.45,48.52,2,2,1.0,0.0,0.0,5,0.0,0,True,1746969014.06593,right,False
4895,1746969083.9029067,213.86,1.78414,5.31602,-0.00895182,0.101203,6529.18,5,35.484,1957.18,4959.75,48.5197,2,2,1.0,0.0,0.0,5,0.0,0,True,1746969014.06593,right,False
4896,1746969083.9259925,213.876,1.78604,5.39063,-0.0170898,0.102564,6530.41,5,35.506,1958.48,4961.05,48.5193,2,2,1.0,0.0,0.0,5,0.0,0,True,1746969014.06593,right,False
4897,1746969083.9487722,213.892,1.78717,5.47601,-0.0253459,0.103924,6529.84,5,35.528,1959.78,4962.35,48.519,2,2,1.0,0.0,0.0,5,0.0,0,True,1746969014.06593,right,False
4898,1746969083.9724522,213.907,1.78954,5.54263,-0.033724,0.105284,6531.41,5,35.55,1961.08,4963.65,48.5187,2,2,1.0,0.0,0.1,5,0.0,0,True,1746969014.06593,right,False
4899,1746969083.9938598,213.922,1.7907,5.62242,-0.042216,0.106642,6531.74,5,35.572,1962.38,4964.95,48.5183,2,2,1.0,0.0,0.1,5,0.0,0,True,1746969014.06593,right,False
4900,1746969084.01491,213.937,1.7912,5.69894,-0.0508301,0.107998,6531.86,5,35.594,1963.68,4966.25,48.518,2,2,1.0,0.0,0.1,5,0.0,0,True,1746969014.06593,right,False
4901,1746969084.0349667,213.952,1.79195,5.77667,-0.0595581,0.109355,6532.4,5,35.616,1964.98,4967.55,48.5177,2,2,1.0,0.0,0.1,5,0.0,0,True,1746969014.06593,right,False
4902,1746969084.0587227,213.966,1.79253,5.85327,-0.0684041,0.11071,6532.93,5,35.638,1966.28,4968.85,48.5173,2,2,1.0,0.0,0.1,5,0.0,0,True,1746969014.06593,right,False
4903,1746969084.081597,213.965,1.93003,5.9163,-0.0773193,0.111142,6535.8,5,35.66,1967.58,4970.15,48.517,2,2,1.0,0.0,0.1,5,0.0,0,True,1746969014.06593,right,False
4904,1746969084.1038184,213.962,1.63516,5.96693,-0.0861979,0.109137,6540.87,5,35.682,1968.88,4971.45,48.5167,2,2,1.0,0.0,0.1,5,0.0,0,True,1746969014.06593,right,False
4905,1746969084.124223,213.961,0.888781,5.99939,-0.0950439,0.10496,6546.88,5,35.704,1970.18,4972.74,48.5163,2,2,1.0,0.0,0.1,5,0.0,0,True,1746969014.06593,right,False
4906,1746969084.1457095,213.955,-0.211563,6.00867,-0.103829,0.0989625,6553.6,5,35.726,1971.48,4974.04,48.516,2,2,1.0,0.0,0.1,5,0.0,0,True,1746969014.06593,right,False
4907,1746969084.167018,213.939,-1.57887,5.99456,-0.112541,0.0914876,6561.14,5,35.748,1972.77,4975.34,48.5156,2,2,1.0,0.0,0.1,5,0.0,0,True,1746969014.06593,right,False
4908,1746969084.189707,213.905,-3.13568,5.94826,-0.121163,0.0828978,6572.41,5,35.77,1974.07,4976.64,48.5153,2,2,1.0,0.0,0.1,5,0.0,0,True,1746969014.06593,right,False
4909,1746969084.2121508,213.851,-4.80684,5.87936,-0.129659,0.0735251,6586.58,5,35.792,1975.37,4977.94,48.515,2,2,1.0,0.0,0.1,5,0.0,0,True,1746969014.06593,right,False
4910,1746969084.234136,213.775,-6.5317,5.78629,-0.138009,0.0636603,6602.96,5,35.814,1976.67,4979.23,48.5146,2,2,1.0,0.0,0.1,5,0.0,0,True,1746969014.06593,right,False
4911,1746969084.2574995,213.674,-8.27382,5.66865,-0.1462,0.0535366,6623.95,5,35.836,1977.97,4980.53,48.5143,2,2,1.0,0.0,0.1,5,0.0,0,True,1746969014.06593,right,False
4912,1746969084.2781565,213.552,-9.98908,5.53559,-0.154207,0.0433304,6645.45,5,35.858,1979.26,4981.83,48.514,2,2,1.0,0.0,0.1,5,0.0,0,True,1746969014.06593,right,False
4913,1746969084.2991128,213.409,-11.666,5.38671,-0.16202,0.0331647,6671.64,5,35.88,1980.56,4983.13,48.5136,2,2,1.0,0.0,0.1,5,0.0,0,True,1746969014.06593,right,False
4914,1746969084.3214226,213.25,-13.2906,5.22499,-0.169621,0.0230824,6695.65,5,35.902,1981.86,4984.42,48.5133,2,2,1.0,0.0,0.1,5,0.0,0,True,1746969014.06593,right,False
4915,1746969084.3444452,213.076,-14.8638,5.05231,-0.177006,0.0131118,6717.58,5,35.924,1983.15,4985.72,48.513,2,2,1.0,0.0,0.1,5,0.0,0,True,1746969014.06593,right,False
4916,1746969084.3661947,212.888,-16.3899,4.87515,-0.184155,0.00323456,6736.56,5,35.946,1984.45,4987.01,48.5126,2,2,1.0,0.0,0.1,5,0.0,0,True,1746969014.06593,right,False
4917,1746969084.3884087,212.689,-17.8804,4.69031,-0.191069,-0.00658256,6752.89,5,35.968,1985.74,4988.31,48.5123,2,2,1.0,0.0,0.1,5,0.0,0,True,1746969014.06593,right,False
4918,1746969084.4102015,212.479,-19.3389,4.5013,-0.197729,-0.0163544,6763.73,5,35.99,1987.04,4989.6,48.512,2,2,1.0,0.0,0.1,5,0.0,0,True,1746969014.06593,right,False
4919,1746969084.4318402,212.255,-20.7609,4.31288,-0.204134,-0.0260742,6773.09,5,36.012,1988.33,4990.9,48.5116,2,2,1.0,0.0,0.0,5,0.0,0,True,1746969014.06593,left,False
4920,1746969084.4546883,212.016,-22.1625,4.1188,-0.21027,-0.0357516,6786,5,36.034,1989.63,4992.19,48.5113,2,2,1.0,0.0,0.0,5,0.0,0,True,1746969014.06593,left,False
4921,1746969084.475422,211.765,-23.5283,3.92002,-0.216142,-0.0453456,6797.75,5,36.056,1990.92,4993.49,48.5109,2,2,1.0,0.0,0.0,5,0.0,0,True,1746969014.06593,left,False
4922,1746969084.498504,211.506,-24.8607,3.72574,-0.221737,-0.0548566,6806.15,5,36.078,1992.21,4994.78,48.5106,2,2,1.0,0.0,0.0,5,0.0,0,True,1746969014.06593,left,False
4923,1746969084.519885,211.227,-26.1554,3.52561,-0.227055,-0.0642489,6802.92,5,36.1,1993.51,4996.07,48.5103,2,2,1.0,0.0,0.0,5,0.0,0,True,1746969014.06593,left,False
4924,1746969084.5422947,210.963,-27.4409,3.31793,-0.2321,-0.0733455,6800.68,5,36.122,1994.8,4997.36,48.5101,2,2,1.0,0.0,0.0,5,0.0,0,True,1746969014.06593,left,False
4925,1746969084.563595,210.719,-28.5911,3.12425,-0.236886,-0.0818299,6799.49,5,36.144,1996.09,4998.66,48.5098,2,2,1.0,0.0,0.0,5,0.0,0,True,1746969014.06593,left,False
4926,1746969084.5867178,210.499,-29.5923,2.94396,-0.241414,-0.088877,6788.52,5,36.166,1997.38,4999.94,48.5094,2,2,1.0,0.0,0.0,5,0.0,0,True,1746969014.06593,left,False
4927,1746969084.6072884,210.297,-30.4677,2.78508,-0.245831,-0.0939081,6762.27,5,36.188,1998.66,5001.22,48.5091,2,2,1.0,0.0,0.0,5,0.0,0,True,1746969014.06593,left,False
4928,1746969084.631992,210.102,-31.2239,2.64178,-0.250163,-0.0985616,6736.83,5,36.21,1999.94,5002.51,48.5088,2,2,1.0,0.0,0.0,5,0.0,0,True,1746969014.06593,left,False
4929,1746969084.6512837,209.909,-31.8645,2.52839,-0.254393,-0.102846,6714.28,5,36.232,2001.22,5003.79,48.5084,2,2,1.0,0.0,0.0,5,0.0,0,True,1746969014.06593,left,False
4930,1746969084.6751618,209.724,-32.3841,2.43206,-0.258512,-0.10672,6696.44,5,36.254,2002.5,5005.06,48.5081,2,2,1.0,0.0,0.0,5,0.0,0,True,1746969014.06593,left,False
4931,1746969084.696376,209.542,-32.7862,2.34897,-0.262506,-0.110119,6688.05,5,36.276,2003.78,5006.34,48.5077,2,2,1.0,0.0,0.0,5,0.0,0,True,1746969014.06593,left,False
4932,1746969084.717828,209.37,-33.0608,2.27735,-0.26637,-0.112999,6687.58,5,36.298,2005.06,5007.62,48.5074,2,2,1.0,0.0,0.0,5,0.0,0,True,1746969014.06593,left,False
4933,1746969084.7401264,209.213,-33.2138,2.20922,-0.270099,-0.115334,6688.17,5,36.32,2006.33,5008.9,48.5071,2,2,1.0,0.0,0.0,5,0.0,0,True,1746969014.06593,left,False
4934,1746969084.7651958,209.066,-33.2364,2.14712,-0.27369,-0.117056,6701.97,5,36.342,2007.61,5010.17,48.5067,2,2,1.0,0.0,0.0,5,0.0,0,True,1746969014.06593,left,False
4935,1746969084.7845235,208.941,-33.1223,2.08934,-0.277142,-0.118154,6712.57,5,36.364,2008.88,5011.45,48.5064,2,2,1.0,0.0,0.0,5,0.0,0,True,1746969014.06593,right,False
4936,1746969084.8073037,208.836,-32.8713,2.03235,-0.280455,-0.118592,6727.88,5,36.386,2010.16,5012.72,48.5061,2,2,1.0,0.0,0.0,5,0.0,0,True,1746969014.06593,right,False
4937,1746969084.8288507,208.75,-32.4876,1.97096,-0.28363,-0.118346,6748.06,5,36.408,2011.43,5013.99,48.5057,2,2,1.0,0.0,0.0,5,0.0,0,True,1746969014.06593,right,False
4938,1746969084.850016,208.694,-31.9589,1.90896,-0.286668,-0.117395,6758.67,5,36.43,2012.7,5015.26,48.5054,2,2,1.0,0.0,0.0,5,0.0,0,True,1746969014.06593,right,False
4939,1746969084.873906,208.662,-31.2993,1.84404,-0.289575,-0.115761,6770.38,5,36.452,2013.97,5016.54,48.5051,2,2,1.0,0.0,0.0,5,0.0,0,True,1746969014.06593,right,False
4940,1746969084.894295,208.654,-30.5105,1.77898,-0.292354,-0.11347,6776.4,5,36.474,2015.24,5017.81,48.5047,2,2,1.0,0.0,0.0,5,0.0,0,True,1746969014.06593,right,False
4941,1746969084.9155474,208.669,-29.5986,1.70782,-0.295007,-0.110537,6781.99,5,36.496,2016.51,5019.07,48.5044,2,2,1.0,0.0,0.0,5,0.0,0,True,1746969014.06593,right,False
4942,1746969084.9377863,208.714,-28.5702,1.63342,-0.297542,-0.106982,6771.2,5,36.518,2017.78,5020.34,48.5041,2,2,1.0,0.0,0.0,5,0.0,0,True,1746969014.06593,right,False
4943,1746969084.9610052,208.777,-27.4257,1.56183,-0.299963,-0.102806,6759.65,5,36.54,2019.05,5021.61,48.5037,2,2,1.0,0.0,0.0,5,0.0,0,True,1746969014.06593,right,False
4944,1746969084.9841673,208.858,-26.1768,1.4845,-0.302271,-0.0980437,6744.24,5,36.562,2020.31,5022.88,48.5034,2,2,1.0,0.0,0.1,5,0.0,0,True,1746969014.06593,right,False
4945,1746969085.0046816,208.957,-24.8318,1.41168,-0.304478,-0.0927475,6723.12,5,36.584,2021.58,5024.14,48.503,2,2,1.0,0.0,0.1,5,0.0,0,True,1746969014.06593,right,False
4946,1746969085.0250676,209.068,-23.3979,1.33731,-0.30659,-0.0869239,6698.61,5,36.606,2022.85,5025.41,48.5027,2,2,1.0,0.0,0.1,5,0.0,0,True,1746969014.06593,right,False
4947,1746969085.0490346,209.191,-21.8749,1.2689,-0.308612,-0.0805953,6668.15,5,36.628,2024.11,5026.68,48.5024,2,2,1.0,0.0,0.1,5,0.0,0,True,1746969014.06593,right,False
4948,1746969085.0687864,209.321,-20.2799,1.20456,-0.310557,-0.0738114,6638.44,5,36.65,2025.38,5027.94,48.502,2,2,1.0,0.0,0.1,5,0.0,0,True,1746969014.06593,right,False
4949,1746969085.0912545,209.417,-18.5861,1.14652,-0.312419,-0.0668653,6617.77,5,36.672,2026.64,5029.21,48.5017,2,2,1.0,0.0,0.1,5,0.0,0,True,1746969014.06593,right,False
4950,1746969085.1145015,209.49,-16.9571,1.0913,-0.314183,-0.060243,6604.01,5,36.694,2027.91,5030.47,48.5014,2,2,1.0,0.0,0.1,5,0.0,0,True,1746969014.06593,right,False
4951,1746969085.136241,209.546,-15.4549,1.03363,-0.315863,-0.0540136,6599.93,5,36.716,2029.17,5031.74,48.501,2,2,1.0,0.0,0.1,5,0.0,0,True,1746969014.06593,right,False
4952,1746969085.1594548,209.595,-14.0667,0.976528,-0.317472,-0.0482147,6594.24,5,36.738,2030.43,5033,48.5007,2,2,1.0,0.0,0.1,5,0.0,0,True,1746969014.06593,right,False
4953,1746969085.1802678,209.637,-12.803,0.936987,-0.319025,-0.0428999,6582.78,5,36.76,2031.7,5034.26,48.5004,2,2,1.0,0.0,0.1,5,0.0,0,True,1746969014.06593,right,False
4954,1746969085.202112,209.669,-11.6918,0.890787,-0.320526,-0.0381396,6577.68,5,36.782,2032.96,5035.53,48.5,2,2,1.0,0.0,0.1,5,0.0,0,True,1746969014.06593,right,False
4955,1746969085.2238805,209.695,-10.7312,0.852934,-0.321993,-0.0339835,6568.76,5,36.804,2034.22,5036.79,48.4997,2,2,1.0,0.0,0.1,5,0.0,0,True,1746969014.06593,right,False
4956,1746969085.2455788,209.717,-9.92576,0.815934,-0.323433,-0.0304807,6557.51,5,36.826,2035.49,5038.05,48.4994,2,2,1.0,0.0,0.1,5,0.0,0,True,1746969014.06593,right,False
4957,1746969085.2677894,209.733,-9.27976,0.791102,-0.324851,-0.0276731,6544.91,5,36.848,2036.75,5039.31,48.499,2,2,1.0,0.0,0.1,5,0.0,0,True,1746969014.06593,right,False
4958,1746969085.2917602,209.745,-8.79551,0.78263,-0.326259,-0.0256045,6529.45,5,36.87,2038.01,5040.58,48.4987,2,2,1.0,0.0,0.1,5,0.0,0,True,1746969014.06593,right,False
4959,1746969085.310852,209.753,-8.47406,0.784868,-0.327643,-0.0243095,6512.5,5,36.892,2039.27,5041.84,48.4983,2,2,1.0,0.0,0.1,5,0.0,0,True,1746969014.06593,right,False
4960,1746969085.3371756,209.749,-8.32646,0.780445,-0.329018,-0.0237888,6504.78,5,36.914,2040.53,5043.1,48.498,2,2,1.0,0.0,0.1,5,0.0,0,True,1746969014.06593,right,False
4961,1746969085.3590937,209.739,-8.32828,0.785722,-0.330383,-0.0240205,6495.7,5,36.936,2041.8,5044.36,48.4977,2,2,1.0,0.0,0.1,5,0.0,0,True,1746969014.06593,right,False
4962,1746969085.3783965,209.721,-8.47036,0.795186,-0.331736,-0.0249618,6490.21,5,36.958,2043.06,5045.62,48.4973,2,2,1.0,0.0,0.1,5,0.0,0,True,1746969014.06593,right,False
4963,1746969085.3993218,209.695,-8.74619,0.805587,-0.333071,-0.0265659,6486.79,5,36.98,2044.32,5046.88,48.497,2,2,1.0,0.0,0.2,5,0.0,0,True,1746969014.06593,right,False
4964,1746969085.4219196,209.659,-9.13569,0.809812,-0.334385,-0.0287836,6485.24,5,37.002,2045.58,5048.15,48.4967,2,2,1.0,0.0,0.2,5,0.0,0,True,1746969014.06593,right,False
4965,1746969085.4449604,209.616,-9.62265,0.811437,-0.335665,-0.0315355,6485.06,5,37.024,2046.84,5049.41,48.4963,2,2,1.0,0.0,0.2,5,0.0,0,True,1746969014.06593,right,False
4966,1746969085.4687278,209.563,-10.1978,0.815141,-0.336908,-0.0347932,6485.83,5,37.046,2048.1,5050.67,48.496,2,2,1.0,0.0,0.2,5,0.0,0,True,1746969014.06593,right,False
4967,1746969085.4871995,209.501,-10.8426,0.811272,-0.33811,-0.0384644,6488.49,5,37.068,2049.36,5051.93,48.4957,2,2,1.0,0.0,0.2,5,0.0,0,True,1746969014.06593,right,False
4968,1746969085.509778,209.395,-11.5161,0.793513,-0.339248,-0.0427097,6494.61,5,37.09,2050.62,5053.19,48.4953,2,2,1.0,0.0,0.2,5,0.0,0,True,1746969014.06593,right,False
4969,1746969085.5334353,209.262,-12.3437,0.765995,-0.340293,-0.0478018,6509.62,5,37.112,2051.88,5054.45,48.495,2,2,1.0,0.0,0.2,5,0.0,0,True,1746969014.06593,right,False
4970,1746969085.5555189,209.114,-13.2985,0.725688,-0.34125,-0.0535558,6524.43,5,37.134,2053.14,5055.71,48.4947,2,2,1.0,0.0,0.2,5,0.0,0,True,1746969014.06593,right,False
4971,1746969085.5751183,208.947,-14.3581,0.676047,-0.34211,-0.0598386,6543.28,5,37.156,2054.4,5056.97,48.4943,2,2,1.0,0.0,0.2,5,0.0,0,True,1746969014.06593,right,False
4972,1746969085.5987806,208.763,-15.4866,0.613688,-0.342867,-0.0665,6563.6,5,37.178,2055.66,5058.22,48.494,2,2,1.0,0.0,0.2,5,0.0,0,True,1746969014.06593,right,False
4973,1746969085.619263,208.564,-16.6662,0.544983,-0.343522,-0.0734523,6584.1,5,37.2,2056.92,5059.48,48.4936,2,2,1.0,0.0,0.2,5,0.0,0,True,1746969014.06593,right,False
4974,1746969085.6414695,208.349,-17.8716,0.474998,-0.344067,-0.0806106,6603.65,5,37.222,2058.17,5060.74,48.4933,2,2,1.0,0.0,0.2,5,0.0,0,True,1746969014.06593,right,False
4975,1746969085.6660178,208.116,-19.0992,0.392783,-0.344499,-0.0879305,6626.6,5,37.244,2059.43,5061.99,48.493,2,2,1.0,0.0,0.2,5,0.0,0,True,1746969014.06593,right,False
4976,1746969085.6852221,207.869,-20.3368,0.299085,-0.34481,-0.0953396,6649.07,5,37.266,2060.68,5063.25,48.4926,2,2,1.0,0.0,0.2,5,0.0,0,True,1746969014.06593,right,False
4977,1746969085.7073767,207.609,-21.5721,0.214349,-0.345003,-0.102809,6668.61,5,37.288,2061.94,5064.5,48.4923,2,2,1.0,0.0,0.2,5,0.0,0,True,1746969014.06593,right,False
4978,1746969085.731192,207.339,-22.7942,0.118416,-0.34507,-0.110286,6686.9,5,37.31,2063.19,5065.76,48.492,2,2,1.0,0.0,0.2,5,0.0,0,True,1746969014.06593,right,False
4979,1746969085.7530403,207.055,-24.0014,0.0203557,-0.345009,-0.117742,6705.23,5,37.332,2064.44,5067.01,48.4916,2,2,1.0,0.0,0.2,5,0.0,0,True,1746969014.06593,right,False
4980,1746969085.7745347,206.765,-25.1844,-0.0847519,-0.344814,-0.125148,6717.27,5,37.354,2065.7,5068.26,48.4913,2,2,1.0,0.0,0.2,5,0.0,0,True,1746969014.06593,right,False
4981,1746969085.7963948,206.464,-26.3338,-0.175486,-0.34448,-0.132466,6731.58,5,37.376,2066.95,5069.51,48.491,2,2,1.0,0.0,0.2,5,0.0,0,True,1746969014.06593,right,False
4982,1746969085.81815,206.153,-27.4586,-0.280711,-0.343998,-0.139681,6745.19,5,37.398,2068.2,5070.76,48.4906,2,2,1.0,0.0,0.2,5,0.0,0,True,1746969014.06593,right,False
4983,1746969085.842148,205.837,-28.5354,-0.390104,-0.343374,-0.146727,6760.39,5,37.42,2069.45,5072.01,48.4903,2,2,1.0,0.0,0.0,5,0.0,0,True,1746969014.06593,left,False
4984,1746969085.8625386,205.515,-29.5715,-0.49583,-0.342603,-0.153609,6774.91,5,37.442,2070.69,5073.26,48.49,2,2,1.0,0.0,0.0,5,0.0,0,True,1746969014.06593,left,False
4985,1746969085.8847687,205.192,-30.549,-0.599862,-0.341681,-0.160283,6785.04,5,37.464,2071.94,5074.51,48.4896,2,2,1.0,0.0,0.0,5,0.0,0,True,1746969014.06593,left,False
4986,1746969085.9061174,204.867,-31.4725,-0.70031,-0.340607,-0.166742,6795.09,5,37.486,2073.19,5075.75,48.4893,2,2,1.0,0.0,0.0,5,0.0,0,True,1746969014.06593,left,False
4987,1746969085.9279096,204.532,-32.35,-0.813433,-0.339382,-0.172954,6805.9,5,37.508,2074.43,5077,48.489,2,2,1.0,0.0,0.0,5,0.0,0,True,1746969014.06593,left,False
4988,1746969085.9514265,204.225,-33.1831,-0.924556,-0.338007,-0.178805,6810.79,5,37.53,2075.67,5078.24,48.4887,2,2,1.0,0.0,0.0,5,0.0,0,True,1746969014.06593,left,False
4989,1746969085.9719107,203.977,-33.9124,-1.02914,-0.336501,-0.183969,6799.97,5,37.552,2076.92,5079.48,48.4885,2,2,1.0,0.0,0.0,5,0.0,0,True,1746969014.06593,left,False
4990,1746969085.9939036,203.772,-34.4809,-1.12981,-0.334859,-0.188435,6787.59,5,37.574,2078.16,5080.73,48.4881,2,2,1.0,0.0,0.0,5,0.0,0,True,1746969014.06593,left,False
4991,1746969086.0182045,203.592,-34.8949,-1.22515,-0.333075,-0.192226,6770.59,5,37.596,2079.4,5081.97,48.4878,2,2,1.0,0.0,0.0,5,0.0,0,True,1746969014.06593,left,False
4992,1746969086.0387623,203.425,-35.1771,-1.32164,-0.33115,-0.195347,6763.07,5,37.618,2080.64,5083.21,48.4874,2,2,1.0,0.0,0.0,5,0.0,0,True,1746969014.06593,left,False
4993,1746969086.0599117,203.287,-35.3141,-1.4183,-0.329081,-0.197797,6746.51,5,37.64,2081.88,5084.45,48.4871,2,2,1.0,0.0,0.0,5,0.0,0,True,1746969014.06593,left,False
4994,1746969086.082603,203.165,-35.3066,-1.51382,-0.326864,-0.199564,6742.73,5,37.662,2083.12,5085.69,48.4868,2,2,1.0,0.0,0.0,5,0.0,0,True,1746969014.06593,left,False
4995,1746969086.1037173,203.073,-35.1601,-1.6094,-0.3245,-0.200644,6730.51,5,37.684,2084.36,5086.93,48.4864,2,2,1.0,0.0,0.0,5,0.0,0,True,1746969014.06593,left,False
4996,1746969086.1257384,203.003,-34.8651,-1.69916,-0.321987,-0.201024,6723.07,5,37.706,2085.6,5088.17,48.4861,2,2,1.0,0.0,0.0,5,0.0,0,True,1746969014.06593,left,False
4997,1746969086.1486895,202.953,-34.4417,-1.79697,-0.31933,-0.20072,6723.01,5,37.728,2086.84,5089.4,48.4858,2,2,1.0,0.0,0.0,5,0.0,0,True,1746969014.06593,left,False
4998,1746969086.1707737,202.928,-33.8836,-1.89234,-0.316526,-0.199732,6721.41,5,37.75,2088.07,5090.64,48.4854,2,2,1.0,0.0,0.0,5,0.0,0,True,1746969014.06593,left,False
4999,1746969086.1940744,202.93,-33.1857,-1.98665,-0.313578,-0.198068,6715.96,5,37.772,2089.31,5091.88,48.4851,2,2,1.0,0.0,0.0,5,0.0,0,True,1746969014.06593,left,False
5000,1746969086.2157419,202.953,-32.3637,-2.0794,-0.31049,-0.195736,6714.06,5,37.794,2090.55,5093.11,48.4848,2,2,1.0,0.0,0.0,5,0.0,0,True,1746969014.06593,left,False
5001,1746969086.241053,203.002,-31.4183,-2.17428,-0.307263,-0.192754,6704.2,5,37.816,2091.78,5094.35,48.4844,2,2,1.0,0.0,0.0,5,0.0,0,True,1746969014.06593,left,False
5002,1746969086.2605171,203.07,-30.3389,-2.26402,-0.303902,-0.189097,6700.74,5,37.838,2093.02,5095.58,48.4841,2,2,1.0,0.0,0.0,5,0.0,0,True,1746969014.06593,left,False
5003,1746969086.2817104,203.161,-29.1431,-2.35788,-0.300403,-0.184794,6690.22,5,37.86,2094.25,5096.82,48.4838,2,2,1.0,0.0,0.0,5,0.0,0,True,1746969014.06593,left,False
5004,1746969086.3015878,203.271,-27.8368,-2.44277,-0.296777,-0.179888,6674.27,5,37.882,2095.49,5098.05,48.4834,2,2,1.0,0.0,0.0,5,0.0,0,True,1746969014.06593,left,False
5005,1746969086.3227997,203.399,-26.4208,-2.53076,-0.293028,-0.174376,6655.51,5,37.904,2096.72,5099.29,48.4831,2,2,1.0,0.0,0.0,5,0.0,0,True,1746969014.06593,left,False
5006,1746969086.345435,203.542,-24.9047,-2.6171,-0.289162,-0.168279,6633.3,5,37.926,2097.96,5100.52,48.4827,2,2,1.0,0.0,0.0,5,0.0,0,True,1746969014.06593,left,False
5007,1746969086.368576,203.697,-23.2902,-2.69528,-0.285185,-0.161619,6607.81,5,37.948,2099.19,5101.75,48.4824,2,2,1.0,0.0,0.0,5,0.0,0,True,1746969014.06593,left,False
5008,1746969086.3889341,203.864,-21.5916,-2.77407,-0.281104,-0.154426,6576.64,5,37.97,2100.42,5102.99,48.4821,2,2,1.0,0.0,0.0,5,0.0,0,True,1746969014.06593,left,False
5009,1746969086.4119363,204.039,-19.823,-2.84175,-0.276931,-0.146753,6536.65,5,37.992,2101.66,5104.22,48.4817,2,2,1.0,0.0,0.0,5,0.0,0,True,1746969014.06593,left,False
5010,1746969086.435114,204.215,-17.9965,-2.91031,-0.272679,-0.138635,6500.17,5,38.014,2102.89,5105.46,48.4814,2,2,1.0,0.0,0.0,5,0.0,0,True,1746969014.06593,left,False
5011,1746969086.4555907,204.391,-16.1234,-2.96551,-0.268359,-0.130129,6462.2,5,38.036,2104.13,5106.69,48.4811,2,2,1.0,0.0,0.0,5,0.0,0,True,1746969014.06593,left,False
5012,1746969086.4789906,204.562,-14.2341,-3.01111,-0.263993,-0.12131,6422.74,5,38.058,2105.36,5107.93,48.4807,2,2,1.0,0.0,0.0,5,0.0,0,True,1746969014.06593,left,False
5013,1746969086.4988613,204.726,-12.3506,-3.04395,-0.259601,-0.112278,6384.18,5,38.08,2106.6,5109.16,48.4804,2,2,1.0,0.0,0.0,5,0.0,0,True,1746969014.06593,left,False
5014,1746969086.5236168,204.874,-10.5059,-3.06292,-0.255204,-0.103141,6353.39,5,38.102,2107.83,5110.4,48.4801,2,2,1.0,0.0,0.0,5,0.0,0,True,1746969014.06593,left,False
5015,1746969086.5430772,205.008,-8.72721,-3.0696,-0.250832,-0.0939868,6329.7,5,38.124,2109.07,5111.63,48.4797,2,2,1.0,0.0,0.0,5,0.0,0,True,1746969014.06593,left,False
5016,1746969086.5689273,205.125,-7.04137,-3.06487,-0.246515,-0.0849198,6313.69,5,38.146,2110.31,5112.87,48.4794,2,2,1.0,0.0,0.0,5,0.0,0,True,1746969014.06593,left,False
5017,1746969086.5870595,205.229,-5.46507,-3.03494,-0.242285,-0.0760158,6300.21,5,38.168,2111.54,5114.11,48.4791,2,2,1.0,0.0,0.0,5,0.0,0,True,1746969014.06593,left,False
5018,1746969086.611265,205.319,-4.01592,-2.97942,-0.238177,-0.0673388,6290.97,5,38.19,2112.78,5115.35,48.4787,2,2,1.0,0.0,0.0,5,0.0,0,True,1746969014.06593,right,False
5019,1746969086.6312995,205.399,-2.70626,-2.90671,-0.23422,-0.0589498,6284.76,5,38.212,2114.02,5116.59,48.4784,2,2,1.0,0.0,0.0,5,0.0,0,True,1746969014.06593,right,False
5020,1746969086.6543858,205.468,-1.53953,-2.80949,-0.23045,-0.0508822,6281.36,5,38.234,2115.26,5117.83,48.4781,2,2,1.0,0.0,0.0,5,0.0,0,True,1746969014.06593,right,False
5021,1746969086.675658,205.532,-0.515356,-2.67861,-0.226898,-0.0431598,6277.8,5,38.256,2116.5,5119.07,48.4777,2,2,1.0,0.0,0.0,5,0.0,0,True,1746969014.06593,right,False
5022,1746969086.6988893,205.588,0.368179,-2.52991,-0.223592,-0.0357974,6276.71,5,38.278,2117.74,5120.31,48.4774,2,2,1.0,0.0,0.0,5,0.0,0,True,1746969014.06593,right,False
5023,1746969086.7198906,205.641,1.11764,-2.35106,-0.220557,-0.0287975,6276.36,5,38.3,2118.98,5121.55,48.477,2,2,1.0,0.0,0.0,5,0.0,0,True,1746969014.06593,right,False
5024,1746969086.7415922,205.69,1.74037,-2.14991,-0.217818,-0.0221604,6276.26,5,38.322,2120.23,5122.79,48.4767,2,2,1.0,0.0,0.0,5,0.0,0,True,1746969014.06593,right,False
5025,1746969086.7656343,205.736,2.24611,-1.93002,-0.215393,-0.0158771,6276.87,5,38.344,2121.47,5124.04,48.4764,2,2,1.0,0.0,0.0,5,0.0,0,True,1746969014.06593,right,False
5026,1746969086.7855957,205.782,2.64315,-1.69089,-0.2133,-0.00994045,6276.4,5,38.366,2122.71,5125.28,48.476,2,2,1.0,0.0,0.0,5,0.0,0,True,1746969014.06593,right,False
5027,1746969086.806993,205.826,2.94365,-1.43305,-0.211554,-0.00433141,6277.03,5,38.388,2123.96,5126.52,48.4757,2,2,1.0,0.0,0.0,5,0.0,0,True,1746969014.06593,right,False
5028,1746969086.829975,205.869,3.15937,-1.16345,-0.210158,0.000971969,6278.02,5,38.41,2125.2,5127.77,48.4754,2,2,1.0,0.0,0.0,5,0.0,0,True,1746969014.06593,right,False
5029,1746969086.85295,205.911,3.29963,-0.881535,-0.209131,0.00599163,6278.68,5,38.432,2126.45,5129.01,48.475,2,2,1.0,0.0,0.0,5,0.0,0,True,1746969014.06593,right,False
5030,1746969086.8758,205.954,3.37655,-0.595404,-0.208468,0.0107524,6279.75,5,38.454,2127.69,5130.26,48.4747,2,2,1.0,0.0,0.0,5,0.0,0,True,1746969014.06593,right,False
5031,1746969086.8960514,205.996,3.39982,-0.308009,-0.208175,0.0152785,6281.09,5,38.476,2128.94,5131.51,48.4744,2,2,1.0,0.0,0.0,5,0.0,0,True,1746969014.06593,right,False
5032,1746969086.9189918,206.038,3.37976,-0.00469251,-0.208262,0.0196072,6280.65,5,38.498,2130.19,5132.75,48.474,2,2,1.0,0.0,0.1,5,0.0,0,True,1746969014.06593,right,False
5033,1746969086.9406111,206.079,3.32678,0.29502,-0.20872,0.0237643,6282.21,5,38.52,2131.43,5134,48.4737,2,2,1.0,0.0,0.1,5,0.0,0,True,1746969014.06593,right,False
5034,1746969086.9621487,206.121,3.25197,0.583505,-0.209544,0.0277888,6282.74,5,38.542,2132.68,5135.24,48.4734,2,2,1.0,0.0,0.1,5,0.0,0,True,1746969014.06593,right,False
5035,1746969086.9834712,206.16,3.16222,0.859783,-0.210736,0.0317003,6284.79,5,38.564,2133.93,5136.49,48.473,2,2,1.0,0.0,0.1,5,0.0,0,True,1746969014.06593,right,False
5036,1746969087.0078025,206.201,3.06089,1.14629,-0.212299,0.035525,6284.66,5,38.586,2135.17,5137.74,48.4727,2,2,1.0,0.0,0.1,5,0.0,0,True,1746969014.06593,right,False
5037,1746969087.0286827,206.226,3.12526,1.399,-0.214154,0.0381963,6288.18,5,38.608,2136.42,5138.98,48.4723,2,2,1.0,0.0,0.1,5,0.0,0,True,1746969014.06593,right,False
5038,1746969087.05071,206.254,2.70537,1.63156,-0.216191,0.0379569,6292.61,5,38.63,2137.67,5140.23,48.472,2,2,1.0,0.0,0.1,5,0.0,0,True,1746969014.06593,right,False
5039,1746969087.071041,206.283,1.78821,1.82777,-0.218394,0.0351712,6298.68,5,38.652,2138.91,5141.48,48.4717,2,2,1.0,0.0,0.1,5,0.0,0,True,1746969014.06593,right,False
5040,1746969087.0933669,206.309,0.497464,1.98627,-0.22074,0.0302927,6304.35,5,38.674,2140.16,5142.72,48.4713,2,2,1.0,0.0,0.1,5,0.0,0,True,1746969014.06593,right,False
5041,1746969087.1157463,206.32,-1.06471,2.10801,-0.223199,0.023771,6312.8,5,38.696,2141.41,5143.97,48.471,2,2,1.0,0.0,0.1,5,0.0,0,True,1746969014.06593,right,False
5042,1746969087.138695,206.311,-2.80068,2.19719,-0.225743,0.0160281,6321.47,5,38.718,2142.65,5145.22,48.4707,2,2,1.0,0.0,0.1,5,0.0,0,True,1746969014.06593,right,False
5043,1746969087.1599581,206.277,-4.63983,2.23757,-0.228328,0.00746888,6334.48,5,38.74,2143.9,5146.46,48.4703,2,2,1.0,0.0,0.1,5,0.0,0,True,1746969014.06593,right,False
5044,1746969087.1823554,206.215,-6.50986,2.25897,-0.230937,-0.00155479,6349.55,5,38.762,2145.14,5147.71,48.47,2,2,1.0,0.0,0.1,5,0.0,0,True,1746969014.06593,right,False
5045,1746969087.203546,206.125,-8.37314,2.24028,-0.233539,-0.0107692,6369.04,5,38.784,2146.39,5148.96,48.4697,2,2,1.0,0.0,0.1,5,0.0,0,True,1746969014.06593,right,False
5046,1746969087.2257867,206.009,-10.1897,2.1955,-0.236112,-0.0199693,6392.72,5,38.806,2147.64,5150.2,48.4693,2,2,1.0,0.0,0.1,5,0.0,0,True,1746969014.06593,right,False
5047,1746969087.2480273,205.867,-11.9521,2.12327,-0.238652,-0.0290292,6422.1,5,38.828,2148.88,5151.45,48.469,2,2,1.0,0.0,0.1,5,0.0,0,True,1746969014.06593,right,False
5048,1746969087.2688458,205.705,-13.6401,2.03559,-0.241138,-0.0378946,6451.67,5,38.85,2150.12,5152.69,48.4687,2,2,1.0,0.0,0.1,5,0.0,0,True,1746969014.06593,right,False
5049,1746969087.2928355,205.531,-15.253,1.94399,-0.243561,-0.0465782,6474.1,5,38.872,2151.37,5153.93,48.4683,2,2,1.0,0.0,0.1,5,0.0,0,True,1746969014.06593,right,False
5050,1746969087.3148198,205.34,-16.8152,1.83458,-0.245913,-0.0551112,6495.15,5,38.894,2152.61,5155.18,48.468,2,2,1.0,0.0,0.1,5,0.0,0,True,1746969014.06593,right,False
5051,1746969087.336796,205.141,-18.3136,1.73005,-0.248175,-0.0635255,6507.38,5,38.916,2153.86,5156.42,48.4676,2,2,1.0,0.0,0.1,5,0.0,0,True,1746969014.06593,right,False
5052,1746969087.3587916,204.932,-19.7648,1.62936,-0.25034,-0.0718592,6511.51,5,38.938,2155.1,5157.66,48.4673,2,2,1.0,0.0,0.1,5,0.0,0,True,1746969014.06593,right,False
5053,1746969087.3801048,204.707,-21.1847,1.51392,-0.252399,-0.0801109,6517.81,5,38.96,2156.34,5158.9,48.467,2,2,1.0,0.0,0.1,5,0.0,0,True,1746969014.06593,right,False
5054,1746969087.4007256,204.472,-22.5592,1.41052,-0.254338,-0.0883058,6518.43,5,38.982,2157.58,5160.15,48.4666,2,2,1.0,0.0,0.1,5,0.0,0,True,1746969014.06593,right,False
5055,1746969087.422869,204.22,-23.901,1.30074,-0.256156,-0.0964168,6521.94,5,39.004,2158.82,5161.39,48.4663,2,2,1.0,0.0,0.1,5,0.0,0,True,1746969014.06593,right,False
5056,1746969087.4451149,203.956,-25.2064,1.19514,-0.257843,-0.104441,6527.61,5,39.026,2160.06,5162.63,48.466,2,2,1.0,0.0,0.1,5,0.0,0,True,1746969014.06593,right,False
5057,1746969087.467091,203.683,-26.4632,1.09032,-0.259393,-0.112328,6529.96,5,39.048,2161.3,5163.87,48.4656,2,2,1.0,0.0,0.1,5,0.0,0,True,1746969014.06593,right,False
5058,1746969087.491068,203.395,-27.688,0.98133,-0.260805,-0.120076,6538.85,5,39.07,2162.54,5165.1,48.4653,2,2,1.0,0.0,0.1,5,0.0,0,True,1746969014.06593,right,False
5059,1746969087.5127277,203.099,-28.8508,0.874576,-0.262073,-0.127623,6549.5,5,39.092,2163.78,5166.34,48.465,2,2,1.0,0.0,0.1,5,0.0,0,True,1746969014.06593,right,False
5060,1746969087.5342767,202.795,-29.9598,0.760368,-0.26319,-0.134915,6566.64,5,39.114,2165.01,5167.58,48.4646,2,2,1.0,0.0,0.1,5,0.0,0,True,1746969014.06593,right,False
5061,1746969087.5563278,202.488,-30.9992,0.655634,-0.26416,-0.141945,6580.79,5,39.136,2166.25,5168.81,48.4643,2,2,1.0,0.0,0.1,5,0.0,0,True,1746969014.06593,right,False
5062,1746969087.5777018,202.181,-31.962,0.54528,-0.264974,-0.14864,6597.71,5,39.158,2167.48,5170.05,48.464,2,2,1.0,0.0,0.0,5,0.0,0,True,1746969014.06593,left,False
5063,1746969087.599796,201.87,-32.8601,0.428036,-0.265635,-0.155003,6622.28,5,39.18,2168.72,5171.28,48.4636,2,2,1.0,0.0,0.0,5,0.0,0,True,1746969014.06593,left,False
5064,1746969087.6234324,201.567,-33.6621,0.320719,-0.266142,-0.160987,6641.23,5,39.202,2169.95,5172.52,48.4633,2,2,1.0,0.0,0.0,5,0.0,0,True,1746969014.06593,left,False
5065,1746969087.6443326,201.268,-34.3783,0.207188,-0.266488,-0.166544,6665.79,5,39.224,2171.18,5173.75,48.4629,2,2,1.0,0.0,0.0,5,0.0,0,True,1746969014.06593,left,False
5066,1746969087.6662803,200.983,-34.997,0.0983152,-0.266673,-0.171679,6685.08,5,39.246,2172.41,5174.98,48.4626,2,2,1.0,0.0,0.0,5,0.0,0,True,1746969014.06593,left,False
5067,1746969087.6885068,200.733,-35.5441,-0.0153676,-0.266703,-0.176266,6708.66,5,39.268,2173.64,5176.21,48.4623,2,2,1.0,0.0,0.0,5,0.0,0,True,1746969014.06593,left,False
5068,1746969087.709066,200.523,-35.9509,-0.123714,-0.266585,-0.180145,6715.17,5,39.29,2174.87,5177.44,48.4619,2,2,1.0,0.0,0.0,5,0.0,0,True,1746969014.06593,left,False
5069,1746969087.7341793,200.341,-36.2059,-0.228674,-0.266319,-0.183324,6716.38,5,39.312,2176.1,5178.67,48.4616,2,2,1.0,0.0,0.0,5,0.0,0,True,1746969014.06593,left,False
5070,1746969087.7556808,200.181,-36.3175,-0.333458,-0.265894,-0.185802,6723.06,5,39.334,2177.33,5179.89,48.4613,2,2,1.0,0.0,0.0,5,0.0,0,True,1746969014.06593,left,False
5071,1746969087.7769268,200.053,-36.2811,-0.430384,-0.265316,-0.18759,6716.83,5,39.356,2178.55,5181.12,48.4609,2,2,1.0,0.0,0.0,5,0.0,0,True,1746969014.06593,left,False
5072,1746969087.7987442,199.951,-36.1198,-0.53897,-0.264581,-0.1887,6713.49,5,39.378,2179.78,5182.34,48.4606,2,2,1.0,0.0,0.0,5,0.0,0,True,1746969014.06593,left,False
5073,1746969087.820056,199.868,-35.8205,-0.639907,-0.263688,-0.189153,6714.5,5,39.4,2181.01,5183.57,48.4603,2,2,1.0,0.0,0.0,5,0.0,0,True,1746969014.06593,left,False
5074,1746969087.8408723,199.816,-35.3876,-0.742195,-0.26264,-0.188924,6711.09,5,39.422,2182.23,5184.79,48.4599,2,2,1.0,0.0,0.0,5,0.0,0,True,1746969014.06593,left,False
5075,1746969087.865438,199.793,-34.8261,-0.843623,-0.26144,-0.188033,6701.29,5,39.444,2183.45,5186.02,48.4596,2,2,1.0,0.0,0.0,5,0.0,0,True,1746969014.06593,left,False
5076,1746969087.8860013,199.792,-34.1314,-0.948409,-0.260085,-0.186468,6696.85,5,39.466,2184.68,5187.24,48.4593,2,2,1.0,0.0,0.0,5,0.0,0,True,1746969014.06593,left,False
5077,1746969087.9076502,199.814,-33.3165,-1.05027,-0.258582,-0.184239,6690.93,5,39.488,2185.9,5188.46,48.4589,2,2,1.0,0.0,0.0,5,0.0,0,True,1746969014.06593,left,False
5078,1746969087.931029,199.862,-32.3672,-1.15148,-0.256923,-0.181348,6681.86,5,39.51,2187.12,5189.68,48.4586,2,2,1.0,0.0,0.0,5,0.0,0,True,1746969014.06593,left,False
5079,1746969087.9523485,199.933,-31.2955,-1.2446,-0.255121,-0.177798,6668.86,5,39.532,2188.34,5190.91,48.4582,2,2,1.0,0.0,0.0,5,0.0,0,True,1746969014.06593,left,False
5080,1746969087.9748523,200.026,-30.1077,-1.35005,-0.25317,-0.173599,6655.56,5,39.554,2189.56,5192.13,48.4579,2,2,1.0,0.0,0.0,5,0.0,0,True,1746969014.06593,left,False
5081,1746969087.995332,200.14,-28.804,-1.44607,-0.251084,-0.168767,6636.9,5,39.576,2190.78,5193.35,48.4576,2,2,1.0,0.0,0.0,5,0.0,0,True,1746969014.06593,left,False
5082,1746969088.0184512,200.269,-27.387,-1.5369,-0.248859,-0.163315,6619.29,5,39.598,2192,5194.57,48.4572,2,2,1.0,0.0,0.0,5,0.0,0,True,1746969014.06593,left,False
5083,1746969088.0401495,200.413,-25.8721,-1.63404,-0.246507,-0.157273,6598.4,5,39.62,2193.22,5195.79,48.4569,2,2,1.0,0.0,0.0,5,0.0,0,True,1746969014.06593,left,False
5084,1746969088.061929,200.574,-24.2482,-1.71764,-0.244029,-0.150633,6567.31,5,39.642,2194.44,5197,48.4566,2,2,1.0,0.0,0.0,5,0.0,0,True,1746969014.06593,left,False
5085,1746969088.0837407,200.748,-22.5337,-1.8007,-0.241433,-0.143434,6533.79,5,39.664,2195.66,5198.22,48.4562,2,2,1.0,0.0,0.0,5,0.0,0,True,1746969014.06593,left,False
5086,1746969088.1062746,200.927,-20.7296,-1.87884,-0.238729,-0.135674,6499.93,5,39.686,2196.88,5199.44,48.4559,2,2,1.0,0.0,0.0,5,0.0,0,True,1746969014.06593,left,False
5087,1746969088.1274319,201.116,-18.867,-1.95318,-0.235931,-0.127437,6454.14,5,39.708,2198.1,5200.66,48.4556,2,2,1.0,0.0,0.0,5,0.0,0,True,1746969014.06593,left,False
5088,1746969088.150809,201.301,-16.9508,-2.02071,-0.233053,-0.118769,6414.74,5,39.73,2199.32,5201.88,48.4552,2,2,1.0,0.0,0.0,5,0.0,0,True,1746969014.06593,left,False
5089,1746969088.173342,201.484,-15.0034,-2.07484,-0.230109,-0.109738,6371.76,5,39.752,2200.54,5203.1,48.4549,2,2,1.0,0.0,0.0,5,0.0,0,True,1746969014.06593,left,False
5090,1746969088.194869,201.664,-13.039,-2.10924,-0.227118,-0.100411,6325.07,5,39.774,2201.76,5204.32,48.4546,2,2,1.0,0.0,0.0,5,0.0,0,True,1746969014.06593,left,False
5091,1746969088.2152052,201.826,-11.1092,-2.14718,-0.224105,-0.0909188,6289.16,5,39.796,2202.98,5205.54,48.4542,2,2,1.0,0.0,0.0,5,0.0,0,True,1746969014.06593,left,False
5092,1746969088.2394614,201.973,-9.23706,-2.16779,-0.2211,-0.0813902,6257.78,5,39.818,2204.2,5206.76,48.4539,2,2,1.0,0.0,0.0,5,0.0,0,True,1746969014.06593,left,False
5093,1746969088.2605574,202.103,-7.45065,-2.17027,-0.218127,-0.0719245,6233.65,5,39.84,2205.42,5207.98,48.4535,2,2,1.0,0.0,0.0,5,0.0,0,True,1746969014.06593,left,False
5094,1746969088.281998,202.215,-5.78295,-2.15943,-0.215228,-0.0626314,6218.49,5,39.862,2206.64,5209.21,48.4532,2,2,1.0,0.0,0.0,5,0.0,0,True,1746969014.06593,left,False
5095,1746969088.3028562,202.313,-4.24524,-2.11822,-0.212431,-0.0535839,6206.32,5,39.884,2207.86,5210.43,48.4529,2,2,1.0,0.0,0.0,5,0.0,0,True,1746969014.06593,left,False
5096,1746969088.3266313,202.397,-2.85487,-2.05785,-0.209776,-0.044844,6199.37,5,39.906,2209.09,5211.65,48.4525,2,2,1.0,0.0,0.0,5,0.0,0,True,1746969014.06593,left,False
5097,1746969088.3487604,202.471,-1.61533,-1.97126,-0.207292,-0.0364545,6194.35,5,39.928,2210.31,5212.88,48.4522,2,2,1.0,0.0,0.0,5,0.0,0,True,1746969014.06593,left,False
5098,1746969088.3698866,202.536,-0.529637,-1.85742,-0.205015,-0.0284427,6191.75,5,39.95,2211.54,5214.1,48.4519,2,2,1.0,0.0,0.0,5,0.0,0,True,1746969014.06593,left,False
5099,1746969088.391373,202.595,0.406629,-1.71257,-0.202974,-0.0208243,6189.15,5,39.972,2212.76,5215.32,48.4515,2,2,1.0,0.0,0.0,5,0.0,0,True,1746969014.06593,left,False
5100,1746969088.4143443,202.649,1.19846,-1.53956,-0.201196,-0.0136064,6188.51,5,39.994,2213.99,5216.55,48.4512,2,2,1.0,0.0,0.0,5,0.0,0,True,1746969014.06593,left,False
5101,1746969088.4379146,202.7,1.85342,-1.34693,-0.199709,-0.00678856,6187.93,5,40.016,2215.21,5217.78,48.4509,2,2,1.0,0.0,0.0,5,0.0,0,True,1746969014.06593,left,False
5102,1746969088.459142,202.747,2.38248,-1.13167,-0.198531,-0.000362698,6188.17,5,40.038,2216.44,5219,48.4505,2,2,1.0,0.0,0.0,5,0.0,0,True,1746969014.06593,left,False
5103,1746969088.4802995,202.793,2.79557,-0.896155,-0.197679,0.00568407,6188.97,5,40.06,2217.67,5220.23,48.4502,2,2,1.0,0.0,0.0,5,0.0,0,True,1746969014.06593,left,False
5104,1746969088.5024483,202.838,3.1035,-0.638522,-0.197172,0.0113675,6189.79,5,40.082,2218.89,5221.46,48.4499,2,2,1.0,0.0,0.0,5,0.0,0,True,1746969014.06593,left,False
5105,1746969088.523926,202.882,3.31982,-0.367639,-0.197011,0.0167119,6190.15,5,40.104,2220.12,5222.68,48.4495,2,2,1.0,0.0,0.0,5,0.0,0,True,1746969014.06593,left,False
5106,1746969088.5452244,202.926,3.45551,-0.0843055,-0.197215,0.0217416,6190.51,5,40.126,2221.35,5223.91,48.4492,2,2,1.0,0.0,0.0,5,0.0,0,True,1746969014.06593,left,False
5107,1746969088.5693305,202.97,3.5244,0.204848,-0.197784,0.0264909,6191.52,5,40.148,2222.58,5225.14,48.4488,2,2,1.0,0.0,0.0,5,0.0,0,True,1746969014.06593,left,False
5108,1746969088.5931458,203.013,3.53671,0.500427,-0.19872,0.030986,6192.65,5,40.17,2223.81,5226.37,48.4485,2,2,1.0,0.0,0.0,5,0.0,0,True,1746969014.06593,right,False
5109,1746969088.6132734,203.057,3.50437,0.796695,-0.200028,0.0352666,6193.24,5,40.192,2225.04,5227.6,48.4482,2,2,1.0,0.0,0.0,5,0.0,0,True,1746969014.06593,right,False
5110,1746969088.633392,203.1,3.43916,1.09533,-0.201701,0.039365,6193.53,5,40.214,2226.26,5228.83,48.4478,2,2,1.0,0.0,0.0,5,0.0,0,True,1746969014.06593,right,False
5111,1746969088.656869,203.143,3.35147,1.38271,-0.203743,0.0433194,6195.18,5,40.236,2227.49,5230.05,48.4475,2,2,1.0,0.0,0.0,5,0.0,0,True,1746969014.06593,right,False
5112,1746969088.677601,203.185,3.24804,1.66545,-0.206146,0.0471579,6195.74,5,40.258,2228.72,5231.28,48.4472,2,2,1.0,0.0,0.0,5,0.0,0,True,1746969014.06593,right,False
5113,1746969088.7000048,203.226,3.136,1.93711,-0.208907,0.0509064,6197.6,5,40.28,2229.95,5232.51,48.4468,2,2,1.0,0.0,0.0,5,0.0,0,True,1746969014.06593,right,False
5114,1746969088.7236938,203.267,3.01989,2.20833,-0.212024,0.054588,6197.92,5,40.302,2231.18,5233.74,48.4465,2,2,1.0,0.0,0.0,5,0.0,0,True,1746969014.06593,right,False
5115,1746969088.7427738,203.307,2.90474,2.46014,-0.215493,0.0582196,6199.2,5,40.324,2232.41,5234.97,48.4462,2,2,1.0,0.0,0.0,5,0.0,0,True,1746969014.06593,right,False
5116,1746969088.7660728,203.346,2.7922,2.7104,-0.219309,0.0618183,6201.15,5,40.346,2233.63,5236.2,48.4458,2,2,1.0,0.0,0.0,5,0.0,0,True,1746969014.06593,right,False
5117,1746969088.7868416,203.384,2.68508,2.94914,-0.223464,0.0653903,6202.84,5,40.368,2234.86,5237.42,48.4455,2,2,1.0,0.0,0.0,5,0.0,0,True,1746969014.06593,right,False
5118,1746969088.8114974,203.421,2.58358,3.1775,-0.22796,0.068947,6204.71,5,40.39,2236.09,5238.65,48.4452,2,2,1.0,0.0,0.0,5,0.0,0,True,1746969014.06593,right,False
5119,1746969088.8312123,203.458,2.48827,3.40396,-0.23279,0.0724904,6205.99,5,40.412,2237.32,5239.88,48.4448,2,2,1.0,0.0,0.0,5,0.0,0,True,1746969014.06593,right,False
5120,1746969088.8542771,203.494,2.39937,3.6134,-0.237952,0.0760247,6207.99,5,40.434,2238.54,5241.11,48.4445,2,2,1.0,0.0,0.1,5,0.0,0,True,1746969014.06593,right,False
5121,1746969088.875062,203.529,2.31538,3.83026,-0.243441,0.0795509,6208.3,5,40.456,2239.77,5242.33,48.4441,2,2,1.0,0.0,0.1,5,0.0,0,True,1746969014.06593,right,False
5122,1746969088.8987968,203.563,2.23884,4.02821,-0.249253,0.0830752,6210.76,5,40.478,2241,5243.56,48.4438,2,2,1.0,0.0,0.1,5,0.0,0,True,1746969014.06593,right,False
5123,1746969088.9208217,203.597,2.16741,4.22806,-0.255391,0.0865943,6212.06,5,40.5,2242.22,5244.78,48.4435,2,2,1.0,0.0,0.1,5,0.0,0,True,1746969014.06593,right,False
5124,1746969088.94177,203.63,2.10123,4.43222,-0.261849,0.0901148,6212.61,5,40.522,2243.45,5246.01,48.4431,2,2,1.0,0.0,0.1,5,0.0,0,True,1746969014.06593,right,False
5125,1746969088.9635198,203.647,2.20151,4.62265,-0.268563,0.0926015,6216.21,5,40.544,2244.67,5247.23,48.4428,2,2,1.0,0.0,0.1,5,0.0,0,True,1746969014.06593,right,False
5126,1746969088.9860253,203.663,1.85889,4.78993,-0.275427,0.0924026,6220.5,5,40.566,2245.89,5248.46,48.4425,2,2,1.0,0.0,0.1,5,0.0,0,True,1746969014.06593,right,False
5127,1746969089.0070214,203.679,1.05495,4.93301,-0.282426,0.0898306,6226.23,5,40.588,2247.12,5249.68,48.4421,2,2,1.0,0.0,0.1,5,0.0,0,True,1746969014.06593,right,False
5128,1746969089.0292754,203.691,-0.102051,5.04464,-0.289545,0.0853025,6233.01,5,40.61,2248.34,5250.9,48.4418,2,2,1.0,0.0,0.1,5,0.0,0,True,1746969014.06593,right,False
5129,1746969089.0521667,203.69,-1.51351,5.12886,-0.296761,0.0792181,6240.46,5,40.632,2249.56,5252.13,48.4415,2,2,1.0,0.0,0.1,5,0.0,0,True,1746969014.06593,right,False
5130,1746969089.074646,203.672,-3.09227,5.19491,-0.304036,0.0719744,6247.96,5,40.654,2250.78,5253.35,48.4411,2,2,1.0,0.0,0.1,5,0.0,0,True,1746969014.06593,right,False
5131,1746969089.0978622,203.629,-4.77686,5.22328,-0.311348,0.0639316,6260.81,5,40.676,2252,5254.57,48.4408,2,2,1.0,0.0,0.1,5,0.0,0,True,1746969014.06593,right,False
5132,1746969089.1169212,203.562,-6.49935,5.2228,-0.318669,0.0554048,6276.31,5,40.698,2253.23,5255.79,48.4405,2,2,1.0,0.0,0.1,5,0.0,0,True,1746969014.06593,right,False
5133,1746969089.140183,203.472,-8.2141,5.20178,-0.325972,0.0466616,6292.45,5,40.72,2254.45,5257.01,48.4401,2,2,1.0,0.0,0.1,5,0.0,0,True,1746969014.06593,right,False
5134,1746969089.1616325,203.356,-9.89794,5.16076,-0.33324,0.0378615,6313.2,5,40.742,2255.66,5258.23,48.4398,2,2,1.0,0.0,0.1,5,0.0,0,True,1746969014.06593,right,False
5135,1746969089.1827886,203.22,-11.531,5.09984,-0.340456,0.0291449,6336.55,5,40.764,2256.88,5259.45,48.4394,2,2,1.0,0.0,0.1,5,0.0,0,True,1746969014.06593,right,False
5136,1746969089.2064974,203.066,-13.109,5.01303,-0.347607,0.0205623,6358.85,5,40.786,2258.1,5260.66,48.4391,2,2,1.0,0.0,0.1,5,0.0,0,True,1746969014.06593,right,False
5137,1746969089.2279599,202.899,-14.6147,4.93322,-0.35469,0.0125172,6377.5,5,40.808,2259.32,5261.88,48.4388,2,2,1.0,0.0,0.1,5,0.0,0,True,1746969014.06593,right,False
5138,1746969089.2503154,202.72,-16.0701,4.85044,-0.361738,0.00495404,6387.34,5,40.83,2260.53,5263.09,48.4384,2,2,1.0,0.0,0.1,5,0.0,0,True,1746969014.06593,right,False
5139,1746969089.27378,202.53,-17.4814,4.76404,-0.368745,-0.00255996,6392.63,5,40.852,2261.74,5264.3,48.4381,2,2,1.0,0.0,0.1,5,0.0,0,True,1746969014.06593,right,False
5140,1746969089.2940664,202.328,-18.8457,4.68888,-0.375697,-0.0100477,6393.16,5,40.874,2262.95,5265.51,48.4378,2,2,1.0,0.0,0.1,5,0.0,0,True,1746969014.06593,right,False
5141,1746969089.3147945,202.112,-20.1701,4.61895,-0.382581,-0.0174921,6394.63,5,40.896,2264.16,5266.72,48.4374,2,2,1.0,0.0,0.1,5,0.0,0,True,1746969014.06593,right,False
5142,1746969089.3381364,201.883,-21.4606,4.55106,-0.389387,-0.0248931,6392.47,5,40.918,2265.37,5267.93,48.4371,2,2,1.0,0.0,0.1,5,0.0,0,True,1746969014.06593,right,False
5143,1746969089.359186,201.637,-22.7313,4.47972,-0.396108,-0.0322712,6396.31,5,40.94,2266.58,5269.14,48.4368,2,2,1.0,0.0,0.1,5,0.0,0,True,1746969014.06593,right,False
5144,1746969089.382257,201.379,-23.9545,4.40789,-0.402732,-0.0395263,6401.43,5,40.962,2267.78,5270.35,48.4364,2,2,1.0,0.0,0.1,5,0.0,0,True,1746969014.06593,right,False
5145,1746969089.4030082,201.109,-25.1397,4.33392,-0.409257,-0.0466502,6409.72,5,40.984,2268.99,5271.55,48.4361,2,2,1.0,0.0,0.1,5,0.0,0,True,1746969014.06593,right,False
5146,1746969089.4259017,200.829,-26.2777,4.26436,-0.415678,-0.0536307,6416.58,5,41.006,2270.19,5272.76,48.4358,2,2,1.0,0.0,0.1,5,0.0,0,True,1746969014.06593,right,False
5147,1746969089.448727,200.542,-27.3509,4.20069,-0.421991,-0.0603917,6428.72,5,41.028,2271.4,5273.96,48.4354,2,2,1.0,0.0,0.1,5,0.0,0,True,1746969014.06593,right,False
5148,1746969089.4698296,200.249,-28.3822,4.12065,-0.428192,-0.0669244,6441.23,5,41.05,2272.6,5275.16,48.4351,2,2,1.0,0.0,0.1,5,0.0,0,True,1746969014.06593,right,False
5149,1746969089.4914958,199.949,-29.349,4.03972,-0.434275,-0.0731853,6460.94,5,41.072,2273.8,5276.37,48.4347,2,2,1.0,0.0,0.1,5,0.0,0,True,1746969014.06593,right,False
5150,1746969089.5146768,199.648,-30.2487,3.96042,-0.440245,-0.0791248,6479.44,5,41.094,2275,5277.56,48.4344,2,2,1.0,0.0,0.1,5,0.0,0,True,1746969014.06593,right,False
5151,1746969089.535507,199.351,-31.068,3.87513,-0.446094,-0.08472,6498.97,5,41.116,2276.2,5278.76,48.4341,2,2,1.0,0.0,0.1,5,0.0,0,True,1746969014.06593,right,False
5152,1746969089.5584996,199.057,-31.8096,3.78924,-0.451827,-0.0899442,6520.19,5,41.138,2277.4,5279.96,48.4337,2,2,1.0,0.0,0.1,5,0.0,0,True,1746969014.06593,right,False
5153,1746969089.5807557,198.772,-32.4677,3.70187,-0.457442,-0.094785,6537.18,5,41.16,2278.59,5281.16,48.4334,2,2,1.0,0.0,0.1,5,0.0,0,True,1746969014.06593,right,False
5154,1746969089.602037,198.495,-33.0421,3.61301,-0.462931,-0.0992373,6553.79,5,41.182,2279.79,5282.35,48.4331,2,2,1.0,0.0,0.1,5,0.0,0,True,1746969014.06593,right,False
5155,1746969089.6235454,198.226,-33.5335,3.52087,-0.468298,-0.103257,6573.83,5,41.204,2280.98,5283.54,48.4327,2,2,1.0,0.0,0.1,5,0.0,0,True,1746969014.06593,right,False
5156,1746969089.646122,197.973,-33.9243,3.43448,-0.473539,-0.106862,6585.58,5,41.226,2282.17,5284.74,48.4324,2,2,1.0,0.0,0.1,5,0.0,0,True,1746969014.06593,right,False
5157,1746969089.668671,197.728,-34.2318,3.33714,-0.478654,-0.109997,6606.96,5,41.248,2283.36,5285.93,48.4321,2,2,1.0,0.0,0.1,5,0.0,0,True,1746969014.06593,right,False
5158,1746969089.6908813,197.503,-34.4398,3.24925,-0.483643,-0.112679,6617.76,5,41.27,2284.55,5287.12,48.4317,2,2,1.0,0.0,0.1,5,0.0,0,True,1746969014.06593,right,False
5159,1746969089.7122507,197.289,-34.558,3.15517,-0.488503,-0.114909,6637.42,5,41.292,2285.74,5288.3,48.4314,2,2,1.0,0.0,0.1,5,0.0,0,True,1746969014.06593,right,False
5160,1746969089.7346177,197.097,-34.5704,3.06574,-0.493231,-0.116654,6646.82,5,41.314,2286.93,5289.49,48.4311,2,2,1.0,0.0,0.1,5,0.0,0,True,1746969014.06593,right,False
5161,1746969089.7569761,196.925,-34.484,2.98496,-0.497829,-0.117925,6652.5,5,41.336,2288.11,5290.68,48.4307,2,2,1.0,0.0,0.1,5,0.0,0,True,1746969014.06593,right,False
5162,1746969089.7782514,196.767,-34.3075,2.89874,-0.502295,-0.118715,6661.98,5,41.358,2289.29,5291.86,48.4304,2,2,1.0,0.0,0.1,5,0.0,0,True,1746969014.06593,right,False
5163,1746969089.8005023,196.627,-34.038,2.80801,-0.50663,-0.119022,6670.42,5,41.38,2290.48,5293.04,48.43,2,2,1.0,0.0,0.1,5,0.0,0,True,1746969014.06593,right,False
5164,1746969089.8220022,196.508,-33.6729,2.71948,-0.510832,-0.118851,6678.9,5,41.402,2291.66,5294.22,48.4297,2,2,1.0,0.0,0.1,5,0.0,0,True,1746969014.06593,right,False
5165,1746969089.8452077,196.407,-33.2137,2.63194,-0.514903,-0.118207,6681.66,5,41.424,2292.84,5295.4,48.4294,2,2,1.0,0.0,0.1,5,0.0,0,True,1746969014.06593,right,False
5166,1746969089.8668807,196.323,-32.6613,2.55096,-0.518844,-0.11709,6686.08,5,41.446,2294.02,5296.58,48.429,2,2,1.0,0.0,0.1,5,0.0,0,True,1746969014.06593,right,False
5167,1746969089.8885577,196.259,-32.0234,2.46132,-0.52265,-0.115501,6689.34,5,41.468,2295.19,5297.76,48.4287,2,2,1.0,0.0,0.1,5,0.0,0,True,1746969014.06593,right,False
5168,1746969089.909906,196.212,-31.2924,2.38272,-0.526329,-0.113463,6689.23,5,41.49,2296.37,5298.94,48.4284,2,2,1.0,0.0,0.1,5,0.0,0,True,1746969014.06593,right,False
5169,1746969089.93144,196.183,-30.4963,2.28988,-0.529877,-0.110992,6685.89,5,41.512,2297.55,5300.11,48.428,2,2,1.0,0.0,0.1,5,0.0,0,True,1746969014.06593,right,False
5170,1746969089.953997,196.167,-29.6166,2.20105,-0.533301,-0.108101,6683.18,5,41.534,2298.72,5301.29,48.4277,2,2,1.0,0.0,0.1,5,0.0,0,True,1746969014.06593,right,False
5171,1746969089.97558,196.169,-28.6625,2.12062,-0.536599,-0.104813,6673.12,5,41.556,2299.89,5302.46,48.4274,2,2,1.0,0.0,0.1,5,0.0,0,True,1746969014.06593,right,False
5172,1746969089.997086,196.188,-27.6403,2.03896,-0.539777,-0.101154,6659.04,5,41.578,2301.07,5303.63,48.427,2,2,1.0,0.0,0.1,5,0.0,0,True,1746969014.06593,right,False
5173,1746969090.0207694,196.215,-26.5595,1.95358,-0.542834,-0.0971454,6648.92,5,41.6,2302.24,5304.8,48.4267,2,2,1.0,0.0,0.1,5,0.0,0,True,1746969014.06593,right,False
5174,1746969090.0409772,196.254,-25.4172,1.87851,-0.545774,-0.0927919,6629.68,5,41.622,2303.41,5305.97,48.4264,2,2,1.0,0.0,0.1,5,0.0,0,True,1746969014.06593,right,False
5175,1746969090.0668874,196.305,-24.2329,1.79495,-0.5486,-0.0881499,6609.47,5,41.644,2304.58,5307.14,48.426,2,2,1.0,0.0,0.2,5,0.0,0,True,1746969014.06593,right,False
5176,1746969090.0859675,196.363,-23.0067,1.72012,-0.551316,-0.083258,6583,5,41.666,2305.75,5308.31,48.4257,2,2,1.0,0.0,0.2,5,0.0,0,True,1746969014.06593,right,False
5177,1746969090.1099038,196.427,-21.7498,1.64959,-0.553929,-0.078163,6557.88,5,41.688,2306.92,5309.48,48.4253,2,2,1.0,0.0,0.2,5,0.0,0,True,1746969014.06593,right,False
5178,1746969090.1289065,196.494,-20.4763,1.5774,-0.556441,-0.0728844,6531.85,5,41.71,2308.08,5310.65,48.425,2,2,1.0,0.0,0.2,5,0.0,0,True,1746969014.06593,right,False
5179,1746969090.1524992,196.565,-19.194,1.5077,-0.558858,-0.0674957,6503.78,5,41.732,2309.25,5311.82,48.4247,2,2,1.0,0.0,0.2,5,0.0,0,True,1746969014.06593,right,False
5180,1746969090.1736882,196.608,-17.8955,1.4426,-0.561184,-0.0621737,6474.38,5,41.754,2310.42,5312.98,48.4243,2,2,1.0,0.0,0.2,5,0.0,0,True,1746969014.06593,right,False
5181,1746969090.1967926,196.631,-16.6628,1.38407,-0.563407,-0.0571664,6452.28,5,41.776,2311.58,5314.15,48.424,2,2,1.0,0.0,0.2,5,0.0,0,True,1746969014.06593,right,False
5182,1746969090.2188113,196.643,-15.5283,1.31798,-0.565542,-0.0525287,6437.53,5,41.798,2312.75,5315.31,48.4237,2,2,1.0,0.0,0.2,5,0.0,0,True,1746969014.06593,right,False
5183,1746969090.2405093,196.653,-14.4824,1.26884,-0.56759,-0.0483215,6415.06,5,41.82,2313.92,5316.48,48.4233,2,2,1.0,0.0,0.2,5,0.0,0,True,1746969014.06593,right,False
5184,1746969090.2616787,196.654,-13.559,1.21539,-0.569562,-0.0446146,6398.15,5,41.842,2315.08,5317.64,48.423,2,2,1.0,0.0,0.30000000000000004,5,0.0,0,True,1746969014.06593,right,False
5185,1746969090.283972,196.649,-12.7583,1.16264,-0.571462,-0.0414689,6381.89,5,41.864,2316.24,5318.81,48.4227,2,2,1.0,0.0,0.30000000000000004,5,0.0,0,True,1746969014.06593,right,False
5186,1746969090.3075528,196.639,-12.0861,1.11349,-0.573291,-0.0389279,6362.73,5,41.886,2317.41,5319.97,48.4223,2,2,1.0,0.0,0.30000000000000004,5,0.0,0,True,1746969014.06593,right,False
5187,1746969090.3288045,196.624,-11.5551,1.07101,-0.575061,-0.0370529,6343.62,5,41.908,2318.57,5321.14,48.422,2,2,1.0,0.0,0.30000000000000004,5,0.0,0,True,1746969014.06593,right,False
5188,1746969090.3530335,196.603,-11.1583,1.03762,-0.57677,-0.0358642,6323.38,5,41.93,2319.73,5322.3,48.4217,2,2,1.0,0.0,0.30000000000000004,5,0.0,0,True,1746969014.06593,right,False
5189,1746969090.3731859,196.544,-10.8878,1.00032,-0.578416,-0.0354713,6306.25,5,41.952,2320.9,5323.46,48.4213,2,2,1.0,0.0,0.30000000000000004,5,0.0,0,True,1746969014.06593,right,False
5190,1746969090.3950129,196.464,-10.7976,0.962295,-0.579989,-0.0360044,6296.83,5,41.974,2322.06,5324.62,48.421,2,2,1.0,0.0,0.30000000000000004,5,0.0,0,True,1746969014.06593,right,False
5191,1746969090.4168804,196.372,-10.8704,0.930418,-0.581484,-0.0374187,6291.52,5,41.996,2323.22,5325.79,48.4206,2,2,1.0,0.0,0.30000000000000004,5,0.0,0,True,1746969014.06593,right,False
5192,1746969090.4397502,196.27,-11.1017,0.896404,-0.582906,-0.0396588,6286.3,5,42.018,2324.38,5326.95,48.4203,2,2,1.0,0.0,0.30000000000000004,5,0.0,0,True,1746969014.06593,right,False
5193,1746969090.4613848,196.155,-11.4786,0.850009,-0.584247,-0.042661,6288.75,5,42.04,2325.54,5328.11,48.42,2,2,1.0,0.0,0.30000000000000004,5,0.0,0,True,1746969014.06593,right,False
5194,1746969090.4815948,196.029,-11.9759,0.812445,-0.585506,-0.0463541,6288.18,5,42.062,2326.7,5329.27,48.4196,2,2,1.0,0.0,0.30000000000000004,5,0.0,0,True,1746969014.06593,right,False
5195,1746969090.5043387,195.894,-12.5769,0.771775,-0.586674,-0.0506714,6285.87,5,42.084,2327.86,5330.43,48.4193,2,2,1.0,0.0,0.30000000000000004,5,0.0,0,True,1746969014.06593,right,False
5196,1746969090.5259242,195.742,-13.2837,0.727989,-0.587748,-0.0555542,6291.21,5,42.106,2329.02,5331.58,48.419,2,2,1.0,0.0,0.30000000000000004,5,0.0,0,True,1746969014.06593,right,False
5197,1746969090.5481002,195.575,-14.0697,0.674344,-0.588723,-0.0609115,6297.72,5,42.128,2330.18,5332.74,48.4186,2,2,1.0,0.0,0.30000000000000004,5,0.0,0,True,1746969014.06593,right,False
5198,1746969090.5707164,195.392,-14.9288,0.613348,-0.589598,-0.0666478,6310.4,5,42.15,2331.33,5333.9,48.4183,2,2,1.0,0.0,0.30000000000000004,5,0.0,0,True,1746969014.06593,right,False
5199,1746969090.5925934,195.194,-15.8421,0.540513,-0.590365,-0.0727418,6324.58,5,42.172,2332.49,5335.05,48.418,2,2,1.0,0.0,0.30000000000000004,5,0.0,0,True,1746969014.06593,right,False
5200,1746969090.6149156,194.987,-16.7974,0.465086,-0.591024,-0.0791062,6333.37,5,42.194,2333.65,5336.21,48.4176,2,2,1.0,0.0,0.30000000000000004,5,0.0,0,True,1746969014.06593,right,False
5201,1746969090.6381068,194.765,-17.7815,0.389691,-0.591569,-0.0856798,6344.99,5,42.216,2334.8,5337.36,48.4173,2,2,1.0,0.0,0.30000000000000004,5,0.0,0,True,1746969014.06593,right,False
5202,1746969090.6576371,194.531,-18.7765,0.321142,-0.591992,-0.0924581,6351.03,5,42.238,2335.95,5338.52,48.417,2,2,1.0,0.0,0.30000000000000004,5,0.0,0,True,1746969014.06593,right,False
5203,1746969090.6811187,194.28,-19.8091,0.237756,-0.592291,-0.0993884,6363.54,5,42.26,2337.11,5339.67,48.4166,2,2,1.0,0.0,0.30000000000000004,5,0.0,0,True,1746969014.06593,right,False
5204,1746969090.7034297,194.017,-20.8416,0.150509,-0.592462,-0.10643,6374.93,5,42.282,2338.26,5340.82,48.4163,2,2,1.0,0.0,0.30000000000000004,5,0.0,0,True,1746969014.06593,right,False
5205,1746969090.723206,193.738,-21.887,0.0638537,-0.592505,-0.113566,6393.43,5,42.304,2339.41,5341.97,48.4159,2,2,1.0,0.0,0.30000000000000004,5,0.0,0,True,1746969014.06593,right,False
5206,1746969090.7470858,193.452,-22.9168,-0.0224977,-0.592413,-0.12071,6402.84,5,42.326,2340.56,5343.12,48.4156,2,2,1.0,0.0,0.30000000000000004,5,0.0,0,True,1746969014.06593,right,False
5207,1746969090.7676723,193.156,-23.94,-0.117993,-0.592185,-0.12785,6414.03,5,42.348,2341.71,5344.27,48.4153,2,2,1.0,0.0,0.30000000000000004,5,0.0,0,True,1746969014.06593,right,False
5208,1746969090.7898386,192.847,-24.9557,-0.213468,-0.591819,-0.134943,6430.89,5,42.37,2342.86,5345.42,48.4149,2,2,1.0,0.0,0.30000000000000004,5,0.0,0,True,1746969014.06593,right,False
5209,1746969090.811601,192.531,-25.9438,-0.321606,-0.591317,-0.141946,6447.55,5,42.392,2344,5346.57,48.4146,2,2,1.0,0.0,0.30000000000000004,5,0.0,0,True,1746969014.06593,right,False
5210,1746969090.8334436,192.211,-26.8902,-0.412557,-0.590672,-0.148825,6455.35,5,42.414,2345.15,5347.71,48.4143,2,2,1.0,0.0,0.30000000000000004,5,0.0,0,True,1746969014.06593,right,False
5211,1746969090.8577495,191.882,-27.8071,-0.519531,-0.589882,-0.155563,6473.21,5,42.436,2346.29,5348.86,48.4139,2,2,1.0,0.0,0.30000000000000004,5,0.0,0,True,1746969014.06593,right,False
5212,1746969090.8779318,191.552,-28.6814,-0.623954,-0.588944,-0.16215,6486.1,5,42.458,2347.44,5350,48.4136,2,2,1.0,0.0,0.30000000000000004,5,0.0,0,True,1746969014.06593,right,False
5213,1746969090.9005888,191.215,-29.5164,-0.725161,-0.58786,-0.168544,6502.79,5,42.48,2348.58,5351.14,48.4133,2,2,1.0,0.0,0.30000000000000004,5,0.0,0,True,1746969014.06593,right,False
5214,1746969090.9213138,190.88,-30.2992,-0.828452,-0.586625,-0.174726,6517.69,5,42.502,2349.72,5352.29,48.4129,2,2,1.0,0.0,0.30000000000000004,5,0.0,0,True,1746969014.06593,right,False
5215,1746969090.9441702,190.545,-31.0281,-0.933679,-0.585238,-0.180687,6529.22,5,42.524,2350.86,5353.43,48.4126,2,2,1.0,0.0,0.30000000000000004,5,0.0,0,True,1746969014.06593,right,False
5216,1746969090.9668803,190.209,-31.7081,-1.03567,-0.5837,-0.186393,6544.68,5,42.546,2352,5354.56,48.4123,2,2,1.0,0.0,0.30000000000000004,5,0.0,0,True,1746969014.06593,right,False
5217,1746969090.9888709,189.878,-32.3308,-1.14309,-0.582003,-0.191827,6560.03,5,42.568,2353.14,5355.7,48.4119,2,2,1.0,0.0,0.30000000000000004,5,0.0,0,True,1746969014.06593,right,False
5218,1746969091.009008,189.551,-32.8865,-1.24305,-0.580153,-0.197004,6571.97,5,42.59,2354.27,5356.84,48.4116,2,2,1.0,0.0,0.30000000000000004,5,0.0,0,True,1746969014.06593,right,False
5219,1746969091.0311954,189.232,-33.3759,-1.34535,-0.578143,-0.201843,6584.33,5,42.612,2355.41,5357.97,48.4112,2,2,1.0,0.0,0.30000000000000004,5,0.0,0,True,1746969014.06593,right,False
5220,1746969091.0558383,188.917,-33.8176,-1.46043,-0.575972,-0.206381,6603.06,5,42.634,2356.54,5359.11,48.4109,2,2,1.0,0.0,0.30000000000000004,5,0.0,0,True,1746969014.06593,right,False
5221,1746969091.0757494,188.608,-34.194,-1.56177,-0.573645,-0.210657,6618.6,5,42.656,2357.68,5360.24,48.4106,2,2,1.0,0.0,0.30000000000000004,5,0.0,0,True,1746969014.06593,right,False
5222,1746969091.0981097,188.311,-34.4998,-1.66523,-0.571157,-0.214587,6630.45,5,42.678,2358.81,5361.37,48.4102,2,2,1.0,0.0,0.30000000000000004,5,0.0,0,True,1746969014.06593,right,False
5223,1746969091.1199956,188.022,-34.7527,-1.77122,-0.56851,-0.218213,6643.33,5,42.7,2359.94,5362.5,48.4099,2,2,1.0,0.0,0.30000000000000004,5,0.0,0,True,1746969014.06593,right,False
5224,1746969091.1424122,187.744,-34.9371,-1.87837,-0.5657,-0.221536,6655.05,5,42.722,2361.07,5363.63,48.4096,2,2,1.0,0.0,0.30000000000000004,5,0.0,0,True,1746969014.06593,right,False
5225,1746969091.164456,187.479,-35.0536,-1.98354,-0.562728,-0.224517,6665.51,5,42.744,2362.19,5364.76,48.4092,2,2,1.0,0.0,0.30000000000000004,5,0.0,0,True,1746969014.06593,right,False
5226,1746969091.1850152,187.223,-35.1189,-2.0965,-0.559597,-0.227169,6676.14,5,42.766,2363.32,5365.88,48.4089,2,2,1.0,0.0,0.30000000000000004,5,0.0,0,True,1746969014.06593,right,False
5227,1746969091.2081034,186.977,-35.1085,-2.20381,-0.556301,-0.229487,6693.91,5,42.788,2364.44,5367.01,48.4086,2,2,1.0,0.0,0.30000000000000004,5,0.0,0,True,1746969014.06593,right,False
5228,1746969091.2321239,186.748,-35.0358,-2.31045,-0.552846,-0.231464,6704.29,5,42.81,2365.57,5368.13,48.4082,2,2,1.0,0.0,0.30000000000000004,5,0.0,0,True,1746969014.06593,right,False
5229,1746969091.251995,186.535,-34.896,-2.41363,-0.549225,-0.233122,6707.28,5,42.832,2366.69,5369.25,48.4079,2,2,1.0,0.0,0.30000000000000004,5,0.0,0,True,1746969014.06593,right,False
5230,1746969091.2735848,186.332,-34.6853,-2.51991,-0.545439,-0.234395,6717.92,5,42.854,2367.81,5370.37,48.4076,2,2,1.0,0.0,0.30000000000000004,5,0.0,0,True,1746969014.06593,right,False
5231,1746969091.2953737,186.145,-34.409,-2.63187,-0.541486,-0.235285,6727.94,5,42.876,2368.93,5371.49,48.4072,2,2,1.0,0.0,0.30000000000000004,5,0.0,0,True,1746969014.06593,right,False
5232,1746969091.317492,185.972,-34.0766,-2.74321,-0.537372,-0.235867,6738.29,5,42.898,2370.05,5372.61,48.4069,2,2,1.0,0.0,0.30000000000000004,5,0.0,0,True,1746969014.06593,right,False
5233,1746969091.3400385,185.811,-33.6842,-2.85021,-0.533097,-0.236129,6744.66,5,42.92,2371.16,5373.73,48.4065,2,2,1.0,0.0,0.30000000000000004,5,0.0,0,True,1746969014.06593,right,False
5234,1746969091.362227,185.664,-33.2378,-2.96448,-0.528658,-0.236076,6752.96,5,42.942,2372.28,5374.84,48.4062,2,2,1.0,0.0,0.30000000000000004,5,0.0,0,True,1746969014.06593,right,False
5235,1746969091.384469,185.529,-32.718,-3.07247,-0.524056,-0.235683,6763.29,5,42.964,2373.39,5375.96,48.4059,2,2,1.0,0.0,0.30000000000000004,5,0.0,0,True,1746969014.06593,right,False
5236,1746969091.405771,185.406,-32.149,-3.18648,-0.519293,-0.234942,6772.54,5,42.986,2374.51,5377.07,48.4055,2,2,1.0,0.0,0.30000000000000004,5,0.0,0,True,1746969014.06593,right,False
5237,1746969091.4288566,185.304,-31.5092,-3.28921,-0.514366,-0.233886,6769.81,5,43.008,2375.62,5378.18,48.4052,2,2,1.0,0.0,0.30000000000000004,5,0.0,0,True,1746969014.06593,right,False
5238,1746969091.4512482,185.212,-30.8217,-3.40137,-0.509275,-0.232518,6773.1,5,43.03,2376.73,5379.3,48.4049,2,2,1.0,0.0,0.30000000000000004,5,0.0,0,True,1746969014.06593,right,False
5239,1746969091.4743254,185.132,-30.0762,-3.51081,-0.504022,-0.230851,6775.31,5,43.052,2377.84,5380.41,48.4045,2,2,1.0,0.0,0.30000000000000004,5,0.0,0,True,1746969014.06593,right,False
5240,1746969091.4981701,185.064,-29.2813,-3.6131,-0.498608,-0.228904,6771.08,5,43.074,2378.95,5381.52,48.4042,2,2,1.0,0.0,0.4,5,0.0,0,True,1746969014.06593,right,False
5241,1746969091.5177362,185.006,-28.4463,-3.72367,-0.493034,-0.226685,6769.28,5,43.096,2380.06,5382.62,48.4039,2,2,1.0,0.0,0.4,5,0.0,0,True,1746969014.06593,right,False
5242,1746969091.5375795,184.954,-27.5641,-3.83124,-0.487299,-0.224203,6773.73,5,43.118,2381.17,5383.73,48.4035,2,2,1.0,0.0,0.4,5,0.0,0,True,1746969014.06593,right,False
5243,1746969091.56175,184.92,-26.6359,-3.93454,-0.481405,-0.221482,6761.57,5,43.14,2382.27,5384.84,48.4032,2,2,1.0,0.0,0.4,5,0.0,0,True,1746969014.06593,right,False
5244,1746969091.5830836,184.887,-25.6791,-4.04161,-0.47535,-0.218536,6761.3,5,43.162,2383.38,5385.94,48.4029,2,2,1.0,0.0,0.4,5,0.0,0,True,1746969014.06593,right,False
5245,1746969091.605992,184.848,-24.6826,-4.14497,-0.469139,-0.215426,6742.31,5,43.184,2384.48,5387.05,48.4025,2,2,1.0,0.0,0.4,5,0.0,0,True,1746969014.06593,right,False
5246,1746969091.6259465,184.804,-23.6624,-4.2431,-0.462771,-0.212214,6726.59,5,43.206,2385.59,5388.15,48.4022,2,2,1.0,0.0,0.4,5,0.0,0,True,1746969014.06593,right,False
5247,1746969091.6483035,184.759,-22.6457,-4.34729,-0.456244,-0.208918,6715.35,5,43.228,2386.69,5389.26,48.4018,2,2,1.0,0.0,0.4,5,0.0,0,True,1746969014.06593,right,False
5248,1746969091.6705503,184.721,-21.6253,-4.44874,-0.449569,-0.205594,6696.7,5,43.25,2387.79,5390.36,48.4015,2,2,1.0,0.0,0.4,5,0.0,0,True,1746969014.06593,right,False
5249,1746969091.6917067,184.682,-20.6129,-4.54543,-0.442739,-0.202296,6682.69,5,43.272,2388.9,5391.46,48.4012,2,2,1.0,0.0,0.4,5,0.0,0,True,1746969014.06593,right,False
5250,1746969091.7155213,184.648,-19.633,-4.64637,-0.43576,-0.199104,6658.23,5,43.294,2390,5392.56,48.4008,2,2,1.0,0.0,0.4,5,0.0,0,True,1746969014.06593,right,False
5251,1746969091.7357147,184.609,-18.692,-4.7452,-0.428638,-0.196071,6639.7,5,43.316,2391.1,5393.66,48.4005,2,2,1.0,0.0,0.4,5,0.0,0,True,1746969014.06593,right,False
5252,1746969091.7586956,184.57,-17.7951,-4.84343,-0.421374,-0.193218,6620.43,5,43.338,2392.2,5394.76,48.4002,2,2,1.0,0.0,0.4,5,0.0,0,True,1746969014.06593,right,False
5253,1746969091.7816088,184.533,-16.9553,-4.94405,-0.413971,-0.190636,6593.92,5,43.36,2393.3,5395.86,48.3998,2,2,1.0,0.0,0.4,5,0.0,0,True,1746969014.06593,right,False
5254,1746969091.801288,184.5,-16.1771,-5.03464,-0.406429,-0.188409,6554.37,5,43.382,2394.4,5396.96,48.3995,2,2,1.0,0.0,0.4,5,0.0,0,True,1746969014.06593,right,False
5255,1746969091.8234735,184.453,-15.4911,-5.13122,-0.398755,-0.186556,6533,5,43.404,2395.5,5398.06,48.3992,2,2,1.0,0.0,0.4,5,0.0,0,True,1746969014.06593,right,False
5256,1746969091.8476868,184.41,-14.8708,-5.22141,-0.390952,-0.185087,6496.95,5,43.426,2396.6,5399.16,48.3988,2,2,1.0,0.0,0.4,5,0.0,0,True,1746969014.06593,right,False
5257,1746969091.8675914,184.361,-14.3462,-5.30866,-0.383015,-0.184095,6466.09,5,43.448,2397.69,5400.26,48.3985,2,2,1.0,0.0,0.4,5,0.0,0,True,1746969014.06593,right,False
5258,1746969091.8890462,184.308,-13.9095,-5.3934,-0.374951,-0.18357,6434.33,5,43.47,2398.79,5401.36,48.3982,2,2,1.0,0.0,0.4,5,0.0,0,True,1746969014.06593,right,False
5259,1746969091.914249,184.254,-13.5639,-5.47234,-0.366758,-0.183556,6394.14,5,43.492,2399.89,5402.46,48.3978,2,2,1.0,0.0,0.4,5,0.0,0,True,1746969014.06593,right,False
5260,1746969091.9332159,184.192,-13.3231,-5.55476,-0.358437,-0.184074,6363.12,5,43.514,2400.99,5403.55,48.3975,2,2,1.0,0.0,0.4,5,0.0,0,True,1746969014.06593,right,False
5261,1746969091.9566379,184.12,-13.1817,-5.63302,-0.349988,-0.185127,6336.25,5,43.536,2402.09,5404.65,48.3971,2,2,1.0,0.0,0.4,5,0.0,0,True,1746969014.06593,right,False
5262,1746969091.9796622,184.045,-13.1292,-5.71056,-0.341412,-0.186682,6306.83,5,43.558,2403.18,5405.75,48.3968,2,2,1.0,0.0,0.4,5,0.0,0,True,1746969014.06593,right,False
5263,1746969091.9991105,183.962,-13.1595,-5.78057,-0.332708,-0.188731,6278.86,5,43.58,2404.28,5406.85,48.3965,2,2,1.0,0.0,0.4,5,0.0,0,True,1746969014.06593,right,False
5264,1746969092.0226898,183.868,-13.2867,-5.86232,-0.323874,-0.191271,6258.71,5,43.602,2405.38,5407.94,48.3961,2,2,1.0,0.0,0.4,5,0.0,0,True,1746969014.06593,right,False
5265,1746969092.0439262,183.765,-13.4909,-5.9422,-0.314911,-0.194278,6244.58,5,43.624,2406.48,5409.04,48.3958,2,2,1.0,0.0,0.4,5,0.0,0,True,1746969014.06593,right,False
5266,1746969092.0667534,183.652,-13.7709,-6.02123,-0.305815,-0.197691,6232.79,5,43.646,2407.57,5410.14,48.3955,2,2,1.0,0.0,0.4,5,0.0,0,True,1746969014.06593,right,False
5267,1746969092.0896645,183.533,-14.1073,-6.10235,-0.296585,-0.201464,6222.94,5,43.668,2408.67,5411.24,48.3951,2,2,1.0,0.0,0.5,5,0.0,0,True,1746969014.06593,right,False
5268,1746969092.1088014,183.407,-14.4998,-6.1876,-0.287223,-0.205558,6211.28,5,43.69,2409.77,5412.33,48.3948,2,2,1.0,0.0,0.5,5,0.0,0,True,1746969014.06593,right,False
5269,1746969092.1331968,183.272,-14.9403,-6.27305,-0.277723,-0.209967,6205.19,5,43.712,2410.86,5413.43,48.3945,2,2,1.0,0.0,0.5,5,0.0,0,True,1746969014.06593,right,False
5270,1746969092.1529856,183.126,-15.4265,-6.35506,-0.268083,-0.214696,6198.45,5,43.734,2411.96,5414.52,48.3941,2,2,1.0,0.0,0.5,5,0.0,0,True,1746969014.06593,right,False
5271,1746969092.1757498,182.97,-15.9707,-6.45014,-0.2583,-0.219726,6194.66,5,43.756,2413.05,5415.62,48.3938,2,2,1.0,0.0,0.5,5,0.0,0,True,1746969014.06593,right,False
5272,1746969092.1984706,182.787,-16.5482,-6.54914,-0.248373,-0.225018,6187.75,5,43.778,2414.15,5416.72,48.3935,2,2,1.0,0.0,0.5,5,0.0,0,True,1746969014.06593,right,False
5273,1746969092.2212384,182.584,-17.155,-6.63636,-0.238298,-0.23059,6184.37,5,43.8,2415.24,5417.81,48.3931,2,2,1.0,0.0,0.5,5,0.0,0,True,1746969014.06593,right,False
5274,1746969092.2416656,182.365,-17.7962,-6.73192,-0.228071,-0.236366,6189.32,5,43.822,2416.34,5418.91,48.3928,2,2,1.0,0.0,0.5,5,0.0,0,True,1746969014.06593,right,False
5275,1746969092.263856,182.139,-18.4544,-6.82888,-0.217694,-0.242263,6193.09,5,43.844,2417.43,5420,48.3924,2,2,1.0,0.0,0.5,5,0.0,0,True,1746969014.06593,right,False
5276,1746969092.2869096,181.907,-19.1357,-6.93391,-0.207161,-0.248319,6197.01,5,43.866,2418.53,5421.09,48.3921,2,2,1.0,0.0,0.5,5,0.0,0,True,1746969014.06593,right,False
5277,1746969092.3092835,181.662,-19.839,-7.03318,-0.196473,-0.254567,6197.84,5,43.888,2419.62,5422.18,48.3918,2,2,1.0,0.0,0.5,5,0.0,0,True,1746969014.06593,right,False
5278,1746969092.3309667,181.406,-20.5579,-7.14226,-0.185627,-0.26092,6206.19,5,43.91,2420.71,5423.28,48.3914,2,2,1.0,0.0,0.5,5,0.0,0,True,1746969014.06593,right,False
5279,1746969092.3544393,181.142,-21.2806,-7.24932,-0.174625,-0.267318,6217.08,5,43.932,2421.8,5424.37,48.3911,2,2,1.0,0.0,0.5,5,0.0,0,True,1746969014.06593,right,False
5280,1746969092.37437,180.871,-22.0018,-7.35693,-0.163462,-0.273771,6223.54,5,43.954,2422.89,5425.46,48.3908,2,2,1.0,0.0,0.5,5,0.0,0,True,1746969014.06593,right,False
5281,1746969092.3970158,180.593,-22.7205,-7.46537,-0.152139,-0.280242,6232.44,5,43.976,2423.98,5426.55,48.3904,2,2,1.0,0.0,0.0,5,0.0,0,True,1746969014.06593,left,False
5282,1746969092.419749,180.308,-23.4333,-7.58151,-0.140652,-0.286709,6241.71,5,43.998,2425.07,5427.64,48.3901,2,2,1.0,0.0,0.0,5,0.0,0,True,1746969014.06593,left,False
5283,1746969092.4409564,180.019,-24.1409,-7.68686,-0.129004,-0.293178,6245.87,5,44.02,2426.16,5428.72,48.3898,2,2,1.0,0.0,0.0,5,0.0,0,True,1746969014.06593,left,False
5284,1746969092.461637,179.725,-24.8314,-7.80176,-0.117192,-0.299646,6249.19,5,44.042,2427.24,5429.81,48.3894,2,2,1.0,0.0,0.0,5,0.0,0,True,1746969014.06593,left,False
5285,1746969092.4863605,179.427,-25.4957,-7.90709,-0.105207,-0.306016,6252.21,5,44.064,2428.33,5430.9,48.3891,2,2,1.0,0.0,0.0,5,0.0,0,True,1746969014.06593,left,False
5286,1746969092.5053325,179.141,-26.1512,-8.02505,-0.0930552,-0.312245,6284.14,5,44.086,2429.42,5431.98,48.3888,2,2,1.0,0.0,0.0,5,0.0,0,True,1746969014.06593,left,False
5287,1746969092.5293093,178.914,-26.7887,-8.14003,-0.0807393,-0.318209,6322.89,5,44.108,2430.5,5433.07,48.3884,2,2,1.0,0.0,0.0,5,0.0,0,True,1746969014.06593,left,False
5288,1746969092.5503137,178.778,-27.3972,-8.24876,-0.0682749,-0.323587,6323.58,5,44.13,2431.59,5434.15,48.3881,2,2,1.0,0.0,0.0,5,0.0,0,True,1746969014.06593,left,False
5289,1746969092.5723052,178.682,-27.855,-8.34639,-0.0556661,-0.328148,6301.75,5,44.152,2432.67,5435.24,48.3877,2,2,1.0,0.0,0.0,5,0.0,0,True,1746969014.06593,left,False
5290,1746969092.5929189,178.609,-28.1644,-8.46037,-0.0429097,-0.331872,6278.05,5,44.174,2433.76,5436.32,48.3874,2,2,1.0,0.0,0.0,5,0.0,0,True,1746969014.06593,left,False
5291,1746969092.6179008,178.564,-28.3067,-8.55869,-0.0300018,-0.334741,6248.85,5,44.196,2434.84,5437.41,48.3871,2,2,1.0,0.0,0.0,5,0.0,0,True,1746969014.06593,left,False
5292,1746969092.6403184,178.551,-28.2919,-8.65729,-0.0169413,-0.336747,6209.17,5,44.218,2435.93,5438.49,48.3867,2,2,1.0,0.0,0.0,5,0.0,0,True,1746969014.06593,left,False
5293,1746969092.6610188,178.552,-28.1282,-8.75905,-0.0037262,-0.337898,6182.83,5,44.24,2437.01,5439.58,48.3864,2,2,1.0,0.0,0.0,5,0.0,0,True,1746969014.06593,left,False
5294,1746969092.684073,178.589,-27.8021,-8.85618,0.00964457,-0.338183,6146.83,5,44.262,2438.1,5440.66,48.3861,2,2,1.0,0.0,0.0,5,0.0,0,True,1746969014.06593,left,False
5295,1746969092.706019,178.641,-27.3365,-8.95703,0.0231659,-0.337632,6121.56,5,44.284,2439.19,5441.75,48.3857,2,2,1.0,0.0,0.0,5,0.0,0,True,1746969014.06593,left,False
5296,1746969092.7278352,178.713,-26.7248,-9.057,0.0368408,-0.336248,6102.48,5,44.306,2440.27,5442.84,48.3854,2,2,1.0,0.0,0.0,5,0.0,0,True,1746969014.06593,left,False
5297,1746969092.749787,178.816,-25.9631,-9.14906,0.0506653,-0.334018,6077.06,5,44.328,2441.36,5443.93,48.3851,2,2,1.0,0.0,0.0,5,0.0,0,True,1746969014.06593,left,False
5298,1746969092.7712138,178.934,-25.0766,-9.24591,0.0646362,-0.331,6056.42,5,44.35,2442.45,5445.01,48.3847,2,2,1.0,0.0,0.0,5,0.0,0,True,1746969014.06593,left,False
5299,1746969092.7913783,179.069,-24.0603,-9.3445,0.0787526,-0.32719,6042.03,5,44.372,2443.54,5446.1,48.3844,2,2,1.0,0.0,0.0,5,0.0,0,True,1746969014.06593,left,False
5300,1746969092.8153124,179.228,-22.9158,-9.43251,0.0930044,-0.322622,6019.82,5,44.394,2444.63,5447.19,48.3841,2,2,1.0,0.0,0.0,5,0.0,0,True,1746969014.06593,left,False
5301,1746969092.8371518,179.4,-21.669,-9.5232,0.107388,-0.317356,5996.93,5,44.416,2445.71,5448.28,48.3837,2,2,1.0,0.0,0.0,5,0.0,0,True,1746969014.06593,left,False
5302,1746969092.857719,179.592,-20.3201,-9.61328,0.1219,-0.31142,5968.45,5,44.438,2446.81,5449.37,48.3834,2,2,1.0,0.0,0.0,5,0.0,0,True,1746969014.06593,left,False
5303,1746969092.879889,179.798,-18.8832,-9.69886,0.136525,-0.304848,5932.21,5,44.46,2447.9,5450.46,48.383,2,2,1.0,0.0,0.0,5,0.0,0,True,1746969014.06593,left,False
5304,1746969092.902191,180.011,-17.3706,-9.77995,0.151259,-0.297697,5896.01,5,44.482,2448.99,5451.55,48.3827,2,2,1.0,0.0,0.0,5,0.0,0,True,1746969014.06593,left,False
5305,1746969092.9236193,180.238,-15.7945,-9.85761,0.166089,-0.290004,5848.2,5,44.504,2450.08,5452.65,48.3824,2,2,1.0,0.0,0.0,5,0.0,0,True,1746969014.06593,left,False
5306,1746969092.9479063,180.471,-14.1676,-9.92545,0.181002,-0.281848,5795.49,5,44.526,2451.18,5453.74,48.382,2,2,1.0,0.0,0.0,5,0.0,0,True,1746969014.06593,left,False
5307,1746969092.968444,180.702,-12.5173,-9.98275,0.195982,-0.273337,5743.8,5,44.548,2452.27,5454.84,48.3817,2,2,1.0,0.0,0.0,5,0.0,0,True,1746969014.06593,left,False
5308,1746969092.9919453,180.923,-10.8717,-10.0318,0.211009,-0.264552,5697.59,5,44.57,2453.37,5455.94,48.3814,2,2,1.0,0.0,0.0,5,0.0,0,True,1746969014.06593,left,False
5309,1746969093.0141926,181.129,-9.25838,-10.0703,0.226059,-0.255614,5661.19,5,44.592,2454.47,5457.03,48.381,2,2,1.0,0.0,0.0,5,0.0,0,True,1746969014.06593,left,False
5310,1746969093.0346138,181.322,-7.69977,-10.0958,0.241106,-0.246627,5632.01,5,44.614,2455.57,5458.14,48.3807,2,2,1.0,0.0,0.0,5,0.0,0,True,1746969014.06593,left,False
5311,1746969093.056286,181.499,-6.22168,-10.097,0.256123,-0.237702,5610.26,5,44.636,2456.67,5459.24,48.3804,2,2,1.0,0.0,0.0,5,0.0,0,True,1746969014.06593,left,False
5312,1746969093.0773103,181.66,-4.84795,-10.0819,0.271074,-0.228922,5597.17,5,44.658,2457.78,5460.34,48.38,2,2,1.0,0.0,0.0,5,0.0,0,True,1746969014.06593,left,False
5313,1746969093.0988286,181.81,-3.59076,-10.0421,0.285931,-0.220357,5588.22,5,44.68,2458.88,5461.45,48.3797,2,2,1.0,0.0,0.0,5,0.0,0,True,1746969014.06593,left,False
5314,1746969093.1260154,181.948,-2.46054,-9.98616,0.30066,-0.212063,5584.55,5,44.702,2459.99,5462.56,48.3794,2,2,1.0,0.0,0.0,5,0.0,0,True,1746969014.06593,left,False
5315,1746969093.1440282,182.079,-1.45904,-9.90062,0.315229,-0.204072,5582.04,5,44.724,2461.1,5463.67,48.379,2,2,1.0,0.0,0.0,5,0.0,0,True,1746969014.06593,left,False
5316,1746969093.165712,182.202,-0.58633,-9.79304,0.32961,-0.19641,5581.69,5,44.746,2462.22,5464.78,48.3787,2,2,1.0,0.0,0.0,5,0.0,0,True,1746969014.06593,right,False
5317,1746969093.1872146,182.321,0.161552,-9.6554,0.343774,-0.189086,5581.97,5,44.768,2463.33,5465.9,48.3783,2,2,1.0,0.0,0.0,5,0.0,0,True,1746969014.06593,right,False
5318,1746969093.2113123,182.436,0.79098,-9.49687,0.357698,-0.182103,5582.5,5,44.79,2464.45,5467.02,48.378,2,2,1.0,0.0,0.0,5,0.0,0,True,1746969014.06593,right,False
5319,1746969093.233789,182.547,1.31038,-9.32125,0.371358,-0.175456,5585.61,5,44.812,2465.57,5468.14,48.3777,2,2,1.0,0.0,0.0,5,0.0,0,True,1746969014.06593,right,False
5320,1746969093.252921,182.657,1.72859,-9.11857,0.384739,-0.169136,5587.17,5,44.834,2466.7,5469.26,48.3773,2,2,1.0,0.0,0.0,5,0.0,0,True,1746969014.06593,right,False
5321,1746969093.2763515,182.765,2.05551,-8.90073,0.397821,-0.163126,5589.34,5,44.856,2467.82,5470.39,48.377,2,2,1.0,0.0,0.0,5,0.0,0,True,1746969014.06593,right,False
5322,1746969093.2987013,182.872,2.30164,-8.66618,0.410593,-0.157409,5591.88,5,44.878,2468.95,5471.52,48.3767,2,2,1.0,0.0,0.0,5,0.0,0,True,1746969014.06593,right,False
5323,1746969093.3211114,182.978,2.47733,-8.4258,0.423043,-0.151961,5594.33,5,44.9,2470.08,5472.65,48.3763,2,2,1.0,0.0,0.0,5,0.0,0,True,1746969014.06593,right,False
5324,1746969093.34198,183.083,2.59178,-8.16903,0.435164,-0.146759,5597.28,5,44.922,2471.21,5473.78,48.376,2,2,1.0,0.0,0.0,5,0.0,0,True,1746969014.06593,right,False
5325,1746969093.365324,183.187,2.65619,-7.90771,0.446952,-0.141777,5600.16,5,44.944,2472.35,5474.92,48.3757,2,2,1.0,0.0,0.0,5,0.0,0,True,1746969014.06593,right,False
5326,1746969093.3877957,183.291,2.67835,-7.63685,0.458403,-0.136988,5602.52,5,44.966,2473.49,5476.05,48.3753,2,2,1.0,0.0,0.0,5,0.0,0,True,1746969014.06593,right,False
5327,1746969093.4070597,183.395,2.66824,-7.36578,0.469511,-0.132357,5604.1,5,44.988,2474.63,5477.19,48.375,2,2,1.0,0.0,0.0,5,0.0,0,True,1746969014.06593,right,False
5328,1746969093.4318194,183.497,2.63493,-7.09922,0.480279,-0.12786,5608.37,5,45.01,2475.77,5478.33,48.3747,2,2,1.0,0.0,0.0,5,0.0,0,True,1746969014.06593,right,False
5329,1746969093.4530582,183.6,2.58402,-6.83259,0.490704,-0.123467,5610.52,5,45.032,2476.91,5479.48,48.3743,2,2,1.0,0.0,0.0,5,0.0,0,True,1746969014.06593,right,False
5330,1746969093.4746113,183.701,2.52143,-6.5645,0.500788,-0.119155,5612.7,5,45.054,2478.06,5480.63,48.374,2,2,1.0,0.0,0.0,5,0.0,0,True,1746969014.06593,right,False
5331,1746969093.495959,183.802,2.45402,-6.30688,0.510535,-0.114899,5615.88,5,45.076,2479.21,5481.77,48.3736,2,2,1.0,0.0,0.0,5,0.0,0,True,1746969014.06593,right,False
5332,1746969093.5180104,183.901,2.38457,-6.05408,0.51994,-0.110682,5618.25,5,45.098,2480.36,5482.92,48.3733,2,2,1.0,0.0,0.0,5,0.0,0,True,1746969014.06593,right,False
5333,1746969093.5404406,183.999,2.31769,-5.81928,0.529013,-0.106489,5621.58,5,45.12,2481.51,5484.08,48.373,2,2,1.0,0.0,0.0,5,0.0,0,True,1746969014.06593,right,False
5334,1746969093.5638106,184.097,2.25259,-5.57959,0.537748,-0.102306,5625.13,5,45.142,2482.66,5485.23,48.3726,2,2,1.0,0.0,0.0,5,0.0,0,True,1746969014.06593,right,False
5335,1746969093.5853956,184.193,2.19221,-5.35268,0.546155,-0.0981291,5628.83,5,45.164,2483.82,5486.39,48.3723,2,2,1.0,0.0,0.0,5,0.0,0,True,1746969014.06593,right,False
5336,1746969093.60675,184.289,2.13503,-5.12953,0.554227,-0.0939558,5632.05,5,45.186,2484.98,5487.54,48.372,2,2,1.0,0.0,0.0,5,0.0,0,True,1746969014.06593,right,False
5337,1746969093.6289756,184.384,2.0813,-4.91036,0.56197,-0.0897859,5634.54,5,45.208,2486.14,5488.7,48.3716,2,2,1.0,0.0,0.0,5,0.0,0,True,1746969014.06593,right,False
5338,1746969093.6512475,184.478,2.03147,-4.69081,0.569382,-0.085614,5637.86,5,45.23,2487.3,5489.87,48.3713,2,2,1.0,0.0,0.0,5,0.0,0,True,1746969014.06593,right,False
5339,1746969093.6742473,184.571,1.98674,-4.48218,0.576467,-0.0814346,5641.07,5,45.252,2488.46,5491.03,48.371,2,2,1.0,0.0,0.0,5,0.0,0,True,1746969014.06593,right,False
5340,1746969093.6932275,184.663,1.94619,-4.28205,0.583224,-0.0772479,5644.71,5,45.274,2489.63,5492.19,48.3706,2,2,1.0,0.0,0.0,5,0.0,0,True,1746969014.06593,right,False
5341,1746969093.715471,184.754,1.90916,-4.07195,0.589655,-0.0730537,5647.06,5,45.296,2490.79,5493.36,48.3703,2,2,1.0,0.0,0.0,5,0.0,0,True,1746969014.06593,right,False
5342,1746969093.7394438,184.844,1.87533,-3.86835,0.59576,-0.0688546,5650.51,5,45.318,2491.96,5494.53,48.37,2,2,1.0,0.0,0.0,5,0.0,0,True,1746969014.06593,right,False
5343,1746969093.7605078,184.933,1.84438,-3.66492,0.601541,-0.0646508,5653.85,5,45.34,2493.13,5495.69,48.3696,2,2,1.0,0.0,0.0,5,0.0,0,True,1746969014.06593,right,False
5344,1746969093.7831285,185.022,1.81535,-3.46123,0.606995,-0.0604432,5656.68,5,45.362,2494.3,5496.86,48.3693,2,2,1.0,0.0,0.0,5,0.0,0,True,1746969014.06593,right,False
5345,1746969093.8058968,185.11,1.78829,-3.25681,0.612122,-0.0562323,5659.43,5,45.384,2495.47,5498.04,48.3689,2,2,1.0,0.0,0.0,5,0.0,0,True,1746969014.06593,right,False
5346,1746969093.8251126,185.197,1.76341,-3.05072,0.616922,-0.0520166,5661.77,5,45.406,2496.64,5499.21,48.3686,2,2,1.0,0.0,0.0,5,0.0,0,True,1746969014.06593,right,False
5347,1746969093.8470259,185.282,1.74034,-2.84388,0.621399,-0.0477942,5664.3,5,45.428,2497.81,5500.38,48.3683,2,2,1.0,0.0,0.0,5,0.0,0,True,1746969014.06593,right,False
5348,1746969093.8705153,185.368,1.71945,-2.63231,0.625548,-0.0435651,5666.39,5,45.45,2498.99,5501.56,48.3679,2,2,1.0,0.0,0.0,5,0.0,0,True,1746969014.06593,right,False
5349,1746969093.8921542,185.453,1.70052,-2.42189,0.629372,-0.0393279,5668.36,5,45.472,2500.17,5502.73,48.3676,2,2,1.0,0.0,0.0,5,0.0,0,True,1746969014.06593,right,False
5350,1746969093.913834,185.535,1.68422,-2.20636,0.63287,-0.0350822,5671.34,5,45.494,2501.34,5503.91,48.3673,2,2,1.0,0.0,0.0,5,0.0,0,True,1746969014.06593,right,False
5351,1746969093.93517,185.618,1.6693,-1.99228,0.636042,-0.0308283,5673.54,5,45.516,2502.52,5505.09,48.3669,2,2,1.0,0.0,0.0,5,0.0,0,True,1746969014.06593,right,False
5352,1746969093.9589038,185.699,1.65704,-1.77781,0.638889,-0.0265659,5675.76,5,45.538,2503.7,5506.27,48.3666,2,2,1.0,0.0,0.0,5,0.0,0,True,1746969014.06593,right,False
5353,1746969093.98122,185.78,1.64682,-1.56614,0.641408,-0.0222943,5677.84,5,45.56,2504.88,5507.45,48.3663,2,2,1.0,0.0,0.0,5,0.0,0,True,1746969014.06593,right,False
5354,1746969094.0016341,185.86,1.63789,-1.34492,0.643601,-0.0180123,5679.8,5,45.582,2506.06,5508.63,48.3659,2,2,1.0,0.0,0.0,5,0.0,0,True,1746969014.06593,right,False
5355,1746969094.022991,185.938,1.63145,-1.13414,0.645467,-0.0137199,5682.31,5,45.604,2507.24,5509.81,48.3656,2,2,1.0,0.0,0.0,5,0.0,0,True,1746969014.06593,right,False
5356,1746969094.0463426,186.016,1.62674,-0.922139,0.647006,-0.00941927,5684.65,5,45.626,2508.42,5510.99,48.3653,2,2,1.0,0.0,0.0,5,0.0,0,True,1746969014.06593,right,False
5357,1746969094.067173,186.092,1.62342,-0.711466,0.648218,-0.00511057,5687.73,5,45.648,2509.61,5512.17,48.3649,2,2,1.0,0.0,0.0,5,0.0,0,True,1746969014.06593,right,False
5358,1746969094.0914538,186.168,1.62003,-0.492486,0.649101,-0.000797574,5689.22,5,45.67,2510.79,5513.36,48.3646,2,2,1.0,0.0,0.0,5,0.0,0,True,1746969014.06593,right,False
5359,1746969094.1137757,186.242,1.61781,-0.280576,0.649656,0.00351828,5692.5,5,45.692,2511.97,5514.54,48.3643,2,2,1.0,0.0,0.0,5,0.0,0,True,1746969014.06593,right,False
5360,1746969094.1334496,186.316,1.61532,-0.0640581,0.649882,0.00783461,5694.83,5,45.714,2513.16,5515.73,48.3639,2,2,1.0,0.0,0.0,5,0.0,0,True,1746969014.06593,right,False
5361,1746969094.156439,186.389,1.61254,0.150248,0.649779,0.0121533,5696.57,5,45.736,2514.34,5516.91,48.3636,2,2,1.0,0.0,0.0,5,0.0,0,True,1746969014.06593,right,False
5362,1746969094.1783044,186.461,1.60961,0.377797,0.649347,0.0164735,5698.55,5,45.758,2515.53,5518.1,48.3632,2,2,1.0,0.0,0.0,5,0.0,0,True,1746969014.06593,right,False
5363,1746969094.200532,186.533,1.60731,0.593826,0.648584,0.0207955,5701.09,5,45.78,2516.72,5519.28,48.3629,2,2,1.0,0.0,0.0,5,0.0,0,True,1746969014.06593,right,False
5364,1746969094.2221828,186.602,1.60587,0.813227,0.647491,0.0251214,5703.46,5,45.802,2517.9,5520.47,48.3626,2,2,1.0,0.0,0.0,5,0.0,0,True,1746969014.06593,right,False
5365,1746969094.2444189,186.673,1.60465,1.03199,0.646068,0.0294511,5704.67,5,45.824,2519.09,5521.66,48.3622,2,2,1.0,0.0,0.0,5,0.0,0,True,1746969014.06593,right,False
5366,1746969094.270449,186.74,1.60433,1.24859,0.644317,0.0337831,5707.45,5,45.846,2520.27,5522.84,48.3619,2,2,1.0,0.0,0.0,5,0.0,0,True,1746969014.06593,right,False
5367,1746969094.2888556,186.807,1.60449,1.45953,0.642253,0.0374657,5710.34,5,45.868,2521.46,5524.02,48.3616,2,2,1.0,0.0,0.0,5,0.0,0,True,1746969014.06593,right,False
5368,1746969094.309192,186.873,1.60431,1.66093,0.639919,0.0409757,5714.47,5,45.89,2522.63,5525.2,48.3612,2,2,1.0,0.0,0.0,5,0.0,0,True,1746969014.06593,right,False
5369,1746969094.3336134,186.939,1.60328,1.86358,0.637319,0.0444791,5715.71,5,45.912,2523.81,5526.38,48.3609,2,2,1.0,0.0,0.1,5,0.0,0,True,1746969014.06593,right,False
5370,1746969094.3529902,187.003,1.60282,2.04822,0.63445,0.0479771,5718.95,5,45.934,2524.99,5527.56,48.3606,2,2,1.0,0.0,0.1,5,0.0,0,True,1746969014.06593,right,False
5371,1746969094.3757122,187.068,1.6014,2.23023,0.631313,0.0514714,5721.75,5,45.956,2526.17,5528.74,48.3602,2,2,1.0,0.0,0.1,5,0.0,0,True,1746969014.06593,right,False
5372,1746969094.3988128,187.131,1.59996,2.40835,0.627907,0.0549595,5724.01,5,45.978,2527.35,5529.92,48.3599,2,2,1.0,0.0,0.1,5,0.0,0,True,1746969014.06593,right,False
5373,1746969094.421496,187.195,1.59864,2.58146,0.624235,0.0584461,5725.62,5,46,2528.53,5531.1,48.3596,2,2,1.0,0.0,0.1,5,0.0,0,True,1746969014.06593,right,False
5374,1746969094.4428024,187.24,1.76486,2.74437,0.620353,0.0609395,5731.23,5,46.022,2529.71,5532.28,48.3592,2,2,1.0,0.0,0.1,5,0.0,0,True,1746969014.06593,right,False
5375,1746969094.4687016,187.284,1.54067,2.88203,0.616364,0.0608527,5738.02,5,46.044,2530.89,5533.46,48.3589,2,2,1.0,0.0,0.1,5,0.0,0,True,1746969014.06593,right,False
5376,1746969094.48552,187.331,0.911355,3.00329,0.612276,0.0585095,5744.24,5,46.066,2532.07,5534.64,48.3585,2,2,1.0,0.0,0.2,5,0.0,0,True,1746969014.06593,right,False
5377,1746969094.5090234,187.372,-0.0311616,3.08848,0.608103,0.0543033,5753.22,5,46.088,2533.25,5535.82,48.3582,2,2,1.0,0.0,0.2,5,0.0,0,True,1746969014.06593,right,False
5378,1746969094.5309181,187.405,-1.1957,3.15268,0.60387,0.0486237,5761.63,5,46.11,2534.43,5537,48.3579,2,2,1.0,0.0,0.2,5,0.0,0,True,1746969014.06593,right,False
5379,1746969094.5533063,187.423,-2.51168,3.1877,0.599599,0.0418283,5772.39,5,46.132,2535.61,5538.17,48.3575,2,2,1.0,0.0,0.2,5,0.0,0,True,1746969014.06593,right,False
5380,1746969094.5751452,187.423,-3.91567,3.19559,0.595319,0.0342547,5785.96,5,46.154,2536.79,5539.35,48.3572,2,2,1.0,0.0,0.2,5,0.0,0,True,1746969014.06593,right,False
5381,1746969094.5948403,187.368,-5.30797,3.17483,0.591073,0.0258886,5811.05,5,46.176,2537.96,5540.53,48.3569,2,2,1.0,0.0,0.2,5,0.0,0,True,1746969014.06593,right,False
5382,1746969094.61771,187.28,-6.82685,3.12605,0.586908,0.0165402,5840.23,5,46.198,2539.14,5541.71,48.3565,2,2,1.0,0.0,0.2,5,0.0,0,True,1746969014.06593,right,False
5383,1746969094.6396394,187.165,-8.4407,3.05816,0.582839,0.00656718,5875.67,5,46.22,2540.32,5542.89,48.3562,2,2,1.0,0.0,0.2,5,0.0,0,True,1746969014.06593,right,False
5384,1746969094.661398,187.019,-10.098,2.96122,0.578874,-0.00373584,5921.28,5,46.242,2541.5,5544.07,48.3559,2,2,1.0,0.0,0.2,5,0.0,0,True,1746969014.06593,right,False
5385,1746969094.685362,186.844,-11.76,2.85092,0.575022,-0.0141695,5971.69,5,46.264,2542.67,5545.24,48.3555,2,2,1.0,0.0,0.2,5,0.0,0,True,1746969014.06593,right,False
5386,1746969094.7051291,186.645,-13.3987,2.73013,0.571295,-0.0246423,6022.28,5,46.286,2543.85,5546.42,48.3552,2,2,1.0,0.0,0.2,5,0.0,0,True,1746969014.06593,right,False
5387,1746969094.728277,186.429,-15.009,2.59239,0.567698,-0.035085,6063.98,5,46.308,2545.03,5547.59,48.3549,2,2,1.0,0.0,0.2,5,0.0,0,True,1746969014.06593,right,False
5388,1746969094.7508695,186.194,-16.5904,2.46415,0.564248,-0.045523,6102.18,5,46.33,2546.2,5548.77,48.3545,2,2,1.0,0.0,0.2,5,0.0,0,True,1746969014.06593,right,False
5389,1746969094.7734773,185.948,-18.1365,2.33175,0.560946,-0.0559543,6126.62,5,46.352,2547.37,5549.94,48.3542,2,2,1.0,0.0,0.2,5,0.0,0,True,1746969014.06593,right,False
5390,1746969094.7957115,185.686,-19.6644,2.19272,0.55781,-0.0663756,6143.97,5,46.374,2548.55,5551.12,48.3538,2,2,1.0,0.0,0.2,5,0.0,0,True,1746969014.06593,right,False
5391,1746969094.8174565,185.412,-21.1697,2.05396,0.554842,-0.0768088,6153.02,5,46.396,2549.72,5552.29,48.3535,2,2,1.0,0.0,0.2,5,0.0,0,True,1746969014.06593,right,False
5392,1746969094.840015,185.116,-22.6543,1.91718,0.552053,-0.0872386,6160.95,5,46.418,2550.89,5553.46,48.3532,2,2,1.0,0.0,0.2,5,0.0,0,True,1746969014.06593,right,False
5393,1746969094.860815,184.806,-24.1149,1.78671,0.549447,-0.0976666,6164.81,5,46.44,2552.06,5554.63,48.3528,2,2,1.0,0.0,0.2,5,0.0,0,True,1746969014.06593,right,False
5394,1746969094.8824182,184.473,-25.5464,1.65275,0.547032,-0.108018,6175.26,5,46.462,2553.23,5555.8,48.3525,2,2,1.0,0.0,0.0,5,0.0,0,True,1746969014.06593,left,False
5395,1746969094.90433,184.124,-26.9552,1.51272,0.544808,-0.118274,6187.66,5,46.484,2554.4,5556.97,48.3522,2,2,1.0,0.0,0.0,5,0.0,0,True,1746969014.06593,left,False
5396,1746969094.9246469,183.76,-28.3155,1.37604,0.542777,-0.12837,6201.07,5,46.506,2555.57,5558.14,48.3518,2,2,1.0,0.0,0.0,5,0.0,0,True,1746969014.06593,left,False
5397,1746969094.9487164,183.383,-29.6385,1.23118,0.540946,-0.138273,6220.76,5,46.528,2556.74,5559.31,48.3515,2,2,1.0,0.0,0.0,5,0.0,0,True,1746969014.06593,left,False
5398,1746969094.971312,182.992,-30.9048,1.0873,0.539313,-0.147935,6244.52,5,46.55,2557.9,5560.47,48.3512,2,2,1.0,0.0,0.0,5,0.0,0,True,1746969014.06593,left,False
5399,1746969094.9929538,182.623,-32.1316,0.941751,0.537876,-0.157262,6276.43,5,46.572,2559.07,5561.64,48.3508,2,2,1.0,0.0,0.0,5,0.0,0,True,1746969014.06593,left,False
5400,1746969095.0147958,182.292,-33.2723,0.802846,0.536621,-0.165927,6302.93,5,46.594,2560.23,5562.8,48.3505,2,2,1.0,0.0,0.0,5,0.0,0,True,1746969014.06593,left,False
5401,1746969095.0391262,181.983,-34.275,0.660504,0.535545,-0.173888,6315.94,5,46.616,2561.39,5563.96,48.3502,2,2,1.0,0.0,0.0,5,0.0,0,True,1746969014.06593,left,False
5402,1746969095.0607538,181.697,-35.1307,0.520875,0.534656,-0.181135,6320.31,5,46.638,2562.56,5565.13,48.3498,2,2,1.0,0.0,0.0,5,0.0,0,True,1746969014.06593,left,False
5403,1746969095.0843108,181.434,-35.8395,0.384848,0.533956,-0.187687,6317.9,5,46.66,2563.72,5566.29,48.3495,2,2,1.0,0.0,0.0,5,0.0,0,True,1746969014.06593,left,False
5404,1746969095.1065505,181.195,-36.4172,0.25561,0.533455,-0.193552,6308.88,5,46.682,2564.88,5567.45,48.3491,2,2,1.0,0.0,0.0,5,0.0,0,True,1746969014.06593,left,False
5405,1746969095.1276221,180.979,-36.8579,0.127169,0.533152,-0.198734,6298.66,5,46.704,2566.04,5568.61,48.3488,2,2,1.0,0.0,0.0,5,0.0,0,True,1746969014.06593,left,False
5406,1746969095.148268,180.781,-37.173,-0.00155275,0.533051,-0.203187,6295.04,5,46.726,2567.2,5569.77,48.3485,2,2,1.0,0.0,0.0,5,0.0,0,True,1746969014.06593,left,False
5407,1746969095.1711886,180.609,-37.36,-0.129556,0.53315,-0.206977,6289.25,5,46.748,2568.36,5570.93,48.3481,2,2,1.0,0.0,0.0,5,0.0,0,True,1746969014.06593,left,False
5408,1746969095.1938825,180.445,-37.4035,-0.261161,0.533447,-0.210018,6308.35,5,46.77,2569.51,5572.08,48.3478,2,2,1.0,0.0,0.0,5,0.0,0,True,1746969014.06593,left,False
5409,1746969095.2118735,180.311,-37.3013,-0.391475,0.53395,-0.212256,6322.55,5,46.792,2570.67,5573.24,48.3475,2,2,1.0,0.0,0.0,5,0.0,0,True,1746969014.06593,left,False
5410,1746969095.2376425,180.215,-37.0642,-0.517226,0.534654,-0.213741,6331.72,5,46.814,2571.83,5574.4,48.3471,2,2,1.0,0.0,0.0,5,0.0,0,True,1746969014.06593,left,False
5411,1746969095.258381,180.136,-36.7165,-0.649371,0.535559,-0.214584,6348.35,5,46.836,2572.98,5575.55,48.3468,2,2,1.0,0.0,0.0,5,0.0,0,True,1746969014.06593,left,False
5412,1746969095.2825818,180.074,-36.2478,-0.778131,0.53666,-0.214734,6376.52,5,46.858,2574.13,5576.7,48.3465,2,2,1.0,0.0,0.0,5,0.0,0,True,1746969014.06593,left,False
5413,1746969095.2989168,180.04,-35.6458,-0.918068,0.53796,-0.214118,6405.83,5,46.88,2575.29,5577.86,48.3461,2,2,1.0,0.0,0.0,5,0.0,0,True,1746969014.06593,left,False
5414,1746969095.3222163,180.046,-34.911,-1.04646,0.539455,-0.212758,6416.8,5,46.902,2576.44,5579.01,48.3458,2,2,1.0,0.0,0.0,5,0.0,0,True,1746969014.06593,left,False
5415,1746969095.3438995,180.081,-34.049,-1.17807,0.541146,-0.210671,6427.84,5,46.924,2577.59,5580.16,48.3455,2,2,1.0,0.0,0.0,5,0.0,0,True,1746969014.06593,left,False
5416,1746969095.3679156,180.14,-33.0622,-1.30259,0.543032,-0.207854,6436.31,5,46.946,2578.74,5581.31,48.3451,2,2,1.0,0.0,0.0,5,0.0,0,True,1746969014.06593,left,False
5417,1746969095.3878603,180.227,-31.9487,-1.43654,0.545109,-0.204304,6444.49,5,46.968,2579.89,5582.46,48.3448,2,2,1.0,0.0,0.0,5,0.0,0,True,1746969014.06593,left,False
5418,1746969095.41104,180.348,-30.71,-1.55664,0.547378,-0.200034,6431.55,5,46.99,2581.04,5583.61,48.3444,2,2,1.0,0.0,0.0,5,0.0,0,True,1746969014.06593,left,False
5419,1746969095.4340734,180.495,-29.3586,-1.68515,0.549835,-0.195054,6418.75,5,47.012,2582.19,5584.76,48.3441,2,2,1.0,0.0,0.0,5,0.0,0,True,1746969014.06593,left,False
5420,1746969095.4557772,180.661,-27.8999,-1.81027,0.552476,-0.189395,6396.64,5,47.034,2583.34,5585.91,48.3438,2,2,1.0,0.0,0.0,5,0.0,0,True,1746969014.06593,left,False
5421,1746969095.475989,180.847,-26.3237,-1.93006,0.555296,-0.183039,6370.54,5,47.056,2584.48,5587.05,48.3434,2,2,1.0,0.0,0.0,5,0.0,0,True,1746969014.06593,left,False
5422,1746969095.4997,181.048,-24.6372,-2.0474,0.558289,-0.175991,6340.44,5,47.078,2585.63,5588.2,48.3431,2,2,1.0,0.0,0.0,5,0.0,0,True,1746969014.06593,left,False
5423,1746969095.5198069,181.27,-22.8531,-2.1625,0.561446,-0.168273,6297.52,5,47.1,2586.78,5589.35,48.3428,2,2,1.0,0.0,0.0,5,0.0,0,True,1746969014.06593,left,False
5424,1746969095.540913,181.505,-20.9802,-2.27462,0.56476,-0.159917,6243.3,5,47.122,2587.93,5590.5,48.3424,2,2,1.0,0.0,0.0,5,0.0,0,True,1746969014.06593,left,False
5425,1746969095.56356,181.75,-19.028,-2.38311,0.568221,-0.150956,6182.97,5,47.144,2589.08,5591.65,48.3421,2,2,1.0,0.0,0.0,5,0.0,0,True,1746969014.06593,left,False
5426,1746969095.5860038,182.006,-17.0062,-2.48208,0.571814,-0.141447,6108.42,5,47.166,2590.22,5592.79,48.3418,2,2,1.0,0.0,0.0,5,0.0,0,True,1746969014.06593,left,False
5427,1746969095.6085238,182.257,-14.949,-2.57864,0.575519,-0.131452,6034.57,5,47.188,2591.37,5593.94,48.3414,2,2,1.0,0.0,0.0,5,0.0,0,True,1746969014.06593,left,False
5428,1746969095.6320558,182.514,-12.8629,-2.66408,0.579317,-0.121052,5949.09,5,47.21,2592.52,5595.09,48.3411,2,2,1.0,0.0,0.0,5,0.0,0,True,1746969014.06593,left,False
5429,1746969095.6513166,182.765,-10.7828,-2.73154,0.583189,-0.110373,5855.47,5,47.232,2593.67,5596.24,48.3408,2,2,1.0,0.0,0.0,5,0.0,0,True,1746969014.06593,left,False
5430,1746969095.6742775,182.99,-8.75314,-2.79044,0.587103,-0.0995806,5781.32,5,47.254,2594.82,5597.39,48.3404,2,2,1.0,0.0,0.0,5,0.0,0,True,1746969014.06593,left,False
5431,1746969095.6970694,183.188,-6.81306,-2.83093,0.591026,-0.0888513,5721.77,5,47.276,2595.98,5598.55,48.3401,2,2,1.0,0.0,0.0,5,0.0,0,True,1746969014.06593,left,False
5432,1746969095.7179844,183.357,-5.00187,-2.84302,0.594922,-0.0783547,5678.47,5,47.298,2597.13,5599.7,48.3397,2,2,1.0,0.0,0.0,5,0.0,0,True,1746969014.06593,left,False
5433,1746969095.7583544,183.494,-3.35542,-2.83634,0.598751,-0.0682309,5656.76,5,47.32,2598.28,5600.85,48.3394,2,2,1.0,0.0,0.0,5,0.0,0,True,1746969014.06593,left,False
5434,1746969095.8174357,183.611,-1.88905,-2.79909,0.602474,-0.0585683,5644.42,5,47.342,2599.44,5602.01,48.3391,2,2,1.0,0.0,0.0,5,0.0,0,True,1746969014.06593,left,False
5435,1746969095.8198106,183.711,-0.611325,-2.73705,0.606049,-0.049423,5638.65,5,47.364,2600.59,5603.17,48.3387,2,2,1.0,0.0,0.0,5,0.0,0,True,1746969014.06593,left,False
5436,1746969095.8242147,183.803,0.480911,-2.63548,0.609436,-0.0408242,5633.69,5,47.386,2601.75,5604.32,48.3384,2,2,1.0,0.0,0.0,5,0.0,0,True,1746969014.06593,left,False
5437,1746969095.8328328,183.886,1.39163,-2.50796,0.612608,-0.0327886,5632.67,5,47.408,2602.91,5605.48,48.3381,2,2,1.0,0.0,0.0,5,0.0,0,True,1746969014.06593,left,False
5438,1746969095.850496,183.963,2.13251,-2.35071,0.615531,-0.0253118,5632.7,5,47.43,2604.07,5606.64,48.3377,2,2,1.0,0.0,0.0,5,0.0,0,True,1746969014.06593,left,False
5439,1746969095.8724833,184.037,2.71688,-2.17217,0.61818,-0.0183814,5634.99,5,47.452,2605.23,5607.8,48.3374,2,2,1.0,0.0,0.0,5,0.0,0,True,1746969014.06593,left,False
5440,1746969095.9004655,184.11,3.1578,-1.96111,0.620532,-0.011977,5635.45,5,47.474,2606.39,5608.96,48.3371,2,2,1.0,0.0,0.0,5,0.0,0,True,1746969014.06593,left,False
5441,1746969095.9178443,184.182,3.47184,-1.72165,0.622573,-0.00606567,5635.8,5,47.496,2607.55,5610.12,48.3367,2,2,1.0,0.0,0.0,5,0.0,0,True,1746969014.06593,left,False
5442,1746969095.9403155,184.254,3.67622,-1.47248,0.62429,-0.000613038,5637.61,5,47.518,2608.71,5611.28,48.3364,2,2,1.0,0.0,0.0,5,0.0,0,True,1746969014.06593,right,False
5443,1746969095.9599543,184.325,3.78637,-1.20499,0.625673,0.00442236,5640.08,5,47.54,2609.87,5612.44,48.3361,2,2,1.0,0.0,0.0,5,0.0,0,True,1746969014.06593,right,False
5444,1746969095.982155,184.397,3.81876,-0.927422,0.626719,0.00908631,5640.97,5,47.562,2611.04,5613.61,48.3357,2,2,1.0,0.0,0.0,5,0.0,0,True,1746969014.06593,right,False
5445,1746969096.006965,184.469,3.78848,-0.646666,0.627423,0.0134222,5642.44,5,47.584,2612.2,5614.77,48.3354,2,2,1.0,0.0,0.0,5,0.0,0,True,1746969014.06593,right,False
5446,1746969096.0265417,184.541,3.70971,-0.365279,0.627789,0.0174782,5644.21,5,47.606,2613.37,5615.94,48.335,2,2,1.0,0.0,0.0,5,0.0,0,True,1746969014.06593,right,False
5447,1746969096.0497768,184.615,3.59493,-0.0805942,0.627816,0.0213048,5643.9,5,47.628,2614.53,5617.1,48.3347,2,2,1.0,0.0,0.0,5,0.0,0,True,1746969014.06593,right,False
5448,1746969096.0724993,184.687,3.46024,0.198716,0.627509,0.0249612,5646.13,5,47.65,2615.7,5618.27,48.3344,2,2,1.0,0.0,0.0,5,0.0,0,True,1746969014.06593,right,False
5449,1746969096.0937471,184.759,3.31289,0.470401,0.626872,0.0284831,5648,5,47.672,2616.86,5619.43,48.334,2,2,1.0,0.0,0.0,5,0.0,0,True,1746969014.06593,right,False
5450,1746969096.1141586,184.83,3.16067,0.737681,0.625914,0.0319053,5649.28,5,47.694,2618.03,5620.6,48.3337,2,2,1.0,0.0,0.0,5,0.0,0,True,1746969014.06593,right,False
5451,1746969096.1398492,184.9,3.00986,0.983526,0.624636,0.0352566,5651.67,5,47.716,2619.19,5621.76,48.3334,2,2,1.0,0.0,0.0,5,0.0,0,True,1746969014.06593,right,False
5452,1746969096.15738,184.969,2.86473,1.22454,0.623047,0.0385606,5654.15,5,47.738,2620.36,5622.93,48.333,2,2,1.0,0.0,0.0,5,0.0,0,True,1746969014.06593,right,False
5453,1746969096.1841931,185.038,2.72706,1.45316,0.621151,0.0418341,5656.5,5,47.76,2621.53,5624.1,48.3327,2,2,1.0,0.0,0.1,5,0.0,0,True,1746969014.06593,right,False
5454,1746969096.2030764,185.106,2.59834,1.66858,0.618953,0.0450866,5659.52,5,47.782,2622.69,5625.26,48.3324,2,2,1.0,0.0,0.1,5,0.0,0,True,1746969014.06593,right,False
5455,1746969096.2242703,185.174,2.47882,1.87903,0.616461,0.0483305,5660.73,5,47.804,2623.86,5626.43,48.332,2,2,1.0,0.0,0.1,5,0.0,0,True,1746969014.06593,right,False
5456,1746969096.2499053,185.24,2.37009,2.07713,0.613676,0.0515739,5663.53,5,47.826,2625.03,5627.6,48.3317,2,2,1.0,0.0,0.1,5,0.0,0,True,1746969014.06593,right,False
5457,1746969096.27062,185.305,2.27191,2.26181,0.6106,0.0548198,5666.84,5,47.848,2626.19,5628.76,48.3314,2,2,1.0,0.0,0.1,5,0.0,0,True,1746969014.06593,right,False
5458,1746969096.293692,185.356,2.35893,2.4388,0.607304,0.0570466,5671.6,5,47.87,2627.36,5629.93,48.331,2,2,1.0,0.0,0.1,5,0.0,0,True,1746969014.06593,right,False
5459,1746969096.3135023,185.405,2.05488,2.58535,0.60389,0.056616,5678.11,5,47.892,2628.53,5631.1,48.3307,2,2,1.0,0.0,0.1,5,0.0,0,True,1746969014.06593,right,False
5460,1746969096.3366535,185.458,1.3435,2.7044,0.600372,0.0538775,5685.04,5,47.914,2629.7,5632.27,48.3303,2,2,1.0,0.0,0.1,5,0.0,0,True,1746969014.06593,right,False
5461,1746969096.358148,185.506,0.323605,2.79931,0.596765,0.0492451,5693.44,5,47.936,2630.86,5633.43,48.33,2,2,1.0,0.0,0.1,5,0.0,0,True,1746969014.06593,right,False
5462,1746969096.3781018,185.544,-0.915739,2.85972,0.593099,0.0431191,5702.97,5,47.958,2632.03,5634.6,48.3297,2,2,1.0,0.0,0.1,5,0.0,0,True,1746969014.06593,right,False
5463,1746969096.400574,185.566,-2.30072,2.88304,0.589392,0.0358874,5715.41,5,47.98,2633.2,5635.77,48.3293,2,2,1.0,0.0,0.1,5,0.0,0,True,1746969014.06593,right,False
5464,1746969096.4252312,185.57,-3.76295,2.8909,0.585677,0.0278961,5729.98,5,48.002,2634.36,5636.93,48.329,2,2,1.0,0.0,0.1,5,0.0,0,True,1746969014.06593,right,False
5465,1746969096.4463668,185.551,-5.26168,2.85809,0.581978,0.0194446,5749.9,5,48.024,2635.53,5638.1,48.3287,2,2,1.0,0.0,0.1,5,0.0,0,True,1746969014.06593,right,False
5466,1746969096.4647746,185.514,-6.74287,2.81052,0.578318,0.0107924,5767.97,5,48.046,2636.7,5639.27,48.3283,2,2,1.0,0.0,0.1,5,0.0,0,True,1746969014.06593,right,False
5467,1746969096.489985,185.454,-8.19559,2.74479,0.574717,0.0020973,5792.9,5,48.068,2637.87,5640.43,48.328,2,2,1.0,0.0,0.1,5,0.0,0,True,1746969014.06593,right,False
5468,1746969096.5106704,185.377,-9.60068,2.65449,0.571187,-0.0065201,5818.4,5,48.09,2639.03,5641.6,48.3277,2,2,1.0,0.0,0.1,5,0.0,0,True,1746969014.06593,right,False
5469,1746969096.5330112,185.286,-10.9475,2.55358,0.567745,-0.0150083,5842.95,5,48.112,2640.2,5642.77,48.3273,2,2,1.0,0.0,0.1,5,0.0,0,True,1746969014.06593,right,False
5470,1746969096.556401,185.183,-12.2365,2.44226,0.564404,-0.0233491,5863,5,48.134,2641.36,5643.93,48.327,2,2,1.0,0.0,0.1,5,0.0,0,True,1746969014.06593,right,False
5471,1746969096.5756018,185.07,-13.4659,2.33493,0.561176,-0.0315498,5880.11,5,48.156,2642.53,5645.1,48.3267,2,2,1.0,0.0,0.1,5,0.0,0,True,1746969014.06593,right,False
5472,1746969096.5989501,184.947,-14.6532,2.21438,0.558069,-0.0396336,5895.57,5,48.178,2643.7,5646.26,48.3263,2,2,1.0,0.0,0.1,5,0.0,0,True,1746969014.06593,right,False
5473,1746969096.6211963,184.817,-15.7913,2.10058,0.555096,-0.0476306,5902.5,5,48.2,2644.86,5647.43,48.326,2,2,1.0,0.0,0.1,5,0.0,0,True,1746969014.06593,right,False
5474,1746969096.64224,184.677,-16.886,1.9861,0.552266,-0.0555175,5911.33,5,48.222,2646.03,5648.59,48.3256,2,2,1.0,0.0,0.0,5,0.0,0,True,1746969014.06593,left,False
5475,1746969096.6633444,184.53,-17.9481,1.86745,0.549591,-0.06333,5915.71,5,48.244,2647.19,5649.76,48.3253,2,2,1.0,0.0,0.0,5,0.0,0,True,1746969014.06593,left,False
5476,1746969096.6855457,184.372,-18.982,1.74683,0.54707,-0.0710686,5920.67,5,48.266,2648.35,5650.92,48.325,2,2,1.0,0.0,0.0,5,0.0,0,True,1746969014.06593,left,False
5477,1746969096.7074132,184.199,-19.9857,1.62672,0.544712,-0.0786999,5934.06,5,48.288,2649.52,5652.09,48.3246,2,2,1.0,0.0,0.0,5,0.0,0,True,1746969014.06593,left,False
5478,1746969096.732633,184.024,-20.9393,1.50952,0.542525,-0.0861867,5939.92,5,48.31,2650.68,5653.25,48.3243,2,2,1.0,0.0,0.0,5,0.0,0,True,1746969014.06593,left,False
5479,1746969096.755025,183.871,-21.8993,1.3827,0.540497,-0.093315,5947.73,5,48.332,2651.84,5654.41,48.324,2,2,1.0,0.0,0.0,5,0.0,0,True,1746969014.06593,left,False
5480,1746969096.7730043,183.735,-22.7237,1.25975,0.538613,-0.0996502,5949,5,48.354,2653.01,5655.58,48.3236,2,2,1.0,0.0,0.0,5,0.0,0,True,1746969014.06593,left,False
5481,1746969096.7983193,183.621,-23.3864,1.14341,0.536875,-0.105245,5938.18,5,48.376,2654.17,5656.74,48.3233,2,2,1.0,0.0,0.0,5,0.0,0,True,1746969014.06593,left,False
5482,1746969096.8185768,183.517,-23.9111,1.02729,0.535295,-0.110166,5930.5,5,48.398,2655.33,5657.9,48.323,2,2,1.0,0.0,0.0,5,0.0,0,True,1746969014.06593,left,False
5483,1746969096.8391237,183.425,-24.3065,0.914066,0.533872,-0.11443,5920.76,5,48.42,2656.49,5659.06,48.3226,2,2,1.0,0.0,0.0,5,0.0,0,True,1746969014.06593,left,False
5484,1746969096.8612814,183.344,-24.5765,0.794903,0.532617,-0.118049,5918.9,5,48.442,2657.65,5660.22,48.3223,2,2,1.0,0.0,0.0,5,0.0,0,True,1746969014.06593,left,False
5485,1746969096.8835328,183.275,-24.7283,0.675206,0.531527,-0.121048,5917.17,5,48.464,2658.81,5661.38,48.322,2,2,1.0,0.0,0.0,5,0.0,0,True,1746969014.06593,left,False
5486,1746969096.9057431,183.219,-24.7565,0.56547,0.530601,-0.123416,5919.25,5,48.486,2659.98,5662.54,48.3216,2,2,1.0,0.0,0.0,5,0.0,0,True,1746969014.06593,left,False
5487,1746969096.9277053,183.177,-24.671,0.452463,0.529846,-0.125143,5923.38,5,48.508,2661.14,5663.71,48.3213,2,2,1.0,0.0,0.0,5,0.0,0,True,1746969014.06593,left,False
5488,1746969096.951543,183.148,-24.4755,0.336009,0.529252,-0.126236,5928.97,5,48.53,2662.3,5664.87,48.3209,2,2,1.0,0.0,0.0,5,0.0,0,True,1746969014.06593,left,False
5489,1746969096.9736695,183.138,-24.1625,0.220715,0.528827,-0.126687,5935.68,5,48.552,2663.46,5666.02,48.3206,2,2,1.0,0.0,0.0,5,0.0,0,True,1746969014.06593,left,False
5490,1746969096.9977665,183.145,-23.737,0.109832,0.528564,-0.126497,5939.24,5,48.574,2664.61,5667.18,48.3203,2,2,1.0,0.0,0.0,5,0.0,0,True,1746969014.06593,left,False
5491,1746969097.0169792,183.171,-23.1945,0.00156282,0.528463,-0.125667,5941.85,5,48.596,2665.77,5668.34,48.3199,2,2,1.0,0.0,0.0,5,0.0,0,True,1746969014.06593,left,False
5492,1746969097.0383692,183.214,-22.5366,-0.106244,0.528522,-0.124137,5942.73,5,48.618,2666.93,5669.5,48.3196,2,2,1.0,0.0,0.0,5,0.0,0,True,1746969014.06593,left,False
5493,1746969097.0621805,183.278,-21.7737,-0.217418,0.528735,-0.121982,5936.71,5,48.64,2668.09,5670.66,48.3193,2,2,1.0,0.0,0.0,5,0.0,0,True,1746969014.06593,left,False
5494,1746969097.0825024,183.352,-20.9059,-0.324914,0.529102,-0.11917,5936.5,5,48.662,2669.25,5671.82,48.3189,2,2,1.0,0.0,0.0,5,0.0,0,True,1746969014.06593,left,False
5495,1746969097.1047962,183.45,-19.9349,-0.425234,0.529612,-0.115761,5922.8,5,48.684,2670.41,5672.98,48.3186,2,2,1.0,0.0,0.0,5,0.0,0,True,1746969014.06593,left,False
5496,1746969097.1254592,183.557,-18.8846,-0.519314,0.530263,-0.111809,5909.78,5,48.706,2671.57,5674.14,48.3183,2,2,1.0,0.0,0.0,5,0.0,0,True,1746969014.06593,left,False
5497,1746969097.149029,183.678,-17.7522,-0.615499,0.531049,-0.107306,5891.42,5,48.728,2672.72,5675.29,48.3179,2,2,1.0,0.0,0.0,5,0.0,0,True,1746969014.06593,left,False
5498,1746969097.1712828,183.807,-16.5418,-0.699024,0.531958,-0.102249,5872.44,5,48.75,2673.88,5676.45,48.3176,2,2,1.0,0.0,0.0,5,0.0,0,True,1746969014.06593,left,False
5499,1746969097.1920676,183.946,-15.2608,-0.785574,0.532979,-0.0966452,5851.74,5,48.772,2675.04,5677.61,48.3173,2,2,1.0,0.0,0.0,5,0.0,0,True,1746969014.06593,left,False
5500,1746969097.2132888,184.092,-13.9255,-0.865406,0.534102,-0.0905779,5826.28,5,48.794,2676.2,5678.77,48.3169,2,2,1.0,0.0,0.0,5,0.0,0,True,1746969014.06593,left,False
5501,1746969097.237347,184.237,-12.5545,-0.938076,0.535311,-0.0841144,5803.71,5,48.816,2677.36,5679.93,48.3166,2,2,1.0,0.0,0.0,5,0.0,0,True,1746969014.06593,left,False
5502,1746969097.2578604,184.37,-11.1731,-1.02278,0.536675,-0.0803312,5796.63,5,48.838,2678.49,5681.06,48.3162,2,2,1.0,0.0,0.0,5,0.0,0,True,1746969014.06593,left,False
5503,1746969097.2797234,184.5,-9.78214,-1.12086,0.538362,-0.076948,5792.77,5,48.86,2679.62,5682.19,48.3159,2,2,1.0,0.0,0.0,5,0.0,0,True,1746969014.06593,left,False
5504,1746969097.3012552,184.63,-8.40168,-1.23382,0.540351,-0.0732415,5786.43,5,48.882,2680.75,5683.32,48.3156,2,2,1.0,0.0,0.0,5,0.0,0,True,1746969014.06593,left,False
5505,1746969097.322959,184.753,-7.05662,-1.37629,0.542609,-0.0693176,5782.62,5,48.904,2681.88,5684.45,48.3152,2,2,1.0,0.0,0.0,5,0.0,0,True,1746969014.06593,left,False
5506,1746969097.3472698,184.878,-5.75636,-1.53235,0.545109,-0.0652745,5771.49,5,48.926,2683.01,5685.58,48.3149,2,2,1.0,0.0,0.0,5,0.0,0,True,1746969014.06593,left,False
5507,1746969097.3689623,184.997,-4.51814,-1.695,0.547821,-0.0612152,5761.43,5,48.948,2684.14,5686.71,48.3146,2,2,1.0,0.0,0.0,5,0.0,0,True,1746969014.06593,left,False
5508,1746969097.3909009,185.114,-3.35252,-1.85759,0.55072,-0.0572246,5746.15,5,48.97,2685.27,5687.84,48.3142,2,2,1.0,0.0,0.0,5,0.0,0,True,1746969014.06593,left,False
5509,1746969097.4123254,185.223,-2.27226,-2.01505,0.553781,-0.0533822,5734.26,5,48.992,2686.4,5688.97,48.3139,2,2,1.0,0.0,0.0,5,0.0,0,True,1746969014.06593,left,False
5510,1746969097.4334972,185.323,-1.28707,-2.16139,0.55698,-0.0497487,5726.58,5,49.014,2687.53,5690.1,48.3136,2,2,1.0,0.0,0.0,5,0.0,0,True,1746969014.06593,left,False
5511,1746969097.4563365,185.418,-0.39994,-2.29164,0.560294,-0.0463694,5720.37,5,49.036,2688.66,5691.23,48.3132,2,2,1.0,0.0,0.0,5,0.0,0,True,1746969014.06593,left,False
5512,1746969097.4796023,185.506,0.385478,-2.41123,0.563704,-0.0432752,5717.48,5,49.058,2689.8,5692.37,48.3129,2,2,1.0,0.0,0.0,5,0.0,0,True,1746969014.06593,left,False
5513,1746969097.5005164,185.592,1.0695,-2.5066,0.567189,-0.0404871,5716.12,5,49.08,2690.93,5693.5,48.3126,2,2,1.0,0.0,0.0,5,0.0,0,True,1746969014.06593,left,False
5514,1746969097.5207112,185.675,1.65446,-2.57915,0.570732,-0.0380142,5713.64,5,49.102,2692.06,5694.63,48.3122,2,2,1.0,0.0,0.0,5,0.0,0,True,1746969014.06593,left,False
5515,1746969097.5436552,185.755,2.1445,-2.63082,0.574316,-0.035858,5713.86,5,49.124,2693.2,5695.77,48.3119,2,2,1.0,0.0,0.0,5,0.0,0,True,1746969014.06593,left,False
5516,1746969097.5655289,185.836,2.5455,-2.66502,0.57793,-0.0340136,5712.45,5,49.146,2694.33,5696.9,48.3115,2,2,1.0,0.0,0.0,5,0.0,0,True,1746969014.06593,left,False
5517,1746969097.5893404,185.915,2.86502,-2.68165,0.58156,-0.0324677,5713.36,5,49.168,2695.47,5698.03,48.3112,2,2,1.0,0.0,0.0,5,0.0,0,True,1746969014.06593,left,False
5518,1746969097.612694,185.994,3.10849,-2.67624,0.585198,-0.0312093,5713.7,5,49.19,2696.6,5699.17,48.3109,2,2,1.0,0.0,0.0,5,0.0,0,True,1746969014.06593,left,False
5519,1746969097.6308684,186.072,3.28598,-2.66193,0.588835,-0.0302199,5715.67,5,49.212,2697.74,5700.31,48.3105,2,2,1.0,0.0,0.0,5,0.0,0,True,1746969014.06593,left,False
5520,1746969097.6558678,186.152,3.40411,-2.63644,0.592465,-0.0294812,5715.76,5,49.234,2698.87,5701.44,48.3102,2,2,1.0,0.0,0.0,5,0.0,0,True,1746969014.06593,left,False
5521,1746969097.6779318,186.231,3.47182,-2.60246,0.596085,-0.0289696,5717.3,5,49.256,2700.01,5702.58,48.3099,2,2,1.0,0.0,0.0,5,0.0,0,True,1746969014.06593,left,False
5522,1746969097.6980968,186.311,3.49632,-2.56327,0.599693,-0.0286639,5719.25,5,49.278,2701.15,5703.72,48.3095,2,2,1.0,0.0,0.0,5,0.0,0,True,1746969014.06593,left,False
5523,1746969097.7200463,186.391,3.48435,-2.51715,0.603286,-0.0285452,5720.8,5,49.3,2702.28,5704.85,48.3092,2,2,1.0,0.0,0.0,5,0.0,0,True,1746969014.06593,left,False
5524,1746969097.74154,186.471,3.44358,-2.4739,0.606864,-0.0285886,5723.29,5,49.322,2703.42,5705.99,48.3089,2,2,1.0,0.0,0.0,5,0.0,0,True,1746969014.06593,left,False
5525,1746969097.7636697,186.552,3.38082,-2.42985,0.610431,-0.028766,5725.43,5,49.344,2704.56,5707.13,48.3085,2,2,1.0,0.0,0.0,5,0.0,0,True,1746969014.06593,left,False
5526,1746969097.788374,186.633,3.30233,-2.39008,0.613987,-0.0290602,5727.53,5,49.366,2705.7,5708.27,48.3082,2,2,1.0,0.0,0.0,5,0.0,0,True,1746969014.06593,left,False
5527,1746969097.8072605,186.715,3.21099,-2.35284,0.617534,-0.0294541,5729.72,5,49.388,2706.84,5709.41,48.3079,2,2,1.0,0.0,0.0,5,0.0,0,True,1746969014.06593,left,False
5528,1746969097.830739,186.796,3.11313,-2.32199,0.621077,-0.0299228,5732.17,5,49.41,2707.98,5710.55,48.3075,2,2,1.0,0.0,0.0,5,0.0,0,True,1746969014.06593,left,False
5529,1746969097.851494,186.878,3.01076,-2.29132,0.624618,-0.0304545,5734.51,5,49.432,2709.12,5711.69,48.3072,2,2,1.0,0.0,0.0,5,0.0,0,True,1746969014.06593,left,False
5530,1746969097.8734272,186.959,2.90843,-2.28099,0.62816,-0.0310386,5738.36,5,49.454,2710.26,5712.83,48.3068,2,2,1.0,0.0,0.0,5,0.0,0,True,1746969014.06593,left,False
5531,1746969097.895729,187.041,2.80466,-2.2692,0.631707,-0.031668,5740.98,5,49.476,2711.4,5713.97,48.3065,2,2,1.0,0.0,0.0,5,0.0,0,True,1746969014.06593,left,False
5532,1746969097.9171782,187.123,2.70326,-2.26274,0.635263,-0.0323256,5743.1,5,49.498,2712.55,5715.12,48.3062,2,2,1.0,0.0,0.0,5,0.0,0,True,1746969014.06593,left,False
5533,1746969097.9407415,187.204,2.60578,-2.26716,0.638829,-0.033007,5747.48,5,49.52,2713.69,5716.26,48.3058,2,2,1.0,0.0,0.0,5,0.0,0,True,1746969014.06593,left,False
5534,1746969097.961972,187.288,2.51142,-2.26446,0.642411,-0.0337008,5747.84,5,49.542,2714.83,5717.4,48.3055,2,2,1.0,0.0,0.0,5,0.0,0,True,1746969014.06593,left,False
5535,1746969097.9868786,187.368,2.42331,-2.27591,0.64601,-0.0344051,5752.19,5,49.564,2715.98,5718.54,48.3052,2,2,1.0,0.0,0.0,5,0.0,0,True,1746969014.06593,left,False
5536,1746969098.0058744,187.45,2.34141,-2.2984,0.649629,-0.0351146,5755.89,5,49.586,2717.12,5719.69,48.3048,2,2,1.0,0.0,-0.1,5,0.0,0,True,1746969014.06593,left,False
5537,1746969098.0327196,187.531,2.26384,-2.31931,0.653271,-0.0358284,5758.92,5,49.608,2718.26,5720.83,48.3045,2,2,1.0,0.0,-0.1,5,0.0,0,True,1746969014.06593,left,False
5538,1746969098.0514917,187.613,2.19131,-2.34188,0.656939,-0.0365441,5761.8,5,49.63,2719.41,5721.98,48.3042,2,2,1.0,0.0,-0.1,5,0.0,0,True,1746969014.06593,left,False
5539,1746969098.0736732,187.695,2.12413,-2.37117,0.660634,-0.0372594,5765.09,5,49.652,2720.56,5723.12,48.3038,2,2,1.0,0.0,-0.1,5,0.0,0,True,1746969014.06593,left,False
5540,1746969098.095274,187.777,2.06137,-2.40131,0.664358,-0.0379728,5767.37,5,49.674,2721.7,5724.27,48.3035,2,2,1.0,0.0,-0.1,5,0.0,0,True,1746969014.06593,left,False
5541,1746969098.116124,187.839,1.87248,-2.42093,0.668069,-0.0379165,5772.12,5,49.696,2722.85,5725.42,48.3032,2,2,1.0,0.0,-0.1,5,0.0,0,True,1746969014.06593,left,False
5542,1746969098.1376424,187.893,1.98562,-2.4231,0.671685,-0.0357803,5771.81,5,49.718,2723.99,5726.56,48.3028,2,2,1.0,0.0,-0.1,5,0.0,0,True,1746969014.06593,left,False
5543,1746969098.1587408,187.944,2.44754,-2.40491,0.67519,-0.0315788,5768.36,5,49.74,2725.14,5727.71,48.3025,2,2,1.0,0.0,-0.1,5,0.0,0,True,1746969014.06593,left,False
5544,1746969098.1812742,187.985,3.2275,-2.36316,0.678564,-0.0253823,5764.01,5,49.762,2726.29,5728.86,48.3021,2,2,1.0,0.0,-0.1,5,0.0,0,True,1746969014.06593,left,False
5545,1746969098.206421,188.009,4.29552,-2.29095,0.681783,-0.0173138,5760.92,5,49.784,2727.44,5730.01,48.3018,2,2,1.0,0.0,-0.1,5,0.0,0,True,1746969014.06593,left,False
5546,1746969098.225089,188.01,5.61967,-2.20916,0.684814,-0.00749475,5761.43,5,49.806,2728.59,5731.16,48.3015,2,2,1.0,0.0,-0.1,5,0.0,0,True,1746969014.06593,left,False
5547,1746969098.247584,187.983,7.15712,-2.09503,0.687625,0.00392311,5760.52,5,49.828,2729.74,5732.3,48.3011,2,2,1.0,0.0,-0.1,5,0.0,0,True,1746969014.06593,left,False
5548,1746969098.2725937,187.92,8.87274,-1.95034,0.690177,0.0167691,5761.66,5,49.85,2730.88,5733.45,48.3008,2,2,1.0,0.0,-0.1,5,0.0,0,True,1746969014.06593,left,False
5549,1746969098.2938337,187.817,10.7343,-1.78857,0.692434,0.0308768,5762.71,5,49.872,2732.03,5734.6,48.3005,2,2,1.0,0.0,-0.1,5,0.0,0,True,1746969014.06593,left,False
5550,1746969098.3143291,187.67,12.7009,-1.58657,0.694355,0.046046,5765.42,5,49.894,2733.18,5735.75,48.3001,2,2,1.0,0.0,-0.1,5,0.0,0,True,1746969014.06593,left,False
5551,1746969098.3347576,187.475,14.7443,-1.3671,0.695905,0.0620834,5768.58,5,49.916,2734.33,5736.9,48.2998,2,2,1.0,0.0,-0.1,5,0.0,0,True,1746969014.06593,left,False
5552,1746969098.3588746,187.231,16.8288,-1.11674,0.697046,0.0787956,5773.7,5,49.938,2735.48,5738.05,48.2995,2,2,1.0,0.0,-0.1,5,0.0,0,True,1746969014.06593,left,False
5553,1746969098.3806505,186.938,18.9157,-0.832945,0.697749,0.0959632,5778.39,5,49.96,2736.63,5739.2,48.2991,2,2,1.0,0.0,-0.1,5,0.0,0,True,1746969014.06593,left,False
5554,1746969098.4014435,186.598,20.973,-0.530462,0.697984,0.113317,5789.46,5,49.982,2737.78,5740.35,48.2988,2,2,1.0,0.0,-0.1,5,0.0,0,True,1746969014.06593,left,False
5555,1746969098.423431,186.22,22.9515,-0.199937,0.697725,0.130605,5800.73,5,50.004,2738.92,5741.49,48.2985,2,2,1.0,0.0,-0.1,5,0.0,0,True,1746969014.06593,left,False
5556,1746969098.4505517,185.807,24.8148,0.148424,0.696951,0.147562,5817.78,5,50.026,2740.07,5742.64,48.2981,2,2,1.0,0.0,-0.1,5,0.0,0,True,1746969014.06593,left,False
5557,1746969098.4671657,185.374,26.5102,0.520932,0.695643,0.163904,5837.57,5,50.048,2741.21,5743.78,48.2978,2,2,1.0,0.0,-0.1,5,0.0,0,True,1746969014.06593,left,False
5558,1746969098.4934363,184.928,28.0089,0.902447,0.693787,0.179341,5866.17,5,50.07,2742.36,5744.93,48.2974,2,2,1.0,0.0,-0.1,5,0.0,0,True,1746969014.06593,left,False
5559,1746969098.5138853,184.491,29.2417,1.30989,0.691371,0.193603,5893.05,5,50.092,2743.5,5746.07,48.2971,2,2,1.0,0.0,0.0,5,0.0,0,True,1746969014.06593,right,False
5560,1746969098.5351565,184.068,30.1965,1.7244,0.688384,0.206457,5932.26,5,50.114,2744.64,5747.21,48.2968,2,2,1.0,0.0,0.0,5,0.0,0,True,1746969014.06593,right,False
5561,1746969098.55613,183.681,30.826,2.15045,0.684823,0.217652,5969.49,5,50.136,2745.78,5748.35,48.2964,2,2,1.0,0.0,0.0,5,0.0,0,True,1746969014.06593,right,False
5562,1746969098.5767763,183.339,31.106,2.58369,0.680681,0.227013,6010.46,5,50.158,2746.91,5749.48,48.2961,2,2,1.0,0.0,0.0,5,0.0,0,True,1746969014.06593,right,False
5563,1746969098.5992918,183.057,31.0157,3.02708,0.675959,0.234416,6046.31,5,50.18,2748.05,5750.61,48.2958,2,2,1.0,0.0,0.0,5,0.0,0,True,1746969014.06593,right,False
5564,1746969098.6213892,182.868,30.5956,3.46769,0.670662,0.239672,6091.79,5,50.202,2749.18,5751.75,48.2954,2,2,1.0,0.0,0.0,5,0.0,0,True,1746969014.06593,right,False
5565,1746969098.646396,182.771,29.7567,3.90548,0.664814,0.242447,6122.67,5,50.224,2750.31,5752.87,48.2951,2,2,1.0,0.0,0.0,5,0.0,0,True,1746969014.06593,right,False
5566,1746969098.6675832,182.757,28.4916,4.32944,0.658423,0.242746,6142.76,5,50.246,2751.43,5754,48.2948,2,2,1.0,0.0,0.0,5,0.0,0,True,1746969014.06593,right,False
5567,1746969098.6895492,182.813,26.8236,4.74014,0.651503,0.240591,6161.17,5,50.268,2752.56,5755.13,48.2944,2,2,1.0,0.0,0.0,5,0.0,0,True,1746969014.06593,right,False
5568,1746969098.7115555,182.933,24.7796,5.13492,0.644074,0.23607,6168.41,5,50.29,2753.68,5756.25,48.2941,2,2,1.0,0.0,0.0,5,0.0,0,True,1746969014.06593,right,False
5569,1746969098.73201,183.112,22.396,5.51194,0.63616,0.229323,6156.27,5,50.312,2754.8,5757.37,48.2938,2,2,1.0,0.0,0.0,5,0.0,0,True,1746969014.06593,right,False
5570,1746969098.7533758,183.328,19.7499,5.85947,0.627796,0.220606,6129.21,5,50.334,2755.92,5758.49,48.2934,2,2,1.0,0.0,0.0,5,0.0,0,True,1746969014.06593,right,False
5571,1746969098.7770212,183.572,16.9146,6.18126,0.619024,0.210257,6083.46,5,50.356,2757.04,5759.61,48.2931,2,2,1.0,0.0,0.0,5,0.0,0,True,1746969014.06593,right,False
5572,1746969098.798125,183.826,13.9904,6.47119,0.609893,0.198707,6014.19,5,50.378,2758.16,5760.73,48.2927,2,2,1.0,0.0,0.0,5,0.0,0,True,1746969014.06593,right,False
5573,1746969098.8190637,184.068,11.0989,6.71858,0.600466,0.18646,5939.28,5,50.4,2759.28,5761.85,48.2924,2,2,1.0,0.0,0.0,5,0.0,0,True,1746969014.06593,right,False
5574,1746969098.841367,184.293,8.3422,6.9312,0.59081,0.174053,5851.79,5,50.422,2760.39,5762.96,48.2921,2,2,1.0,0.0,0.0,5,0.0,0,True,1746969014.06593,right,False
5575,1746969098.8656929,184.483,5.81733,7.09583,0.580997,0.161997,5770.04,5,50.444,2761.51,5764.08,48.2917,2,2,1.0,0.0,0.0,5,0.0,0,True,1746969014.06593,right,False
5576,1746969098.8863578,184.624,3.59035,7.21857,0.571097,0.150696,5716.61,5,50.466,2762.63,5765.2,48.2914,2,2,1.0,0.0,0.0,5,0.0,0,True,1746969014.06593,right,False
5577,1746969098.9079332,184.722,1.68632,7.29775,0.561175,0.14036,5687.11,5,50.488,2763.75,5766.32,48.2911,2,2,1.0,0.0,0.0,5,0.0,0,True,1746969014.06593,right,False
5578,1746969098.9313595,184.79,0.094064,7.33159,0.551286,0.131045,5674.83,5,50.51,2764.87,5767.44,48.2907,2,2,1.0,0.0,0.0,5,0.0,0,True,1746969014.06593,right,False
5579,1746969098.9527144,184.839,-1.2193,7.32513,0.541476,0.122697,5672.39,5,50.532,2765.99,5768.56,48.2904,2,2,1.0,0.0,0.0,5,0.0,0,True,1746969014.06593,right,False
5580,1746969098.9743004,184.877,-2.29825,7.26493,0.53178,0.115205,5675.42,5,50.554,2767.11,5769.68,48.2901,2,2,1.0,0.0,0.0,5,0.0,0,True,1746969014.06593,right,False
5581,1746969098.9956028,184.907,-3.18802,7.15672,0.522223,0.108444,5682.28,5,50.576,2768.23,5770.8,48.2897,2,2,1.0,0.0,0.0,5,0.0,0,True,1746969014.06593,right,False
5582,1746969099.0175896,184.934,-3.92708,6.99916,0.512822,0.10229,5692.47,5,50.598,2769.35,5771.92,48.2894,2,2,1.0,0.0,0.0,5,0.0,0,True,1746969014.06593,right,False
5583,1746969099.0403008,184.957,-4.55226,6.80409,0.50359,0.0966231,5704.77,5,50.62,2770.47,5773.04,48.2891,2,2,1.0,0.0,0.0,5,0.0,0,True,1746969014.06593,right,False
5584,1746969099.0628066,184.977,-5.08689,6.57535,0.494535,0.0913517,5720.34,5,50.642,2771.6,5774.16,48.2887,2,2,1.0,0.0,0.0,5,0.0,0,True,1746969014.06593,right,False
5585,1746969099.0838034,185,-5.53973,6.32946,0.485663,0.0864288,5733.38,5,50.664,2772.72,5775.29,48.2884,2,2,1.0,0.0,0.0,5,0.0,0,True,1746969014.06593,right,False
5586,1746969099.1056447,185.026,-5.91791,6.07383,0.47698,0.0818245,5743.61,5,50.686,2773.84,5776.41,48.288,2,2,1.0,0.0,0.0,5,0.0,0,True,1746969014.06593,right,False
5587,1746969099.1302633,185.055,-6.21203,5.82995,0.468495,0.0775587,5751.09,5,50.708,2774.97,5777.54,48.2877,2,2,1.0,0.0,0.0,5,0.0,0,True,1746969014.06593,left,False
5588,1746969099.150603,185.093,-6.41779,5.60196,0.460216,0.0736715,5750.75,5,50.73,2776.09,5778.66,48.2874,2,2,1.0,0.0,0.0,5,0.0,0,True,1746969014.06593,left,False
5589,1746969099.1715734,185.134,-6.54309,5.37473,0.452149,0.0701606,5749.23,5,50.752,2777.22,5779.79,48.287,2,2,1.0,0.0,0.0,5,0.0,0,True,1746969014.06593,left,False
5590,1746969099.193401,185.182,-6.58755,5.16888,0.444298,0.0670187,5741.95,5,50.774,2778.34,5780.91,48.2867,2,2,1.0,0.0,0.0,5,0.0,0,True,1746969014.06593,left,False
5591,1746969099.215279,185.23,-6.56203,4.96651,0.436668,0.0642368,5739.61,5,50.796,2779.47,5782.04,48.2864,2,2,1.0,0.0,0.0,5,0.0,0,True,1746969014.06593,left,False
5592,1746969099.2377996,185.281,-6.46985,4.77119,0.429259,0.0617992,5737.31,5,50.818,2780.6,5783.17,48.286,2,2,1.0,0.0,0.0,5,0.0,0,True,1746969014.06593,left,False
5593,1746969099.2604551,185.335,-6.3142,4.59572,0.422073,0.0596902,5733.38,5,50.84,2781.73,5784.29,48.2857,2,2,1.0,0.0,0.0,5,0.0,0,True,1746969014.06593,left,False
5594,1746969099.2814744,185.391,-6.10635,4.42763,0.415108,0.0578939,5730.89,5,50.862,2782.85,5785.42,48.2854,2,2,1.0,0.0,0.0,5,0.0,0,True,1746969014.06593,left,False
5595,1746969099.306036,185.448,-5.85275,4.26332,0.408362,0.0563886,5729.81,5,50.884,2783.98,5786.55,48.285,2,2,1.0,0.0,0.0,5,0.0,0,True,1746969014.06593,left,False
5596,1746969099.32616,185.508,-5.55675,4.11287,0.401831,0.0551569,5728.05,5,50.906,2785.11,5787.68,48.2847,2,2,1.0,0.0,0.0,5,0.0,0,True,1746969014.06593,left,False
5597,1746969099.3491824,185.569,-5.22597,3.97545,0.39551,0.0541832,5727.88,5,50.928,2786.24,5788.81,48.2844,2,2,1.0,0.0,0.0,5,0.0,0,True,1746969014.06593,left,False
5598,1746969099.370127,185.631,-4.86906,3.83597,0.389394,0.0534441,5728.64,5,50.95,2787.37,5789.94,48.284,2,2,1.0,0.0,0.0,5,0.0,0,True,1746969014.06593,left,False
5599,1746969099.3928785,185.694,-4.48735,3.70821,0.383475,0.0529205,5728.71,5,50.972,2788.51,5791.08,48.2837,2,2,1.0,0.0,0.0,5,0.0,0,True,1746969014.06593,left,False
5600,1746969099.415826,185.758,-4.0903,3.58197,0.377747,0.0525929,5729.72,5,50.994,2789.64,5792.21,48.2833,2,2,1.0,0.0,0.0,5,0.0,0,True,1746969014.06593,left,False
5601,1746969099.4358826,185.825,-3.68048,3.46824,0.372201,0.0524375,5728.3,5,51.016,2790.77,5793.34,48.283,2,2,1.0,0.0,0.0,5,0.0,0,True,1746969014.06593,left,False
5602,1746969099.458969,185.889,-3.26814,3.35448,0.366828,0.0524246,5730.25,5,51.038,2791.9,5794.47,48.2827,2,2,1.0,0.0,0.0,5,0.0,0,True,1746969014.06593,left,False
5603,1746969099.4814134,185.957,-2.85448,3.25491,0.361618,0.0525328,5728.48,5,51.06,2793.04,5795.61,48.2823,2,2,1.0,0.0,0.0,5,0.0,0,True,1746969014.06593,left,False
5604,1746969099.5049784,186.023,-2.44719,3.15513,0.356562,0.0527317,5728.34,5,51.082,2794.17,5796.74,48.282,2,2,1.0,0.0,0.0,5,0.0,0,True,1746969014.06593,left,False
5605,1746969099.5238338,186.09,-2.05027,3.06426,0.351651,0.0529992,5728.73,5,51.104,2795.31,5797.88,48.2817,2,2,1.0,0.0,0.0,5,0.0,0,True,1746969014.06593,left,False
5606,1746969099.5459683,186.155,-1.66689,2.97945,0.346875,0.0533177,5729.25,5,51.126,2796.44,5799.01,48.2813,2,2,1.0,0.0,0.0,5,0.0,0,True,1746969014.06593,left,False
5607,1746969099.570017,186.223,-1.30013,2.90116,0.342224,0.0536634,5728.39,5,51.148,2797.58,5800.15,48.281,2,2,1.0,0.0,0.0,5,0.0,0,True,1746969014.06593,left,False
5608,1746969099.591337,186.288,-0.953288,2.82835,0.33769,0.0540215,5728.49,5,51.17,2798.71,5801.28,48.2807,2,2,1.0,0.0,0.0,5,0.0,0,True,1746969014.06593,left,False
5609,1746969099.6129694,186.353,-0.627916,2.76182,0.333264,0.0543753,5729.49,5,51.192,2799.85,5802.42,48.2803,2,2,1.0,0.0,0.0,5,0.0,0,True,1746969014.06593,left,False
5610,1746969099.6357315,186.418,-0.325071,2.69737,0.328938,0.0547153,5730.49,5,51.214,2800.99,5803.56,48.28,2,2,1.0,0.0,0.0,5,0.0,0,True,1746969014.06593,left,False
5611,1746969099.657459,186.482,-0.045615,2.64006,0.324703,0.0550277,5732.63,5,51.236,2802.13,5804.7,48.2797,2,2,1.0,0.0,0.0,5,0.0,0,True,1746969014.06593,left,False
5612,1746969099.6803207,186.547,0.210148,2.59419,0.320553,0.0553061,5731.82,5,51.258,2803.26,5805.83,48.2793,2,2,1.0,0.0,0.0,5,0.0,0,True,1746969014.06593,left,False
5613,1746969099.7005975,186.61,0.442823,2.54688,0.31648,0.0555455,5734.14,5,51.28,2804.4,5806.97,48.279,2,2,1.0,0.0,0.0,5,0.0,0,True,1746969014.06593,left,False
5614,1746969099.7230058,186.673,0.652684,2.50598,0.312479,0.0557401,5736.02,5,51.302,2805.54,5808.11,48.2786,2,2,1.0,0.0,0.0,5,0.0,0,True,1746969014.06593,left,False
5615,1746969099.7446308,186.737,0.840341,2.47197,0.308544,0.0558874,5737.29,5,51.324,2806.68,5809.25,48.2783,2,2,1.0,0.0,0.0,5,0.0,0,True,1746969014.06593,left,False
5616,1746969099.7660928,186.801,1.00666,2.44456,0.304669,0.0559837,5737.89,5,51.346,2807.82,5810.39,48.278,2,2,1.0,0.0,0.0,5,0.0,0,True,1746969014.06593,left,False
5617,1746969099.7893107,186.864,1.15358,2.41304,0.300851,0.0560328,5740.19,5,51.368,2808.96,5811.53,48.2776,2,2,1.0,0.0,0.0,5,0.0,0,True,1746969014.06593,left,False
5618,1746969099.809939,186.928,1.28188,2.39038,0.297084,0.0560319,5740.03,5,51.39,2810.1,5812.67,48.2773,2,2,1.0,0.0,0.0,5,0.0,0,True,1746969014.06593,left,False
5619,1746969099.8311794,186.99,1.39378,2.36193,0.293367,0.0559842,5744,5,51.412,2811.24,5813.81,48.277,2,2,1.0,0.0,0.0,5,0.0,0,True,1746969014.06593,left,False
5620,1746969099.854917,187.054,1.48923,2.34113,0.289695,0.0558893,5744.17,5,51.434,2812.38,5814.96,48.2766,2,2,1.0,0.0,0.0,5,0.0,0,True,1746969014.06593,left,False
5621,1746969099.8752666,187.118,1.57022,2.32485,0.286066,0.055751,5745.42,5,51.456,2813.53,5816.1,48.2763,2,2,1.0,0.0,0.0,5,0.0,0,True,1746969014.06593,left,False
5622,1746969099.8988276,187.181,1.63885,2.30228,0.282478,0.0555693,5747.93,5,51.478,2814.67,5817.24,48.276,2,2,1.0,0.0,0.0,5,0.0,0,True,1746969014.06593,left,False
5623,1746969099.9196513,187.244,1.69613,2.28447,0.278928,0.0553519,5749.51,5,51.5,2815.81,5818.38,48.2756,2,2,1.0,0.0,0.0,5,0.0,0,True,1746969014.06593,left,False
5624,1746969099.9414437,187.308,1.74275,2.2727,0.275416,0.0550992,5750.74,5,51.522,2816.96,5819.53,48.2753,2,2,1.0,0.0,0.0,5,0.0,0,True,1746969014.06593,left,False
5625,1746969099.963707,187.37,1.78163,2.24819,0.27194,0.054814,5754.11,5,51.544,2818.1,5820.67,48.275,2,2,1.0,0.0,0.0,5,0.0,0,True,1746969014.06593,left,False
5626,1746969099.9877014,187.435,1.81129,2.23605,0.2685,0.0545003,5754.86,5,51.566,2819.24,5821.81,48.2746,2,2,1.0,0.0,0.0,5,0.0,0,True,1746969014.06593,left,False
5627,1746969100.0097349,187.498,1.83552,2.21533,0.265093,0.0541593,5756.86,5,51.588,2820.39,5822.96,48.2743,2,2,1.0,0.0,0.0,5,0.0,0,True,1746969014.06593,left,False
5628,1746969100.0317903,187.561,1.8526,2.20204,0.261721,0.0537946,5759.22,5,51.61,2821.53,5824.1,48.2739,2,2,1.0,0.0,0.0,5,0.0,0,True,1746969014.06593,left,False
5629,1746969100.0514984,187.624,1.8661,2.18047,0.258381,0.0534083,5761.24,5,51.632,2822.68,5825.25,48.2736,2,2,1.0,0.0,0.0,5,0.0,0,True,1746969014.06593,left,False
5630,1746969100.0738106,187.689,1.87323,2.16789,0.255075,0.0530016,5762.27,5,51.654,2823.82,5826.39,48.2733,2,2,1.0,0.0,0.0,5,0.0,0,True,1746969014.06593,left,False
5631,1746969100.096473,187.751,1.87912,2.14135,0.251801,0.0525777,5765.6,5,51.676,2824.97,5827.54,48.2729,2,2,1.0,0.0,0.0,5,0.0,0,True,1746969014.06593,left,False
5632,1746969100.1194298,187.816,1.87971,2.12628,0.24856,0.0521366,5766.82,5,51.698,2826.12,5828.69,48.2726,2,2,1.0,0.0,0.0,5,0.0,0,True,1746969014.06593,left,False
5633,1746969100.1394854,187.88,1.87808,2.10805,0.245352,0.0516807,5768.61,5,51.72,2827.26,5829.83,48.2723,2,2,1.0,0.0,0.0,5,0.0,0,True,1746969014.06593,left,False
5634,1746969100.163019,187.943,1.8743,2.09048,0.242177,0.0512111,5770.71,5,51.742,2828.41,5830.98,48.2719,2,2,1.0,0.0,0.0,5,0.0,0,True,1746969014.06593,left,False
5635,1746969100.1833315,188.006,1.86957,2.06231,0.239035,0.0507314,5773.37,5,51.764,2829.56,5832.13,48.2716,2,2,1.0,0.0,0.0,5,0.0,0,True,1746969014.06593,left,False
5636,1746969100.2072456,188.071,1.86269,2.04086,0.235926,0.0502416,5774.05,5,51.786,2830.71,5833.28,48.2713,2,2,1.0,0.0,0.0,5,0.0,0,True,1746969014.06593,left,False
5637,1746969100.2282352,188.134,1.85486,2.02006,0.232851,0.0497424,5777.04,5,51.808,2831.86,5834.43,48.2709,2,2,1.0,0.0,0.0,5,0.0,0,True,1746969014.06593,left,False
5638,1746969100.2512698,188.198,1.84599,1.99545,0.22981,0.0492341,5778.71,5,51.83,2833,5835.57,48.2706,2,2,1.0,0.0,0.0,5,0.0,0,True,1746969014.06593,left,False
5639,1746969100.2721162,188.262,1.83572,1.97649,0.226803,0.0487191,5780.16,5,51.852,2834.15,5836.72,48.2703,2,2,1.0,0.0,0.0,5,0.0,0,True,1746969014.06593,left,False
5640,1746969100.296658,188.326,1.82593,1.95097,0.22383,0.048197,5782.23,5,51.874,2835.3,5837.87,48.2699,2,2,1.0,0.0,0.0,5,0.0,0,True,1746969014.06593,left,False
5641,1746969100.3177722,188.391,1.81504,1.93266,0.220892,0.047672,5782.92,5,51.896,2836.45,5839.02,48.2696,2,2,1.0,0.0,0.0,5,0.0,0,True,1746969014.06593,left,False
5642,1746969100.3390965,188.453,1.80586,1.90153,0.217989,0.0471432,5786.9,5,51.918,2837.61,5840.18,48.2692,2,2,1.0,0.0,0.0,5,0.0,0,True,1746969014.06593,left,False
5643,1746969100.3611777,188.517,1.79585,1.87667,0.215121,0.0466124,5789.07,5,51.94,2838.76,5841.33,48.2689,2,2,1.0,0.0,0.0,5,0.0,0,True,1746969014.06593,left,False
5644,1746969100.3817902,188.581,1.78561,1.85505,0.212288,0.0460779,5789.79,5,51.962,2839.91,5842.48,48.2686,2,2,1.0,0.0,0.0,5,0.0,0,True,1746969014.06593,left,False
5645,1746969100.4054856,188.644,1.77665,1.82865,0.209492,0.0455419,5793.01,5,51.984,2841.06,5843.63,48.2682,2,2,1.0,0.0,0.0,5,0.0,0,True,1746969014.06593,left,False
5646,1746969100.4256516,188.709,1.7669,1.80425,0.206732,0.0450041,5793.86,5,52.006,2842.21,5844.78,48.2679,2,2,1.0,0.0,0.0,5,0.0,0,True,1746969014.06593,left,False
5647,1746969100.4463854,188.773,1.75819,1.78553,0.204008,0.0444681,5795.06,5,52.028,2843.37,5845.93,48.2676,2,2,1.0,0.0,0.0,5,0.0,0,True,1746969014.06593,left,False
5648,1746969100.4718962,188.836,1.7504,1.75757,0.201322,0.0439293,5797.72,5,52.05,2844.52,5847.09,48.2672,2,2,1.0,0.0,0.0,5,0.0,0,True,1746969014.06593,left,False
5649,1746969100.4923897,188.901,1.74201,1.74083,0.198672,0.0433919,5798.39,5,52.072,2845.67,5848.24,48.2669,2,2,1.0,0.0,0.0,5,0.0,0,True,1746969014.06593,left,False
5650,1746969100.5154693,188.964,1.73571,1.71079,0.196059,0.0428559,5801.69,5,52.094,2846.83,5849.4,48.2666,2,2,1.0,0.0,0.0,5,0.0,0,True,1746969014.06593,left,False
5651,1746969100.5369458,189.028,1.72937,1.68417,0.193484,0.042319,5803.21,5,52.116,2847.98,5850.55,48.2662,2,2,1.0,0.0,0.0,5,0.0,0,True,1746969014.06593,left,False
5652,1746969100.5574615,189.092,1.72461,1.65142,0.190947,0.041784,5805.42,5,52.138,2849.14,5851.71,48.2659,2,2,1.0,0.0,0.0,5,0.0,0,True,1746969014.06593,left,False
5653,1746969100.5807083,189.156,1.71979,1.62489,0.188448,0.0412514,5807.96,5,52.16,2850.29,5852.86,48.2656,2,2,1.0,0.0,0.0,5,0.0,0,True,1746969014.06593,left,False
5654,1746969100.601322,189.22,1.71546,1.60172,0.185987,0.0407221,5809.73,5,52.182,2851.45,5854.02,48.2652,2,2,1.0,0.0,0.0,5,0.0,0,True,1746969014.06593,left,False
5655,1746969100.6246245,189.284,1.71191,1.5799,0.183564,0.0401942,5811.45,5,52.204,2852.6,5855.17,48.2649,2,2,1.0,0.0,0.0,5,0.0,0,True,1746969014.06593,left,False
5656,1746969100.6478755,189.347,1.70871,1.55402,0.181179,0.039664,5813.17,5,52.226,2853.76,5856.33,48.2645,2,2,1.0,0.0,0.0,5,0.0,0,True,1746969014.06593,left,False
5657,1746969100.669076,189.412,1.70469,1.52839,0.178833,0.0391332,5815.56,5,52.248,2854.92,5857.48,48.2642,2,2,1.0,0.0,0.0,5,0.0,0,True,1746969014.06593,left,False
5658,1746969100.6889467,189.476,1.7008,1.51071,0.176525,0.0386025,5816.85,5,52.27,2856.07,5858.64,48.2639,2,2,1.0,0.0,0.0,5,0.0,0,True,1746969014.06593,left,False
5659,1746969100.7135634,189.54,1.69811,1.4813,0.174256,0.0380723,5818.24,5,52.292,2857.23,5859.8,48.2635,2,2,1.0,0.0,0.0,5,0.0,0,True,1746969014.06593,left,False
5660,1746969100.7342086,189.604,1.69518,1.46026,0.172026,0.037543,5819.64,5,52.314,2858.39,5860.96,48.2632,2,2,1.0,0.0,0.0,5,0.0,0,True,1746969014.06593,left,False
5661,1746969100.7552068,189.668,1.69329,1.43493,0.169834,0.0370147,5822.25,5,52.336,2859.55,5862.12,48.2629,2,2,1.0,0.0,0.0,5,0.0,0,True,1746969014.06593,left,False
5662,1746969100.7788422,189.731,1.69141,1.40798,0.167681,0.0364873,5824.63,5,52.358,2860.71,5863.28,48.2625,2,2,1.0,0.0,0.0,5,0.0,0,True,1746969014.06593,left,False
5663,1746969100.8000405,189.796,1.6899,1.38133,0.165568,0.0359604,5826.31,5,52.38,2861.86,5864.43,48.2622,2,2,1.0,0.0,0.0,5,0.0,0,True,1746969014.06593,left,False
5664,1746969100.8207214,189.86,1.68868,1.35495,0.163494,0.0354349,5828.34,5,52.402,2863.02,5865.59,48.2619,2,2,1.0,0.0,0.0,5,0.0,0,True,1746969014.06593,left,False
5665,1746969100.8444633,189.924,1.68753,1.33341,0.161459,0.0349099,5829.46,5,52.424,2864.18,5866.75,48.2615,2,2,1.0,0.0,0.0,5,0.0,0,True,1746969014.06593,left,False
5666,1746969100.8651285,189.988,1.68666,1.30878,0.159463,0.0343863,5830.7,5,52.446,2865.35,5867.92,48.2612,2,2,1.0,0.0,0.0,5,0.0,0,True,1746969014.06593,left,False
5667,1746969100.8887548,190.052,1.6862,1.27927,0.157507,0.0338637,5832.66,5,52.468,2866.51,5869.08,48.2609,2,2,1.0,0.0,0.0,5,0.0,0,True,1746969014.06593,left,False
5668,1746969100.9088478,190.116,1.68644,1.25188,0.15559,0.0333435,5835.81,5,52.49,2867.67,5870.24,48.2605,2,2,1.0,0.0,0.0,5,0.0,0,True,1746969014.06593,left,False
5669,1746969100.9324584,190.18,1.68644,1.22933,0.153712,0.0328237,5836.88,5,52.512,2868.83,5871.4,48.2602,2,2,1.0,0.0,0.0,5,0.0,0,True,1746969014.06593,left,False
5670,1746969100.9551747,190.244,1.687,1.19552,0.151874,0.0323049,5839.92,5,52.534,2869.99,5872.56,48.2598,2,2,1.0,0.0,0.0,5,0.0,0,True,1746969014.06593,left,False
5671,1746969100.97653,190.308,1.68729,1.17409,0.150076,0.0317861,5841.53,5,52.556,2871.15,5873.72,48.2595,2,2,1.0,0.0,0.0,5,0.0,0,True,1746969014.06593,left,False
5672,1746969100.9978368,190.371,1.68811,1.14222,0.148317,0.0312678,5844.2,5,52.578,2872.32,5874.89,48.2592,2,2,1.0,0.0,0.0,5,0.0,0,True,1746969014.06593,left,False
5673,1746969101.0193088,190.436,1.688,1.12239,0.146597,0.0307509,5844.51,5,52.6,2873.48,5876.05,48.2588,2,2,1.0,0.0,0.0,5,0.0,0,True,1746969014.06593,left,False
5674,1746969101.0431077,190.5,1.68881,1.09599,0.144917,0.0302345,5847.03,5,52.622,2874.64,5877.21,48.2585,2,2,1.0,0.0,0.0,5,0.0,0,True,1746969014.06593,left,False
5675,1746969101.0640705,190.564,1.68965,1.06768,0.143277,0.0297181,5849.35,5,52.644,2875.81,5878.38,48.2582,2,2,1.0,0.0,0.0,5,0.0,0,True,1746969014.06593,left,False
5676,1746969101.0847657,190.628,1.69026,1.03954,0.141676,0.0292017,5851.39,5,52.666,2876.97,5879.54,48.2578,2,2,1.0,0.0,0.0,5,0.0,0,True,1746969014.06593,left,False
5677,1746969101.1105232,190.691,1.69091,1.01456,0.140115,0.0286853,5853.38,5,52.688,2878.14,5880.71,48.2575,2,2,1.0,0.0,0.0,5,0.0,0,True,1746969014.06593,left,False
5678,1746969101.129473,190.756,1.69125,0.988761,0.138593,0.0281689,5854.6,5,52.71,2879.3,5881.87,48.2572,2,2,1.0,0.0,0.0,5,0.0,0,True,1746969014.06593,left,False
5679,1746969101.1549351,190.82,1.6918,0.961848,0.137111,0.0276529,5856.6,5,52.732,2880.47,5883.04,48.2568,2,2,1.0,0.0,0.0,5,0.0,0,True,1746969014.06593,left,False
5680,1746969101.1759071,190.884,1.69253,0.93692,0.135668,0.0271379,5858.41,5,52.754,2881.64,5884.21,48.2565,2,2,1.0,0.0,0.0,5,0.0,0,True,1746969014.06593,left,False
5681,1746969101.1972325,190.948,1.69277,0.913237,0.134265,0.0266215,5860.17,5,52.776,2882.8,5885.37,48.2562,2,2,1.0,0.0,0.0,5,0.0,0,True,1746969014.06593,left,False
5682,1746969101.2169912,191.012,1.69354,0.885924,0.132902,0.0261041,5862.96,5,52.798,2883.97,5886.54,48.2558,2,2,1.0,0.0,0.0,5,0.0,0,True,1746969014.06593,left,False
5683,1746969101.2399879,191.076,1.69383,0.856609,0.131578,0.0255868,5864.84,5,52.82,2885.14,5887.71,48.2555,2,2,1.0,0.0,0.0,5,0.0,0,True,1746969014.06593,left,False
5684,1746969101.2623098,191.141,1.69395,0.834915,0.130295,0.0250704,5865.78,5,52.842,2886.3,5888.87,48.2551,2,2,1.0,0.0,0.0,5,0.0,0,True,1746969014.06593,left,False
5685,1746969101.284402,191.204,1.69449,0.803127,0.129051,0.0245535,5868.9,5,52.864,2887.47,5890.04,48.2548,2,2,1.0,0.0,0.0,5,0.0,0,True,1746969014.06593,left,False
5686,1746969101.3067782,191.268,1.69503,0.775934,0.127846,0.0240371,5870.32,5,52.886,2888.64,5891.21,48.2545,2,2,1.0,0.0,0.0,5,0.0,0,True,1746969014.06593,left,False
5687,1746969101.3303623,191.333,1.69509,0.752314,0.126682,0.0235206,5871.59,5,52.908,2889.81,5892.38,48.2541,2,2,1.0,0.0,0.0,5,0.0,0,True,1746969014.06593,left,False
5688,1746969101.3530028,191.396,1.69538,0.726206,0.125557,0.0230028,5874.65,5,52.93,2890.98,5893.55,48.2538,2,2,1.0,0.0,0.0,5,0.0,0,True,1746969014.06593,left,False
5689,1746969101.3721268,191.461,1.69581,0.698579,0.124472,0.0224859,5875.5,5,52.952,2892.15,5894.72,48.2535,2,2,1.0,0.0,0.0,5,0.0,0,True,1746969014.06593,left,False
5690,1746969101.3941863,191.525,1.69563,0.677029,0.123427,0.02197,5877.75,5,52.974,2893.32,5895.89,48.2531,2,2,1.0,0.0,0.0,5,0.0,0,True,1746969014.06593,left,False
5691,1746969101.416624,191.589,1.69564,0.653252,0.122421,0.0214531,5879.31,5,52.996,2894.49,5897.06,48.2528,2,2,1.0,0.0,0.0,5,0.0,0,True,1746969014.06593,left,False
5692,1746969101.4387898,191.653,1.69636,0.623032,0.121456,0.0209371,5881.64,5,53.018,2895.66,5898.23,48.2525,2,2,1.0,0.0,0.0,5,0.0,0,True,1746969014.06593,left,False
5693,1746969101.4620016,191.718,1.69692,0.598822,0.12053,0.0204222,5883.14,5,53.04,2896.83,5899.4,48.2521,2,2,1.0,0.0,0.0,5,0.0,0,True,1746969014.06593,left,False
5694,1746969101.484183,191.781,1.69744,0.573421,0.119644,0.0199067,5886.13,5,53.062,2898,5900.57,48.2518,2,2,1.0,0.0,0.0,5,0.0,0,True,1746969014.06593,left,False
5695,1746969101.5043423,191.845,1.69849,0.541459,0.118799,0.0193931,5887.98,5,53.084,2899.18,5901.75,48.2515,2,2,1.0,0.0,0.0,5,0.0,0,True,1746969014.06593,left,False
5696,1746969101.525743,191.91,1.69877,0.520603,0.117993,0.0188796,5888.59,5,53.106,2900.35,5902.92,48.2511,2,2,1.0,0.0,0.0,5,0.0,0,True,1746969014.06593,left,False
5697,1746969101.5503783,191.974,1.69996,0.491614,0.117227,0.0183665,5890.8,5,53.128,2901.52,5904.09,48.2508,2,2,1.0,0.0,0.0,5,0.0,0,True,1746969014.06593,left,False
5698,1746969101.5726395,192.038,1.70073,0.465476,0.116501,0.0178539,5893.6,5,53.15,2902.7,5905.26,48.2505,2,2,1.0,0.0,0.0,5,0.0,0,True,1746969014.06593,left,False
5699,1746969101.5915082,192.102,1.70172,0.43513,0.115815,0.0173408,5895.03,5,53.172,2903.87,5906.44,48.2501,2,2,1.0,0.0,0.0,5,0.0,0,True,1746969014.06593,left,False
5700,1746969101.6130087,192.167,1.70215,0.410496,0.11517,0.0168278,5896.61,5,53.194,2905.04,5907.61,48.2498,2,2,1.0,0.0,-0.1,5,0.0,0,True,1746969014.06593,left,False
5701,1746969101.640762,192.231,1.70278,0.382468,0.114564,0.0163147,5898.73,5,53.216,2906.22,5908.79,48.2494,2,2,1.0,0.0,-0.1,5,0.0,0,True,1746969014.06593,left,False
5702,1746969101.6589465,192.295,1.70336,0.356625,0.113998,0.0158016,5900.79,5,53.238,2907.39,5909.96,48.2491,2,2,1.0,0.0,-0.1,5,0.0,0,True,1746969014.06593,left,False
5703,1746969101.6809614,192.359,1.70393,0.332922,0.113472,0.0152885,5902.46,5,53.26,2908.57,5911.14,48.2488,2,2,1.0,0.0,-0.1,5,0.0,0,True,1746969014.06593,left,False
5704,1746969101.7014742,192.423,1.70432,0.304881,0.112986,0.014775,5904.41,5,53.282,2909.74,5912.31,48.2484,2,2,1.0,0.0,-0.1,5,0.0,0,True,1746969014.06593,left,False
5705,1746969101.7248514,192.466,1.57753,0.284587,0.112496,0.0150329,5910.19,5,53.304,2910.92,5913.49,48.2481,2,2,1.0,0.0,-0.1,5,0.0,0,True,1746969014.06593,left,False
5706,1746969101.7475646,192.505,1.75385,0.283812,0.111915,0.0173938,5907.41,5,53.326,2912.1,5914.67,48.2478,2,2,1.0,0.0,-0.1,5,0.0,0,True,1746969014.06593,left,False
5707,1746969101.7666223,192.539,2.29099,0.305756,0.111228,0.0218407,5903.53,5,53.348,2913.27,5915.84,48.2474,2,2,1.0,0.0,-0.1,5,0.0,0,True,1746969014.06593,left,False
5708,1746969101.7896783,192.562,3.15626,0.356166,0.110413,0.028279,5899.73,5,53.37,2914.45,5917.02,48.2471,2,2,1.0,0.0,-0.1,5,0.0,0,True,1746969014.06593,left,False
5709,1746969101.812363,192.566,4.31541,0.427453,0.109444,0.0365965,5897.88,5,53.392,2915.63,5918.2,48.2468,2,2,1.0,0.0,-0.1,5,0.0,0,True,1746969014.06593,left,False
5710,1746969101.833853,192.548,5.72781,0.518028,0.108288,0.0466458,5896.79,5,53.414,2916.8,5919.37,48.2464,2,2,1.0,0.0,-0.1,5,0.0,0,True,1746969014.06593,left,False
5711,1746969101.8555553,192.5,7.35289,0.639416,0.106911,0.0582754,5896.1,5,53.436,2917.98,5920.55,48.2461,2,2,1.0,0.0,-0.1,5,0.0,0,True,1746969014.06593,left,False
5712,1746969101.8780982,192.415,9.16048,0.78915,0.105274,0.071315,5896.36,5,53.458,2919.16,5921.73,48.2458,2,2,1.0,0.0,-0.1,5,0.0,0,True,1746969014.06593,left,False
5713,1746969101.8991485,192.289,11.1048,0.965216,0.103338,0.0855948,5894.99,5,53.48,2920.33,5922.9,48.2454,2,2,1.0,0.0,-0.1,5,0.0,0,True,1746969014.06593,left,False
5714,1746969101.9220734,192.115,13.1701,1.15694,0.101066,0.100943,5897.42,5,53.502,2921.51,5924.08,48.2451,2,2,1.0,0.0,-0.1,5,0.0,0,True,1746969014.06593,left,False
5715,1746969101.9463856,191.892,15.309,1.3837,0.0984205,0.117162,5900.55,5,53.524,2922.69,5925.26,48.2447,2,2,1.0,0.0,-0.1,5,0.0,0,True,1746969014.06593,left,False
5716,1746969101.9669373,191.617,17.482,1.64009,0.0953645,0.134028,5904.42,5,53.546,2923.86,5926.43,48.2444,2,2,1.0,0.0,-0.1,5,0.0,0,True,1746969014.06593,left,False
5717,1746969101.9911294,191.293,19.6569,1.92825,0.0918668,0.151325,5908.51,5,53.568,2925.04,5927.6,48.2441,2,2,1.0,0.0,-0.1,5,0.0,0,True,1746969014.06593,left,False
5718,1746969102.0098655,190.921,21.8004,2.23707,0.087898,0.168835,5915.8,5,53.59,2926.21,5928.78,48.2437,2,2,1.0,0.0,-0.2,5,0.0,0,True,1746969014.06593,left,False
5719,1746969102.032085,190.505,23.8687,2.57443,0.0834324,0.186302,5926.92,5,53.612,2927.38,5929.95,48.2434,2,2,1.0,0.0,-0.2,5,0.0,0,True,1746969014.06593,left,False
5720,1746969102.0538015,190.056,25.82,2.93375,0.0784494,0.203452,5941.39,5,53.634,2928.55,5931.12,48.2431,2,2,1.0,0.0,-0.2,5,0.0,0,True,1746969014.06593,left,False
5721,1746969102.0776846,189.582,27.612,3.30804,0.072932,0.220001,5961.58,5,53.656,2929.72,5932.29,48.2427,2,2,1.0,0.0,-0.2,5,0.0,0,True,1746969014.06593,left,False
5722,1746969102.1014,189.096,29.1949,3.69652,0.0668686,0.235656,5987.31,5,53.678,2930.89,5933.46,48.2424,2,2,1.0,0.0,-0.2,5,0.0,0,True,1746969014.06593,left,False
5723,1746969102.1214142,188.582,30.5027,4.10085,0.0602445,0.250233,6007.75,5,53.7,2932.05,5934.62,48.2421,2,2,1.0,0.0,-0.2,5,0.0,0,True,1746969014.06593,left,False
5724,1746969102.1413033,188.063,31.5496,4.51998,0.0530432,0.263604,6043.57,5,53.722,2933.21,5935.78,48.2417,2,2,1.0,0.0,-0.2,5,0.0,0,True,1746969014.06593,left,False
5725,1746969102.165466,187.572,32.3032,4.94906,0.0452607,0.275533,6081.56,5,53.744,2934.37,5936.94,48.2414,2,2,1.0,0.0,0.0,5,0.0,0,True,1746969014.06593,right,False
5726,1746969102.1866674,187.121,32.7416,5.38465,0.0368954,0.285841,6121.5,5,53.766,2935.52,5938.09,48.2411,2,2,1.0,0.0,0.0,5,0.0,0,True,1746969014.06593,right,False
5727,1746969102.2080927,186.722,32.8484,5.81852,0.0279485,0.294386,6162.57,5,53.788,2936.68,5939.25,48.2407,2,2,1.0,0.0,0.0,5,0.0,0,True,1746969014.06593,right,False
5728,1746969102.2313144,186.385,32.6075,6.25634,0.0184203,0.301093,6197.6,5,53.81,2937.83,5940.39,48.2404,2,2,1.0,0.0,0.0,5,0.0,0,True,1746969014.06593,right,False
5729,1746969102.2536175,186.106,32.0221,6.69127,0.00831528,0.305903,6237.25,5,53.832,2938.97,5941.54,48.24,2,2,1.0,0.0,0.0,5,0.0,0,True,1746969014.06593,right,False
5730,1746969102.275132,185.941,31.1285,7.12615,-0.00235837,0.308773,6275.49,5,53.854,2940.11,5942.68,48.2397,2,2,1.0,0.0,0.0,5,0.0,0,True,1746969014.06593,right,False
5731,1746969102.2977042,185.91,29.9103,7.54485,-0.0135761,0.309409,6280.5,5,53.876,2941.25,5943.82,48.2394,2,2,1.0,0.0,0.0,5,0.0,0,True,1746969014.06593,right,False
5732,1746969102.3171086,185.956,28.3239,7.955,-0.0253184,0.307858,6269.78,5,53.898,2942.39,5944.96,48.239,2,2,1.0,0.0,0.0,5,0.0,0,True,1746969014.06593,right,False
5733,1746969102.3414001,186.058,26.3939,8.34119,-0.0375696,0.304187,6257.47,5,53.92,2943.52,5946.09,48.2387,2,2,1.0,0.0,0.0,5,0.0,0,True,1746969014.06593,right,False
5734,1746969102.3632922,186.223,24.151,8.71258,-0.0503075,0.298502,6220,5,53.942,2944.65,5947.22,48.2384,2,2,1.0,0.0,0.0,5,0.0,0,True,1746969014.06593,right,False
5735,1746969102.3848767,186.418,21.6516,9.05732,-0.063504,0.290989,6186.14,5,53.964,2945.78,5948.35,48.238,2,2,1.0,0.0,0.0,5,0.0,0,True,1746969014.06593,right,False
5736,1746969102.4074135,186.641,18.946,9.37866,-0.077125,0.281873,6136.65,5,53.986,2946.91,5949.48,48.2377,2,2,1.0,0.0,0.0,5,0.0,0,True,1746969014.06593,right,False
5737,1746969102.4281342,186.872,16.121,9.66813,-0.091128,0.271475,6080.71,5,54.008,2948.04,5950.61,48.2374,2,2,1.0,0.0,0.0,5,0.0,0,True,1746969014.06593,right,False
5738,1746969102.4495573,187.1,13.262,9.92328,-0.105462,0.260192,6013.14,5,54.03,2949.16,5951.73,48.237,2,2,1.0,0.0,0.0,5,0.0,0,True,1746969014.06593,right,False
5739,1746969102.471869,187.307,10.4755,10.1401,-0.120067,0.248476,5945.64,5,54.052,2950.29,5952.86,48.2367,2,2,1.0,0.0,0.0,5,0.0,0,True,1746969014.06593,right,False
5740,1746969102.4933002,187.49,7.85391,10.324,-0.13488,0.236807,5874.42,5,54.074,2951.41,5953.98,48.2364,2,2,1.0,0.0,0.0,5,0.0,0,True,1746969014.06593,right,False
5741,1746969102.5168176,187.629,5.48368,10.4664,-0.149833,0.225617,5823.77,5,54.096,2952.54,5955.11,48.236,2,2,1.0,0.0,0.0,5,0.0,0,True,1746969014.06593,right,False
5742,1746969102.5388947,187.73,3.40566,10.5659,-0.164861,0.215191,5792.19,5,54.118,2953.66,5956.23,48.2357,2,2,1.0,0.0,0.0,5,0.0,0,True,1746969014.06593,right,False
5743,1746969102.5617206,187.799,1.63218,10.6254,-0.179906,0.205668,5775.33,5,54.14,2954.79,5957.36,48.2353,2,2,1.0,0.0,0.0,5,0.0,0,True,1746969014.06593,right,False
5744,1746969102.5828524,187.847,0.146285,10.647,-0.194916,0.197069,5767.85,5,54.162,2955.92,5958.48,48.235,2,2,1.0,0.0,0.0,5,0.0,0,True,1746969014.06593,right,False
5745,1746969102.6052375,187.88,-1.08487,10.6213,-0.20985,0.189338,5766.56,5,54.184,2957.04,5959.61,48.2347,2,2,1.0,0.0,0.0,5,0.0,0,True,1746969014.06593,right,False
5746,1746969102.6281292,187.903,-2.09879,10.5583,-0.224678,0.182384,5770.14,5,54.206,2958.17,5960.74,48.2343,2,2,1.0,0.0,0.0,5,0.0,0,True,1746969014.06593,right,False
5747,1746969102.6471434,187.922,-2.93622,10.4419,-0.239374,0.1761,5775.09,5,54.228,2959.29,5961.86,48.234,2,2,1.0,0.0,0.0,5,0.0,0,True,1746969014.06593,right,False
5748,1746969102.670145,187.936,-3.63013,10.2926,-0.253923,0.170384,5783.27,5,54.25,2960.42,5962.99,48.2337,2,2,1.0,0.0,0.0,5,0.0,0,True,1746969014.06593,right,False
5749,1746969102.6913264,187.948,-4.20702,10.1124,-0.268311,0.165144,5792.12,5,54.272,2961.55,5964.12,48.2333,2,2,1.0,0.0,0.0,5,0.0,0,True,1746969014.06593,right,False
5750,1746969102.7145739,187.959,-4.69068,9.89849,-0.282532,0.160307,5803.11,5,54.294,2962.68,5965.25,48.233,2,2,1.0,0.0,0.0,5,0.0,0,True,1746969014.06593,right,False
5751,1746969102.7378156,187.971,-5.09039,9.66718,-0.296577,0.155826,5813.56,5,54.316,2963.81,5966.38,48.2327,2,2,1.0,0.0,0.0,5,0.0,0,True,1746969014.06593,right,False
5752,1746969102.7583563,187.985,-5.40878,9.44254,-0.31044,0.151689,5821.42,5,54.338,2964.94,5967.51,48.2323,2,2,1.0,0.0,0.0,5,0.0,0,True,1746969014.06593,right,False
5753,1746969102.7814744,188.005,-5.64204,9.21825,-0.324114,0.147913,5824.5,5,54.36,2966.07,5968.64,48.232,2,2,1.0,0.0,0.0,5,0.0,0,True,1746969014.06593,right,False
5754,1746969102.8027573,188.029,-5.79611,9.0026,-0.337594,0.144499,5824.77,5,54.382,2967.2,5969.77,48.2317,2,2,1.0,0.0,0.0,5,0.0,0,True,1746969014.06593,right,False
5755,1746969102.8228724,188.059,-5.87091,8.8059,-0.350874,0.141433,5820.6,5,54.404,2968.33,5970.9,48.2313,2,2,1.0,0.0,0.0,5,0.0,0,True,1746969014.06593,left,False
5756,1746969102.847386,188.089,-5.88045,8.60628,-0.363952,0.138697,5819.25,5,54.426,2969.47,5972.04,48.231,2,2,1.0,0.0,0.0,5,0.0,0,True,1746969014.06593,left,False
5757,1746969102.8691592,188.122,-5.82686,8.41458,-0.376825,0.136287,5818.11,5,54.448,2970.6,5973.17,48.2306,2,2,1.0,0.0,0.0,5,0.0,0,True,1746969014.06593,left,False
5758,1746969102.8898997,188.159,-5.71208,8.24359,-0.389493,0.134181,5813.66,5,54.47,2971.74,5974.3,48.2303,2,2,1.0,0.0,0.0,5,0.0,0,True,1746969014.06593,left,False
5759,1746969102.911594,188.197,-5.54361,8.07792,-0.401956,0.132374,5811.87,5,54.492,2972.87,5975.44,48.23,2,2,1.0,0.0,0.0,5,0.0,0,True,1746969014.06593,left,False
5760,1746969102.9352016,188.237,-5.32779,7.92157,-0.414216,0.130853,5809.51,5,54.514,2974.01,5976.58,48.2296,2,2,1.0,0.0,0.0,5,0.0,0,True,1746969014.06593,left,False
5761,1746969102.956796,188.278,-5.07324,7.77155,-0.426276,0.129589,5810.03,5,54.536,2975.14,5977.71,48.2293,2,2,1.0,0.0,0.0,5,0.0,0,True,1746969014.06593,left,False
5762,1746969102.9793017,188.323,-4.7808,7.63474,-0.43814,0.128574,5806.35,5,54.558,2976.28,5978.85,48.229,2,2,1.0,0.0,0.0,5,0.0,0,True,1746969014.06593,left,False
5763,1746969102.999752,188.365,-4.46214,7.50387,-0.449812,0.127776,5807.69,5,54.58,2977.42,5979.99,48.2286,2,2,1.0,0.0,0.0,5,0.0,0,True,1746969014.06593,left,False
5764,1746969103.0237753,188.411,-4.11943,7.38397,-0.461364,0.127191,5806.21,5,0.0180002,0.958557,5981.13,48.2283,2,2,1.0,0.0,0.0,5,0.0,0,True,1746969014.06593,left,False
5765,1746969103.045776,188.458,-3.75871,7.27235,-0.472673,0.126786,5805.27,5,0.0400002,2.09784,5982.26,48.228,2,2,1.0,0.0,0.0,5,0.0,0,True,1746969014.06593,left,False
5766,1746969103.0666754,188.505,-3.38637,7.15957,-0.483811,0.126549,5806.21,5,0.0620002,3.23773,5983.4,48.2276,2,2,1.0,0.0,0.0,5,0.0,0,True,1746969014.06593,left,False
5767,1746969103.0888824,188.552,-3.009,7.04922,-0.494787,0.12645,5806.43,5,0.0840002,4.37823,5984.54,48.2273,2,2,1.0,0.0,0.0,5,0.0,0,True,1746969014.06593,left,False
5768,1746969103.1115892,188.6,-2.62959,6.95261,-0.505608,0.126462,5806.08,5,0.106,5.51929,5985.69,48.227,2,2,1.0,0.0,0.0,5,0.0,0,True,1746969014.06593,left,False
5769,1746969103.1307018,188.65,-2.25461,6.86477,-0.516284,0.126564,5804.33,5,0.128,6.66089,5986.83,48.2266,2,2,1.0,0.0,0.0,5,0.0,0,True,1746969014.06593,left,False
5770,1746969103.1526601,188.698,-1.88824,6.7801,-0.526822,0.126734,5803.48,5,0.15,7.80304,5987.97,48.2263,2,2,1.0,0.0,0.0,5,0.0,0,True,1746969014.06593,left,False
5771,1746969103.1773486,188.745,-1.53488,6.69413,-0.537232,0.126951,5805.42,5,0.172,8.94574,5989.11,48.2259,2,2,1.0,0.0,0.0,5,0.0,0,True,1746969014.06593,left,False
5772,1746969103.1993937,188.793,-1.19558,6.62159,-0.547523,0.127198,5804.23,5,0.194,10.0891,5990.26,48.2256,2,2,1.0,0.0,0.0,5,0.0,0,True,1746969014.06593,left,False
5773,1746969103.2211378,188.841,-0.873552,6.55387,-0.557702,0.12746,5804.43,5,0.216,11.2328,5991.4,48.2253,2,2,1.0,0.0,0.0,5,0.0,0,True,1746969014.06593,left,False
5774,1746969103.2422924,188.887,-0.570665,6.48476,-0.567778,0.127725,5806.49,5,0.238,12.3771,5992.54,48.2249,2,2,1.0,0.0,0.0,5,0.0,0,True,1746969014.06593,left,False
5775,1746969103.2626579,188.936,-0.287427,6.43117,-0.577758,0.12798,5804.35,5,0.26,13.5218,5993.69,48.2246,2,2,1.0,0.0,0.0,5,0.0,0,True,1746969014.06593,left,False
5776,1746969103.287263,188.981,-0.0248188,6.3747,-0.587649,0.128218,5807.36,5,0.282,14.6671,5994.83,48.2243,2,2,1.0,0.0,0.0,5,0.0,0,True,1746969014.06593,left,False
5777,1746969103.3081467,189.028,0.216863,6.32658,-0.597459,0.12843,5807.43,5,0.304,15.8126,5995.98,48.2239,2,2,1.0,0.0,0.0,5,0.0,0,True,1746969014.06593,left,False
5778,1746969103.3306732,189.075,0.437581,6.28247,-0.607193,0.12861,5807.85,5,0.326,16.9587,5997.12,48.2236,2,2,1.0,0.0,0.0,5,0.0,0,True,1746969014.06593,left,False
5779,1746969103.3531442,189.121,0.637591,6.24429,-0.616858,0.128753,5807.48,5,0.348,18.1052,5998.27,48.2233,2,2,1.0,0.0,0.0,5,0.0,0,True,1746969014.06593,left,False
5780,1746969103.3737535,189.167,0.818006,6.20844,-0.626458,0.128858,5808.93,5,0.37,19.252,5999.42,48.2229,2,2,1.0,0.0,0.0,5,0.0,0,True,1746969014.06593,left,False
5781,1746969103.3949974,189.212,0.979455,6.17222,-0.635998,0.12892,5811.32,5,0.392,20.3994,6000.57,48.2226,2,2,1.0,0.0,0.0,5,0.0,0,True,1746969014.06593,left,False
5782,1746969103.4175918,189.259,1.12197,6.14978,-0.645483,0.12894,5810.85,5,0.414,21.5471,6001.71,48.2223,2,2,1.0,0.0,0.0,5,0.0,0,True,1746969014.06593,left,False
5783,1746969103.4409738,189.304,1.24815,6.11919,-0.654917,0.128916,5812.87,5,0.436,22.6951,6002.86,48.2219,2,2,1.0,0.0,0.0,5,0.0,0,True,1746969014.06593,left,False
5784,1746969103.462049,189.349,1.35797,6.09096,-0.664302,0.128849,5814.75,5,0.458,23.8436,6004.01,48.2216,2,2,1.0,0.0,0.0,5,0.0,0,True,1746969014.06593,left,False
5785,1746969103.4849138,189.395,1.45244,6.07169,-0.673642,0.12874,5815.39,5,0.48,24.9923,6005.16,48.2212,2,2,1.0,0.0,0.0,5,0.0,0,True,1746969014.06593,left,False
5786,1746969103.5072672,189.441,1.53347,6.05116,-0.68294,0.12859,5816.51,5,0.502,26.1415,6006.31,48.2209,2,2,1.0,0.0,0.0,5,0.0,0,True,1746969014.06593,left,False
5787,1746969103.5341752,189.487,1.60218,6.03413,-0.692197,0.128401,5816.73,5,0.524,27.291,6007.46,48.2206,2,2,1.0,0.0,0.0,5,0.0,0,True,1746969014.06593,left,False
5788,1746969103.5519204,189.533,1.65998,6.01387,-0.701415,0.128177,5817.97,5,0.546,28.441,6008.61,48.2202,2,2,1.0,0.0,0.0,5,0.0,0,True,1746969014.06593,left,False
5789,1746969103.572043,189.578,1.70814,5.99774,-0.710596,0.12792,5820.19,5,0.568,29.5911,6009.76,48.2199,2,2,1.0,0.0,0.0,5,0.0,0,True,1746969014.06593,left,False
5790,1746969103.593857,189.624,1.74704,5.98251,-0.719741,0.127631,5820.35,5,0.59,30.7418,6010.91,48.2196,2,2,1.0,0.0,0.0,5,0.0,0,True,1746969014.06593,right,False
5791,1746969103.6162531,189.67,1.77884,5.95873,-0.728852,0.127315,5822.39,5,0.612,31.8926,6012.06,48.2192,2,2,1.0,0.0,0.0,5,0.0,0,True,1746969014.06593,right,False
5792,1746969103.6381001,189.715,1.80418,5.93989,-0.737928,0.126972,5824.57,5,0.634,33.044,6013.21,48.2189,2,2,1.0,0.0,0.0,5,0.0,0,True,1746969014.06593,right,False
5793,1746969103.6619673,189.761,1.82249,5.92725,-0.746971,0.126605,5825.4,5,0.656,34.1955,6014.36,48.2186,2,2,1.0,0.0,0.0,5,0.0,0,True,1746969014.06593,right,False
5794,1746969103.6828191,189.808,1.83542,5.90933,-0.755981,0.126216,5825.78,5,0.678,35.3476,6015.51,48.2182,2,2,1.0,0.0,0.0,5,0.0,0,True,1746969014.06593,right,False
5795,1746969103.703424,189.853,1.84478,5.88665,-0.764958,0.125807,5828.04,5,0.7,36.4998,6016.67,48.2179,2,2,1.0,0.0,0.0,5,0.0,0,True,1746969014.06593,right,False
5796,1746969103.7261934,189.899,1.8508,5.86416,-0.773903,0.125382,5829.97,5,0.722,37.6525,6017.82,48.2176,2,2,1.0,0.0,0.0,5,0.0,0,True,1746969014.06593,right,False
5797,1746969103.7494147,189.945,1.85169,5.8582,-0.782815,0.124939,5830.05,5,0.744,38.8054,6018.97,48.2172,2,2,1.0,0.0,0.0,5,0.0,0,True,1746969014.06593,right,False
5798,1746969103.7696784,189.991,1.8521,5.82998,-0.791695,0.124485,5832.01,5,0.766,39.9588,6020.13,48.2169,2,2,1.0,0.0,0.0,5,0.0,0,True,1746969014.06593,right,False
5799,1746969103.7925942,190.036,1.85013,5.80635,-0.800543,0.124018,5834.59,5,0.788,41.1123,6021.28,48.2165,2,2,1.0,0.0,0.0,5,0.0,0,True,1746969014.06593,right,False
5800,1746969103.8134792,190.084,1.84468,5.78785,-0.809357,0.123535,5834.58,5,0.81,42.2664,6022.43,48.2162,2,2,1.0,0.0,0.0,5,0.0,0,True,1746969014.06593,right,False
5801,1746969103.8371742,190.13,1.83837,5.77441,-0.81814,0.123047,5835.7,5,0.832,43.4207,6023.59,48.2159,2,2,1.0,0.0,0.0,5,0.0,0,True,1746969014.06593,right,False
5802,1746969103.8585048,190.177,1.83158,5.75873,-0.826889,0.122556,5836.13,5,0.854,44.5754,6024.74,48.2155,2,2,1.0,0.0,0.0,5,0.0,0,True,1746969014.06593,right,False
5803,1746969103.879898,190.223,1.82442,5.74183,-0.835606,0.122058,5838.46,5,0.876,45.7303,6025.9,48.2152,2,2,1.0,0.0,0.0,5,0.0,0,True,1746969014.06593,right,False
5804,1746969103.9048572,190.268,1.81634,5.72154,-0.844289,0.12155,5841.13,5,0.898,46.8858,6027.05,48.2149,2,2,1.0,0.0,0.0,5,0.0,0,True,1746969014.06593,right,False
5805,1746969103.9244297,190.314,1.80788,5.68801,-0.852939,0.121034,5843.43,5,0.92,48.0414,6028.21,48.2145,2,2,1.0,0.0,0.0,5,0.0,0,True,1746969014.06593,right,False
5806,1746969103.9465702,190.362,1.79814,5.66971,-0.861554,0.120512,5841.92,5,0.942,49.1975,6029.36,48.2142,2,2,1.0,0.0,0.0,5,0.0,0,True,1746969014.06593,left,False
5807,1746969103.9669666,190.407,1.78951,5.65067,-0.870135,0.119991,5844.48,5,0.964,50.3538,6030.52,48.2139,2,2,1.0,0.0,0.0,5,0.0,0,True,1746969014.06593,left,False
5808,1746969103.9906971,190.453,1.7825,5.61309,-0.878682,0.119468,5847.03,5,0.986,51.5106,6031.68,48.2135,2,2,1.0,0.0,0.0,5,0.0,0,True,1746969014.06593,left,False
5809,1746969104.0140085,190.5,1.7739,5.59162,-0.887193,0.118941,5847.39,5,1.008,52.6676,6032.83,48.2132,2,2,1.0,0.0,0.0,5,0.0,0,True,1746969014.06593,left,False
5810,1746969104.0335052,190.546,1.76512,5.56594,-0.89567,0.118413,5849.23,5,1.03,53.8251,6033.99,48.2129,2,2,1.0,0.0,0.0,5,0.0,0,True,1746969014.06593,left,False
5811,1746969104.0555184,190.593,1.75748,5.53553,-0.904111,0.117882,5850.9,5,1.052,54.9828,6035.15,48.2125,2,2,1.0,0.0,0.0,5,0.0,0,True,1746969014.06593,left,False
5812,1746969104.0793114,190.64,1.7492,5.51687,-0.912516,0.11735,5851.22,5,1.074,56.1409,6036.31,48.2122,2,2,1.0,0.0,0.0,5,0.0,0,True,1746969014.06593,left,False
5813,1746969104.0989304,188.278,22.0555,5.28711,-0.915732,0.117385,5879.48,5,1.096,57.2991,6037.47,48.2118,3,2,1.0,0.0,0.0,5,0.0,0,True,1746969014.06593,left,False
5814,1746969104.1218958,188.132,22.8501,4.54397,-0.915514,0.118389,6024.75,5,1.118,58.4572,6038.62,48.2115,3,2,1.0,0.0,0.0,5,0.0,0,True,1746969014.06593,left,False
5815,1746969104.1433873,188.024,23.2458,3.76725,-0.915268,0.119394,6178.88,5,1.14,59.6153,6039.78,48.2112,3,2,1.0,0.0,0.0,5,0.0,0,True,1746969014.06593,left,False
5816,1746969104.1659522,187.916,23.6413,2.99056,-0.914934,0.1204,6327.28,5,1.162,60.7728,6040.94,48.2108,3,2,1.0,0.0,0.0,5,0.0,0,True,1746969014.06593,left,False
5817,1746969104.1887722,187.807,24.0368,2.21387,-0.914513,0.121405,6471.47,5,1.184,61.9301,6042.1,48.2105,3,2,1.0,0.0,0.0,5,0.0,0,True,1746969014.06593,left,False
5818,1746969104.2112203,187.697,24.4321,1.43718,-0.914003,0.12241,6612.02,5,1.206,63.0869,6043.25,48.2102,3,2,1.0,0.0,0.0,5,0.0,0,True,1746969014.06593,left,False
5819,1746969104.2338653,187.587,24.8272,0.660497,-0.913406,0.123415,6749.03,5,1.228,64.2433,6044.41,48.2098,3,2,1.0,0.0,0.0,5,0.0,0,True,1746969014.06593,left,False
5820,1746969104.2543821,187.477,25.2223,-0.11619,-0.912722,0.12442,6818.7,5,1.25,65.3995,6045.57,48.2096,3,2,1.0,0.0,0.0,5,0.0,0,True,1746969014.06593,left,False
5821,1746969104.2771695,187.365,25.6172,-0.892877,-0.911949,0.125425,6818.26,5,1.272,66.5552,6046.72,48.2096,3,2,1.0,0.0,0.0,5,0.0,0,True,1746969014.06593,left,False
5822,1746969104.2987666,187.254,26.0119,-1.66956,-0.911089,0.126431,6818.26,5,1.294,67.7107,6047.88,48.2096,3,2,1.0,0.0,0.0,5,0.0,0,True,1746969014.06593,left,False
5823,1746969104.3188171,187.142,26.4065,-2.44625,-0.91014,0.127436,6818.26,5,1.316,68.8657,6049.03,48.2096,3,2,1.0,0.0,0.0,5,0.0,0,True,1746969014.06593,left,False
5824,1746969104.3411293,187.029,26.801,-3.22294,-0.909104,0.128441,6818.26,5,1.338,70.0204,6050.19,48.2096,3,2,1.0,0.0,0.0,5,0.0,0,True,1746969014.06593,left,False
5825,1746969104.365154,186.919,27.1622,-3.9766,-0.907982,0.129417,6818.26,5,1.36,71.1747,6051.34,48.2096,3,2,1.0,0.0,0.0,5,0.0,0,True,1746969014.06593,left,False
5826,1746969104.387203,186.862,27.1233,-4.57369,-0.906833,0.129383,6799.15,5,1.382,72.3287,6052.5,48.2096,3,2,1.0,0.0,0.0,5,0.0,0,True,1746969014.06593,left,False
5827,1746969104.4065633,187.101,26.2824,-4.75996,-0.905821,0.127817,6615.51,5,1.404,73.4828,6053.65,48.2093,3,2,1.0,0.0,0.0,5,0.0,0,True,1746969014.06593,left,False
5828,1746969104.4299333,187.524,24.8524,-4.60322,-0.905137,0.124991,6230.15,5,1.426,74.6382,6054.8,48.209,3,2,1.0,0.0,0.0,5,0.0,0,True,1746969014.06593,left,False
5829,1746969104.4538262,187.899,22.9976,-4.21128,-0.904897,0.121286,5929.86,5,1.448,75.7947,6055.96,48.2086,3,2,1.0,0.0,0.0,5,0.0,0,True,1746969014.06593,left,False
5830,1746969104.473523,188.137,20.8972,-3.60442,-0.905185,0.117342,5799.74,5,1.47,76.9515,6057.12,48.2083,3,2,1.0,0.0,0.0,5,0.0,0,True,1746969014.06593,left,False
5831,1746969104.4956927,188.293,18.7016,-2.81862,-0.906054,0.113447,5762.19,5,1.492,78.108,6058.27,48.208,3,2,1.0,0.0,0.0,5,0.0,0,True,1746969014.06593,left,False
5832,1746969104.5171669,188.415,16.499,-1.90045,-0.907525,0.109622,5755.64,5,1.514,79.2639,6059.43,48.2076,3,2,1.0,0.0,0.0,5,0.0,0,True,1746969014.06593,left,False
5833,1746969104.5411396,188.454,14.979,1.06008,-0.909532,0.10577,5770.83,5,1.536,80.419,6060.59,48.2073,6,2,1.0,0.0,0.0,5,0.0,0,True,1746969014.06593,left,False
5834,1746969104.5643964,188.479,13.4535,1.63022,-0.911751,0.101511,5869.73,5,1.558,81.5735,6061.74,48.207,6,2,1.0,0.0,0.0,5,0.0,0,True,1746969014.06593,left,False
5835,1746969104.583987,188.498,11.7899,2.00164,-0.914273,0.096482,5981.33,5,1.58,82.7273,6062.89,48.2066,6,2,1.0,0.0,0.0,5,0.0,0,True,1746969014.06593,left,False
5836,1746969104.6051505,188.515,10.0404,2.40364,-0.917075,0.0905506,6094.75,5,1.602,83.8804,6064.05,48.2063,6,2,1.0,0.0,0.0,5,0.0,0,True,1746969014.06593,left,False
5837,1746969104.6287715,188.525,8.31903,2.7396,-0.920104,0.084012,6208.44,5,1.624,85.033,6065.2,48.206,6,2,1.0,0.0,0.0,5,0.0,0,True,1746969014.06593,left,False
5838,1746969104.6491315,188.098,12.2014,2.86749,-0.921583,0.077383,6318.46,5,1.646,86.1851,6066.35,48.2056,6,2,1.0,0.0,0.0,5,0.0,0,True,1746969014.06593,left,False
5839,1746969104.6725607,188.109,10.8295,2.83294,-0.922592,0.070597,6427.63,5,1.668,87.3365,6067.5,48.2053,6,2,1.0,0.0,0.0,5,0.0,0,True,1746969014.06593,left,False
5840,1746969104.6929846,188.122,9.37562,2.69937,-0.923659,0.0634653,6535.68,5,1.69,88.4876,6068.65,48.2049,6,2,1.0,0.0,0.0,5,0.0,0,True,1746969014.06593,left,False
5841,1746969104.7166007,188.135,7.85588,2.4797,-0.924782,0.0559923,6642.13,5,1.712,89.6384,6069.81,48.2046,6,2,1.0,0.0,0.0,5,0.0,0,True,1746969014.06593,right,False
5842,1746969104.7379222,188.171,6.32054,2.20655,-0.925949,0.0482123,6711.61,5,1.734,90.7891,6070.96,48.2043,6,2,1.0,0.0,0.0,5,0.0,0,True,1746969014.06593,right,False
5843,1746969104.7598877,188.319,4.80208,1.90102,-0.927128,0.0400374,6629.14,5,1.756,91.9399,6072.11,48.2039,6,2,1.0,0.0,0.0,5,0.0,0,True,1746969014.06593,right,False
5844,1746969104.781992,188.538,3.27825,1.56746,-0.928286,0.0314352,6459.43,5,1.778,93.0916,6073.26,48.2036,6,2,1.0,0.0,0.0,5,0.0,0,True,1746969014.06593,right,False
5845,1746969104.8032322,188.742,1.74089,1.22595,-0.929397,0.0224702,6301.71,5,1.8,94.2444,6074.41,48.2033,6,2,1.0,0.0,0.0,5,0.0,0,True,1746969014.06593,right,False
5846,1746969104.8269107,188.858,0.237078,0.903953,-0.930439,0.0135163,6238.11,5,1.822,95.3983,6075.57,48.2029,6,2,1.0,0.0,0.0,5,0.0,0,True,1746969014.06593,right,False
5847,1746969104.8472462,188.942,-1.12784,0.605318,-0.931392,0.00507016,6199.19,5,1.844,96.5526,6076.72,48.2026,6,2,1.0,0.0,0.0,5,0.0,0,True,1746969014.06593,right,False
5848,1746969104.8714223,189.071,-2.29991,0.351641,-0.932234,-0.00262974,6100.38,5,1.866,97.7076,6077.88,48.2023,6,2,1.0,0.0,0.0,5,0.0,0,True,1746969014.06593,right,False
5849,1746969104.8912976,189.208,0.759959,0.0170786,-0.931874,-0.00948776,6038.2,5,1.888,98.8635,6079.03,48.2019,6,2,1.0,0.0,0.0,5,0.0,0,True,1746969014.06593,right,False
5850,1746969104.9134216,189.288,-0.231569,-0.40868,-0.930824,-0.0158225,6025.55,5,1.91,100.02,6080.19,48.2016,6,2,1.0,0.0,0.0,5,0.0,0,True,1746969014.06593,right,False
5851,1746969104.9379296,189.405,-1.11926,-0.764805,-0.92969,-0.0217066,5962.03,5,1.932,101.177,6081.34,48.2013,6,2,1.0,0.0,0.0,5,0.0,0,True,1746969014.06593,right,False
5852,1746969104.9591873,189.523,-1.87803,-1.0455,-0.928451,-0.0271201,5898.38,5,1.954,102.335,6082.5,48.2009,6,2,1.0,0.0,0.0,5,0.0,0,True,1746969014.06593,right,False
5853,1746969104.980036,189.62,-2.51344,-1.2728,-0.927089,-0.0320992,5860.22,5,1.976,103.493,6083.66,48.2006,6,2,1.0,0.0,0.0,5,0.0,0,True,1746969014.06593,right,False
5854,1746969105.0051253,189.7,-3.03514,-1.44937,-0.925589,-0.0366815,5842.08,5,1.998,104.652,6084.82,48.2002,6,2,1.0,0.0,0.0,5,0.0,0,True,1746969014.06593,left,False
5855,1746969105.0252342,189.772,-3.45248,-1.59244,-0.923935,-0.0408902,5834.4,5,2.02,105.812,6085.98,48.1999,6,2,1.0,0.0,0.0,5,0.0,0,True,1746969014.06593,left,False
5856,1746969105.0462418,189.841,-3.77395,-1.71136,-0.922116,-0.0447439,5832.06,5,2.042,106.971,6087.14,48.1996,6,2,1.0,0.0,0.0,5,0.0,0,True,1746969014.06593,left,False
5857,1746969105.0681248,189.909,-4.00951,-1.80499,-0.920121,-0.0482604,5831.02,5,2.064,108.132,6088.3,48.1992,6,2,1.0,0.0,0.0,5,0.0,0,True,1746969014.06593,left,False
5858,1746969105.0913267,189.977,-4.1665,-1.88755,-0.917943,-0.0514448,5832.67,5,2.086,109.292,6089.46,48.1989,6,2,1.0,0.0,0.0,5,0.0,0,True,1746969014.06593,left,False
5859,1746969105.1122253,190.045,-4.25143,-1.9611,-0.915576,-0.0543063,5835.35,5,2.108,110.453,6090.62,48.1986,6,2,1.0,0.0,0.0,5,0.0,0,True,1746969014.06593,left,False
5860,1746969105.1350913,190.114,-4.2698,-2.02201,-0.913017,-0.056849,5838.36,5,2.13,111.614,6091.78,48.1982,6,2,1.0,0.0,0.0,5,0.0,0,True,1746969014.06593,left,False
5861,1746969105.1564538,190.186,-4.22885,-2.08502,-0.910264,-0.0590819,5841.56,5,2.152,112.776,6092.94,48.1979,6,2,1.0,0.0,0.0,5,0.0,0,True,1746969014.06593,left,False
5862,1746969105.1782687,190.256,-4.13647,-2.15625,-0.907319,-0.0610142,5848.02,5,2.174,113.938,6094.1,48.1976,6,2,1.0,0.0,0.0,5,0.0,0,True,1746969014.06593,left,False
5863,1746969105.201302,190.33,-3.99462,-2.22696,-0.904184,-0.0626506,5851.48,5,2.196,115.1,6095.27,48.1972,6,2,1.0,0.0,0.0,5,0.0,0,True,1746969014.06593,left,False
5864,1746969105.221744,190.406,-3.81009,-2.30021,-0.900864,-0.0640118,5854.66,5,2.218,116.263,6096.43,48.1969,6,2,1.0,0.0,0.0,5,0.0,0,True,1746969014.06593,left,False
5865,1746969105.2451923,190.48,-3.59268,-2.38625,-0.897362,-0.0651212,5860.95,5,2.24,117.426,6097.59,48.1966,6,2,1.0,0.0,0.0,5,0.0,0,True,1746969014.06593,left,False
5866,1746969105.2648594,190.558,-3.34399,-2.47321,-0.893684,-0.0659964,5864.19,5,2.262,118.589,6098.76,48.1962,6,2,1.0,0.0,0.0,5,0.0,0,True,1746969014.06593,left,False
5867,1746969105.2877471,190.637,-3.07242,-2.56541,-0.889838,-0.066666,5867.5,5,2.284,119.752,6099.92,48.1959,6,2,1.0,0.0,0.0,5,0.0,0,True,1746969014.06593,left,False
5868,1746969105.3113487,190.718,-2.78298,-2.65462,-0.88583,-0.0671576,5869.81,5,2.306,120.916,6101.08,48.1955,6,2,1.0,0.0,0.0,5,0.0,0,True,1746969014.06593,left,False
5869,1746969105.3323314,190.8,-2.4822,-2.75461,-0.881666,-0.0674919,5870.97,5,2.328,122.08,6102.25,48.1952,6,2,1.0,0.0,0.0,5,0.0,0,True,1746969014.06593,left,False
5870,1746969105.3540285,190.882,-2.17555,-2.85339,-0.877356,-0.0677021,5872.28,5,2.35,123.245,6103.41,48.1949,6,2,1.0,0.0,0.0,5,0.0,0,True,1746969014.06593,left,False
5871,1746969105.377992,190.965,-1.86879,-2.95226,-0.872905,-0.067816,5873.35,5,2.372,124.41,6104.58,48.1945,6,2,1.0,0.0,0.0,5,0.0,0,True,1746969014.06593,left,False
5872,1746969105.3991363,191.047,-1.56475,-3.04913,-0.868322,-0.0678542,5874.66,5,2.394,125.575,6105.74,48.1942,6,2,1.0,0.0,0.0,5,0.0,0,True,1746969014.06593,left,False
5873,1746969105.4194221,191.129,-1.26777,-3.14667,-0.863614,-0.0678327,5876.89,5,2.416,126.741,6106.91,48.1939,6,2,1.0,0.0,0.0,5,0.0,0,True,1746969014.06593,left,False
5874,1746969105.4437013,191.212,-0.979835,-3.2333,-0.858788,-0.0677722,5876.99,5,2.438,127.907,6108.07,48.1935,6,2,1.0,0.0,0.0,5,0.0,0,True,1746969014.06593,left,False
5875,1746969105.4635062,191.295,-0.703853,-3.32167,-0.853851,-0.0676851,5878.14,5,2.46,129.073,6109.24,48.1932,6,2,1.0,0.0,0.0,5,0.0,0,True,1746969014.06593,left,False
5876,1746969105.4874387,191.377,-0.44098,-3.40446,-0.848809,-0.0675837,5879.87,5,2.482,130.24,6110.41,48.1929,6,2,1.0,0.0,0.0,5,0.0,0,True,1746969014.06593,left,False
5877,1746969105.509315,191.459,-0.192916,-3.48236,-0.84367,-0.067479,5881.37,5,2.504,131.408,6111.58,48.1925,6,2,1.0,0.0,0.0,5,0.0,0,True,1746969014.06593,left,False
5878,1746969105.5317626,191.54,0.0394626,-3.54701,-0.83844,-0.0673798,5883.16,5,2.526,132.575,6112.74,48.1922,6,2,1.0,0.0,0.0,5,0.0,0,True,1746969014.06593,left,False
5879,1746969105.553625,191.621,0.25569,-3.61371,-0.833123,-0.067293,5885.22,5,2.548,133.743,6113.91,48.1919,6,2,1.0,0.0,0.0,5,0.0,0,True,1746969014.06593,left,False
5880,1746969105.573581,191.702,0.455194,-3.67062,-0.827726,-0.0672254,5887.05,5,2.57,134.912,6115.08,48.1915,6,2,1.0,0.0,0.0,5,0.0,0,True,1746969014.06593,left,False
5881,1746969105.5970886,191.785,0.637864,-3.71601,-0.822254,-0.0671813,5887.56,5,2.592,136.081,6116.25,48.1912,6,2,1.0,0.0,0.0,5,0.0,0,True,1746969014.06593,left,False
5882,1746969105.6171076,191.865,0.804636,-3.76464,-0.816712,-0.067163,5890.08,5,2.614,137.25,6117.42,48.1908,6,2,1.0,0.0,0.0,5,0.0,0,True,1746969014.06593,left,False
5883,1746969105.6400898,191.946,0.955359,-3.80281,-0.811103,-0.0671747,5891.67,5,2.636,138.42,6118.59,48.1905,6,2,1.0,0.0,0.0,5,0.0,0,True,1746969014.06593,left,False
5884,1746969105.6633458,192.027,1.09047,-3.84079,-0.805433,-0.067218,5893.42,5,2.658,139.59,6119.76,48.1902,6,2,1.0,0.0,0.0,5,0.0,0,True,1746969014.06593,left,False
5885,1746969105.6835806,192.107,1.2113,-3.8714,-0.799704,-0.0672926,5895.63,5,2.68,140.761,6120.93,48.1898,6,2,1.0,0.0,0.0,5,0.0,0,True,1746969014.06593,left,False
5886,1746969105.7066805,192.188,1.31826,-3.89996,-0.79392,-0.0674012,5897.4,5,2.702,141.932,6122.1,48.1895,6,2,1.0,0.0,0.0,5,0.0,0,True,1746969014.06593,left,False
5887,1746969105.728978,192.268,1.41233,-3.93158,-0.788083,-0.0675415,5900.04,5,2.724,143.103,6123.27,48.1892,6,2,1.0,0.0,0.0,5,0.0,0,True,1746969014.06593,left,False
5888,1746969105.749725,192.349,1.49372,-3.95044,-0.782197,-0.0677149,5901.09,5,2.746,144.275,6124.44,48.1888,6,2,1.0,0.0,0.0,5,0.0,0,True,1746969014.06593,left,False
5889,1746969105.7733986,192.428,1.56492,-3.97972,-0.776263,-0.0679203,5904.28,5,2.768,145.447,6125.62,48.1885,6,2,1.0,0.0,0.0,5,0.0,0,True,1746969014.06593,left,False
5890,1746969105.7942958,192.509,1.62465,-3.99547,-0.770283,-0.068156,5906.55,5,2.79,146.62,6126.79,48.1882,6,2,1.0,0.0,0.0,5,0.0,0,True,1746969014.06593,left,False
5891,1746969105.8154945,192.589,1.67604,-4.01629,-0.76426,-0.0684208,5909.28,5,2.812,147.794,6127.96,48.1878,6,2,1.0,0.0,0.0,5,0.0,0,True,1746969014.06593,left,False
5892,1746969105.8375337,192.668,1.71949,-4.04769,-0.758193,-0.0687143,5912.27,5,2.834,148.967,6129.13,48.1875,6,2,1.0,0.0,0.0,5,0.0,0,True,1746969014.06593,left,False
5893,1746969105.8617365,192.749,1.75353,-4.06427,-0.752084,-0.0690363,5913.71,5,2.856,150.141,6130.31,48.1872,6,2,1.0,0.0,0.0,5,0.0,0,True,1746969014.06593,left,False
5894,1746969105.885091,192.83,1.78089,-4.08371,-0.745935,-0.0693813,5914.86,5,2.878,151.316,6131.48,48.1868,6,2,1.0,0.0,0.0,5,0.0,0,True,1746969014.06593,left,False
5895,1746969105.9052896,192.91,1.80366,-4.09639,-0.739745,-0.0697446,5917.01,5,2.9,152.491,6132.66,48.1865,6,2,1.0,0.0,0.0,5,0.0,0,True,1746969014.06593,left,False
5896,1746969105.9278526,192.99,1.82106,-4.11597,-0.733516,-0.0701281,5919.84,5,2.922,153.667,6133.83,48.1861,6,2,1.0,0.0,0.0,5,0.0,0,True,1746969014.06593,left,False
5897,1746969105.9477422,193.069,1.83438,-4.13726,-0.727248,-0.0705292,5922.93,5,2.944,154.843,6135.01,48.1858,6,2,1.0,0.0,0.0,5,0.0,0,True,1746969014.06593,left,False
5898,1746969105.970439,193.149,1.84387,-4.15942,-0.720942,-0.070947,5926.14,5,2.966,156.019,6136.19,48.1855,6,2,1.0,0.0,0.0,5,0.0,0,True,1746969014.06593,left,False
5899,1746969105.9920964,193.229,1.84989,-4.18323,-0.714596,-0.0713798,5928.11,5,2.988,157.196,6137.36,48.1851,6,2,1.0,0.0,0.0,5,0.0,0,True,1746969014.06593,left,False
5900,1746969106.0135877,193.309,1.85318,-4.20664,-0.708212,-0.0718254,5930.3,5,3.01,158.373,6138.54,48.1848,6,2,1.0,0.0,0.0,5,0.0,0,True,1746969014.06593,left,False
5901,1746969106.039278,193.39,1.85356,-4.22578,-0.70179,-0.0722843,5932.08,5,3.032,159.551,6139.72,48.1845,6,2,1.0,0.0,0.0,5,0.0,0,True,1746969014.06593,left,False
5902,1746969106.0575957,193.469,1.85257,-4.25042,-0.695328,-0.0727538,5935.59,5,3.054,160.729,6140.9,48.1841,6,2,1.0,0.0,0.0,5,0.0,0,True,1746969014.06593,left,False
5903,1746969106.082209,193.549,1.84954,-4.27672,-0.688828,-0.0732342,5937.38,5,3.076,161.908,6142.08,48.1838,6,2,1.0,0.0,0.0,5,0.0,0,True,1746969014.06593,left,False
5904,1746969106.1035917,193.63,1.84479,-4.29739,-0.682289,-0.0737223,5939.43,5,3.098,163.087,6143.25,48.1835,6,2,1.0,0.0,0.0,5,0.0,0,True,1746969014.06593,left,False
5905,1746969106.1276493,193.709,1.83946,-4.32651,-0.675712,-0.0742176,5942.12,5,3.12,164.266,6144.43,48.1831,6,2,1.0,0.0,0.0,5,0.0,0,True,1746969014.06593,left,False
5906,1746969106.1476777,193.789,1.83348,-4.35318,-0.669094,-0.0747187,5944.52,5,3.142,165.446,6145.61,48.1828,6,2,1.0,0.0,0.0,5,0.0,0,True,1746969014.06593,left,False
5907,1746969106.168098,193.869,1.82694,-4.38009,-0.662438,-0.0752247,5946.86,5,3.164,166.626,6146.79,48.1825,6,2,1.0,0.0,0.0,5,0.0,0,True,1746969014.06593,left,False
5908,1746969106.1920202,193.949,1.81994,-4.40673,-0.655742,-0.0757358,5948.87,5,3.186,167.807,6147.97,48.1821,6,2,1.0,0.0,0.0,5,0.0,0,True,1746969014.06593,left,False
5909,1746969106.212557,194.028,1.81289,-4.4344,-0.649006,-0.0762498,5951.82,5,3.208,168.989,6149.16,48.1818,6,2,1.0,0.0,0.0,5,0.0,0,True,1746969014.06593,left,False
5910,1746969106.2346785,194.109,1.80552,-4.46359,-0.642229,-0.0767658,5954.22,5,3.23,170.17,6150.34,48.1814,6,2,1.0,0.0,0.0,5,0.0,0,True,1746969014.06593,left,False
5911,1746969106.2553058,194.189,1.79812,-4.48744,-0.635413,-0.0772851,5955.77,5,3.252,171.352,6151.52,48.1811,6,2,1.0,0.0,0.0,5,0.0,0,True,1746969014.06593,left,False
5912,1746969106.278929,194.269,1.7905,-4.51637,-0.628556,-0.0778059,5957.98,5,3.274,172.535,6152.7,48.1808,6,2,1.0,0.0,0.0,5,0.0,0,True,1746969014.06593,left,False
5913,1746969106.2998435,194.348,1.78394,-4.54782,-0.621658,-0.078328,5961.21,5,3.296,173.718,6153.89,48.1804,6,2,1.0,0.0,0.0,5,0.0,0,True,1746969014.06593,left,False
5914,1746969106.3216796,194.428,1.777,-4.57039,-0.614719,-0.0788506,5963.44,5,3.318,174.901,6155.07,48.1801,6,2,1.0,0.0,0.0,5,0.0,0,True,1746969014.06593,left,False
5915,1746969106.3453307,194.508,1.7706,-4.60052,-0.607739,-0.0793738,5965.81,5,3.34,176.085,6156.25,48.1798,6,2,1.0,0.0,0.0,5,0.0,0,True,1746969014.06593,left,False
5916,1746969106.366307,194.588,1.7647,-4.62933,-0.600718,-0.0798964,5967.82,5,3.362,177.269,6157.44,48.1794,6,2,1.0,0.0,0.0,5,0.0,0,True,1746969014.06593,left,False
5917,1746969106.3881106,194.667,1.75937,-4.65861,-0.593655,-0.0804195,5970.55,5,3.384,178.454,6158.62,48.1791,6,2,1.0,0.0,0.0,5,0.0,0,True,1746969014.06593,left,False
5918,1746969106.412762,194.747,1.7539,-4.68095,-0.586551,-0.0809413,5972.98,5,3.406,179.639,6159.81,48.1788,6,2,1.0,0.0,0.0,5,0.0,0,True,1746969014.06593,left,False
5919,1746969106.4314675,194.827,1.7492,-4.71179,-0.579404,-0.081464,5975.12,5,3.428,180.825,6160.99,48.1784,6,2,1.0,0.0,0.0,5,0.0,0,True,1746969014.06593,left,False
5920,1746969106.4547164,194.906,1.74489,-4.73731,-0.572216,-0.0819849,5977.7,5,3.45,182.011,6162.18,48.1781,6,2,1.0,0.0,0.0,5,0.0,0,True,1746969014.06593,left,False
5921,1746969106.4761827,194.986,1.74125,-4.76388,-0.564985,-0.0825027,5979.71,5,3.472,183.197,6163.36,48.1778,6,2,1.0,0.0,0.0,5,0.0,0,True,1746969014.06593,left,False
5922,1746969106.4972336,195.065,1.73789,-4.79747,-0.557712,-0.0830246,5983.52,5,3.494,184.384,6164.55,48.1774,6,2,1.0,0.0,0.0,5,0.0,0,True,1746969014.06593,left,False
5923,1746969106.520982,195.144,1.73474,-4.83407,-0.550397,-0.0835472,5986.19,5,3.516,185.572,6165.74,48.1771,6,2,1.0,0.0,0.0,5,0.0,0,True,1746969014.06593,left,False
5924,1746969106.5436594,195.225,1.73143,-4.86331,-0.543039,-0.0840663,5987.15,5,3.538,186.759,6166.93,48.1768,6,2,1.0,0.0,0.0,5,0.0,0,True,1746969014.06593,left,False
5925,1746969106.5634787,195.305,1.72965,-4.89142,-0.535638,-0.0845802,5989.6,5,3.56,187.948,6168.11,48.1764,6,2,1.0,0.0,0.0,5,0.0,0,True,1746969014.06593,left,False
5926,1746969106.5852044,195.384,1.72845,-4.91673,-0.528194,-0.0850902,5991.69,5,3.582,189.136,6169.3,48.1761,6,2,1.0,0.0,0.0,5,0.0,0,True,1746969014.06593,left,False
5927,1746969106.6089542,195.464,1.72732,-4.94143,-0.520708,-0.0855987,5993.57,5,3.604,190.325,6170.49,48.1757,6,2,1.0,0.0,0.0,5,0.0,0,True,1746969014.06593,left,False
5928,1746969106.6289167,195.543,1.726,-4.96281,-0.513179,-0.0861089,5996.31,5,3.626,191.515,6171.68,48.1754,6,2,1.0,0.0,0.0,5,0.0,0,True,1746969014.06593,left,False
5929,1746969106.6539264,195.623,1.72499,-4.99271,-0.505607,-0.0866199,5998.8,5,3.648,192.704,6172.87,48.1751,6,2,1.0,0.0,0.0,5,0.0,0,True,1746969014.06593,left,False
5930,1746969106.6738226,195.702,1.72377,-5.02191,-0.497993,-0.0871307,6001.66,5,3.67,193.895,6174.06,48.1747,6,2,1.0,0.0,0.0,5,0.0,0,True,1746969014.06593,left,False
5931,1746969106.6959784,195.781,1.72272,-5.04436,-0.490335,-0.0876416,6003.22,5,3.692,195.086,6175.25,48.1744,6,2,1.0,0.0,0.0,5,0.0,0,True,1746969014.06593,left,False
5932,1746969106.7199945,195.86,1.72173,-5.07007,-0.482635,-0.0881522,6006.06,5,3.714,196.277,6176.44,48.1741,6,2,1.0,0.0,0.0,5,0.0,0,True,1746969014.06593,left,False
5933,1746969106.7397215,195.94,1.72106,-5.1012,-0.474891,-0.0886621,6007.83,5,3.736,197.468,6177.64,48.1737,6,2,1.0,0.0,0.0,5,0.0,0,True,1746969014.06593,left,False
5934,1746969106.762592,196.02,1.72072,-5.12845,-0.467104,-0.0891715,6009.87,5,3.758,198.66,6178.83,48.1734,6,2,1.0,0.0,0.0,5,0.0,0,True,1746969014.06593,left,False
5935,1746969106.787019,196.099,1.72051,-5.15741,-0.459275,-0.089679,6012.85,5,3.78,199.853,6180.02,48.1731,6,2,1.0,0.0,0.0,5,0.0,0,True,1746969014.06593,left,False
5936,1746969106.8074963,196.178,1.72043,-5.18382,-0.451402,-0.0901867,6014.82,5,3.802,201.046,6181.21,48.1727,6,2,1.0,0.0,0.0,5,0.0,0,True,1746969014.06593,left,False
5937,1746969106.8274586,196.257,1.72089,-5.21914,-0.443485,-0.0906936,6019.03,5,3.824,202.239,6182.41,48.1724,6,2,1.0,0.0,0.0,5,0.0,0,True,1746969014.06593,left,False
5938,1746969106.8519027,196.338,1.7203,-5.24284,-0.435526,-0.0911999,6019.3,5,3.846,203.433,6183.6,48.1721,6,2,1.0,0.0,0.0,5,0.0,0,True,1746969014.06593,left,False
5939,1746969106.8712416,196.416,1.72054,-5.26774,-0.427523,-0.0917055,6022.22,5,3.868,204.627,6184.79,48.1717,6,2,1.0,0.0,0.0,5,0.0,0,True,1746969014.06593,left,False
5940,1746969106.8939426,196.496,1.72135,-5.29964,-0.419477,-0.0922092,6024.08,5,3.89,205.821,6185.99,48.1714,6,2,1.0,0.0,0.0,5,0.0,0,True,1746969014.06593,left,False
5941,1746969106.9158218,196.574,1.72173,-5.32586,-0.411387,-0.0927124,6027.26,5,3.912,207.016,6187.18,48.171,6,2,1.0,0.0,0.0,5,0.0,0,True,1746969014.06593,left,False
5942,1746969106.9379725,196.653,1.72246,-5.36039,-0.403254,-0.093217,6030.12,5,3.934,208.212,6188.38,48.1707,6,2,1.0,0.0,0.0,5,0.0,0,True,1746969014.06593,left,False
5943,1746969106.9598372,196.733,1.72282,-5.38584,-0.395078,-0.0937216,6031.92,5,3.956,209.407,6189.57,48.1704,6,2,1.0,0.0,0.0,5,0.0,0,True,1746969014.06593,left,False
5944,1746969106.9822989,196.812,1.7239,-5.41936,-0.386858,-0.0942245,6034.22,5,3.978,210.604,6190.77,48.17,6,2,1.0,0.0,0.0,5,0.0,0,True,1746969014.06593,left,False
5945,1746969107.0064106,196.891,1.72461,-5.45037,-0.378595,-0.0947274,6037.01,5,4,211.8,6191.97,48.1697,6,2,1.0,0.0,0.0,5,0.0,0,True,1746969014.06593,left,False
5946,1746969107.0275128,196.97,1.72523,-5.47655,-0.370288,-0.0952299,6038.65,5,4.022,212.997,6193.17,48.1694,6,2,1.0,0.0,0.0,5,0.0,0,True,1746969014.06593,left,False
5947,1746969107.0808322,197.05,1.72594,-5.50461,-0.361938,-0.0957298,6040.08,5,4.044,214.195,6194.36,48.169,6,2,1.0,0.0,0.0,5,0.0,0,True,1746969014.06593,left,False
5948,1746969107.0838442,197.129,1.72671,-5.53434,-0.353545,-0.0962299,6043.07,5,4.066,215.393,6195.56,48.1687,6,2,1.0,0.0,0.0,5,0.0,0,True,1746969014.06593,left,False
5949,1746969107.0929577,197.207,1.72846,-5.56684,-0.345108,-0.0967283,6046.66,5,4.088,216.591,6196.76,48.1684,6,2,1.0,0.0,0.0,5,0.0,0,True,1746969014.06593,left,False
5950,1746969107.11802,197.287,1.72932,-5.59279,-0.336628,-0.097226,6047.6,5,4.11,217.79,6197.96,48.168,6,2,1.0,0.0,0.0,5,0.0,0,True,1746969014.06593,left,False
5951,1746969107.1392198,197.366,1.72989,-5.61665,-0.328104,-0.0977249,6049.59,5,4.132,218.989,6199.16,48.1677,6,2,1.0,0.0,0.0,5,0.0,0,True,1746969014.06593,left,False
5952,1746969107.1582153,197.445,1.73122,-5.64839,-0.319537,-0.098223,6052.17,5,4.154,220.189,6200.36,48.1674,6,2,1.0,0.0,0.0,5,0.0,0,True,1746969014.06593,left,False
